IdPartido,Fecha,Equipo_local,Equipo_visitante,Local,Equipo,personId,firstName,lastName,Dorsal,Periodo,Tipo,Resultado,Zona,x,y
130879,01/06/2026,USA,ARG,True,USA,410523,Colben,Landrew,7,1,TIRO3,CONVERTIDO,,183,173
130879,01/06/2026,USA,ARG,False,ARG,398746,Roman,Moravansky,11,1,TIRO3,FALLADO,,28,111
130879,01/06/2026,USA,ARG,True,USA,416446,Adan,Diggs,10,1,TIRO2,FALLADO,,199,120
130879,01/06/2026,USA,ARG,False,ARG,408871,Manuel,Hernandez,4,1,TIRO1,CONVERTIDO,,0,0
130879,01/06/2026,USA,ARG,False,ARG,408871,Manuel,Hernandez,4,1,TIRO1,FALLADO,,0,0
130879,01/06/2026,USA,ARG,False,ARG,408871,Manuel,Hernandez,4,1,TIRO1,FALLADO,,0,0
130879,01/06/2026,USA,ARG,False,ARG,362126,Benjamin,Pettovello,32,1,TIRO2,CONVERTIDO,,197,20
130879,01/06/2026,USA,ARG,True,USA,341544,Caleb,Gaskins,12,1,TIRO3,CONVERTIDO,,5,31
130879,01/06/2026,USA,ARG,False,ARG,409151,Santiago,Pettinaroli,14,1,TIRO2,CONVERTIDO,,125,42
130879,01/06/2026,USA,ARG,True,USA,416446,Adan,Diggs,10,1,TIRO2,CONVERTIDO,,127,27
130879,01/06/2026,USA,ARG,True,USA,369232,Taylen,Kinney,4,1,TIRO2,CONVERTIDO,,161,36
130879,01/06/2026,USA,ARG,True,USA,369232,Taylen,Kinney,4,1,TIRO1,FALLADO,,0,0
130879,01/06/2026,USA,ARG,False,ARG,409151,Santiago,Pettinaroli,14,1,TIRO2,FALLADO,,128,38
130879,01/06/2026,USA,ARG,False,ARG,409151,Santiago,Pettinaroli,14,1,TIRO2,CONVERTIDO,,139,24
130879,01/06/2026,USA,ARG,True,USA,416558,Quentin,Coleman,11,1,TIRO3,FALLADO,,48,131
130879,01/06/2026,USA,ARG,False,ARG,409021,Elias,Torrens,7,1,TIRO2,FALLADO,,114,41
130879,01/06/2026,USA,ARG,True,USA,341544,Caleb,Gaskins,12,1,TIRO2,FALLADO,,156,34
130879,01/06/2026,USA,ARG,True,USA,416558,Quentin,Coleman,11,1,TIRO2,CONVERTIDO,,140,31
130879,01/06/2026,USA,ARG,False,ARG,408860,Mateo,Fessia,12,1,TIRO2,FALLADO,,127,35
130879,01/06/2026,USA,ARG,False,ARG,409021,Elias,Torrens,7,1,TIRO1,FALLADO,,0,0
130879,01/06/2026,USA,ARG,False,ARG,409021,Elias,Torrens,7,1,TIRO1,CONVERTIDO,,0,0
130879,01/06/2026,USA,ARG,True,USA,410509,Bruce,Branch III,8,1,TIRO2,FALLADO,,240,39
130879,01/06/2026,USA,ARG,True,USA,416558,Quentin,Coleman,11,1,TIRO2,CONVERTIDO,,150,40
130879,01/06/2026,USA,ARG,False,ARG,409021,Elias,Torrens,7,1,TIRO2,FALLADO,,128,30
130879,01/06/2026,USA,ARG,True,USA,416558,Quentin,Coleman,11,1,TIRO2,FALLADO,,127,30
130879,01/06/2026,USA,ARG,True,USA,416453,Malachi,Jordan,5,1,TIRO2,FALLADO,,140,31
130879,01/06/2026,USA,ARG,True,USA,410530,Darius,Wabbington,13,1,TIRO2,FALLADO,,132,44
130879,01/06/2026,USA,ARG,True,USA,410509,Bruce,Branch III,8,1,TIRO1,FALLADO,,0,0
130879,01/06/2026,USA,ARG,True,USA,410509,Bruce,Branch III,8,1,TIRO1,FALLADO,,0,0
130879,01/06/2026,USA,ARG,True,USA,410509,Bruce,Branch III,8,1,TIRO2,CONVERTIDO,,154,45
130879,01/06/2026,USA,ARG,False,ARG,408857,Joaquin,Caumo,10,1,TIRO3,FALLADO,,87,181
130879,01/06/2026,USA,ARG,False,ARG,408857,Joaquin,Caumo,10,1,TIRO3,FALLADO,,7,19
130879,01/06/2026,USA,ARG,True,USA,416558,Quentin,Coleman,11,1,TIRO2,CONVERTIDO,,138,23
130879,01/06/2026,USA,ARG,False,ARG,362126,Benjamin,Pettovello,32,1,TIRO2,FALLADO,,137,71
130879,01/06/2026,USA,ARG,True,USA,416447,Demarcus,Henry,14,1,TIRO1,FALLADO,,0,0
130879,01/06/2026,USA,ARG,True,USA,416447,Demarcus,Henry,14,1,TIRO1,FALLADO,,0,0
130879,01/06/2026,USA,ARG,True,USA,369232,Taylen,Kinney,4,1,TIRO2,CONVERTIDO,,128,33
130879,01/06/2026,USA,ARG,False,ARG,408872,Bautista,Gobetti,6,1,TIRO2,FALLADO,,248,19
130879,01/06/2026,USA,ARG,False,ARG,408857,Joaquin,Caumo,10,1,TIRO3,CONVERTIDO,,7,61
130879,01/06/2026,USA,ARG,True,USA,416558,Quentin,Coleman,11,1,TIRO3,CONVERTIDO,,223,159
130879,01/06/2026,USA,ARG,False,ARG,409151,Santiago,Pettinaroli,14,1,TIRO2,FALLADO,,138,51
130879,01/06/2026,USA,ARG,True,USA,416519,Jasiah,Jervis,9,1,TIRO3,FALLADO,,264,81
130879,01/06/2026,USA,ARG,False,ARG,408857,Joaquin,Caumo,10,1,TIRO3,FALLADO,,207,165
130879,01/06/2026,USA,ARG,False,ARG,408870,Gonzalo,Aman,8,2,TIRO2,FALLADO,,126,40
130879,01/06/2026,USA,ARG,True,USA,341544,Caleb,Gaskins,12,2,TIRO3,FALLADO,,41,127
130879,01/06/2026,USA,ARG,True,USA,410523,Colben,Landrew,7,2,TIRO2,FALLADO,,151,44
130879,01/06/2026,USA,ARG,True,USA,369232,Taylen,Kinney,4,2,TIRO3,FALLADO,,8,72
130879,01/06/2026,USA,ARG,False,ARG,408871,Manuel,Hernandez,4,2,TIRO2,FALLADO,,132,117
130879,01/06/2026,USA,ARG,True,USA,410523,Colben,Landrew,7,2,TIRO1,FALLADO,,0,0
130879,01/06/2026,USA,ARG,True,USA,410523,Colben,Landrew,7,2,TIRO1,CONVERTIDO,,0,0
130879,01/06/2026,USA,ARG,False,ARG,409151,Santiago,Pettinaroli,14,2,TIRO2,FALLADO,,82,16
130879,01/06/2026,USA,ARG,True,USA,341544,Caleb,Gaskins,12,2,TIRO2,FALLADO,,104,29
130879,01/06/2026,USA,ARG,False,ARG,408870,Gonzalo,Aman,8,2,TIRO2,CONVERTIDO,,161,35
130879,01/06/2026,USA,ARG,True,USA,410523,Colben,Landrew,7,2,TIRO3,CONVERTIDO,,5,27
130879,01/06/2026,USA,ARG,False,ARG,408871,Manuel,Hernandez,4,2,TIRO3,CONVERTIDO,,40,126
130879,01/06/2026,USA,ARG,False,ARG,409151,Santiago,Pettinaroli,14,2,TIRO3,CONVERTIDO,,11,89
130879,01/06/2026,USA,ARG,True,USA,369232,Taylen,Kinney,4,2,TIRO3,FALLADO,,128,174
130879,01/06/2026,USA,ARG,False,ARG,408871,Manuel,Hernandez,4,2,TIRO3,CONVERTIDO,,34,143
130879,01/06/2026,USA,ARG,True,USA,416446,Adan,Diggs,10,2,TIRO3,CONVERTIDO,,173,168
130879,01/06/2026,USA,ARG,True,USA,416453,Malachi,Jordan,5,2,TIRO2,FALLADO,,151,34
130879,01/06/2026,USA,ARG,True,USA,410526,Davion,Thompson,6,2,TIRO1,FALLADO,,0,0
130879,01/06/2026,USA,ARG,True,USA,410526,Davion,Thompson,6,2,TIRO1,CONVERTIDO,,0,0
130879,01/06/2026,USA,ARG,True,USA,416453,Malachi,Jordan,5,2,TIRO2,FALLADO,,156,40
130879,01/06/2026,USA,ARG,True,USA,416453,Malachi,Jordan,5,2,TIRO2,FALLADO,,140,31
130879,01/06/2026,USA,ARG,False,ARG,408871,Manuel,Hernandez,4,2,TIRO3,FALLADO,,235,133
130879,01/06/2026,USA,ARG,True,USA,410509,Bruce,Branch III,8,2,TIRO2,CONVERTIDO,,151,41
130879,01/06/2026,USA,ARG,True,USA,410509,Bruce,Branch III,8,2,TIRO1,CONVERTIDO,,0,0
130879,01/06/2026,USA,ARG,False,ARG,398746,Roman,Moravansky,11,2,TIRO2,CONVERTIDO,,134,33
130879,01/06/2026,USA,ARG,True,USA,416453,Malachi,Jordan,5,2,TIRO3,FALLADO,,28,111
130879,01/06/2026,USA,ARG,False,ARG,409023,Joaquin,Celiz,9,2,TIRO3,FALLADO,,205,173
130879,01/06/2026,USA,ARG,False,ARG,408872,Bautista,Gobetti,6,2,TIRO2,CONVERTIDO,,125,33
130879,01/06/2026,USA,ARG,True,USA,410526,Davion,Thompson,6,2,TIRO3,CONVERTIDO,,252,108
130879,01/06/2026,USA,ARG,True,USA,416558,Quentin,Coleman,11,2,TIRO2,FALLADO,,130,31
130879,01/06/2026,USA,ARG,False,ARG,408872,Bautista,Gobetti,6,2,TIRO3,FALLADO,,210,143
130879,01/06/2026,USA,ARG,False,ARG,408857,Joaquin,Caumo,10,2,TIRO3,FALLADO,,245,117
130879,01/06/2026,USA,ARG,False,ARG,408857,Joaquin,Caumo,10,2,TIRO2,FALLADO,,210,60
130879,01/06/2026,USA,ARG,True,USA,410523,Colben,Landrew,7,2,TIRO1,FALLADO,,0,0
130879,01/06/2026,USA,ARG,True,USA,410523,Colben,Landrew,7,2,TIRO1,CONVERTIDO,,0,0
130879,01/06/2026,USA,ARG,False,ARG,409021,Elias,Torrens,7,2,TIRO2,FALLADO,,140,47
130879,01/06/2026,USA,ARG,True,USA,416460,Ethan,Taylor,15,2,TIRO1,CONVERTIDO,,0,0
130879,01/06/2026,USA,ARG,True,USA,416460,Ethan,Taylor,15,2,TIRO1,FALLADO,,0,0
130879,01/06/2026,USA,ARG,True,USA,341544,Caleb,Gaskins,12,2,TIRO2,CONVERTIDO,,152,27
130879,01/06/2026,USA,ARG,True,USA,416558,Quentin,Coleman,11,2,TIRO2,FALLADO,,65,26
130879,01/06/2026,USA,ARG,True,USA,341544,Caleb,Gaskins,12,2,TIRO2,CONVERTIDO,,140,31
130879,01/06/2026,USA,ARG,False,ARG,408857,Joaquin,Caumo,10,2,TIRO3,FALLADO,,255,92
130879,01/06/2026,USA,ARG,True,USA,416460,Ethan,Taylor,15,2,TIRO2,FALLADO,,141,36
130879,01/06/2026,USA,ARG,False,ARG,408857,Joaquin,Caumo,10,2,TIRO2,FALLADO,,125,30
130879,01/06/2026,USA,ARG,True,USA,410523,Colben,Landrew,7,2,TIRO2,FALLADO,,128,27
130879,01/06/2026,USA,ARG,True,USA,416446,Adan,Diggs,10,2,TIRO2,CONVERTIDO,,140,31
130879,01/06/2026,USA,ARG,False,ARG,409023,Joaquin,Celiz,9,2,TIRO2,FALLADO,,154,36
130879,01/06/2026,USA,ARG,True,USA,416446,Adan,Diggs,10,3,TIRO3,FALLADO,,21,88
130879,01/06/2026,USA,ARG,False,ARG,398746,Roman,Moravansky,11,3,TIRO2,FALLADO,,123,21
130879,01/06/2026,USA,ARG,True,USA,410523,Colben,Landrew,7,3,TIRO3,FALLADO,,242,130
130879,01/06/2026,USA,ARG,False,ARG,409151,Santiago,Pettinaroli,14,3,TIRO3,CONVERTIDO,,261,96
130879,01/06/2026,USA,ARG,True,USA,369232,Taylen,Kinney,4,3,TIRO2,FALLADO,,109,86
130879,01/06/2026,USA,ARG,False,ARG,408871,Manuel,Hernandez,4,3,TIRO3,FALLADO,,269,30
130879,01/06/2026,USA,ARG,True,USA,416446,Adan,Diggs,10,3,TIRO3,CONVERTIDO,,177,178
130879,01/06/2026,USA,ARG,False,ARG,408870,Gonzalo,Aman,8,3,TIRO3,CONVERTIDO,,63,151
130879,01/06/2026,USA,ARG,True,USA,416460,Ethan,Taylor,15,3,TIRO2,CONVERTIDO,,134,25
130879,01/06/2026,USA,ARG,False,ARG,409151,Santiago,Pettinaroli,14,3,TIRO2,CONVERTIDO,,157,44
130879,01/06/2026,USA,ARG,False,ARG,408870,Gonzalo,Aman,8,3,TIRO3,FALLADO,,236,132
130879,01/06/2026,USA,ARG,False,ARG,409151,Santiago,Pettinaroli,14,3,TIRO3,CONVERTIDO,,24,111
130879,01/06/2026,USA,ARG,True,USA,410523,Colben,Landrew,7,3,TIRO3,FALLADO,,194,195
130879,01/06/2026,USA,ARG,True,USA,416558,Quentin,Coleman,11,3,TIRO2,FALLADO,,140,31
130879,01/06/2026,USA,ARG,True,USA,410530,Darius,Wabbington,13,3,TIRO2,CONVERTIDO,,147,29
130879,01/06/2026,USA,ARG,True,USA,410530,Darius,Wabbington,13,3,TIRO1,CONVERTIDO,,0,0
130879,01/06/2026,USA,ARG,False,ARG,408871,Manuel,Hernandez,4,3,TIRO2,FALLADO,,162,31
130879,01/06/2026,USA,ARG,True,USA,410530,Darius,Wabbington,13,3,TIRO3,FALLADO,,36,148
130879,01/06/2026,USA,ARG,True,USA,416558,Quentin,Coleman,11,3,TIRO2,FALLADO,,158,33
130879,01/06/2026,USA,ARG,True,USA,416453,Malachi,Jordan,5,3,TIRO1,FALLADO,,0,0
130879,01/06/2026,USA,ARG,True,USA,416453,Malachi,Jordan,5,3,TIRO1,CONVERTIDO,,0,0
130879,01/06/2026,USA,ARG,False,ARG,409151,Santiago,Pettinaroli,14,3,TIRO3,FALLADO,,41,124
130879,01/06/2026,USA,ARG,True,USA,416558,Quentin,Coleman,11,3,TIRO2,FALLADO,,127,37
130879,01/06/2026,USA,ARG,False,ARG,408857,Joaquin,Caumo,10,3,TIRO1,FALLADO,,0,0
130879,01/06/2026,USA,ARG,True,USA,410509,Bruce,Branch III,8,3,TIRO1,FALLADO,,0,0
130879,01/06/2026,USA,ARG,True,USA,410509,Bruce,Branch III,8,3,TIRO1,FALLADO,,0,0
130879,01/06/2026,USA,ARG,False,ARG,387025,Lautaro,Basualdo,1,3,TIRO3,FALLADO,,50,127
130879,01/06/2026,USA,ARG,True,USA,410526,Davion,Thompson,6,3,TIRO2,CONVERTIDO,,118,32
130879,01/06/2026,USA,ARG,False,ARG,362126,Benjamin,Pettovello,32,3,TIRO2,FALLADO,,148,42
130879,01/06/2026,USA,ARG,True,USA,410509,Bruce,Branch III,8,3,TIRO2,CONVERTIDO,,138,31
130879,01/06/2026,USA,ARG,False,ARG,408857,Joaquin,Caumo,10,3,TIRO2,CONVERTIDO,,148,56
130879,01/06/2026,USA,ARG,True,USA,410526,Davion,Thompson,6,3,TIRO1,FALLADO,,0,0
130879,01/06/2026,USA,ARG,True,USA,410526,Davion,Thompson,6,3,TIRO1,CONVERTIDO,,0,0
130879,01/06/2026,USA,ARG,False,ARG,408857,Joaquin,Caumo,10,3,TIRO3,FALLADO,,155,177
130879,01/06/2026,USA,ARG,True,USA,416447,Demarcus,Henry,14,3,TIRO3,FALLADO,,75,188
130879,01/06/2026,USA,ARG,True,USA,416446,Adan,Diggs,10,3,TIRO2,CONVERTIDO,,128,34
130879,01/06/2026,USA,ARG,False,ARG,408857,Joaquin,Caumo,10,3,TIRO3,FALLADO,,266,33
130879,01/06/2026,USA,ARG,False,ARG,408860,Mateo,Fessia,12,3,TIRO2,FALLADO,,159,48
130879,01/06/2026,USA,ARG,False,ARG,362126,Benjamin,Pettovello,32,3,TIRO2,FALLADO,,140,31
130879,01/06/2026,USA,ARG,True,USA,416446,Adan,Diggs,10,3,TIRO3,FALLADO,,211,147
130879,01/06/2026,USA,ARG,True,USA,416460,Ethan,Taylor,15,3,TIRO1,FALLADO,,0,0
130879,01/06/2026,USA,ARG,True,USA,416460,Ethan,Taylor,15,3,TIRO1,FALLADO,,0,0
130879,01/06/2026,USA,ARG,True,USA,341544,Caleb,Gaskins,12,3,TIRO2,CONVERTIDO,,135,38
130879,01/06/2026,USA,ARG,False,ARG,409023,Joaquin,Celiz,9,3,TIRO1,CONVERTIDO,,0,0
130879,01/06/2026,USA,ARG,False,ARG,409023,Joaquin,Celiz,9,3,TIRO1,CONVERTIDO,,0,0
130879,01/06/2026,USA,ARG,True,USA,416519,Jasiah,Jervis,9,3,TIRO3,FALLADO,,115,71
130879,01/06/2026,USA,ARG,False,ARG,409021,Elias,Torrens,7,4,TIRO1,CONVERTIDO,,0,0
130879,01/06/2026,USA,ARG,False,ARG,409021,Elias,Torrens,7,4,TIRO1,FALLADO,,0,0
130879,01/06/2026,USA,ARG,True,USA,410523,Colben,Landrew,7,4,TIRO2,FALLADO,,156,39
130879,01/06/2026,USA,ARG,False,ARG,409021,Elias,Torrens,7,4,TIRO2,FALLADO,,132,24
130879,01/06/2026,USA,ARG,False,ARG,409021,Elias,Torrens,7,4,TIRO2,CONVERTIDO,,153,30
130879,01/06/2026,USA,ARG,False,ARG,409021,Elias,Torrens,7,4,TIRO1,CONVERTIDO,,0,0
130879,01/06/2026,USA,ARG,True,USA,410523,Colben,Landrew,7,4,TIRO3,FALLADO,,132,172
130879,01/06/2026,USA,ARG,False,ARG,398746,Roman,Moravansky,11,4,TIRO2,FALLADO,,132,77
130879,01/06/2026,USA,ARG,True,USA,410523,Colben,Landrew,7,4,TIRO3,FALLADO,,10,16
130879,01/06/2026,USA,ARG,False,ARG,408870,Gonzalo,Aman,8,4,TIRO2,CONVERTIDO,,157,34
130879,01/06/2026,USA,ARG,True,USA,410530,Darius,Wabbington,13,4,TIRO1,CONVERTIDO,,0,0
130879,01/06/2026,USA,ARG,True,USA,410530,Darius,Wabbington,13,4,TIRO1,CONVERTIDO,,0,0
130879,01/06/2026,USA,ARG,False,ARG,408870,Gonzalo,Aman,8,4,TIRO2,FALLADO,,152,47
130879,01/06/2026,USA,ARG,False,ARG,408860,Mateo,Fessia,12,4,TIRO3,FALLADO,,28,110
130879,01/06/2026,USA,ARG,True,USA,369232,Taylen,Kinney,4,4,TIRO2,CONVERTIDO,,117,34
130879,01/06/2026,USA,ARG,False,ARG,408870,Gonzalo,Aman,8,4,TIRO2,CONVERTIDO,,173,109
130879,01/06/2026,USA,ARG,True,USA,341544,Caleb,Gaskins,12,4,TIRO2,CONVERTIDO,,124,46
130879,01/06/2026,USA,ARG,False,ARG,409021,Elias,Torrens,7,4,TIRO2,FALLADO,,138,48
130879,01/06/2026,USA,ARG,True,USA,410530,Darius,Wabbington,13,4,TIRO1,CONVERTIDO,,0,0
130879,01/06/2026,USA,ARG,True,USA,410530,Darius,Wabbington,13,4,TIRO1,CONVERTIDO,,0,0
130879,01/06/2026,USA,ARG,True,USA,416446,Adan,Diggs,10,4,TIRO2,FALLADO,,209,64
130879,01/06/2026,USA,ARG,False,ARG,408857,Joaquin,Caumo,10,4,TIRO3,FALLADO,,67,149
130879,01/06/2026,USA,ARG,True,USA,410526,Davion,Thompson,6,4,TIRO2,CONVERTIDO,,155,23
130879,01/06/2026,USA,ARG,False,ARG,398746,Roman,Moravansky,11,4,TIRO2,FALLADO,,168,53
130879,01/06/2026,USA,ARG,True,USA,416558,Quentin,Coleman,11,4,TIRO2,CONVERTIDO,,126,38
130879,01/06/2026,USA,ARG,True,USA,410526,Davion,Thompson,6,4,TIRO2,FALLADO,,112,33
130879,01/06/2026,USA,ARG,False,ARG,408872,Bautista,Gobetti,6,4,TIRO3,FALLADO,,9,11
130879,01/06/2026,USA,ARG,True,USA,410526,Davion,Thompson,6,4,TIRO3,FALLADO,,40,141
130879,01/06/2026,USA,ARG,True,USA,416447,Demarcus,Henry,14,4,TIRO2,CONVERTIDO,,138,28
130879,01/06/2026,USA,ARG,False,ARG,362126,Benjamin,Pettovello,32,4,TIRO2,CONVERTIDO,,136,49
130879,01/06/2026,USA,ARG,True,USA,416558,Quentin,Coleman,11,4,TIRO3,FALLADO,,152,173
130879,01/06/2026,USA,ARG,False,ARG,362126,Benjamin,Pettovello,32,4,TIRO1,FALLADO,,0,0
130879,01/06/2026,USA,ARG,False,ARG,362126,Benjamin,Pettovello,32,4,TIRO1,CONVERTIDO,,0,0
130879,01/06/2026,USA,ARG,True,USA,410509,Bruce,Branch III,8,4,TIRO3,FALLADO,,267,22
130879,01/06/2026,USA,ARG,True,USA,416519,Jasiah,Jervis,9,4,TIRO3,FALLADO,,270,25
130879,01/06/2026,USA,ARG,False,ARG,409023,Joaquin,Celiz,9,4,TIRO1,FALLADO,,0,0
130879,01/06/2026,USA,ARG,True,USA,416460,Ethan,Taylor,15,4,TIRO1,FALLADO,,0,0
130879,01/06/2026,USA,ARG,True,USA,416460,Ethan,Taylor,15,4,TIRO1,CONVERTIDO,,0,0
130879,01/06/2026,USA,ARG,False,ARG,408857,Joaquin,Caumo,10,4,TIRO2,CONVERTIDO,,123,30
130879,01/06/2026,USA,ARG,True,USA,416453,Malachi,Jordan,5,4,TIRO2,CONVERTIDO,,163,32
130879,01/06/2026,USA,ARG,True,USA,416519,Jasiah,Jervis,9,4,TIRO2,FALLADO,,157,40
130879,01/06/2026,USA,ARG,True,USA,410530,Darius,Wabbington,13,4,TIRO2,CONVERTIDO,,153,37
130879,01/06/2026,USA,ARG,True,USA,410530,Darius,Wabbington,13,4,TIRO1,CONVERTIDO,,0,0
130879,01/06/2026,USA,ARG,False,ARG,409023,Joaquin,Celiz,9,4,TIRO2,CONVERTIDO,,151,33
130879,01/06/2026,USA,ARG,True,USA,410530,Darius,Wabbington,13,4,TIRO2,CONVERTIDO,,152,32
130879,01/06/2026,USA,ARG,True,USA,410526,Davion,Thompson,6,4,TIRO1,CONVERTIDO,,0,0
130879,01/06/2026,USA,ARG,True,USA,410526,Davion,Thompson,6,4,TIRO1,CONVERTIDO,,0,0
130879,01/06/2026,USA,ARG,False,ARG,409023,Joaquin,Celiz,9,4,TIRO3,FALLADO,,73,163
130879,01/06/2026,USA,ARG,True,USA,416447,Demarcus,Henry,14,4,TIRO3,FALLADO,,4,43
130879,01/06/2026,USA,ARG,False,ARG,408871,Manuel,Hernandez,4,4,TIRO2,CONVERTIDO,,159,31
130879,01/06/2026,USA,ARG,True,USA,416453,Malachi,Jordan,5,4,TIRO1,CONVERTIDO,,0,0
130879,01/06/2026,USA,ARG,True,USA,416453,Malachi,Jordan,5,4,TIRO1,FALLADO,,0,0
130879,01/06/2026,USA,ARG,False,ARG,408871,Manuel,Hernandez,4,4,TIRO3,FALLADO,,275,28
130877,01/06/2026,BRA,MEX,True,BRA,330039,Joao,Neves,14,1,TIRO2,CONVERTIDO,,151,35
130877,01/06/2026,BRA,MEX,False,MEX,369235,Adrien,Porras,12,1,TIRO2,FALLADO,,214,38
130877,01/06/2026,BRA,MEX,True,BRA,330047,Pedro,Souza,11,1,TIRO3,CONVERTIDO,,7,32
130877,01/06/2026,BRA,MEX,False,MEX,377100,Ayrton,Vallejo,24,1,TIRO3,FALLADO,,14,84
130877,01/06/2026,BRA,MEX,False,MEX,369235,Adrien,Porras,12,1,TIRO2,CONVERTIDO,,138,37
130877,01/06/2026,BRA,MEX,True,BRA,330047,Pedro,Souza,11,1,TIRO2,FALLADO,,127,49
130877,01/06/2026,BRA,MEX,True,BRA,393861,Michael,Pereira,15,1,TIRO2,FALLADO,,145,50
130877,01/06/2026,BRA,MEX,True,BRA,405101,Pietro,Melo,10,1,TIRO2,CONVERTIDO,,136,40
130877,01/06/2026,BRA,MEX,False,MEX,377234,Yair,Olano,10,1,TIRO2,CONVERTIDO,,144,34
130877,01/06/2026,BRA,MEX,True,BRA,330039,Joao,Neves,14,1,TIRO3,FALLADO,,119,180
130877,01/06/2026,BRA,MEX,True,BRA,330047,Pedro,Souza,11,1,TIRO1,CONVERTIDO,,0,0
130877,01/06/2026,BRA,MEX,True,BRA,330047,Pedro,Souza,11,1,TIRO1,FALLADO,,0,0
130877,01/06/2026,BRA,MEX,True,BRA,405101,Pietro,Melo,10,1,TIRO3,FALLADO,,20,120
130877,01/06/2026,BRA,MEX,True,BRA,330039,Joao,Neves,14,1,TIRO2,CONVERTIDO,,152,30
130877,01/06/2026,BRA,MEX,False,MEX,377234,Yair,Olano,10,1,TIRO2,FALLADO,,182,104
130877,01/06/2026,BRA,MEX,True,BRA,331414,Isaiah,Santos,7,1,TIRO3,FALLADO,,269,43
130877,01/06/2026,BRA,MEX,True,BRA,405101,Pietro,Melo,10,1,TIRO3,FALLADO,,188,164
130877,01/06/2026,BRA,MEX,False,MEX,417033,Pedro,Villanueva,9,1,TIRO2,CONVERTIDO,,146,113
130877,01/06/2026,BRA,MEX,True,BRA,330039,Joao,Neves,14,1,TIRO3,FALLADO,,205,161
130877,01/06/2026,BRA,MEX,True,BRA,405101,Pietro,Melo,10,1,TIRO3,CONVERTIDO,,40,116
130877,01/06/2026,BRA,MEX,True,BRA,330039,Joao,Neves,14,1,TIRO2,CONVERTIDO,,139,29
130877,01/06/2026,BRA,MEX,False,MEX,417033,Pedro,Villanueva,9,1,TIRO2,FALLADO,,222,38
130877,01/06/2026,BRA,MEX,True,BRA,416911,Nicolas,Cunha,3,1,TIRO2,FALLADO,,157,23
130877,01/06/2026,BRA,MEX,True,BRA,393861,Michael,Pereira,15,1,TIRO2,CONVERTIDO,,140,31
130877,01/06/2026,BRA,MEX,True,BRA,416911,Nicolas,Cunha,3,1,TIRO3,FALLADO,,49,132
130877,01/06/2026,BRA,MEX,True,BRA,383772,Bruno,Solano,12,1,TIRO1,FALLADO,,0,0
130877,01/06/2026,BRA,MEX,True,BRA,383772,Bruno,Solano,12,1,TIRO1,FALLADO,,0,0
130877,01/06/2026,BRA,MEX,False,MEX,417033,Pedro,Villanueva,9,1,TIRO2,FALLADO,,147,45
130877,01/06/2026,BRA,MEX,True,BRA,416911,Nicolas,Cunha,3,1,TIRO2,CONVERTIDO,,134,32
130877,01/06/2026,BRA,MEX,False,MEX,417036,Emiliano,Bernal,21,1,TIRO3,FALLADO,,224,148
130877,01/06/2026,BRA,MEX,True,BRA,331414,Isaiah,Santos,7,1,TIRO2,FALLADO,,148,35
130877,01/06/2026,BRA,MEX,False,MEX,416257,Isaiah,Barnes,25,1,TIRO3,FALLADO,,239,146
130877,01/06/2026,BRA,MEX,True,BRA,405101,Pietro,Melo,10,1,TIRO3,FALLADO,,61,157
130877,01/06/2026,BRA,MEX,True,BRA,416911,Nicolas,Cunha,3,1,TIRO2,FALLADO,,147,43
130877,01/06/2026,BRA,MEX,False,MEX,377100,Ayrton,Vallejo,24,1,TIRO2,CONVERTIDO,,138,28
130877,01/06/2026,BRA,MEX,False,MEX,377100,Ayrton,Vallejo,24,1,TIRO3,FALLADO,,62,146
130877,01/06/2026,BRA,MEX,False,MEX,416258,Cisco,Muñoz,0,1,TIRO2,CONVERTIDO,,144,41
130877,01/06/2026,BRA,MEX,True,BRA,383772,Bruno,Solano,12,1,TIRO2,CONVERTIDO,,135,27
130877,01/06/2026,BRA,MEX,True,BRA,405082,Caio,Mathias,2,1,TIRO3,FALLADO,,9,39
130877,01/06/2026,BRA,MEX,True,BRA,375131,Lucas,Moro,8,1,TIRO1,CONVERTIDO,,0,0
130877,01/06/2026,BRA,MEX,True,BRA,375131,Lucas,Moro,8,1,TIRO1,CONVERTIDO,,0,0
130877,01/06/2026,BRA,MEX,False,MEX,377100,Ayrton,Vallejo,24,1,TIRO3,CONVERTIDO,,233,146
130877,01/06/2026,BRA,MEX,True,BRA,416911,Nicolas,Cunha,3,1,TIRO3,FALLADO,,186,170
130877,01/06/2026,BRA,MEX,False,MEX,416258,Cisco,Muñoz,0,1,TIRO2,FALLADO,,143,45
130877,01/06/2026,BRA,MEX,True,BRA,393068,Fernando,Varallo,4,1,TIRO1,FALLADO,,0,0
130877,01/06/2026,BRA,MEX,True,BRA,393068,Fernando,Varallo,4,1,TIRO1,CONVERTIDO,,0,0
130877,01/06/2026,BRA,MEX,False,MEX,417035,Elias,Ramos,14,1,TIRO2,CONVERTIDO,,143,29
130877,01/06/2026,BRA,MEX,True,BRA,375131,Lucas,Moro,8,1,TIRO3,CONVERTIDO,,6,27
130877,01/06/2026,BRA,MEX,False,MEX,417035,Elias,Ramos,14,1,TIRO2,FALLADO,,121,112
130877,01/06/2026,BRA,MEX,False,MEX,416257,Isaiah,Barnes,25,1,TIRO1,CONVERTIDO,,0,0
130877,01/06/2026,BRA,MEX,False,MEX,416257,Isaiah,Barnes,25,1,TIRO1,FALLADO,,0,0
130877,01/06/2026,BRA,MEX,False,MEX,416257,Isaiah,Barnes,25,1,TIRO1,CONVERTIDO,,0,0
130877,01/06/2026,BRA,MEX,False,MEX,416257,Isaiah,Barnes,25,2,TIRO1,FALLADO,,0,0
130877,01/06/2026,BRA,MEX,False,MEX,416257,Isaiah,Barnes,25,2,TIRO1,CONVERTIDO,,0,0
130877,01/06/2026,BRA,MEX,False,MEX,417035,Elias,Ramos,14,2,TIRO3,FALLADO,,114,172
130877,01/06/2026,BRA,MEX,True,BRA,330039,Joao,Neves,14,2,TIRO3,FALLADO,,276,58
130877,01/06/2026,BRA,MEX,False,MEX,416258,Cisco,Muñoz,0,2,TIRO3,FALLADO,,172,165
130877,01/06/2026,BRA,MEX,True,BRA,330047,Pedro,Souza,11,2,TIRO2,CONVERTIDO,,118,111
130877,01/06/2026,BRA,MEX,False,MEX,416257,Isaiah,Barnes,25,2,TIRO3,CONVERTIDO,,210,174
130877,01/06/2026,BRA,MEX,False,MEX,416257,Isaiah,Barnes,25,2,TIRO3,FALLADO,,186,163
130877,01/06/2026,BRA,MEX,True,BRA,405101,Pietro,Melo,10,2,TIRO2,FALLADO,,141,40
130877,01/06/2026,BRA,MEX,False,MEX,416257,Isaiah,Barnes,25,2,TIRO3,FALLADO,,221,152
130877,01/06/2026,BRA,MEX,True,BRA,330047,Pedro,Souza,11,2,TIRO1,FALLADO,,0,0
130877,01/06/2026,BRA,MEX,True,BRA,330047,Pedro,Souza,11,2,TIRO1,CONVERTIDO,,0,0
130877,01/06/2026,BRA,MEX,False,MEX,369235,Adrien,Porras,12,2,TIRO2,FALLADO,,125,42
130877,01/06/2026,BRA,MEX,False,MEX,416257,Isaiah,Barnes,25,2,TIRO2,CONVERTIDO,,142,42
130877,01/06/2026,BRA,MEX,True,BRA,331414,Isaiah,Santos,7,2,TIRO3,FALLADO,,12,83
130877,01/06/2026,BRA,MEX,False,MEX,369235,Adrien,Porras,12,2,TIRO3,FALLADO,,31,124
130877,01/06/2026,BRA,MEX,True,BRA,331414,Isaiah,Santos,7,2,TIRO2,CONVERTIDO,,145,28
130877,01/06/2026,BRA,MEX,False,MEX,416258,Cisco,Muñoz,0,2,TIRO2,FALLADO,,147,127
130877,01/06/2026,BRA,MEX,True,BRA,330047,Pedro,Souza,11,2,TIRO2,FALLADO,,133,35
130877,01/06/2026,BRA,MEX,False,MEX,377100,Ayrton,Vallejo,24,2,TIRO2,CONVERTIDO,,127,34
130877,01/06/2026,BRA,MEX,True,BRA,330039,Joao,Neves,14,2,TIRO3,FALLADO,,5,36
130877,01/06/2026,BRA,MEX,True,BRA,331414,Isaiah,Santos,7,2,TIRO2,CONVERTIDO,,140,31
130877,01/06/2026,BRA,MEX,True,BRA,330047,Pedro,Souza,11,2,TIRO3,FALLADO,,236,142
130877,01/06/2026,BRA,MEX,True,BRA,393861,Michael,Pereira,15,2,TIRO1,FALLADO,,0,0
130877,01/06/2026,BRA,MEX,True,BRA,393861,Michael,Pereira,15,2,TIRO1,FALLADO,,0,0
130877,01/06/2026,BRA,MEX,True,BRA,330047,Pedro,Souza,11,2,TIRO1,FALLADO,,0,0
130877,01/06/2026,BRA,MEX,True,BRA,330047,Pedro,Souza,11,2,TIRO1,CONVERTIDO,,0,0
130877,01/06/2026,BRA,MEX,False,MEX,416257,Isaiah,Barnes,25,2,TIRO2,CONVERTIDO,,142,34
130877,01/06/2026,BRA,MEX,False,MEX,416257,Isaiah,Barnes,25,2,TIRO1,CONVERTIDO,,0,0
130877,01/06/2026,BRA,MEX,True,BRA,330047,Pedro,Souza,11,2,TIRO3,FALLADO,,269,45
130877,01/06/2026,BRA,MEX,False,MEX,416257,Isaiah,Barnes,25,2,TIRO2,CONVERTIDO,,138,32
130877,01/06/2026,BRA,MEX,True,BRA,331414,Isaiah,Santos,7,2,TIRO2,CONVERTIDO,,145,31
130877,01/06/2026,BRA,MEX,True,BRA,331414,Isaiah,Santos,7,2,TIRO1,CONVERTIDO,,0,0
130877,01/06/2026,BRA,MEX,False,MEX,417033,Pedro,Villanueva,9,2,TIRO2,FALLADO,,143,38
130877,01/06/2026,BRA,MEX,False,MEX,416181,Andre,Alvarez,6,2,TIRO2,FALLADO,,128,38
130877,01/06/2026,BRA,MEX,True,BRA,330039,Joao,Neves,14,2,TIRO3,FALLADO,,77,155
130877,01/06/2026,BRA,MEX,True,BRA,393068,Fernando,Varallo,4,2,TIRO2,FALLADO,,147,39
130877,01/06/2026,BRA,MEX,False,MEX,416257,Isaiah,Barnes,25,2,TIRO2,FALLADO,,134,41
130877,01/06/2026,BRA,MEX,False,MEX,416257,Isaiah,Barnes,25,2,TIRO2,CONVERTIDO,,140,31
130877,01/06/2026,BRA,MEX,True,BRA,331414,Isaiah,Santos,7,2,TIRO1,FALLADO,,0,0
130877,01/06/2026,BRA,MEX,True,BRA,331414,Isaiah,Santos,7,2,TIRO1,CONVERTIDO,,0,0
130877,01/06/2026,BRA,MEX,False,MEX,416257,Isaiah,Barnes,25,2,TIRO3,FALLADO,,168,184
130877,01/06/2026,BRA,MEX,False,MEX,416257,Isaiah,Barnes,25,2,TIRO2,CONVERTIDO,,139,32
130877,01/06/2026,BRA,MEX,True,BRA,416911,Nicolas,Cunha,3,2,TIRO3,FALLADO,,6,39
130877,01/06/2026,BRA,MEX,False,MEX,417033,Pedro,Villanueva,9,2,TIRO2,FALLADO,,189,113
130877,01/06/2026,BRA,MEX,True,BRA,393068,Fernando,Varallo,4,2,TIRO2,CONVERTIDO,,141,36
130877,01/06/2026,BRA,MEX,False,MEX,416129,Juan,Escalante,5,2,TIRO2,FALLADO,,139,138
130877,01/06/2026,BRA,MEX,False,MEX,416257,Isaiah,Barnes,25,2,TIRO2,FALLADO,,141,34
130877,01/06/2026,BRA,MEX,False,MEX,416257,Isaiah,Barnes,25,2,TIRO2,CONVERTIDO,,130,29
130877,01/06/2026,BRA,MEX,True,BRA,405101,Pietro,Melo,10,2,TIRO3,FALLADO,,50,148
130877,01/06/2026,BRA,MEX,True,BRA,405101,Pietro,Melo,10,2,TIRO1,FALLADO,,0,0
130877,01/06/2026,BRA,MEX,True,BRA,405101,Pietro,Melo,10,2,TIRO1,CONVERTIDO,,0,0
130877,01/06/2026,BRA,MEX,False,MEX,417033,Pedro,Villanueva,9,2,TIRO2,FALLADO,,115,86
130877,01/06/2026,BRA,MEX,True,BRA,393861,Michael,Pereira,15,3,TIRO2,FALLADO,,144,26
130877,01/06/2026,BRA,MEX,False,MEX,417033,Pedro,Villanueva,9,3,TIRO2,CONVERTIDO,,136,34
130877,01/06/2026,BRA,MEX,True,BRA,330039,Joao,Neves,14,3,TIRO3,CONVERTIDO,,272,29
130877,01/06/2026,BRA,MEX,False,MEX,416258,Cisco,Muñoz,0,3,TIRO2,CONVERTIDO,,156,28
130877,01/06/2026,BRA,MEX,False,MEX,416258,Cisco,Muñoz,0,3,TIRO1,FALLADO,,0,0
130877,01/06/2026,BRA,MEX,True,BRA,405101,Pietro,Melo,10,3,TIRO2,FALLADO,,135,25
130877,01/06/2026,BRA,MEX,False,MEX,416258,Cisco,Muñoz,0,3,TIRO2,FALLADO,,149,23
130877,01/06/2026,BRA,MEX,True,BRA,330047,Pedro,Souza,11,3,TIRO2,CONVERTIDO,,134,39
130877,01/06/2026,BRA,MEX,False,MEX,417033,Pedro,Villanueva,9,3,TIRO2,FALLADO,,142,41
130877,01/06/2026,BRA,MEX,True,BRA,405101,Pietro,Melo,10,3,TIRO3,FALLADO,,11,64
130877,01/06/2026,BRA,MEX,True,BRA,331414,Isaiah,Santos,7,3,TIRO2,CONVERTIDO,,141,37
130877,01/06/2026,BRA,MEX,False,MEX,416258,Cisco,Muñoz,0,3,TIRO3,FALLADO,,55,145
130877,01/06/2026,BRA,MEX,True,BRA,331414,Isaiah,Santos,7,3,TIRO2,CONVERTIDO,,128,34
130877,01/06/2026,BRA,MEX,True,BRA,331414,Isaiah,Santos,7,3,TIRO3,FALLADO,,17,87
130877,01/06/2026,BRA,MEX,False,MEX,415754,Maximo,Felix,7,3,TIRO2,FALLADO,,165,44
130877,01/06/2026,BRA,MEX,False,MEX,377100,Ayrton,Vallejo,24,3,TIRO2,CONVERTIDO,,139,28
130877,01/06/2026,BRA,MEX,True,BRA,330039,Joao,Neves,14,3,TIRO3,CONVERTIDO,,68,159
130877,01/06/2026,BRA,MEX,True,BRA,330039,Joao,Neves,14,3,TIRO3,FALLADO,,220,163
130877,01/06/2026,BRA,MEX,False,MEX,416257,Isaiah,Barnes,25,3,TIRO1,FALLADO,,0,0
130877,01/06/2026,BRA,MEX,False,MEX,416257,Isaiah,Barnes,25,3,TIRO1,CONVERTIDO,,0,0
130877,01/06/2026,BRA,MEX,True,BRA,330047,Pedro,Souza,11,3,TIRO3,CONVERTIDO,,108,165
130877,01/06/2026,BRA,MEX,False,MEX,417035,Elias,Ramos,14,3,TIRO3,FALLADO,,157,170
130877,01/06/2026,BRA,MEX,True,BRA,330039,Joao,Neves,14,3,TIRO3,CONVERTIDO,,218,142
130877,01/06/2026,BRA,MEX,False,MEX,416257,Isaiah,Barnes,25,3,TIRO2,CONVERTIDO,,61,33
130877,01/06/2026,BRA,MEX,True,BRA,331414,Isaiah,Santos,7,3,TIRO2,FALLADO,,92,91
130877,01/06/2026,BRA,MEX,False,MEX,377100,Ayrton,Vallejo,24,3,TIRO1,FALLADO,,0,0
130877,01/06/2026,BRA,MEX,False,MEX,377100,Ayrton,Vallejo,24,3,TIRO1,CONVERTIDO,,0,0
130877,01/06/2026,BRA,MEX,True,BRA,330039,Joao,Neves,14,3,TIRO3,FALLADO,,238,149
130877,01/06/2026,BRA,MEX,False,MEX,416129,Juan,Escalante,5,3,TIRO2,FALLADO,,52,56
130877,01/06/2026,BRA,MEX,True,BRA,383772,Bruno,Solano,12,3,TIRO1,FALLADO,,0,0
130877,01/06/2026,BRA,MEX,True,BRA,383772,Bruno,Solano,12,3,TIRO1,CONVERTIDO,,0,0
130877,01/06/2026,BRA,MEX,True,BRA,330039,Joao,Neves,14,3,TIRO2,CONVERTIDO,,137,29
130877,01/06/2026,BRA,MEX,True,BRA,383772,Bruno,Solano,12,3,TIRO2,CONVERTIDO,,140,34
130877,01/06/2026,BRA,MEX,True,BRA,405101,Pietro,Melo,10,3,TIRO3,FALLADO,,229,139
130877,01/06/2026,BRA,MEX,True,BRA,375131,Lucas,Moro,8,3,TIRO2,CONVERTIDO,,128,34
130877,01/06/2026,BRA,MEX,True,BRA,375131,Lucas,Moro,8,3,TIRO1,CONVERTIDO,,0,0
130877,01/06/2026,BRA,MEX,True,BRA,383772,Bruno,Solano,12,3,TIRO2,CONVERTIDO,,136,32
130877,01/06/2026,BRA,MEX,False,MEX,416264,Miguel,Ayala,8,3,TIRO3,FALLADO,,9,43
130877,01/06/2026,BRA,MEX,True,BRA,375131,Lucas,Moro,8,3,TIRO3,CONVERTIDO,,153,168
130877,01/06/2026,BRA,MEX,False,MEX,369235,Adrien,Porras,12,3,TIRO2,CONVERTIDO,,168,49
130877,01/06/2026,BRA,MEX,False,MEX,416264,Miguel,Ayala,8,3,TIRO2,CONVERTIDO,,141,44
130877,01/06/2026,BRA,MEX,True,BRA,416911,Nicolas,Cunha,3,3,TIRO1,CONVERTIDO,,0,0
130877,01/06/2026,BRA,MEX,True,BRA,416911,Nicolas,Cunha,3,3,TIRO1,CONVERTIDO,,0,0
130877,01/06/2026,BRA,MEX,False,MEX,369235,Adrien,Porras,12,3,TIRO2,FALLADO,,230,65
130877,01/06/2026,BRA,MEX,True,BRA,375131,Lucas,Moro,8,3,TIRO2,FALLADO,,138,37
130877,01/06/2026,BRA,MEX,True,BRA,384600,Henry,Alves,16,3,TIRO1,CONVERTIDO,,0,0
130877,01/06/2026,BRA,MEX,True,BRA,384600,Henry,Alves,16,3,TIRO1,CONVERTIDO,,0,0
130877,01/06/2026,BRA,MEX,False,MEX,416264,Miguel,Ayala,8,3,TIRO3,FALLADO,,151,180
130877,01/06/2026,BRA,MEX,False,MEX,416264,Miguel,Ayala,8,4,TIRO3,FALLADO,,213,165
130877,01/06/2026,BRA,MEX,True,BRA,393060,Ruan,Moreira,9,4,TIRO3,FALLADO,,195,172
130877,01/06/2026,BRA,MEX,False,MEX,416258,Cisco,Muñoz,0,4,TIRO2,FALLADO,,126,30
130877,01/06/2026,BRA,MEX,False,MEX,416181,Andre,Alvarez,6,4,TIRO2,FALLADO,,140,40
130877,01/06/2026,BRA,MEX,True,BRA,416911,Nicolas,Cunha,3,4,TIRO1,CONVERTIDO,,0,0
130877,01/06/2026,BRA,MEX,True,BRA,416911,Nicolas,Cunha,3,4,TIRO1,CONVERTIDO,,0,0
130877,01/06/2026,BRA,MEX,False,MEX,416257,Isaiah,Barnes,25,4,TIRO2,FALLADO,,234,66
130877,01/06/2026,BRA,MEX,False,MEX,416181,Andre,Alvarez,6,4,TIRO1,CONVERTIDO,,0,0
130877,01/06/2026,BRA,MEX,False,MEX,416181,Andre,Alvarez,6,4,TIRO1,FALLADO,,0,0
130877,01/06/2026,BRA,MEX,True,BRA,416911,Nicolas,Cunha,3,4,TIRO2,FALLADO,,180,98
130877,01/06/2026,BRA,MEX,False,MEX,416257,Isaiah,Barnes,25,4,TIRO2,FALLADO,,134,44
130877,01/06/2026,BRA,MEX,False,MEX,416264,Miguel,Ayala,8,4,TIRO1,FALLADO,,0,0
130877,01/06/2026,BRA,MEX,False,MEX,416264,Miguel,Ayala,8,4,TIRO1,CONVERTIDO,,0,0
130877,01/06/2026,BRA,MEX,False,MEX,416257,Isaiah,Barnes,25,4,TIRO1,CONVERTIDO,,0,0
130877,01/06/2026,BRA,MEX,False,MEX,369235,Adrien,Porras,12,4,TIRO2,FALLADO,,149,27
130877,01/06/2026,BRA,MEX,False,MEX,416257,Isaiah,Barnes,25,4,TIRO3,FALLADO,,227,145
130877,01/06/2026,BRA,MEX,True,BRA,375131,Lucas,Moro,8,4,TIRO2,CONVERTIDO,,151,31
130877,01/06/2026,BRA,MEX,False,MEX,416181,Andre,Alvarez,6,4,TIRO2,FALLADO,,153,18
130877,01/06/2026,BRA,MEX,True,BRA,393060,Ruan,Moreira,9,4,TIRO2,CONVERTIDO,,141,39
130877,01/06/2026,BRA,MEX,False,MEX,416181,Andre,Alvarez,6,4,TIRO2,FALLADO,,221,57
130877,01/06/2026,BRA,MEX,False,MEX,416264,Miguel,Ayala,8,4,TIRO3,CONVERTIDO,,268,27
130877,01/06/2026,BRA,MEX,True,BRA,393060,Ruan,Moreira,9,4,TIRO3,CONVERTIDO,,228,135
130877,01/06/2026,BRA,MEX,False,MEX,416257,Isaiah,Barnes,25,4,TIRO3,FALLADO,,35,119
130877,01/06/2026,BRA,MEX,True,BRA,331414,Isaiah,Santos,7,4,TIRO2,CONVERTIDO,,143,36
130877,01/06/2026,BRA,MEX,False,MEX,416258,Cisco,Muñoz,0,4,TIRO2,FALLADO,,161,46
130877,01/06/2026,BRA,MEX,False,MEX,369235,Adrien,Porras,12,4,TIRO2,CONVERTIDO,,141,27
130877,01/06/2026,BRA,MEX,True,BRA,330047,Pedro,Souza,11,4,TIRO2,FALLADO,,128,57
130877,01/06/2026,BRA,MEX,False,MEX,416257,Isaiah,Barnes,25,4,TIRO2,CONVERTIDO,,143,38
130877,01/06/2026,BRA,MEX,True,BRA,393068,Fernando,Varallo,4,4,TIRO3,FALLADO,,5,51
130877,01/06/2026,BRA,MEX,True,BRA,330047,Pedro,Souza,11,4,TIRO2,FALLADO,,197,87
130877,01/06/2026,BRA,MEX,True,BRA,330039,Joao,Neves,14,4,TIRO3,FALLADO,,271,29
130877,01/06/2026,BRA,MEX,True,BRA,405082,Caio,Mathias,2,4,TIRO2,CONVERTIDO,,140,31
130877,01/06/2026,BRA,MEX,True,BRA,330047,Pedro,Souza,11,4,TIRO2,CONVERTIDO,,152,38
130877,01/06/2026,BRA,MEX,False,MEX,416257,Isaiah,Barnes,25,4,TIRO3,CONVERTIDO,,237,127
130877,01/06/2026,BRA,MEX,True,BRA,331414,Isaiah,Santos,7,4,TIRO2,CONVERTIDO,,137,34
130877,01/06/2026,BRA,MEX,False,MEX,416264,Miguel,Ayala,8,4,TIRO2,CONVERTIDO,,137,36
130877,01/06/2026,BRA,MEX,True,BRA,330047,Pedro,Souza,11,4,TIRO1,FALLADO,,0,0
130877,01/06/2026,BRA,MEX,True,BRA,330047,Pedro,Souza,11,4,TIRO1,CONVERTIDO,,0,0
130877,01/06/2026,BRA,MEX,False,MEX,417036,Emiliano,Bernal,21,4,TIRO2,CONVERTIDO,,140,30
130877,01/06/2026,BRA,MEX,True,BRA,405082,Caio,Mathias,2,4,TIRO2,FALLADO,,141,32
130877,01/06/2026,BRA,MEX,True,BRA,375131,Lucas,Moro,8,4,TIRO2,CONVERTIDO,,137,32
130877,01/06/2026,BRA,MEX,True,BRA,375131,Lucas,Moro,8,4,TIRO1,CONVERTIDO,,0,0
130877,01/06/2026,BRA,MEX,True,BRA,375131,Lucas,Moro,8,4,TIRO2,CONVERTIDO,,149,32
130877,01/06/2026,BRA,MEX,False,MEX,415754,Maximo,Felix,7,4,TIRO1,FALLADO,,0,0
130877,01/06/2026,BRA,MEX,False,MEX,415754,Maximo,Felix,7,4,TIRO1,CONVERTIDO,,0,0
130877,01/06/2026,BRA,MEX,True,BRA,393861,Michael,Pereira,15,4,TIRO2,FALLADO,,133,12
130877,01/06/2026,BRA,MEX,False,MEX,415754,Maximo,Felix,7,4,TIRO2,FALLADO,,142,72
130877,01/06/2026,BRA,MEX,True,BRA,375131,Lucas,Moro,8,4,TIRO3,CONVERTIDO,,31,110
130877,01/06/2026,BRA,MEX,False,MEX,415754,Maximo,Felix,7,4,TIRO1,CONVERTIDO,,0,0
130877,01/06/2026,BRA,MEX,False,MEX,415754,Maximo,Felix,7,4,TIRO1,CONVERTIDO,,0,0
130877,01/06/2026,BRA,MEX,True,BRA,375131,Lucas,Moro,8,4,TIRO3,FALLADO,,272,47
130877,01/06/2026,BRA,MEX,False,MEX,415754,Maximo,Felix,7,4,TIRO3,FALLADO,,243,123
130880,02/06/2026,ARG,BRA,True,ARG,408871,Manuel,Hernandez,4,1,TIRO2,FALLADO,,149,105
130880,02/06/2026,ARG,BRA,False,BRA,330047,Pedro,Souza,11,1,TIRO2,CONVERTIDO,,141,35
130880,02/06/2026,ARG,BRA,True,ARG,362126,Benjamin,Pettovello,32,1,TIRO1,CONVERTIDO,,0,0
130880,02/06/2026,ARG,BRA,True,ARG,362126,Benjamin,Pettovello,32,1,TIRO1,FALLADO,,0,0
130880,02/06/2026,ARG,BRA,False,BRA,330039,Joao,Neves,14,1,TIRO3,CONVERTIDO,,29,120
130880,02/06/2026,ARG,BRA,True,ARG,409151,Santiago,Pettinaroli,14,1,TIRO3,CONVERTIDO,,15,94
130880,02/06/2026,ARG,BRA,False,BRA,330039,Joao,Neves,14,1,TIRO3,CONVERTIDO,,165,170
130880,02/06/2026,ARG,BRA,True,ARG,408871,Manuel,Hernandez,4,1,TIRO3,FALLADO,,134,168
130880,02/06/2026,ARG,BRA,False,BRA,405101,Pietro,Melo,10,1,TIRO3,FALLADO,,171,159
130880,02/06/2026,ARG,BRA,True,ARG,409151,Santiago,Pettinaroli,14,1,TIRO2,FALLADO,,146,55
130880,02/06/2026,ARG,BRA,False,BRA,331414,Isaiah,Santos,7,1,TIRO1,FALLADO,,0,0
130880,02/06/2026,ARG,BRA,False,BRA,331414,Isaiah,Santos,7,1,TIRO1,CONVERTIDO,,0,0
130880,02/06/2026,ARG,BRA,False,BRA,330039,Joao,Neves,14,1,TIRO3,CONVERTIDO,,104,165
130880,02/06/2026,ARG,BRA,True,ARG,398746,Roman,Moravansky,11,1,TIRO2,CONVERTIDO,,153,25
130880,02/06/2026,ARG,BRA,False,BRA,405101,Pietro,Melo,10,1,TIRO2,FALLADO,,147,38
130880,02/06/2026,ARG,BRA,True,ARG,409151,Santiago,Pettinaroli,14,1,TIRO1,CONVERTIDO,,0,0
130880,02/06/2026,ARG,BRA,True,ARG,409151,Santiago,Pettinaroli,14,1,TIRO1,CONVERTIDO,,0,0
130880,02/06/2026,ARG,BRA,False,BRA,330047,Pedro,Souza,11,1,TIRO2,FALLADO,,190,108
130880,02/06/2026,ARG,BRA,True,ARG,409151,Santiago,Pettinaroli,14,1,TIRO2,CONVERTIDO,,149,25
130880,02/06/2026,ARG,BRA,False,BRA,331414,Isaiah,Santos,7,1,TIRO2,CONVERTIDO,,142,43
130880,02/06/2026,ARG,BRA,False,BRA,405101,Pietro,Melo,10,1,TIRO2,CONVERTIDO,,138,30
130880,02/06/2026,ARG,BRA,True,ARG,409023,Joaquin,Celiz,9,1,TIRO2,CONVERTIDO,,172,123
130880,02/06/2026,ARG,BRA,False,BRA,330039,Joao,Neves,14,1,TIRO2,FALLADO,,126,42
130880,02/06/2026,ARG,BRA,True,ARG,409023,Joaquin,Celiz,9,1,TIRO2,FALLADO,,136,27
130880,02/06/2026,ARG,BRA,True,ARG,409023,Joaquin,Celiz,9,1,TIRO3,FALLADO,,26,101
130880,02/06/2026,ARG,BRA,True,ARG,409023,Joaquin,Celiz,9,1,TIRO2,CONVERTIDO,,148,28
130880,02/06/2026,ARG,BRA,False,BRA,405101,Pietro,Melo,10,1,TIRO2,CONVERTIDO,,87,123
130880,02/06/2026,ARG,BRA,True,ARG,398746,Roman,Moravansky,11,1,TIRO2,CONVERTIDO,,132,29
130880,02/06/2026,ARG,BRA,False,BRA,375131,Lucas,Moro,8,1,TIRO2,FALLADO,,135,36
130880,02/06/2026,ARG,BRA,True,ARG,408872,Bautista,Gobetti,6,1,TIRO3,FALLADO,,274,43
130880,02/06/2026,ARG,BRA,True,ARG,408871,Manuel,Hernandez,4,1,TIRO3,FALLADO,,4,30
130880,02/06/2026,ARG,BRA,False,BRA,375131,Lucas,Moro,8,1,TIRO3,FALLADO,,32,116
130880,02/06/2026,ARG,BRA,True,ARG,408870,Gonzalo,Aman,8,1,TIRO2,FALLADO,,154,28
130880,02/06/2026,ARG,BRA,False,BRA,330047,Pedro,Souza,11,1,TIRO2,FALLADO,,200,95
130880,02/06/2026,ARG,BRA,True,ARG,408870,Gonzalo,Aman,8,1,TIRO3,CONVERTIDO,,258,126
130880,02/06/2026,ARG,BRA,False,BRA,375131,Lucas,Moro,8,1,TIRO3,FALLADO,,8,25
130880,02/06/2026,ARG,BRA,False,BRA,383772,Bruno,Solano,12,1,TIRO3,FALLADO,,150,174
130880,02/06/2026,ARG,BRA,False,BRA,330047,Pedro,Souza,11,1,TIRO1,FALLADO,,0,0
130880,02/06/2026,ARG,BRA,False,BRA,330047,Pedro,Souza,11,1,TIRO1,CONVERTIDO,,0,0
130880,02/06/2026,ARG,BRA,False,BRA,405082,Caio,Mathias,2,1,TIRO2,FALLADO,,134,51
130880,02/06/2026,ARG,BRA,True,ARG,408857,Joaquin,Caumo,10,1,TIRO1,CONVERTIDO,,0,0
130880,02/06/2026,ARG,BRA,True,ARG,408857,Joaquin,Caumo,10,1,TIRO1,CONVERTIDO,,0,0
130880,02/06/2026,ARG,BRA,False,BRA,330047,Pedro,Souza,11,1,TIRO2,FALLADO,,131,34
130880,02/06/2026,ARG,BRA,True,ARG,408857,Joaquin,Caumo,10,1,TIRO1,CONVERTIDO,,0,0
130880,02/06/2026,ARG,BRA,True,ARG,408857,Joaquin,Caumo,10,1,TIRO1,CONVERTIDO,,0,0
130880,02/06/2026,ARG,BRA,True,ARG,408857,Joaquin,Caumo,10,1,TIRO1,FALLADO,,0,0
130880,02/06/2026,ARG,BRA,True,ARG,408870,Gonzalo,Aman,8,2,TIRO2,FALLADO,,155,53
130880,02/06/2026,ARG,BRA,False,BRA,405082,Caio,Mathias,2,2,TIRO3,FALLADO,,271,25
130880,02/06/2026,ARG,BRA,False,BRA,331414,Isaiah,Santos,7,2,TIRO3,FALLADO,,270,32
130880,02/06/2026,ARG,BRA,False,BRA,330039,Joao,Neves,14,2,TIRO3,FALLADO,,68,156
130880,02/06/2026,ARG,BRA,False,BRA,331414,Isaiah,Santos,7,2,TIRO1,CONVERTIDO,,0,0
130880,02/06/2026,ARG,BRA,False,BRA,331414,Isaiah,Santos,7,2,TIRO1,CONVERTIDO,,0,0
130880,02/06/2026,ARG,BRA,True,ARG,408857,Joaquin,Caumo,10,2,TIRO2,FALLADO,,78,42
130880,02/06/2026,ARG,BRA,False,BRA,405082,Caio,Mathias,2,2,TIRO3,CONVERTIDO,,271,45
130880,02/06/2026,ARG,BRA,True,ARG,408870,Gonzalo,Aman,8,2,TIRO3,FALLADO,,211,169
130880,02/06/2026,ARG,BRA,False,BRA,383772,Bruno,Solano,12,2,TIRO3,FALLADO,,81,166
130880,02/06/2026,ARG,BRA,False,BRA,331414,Isaiah,Santos,7,2,TIRO2,CONVERTIDO,,138,34
130880,02/06/2026,ARG,BRA,False,BRA,331414,Isaiah,Santos,7,2,TIRO1,CONVERTIDO,,0,0
130880,02/06/2026,ARG,BRA,True,ARG,409021,Elias,Torrens,7,2,TIRO2,CONVERTIDO,,140,36
130880,02/06/2026,ARG,BRA,True,ARG,409021,Elias,Torrens,7,2,TIRO1,FALLADO,,0,0
130880,02/06/2026,ARG,BRA,False,BRA,405082,Caio,Mathias,2,2,TIRO3,FALLADO,,6,34
130880,02/06/2026,ARG,BRA,False,BRA,383772,Bruno,Solano,12,2,TIRO3,FALLADO,,253,121
130880,02/06/2026,ARG,BRA,False,BRA,383772,Bruno,Solano,12,2,TIRO2,CONVERTIDO,,138,35
130880,02/06/2026,ARG,BRA,True,ARG,409023,Joaquin,Celiz,9,2,TIRO2,CONVERTIDO,,145,22
130880,02/06/2026,ARG,BRA,False,BRA,405101,Pietro,Melo,10,2,TIRO2,FALLADO,,134,29
130880,02/06/2026,ARG,BRA,True,ARG,409023,Joaquin,Celiz,9,2,TIRO2,FALLADO,,139,30
130880,02/06/2026,ARG,BRA,True,ARG,398746,Roman,Moravansky,11,2,TIRO2,CONVERTIDO,,140,31
130880,02/06/2026,ARG,BRA,False,BRA,330039,Joao,Neves,14,2,TIRO3,FALLADO,,170,171
130880,02/06/2026,ARG,BRA,True,ARG,409151,Santiago,Pettinaroli,14,2,TIRO3,FALLADO,,272,49
130880,02/06/2026,ARG,BRA,False,BRA,330047,Pedro,Souza,11,2,TIRO1,CONVERTIDO,,0,0
130880,02/06/2026,ARG,BRA,False,BRA,330047,Pedro,Souza,11,2,TIRO1,CONVERTIDO,,0,0
130880,02/06/2026,ARG,BRA,True,ARG,408857,Joaquin,Caumo,10,2,TIRO3,FALLADO,,188,161
130880,02/06/2026,ARG,BRA,False,BRA,331414,Isaiah,Santos,7,2,TIRO1,CONVERTIDO,,0,0
130880,02/06/2026,ARG,BRA,False,BRA,331414,Isaiah,Santos,7,2,TIRO1,CONVERTIDO,,0,0
130880,02/06/2026,ARG,BRA,True,ARG,408857,Joaquin,Caumo,10,2,TIRO3,FALLADO,,28,114
130880,02/06/2026,ARG,BRA,False,BRA,405082,Caio,Mathias,2,2,TIRO2,FALLADO,,150,35
130880,02/06/2026,ARG,BRA,True,ARG,408857,Joaquin,Caumo,10,2,TIRO3,CONVERTIDO,,12,34
130880,02/06/2026,ARG,BRA,False,BRA,405082,Caio,Mathias,2,2,TIRO3,CONVERTIDO,,210,154
130880,02/06/2026,ARG,BRA,True,ARG,409151,Santiago,Pettinaroli,14,2,TIRO2,FALLADO,,145,31
130880,02/06/2026,ARG,BRA,False,BRA,393060,Ruan,Moreira,9,2,TIRO2,FALLADO,,99,92
130880,02/06/2026,ARG,BRA,True,ARG,362126,Benjamin,Pettovello,32,2,TIRO2,CONVERTIDO,,144,29
130880,02/06/2026,ARG,BRA,False,BRA,330047,Pedro,Souza,11,2,TIRO3,FALLADO,,168,172
130880,02/06/2026,ARG,BRA,False,BRA,330039,Joao,Neves,14,2,TIRO3,FALLADO,,36,126
130880,02/06/2026,ARG,BRA,False,BRA,330047,Pedro,Souza,11,2,TIRO1,CONVERTIDO,,0,0
130880,02/06/2026,ARG,BRA,False,BRA,330047,Pedro,Souza,11,2,TIRO1,CONVERTIDO,,0,0
130880,02/06/2026,ARG,BRA,True,ARG,409023,Joaquin,Celiz,9,2,TIRO3,CONVERTIDO,,37,136
130880,02/06/2026,ARG,BRA,False,BRA,383772,Bruno,Solano,12,2,TIRO1,FALLADO,,0,0
130880,02/06/2026,ARG,BRA,False,BRA,383772,Bruno,Solano,12,2,TIRO1,CONVERTIDO,,0,0
130880,02/06/2026,ARG,BRA,True,ARG,409023,Joaquin,Celiz,9,2,TIRO2,CONVERTIDO,,138,24
130880,02/06/2026,ARG,BRA,False,BRA,405101,Pietro,Melo,10,2,TIRO3,FALLADO,,150,178
130880,02/06/2026,ARG,BRA,True,ARG,408872,Bautista,Gobetti,6,2,TIRO2,CONVERTIDO,,128,22
130880,02/06/2026,ARG,BRA,False,BRA,384600,Henry,Alves,16,2,TIRO2,CONVERTIDO,,135,45
130880,02/06/2026,ARG,BRA,True,ARG,408871,Manuel,Hernandez,4,2,TIRO2,FALLADO,,65,40
130880,02/06/2026,ARG,BRA,True,ARG,362126,Benjamin,Pettovello,32,2,TIRO2,FALLADO,,46,73
130880,02/06/2026,ARG,BRA,True,ARG,408872,Bautista,Gobetti,6,2,TIRO3,FALLADO,,51,142
130880,02/06/2026,ARG,BRA,False,BRA,330039,Joao,Neves,14,2,TIRO3,CONVERTIDO,,272,29
130880,02/06/2026,ARG,BRA,True,ARG,408871,Manuel,Hernandez,4,2,TIRO3,FALLADO,,58,157
130885,01/06/2026,DOM,PUR,False,PUR,417164,Jomar,Bernard,13,1,TIRO3,FALLADO,,27,135
130885,01/06/2026,DOM,PUR,True,DOM,390926,Marlon,Martinez,10,1,TIRO3,FALLADO,,235,120
130885,01/06/2026,DOM,PUR,True,DOM,416899,Derek,Gomez,8,1,TIRO2,FALLADO,,145,36
130885,01/06/2026,DOM,PUR,True,DOM,416914,Antonio,Pemberton,0,1,TIRO2,CONVERTIDO,,140,31
130885,01/06/2026,DOM,PUR,False,PUR,416814,Lenuel,Narvaez,15,1,TIRO2,FALLADO,,53,105
130885,01/06/2026,DOM,PUR,True,DOM,416899,Derek,Gomez,8,1,TIRO2,FALLADO,,202,37
130885,01/06/2026,DOM,PUR,False,PUR,319575,Felipe,Quinones,21,1,TIRO2,CONVERTIDO,,154,29
130885,01/06/2026,DOM,PUR,True,DOM,416899,Derek,Gomez,8,1,TIRO3,FALLADO,,50,150
130885,01/06/2026,DOM,PUR,False,PUR,319575,Felipe,Quinones,21,1,TIRO2,FALLADO,,96,80
130885,01/06/2026,DOM,PUR,True,DOM,416769,Enmanuel,Valera,27,1,TIRO3,FALLADO,,183,173
130885,01/06/2026,DOM,PUR,True,DOM,416899,Derek,Gomez,8,1,TIRO2,CONVERTIDO,,122,33
130885,01/06/2026,DOM,PUR,False,PUR,343131,James,Rivera,14,1,TIRO2,CONVERTIDO,,134,29
130885,01/06/2026,DOM,PUR,True,DOM,416769,Enmanuel,Valera,27,1,TIRO2,FALLADO,,160,28
130885,01/06/2026,DOM,PUR,False,PUR,416814,Lenuel,Narvaez,15,1,TIRO2,CONVERTIDO,,136,25
130885,01/06/2026,DOM,PUR,True,DOM,416769,Enmanuel,Valera,27,1,TIRO3,CONVERTIDO,,270,18
130885,01/06/2026,DOM,PUR,False,PUR,319586,Myles,Fuentes,3,1,TIRO2,FALLADO,,65,55
130885,01/06/2026,DOM,PUR,True,DOM,416806,Roderi,Romero,25,1,TIRO2,CONVERTIDO,,149,24
130885,01/06/2026,DOM,PUR,False,PUR,319575,Felipe,Quinones,21,1,TIRO2,FALLADO,,150,32
130885,01/06/2026,DOM,PUR,False,PUR,343131,James,Rivera,14,1,TIRO2,CONVERTIDO,,134,28
130885,01/06/2026,DOM,PUR,True,DOM,416914,Antonio,Pemberton,0,1,TIRO3,CONVERTIDO,,34,119
130885,01/06/2026,DOM,PUR,False,PUR,416814,Lenuel,Narvaez,15,1,TIRO3,FALLADO,,5,19
130885,01/06/2026,DOM,PUR,True,DOM,416899,Derek,Gomez,8,1,TIRO3,FALLADO,,274,36
130885,01/06/2026,DOM,PUR,False,PUR,319576,Gustavo,Roca,1,1,TIRO2,FALLADO,,153,29
130885,01/06/2026,DOM,PUR,True,DOM,416769,Enmanuel,Valera,27,1,TIRO2,FALLADO,,173,45
130885,01/06/2026,DOM,PUR,True,DOM,416899,Derek,Gomez,8,1,TIRO3,CONVERTIDO,,270,66
130885,01/06/2026,DOM,PUR,False,PUR,319586,Myles,Fuentes,3,1,TIRO3,CONVERTIDO,,274,19
130885,01/06/2026,DOM,PUR,True,DOM,416914,Antonio,Pemberton,0,1,TIRO2,CONVERTIDO,,27,36
130885,01/06/2026,DOM,PUR,True,DOM,390926,Marlon,Martinez,10,1,TIRO2,CONVERTIDO,,128,22
130885,01/06/2026,DOM,PUR,True,DOM,390926,Marlon,Martinez,10,1,TIRO2,CONVERTIDO,,143,27
130885,01/06/2026,DOM,PUR,False,PUR,319586,Myles,Fuentes,3,1,TIRO3,FALLADO,,252,108
130885,01/06/2026,DOM,PUR,True,DOM,390926,Marlon,Martinez,10,1,TIRO3,CONVERTIDO,,269,55
130885,01/06/2026,DOM,PUR,False,PUR,319576,Gustavo,Roca,1,1,TIRO3,FALLADO,,37,128
130885,01/06/2026,DOM,PUR,True,DOM,416914,Antonio,Pemberton,0,1,TIRO2,CONVERTIDO,,179,42
130885,01/06/2026,DOM,PUR,False,PUR,416823,Derick,Salaberrios,12,1,TIRO2,CONVERTIDO,,155,22
130885,01/06/2026,DOM,PUR,True,DOM,416769,Enmanuel,Valera,27,1,TIRO3,FALLADO,,38,141
130885,01/06/2026,DOM,PUR,False,PUR,416822,Andrew,Rosario,0,1,TIRO3,FALLADO,,55,159
130885,01/06/2026,DOM,PUR,True,DOM,416769,Enmanuel,Valera,27,1,TIRO2,FALLADO,,126,36
130885,01/06/2026,DOM,PUR,False,PUR,343088,Davey,Candelaria,10,1,TIRO3,FALLADO,,267,20
130885,01/06/2026,DOM,PUR,False,PUR,416822,Andrew,Rosario,0,2,TIRO2,CONVERTIDO,,125,25
130885,01/06/2026,DOM,PUR,True,DOM,416899,Derek,Gomez,8,2,TIRO2,FALLADO,,144,147
130885,01/06/2026,DOM,PUR,True,DOM,416771,Jack,Liz,5,2,TIRO3,CONVERTIDO,,6,18
130885,01/06/2026,DOM,PUR,False,PUR,319575,Felipe,Quinones,21,2,TIRO2,FALLADO,,125,41
130885,01/06/2026,DOM,PUR,True,DOM,390926,Marlon,Martinez,10,2,TIRO3,FALLADO,,133,170
130885,01/06/2026,DOM,PUR,False,PUR,416823,Derick,Salaberrios,12,2,TIRO2,FALLADO,,163,42
130885,01/06/2026,DOM,PUR,False,PUR,319575,Felipe,Quinones,21,2,TIRO3,FALLADO,,268,62
130885,01/06/2026,DOM,PUR,True,DOM,416899,Derek,Gomez,8,2,TIRO3,FALLADO,,273,45
130885,01/06/2026,DOM,PUR,False,PUR,343088,Davey,Candelaria,10,2,TIRO2,CONVERTIDO,,125,30
130885,01/06/2026,DOM,PUR,False,PUR,343088,Davey,Candelaria,10,2,TIRO3,FALLADO,,22,108
130885,01/06/2026,DOM,PUR,True,DOM,416805,Rayner,Montero,24,2,TIRO1,CONVERTIDO,,0,0
130885,01/06/2026,DOM,PUR,True,DOM,416805,Rayner,Montero,24,2,TIRO1,CONVERTIDO,,0,0
130885,01/06/2026,DOM,PUR,False,PUR,343131,James,Rivera,14,2,TIRO3,FALLADO,,240,133
130885,01/06/2026,DOM,PUR,True,DOM,416898,Brayan,Camacho,4,2,TIRO2,CONVERTIDO,,130,77
130885,01/06/2026,DOM,PUR,False,PUR,319586,Myles,Fuentes,3,2,TIRO2,FALLADO,,152,16
130885,01/06/2026,DOM,PUR,True,DOM,416769,Enmanuel,Valera,27,2,TIRO2,FALLADO,,151,39
130885,01/06/2026,DOM,PUR,True,DOM,416806,Roderi,Romero,25,2,TIRO2,CONVERTIDO,,140,31
130885,01/06/2026,DOM,PUR,False,PUR,417164,Jomar,Bernard,13,2,TIRO2,FALLADO,,146,81
130885,01/06/2026,DOM,PUR,True,DOM,416769,Enmanuel,Valera,27,2,TIRO2,FALLADO,,125,45
130885,01/06/2026,DOM,PUR,True,DOM,416805,Rayner,Montero,24,2,TIRO3,FALLADO,,9,30
130885,01/06/2026,DOM,PUR,False,PUR,319575,Felipe,Quinones,21,2,TIRO2,FALLADO,,134,35
130885,01/06/2026,DOM,PUR,True,DOM,416914,Antonio,Pemberton,0,2,TIRO3,FALLADO,,205,167
130885,01/06/2026,DOM,PUR,False,PUR,319575,Felipe,Quinones,21,2,TIRO2,CONVERTIDO,,150,28
130885,01/06/2026,DOM,PUR,True,DOM,416769,Enmanuel,Valera,27,2,TIRO3,FALLADO,,11,51
130885,01/06/2026,DOM,PUR,False,PUR,416819,Derek,Pagan,2,2,TIRO3,FALLADO,,69,162
130885,01/06/2026,DOM,PUR,True,DOM,416914,Antonio,Pemberton,0,2,TIRO1,FALLADO,,0,0
130885,01/06/2026,DOM,PUR,True,DOM,416914,Antonio,Pemberton,0,2,TIRO1,CONVERTIDO,,0,0
130885,01/06/2026,DOM,PUR,False,PUR,319586,Myles,Fuentes,3,2,TIRO2,FALLADO,,133,56
130885,01/06/2026,DOM,PUR,False,PUR,417164,Jomar,Bernard,13,2,TIRO1,CONVERTIDO,,0,0
130885,01/06/2026,DOM,PUR,False,PUR,417164,Jomar,Bernard,13,2,TIRO1,CONVERTIDO,,0,0
130885,01/06/2026,DOM,PUR,True,DOM,416914,Antonio,Pemberton,0,2,TIRO3,FALLADO,,69,145
130885,01/06/2026,DOM,PUR,False,PUR,417164,Jomar,Bernard,13,2,TIRO1,CONVERTIDO,,0,0
130885,01/06/2026,DOM,PUR,False,PUR,417164,Jomar,Bernard,13,2,TIRO1,CONVERTIDO,,0,0
130885,01/06/2026,DOM,PUR,True,DOM,416914,Antonio,Pemberton,0,2,TIRO2,FALLADO,,159,26
130885,01/06/2026,DOM,PUR,True,DOM,416805,Rayner,Montero,24,2,TIRO2,CONVERTIDO,,140,31
130885,01/06/2026,DOM,PUR,False,PUR,417164,Jomar,Bernard,13,2,TIRO1,FALLADO,,0,0
130885,01/06/2026,DOM,PUR,False,PUR,417164,Jomar,Bernard,13,2,TIRO1,CONVERTIDO,,0,0
130885,01/06/2026,DOM,PUR,True,DOM,416805,Rayner,Montero,24,2,TIRO3,FALLADO,,216,156
130885,01/06/2026,DOM,PUR,True,DOM,416898,Brayan,Camacho,4,2,TIRO3,CONVERTIDO,,141,163
130885,01/06/2026,DOM,PUR,False,PUR,417164,Jomar,Bernard,13,2,TIRO3,FALLADO,,54,165
130885,01/06/2026,DOM,PUR,True,DOM,416898,Brayan,Camacho,4,2,TIRO3,FALLADO,,9,17
130885,01/06/2026,DOM,PUR,True,DOM,416805,Rayner,Montero,24,2,TIRO2,FALLADO,,157,36
130885,01/06/2026,DOM,PUR,False,PUR,417164,Jomar,Bernard,13,2,TIRO1,CONVERTIDO,,0,0
130885,01/06/2026,DOM,PUR,False,PUR,417164,Jomar,Bernard,13,2,TIRO1,FALLADO,,0,0
130885,01/06/2026,DOM,PUR,False,PUR,417164,Jomar,Bernard,13,2,TIRO2,FALLADO,,141,27
130885,01/06/2026,DOM,PUR,True,DOM,416898,Brayan,Camacho,4,2,TIRO1,CONVERTIDO,,0,0
130885,01/06/2026,DOM,PUR,True,DOM,416898,Brayan,Camacho,4,2,TIRO1,CONVERTIDO,,0,0
130885,01/06/2026,DOM,PUR,True,DOM,390926,Marlon,Martinez,10,2,TIRO2,CONVERTIDO,,224,68
130885,01/06/2026,DOM,PUR,True,DOM,416898,Brayan,Camacho,4,2,TIRO1,CONVERTIDO,,0,0
130885,01/06/2026,DOM,PUR,True,DOM,416898,Brayan,Camacho,4,2,TIRO1,CONVERTIDO,,0,0
130885,01/06/2026,DOM,PUR,False,PUR,319586,Myles,Fuentes,3,2,TIRO2,CONVERTIDO,,121,29
130885,01/06/2026,DOM,PUR,True,DOM,416768,Brayan,Santana,3,2,TIRO2,FALLADO,,122,29
130885,01/06/2026,DOM,PUR,False,PUR,319575,Felipe,Quinones,21,2,TIRO1,CONVERTIDO,,0,0
130885,01/06/2026,DOM,PUR,False,PUR,319575,Felipe,Quinones,21,2,TIRO1,CONVERTIDO,,0,0
130885,01/06/2026,DOM,PUR,True,DOM,390926,Marlon,Martinez,10,3,TIRO2,CONVERTIDO,,144,77
130885,01/06/2026,DOM,PUR,False,PUR,319586,Myles,Fuentes,3,3,TIRO2,FALLADO,,130,31
130885,01/06/2026,DOM,PUR,True,DOM,416769,Enmanuel,Valera,27,3,TIRO1,FALLADO,,0,0
130885,01/06/2026,DOM,PUR,True,DOM,416769,Enmanuel,Valera,27,3,TIRO1,CONVERTIDO,,0,0
130885,01/06/2026,DOM,PUR,False,PUR,343131,James,Rivera,14,3,TIRO3,FALLADO,,164,164
130885,01/06/2026,DOM,PUR,True,DOM,416769,Enmanuel,Valera,27,3,TIRO2,FALLADO,,153,25
130885,01/06/2026,DOM,PUR,True,DOM,416806,Roderi,Romero,25,3,TIRO2,CONVERTIDO,,140,31
130885,01/06/2026,DOM,PUR,False,PUR,343131,James,Rivera,14,3,TIRO2,CONVERTIDO,,130,36
130885,01/06/2026,DOM,PUR,True,DOM,390926,Marlon,Martinez,10,3,TIRO3,CONVERTIDO,,273,25
130885,01/06/2026,DOM,PUR,False,PUR,343131,James,Rivera,14,3,TIRO2,FALLADO,,181,49
130885,01/06/2026,DOM,PUR,False,PUR,417164,Jomar,Bernard,13,3,TIRO3,FALLADO,,78,154
130885,01/06/2026,DOM,PUR,True,DOM,416769,Enmanuel,Valera,27,3,TIRO2,FALLADO,,122,108
130885,01/06/2026,DOM,PUR,False,PUR,343131,James,Rivera,14,3,TIRO1,FALLADO,,0,0
130885,01/06/2026,DOM,PUR,False,PUR,343131,James,Rivera,14,3,TIRO1,CONVERTIDO,,0,0
130885,01/06/2026,DOM,PUR,True,DOM,416914,Antonio,Pemberton,0,3,TIRO2,CONVERTIDO,,152,24
130885,01/06/2026,DOM,PUR,False,PUR,319586,Myles,Fuentes,3,3,TIRO1,FALLADO,,0,0
130885,01/06/2026,DOM,PUR,False,PUR,319586,Myles,Fuentes,3,3,TIRO1,CONVERTIDO,,0,0
130885,01/06/2026,DOM,PUR,True,DOM,416805,Rayner,Montero,24,3,TIRO1,FALLADO,,0,0
130885,01/06/2026,DOM,PUR,True,DOM,416805,Rayner,Montero,24,3,TIRO1,CONVERTIDO,,0,0
130885,01/06/2026,DOM,PUR,False,PUR,416823,Derick,Salaberrios,12,3,TIRO2,FALLADO,,141,36
130885,01/06/2026,DOM,PUR,False,PUR,417164,Jomar,Bernard,13,3,TIRO2,FALLADO,,129,35
130885,01/06/2026,DOM,PUR,True,DOM,416769,Enmanuel,Valera,27,3,TIRO1,CONVERTIDO,,0,0
130885,01/06/2026,DOM,PUR,True,DOM,416769,Enmanuel,Valera,27,3,TIRO1,CONVERTIDO,,0,0
130885,01/06/2026,DOM,PUR,False,PUR,416823,Derick,Salaberrios,12,3,TIRO2,CONVERTIDO,,148,26
130885,01/06/2026,DOM,PUR,False,PUR,319575,Felipe,Quinones,21,3,TIRO1,FALLADO,,0,0
130885,01/06/2026,DOM,PUR,False,PUR,319575,Felipe,Quinones,21,3,TIRO1,CONVERTIDO,,0,0
130885,01/06/2026,DOM,PUR,False,PUR,417164,Jomar,Bernard,13,3,TIRO2,CONVERTIDO,,148,75
130885,01/06/2026,DOM,PUR,True,DOM,416769,Enmanuel,Valera,27,3,TIRO3,CONVERTIDO,,52,162
130885,01/06/2026,DOM,PUR,False,PUR,416823,Derick,Salaberrios,12,3,TIRO2,CONVERTIDO,,179,59
130885,01/06/2026,DOM,PUR,True,DOM,416806,Roderi,Romero,25,3,TIRO1,CONVERTIDO,,0,0
130885,01/06/2026,DOM,PUR,True,DOM,416806,Roderi,Romero,25,3,TIRO1,FALLADO,,0,0
130885,01/06/2026,DOM,PUR,False,PUR,416822,Andrew,Rosario,0,3,TIRO3,CONVERTIDO,,9,24
130885,01/06/2026,DOM,PUR,True,DOM,416769,Enmanuel,Valera,27,3,TIRO1,CONVERTIDO,,0,0
130885,01/06/2026,DOM,PUR,True,DOM,416769,Enmanuel,Valera,27,3,TIRO1,CONVERTIDO,,0,0
130885,01/06/2026,DOM,PUR,False,PUR,416822,Andrew,Rosario,0,3,TIRO3,CONVERTIDO,,46,136
130885,01/06/2026,DOM,PUR,True,DOM,416914,Antonio,Pemberton,0,3,TIRO3,FALLADO,,90,172
130885,01/06/2026,DOM,PUR,True,DOM,416769,Enmanuel,Valera,27,3,TIRO2,FALLADO,,129,39
130885,01/06/2026,DOM,PUR,False,PUR,319576,Gustavo,Roca,1,3,TIRO3,FALLADO,,11,21
130885,01/06/2026,DOM,PUR,False,PUR,416823,Derick,Salaberrios,12,3,TIRO2,CONVERTIDO,,140,31
130885,01/06/2026,DOM,PUR,True,DOM,416771,Jack,Liz,5,3,TIRO2,FALLADO,,165,51
130885,01/06/2026,DOM,PUR,True,DOM,416771,Jack,Liz,5,3,TIRO2,CONVERTIDO,,157,32
130885,01/06/2026,DOM,PUR,False,PUR,416822,Andrew,Rosario,0,3,TIRO3,CONVERTIDO,,8,12
130885,01/06/2026,DOM,PUR,True,DOM,416769,Enmanuel,Valera,27,3,TIRO1,CONVERTIDO,,0,0
130885,01/06/2026,DOM,PUR,True,DOM,416769,Enmanuel,Valera,27,3,TIRO1,FALLADO,,0,0
130885,01/06/2026,DOM,PUR,False,PUR,319576,Gustavo,Roca,1,3,TIRO2,FALLADO,,92,100
130885,01/06/2026,DOM,PUR,True,DOM,416898,Brayan,Camacho,4,3,TIRO3,CONVERTIDO,,11,25
130885,01/06/2026,DOM,PUR,False,PUR,416822,Andrew,Rosario,0,3,TIRO3,FALLADO,,214,159
130885,01/06/2026,DOM,PUR,True,DOM,416914,Antonio,Pemberton,0,3,TIRO2,FALLADO,,148,47
130885,01/06/2026,DOM,PUR,True,DOM,416805,Rayner,Montero,24,3,TIRO2,CONVERTIDO,,140,31
130885,01/06/2026,DOM,PUR,True,DOM,416914,Antonio,Pemberton,0,3,TIRO2,FALLADO,,158,66
130885,01/06/2026,DOM,PUR,True,DOM,416805,Rayner,Montero,24,3,TIRO2,FALLADO,,140,31
130885,01/06/2026,DOM,PUR,False,PUR,416822,Andrew,Rosario,0,3,TIRO2,FALLADO,,125,36
130885,01/06/2026,DOM,PUR,False,PUR,319576,Gustavo,Roca,1,3,TIRO2,FALLADO,,140,31
130885,01/06/2026,DOM,PUR,True,DOM,416914,Antonio,Pemberton,0,3,TIRO2,FALLADO,,154,42
130885,01/06/2026,DOM,PUR,True,DOM,416914,Antonio,Pemberton,0,3,TIRO2,CONVERTIDO,,149,40
130885,01/06/2026,DOM,PUR,False,PUR,416822,Andrew,Rosario,0,3,TIRO1,FALLADO,,0,0
130885,01/06/2026,DOM,PUR,True,DOM,416914,Antonio,Pemberton,0,3,TIRO1,CONVERTIDO,,0,0
130885,01/06/2026,DOM,PUR,False,PUR,343131,James,Rivera,14,3,TIRO2,FALLADO,,243,88
130885,01/06/2026,DOM,PUR,True,DOM,416769,Enmanuel,Valera,27,3,TIRO3,FALLADO,,201,165
130885,01/06/2026,DOM,PUR,True,DOM,416768,Brayan,Santana,3,3,TIRO2,FALLADO,,143,37
130885,01/06/2026,DOM,PUR,False,PUR,343131,James,Rivera,14,3,TIRO3,FALLADO,,28,123
130885,01/06/2026,DOM,PUR,False,PUR,416823,Derick,Salaberrios,12,3,TIRO3,FALLADO,,244,122
130885,01/06/2026,DOM,PUR,False,PUR,343131,James,Rivera,14,3,TIRO2,FALLADO,,123,50
130885,01/06/2026,DOM,PUR,False,PUR,417164,Jomar,Bernard,13,4,TIRO2,FALLADO,,131,40
130885,01/06/2026,DOM,PUR,True,DOM,416898,Brayan,Camacho,4,4,TIRO2,CONVERTIDO,,122,40
130885,01/06/2026,DOM,PUR,False,PUR,417164,Jomar,Bernard,13,4,TIRO2,FALLADO,,143,39
130885,01/06/2026,DOM,PUR,False,PUR,417164,Jomar,Bernard,13,4,TIRO2,CONVERTIDO,,140,31
130885,01/06/2026,DOM,PUR,True,DOM,416899,Derek,Gomez,8,4,TIRO3,FALLADO,,274,12
130885,01/06/2026,DOM,PUR,False,PUR,417164,Jomar,Bernard,13,4,TIRO2,FALLADO,,205,69
130885,01/06/2026,DOM,PUR,True,DOM,416771,Jack,Liz,5,4,TIRO1,FALLADO,,0,0
130885,01/06/2026,DOM,PUR,True,DOM,416771,Jack,Liz,5,4,TIRO1,FALLADO,,0,0
130885,01/06/2026,DOM,PUR,True,DOM,416768,Brayan,Santana,3,4,TIRO2,CONVERTIDO,,140,45
130885,01/06/2026,DOM,PUR,False,PUR,416819,Derek,Pagan,2,4,TIRO2,CONVERTIDO,,122,32
130885,01/06/2026,DOM,PUR,False,PUR,319586,Myles,Fuentes,3,4,TIRO3,CONVERTIDO,,221,147
130885,01/06/2026,DOM,PUR,False,PUR,319586,Myles,Fuentes,3,4,TIRO3,FALLADO,,239,137
130885,01/06/2026,DOM,PUR,False,PUR,416814,Lenuel,Narvaez,15,4,TIRO2,CONVERTIDO,,145,62
130885,01/06/2026,DOM,PUR,True,DOM,416806,Roderi,Romero,25,4,TIRO2,CONVERTIDO,,153,44
130885,01/06/2026,DOM,PUR,False,PUR,416820,Jesus,Pizarro,11,4,TIRO3,FALLADO,,274,31
130885,01/06/2026,DOM,PUR,False,PUR,416822,Andrew,Rosario,0,4,TIRO3,FALLADO,,31,108
130885,01/06/2026,DOM,PUR,True,DOM,416914,Antonio,Pemberton,0,4,TIRO3,CONVERTIDO,,179,169
130885,01/06/2026,DOM,PUR,False,PUR,319586,Myles,Fuentes,3,4,TIRO3,FALLADO,,114,173
130885,01/06/2026,DOM,PUR,False,PUR,416819,Derek,Pagan,2,4,TIRO3,FALLADO,,226,133
130885,01/06/2026,DOM,PUR,True,DOM,416769,Enmanuel,Valera,27,4,TIRO3,FALLADO,,32,115
130885,01/06/2026,DOM,PUR,False,PUR,416814,Lenuel,Narvaez,15,4,TIRO2,CONVERTIDO,,144,40
130885,01/06/2026,DOM,PUR,False,PUR,416814,Lenuel,Narvaez,15,4,TIRO1,FALLADO,,0,0
130885,01/06/2026,DOM,PUR,False,PUR,416819,Derek,Pagan,2,4,TIRO2,FALLADO,,157,46
130885,01/06/2026,DOM,PUR,False,PUR,416814,Lenuel,Narvaez,15,4,TIRO2,FALLADO,,140,31
130885,01/06/2026,DOM,PUR,True,DOM,416914,Antonio,Pemberton,0,4,TIRO2,CONVERTIDO,,150,38
130885,01/06/2026,DOM,PUR,True,DOM,416914,Antonio,Pemberton,0,4,TIRO1,CONVERTIDO,,0,0
130885,01/06/2026,DOM,PUR,False,PUR,416819,Derek,Pagan,2,4,TIRO3,FALLADO,,137,182
130885,01/06/2026,DOM,PUR,False,PUR,416823,Derick,Salaberrios,12,4,TIRO2,CONVERTIDO,,130,36
130885,01/06/2026,DOM,PUR,False,PUR,416822,Andrew,Rosario,0,4,TIRO2,FALLADO,,122,28
130885,01/06/2026,DOM,PUR,False,PUR,416820,Jesus,Pizarro,11,4,TIRO2,FALLADO,,154,40
130885,01/06/2026,DOM,PUR,True,DOM,416914,Antonio,Pemberton,0,4,TIRO3,FALLADO,,231,139
130885,01/06/2026,DOM,PUR,True,DOM,416769,Enmanuel,Valera,27,4,TIRO1,CONVERTIDO,,0,0
130885,01/06/2026,DOM,PUR,True,DOM,416769,Enmanuel,Valera,27,4,TIRO1,FALLADO,,0,0
130885,01/06/2026,DOM,PUR,False,PUR,384042,Darell,Rodriguez,20,4,TIRO2,FALLADO,,154,40
130885,01/06/2026,DOM,PUR,False,PUR,384042,Darell,Rodriguez,20,4,TIRO2,FALLADO,,164,49
130885,01/06/2026,DOM,PUR,True,DOM,416899,Derek,Gomez,8,4,TIRO1,CONVERTIDO,,0,0
130885,01/06/2026,DOM,PUR,True,DOM,416899,Derek,Gomez,8,4,TIRO1,CONVERTIDO,,0,0
130885,01/06/2026,DOM,PUR,True,DOM,416767,Angel,Parreño,7,4,TIRO2,CONVERTIDO,,131,38
130885,01/06/2026,DOM,PUR,False,PUR,384042,Darell,Rodriguez,20,4,TIRO2,CONVERTIDO,,130,20
130885,01/06/2026,DOM,PUR,False,PUR,384042,Darell,Rodriguez,20,4,TIRO1,FALLADO,,0,0
130885,01/06/2026,DOM,PUR,True,DOM,416767,Angel,Parreño,7,4,TIRO2,FALLADO,,131,43
130885,01/06/2026,DOM,PUR,False,PUR,319576,Gustavo,Roca,1,4,TIRO1,FALLADO,,0,0
130885,01/06/2026,DOM,PUR,False,PUR,319576,Gustavo,Roca,1,4,TIRO1,CONVERTIDO,,0,0
130885,01/06/2026,DOM,PUR,True,DOM,416768,Brayan,Santana,3,4,TIRO2,FALLADO,,153,56
130885,01/06/2026,DOM,PUR,True,DOM,416771,Jack,Liz,5,4,TIRO1,CONVERTIDO,,0,0
130885,01/06/2026,DOM,PUR,True,DOM,416771,Jack,Liz,5,4,TIRO1,CONVERTIDO,,0,0
130885,01/06/2026,DOM,PUR,False,PUR,416822,Andrew,Rosario,0,4,TIRO3,FALLADO,,46,133
130885,01/06/2026,DOM,PUR,False,PUR,319576,Gustavo,Roca,1,4,TIRO1,FALLADO,,0,0
130885,01/06/2026,DOM,PUR,False,PUR,319576,Gustavo,Roca,1,4,TIRO1,FALLADO,,0,0
130885,01/06/2026,DOM,PUR,True,DOM,416767,Angel,Parreño,7,4,TIRO3,FALLADO,,42,135
130885,01/06/2026,DOM,PUR,False,PUR,416822,Andrew,Rosario,0,4,TIRO3,FALLADO,,270,22
130885,01/06/2026,DOM,PUR,True,DOM,384379,Luis,Valdez,12,4,TIRO2,FALLADO,,122,56
130885,01/06/2026,DOM,PUR,False,PUR,319576,Gustavo,Roca,1,4,TIRO2,CONVERTIDO,,133,36
130885,01/06/2026,DOM,PUR,True,DOM,416771,Jack,Liz,5,4,TIRO2,CONVERTIDO,,153,29
130885,01/06/2026,DOM,PUR,False,PUR,319576,Gustavo,Roca,1,4,TIRO3,FALLADO,,270,34
130885,01/06/2026,DOM,PUR,False,PUR,416822,Andrew,Rosario,0,4,TIRO2,CONVERTIDO,,137,76
130885,01/06/2026,DOM,PUR,True,DOM,384379,Luis,Valdez,12,4,TIRO2,CONVERTIDO,,153,34
130885,01/06/2026,DOM,PUR,False,PUR,319576,Gustavo,Roca,1,4,TIRO3,FALLADO,,251,127
130884,01/06/2026,VEN,CAN,False,CAN,342309,Maxime,Meyer,15,1,TIRO2,FALLADO,,161,33
130884,01/06/2026,VEN,CAN,True,VEN,378577,Kevin,Gutierrez,14,1,TIRO2,CONVERTIDO,,137,32
130884,01/06/2026,VEN,CAN,False,CAN,415966,Javion,Tyndale,3,1,TIRO2,CONVERTIDO,,126,29
130884,01/06/2026,VEN,CAN,False,CAN,342309,Maxime,Meyer,15,1,TIRO2,CONVERTIDO,,146,40
130884,01/06/2026,VEN,CAN,True,VEN,390925,Jose,Lara,7,1,TIRO2,FALLADO,,145,70
130884,01/06/2026,VEN,CAN,False,CAN,342309,Maxime,Meyer,15,1,TIRO2,CONVERTIDO,,141,41
130884,01/06/2026,VEN,CAN,False,CAN,342309,Maxime,Meyer,15,1,TIRO1,FALLADO,,0,0
130884,01/06/2026,VEN,CAN,True,VEN,378577,Kevin,Gutierrez,14,1,TIRO2,CONVERTIDO,,135,27
130884,01/06/2026,VEN,CAN,False,CAN,391168,Deng,Ngor,11,1,TIRO3,FALLADO,,20,107
130884,01/06/2026,VEN,CAN,False,CAN,367540,Stefan,Ilic,12,1,TIRO2,CONVERTIDO,,125,30
130884,01/06/2026,VEN,CAN,True,VEN,356334,Diego,Soto,26,1,TIRO2,FALLADO,,81,29
130884,01/06/2026,VEN,CAN,False,CAN,410952,Lyris,Robinson,21,1,TIRO2,FALLADO,,152,40
130884,01/06/2026,VEN,CAN,True,VEN,378547,Bryan,Gomez,5,1,TIRO2,FALLADO,,138,34
130884,01/06/2026,VEN,CAN,True,VEN,378579,Deiker,Torres,2,1,TIRO2,FALLADO,,197,69
130884,01/06/2026,VEN,CAN,True,VEN,390925,Jose,Lara,7,1,TIRO2,CONVERTIDO,,131,27
130884,01/06/2026,VEN,CAN,True,VEN,356334,Diego,Soto,26,1,TIRO3,FALLADO,,270,96
130884,01/06/2026,VEN,CAN,False,CAN,391167,Nathan,Yambayamba,8,1,TIRO3,CONVERTIDO,,261,84
130884,01/06/2026,VEN,CAN,True,VEN,416968,Yeferson,Sanchez,21,1,TIRO2,CONVERTIDO,,135,40
130884,01/06/2026,VEN,CAN,False,CAN,342682,Godson,Okokoh,4,1,TIRO1,FALLADO,,0,0
130884,01/06/2026,VEN,CAN,False,CAN,342682,Godson,Okokoh,4,1,TIRO1,CONVERTIDO,,0,0
130884,01/06/2026,VEN,CAN,True,VEN,390925,Jose,Lara,7,1,TIRO3,CONVERTIDO,,9,30
130884,01/06/2026,VEN,CAN,True,VEN,378576,Williams,Anillo,18,1,TIRO2,FALLADO,,137,23
130884,01/06/2026,VEN,CAN,False,CAN,392260,Abdul-Malik,Olajuwon,2,1,TIRO3,FALLADO,,238,130
130884,01/06/2026,VEN,CAN,False,CAN,415966,Javion,Tyndale,3,1,TIRO1,CONVERTIDO,,0,0
130884,01/06/2026,VEN,CAN,False,CAN,415966,Javion,Tyndale,3,1,TIRO1,CONVERTIDO,,0,0
130884,01/06/2026,VEN,CAN,True,VEN,378576,Williams,Anillo,18,1,TIRO2,FALLADO,,141,31
130884,01/06/2026,VEN,CAN,False,CAN,367540,Stefan,Ilic,12,1,TIRO2,CONVERTIDO,,118,22
130884,01/06/2026,VEN,CAN,True,VEN,409363,Richard,Segovia,4,1,TIRO3,FALLADO,,227,153
130884,01/06/2026,VEN,CAN,True,VEN,390925,Jose,Lara,7,1,TIRO2,FALLADO,,138,32
130884,01/06/2026,VEN,CAN,False,CAN,410952,Lyris,Robinson,21,1,TIRO3,CONVERTIDO,,270,28
130884,01/06/2026,VEN,CAN,True,VEN,390925,Jose,Lara,7,1,TIRO2,FALLADO,,209,71
130884,01/06/2026,VEN,CAN,False,CAN,415966,Javion,Tyndale,3,1,TIRO3,FALLADO,,68,164
130884,01/06/2026,VEN,CAN,False,CAN,410952,Lyris,Robinson,21,1,TIRO3,FALLADO,,268,37
130884,01/06/2026,VEN,CAN,True,VEN,390925,Jose,Lara,7,1,TIRO3,FALLADO,,10,24
130884,01/06/2026,VEN,CAN,False,CAN,410952,Lyris,Robinson,21,1,TIRO2,FALLADO,,172,22
130884,01/06/2026,VEN,CAN,True,VEN,378576,Williams,Anillo,18,1,TIRO1,CONVERTIDO,,0,0
130884,01/06/2026,VEN,CAN,True,VEN,378576,Williams,Anillo,18,1,TIRO1,CONVERTIDO,,0,0
130884,01/06/2026,VEN,CAN,False,CAN,342309,Maxime,Meyer,15,1,TIRO2,CONVERTIDO,,137,29
130884,01/06/2026,VEN,CAN,False,CAN,342309,Maxime,Meyer,15,1,TIRO1,CONVERTIDO,,0,0
130884,01/06/2026,VEN,CAN,False,CAN,410952,Lyris,Robinson,21,1,TIRO1,FALLADO,,0,0
130884,01/06/2026,VEN,CAN,False,CAN,410952,Lyris,Robinson,21,1,TIRO1,FALLADO,,0,0
130884,01/06/2026,VEN,CAN,True,VEN,390925,Jose,Lara,7,1,TIRO3,FALLADO,,258,100
130884,01/06/2026,VEN,CAN,True,VEN,390925,Jose,Lara,7,2,TIRO2,CONVERTIDO,,126,24
130884,01/06/2026,VEN,CAN,False,CAN,415966,Javion,Tyndale,3,2,TIRO2,FALLADO,,74,71
130884,01/06/2026,VEN,CAN,True,VEN,378577,Kevin,Gutierrez,14,2,TIRO2,FALLADO,,141,118
130884,01/06/2026,VEN,CAN,True,VEN,409360,Juan,Perdomo,9,2,TIRO3,CONVERTIDO,,267,88
130884,01/06/2026,VEN,CAN,False,CAN,342682,Godson,Okokoh,4,2,TIRO3,FALLADO,,157,166
130884,01/06/2026,VEN,CAN,True,VEN,409360,Juan,Perdomo,9,2,TIRO2,FALLADO,,135,123
130884,01/06/2026,VEN,CAN,True,VEN,409358,Samuel,Niño,23,2,TIRO2,CONVERTIDO,,154,29
130884,01/06/2026,VEN,CAN,False,CAN,415966,Javion,Tyndale,3,2,TIRO3,FALLADO,,94,187
130884,01/06/2026,VEN,CAN,True,VEN,378576,Williams,Anillo,18,2,TIRO3,FALLADO,,37,128
130884,01/06/2026,VEN,CAN,False,CAN,410952,Lyris,Robinson,21,2,TIRO2,CONVERTIDO,,135,34
130884,01/06/2026,VEN,CAN,True,VEN,378577,Kevin,Gutierrez,14,2,TIRO3,FALLADO,,129,167
130884,01/06/2026,VEN,CAN,False,CAN,415966,Javion,Tyndale,3,2,TIRO2,CONVERTIDO,,152,35
130884,01/06/2026,VEN,CAN,False,CAN,415966,Javion,Tyndale,3,2,TIRO1,CONVERTIDO,,0,0
130884,01/06/2026,VEN,CAN,True,VEN,409363,Richard,Segovia,4,2,TIRO2,FALLADO,,160,35
130884,01/06/2026,VEN,CAN,True,VEN,409358,Samuel,Niño,23,2,TIRO1,CONVERTIDO,,0,0
130884,01/06/2026,VEN,CAN,True,VEN,409358,Samuel,Niño,23,2,TIRO1,CONVERTIDO,,0,0
130884,01/06/2026,VEN,CAN,False,CAN,391167,Nathan,Yambayamba,8,2,TIRO2,CONVERTIDO,,142,55
130884,01/06/2026,VEN,CAN,True,VEN,409358,Samuel,Niño,23,2,TIRO2,FALLADO,,145,28
130884,01/06/2026,VEN,CAN,False,CAN,342309,Maxime,Meyer,15,2,TIRO2,CONVERTIDO,,144,36
130884,01/06/2026,VEN,CAN,True,VEN,378576,Williams,Anillo,18,2,TIRO2,FALLADO,,146,37
130884,01/06/2026,VEN,CAN,False,CAN,415968,Settimo,Yugu,5,2,TIRO1,FALLADO,,0,0
130884,01/06/2026,VEN,CAN,False,CAN,415968,Settimo,Yugu,5,2,TIRO1,CONVERTIDO,,0,0
130884,01/06/2026,VEN,CAN,True,VEN,378547,Bryan,Gomez,5,2,TIRO1,CONVERTIDO,,0,0
130884,01/06/2026,VEN,CAN,True,VEN,378547,Bryan,Gomez,5,2,TIRO1,CONVERTIDO,,0,0
130884,01/06/2026,VEN,CAN,True,VEN,378577,Kevin,Gutierrez,14,2,TIRO3,CONVERTIDO,,38,132
130884,01/06/2026,VEN,CAN,False,CAN,415966,Javion,Tyndale,3,2,TIRO3,FALLADO,,215,161
130884,01/06/2026,VEN,CAN,False,CAN,342309,Maxime,Meyer,15,2,TIRO2,FALLADO,,76,29
130884,01/06/2026,VEN,CAN,True,VEN,378547,Bryan,Gomez,5,2,TIRO1,FALLADO,,0,0
130884,01/06/2026,VEN,CAN,True,VEN,378547,Bryan,Gomez,5,2,TIRO1,FALLADO,,0,0
130884,01/06/2026,VEN,CAN,False,CAN,410952,Lyris,Robinson,21,2,TIRO3,CONVERTIDO,,23,107
130884,01/06/2026,VEN,CAN,True,VEN,378579,Deiker,Torres,2,2,TIRO3,CONVERTIDO,,159,165
130884,01/06/2026,VEN,CAN,False,CAN,367540,Stefan,Ilic,12,2,TIRO1,CONVERTIDO,,0,0
130884,01/06/2026,VEN,CAN,False,CAN,367540,Stefan,Ilic,12,2,TIRO1,CONVERTIDO,,0,0
130884,01/06/2026,VEN,CAN,True,VEN,378577,Kevin,Gutierrez,14,2,TIRO2,FALLADO,,120,40
130884,01/06/2026,VEN,CAN,True,VEN,409360,Juan,Perdomo,9,2,TIRO2,FALLADO,,205,67
130884,01/06/2026,VEN,CAN,False,CAN,391168,Deng,Ngor,11,2,TIRO1,FALLADO,,0,0
130884,01/06/2026,VEN,CAN,False,CAN,391168,Deng,Ngor,11,2,TIRO1,CONVERTIDO,,0,0
130884,01/06/2026,VEN,CAN,False,CAN,342309,Maxime,Meyer,15,2,TIRO2,CONVERTIDO,,143,22
130884,01/06/2026,VEN,CAN,True,VEN,390925,Jose,Lara,7,2,TIRO3,FALLADO,,8,40
130884,01/06/2026,VEN,CAN,False,CAN,415966,Javion,Tyndale,3,2,TIRO2,CONVERTIDO,,134,41
130884,01/06/2026,VEN,CAN,True,VEN,409358,Samuel,Niño,23,2,TIRO2,FALLADO,,164,32
130884,01/06/2026,VEN,CAN,True,VEN,409358,Samuel,Niño,23,2,TIRO1,CONVERTIDO,,0,0
130884,01/06/2026,VEN,CAN,True,VEN,409358,Samuel,Niño,23,2,TIRO1,FALLADO,,0,0
130884,01/06/2026,VEN,CAN,False,CAN,367540,Stefan,Ilic,12,2,TIRO2,FALLADO,,119,26
130884,01/06/2026,VEN,CAN,True,VEN,409360,Juan,Perdomo,9,2,TIRO3,CONVERTIDO,,54,132
130884,01/06/2026,VEN,CAN,False,CAN,410952,Lyris,Robinson,21,2,TIRO3,CONVERTIDO,,23,114
130884,01/06/2026,VEN,CAN,False,CAN,391168,Deng,Ngor,11,2,TIRO2,CONVERTIDO,,138,32
130884,01/06/2026,VEN,CAN,False,CAN,415966,Javion,Tyndale,3,3,TIRO1,FALLADO,,0,0
130884,01/06/2026,VEN,CAN,False,CAN,415966,Javion,Tyndale,3,3,TIRO1,FALLADO,,0,0
130884,01/06/2026,VEN,CAN,False,CAN,415966,Javion,Tyndale,3,3,TIRO2,CONVERTIDO,,135,30
130884,01/06/2026,VEN,CAN,True,VEN,378577,Kevin,Gutierrez,14,3,TIRO3,FALLADO,,43,155
130884,01/06/2026,VEN,CAN,False,CAN,367540,Stefan,Ilic,12,3,TIRO2,FALLADO,,152,30
130884,01/06/2026,VEN,CAN,False,CAN,391168,Deng,Ngor,11,3,TIRO2,CONVERTIDO,,137,27
130884,01/06/2026,VEN,CAN,False,CAN,342309,Maxime,Meyer,15,3,TIRO2,CONVERTIDO,,141,31
130884,01/06/2026,VEN,CAN,True,VEN,409360,Juan,Perdomo,9,3,TIRO3,FALLADO,,269,65
130884,01/06/2026,VEN,CAN,True,VEN,409360,Juan,Perdomo,9,3,TIRO3,FALLADO,,253,112
130884,01/06/2026,VEN,CAN,False,CAN,410952,Lyris,Robinson,21,3,TIRO1,CONVERTIDO,,0,0
130884,01/06/2026,VEN,CAN,False,CAN,410952,Lyris,Robinson,21,3,TIRO1,CONVERTIDO,,0,0
130884,01/06/2026,VEN,CAN,False,CAN,410952,Lyris,Robinson,21,3,TIRO1,CONVERTIDO,,0,0
130884,01/06/2026,VEN,CAN,True,VEN,409360,Juan,Perdomo,9,3,TIRO1,CONVERTIDO,,0,0
130884,01/06/2026,VEN,CAN,True,VEN,409360,Juan,Perdomo,9,3,TIRO1,CONVERTIDO,,0,0
130884,01/06/2026,VEN,CAN,False,CAN,415967,Kymani,Walters,6,3,TIRO2,CONVERTIDO,,145,27
130884,01/06/2026,VEN,CAN,True,VEN,416954,Leonardo,Benitez,30,3,TIRO2,FALLADO,,127,27
130884,01/06/2026,VEN,CAN,False,CAN,367540,Stefan,Ilic,12,3,TIRO1,CONVERTIDO,,0,0
130884,01/06/2026,VEN,CAN,False,CAN,367540,Stefan,Ilic,12,3,TIRO1,CONVERTIDO,,0,0
130884,01/06/2026,VEN,CAN,True,VEN,390925,Jose,Lara,7,3,TIRO2,CONVERTIDO,,138,35
130884,01/06/2026,VEN,CAN,False,CAN,342682,Godson,Okokoh,4,3,TIRO3,FALLADO,,26,101
130884,01/06/2026,VEN,CAN,False,CAN,271788,Mateo,Vigneault,22,3,TIRO1,FALLADO,,0,0
130884,01/06/2026,VEN,CAN,False,CAN,271788,Mateo,Vigneault,22,3,TIRO1,CONVERTIDO,,0,0
130884,01/06/2026,VEN,CAN,True,VEN,416954,Leonardo,Benitez,30,3,TIRO1,FALLADO,,0,0
130884,01/06/2026,VEN,CAN,True,VEN,416954,Leonardo,Benitez,30,3,TIRO1,FALLADO,,0,0
130884,01/06/2026,VEN,CAN,False,CAN,391167,Nathan,Yambayamba,8,3,TIRO3,FALLADO,,9,46
130884,01/06/2026,VEN,CAN,False,CAN,342682,Godson,Okokoh,4,3,TIRO2,CONVERTIDO,,147,33
130884,01/06/2026,VEN,CAN,True,VEN,378547,Bryan,Gomez,5,3,TIRO2,FALLADO,,145,74
130884,01/06/2026,VEN,CAN,False,CAN,271788,Mateo,Vigneault,22,3,TIRO2,CONVERTIDO,,77,33
130884,01/06/2026,VEN,CAN,True,VEN,390925,Jose,Lara,7,3,TIRO2,FALLADO,,136,33
130884,01/06/2026,VEN,CAN,False,CAN,392260,Abdul-Malik,Olajuwon,2,3,TIRO3,FALLADO,,208,163
130884,01/06/2026,VEN,CAN,True,VEN,378576,Williams,Anillo,18,3,TIRO2,CONVERTIDO,,145,34
130884,01/06/2026,VEN,CAN,False,CAN,391167,Nathan,Yambayamba,8,3,TIRO3,FALLADO,,276,43
130884,01/06/2026,VEN,CAN,True,VEN,378576,Williams,Anillo,18,3,TIRO2,FALLADO,,96,113
130884,01/06/2026,VEN,CAN,True,VEN,416954,Leonardo,Benitez,30,3,TIRO2,FALLADO,,128,27
130884,01/06/2026,VEN,CAN,False,CAN,415966,Javion,Tyndale,3,3,TIRO1,CONVERTIDO,,0,0
130884,01/06/2026,VEN,CAN,False,CAN,415966,Javion,Tyndale,3,3,TIRO1,CONVERTIDO,,0,0
130884,01/06/2026,VEN,CAN,False,CAN,415968,Settimo,Yugu,5,3,TIRO1,FALLADO,,0,0
130884,01/06/2026,VEN,CAN,False,CAN,415968,Settimo,Yugu,5,3,TIRO1,CONVERTIDO,,0,0
130884,01/06/2026,VEN,CAN,False,CAN,392260,Abdul-Malik,Olajuwon,2,3,TIRO2,CONVERTIDO,,135,23
130884,01/06/2026,VEN,CAN,True,VEN,409363,Richard,Segovia,4,3,TIRO2,FALLADO,,180,111
130884,01/06/2026,VEN,CAN,False,CAN,392260,Abdul-Malik,Olajuwon,2,3,TIRO2,FALLADO,,129,27
130884,01/06/2026,VEN,CAN,False,CAN,415963,Emmanuel,Oko-Oboh,24,3,TIRO2,CONVERTIDO,,149,27
130884,01/06/2026,VEN,CAN,True,VEN,409358,Samuel,Niño,23,3,TIRO2,FALLADO,,144,32
130884,01/06/2026,VEN,CAN,False,CAN,415966,Javion,Tyndale,3,3,TIRO2,CONVERTIDO,,150,31
130884,01/06/2026,VEN,CAN,True,VEN,409363,Richard,Segovia,4,3,TIRO1,CONVERTIDO,,0,0
130884,01/06/2026,VEN,CAN,True,VEN,409363,Richard,Segovia,4,3,TIRO1,CONVERTIDO,,0,0
130884,01/06/2026,VEN,CAN,False,CAN,415966,Javion,Tyndale,3,3,TIRO2,FALLADO,,147,31
130884,01/06/2026,VEN,CAN,False,CAN,415968,Settimo,Yugu,5,3,TIRO3,CONVERTIDO,,270,62
130884,01/06/2026,VEN,CAN,True,VEN,416968,Yeferson,Sanchez,21,4,TIRO2,CONVERTIDO,,141,34
130884,01/06/2026,VEN,CAN,True,VEN,390925,Jose,Lara,7,4,TIRO3,FALLADO,,265,82
130884,01/06/2026,VEN,CAN,False,CAN,391168,Deng,Ngor,11,4,TIRO2,FALLADO,,158,34
130884,01/06/2026,VEN,CAN,False,CAN,342309,Maxime,Meyer,15,4,TIRO2,FALLADO,,140,31
130884,01/06/2026,VEN,CAN,True,VEN,378576,Williams,Anillo,18,4,TIRO3,FALLADO,,244,104
130884,01/06/2026,VEN,CAN,True,VEN,409358,Samuel,Niño,23,4,TIRO1,CONVERTIDO,,0,0
130884,01/06/2026,VEN,CAN,True,VEN,409358,Samuel,Niño,23,4,TIRO1,FALLADO,,0,0
130884,01/06/2026,VEN,CAN,True,VEN,416968,Yeferson,Sanchez,21,4,TIRO2,FALLADO,,145,41
130884,01/06/2026,VEN,CAN,False,CAN,410952,Lyris,Robinson,21,4,TIRO3,CONVERTIDO,,40,124
130884,01/06/2026,VEN,CAN,True,VEN,378579,Deiker,Torres,2,4,TIRO3,FALLADO,,26,117
130884,01/06/2026,VEN,CAN,False,CAN,271788,Mateo,Vigneault,22,4,TIRO2,FALLADO,,129,27
130884,01/06/2026,VEN,CAN,False,CAN,410952,Lyris,Robinson,21,4,TIRO2,CONVERTIDO,,151,29
130884,01/06/2026,VEN,CAN,True,VEN,356334,Diego,Soto,26,4,TIRO2,FALLADO,,216,26
130884,01/06/2026,VEN,CAN,False,CAN,391167,Nathan,Yambayamba,8,4,TIRO3,CONVERTIDO,,228,136
130884,01/06/2026,VEN,CAN,True,VEN,409358,Samuel,Niño,23,4,TIRO3,FALLADO,,75,165
130884,01/06/2026,VEN,CAN,False,CAN,391167,Nathan,Yambayamba,8,4,TIRO2,FALLADO,,145,28
130884,01/06/2026,VEN,CAN,True,VEN,356334,Diego,Soto,26,4,TIRO2,FALLADO,,129,42
130884,01/06/2026,VEN,CAN,True,VEN,356334,Diego,Soto,26,4,TIRO2,FALLADO,,157,42
130884,01/06/2026,VEN,CAN,False,CAN,342682,Godson,Okokoh,4,4,TIRO1,CONVERTIDO,,0,0
130884,01/06/2026,VEN,CAN,False,CAN,342682,Godson,Okokoh,4,4,TIRO1,CONVERTIDO,,0,0
130884,01/06/2026,VEN,CAN,False,CAN,392260,Abdul-Malik,Olajuwon,2,4,TIRO2,CONVERTIDO,,138,36
130884,01/06/2026,VEN,CAN,True,VEN,356334,Diego,Soto,26,4,TIRO2,FALLADO,,183,107
130884,01/06/2026,VEN,CAN,False,CAN,342682,Godson,Okokoh,4,4,TIRO1,CONVERTIDO,,0,0
130884,01/06/2026,VEN,CAN,False,CAN,342682,Godson,Okokoh,4,4,TIRO1,FALLADO,,0,0
130884,01/06/2026,VEN,CAN,False,CAN,392260,Abdul-Malik,Olajuwon,2,4,TIRO3,FALLADO,,3,34
130884,01/06/2026,VEN,CAN,True,VEN,356334,Diego,Soto,26,4,TIRO2,FALLADO,,144,25
130884,01/06/2026,VEN,CAN,False,CAN,392260,Abdul-Malik,Olajuwon,2,4,TIRO2,CONVERTIDO,,130,32
130884,01/06/2026,VEN,CAN,True,VEN,409398,Isaac,Montero,20,4,TIRO3,FALLADO,,214,145
130884,01/06/2026,VEN,CAN,False,CAN,342682,Godson,Okokoh,4,4,TIRO3,CONVERTIDO,,79,154
130884,01/06/2026,VEN,CAN,True,VEN,409398,Isaac,Montero,20,4,TIRO2,CONVERTIDO,,142,30
130884,01/06/2026,VEN,CAN,True,VEN,356334,Diego,Soto,26,4,TIRO2,CONVERTIDO,,135,31
130884,01/06/2026,VEN,CAN,True,VEN,356334,Diego,Soto,26,4,TIRO1,FALLADO,,0,0
130884,01/06/2026,VEN,CAN,False,CAN,415967,Kymani,Walters,6,4,TIRO3,FALLADO,,80,165
130884,01/06/2026,VEN,CAN,False,CAN,415968,Settimo,Yugu,5,4,TIRO1,CONVERTIDO,,0,0
130884,01/06/2026,VEN,CAN,False,CAN,415968,Settimo,Yugu,5,4,TIRO1,CONVERTIDO,,0,0
130884,01/06/2026,VEN,CAN,True,VEN,409363,Richard,Segovia,4,4,TIRO3,FALLADO,,270,38
130884,01/06/2026,VEN,CAN,False,CAN,415963,Emmanuel,Oko-Oboh,24,4,TIRO2,FALLADO,,141,42
130884,01/06/2026,VEN,CAN,False,CAN,415967,Kymani,Walters,6,4,TIRO2,CONVERTIDO,,149,29
130884,01/06/2026,VEN,CAN,False,CAN,415967,Kymani,Walters,6,4,TIRO1,CONVERTIDO,,0,0
130884,01/06/2026,VEN,CAN,True,VEN,356334,Diego,Soto,26,4,TIRO1,CONVERTIDO,,0,0
130884,01/06/2026,VEN,CAN,True,VEN,356334,Diego,Soto,26,4,TIRO1,CONVERTIDO,,0,0
130884,01/06/2026,VEN,CAN,False,CAN,392260,Abdul-Malik,Olajuwon,2,4,TIRO2,CONVERTIDO,,146,119
130884,01/06/2026,VEN,CAN,True,VEN,416954,Leonardo,Benitez,30,4,TIRO2,FALLADO,,118,115
130884,01/06/2026,VEN,CAN,False,CAN,342682,Godson,Okokoh,4,4,TIRO1,FALLADO,,0,0
130884,01/06/2026,VEN,CAN,False,CAN,342682,Godson,Okokoh,4,4,TIRO1,FALLADO,,0,0
130884,01/06/2026,VEN,CAN,True,VEN,409398,Isaac,Montero,20,4,TIRO2,FALLADO,,134,43
130884,01/06/2026,VEN,CAN,False,CAN,271788,Mateo,Vigneault,22,4,TIRO3,CONVERTIDO,,24,105
130888,02/06/2026,CAN,DOM,False,DOM,416899,Derek,Gomez,8,1,TIRO3,CONVERTIDO,,271,43
130888,02/06/2026,CAN,DOM,False,DOM,416899,Derek,Gomez,8,1,TIRO2,CONVERTIDO,,139,31
130888,02/06/2026,CAN,DOM,True,CAN,342309,Maxime,Meyer,15,1,TIRO2,FALLADO,,139,29
130888,02/06/2026,CAN,DOM,True,CAN,342682,Godson,Okokoh,4,1,TIRO2,FALLADO,,145,36
130888,02/06/2026,CAN,DOM,True,CAN,415966,Javion,Tyndale,3,1,TIRO2,CONVERTIDO,,150,27
130888,02/06/2026,CAN,DOM,False,DOM,390926,Marlon,Martinez,10,1,TIRO3,FALLADO,,50,138
130888,02/06/2026,CAN,DOM,True,CAN,415966,Javion,Tyndale,3,1,TIRO2,FALLADO,,163,40
130888,02/06/2026,CAN,DOM,False,DOM,416914,Antonio,Pemberton,0,1,TIRO2,FALLADO,,229,60
130888,02/06/2026,CAN,DOM,True,CAN,391168,Deng,Ngor,11,1,TIRO2,CONVERTIDO,,151,25
130888,02/06/2026,CAN,DOM,True,CAN,410952,Lyris,Robinson,21,1,TIRO2,CONVERTIDO,,135,30
130888,02/06/2026,CAN,DOM,True,CAN,342309,Maxime,Meyer,15,1,TIRO1,CONVERTIDO,,0,0
130888,02/06/2026,CAN,DOM,True,CAN,342309,Maxime,Meyer,15,1,TIRO1,CONVERTIDO,,0,0
130888,02/06/2026,CAN,DOM,False,DOM,416806,Roderi,Romero,25,1,TIRO2,FALLADO,,152,91
130888,02/06/2026,CAN,DOM,True,CAN,415968,Settimo,Yugu,5,1,TIRO1,FALLADO,,0,0
130888,02/06/2026,CAN,DOM,True,CAN,415968,Settimo,Yugu,5,1,TIRO1,CONVERTIDO,,0,0
130888,02/06/2026,CAN,DOM,False,DOM,392145,Diego,Fernandez ,45,1,TIRO2,FALLADO,,133,64
130888,02/06/2026,CAN,DOM,True,CAN,391167,Nathan,Yambayamba,8,1,TIRO2,CONVERTIDO,,137,28
130888,02/06/2026,CAN,DOM,False,DOM,416769,Enmanuel,Valera,27,1,TIRO2,FALLADO,,137,98
130888,02/06/2026,CAN,DOM,False,DOM,416914,Antonio,Pemberton,0,1,TIRO2,CONVERTIDO,,158,71
130888,02/06/2026,CAN,DOM,True,CAN,410952,Lyris,Robinson,21,1,TIRO2,FALLADO,,216,43
130888,02/06/2026,CAN,DOM,False,DOM,416914,Antonio,Pemberton,0,1,TIRO3,CONVERTIDO,,132,183
130888,02/06/2026,CAN,DOM,True,CAN,367540,Stefan,Ilic,12,1,TIRO2,FALLADO,,130,30
130888,02/06/2026,CAN,DOM,False,DOM,390926,Marlon,Martinez,10,1,TIRO2,CONVERTIDO,,96,109
130888,02/06/2026,CAN,DOM,True,CAN,415966,Javion,Tyndale,3,1,TIRO2,CONVERTIDO,,150,20
130888,02/06/2026,CAN,DOM,True,CAN,415966,Javion,Tyndale,3,1,TIRO2,FALLADO,,135,30
130888,02/06/2026,CAN,DOM,True,CAN,415967,Kymani,Walters,6,1,TIRO2,CONVERTIDO,,160,33
130888,02/06/2026,CAN,DOM,True,CAN,367540,Stefan,Ilic,12,1,TIRO2,FALLADO,,141,59
130888,02/06/2026,CAN,DOM,True,CAN,367540,Stefan,Ilic,12,1,TIRO2,CONVERTIDO,,140,31
130888,02/06/2026,CAN,DOM,True,CAN,342309,Maxime,Meyer,15,1,TIRO2,CONVERTIDO,,121,28
130888,02/06/2026,CAN,DOM,False,DOM,390926,Marlon,Martinez,10,1,TIRO2,FALLADO,,138,120
130888,02/06/2026,CAN,DOM,True,CAN,415966,Javion,Tyndale,3,1,TIRO2,FALLADO,,145,35
130888,02/06/2026,CAN,DOM,True,CAN,391168,Deng,Ngor,11,1,TIRO1,CONVERTIDO,,0,0
130888,02/06/2026,CAN,DOM,True,CAN,391168,Deng,Ngor,11,1,TIRO1,CONVERTIDO,,0,0
130888,02/06/2026,CAN,DOM,False,DOM,392145,Diego,Fernandez ,45,1,TIRO2,FALLADO,,144,39
130888,02/06/2026,CAN,DOM,True,CAN,342682,Godson,Okokoh,4,1,TIRO1,CONVERTIDO,,0,0
130888,02/06/2026,CAN,DOM,True,CAN,342682,Godson,Okokoh,4,1,TIRO1,FALLADO,,0,0
130888,02/06/2026,CAN,DOM,False,DOM,416769,Enmanuel,Valera,27,1,TIRO2,FALLADO,,176,113
130888,02/06/2026,CAN,DOM,True,CAN,392260,Abdul-Malik,Olajuwon,2,1,TIRO3,FALLADO,,58,144
130888,02/06/2026,CAN,DOM,True,CAN,342682,Godson,Okokoh,4,1,TIRO1,CONVERTIDO,,0,0
130888,02/06/2026,CAN,DOM,True,CAN,342682,Godson,Okokoh,4,1,TIRO1,FALLADO,,0,0
130888,02/06/2026,CAN,DOM,True,CAN,342682,Godson,Okokoh,4,1,TIRO2,FALLADO,,160,44
130888,02/06/2026,CAN,DOM,True,CAN,342309,Maxime,Meyer,15,1,TIRO2,FALLADO,,140,31
130888,02/06/2026,CAN,DOM,False,DOM,416898,Brayan,Camacho,4,1,TIRO3,FALLADO,,274,38
130888,02/06/2026,CAN,DOM,True,CAN,415966,Javion,Tyndale,3,1,TIRO3,FALLADO,,87,154
130888,02/06/2026,CAN,DOM,False,DOM,416805,Rayner,Montero,24,1,TIRO2,FALLADO,,140,104
130888,02/06/2026,CAN,DOM,True,CAN,342682,Godson,Okokoh,4,1,TIRO2,FALLADO,,136,38
130888,02/06/2026,CAN,DOM,True,CAN,391168,Deng,Ngor,11,1,TIRO3,CONVERTIDO,,12,76
130888,02/06/2026,CAN,DOM,True,CAN,342682,Godson,Okokoh,4,1,TIRO3,FALLADO,,246,137
130888,02/06/2026,CAN,DOM,True,CAN,415966,Javion,Tyndale,3,1,TIRO2,FALLADO,,114,49
130888,02/06/2026,CAN,DOM,True,CAN,342309,Maxime,Meyer,15,1,TIRO2,FALLADO,,140,31
130888,02/06/2026,CAN,DOM,True,CAN,410952,Lyris,Robinson,21,2,TIRO3,FALLADO,,264,119
130888,02/06/2026,CAN,DOM,True,CAN,391168,Deng,Ngor,11,2,TIRO3,CONVERTIDO,,21,100
130888,02/06/2026,CAN,DOM,True,CAN,415968,Settimo,Yugu,5,2,TIRO2,CONVERTIDO,,147,33
130888,02/06/2026,CAN,DOM,False,DOM,416771,Jack,Liz,5,2,TIRO2,FALLADO,,164,53
130888,02/06/2026,CAN,DOM,True,CAN,271788,Mateo,Vigneault,22,2,TIRO3,FALLADO,,274,46
130888,02/06/2026,CAN,DOM,True,CAN,410952,Lyris,Robinson,21,2,TIRO2,CONVERTIDO,,140,31
130888,02/06/2026,CAN,DOM,False,DOM,384379,Luis,Valdez,12,2,TIRO3,CONVERTIDO,,15,72
130888,02/06/2026,CAN,DOM,True,CAN,410952,Lyris,Robinson,21,2,TIRO3,FALLADO,,268,61
130888,02/06/2026,CAN,DOM,True,CAN,391167,Nathan,Yambayamba,8,2,TIRO3,FALLADO,,260,84
130888,02/06/2026,CAN,DOM,True,CAN,271788,Mateo,Vigneault,22,2,TIRO2,FALLADO,,129,36
130888,02/06/2026,CAN,DOM,False,DOM,416771,Jack,Liz,5,2,TIRO2,CONVERTIDO,,153,33
130888,02/06/2026,CAN,DOM,True,CAN,410952,Lyris,Robinson,21,2,TIRO2,CONVERTIDO,,139,36
130888,02/06/2026,CAN,DOM,True,CAN,410952,Lyris,Robinson,21,2,TIRO1,CONVERTIDO,,0,0
130888,02/06/2026,CAN,DOM,False,DOM,416914,Antonio,Pemberton,0,2,TIRO1,CONVERTIDO,,0,0
130888,02/06/2026,CAN,DOM,False,DOM,416914,Antonio,Pemberton,0,2,TIRO1,CONVERTIDO,,0,0
130888,02/06/2026,CAN,DOM,True,CAN,342682,Godson,Okokoh,4,2,TIRO1,CONVERTIDO,,0,0
130888,02/06/2026,CAN,DOM,True,CAN,342682,Godson,Okokoh,4,2,TIRO1,CONVERTIDO,,0,0
130888,02/06/2026,CAN,DOM,False,DOM,416767,Angel,Parreño,7,2,TIRO2,FALLADO,,139,43
130888,02/06/2026,CAN,DOM,False,DOM,384379,Luis,Valdez,12,2,TIRO2,FALLADO,,140,31
130888,02/06/2026,CAN,DOM,False,DOM,384379,Luis,Valdez,12,2,TIRO2,CONVERTIDO,,135,38
130888,02/06/2026,CAN,DOM,True,CAN,415963,Emmanuel,Oko-Oboh,24,2,TIRO2,CONVERTIDO,,127,32
130888,02/06/2026,CAN,DOM,False,DOM,416914,Antonio,Pemberton,0,2,TIRO2,CONVERTIDO,,150,25
130888,02/06/2026,CAN,DOM,False,DOM,416914,Antonio,Pemberton,0,2,TIRO1,FALLADO,,0,0
130888,02/06/2026,CAN,DOM,True,CAN,391167,Nathan,Yambayamba,8,2,TIRO2,FALLADO,,73,25
130888,02/06/2026,CAN,DOM,False,DOM,416767,Angel,Parreño,7,2,TIRO2,CONVERTIDO,,134,32
130888,02/06/2026,CAN,DOM,True,CAN,415963,Emmanuel,Oko-Oboh,24,2,TIRO1,CONVERTIDO,,0,0
130888,02/06/2026,CAN,DOM,True,CAN,415963,Emmanuel,Oko-Oboh,24,2,TIRO1,FALLADO,,0,0
130888,02/06/2026,CAN,DOM,False,DOM,416806,Roderi,Romero,25,2,TIRO2,CONVERTIDO,,137,31
130888,02/06/2026,CAN,DOM,True,CAN,342309,Maxime,Meyer,15,2,TIRO2,CONVERTIDO,,141,30
130888,02/06/2026,CAN,DOM,False,DOM,416767,Angel,Parreño,7,2,TIRO3,FALLADO,,135,177
130888,02/06/2026,CAN,DOM,True,CAN,415968,Settimo,Yugu,5,2,TIRO1,FALLADO,,0,0
130888,02/06/2026,CAN,DOM,True,CAN,415968,Settimo,Yugu,5,2,TIRO1,CONVERTIDO,,0,0
130888,02/06/2026,CAN,DOM,False,DOM,390926,Marlon,Martinez,10,2,TIRO1,CONVERTIDO,,0,0
130888,02/06/2026,CAN,DOM,False,DOM,390926,Marlon,Martinez,10,2,TIRO1,CONVERTIDO,,0,0
130888,02/06/2026,CAN,DOM,True,CAN,415966,Javion,Tyndale,3,2,TIRO1,FALLADO,,0,0
130888,02/06/2026,CAN,DOM,True,CAN,415966,Javion,Tyndale,3,2,TIRO1,FALLADO,,0,0
130888,02/06/2026,CAN,DOM,False,DOM,416768,Brayan,Santana,3,2,TIRO2,CONVERTIDO,,128,29
130888,02/06/2026,CAN,DOM,True,CAN,415966,Javion,Tyndale,3,2,TIRO3,FALLADO,,216,142
130888,02/06/2026,CAN,DOM,True,CAN,410952,Lyris,Robinson,21,2,TIRO2,CONVERTIDO,,140,31
130888,02/06/2026,CAN,DOM,False,DOM,416767,Angel,Parreño,7,2,TIRO3,FALLADO,,269,22
130888,02/06/2026,CAN,DOM,True,CAN,391168,Deng,Ngor,11,2,TIRO3,FALLADO,,251,122
130888,02/06/2026,CAN,DOM,False,DOM,416767,Angel,Parreño,7,2,TIRO1,CONVERTIDO,,0,0
130888,02/06/2026,CAN,DOM,False,DOM,416767,Angel,Parreño,7,2,TIRO1,CONVERTIDO,,0,0
130888,02/06/2026,CAN,DOM,True,CAN,391167,Nathan,Yambayamba,8,2,TIRO3,CONVERTIDO,,252,121
130888,02/06/2026,CAN,DOM,False,DOM,416767,Angel,Parreño,7,2,TIRO1,CONVERTIDO,,0,0
130888,02/06/2026,CAN,DOM,False,DOM,416767,Angel,Parreño,7,2,TIRO1,CONVERTIDO,,0,0
130888,02/06/2026,CAN,DOM,True,CAN,391167,Nathan,Yambayamba,8,2,TIRO1,FALLADO,,0,0
130888,02/06/2026,CAN,DOM,True,CAN,391167,Nathan,Yambayamba,8,2,TIRO1,CONVERTIDO,,0,0
130888,02/06/2026,CAN,DOM,False,DOM,416805,Rayner,Montero,24,2,TIRO2,CONVERTIDO,,149,39
130888,02/06/2026,CAN,DOM,False,DOM,416805,Rayner,Montero,24,2,TIRO2,FALLADO,,131,45
130888,02/06/2026,CAN,DOM,True,CAN,415966,Javion,Tyndale,3,2,TIRO1,FALLADO,,0,0
130888,02/06/2026,CAN,DOM,True,CAN,415966,Javion,Tyndale,3,2,TIRO1,CONVERTIDO,,0,0
130888,02/06/2026,CAN,DOM,False,DOM,416768,Brayan,Santana,3,2,TIRO2,FALLADO,,146,29
130888,02/06/2026,CAN,DOM,False,DOM,416805,Rayner,Montero,24,2,TIRO2,CONVERTIDO,,140,31
130888,02/06/2026,CAN,DOM,True,CAN,391167,Nathan,Yambayamba,8,2,TIRO3,FALLADO,,42,123
130888,02/06/2026,CAN,DOM,True,CAN,415968,Settimo,Yugu,5,2,TIRO1,CONVERTIDO,,0,0
130888,02/06/2026,CAN,DOM,True,CAN,415968,Settimo,Yugu,5,2,TIRO1,CONVERTIDO,,0,0
130888,02/06/2026,CAN,DOM,False,DOM,416768,Brayan,Santana,3,2,TIRO2,FALLADO,,119,38
130888,02/06/2026,CAN,DOM,True,CAN,415968,Settimo,Yugu,5,2,TIRO2,FALLADO,,146,17
130888,02/06/2026,CAN,DOM,False,DOM,416768,Brayan,Santana,3,2,TIRO2,CONVERTIDO,,147,34
130888,02/06/2026,CAN,DOM,True,CAN,391167,Nathan,Yambayamba,8,2,TIRO3,FALLADO,,245,144
130888,02/06/2026,CAN,DOM,False,DOM,416914,Antonio,Pemberton,0,3,TIRO3,FALLADO,,231,170
130888,02/06/2026,CAN,DOM,False,DOM,416914,Antonio,Pemberton,0,3,TIRO3,FALLADO,,258,102
130888,02/06/2026,CAN,DOM,True,CAN,415966,Javion,Tyndale,3,3,TIRO2,FALLADO,,133,32
130888,02/06/2026,CAN,DOM,False,DOM,416769,Enmanuel,Valera,27,3,TIRO2,FALLADO,,157,110
130888,02/06/2026,CAN,DOM,True,CAN,342682,Godson,Okokoh,4,3,TIRO2,CONVERTIDO,,142,34
130888,02/06/2026,CAN,DOM,False,DOM,416805,Rayner,Montero,24,3,TIRO2,CONVERTIDO,,142,26
130888,02/06/2026,CAN,DOM,True,CAN,415966,Javion,Tyndale,3,3,TIRO2,CONVERTIDO,,134,33
130888,02/06/2026,CAN,DOM,False,DOM,416914,Antonio,Pemberton,0,3,TIRO2,FALLADO,,148,40
130888,02/06/2026,CAN,DOM,True,CAN,410952,Lyris,Robinson,21,3,TIRO3,FALLADO,,257,123
130888,02/06/2026,CAN,DOM,False,DOM,390926,Marlon,Martinez,10,3,TIRO1,CONVERTIDO,,0,0
130888,02/06/2026,CAN,DOM,False,DOM,390926,Marlon,Martinez,10,3,TIRO1,CONVERTIDO,,0,0
130888,02/06/2026,CAN,DOM,True,CAN,367540,Stefan,Ilic,12,3,TIRO2,FALLADO,,141,47
130888,02/06/2026,CAN,DOM,False,DOM,416771,Jack,Liz,5,3,TIRO1,CONVERTIDO,,0,0
130888,02/06/2026,CAN,DOM,False,DOM,416771,Jack,Liz,5,3,TIRO1,FALLADO,,0,0
130888,02/06/2026,CAN,DOM,True,CAN,342682,Godson,Okokoh,4,3,TIRO2,CONVERTIDO,,146,39
130888,02/06/2026,CAN,DOM,False,DOM,416769,Enmanuel,Valera,27,3,TIRO1,CONVERTIDO,,0,0
130888,02/06/2026,CAN,DOM,False,DOM,416769,Enmanuel,Valera,27,3,TIRO1,FALLADO,,0,0
130888,02/06/2026,CAN,DOM,True,CAN,342682,Godson,Okokoh,4,3,TIRO1,CONVERTIDO,,0,0
130888,02/06/2026,CAN,DOM,True,CAN,342682,Godson,Okokoh,4,3,TIRO1,FALLADO,,0,0
130888,02/06/2026,CAN,DOM,False,DOM,416769,Enmanuel,Valera,27,3,TIRO2,FALLADO,,133,35
130888,02/06/2026,CAN,DOM,False,DOM,416805,Rayner,Montero,24,3,TIRO2,CONVERTIDO,,155,27
130888,02/06/2026,CAN,DOM,True,CAN,415966,Javion,Tyndale,3,3,TIRO2,FALLADO,,132,38
130888,02/06/2026,CAN,DOM,True,CAN,342682,Godson,Okokoh,4,3,TIRO3,FALLADO,,47,133
130888,02/06/2026,CAN,DOM,False,DOM,390926,Marlon,Martinez,10,3,TIRO2,CONVERTIDO,,138,36
130888,02/06/2026,CAN,DOM,False,DOM,390926,Marlon,Martinez,10,3,TIRO1,CONVERTIDO,,0,0
130888,02/06/2026,CAN,DOM,True,CAN,391167,Nathan,Yambayamba,8,3,TIRO2,FALLADO,,142,27
130888,02/06/2026,CAN,DOM,True,CAN,415963,Emmanuel,Oko-Oboh,24,3,TIRO2,CONVERTIDO,,134,35
130888,02/06/2026,CAN,DOM,False,DOM,416769,Enmanuel,Valera,27,3,TIRO3,FALLADO,,68,164
130888,02/06/2026,CAN,DOM,False,DOM,416805,Rayner,Montero,24,3,TIRO1,CONVERTIDO,,0,0
130888,02/06/2026,CAN,DOM,False,DOM,416805,Rayner,Montero,24,3,TIRO1,CONVERTIDO,,0,0
130888,02/06/2026,CAN,DOM,False,DOM,416769,Enmanuel,Valera,27,3,TIRO2,CONVERTIDO,,149,30
130888,02/06/2026,CAN,DOM,False,DOM,416914,Antonio,Pemberton,0,3,TIRO2,FALLADO,,138,38
130888,02/06/2026,CAN,DOM,True,CAN,415967,Kymani,Walters,6,3,TIRO2,CONVERTIDO,,146,29
130888,02/06/2026,CAN,DOM,False,DOM,416771,Jack,Liz,5,3,TIRO2,CONVERTIDO,,151,33
130888,02/06/2026,CAN,DOM,True,CAN,415967,Kymani,Walters,6,3,TIRO3,FALLADO,,10,32
130888,02/06/2026,CAN,DOM,True,CAN,415968,Settimo,Yugu,5,3,TIRO2,CONVERTIDO,,140,31
130888,02/06/2026,CAN,DOM,False,DOM,416769,Enmanuel,Valera,27,3,TIRO2,FALLADO,,133,28
130888,02/06/2026,CAN,DOM,False,DOM,416805,Rayner,Montero,24,3,TIRO1,FALLADO,,0,0
130888,02/06/2026,CAN,DOM,False,DOM,416805,Rayner,Montero,24,3,TIRO1,CONVERTIDO,,0,0
130888,02/06/2026,CAN,DOM,False,DOM,390926,Marlon,Martinez,10,3,TIRO1,CONVERTIDO,,0,0
130888,02/06/2026,CAN,DOM,False,DOM,390926,Marlon,Martinez,10,3,TIRO1,CONVERTIDO,,0,0
130888,02/06/2026,CAN,DOM,True,CAN,410952,Lyris,Robinson,21,3,TIRO3,CONVERTIDO,,8,42
130888,02/06/2026,CAN,DOM,False,DOM,416771,Jack,Liz,5,3,TIRO3,FALLADO,,9,43
130888,02/06/2026,CAN,DOM,False,DOM,416769,Enmanuel,Valera,27,3,TIRO2,FALLADO,,132,40
130888,02/06/2026,CAN,DOM,True,CAN,410952,Lyris,Robinson,21,3,TIRO3,FALLADO,,272,33
130888,02/06/2026,CAN,DOM,False,DOM,416767,Angel,Parreño,7,3,TIRO2,FALLADO,,154,36
130888,02/06/2026,CAN,DOM,True,CAN,415968,Settimo,Yugu,5,3,TIRO2,CONVERTIDO,,82,85
130888,02/06/2026,CAN,DOM,False,DOM,416771,Jack,Liz,5,3,TIRO3,FALLADO,,247,120
130888,02/06/2026,CAN,DOM,True,CAN,415963,Emmanuel,Oko-Oboh,24,3,TIRO1,FALLADO,,0,0
130888,02/06/2026,CAN,DOM,True,CAN,415963,Emmanuel,Oko-Oboh,24,3,TIRO1,FALLADO,,0,0
130888,02/06/2026,CAN,DOM,True,CAN,415963,Emmanuel,Oko-Oboh,24,3,TIRO1,FALLADO,,0,0
130888,02/06/2026,CAN,DOM,True,CAN,415963,Emmanuel,Oko-Oboh,24,3,TIRO1,CONVERTIDO,,0,0
130888,02/06/2026,CAN,DOM,False,DOM,416768,Brayan,Santana,3,3,TIRO2,CONVERTIDO,,160,36
130888,02/06/2026,CAN,DOM,True,CAN,391167,Nathan,Yambayamba,8,4,TIRO3,CONVERTIDO,,104,169
130888,02/06/2026,CAN,DOM,False,DOM,416771,Jack,Liz,5,4,TIRO2,FALLADO,,145,15
130888,02/06/2026,CAN,DOM,True,CAN,410952,Lyris,Robinson,21,4,TIRO2,CONVERTIDO,,144,39
130888,02/06/2026,CAN,DOM,False,DOM,390926,Marlon,Martinez,10,4,TIRO3,FALLADO,,228,150
130888,02/06/2026,CAN,DOM,True,CAN,342309,Maxime,Meyer,15,4,TIRO2,FALLADO,,140,42
130888,02/06/2026,CAN,DOM,True,CAN,342309,Maxime,Meyer,15,4,TIRO2,CONVERTIDO,,140,31
130888,02/06/2026,CAN,DOM,False,DOM,390926,Marlon,Martinez,10,4,TIRO2,FALLADO,,153,30
130888,02/06/2026,CAN,DOM,True,CAN,342682,Godson,Okokoh,4,4,TIRO2,CONVERTIDO,,136,23
130888,02/06/2026,CAN,DOM,False,DOM,416805,Rayner,Montero,24,4,TIRO2,FALLADO,,141,28
130888,02/06/2026,CAN,DOM,True,CAN,410952,Lyris,Robinson,21,4,TIRO1,CONVERTIDO,,0,0
130888,02/06/2026,CAN,DOM,True,CAN,410952,Lyris,Robinson,21,4,TIRO1,CONVERTIDO,,0,0
130888,02/06/2026,CAN,DOM,False,DOM,416767,Angel,Parreño,7,4,TIRO2,FALLADO,,29,43
130888,02/06/2026,CAN,DOM,True,CAN,342309,Maxime,Meyer,15,4,TIRO2,FALLADO,,157,87
130888,02/06/2026,CAN,DOM,False,DOM,416767,Angel,Parreño,7,4,TIRO2,FALLADO,,152,40
130888,02/06/2026,CAN,DOM,False,DOM,416805,Rayner,Montero,24,4,TIRO1,CONVERTIDO,,0,0
130888,02/06/2026,CAN,DOM,False,DOM,416805,Rayner,Montero,24,4,TIRO1,CONVERTIDO,,0,0
130888,02/06/2026,CAN,DOM,True,CAN,415966,Javion,Tyndale,3,4,TIRO1,FALLADO,,0,0
130888,02/06/2026,CAN,DOM,True,CAN,415966,Javion,Tyndale,3,4,TIRO1,CONVERTIDO,,0,0
130888,02/06/2026,CAN,DOM,True,CAN,415966,Javion,Tyndale,3,4,TIRO3,CONVERTIDO,,182,162
130888,02/06/2026,CAN,DOM,False,DOM,416899,Derek,Gomez,8,4,TIRO3,FALLADO,,168,164
130888,02/06/2026,CAN,DOM,True,CAN,391168,Deng,Ngor,11,4,TIRO3,FALLADO,,125,175
130888,02/06/2026,CAN,DOM,False,DOM,416768,Brayan,Santana,3,4,TIRO2,FALLADO,,127,29
130888,02/06/2026,CAN,DOM,False,DOM,384379,Luis,Valdez,12,4,TIRO2,CONVERTIDO,,161,26
130888,02/06/2026,CAN,DOM,True,CAN,415967,Kymani,Walters,6,4,TIRO2,CONVERTIDO,,120,27
130888,02/06/2026,CAN,DOM,True,CAN,415967,Kymani,Walters,6,4,TIRO1,CONVERTIDO,,0,0
130888,02/06/2026,CAN,DOM,False,DOM,416767,Angel,Parreño,7,4,TIRO2,FALLADO,,252,26
130888,02/06/2026,CAN,DOM,True,CAN,391168,Deng,Ngor,11,4,TIRO2,CONVERTIDO,,139,39
130888,02/06/2026,CAN,DOM,False,DOM,416898,Brayan,Camacho,4,4,TIRO3,FALLADO,,9,40
130888,02/06/2026,CAN,DOM,True,CAN,391168,Deng,Ngor,11,4,TIRO2,CONVERTIDO,,134,24
130888,02/06/2026,CAN,DOM,False,DOM,416768,Brayan,Santana,3,4,TIRO2,CONVERTIDO,,139,30
130888,02/06/2026,CAN,DOM,False,DOM,416899,Derek,Gomez,8,4,TIRO2,FALLADO,,212,53
130888,02/06/2026,CAN,DOM,False,DOM,384379,Luis,Valdez,12,4,TIRO2,FALLADO,,154,31
130888,02/06/2026,CAN,DOM,False,DOM,416767,Angel,Parreño,7,4,TIRO2,CONVERTIDO,,140,31
130888,02/06/2026,CAN,DOM,True,CAN,392260,Abdul-Malik,Olajuwon,2,4,TIRO2,CONVERTIDO,,77,95
130888,02/06/2026,CAN,DOM,False,DOM,416768,Brayan,Santana,3,4,TIRO2,FALLADO,,118,33
130888,02/06/2026,CAN,DOM,True,CAN,392260,Abdul-Malik,Olajuwon,2,4,TIRO3,FALLADO,,6,29
130888,02/06/2026,CAN,DOM,True,CAN,342682,Godson,Okokoh,4,4,TIRO2,FALLADO,,141,43
130888,02/06/2026,CAN,DOM,False,DOM,416767,Angel,Parreño,7,4,TIRO2,FALLADO,,130,41
130888,02/06/2026,CAN,DOM,True,CAN,271788,Mateo,Vigneault,22,4,TIRO1,FALLADO,,0,0
130888,02/06/2026,CAN,DOM,True,CAN,271788,Mateo,Vigneault,22,4,TIRO1,CONVERTIDO,,0,0
130888,02/06/2026,CAN,DOM,False,DOM,416768,Brayan,Santana,3,4,TIRO3,CONVERTIDO,,251,124
130888,02/06/2026,CAN,DOM,True,CAN,342682,Godson,Okokoh,4,4,TIRO1,FALLADO,,0,0
130888,02/06/2026,CAN,DOM,True,CAN,342682,Godson,Okokoh,4,4,TIRO1,CONVERTIDO,,0,0
130888,02/06/2026,CAN,DOM,False,DOM,416767,Angel,Parreño,7,4,TIRO2,FALLADO,,151,31
130888,02/06/2026,CAN,DOM,True,CAN,415967,Kymani,Walters,6,4,TIRO2,FALLADO,,138,44
130888,02/06/2026,CAN,DOM,True,CAN,392260,Abdul-Malik,Olajuwon,2,4,TIRO2,CONVERTIDO,,131,51
130888,02/06/2026,CAN,DOM,False,DOM,384379,Luis,Valdez,12,4,TIRO3,CONVERTIDO,,152,169
130888,02/06/2026,CAN,DOM,False,DOM,416767,Angel,Parreño,7,4,TIRO3,FALLADO,,153,179
130888,02/06/2026,CAN,DOM,False,DOM,384379,Luis,Valdez,12,4,TIRO2,CONVERTIDO,,148,40
130888,02/06/2026,CAN,DOM,True,CAN,392260,Abdul-Malik,Olajuwon,2,4,TIRO3,FALLADO,,28,126
130888,02/06/2026,CAN,DOM,False,DOM,416899,Derek,Gomez,8,4,TIRO2,FALLADO,,163,136
130888,02/06/2026,CAN,DOM,True,CAN,271788,Mateo,Vigneault,22,4,TIRO3,FALLADO,,98,63
130886,02/06/2026,PUR,VEN,False,VEN,390925,Jose,Lara,7,1,TIRO3,FALLADO,,266,83
130886,02/06/2026,PUR,VEN,False,VEN,378577,Kevin,Gutierrez,14,1,TIRO2,FALLADO,,161,29
130886,02/06/2026,PUR,VEN,False,VEN,378577,Kevin,Gutierrez,14,1,TIRO3,FALLADO,,270,27
130886,02/06/2026,PUR,VEN,False,VEN,378579,Deiker,Torres,2,1,TIRO3,CONVERTIDO,,5,31
130886,02/06/2026,PUR,VEN,True,PUR,417164,Jomar,Bernard,13,1,TIRO2,CONVERTIDO,,195,80
130886,02/06/2026,PUR,VEN,False,VEN,390925,Jose,Lara,7,1,TIRO3,FALLADO,,14,25
130886,02/06/2026,PUR,VEN,True,PUR,319586,Myles,Fuentes,3,1,TIRO2,CONVERTIDO,,165,37
130886,02/06/2026,PUR,VEN,False,VEN,390925,Jose,Lara,7,1,TIRO2,FALLADO,,95,42
130886,02/06/2026,PUR,VEN,True,PUR,319575,Felipe,Quinones,21,1,TIRO2,FALLADO,,113,69
130886,02/06/2026,PUR,VEN,True,PUR,416814,Lenuel,Narvaez,15,1,TIRO2,CONVERTIDO,,170,44
130886,02/06/2026,PUR,VEN,False,VEN,378576,Williams,Anillo,18,1,TIRO3,CONVERTIDO,,230,135
130886,02/06/2026,PUR,VEN,True,PUR,417164,Jomar,Bernard,13,1,TIRO2,FALLADO,,122,38
130886,02/06/2026,PUR,VEN,False,VEN,390925,Jose,Lara,7,1,TIRO1,FALLADO,,0,0
130886,02/06/2026,PUR,VEN,False,VEN,390925,Jose,Lara,7,1,TIRO1,FALLADO,,0,0
130886,02/06/2026,PUR,VEN,False,VEN,378576,Williams,Anillo,18,1,TIRO3,FALLADO,,28,116
130886,02/06/2026,PUR,VEN,False,VEN,378577,Kevin,Gutierrez,14,1,TIRO1,FALLADO,,0,0
130886,02/06/2026,PUR,VEN,False,VEN,378577,Kevin,Gutierrez,14,1,TIRO1,FALLADO,,0,0
130886,02/06/2026,PUR,VEN,True,PUR,343131,James,Rivera,14,1,TIRO2,FALLADO,,110,32
130886,02/06/2026,PUR,VEN,False,VEN,378577,Kevin,Gutierrez,14,1,TIRO1,CONVERTIDO,,0,0
130886,02/06/2026,PUR,VEN,False,VEN,378577,Kevin,Gutierrez,14,1,TIRO1,FALLADO,,0,0
130886,02/06/2026,PUR,VEN,True,PUR,416823,Derick,Salaberrios,12,1,TIRO3,CONVERTIDO,,9,50
130886,02/06/2026,PUR,VEN,False,VEN,378577,Kevin,Gutierrez,14,1,TIRO2,FALLADO,,160,27
130886,02/06/2026,PUR,VEN,False,VEN,416954,Leonardo,Benitez,30,1,TIRO2,FALLADO,,112,35
130886,02/06/2026,PUR,VEN,True,PUR,319575,Felipe,Quinones,21,1,TIRO2,FALLADO,,145,73
130886,02/06/2026,PUR,VEN,False,VEN,378576,Williams,Anillo,18,1,TIRO3,FALLADO,,241,117
130886,02/06/2026,PUR,VEN,True,PUR,319575,Felipe,Quinones,21,1,TIRO1,CONVERTIDO,,0,0
130886,02/06/2026,PUR,VEN,True,PUR,319575,Felipe,Quinones,21,1,TIRO1,CONVERTIDO,,0,0
130886,02/06/2026,PUR,VEN,True,PUR,416823,Derick,Salaberrios,12,1,TIRO2,FALLADO,,129,47
130886,02/06/2026,PUR,VEN,True,PUR,384042,Darell,Rodriguez,20,1,TIRO2,CONVERTIDO,,154,48
130886,02/06/2026,PUR,VEN,True,PUR,319576,Gustavo,Roca,1,1,TIRO2,CONVERTIDO,,168,50
130886,02/06/2026,PUR,VEN,False,VEN,409360,Juan,Perdomo,9,1,TIRO3,FALLADO,,273,64
130886,02/06/2026,PUR,VEN,False,VEN,416968,Yeferson,Sanchez,21,1,TIRO2,CONVERTIDO,,104,55
130886,02/06/2026,PUR,VEN,True,PUR,416823,Derick,Salaberrios,12,1,TIRO2,FALLADO,,161,94
130886,02/06/2026,PUR,VEN,False,VEN,409360,Juan,Perdomo,9,1,TIRO2,FALLADO,,156,34
130886,02/06/2026,PUR,VEN,False,VEN,409363,Richard,Segovia,4,1,TIRO2,CONVERTIDO,,103,55
130886,02/06/2026,PUR,VEN,True,PUR,343088,Davey,Candelaria,10,1,TIRO2,CONVERTIDO,,177,43
130886,02/06/2026,PUR,VEN,False,VEN,409363,Richard,Segovia,4,1,TIRO3,FALLADO,,270,3
130886,02/06/2026,PUR,VEN,True,PUR,319576,Gustavo,Roca,1,2,TIRO2,FALLADO,,162,37
130886,02/06/2026,PUR,VEN,True,PUR,319586,Myles,Fuentes,3,2,TIRO2,CONVERTIDO,,140,31
130886,02/06/2026,PUR,VEN,True,PUR,319575,Felipe,Quinones,21,2,TIRO1,FALLADO,,0,0
130886,02/06/2026,PUR,VEN,True,PUR,319575,Felipe,Quinones,21,2,TIRO1,CONVERTIDO,,0,0
130886,02/06/2026,PUR,VEN,False,VEN,390925,Jose,Lara,7,2,TIRO2,FALLADO,,106,48
130886,02/06/2026,PUR,VEN,True,PUR,319586,Myles,Fuentes,3,2,TIRO3,FALLADO,,191,193
130886,02/06/2026,PUR,VEN,False,VEN,409363,Richard,Segovia,4,2,TIRO3,CONVERTIDO,,219,145
130886,02/06/2026,PUR,VEN,False,VEN,378579,Deiker,Torres,2,2,TIRO2,CONVERTIDO,,166,39
130886,02/06/2026,PUR,VEN,False,VEN,378579,Deiker,Torres,2,2,TIRO1,CONVERTIDO,,0,0
130886,02/06/2026,PUR,VEN,True,PUR,319575,Felipe,Quinones,21,2,TIRO2,CONVERTIDO,,198,91
130886,02/06/2026,PUR,VEN,False,VEN,409358,Samuel,Niño,23,2,TIRO2,FALLADO,,119,40
130886,02/06/2026,PUR,VEN,False,VEN,390925,Jose,Lara,7,2,TIRO2,FALLADO,,113,29
130886,02/06/2026,PUR,VEN,False,VEN,416968,Yeferson,Sanchez,21,2,TIRO2,FALLADO,,183,46
130886,02/06/2026,PUR,VEN,False,VEN,409358,Samuel,Niño,23,2,TIRO2,CONVERTIDO,,176,51
130886,02/06/2026,PUR,VEN,True,PUR,319586,Myles,Fuentes,3,2,TIRO3,CONVERTIDO,,221,150
130886,02/06/2026,PUR,VEN,True,PUR,319586,Myles,Fuentes,3,2,TIRO2,CONVERTIDO,,137,69
130886,02/06/2026,PUR,VEN,False,VEN,409363,Richard,Segovia,4,2,TIRO2,FALLADO,,122,51
130886,02/06/2026,PUR,VEN,True,PUR,319576,Gustavo,Roca,1,2,TIRO2,FALLADO,,118,56
130886,02/06/2026,PUR,VEN,False,VEN,390925,Jose,Lara,7,2,TIRO2,FALLADO,,115,50
130886,02/06/2026,PUR,VEN,False,VEN,390925,Jose,Lara,7,2,TIRO2,FALLADO,,202,47
130886,02/06/2026,PUR,VEN,False,VEN,378576,Williams,Anillo,18,2,TIRO2,CONVERTIDO,,119,35
130886,02/06/2026,PUR,VEN,False,VEN,409363,Richard,Segovia,4,2,TIRO2,CONVERTIDO,,150,43
130886,02/06/2026,PUR,VEN,True,PUR,416822,Andrew,Rosario,0,2,TIRO3,CONVERTIDO,,11,90
130886,02/06/2026,PUR,VEN,False,VEN,378576,Williams,Anillo,18,2,TIRO3,CONVERTIDO,,21,118
130886,02/06/2026,PUR,VEN,True,PUR,416822,Andrew,Rosario,0,2,TIRO3,FALLADO,,9,23
130886,02/06/2026,PUR,VEN,True,PUR,319575,Felipe,Quinones,21,2,TIRO2,FALLADO,,219,83
130886,02/06/2026,PUR,VEN,False,VEN,378577,Kevin,Gutierrez,14,2,TIRO1,CONVERTIDO,,0,0
130886,02/06/2026,PUR,VEN,False,VEN,378577,Kevin,Gutierrez,14,2,TIRO1,FALLADO,,0,0
130886,02/06/2026,PUR,VEN,True,PUR,416823,Derick,Salaberrios,12,2,TIRO3,FALLADO,,10,33
130886,02/06/2026,PUR,VEN,True,PUR,319586,Myles,Fuentes,3,2,TIRO2,FALLADO,,83,34
130886,02/06/2026,PUR,VEN,True,PUR,384042,Darell,Rodriguez,20,2,TIRO2,CONVERTIDO,,140,31
130886,02/06/2026,PUR,VEN,False,VEN,409360,Juan,Perdomo,9,2,TIRO3,FALLADO,,270,29
130886,02/06/2026,PUR,VEN,True,PUR,319575,Felipe,Quinones,21,2,TIRO1,FALLADO,,0,0
130886,02/06/2026,PUR,VEN,True,PUR,319575,Felipe,Quinones,21,2,TIRO1,CONVERTIDO,,0,0
130886,02/06/2026,PUR,VEN,False,VEN,378576,Williams,Anillo,18,2,TIRO3,FALLADO,,124,171
130886,02/06/2026,PUR,VEN,False,VEN,378577,Kevin,Gutierrez,14,2,TIRO2,CONVERTIDO,,140,31
130886,02/06/2026,PUR,VEN,True,PUR,416822,Andrew,Rosario,0,2,TIRO1,FALLADO,,0,0
130886,02/06/2026,PUR,VEN,True,PUR,416822,Andrew,Rosario,0,2,TIRO1,CONVERTIDO,,0,0
130886,02/06/2026,PUR,VEN,False,VEN,378579,Deiker,Torres,2,2,TIRO2,FALLADO,,157,46
130886,02/06/2026,PUR,VEN,False,VEN,378547,Bryan,Gomez,5,2,TIRO2,FALLADO,,160,37
130886,02/06/2026,PUR,VEN,True,PUR,319575,Felipe,Quinones,21,2,TIRO2,FALLADO,,183,62
130886,02/06/2026,PUR,VEN,True,PUR,384042,Darell,Rodriguez,20,2,TIRO2,CONVERTIDO,,112,53
130886,02/06/2026,PUR,VEN,False,VEN,378577,Kevin,Gutierrez,14,2,TIRO2,FALLADO,,162,39
130886,02/06/2026,PUR,VEN,False,VEN,409360,Juan,Perdomo,9,2,TIRO2,CONVERTIDO,,130,60
130886,02/06/2026,PUR,VEN,True,PUR,416822,Andrew,Rosario,0,2,TIRO3,FALLADO,,42,135
130886,02/06/2026,PUR,VEN,False,VEN,409360,Juan,Perdomo,9,2,TIRO2,CONVERTIDO,,96,29
130886,02/06/2026,PUR,VEN,True,PUR,319586,Myles,Fuentes,3,2,TIRO3,CONVERTIDO,,227,150
130886,02/06/2026,PUR,VEN,True,PUR,417164,Jomar,Bernard,13,3,TIRO2,FALLADO,,168,38
130886,02/06/2026,PUR,VEN,True,PUR,343131,James,Rivera,14,3,TIRO2,FALLADO,,100,54
130886,02/06/2026,PUR,VEN,False,VEN,390925,Jose,Lara,7,3,TIRO2,FALLADO,,126,42
130886,02/06/2026,PUR,VEN,False,VEN,378576,Williams,Anillo,18,3,TIRO2,CONVERTIDO,,110,45
130886,02/06/2026,PUR,VEN,True,PUR,319586,Myles,Fuentes,3,3,TIRO2,CONVERTIDO,,108,29
130886,02/06/2026,PUR,VEN,False,VEN,378577,Kevin,Gutierrez,14,3,TIRO1,FALLADO,,0,0
130886,02/06/2026,PUR,VEN,False,VEN,378577,Kevin,Gutierrez,14,3,TIRO1,CONVERTIDO,,0,0
130886,02/06/2026,PUR,VEN,False,VEN,390925,Jose,Lara,7,3,TIRO2,FALLADO,,170,43
130886,02/06/2026,PUR,VEN,True,PUR,417164,Jomar,Bernard,13,3,TIRO3,FALLADO,,9,48
130886,02/06/2026,PUR,VEN,True,PUR,319575,Felipe,Quinones,21,3,TIRO2,FALLADO,,192,42
130886,02/06/2026,PUR,VEN,False,VEN,378576,Williams,Anillo,18,3,TIRO3,FALLADO,,37,128
130886,02/06/2026,PUR,VEN,True,PUR,343131,James,Rivera,14,3,TIRO2,CONVERTIDO,,189,34
130886,02/06/2026,PUR,VEN,True,PUR,343131,James,Rivera,14,3,TIRO1,FALLADO,,0,0
130886,02/06/2026,PUR,VEN,False,VEN,378577,Kevin,Gutierrez,14,3,TIRO3,FALLADO,,258,110
130886,02/06/2026,PUR,VEN,False,VEN,390925,Jose,Lara,7,3,TIRO2,CONVERTIDO,,164,44
130886,02/06/2026,PUR,VEN,False,VEN,378577,Kevin,Gutierrez,14,3,TIRO3,FALLADO,,39,138
130886,02/06/2026,PUR,VEN,True,PUR,319575,Felipe,Quinones,21,3,TIRO1,CONVERTIDO,,0,0
130886,02/06/2026,PUR,VEN,True,PUR,319575,Felipe,Quinones,21,3,TIRO1,CONVERTIDO,,0,0
130886,02/06/2026,PUR,VEN,True,PUR,319575,Felipe,Quinones,21,3,TIRO1,FALLADO,,0,0
130886,02/06/2026,PUR,VEN,True,PUR,343131,James,Rivera,14,3,TIRO2,FALLADO,,198,84
130886,02/06/2026,PUR,VEN,False,VEN,378576,Williams,Anillo,18,3,TIRO1,CONVERTIDO,,0,0
130886,02/06/2026,PUR,VEN,False,VEN,378576,Williams,Anillo,18,3,TIRO1,FALLADO,,0,0
130886,02/06/2026,PUR,VEN,True,PUR,384042,Darell,Rodriguez,20,3,TIRO2,FALLADO,,123,34
130886,02/06/2026,PUR,VEN,True,PUR,319575,Felipe,Quinones,21,3,TIRO2,CONVERTIDO,,165,20
130886,02/06/2026,PUR,VEN,False,VEN,416968,Yeferson,Sanchez,21,3,TIRO2,FALLADO,,122,31
130886,02/06/2026,PUR,VEN,False,VEN,416968,Yeferson,Sanchez,21,3,TIRO2,FALLADO,,160,69
130886,02/06/2026,PUR,VEN,True,PUR,319575,Felipe,Quinones,21,3,TIRO2,CONVERTIDO,,145,29
130886,02/06/2026,PUR,VEN,False,VEN,409358,Samuel,Niño,23,3,TIRO1,CONVERTIDO,,0,0
130886,02/06/2026,PUR,VEN,False,VEN,409358,Samuel,Niño,23,3,TIRO1,CONVERTIDO,,0,0
130886,02/06/2026,PUR,VEN,True,PUR,319575,Felipe,Quinones,21,3,TIRO1,FALLADO,,0,0
130886,02/06/2026,PUR,VEN,True,PUR,319575,Felipe,Quinones,21,3,TIRO1,CONVERTIDO,,0,0
130886,02/06/2026,PUR,VEN,False,VEN,409363,Richard,Segovia,4,3,TIRO2,CONVERTIDO,,179,98
130886,02/06/2026,PUR,VEN,True,PUR,319576,Gustavo,Roca,1,3,TIRO2,FALLADO,,62,49
130886,02/06/2026,PUR,VEN,False,VEN,409363,Richard,Segovia,4,3,TIRO3,FALLADO,,129,173
130886,02/06/2026,PUR,VEN,False,VEN,409360,Juan,Perdomo,9,3,TIRO3,CONVERTIDO,,58,154
130886,02/06/2026,PUR,VEN,True,PUR,416814,Lenuel,Narvaez,15,3,TIRO2,CONVERTIDO,,157,45
130886,02/06/2026,PUR,VEN,False,VEN,409363,Richard,Segovia,4,3,TIRO2,FALLADO,,113,52
130886,02/06/2026,PUR,VEN,False,VEN,378547,Bryan,Gomez,5,3,TIRO2,CONVERTIDO,,140,31
130886,02/06/2026,PUR,VEN,True,PUR,319586,Myles,Fuentes,3,3,TIRO1,FALLADO,,0,0
130886,02/06/2026,PUR,VEN,True,PUR,319586,Myles,Fuentes,3,3,TIRO1,FALLADO,,0,0
130886,02/06/2026,PUR,VEN,False,VEN,356334,Diego,Soto,26,3,TIRO2,FALLADO,,68,40
130886,02/06/2026,PUR,VEN,False,VEN,378547,Bryan,Gomez,5,3,TIRO2,FALLADO,,171,52
130886,02/06/2026,PUR,VEN,False,VEN,409358,Samuel,Niño,23,3,TIRO2,CONVERTIDO,,140,31
130886,02/06/2026,PUR,VEN,True,PUR,319586,Myles,Fuentes,3,3,TIRO2,FALLADO,,157,27
130886,02/06/2026,PUR,VEN,False,VEN,409363,Richard,Segovia,4,3,TIRO2,FALLADO,,170,46
130886,02/06/2026,PUR,VEN,True,PUR,416822,Andrew,Rosario,0,3,TIRO3,FALLADO,,262,104
130886,02/06/2026,PUR,VEN,False,VEN,409360,Juan,Perdomo,9,3,TIRO2,CONVERTIDO,,126,127
130886,02/06/2026,PUR,VEN,True,PUR,416814,Lenuel,Narvaez,15,3,TIRO2,CONVERTIDO,,120,43
130886,02/06/2026,PUR,VEN,False,VEN,409358,Samuel,Niño,23,3,TIRO2,CONVERTIDO,,153,18
130886,02/06/2026,PUR,VEN,True,PUR,319575,Felipe,Quinones,21,3,TIRO3,FALLADO,,107,160
130886,02/06/2026,PUR,VEN,False,VEN,409358,Samuel,Niño,23,4,TIRO1,FALLADO,,0,0
130886,02/06/2026,PUR,VEN,False,VEN,409358,Samuel,Niño,23,4,TIRO1,CONVERTIDO,,0,0
130886,02/06/2026,PUR,VEN,False,VEN,356334,Diego,Soto,26,4,TIRO2,CONVERTIDO,,165,44
130886,02/06/2026,PUR,VEN,True,PUR,319575,Felipe,Quinones,21,4,TIRO1,FALLADO,,0,0
130886,02/06/2026,PUR,VEN,True,PUR,319575,Felipe,Quinones,21,4,TIRO1,CONVERTIDO,,0,0
130886,02/06/2026,PUR,VEN,True,PUR,417164,Jomar,Bernard,13,4,TIRO3,FALLADO,,6,22
130886,02/06/2026,PUR,VEN,True,PUR,319575,Felipe,Quinones,21,4,TIRO3,FALLADO,,230,138
130886,02/06/2026,PUR,VEN,False,VEN,378547,Bryan,Gomez,5,4,TIRO2,CONVERTIDO,,137,49
130886,02/06/2026,PUR,VEN,True,PUR,417164,Jomar,Bernard,13,4,TIRO2,FALLADO,,158,36
130886,02/06/2026,PUR,VEN,True,PUR,319586,Myles,Fuentes,3,4,TIRO1,CONVERTIDO,,0,0
130886,02/06/2026,PUR,VEN,True,PUR,319586,Myles,Fuentes,3,4,TIRO1,FALLADO,,0,0
130886,02/06/2026,PUR,VEN,True,PUR,319586,Myles,Fuentes,3,4,TIRO2,CONVERTIDO,,134,51
130886,02/06/2026,PUR,VEN,False,VEN,409360,Juan,Perdomo,9,4,TIRO2,FALLADO,,100,90
130886,02/06/2026,PUR,VEN,True,PUR,416814,Lenuel,Narvaez,15,4,TIRO2,CONVERTIDO,,162,34
130886,02/06/2026,PUR,VEN,False,VEN,378576,Williams,Anillo,18,4,TIRO2,FALLADO,,176,69
130886,02/06/2026,PUR,VEN,False,VEN,409363,Richard,Segovia,4,4,TIRO1,CONVERTIDO,,0,0
130886,02/06/2026,PUR,VEN,False,VEN,409358,Samuel,Niño,23,4,TIRO2,CONVERTIDO,,172,40
130886,02/06/2026,PUR,VEN,True,PUR,319575,Felipe,Quinones,21,4,TIRO2,FALLADO,,119,36
130886,02/06/2026,PUR,VEN,True,PUR,416822,Andrew,Rosario,0,4,TIRO3,FALLADO,,173,159
130886,02/06/2026,PUR,VEN,False,VEN,378577,Kevin,Gutierrez,14,4,TIRO2,FALLADO,,132,71
130886,02/06/2026,PUR,VEN,False,VEN,409360,Juan,Perdomo,9,4,TIRO2,CONVERTIDO,,140,31
130886,02/06/2026,PUR,VEN,True,PUR,417164,Jomar,Bernard,13,4,TIRO2,CONVERTIDO,,47,76
130886,02/06/2026,PUR,VEN,True,PUR,319586,Myles,Fuentes,3,4,TIRO2,FALLADO,,124,82
130886,02/06/2026,PUR,VEN,False,VEN,378577,Kevin,Gutierrez,14,4,TIRO2,FALLADO,,191,81
130886,02/06/2026,PUR,VEN,True,PUR,319586,Myles,Fuentes,3,4,TIRO2,CONVERTIDO,,154,73
130886,02/06/2026,PUR,VEN,False,VEN,409358,Samuel,Niño,23,4,TIRO2,FALLADO,,118,54
130886,02/06/2026,PUR,VEN,True,PUR,416823,Derick,Salaberrios,12,4,TIRO1,CONVERTIDO,,0,0
130886,02/06/2026,PUR,VEN,True,PUR,416823,Derick,Salaberrios,12,4,TIRO1,CONVERTIDO,,0,0
130886,02/06/2026,PUR,VEN,False,VEN,378577,Kevin,Gutierrez,14,4,TIRO2,FALLADO,,53,58
130886,02/06/2026,PUR,VEN,False,VEN,409358,Samuel,Niño,23,4,TIRO2,FALLADO,,140,31
130886,02/06/2026,PUR,VEN,True,PUR,319575,Felipe,Quinones,21,4,TIRO3,CONVERTIDO,,29,98
130886,02/06/2026,PUR,VEN,False,VEN,409363,Richard,Segovia,4,4,TIRO2,CONVERTIDO,,120,53
130886,02/06/2026,PUR,VEN,False,VEN,378576,Williams,Anillo,18,4,TIRO1,FALLADO,,0,0
130886,02/06/2026,PUR,VEN,False,VEN,378576,Williams,Anillo,18,4,TIRO1,FALLADO,,0,0
130886,02/06/2026,PUR,VEN,False,VEN,378577,Kevin,Gutierrez,14,4,TIRO2,FALLADO,,125,75
130886,02/06/2026,PUR,VEN,False,VEN,378576,Williams,Anillo,18,4,TIRO2,FALLADO,,174,28
130886,02/06/2026,PUR,VEN,False,VEN,409363,Richard,Segovia,4,4,TIRO2,FALLADO,,92,136
130886,02/06/2026,PUR,VEN,True,PUR,417164,Jomar,Bernard,13,4,TIRO3,FALLADO,,248,128
130886,02/06/2026,PUR,VEN,True,PUR,319586,Myles,Fuentes,3,4,TIRO2,CONVERTIDO,,141,53
130886,02/06/2026,PUR,VEN,False,VEN,409363,Richard,Segovia,4,4,TIRO2,CONVERTIDO,,168,53
130886,02/06/2026,PUR,VEN,True,PUR,416814,Lenuel,Narvaez,15,4,TIRO2,CONVERTIDO,,55,69
130886,02/06/2026,PUR,VEN,True,PUR,416823,Derick,Salaberrios,12,4,TIRO2,CONVERTIDO,,156,60
130886,02/06/2026,PUR,VEN,False,VEN,409360,Juan,Perdomo,9,4,TIRO3,FALLADO,,214,162
130886,02/06/2026,PUR,VEN,False,VEN,409358,Samuel,Niño,23,4,TIRO2,CONVERTIDO,,159,48
130886,02/06/2026,PUR,VEN,True,PUR,319586,Myles,Fuentes,3,4,TIRO1,FALLADO,,0,0
130886,02/06/2026,PUR,VEN,True,PUR,319586,Myles,Fuentes,3,4,TIRO1,FALLADO,,0,0
130886,02/06/2026,PUR,VEN,False,VEN,409360,Juan,Perdomo,9,4,TIRO1,CONVERTIDO,,0,0
130886,02/06/2026,PUR,VEN,False,VEN,409360,Juan,Perdomo,9,4,TIRO1,CONVERTIDO,,0,0
130886,02/06/2026,PUR,VEN,False,VEN,409358,Samuel,Niño,23,4,TIRO1,CONVERTIDO,,0,0
130886,02/06/2026,PUR,VEN,False,VEN,409358,Samuel,Niño,23,4,TIRO1,CONVERTIDO,,0,0
130886,02/06/2026,PUR,VEN,True,PUR,319575,Felipe,Quinones,21,4,TIRO1,CONVERTIDO,,0,0
130886,02/06/2026,PUR,VEN,True,PUR,319575,Felipe,Quinones,21,4,TIRO1,CONVERTIDO,,0,0
130886,02/06/2026,PUR,VEN,True,PUR,319575,Felipe,Quinones,21,4,TIRO1,CONVERTIDO,,0,0
130880,02/06/2026,ARG,BRA,True,ARG,408871,Manuel,Hernandez,4,1,TIRO2,FALLADO,,149,105
130880,02/06/2026,ARG,BRA,False,BRA,330047,Pedro,Souza,11,1,TIRO2,CONVERTIDO,,141,35
130880,02/06/2026,ARG,BRA,True,ARG,362126,Benjamin,Pettovello,32,1,TIRO1,CONVERTIDO,,0,0
130880,02/06/2026,ARG,BRA,True,ARG,362126,Benjamin,Pettovello,32,1,TIRO1,FALLADO,,0,0
130880,02/06/2026,ARG,BRA,False,BRA,330039,Joao,Neves,14,1,TIRO3,CONVERTIDO,,29,120
130880,02/06/2026,ARG,BRA,True,ARG,409151,Santiago,Pettinaroli,14,1,TIRO3,CONVERTIDO,,15,94
130880,02/06/2026,ARG,BRA,False,BRA,330039,Joao,Neves,14,1,TIRO3,CONVERTIDO,,165,170
130880,02/06/2026,ARG,BRA,True,ARG,408871,Manuel,Hernandez,4,1,TIRO3,FALLADO,,134,168
130880,02/06/2026,ARG,BRA,False,BRA,405101,Pietro,Melo,10,1,TIRO3,FALLADO,,171,159
130880,02/06/2026,ARG,BRA,True,ARG,409151,Santiago,Pettinaroli,14,1,TIRO2,FALLADO,,146,55
130880,02/06/2026,ARG,BRA,False,BRA,331414,Isaiah,Santos,7,1,TIRO1,FALLADO,,0,0
130880,02/06/2026,ARG,BRA,False,BRA,331414,Isaiah,Santos,7,1,TIRO1,CONVERTIDO,,0,0
130880,02/06/2026,ARG,BRA,False,BRA,330039,Joao,Neves,14,1,TIRO3,CONVERTIDO,,104,165
130880,02/06/2026,ARG,BRA,True,ARG,398746,Roman,Moravansky,11,1,TIRO2,CONVERTIDO,,153,25
130880,02/06/2026,ARG,BRA,False,BRA,405101,Pietro,Melo,10,1,TIRO2,FALLADO,,147,38
130880,02/06/2026,ARG,BRA,True,ARG,409151,Santiago,Pettinaroli,14,1,TIRO1,CONVERTIDO,,0,0
130880,02/06/2026,ARG,BRA,True,ARG,409151,Santiago,Pettinaroli,14,1,TIRO1,CONVERTIDO,,0,0
130880,02/06/2026,ARG,BRA,False,BRA,330047,Pedro,Souza,11,1,TIRO2,FALLADO,,190,108
130880,02/06/2026,ARG,BRA,True,ARG,409151,Santiago,Pettinaroli,14,1,TIRO2,CONVERTIDO,,149,25
130880,02/06/2026,ARG,BRA,False,BRA,331414,Isaiah,Santos,7,1,TIRO2,CONVERTIDO,,142,43
130880,02/06/2026,ARG,BRA,False,BRA,405101,Pietro,Melo,10,1,TIRO2,CONVERTIDO,,138,30
130880,02/06/2026,ARG,BRA,True,ARG,409023,Joaquin,Celiz,9,1,TIRO2,CONVERTIDO,,172,123
130880,02/06/2026,ARG,BRA,False,BRA,330039,Joao,Neves,14,1,TIRO2,FALLADO,,126,42
130880,02/06/2026,ARG,BRA,True,ARG,409023,Joaquin,Celiz,9,1,TIRO2,FALLADO,,136,27
130880,02/06/2026,ARG,BRA,True,ARG,409023,Joaquin,Celiz,9,1,TIRO3,FALLADO,,26,101
130880,02/06/2026,ARG,BRA,True,ARG,409023,Joaquin,Celiz,9,1,TIRO2,CONVERTIDO,,148,28
130880,02/06/2026,ARG,BRA,False,BRA,405101,Pietro,Melo,10,1,TIRO2,CONVERTIDO,,87,123
130880,02/06/2026,ARG,BRA,True,ARG,398746,Roman,Moravansky,11,1,TIRO2,CONVERTIDO,,132,29
130880,02/06/2026,ARG,BRA,False,BRA,375131,Lucas,Moro,8,1,TIRO2,FALLADO,,135,36
130880,02/06/2026,ARG,BRA,True,ARG,408872,Bautista,Gobetti,6,1,TIRO3,FALLADO,,274,43
130880,02/06/2026,ARG,BRA,True,ARG,408871,Manuel,Hernandez,4,1,TIRO3,FALLADO,,4,30
130880,02/06/2026,ARG,BRA,False,BRA,375131,Lucas,Moro,8,1,TIRO3,FALLADO,,32,116
130880,02/06/2026,ARG,BRA,True,ARG,408870,Gonzalo,Aman,8,1,TIRO2,FALLADO,,154,28
130880,02/06/2026,ARG,BRA,False,BRA,330047,Pedro,Souza,11,1,TIRO2,FALLADO,,200,95
130880,02/06/2026,ARG,BRA,True,ARG,408870,Gonzalo,Aman,8,1,TIRO3,CONVERTIDO,,258,126
130880,02/06/2026,ARG,BRA,False,BRA,375131,Lucas,Moro,8,1,TIRO3,FALLADO,,8,25
130880,02/06/2026,ARG,BRA,False,BRA,383772,Bruno,Solano,12,1,TIRO3,FALLADO,,150,174
130880,02/06/2026,ARG,BRA,False,BRA,330047,Pedro,Souza,11,1,TIRO1,FALLADO,,0,0
130880,02/06/2026,ARG,BRA,False,BRA,330047,Pedro,Souza,11,1,TIRO1,CONVERTIDO,,0,0
130880,02/06/2026,ARG,BRA,False,BRA,405082,Caio,Mathias,2,1,TIRO2,FALLADO,,134,51
130880,02/06/2026,ARG,BRA,True,ARG,408857,Joaquin,Caumo,10,1,TIRO1,CONVERTIDO,,0,0
130880,02/06/2026,ARG,BRA,True,ARG,408857,Joaquin,Caumo,10,1,TIRO1,CONVERTIDO,,0,0
130880,02/06/2026,ARG,BRA,False,BRA,330047,Pedro,Souza,11,1,TIRO2,FALLADO,,131,34
130880,02/06/2026,ARG,BRA,True,ARG,408857,Joaquin,Caumo,10,1,TIRO1,CONVERTIDO,,0,0
130880,02/06/2026,ARG,BRA,True,ARG,408857,Joaquin,Caumo,10,1,TIRO1,CONVERTIDO,,0,0
130880,02/06/2026,ARG,BRA,True,ARG,408857,Joaquin,Caumo,10,1,TIRO1,FALLADO,,0,0
130880,02/06/2026,ARG,BRA,True,ARG,408870,Gonzalo,Aman,8,2,TIRO2,FALLADO,,155,53
130880,02/06/2026,ARG,BRA,False,BRA,405082,Caio,Mathias,2,2,TIRO3,FALLADO,,271,25
130880,02/06/2026,ARG,BRA,False,BRA,331414,Isaiah,Santos,7,2,TIRO3,FALLADO,,270,32
130880,02/06/2026,ARG,BRA,False,BRA,330039,Joao,Neves,14,2,TIRO3,FALLADO,,68,156
130880,02/06/2026,ARG,BRA,False,BRA,331414,Isaiah,Santos,7,2,TIRO1,CONVERTIDO,,0,0
130880,02/06/2026,ARG,BRA,False,BRA,331414,Isaiah,Santos,7,2,TIRO1,CONVERTIDO,,0,0
130880,02/06/2026,ARG,BRA,True,ARG,408857,Joaquin,Caumo,10,2,TIRO2,FALLADO,,78,42
130880,02/06/2026,ARG,BRA,False,BRA,405082,Caio,Mathias,2,2,TIRO3,CONVERTIDO,,271,45
130880,02/06/2026,ARG,BRA,True,ARG,408870,Gonzalo,Aman,8,2,TIRO3,FALLADO,,211,169
130880,02/06/2026,ARG,BRA,False,BRA,383772,Bruno,Solano,12,2,TIRO3,FALLADO,,81,166
130880,02/06/2026,ARG,BRA,False,BRA,331414,Isaiah,Santos,7,2,TIRO2,CONVERTIDO,,138,34
130880,02/06/2026,ARG,BRA,False,BRA,331414,Isaiah,Santos,7,2,TIRO1,CONVERTIDO,,0,0
130880,02/06/2026,ARG,BRA,True,ARG,409021,Elias,Torrens,7,2,TIRO2,CONVERTIDO,,140,36
130880,02/06/2026,ARG,BRA,True,ARG,409021,Elias,Torrens,7,2,TIRO1,FALLADO,,0,0
130880,02/06/2026,ARG,BRA,False,BRA,405082,Caio,Mathias,2,2,TIRO3,FALLADO,,6,34
130880,02/06/2026,ARG,BRA,False,BRA,383772,Bruno,Solano,12,2,TIRO3,FALLADO,,253,121
130880,02/06/2026,ARG,BRA,False,BRA,383772,Bruno,Solano,12,2,TIRO2,CONVERTIDO,,138,35
130880,02/06/2026,ARG,BRA,True,ARG,409023,Joaquin,Celiz,9,2,TIRO2,CONVERTIDO,,145,22
130880,02/06/2026,ARG,BRA,False,BRA,405101,Pietro,Melo,10,2,TIRO2,FALLADO,,134,29
130880,02/06/2026,ARG,BRA,True,ARG,409023,Joaquin,Celiz,9,2,TIRO2,FALLADO,,139,30
130880,02/06/2026,ARG,BRA,True,ARG,398746,Roman,Moravansky,11,2,TIRO2,CONVERTIDO,,140,31
130880,02/06/2026,ARG,BRA,False,BRA,330039,Joao,Neves,14,2,TIRO3,FALLADO,,170,171
130880,02/06/2026,ARG,BRA,True,ARG,409151,Santiago,Pettinaroli,14,2,TIRO3,FALLADO,,272,49
130880,02/06/2026,ARG,BRA,False,BRA,330047,Pedro,Souza,11,2,TIRO1,CONVERTIDO,,0,0
130880,02/06/2026,ARG,BRA,False,BRA,330047,Pedro,Souza,11,2,TIRO1,CONVERTIDO,,0,0
130880,02/06/2026,ARG,BRA,True,ARG,408857,Joaquin,Caumo,10,2,TIRO3,FALLADO,,188,161
130880,02/06/2026,ARG,BRA,False,BRA,331414,Isaiah,Santos,7,2,TIRO1,CONVERTIDO,,0,0
130880,02/06/2026,ARG,BRA,False,BRA,331414,Isaiah,Santos,7,2,TIRO1,CONVERTIDO,,0,0
130880,02/06/2026,ARG,BRA,True,ARG,408857,Joaquin,Caumo,10,2,TIRO3,FALLADO,,28,114
130880,02/06/2026,ARG,BRA,False,BRA,405082,Caio,Mathias,2,2,TIRO2,FALLADO,,150,35
130880,02/06/2026,ARG,BRA,True,ARG,408857,Joaquin,Caumo,10,2,TIRO3,CONVERTIDO,,12,34
130880,02/06/2026,ARG,BRA,False,BRA,405082,Caio,Mathias,2,2,TIRO3,CONVERTIDO,,210,154
130880,02/06/2026,ARG,BRA,True,ARG,409151,Santiago,Pettinaroli,14,2,TIRO2,FALLADO,,145,31
130880,02/06/2026,ARG,BRA,False,BRA,393060,Ruan,Moreira,9,2,TIRO2,FALLADO,,99,92
130880,02/06/2026,ARG,BRA,True,ARG,362126,Benjamin,Pettovello,32,2,TIRO2,CONVERTIDO,,144,29
130880,02/06/2026,ARG,BRA,False,BRA,330047,Pedro,Souza,11,2,TIRO3,FALLADO,,168,172
130880,02/06/2026,ARG,BRA,False,BRA,330039,Joao,Neves,14,2,TIRO3,FALLADO,,36,126
130880,02/06/2026,ARG,BRA,False,BRA,330047,Pedro,Souza,11,2,TIRO1,CONVERTIDO,,0,0
130880,02/06/2026,ARG,BRA,False,BRA,330047,Pedro,Souza,11,2,TIRO1,CONVERTIDO,,0,0
130880,02/06/2026,ARG,BRA,True,ARG,409023,Joaquin,Celiz,9,2,TIRO3,CONVERTIDO,,37,136
130880,02/06/2026,ARG,BRA,False,BRA,383772,Bruno,Solano,12,2,TIRO1,FALLADO,,0,0
130880,02/06/2026,ARG,BRA,False,BRA,383772,Bruno,Solano,12,2,TIRO1,CONVERTIDO,,0,0
130880,02/06/2026,ARG,BRA,True,ARG,409023,Joaquin,Celiz,9,2,TIRO2,CONVERTIDO,,138,24
130880,02/06/2026,ARG,BRA,False,BRA,405101,Pietro,Melo,10,2,TIRO3,FALLADO,,150,178
130880,02/06/2026,ARG,BRA,True,ARG,408872,Bautista,Gobetti,6,2,TIRO2,CONVERTIDO,,128,22
130880,02/06/2026,ARG,BRA,False,BRA,384600,Henry,Alves,16,2,TIRO2,CONVERTIDO,,135,45
130880,02/06/2026,ARG,BRA,True,ARG,408871,Manuel,Hernandez,4,2,TIRO2,FALLADO,,65,40
130880,02/06/2026,ARG,BRA,True,ARG,362126,Benjamin,Pettovello,32,2,TIRO2,FALLADO,,46,73
130880,02/06/2026,ARG,BRA,True,ARG,408872,Bautista,Gobetti,6,2,TIRO3,FALLADO,,51,142
130880,02/06/2026,ARG,BRA,False,BRA,330039,Joao,Neves,14,2,TIRO3,CONVERTIDO,,272,29
130880,02/06/2026,ARG,BRA,True,ARG,408871,Manuel,Hernandez,4,2,TIRO3,FALLADO,,58,157
