IdPartido,Fecha,Equipo_local,Equipo_visitante,NumAccion,Tipo,Equipo_lado,Dorsal,Jugador,Periodo,Tiempo,Marcador_local,Marcador_visitante
130879,01/06/2026,USA,ARG,0,INICIO-PARTIDO,,,,1,10:00,0,0
130879,01/06/2026,USA,ARG,1,INICIO-PERIODO,,,,1,10:00,0,0
130879,01/06/2026,USA,ARG,2,JUMP-BALL,,,,1,10:00,0,0
130879,01/06/2026,USA,ARG,3,JUMP-BALL,LOCAL,15,"TAYLOR, ETHAN",1,9:59,0,0
130879,01/06/2026,USA,ARG,4,JUMP-BALL,VISITANTE,32,"PETTOVELLO, BENJAMIN",1,9:59,0,0
130879,01/06/2026,USA,ARG,5,CANASTA-3P,LOCAL,7,"LANDREW, COLBEN",1,9:50,3,0
130879,01/06/2026,USA,ARG,6,ASISTENCIA,LOCAL,4,"KINNEY, TAYLEN",1,9:50,3,0
130879,01/06/2026,USA,ARG,7,TIRO3-FALLADO,VISITANTE,11,"MORAVANSKY, ROMAN",1,9:29,3,0
130879,01/06/2026,USA,ARG,8,REBOTE-DEFENSIVO,LOCAL,10,"DIGGS, ADAN",1,9:26,3,0
130879,01/06/2026,USA,ARG,9,TIRO2-FALLADO,LOCAL,10,"DIGGS, ADAN",1,9:16,3,0
130879,01/06/2026,USA,ARG,10,REBOTE-DEFENSIVO,VISITANTE,4,"HERNANDEZ, MANUEL",1,9:13,3,0
130879,01/06/2026,USA,ARG,11,FALTA-COMETIDA,LOCAL,12,"GASKINS, CALEB",1,8:53,3,0
130879,01/06/2026,USA,ARG,12,FALTA-RECIBIDA,VISITANTE,4,"HERNANDEZ, MANUEL",1,8:53,3,0
130879,01/06/2026,USA,ARG,13,CANASTA-1P,VISITANTE,4,"HERNANDEZ, MANUEL",1,8:53,3,1
130879,01/06/2026,USA,ARG,14,TIRO1-FALLADO,VISITANTE,4,"HERNANDEZ, MANUEL",1,8:53,3,1
130879,01/06/2026,USA,ARG,15,TIRO1-FALLADO,VISITANTE,4,"HERNANDEZ, MANUEL",1,8:53,3,1
130879,01/06/2026,USA,ARG,16,REBOTE-DEFENSIVO,LOCAL,15,"TAYLOR, ETHAN",1,8:53,3,1
130879,01/06/2026,USA,ARG,17,PERDIDA,LOCAL,12,"GASKINS, CALEB",1,8:42,3,1
130879,01/06/2026,USA,ARG,18,RECUPERACION,VISITANTE,32,"PETTOVELLO, BENJAMIN",1,8:42,3,1
130879,01/06/2026,USA,ARG,19,CANASTA-2P,VISITANTE,32,"PETTOVELLO, BENJAMIN",1,8:15,3,3
130879,01/06/2026,USA,ARG,20,CANASTA-3P,LOCAL,12,"GASKINS, CALEB",1,7:46,6,3
130879,01/06/2026,USA,ARG,21,ASISTENCIA,LOCAL,10,"DIGGS, ADAN",1,7:46,6,3
130879,01/06/2026,USA,ARG,22,CANASTA-2P,VISITANTE,14,"PETTINAROLI, SANTIAGO",1,7:32,6,5
130879,01/06/2026,USA,ARG,23,ASISTENCIA,VISITANTE,9,"CELIZ, JOAQUIN",1,7:32,6,5
130879,01/06/2026,USA,ARG,24,CANASTA-2P,LOCAL,10,"DIGGS, ADAN",1,7:19,8,5
130879,01/06/2026,USA,ARG,25,ASISTENCIA,LOCAL,15,"TAYLOR, ETHAN",1,7:19,8,5
130879,01/06/2026,USA,ARG,26,PERDIDA,VISITANTE,4,"HERNANDEZ, MANUEL",1,7:07,8,5
130879,01/06/2026,USA,ARG,27,RECUPERACION,LOCAL,15,"TAYLOR, ETHAN",1,7:07,8,5
130879,01/06/2026,USA,ARG,28,CANASTA-2P,LOCAL,4,"KINNEY, TAYLEN",1,7:02,10,5
130879,01/06/2026,USA,ARG,29,ASISTENCIA,LOCAL,15,"TAYLOR, ETHAN",1,7:02,10,5
130879,01/06/2026,USA,ARG,30,FALTA-COMETIDA,VISITANTE,11,"MORAVANSKY, ROMAN",1,7:02,10,5
130879,01/06/2026,USA,ARG,31,FALTA-RECIBIDA,LOCAL,4,"KINNEY, TAYLEN",1,7:02,10,5
130879,01/06/2026,USA,ARG,32,CAMBIO-JUGADOR-SALE,LOCAL,10,"DIGGS, ADAN",1,7:02,10,5
130879,01/06/2026,USA,ARG,33,CAMBIO-JUGADOR-SALE,LOCAL,15,"TAYLOR, ETHAN",1,7:02,10,5
130879,01/06/2026,USA,ARG,34,CAMBIO-JUGADOR-ENTRA,LOCAL,8,"BRANCH III, BRUCE",1,7:02,10,5
130879,01/06/2026,USA,ARG,35,CAMBIO-JUGADOR-ENTRA,LOCAL,11,"COLEMAN, QUENTIN",1,7:02,10,5
130879,01/06/2026,USA,ARG,36,TIRO1-FALLADO,LOCAL,4,"KINNEY, TAYLEN",1,7:02,10,5
130879,01/06/2026,USA,ARG,37,REBOTE-DEFENSIVO,VISITANTE,,,1,7:02,10,5
130879,01/06/2026,USA,ARG,38,CAMBIO-JUGADOR-SALE,LOCAL,4,"KINNEY, TAYLEN",1,7:01,10,5
130879,01/06/2026,USA,ARG,39,CAMBIO-JUGADOR-ENTRA,LOCAL,6,"THOMPSON, DAVION",1,7:01,10,5
130879,01/06/2026,USA,ARG,40,CAMBIO-JUGADOR-SALE,VISITANTE,32,"PETTOVELLO, BENJAMIN",1,7:01,10,5
130879,01/06/2026,USA,ARG,41,CAMBIO-JUGADOR-ENTRA,VISITANTE,7,"TORRENS, ELIAS",1,7:01,10,5
130879,01/06/2026,USA,ARG,42,TIRO2-FALLADO,VISITANTE,14,"PETTINAROLI, SANTIAGO",1,6:44,10,5
130879,01/06/2026,USA,ARG,43,REBOTE-DEFENSIVO,LOCAL,8,"BRANCH III, BRUCE",1,6:41,10,5
130879,01/06/2026,USA,ARG,44,PERDIDA,LOCAL,8,"BRANCH III, BRUCE",1,6:38,10,5
130879,01/06/2026,USA,ARG,45,RECUPERACION,VISITANTE,11,"MORAVANSKY, ROMAN",1,6:38,10,5
130879,01/06/2026,USA,ARG,46,CANASTA-2P,VISITANTE,14,"PETTINAROLI, SANTIAGO",1,6:33,10,7
130879,01/06/2026,USA,ARG,47,ASISTENCIA,VISITANTE,11,"MORAVANSKY, ROMAN",1,6:33,10,7
130879,01/06/2026,USA,ARG,48,TIRO3-FALLADO,LOCAL,11,"COLEMAN, QUENTIN",1,6:19,10,7
130879,01/06/2026,USA,ARG,49,REBOTE-DEFENSIVO,VISITANTE,9,"CELIZ, JOAQUIN",1,6:16,10,7
130879,01/06/2026,USA,ARG,50,TIRO2-FALLADO,VISITANTE,7,"TORRENS, ELIAS",1,5:59,10,7
130879,01/06/2026,USA,ARG,51,TAPON-COMETIDO,LOCAL,7,"LANDREW, COLBEN",1,5:59,10,7
130879,01/06/2026,USA,ARG,52,REBOTE-DEFENSIVO,LOCAL,7,"LANDREW, COLBEN",1,5:54,10,7
130879,01/06/2026,USA,ARG,53,TIRO2-FALLADO,LOCAL,12,"GASKINS, CALEB",1,5:52,10,7
130879,01/06/2026,USA,ARG,54,REBOTE-OFENSIVO,LOCAL,11,"COLEMAN, QUENTIN",1,5:47,10,7
130879,01/06/2026,USA,ARG,55,CANASTA-2P,LOCAL,11,"COLEMAN, QUENTIN",1,5:47,12,7
130879,01/06/2026,USA,ARG,56,FALTA-COMETIDA,LOCAL,11,"COLEMAN, QUENTIN",1,5:35,12,7
130879,01/06/2026,USA,ARG,57,FALTA-RECIBIDA,VISITANTE,11,"MORAVANSKY, ROMAN",1,5:35,12,7
130879,01/06/2026,USA,ARG,58,CAMBIO-JUGADOR-SALE,LOCAL,7,"LANDREW, COLBEN",1,5:35,12,7
130879,01/06/2026,USA,ARG,59,CAMBIO-JUGADOR-SALE,LOCAL,12,"GASKINS, CALEB",1,5:35,12,7
130879,01/06/2026,USA,ARG,60,CAMBIO-JUGADOR-ENTRA,LOCAL,5,"JORDAN, MALACHI",1,5:35,12,7
130879,01/06/2026,USA,ARG,61,CAMBIO-JUGADOR-ENTRA,LOCAL,13,"WABBINGTON, DARIUS",1,5:35,12,7
130879,01/06/2026,USA,ARG,62,CAMBIO-JUGADOR-SALE,VISITANTE,9,"CELIZ, JOAQUIN",1,5:35,12,7
130879,01/06/2026,USA,ARG,63,CAMBIO-JUGADOR-SALE,VISITANTE,14,"PETTINAROLI, SANTIAGO",1,5:35,12,7
130879,01/06/2026,USA,ARG,64,CAMBIO-JUGADOR-ENTRA,VISITANTE,1,"BASUALDO, LAUTARO",1,5:35,12,7
130879,01/06/2026,USA,ARG,65,CAMBIO-JUGADOR-ENTRA,VISITANTE,12,"FESSIA, MATEO",1,5:35,12,7
130879,01/06/2026,USA,ARG,66,PERDIDA,VISITANTE,12,"FESSIA, MATEO",1,5:25,12,7
130879,01/06/2026,USA,ARG,67,RECUPERACION,LOCAL,5,"JORDAN, MALACHI",1,5:25,12,7
130879,01/06/2026,USA,ARG,68,PERDIDA,LOCAL,5,"JORDAN, MALACHI",1,5:21,12,7
130879,01/06/2026,USA,ARG,69,TIRO2-FALLADO,VISITANTE,12,"FESSIA, MATEO",1,5:02,12,7
130879,01/06/2026,USA,ARG,70,REBOTE-OFENSIVO,VISITANTE,7,"TORRENS, ELIAS",1,5:02,12,7
130879,01/06/2026,USA,ARG,71,FALTA-COMETIDA,LOCAL,13,"WABBINGTON, DARIUS",1,5:01,12,7
130879,01/06/2026,USA,ARG,72,FALTA-RECIBIDA,VISITANTE,7,"TORRENS, ELIAS",1,5:01,12,7
130879,01/06/2026,USA,ARG,73,CAMBIO-JUGADOR-SALE,VISITANTE,4,"HERNANDEZ, MANUEL",1,5:01,12,7
130879,01/06/2026,USA,ARG,74,CAMBIO-JUGADOR-ENTRA,VISITANTE,10,"CAUMO, JOAQUIN",1,5:01,12,7
130879,01/06/2026,USA,ARG,75,TIRO1-FALLADO,VISITANTE,7,"TORRENS, ELIAS",1,5:01,12,7
130879,01/06/2026,USA,ARG,76,CANASTA-1P,VISITANTE,7,"TORRENS, ELIAS",1,5:01,12,8
130879,01/06/2026,USA,ARG,77,TIRO2-FALLADO,LOCAL,8,"BRANCH III, BRUCE",1,4:47,12,8
130879,01/06/2026,USA,ARG,78,REBOTE-OFENSIVO,LOCAL,11,"COLEMAN, QUENTIN",1,4:44,12,8
130879,01/06/2026,USA,ARG,79,CANASTA-2P,LOCAL,11,"COLEMAN, QUENTIN",1,4:42,14,8
130879,01/06/2026,USA,ARG,80,CAMBIO-JUGADOR-SALE,VISITANTE,11,"MORAVANSKY, ROMAN",1,4:28,14,8
130879,01/06/2026,USA,ARG,81,CAMBIO-JUGADOR-ENTRA,VISITANTE,6,"GOBETTI, BAUTISTA",1,4:28,14,8
130879,01/06/2026,USA,ARG,82,FALTA-COMETIDA,LOCAL,5,"JORDAN, MALACHI",1,4:28,14,8
130879,01/06/2026,USA,ARG,83,FALTA-RECIBIDA,VISITANTE,1,"BASUALDO, LAUTARO",1,4:28,14,8
130879,01/06/2026,USA,ARG,84,TIRO2-FALLADO,VISITANTE,7,"TORRENS, ELIAS",1,4:13,14,8
130879,01/06/2026,USA,ARG,85,REBOTE-DEFENSIVO,LOCAL,11,"COLEMAN, QUENTIN",1,4:11,14,8
130879,01/06/2026,USA,ARG,86,FALTA-COMETIDA,VISITANTE,10,"CAUMO, JOAQUIN",1,4:10,14,8
130879,01/06/2026,USA,ARG,87,FALTA-RECIBIDA,LOCAL,11,"COLEMAN, QUENTIN",1,4:10,14,8
130879,01/06/2026,USA,ARG,88,TIRO2-FALLADO,LOCAL,11,"COLEMAN, QUENTIN",1,4:01,14,8
130879,01/06/2026,USA,ARG,89,REBOTE-OFENSIVO,LOCAL,5,"JORDAN, MALACHI",1,3:57,14,8
130879,01/06/2026,USA,ARG,90,TIRO2-FALLADO,LOCAL,5,"JORDAN, MALACHI",1,3:57,14,8
130879,01/06/2026,USA,ARG,91,REBOTE-OFENSIVO,LOCAL,8,"BRANCH III, BRUCE",1,3:56,14,8
130879,01/06/2026,USA,ARG,92,TIRO2-FALLADO,LOCAL,13,"WABBINGTON, DARIUS",1,3:53,14,8
130879,01/06/2026,USA,ARG,93,REBOTE-OFENSIVO,LOCAL,8,"BRANCH III, BRUCE",1,3:50,14,8
130879,01/06/2026,USA,ARG,94,FALTA-COMETIDA,VISITANTE,1,"BASUALDO, LAUTARO",1,3:50,14,8
130879,01/06/2026,USA,ARG,95,FALTA-RECIBIDA,LOCAL,8,"BRANCH III, BRUCE",1,3:50,14,8
130879,01/06/2026,USA,ARG,96,CAMBIO-JUGADOR-SALE,LOCAL,5,"JORDAN, MALACHI",1,3:50,14,8
130879,01/06/2026,USA,ARG,97,CAMBIO-JUGADOR-ENTRA,LOCAL,14,"HENRY, DEMARCUS",1,3:50,14,8
130879,01/06/2026,USA,ARG,98,TIRO1-FALLADO,LOCAL,8,"BRANCH III, BRUCE",1,3:50,14,8
130879,01/06/2026,USA,ARG,99,TIRO1-FALLADO,LOCAL,8,"BRANCH III, BRUCE",1,3:50,14,8
130879,01/06/2026,USA,ARG,100,REBOTE-OFENSIVO,LOCAL,8,"BRANCH III, BRUCE",1,3:50,14,8
130879,01/06/2026,USA,ARG,101,CANASTA-2P,LOCAL,8,"BRANCH III, BRUCE",1,3:49,16,8
130879,01/06/2026,USA,ARG,102,TIRO3-FALLADO,VISITANTE,10,"CAUMO, JOAQUIN",1,3:36,16,8
130879,01/06/2026,USA,ARG,103,REBOTE-DEFENSIVO,LOCAL,8,"BRANCH III, BRUCE",1,3:34,16,8
130879,01/06/2026,USA,ARG,104,CAMBIO-JUGADOR-SALE,LOCAL,8,"BRANCH III, BRUCE",1,3:26,16,8
130879,01/06/2026,USA,ARG,105,CAMBIO-JUGADOR-ENTRA,LOCAL,9,"JERVIS, JASIAH",1,3:26,16,8
130879,01/06/2026,USA,ARG,106,CAMBIO-JUGADOR-SALE,VISITANTE,7,"TORRENS, ELIAS",1,3:26,16,8
130879,01/06/2026,USA,ARG,107,CAMBIO-JUGADOR-ENTRA,VISITANTE,32,"PETTOVELLO, BENJAMIN",1,3:26,16,8
130879,01/06/2026,USA,ARG,108,FALTA-COMETIDA,VISITANTE,32,"PETTOVELLO, BENJAMIN",1,3:16,16,8
130879,01/06/2026,USA,ARG,109,FALTA-RECIBIDA,LOCAL,6,"THOMPSON, DAVION",1,3:16,16,8
130879,01/06/2026,USA,ARG,110,PERDIDA,LOCAL,13,"WABBINGTON, DARIUS",1,3:14,16,8
130879,01/06/2026,USA,ARG,111,RECUPERACION,VISITANTE,32,"PETTOVELLO, BENJAMIN",1,3:14,16,8
130879,01/06/2026,USA,ARG,112,TIRO3-FALLADO,VISITANTE,10,"CAUMO, JOAQUIN",1,3:02,16,8
130879,01/06/2026,USA,ARG,113,REBOTE-DEFENSIVO,LOCAL,14,"HENRY, DEMARCUS",1,2:58,16,8
130879,01/06/2026,USA,ARG,114,CANASTA-2P,LOCAL,11,"COLEMAN, QUENTIN",1,2:45,18,8
130879,01/06/2026,USA,ARG,115,ASISTENCIA,LOCAL,13,"WABBINGTON, DARIUS",1,2:45,18,8
130879,01/06/2026,USA,ARG,116,TIRO2-FALLADO,VISITANTE,32,"PETTOVELLO, BENJAMIN",1,2:22,18,8
130879,01/06/2026,USA,ARG,117,REBOTE-DEFENSIVO,LOCAL,13,"WABBINGTON, DARIUS",1,2:19,18,8
130879,01/06/2026,USA,ARG,118,FALTA-COMETIDA,VISITANTE,32,"PETTOVELLO, BENJAMIN",1,2:14,18,8
130879,01/06/2026,USA,ARG,119,FALTA-RECIBIDA,LOCAL,14,"HENRY, DEMARCUS",1,2:14,18,8
130879,01/06/2026,USA,ARG,120,CAMBIO-JUGADOR-SALE,LOCAL,6,"THOMPSON, DAVION",1,2:14,18,8
130879,01/06/2026,USA,ARG,121,CAMBIO-JUGADOR-SALE,LOCAL,13,"WABBINGTON, DARIUS",1,2:14,18,8
130879,01/06/2026,USA,ARG,122,CAMBIO-JUGADOR-ENTRA,LOCAL,4,"KINNEY, TAYLEN",1,2:14,18,8
130879,01/06/2026,USA,ARG,123,CAMBIO-JUGADOR-ENTRA,LOCAL,15,"TAYLOR, ETHAN",1,2:14,18,8
130879,01/06/2026,USA,ARG,124,CAMBIO-JUGADOR-SALE,VISITANTE,1,"BASUALDO, LAUTARO",1,2:14,18,8
130879,01/06/2026,USA,ARG,125,CAMBIO-JUGADOR-ENTRA,VISITANTE,14,"PETTINAROLI, SANTIAGO",1,2:14,18,8
130879,01/06/2026,USA,ARG,126,TIRO1-FALLADO,LOCAL,14,"HENRY, DEMARCUS",1,2:14,18,8
130879,01/06/2026,USA,ARG,127,TIRO1-FALLADO,LOCAL,14,"HENRY, DEMARCUS",1,2:14,18,8
130879,01/06/2026,USA,ARG,128,REBOTE-DEFENSIVO,VISITANTE,6,"GOBETTI, BAUTISTA",1,2:14,18,8
130879,01/06/2026,USA,ARG,129,PERDIDA,VISITANTE,10,"CAUMO, JOAQUIN",1,1:52,18,8
130879,01/06/2026,USA,ARG,130,RECUPERACION,LOCAL,4,"KINNEY, TAYLEN",1,1:52,18,8
130879,01/06/2026,USA,ARG,131,CANASTA-2P,LOCAL,4,"KINNEY, TAYLEN",1,1:48,20,8
130879,01/06/2026,USA,ARG,132,TIRO2-FALLADO,VISITANTE,6,"GOBETTI, BAUTISTA",1,1:24,20,8
130879,01/06/2026,USA,ARG,133,REBOTE-OFENSIVO,VISITANTE,32,"PETTOVELLO, BENJAMIN",1,1:21,20,8
130879,01/06/2026,USA,ARG,134,CANASTA-3P,VISITANTE,10,"CAUMO, JOAQUIN",1,1:18,20,11
130879,01/06/2026,USA,ARG,135,ASISTENCIA,VISITANTE,32,"PETTOVELLO, BENJAMIN",1,1:18,20,11
130879,01/06/2026,USA,ARG,136,CANASTA-3P,LOCAL,11,"COLEMAN, QUENTIN",1,1:05,23,11
130879,01/06/2026,USA,ARG,137,ASISTENCIA,LOCAL,15,"TAYLOR, ETHAN",1,1:05,23,11
130879,01/06/2026,USA,ARG,138,TIRO2-FALLADO,VISITANTE,14,"PETTINAROLI, SANTIAGO",1,0:41,23,11
130879,01/06/2026,USA,ARG,139,REBOTE-DEFENSIVO,LOCAL,14,"HENRY, DEMARCUS",1,0:39,23,11
130879,01/06/2026,USA,ARG,140,TIRO3-FALLADO,LOCAL,9,"JERVIS, JASIAH",1,0:28,23,11
130879,01/06/2026,USA,ARG,141,REBOTE-DEFENSIVO,VISITANTE,12,"FESSIA, MATEO",1,0:22,23,11
130879,01/06/2026,USA,ARG,142,TIRO3-FALLADO,VISITANTE,10,"CAUMO, JOAQUIN",1,0:07,23,11
130879,01/06/2026,USA,ARG,143,REBOTE-DEFENSIVO,LOCAL,15,"TAYLOR, ETHAN",1,0:04,23,11
130879,01/06/2026,USA,ARG,144,FINAL-PERIODO,,,,1,0:00,23,11
130879,01/06/2026,USA,ARG,145,CAMBIO-JUGADOR-SALE,LOCAL,9,"JERVIS, JASIAH",2,10:00,23,11
130879,01/06/2026,USA,ARG,146,CAMBIO-JUGADOR-SALE,LOCAL,11,"COLEMAN, QUENTIN",2,10:00,23,11
130879,01/06/2026,USA,ARG,147,CAMBIO-JUGADOR-SALE,LOCAL,15,"TAYLOR, ETHAN",2,10:00,23,11
130879,01/06/2026,USA,ARG,148,CAMBIO-JUGADOR-ENTRA,LOCAL,7,"LANDREW, COLBEN",2,10:00,23,11
130879,01/06/2026,USA,ARG,149,CAMBIO-JUGADOR-ENTRA,LOCAL,10,"DIGGS, ADAN",2,10:00,23,11
130879,01/06/2026,USA,ARG,150,CAMBIO-JUGADOR-ENTRA,LOCAL,12,"GASKINS, CALEB",2,10:00,23,11
130879,01/06/2026,USA,ARG,151,CAMBIO-JUGADOR-SALE,VISITANTE,10,"CAUMO, JOAQUIN",2,10:00,23,11
130879,01/06/2026,USA,ARG,152,CAMBIO-JUGADOR-SALE,VISITANTE,12,"FESSIA, MATEO",2,10:00,23,11
130879,01/06/2026,USA,ARG,153,CAMBIO-JUGADOR-ENTRA,VISITANTE,4,"HERNANDEZ, MANUEL",2,10:00,23,11
130879,01/06/2026,USA,ARG,154,CAMBIO-JUGADOR-ENTRA,VISITANTE,8,"AMAN, GONZALO",2,10:00,23,11
130879,01/06/2026,USA,ARG,155,INICIO-PERIODO,,,,2,10:00,23,11
130879,01/06/2026,USA,ARG,156,TIRO2-FALLADO,VISITANTE,8,"AMAN, GONZALO",2,9:44,23,11
130879,01/06/2026,USA,ARG,157,REBOTE-DEFENSIVO,LOCAL,14,"HENRY, DEMARCUS",2,9:40,23,11
130879,01/06/2026,USA,ARG,158,TIRO3-FALLADO,LOCAL,12,"GASKINS, CALEB",2,9:38,23,11
130879,01/06/2026,USA,ARG,159,REBOTE-OFENSIVO,LOCAL,7,"LANDREW, COLBEN",2,9:34,23,11
130879,01/06/2026,USA,ARG,160,TIRO2-FALLADO,LOCAL,7,"LANDREW, COLBEN",2,9:32,23,11
130879,01/06/2026,USA,ARG,161,REBOTE-DEFENSIVO,VISITANTE,4,"HERNANDEZ, MANUEL",2,9:29,23,11
130879,01/06/2026,USA,ARG,162,FALTA-COMETIDA,LOCAL,14,"HENRY, DEMARCUS",2,9:28,23,11
130879,01/06/2026,USA,ARG,163,FALTA-RECIBIDA,VISITANTE,4,"HERNANDEZ, MANUEL",2,9:28,23,11
130879,01/06/2026,USA,ARG,164,PERDIDA,VISITANTE,14,"PETTINAROLI, SANTIAGO",2,9:24,23,11
130879,01/06/2026,USA,ARG,165,TIRO3-FALLADO,LOCAL,4,"KINNEY, TAYLEN",2,8:52,23,11
130879,01/06/2026,USA,ARG,166,REBOTE-DEFENSIVO,VISITANTE,6,"GOBETTI, BAUTISTA",2,8:49,23,11
130879,01/06/2026,USA,ARG,167,TIRO2-FALLADO,VISITANTE,4,"HERNANDEZ, MANUEL",2,8:40,23,11
130879,01/06/2026,USA,ARG,168,REBOTE-DEFENSIVO,LOCAL,10,"DIGGS, ADAN",2,8:37,23,11
130879,01/06/2026,USA,ARG,169,FALTA-COMETIDA,VISITANTE,8,"AMAN, GONZALO",2,8:32,23,11
130879,01/06/2026,USA,ARG,170,FALTA-RECIBIDA,LOCAL,7,"LANDREW, COLBEN",2,8:32,23,11
130879,01/06/2026,USA,ARG,171,CAMBIO-JUGADOR-SALE,LOCAL,14,"HENRY, DEMARCUS",2,8:32,23,11
130879,01/06/2026,USA,ARG,172,CAMBIO-JUGADOR-ENTRA,LOCAL,8,"BRANCH III, BRUCE",2,8:32,23,11
130879,01/06/2026,USA,ARG,173,CAMBIO-JUGADOR-SALE,VISITANTE,6,"GOBETTI, BAUTISTA",2,8:32,23,11
130879,01/06/2026,USA,ARG,174,CAMBIO-JUGADOR-ENTRA,VISITANTE,16,"GROPPA, GENARO",2,8:32,23,11
130879,01/06/2026,USA,ARG,175,TIRO1-FALLADO,LOCAL,7,"LANDREW, COLBEN",2,8:32,23,11
130879,01/06/2026,USA,ARG,176,CANASTA-1P,LOCAL,7,"LANDREW, COLBEN",2,8:32,24,11
130879,01/06/2026,USA,ARG,177,TIRO2-FALLADO,VISITANTE,14,"PETTINAROLI, SANTIAGO",2,8:15,24,11
130879,01/06/2026,USA,ARG,178,REBOTE-OFENSIVO,VISITANTE,4,"HERNANDEZ, MANUEL",2,8:11,24,11
130879,01/06/2026,USA,ARG,179,PERDIDA,VISITANTE,32,"PETTOVELLO, BENJAMIN",2,8:04,24,11
130879,01/06/2026,USA,ARG,180,CAMBIO-JUGADOR-SALE,VISITANTE,32,"PETTOVELLO, BENJAMIN",2,8:04,24,11
130879,01/06/2026,USA,ARG,181,CAMBIO-JUGADOR-ENTRA,VISITANTE,1,"BASUALDO, LAUTARO",2,8:04,24,11
130879,01/06/2026,USA,ARG,182,TIRO2-FALLADO,LOCAL,12,"GASKINS, CALEB",2,7:41,24,11
130879,01/06/2026,USA,ARG,183,REBOTE-DEFENSIVO,VISITANTE,14,"PETTINAROLI, SANTIAGO",2,7:38,24,11
130879,01/06/2026,USA,ARG,184,CANASTA-2P,VISITANTE,8,"AMAN, GONZALO",2,7:35,24,13
130879,01/06/2026,USA,ARG,185,ASISTENCIA,VISITANTE,14,"PETTINAROLI, SANTIAGO",2,7:35,24,13
130879,01/06/2026,USA,ARG,186,CANASTA-3P,LOCAL,7,"LANDREW, COLBEN",2,7:13,27,13
130879,01/06/2026,USA,ARG,187,ASISTENCIA,LOCAL,4,"KINNEY, TAYLEN",2,7:13,27,13
130879,01/06/2026,USA,ARG,188,CANASTA-3P,VISITANTE,4,"HERNANDEZ, MANUEL",2,6:47,27,16
130879,01/06/2026,USA,ARG,189,ASISTENCIA,VISITANTE,8,"AMAN, GONZALO",2,6:47,27,16
130879,01/06/2026,USA,ARG,190,FALTA-COMETIDA,LOCAL,4,"KINNEY, TAYLEN",2,6:47,27,16
130879,01/06/2026,USA,ARG,191,FALTA-RECIBIDA,VISITANTE,1,"BASUALDO, LAUTARO",2,6:47,27,16
130879,01/06/2026,USA,ARG,192,FALTA-COMETIDA,LOCAL,7,"LANDREW, COLBEN",2,6:47,27,16
130879,01/06/2026,USA,ARG,193,FALTA-RECIBIDA,VISITANTE,8,"AMAN, GONZALO",2,6:47,27,16
130879,01/06/2026,USA,ARG,194,CANASTA-3P,VISITANTE,14,"PETTINAROLI, SANTIAGO",2,6:40,27,19
130879,01/06/2026,USA,ARG,195,ASISTENCIA,VISITANTE,8,"AMAN, GONZALO",2,6:40,27,19
130879,01/06/2026,USA,ARG,196,TIRO3-FALLADO,LOCAL,4,"KINNEY, TAYLEN",2,6:24,27,19
130879,01/06/2026,USA,ARG,197,REBOTE-DEFENSIVO,VISITANTE,1,"BASUALDO, LAUTARO",2,6:21,27,19
130879,01/06/2026,USA,ARG,198,CANASTA-3P,VISITANTE,4,"HERNANDEZ, MANUEL",2,6:09,27,22
130879,01/06/2026,USA,ARG,199,ASISTENCIA,VISITANTE,1,"BASUALDO, LAUTARO",2,6:09,27,22
130879,01/06/2026,USA,ARG,200,TIEMPO-MUERTO-SOLICITADO,LOCAL,,,2,6:05,27,22
130879,01/06/2026,USA,ARG,201,CAMBIO-JUGADOR-SALE,LOCAL,4,"KINNEY, TAYLEN",2,6:05,27,22
130879,01/06/2026,USA,ARG,202,CAMBIO-JUGADOR-SALE,LOCAL,7,"LANDREW, COLBEN",2,6:05,27,22
130879,01/06/2026,USA,ARG,203,CAMBIO-JUGADOR-SALE,LOCAL,12,"GASKINS, CALEB",2,6:05,27,22
130879,01/06/2026,USA,ARG,204,CAMBIO-JUGADOR-ENTRA,LOCAL,5,"JORDAN, MALACHI",2,6:05,27,22
130879,01/06/2026,USA,ARG,205,CAMBIO-JUGADOR-ENTRA,LOCAL,6,"THOMPSON, DAVION",2,6:05,27,22
130879,01/06/2026,USA,ARG,206,CAMBIO-JUGADOR-ENTRA,LOCAL,13,"WABBINGTON, DARIUS",2,6:05,27,22
130879,01/06/2026,USA,ARG,207,CANASTA-3P,LOCAL,10,"DIGGS, ADAN",2,5:53,30,22
130879,01/06/2026,USA,ARG,208,ASISTENCIA,LOCAL,6,"THOMPSON, DAVION",2,5:53,30,22
130879,01/06/2026,USA,ARG,209,FALTA-COMETIDA,LOCAL,8,"BRANCH III, BRUCE",2,5:49,30,22
130879,01/06/2026,USA,ARG,210,FALTA-RECIBIDA,VISITANTE,4,"HERNANDEZ, MANUEL",2,5:49,30,22
130879,01/06/2026,USA,ARG,211,PERDIDA,VISITANTE,16,"GROPPA, GENARO",2,5:49,30,22
130879,01/06/2026,USA,ARG,212,RECUPERACION,LOCAL,5,"JORDAN, MALACHI",2,5:49,30,22
130879,01/06/2026,USA,ARG,213,TIRO2-FALLADO,LOCAL,5,"JORDAN, MALACHI",2,5:49,30,22
130879,01/06/2026,USA,ARG,214,REBOTE-OFENSIVO,LOCAL,10,"DIGGS, ADAN",2,5:49,30,22
130879,01/06/2026,USA,ARG,215,PERDIDA,LOCAL,10,"DIGGS, ADAN",2,5:49,30,22
130879,01/06/2026,USA,ARG,216,PERDIDA,VISITANTE,14,"PETTINAROLI, SANTIAGO",2,5:41,30,22
130879,01/06/2026,USA,ARG,217,RECUPERACION,LOCAL,13,"WABBINGTON, DARIUS",2,5:41,30,22
130879,01/06/2026,USA,ARG,218,FALTA-COMETIDA,VISITANTE,14,"PETTINAROLI, SANTIAGO",2,5:30,30,22
130879,01/06/2026,USA,ARG,219,FALTA-RECIBIDA,LOCAL,6,"THOMPSON, DAVION",2,5:30,30,22
130879,01/06/2026,USA,ARG,220,CAMBIO-JUGADOR-SALE,LOCAL,10,"DIGGS, ADAN",2,5:30,30,22
130879,01/06/2026,USA,ARG,221,CAMBIO-JUGADOR-ENTRA,LOCAL,11,"COLEMAN, QUENTIN",2,5:30,30,22
130879,01/06/2026,USA,ARG,222,TIRO1-FALLADO,LOCAL,6,"THOMPSON, DAVION",2,5:23,30,22
130879,01/06/2026,USA,ARG,223,CANASTA-1P,LOCAL,6,"THOMPSON, DAVION",2,5:23,31,22
130879,01/06/2026,USA,ARG,224,PERDIDA,VISITANTE,4,"HERNANDEZ, MANUEL",2,5:23,31,22
130879,01/06/2026,USA,ARG,225,RECUPERACION,LOCAL,5,"JORDAN, MALACHI",2,5:23,31,22
130879,01/06/2026,USA,ARG,226,TIRO2-FALLADO,LOCAL,5,"JORDAN, MALACHI",2,5:23,31,22
130879,01/06/2026,USA,ARG,227,REBOTE-OFENSIVO,LOCAL,5,"JORDAN, MALACHI",2,5:23,31,22
130879,01/06/2026,USA,ARG,228,TIRO2-FALLADO,LOCAL,5,"JORDAN, MALACHI",2,5:23,31,22
130879,01/06/2026,USA,ARG,229,REBOTE-DEFENSIVO,VISITANTE,16,"GROPPA, GENARO",2,5:23,31,22
130879,01/06/2026,USA,ARG,230,CAMBIO-JUGADOR-SALE,VISITANTE,14,"PETTINAROLI, SANTIAGO",2,5:16,31,22
130879,01/06/2026,USA,ARG,231,CAMBIO-JUGADOR-ENTRA,VISITANTE,6,"GOBETTI, BAUTISTA",2,5:16,31,22
130879,01/06/2026,USA,ARG,232,TIRO3-FALLADO,VISITANTE,4,"HERNANDEZ, MANUEL",2,5:16,31,22
130879,01/06/2026,USA,ARG,233,REBOTE-DEFENSIVO,LOCAL,13,"WABBINGTON, DARIUS",2,5:16,31,22
130879,01/06/2026,USA,ARG,234,CANASTA-2P,LOCAL,8,"BRANCH III, BRUCE",2,5:16,33,22
130879,01/06/2026,USA,ARG,235,ASISTENCIA,LOCAL,11,"COLEMAN, QUENTIN",2,5:16,33,22
130879,01/06/2026,USA,ARG,236,FALTA-COMETIDA,VISITANTE,4,"HERNANDEZ, MANUEL",2,5:15,33,22
130879,01/06/2026,USA,ARG,237,FALTA-RECIBIDA,LOCAL,8,"BRANCH III, BRUCE",2,5:15,33,22
130879,01/06/2026,USA,ARG,238,TIEMPO-MUERTO-SOLICITADO,VISITANTE,,,2,4:56,33,22
130879,01/06/2026,USA,ARG,239,CAMBIO-JUGADOR-SALE,VISITANTE,8,"AMAN, GONZALO",2,4:56,33,22
130879,01/06/2026,USA,ARG,240,CAMBIO-JUGADOR-SALE,VISITANTE,16,"GROPPA, GENARO",2,4:56,33,22
130879,01/06/2026,USA,ARG,241,CAMBIO-JUGADOR-ENTRA,VISITANTE,9,"CELIZ, JOAQUIN",2,4:56,33,22
130879,01/06/2026,USA,ARG,242,CAMBIO-JUGADOR-ENTRA,VISITANTE,11,"MORAVANSKY, ROMAN",2,4:56,33,22
130879,01/06/2026,USA,ARG,243,CANASTA-1P,LOCAL,8,"BRANCH III, BRUCE",2,4:56,34,22
130879,01/06/2026,USA,ARG,244,CANASTA-2P,VISITANTE,11,"MORAVANSKY, ROMAN",2,4:37,34,24
130879,01/06/2026,USA,ARG,245,TIRO3-FALLADO,LOCAL,5,"JORDAN, MALACHI",2,4:18,34,24
130879,01/06/2026,USA,ARG,246,REBOTE-DEFENSIVO,VISITANTE,9,"CELIZ, JOAQUIN",2,4:16,34,24
130879,01/06/2026,USA,ARG,247,CAMBIO-JUGADOR-SALE,LOCAL,5,"JORDAN, MALACHI",2,4:10,34,24
130879,01/06/2026,USA,ARG,248,CAMBIO-JUGADOR-ENTRA,LOCAL,12,"GASKINS, CALEB",2,4:10,34,24
130879,01/06/2026,USA,ARG,249,TIRO3-FALLADO,VISITANTE,9,"CELIZ, JOAQUIN",2,4:04,34,24
130879,01/06/2026,USA,ARG,250,REBOTE-DEFENSIVO,LOCAL,8,"BRANCH III, BRUCE",2,4:01,34,24
130879,01/06/2026,USA,ARG,251,PERDIDA,LOCAL,11,"COLEMAN, QUENTIN",2,3:57,34,24
130879,01/06/2026,USA,ARG,252,CAMBIO-JUGADOR-SALE,VISITANTE,4,"HERNANDEZ, MANUEL",2,3:57,34,24
130879,01/06/2026,USA,ARG,253,CAMBIO-JUGADOR-ENTRA,VISITANTE,10,"CAUMO, JOAQUIN",2,3:57,34,24
130879,01/06/2026,USA,ARG,254,CANASTA-2P,VISITANTE,6,"GOBETTI, BAUTISTA",2,3:44,34,26
130879,01/06/2026,USA,ARG,255,CANASTA-3P,LOCAL,6,"THOMPSON, DAVION",2,3:34,37,26
130879,01/06/2026,USA,ARG,256,FALTA-COMETIDA,VISITANTE,6,"GOBETTI, BAUTISTA",2,3:20,37,26
130879,01/06/2026,USA,ARG,257,PERDIDA,VISITANTE,6,"GOBETTI, BAUTISTA",2,3:20,37,26
130879,01/06/2026,USA,ARG,258,FALTA-RECIBIDA,LOCAL,6,"THOMPSON, DAVION",2,3:20,37,26
130879,01/06/2026,USA,ARG,259,TIRO2-FALLADO,LOCAL,11,"COLEMAN, QUENTIN",2,3:05,37,26
130879,01/06/2026,USA,ARG,260,TAPON-COMETIDO,VISITANTE,1,"BASUALDO, LAUTARO",2,3:05,37,26
130879,01/06/2026,USA,ARG,261,REBOTE-OFENSIVO,LOCAL,11,"COLEMAN, QUENTIN",2,3:05,37,26
130879,01/06/2026,USA,ARG,262,JUMP-BALL,LOCAL,,,2,3:05,37,26
130879,01/06/2026,USA,ARG,263,CAMBIO-JUGADOR-SALE,LOCAL,8,"BRANCH III, BRUCE",2,3:05,37,26
130879,01/06/2026,USA,ARG,264,CAMBIO-JUGADOR-SALE,LOCAL,13,"WABBINGTON, DARIUS",2,3:05,37,26
130879,01/06/2026,USA,ARG,265,CAMBIO-JUGADOR-ENTRA,LOCAL,7,"LANDREW, COLBEN",2,3:05,37,26
130879,01/06/2026,USA,ARG,266,CAMBIO-JUGADOR-ENTRA,LOCAL,15,"TAYLOR, ETHAN",2,3:05,37,26
130879,01/06/2026,USA,ARG,267,CAMBIO-JUGADOR-SALE,VISITANTE,1,"BASUALDO, LAUTARO",2,3:05,37,26
130879,01/06/2026,USA,ARG,268,CAMBIO-JUGADOR-ENTRA,VISITANTE,7,"TORRENS, ELIAS",2,3:05,37,26
130879,01/06/2026,USA,ARG,269,PERDIDA,LOCAL,15,"TAYLOR, ETHAN",2,2:59,37,26
130879,01/06/2026,USA,ARG,270,TIRO3-FALLADO,VISITANTE,6,"GOBETTI, BAUTISTA",2,2:32,37,26
130879,01/06/2026,USA,ARG,271,REBOTE-OFENSIVO,VISITANTE,10,"CAUMO, JOAQUIN",2,2:29,37,26
130879,01/06/2026,USA,ARG,272,TIRO3-FALLADO,VISITANTE,10,"CAUMO, JOAQUIN",2,2:28,37,26
130879,01/06/2026,USA,ARG,273,REBOTE-DEFENSIVO,LOCAL,7,"LANDREW, COLBEN",2,2:25,37,26
130879,01/06/2026,USA,ARG,274,PERDIDA,LOCAL,7,"LANDREW, COLBEN",2,2:24,37,26
130879,01/06/2026,USA,ARG,275,RECUPERACION,VISITANTE,10,"CAUMO, JOAQUIN",2,2:24,37,26
130879,01/06/2026,USA,ARG,276,TIRO2-FALLADO,VISITANTE,10,"CAUMO, JOAQUIN",2,2:19,37,26
130879,01/06/2026,USA,ARG,277,REBOTE-DEFENSIVO,LOCAL,7,"LANDREW, COLBEN",2,2:17,37,26
130879,01/06/2026,USA,ARG,278,FALTA-COMETIDA,VISITANTE,11,"MORAVANSKY, ROMAN",2,2:15,37,26
130879,01/06/2026,USA,ARG,279,FALTA-RECIBIDA,LOCAL,7,"LANDREW, COLBEN",2,2:15,37,26
130879,01/06/2026,USA,ARG,280,TIRO1-FALLADO,LOCAL,7,"LANDREW, COLBEN",2,2:15,37,26
130879,01/06/2026,USA,ARG,281,CANASTA-1P,LOCAL,7,"LANDREW, COLBEN",2,2:15,38,26
130879,01/06/2026,USA,ARG,282,TIRO2-FALLADO,VISITANTE,7,"TORRENS, ELIAS",2,2:04,38,26
130879,01/06/2026,USA,ARG,283,REBOTE-DEFENSIVO,LOCAL,6,"THOMPSON, DAVION",2,2:00,38,26
130879,01/06/2026,USA,ARG,284,FALTA-COMETIDA,VISITANTE,7,"TORRENS, ELIAS",2,1:58,38,26
130879,01/06/2026,USA,ARG,285,FALTA-RECIBIDA,LOCAL,15,"TAYLOR, ETHAN",2,1:58,38,26
130879,01/06/2026,USA,ARG,286,CANASTA-1P,LOCAL,15,"TAYLOR, ETHAN",2,1:58,39,26
130879,01/06/2026,USA,ARG,287,TIRO1-FALLADO,LOCAL,15,"TAYLOR, ETHAN",2,1:58,39,26
130879,01/06/2026,USA,ARG,288,REBOTE-DEFENSIVO,VISITANTE,10,"CAUMO, JOAQUIN",2,1:58,39,26
130879,01/06/2026,USA,ARG,289,PERDIDA,VISITANTE,10,"CAUMO, JOAQUIN",2,1:57,39,26
130879,01/06/2026,USA,ARG,290,RECUPERACION,LOCAL,7,"LANDREW, COLBEN",2,1:57,39,26
130879,01/06/2026,USA,ARG,291,CANASTA-2P,LOCAL,12,"GASKINS, CALEB",2,1:51,41,26
130879,01/06/2026,USA,ARG,292,ASISTENCIA,LOCAL,7,"LANDREW, COLBEN",2,1:51,41,26
130879,01/06/2026,USA,ARG,293,PERDIDA,VISITANTE,7,"TORRENS, ELIAS",2,1:31,41,26
130879,01/06/2026,USA,ARG,294,TIEMPO-MUERTO-SOLICITADO,LOCAL,,,2,1:24,41,26
130879,01/06/2026,USA,ARG,295,CAMBIO-JUGADOR-SALE,LOCAL,6,"THOMPSON, DAVION",2,1:24,41,26
130879,01/06/2026,USA,ARG,296,CAMBIO-JUGADOR-ENTRA,LOCAL,10,"DIGGS, ADAN",2,1:24,41,26
130879,01/06/2026,USA,ARG,297,TIRO2-FALLADO,LOCAL,11,"COLEMAN, QUENTIN",2,1:11,41,26
130879,01/06/2026,USA,ARG,298,REBOTE-OFENSIVO,LOCAL,12,"GASKINS, CALEB",2,1:07,41,26
130879,01/06/2026,USA,ARG,299,CANASTA-2P,LOCAL,12,"GASKINS, CALEB",2,1:07,43,26
130879,01/06/2026,USA,ARG,300,TIRO3-FALLADO,VISITANTE,10,"CAUMO, JOAQUIN",2,0:52,43,26
130879,01/06/2026,USA,ARG,301,REBOTE-DEFENSIVO,LOCAL,,,2,0:52,43,26
130879,01/06/2026,USA,ARG,302,TIRO2-FALLADO,LOCAL,15,"TAYLOR, ETHAN",2,0:38,43,26
130879,01/06/2026,USA,ARG,303,REBOTE-DEFENSIVO,VISITANTE,6,"GOBETTI, BAUTISTA",2,0:34,43,26
130879,01/06/2026,USA,ARG,304,TIRO2-FALLADO,VISITANTE,10,"CAUMO, JOAQUIN",2,0:25,43,26
130879,01/06/2026,USA,ARG,305,REBOTE-DEFENSIVO,LOCAL,11,"COLEMAN, QUENTIN",2,0:22,43,26
130879,01/06/2026,USA,ARG,306,TIRO2-FALLADO,LOCAL,7,"LANDREW, COLBEN",2,0:18,43,26
130879,01/06/2026,USA,ARG,307,REBOTE-OFENSIVO,LOCAL,10,"DIGGS, ADAN",2,0:11,43,26
130879,01/06/2026,USA,ARG,308,CANASTA-2P,LOCAL,10,"DIGGS, ADAN",2,0:11,45,26
130879,01/06/2026,USA,ARG,309,CAMBIO-JUGADOR-SALE,LOCAL,15,"TAYLOR, ETHAN",2,0:08,45,26
130879,01/06/2026,USA,ARG,310,CAMBIO-JUGADOR-ENTRA,LOCAL,8,"BRANCH III, BRUCE",2,0:08,45,26
130879,01/06/2026,USA,ARG,311,CAMBIO-JUGADOR-SALE,VISITANTE,6,"GOBETTI, BAUTISTA",2,0:08,45,26
130879,01/06/2026,USA,ARG,312,CAMBIO-JUGADOR-ENTRA,VISITANTE,4,"HERNANDEZ, MANUEL",2,0:08,45,26
130879,01/06/2026,USA,ARG,313,TIEMPO-MUERTO-SOLICITADO,VISITANTE,,,2,0:08,45,26
130879,01/06/2026,USA,ARG,314,TIRO2-FALLADO,VISITANTE,9,"CELIZ, JOAQUIN",2,0:05,45,26
130879,01/06/2026,USA,ARG,315,REBOTE-OFENSIVO,VISITANTE,7,"TORRENS, ELIAS",2,0:02,45,26
130879,01/06/2026,USA,ARG,316,FINAL-PERIODO,,,,2,0:00,45,26
130879,01/06/2026,USA,ARG,317,CAMBIO-JUGADOR-SALE,LOCAL,8,"BRANCH III, BRUCE",3,10:00,45,26
130879,01/06/2026,USA,ARG,318,CAMBIO-JUGADOR-SALE,LOCAL,11,"COLEMAN, QUENTIN",3,10:00,45,26
130879,01/06/2026,USA,ARG,319,CAMBIO-JUGADOR-ENTRA,LOCAL,4,"KINNEY, TAYLEN",3,10:00,45,26
130879,01/06/2026,USA,ARG,320,CAMBIO-JUGADOR-ENTRA,LOCAL,15,"TAYLOR, ETHAN",3,10:00,45,26
130879,01/06/2026,USA,ARG,321,CAMBIO-JUGADOR-SALE,VISITANTE,7,"TORRENS, ELIAS",3,10:00,45,26
130879,01/06/2026,USA,ARG,322,CAMBIO-JUGADOR-SALE,VISITANTE,9,"CELIZ, JOAQUIN",3,10:00,45,26
130879,01/06/2026,USA,ARG,323,CAMBIO-JUGADOR-SALE,VISITANTE,10,"CAUMO, JOAQUIN",3,10:00,45,26
130879,01/06/2026,USA,ARG,324,CAMBIO-JUGADOR-ENTRA,VISITANTE,8,"AMAN, GONZALO",3,10:00,45,26
130879,01/06/2026,USA,ARG,325,CAMBIO-JUGADOR-ENTRA,VISITANTE,14,"PETTINAROLI, SANTIAGO",3,10:00,45,26
130879,01/06/2026,USA,ARG,326,CAMBIO-JUGADOR-ENTRA,VISITANTE,32,"PETTOVELLO, BENJAMIN",3,10:00,45,26
130879,01/06/2026,USA,ARG,327,INICIO-PERIODO,,,,3,10:00,45,26
130879,01/06/2026,USA,ARG,328,PERDIDA,VISITANTE,14,"PETTINAROLI, SANTIAGO",3,9:53,45,26
130879,01/06/2026,USA,ARG,329,RECUPERACION,LOCAL,4,"KINNEY, TAYLEN",3,9:53,45,26
130879,01/06/2026,USA,ARG,330,TIRO3-FALLADO,LOCAL,10,"DIGGS, ADAN",3,9:47,45,26
130879,01/06/2026,USA,ARG,331,REBOTE-DEFENSIVO,VISITANTE,14,"PETTINAROLI, SANTIAGO",3,9:41,45,26
130879,01/06/2026,USA,ARG,332,TIRO2-FALLADO,VISITANTE,11,"MORAVANSKY, ROMAN",3,9:39,45,26
130879,01/06/2026,USA,ARG,333,TAPON-COMETIDO,LOCAL,15,"TAYLOR, ETHAN",3,9:39,45,26
130879,01/06/2026,USA,ARG,334,REBOTE-DEFENSIVO,LOCAL,10,"DIGGS, ADAN",3,9:34,45,26
130879,01/06/2026,USA,ARG,335,TIRO3-FALLADO,LOCAL,7,"LANDREW, COLBEN",3,9:31,45,26
130879,01/06/2026,USA,ARG,336,REBOTE-OFENSIVO,LOCAL,15,"TAYLOR, ETHAN",3,9:28,45,26
130879,01/06/2026,USA,ARG,337,PERDIDA,LOCAL,15,"TAYLOR, ETHAN",3,9:28,45,26
130879,01/06/2026,USA,ARG,338,PERDIDA,VISITANTE,32,"PETTOVELLO, BENJAMIN",3,9:07,45,26
130879,01/06/2026,USA,ARG,339,RECUPERACION,LOCAL,12,"GASKINS, CALEB",3,9:07,45,26
130879,01/06/2026,USA,ARG,340,PERDIDA,LOCAL,4,"KINNEY, TAYLEN",3,8:48,45,26
130879,01/06/2026,USA,ARG,341,RECUPERACION,VISITANTE,11,"MORAVANSKY, ROMAN",3,8:48,45,26
130879,01/06/2026,USA,ARG,342,CANASTA-3P,VISITANTE,14,"PETTINAROLI, SANTIAGO",3,8:43,45,29
130879,01/06/2026,USA,ARG,343,ASISTENCIA,VISITANTE,8,"AMAN, GONZALO",3,8:43,45,29
130879,01/06/2026,USA,ARG,344,TIRO2-FALLADO,LOCAL,4,"KINNEY, TAYLEN",3,8:25,45,29
130879,01/06/2026,USA,ARG,345,REBOTE-DEFENSIVO,VISITANTE,14,"PETTINAROLI, SANTIAGO",3,8:20,45,29
130879,01/06/2026,USA,ARG,346,FALTA-COMETIDA,LOCAL,7,"LANDREW, COLBEN",3,8:19,45,29
130879,01/06/2026,USA,ARG,347,FALTA-RECIBIDA,VISITANTE,14,"PETTINAROLI, SANTIAGO",3,8:19,45,29
130879,01/06/2026,USA,ARG,348,TIRO3-FALLADO,VISITANTE,4,"HERNANDEZ, MANUEL",3,8:05,45,29
130879,01/06/2026,USA,ARG,349,REBOTE-DEFENSIVO,LOCAL,10,"DIGGS, ADAN",3,8:02,45,29
130879,01/06/2026,USA,ARG,350,CANASTA-3P,LOCAL,10,"DIGGS, ADAN",3,8:00,48,29
130879,01/06/2026,USA,ARG,351,CANASTA-3P,VISITANTE,8,"AMAN, GONZALO",3,7:37,48,32
130879,01/06/2026,USA,ARG,352,ASISTENCIA,VISITANTE,11,"MORAVANSKY, ROMAN",3,7:37,48,32
130879,01/06/2026,USA,ARG,353,CANASTA-2P,LOCAL,15,"TAYLOR, ETHAN",3,7:20,50,32
130879,01/06/2026,USA,ARG,354,ASISTENCIA,LOCAL,4,"KINNEY, TAYLEN",3,7:20,50,32
130879,01/06/2026,USA,ARG,355,CANASTA-2P,VISITANTE,14,"PETTINAROLI, SANTIAGO",3,7:00,50,34
130879,01/06/2026,USA,ARG,356,PERDIDA,LOCAL,15,"TAYLOR, ETHAN",3,6:42,50,34
130879,01/06/2026,USA,ARG,357,CAMBIO-JUGADOR-SALE,LOCAL,4,"KINNEY, TAYLEN",3,6:42,50,34
130879,01/06/2026,USA,ARG,358,CAMBIO-JUGADOR-SALE,LOCAL,10,"DIGGS, ADAN",3,6:42,50,34
130879,01/06/2026,USA,ARG,359,CAMBIO-JUGADOR-SALE,LOCAL,12,"GASKINS, CALEB",3,6:42,50,34
130879,01/06/2026,USA,ARG,360,CAMBIO-JUGADOR-SALE,LOCAL,15,"TAYLOR, ETHAN",3,6:42,50,34
130879,01/06/2026,USA,ARG,361,CAMBIO-JUGADOR-ENTRA,LOCAL,6,"THOMPSON, DAVION",3,6:42,50,34
130879,01/06/2026,USA,ARG,362,CAMBIO-JUGADOR-ENTRA,LOCAL,8,"BRANCH III, BRUCE",3,6:42,50,34
130879,01/06/2026,USA,ARG,363,CAMBIO-JUGADOR-ENTRA,LOCAL,11,"COLEMAN, QUENTIN",3,6:42,50,34
130879,01/06/2026,USA,ARG,364,CAMBIO-JUGADOR-ENTRA,LOCAL,13,"WABBINGTON, DARIUS",3,6:42,50,34
130879,01/06/2026,USA,ARG,365,TIRO3-FALLADO,VISITANTE,8,"AMAN, GONZALO",3,6:27,50,34
130879,01/06/2026,USA,ARG,366,REBOTE-DEFENSIVO,LOCAL,11,"COLEMAN, QUENTIN",3,6:24,50,34
130879,01/06/2026,USA,ARG,367,PERDIDA,LOCAL,6,"THOMPSON, DAVION",3,6:22,50,34
130879,01/06/2026,USA,ARG,368,RECUPERACION,VISITANTE,11,"MORAVANSKY, ROMAN",3,6:22,50,34
130879,01/06/2026,USA,ARG,369,CANASTA-3P,VISITANTE,14,"PETTINAROLI, SANTIAGO",3,6:16,50,37
130879,01/06/2026,USA,ARG,370,ASISTENCIA,VISITANTE,11,"MORAVANSKY, ROMAN",3,6:16,50,37
130879,01/06/2026,USA,ARG,371,TIRO3-FALLADO,LOCAL,7,"LANDREW, COLBEN",3,6:01,50,37
130879,01/06/2026,USA,ARG,372,REBOTE-OFENSIVO,LOCAL,11,"COLEMAN, QUENTIN",3,5:57,50,37
130879,01/06/2026,USA,ARG,373,TIRO2-FALLADO,LOCAL,11,"COLEMAN, QUENTIN",3,5:57,50,37
130879,01/06/2026,USA,ARG,374,REBOTE-DEFENSIVO,VISITANTE,8,"AMAN, GONZALO",3,5:57,50,37
130879,01/06/2026,USA,ARG,375,PERDIDA,VISITANTE,11,"MORAVANSKY, ROMAN",3,5:45,50,37
130879,01/06/2026,USA,ARG,376,RECUPERACION,LOCAL,11,"COLEMAN, QUENTIN",3,5:45,50,37
130879,01/06/2026,USA,ARG,377,FALTA-COMETIDA,VISITANTE,4,"HERNANDEZ, MANUEL",3,5:43,50,37
130879,01/06/2026,USA,ARG,378,FALTA-RECIBIDA,LOCAL,6,"THOMPSON, DAVION",3,5:43,50,37
130879,01/06/2026,USA,ARG,379,CAMBIO-JUGADOR-SALE,LOCAL,7,"LANDREW, COLBEN",3,5:43,50,37
130879,01/06/2026,USA,ARG,380,CAMBIO-JUGADOR-ENTRA,LOCAL,5,"JORDAN, MALACHI",3,5:43,50,37
130879,01/06/2026,USA,ARG,381,CAMBIO-JUGADOR-SALE,VISITANTE,11,"MORAVANSKY, ROMAN",3,5:43,50,37
130879,01/06/2026,USA,ARG,382,CAMBIO-JUGADOR-ENTRA,VISITANTE,6,"GOBETTI, BAUTISTA",3,5:43,50,37
130879,01/06/2026,USA,ARG,383,CAMBIO-JUGADOR-SALE,VISITANTE,32,"PETTOVELLO, BENJAMIN",3,5:43,50,37
130879,01/06/2026,USA,ARG,384,CAMBIO-JUGADOR-ENTRA,VISITANTE,1,"BASUALDO, LAUTARO",3,5:43,50,37
130879,01/06/2026,USA,ARG,385,CANASTA-2P,LOCAL,13,"WABBINGTON, DARIUS",3,5:28,52,37
130879,01/06/2026,USA,ARG,386,ASISTENCIA,LOCAL,8,"BRANCH III, BRUCE",3,5:28,52,37
130879,01/06/2026,USA,ARG,387,FALTA-COMETIDA,VISITANTE,1,"BASUALDO, LAUTARO",3,5:28,52,37
130879,01/06/2026,USA,ARG,388,FALTA-RECIBIDA,LOCAL,13,"WABBINGTON, DARIUS",3,5:28,52,37
130879,01/06/2026,USA,ARG,389,CANASTA-1P,LOCAL,13,"WABBINGTON, DARIUS",3,5:28,53,37
130879,01/06/2026,USA,ARG,390,TIRO2-FALLADO,VISITANTE,4,"HERNANDEZ, MANUEL",3,5:04,53,37
130879,01/06/2026,USA,ARG,391,REBOTE-DEFENSIVO,LOCAL,13,"WABBINGTON, DARIUS",3,5:01,53,37
130879,01/06/2026,USA,ARG,392,PERDIDA,LOCAL,6,"THOMPSON, DAVION",3,4:50,53,37
130879,01/06/2026,USA,ARG,393,RECUPERACION,VISITANTE,1,"BASUALDO, LAUTARO",3,4:50,53,37
130879,01/06/2026,USA,ARG,394,FALTA-COMETIDA,VISITANTE,4,"HERNANDEZ, MANUEL",3,4:36,53,37
130879,01/06/2026,USA,ARG,395,PERDIDA,VISITANTE,4,"HERNANDEZ, MANUEL",3,4:36,53,37
130879,01/06/2026,USA,ARG,396,FALTA-RECIBIDA,LOCAL,6,"THOMPSON, DAVION",3,4:36,53,37
130879,01/06/2026,USA,ARG,397,CAMBIO-JUGADOR-SALE,VISITANTE,4,"HERNANDEZ, MANUEL",3,4:36,53,37
130879,01/06/2026,USA,ARG,398,CAMBIO-JUGADOR-SALE,VISITANTE,8,"AMAN, GONZALO",3,4:36,53,37
130879,01/06/2026,USA,ARG,399,CAMBIO-JUGADOR-ENTRA,VISITANTE,9,"CELIZ, JOAQUIN",3,4:36,53,37
130879,01/06/2026,USA,ARG,400,CAMBIO-JUGADOR-ENTRA,VISITANTE,10,"CAUMO, JOAQUIN",3,4:36,53,37
130879,01/06/2026,USA,ARG,401,TIRO3-FALLADO,LOCAL,13,"WABBINGTON, DARIUS",3,4:18,53,37
130879,01/06/2026,USA,ARG,402,REBOTE-OFENSIVO,LOCAL,11,"COLEMAN, QUENTIN",3,4:15,53,37
130879,01/06/2026,USA,ARG,403,TIRO2-FALLADO,LOCAL,11,"COLEMAN, QUENTIN",3,4:15,53,37
130879,01/06/2026,USA,ARG,404,REBOTE-OFENSIVO,LOCAL,5,"JORDAN, MALACHI",3,4:11,53,37
130879,01/06/2026,USA,ARG,405,FALTA-COMETIDA,VISITANTE,14,"PETTINAROLI, SANTIAGO",3,4:10,53,37
130879,01/06/2026,USA,ARG,406,FALTA-RECIBIDA,LOCAL,5,"JORDAN, MALACHI",3,4:10,53,37
130879,01/06/2026,USA,ARG,407,TIRO1-FALLADO,LOCAL,5,"JORDAN, MALACHI",3,4:10,53,37
130879,01/06/2026,USA,ARG,408,CANASTA-1P,LOCAL,5,"JORDAN, MALACHI",3,4:10,54,37
130879,01/06/2026,USA,ARG,409,TIRO3-FALLADO,VISITANTE,14,"PETTINAROLI, SANTIAGO",3,3:52,54,37
130879,01/06/2026,USA,ARG,410,REBOTE-DEFENSIVO,LOCAL,11,"COLEMAN, QUENTIN",3,3:48,54,37
130879,01/06/2026,USA,ARG,411,TIRO2-FALLADO,LOCAL,11,"COLEMAN, QUENTIN",3,3:43,54,37
130879,01/06/2026,USA,ARG,412,REBOTE-OFENSIVO,LOCAL,11,"COLEMAN, QUENTIN",3,3:43,54,37
130879,01/06/2026,USA,ARG,413,JUMP-BALL,LOCAL,,,3,3:43,54,37
130879,01/06/2026,USA,ARG,414,CAMBIO-JUGADOR-SALE,VISITANTE,14,"PETTINAROLI, SANTIAGO",3,3:43,54,37
130879,01/06/2026,USA,ARG,415,CAMBIO-JUGADOR-ENTRA,VISITANTE,32,"PETTOVELLO, BENJAMIN",3,3:43,54,37
130879,01/06/2026,USA,ARG,416,FALTA-COMETIDA,VISITANTE,6,"GOBETTI, BAUTISTA",3,3:40,54,37
130879,01/06/2026,USA,ARG,417,FALTA-RECIBIDA,LOCAL,8,"BRANCH III, BRUCE",3,3:40,54,37
130879,01/06/2026,USA,ARG,418,FALTA-COMETIDA,LOCAL,8,"BRANCH III, BRUCE",3,3:40,54,37
130879,01/06/2026,USA,ARG,419,TIRO1-FALLADO,VISITANTE,10,"CAUMO, JOAQUIN",3,3:40,54,37
130879,01/06/2026,USA,ARG,420,TIRO1-FALLADO,LOCAL,8,"BRANCH III, BRUCE",3,3:40,54,37
130879,01/06/2026,USA,ARG,421,TIRO1-FALLADO,LOCAL,8,"BRANCH III, BRUCE",3,3:40,54,37
130879,01/06/2026,USA,ARG,422,REBOTE-DEFENSIVO,VISITANTE,1,"BASUALDO, LAUTARO",3,3:40,54,37
130879,01/06/2026,USA,ARG,423,TIRO3-FALLADO,VISITANTE,1,"BASUALDO, LAUTARO",3,3:26,54,37
130879,01/06/2026,USA,ARG,424,REBOTE-DEFENSIVO,LOCAL,11,"COLEMAN, QUENTIN",3,3:23,54,37
130879,01/06/2026,USA,ARG,425,CANASTA-2P,LOCAL,6,"THOMPSON, DAVION",3,3:13,56,37
130879,01/06/2026,USA,ARG,426,ASISTENCIA,LOCAL,13,"WABBINGTON, DARIUS",3,3:13,56,37
130879,01/06/2026,USA,ARG,427,TIRO2-FALLADO,VISITANTE,32,"PETTOVELLO, BENJAMIN",3,2:56,56,37
130879,01/06/2026,USA,ARG,428,REBOTE-DEFENSIVO,LOCAL,11,"COLEMAN, QUENTIN",3,2:53,56,37
130879,01/06/2026,USA,ARG,429,CANASTA-2P,LOCAL,8,"BRANCH III, BRUCE",3,2:44,58,37
130879,01/06/2026,USA,ARG,430,ASISTENCIA,LOCAL,13,"WABBINGTON, DARIUS",3,2:44,58,37
130879,01/06/2026,USA,ARG,431,CANASTA-2P,VISITANTE,10,"CAUMO, JOAQUIN",3,2:26,58,39
130879,01/06/2026,USA,ARG,432,FALTA-COMETIDA,VISITANTE,10,"CAUMO, JOAQUIN",3,2:18,58,39
130879,01/06/2026,USA,ARG,433,FALTA-RECIBIDA,LOCAL,6,"THOMPSON, DAVION",3,2:18,58,39
130879,01/06/2026,USA,ARG,434,CAMBIO-JUGADOR-SALE,LOCAL,5,"JORDAN, MALACHI",3,2:18,58,39
130879,01/06/2026,USA,ARG,435,CAMBIO-JUGADOR-SALE,LOCAL,8,"BRANCH III, BRUCE",3,2:18,58,39
130879,01/06/2026,USA,ARG,436,CAMBIO-JUGADOR-SALE,LOCAL,13,"WABBINGTON, DARIUS",3,2:18,58,39
130879,01/06/2026,USA,ARG,437,CAMBIO-JUGADOR-ENTRA,LOCAL,9,"JERVIS, JASIAH",3,2:18,58,39
130879,01/06/2026,USA,ARG,438,CAMBIO-JUGADOR-ENTRA,LOCAL,14,"HENRY, DEMARCUS",3,2:18,58,39
130879,01/06/2026,USA,ARG,439,CAMBIO-JUGADOR-ENTRA,LOCAL,15,"TAYLOR, ETHAN",3,2:18,58,39
130879,01/06/2026,USA,ARG,440,CAMBIO-JUGADOR-SALE,VISITANTE,6,"GOBETTI, BAUTISTA",3,2:18,58,39
130879,01/06/2026,USA,ARG,441,CAMBIO-JUGADOR-ENTRA,VISITANTE,16,"GROPPA, GENARO",3,2:18,58,39
130879,01/06/2026,USA,ARG,442,TIRO1-FALLADO,LOCAL,6,"THOMPSON, DAVION",3,2:18,58,39
130879,01/06/2026,USA,ARG,443,CANASTA-1P,LOCAL,6,"THOMPSON, DAVION",3,2:18,59,39
130879,01/06/2026,USA,ARG,444,CAMBIO-JUGADOR-SALE,LOCAL,6,"THOMPSON, DAVION",3,2:18,59,39
130879,01/06/2026,USA,ARG,445,CAMBIO-JUGADOR-ENTRA,LOCAL,10,"DIGGS, ADAN",3,2:18,59,39
130879,01/06/2026,USA,ARG,446,TIRO3-FALLADO,VISITANTE,10,"CAUMO, JOAQUIN",3,2:09,59,39
130879,01/06/2026,USA,ARG,447,REBOTE-DEFENSIVO,LOCAL,11,"COLEMAN, QUENTIN",3,2:07,59,39
130879,01/06/2026,USA,ARG,448,TIRO3-FALLADO,LOCAL,14,"HENRY, DEMARCUS",3,1:48,59,39
130879,01/06/2026,USA,ARG,449,REBOTE-OFENSIVO,LOCAL,,,3,1:45,59,39
130879,01/06/2026,USA,ARG,450,CANASTA-2P,LOCAL,10,"DIGGS, ADAN",3,1:34,61,39
130879,01/06/2026,USA,ARG,451,TIRO3-FALLADO,VISITANTE,10,"CAUMO, JOAQUIN",3,1:16,61,39
130879,01/06/2026,USA,ARG,452,REBOTE-DEFENSIVO,LOCAL,11,"COLEMAN, QUENTIN",3,1:12,61,39
130879,01/06/2026,USA,ARG,453,FALTA-COMETIDA,LOCAL,15,"TAYLOR, ETHAN",3,1:11,61,39
130879,01/06/2026,USA,ARG,454,PERDIDA,LOCAL,15,"TAYLOR, ETHAN",3,1:11,61,39
130879,01/06/2026,USA,ARG,455,FALTA-RECIBIDA,VISITANTE,1,"BASUALDO, LAUTARO",3,1:11,61,39
130879,01/06/2026,USA,ARG,456,CAMBIO-JUGADOR-SALE,LOCAL,11,"COLEMAN, QUENTIN",3,1:11,61,39
130879,01/06/2026,USA,ARG,457,CAMBIO-JUGADOR-ENTRA,LOCAL,12,"GASKINS, CALEB",3,1:11,61,39
130879,01/06/2026,USA,ARG,458,CAMBIO-JUGADOR-SALE,VISITANTE,10,"CAUMO, JOAQUIN",3,1:11,61,39
130879,01/06/2026,USA,ARG,459,CAMBIO-JUGADOR-ENTRA,VISITANTE,12,"FESSIA, MATEO",3,1:11,61,39
130879,01/06/2026,USA,ARG,460,TIRO2-FALLADO,VISITANTE,12,"FESSIA, MATEO",3,1:01,61,39
130879,01/06/2026,USA,ARG,461,REBOTE-OFENSIVO,VISITANTE,32,"PETTOVELLO, BENJAMIN",3,0:56,61,39
130879,01/06/2026,USA,ARG,462,TIRO2-FALLADO,VISITANTE,32,"PETTOVELLO, BENJAMIN",3,0:56,61,39
130879,01/06/2026,USA,ARG,463,REBOTE-DEFENSIVO,LOCAL,15,"TAYLOR, ETHAN",3,0:56,61,39
130879,01/06/2026,USA,ARG,464,TIRO3-FALLADO,LOCAL,10,"DIGGS, ADAN",3,0:47,61,39
130879,01/06/2026,USA,ARG,465,REBOTE-OFENSIVO,LOCAL,15,"TAYLOR, ETHAN",3,0:43,61,39
130879,01/06/2026,USA,ARG,466,FALTA-COMETIDA,VISITANTE,32,"PETTOVELLO, BENJAMIN",3,0:40,61,39
130879,01/06/2026,USA,ARG,467,FALTA-RECIBIDA,LOCAL,15,"TAYLOR, ETHAN",3,0:40,61,39
130879,01/06/2026,USA,ARG,468,TIRO1-FALLADO,LOCAL,15,"TAYLOR, ETHAN",3,0:40,61,39
130879,01/06/2026,USA,ARG,469,TIRO1-FALLADO,LOCAL,15,"TAYLOR, ETHAN",3,0:40,61,39
130879,01/06/2026,USA,ARG,470,REBOTE-DEFENSIVO,VISITANTE,,,3,0:40,61,39
130879,01/06/2026,USA,ARG,471,FALTA-COMETIDA,LOCAL,12,"GASKINS, CALEB",3,0:40,61,39
130879,01/06/2026,USA,ARG,472,FALTA-RECIBIDA,VISITANTE,32,"PETTOVELLO, BENJAMIN",3,0:40,61,39
130879,01/06/2026,USA,ARG,473,PERDIDA,VISITANTE,16,"GROPPA, GENARO",3,0:31,61,39
130879,01/06/2026,USA,ARG,474,CANASTA-2P,LOCAL,12,"GASKINS, CALEB",3,0:11,63,39
130879,01/06/2026,USA,ARG,475,FALTA-COMETIDA,LOCAL,10,"DIGGS, ADAN",3,0:06,63,39
130879,01/06/2026,USA,ARG,476,FALTA-RECIBIDA,VISITANTE,9,"CELIZ, JOAQUIN",3,0:06,63,39
130879,01/06/2026,USA,ARG,477,CANASTA-1P,VISITANTE,9,"CELIZ, JOAQUIN",3,0:00,63,40
130879,01/06/2026,USA,ARG,478,CANASTA-1P,VISITANTE,9,"CELIZ, JOAQUIN",3,0:00,63,41
130879,01/06/2026,USA,ARG,479,TIRO3-FALLADO,LOCAL,9,"JERVIS, JASIAH",3,0:00,63,41
130879,01/06/2026,USA,ARG,480,FINAL-PERIODO,,,,3,0:00,63,41
130879,01/06/2026,USA,ARG,481,CAMBIO-JUGADOR-SALE,LOCAL,9,"JERVIS, JASIAH",4,10:00,63,41
130879,01/06/2026,USA,ARG,482,CAMBIO-JUGADOR-SALE,LOCAL,14,"HENRY, DEMARCUS",4,10:00,63,41
130879,01/06/2026,USA,ARG,483,CAMBIO-JUGADOR-SALE,LOCAL,15,"TAYLOR, ETHAN",4,10:00,63,41
130879,01/06/2026,USA,ARG,484,CAMBIO-JUGADOR-ENTRA,LOCAL,4,"KINNEY, TAYLEN",4,10:00,63,41
130879,01/06/2026,USA,ARG,485,CAMBIO-JUGADOR-ENTRA,LOCAL,7,"LANDREW, COLBEN",4,10:00,63,41
130879,01/06/2026,USA,ARG,486,CAMBIO-JUGADOR-ENTRA,LOCAL,13,"WABBINGTON, DARIUS",4,10:00,63,41
130879,01/06/2026,USA,ARG,487,CAMBIO-JUGADOR-SALE,VISITANTE,1,"BASUALDO, LAUTARO",4,10:00,63,41
130879,01/06/2026,USA,ARG,488,CAMBIO-JUGADOR-SALE,VISITANTE,9,"CELIZ, JOAQUIN",4,10:00,63,41
130879,01/06/2026,USA,ARG,489,CAMBIO-JUGADOR-SALE,VISITANTE,16,"GROPPA, GENARO",4,10:00,63,41
130879,01/06/2026,USA,ARG,490,CAMBIO-JUGADOR-SALE,VISITANTE,32,"PETTOVELLO, BENJAMIN",4,10:00,63,41
130879,01/06/2026,USA,ARG,491,CAMBIO-JUGADOR-ENTRA,VISITANTE,7,"TORRENS, ELIAS",4,10:00,63,41
130879,01/06/2026,USA,ARG,492,CAMBIO-JUGADOR-ENTRA,VISITANTE,8,"AMAN, GONZALO",4,10:00,63,41
130879,01/06/2026,USA,ARG,493,CAMBIO-JUGADOR-ENTRA,VISITANTE,11,"MORAVANSKY, ROMAN",4,10:00,63,41
130879,01/06/2026,USA,ARG,494,CAMBIO-JUGADOR-ENTRA,VISITANTE,14,"PETTINAROLI, SANTIAGO",4,10:00,63,41
130879,01/06/2026,USA,ARG,495,INICIO-PERIODO,,,,4,10:00,63,41
130879,01/06/2026,USA,ARG,496,FALTA-COMETIDA,LOCAL,10,"DIGGS, ADAN",4,9:49,63,41
130879,01/06/2026,USA,ARG,497,FALTA-RECIBIDA,VISITANTE,7,"TORRENS, ELIAS",4,9:49,63,41
130879,01/06/2026,USA,ARG,498,CANASTA-1P,VISITANTE,7,"TORRENS, ELIAS",4,9:49,63,42
130879,01/06/2026,USA,ARG,499,TIRO1-FALLADO,VISITANTE,7,"TORRENS, ELIAS",4,9:49,63,42
130879,01/06/2026,USA,ARG,500,REBOTE-DEFENSIVO,LOCAL,10,"DIGGS, ADAN",4,9:49,63,42
130879,01/06/2026,USA,ARG,501,TIRO2-FALLADO,LOCAL,7,"LANDREW, COLBEN",4,9:27,63,42
130879,01/06/2026,USA,ARG,502,REBOTE-DEFENSIVO,VISITANTE,11,"MORAVANSKY, ROMAN",4,9:27,63,42
130879,01/06/2026,USA,ARG,503,FALTA-COMETIDA,LOCAL,7,"LANDREW, COLBEN",4,9:27,63,42
130879,01/06/2026,USA,ARG,504,FALTA-RECIBIDA,VISITANTE,11,"MORAVANSKY, ROMAN",4,9:27,63,42
130879,01/06/2026,USA,ARG,505,TIRO2-FALLADO,VISITANTE,7,"TORRENS, ELIAS",4,9:12,63,42
130879,01/06/2026,USA,ARG,506,REBOTE-OFENSIVO,VISITANTE,7,"TORRENS, ELIAS",4,9:11,63,42
130879,01/06/2026,USA,ARG,507,CANASTA-2P,VISITANTE,7,"TORRENS, ELIAS",4,9:11,63,44
130879,01/06/2026,USA,ARG,508,FALTA-COMETIDA,LOCAL,12,"GASKINS, CALEB",4,9:11,63,44
130879,01/06/2026,USA,ARG,509,FALTA-RECIBIDA,VISITANTE,7,"TORRENS, ELIAS",4,9:11,63,44
130879,01/06/2026,USA,ARG,510,CANASTA-1P,VISITANTE,7,"TORRENS, ELIAS",4,9:11,63,45
130879,01/06/2026,USA,ARG,511,TIRO3-FALLADO,LOCAL,7,"LANDREW, COLBEN",4,9:00,63,45
130879,01/06/2026,USA,ARG,512,REBOTE-DEFENSIVO,VISITANTE,8,"AMAN, GONZALO",4,8:55,63,45
130879,01/06/2026,USA,ARG,513,TIRO2-FALLADO,VISITANTE,11,"MORAVANSKY, ROMAN",4,8:38,63,45
130879,01/06/2026,USA,ARG,514,REBOTE-DEFENSIVO,LOCAL,13,"WABBINGTON, DARIUS",4,8:34,63,45
130879,01/06/2026,USA,ARG,515,TIRO3-FALLADO,LOCAL,7,"LANDREW, COLBEN",4,8:29,63,45
130879,01/06/2026,USA,ARG,516,REBOTE-DEFENSIVO,VISITANTE,7,"TORRENS, ELIAS",4,8:26,63,45
130879,01/06/2026,USA,ARG,517,FALTA-COMETIDA,LOCAL,13,"WABBINGTON, DARIUS",4,8:26,63,45
130879,01/06/2026,USA,ARG,518,FALTA-RECIBIDA,VISITANTE,12,"FESSIA, MATEO",4,8:26,63,45
130879,01/06/2026,USA,ARG,519,CANASTA-2P,VISITANTE,8,"AMAN, GONZALO",4,8:19,63,47
130879,01/06/2026,USA,ARG,520,FALTA-COMETIDA,VISITANTE,7,"TORRENS, ELIAS",4,8:04,63,47
130879,01/06/2026,USA,ARG,521,FALTA-RECIBIDA,LOCAL,13,"WABBINGTON, DARIUS",4,8:04,63,47
130879,01/06/2026,USA,ARG,522,CAMBIO-JUGADOR-SALE,VISITANTE,14,"PETTINAROLI, SANTIAGO",4,8:04,63,47
130879,01/06/2026,USA,ARG,523,CAMBIO-JUGADOR-ENTRA,VISITANTE,6,"GOBETTI, BAUTISTA",4,8:04,63,47
130879,01/06/2026,USA,ARG,524,CANASTA-1P,LOCAL,13,"WABBINGTON, DARIUS",4,8:04,64,47
130879,01/06/2026,USA,ARG,525,ASISTENCIA,LOCAL,4,"KINNEY, TAYLEN",4,8:04,64,47
130879,01/06/2026,USA,ARG,526,CANASTA-1P,LOCAL,13,"WABBINGTON, DARIUS",4,8:04,65,47
130879,01/06/2026,USA,ARG,527,TIRO2-FALLADO,VISITANTE,8,"AMAN, GONZALO",4,7:56,65,47
130879,01/06/2026,USA,ARG,528,TAPON-COMETIDO,LOCAL,10,"DIGGS, ADAN",4,7:56,65,47
130879,01/06/2026,USA,ARG,529,REBOTE-OFENSIVO,VISITANTE,8,"AMAN, GONZALO",4,7:51,65,47
130879,01/06/2026,USA,ARG,530,TIRO3-FALLADO,VISITANTE,12,"FESSIA, MATEO",4,7:47,65,47
130879,01/06/2026,USA,ARG,531,REBOTE-DEFENSIVO,LOCAL,10,"DIGGS, ADAN",4,7:43,65,47
130879,01/06/2026,USA,ARG,532,FALTA-COMETIDA,VISITANTE,7,"TORRENS, ELIAS",4,7:42,65,47
130879,01/06/2026,USA,ARG,533,FALTA-RECIBIDA,LOCAL,10,"DIGGS, ADAN",4,7:42,65,47
130879,01/06/2026,USA,ARG,534,CANASTA-2P,LOCAL,4,"KINNEY, TAYLEN",4,7:28,67,47
130879,01/06/2026,USA,ARG,535,ASISTENCIA,LOCAL,13,"WABBINGTON, DARIUS",4,7:28,67,47
130879,01/06/2026,USA,ARG,536,CANASTA-2P,VISITANTE,8,"AMAN, GONZALO",4,7:14,67,49
130879,01/06/2026,USA,ARG,537,CANASTA-2P,LOCAL,12,"GASKINS, CALEB",4,6:58,69,49
130879,01/06/2026,USA,ARG,538,ASISTENCIA,LOCAL,4,"KINNEY, TAYLEN",4,6:58,69,49
130879,01/06/2026,USA,ARG,539,TIRO2-FALLADO,VISITANTE,7,"TORRENS, ELIAS",4,6:40,69,49
130879,01/06/2026,USA,ARG,540,REBOTE-DEFENSIVO,LOCAL,7,"LANDREW, COLBEN",4,6:37,69,49
130879,01/06/2026,USA,ARG,541,FALTA-COMETIDA,VISITANTE,7,"TORRENS, ELIAS",4,6:19,69,49
130879,01/06/2026,USA,ARG,542,FALTA-RECIBIDA,LOCAL,13,"WABBINGTON, DARIUS",4,6:19,69,49
130879,01/06/2026,USA,ARG,543,CAMBIO-JUGADOR-SALE,LOCAL,4,"KINNEY, TAYLEN",4,6:19,69,49
130879,01/06/2026,USA,ARG,544,CAMBIO-JUGADOR-SALE,LOCAL,7,"LANDREW, COLBEN",4,6:19,69,49
130879,01/06/2026,USA,ARG,545,CAMBIO-JUGADOR-ENTRA,LOCAL,6,"THOMPSON, DAVION",4,6:19,69,49
130879,01/06/2026,USA,ARG,546,CAMBIO-JUGADOR-ENTRA,LOCAL,11,"COLEMAN, QUENTIN",4,6:19,69,49
130879,01/06/2026,USA,ARG,547,CANASTA-1P,LOCAL,13,"WABBINGTON, DARIUS",4,6:19,70,49
130879,01/06/2026,USA,ARG,548,ASISTENCIA,LOCAL,12,"GASKINS, CALEB",4,6:19,70,49
130879,01/06/2026,USA,ARG,549,CANASTA-1P,LOCAL,13,"WABBINGTON, DARIUS",4,6:19,71,49
130879,01/06/2026,USA,ARG,550,CAMBIO-JUGADOR-SALE,LOCAL,13,"WABBINGTON, DARIUS",4,6:19,71,49
130879,01/06/2026,USA,ARG,551,CAMBIO-JUGADOR-ENTRA,LOCAL,14,"HENRY, DEMARCUS",4,6:19,71,49
130879,01/06/2026,USA,ARG,552,PERDIDA,VISITANTE,11,"MORAVANSKY, ROMAN",4,6:10,71,49
130879,01/06/2026,USA,ARG,553,CAMBIO-JUGADOR-SALE,VISITANTE,12,"FESSIA, MATEO",4,6:10,71,49
130879,01/06/2026,USA,ARG,554,CAMBIO-JUGADOR-ENTRA,VISITANTE,10,"CAUMO, JOAQUIN",4,6:10,71,49
130879,01/06/2026,USA,ARG,555,TIRO2-FALLADO,LOCAL,10,"DIGGS, ADAN",4,5:47,71,49
130879,01/06/2026,USA,ARG,556,REBOTE-DEFENSIVO,VISITANTE,10,"CAUMO, JOAQUIN",4,5:43,71,49
130879,01/06/2026,USA,ARG,557,TIRO3-FALLADO,VISITANTE,10,"CAUMO, JOAQUIN",4,5:37,71,49
130879,01/06/2026,USA,ARG,558,REBOTE-DEFENSIVO,LOCAL,14,"HENRY, DEMARCUS",4,5:34,71,49
130879,01/06/2026,USA,ARG,559,CANASTA-2P,LOCAL,6,"THOMPSON, DAVION",4,5:23,73,49
130879,01/06/2026,USA,ARG,560,ASISTENCIA,LOCAL,12,"GASKINS, CALEB",4,5:23,73,49
130879,01/06/2026,USA,ARG,561,TIRO2-FALLADO,VISITANTE,11,"MORAVANSKY, ROMAN",4,5:04,73,49
130879,01/06/2026,USA,ARG,562,TAPON-COMETIDO,LOCAL,14,"HENRY, DEMARCUS",4,5:04,73,49
130879,01/06/2026,USA,ARG,563,REBOTE-DEFENSIVO,LOCAL,6,"THOMPSON, DAVION",4,5:00,73,49
130879,01/06/2026,USA,ARG,564,CANASTA-2P,LOCAL,11,"COLEMAN, QUENTIN",4,4:58,75,49
130879,01/06/2026,USA,ARG,565,ASISTENCIA,LOCAL,6,"THOMPSON, DAVION",4,4:58,75,49
130879,01/06/2026,USA,ARG,566,CAMBIO-JUGADOR-SALE,LOCAL,10,"DIGGS, ADAN",4,4:53,75,49
130879,01/06/2026,USA,ARG,567,CAMBIO-JUGADOR-SALE,LOCAL,12,"GASKINS, CALEB",4,4:53,75,49
130879,01/06/2026,USA,ARG,568,CAMBIO-JUGADOR-ENTRA,LOCAL,8,"BRANCH III, BRUCE",4,4:53,75,49
130879,01/06/2026,USA,ARG,569,CAMBIO-JUGADOR-ENTRA,LOCAL,15,"TAYLOR, ETHAN",4,4:53,75,49
130879,01/06/2026,USA,ARG,570,CAMBIO-JUGADOR-SALE,VISITANTE,7,"TORRENS, ELIAS",4,4:53,75,49
130879,01/06/2026,USA,ARG,571,CAMBIO-JUGADOR-SALE,VISITANTE,11,"MORAVANSKY, ROMAN",4,4:53,75,49
130879,01/06/2026,USA,ARG,572,CAMBIO-JUGADOR-ENTRA,VISITANTE,16,"GROPPA, GENARO",4,4:53,75,49
130879,01/06/2026,USA,ARG,573,CAMBIO-JUGADOR-ENTRA,VISITANTE,32,"PETTOVELLO, BENJAMIN",4,4:53,75,49
130879,01/06/2026,USA,ARG,574,PERDIDA,VISITANTE,8,"AMAN, GONZALO",4,4:38,75,49
130879,01/06/2026,USA,ARG,575,RECUPERACION,LOCAL,8,"BRANCH III, BRUCE",4,4:38,75,49
130879,01/06/2026,USA,ARG,576,FALTA-COMETIDA,VISITANTE,16,"GROPPA, GENARO",4,4:27,75,49
130879,01/06/2026,USA,ARG,577,FALTA-RECIBIDA,LOCAL,15,"TAYLOR, ETHAN",4,4:27,75,49
130879,01/06/2026,USA,ARG,578,TIRO2-FALLADO,LOCAL,6,"THOMPSON, DAVION",4,4:19,75,49
130879,01/06/2026,USA,ARG,579,REBOTE-DEFENSIVO,VISITANTE,32,"PETTOVELLO, BENJAMIN",4,4:16,75,49
130879,01/06/2026,USA,ARG,580,TIRO3-FALLADO,VISITANTE,6,"GOBETTI, BAUTISTA",4,4:07,75,49
130879,01/06/2026,USA,ARG,581,REBOTE-DEFENSIVO,LOCAL,14,"HENRY, DEMARCUS",4,4:05,75,49
130879,01/06/2026,USA,ARG,582,CAMBIO-JUGADOR-SALE,VISITANTE,8,"AMAN, GONZALO",4,3:54,75,49
130879,01/06/2026,USA,ARG,583,CAMBIO-JUGADOR-ENTRA,VISITANTE,9,"CELIZ, JOAQUIN",4,3:54,75,49
130879,01/06/2026,USA,ARG,584,TIRO3-FALLADO,LOCAL,6,"THOMPSON, DAVION",4,3:48,75,49
130879,01/06/2026,USA,ARG,585,REBOTE-OFENSIVO,LOCAL,11,"COLEMAN, QUENTIN",4,3:44,75,49
130879,01/06/2026,USA,ARG,586,CANASTA-2P,LOCAL,14,"HENRY, DEMARCUS",4,3:42,77,49
130879,01/06/2026,USA,ARG,587,ASISTENCIA,LOCAL,11,"COLEMAN, QUENTIN",4,3:42,77,49
130879,01/06/2026,USA,ARG,588,CANASTA-2P,VISITANTE,32,"PETTOVELLO, BENJAMIN",4,3:25,77,51
130879,01/06/2026,USA,ARG,589,ASISTENCIA,VISITANTE,10,"CAUMO, JOAQUIN",4,3:25,77,51
130879,01/06/2026,USA,ARG,590,TIRO3-FALLADO,LOCAL,11,"COLEMAN, QUENTIN",4,3:12,77,51
130879,01/06/2026,USA,ARG,591,REBOTE-DEFENSIVO,VISITANTE,,,4,3:05,77,51
130879,01/06/2026,USA,ARG,592,FALTA-COMETIDA,LOCAL,15,"TAYLOR, ETHAN",4,3:05,77,51
130879,01/06/2026,USA,ARG,593,FALTA-RECIBIDA,VISITANTE,32,"PETTOVELLO, BENJAMIN",4,3:05,77,51
130879,01/06/2026,USA,ARG,594,CAMBIO-JUGADOR-SALE,LOCAL,11,"COLEMAN, QUENTIN",4,3:05,77,51
130879,01/06/2026,USA,ARG,595,CAMBIO-JUGADOR-SALE,LOCAL,14,"HENRY, DEMARCUS",4,3:05,77,51
130879,01/06/2026,USA,ARG,596,CAMBIO-JUGADOR-ENTRA,LOCAL,5,"JORDAN, MALACHI",4,3:05,77,51
130879,01/06/2026,USA,ARG,597,CAMBIO-JUGADOR-ENTRA,LOCAL,9,"JERVIS, JASIAH",4,3:05,77,51
130879,01/06/2026,USA,ARG,598,TIRO1-FALLADO,VISITANTE,32,"PETTOVELLO, BENJAMIN",4,3:05,77,51
130879,01/06/2026,USA,ARG,599,CANASTA-1P,VISITANTE,32,"PETTOVELLO, BENJAMIN",4,3:05,77,52
130879,01/06/2026,USA,ARG,600,TIRO3-FALLADO,LOCAL,8,"BRANCH III, BRUCE",4,3:05,77,52
130879,01/06/2026,USA,ARG,601,REBOTE-OFENSIVO,LOCAL,15,"TAYLOR, ETHAN",4,3:02,77,52
130879,01/06/2026,USA,ARG,602,PERDIDA,LOCAL,15,"TAYLOR, ETHAN",4,3:01,77,52
130879,01/06/2026,USA,ARG,603,RECUPERACION,VISITANTE,32,"PETTOVELLO, BENJAMIN",4,3:01,77,52
130879,01/06/2026,USA,ARG,604,PERDIDA,VISITANTE,6,"GOBETTI, BAUTISTA",4,2:57,77,52
130879,01/06/2026,USA,ARG,605,RECUPERACION,LOCAL,5,"JORDAN, MALACHI",4,2:57,77,52
130879,01/06/2026,USA,ARG,606,TIRO3-FALLADO,LOCAL,9,"JERVIS, JASIAH",4,2:47,77,52
130879,01/06/2026,USA,ARG,607,REBOTE-OFENSIVO,LOCAL,15,"TAYLOR, ETHAN",4,2:44,77,52
130879,01/06/2026,USA,ARG,608,FALTA-COMETIDA,VISITANTE,10,"CAUMO, JOAQUIN",4,2:40,77,52
130879,01/06/2026,USA,ARG,609,FALTA-RECIBIDA,LOCAL,15,"TAYLOR, ETHAN",4,2:40,77,52
130879,01/06/2026,USA,ARG,610,FALTA-COMETIDA,LOCAL,15,"TAYLOR, ETHAN",4,2:40,77,52
130879,01/06/2026,USA,ARG,611,TIRO1-FALLADO,VISITANTE,9,"CELIZ, JOAQUIN",4,2:40,77,52
130879,01/06/2026,USA,ARG,612,CAMBIO-JUGADOR-SALE,LOCAL,8,"BRANCH III, BRUCE",4,2:40,77,52
130879,01/06/2026,USA,ARG,613,CAMBIO-JUGADOR-ENTRA,LOCAL,14,"HENRY, DEMARCUS",4,2:40,77,52
130879,01/06/2026,USA,ARG,614,TIRO1-FALLADO,LOCAL,15,"TAYLOR, ETHAN",4,2:40,77,52
130879,01/06/2026,USA,ARG,615,CAMBIO-JUGADOR-SALE,VISITANTE,32,"PETTOVELLO, BENJAMIN",4,2:40,77,52
130879,01/06/2026,USA,ARG,616,CAMBIO-JUGADOR-ENTRA,VISITANTE,7,"TORRENS, ELIAS",4,2:40,77,52
130879,01/06/2026,USA,ARG,617,CANASTA-1P,LOCAL,15,"TAYLOR, ETHAN",4,2:40,78,52
130879,01/06/2026,USA,ARG,618,CAMBIO-JUGADOR-SALE,LOCAL,15,"TAYLOR, ETHAN",4,2:40,78,52
130879,01/06/2026,USA,ARG,619,CAMBIO-JUGADOR-ENTRA,LOCAL,13,"WABBINGTON, DARIUS",4,2:40,78,52
130879,01/06/2026,USA,ARG,620,CANASTA-2P,VISITANTE,10,"CAUMO, JOAQUIN",4,2:28,78,54
130879,01/06/2026,USA,ARG,621,CAMBIO-JUGADOR-SALE,VISITANTE,6,"GOBETTI, BAUTISTA",4,2:16,78,54
130879,01/06/2026,USA,ARG,622,CAMBIO-JUGADOR-SALE,VISITANTE,16,"GROPPA, GENARO",4,2:16,78,54
130879,01/06/2026,USA,ARG,623,CAMBIO-JUGADOR-ENTRA,VISITANTE,1,"BASUALDO, LAUTARO",4,2:16,78,54
130879,01/06/2026,USA,ARG,624,CAMBIO-JUGADOR-ENTRA,VISITANTE,4,"HERNANDEZ, MANUEL",4,2:16,78,54
130879,01/06/2026,USA,ARG,625,CANASTA-2P,LOCAL,5,"JORDAN, MALACHI",4,2:16,80,54
130879,01/06/2026,USA,ARG,626,PERDIDA,VISITANTE,10,"CAUMO, JOAQUIN",4,2:00,80,54
130879,01/06/2026,USA,ARG,627,RECUPERACION,LOCAL,14,"HENRY, DEMARCUS",4,2:00,80,54
130879,01/06/2026,USA,ARG,628,TIRO2-FALLADO,LOCAL,9,"JERVIS, JASIAH",4,1:51,80,54
130879,01/06/2026,USA,ARG,629,TAPON-COMETIDO,VISITANTE,9,"CELIZ, JOAQUIN",4,1:51,80,54
130879,01/06/2026,USA,ARG,630,REBOTE-OFENSIVO,LOCAL,13,"WABBINGTON, DARIUS",4,1:47,80,54
130879,01/06/2026,USA,ARG,631,CANASTA-2P,LOCAL,13,"WABBINGTON, DARIUS",4,1:45,82,54
130879,01/06/2026,USA,ARG,632,FALTA-COMETIDA,VISITANTE,1,"BASUALDO, LAUTARO",4,1:41,82,54
130879,01/06/2026,USA,ARG,633,FALTA-RECIBIDA,LOCAL,13,"WABBINGTON, DARIUS",4,1:41,82,54
130879,01/06/2026,USA,ARG,634,CANASTA-1P,LOCAL,13,"WABBINGTON, DARIUS",4,1:40,83,54
130879,01/06/2026,USA,ARG,635,CANASTA-2P,VISITANTE,9,"CELIZ, JOAQUIN",4,1:31,83,56
130879,01/06/2026,USA,ARG,636,PERDIDA,LOCAL,6,"THOMPSON, DAVION",4,1:21,83,56
130879,01/06/2026,USA,ARG,637,RECUPERACION,VISITANTE,10,"CAUMO, JOAQUIN",4,1:21,83,56
130879,01/06/2026,USA,ARG,638,PERDIDA,VISITANTE,10,"CAUMO, JOAQUIN",4,1:15,83,56
130879,01/06/2026,USA,ARG,639,RECUPERACION,LOCAL,5,"JORDAN, MALACHI",4,1:15,83,56
130879,01/06/2026,USA,ARG,640,CANASTA-2P,LOCAL,13,"WABBINGTON, DARIUS",4,1:10,85,56
130879,01/06/2026,USA,ARG,641,PERDIDA,VISITANTE,7,"TORRENS, ELIAS",4,0:56,85,56
130879,01/06/2026,USA,ARG,642,FALTA-COMETIDA,VISITANTE,10,"CAUMO, JOAQUIN",4,0:54,85,56
130879,01/06/2026,USA,ARG,643,FALTA-RECIBIDA,LOCAL,6,"THOMPSON, DAVION",4,0:54,85,56
130879,01/06/2026,USA,ARG,644,CAMBIO-JUGADOR-SALE,VISITANTE,10,"CAUMO, JOAQUIN",4,0:54,85,56
130879,01/06/2026,USA,ARG,645,CAMBIO-JUGADOR-ENTRA,VISITANTE,8,"AMAN, GONZALO",4,0:54,85,56
130879,01/06/2026,USA,ARG,646,CANASTA-1P,LOCAL,6,"THOMPSON, DAVION",4,0:54,86,56
130879,01/06/2026,USA,ARG,647,CANASTA-1P,LOCAL,6,"THOMPSON, DAVION",4,0:54,87,56
130879,01/06/2026,USA,ARG,648,TIRO3-FALLADO,VISITANTE,9,"CELIZ, JOAQUIN",4,0:33,87,56
130879,01/06/2026,USA,ARG,649,REBOTE-DEFENSIVO,LOCAL,6,"THOMPSON, DAVION",4,0:31,87,56
130879,01/06/2026,USA,ARG,650,TIRO3-FALLADO,LOCAL,14,"HENRY, DEMARCUS",4,0:24,87,56
130879,01/06/2026,USA,ARG,651,REBOTE-DEFENSIVO,VISITANTE,1,"BASUALDO, LAUTARO",4,0:19,87,56
130879,01/06/2026,USA,ARG,652,CANASTA-2P,VISITANTE,4,"HERNANDEZ, MANUEL",4,0:18,87,58
130879,01/06/2026,USA,ARG,653,ASISTENCIA,VISITANTE,1,"BASUALDO, LAUTARO",4,0:18,87,58
130879,01/06/2026,USA,ARG,654,FALTA-COMETIDA,VISITANTE,9,"CELIZ, JOAQUIN",4,0:07,87,58
130879,01/06/2026,USA,ARG,655,FALTA-RECIBIDA,LOCAL,5,"JORDAN, MALACHI",4,0:07,87,58
130879,01/06/2026,USA,ARG,656,CANASTA-1P,LOCAL,5,"JORDAN, MALACHI",4,0:07,88,58
130879,01/06/2026,USA,ARG,657,TIRO1-FALLADO,LOCAL,5,"JORDAN, MALACHI",4,0:07,88,58
130879,01/06/2026,USA,ARG,658,REBOTE-DEFENSIVO,VISITANTE,1,"BASUALDO, LAUTARO",4,0:07,88,58
130879,01/06/2026,USA,ARG,659,TIRO3-FALLADO,VISITANTE,4,"HERNANDEZ, MANUEL",4,0:01,88,58
130879,01/06/2026,USA,ARG,660,REBOTE-DEFENSIVO,LOCAL,6,"THOMPSON, DAVION",4,0:01,88,58
130879,01/06/2026,USA,ARG,661,FINAL-PERIODO,,,,4,0:00,88,58
130879,01/06/2026,USA,ARG,662,FINAL-PARTIDO,,,,4,0:00,88,58
130877,01/06/2026,BRA,MEX,0,INICIO-PARTIDO,,,,1,10:00,0,0
130877,01/06/2026,BRA,MEX,1,INICIO-PERIODO,,,,1,10:00,0,0
130877,01/06/2026,BRA,MEX,2,JUMP-BALL,,,,1,10:00,0,0
130877,01/06/2026,BRA,MEX,3,JUMP-BALL,LOCAL,15,"PEREIRA, MICHAEL",1,9:58,0,0
130877,01/06/2026,BRA,MEX,4,JUMP-BALL,VISITANTE,12,"PORRAS, ADRIEN",1,9:58,0,0
130877,01/06/2026,BRA,MEX,5,CANASTA-2P,LOCAL,14,"NEVES, JOAO",1,9:55,2,0
130877,01/06/2026,BRA,MEX,6,ASISTENCIA,LOCAL,11,"SOUZA, PEDRO",1,9:55,2,0
130877,01/06/2026,BRA,MEX,7,TIRO2-FALLADO,VISITANTE,12,"PORRAS, ADRIEN",1,9:37,2,0
130877,01/06/2026,BRA,MEX,8,REBOTE-DEFENSIVO,LOCAL,15,"PEREIRA, MICHAEL",1,9:34,2,0
130877,01/06/2026,BRA,MEX,9,CANASTA-3P,LOCAL,11,"SOUZA, PEDRO",1,9:28,5,0
130877,01/06/2026,BRA,MEX,10,ASISTENCIA,LOCAL,14,"NEVES, JOAO",1,9:28,5,0
130877,01/06/2026,BRA,MEX,11,TIRO3-FALLADO,VISITANTE,24,"VALLEJO, AYRTON",1,9:12,5,0
130877,01/06/2026,BRA,MEX,12,REBOTE-DEFENSIVO,LOCAL,11,"SOUZA, PEDRO",1,9:08,5,0
130877,01/06/2026,BRA,MEX,13,PERDIDA,LOCAL,10,"MELO, PIETRO",1,9:04,5,0
130877,01/06/2026,BRA,MEX,14,CANASTA-2P,VISITANTE,12,"PORRAS, ADRIEN",1,8:45,5,2
130877,01/06/2026,BRA,MEX,15,ASISTENCIA,VISITANTE,5,"ESCALANTE, JUAN",1,8:45,5,2
130877,01/06/2026,BRA,MEX,16,TIRO2-FALLADO,LOCAL,11,"SOUZA, PEDRO",1,8:30,5,2
130877,01/06/2026,BRA,MEX,17,REBOTE-OFENSIVO,LOCAL,15,"PEREIRA, MICHAEL",1,8:28,5,2
130877,01/06/2026,BRA,MEX,18,FALTA-COMETIDA,VISITANTE,5,"ESCALANTE, JUAN",1,8:27,5,2
130877,01/06/2026,BRA,MEX,19,FALTA-RECIBIDA,LOCAL,15,"PEREIRA, MICHAEL",1,8:27,5,2
130877,01/06/2026,BRA,MEX,20,TIRO2-FALLADO,LOCAL,15,"PEREIRA, MICHAEL",1,8:17,5,2
130877,01/06/2026,BRA,MEX,21,REBOTE-OFENSIVO,LOCAL,10,"MELO, PIETRO",1,8:14,5,2
130877,01/06/2026,BRA,MEX,22,CANASTA-2P,LOCAL,10,"MELO, PIETRO",1,8:13,7,2
130877,01/06/2026,BRA,MEX,23,CANASTA-2P,VISITANTE,10,"OLANO, YAIR",1,8:03,7,4
130877,01/06/2026,BRA,MEX,24,ASISTENCIA,VISITANTE,12,"PORRAS, ADRIEN",1,8:03,7,4
130877,01/06/2026,BRA,MEX,25,TIRO3-FALLADO,LOCAL,14,"NEVES, JOAO",1,7:49,7,4
130877,01/06/2026,BRA,MEX,26,REBOTE-OFENSIVO,LOCAL,15,"PEREIRA, MICHAEL",1,7:47,7,4
130877,01/06/2026,BRA,MEX,27,FALTA-COMETIDA,VISITANTE,10,"OLANO, YAIR",1,7:37,7,4
130877,01/06/2026,BRA,MEX,28,FALTA-RECIBIDA,LOCAL,11,"SOUZA, PEDRO",1,7:37,7,4
130877,01/06/2026,BRA,MEX,29,CANASTA-1P,LOCAL,11,"SOUZA, PEDRO",1,7:37,8,4
130877,01/06/2026,BRA,MEX,30,ASISTENCIA,LOCAL,10,"MELO, PIETRO",1,7:37,8,4
130877,01/06/2026,BRA,MEX,31,TIRO1-FALLADO,LOCAL,11,"SOUZA, PEDRO",1,7:37,8,4
130877,01/06/2026,BRA,MEX,32,REBOTE-OFENSIVO,LOCAL,7,"SANTOS, ISAIAH",1,7:36,8,4
130877,01/06/2026,BRA,MEX,33,TIRO3-FALLADO,LOCAL,10,"MELO, PIETRO",1,7:29,8,4
130877,01/06/2026,BRA,MEX,34,REBOTE-OFENSIVO,LOCAL,,,1,7:28,8,4
130877,01/06/2026,BRA,MEX,35,CANASTA-2P,LOCAL,14,"NEVES, JOAO",1,7:21,10,4
130877,01/06/2026,BRA,MEX,36,TIRO2-FALLADO,VISITANTE,10,"OLANO, YAIR",1,7:02,10,4
130877,01/06/2026,BRA,MEX,37,REBOTE-DEFENSIVO,LOCAL,15,"PEREIRA, MICHAEL",1,7:01,10,4
130877,01/06/2026,BRA,MEX,38,FALTA-COMETIDA,VISITANTE,9,"VILLANUEVA, PEDRO",1,7:01,10,4
130877,01/06/2026,BRA,MEX,39,FALTA-RECIBIDA,LOCAL,15,"PEREIRA, MICHAEL",1,7:01,10,4
130877,01/06/2026,BRA,MEX,40,TIRO3-FALLADO,LOCAL,7,"SANTOS, ISAIAH",1,6:47,10,4
130877,01/06/2026,BRA,MEX,41,REBOTE-OFENSIVO,LOCAL,11,"SOUZA, PEDRO",1,6:45,10,4
130877,01/06/2026,BRA,MEX,42,TIRO3-FALLADO,LOCAL,10,"MELO, PIETRO",1,6:32,10,4
130877,01/06/2026,BRA,MEX,43,REBOTE-DEFENSIVO,VISITANTE,10,"OLANO, YAIR",1,6:30,10,4
130877,01/06/2026,BRA,MEX,44,CANASTA-2P,VISITANTE,9,"VILLANUEVA, PEDRO",1,6:21,10,6
130877,01/06/2026,BRA,MEX,45,TIRO3-FALLADO,LOCAL,14,"NEVES, JOAO",1,6:04,10,6
130877,01/06/2026,BRA,MEX,46,REBOTE-OFENSIVO,LOCAL,,,1,6:02,10,6
130877,01/06/2026,BRA,MEX,47,CANASTA-3P,LOCAL,10,"MELO, PIETRO",1,5:57,13,6
130877,01/06/2026,BRA,MEX,48,ASISTENCIA,LOCAL,11,"SOUZA, PEDRO",1,5:57,13,6
130877,01/06/2026,BRA,MEX,49,PERDIDA,VISITANTE,5,"ESCALANTE, JUAN",1,5:41,13,6
130877,01/06/2026,BRA,MEX,50,RECUPERACION,LOCAL,15,"PEREIRA, MICHAEL",1,5:41,13,6
130877,01/06/2026,BRA,MEX,51,CANASTA-2P,LOCAL,14,"NEVES, JOAO",1,5:37,15,6
130877,01/06/2026,BRA,MEX,52,ASISTENCIA,LOCAL,10,"MELO, PIETRO",1,5:37,15,6
130877,01/06/2026,BRA,MEX,53,TIEMPO-MUERTO-SOLICITADO,VISITANTE,,,1,5:37,15,6
130877,01/06/2026,BRA,MEX,54,CAMBIO-JUGADOR-SALE,LOCAL,11,"SOUZA, PEDRO",1,5:37,15,6
130877,01/06/2026,BRA,MEX,55,CAMBIO-JUGADOR-ENTRA,LOCAL,3,"CUNHA, NICOLAS",1,5:37,15,6
130877,01/06/2026,BRA,MEX,56,CAMBIO-JUGADOR-SALE,VISITANTE,10,"OLANO, YAIR",1,5:28,15,6
130877,01/06/2026,BRA,MEX,57,CAMBIO-JUGADOR-ENTRA,VISITANTE,25,"BARNES, ISAIAH",1,5:28,15,6
130877,01/06/2026,BRA,MEX,58,TIRO2-FALLADO,VISITANTE,9,"VILLANUEVA, PEDRO",1,5:21,15,6
130877,01/06/2026,BRA,MEX,59,REBOTE-DEFENSIVO,LOCAL,14,"NEVES, JOAO",1,5:18,15,6
130877,01/06/2026,BRA,MEX,60,TIRO2-FALLADO,LOCAL,3,"CUNHA, NICOLAS",1,5:14,15,6
130877,01/06/2026,BRA,MEX,61,REBOTE-OFENSIVO,LOCAL,15,"PEREIRA, MICHAEL",1,5:08,15,6
130877,01/06/2026,BRA,MEX,62,CANASTA-2P,LOCAL,15,"PEREIRA, MICHAEL",1,5:08,17,6
130877,01/06/2026,BRA,MEX,63,FALTA-COMETIDA,VISITANTE,12,"PORRAS, ADRIEN",1,5:01,17,6
130877,01/06/2026,BRA,MEX,64,PERDIDA,VISITANTE,12,"PORRAS, ADRIEN",1,5:01,17,6
130877,01/06/2026,BRA,MEX,65,FALTA-RECIBIDA,LOCAL,10,"MELO, PIETRO",1,5:01,17,6
130877,01/06/2026,BRA,MEX,66,CAMBIO-JUGADOR-SALE,LOCAL,15,"PEREIRA, MICHAEL",1,5:01,17,6
130877,01/06/2026,BRA,MEX,67,CAMBIO-JUGADOR-ENTRA,LOCAL,16,"ALVES, HENRY",1,5:01,17,6
130877,01/06/2026,BRA,MEX,68,TIRO3-FALLADO,LOCAL,3,"CUNHA, NICOLAS",1,4:45,17,6
130877,01/06/2026,BRA,MEX,69,REBOTE-OFENSIVO,LOCAL,,,1,4:45,17,6
130877,01/06/2026,BRA,MEX,70,FALTA-COMETIDA,VISITANTE,12,"PORRAS, ADRIEN",1,4:45,17,6
130877,01/06/2026,BRA,MEX,71,FALTA-RECIBIDA,LOCAL,16,"ALVES, HENRY",1,4:45,17,6
130877,01/06/2026,BRA,MEX,72,CAMBIO-JUGADOR-SALE,LOCAL,16,"ALVES, HENRY",1,4:45,17,6
130877,01/06/2026,BRA,MEX,73,CAMBIO-JUGADOR-ENTRA,LOCAL,12,"SOLANO, BRUNO",1,4:45,17,6
130877,01/06/2026,BRA,MEX,74,CAMBIO-JUGADOR-SALE,VISITANTE,12,"PORRAS, ADRIEN",1,4:45,17,6
130877,01/06/2026,BRA,MEX,75,CAMBIO-JUGADOR-ENTRA,VISITANTE,21,"BERNAL, EMILIANO",1,4:45,17,6
130877,01/06/2026,BRA,MEX,76,TIRO1-FALLADO,LOCAL,12,"SOLANO, BRUNO",1,4:45,17,6
130877,01/06/2026,BRA,MEX,77,TIRO1-FALLADO,LOCAL,12,"SOLANO, BRUNO",1,4:45,17,6
130877,01/06/2026,BRA,MEX,78,REBOTE-DEFENSIVO,VISITANTE,24,"VALLEJO, AYRTON",1,4:45,17,6
130877,01/06/2026,BRA,MEX,79,TIRO2-FALLADO,VISITANTE,9,"VILLANUEVA, PEDRO",1,4:38,17,6
130877,01/06/2026,BRA,MEX,80,REBOTE-DEFENSIVO,LOCAL,14,"NEVES, JOAO",1,4:35,17,6
130877,01/06/2026,BRA,MEX,81,CANASTA-2P,LOCAL,3,"CUNHA, NICOLAS",1,4:34,19,6
130877,01/06/2026,BRA,MEX,82,ASISTENCIA,LOCAL,14,"NEVES, JOAO",1,4:34,19,6
130877,01/06/2026,BRA,MEX,83,FALTA-COMETIDA,LOCAL,14,"NEVES, JOAO",1,4:18,19,6
130877,01/06/2026,BRA,MEX,84,FALTA-RECIBIDA,VISITANTE,24,"VALLEJO, AYRTON",1,4:18,19,6
130877,01/06/2026,BRA,MEX,85,CAMBIO-JUGADOR-SALE,LOCAL,14,"NEVES, JOAO",1,4:18,19,6
130877,01/06/2026,BRA,MEX,86,CAMBIO-JUGADOR-ENTRA,LOCAL,4,"VARALLO, FERNANDO",1,4:18,19,6
130877,01/06/2026,BRA,MEX,87,TIRO3-FALLADO,VISITANTE,21,"BERNAL, EMILIANO",1,4:09,19,6
130877,01/06/2026,BRA,MEX,88,REBOTE-DEFENSIVO,LOCAL,7,"SANTOS, ISAIAH",1,4:07,19,6
130877,01/06/2026,BRA,MEX,89,TIRO2-FALLADO,LOCAL,7,"SANTOS, ISAIAH",1,4:02,19,6
130877,01/06/2026,BRA,MEX,90,REBOTE-DEFENSIVO,VISITANTE,21,"BERNAL, EMILIANO",1,4:00,19,6
130877,01/06/2026,BRA,MEX,91,FALTA-COMETIDA,LOCAL,3,"CUNHA, NICOLAS",1,3:53,19,6
130877,01/06/2026,BRA,MEX,92,FALTA-RECIBIDA,VISITANTE,5,"ESCALANTE, JUAN",1,3:53,19,6
130877,01/06/2026,BRA,MEX,93,CAMBIO-JUGADOR-SALE,VISITANTE,9,"VILLANUEVA, PEDRO",1,3:53,19,6
130877,01/06/2026,BRA,MEX,94,CAMBIO-JUGADOR-ENTRA,VISITANTE,14,"RAMOS, ELIAS",1,3:53,19,6
130877,01/06/2026,BRA,MEX,95,TIRO3-FALLADO,VISITANTE,25,"BARNES, ISAIAH",1,3:44,19,6
130877,01/06/2026,BRA,MEX,96,REBOTE-DEFENSIVO,LOCAL,7,"SANTOS, ISAIAH",1,3:42,19,6
130877,01/06/2026,BRA,MEX,97,TIRO3-FALLADO,LOCAL,10,"MELO, PIETRO",1,3:32,19,6
130877,01/06/2026,BRA,MEX,98,REBOTE-OFENSIVO,LOCAL,3,"CUNHA, NICOLAS",1,3:30,19,6
130877,01/06/2026,BRA,MEX,99,TIRO2-FALLADO,LOCAL,3,"CUNHA, NICOLAS",1,3:28,19,6
130877,01/06/2026,BRA,MEX,100,REBOTE-DEFENSIVO,VISITANTE,14,"RAMOS, ELIAS",1,3:25,19,6
130877,01/06/2026,BRA,MEX,101,CANASTA-2P,VISITANTE,24,"VALLEJO, AYRTON",1,3:18,19,8
130877,01/06/2026,BRA,MEX,102,ASISTENCIA,VISITANTE,21,"BERNAL, EMILIANO",1,3:18,19,8
130877,01/06/2026,BRA,MEX,103,PERDIDA,LOCAL,12,"SOLANO, BRUNO",1,3:07,19,8
130877,01/06/2026,BRA,MEX,104,CAMBIO-JUGADOR-SALE,LOCAL,4,"VARALLO, FERNANDO",1,3:07,19,8
130877,01/06/2026,BRA,MEX,105,CAMBIO-JUGADOR-SALE,LOCAL,7,"SANTOS, ISAIAH",1,3:07,19,8
130877,01/06/2026,BRA,MEX,106,CAMBIO-JUGADOR-ENTRA,LOCAL,8,"MORO, LUCAS",1,3:07,19,8
130877,01/06/2026,BRA,MEX,107,CAMBIO-JUGADOR-ENTRA,LOCAL,16,"ALVES, HENRY",1,3:07,19,8
130877,01/06/2026,BRA,MEX,108,CAMBIO-JUGADOR-SALE,VISITANTE,5,"ESCALANTE, JUAN",1,3:07,19,8
130877,01/06/2026,BRA,MEX,109,CAMBIO-JUGADOR-ENTRA,VISITANTE,0,"MUÑOZ, CISCO",1,3:07,19,8
130877,01/06/2026,BRA,MEX,110,TIRO3-FALLADO,VISITANTE,24,"VALLEJO, AYRTON",1,2:45,19,8
130877,01/06/2026,BRA,MEX,111,REBOTE-DEFENSIVO,LOCAL,12,"SOLANO, BRUNO",1,2:43,19,8
130877,01/06/2026,BRA,MEX,112,PERDIDA,LOCAL,8,"MORO, LUCAS",1,2:36,19,8
130877,01/06/2026,BRA,MEX,113,RECUPERACION,VISITANTE,21,"BERNAL, EMILIANO",1,2:36,19,8
130877,01/06/2026,BRA,MEX,114,CANASTA-2P,VISITANTE,0,"MUÑOZ, CISCO",1,2:28,19,10
130877,01/06/2026,BRA,MEX,115,CANASTA-2P,LOCAL,12,"SOLANO, BRUNO",1,2:14,21,10
130877,01/06/2026,BRA,MEX,116,PERDIDA,VISITANTE,24,"VALLEJO, AYRTON",1,2:01,21,10
130877,01/06/2026,BRA,MEX,117,CAMBIO-JUGADOR-SALE,LOCAL,10,"MELO, PIETRO",1,2:01,21,10
130877,01/06/2026,BRA,MEX,118,CAMBIO-JUGADOR-ENTRA,LOCAL,2,"MATHIAS, CAIO",1,2:01,21,10
130877,01/06/2026,BRA,MEX,119,TIRO3-FALLADO,LOCAL,2,"MATHIAS, CAIO",1,1:49,21,10
130877,01/06/2026,BRA,MEX,120,REBOTE-OFENSIVO,LOCAL,,,1,1:49,21,10
130877,01/06/2026,BRA,MEX,121,FALTA-COMETIDA,VISITANTE,25,"BARNES, ISAIAH",1,1:49,21,10
130877,01/06/2026,BRA,MEX,122,FALTA-RECIBIDA,LOCAL,8,"MORO, LUCAS",1,1:49,21,10
130877,01/06/2026,BRA,MEX,123,CANASTA-1P,LOCAL,8,"MORO, LUCAS",1,1:49,22,10
130877,01/06/2026,BRA,MEX,124,CANASTA-1P,LOCAL,8,"MORO, LUCAS",1,1:49,23,10
130877,01/06/2026,BRA,MEX,125,CANASTA-3P,VISITANTE,24,"VALLEJO, AYRTON",1,1:33,23,13
130877,01/06/2026,BRA,MEX,126,ASISTENCIA,VISITANTE,25,"BARNES, ISAIAH",1,1:33,23,13
130877,01/06/2026,BRA,MEX,127,TIRO3-FALLADO,LOCAL,3,"CUNHA, NICOLAS",1,1:11,23,13
130877,01/06/2026,BRA,MEX,128,REBOTE-DEFENSIVO,VISITANTE,,,1,1:11,23,13
130877,01/06/2026,BRA,MEX,129,CAMBIO-JUGADOR-SALE,LOCAL,16,"ALVES, HENRY",1,1:11,23,13
130877,01/06/2026,BRA,MEX,130,CAMBIO-JUGADOR-ENTRA,LOCAL,4,"VARALLO, FERNANDO",1,1:11,23,13
130877,01/06/2026,BRA,MEX,131,TIRO2-FALLADO,VISITANTE,0,"MUÑOZ, CISCO",1,0:54,23,13
130877,01/06/2026,BRA,MEX,132,REBOTE-DEFENSIVO,LOCAL,4,"VARALLO, FERNANDO",1,0:54,23,13
130877,01/06/2026,BRA,MEX,133,FALTA-COMETIDA,VISITANTE,24,"VALLEJO, AYRTON",1,0:52,23,13
130877,01/06/2026,BRA,MEX,134,FALTA-RECIBIDA,LOCAL,4,"VARALLO, FERNANDO",1,0:52,23,13
130877,01/06/2026,BRA,MEX,135,TIRO1-FALLADO,LOCAL,4,"VARALLO, FERNANDO",1,0:52,23,13
130877,01/06/2026,BRA,MEX,136,CANASTA-1P,LOCAL,4,"VARALLO, FERNANDO",1,0:52,24,13
130877,01/06/2026,BRA,MEX,137,CANASTA-2P,VISITANTE,14,"RAMOS, ELIAS",1,0:35,24,15
130877,01/06/2026,BRA,MEX,138,CANASTA-3P,LOCAL,8,"MORO, LUCAS",1,0:14,27,15
130877,01/06/2026,BRA,MEX,139,ASISTENCIA,LOCAL,3,"CUNHA, NICOLAS",1,0:14,27,15
130877,01/06/2026,BRA,MEX,140,FALTA-COMETIDA,LOCAL,2,"MATHIAS, CAIO",1,0:08,27,15
130877,01/06/2026,BRA,MEX,141,FALTA-RECIBIDA,VISITANTE,14,"RAMOS, ELIAS",1,0:08,27,15
130877,01/06/2026,BRA,MEX,142,TIRO2-FALLADO,VISITANTE,14,"RAMOS, ELIAS",1,0:03,27,15
130877,01/06/2026,BRA,MEX,143,REBOTE-DEFENSIVO,LOCAL,12,"SOLANO, BRUNO",1,0:01,27,15
130877,01/06/2026,BRA,MEX,144,PERDIDA,LOCAL,2,"MATHIAS, CAIO",1,0:01,27,15
130877,01/06/2026,BRA,MEX,145,RECUPERACION,VISITANTE,14,"RAMOS, ELIAS",1,0:01,27,15
130877,01/06/2026,BRA,MEX,146,FALTA-COMETIDA,LOCAL,2,"MATHIAS, CAIO",1,0:01,27,15
130877,01/06/2026,BRA,MEX,147,FALTA-RECIBIDA,VISITANTE,25,"BARNES, ISAIAH",1,0:01,27,15
130877,01/06/2026,BRA,MEX,148,CAMBIO-JUGADOR-SALE,LOCAL,8,"MORO, LUCAS",1,0:01,27,15
130877,01/06/2026,BRA,MEX,149,CAMBIO-JUGADOR-ENTRA,LOCAL,16,"ALVES, HENRY",1,0:01,27,15
130877,01/06/2026,BRA,MEX,150,CANASTA-1P,VISITANTE,25,"BARNES, ISAIAH",1,0:01,27,16
130877,01/06/2026,BRA,MEX,151,TIRO1-FALLADO,VISITANTE,25,"BARNES, ISAIAH",1,0:01,27,16
130877,01/06/2026,BRA,MEX,152,CANASTA-1P,VISITANTE,25,"BARNES, ISAIAH",1,0:01,27,17
130877,01/06/2026,BRA,MEX,153,FINAL-PERIODO,,,,1,0:00,27,17
130877,01/06/2026,BRA,MEX,154,CAMBIO-JUGADOR-SALE,LOCAL,3,"CUNHA, NICOLAS",2,10:00,27,17
130877,01/06/2026,BRA,MEX,155,CAMBIO-JUGADOR-SALE,LOCAL,4,"VARALLO, FERNANDO",2,10:00,27,17
130877,01/06/2026,BRA,MEX,156,CAMBIO-JUGADOR-ENTRA,LOCAL,11,"SOUZA, PEDRO",2,10:00,27,17
130877,01/06/2026,BRA,MEX,157,CAMBIO-JUGADOR-ENTRA,LOCAL,14,"NEVES, JOAO",2,10:00,27,17
130877,01/06/2026,BRA,MEX,158,CAMBIO-JUGADOR-SALE,VISITANTE,24,"VALLEJO, AYRTON",2,10:00,27,17
130877,01/06/2026,BRA,MEX,159,CAMBIO-JUGADOR-ENTRA,VISITANTE,12,"PORRAS, ADRIEN",2,10:00,27,17
130877,01/06/2026,BRA,MEX,160,INICIO-PERIODO,,,,2,10:00,27,17
130877,01/06/2026,BRA,MEX,161,FALTA-COMETIDA,LOCAL,2,"MATHIAS, CAIO",2,9:46,27,17
130877,01/06/2026,BRA,MEX,162,FALTA-RECIBIDA,VISITANTE,25,"BARNES, ISAIAH",2,9:46,27,17
130877,01/06/2026,BRA,MEX,163,TIRO1-FALLADO,VISITANTE,25,"BARNES, ISAIAH",2,9:46,27,17
130877,01/06/2026,BRA,MEX,164,CANASTA-1P,VISITANTE,25,"BARNES, ISAIAH",2,9:46,27,18
130877,01/06/2026,BRA,MEX,165,CAMBIO-JUGADOR-SALE,LOCAL,2,"MATHIAS, CAIO",2,9:46,27,18
130877,01/06/2026,BRA,MEX,166,CAMBIO-JUGADOR-ENTRA,LOCAL,7,"SANTOS, ISAIAH",2,9:46,27,18
130877,01/06/2026,BRA,MEX,167,PERDIDA,LOCAL,11,"SOUZA, PEDRO",2,9:31,27,18
130877,01/06/2026,BRA,MEX,168,RECUPERACION,VISITANTE,21,"BERNAL, EMILIANO",2,9:31,27,18
130877,01/06/2026,BRA,MEX,169,TIRO3-FALLADO,VISITANTE,14,"RAMOS, ELIAS",2,9:11,27,18
130877,01/06/2026,BRA,MEX,170,REBOTE-DEFENSIVO,LOCAL,16,"ALVES, HENRY",2,9:08,27,18
130877,01/06/2026,BRA,MEX,171,FALTA-COMETIDA,VISITANTE,14,"RAMOS, ELIAS",2,9:03,27,18
130877,01/06/2026,BRA,MEX,172,FALTA-RECIBIDA,LOCAL,7,"SANTOS, ISAIAH",2,9:03,27,18
130877,01/06/2026,BRA,MEX,173,TIRO3-FALLADO,LOCAL,14,"NEVES, JOAO",2,8:52,27,18
130877,01/06/2026,BRA,MEX,174,REBOTE-DEFENSIVO,VISITANTE,12,"PORRAS, ADRIEN",2,8:50,27,18
130877,01/06/2026,BRA,MEX,175,TIRO3-FALLADO,VISITANTE,0,"MUÑOZ, CISCO",2,8:34,27,18
130877,01/06/2026,BRA,MEX,176,REBOTE-DEFENSIVO,LOCAL,7,"SANTOS, ISAIAH",2,8:33,27,18
130877,01/06/2026,BRA,MEX,177,FALTA-COMETIDA,VISITANTE,14,"RAMOS, ELIAS",2,8:33,27,18
130877,01/06/2026,BRA,MEX,178,FALTA-RECIBIDA,LOCAL,7,"SANTOS, ISAIAH",2,8:33,27,18
130877,01/06/2026,BRA,MEX,179,CAMBIO-JUGADOR-SALE,VISITANTE,14,"RAMOS, ELIAS",2,8:33,27,18
130877,01/06/2026,BRA,MEX,180,CAMBIO-JUGADOR-ENTRA,VISITANTE,9,"VILLANUEVA, PEDRO",2,8:33,27,18
130877,01/06/2026,BRA,MEX,181,CANASTA-2P,LOCAL,11,"SOUZA, PEDRO",2,8:18,29,18
130877,01/06/2026,BRA,MEX,182,CANASTA-3P,VISITANTE,25,"BARNES, ISAIAH",2,8:09,29,21
130877,01/06/2026,BRA,MEX,183,PERDIDA,LOCAL,7,"SANTOS, ISAIAH",2,8:00,29,21
130877,01/06/2026,BRA,MEX,184,RECUPERACION,VISITANTE,0,"MUÑOZ, CISCO",2,8:00,29,21
130877,01/06/2026,BRA,MEX,185,TIRO3-FALLADO,VISITANTE,25,"BARNES, ISAIAH",2,7:39,29,21
130877,01/06/2026,BRA,MEX,186,REBOTE-DEFENSIVO,LOCAL,,,2,7:38,29,21
130877,01/06/2026,BRA,MEX,187,CAMBIO-JUGADOR-SALE,LOCAL,12,"SOLANO, BRUNO",2,7:37,29,21
130877,01/06/2026,BRA,MEX,188,CAMBIO-JUGADOR-ENTRA,LOCAL,10,"MELO, PIETRO",2,7:37,29,21
130877,01/06/2026,BRA,MEX,189,CAMBIO-JUGADOR-SALE,VISITANTE,21,"BERNAL, EMILIANO",2,7:37,29,21
130877,01/06/2026,BRA,MEX,190,CAMBIO-JUGADOR-ENTRA,VISITANTE,24,"VALLEJO, AYRTON",2,7:37,29,21
130877,01/06/2026,BRA,MEX,191,TIRO2-FALLADO,LOCAL,10,"MELO, PIETRO",2,7:19,29,21
130877,01/06/2026,BRA,MEX,192,REBOTE-DEFENSIVO,VISITANTE,25,"BARNES, ISAIAH",2,7:15,29,21
130877,01/06/2026,BRA,MEX,193,TIRO3-FALLADO,VISITANTE,25,"BARNES, ISAIAH",2,7:00,29,21
130877,01/06/2026,BRA,MEX,194,REBOTE-DEFENSIVO,LOCAL,11,"SOUZA, PEDRO",2,6:58,29,21
130877,01/06/2026,BRA,MEX,195,FALTA-COMETIDA,VISITANTE,9,"VILLANUEVA, PEDRO",2,6:54,29,21
130877,01/06/2026,BRA,MEX,196,FALTA-RECIBIDA,LOCAL,11,"SOUZA, PEDRO",2,6:54,29,21
130877,01/06/2026,BRA,MEX,197,CAMBIO-JUGADOR-SALE,VISITANTE,9,"VILLANUEVA, PEDRO",2,6:54,29,21
130877,01/06/2026,BRA,MEX,198,CAMBIO-JUGADOR-ENTRA,VISITANTE,8,"AYALA, MIGUEL",2,6:54,29,21
130877,01/06/2026,BRA,MEX,199,TIRO1-FALLADO,LOCAL,11,"SOUZA, PEDRO",2,6:54,29,21
130877,01/06/2026,BRA,MEX,200,CANASTA-1P,LOCAL,11,"SOUZA, PEDRO",2,6:54,30,21
130877,01/06/2026,BRA,MEX,201,TIRO2-FALLADO,VISITANTE,12,"PORRAS, ADRIEN",2,6:36,30,21
130877,01/06/2026,BRA,MEX,202,REBOTE-DEFENSIVO,LOCAL,14,"NEVES, JOAO",2,6:34,30,21
130877,01/06/2026,BRA,MEX,203,PERDIDA,LOCAL,14,"NEVES, JOAO",2,6:33,30,21
130877,01/06/2026,BRA,MEX,204,RECUPERACION,VISITANTE,25,"BARNES, ISAIAH",2,6:33,30,21
130877,01/06/2026,BRA,MEX,205,CANASTA-2P,VISITANTE,25,"BARNES, ISAIAH",2,6:28,30,23
130877,01/06/2026,BRA,MEX,206,TIRO3-FALLADO,LOCAL,7,"SANTOS, ISAIAH",2,6:13,30,23
130877,01/06/2026,BRA,MEX,207,REBOTE-DEFENSIVO,VISITANTE,12,"PORRAS, ADRIEN",2,6:13,30,23
130877,01/06/2026,BRA,MEX,208,FALTA-COMETIDA,LOCAL,11,"SOUZA, PEDRO",2,6:13,30,23
130877,01/06/2026,BRA,MEX,209,FALTA-RECIBIDA,VISITANTE,8,"AYALA, MIGUEL",2,6:13,30,23
130877,01/06/2026,BRA,MEX,210,CAMBIO-JUGADOR-SALE,LOCAL,16,"ALVES, HENRY",2,6:13,30,23
130877,01/06/2026,BRA,MEX,211,CAMBIO-JUGADOR-ENTRA,LOCAL,15,"PEREIRA, MICHAEL",2,6:13,30,23
130877,01/06/2026,BRA,MEX,212,TIRO3-FALLADO,VISITANTE,12,"PORRAS, ADRIEN",2,5:58,30,23
130877,01/06/2026,BRA,MEX,213,REBOTE-DEFENSIVO,LOCAL,15,"PEREIRA, MICHAEL",2,5:55,30,23
130877,01/06/2026,BRA,MEX,214,FALTA-COMETIDA,LOCAL,15,"PEREIRA, MICHAEL",2,5:55,30,23
130877,01/06/2026,BRA,MEX,215,PERDIDA,LOCAL,15,"PEREIRA, MICHAEL",2,5:55,30,23
130877,01/06/2026,BRA,MEX,216,FALTA-RECIBIDA,VISITANTE,24,"VALLEJO, AYRTON",2,5:55,30,23
130877,01/06/2026,BRA,MEX,217,PERDIDA,VISITANTE,8,"AYALA, MIGUEL",2,5:48,30,23
130877,01/06/2026,BRA,MEX,218,RECUPERACION,LOCAL,15,"PEREIRA, MICHAEL",2,5:48,30,23
130877,01/06/2026,BRA,MEX,219,CANASTA-2P,LOCAL,7,"SANTOS, ISAIAH",2,5:40,32,23
130877,01/06/2026,BRA,MEX,220,TIRO2-FALLADO,VISITANTE,0,"MUÑOZ, CISCO",2,5:22,32,23
130877,01/06/2026,BRA,MEX,221,REBOTE-DEFENSIVO,LOCAL,,,2,5:21,32,23
130877,01/06/2026,BRA,MEX,222,CAMBIO-JUGADOR-SALE,VISITANTE,0,"MUÑOZ, CISCO",2,5:21,32,23
130877,01/06/2026,BRA,MEX,223,CAMBIO-JUGADOR-SALE,VISITANTE,8,"AYALA, MIGUEL",2,5:21,32,23
130877,01/06/2026,BRA,MEX,224,CAMBIO-JUGADOR-ENTRA,VISITANTE,5,"ESCALANTE, JUAN",2,5:21,32,23
130877,01/06/2026,BRA,MEX,225,CAMBIO-JUGADOR-ENTRA,VISITANTE,10,"OLANO, YAIR",2,5:21,32,23
130877,01/06/2026,BRA,MEX,226,TIRO2-FALLADO,LOCAL,11,"SOUZA, PEDRO",2,5:11,32,23
130877,01/06/2026,BRA,MEX,227,REBOTE-DEFENSIVO,VISITANTE,5,"ESCALANTE, JUAN",2,5:08,32,23
130877,01/06/2026,BRA,MEX,228,CANASTA-2P,VISITANTE,24,"VALLEJO, AYRTON",2,4:57,32,25
130877,01/06/2026,BRA,MEX,229,ASISTENCIA,VISITANTE,12,"PORRAS, ADRIEN",2,4:57,32,25
130877,01/06/2026,BRA,MEX,230,TIEMPO-MUERTO-SOLICITADO,LOCAL,,,2,4:56,32,25
130877,01/06/2026,BRA,MEX,231,FALTA-COMETIDA,VISITANTE,12,"PORRAS, ADRIEN",2,4:50,32,25
130877,01/06/2026,BRA,MEX,232,FALTA-RECIBIDA,LOCAL,7,"SANTOS, ISAIAH",2,4:50,32,25
130877,01/06/2026,BRA,MEX,233,CAMBIO-JUGADOR-SALE,VISITANTE,12,"PORRAS, ADRIEN",2,4:50,32,25
130877,01/06/2026,BRA,MEX,234,CAMBIO-JUGADOR-ENTRA,VISITANTE,6,"ALVAREZ, ANDRE",2,4:50,32,25
130877,01/06/2026,BRA,MEX,235,TIRO3-FALLADO,LOCAL,14,"NEVES, JOAO",2,4:46,32,25
130877,01/06/2026,BRA,MEX,236,REBOTE-OFENSIVO,LOCAL,7,"SANTOS, ISAIAH",2,4:41,32,25
130877,01/06/2026,BRA,MEX,237,CANASTA-2P,LOCAL,7,"SANTOS, ISAIAH",2,4:41,34,25
130877,01/06/2026,BRA,MEX,238,FALTA-COMETIDA,VISITANTE,6,"ALVAREZ, ANDRE",2,4:34,34,25
130877,01/06/2026,BRA,MEX,239,PERDIDA,VISITANTE,6,"ALVAREZ, ANDRE",2,4:34,34,25
130877,01/06/2026,BRA,MEX,240,FALTA-RECIBIDA,LOCAL,10,"MELO, PIETRO",2,4:34,34,25
130877,01/06/2026,BRA,MEX,241,TIRO3-FALLADO,LOCAL,11,"SOUZA, PEDRO",2,4:22,34,25
130877,01/06/2026,BRA,MEX,242,REBOTE-OFENSIVO,LOCAL,7,"SANTOS, ISAIAH",2,4:19,34,25
130877,01/06/2026,BRA,MEX,243,FALTA-COMETIDA,VISITANTE,24,"VALLEJO, AYRTON",2,4:13,34,25
130877,01/06/2026,BRA,MEX,244,FALTA-RECIBIDA,LOCAL,15,"PEREIRA, MICHAEL",2,4:13,34,25
130877,01/06/2026,BRA,MEX,245,TIRO1-FALLADO,LOCAL,15,"PEREIRA, MICHAEL",2,4:13,34,25
130877,01/06/2026,BRA,MEX,246,TIRO1-FALLADO,LOCAL,15,"PEREIRA, MICHAEL",2,4:13,34,25
130877,01/06/2026,BRA,MEX,247,REBOTE-OFENSIVO,LOCAL,,,2,4:12,34,25
130877,01/06/2026,BRA,MEX,248,FALTA-COMETIDA,VISITANTE,24,"VALLEJO, AYRTON",2,4:11,34,25
130877,01/06/2026,BRA,MEX,249,FALTA-RECIBIDA,LOCAL,11,"SOUZA, PEDRO",2,4:11,34,25
130877,01/06/2026,BRA,MEX,250,CAMBIO-JUGADOR-SALE,VISITANTE,24,"VALLEJO, AYRTON",2,4:11,34,25
130877,01/06/2026,BRA,MEX,251,CAMBIO-JUGADOR-ENTRA,VISITANTE,21,"BERNAL, EMILIANO",2,4:11,34,25
130877,01/06/2026,BRA,MEX,252,TIRO1-FALLADO,LOCAL,11,"SOUZA, PEDRO",2,4:11,34,25
130877,01/06/2026,BRA,MEX,253,CANASTA-1P,LOCAL,11,"SOUZA, PEDRO",2,4:11,35,25
130877,01/06/2026,BRA,MEX,254,CANASTA-2P,VISITANTE,25,"BARNES, ISAIAH",2,4:02,35,27
130877,01/06/2026,BRA,MEX,255,FALTA-COMETIDA,LOCAL,15,"PEREIRA, MICHAEL",2,4:02,35,27
130877,01/06/2026,BRA,MEX,256,FALTA-RECIBIDA,VISITANTE,25,"BARNES, ISAIAH",2,4:02,35,27
130877,01/06/2026,BRA,MEX,257,CANASTA-1P,VISITANTE,25,"BARNES, ISAIAH",2,4:02,35,28
130877,01/06/2026,BRA,MEX,258,TIRO3-FALLADO,LOCAL,11,"SOUZA, PEDRO",2,3:45,35,28
130877,01/06/2026,BRA,MEX,259,REBOTE-DEFENSIVO,VISITANTE,25,"BARNES, ISAIAH",2,3:42,35,28
130877,01/06/2026,BRA,MEX,260,CANASTA-2P,VISITANTE,25,"BARNES, ISAIAH",2,3:34,35,30
130877,01/06/2026,BRA,MEX,261,CANASTA-2P,LOCAL,7,"SANTOS, ISAIAH",2,3:18,37,30
130877,01/06/2026,BRA,MEX,262,FALTA-COMETIDA,VISITANTE,6,"ALVAREZ, ANDRE",2,3:18,37,30
130877,01/06/2026,BRA,MEX,263,FALTA-RECIBIDA,LOCAL,7,"SANTOS, ISAIAH",2,3:18,37,30
130877,01/06/2026,BRA,MEX,264,CAMBIO-JUGADOR-SALE,LOCAL,11,"SOUZA, PEDRO",2,3:18,37,30
130877,01/06/2026,BRA,MEX,265,CAMBIO-JUGADOR-SALE,LOCAL,15,"PEREIRA, MICHAEL",2,3:18,37,30
130877,01/06/2026,BRA,MEX,266,CAMBIO-JUGADOR-ENTRA,LOCAL,3,"CUNHA, NICOLAS",2,3:18,37,30
130877,01/06/2026,BRA,MEX,267,CAMBIO-JUGADOR-ENTRA,LOCAL,4,"VARALLO, FERNANDO",2,3:18,37,30
130877,01/06/2026,BRA,MEX,268,CANASTA-1P,LOCAL,7,"SANTOS, ISAIAH",2,3:18,38,30
130877,01/06/2026,BRA,MEX,269,CAMBIO-JUGADOR-SALE,VISITANTE,10,"OLANO, YAIR",2,3:18,38,30
130877,01/06/2026,BRA,MEX,270,CAMBIO-JUGADOR-ENTRA,VISITANTE,9,"VILLANUEVA, PEDRO",2,3:18,38,30
130877,01/06/2026,BRA,MEX,271,TIRO2-FALLADO,VISITANTE,9,"VILLANUEVA, PEDRO",2,3:02,38,30
130877,01/06/2026,BRA,MEX,272,REBOTE-OFENSIVO,VISITANTE,6,"ALVAREZ, ANDRE",2,2:59,38,30
130877,01/06/2026,BRA,MEX,273,TIRO2-FALLADO,VISITANTE,6,"ALVAREZ, ANDRE",2,2:59,38,30
130877,01/06/2026,BRA,MEX,274,TAPON-COMETIDO,LOCAL,7,"SANTOS, ISAIAH",2,2:59,38,30
130877,01/06/2026,BRA,MEX,275,REBOTE-DEFENSIVO,LOCAL,,,2,2:59,38,30
130877,01/06/2026,BRA,MEX,276,TIRO3-FALLADO,LOCAL,14,"NEVES, JOAO",2,2:46,38,30
130877,01/06/2026,BRA,MEX,277,REBOTE-OFENSIVO,LOCAL,7,"SANTOS, ISAIAH",2,2:44,38,30
130877,01/06/2026,BRA,MEX,278,TIRO2-FALLADO,LOCAL,4,"VARALLO, FERNANDO",2,2:42,38,30
130877,01/06/2026,BRA,MEX,279,REBOTE-DEFENSIVO,VISITANTE,9,"VILLANUEVA, PEDRO",2,2:38,38,30
130877,01/06/2026,BRA,MEX,280,TIRO2-FALLADO,VISITANTE,25,"BARNES, ISAIAH",2,2:35,38,30
130877,01/06/2026,BRA,MEX,281,REBOTE-OFENSIVO,VISITANTE,25,"BARNES, ISAIAH",2,2:32,38,30
130877,01/06/2026,BRA,MEX,282,CANASTA-2P,VISITANTE,25,"BARNES, ISAIAH",2,2:32,38,32
130877,01/06/2026,BRA,MEX,283,FALTA-COMETIDA,VISITANTE,21,"BERNAL, EMILIANO",2,2:21,38,32
130877,01/06/2026,BRA,MEX,284,FALTA-RECIBIDA,LOCAL,7,"SANTOS, ISAIAH",2,2:21,38,32
130877,01/06/2026,BRA,MEX,285,TIRO1-FALLADO,LOCAL,7,"SANTOS, ISAIAH",2,2:21,38,32
130877,01/06/2026,BRA,MEX,286,CANASTA-1P,LOCAL,7,"SANTOS, ISAIAH",2,2:21,39,32
130877,01/06/2026,BRA,MEX,287,TIEMPO-MUERTO-SOLICITADO,VISITANTE,,,2,2:21,39,32
130877,01/06/2026,BRA,MEX,288,TIRO3-FALLADO,VISITANTE,25,"BARNES, ISAIAH",2,2:05,39,32
130877,01/06/2026,BRA,MEX,289,REBOTE-OFENSIVO,VISITANTE,25,"BARNES, ISAIAH",2,2:02,39,32
130877,01/06/2026,BRA,MEX,290,CANASTA-2P,VISITANTE,25,"BARNES, ISAIAH",2,2:01,39,34
130877,01/06/2026,BRA,MEX,291,TIRO3-FALLADO,LOCAL,3,"CUNHA, NICOLAS",2,1:44,39,34
130877,01/06/2026,BRA,MEX,292,REBOTE-DEFENSIVO,VISITANTE,,,2,1:43,39,34
130877,01/06/2026,BRA,MEX,293,TIRO2-FALLADO,VISITANTE,9,"VILLANUEVA, PEDRO",2,1:27,39,34
130877,01/06/2026,BRA,MEX,294,REBOTE-DEFENSIVO,LOCAL,14,"NEVES, JOAO",2,1:21,39,34
130877,01/06/2026,BRA,MEX,295,CANASTA-2P,LOCAL,4,"VARALLO, FERNANDO",2,1:18,41,34
130877,01/06/2026,BRA,MEX,296,ASISTENCIA,LOCAL,10,"MELO, PIETRO",2,1:18,41,34
130877,01/06/2026,BRA,MEX,297,TIRO2-FALLADO,VISITANTE,5,"ESCALANTE, JUAN",2,1:03,41,34
130877,01/06/2026,BRA,MEX,298,REBOTE-DEFENSIVO,LOCAL,4,"VARALLO, FERNANDO",2,0:59,41,34
130877,01/06/2026,BRA,MEX,299,PERDIDA,LOCAL,14,"NEVES, JOAO",2,0:49,41,34
130877,01/06/2026,BRA,MEX,300,RECUPERACION,VISITANTE,21,"BERNAL, EMILIANO",2,0:49,41,34
130877,01/06/2026,BRA,MEX,301,TIRO2-FALLADO,VISITANTE,25,"BARNES, ISAIAH",2,0:42,41,34
130877,01/06/2026,BRA,MEX,302,REBOTE-OFENSIVO,VISITANTE,25,"BARNES, ISAIAH",2,0:41,41,34
130877,01/06/2026,BRA,MEX,303,CANASTA-2P,VISITANTE,25,"BARNES, ISAIAH",2,0:41,41,36
130877,01/06/2026,BRA,MEX,304,TIEMPO-MUERTO-SOLICITADO,LOCAL,,,2,0:41,41,36
130877,01/06/2026,BRA,MEX,305,TIRO3-FALLADO,LOCAL,10,"MELO, PIETRO",2,0:28,41,36
130877,01/06/2026,BRA,MEX,306,REBOTE-OFENSIVO,LOCAL,4,"VARALLO, FERNANDO",2,0:26,41,36
130877,01/06/2026,BRA,MEX,307,FALTA-COMETIDA,VISITANTE,21,"BERNAL, EMILIANO",2,0:16,41,36
130877,01/06/2026,BRA,MEX,308,FALTA-RECIBIDA,LOCAL,10,"MELO, PIETRO",2,0:16,41,36
130877,01/06/2026,BRA,MEX,309,CAMBIO-JUGADOR-SALE,LOCAL,14,"NEVES, JOAO",2,0:16,41,36
130877,01/06/2026,BRA,MEX,310,CAMBIO-JUGADOR-ENTRA,LOCAL,9,"MOREIRA, RUAN",2,0:16,41,36
130877,01/06/2026,BRA,MEX,311,TIRO1-FALLADO,LOCAL,10,"MELO, PIETRO",2,0:16,41,36
130877,01/06/2026,BRA,MEX,312,CANASTA-1P,LOCAL,10,"MELO, PIETRO",2,0:16,42,36
130877,01/06/2026,BRA,MEX,313,CAMBIO-JUGADOR-SALE,VISITANTE,6,"ALVAREZ, ANDRE",2,0:16,42,36
130877,01/06/2026,BRA,MEX,314,CAMBIO-JUGADOR-ENTRA,VISITANTE,14,"RAMOS, ELIAS",2,0:16,42,36
130877,01/06/2026,BRA,MEX,315,TIRO2-FALLADO,VISITANTE,9,"VILLANUEVA, PEDRO",2,0:02,42,36
130877,01/06/2026,BRA,MEX,316,REBOTE-DEFENSIVO,LOCAL,9,"MOREIRA, RUAN",2,0:00,42,36
130877,01/06/2026,BRA,MEX,317,FINAL-PERIODO,,,,2,0:00,42,36
130877,01/06/2026,BRA,MEX,318,CAMBIO-JUGADOR-SALE,LOCAL,3,"CUNHA, NICOLAS",3,10:00,42,36
130877,01/06/2026,BRA,MEX,319,CAMBIO-JUGADOR-SALE,LOCAL,4,"VARALLO, FERNANDO",3,10:00,42,36
130877,01/06/2026,BRA,MEX,320,CAMBIO-JUGADOR-SALE,LOCAL,9,"MOREIRA, RUAN",3,10:00,42,36
130877,01/06/2026,BRA,MEX,321,CAMBIO-JUGADOR-ENTRA,LOCAL,11,"SOUZA, PEDRO",3,10:00,42,36
130877,01/06/2026,BRA,MEX,322,CAMBIO-JUGADOR-ENTRA,LOCAL,14,"NEVES, JOAO",3,10:00,42,36
130877,01/06/2026,BRA,MEX,323,CAMBIO-JUGADOR-ENTRA,LOCAL,15,"PEREIRA, MICHAEL",3,10:00,42,36
130877,01/06/2026,BRA,MEX,324,CAMBIO-JUGADOR-SALE,VISITANTE,5,"ESCALANTE, JUAN",3,10:00,42,36
130877,01/06/2026,BRA,MEX,325,CAMBIO-JUGADOR-SALE,VISITANTE,14,"RAMOS, ELIAS",3,10:00,42,36
130877,01/06/2026,BRA,MEX,326,CAMBIO-JUGADOR-SALE,VISITANTE,21,"BERNAL, EMILIANO",3,10:00,42,36
130877,01/06/2026,BRA,MEX,327,CAMBIO-JUGADOR-ENTRA,VISITANTE,0,"MUÑOZ, CISCO",3,10:00,42,36
130877,01/06/2026,BRA,MEX,328,CAMBIO-JUGADOR-ENTRA,VISITANTE,12,"PORRAS, ADRIEN",3,10:00,42,36
130877,01/06/2026,BRA,MEX,329,CAMBIO-JUGADOR-ENTRA,VISITANTE,24,"VALLEJO, AYRTON",3,10:00,42,36
130877,01/06/2026,BRA,MEX,330,INICIO-PERIODO,,,,3,10:00,42,36
130877,01/06/2026,BRA,MEX,331,TIRO2-FALLADO,LOCAL,15,"PEREIRA, MICHAEL",3,9:45,42,36
130877,01/06/2026,BRA,MEX,332,REBOTE-DEFENSIVO,VISITANTE,12,"PORRAS, ADRIEN",3,9:43,42,36
130877,01/06/2026,BRA,MEX,333,CANASTA-2P,VISITANTE,9,"VILLANUEVA, PEDRO",3,9:36,42,38
130877,01/06/2026,BRA,MEX,334,ASISTENCIA,VISITANTE,25,"BARNES, ISAIAH",3,9:36,42,38
130877,01/06/2026,BRA,MEX,335,FALTA-COMETIDA,VISITANTE,9,"VILLANUEVA, PEDRO",3,9:27,42,38
130877,01/06/2026,BRA,MEX,336,FALTA-RECIBIDA,LOCAL,11,"SOUZA, PEDRO",3,9:27,42,38
130877,01/06/2026,BRA,MEX,337,CANASTA-3P,LOCAL,14,"NEVES, JOAO",3,9:24,45,38
130877,01/06/2026,BRA,MEX,338,ASISTENCIA,LOCAL,10,"MELO, PIETRO",3,9:24,45,38
130877,01/06/2026,BRA,MEX,339,CANASTA-2P,VISITANTE,0,"MUÑOZ, CISCO",3,9:02,45,40
130877,01/06/2026,BRA,MEX,340,FALTA-COMETIDA,LOCAL,10,"MELO, PIETRO",3,9:02,45,40
130877,01/06/2026,BRA,MEX,341,FALTA-RECIBIDA,VISITANTE,0,"MUÑOZ, CISCO",3,9:02,45,40
130877,01/06/2026,BRA,MEX,342,TIRO1-FALLADO,VISITANTE,0,"MUÑOZ, CISCO",3,9:01,45,40
130877,01/06/2026,BRA,MEX,343,REBOTE-DEFENSIVO,LOCAL,14,"NEVES, JOAO",3,9:01,45,40
130877,01/06/2026,BRA,MEX,344,FALTA-COMETIDA,VISITANTE,0,"MUÑOZ, CISCO",3,8:49,45,40
130877,01/06/2026,BRA,MEX,345,FALTA-RECIBIDA,LOCAL,10,"MELO, PIETRO",3,8:49,45,40
130877,01/06/2026,BRA,MEX,346,TIRO2-FALLADO,LOCAL,10,"MELO, PIETRO",3,8:43,45,40
130877,01/06/2026,BRA,MEX,347,REBOTE-DEFENSIVO,VISITANTE,,,3,8:43,45,40
130877,01/06/2026,BRA,MEX,348,FALTA-COMETIDA,LOCAL,15,"PEREIRA, MICHAEL",3,8:43,45,40
130877,01/06/2026,BRA,MEX,349,FALTA-RECIBIDA,VISITANTE,12,"PORRAS, ADRIEN",3,8:43,45,40
130877,01/06/2026,BRA,MEX,350,TIRO2-FALLADO,VISITANTE,0,"MUÑOZ, CISCO",3,8:22,45,40
130877,01/06/2026,BRA,MEX,351,REBOTE-DEFENSIVO,LOCAL,15,"PEREIRA, MICHAEL",3,8:20,45,40
130877,01/06/2026,BRA,MEX,352,CANASTA-2P,LOCAL,11,"SOUZA, PEDRO",3,8:10,47,40
130877,01/06/2026,BRA,MEX,353,TIRO2-FALLADO,VISITANTE,9,"VILLANUEVA, PEDRO",3,7:57,47,40
130877,01/06/2026,BRA,MEX,354,REBOTE-DEFENSIVO,LOCAL,11,"SOUZA, PEDRO",3,7:54,47,40
130877,01/06/2026,BRA,MEX,355,TIRO3-FALLADO,LOCAL,10,"MELO, PIETRO",3,7:48,47,40
130877,01/06/2026,BRA,MEX,356,REBOTE-OFENSIVO,LOCAL,7,"SANTOS, ISAIAH",3,7:46,47,40
130877,01/06/2026,BRA,MEX,357,CANASTA-2P,LOCAL,7,"SANTOS, ISAIAH",3,7:45,49,40
130877,01/06/2026,BRA,MEX,358,TIRO3-FALLADO,VISITANTE,0,"MUÑOZ, CISCO",3,7:25,49,40
130877,01/06/2026,BRA,MEX,359,REBOTE-DEFENSIVO,LOCAL,11,"SOUZA, PEDRO",3,7:23,49,40
130877,01/06/2026,BRA,MEX,360,CANASTA-2P,LOCAL,7,"SANTOS, ISAIAH",3,7:18,51,40
130877,01/06/2026,BRA,MEX,361,ASISTENCIA,LOCAL,10,"MELO, PIETRO",3,7:18,51,40
130877,01/06/2026,BRA,MEX,362,TIEMPO-MUERTO-SOLICITADO,VISITANTE,,,3,7:08,51,40
130877,01/06/2026,BRA,MEX,363,CAMBIO-JUGADOR-SALE,LOCAL,10,"MELO, PIETRO",3,7:08,51,40
130877,01/06/2026,BRA,MEX,364,CAMBIO-JUGADOR-SALE,LOCAL,15,"PEREIRA, MICHAEL",3,7:08,51,40
130877,01/06/2026,BRA,MEX,365,CAMBIO-JUGADOR-ENTRA,LOCAL,9,"MOREIRA, RUAN",3,7:08,51,40
130877,01/06/2026,BRA,MEX,366,CAMBIO-JUGADOR-ENTRA,LOCAL,12,"SOLANO, BRUNO",3,7:08,51,40
130877,01/06/2026,BRA,MEX,367,CAMBIO-JUGADOR-SALE,VISITANTE,9,"VILLANUEVA, PEDRO",3,7:08,51,40
130877,01/06/2026,BRA,MEX,368,CAMBIO-JUGADOR-ENTRA,VISITANTE,7,"FELIX, MAXIMO",3,7:08,51,40
130877,01/06/2026,BRA,MEX,369,TIRO3-FALLADO,LOCAL,7,"SANTOS, ISAIAH",3,6:59,51,40
130877,01/06/2026,BRA,MEX,370,REBOTE-DEFENSIVO,VISITANTE,25,"BARNES, ISAIAH",3,6:58,51,40
130877,01/06/2026,BRA,MEX,371,FALTA-COMETIDA,LOCAL,12,"SOLANO, BRUNO",3,6:58,51,40
130877,01/06/2026,BRA,MEX,372,FALTA-RECIBIDA,VISITANTE,7,"FELIX, MAXIMO",3,6:58,51,40
130877,01/06/2026,BRA,MEX,373,TIRO2-FALLADO,VISITANTE,7,"FELIX, MAXIMO",3,6:46,51,40
130877,01/06/2026,BRA,MEX,374,REBOTE-OFENSIVO,VISITANTE,24,"VALLEJO, AYRTON",3,6:43,51,40
130877,01/06/2026,BRA,MEX,375,CANASTA-2P,VISITANTE,24,"VALLEJO, AYRTON",3,6:42,51,42
130877,01/06/2026,BRA,MEX,376,CANASTA-3P,LOCAL,14,"NEVES, JOAO",3,6:23,54,42
130877,01/06/2026,BRA,MEX,377,ASISTENCIA,LOCAL,7,"SANTOS, ISAIAH",3,6:23,54,42
130877,01/06/2026,BRA,MEX,378,PERDIDA,VISITANTE,7,"FELIX, MAXIMO",3,6:10,54,42
130877,01/06/2026,BRA,MEX,379,RECUPERACION,LOCAL,12,"SOLANO, BRUNO",3,6:10,54,42
130877,01/06/2026,BRA,MEX,380,TIRO3-FALLADO,LOCAL,14,"NEVES, JOAO",3,5:59,54,42
130877,01/06/2026,BRA,MEX,381,REBOTE-DEFENSIVO,VISITANTE,12,"PORRAS, ADRIEN",3,5:57,54,42
130877,01/06/2026,BRA,MEX,382,FALTA-COMETIDA,LOCAL,9,"MOREIRA, RUAN",3,5:53,54,42
130877,01/06/2026,BRA,MEX,383,FALTA-RECIBIDA,VISITANTE,25,"BARNES, ISAIAH",3,5:53,54,42
130877,01/06/2026,BRA,MEX,384,CAMBIO-JUGADOR-SALE,VISITANTE,7,"FELIX, MAXIMO",3,5:53,54,42
130877,01/06/2026,BRA,MEX,385,CAMBIO-JUGADOR-ENTRA,VISITANTE,14,"RAMOS, ELIAS",3,5:53,54,42
130877,01/06/2026,BRA,MEX,386,TIRO1-FALLADO,VISITANTE,25,"BARNES, ISAIAH",3,5:53,54,42
130877,01/06/2026,BRA,MEX,387,CANASTA-1P,VISITANTE,25,"BARNES, ISAIAH",3,5:53,54,43
130877,01/06/2026,BRA,MEX,388,PERDIDA,VISITANTE,14,"RAMOS, ELIAS",3,5:43,54,43
130877,01/06/2026,BRA,MEX,389,RECUPERACION,LOCAL,9,"MOREIRA, RUAN",3,5:43,54,43
130877,01/06/2026,BRA,MEX,390,CANASTA-3P,LOCAL,11,"SOUZA, PEDRO",3,5:37,57,43
130877,01/06/2026,BRA,MEX,391,TIEMPO-MUERTO-SOLICITADO,VISITANTE,,,3,5:34,57,43
130877,01/06/2026,BRA,MEX,392,CAMBIO-JUGADOR-SALE,VISITANTE,0,"MUÑOZ, CISCO",3,5:34,57,43
130877,01/06/2026,BRA,MEX,393,CAMBIO-JUGADOR-ENTRA,VISITANTE,5,"ESCALANTE, JUAN",3,5:34,57,43
130877,01/06/2026,BRA,MEX,394,TIRO3-FALLADO,VISITANTE,14,"RAMOS, ELIAS",3,5:15,57,43
130877,01/06/2026,BRA,MEX,395,REBOTE-DEFENSIVO,LOCAL,12,"SOLANO, BRUNO",3,5:12,57,43
130877,01/06/2026,BRA,MEX,396,FALTA-COMETIDA,VISITANTE,14,"RAMOS, ELIAS",3,5:00,57,43
130877,01/06/2026,BRA,MEX,397,FALTA-RECIBIDA,LOCAL,11,"SOUZA, PEDRO",3,5:00,57,43
130877,01/06/2026,BRA,MEX,398,CANASTA-3P,LOCAL,14,"NEVES, JOAO",3,4:46,60,43
130877,01/06/2026,BRA,MEX,399,ASISTENCIA,LOCAL,12,"SOLANO, BRUNO",3,4:46,60,43
130877,01/06/2026,BRA,MEX,400,CANASTA-2P,VISITANTE,25,"BARNES, ISAIAH",3,4:33,60,45
130877,01/06/2026,BRA,MEX,401,CAMBIO-JUGADOR-SALE,LOCAL,11,"SOUZA, PEDRO",3,4:26,60,45
130877,01/06/2026,BRA,MEX,402,CAMBIO-JUGADOR-SALE,LOCAL,14,"NEVES, JOAO",3,4:26,60,45
130877,01/06/2026,BRA,MEX,403,CAMBIO-JUGADOR-ENTRA,LOCAL,3,"CUNHA, NICOLAS",3,4:26,60,45
130877,01/06/2026,BRA,MEX,404,CAMBIO-JUGADOR-ENTRA,LOCAL,10,"MELO, PIETRO",3,4:26,60,45
130877,01/06/2026,BRA,MEX,405,FALTA-COMETIDA,VISITANTE,14,"RAMOS, ELIAS",3,4:17,60,45
130877,01/06/2026,BRA,MEX,406,FALTA-RECIBIDA,LOCAL,10,"MELO, PIETRO",3,4:17,60,45
130877,01/06/2026,BRA,MEX,407,CAMBIO-JUGADOR-SALE,VISITANTE,14,"RAMOS, ELIAS",3,4:17,60,45
130877,01/06/2026,BRA,MEX,408,CAMBIO-JUGADOR-ENTRA,VISITANTE,9,"VILLANUEVA, PEDRO",3,4:17,60,45
130877,01/06/2026,BRA,MEX,409,TIRO2-FALLADO,LOCAL,7,"SANTOS, ISAIAH",3,4:14,60,45
130877,01/06/2026,BRA,MEX,410,REBOTE-DEFENSIVO,VISITANTE,24,"VALLEJO, AYRTON",3,4:13,60,45
130877,01/06/2026,BRA,MEX,411,FALTA-COMETIDA,LOCAL,9,"MOREIRA, RUAN",3,4:12,60,45
130877,01/06/2026,BRA,MEX,412,FALTA-RECIBIDA,VISITANTE,24,"VALLEJO, AYRTON",3,4:12,60,45
130877,01/06/2026,BRA,MEX,413,CAMBIO-JUGADOR-SALE,LOCAL,7,"SANTOS, ISAIAH",3,4:12,60,45
130877,01/06/2026,BRA,MEX,414,CAMBIO-JUGADOR-SALE,LOCAL,9,"MOREIRA, RUAN",3,4:12,60,45
130877,01/06/2026,BRA,MEX,415,CAMBIO-JUGADOR-ENTRA,LOCAL,8,"MORO, LUCAS",3,4:12,60,45
130877,01/06/2026,BRA,MEX,416,CAMBIO-JUGADOR-ENTRA,LOCAL,14,"NEVES, JOAO",3,4:12,60,45
130877,01/06/2026,BRA,MEX,417,TIRO1-FALLADO,VISITANTE,24,"VALLEJO, AYRTON",3,4:12,60,45
130877,01/06/2026,BRA,MEX,418,CANASTA-1P,VISITANTE,24,"VALLEJO, AYRTON",3,4:12,60,46
130877,01/06/2026,BRA,MEX,419,TIRO3-FALLADO,LOCAL,14,"NEVES, JOAO",3,3:53,60,46
130877,01/06/2026,BRA,MEX,420,REBOTE-DEFENSIVO,VISITANTE,9,"VILLANUEVA, PEDRO",3,3:51,60,46
130877,01/06/2026,BRA,MEX,421,TIRO2-FALLADO,VISITANTE,5,"ESCALANTE, JUAN",3,3:42,60,46
130877,01/06/2026,BRA,MEX,422,REBOTE-DEFENSIVO,LOCAL,12,"SOLANO, BRUNO",3,3:39,60,46
130877,01/06/2026,BRA,MEX,423,FALTA-COMETIDA,VISITANTE,5,"ESCALANTE, JUAN",3,3:32,60,46
130877,01/06/2026,BRA,MEX,424,FALTA-RECIBIDA,LOCAL,12,"SOLANO, BRUNO",3,3:32,60,46
130877,01/06/2026,BRA,MEX,425,TIRO1-FALLADO,LOCAL,12,"SOLANO, BRUNO",3,3:32,60,46
130877,01/06/2026,BRA,MEX,426,CANASTA-1P,LOCAL,12,"SOLANO, BRUNO",3,3:32,61,46
130877,01/06/2026,BRA,MEX,427,PERDIDA,VISITANTE,9,"VILLANUEVA, PEDRO",3,3:19,61,46
130877,01/06/2026,BRA,MEX,428,RECUPERACION,LOCAL,12,"SOLANO, BRUNO",3,3:19,61,46
130877,01/06/2026,BRA,MEX,429,CANASTA-2P,LOCAL,14,"NEVES, JOAO",3,3:13,63,46
130877,01/06/2026,BRA,MEX,430,PERDIDA,VISITANTE,25,"BARNES, ISAIAH",3,2:59,63,46
130877,01/06/2026,BRA,MEX,431,RECUPERACION,LOCAL,14,"NEVES, JOAO",3,2:59,63,46
130877,01/06/2026,BRA,MEX,432,CANASTA-2P,LOCAL,12,"SOLANO, BRUNO",3,2:55,65,46
130877,01/06/2026,BRA,MEX,433,ASISTENCIA,LOCAL,14,"NEVES, JOAO",3,2:55,65,46
130877,01/06/2026,BRA,MEX,434,FALTA-COMETIDA,VISITANTE,24,"VALLEJO, AYRTON",3,2:39,65,46
130877,01/06/2026,BRA,MEX,435,PERDIDA,VISITANTE,24,"VALLEJO, AYRTON",3,2:39,65,46
130877,01/06/2026,BRA,MEX,436,FALTA-RECIBIDA,LOCAL,3,"CUNHA, NICOLAS",3,2:39,65,46
130877,01/06/2026,BRA,MEX,437,CAMBIO-JUGADOR-SALE,LOCAL,14,"NEVES, JOAO",3,2:39,65,46
130877,01/06/2026,BRA,MEX,438,CAMBIO-JUGADOR-ENTRA,LOCAL,16,"ALVES, HENRY",3,2:39,65,46
130877,01/06/2026,BRA,MEX,439,CAMBIO-JUGADOR-SALE,VISITANTE,24,"VALLEJO, AYRTON",3,2:39,65,46
130877,01/06/2026,BRA,MEX,440,CAMBIO-JUGADOR-ENTRA,VISITANTE,10,"OLANO, YAIR",3,2:39,65,46
130877,01/06/2026,BRA,MEX,441,CAMBIO-JUGADOR-ENTRA,VISITANTE,21,"BERNAL, EMILIANO",3,2:39,65,46
130877,01/06/2026,BRA,MEX,442,CAMBIO-JUGADOR-SALE,VISITANTE,9,"VILLANUEVA, PEDRO",3,2:39,65,46
130877,01/06/2026,BRA,MEX,443,TIRO3-FALLADO,LOCAL,10,"MELO, PIETRO",3,2:19,65,46
130877,01/06/2026,BRA,MEX,444,REBOTE-OFENSIVO,LOCAL,8,"MORO, LUCAS",3,2:19,65,46
130877,01/06/2026,BRA,MEX,445,CANASTA-2P,LOCAL,8,"MORO, LUCAS",3,2:19,67,46
130877,01/06/2026,BRA,MEX,446,FALTA-COMETIDA,VISITANTE,25,"BARNES, ISAIAH",3,2:19,67,46
130877,01/06/2026,BRA,MEX,447,FALTA-RECIBIDA,LOCAL,8,"MORO, LUCAS",3,2:19,67,46
130877,01/06/2026,BRA,MEX,448,CANASTA-1P,LOCAL,8,"MORO, LUCAS",3,2:19,68,46
130877,01/06/2026,BRA,MEX,449,CAMBIO-JUGADOR-SALE,VISITANTE,25,"BARNES, ISAIAH",3,2:19,68,46
130877,01/06/2026,BRA,MEX,450,CAMBIO-JUGADOR-ENTRA,VISITANTE,8,"AYALA, MIGUEL",3,2:19,68,46
130877,01/06/2026,BRA,MEX,451,PERDIDA,VISITANTE,10,"OLANO, YAIR",3,2:06,68,46
130877,01/06/2026,BRA,MEX,452,RECUPERACION,LOCAL,12,"SOLANO, BRUNO",3,2:06,68,46
130877,01/06/2026,BRA,MEX,453,CANASTA-2P,LOCAL,12,"SOLANO, BRUNO",3,2:01,70,46
130877,01/06/2026,BRA,MEX,454,TIRO3-FALLADO,VISITANTE,8,"AYALA, MIGUEL",3,1:46,70,46
130877,01/06/2026,BRA,MEX,455,REBOTE-DEFENSIVO,LOCAL,10,"MELO, PIETRO",3,1:43,70,46
130877,01/06/2026,BRA,MEX,456,CANASTA-3P,LOCAL,8,"MORO, LUCAS",3,1:30,73,46
130877,01/06/2026,BRA,MEX,457,ASISTENCIA,LOCAL,10,"MELO, PIETRO",3,1:30,73,46
130877,01/06/2026,BRA,MEX,458,CAMBIO-JUGADOR-SALE,LOCAL,12,"SOLANO, BRUNO",3,1:15,73,46
130877,01/06/2026,BRA,MEX,459,CAMBIO-JUGADOR-ENTRA,LOCAL,4,"VARALLO, FERNANDO",3,1:15,73,46
130877,01/06/2026,BRA,MEX,460,CANASTA-2P,VISITANTE,12,"PORRAS, ADRIEN",3,1:05,73,48
130877,01/06/2026,BRA,MEX,461,ASISTENCIA,VISITANTE,10,"OLANO, YAIR",3,1:05,73,48
130877,01/06/2026,BRA,MEX,462,PERDIDA,LOCAL,10,"MELO, PIETRO",3,0:56,73,48
130877,01/06/2026,BRA,MEX,463,RECUPERACION,VISITANTE,8,"AYALA, MIGUEL",3,0:56,73,48
130877,01/06/2026,BRA,MEX,464,CANASTA-2P,VISITANTE,8,"AYALA, MIGUEL",3,0:52,73,50
130877,01/06/2026,BRA,MEX,465,FALTA-COMETIDA,VISITANTE,8,"AYALA, MIGUEL",3,0:41,73,50
130877,01/06/2026,BRA,MEX,466,FALTA-RECIBIDA,LOCAL,3,"CUNHA, NICOLAS",3,0:41,73,50
130877,01/06/2026,BRA,MEX,467,CAMBIO-JUGADOR-SALE,LOCAL,10,"MELO, PIETRO",3,0:41,73,50
130877,01/06/2026,BRA,MEX,468,CAMBIO-JUGADOR-ENTRA,LOCAL,9,"MOREIRA, RUAN",3,0:41,73,50
130877,01/06/2026,BRA,MEX,469,CANASTA-1P,LOCAL,3,"CUNHA, NICOLAS",3,0:41,74,50
130877,01/06/2026,BRA,MEX,470,CANASTA-1P,LOCAL,3,"CUNHA, NICOLAS",3,0:41,75,50
130877,01/06/2026,BRA,MEX,471,TIRO2-FALLADO,VISITANTE,12,"PORRAS, ADRIEN",3,0:24,75,50
130877,01/06/2026,BRA,MEX,472,REBOTE-DEFENSIVO,LOCAL,8,"MORO, LUCAS",3,0:22,75,50
130877,01/06/2026,BRA,MEX,473,TIRO2-FALLADO,LOCAL,8,"MORO, LUCAS",3,0:16,75,50
130877,01/06/2026,BRA,MEX,474,REBOTE-OFENSIVO,LOCAL,16,"ALVES, HENRY",3,0:16,75,50
130877,01/06/2026,BRA,MEX,475,FALTA-COMETIDA,VISITANTE,10,"OLANO, YAIR",3,0:15,75,50
130877,01/06/2026,BRA,MEX,476,FALTA-RECIBIDA,LOCAL,16,"ALVES, HENRY",3,0:15,75,50
130877,01/06/2026,BRA,MEX,477,CANASTA-1P,LOCAL,16,"ALVES, HENRY",3,0:15,76,50
130877,01/06/2026,BRA,MEX,478,CANASTA-1P,LOCAL,16,"ALVES, HENRY",3,0:15,77,50
130877,01/06/2026,BRA,MEX,479,PERDIDA,VISITANTE,5,"ESCALANTE, JUAN",3,0:05,77,50
130877,01/06/2026,BRA,MEX,480,RECUPERACION,LOCAL,4,"VARALLO, FERNANDO",3,0:05,77,50
130877,01/06/2026,BRA,MEX,481,PERDIDA,LOCAL,8,"MORO, LUCAS",3,0:02,77,50
130877,01/06/2026,BRA,MEX,482,TIRO3-FALLADO,VISITANTE,8,"AYALA, MIGUEL",3,0:01,77,50
130877,01/06/2026,BRA,MEX,483,TAPON-COMETIDO,LOCAL,4,"VARALLO, FERNANDO",3,0:01,77,50
130877,01/06/2026,BRA,MEX,484,REBOTE-DEFENSIVO,LOCAL,4,"VARALLO, FERNANDO",3,0:01,77,50
130877,01/06/2026,BRA,MEX,485,FINAL-PERIODO,,,,3,0:00,77,50
130877,01/06/2026,BRA,MEX,486,CAMBIO-JUGADOR-SALE,VISITANTE,5,"ESCALANTE, JUAN",4,10:00,77,50
130877,01/06/2026,BRA,MEX,487,CAMBIO-JUGADOR-SALE,VISITANTE,10,"OLANO, YAIR",4,10:00,77,50
130877,01/06/2026,BRA,MEX,488,CAMBIO-JUGADOR-SALE,VISITANTE,21,"BERNAL, EMILIANO",4,10:00,77,50
130877,01/06/2026,BRA,MEX,489,CAMBIO-JUGADOR-ENTRA,VISITANTE,0,"MUÑOZ, CISCO",4,10:00,77,50
130877,01/06/2026,BRA,MEX,490,CAMBIO-JUGADOR-ENTRA,VISITANTE,6,"ALVAREZ, ANDRE",4,10:00,77,50
130877,01/06/2026,BRA,MEX,491,CAMBIO-JUGADOR-ENTRA,VISITANTE,25,"BARNES, ISAIAH",4,10:00,77,50
130877,01/06/2026,BRA,MEX,492,INICIO-PERIODO,,,,4,10:00,77,50
130877,01/06/2026,BRA,MEX,493,TIRO3-FALLADO,VISITANTE,8,"AYALA, MIGUEL",4,9:48,77,50
130877,01/06/2026,BRA,MEX,494,REBOTE-DEFENSIVO,LOCAL,4,"VARALLO, FERNANDO",4,9:46,77,50
130877,01/06/2026,BRA,MEX,495,TIRO3-FALLADO,LOCAL,9,"MOREIRA, RUAN",4,9:41,77,50
130877,01/06/2026,BRA,MEX,496,REBOTE-DEFENSIVO,VISITANTE,12,"PORRAS, ADRIEN",4,9:39,77,50
130877,01/06/2026,BRA,MEX,497,TIRO2-FALLADO,VISITANTE,0,"MUÑOZ, CISCO",4,9:28,77,50
130877,01/06/2026,BRA,MEX,498,REBOTE-OFENSIVO,VISITANTE,6,"ALVAREZ, ANDRE",4,9:25,77,50
130877,01/06/2026,BRA,MEX,499,TIRO2-FALLADO,VISITANTE,6,"ALVAREZ, ANDRE",4,9:24,77,50
130877,01/06/2026,BRA,MEX,500,REBOTE-DEFENSIVO,LOCAL,8,"MORO, LUCAS",4,9:22,77,50
130877,01/06/2026,BRA,MEX,501,FALTA-COMETIDA,VISITANTE,0,"MUÑOZ, CISCO",4,9:05,77,50
130877,01/06/2026,BRA,MEX,502,FALTA-RECIBIDA,LOCAL,3,"CUNHA, NICOLAS",4,9:05,77,50
130877,01/06/2026,BRA,MEX,503,CANASTA-1P,LOCAL,3,"CUNHA, NICOLAS",4,9:05,78,50
130877,01/06/2026,BRA,MEX,504,CANASTA-1P,LOCAL,3,"CUNHA, NICOLAS",4,9:05,79,50
130877,01/06/2026,BRA,MEX,505,TIRO2-FALLADO,VISITANTE,25,"BARNES, ISAIAH",4,8:55,79,50
130877,01/06/2026,BRA,MEX,506,REBOTE-OFENSIVO,VISITANTE,12,"PORRAS, ADRIEN",4,8:53,79,50
130877,01/06/2026,BRA,MEX,507,FALTA-COMETIDA,LOCAL,16,"ALVES, HENRY",4,8:47,79,50
130877,01/06/2026,BRA,MEX,508,FALTA-RECIBIDA,VISITANTE,6,"ALVAREZ, ANDRE",4,8:47,79,50
130877,01/06/2026,BRA,MEX,509,CANASTA-1P,VISITANTE,6,"ALVAREZ, ANDRE",4,8:47,79,51
130877,01/06/2026,BRA,MEX,510,TIRO1-FALLADO,VISITANTE,6,"ALVAREZ, ANDRE",4,8:47,79,51
130877,01/06/2026,BRA,MEX,511,REBOTE-DEFENSIVO,LOCAL,8,"MORO, LUCAS",4,8:45,79,51
130877,01/06/2026,BRA,MEX,512,TIRO2-FALLADO,LOCAL,3,"CUNHA, NICOLAS",4,8:29,79,51
130877,01/06/2026,BRA,MEX,513,TAPON-COMETIDO,VISITANTE,25,"BARNES, ISAIAH",4,8:29,79,51
130877,01/06/2026,BRA,MEX,514,REBOTE-DEFENSIVO,VISITANTE,25,"BARNES, ISAIAH",4,8:25,79,51
130877,01/06/2026,BRA,MEX,515,TIRO2-FALLADO,VISITANTE,25,"BARNES, ISAIAH",4,8:23,79,51
130877,01/06/2026,BRA,MEX,516,TAPON-COMETIDO,LOCAL,16,"ALVES, HENRY",4,8:23,79,51
130877,01/06/2026,BRA,MEX,517,REBOTE-DEFENSIVO,LOCAL,3,"CUNHA, NICOLAS",4,8:18,79,51
130877,01/06/2026,BRA,MEX,518,FALTA-COMETIDA,LOCAL,3,"CUNHA, NICOLAS",4,8:17,79,51
130877,01/06/2026,BRA,MEX,519,PERDIDA,LOCAL,3,"CUNHA, NICOLAS",4,8:17,79,51
130877,01/06/2026,BRA,MEX,520,FALTA-RECIBIDA,VISITANTE,8,"AYALA, MIGUEL",4,8:17,79,51
130877,01/06/2026,BRA,MEX,521,TIRO1-FALLADO,VISITANTE,8,"AYALA, MIGUEL",4,8:17,79,51
130877,01/06/2026,BRA,MEX,522,CANASTA-1P,VISITANTE,8,"AYALA, MIGUEL",4,8:17,79,52
130877,01/06/2026,BRA,MEX,523,FALTA-COMETIDA,LOCAL,,,4,8:17,79,52
130877,01/06/2026,BRA,MEX,524,CANASTA-1P,VISITANTE,25,"BARNES, ISAIAH",4,8:17,79,53
130877,01/06/2026,BRA,MEX,525,TIRO2-FALLADO,VISITANTE,12,"PORRAS, ADRIEN",4,8:03,79,53
130877,01/06/2026,BRA,MEX,526,REBOTE-DEFENSIVO,LOCAL,16,"ALVES, HENRY",4,8:00,79,53
130877,01/06/2026,BRA,MEX,527,PERDIDA,LOCAL,3,"CUNHA, NICOLAS",4,7:58,79,53
130877,01/06/2026,BRA,MEX,528,CAMBIO-JUGADOR-SALE,LOCAL,3,"CUNHA, NICOLAS",4,7:58,79,53
130877,01/06/2026,BRA,MEX,529,CAMBIO-JUGADOR-ENTRA,LOCAL,2,"MATHIAS, CAIO",4,7:58,79,53
130877,01/06/2026,BRA,MEX,530,TIRO3-FALLADO,VISITANTE,25,"BARNES, ISAIAH",4,7:38,79,53
130877,01/06/2026,BRA,MEX,531,REBOTE-DEFENSIVO,LOCAL,4,"VARALLO, FERNANDO",4,7:36,79,53
130877,01/06/2026,BRA,MEX,532,CANASTA-2P,LOCAL,8,"MORO, LUCAS",4,7:32,81,53
130877,01/06/2026,BRA,MEX,533,TIRO2-FALLADO,VISITANTE,6,"ALVAREZ, ANDRE",4,7:21,81,53
130877,01/06/2026,BRA,MEX,534,REBOTE-DEFENSIVO,LOCAL,16,"ALVES, HENRY",4,7:18,81,53
130877,01/06/2026,BRA,MEX,535,CANASTA-2P,LOCAL,9,"MOREIRA, RUAN",4,7:07,83,53
130877,01/06/2026,BRA,MEX,536,TIRO2-FALLADO,VISITANTE,6,"ALVAREZ, ANDRE",4,6:44,83,53
130877,01/06/2026,BRA,MEX,537,REBOTE-OFENSIVO,VISITANTE,0,"MUÑOZ, CISCO",4,6:42,83,53
130877,01/06/2026,BRA,MEX,538,CANASTA-3P,VISITANTE,8,"AYALA, MIGUEL",4,6:32,83,56
130877,01/06/2026,BRA,MEX,539,ASISTENCIA,VISITANTE,0,"MUÑOZ, CISCO",4,6:32,83,56
130877,01/06/2026,BRA,MEX,540,CANASTA-3P,LOCAL,9,"MOREIRA, RUAN",4,6:23,86,56
130877,01/06/2026,BRA,MEX,541,ASISTENCIA,LOCAL,16,"ALVES, HENRY",4,6:23,86,56
130877,01/06/2026,BRA,MEX,542,TIRO3-FALLADO,VISITANTE,25,"BARNES, ISAIAH",4,6:04,86,56
130877,01/06/2026,BRA,MEX,543,REBOTE-DEFENSIVO,LOCAL,9,"MOREIRA, RUAN",4,6:02,86,56
130877,01/06/2026,BRA,MEX,544,FALTA-COMETIDA,LOCAL,8,"MORO, LUCAS",4,5:57,86,56
130877,01/06/2026,BRA,MEX,545,PERDIDA,LOCAL,8,"MORO, LUCAS",4,5:57,86,56
130877,01/06/2026,BRA,MEX,546,FALTA-RECIBIDA,VISITANTE,8,"AYALA, MIGUEL",4,5:57,86,56
130877,01/06/2026,BRA,MEX,547,CAMBIO-JUGADOR-SALE,LOCAL,8,"MORO, LUCAS",4,5:57,86,56
130877,01/06/2026,BRA,MEX,548,CAMBIO-JUGADOR-SALE,LOCAL,9,"MOREIRA, RUAN",4,5:57,86,56
130877,01/06/2026,BRA,MEX,549,CAMBIO-JUGADOR-ENTRA,LOCAL,7,"SANTOS, ISAIAH",4,5:57,86,56
130877,01/06/2026,BRA,MEX,550,CAMBIO-JUGADOR-ENTRA,LOCAL,11,"SOUZA, PEDRO",4,5:57,86,56
130877,01/06/2026,BRA,MEX,551,CAMBIO-JUGADOR-SALE,VISITANTE,6,"ALVAREZ, ANDRE",4,5:57,86,56
130877,01/06/2026,BRA,MEX,552,CAMBIO-JUGADOR-ENTRA,VISITANTE,21,"BERNAL, EMILIANO",4,5:57,86,56
130877,01/06/2026,BRA,MEX,553,PERDIDA,VISITANTE,21,"BERNAL, EMILIANO",4,5:51,86,56
130877,01/06/2026,BRA,MEX,554,RECUPERACION,LOCAL,7,"SANTOS, ISAIAH",4,5:51,86,56
130877,01/06/2026,BRA,MEX,555,CANASTA-2P,LOCAL,7,"SANTOS, ISAIAH",4,5:47,88,56
130877,01/06/2026,BRA,MEX,556,TIRO2-FALLADO,VISITANTE,0,"MUÑOZ, CISCO",4,5:23,88,56
130877,01/06/2026,BRA,MEX,557,REBOTE-OFENSIVO,VISITANTE,8,"AYALA, MIGUEL",4,5:21,88,56
130877,01/06/2026,BRA,MEX,558,CANASTA-2P,VISITANTE,12,"PORRAS, ADRIEN",4,5:18,88,58
130877,01/06/2026,BRA,MEX,559,ASISTENCIA,VISITANTE,25,"BARNES, ISAIAH",4,5:18,88,58
130877,01/06/2026,BRA,MEX,560,TIRO2-FALLADO,LOCAL,11,"SOUZA, PEDRO",4,5:02,88,58
130877,01/06/2026,BRA,MEX,561,REBOTE-DEFENSIVO,VISITANTE,8,"AYALA, MIGUEL",4,4:59,88,58
130877,01/06/2026,BRA,MEX,562,CANASTA-2P,VISITANTE,25,"BARNES, ISAIAH",4,4:48,88,60
130877,01/06/2026,BRA,MEX,563,TIRO3-FALLADO,LOCAL,4,"VARALLO, FERNANDO",4,4:35,88,60
130877,01/06/2026,BRA,MEX,564,REBOTE-OFENSIVO,LOCAL,7,"SANTOS, ISAIAH",4,4:34,88,60
130877,01/06/2026,BRA,MEX,565,FALTA-COMETIDA,VISITANTE,0,"MUÑOZ, CISCO",4,4:32,88,60
130877,01/06/2026,BRA,MEX,566,FALTA-RECIBIDA,LOCAL,7,"SANTOS, ISAIAH",4,4:32,88,60
130877,01/06/2026,BRA,MEX,567,CAMBIO-JUGADOR-SALE,LOCAL,16,"ALVES, HENRY",4,4:32,88,60
130877,01/06/2026,BRA,MEX,568,CAMBIO-JUGADOR-ENTRA,LOCAL,15,"PEREIRA, MICHAEL",4,4:32,88,60
130877,01/06/2026,BRA,MEX,569,CAMBIO-JUGADOR-SALE,VISITANTE,0,"MUÑOZ, CISCO",4,4:32,88,60
130877,01/06/2026,BRA,MEX,570,CAMBIO-JUGADOR-ENTRA,VISITANTE,7,"FELIX, MAXIMO",4,4:32,88,60
130877,01/06/2026,BRA,MEX,571,TIRO2-FALLADO,LOCAL,11,"SOUZA, PEDRO",4,4:23,88,60
130877,01/06/2026,BRA,MEX,572,REBOTE-OFENSIVO,LOCAL,4,"VARALLO, FERNANDO",4,4:21,88,60
130877,01/06/2026,BRA,MEX,573,FALTA-COMETIDA,VISITANTE,7,"FELIX, MAXIMO",4,4:20,88,60
130877,01/06/2026,BRA,MEX,574,FALTA-RECIBIDA,LOCAL,4,"VARALLO, FERNANDO",4,4:20,88,60
130877,01/06/2026,BRA,MEX,575,CAMBIO-JUGADOR-SALE,LOCAL,4,"VARALLO, FERNANDO",4,4:20,88,60
130877,01/06/2026,BRA,MEX,576,CAMBIO-JUGADOR-ENTRA,LOCAL,14,"NEVES, JOAO",4,4:20,88,60
130877,01/06/2026,BRA,MEX,577,TIRO3-FALLADO,LOCAL,14,"NEVES, JOAO",4,4:07,88,60
130877,01/06/2026,BRA,MEX,578,REBOTE-OFENSIVO,LOCAL,2,"MATHIAS, CAIO",4,4:03,88,60
130877,01/06/2026,BRA,MEX,579,CANASTA-2P,LOCAL,2,"MATHIAS, CAIO",4,4:03,90,60
130877,01/06/2026,BRA,MEX,580,PERDIDA,VISITANTE,7,"FELIX, MAXIMO",4,3:54,90,60
130877,01/06/2026,BRA,MEX,581,CANASTA-2P,LOCAL,11,"SOUZA, PEDRO",4,3:45,92,60
130877,01/06/2026,BRA,MEX,582,CANASTA-3P,VISITANTE,25,"BARNES, ISAIAH",4,3:32,92,63
130877,01/06/2026,BRA,MEX,583,CANASTA-2P,LOCAL,7,"SANTOS, ISAIAH",4,3:10,94,63
130877,01/06/2026,BRA,MEX,584,CANASTA-2P,VISITANTE,8,"AYALA, MIGUEL",4,2:59,94,65
130877,01/06/2026,BRA,MEX,585,FALTA-COMETIDA,VISITANTE,25,"BARNES, ISAIAH",4,2:46,94,65
130877,01/06/2026,BRA,MEX,586,FALTA-RECIBIDA,LOCAL,11,"SOUZA, PEDRO",4,2:46,94,65
130877,01/06/2026,BRA,MEX,587,CAMBIO-JUGADOR-SALE,LOCAL,7,"SANTOS, ISAIAH",4,2:46,94,65
130877,01/06/2026,BRA,MEX,588,CAMBIO-JUGADOR-SALE,LOCAL,14,"NEVES, JOAO",4,2:46,94,65
130877,01/06/2026,BRA,MEX,589,CAMBIO-JUGADOR-ENTRA,LOCAL,8,"MORO, LUCAS",4,2:46,94,65
130877,01/06/2026,BRA,MEX,590,CAMBIO-JUGADOR-ENTRA,LOCAL,9,"MOREIRA, RUAN",4,2:46,94,65
130877,01/06/2026,BRA,MEX,591,TIRO1-FALLADO,LOCAL,11,"SOUZA, PEDRO",4,2:46,94,65
130877,01/06/2026,BRA,MEX,592,CANASTA-1P,LOCAL,11,"SOUZA, PEDRO",4,2:46,95,65
130877,01/06/2026,BRA,MEX,593,CAMBIO-JUGADOR-SALE,LOCAL,11,"SOUZA, PEDRO",4,2:46,95,65
130877,01/06/2026,BRA,MEX,594,CAMBIO-JUGADOR-ENTRA,LOCAL,12,"SOLANO, BRUNO",4,2:46,95,65
130877,01/06/2026,BRA,MEX,595,CAMBIO-JUGADOR-SALE,VISITANTE,12,"PORRAS, ADRIEN",4,2:46,95,65
130877,01/06/2026,BRA,MEX,596,CAMBIO-JUGADOR-SALE,VISITANTE,25,"BARNES, ISAIAH",4,2:46,95,65
130877,01/06/2026,BRA,MEX,597,CAMBIO-JUGADOR-ENTRA,VISITANTE,14,"RAMOS, ELIAS",4,2:46,95,65
130877,01/06/2026,BRA,MEX,598,CAMBIO-JUGADOR-ENTRA,VISITANTE,24,"VALLEJO, AYRTON",4,2:46,95,65
130877,01/06/2026,BRA,MEX,599,CANASTA-2P,VISITANTE,21,"BERNAL, EMILIANO",4,2:33,95,67
130877,01/06/2026,BRA,MEX,600,FALTA-COMETIDA,LOCAL,15,"PEREIRA, MICHAEL",4,2:18,95,67
130877,01/06/2026,BRA,MEX,601,PERDIDA,LOCAL,15,"PEREIRA, MICHAEL",4,2:18,95,67
130877,01/06/2026,BRA,MEX,602,FALTA-RECIBIDA,VISITANTE,8,"AYALA, MIGUEL",4,2:18,95,67
130877,01/06/2026,BRA,MEX,603,PERDIDA,VISITANTE,8,"AYALA, MIGUEL",4,2:04,95,67
130877,01/06/2026,BRA,MEX,604,RECUPERACION,LOCAL,2,"MATHIAS, CAIO",4,2:04,95,67
130877,01/06/2026,BRA,MEX,605,TIRO2-FALLADO,LOCAL,2,"MATHIAS, CAIO",4,2:01,95,67
130877,01/06/2026,BRA,MEX,606,REBOTE-OFENSIVO,LOCAL,8,"MORO, LUCAS",4,2:01,95,67
130877,01/06/2026,BRA,MEX,607,CANASTA-2P,LOCAL,8,"MORO, LUCAS",4,2:00,97,67
130877,01/06/2026,BRA,MEX,608,FALTA-COMETIDA,VISITANTE,7,"FELIX, MAXIMO",4,2:00,97,67
130877,01/06/2026,BRA,MEX,609,FALTA-RECIBIDA,LOCAL,8,"MORO, LUCAS",4,2:00,97,67
130877,01/06/2026,BRA,MEX,610,CANASTA-1P,LOCAL,8,"MORO, LUCAS",4,2:00,98,67
130877,01/06/2026,BRA,MEX,611,PERDIDA,VISITANTE,24,"VALLEJO, AYRTON",4,1:47,98,67
130877,01/06/2026,BRA,MEX,612,RECUPERACION,LOCAL,8,"MORO, LUCAS",4,1:47,98,67
130877,01/06/2026,BRA,MEX,613,CANASTA-2P,LOCAL,8,"MORO, LUCAS",4,1:44,100,67
130877,01/06/2026,BRA,MEX,614,FALTA-COMETIDA,LOCAL,9,"MOREIRA, RUAN",4,1:36,100,67
130877,01/06/2026,BRA,MEX,615,FALTA-RECIBIDA,VISITANTE,7,"FELIX, MAXIMO",4,1:36,100,67
130877,01/06/2026,BRA,MEX,616,TIEMPO-MUERTO-SOLICITADO,VISITANTE,,,4,1:36,100,67
130877,01/06/2026,BRA,MEX,617,TIRO1-FALLADO,VISITANTE,7,"FELIX, MAXIMO",4,1:36,100,67
130877,01/06/2026,BRA,MEX,618,CANASTA-1P,VISITANTE,7,"FELIX, MAXIMO",4,1:36,100,68
130877,01/06/2026,BRA,MEX,619,TIRO2-FALLADO,LOCAL,15,"PEREIRA, MICHAEL",4,1:18,100,68
130877,01/06/2026,BRA,MEX,620,TAPON-COMETIDO,VISITANTE,24,"VALLEJO, AYRTON",4,1:18,100,68
130877,01/06/2026,BRA,MEX,621,REBOTE-DEFENSIVO,VISITANTE,24,"VALLEJO, AYRTON",4,1:15,100,68
130877,01/06/2026,BRA,MEX,622,TIRO2-FALLADO,VISITANTE,7,"FELIX, MAXIMO",4,1:10,100,68
130877,01/06/2026,BRA,MEX,623,REBOTE-DEFENSIVO,LOCAL,9,"MOREIRA, RUAN",4,1:07,100,68
130877,01/06/2026,BRA,MEX,624,CANASTA-3P,LOCAL,8,"MORO, LUCAS",4,0:51,103,68
130877,01/06/2026,BRA,MEX,625,ASISTENCIA,LOCAL,12,"SOLANO, BRUNO",4,0:51,103,68
130877,01/06/2026,BRA,MEX,626,VTR,LOCAL,,,4,0:51,103,68
130877,01/06/2026,BRA,MEX,627,CAMBIO-JUGADOR-SALE,LOCAL,15,"PEREIRA, MICHAEL",4,0:51,103,68
130877,01/06/2026,BRA,MEX,628,CAMBIO-JUGADOR-ENTRA,LOCAL,4,"VARALLO, FERNANDO",4,0:51,103,68
130877,01/06/2026,BRA,MEX,629,CAMBIO-JUGADOR-SALE,VISITANTE,24,"VALLEJO, AYRTON",4,0:51,103,68
130877,01/06/2026,BRA,MEX,630,CAMBIO-JUGADOR-ENTRA,VISITANTE,6,"ALVAREZ, ANDRE",4,0:51,103,68
130877,01/06/2026,BRA,MEX,631,PERDIDA,VISITANTE,7,"FELIX, MAXIMO",4,0:40,103,68
130877,01/06/2026,BRA,MEX,632,RECUPERACION,LOCAL,4,"VARALLO, FERNANDO",4,0:40,103,68
130877,01/06/2026,BRA,MEX,633,PERDIDA,LOCAL,4,"VARALLO, FERNANDO",4,0:37,103,68
130877,01/06/2026,BRA,MEX,634,FALTA-COMETIDA,LOCAL,2,"MATHIAS, CAIO",4,0:37,103,68
130877,01/06/2026,BRA,MEX,635,FALTA-RECIBIDA,VISITANTE,7,"FELIX, MAXIMO",4,0:37,103,68
130877,01/06/2026,BRA,MEX,636,CANASTA-1P,VISITANTE,7,"FELIX, MAXIMO",4,0:37,103,69
130877,01/06/2026,BRA,MEX,637,CANASTA-1P,VISITANTE,7,"FELIX, MAXIMO",4,0:37,103,70
130877,01/06/2026,BRA,MEX,638,TIRO3-FALLADO,LOCAL,8,"MORO, LUCAS",4,0:22,103,70
130877,01/06/2026,BRA,MEX,639,REBOTE-OFENSIVO,LOCAL,2,"MATHIAS, CAIO",4,0:20,103,70
130877,01/06/2026,BRA,MEX,640,PERDIDA,LOCAL,9,"MOREIRA, RUAN",4,0:13,103,70
130877,01/06/2026,BRA,MEX,641,RECUPERACION,VISITANTE,14,"RAMOS, ELIAS",4,0:13,103,70
130877,01/06/2026,BRA,MEX,642,TIRO3-FALLADO,VISITANTE,7,"FELIX, MAXIMO",4,0:09,103,70
130877,01/06/2026,BRA,MEX,643,REBOTE-DEFENSIVO,LOCAL,2,"MATHIAS, CAIO",4,0:07,103,70
130877,01/06/2026,BRA,MEX,644,FINAL-PERIODO,,,,4,0:00,103,70
130877,01/06/2026,BRA,MEX,645,FINAL-PARTIDO,,,,4,0:00,103,70
130885,01/06/2026,DOM,PUR,0,INICIO-PARTIDO,,,,1,10:00,0,0
130885,01/06/2026,DOM,PUR,1,INICIO-PERIODO,,,,1,10:00,0,0
130885,01/06/2026,DOM,PUR,2,JUMP-BALL,,,,1,10:00,0,0
130885,01/06/2026,DOM,PUR,3,JUMP-BALL,LOCAL,25,"ROMERO, RODERI",1,9:59,0,0
130885,01/06/2026,DOM,PUR,4,JUMP-BALL,VISITANTE,15,"NARVAEZ, LENUEL",1,9:59,0,0
130885,01/06/2026,DOM,PUR,5,PERDIDA,LOCAL,10,"MARTINEZ, MARLON",1,9:58,0,0
130885,01/06/2026,DOM,PUR,6,FALTA-COMETIDA,LOCAL,8,"GOMEZ, DEREK",1,9:44,0,0
130885,01/06/2026,DOM,PUR,7,FALTA-RECIBIDA,VISITANTE,21,"QUINONES, FELIPE",1,9:44,0,0
130885,01/06/2026,DOM,PUR,8,TIRO3-FALLADO,VISITANTE,13,"BERNARD, JOMAR",1,9:34,0,0
130885,01/06/2026,DOM,PUR,9,REBOTE-DEFENSIVO,LOCAL,25,"ROMERO, RODERI",1,9:30,0,0
130885,01/06/2026,DOM,PUR,10,TIRO3-FALLADO,LOCAL,10,"MARTINEZ, MARLON",1,9:28,0,0
130885,01/06/2026,DOM,PUR,11,REBOTE-DEFENSIVO,VISITANTE,15,"NARVAEZ, LENUEL",1,9:23,0,0
130885,01/06/2026,DOM,PUR,12,PERDIDA,VISITANTE,21,"QUINONES, FELIPE",1,9:18,0,0
130885,01/06/2026,DOM,PUR,13,RECUPERACION,LOCAL,8,"GOMEZ, DEREK",1,9:18,0,0
130885,01/06/2026,DOM,PUR,14,TIRO2-FALLADO,LOCAL,8,"GOMEZ, DEREK",1,9:12,0,0
130885,01/06/2026,DOM,PUR,15,REBOTE-OFENSIVO,LOCAL,0,"PEMBERTON, ANTONIO",1,9:07,0,0
130885,01/06/2026,DOM,PUR,16,CANASTA-2P,LOCAL,0,"PEMBERTON, ANTONIO",1,9:07,2,0
130885,01/06/2026,DOM,PUR,17,TIRO2-FALLADO,VISITANTE,15,"NARVAEZ, LENUEL",1,8:44,2,0
130885,01/06/2026,DOM,PUR,18,REBOTE-DEFENSIVO,LOCAL,0,"PEMBERTON, ANTONIO",1,8:41,2,0
130885,01/06/2026,DOM,PUR,19,TIRO2-FALLADO,LOCAL,8,"GOMEZ, DEREK",1,8:19,2,0
130885,01/06/2026,DOM,PUR,20,TAPON-COMETIDO,VISITANTE,15,"NARVAEZ, LENUEL",1,8:19,2,0
130885,01/06/2026,DOM,PUR,21,TIEMPO-MUERTO-SOLICITADO,LOCAL,,,1,8:13,2,0
130885,01/06/2026,DOM,PUR,22,CANASTA-2P,VISITANTE,21,"QUINONES, FELIPE",1,8:07,2,2
130885,01/06/2026,DOM,PUR,23,TIRO3-FALLADO,LOCAL,8,"GOMEZ, DEREK",1,7:46,2,2
130885,01/06/2026,DOM,PUR,24,REBOTE-DEFENSIVO,VISITANTE,,,1,7:46,2,2
130885,01/06/2026,DOM,PUR,25,FALTA-COMETIDA,LOCAL,25,"ROMERO, RODERI",1,7:46,2,2
130885,01/06/2026,DOM,PUR,26,FALTA-RECIBIDA,VISITANTE,14,"RIVERA, JAMES",1,7:46,2,2
130885,01/06/2026,DOM,PUR,27,TIRO2-FALLADO,VISITANTE,21,"QUINONES, FELIPE",1,7:39,2,2
130885,01/06/2026,DOM,PUR,28,REBOTE-DEFENSIVO,LOCAL,27,"VALERA, ENMANUEL",1,7:36,2,2
130885,01/06/2026,DOM,PUR,29,TIRO3-FALLADO,LOCAL,27,"VALERA, ENMANUEL",1,7:32,2,2
130885,01/06/2026,DOM,PUR,30,REBOTE-DEFENSIVO,VISITANTE,13,"BERNARD, JOMAR",1,7:27,2,2
130885,01/06/2026,DOM,PUR,31,PERDIDA,VISITANTE,13,"BERNARD, JOMAR",1,7:26,2,2
130885,01/06/2026,DOM,PUR,32,RECUPERACION,LOCAL,10,"MARTINEZ, MARLON",1,7:26,2,2
130885,01/06/2026,DOM,PUR,33,CANASTA-2P,LOCAL,8,"GOMEZ, DEREK",1,7:19,4,2
130885,01/06/2026,DOM,PUR,34,ASISTENCIA,LOCAL,10,"MARTINEZ, MARLON",1,7:19,4,2
130885,01/06/2026,DOM,PUR,35,CANASTA-2P,VISITANTE,14,"RIVERA, JAMES",1,7:13,4,4
130885,01/06/2026,DOM,PUR,36,TIRO2-FALLADO,LOCAL,27,"VALERA, ENMANUEL",1,6:56,4,4
130885,01/06/2026,DOM,PUR,37,REBOTE-DEFENSIVO,VISITANTE,14,"RIVERA, JAMES",1,6:53,4,4
130885,01/06/2026,DOM,PUR,38,CANASTA-2P,VISITANTE,15,"NARVAEZ, LENUEL",1,6:47,4,6
130885,01/06/2026,DOM,PUR,39,ASISTENCIA,VISITANTE,21,"QUINONES, FELIPE",1,6:47,4,6
130885,01/06/2026,DOM,PUR,40,CANASTA-3P,LOCAL,27,"VALERA, ENMANUEL",1,6:31,7,6
130885,01/06/2026,DOM,PUR,41,ASISTENCIA,LOCAL,0,"PEMBERTON, ANTONIO",1,6:31,7,6
130885,01/06/2026,DOM,PUR,42,TIRO2-FALLADO,VISITANTE,3,"FUENTES, MYLES",1,6:14,7,6
130885,01/06/2026,DOM,PUR,43,REBOTE-DEFENSIVO,LOCAL,27,"VALERA, ENMANUEL",1,6:10,7,6
130885,01/06/2026,DOM,PUR,44,CANASTA-2P,LOCAL,25,"ROMERO, RODERI",1,6:07,9,6
130885,01/06/2026,DOM,PUR,45,ASISTENCIA,LOCAL,8,"GOMEZ, DEREK",1,6:07,9,6
130885,01/06/2026,DOM,PUR,46,TIRO2-FALLADO,VISITANTE,21,"QUINONES, FELIPE",1,5:41,9,6
130885,01/06/2026,DOM,PUR,47,TAPON-COMETIDO,LOCAL,25,"ROMERO, RODERI",1,5:41,9,6
130885,01/06/2026,DOM,PUR,48,REBOTE-OFENSIVO,VISITANTE,,,1,5:40,9,6
130885,01/06/2026,DOM,PUR,49,CAMBIO-JUGADOR-SALE,VISITANTE,21,"QUINONES, FELIPE",1,5:40,9,6
130885,01/06/2026,DOM,PUR,50,CAMBIO-JUGADOR-ENTRA,VISITANTE,1,"ROCA, GUSTAVO",1,5:40,9,6
130885,01/06/2026,DOM,PUR,51,CANASTA-2P,VISITANTE,14,"RIVERA, JAMES",1,5:35,9,8
130885,01/06/2026,DOM,PUR,52,ASISTENCIA,VISITANTE,1,"ROCA, GUSTAVO",1,5:35,9,8
130885,01/06/2026,DOM,PUR,53,CANASTA-3P,LOCAL,0,"PEMBERTON, ANTONIO",1,5:14,12,8
130885,01/06/2026,DOM,PUR,54,ASISTENCIA,LOCAL,10,"MARTINEZ, MARLON",1,5:14,12,8
130885,01/06/2026,DOM,PUR,55,TIRO3-FALLADO,VISITANTE,15,"NARVAEZ, LENUEL",1,4:57,12,8
130885,01/06/2026,DOM,PUR,56,REBOTE-DEFENSIVO,LOCAL,,,1,4:57,12,8
130885,01/06/2026,DOM,PUR,57,TIRO3-FALLADO,LOCAL,8,"GOMEZ, DEREK",1,4:44,12,8
130885,01/06/2026,DOM,PUR,58,REBOTE-DEFENSIVO,VISITANTE,14,"RIVERA, JAMES",1,4:40,12,8
130885,01/06/2026,DOM,PUR,59,TIRO2-FALLADO,VISITANTE,1,"ROCA, GUSTAVO",1,4:36,12,8
130885,01/06/2026,DOM,PUR,60,REBOTE-DEFENSIVO,LOCAL,25,"ROMERO, RODERI",1,4:33,12,8
130885,01/06/2026,DOM,PUR,61,TIRO2-FALLADO,LOCAL,27,"VALERA, ENMANUEL",1,4:29,12,8
130885,01/06/2026,DOM,PUR,62,TAPON-COMETIDO,VISITANTE,15,"NARVAEZ, LENUEL",1,4:29,12,8
130885,01/06/2026,DOM,PUR,63,REBOTE-OFENSIVO,LOCAL,8,"GOMEZ, DEREK",1,4:24,12,8
130885,01/06/2026,DOM,PUR,64,CANASTA-3P,LOCAL,8,"GOMEZ, DEREK",1,4:23,15,8
130885,01/06/2026,DOM,PUR,65,CANASTA-3P,VISITANTE,3,"FUENTES, MYLES",1,4:07,15,11
130885,01/06/2026,DOM,PUR,66,ASISTENCIA,VISITANTE,1,"ROCA, GUSTAVO",1,4:07,15,11
130885,01/06/2026,DOM,PUR,67,CANASTA-2P,LOCAL,0,"PEMBERTON, ANTONIO",1,3:40,17,11
130885,01/06/2026,DOM,PUR,68,FALTA-COMETIDA,VISITANTE,14,"RIVERA, JAMES",1,3:30,17,11
130885,01/06/2026,DOM,PUR,69,PERDIDA,VISITANTE,14,"RIVERA, JAMES",1,3:30,17,11
130885,01/06/2026,DOM,PUR,70,FALTA-RECIBIDA,LOCAL,0,"PEMBERTON, ANTONIO",1,3:30,17,11
130885,01/06/2026,DOM,PUR,71,CAMBIO-JUGADOR-SALE,VISITANTE,13,"BERNARD, JOMAR",1,3:30,17,11
130885,01/06/2026,DOM,PUR,72,CAMBIO-JUGADOR-SALE,VISITANTE,14,"RIVERA, JAMES",1,3:30,17,11
130885,01/06/2026,DOM,PUR,73,CAMBIO-JUGADOR-ENTRA,VISITANTE,12,"SALABERRIOS, DERICK",1,3:30,17,11
130885,01/06/2026,DOM,PUR,74,CAMBIO-JUGADOR-ENTRA,VISITANTE,21,"QUINONES, FELIPE",1,3:30,17,11
130885,01/06/2026,DOM,PUR,75,CAMBIO-JUGADOR-SALE,LOCAL,8,"GOMEZ, DEREK",1,3:27,17,11
130885,01/06/2026,DOM,PUR,76,CAMBIO-JUGADOR-ENTRA,LOCAL,24,"MONTERO, RAYNER",1,3:27,17,11
130885,01/06/2026,DOM,PUR,77,CANASTA-2P,LOCAL,10,"MARTINEZ, MARLON",1,3:19,19,11
130885,01/06/2026,DOM,PUR,78,TIEMPO-MUERTO-SOLICITADO,VISITANTE,,,1,3:08,19,11
130885,01/06/2026,DOM,PUR,79,CAMBIO-JUGADOR-SALE,VISITANTE,15,"NARVAEZ, LENUEL",1,3:08,19,11
130885,01/06/2026,DOM,PUR,80,CAMBIO-JUGADOR-ENTRA,VISITANTE,10,"CANDELARIA, DAVEY",1,3:08,19,11
130885,01/06/2026,DOM,PUR,81,PERDIDA,VISITANTE,12,"SALABERRIOS, DERICK",1,2:53,19,11
130885,01/06/2026,DOM,PUR,82,RECUPERACION,LOCAL,27,"VALERA, ENMANUEL",1,2:53,19,11
130885,01/06/2026,DOM,PUR,83,CANASTA-2P,LOCAL,10,"MARTINEZ, MARLON",1,2:45,21,11
130885,01/06/2026,DOM,PUR,84,TIRO3-FALLADO,VISITANTE,3,"FUENTES, MYLES",1,2:32,21,11
130885,01/06/2026,DOM,PUR,85,REBOTE-DEFENSIVO,LOCAL,24,"MONTERO, RAYNER",1,2:27,21,11
130885,01/06/2026,DOM,PUR,86,CANASTA-3P,LOCAL,10,"MARTINEZ, MARLON",1,2:09,24,11
130885,01/06/2026,DOM,PUR,87,ASISTENCIA,LOCAL,0,"PEMBERTON, ANTONIO",1,2:09,24,11
130885,01/06/2026,DOM,PUR,88,TIRO3-FALLADO,VISITANTE,1,"ROCA, GUSTAVO",1,1:53,24,11
130885,01/06/2026,DOM,PUR,89,REBOTE-DEFENSIVO,LOCAL,25,"ROMERO, RODERI",1,1:49,24,11
130885,01/06/2026,DOM,PUR,90,CANASTA-2P,LOCAL,0,"PEMBERTON, ANTONIO",1,1:42,26,11
130885,01/06/2026,DOM,PUR,91,ASISTENCIA,LOCAL,10,"MARTINEZ, MARLON",1,1:42,26,11
130885,01/06/2026,DOM,PUR,92,CANASTA-2P,VISITANTE,12,"SALABERRIOS, DERICK",1,1:19,26,13
130885,01/06/2026,DOM,PUR,93,ASISTENCIA,VISITANTE,1,"ROCA, GUSTAVO",1,1:19,26,13
130885,01/06/2026,DOM,PUR,94,TIRO3-FALLADO,LOCAL,27,"VALERA, ENMANUEL",1,1:05,26,13
130885,01/06/2026,DOM,PUR,95,REBOTE-DEFENSIVO,VISITANTE,,,1,1:00,26,13
130885,01/06/2026,DOM,PUR,96,CAMBIO-JUGADOR-SALE,LOCAL,0,"PEMBERTON, ANTONIO",1,1:00,26,13
130885,01/06/2026,DOM,PUR,97,CAMBIO-JUGADOR-SALE,LOCAL,25,"ROMERO, RODERI",1,1:00,26,13
130885,01/06/2026,DOM,PUR,98,CAMBIO-JUGADOR-ENTRA,LOCAL,5,"LIZ, JACK",1,1:00,26,13
130885,01/06/2026,DOM,PUR,99,CAMBIO-JUGADOR-ENTRA,LOCAL,8,"GOMEZ, DEREK",1,1:00,26,13
130885,01/06/2026,DOM,PUR,100,CAMBIO-JUGADOR-SALE,VISITANTE,3,"FUENTES, MYLES",1,1:00,26,13
130885,01/06/2026,DOM,PUR,101,CAMBIO-JUGADOR-SALE,VISITANTE,12,"SALABERRIOS, DERICK",1,1:00,26,13
130885,01/06/2026,DOM,PUR,102,CAMBIO-JUGADOR-ENTRA,VISITANTE,0,"ROSARIO, ANDREW",1,1:00,26,13
130885,01/06/2026,DOM,PUR,103,CAMBIO-JUGADOR-ENTRA,VISITANTE,11,"PIZARRO, JESUS",1,1:00,26,13
130885,01/06/2026,DOM,PUR,104,TIRO3-FALLADO,VISITANTE,0,"ROSARIO, ANDREW",1,0:39,26,13
130885,01/06/2026,DOM,PUR,105,REBOTE-DEFENSIVO,LOCAL,27,"VALERA, ENMANUEL",1,0:36,26,13
130885,01/06/2026,DOM,PUR,106,TIRO2-FALLADO,LOCAL,27,"VALERA, ENMANUEL",1,0:23,26,13
130885,01/06/2026,DOM,PUR,107,REBOTE-DEFENSIVO,VISITANTE,10,"CANDELARIA, DAVEY",1,0:20,26,13
130885,01/06/2026,DOM,PUR,108,TIRO3-FALLADO,VISITANTE,10,"CANDELARIA, DAVEY",1,0:02,26,13
130885,01/06/2026,DOM,PUR,109,REBOTE-OFENSIVO,VISITANTE,11,"PIZARRO, JESUS",1,0:02,26,13
130885,01/06/2026,DOM,PUR,110,FINAL-PERIODO,,,,1,0:00,26,13
130885,01/06/2026,DOM,PUR,111,CAMBIO-JUGADOR-SALE,LOCAL,27,"VALERA, ENMANUEL",2,10:00,26,13
130885,01/06/2026,DOM,PUR,112,CAMBIO-JUGADOR-ENTRA,LOCAL,0,"PEMBERTON, ANTONIO",2,10:00,26,13
130885,01/06/2026,DOM,PUR,113,CAMBIO-JUGADOR-SALE,VISITANTE,1,"ROCA, GUSTAVO",2,10:00,26,13
130885,01/06/2026,DOM,PUR,114,CAMBIO-JUGADOR-ENTRA,VISITANTE,12,"SALABERRIOS, DERICK",2,10:00,26,13
130885,01/06/2026,DOM,PUR,115,INICIO-PERIODO,,,,2,10:00,26,13
130885,01/06/2026,DOM,PUR,116,CANASTA-2P,VISITANTE,0,"ROSARIO, ANDREW",2,9:50,26,15
130885,01/06/2026,DOM,PUR,117,ASISTENCIA,VISITANTE,21,"QUINONES, FELIPE",2,9:50,26,15
130885,01/06/2026,DOM,PUR,118,TIRO2-FALLADO,LOCAL,8,"GOMEZ, DEREK",2,9:30,26,15
130885,01/06/2026,DOM,PUR,119,REBOTE-DEFENSIVO,VISITANTE,12,"SALABERRIOS, DERICK",2,9:27,26,15
130885,01/06/2026,DOM,PUR,120,PERDIDA,VISITANTE,0,"ROSARIO, ANDREW",2,9:27,26,15
130885,01/06/2026,DOM,PUR,121,CANASTA-3P,LOCAL,5,"LIZ, JACK",2,9:13,29,15
130885,01/06/2026,DOM,PUR,122,ASISTENCIA,LOCAL,10,"MARTINEZ, MARLON",2,9:13,29,15
130885,01/06/2026,DOM,PUR,123,TIRO2-FALLADO,VISITANTE,21,"QUINONES, FELIPE",2,9:01,29,15
130885,01/06/2026,DOM,PUR,124,REBOTE-DEFENSIVO,LOCAL,24,"MONTERO, RAYNER",2,8:58,29,15
130885,01/06/2026,DOM,PUR,125,TIRO3-FALLADO,LOCAL,10,"MARTINEZ, MARLON",2,8:56,29,15
130885,01/06/2026,DOM,PUR,126,REBOTE-DEFENSIVO,VISITANTE,21,"QUINONES, FELIPE",2,8:51,29,15
130885,01/06/2026,DOM,PUR,127,TIRO2-FALLADO,VISITANTE,12,"SALABERRIOS, DERICK",2,8:49,29,15
130885,01/06/2026,DOM,PUR,128,TAPON-COMETIDO,LOCAL,24,"MONTERO, RAYNER",2,8:49,29,15
130885,01/06/2026,DOM,PUR,129,REBOTE-OFENSIVO,VISITANTE,,,2,8:49,29,15
130885,01/06/2026,DOM,PUR,130,TIRO3-FALLADO,VISITANTE,21,"QUINONES, FELIPE",2,8:45,29,15
130885,01/06/2026,DOM,PUR,131,REBOTE-DEFENSIVO,LOCAL,,,2,8:42,29,15
130885,01/06/2026,DOM,PUR,132,TIRO3-FALLADO,LOCAL,8,"GOMEZ, DEREK",2,8:30,29,15
130885,01/06/2026,DOM,PUR,133,REBOTE-DEFENSIVO,VISITANTE,0,"ROSARIO, ANDREW",2,8:28,29,15
130885,01/06/2026,DOM,PUR,134,CANASTA-2P,VISITANTE,10,"CANDELARIA, DAVEY",2,8:16,29,17
130885,01/06/2026,DOM,PUR,135,ASISTENCIA,VISITANTE,12,"SALABERRIOS, DERICK",2,8:16,29,17
130885,01/06/2026,DOM,PUR,136,PERDIDA,LOCAL,8,"GOMEZ, DEREK",2,8:05,29,17
130885,01/06/2026,DOM,PUR,137,RECUPERACION,VISITANTE,12,"SALABERRIOS, DERICK",2,8:05,29,17
130885,01/06/2026,DOM,PUR,138,TIRO3-FALLADO,VISITANTE,10,"CANDELARIA, DAVEY",2,7:51,29,17
130885,01/06/2026,DOM,PUR,139,REBOTE-DEFENSIVO,LOCAL,5,"LIZ, JACK",2,7:48,29,17
130885,01/06/2026,DOM,PUR,140,FALTA-COMETIDA,VISITANTE,10,"CANDELARIA, DAVEY",2,7:40,29,17
130885,01/06/2026,DOM,PUR,141,FALTA-RECIBIDA,LOCAL,24,"MONTERO, RAYNER",2,7:40,29,17
130885,01/06/2026,DOM,PUR,142,CAMBIO-JUGADOR-SALE,LOCAL,8,"GOMEZ, DEREK",2,7:40,29,17
130885,01/06/2026,DOM,PUR,143,CAMBIO-JUGADOR-SALE,LOCAL,10,"MARTINEZ, MARLON",2,7:40,29,17
130885,01/06/2026,DOM,PUR,144,CAMBIO-JUGADOR-ENTRA,LOCAL,25,"ROMERO, RODERI",2,7:40,29,17
130885,01/06/2026,DOM,PUR,145,CAMBIO-JUGADOR-ENTRA,LOCAL,27,"VALERA, ENMANUEL",2,7:40,29,17
130885,01/06/2026,DOM,PUR,146,CAMBIO-JUGADOR-SALE,VISITANTE,10,"CANDELARIA, DAVEY",2,7:40,29,17
130885,01/06/2026,DOM,PUR,147,CAMBIO-JUGADOR-SALE,VISITANTE,11,"PIZARRO, JESUS",2,7:40,29,17
130885,01/06/2026,DOM,PUR,148,CAMBIO-JUGADOR-SALE,VISITANTE,12,"SALABERRIOS, DERICK",2,7:40,29,17
130885,01/06/2026,DOM,PUR,149,CAMBIO-JUGADOR-ENTRA,VISITANTE,3,"FUENTES, MYLES",2,7:40,29,17
130885,01/06/2026,DOM,PUR,150,CAMBIO-JUGADOR-ENTRA,VISITANTE,14,"RIVERA, JAMES",2,7:40,29,17
130885,01/06/2026,DOM,PUR,151,CAMBIO-JUGADOR-ENTRA,VISITANTE,15,"NARVAEZ, LENUEL",2,7:40,29,17
130885,01/06/2026,DOM,PUR,152,CANASTA-1P,LOCAL,24,"MONTERO, RAYNER",2,7:40,30,17
130885,01/06/2026,DOM,PUR,153,ASISTENCIA,LOCAL,0,"PEMBERTON, ANTONIO",2,7:40,30,17
130885,01/06/2026,DOM,PUR,154,CANASTA-1P,LOCAL,24,"MONTERO, RAYNER",2,7:40,31,17
130885,01/06/2026,DOM,PUR,155,TIRO3-FALLADO,VISITANTE,14,"RIVERA, JAMES",2,7:26,31,17
130885,01/06/2026,DOM,PUR,156,REBOTE-OFENSIVO,VISITANTE,14,"RIVERA, JAMES",2,7:23,31,17
130885,01/06/2026,DOM,PUR,157,FALTA-COMETIDA,LOCAL,0,"PEMBERTON, ANTONIO",2,7:18,31,17
130885,01/06/2026,DOM,PUR,158,FALTA-RECIBIDA,VISITANTE,14,"RIVERA, JAMES",2,7:18,31,17
130885,01/06/2026,DOM,PUR,159,PERDIDA,VISITANTE,14,"RIVERA, JAMES",2,7:16,31,17
130885,01/06/2026,DOM,PUR,160,CAMBIO-JUGADOR-SALE,LOCAL,5,"LIZ, JACK",2,7:16,31,17
130885,01/06/2026,DOM,PUR,161,CAMBIO-JUGADOR-ENTRA,LOCAL,4,"CAMACHO, BRAYAN",2,7:16,31,17
130885,01/06/2026,DOM,PUR,162,CANASTA-2P,LOCAL,4,"CAMACHO, BRAYAN",2,7:01,33,17
130885,01/06/2026,DOM,PUR,163,ASISTENCIA,LOCAL,0,"PEMBERTON, ANTONIO",2,7:01,33,17
130885,01/06/2026,DOM,PUR,164,TIRO2-FALLADO,VISITANTE,3,"FUENTES, MYLES",2,6:43,33,17
130885,01/06/2026,DOM,PUR,165,REBOTE-DEFENSIVO,LOCAL,0,"PEMBERTON, ANTONIO",2,6:40,33,17
130885,01/06/2026,DOM,PUR,166,TIRO2-FALLADO,LOCAL,27,"VALERA, ENMANUEL",2,6:38,33,17
130885,01/06/2026,DOM,PUR,167,REBOTE-OFENSIVO,LOCAL,25,"ROMERO, RODERI",2,6:33,33,17
130885,01/06/2026,DOM,PUR,168,CANASTA-2P,LOCAL,25,"ROMERO, RODERI",2,6:33,35,17
130885,01/06/2026,DOM,PUR,169,TIEMPO-MUERTO-SOLICITADO,VISITANTE,,,2,6:33,35,17
130885,01/06/2026,DOM,PUR,170,CAMBIO-JUGADOR-SALE,VISITANTE,0,"ROSARIO, ANDREW",2,6:33,35,17
130885,01/06/2026,DOM,PUR,171,CAMBIO-JUGADOR-SALE,VISITANTE,14,"RIVERA, JAMES",2,6:33,35,17
130885,01/06/2026,DOM,PUR,172,CAMBIO-JUGADOR-ENTRA,VISITANTE,2,"PAGAN, DEREK",2,6:33,35,17
130885,01/06/2026,DOM,PUR,173,CAMBIO-JUGADOR-ENTRA,VISITANTE,13,"BERNARD, JOMAR",2,6:33,35,17
130885,01/06/2026,DOM,PUR,174,TIRO2-FALLADO,VISITANTE,13,"BERNARD, JOMAR",2,6:20,35,17
130885,01/06/2026,DOM,PUR,175,REBOTE-DEFENSIVO,LOCAL,,,2,6:20,35,17
130885,01/06/2026,DOM,PUR,176,TIRO2-FALLADO,LOCAL,27,"VALERA, ENMANUEL",2,6:07,35,17
130885,01/06/2026,DOM,PUR,177,TAPON-COMETIDO,VISITANTE,15,"NARVAEZ, LENUEL",2,6:07,35,17
130885,01/06/2026,DOM,PUR,178,REBOTE-OFENSIVO,LOCAL,,,2,6:07,35,17
130885,01/06/2026,DOM,PUR,179,TIRO3-FALLADO,LOCAL,24,"MONTERO, RAYNER",2,6:02,35,17
130885,01/06/2026,DOM,PUR,180,REBOTE-DEFENSIVO,VISITANTE,21,"QUINONES, FELIPE",2,5:59,35,17
130885,01/06/2026,DOM,PUR,181,TIRO2-FALLADO,VISITANTE,21,"QUINONES, FELIPE",2,5:57,35,17
130885,01/06/2026,DOM,PUR,182,REBOTE-DEFENSIVO,LOCAL,25,"ROMERO, RODERI",2,5:53,35,17
130885,01/06/2026,DOM,PUR,183,TIRO3-FALLADO,LOCAL,0,"PEMBERTON, ANTONIO",2,5:40,35,17
130885,01/06/2026,DOM,PUR,184,REBOTE-DEFENSIVO,VISITANTE,15,"NARVAEZ, LENUEL",2,5:36,35,17
130885,01/06/2026,DOM,PUR,185,CANASTA-2P,VISITANTE,21,"QUINONES, FELIPE",2,5:22,35,19
130885,01/06/2026,DOM,PUR,186,TIRO3-FALLADO,LOCAL,27,"VALERA, ENMANUEL",2,5:00,35,19
130885,01/06/2026,DOM,PUR,187,REBOTE-DEFENSIVO,VISITANTE,2,"PAGAN, DEREK",2,4:56,35,19
130885,01/06/2026,DOM,PUR,188,TIRO3-FALLADO,VISITANTE,2,"PAGAN, DEREK",2,4:48,35,19
130885,01/06/2026,DOM,PUR,189,REBOTE-DEFENSIVO,LOCAL,0,"PEMBERTON, ANTONIO",2,4:46,35,19
130885,01/06/2026,DOM,PUR,190,FALTA-COMETIDA,VISITANTE,2,"PAGAN, DEREK",2,4:40,35,19
130885,01/06/2026,DOM,PUR,191,FALTA-RECIBIDA,LOCAL,0,"PEMBERTON, ANTONIO",2,4:40,35,19
130885,01/06/2026,DOM,PUR,192,TIEMPO-MUERTO-SOLICITADO,LOCAL,,,2,4:40,35,19
130885,01/06/2026,DOM,PUR,193,CAMBIO-JUGADOR-SALE,LOCAL,24,"MONTERO, RAYNER",2,4:40,35,19
130885,01/06/2026,DOM,PUR,194,CAMBIO-JUGADOR-SALE,LOCAL,25,"ROMERO, RODERI",2,4:40,35,19
130885,01/06/2026,DOM,PUR,195,CAMBIO-JUGADOR-ENTRA,LOCAL,8,"GOMEZ, DEREK",2,4:40,35,19
130885,01/06/2026,DOM,PUR,196,CAMBIO-JUGADOR-ENTRA,LOCAL,10,"MARTINEZ, MARLON",2,4:40,35,19
130885,01/06/2026,DOM,PUR,197,CAMBIO-JUGADOR-SALE,VISITANTE,15,"NARVAEZ, LENUEL",2,4:40,35,19
130885,01/06/2026,DOM,PUR,198,CAMBIO-JUGADOR-ENTRA,VISITANTE,20,"RODRIGUEZ, DARELL",2,4:40,35,19
130885,01/06/2026,DOM,PUR,199,TIRO1-FALLADO,LOCAL,0,"PEMBERTON, ANTONIO",2,4:40,35,19
130885,01/06/2026,DOM,PUR,200,CANASTA-1P,LOCAL,0,"PEMBERTON, ANTONIO",2,4:40,36,19
130885,01/06/2026,DOM,PUR,201,TIRO2-FALLADO,VISITANTE,3,"FUENTES, MYLES",2,4:26,36,19
130885,01/06/2026,DOM,PUR,202,REBOTE-DEFENSIVO,LOCAL,10,"MARTINEZ, MARLON",2,4:23,36,19
130885,01/06/2026,DOM,PUR,203,FALTA-COMETIDA,LOCAL,27,"VALERA, ENMANUEL",2,4:22,36,19
130885,01/06/2026,DOM,PUR,204,PERDIDA,LOCAL,27,"VALERA, ENMANUEL",2,4:22,36,19
130885,01/06/2026,DOM,PUR,205,FALTA-RECIBIDA,VISITANTE,21,"QUINONES, FELIPE",2,4:22,36,19
130885,01/06/2026,DOM,PUR,206,CAMBIO-JUGADOR-SALE,LOCAL,27,"VALERA, ENMANUEL",2,4:22,36,19
130885,01/06/2026,DOM,PUR,207,CAMBIO-JUGADOR-ENTRA,LOCAL,12,"VALDEZ, LUIS",2,4:22,36,19
130885,01/06/2026,DOM,PUR,208,FALTA-COMETIDA,LOCAL,4,"CAMACHO, BRAYAN",2,4:12,36,19
130885,01/06/2026,DOM,PUR,209,FALTA-RECIBIDA,VISITANTE,21,"QUINONES, FELIPE",2,4:12,36,19
130885,01/06/2026,DOM,PUR,210,FALTA-COMETIDA,LOCAL,8,"GOMEZ, DEREK",2,4:03,36,19
130885,01/06/2026,DOM,PUR,211,FALTA-RECIBIDA,VISITANTE,13,"BERNARD, JOMAR",2,4:03,36,19
130885,01/06/2026,DOM,PUR,212,CANASTA-1P,VISITANTE,13,"BERNARD, JOMAR",2,4:03,36,20
130885,01/06/2026,DOM,PUR,213,CANASTA-1P,VISITANTE,13,"BERNARD, JOMAR",2,4:03,36,21
130885,01/06/2026,DOM,PUR,214,FALTA-COMETIDA,VISITANTE,3,"FUENTES, MYLES",2,3:49,36,21
130885,01/06/2026,DOM,PUR,215,FALTA-RECIBIDA,LOCAL,12,"VALDEZ, LUIS",2,3:49,36,21
130885,01/06/2026,DOM,PUR,216,TIRO3-FALLADO,LOCAL,0,"PEMBERTON, ANTONIO",2,3:40,36,21
130885,01/06/2026,DOM,PUR,217,REBOTE-DEFENSIVO,VISITANTE,,,2,3:40,36,21
130885,01/06/2026,DOM,PUR,218,FALTA-COMETIDA,LOCAL,12,"VALDEZ, LUIS",2,3:40,36,21
130885,01/06/2026,DOM,PUR,219,FALTA-RECIBIDA,VISITANTE,13,"BERNARD, JOMAR",2,3:40,36,21
130885,01/06/2026,DOM,PUR,220,CAMBIO-JUGADOR-SALE,LOCAL,8,"GOMEZ, DEREK",2,3:40,36,21
130885,01/06/2026,DOM,PUR,221,CAMBIO-JUGADOR-ENTRA,LOCAL,24,"MONTERO, RAYNER",2,3:40,36,21
130885,01/06/2026,DOM,PUR,222,CANASTA-1P,VISITANTE,13,"BERNARD, JOMAR",2,3:40,36,22
130885,01/06/2026,DOM,PUR,223,CANASTA-1P,VISITANTE,13,"BERNARD, JOMAR",2,3:40,36,23
130885,01/06/2026,DOM,PUR,224,TIRO2-FALLADO,LOCAL,0,"PEMBERTON, ANTONIO",2,3:27,36,23
130885,01/06/2026,DOM,PUR,225,REBOTE-OFENSIVO,LOCAL,24,"MONTERO, RAYNER",2,3:23,36,23
130885,01/06/2026,DOM,PUR,226,CANASTA-2P,LOCAL,24,"MONTERO, RAYNER",2,3:23,38,23
130885,01/06/2026,DOM,PUR,227,FALTA-COMETIDA,LOCAL,24,"MONTERO, RAYNER",2,3:05,38,23
130885,01/06/2026,DOM,PUR,228,FALTA-RECIBIDA,VISITANTE,13,"BERNARD, JOMAR",2,3:05,38,23
130885,01/06/2026,DOM,PUR,229,TIRO1-FALLADO,VISITANTE,13,"BERNARD, JOMAR",2,3:05,38,23
130885,01/06/2026,DOM,PUR,230,CANASTA-1P,VISITANTE,13,"BERNARD, JOMAR",2,3:05,38,24
130885,01/06/2026,DOM,PUR,231,CAMBIO-JUGADOR-SALE,VISITANTE,2,"PAGAN, DEREK",2,3:05,38,24
130885,01/06/2026,DOM,PUR,232,CAMBIO-JUGADOR-SALE,VISITANTE,3,"FUENTES, MYLES",2,3:05,38,24
130885,01/06/2026,DOM,PUR,233,CAMBIO-JUGADOR-ENTRA,VISITANTE,1,"ROCA, GUSTAVO",2,3:05,38,24
130885,01/06/2026,DOM,PUR,234,CAMBIO-JUGADOR-ENTRA,VISITANTE,12,"SALABERRIOS, DERICK",2,3:05,38,24
130885,01/06/2026,DOM,PUR,235,TIRO3-FALLADO,LOCAL,24,"MONTERO, RAYNER",2,2:51,38,24
130885,01/06/2026,DOM,PUR,236,REBOTE-DEFENSIVO,VISITANTE,13,"BERNARD, JOMAR",2,2:48,38,24
130885,01/06/2026,DOM,PUR,237,PERDIDA,VISITANTE,13,"BERNARD, JOMAR",2,2:44,38,24
130885,01/06/2026,DOM,PUR,238,CANASTA-3P,LOCAL,4,"CAMACHO, BRAYAN",2,2:40,41,24
130885,01/06/2026,DOM,PUR,239,ASISTENCIA,LOCAL,0,"PEMBERTON, ANTONIO",2,2:40,41,24
130885,01/06/2026,DOM,PUR,240,TIRO3-FALLADO,VISITANTE,13,"BERNARD, JOMAR",2,2:22,41,24
130885,01/06/2026,DOM,PUR,241,REBOTE-DEFENSIVO,LOCAL,0,"PEMBERTON, ANTONIO",2,2:16,41,24
130885,01/06/2026,DOM,PUR,242,TIRO3-FALLADO,LOCAL,4,"CAMACHO, BRAYAN",2,2:02,41,24
130885,01/06/2026,DOM,PUR,243,REBOTE-OFENSIVO,LOCAL,24,"MONTERO, RAYNER",2,1:58,41,24
130885,01/06/2026,DOM,PUR,244,TIRO2-FALLADO,LOCAL,24,"MONTERO, RAYNER",2,1:56,41,24
130885,01/06/2026,DOM,PUR,245,REBOTE-DEFENSIVO,VISITANTE,12,"SALABERRIOS, DERICK",2,1:52,41,24
130885,01/06/2026,DOM,PUR,246,FALTA-COMETIDA,LOCAL,12,"VALDEZ, LUIS",2,1:47,41,24
130885,01/06/2026,DOM,PUR,247,FALTA-RECIBIDA,VISITANTE,13,"BERNARD, JOMAR",2,1:47,41,24
130885,01/06/2026,DOM,PUR,248,CANASTA-1P,VISITANTE,13,"BERNARD, JOMAR",2,1:47,41,25
130885,01/06/2026,DOM,PUR,249,TIRO1-FALLADO,VISITANTE,13,"BERNARD, JOMAR",2,1:47,41,25
130885,01/06/2026,DOM,PUR,250,REBOTE-OFENSIVO,VISITANTE,13,"BERNARD, JOMAR",2,1:47,41,25
130885,01/06/2026,DOM,PUR,251,TIRO2-FALLADO,VISITANTE,13,"BERNARD, JOMAR",2,1:47,41,25
130885,01/06/2026,DOM,PUR,252,TAPON-COMETIDO,LOCAL,24,"MONTERO, RAYNER",2,1:47,41,25
130885,01/06/2026,DOM,PUR,253,REBOTE-DEFENSIVO,LOCAL,10,"MARTINEZ, MARLON",2,1:47,41,25
130885,01/06/2026,DOM,PUR,254,CAMBIO-JUGADOR-SALE,VISITANTE,13,"BERNARD, JOMAR",2,1:46,41,25
130885,01/06/2026,DOM,PUR,255,CAMBIO-JUGADOR-ENTRA,VISITANTE,15,"NARVAEZ, LENUEL",2,1:46,41,25
130885,01/06/2026,DOM,PUR,256,FALTA-COMETIDA,VISITANTE,15,"NARVAEZ, LENUEL",2,1:32,41,25
130885,01/06/2026,DOM,PUR,257,FALTA-RECIBIDA,LOCAL,4,"CAMACHO, BRAYAN",2,1:32,41,25
130885,01/06/2026,DOM,PUR,258,CAMBIO-JUGADOR-SALE,VISITANTE,20,"RODRIGUEZ, DARELL",2,1:32,41,25
130885,01/06/2026,DOM,PUR,259,CAMBIO-JUGADOR-SALE,VISITANTE,21,"QUINONES, FELIPE",2,1:32,41,25
130885,01/06/2026,DOM,PUR,260,CAMBIO-JUGADOR-ENTRA,VISITANTE,13,"BERNARD, JOMAR",2,1:32,41,25
130885,01/06/2026,DOM,PUR,261,CAMBIO-JUGADOR-ENTRA,VISITANTE,14,"RIVERA, JAMES",2,1:32,41,25
130885,01/06/2026,DOM,PUR,262,CANASTA-1P,LOCAL,4,"CAMACHO, BRAYAN",2,1:32,42,25
130885,01/06/2026,DOM,PUR,263,CANASTA-1P,LOCAL,4,"CAMACHO, BRAYAN",2,1:32,43,25
130885,01/06/2026,DOM,PUR,264,PERDIDA,VISITANTE,13,"BERNARD, JOMAR",2,1:32,43,25
130885,01/06/2026,DOM,PUR,265,CANASTA-2P,LOCAL,10,"MARTINEZ, MARLON",2,1:32,45,25
130885,01/06/2026,DOM,PUR,266,PERDIDA,VISITANTE,1,"ROCA, GUSTAVO",2,1:25,45,25
130885,01/06/2026,DOM,PUR,267,CAMBIO-JUGADOR-SALE,LOCAL,10,"MARTINEZ, MARLON",2,1:20,45,25
130885,01/06/2026,DOM,PUR,268,CAMBIO-JUGADOR-ENTRA,LOCAL,7,"PARREÑO, ANGEL",2,1:20,45,25
130885,01/06/2026,DOM,PUR,269,CAMBIO-JUGADOR-SALE,VISITANTE,13,"BERNARD, JOMAR",2,1:16,45,25
130885,01/06/2026,DOM,PUR,270,CAMBIO-JUGADOR-ENTRA,VISITANTE,0,"ROSARIO, ANDREW",2,1:16,45,25
130885,01/06/2026,DOM,PUR,271,CAMBIO-JUGADOR-SALE,VISITANTE,12,"SALABERRIOS, DERICK",2,1:16,45,25
130885,01/06/2026,DOM,PUR,272,CAMBIO-JUGADOR-ENTRA,VISITANTE,3,"FUENTES, MYLES",2,1:16,45,25
130885,01/06/2026,DOM,PUR,273,FALTA-COMETIDA,VISITANTE,1,"ROCA, GUSTAVO",2,0:46,45,25
130885,01/06/2026,DOM,PUR,274,FALTA-RECIBIDA,LOCAL,4,"CAMACHO, BRAYAN",2,0:46,45,25
130885,01/06/2026,DOM,PUR,275,CANASTA-1P,LOCAL,4,"CAMACHO, BRAYAN",2,0:46,46,25
130885,01/06/2026,DOM,PUR,276,CANASTA-1P,LOCAL,4,"CAMACHO, BRAYAN",2,0:46,47,25
130885,01/06/2026,DOM,PUR,277,CANASTA-2P,VISITANTE,3,"FUENTES, MYLES",2,0:39,47,27
130885,01/06/2026,DOM,PUR,278,PERDIDA,LOCAL,24,"MONTERO, RAYNER",2,0:34,47,27
130885,01/06/2026,DOM,PUR,279,CAMBIO-JUGADOR-SALE,LOCAL,0,"PEMBERTON, ANTONIO",2,0:34,47,27
130885,01/06/2026,DOM,PUR,280,CAMBIO-JUGADOR-SALE,LOCAL,12,"VALDEZ, LUIS",2,0:34,47,27
130885,01/06/2026,DOM,PUR,281,CAMBIO-JUGADOR-ENTRA,LOCAL,3,"SANTANA, BRAYAN",2,0:34,47,27
130885,01/06/2026,DOM,PUR,282,CAMBIO-JUGADOR-ENTRA,LOCAL,25,"ROMERO, RODERI",2,0:34,47,27
130885,01/06/2026,DOM,PUR,283,CAMBIO-JUGADOR-SALE,VISITANTE,15,"NARVAEZ, LENUEL",2,0:34,47,27
130885,01/06/2026,DOM,PUR,284,CAMBIO-JUGADOR-ENTRA,VISITANTE,21,"QUINONES, FELIPE",2,0:34,47,27
130885,01/06/2026,DOM,PUR,285,PERDIDA,VISITANTE,3,"FUENTES, MYLES",2,0:24,47,27
130885,01/06/2026,DOM,PUR,286,RECUPERACION,LOCAL,3,"SANTANA, BRAYAN",2,0:24,47,27
130885,01/06/2026,DOM,PUR,287,TIRO2-FALLADO,LOCAL,3,"SANTANA, BRAYAN",2,0:18,47,27
130885,01/06/2026,DOM,PUR,288,REBOTE-DEFENSIVO,VISITANTE,14,"RIVERA, JAMES",2,0:16,47,27
130885,01/06/2026,DOM,PUR,289,PERDIDA,VISITANTE,1,"ROCA, GUSTAVO",2,0:08,47,27
130885,01/06/2026,DOM,PUR,290,PERDIDA,LOCAL,4,"CAMACHO, BRAYAN",2,0:01,47,27
130885,01/06/2026,DOM,PUR,291,RECUPERACION,VISITANTE,21,"QUINONES, FELIPE",2,0:01,47,27
130885,01/06/2026,DOM,PUR,292,FALTA-COMETIDA,LOCAL,4,"CAMACHO, BRAYAN",2,0:00,47,27
130885,01/06/2026,DOM,PUR,293,FALTA-RECIBIDA,VISITANTE,21,"QUINONES, FELIPE",2,0:00,47,27
130885,01/06/2026,DOM,PUR,294,CANASTA-1P,VISITANTE,21,"QUINONES, FELIPE",2,0:00,47,28
130885,01/06/2026,DOM,PUR,295,CANASTA-1P,VISITANTE,21,"QUINONES, FELIPE",2,0:00,47,29
130885,01/06/2026,DOM,PUR,296,FINAL-PERIODO,,,,2,0:00,47,29
130885,01/06/2026,DOM,PUR,297,CAMBIO-JUGADOR-SALE,LOCAL,3,"SANTANA, BRAYAN",3,10:00,47,29
130885,01/06/2026,DOM,PUR,298,CAMBIO-JUGADOR-SALE,LOCAL,4,"CAMACHO, BRAYAN",3,10:00,47,29
130885,01/06/2026,DOM,PUR,299,CAMBIO-JUGADOR-SALE,LOCAL,7,"PARREÑO, ANGEL",3,10:00,47,29
130885,01/06/2026,DOM,PUR,300,CAMBIO-JUGADOR-SALE,LOCAL,24,"MONTERO, RAYNER",3,10:00,47,29
130885,01/06/2026,DOM,PUR,301,CAMBIO-JUGADOR-ENTRA,LOCAL,0,"PEMBERTON, ANTONIO",3,10:00,47,29
130885,01/06/2026,DOM,PUR,302,CAMBIO-JUGADOR-ENTRA,LOCAL,8,"GOMEZ, DEREK",3,10:00,47,29
130885,01/06/2026,DOM,PUR,303,CAMBIO-JUGADOR-ENTRA,LOCAL,10,"MARTINEZ, MARLON",3,10:00,47,29
130885,01/06/2026,DOM,PUR,304,CAMBIO-JUGADOR-ENTRA,LOCAL,27,"VALERA, ENMANUEL",3,10:00,47,29
130885,01/06/2026,DOM,PUR,305,CAMBIO-JUGADOR-SALE,VISITANTE,0,"ROSARIO, ANDREW",3,10:00,47,29
130885,01/06/2026,DOM,PUR,306,CAMBIO-JUGADOR-SALE,VISITANTE,1,"ROCA, GUSTAVO",3,10:00,47,29
130885,01/06/2026,DOM,PUR,307,CAMBIO-JUGADOR-ENTRA,VISITANTE,13,"BERNARD, JOMAR",3,10:00,47,29
130885,01/06/2026,DOM,PUR,308,CAMBIO-JUGADOR-ENTRA,VISITANTE,15,"NARVAEZ, LENUEL",3,10:00,47,29
130885,01/06/2026,DOM,PUR,309,INICIO-PERIODO,,,,3,10:00,47,29
130885,01/06/2026,DOM,PUR,310,CANASTA-2P,LOCAL,10,"MARTINEZ, MARLON",3,9:44,49,29
130885,01/06/2026,DOM,PUR,311,TIRO2-FALLADO,VISITANTE,3,"FUENTES, MYLES",3,9:22,49,29
130885,01/06/2026,DOM,PUR,312,TAPON-COMETIDO,LOCAL,8,"GOMEZ, DEREK",3,9:22,49,29
130885,01/06/2026,DOM,PUR,313,REBOTE-OFENSIVO,VISITANTE,,,3,9:22,49,29
130885,01/06/2026,DOM,PUR,314,PERDIDA,VISITANTE,13,"BERNARD, JOMAR",3,9:21,49,29
130885,01/06/2026,DOM,PUR,315,RECUPERACION,LOCAL,10,"MARTINEZ, MARLON",3,9:21,49,29
130885,01/06/2026,DOM,PUR,316,FALTA-COMETIDA,VISITANTE,13,"BERNARD, JOMAR",3,9:01,49,29
130885,01/06/2026,DOM,PUR,317,FALTA-RECIBIDA,LOCAL,27,"VALERA, ENMANUEL",3,9:01,49,29
130885,01/06/2026,DOM,PUR,318,TIRO1-FALLADO,LOCAL,27,"VALERA, ENMANUEL",3,9:01,49,29
130885,01/06/2026,DOM,PUR,319,CANASTA-1P,LOCAL,27,"VALERA, ENMANUEL",3,9:01,50,29
130885,01/06/2026,DOM,PUR,320,TIRO3-FALLADO,VISITANTE,14,"RIVERA, JAMES",3,8:53,50,29
130885,01/06/2026,DOM,PUR,321,REBOTE-DEFENSIVO,LOCAL,0,"PEMBERTON, ANTONIO",3,8:48,50,29
130885,01/06/2026,DOM,PUR,322,TIRO2-FALLADO,LOCAL,27,"VALERA, ENMANUEL",3,8:41,50,29
130885,01/06/2026,DOM,PUR,323,REBOTE-OFENSIVO,LOCAL,25,"ROMERO, RODERI",3,8:38,50,29
130885,01/06/2026,DOM,PUR,324,CANASTA-2P,LOCAL,25,"ROMERO, RODERI",3,8:38,52,29
130885,01/06/2026,DOM,PUR,325,CANASTA-2P,VISITANTE,14,"RIVERA, JAMES",3,8:28,52,31
130885,01/06/2026,DOM,PUR,326,CANASTA-3P,LOCAL,10,"MARTINEZ, MARLON",3,8:09,55,31
130885,01/06/2026,DOM,PUR,327,ASISTENCIA,LOCAL,8,"GOMEZ, DEREK",3,8:09,55,31
130885,01/06/2026,DOM,PUR,328,TIRO2-FALLADO,VISITANTE,14,"RIVERA, JAMES",3,7:56,55,31
130885,01/06/2026,DOM,PUR,329,REBOTE-OFENSIVO,VISITANTE,21,"QUINONES, FELIPE",3,7:52,55,31
130885,01/06/2026,DOM,PUR,330,TIRO3-FALLADO,VISITANTE,13,"BERNARD, JOMAR",3,7:51,55,31
130885,01/06/2026,DOM,PUR,331,REBOTE-DEFENSIVO,LOCAL,25,"ROMERO, RODERI",3,7:48,55,31
130885,01/06/2026,DOM,PUR,332,TIRO2-FALLADO,LOCAL,27,"VALERA, ENMANUEL",3,7:35,55,31
130885,01/06/2026,DOM,PUR,333,REBOTE-DEFENSIVO,VISITANTE,15,"NARVAEZ, LENUEL",3,7:30,55,31
130885,01/06/2026,DOM,PUR,334,FALTA-COMETIDA,LOCAL,25,"ROMERO, RODERI",3,7:26,55,31
130885,01/06/2026,DOM,PUR,335,FALTA-RECIBIDA,VISITANTE,14,"RIVERA, JAMES",3,7:26,55,31
130885,01/06/2026,DOM,PUR,336,CAMBIO-JUGADOR-SALE,LOCAL,25,"ROMERO, RODERI",3,7:26,55,31
130885,01/06/2026,DOM,PUR,337,CAMBIO-JUGADOR-ENTRA,LOCAL,24,"MONTERO, RAYNER",3,7:26,55,31
130885,01/06/2026,DOM,PUR,338,CAMBIO-JUGADOR-SALE,VISITANTE,15,"NARVAEZ, LENUEL",3,7:26,55,31
130885,01/06/2026,DOM,PUR,339,CAMBIO-JUGADOR-ENTRA,VISITANTE,12,"SALABERRIOS, DERICK",3,7:26,55,31
130885,01/06/2026,DOM,PUR,340,TIRO1-FALLADO,VISITANTE,14,"RIVERA, JAMES",3,7:26,55,31
130885,01/06/2026,DOM,PUR,341,CANASTA-1P,VISITANTE,14,"RIVERA, JAMES",3,7:26,55,32
130885,01/06/2026,DOM,PUR,342,ASISTENCIA,VISITANTE,21,"QUINONES, FELIPE",3,7:26,55,32
130885,01/06/2026,DOM,PUR,343,CAMBIO-JUGADOR-SALE,VISITANTE,14,"RIVERA, JAMES",3,7:26,55,32
130885,01/06/2026,DOM,PUR,344,CAMBIO-JUGADOR-ENTRA,VISITANTE,20,"RODRIGUEZ, DARELL",3,7:26,55,32
130885,01/06/2026,DOM,PUR,345,CANASTA-2P,LOCAL,0,"PEMBERTON, ANTONIO",3,7:19,57,32
130885,01/06/2026,DOM,PUR,346,FALTA-COMETIDA,LOCAL,8,"GOMEZ, DEREK",3,6:57,57,32
130885,01/06/2026,DOM,PUR,347,FALTA-RECIBIDA,VISITANTE,3,"FUENTES, MYLES",3,6:57,57,32
130885,01/06/2026,DOM,PUR,348,TIRO1-FALLADO,VISITANTE,3,"FUENTES, MYLES",3,6:57,57,32
130885,01/06/2026,DOM,PUR,349,CANASTA-1P,VISITANTE,3,"FUENTES, MYLES",3,6:57,57,33
130885,01/06/2026,DOM,PUR,350,CAMBIO-JUGADOR-SALE,LOCAL,8,"GOMEZ, DEREK",3,6:57,57,33
130885,01/06/2026,DOM,PUR,351,CAMBIO-JUGADOR-ENTRA,LOCAL,7,"PARREÑO, ANGEL",3,6:57,57,33
130885,01/06/2026,DOM,PUR,352,FALTA-COMETIDA,VISITANTE,20,"RODRIGUEZ, DARELL",3,6:50,57,33
130885,01/06/2026,DOM,PUR,353,FALTA-RECIBIDA,LOCAL,24,"MONTERO, RAYNER",3,6:50,57,33
130885,01/06/2026,DOM,PUR,354,CAMBIO-JUGADOR-SALE,VISITANTE,20,"RODRIGUEZ, DARELL",3,6:50,57,33
130885,01/06/2026,DOM,PUR,355,CAMBIO-JUGADOR-ENTRA,VISITANTE,0,"ROSARIO, ANDREW",3,6:50,57,33
130885,01/06/2026,DOM,PUR,356,TIRO1-FALLADO,LOCAL,24,"MONTERO, RAYNER",3,6:50,57,33
130885,01/06/2026,DOM,PUR,357,CANASTA-1P,LOCAL,24,"MONTERO, RAYNER",3,6:50,58,33
130885,01/06/2026,DOM,PUR,358,ASISTENCIA,LOCAL,0,"PEMBERTON, ANTONIO",3,6:50,58,33
130885,01/06/2026,DOM,PUR,359,TIRO2-FALLADO,VISITANTE,12,"SALABERRIOS, DERICK",3,6:39,58,33
130885,01/06/2026,DOM,PUR,360,TAPON-COMETIDO,LOCAL,27,"VALERA, ENMANUEL",3,6:39,58,33
130885,01/06/2026,DOM,PUR,361,REBOTE-OFENSIVO,VISITANTE,21,"QUINONES, FELIPE",3,6:33,58,33
130885,01/06/2026,DOM,PUR,362,TIRO2-FALLADO,VISITANTE,13,"BERNARD, JOMAR",3,6:33,58,33
130885,01/06/2026,DOM,PUR,363,TAPON-COMETIDO,LOCAL,24,"MONTERO, RAYNER",3,6:33,58,33
130885,01/06/2026,DOM,PUR,364,REBOTE-DEFENSIVO,LOCAL,24,"MONTERO, RAYNER",3,6:33,58,33
130885,01/06/2026,DOM,PUR,365,FALTA-COMETIDA,VISITANTE,21,"QUINONES, FELIPE",3,6:33,58,33
130885,01/06/2026,DOM,PUR,366,FALTA-RECIBIDA,LOCAL,24,"MONTERO, RAYNER",3,6:33,58,33
130885,01/06/2026,DOM,PUR,367,FALTA-COMETIDA,VISITANTE,13,"BERNARD, JOMAR",3,6:17,58,33
130885,01/06/2026,DOM,PUR,368,FALTA-RECIBIDA,LOCAL,27,"VALERA, ENMANUEL",3,6:17,58,33
130885,01/06/2026,DOM,PUR,369,CANASTA-1P,LOCAL,27,"VALERA, ENMANUEL",3,6:17,59,33
130885,01/06/2026,DOM,PUR,370,CANASTA-1P,LOCAL,27,"VALERA, ENMANUEL",3,6:17,60,33
130885,01/06/2026,DOM,PUR,371,CANASTA-2P,VISITANTE,12,"SALABERRIOS, DERICK",3,6:17,60,35
130885,01/06/2026,DOM,PUR,372,CAMBIO-JUGADOR-SALE,LOCAL,10,"MARTINEZ, MARLON",3,6:02,60,35
130885,01/06/2026,DOM,PUR,373,CAMBIO-JUGADOR-ENTRA,LOCAL,25,"ROMERO, RODERI",3,6:02,60,35
130885,01/06/2026,DOM,PUR,374,PERDIDA,LOCAL,7,"PARREÑO, ANGEL",3,5:57,60,35
130885,01/06/2026,DOM,PUR,375,RECUPERACION,VISITANTE,13,"BERNARD, JOMAR",3,5:57,60,35
130885,01/06/2026,DOM,PUR,376,FALTA-COMETIDA,LOCAL,24,"MONTERO, RAYNER",3,5:50,60,35
130885,01/06/2026,DOM,PUR,377,FALTA-RECIBIDA,VISITANTE,21,"QUINONES, FELIPE",3,5:50,60,35
130885,01/06/2026,DOM,PUR,378,TIRO1-FALLADO,VISITANTE,21,"QUINONES, FELIPE",3,5:50,60,35
130885,01/06/2026,DOM,PUR,379,CANASTA-1P,VISITANTE,21,"QUINONES, FELIPE",3,5:50,60,36
130885,01/06/2026,DOM,PUR,380,CAMBIO-JUGADOR-SALE,LOCAL,7,"PARREÑO, ANGEL",3,5:50,60,36
130885,01/06/2026,DOM,PUR,381,CAMBIO-JUGADOR-ENTRA,LOCAL,5,"LIZ, JACK",3,5:50,60,36
130885,01/06/2026,DOM,PUR,382,PERDIDA,LOCAL,0,"PEMBERTON, ANTONIO",3,5:46,60,36
130885,01/06/2026,DOM,PUR,383,CANASTA-2P,VISITANTE,13,"BERNARD, JOMAR",3,5:39,60,38
130885,01/06/2026,DOM,PUR,384,CANASTA-3P,LOCAL,27,"VALERA, ENMANUEL",3,5:15,63,38
130885,01/06/2026,DOM,PUR,385,ASISTENCIA,LOCAL,5,"LIZ, JACK",3,5:15,63,38
130885,01/06/2026,DOM,PUR,386,PERDIDA,VISITANTE,21,"QUINONES, FELIPE",3,4:49,63,38
130885,01/06/2026,DOM,PUR,387,RECUPERACION,LOCAL,5,"LIZ, JACK",3,4:49,63,38
130885,01/06/2026,DOM,PUR,388,PERDIDA,LOCAL,5,"LIZ, JACK",3,4:45,63,38
130885,01/06/2026,DOM,PUR,389,RECUPERACION,VISITANTE,0,"ROSARIO, ANDREW",3,4:45,63,38
130885,01/06/2026,DOM,PUR,390,CANASTA-2P,VISITANTE,12,"SALABERRIOS, DERICK",3,4:39,63,40
130885,01/06/2026,DOM,PUR,391,FALTA-COMETIDA,VISITANTE,21,"QUINONES, FELIPE",3,4:30,63,40
130885,01/06/2026,DOM,PUR,392,FALTA-RECIBIDA,LOCAL,25,"ROMERO, RODERI",3,4:30,63,40
130885,01/06/2026,DOM,PUR,393,CAMBIO-JUGADOR-SALE,VISITANTE,3,"FUENTES, MYLES",3,4:30,63,40
130885,01/06/2026,DOM,PUR,394,CAMBIO-JUGADOR-ENTRA,VISITANTE,1,"ROCA, GUSTAVO",3,4:30,63,40
130885,01/06/2026,DOM,PUR,395,CANASTA-1P,LOCAL,25,"ROMERO, RODERI",3,4:30,64,40
130885,01/06/2026,DOM,PUR,396,TIRO1-FALLADO,LOCAL,25,"ROMERO, RODERI",3,4:30,64,40
130885,01/06/2026,DOM,PUR,397,REBOTE-DEFENSIVO,VISITANTE,12,"SALABERRIOS, DERICK",3,4:30,64,40
130885,01/06/2026,DOM,PUR,398,CANASTA-3P,VISITANTE,0,"ROSARIO, ANDREW",3,4:17,64,43
130885,01/06/2026,DOM,PUR,399,ASISTENCIA,VISITANTE,1,"ROCA, GUSTAVO",3,4:17,64,43
130885,01/06/2026,DOM,PUR,400,FALTA-COMETIDA,VISITANTE,13,"BERNARD, JOMAR",3,4:03,64,43
130885,01/06/2026,DOM,PUR,401,FALTA-RECIBIDA,LOCAL,27,"VALERA, ENMANUEL",3,4:03,64,43
130885,01/06/2026,DOM,PUR,402,CAMBIO-JUGADOR-SALE,LOCAL,24,"MONTERO, RAYNER",3,4:03,64,43
130885,01/06/2026,DOM,PUR,403,CAMBIO-JUGADOR-ENTRA,LOCAL,4,"CAMACHO, BRAYAN",3,4:03,64,43
130885,01/06/2026,DOM,PUR,404,CANASTA-1P,LOCAL,27,"VALERA, ENMANUEL",3,4:03,65,43
130885,01/06/2026,DOM,PUR,405,CANASTA-1P,LOCAL,27,"VALERA, ENMANUEL",3,4:03,66,43
130885,01/06/2026,DOM,PUR,406,CANASTA-3P,VISITANTE,0,"ROSARIO, ANDREW",3,3:53,66,46
130885,01/06/2026,DOM,PUR,407,ASISTENCIA,VISITANTE,1,"ROCA, GUSTAVO",3,3:53,66,46
130885,01/06/2026,DOM,PUR,408,TIRO3-FALLADO,LOCAL,0,"PEMBERTON, ANTONIO",3,3:23,66,46
130885,01/06/2026,DOM,PUR,409,REBOTE-OFENSIVO,LOCAL,5,"LIZ, JACK",3,3:20,66,46
130885,01/06/2026,DOM,PUR,410,TIRO2-FALLADO,LOCAL,27,"VALERA, ENMANUEL",3,3:14,66,46
130885,01/06/2026,DOM,PUR,411,TAPON-COMETIDO,VISITANTE,13,"BERNARD, JOMAR",3,3:14,66,46
130885,01/06/2026,DOM,PUR,412,REBOTE-DEFENSIVO,VISITANTE,13,"BERNARD, JOMAR",3,3:10,66,46
130885,01/06/2026,DOM,PUR,413,TIRO3-FALLADO,VISITANTE,1,"ROCA, GUSTAVO",3,3:05,66,46
130885,01/06/2026,DOM,PUR,414,REBOTE-OFENSIVO,VISITANTE,12,"SALABERRIOS, DERICK",3,3:01,66,46
130885,01/06/2026,DOM,PUR,415,CANASTA-2P,VISITANTE,12,"SALABERRIOS, DERICK",3,3:01,66,48
130885,01/06/2026,DOM,PUR,416,TIEMPO-MUERTO-SOLICITADO,LOCAL,,,3,3:01,66,48
130885,01/06/2026,DOM,PUR,417,CAMBIO-JUGADOR-SALE,LOCAL,25,"ROMERO, RODERI",3,3:01,66,48
130885,01/06/2026,DOM,PUR,418,CAMBIO-JUGADOR-ENTRA,LOCAL,24,"MONTERO, RAYNER",3,3:01,66,48
130885,01/06/2026,DOM,PUR,419,TIRO2-FALLADO,LOCAL,5,"LIZ, JACK",3,2:50,66,48
130885,01/06/2026,DOM,PUR,420,REBOTE-OFENSIVO,LOCAL,24,"MONTERO, RAYNER",3,2:47,66,48
130885,01/06/2026,DOM,PUR,421,CANASTA-2P,LOCAL,5,"LIZ, JACK",3,2:44,68,48
130885,01/06/2026,DOM,PUR,422,CANASTA-3P,VISITANTE,0,"ROSARIO, ANDREW",3,2:32,68,51
130885,01/06/2026,DOM,PUR,423,ASISTENCIA,VISITANTE,1,"ROCA, GUSTAVO",3,2:32,68,51
130885,01/06/2026,DOM,PUR,424,FALTA-COMETIDA,VISITANTE,12,"SALABERRIOS, DERICK",3,2:19,68,51
130885,01/06/2026,DOM,PUR,425,FALTA-RECIBIDA,LOCAL,27,"VALERA, ENMANUEL",3,2:19,68,51
130885,01/06/2026,DOM,PUR,426,CANASTA-1P,LOCAL,27,"VALERA, ENMANUEL",3,2:18,69,51
130885,01/06/2026,DOM,PUR,427,TIRO1-FALLADO,LOCAL,27,"VALERA, ENMANUEL",3,2:18,69,51
130885,01/06/2026,DOM,PUR,428,REBOTE-DEFENSIVO,VISITANTE,13,"BERNARD, JOMAR",3,2:18,69,51
130885,01/06/2026,DOM,PUR,429,TIRO2-FALLADO,VISITANTE,1,"ROCA, GUSTAVO",3,2:07,69,51
130885,01/06/2026,DOM,PUR,430,REBOTE-DEFENSIVO,LOCAL,5,"LIZ, JACK",3,2:04,69,51
130885,01/06/2026,DOM,PUR,431,CANASTA-3P,LOCAL,4,"CAMACHO, BRAYAN",3,2:00,72,51
130885,01/06/2026,DOM,PUR,432,ASISTENCIA,LOCAL,0,"PEMBERTON, ANTONIO",3,2:00,72,51
130885,01/06/2026,DOM,PUR,433,CAMBIO-JUGADOR-SALE,VISITANTE,13,"BERNARD, JOMAR",3,1:55,72,51
130885,01/06/2026,DOM,PUR,434,CAMBIO-JUGADOR-SALE,VISITANTE,21,"QUINONES, FELIPE",3,1:55,72,51
130885,01/06/2026,DOM,PUR,435,CAMBIO-JUGADOR-ENTRA,VISITANTE,3,"FUENTES, MYLES",3,1:55,72,51
130885,01/06/2026,DOM,PUR,436,CAMBIO-JUGADOR-ENTRA,VISITANTE,11,"PIZARRO, JESUS",3,1:55,72,51
130885,01/06/2026,DOM,PUR,437,TIRO3-FALLADO,VISITANTE,0,"ROSARIO, ANDREW",3,1:50,72,51
130885,01/06/2026,DOM,PUR,438,REBOTE-DEFENSIVO,LOCAL,27,"VALERA, ENMANUEL",3,1:47,72,51
130885,01/06/2026,DOM,PUR,439,TIRO2-FALLADO,LOCAL,0,"PEMBERTON, ANTONIO",3,1:36,72,51
130885,01/06/2026,DOM,PUR,440,REBOTE-OFENSIVO,LOCAL,24,"MONTERO, RAYNER",3,1:31,72,51
130885,01/06/2026,DOM,PUR,441,CANASTA-2P,LOCAL,24,"MONTERO, RAYNER",3,1:31,74,51
130885,01/06/2026,DOM,PUR,442,PERDIDA,VISITANTE,1,"ROCA, GUSTAVO",3,1:30,74,51
130885,01/06/2026,DOM,PUR,443,RECUPERACION,LOCAL,0,"PEMBERTON, ANTONIO",3,1:30,74,51
130885,01/06/2026,DOM,PUR,444,TIRO2-FALLADO,LOCAL,0,"PEMBERTON, ANTONIO",3,1:25,74,51
130885,01/06/2026,DOM,PUR,445,REBOTE-OFENSIVO,LOCAL,24,"MONTERO, RAYNER",3,1:19,74,51
130885,01/06/2026,DOM,PUR,446,TIRO2-FALLADO,LOCAL,24,"MONTERO, RAYNER",3,1:19,74,51
130885,01/06/2026,DOM,PUR,447,REBOTE-DEFENSIVO,VISITANTE,11,"PIZARRO, JESUS",3,1:18,74,51
130885,01/06/2026,DOM,PUR,448,TIRO2-FALLADO,VISITANTE,0,"ROSARIO, ANDREW",3,1:16,74,51
130885,01/06/2026,DOM,PUR,449,REBOTE-OFENSIVO,VISITANTE,1,"ROCA, GUSTAVO",3,1:12,74,51
130885,01/06/2026,DOM,PUR,450,TIRO2-FALLADO,VISITANTE,1,"ROCA, GUSTAVO",3,1:12,74,51
130885,01/06/2026,DOM,PUR,451,REBOTE-DEFENSIVO,LOCAL,0,"PEMBERTON, ANTONIO",3,1:11,74,51
130885,01/06/2026,DOM,PUR,452,TIRO2-FALLADO,LOCAL,0,"PEMBERTON, ANTONIO",3,1:09,74,51
130885,01/06/2026,DOM,PUR,453,REBOTE-DEFENSIVO,VISITANTE,12,"SALABERRIOS, DERICK",3,1:06,74,51
130885,01/06/2026,DOM,PUR,454,PERDIDA,VISITANTE,12,"SALABERRIOS, DERICK",3,1:05,74,51
130885,01/06/2026,DOM,PUR,455,RECUPERACION,LOCAL,5,"LIZ, JACK",3,1:05,74,51
130885,01/06/2026,DOM,PUR,456,CANASTA-2P,LOCAL,0,"PEMBERTON, ANTONIO",3,1:01,76,51
130885,01/06/2026,DOM,PUR,457,ASISTENCIA,LOCAL,5,"LIZ, JACK",3,1:01,76,51
130885,01/06/2026,DOM,PUR,458,FALTA-COMETIDA,VISITANTE,0,"ROSARIO, ANDREW",3,1:01,76,51
130885,01/06/2026,DOM,PUR,459,FALTA-RECIBIDA,LOCAL,0,"PEMBERTON, ANTONIO",3,1:01,76,51
130885,01/06/2026,DOM,PUR,460,FALTA-COMETIDA,LOCAL,0,"PEMBERTON, ANTONIO",3,1:01,76,51
130885,01/06/2026,DOM,PUR,461,TIRO1-FALLADO,VISITANTE,0,"ROSARIO, ANDREW",3,1:01,76,51
130885,01/06/2026,DOM,PUR,462,CAMBIO-JUGADOR-SALE,VISITANTE,1,"ROCA, GUSTAVO",3,1:01,76,51
130885,01/06/2026,DOM,PUR,463,CAMBIO-JUGADOR-ENTRA,VISITANTE,14,"RIVERA, JAMES",3,1:01,76,51
130885,01/06/2026,DOM,PUR,464,CAMBIO-JUGADOR-SALE,VISITANTE,0,"ROSARIO, ANDREW",3,1:01,76,51
130885,01/06/2026,DOM,PUR,465,CAMBIO-JUGADOR-ENTRA,VISITANTE,15,"NARVAEZ, LENUEL",3,1:01,76,51
130885,01/06/2026,DOM,PUR,466,CANASTA-1P,LOCAL,0,"PEMBERTON, ANTONIO",3,1:01,77,51
130885,01/06/2026,DOM,PUR,467,CAMBIO-JUGADOR-SALE,LOCAL,0,"PEMBERTON, ANTONIO",3,1:01,77,51
130885,01/06/2026,DOM,PUR,468,CAMBIO-JUGADOR-ENTRA,LOCAL,3,"SANTANA, BRAYAN",3,1:01,77,51
130885,01/06/2026,DOM,PUR,469,TIRO2-FALLADO,VISITANTE,14,"RIVERA, JAMES",3,0:47,77,51
130885,01/06/2026,DOM,PUR,470,REBOTE-DEFENSIVO,LOCAL,24,"MONTERO, RAYNER",3,0:44,77,51
130885,01/06/2026,DOM,PUR,471,TIRO3-FALLADO,LOCAL,27,"VALERA, ENMANUEL",3,0:39,77,51
130885,01/06/2026,DOM,PUR,472,REBOTE-DEFENSIVO,VISITANTE,11,"PIZARRO, JESUS",3,0:37,77,51
130885,01/06/2026,DOM,PUR,473,PERDIDA,VISITANTE,3,"FUENTES, MYLES",3,0:26,77,51
130885,01/06/2026,DOM,PUR,474,RECUPERACION,LOCAL,3,"SANTANA, BRAYAN",3,0:26,77,51
130885,01/06/2026,DOM,PUR,475,TIRO2-FALLADO,LOCAL,3,"SANTANA, BRAYAN",3,0:19,77,51
130885,01/06/2026,DOM,PUR,476,REBOTE-DEFENSIVO,VISITANTE,3,"FUENTES, MYLES",3,0:14,77,51
130885,01/06/2026,DOM,PUR,477,TIRO3-FALLADO,VISITANTE,14,"RIVERA, JAMES",3,0:11,77,51
130885,01/06/2026,DOM,PUR,478,REBOTE-OFENSIVO,VISITANTE,3,"FUENTES, MYLES",3,0:08,77,51
130885,01/06/2026,DOM,PUR,479,TIRO3-FALLADO,VISITANTE,12,"SALABERRIOS, DERICK",3,0:05,77,51
130885,01/06/2026,DOM,PUR,480,REBOTE-OFENSIVO,VISITANTE,14,"RIVERA, JAMES",3,0:01,77,51
130885,01/06/2026,DOM,PUR,481,TIRO2-FALLADO,VISITANTE,14,"RIVERA, JAMES",3,0:01,77,51
130885,01/06/2026,DOM,PUR,482,REBOTE-DEFENSIVO,LOCAL,27,"VALERA, ENMANUEL",3,0:01,77,51
130885,01/06/2026,DOM,PUR,483,FINAL-PERIODO,,,,3,0:00,77,51
130885,01/06/2026,DOM,PUR,484,CAMBIO-JUGADOR-SALE,LOCAL,27,"VALERA, ENMANUEL",4,10:00,77,51
130885,01/06/2026,DOM,PUR,485,CAMBIO-JUGADOR-ENTRA,LOCAL,8,"GOMEZ, DEREK",4,10:00,77,51
130885,01/06/2026,DOM,PUR,486,CAMBIO-JUGADOR-SALE,VISITANTE,3,"FUENTES, MYLES",4,10:00,77,51
130885,01/06/2026,DOM,PUR,487,CAMBIO-JUGADOR-SALE,VISITANTE,14,"RIVERA, JAMES",4,10:00,77,51
130885,01/06/2026,DOM,PUR,488,CAMBIO-JUGADOR-SALE,VISITANTE,15,"NARVAEZ, LENUEL",4,10:00,77,51
130885,01/06/2026,DOM,PUR,489,CAMBIO-JUGADOR-ENTRA,VISITANTE,0,"ROSARIO, ANDREW",4,10:00,77,51
130885,01/06/2026,DOM,PUR,490,CAMBIO-JUGADOR-ENTRA,VISITANTE,2,"PAGAN, DEREK",4,10:00,77,51
130885,01/06/2026,DOM,PUR,491,CAMBIO-JUGADOR-ENTRA,VISITANTE,13,"BERNARD, JOMAR",4,10:00,77,51
130885,01/06/2026,DOM,PUR,492,INICIO-PERIODO,,,,4,10:00,77,51
130885,01/06/2026,DOM,PUR,493,FALTA-COMETIDA,LOCAL,8,"GOMEZ, DEREK",4,9:47,77,51
130885,01/06/2026,DOM,PUR,494,FALTA-RECIBIDA,VISITANTE,13,"BERNARD, JOMAR",4,9:47,77,51
130885,01/06/2026,DOM,PUR,495,TIRO2-FALLADO,VISITANTE,13,"BERNARD, JOMAR",4,9:40,77,51
130885,01/06/2026,DOM,PUR,496,REBOTE-DEFENSIVO,LOCAL,5,"LIZ, JACK",4,9:40,77,51
130885,01/06/2026,DOM,PUR,497,PERDIDA,LOCAL,5,"LIZ, JACK",4,9:24,77,51
130885,01/06/2026,DOM,PUR,498,RECUPERACION,VISITANTE,0,"ROSARIO, ANDREW",4,9:24,77,51
130885,01/06/2026,DOM,PUR,499,PERDIDA,VISITANTE,2,"PAGAN, DEREK",4,9:15,77,51
130885,01/06/2026,DOM,PUR,500,RECUPERACION,LOCAL,4,"CAMACHO, BRAYAN",4,9:15,77,51
130885,01/06/2026,DOM,PUR,501,CANASTA-2P,LOCAL,4,"CAMACHO, BRAYAN",4,9:11,79,51
130885,01/06/2026,DOM,PUR,502,TIRO2-FALLADO,VISITANTE,13,"BERNARD, JOMAR",4,8:58,79,51
130885,01/06/2026,DOM,PUR,503,REBOTE-OFENSIVO,VISITANTE,13,"BERNARD, JOMAR",4,8:54,79,51
130885,01/06/2026,DOM,PUR,504,CANASTA-2P,VISITANTE,13,"BERNARD, JOMAR",4,8:54,79,53
130885,01/06/2026,DOM,PUR,505,TIRO3-FALLADO,LOCAL,8,"GOMEZ, DEREK",4,8:46,79,53
130885,01/06/2026,DOM,PUR,506,REBOTE-DEFENSIVO,VISITANTE,0,"ROSARIO, ANDREW",4,8:43,79,53
130885,01/06/2026,DOM,PUR,507,TIRO2-FALLADO,VISITANTE,13,"BERNARD, JOMAR",4,8:36,79,53
130885,01/06/2026,DOM,PUR,508,REBOTE-DEFENSIVO,LOCAL,24,"MONTERO, RAYNER",4,8:33,79,53
130885,01/06/2026,DOM,PUR,509,FALTA-COMETIDA,VISITANTE,0,"ROSARIO, ANDREW",4,8:23,79,53
130885,01/06/2026,DOM,PUR,510,FALTA-RECIBIDA,LOCAL,5,"LIZ, JACK",4,8:23,79,53
130885,01/06/2026,DOM,PUR,511,CAMBIO-JUGADOR-SALE,VISITANTE,12,"SALABERRIOS, DERICK",4,8:23,79,53
130885,01/06/2026,DOM,PUR,512,CAMBIO-JUGADOR-SALE,VISITANTE,13,"BERNARD, JOMAR",4,8:23,79,53
130885,01/06/2026,DOM,PUR,513,CAMBIO-JUGADOR-ENTRA,VISITANTE,1,"ROCA, GUSTAVO",4,8:23,79,53
130885,01/06/2026,DOM,PUR,514,CAMBIO-JUGADOR-ENTRA,VISITANTE,3,"FUENTES, MYLES",4,8:23,79,53
130885,01/06/2026,DOM,PUR,515,TIRO1-FALLADO,LOCAL,5,"LIZ, JACK",4,8:23,79,53
130885,01/06/2026,DOM,PUR,516,TIRO1-FALLADO,LOCAL,5,"LIZ, JACK",4,8:23,79,53
130885,01/06/2026,DOM,PUR,517,REBOTE-DEFENSIVO,VISITANTE,1,"ROCA, GUSTAVO",4,8:23,79,53
130885,01/06/2026,DOM,PUR,518,PERDIDA,VISITANTE,1,"ROCA, GUSTAVO",4,8:22,79,53
130885,01/06/2026,DOM,PUR,519,RECUPERACION,LOCAL,3,"SANTANA, BRAYAN",4,8:22,79,53
130885,01/06/2026,DOM,PUR,520,CAMBIO-JUGADOR-SALE,LOCAL,5,"LIZ, JACK",4,8:22,79,53
130885,01/06/2026,DOM,PUR,521,CAMBIO-JUGADOR-ENTRA,LOCAL,0,"PEMBERTON, ANTONIO",4,8:22,79,53
130885,01/06/2026,DOM,PUR,522,CANASTA-2P,LOCAL,3,"SANTANA, BRAYAN",4,8:21,81,53
130885,01/06/2026,DOM,PUR,523,CANASTA-2P,VISITANTE,2,"PAGAN, DEREK",4,8:08,81,55
130885,01/06/2026,DOM,PUR,524,PERDIDA,LOCAL,0,"PEMBERTON, ANTONIO",4,8:00,81,55
130885,01/06/2026,DOM,PUR,525,CANASTA-3P,VISITANTE,3,"FUENTES, MYLES",4,7:39,81,58
130885,01/06/2026,DOM,PUR,526,ASISTENCIA,VISITANTE,0,"ROSARIO, ANDREW",4,7:39,81,58
130885,01/06/2026,DOM,PUR,527,PERDIDA,LOCAL,8,"GOMEZ, DEREK",4,7:26,81,58
130885,01/06/2026,DOM,PUR,528,RECUPERACION,VISITANTE,11,"PIZARRO, JESUS",4,7:26,81,58
130885,01/06/2026,DOM,PUR,529,TIRO3-FALLADO,VISITANTE,3,"FUENTES, MYLES",4,7:19,81,58
130885,01/06/2026,DOM,PUR,530,REBOTE-OFENSIVO,VISITANTE,,,4,7:19,81,58
130885,01/06/2026,DOM,PUR,531,CAMBIO-JUGADOR-SALE,LOCAL,4,"CAMACHO, BRAYAN",4,7:19,81,58
130885,01/06/2026,DOM,PUR,532,CAMBIO-JUGADOR-SALE,LOCAL,8,"GOMEZ, DEREK",4,7:19,81,58
130885,01/06/2026,DOM,PUR,533,CAMBIO-JUGADOR-ENTRA,LOCAL,25,"ROMERO, RODERI",4,7:19,81,58
130885,01/06/2026,DOM,PUR,534,CAMBIO-JUGADOR-ENTRA,LOCAL,27,"VALERA, ENMANUEL",4,7:19,81,58
130885,01/06/2026,DOM,PUR,535,TIEMPO-MUERTO-SOLICITADO,VISITANTE,,,4,7:15,81,58
130885,01/06/2026,DOM,PUR,536,CAMBIO-JUGADOR-SALE,LOCAL,3,"SANTANA, BRAYAN",4,7:15,81,58
130885,01/06/2026,DOM,PUR,537,CAMBIO-JUGADOR-ENTRA,LOCAL,4,"CAMACHO, BRAYAN",4,7:15,81,58
130885,01/06/2026,DOM,PUR,538,CAMBIO-JUGADOR-SALE,VISITANTE,1,"ROCA, GUSTAVO",4,7:15,81,58
130885,01/06/2026,DOM,PUR,539,CAMBIO-JUGADOR-ENTRA,VISITANTE,15,"NARVAEZ, LENUEL",4,7:15,81,58
130885,01/06/2026,DOM,PUR,540,CANASTA-2P,VISITANTE,15,"NARVAEZ, LENUEL",4,7:14,81,60
130885,01/06/2026,DOM,PUR,541,CANASTA-2P,LOCAL,25,"ROMERO, RODERI",4,7:00,83,60
130885,01/06/2026,DOM,PUR,542,ASISTENCIA,LOCAL,4,"CAMACHO, BRAYAN",4,7:00,83,60
130885,01/06/2026,DOM,PUR,543,TIRO3-FALLADO,VISITANTE,11,"PIZARRO, JESUS",4,6:42,83,60
130885,01/06/2026,DOM,PUR,544,REBOTE-OFENSIVO,VISITANTE,2,"PAGAN, DEREK",4,6:40,83,60
130885,01/06/2026,DOM,PUR,545,TIRO3-FALLADO,VISITANTE,0,"ROSARIO, ANDREW",4,6:37,83,60
130885,01/06/2026,DOM,PUR,546,REBOTE-DEFENSIVO,LOCAL,25,"ROMERO, RODERI",4,6:37,83,60
130885,01/06/2026,DOM,PUR,547,JUMP-BALL,LOCAL,,,4,6:37,83,60
130885,01/06/2026,DOM,PUR,548,CANASTA-3P,LOCAL,0,"PEMBERTON, ANTONIO",4,6:20,86,60
130885,01/06/2026,DOM,PUR,549,TIRO3-FALLADO,VISITANTE,3,"FUENTES, MYLES",4,6:05,86,60
130885,01/06/2026,DOM,PUR,550,REBOTE-OFENSIVO,VISITANTE,3,"FUENTES, MYLES",4,6:02,86,60
130885,01/06/2026,DOM,PUR,551,TIRO3-FALLADO,VISITANTE,2,"PAGAN, DEREK",4,6:00,86,60
130885,01/06/2026,DOM,PUR,552,REBOTE-DEFENSIVO,LOCAL,0,"PEMBERTON, ANTONIO",4,5:54,86,60
130885,01/06/2026,DOM,PUR,553,TIRO3-FALLADO,LOCAL,27,"VALERA, ENMANUEL",4,5:49,86,60
130885,01/06/2026,DOM,PUR,554,REBOTE-DEFENSIVO,VISITANTE,15,"NARVAEZ, LENUEL",4,5:45,86,60
130885,01/06/2026,DOM,PUR,555,CANASTA-2P,VISITANTE,15,"NARVAEZ, LENUEL",4,5:33,86,62
130885,01/06/2026,DOM,PUR,556,ASISTENCIA,VISITANTE,3,"FUENTES, MYLES",4,5:33,86,62
130885,01/06/2026,DOM,PUR,557,FALTA-COMETIDA,LOCAL,0,"PEMBERTON, ANTONIO",4,5:33,86,62
130885,01/06/2026,DOM,PUR,558,FALTA-RECIBIDA,VISITANTE,15,"NARVAEZ, LENUEL",4,5:33,86,62
130885,01/06/2026,DOM,PUR,559,CAMBIO-JUGADOR-SALE,LOCAL,25,"ROMERO, RODERI",4,5:33,86,62
130885,01/06/2026,DOM,PUR,560,CAMBIO-JUGADOR-ENTRA,LOCAL,8,"GOMEZ, DEREK",4,5:33,86,62
130885,01/06/2026,DOM,PUR,561,CAMBIO-JUGADOR-SALE,VISITANTE,3,"FUENTES, MYLES",4,5:33,86,62
130885,01/06/2026,DOM,PUR,562,CAMBIO-JUGADOR-ENTRA,VISITANTE,12,"SALABERRIOS, DERICK",4,5:33,86,62
130885,01/06/2026,DOM,PUR,563,TIRO1-FALLADO,VISITANTE,15,"NARVAEZ, LENUEL",4,5:33,86,62
130885,01/06/2026,DOM,PUR,564,REBOTE-DEFENSIVO,LOCAL,8,"GOMEZ, DEREK",4,5:33,86,62
130885,01/06/2026,DOM,PUR,565,PERDIDA,LOCAL,8,"GOMEZ, DEREK",4,5:29,86,62
130885,01/06/2026,DOM,PUR,566,TIRO2-FALLADO,VISITANTE,2,"PAGAN, DEREK",4,5:11,86,62
130885,01/06/2026,DOM,PUR,567,REBOTE-OFENSIVO,VISITANTE,15,"NARVAEZ, LENUEL",4,5:07,86,62
130885,01/06/2026,DOM,PUR,568,TIRO2-FALLADO,VISITANTE,15,"NARVAEZ, LENUEL",4,5:07,86,62
130885,01/06/2026,DOM,PUR,569,REBOTE-DEFENSIVO,LOCAL,27,"VALERA, ENMANUEL",4,5:06,86,62
130885,01/06/2026,DOM,PUR,570,CANASTA-2P,LOCAL,0,"PEMBERTON, ANTONIO",4,5:05,88,62
130885,01/06/2026,DOM,PUR,571,ASISTENCIA,LOCAL,27,"VALERA, ENMANUEL",4,5:05,88,62
130885,01/06/2026,DOM,PUR,572,FALTA-COMETIDA,VISITANTE,0,"ROSARIO, ANDREW",4,5:05,88,62
130885,01/06/2026,DOM,PUR,573,FALTA-RECIBIDA,LOCAL,0,"PEMBERTON, ANTONIO",4,5:05,88,62
130885,01/06/2026,DOM,PUR,574,CANASTA-1P,LOCAL,0,"PEMBERTON, ANTONIO",4,5:05,89,62
130885,01/06/2026,DOM,PUR,575,TIRO3-FALLADO,VISITANTE,2,"PAGAN, DEREK",4,4:42,89,62
130885,01/06/2026,DOM,PUR,576,REBOTE-OFENSIVO,VISITANTE,12,"SALABERRIOS, DERICK",4,4:38,89,62
130885,01/06/2026,DOM,PUR,577,CANASTA-2P,VISITANTE,12,"SALABERRIOS, DERICK",4,4:37,89,64
130885,01/06/2026,DOM,PUR,578,PERDIDA,LOCAL,0,"PEMBERTON, ANTONIO",4,4:29,89,64
130885,01/06/2026,DOM,PUR,579,RECUPERACION,VISITANTE,12,"SALABERRIOS, DERICK",4,4:29,89,64
130885,01/06/2026,DOM,PUR,580,TIRO2-FALLADO,VISITANTE,0,"ROSARIO, ANDREW",4,4:23,89,64
130885,01/06/2026,DOM,PUR,581,REBOTE-OFENSIVO,VISITANTE,11,"PIZARRO, JESUS",4,4:20,89,64
130885,01/06/2026,DOM,PUR,582,TIRO2-FALLADO,VISITANTE,11,"PIZARRO, JESUS",4,4:18,89,64
130885,01/06/2026,DOM,PUR,583,REBOTE-DEFENSIVO,LOCAL,27,"VALERA, ENMANUEL",4,4:14,89,64
130885,01/06/2026,DOM,PUR,584,TIRO3-FALLADO,LOCAL,0,"PEMBERTON, ANTONIO",4,4:12,89,64
130885,01/06/2026,DOM,PUR,585,REBOTE-OFENSIVO,LOCAL,27,"VALERA, ENMANUEL",4,4:12,89,64
130885,01/06/2026,DOM,PUR,586,FALTA-COMETIDA,VISITANTE,12,"SALABERRIOS, DERICK",4,4:12,89,64
130885,01/06/2026,DOM,PUR,587,FALTA-RECIBIDA,LOCAL,27,"VALERA, ENMANUEL",4,4:12,89,64
130885,01/06/2026,DOM,PUR,588,CAMBIO-JUGADOR-SALE,LOCAL,0,"PEMBERTON, ANTONIO",4,4:12,89,64
130885,01/06/2026,DOM,PUR,589,CAMBIO-JUGADOR-SALE,LOCAL,24,"MONTERO, RAYNER",4,4:12,89,64
130885,01/06/2026,DOM,PUR,590,CAMBIO-JUGADOR-ENTRA,LOCAL,5,"LIZ, JACK",4,4:12,89,64
130885,01/06/2026,DOM,PUR,591,CAMBIO-JUGADOR-ENTRA,LOCAL,12,"VALDEZ, LUIS",4,4:12,89,64
130885,01/06/2026,DOM,PUR,592,CAMBIO-JUGADOR-SALE,VISITANTE,11,"PIZARRO, JESUS",4,4:12,89,64
130885,01/06/2026,DOM,PUR,593,CAMBIO-JUGADOR-ENTRA,VISITANTE,10,"CANDELARIA, DAVEY",4,4:12,89,64
130885,01/06/2026,DOM,PUR,594,CANASTA-1P,LOCAL,27,"VALERA, ENMANUEL",4,4:12,90,64
130885,01/06/2026,DOM,PUR,595,TIRO1-FALLADO,LOCAL,27,"VALERA, ENMANUEL",4,4:12,90,64
130885,01/06/2026,DOM,PUR,596,REBOTE-DEFENSIVO,VISITANTE,10,"CANDELARIA, DAVEY",4,4:12,90,64
130885,01/06/2026,DOM,PUR,597,CAMBIO-JUGADOR-SALE,VISITANTE,10,"CANDELARIA, DAVEY",4,3:54,90,64
130885,01/06/2026,DOM,PUR,598,CAMBIO-JUGADOR-ENTRA,VISITANTE,20,"RODRIGUEZ, DARELL",4,3:54,90,64
130885,01/06/2026,DOM,PUR,599,TIRO2-FALLADO,VISITANTE,20,"RODRIGUEZ, DARELL",4,3:46,90,64
130885,01/06/2026,DOM,PUR,600,REBOTE-DEFENSIVO,LOCAL,27,"VALERA, ENMANUEL",4,3:42,90,64
130885,01/06/2026,DOM,PUR,601,PERDIDA,LOCAL,27,"VALERA, ENMANUEL",4,3:36,90,64
130885,01/06/2026,DOM,PUR,602,RECUPERACION,VISITANTE,0,"ROSARIO, ANDREW",4,3:36,90,64
130885,01/06/2026,DOM,PUR,603,TIRO2-FALLADO,VISITANTE,20,"RODRIGUEZ, DARELL",4,3:23,90,64
130885,01/06/2026,DOM,PUR,604,REBOTE-DEFENSIVO,LOCAL,8,"GOMEZ, DEREK",4,3:20,90,64
130885,01/06/2026,DOM,PUR,605,CAMBIO-JUGADOR-SALE,VISITANTE,12,"SALABERRIOS, DERICK",4,3:19,90,64
130885,01/06/2026,DOM,PUR,606,CAMBIO-JUGADOR-ENTRA,VISITANTE,10,"CANDELARIA, DAVEY",4,3:19,90,64
130885,01/06/2026,DOM,PUR,607,FALTA-COMETIDA,VISITANTE,0,"ROSARIO, ANDREW",4,3:00,90,64
130885,01/06/2026,DOM,PUR,608,FALTA-RECIBIDA,LOCAL,8,"GOMEZ, DEREK",4,3:00,90,64
130885,01/06/2026,DOM,PUR,609,CAMBIO-JUGADOR-SALE,LOCAL,27,"VALERA, ENMANUEL",4,3:00,90,64
130885,01/06/2026,DOM,PUR,610,CAMBIO-JUGADOR-ENTRA,LOCAL,7,"PARREÑO, ANGEL",4,3:00,90,64
130885,01/06/2026,DOM,PUR,611,CAMBIO-JUGADOR-SALE,VISITANTE,15,"NARVAEZ, LENUEL",4,3:00,90,64
130885,01/06/2026,DOM,PUR,612,CAMBIO-JUGADOR-ENTRA,VISITANTE,1,"ROCA, GUSTAVO",4,3:00,90,64
130885,01/06/2026,DOM,PUR,613,CANASTA-1P,LOCAL,8,"GOMEZ, DEREK",4,3:00,91,64
130885,01/06/2026,DOM,PUR,614,CANASTA-1P,LOCAL,8,"GOMEZ, DEREK",4,3:00,92,64
130885,01/06/2026,DOM,PUR,615,TIEMPO-MUERTO-SOLICITADO,VISITANTE,,,4,2:59,92,64
130885,01/06/2026,DOM,PUR,616,CAMBIO-JUGADOR-SALE,LOCAL,4,"CAMACHO, BRAYAN",4,2:59,92,64
130885,01/06/2026,DOM,PUR,617,CAMBIO-JUGADOR-SALE,LOCAL,8,"GOMEZ, DEREK",4,2:59,92,64
130885,01/06/2026,DOM,PUR,618,CAMBIO-JUGADOR-ENTRA,LOCAL,3,"SANTANA, BRAYAN",4,2:59,92,64
130885,01/06/2026,DOM,PUR,619,CAMBIO-JUGADOR-ENTRA,LOCAL,45,"FERNANDEZ , DIEGO",4,2:59,92,64
130885,01/06/2026,DOM,PUR,620,PERDIDA,VISITANTE,10,"CANDELARIA, DAVEY",4,2:44,92,64
130885,01/06/2026,DOM,PUR,621,RECUPERACION,LOCAL,5,"LIZ, JACK",4,2:44,92,64
130885,01/06/2026,DOM,PUR,622,CANASTA-2P,LOCAL,7,"PARREÑO, ANGEL",4,2:39,94,64
130885,01/06/2026,DOM,PUR,623,ASISTENCIA,LOCAL,3,"SANTANA, BRAYAN",4,2:39,94,64
130885,01/06/2026,DOM,PUR,624,CANASTA-2P,VISITANTE,20,"RODRIGUEZ, DARELL",4,2:35,94,66
130885,01/06/2026,DOM,PUR,625,FALTA-COMETIDA,LOCAL,45,"FERNANDEZ , DIEGO",4,2:35,94,66
130885,01/06/2026,DOM,PUR,626,FALTA-RECIBIDA,VISITANTE,20,"RODRIGUEZ, DARELL",4,2:35,94,66
130885,01/06/2026,DOM,PUR,627,TIRO1-FALLADO,VISITANTE,20,"RODRIGUEZ, DARELL",4,2:35,94,66
130885,01/06/2026,DOM,PUR,628,REBOTE-DEFENSIVO,LOCAL,45,"FERNANDEZ , DIEGO",4,2:35,94,66
130885,01/06/2026,DOM,PUR,629,TIRO2-FALLADO,LOCAL,7,"PARREÑO, ANGEL",4,2:26,94,66
130885,01/06/2026,DOM,PUR,630,REBOTE-OFENSIVO,LOCAL,45,"FERNANDEZ , DIEGO",4,2:23,94,66
130885,01/06/2026,DOM,PUR,631,PERDIDA,LOCAL,45,"FERNANDEZ , DIEGO",4,2:22,94,66
130885,01/06/2026,DOM,PUR,632,RECUPERACION,VISITANTE,1,"ROCA, GUSTAVO",4,2:22,94,66
130885,01/06/2026,DOM,PUR,633,FALTA-COMETIDA,LOCAL,12,"VALDEZ, LUIS",4,2:11,94,66
130885,01/06/2026,DOM,PUR,634,FALTA-RECIBIDA,VISITANTE,1,"ROCA, GUSTAVO",4,2:11,94,66
130885,01/06/2026,DOM,PUR,635,TIRO1-FALLADO,VISITANTE,1,"ROCA, GUSTAVO",4,2:11,94,66
130885,01/06/2026,DOM,PUR,636,CANASTA-1P,VISITANTE,1,"ROCA, GUSTAVO",4,2:11,94,67
130885,01/06/2026,DOM,PUR,637,TIRO2-FALLADO,LOCAL,3,"SANTANA, BRAYAN",4,2:03,94,67
130885,01/06/2026,DOM,PUR,638,REBOTE-DEFENSIVO,VISITANTE,2,"PAGAN, DEREK",4,2:00,94,67
130885,01/06/2026,DOM,PUR,639,PERDIDA,VISITANTE,1,"ROCA, GUSTAVO",4,1:58,94,67
130885,01/06/2026,DOM,PUR,640,RECUPERACION,LOCAL,5,"LIZ, JACK",4,1:58,94,67
130885,01/06/2026,DOM,PUR,641,FALTA-COMETIDA,VISITANTE,1,"ROCA, GUSTAVO",4,1:58,94,67
130885,01/06/2026,DOM,PUR,642,FALTA-RECIBIDA,LOCAL,5,"LIZ, JACK",4,1:58,94,67
130885,01/06/2026,DOM,PUR,643,CANASTA-1P,LOCAL,5,"LIZ, JACK",4,1:55,95,67
130885,01/06/2026,DOM,PUR,644,CANASTA-1P,LOCAL,5,"LIZ, JACK",4,1:55,96,67
130885,01/06/2026,DOM,PUR,645,TIRO3-FALLADO,VISITANTE,0,"ROSARIO, ANDREW",4,1:35,96,67
130885,01/06/2026,DOM,PUR,646,REBOTE-OFENSIVO,VISITANTE,1,"ROCA, GUSTAVO",4,1:35,96,67
130885,01/06/2026,DOM,PUR,647,FALTA-COMETIDA,LOCAL,45,"FERNANDEZ , DIEGO",4,1:35,96,67
130885,01/06/2026,DOM,PUR,648,FALTA-RECIBIDA,VISITANTE,1,"ROCA, GUSTAVO",4,1:35,96,67
130885,01/06/2026,DOM,PUR,649,TIRO1-FALLADO,VISITANTE,1,"ROCA, GUSTAVO",4,1:35,96,67
130885,01/06/2026,DOM,PUR,650,TIRO1-FALLADO,VISITANTE,1,"ROCA, GUSTAVO",4,1:35,96,67
130885,01/06/2026,DOM,PUR,651,REBOTE-DEFENSIVO,LOCAL,45,"FERNANDEZ , DIEGO",4,1:35,96,67
130885,01/06/2026,DOM,PUR,652,TIRO3-FALLADO,LOCAL,7,"PARREÑO, ANGEL",4,1:18,96,67
130885,01/06/2026,DOM,PUR,653,REBOTE-DEFENSIVO,VISITANTE,10,"CANDELARIA, DAVEY",4,1:14,96,67
130885,01/06/2026,DOM,PUR,654,TIRO3-FALLADO,VISITANTE,0,"ROSARIO, ANDREW",4,1:07,96,67
130885,01/06/2026,DOM,PUR,655,REBOTE-DEFENSIVO,LOCAL,,,4,1:07,96,67
130885,01/06/2026,DOM,PUR,656,CAMBIO-JUGADOR-SALE,LOCAL,45,"FERNANDEZ , DIEGO",4,0:48,96,67
130885,01/06/2026,DOM,PUR,657,CAMBIO-JUGADOR-ENTRA,LOCAL,24,"MONTERO, RAYNER",4,0:48,96,67
130885,01/06/2026,DOM,PUR,658,TIRO2-FALLADO,LOCAL,12,"VALDEZ, LUIS",4,0:48,96,67
130885,01/06/2026,DOM,PUR,659,TAPON-COMETIDO,VISITANTE,20,"RODRIGUEZ, DARELL",4,0:48,96,67
130885,01/06/2026,DOM,PUR,660,REBOTE-DEFENSIVO,VISITANTE,1,"ROCA, GUSTAVO",4,0:48,96,67
130885,01/06/2026,DOM,PUR,661,CANASTA-2P,VISITANTE,1,"ROCA, GUSTAVO",4,0:48,96,69
130885,01/06/2026,DOM,PUR,662,CANASTA-2P,LOCAL,5,"LIZ, JACK",4,0:30,98,69
130885,01/06/2026,DOM,PUR,663,ASISTENCIA,LOCAL,7,"PARREÑO, ANGEL",4,0:30,98,69
130885,01/06/2026,DOM,PUR,664,TIRO3-FALLADO,VISITANTE,1,"ROCA, GUSTAVO",4,0:20,98,69
130885,01/06/2026,DOM,PUR,665,REBOTE-OFENSIVO,VISITANTE,0,"ROSARIO, ANDREW",4,0:14,98,69
130885,01/06/2026,DOM,PUR,666,CANASTA-2P,VISITANTE,0,"ROSARIO, ANDREW",4,0:13,98,71
130885,01/06/2026,DOM,PUR,667,CANASTA-2P,LOCAL,12,"VALDEZ, LUIS",4,0:09,100,71
130885,01/06/2026,DOM,PUR,668,ASISTENCIA,LOCAL,24,"MONTERO, RAYNER",4,0:09,100,71
130885,01/06/2026,DOM,PUR,669,TIRO3-FALLADO,VISITANTE,1,"ROCA, GUSTAVO",4,0:01,100,71
130885,01/06/2026,DOM,PUR,670,FINAL-PERIODO,,,,4,0:00,100,71
130885,01/06/2026,DOM,PUR,671,FINAL-PARTIDO,,,,4,0:00,100,71
130884,01/06/2026,VEN,CAN,0,INICIO-PARTIDO,,,,1,10:00,0,0
130884,01/06/2026,VEN,CAN,1,INICIO-PERIODO,,,,1,10:00,0,0
130884,01/06/2026,VEN,CAN,2,JUMP-BALL,,,,1,10:00,0,0
130884,01/06/2026,VEN,CAN,3,JUMP-BALL,VISITANTE,15,"MEYER, MAXIME",1,9:58,0,0
130884,01/06/2026,VEN,CAN,4,JUMP-BALL,LOCAL,14,"GUTIERREZ, KEVIN",1,9:58,0,0
130884,01/06/2026,VEN,CAN,5,TIRO2-FALLADO,VISITANTE,15,"MEYER, MAXIME",1,9:48,0,0
130884,01/06/2026,VEN,CAN,6,REBOTE-DEFENSIVO,LOCAL,5,"GOMEZ, BRYAN",1,9:46,0,0
130884,01/06/2026,VEN,CAN,7,CANASTA-2P,LOCAL,14,"GUTIERREZ, KEVIN",1,9:33,2,0
130884,01/06/2026,VEN,CAN,8,CANASTA-2P,VISITANTE,3,"TYNDALE, JAVION",1,9:24,2,2
130884,01/06/2026,VEN,CAN,9,PERDIDA,LOCAL,26,"SOTO, DIEGO",1,9:04,2,2
130884,01/06/2026,VEN,CAN,10,RECUPERACION,VISITANTE,15,"MEYER, MAXIME",1,9:04,2,2
130884,01/06/2026,VEN,CAN,11,CANASTA-2P,VISITANTE,15,"MEYER, MAXIME",1,8:57,2,4
130884,01/06/2026,VEN,CAN,12,ASISTENCIA,VISITANTE,11,"NGOR, DENG",1,8:57,2,4
130884,01/06/2026,VEN,CAN,13,TIRO2-FALLADO,LOCAL,7,"LARA, JOSE",1,8:38,2,4
130884,01/06/2026,VEN,CAN,14,REBOTE-DEFENSIVO,VISITANTE,,,1,8:38,2,4
130884,01/06/2026,VEN,CAN,15,CANASTA-2P,VISITANTE,15,"MEYER, MAXIME",1,8:22,2,6
130884,01/06/2026,VEN,CAN,16,ASISTENCIA,VISITANTE,11,"NGOR, DENG",1,8:22,2,6
130884,01/06/2026,VEN,CAN,17,FALTA-COMETIDA,LOCAL,5,"GOMEZ, BRYAN",1,8:22,2,6
130884,01/06/2026,VEN,CAN,18,FALTA-RECIBIDA,VISITANTE,15,"MEYER, MAXIME",1,8:22,2,6
130884,01/06/2026,VEN,CAN,19,TIRO1-FALLADO,VISITANTE,15,"MEYER, MAXIME",1,8:21,2,6
130884,01/06/2026,VEN,CAN,20,REBOTE-DEFENSIVO,LOCAL,5,"GOMEZ, BRYAN",1,8:19,2,6
130884,01/06/2026,VEN,CAN,21,CANASTA-2P,LOCAL,14,"GUTIERREZ, KEVIN",1,8:00,4,6
130884,01/06/2026,VEN,CAN,22,ASISTENCIA,LOCAL,26,"SOTO, DIEGO",1,8:00,4,6
130884,01/06/2026,VEN,CAN,23,TIRO3-FALLADO,VISITANTE,11,"NGOR, DENG",1,7:48,4,6
130884,01/06/2026,VEN,CAN,24,REBOTE-OFENSIVO,VISITANTE,12,"ILIC, STEFAN",1,7:46,4,6
130884,01/06/2026,VEN,CAN,25,CANASTA-2P,VISITANTE,12,"ILIC, STEFAN",1,7:43,4,8
130884,01/06/2026,VEN,CAN,26,FALTA-COMETIDA,VISITANTE,11,"NGOR, DENG",1,7:27,4,8
130884,01/06/2026,VEN,CAN,27,FALTA-RECIBIDA,LOCAL,5,"GOMEZ, BRYAN",1,7:27,4,8
130884,01/06/2026,VEN,CAN,28,CAMBIO-JUGADOR-SALE,VISITANTE,12,"ILIC, STEFAN",1,7:27,4,8
130884,01/06/2026,VEN,CAN,29,CAMBIO-JUGADOR-ENTRA,VISITANTE,4,"OKOKOH, GODSON",1,7:27,4,8
130884,01/06/2026,VEN,CAN,30,FALTA-COMETIDA,VISITANTE,4,"OKOKOH, GODSON",1,7:19,4,8
130884,01/06/2026,VEN,CAN,31,FALTA-RECIBIDA,LOCAL,26,"SOTO, DIEGO",1,7:19,4,8
130884,01/06/2026,VEN,CAN,32,CAMBIO-JUGADOR-SALE,LOCAL,14,"GUTIERREZ, KEVIN",1,7:19,4,8
130884,01/06/2026,VEN,CAN,33,CAMBIO-JUGADOR-ENTRA,LOCAL,23,"NIÑO, SAMUEL",1,7:19,4,8
130884,01/06/2026,VEN,CAN,34,TIRO2-FALLADO,LOCAL,26,"SOTO, DIEGO",1,7:12,4,8
130884,01/06/2026,VEN,CAN,35,REBOTE-DEFENSIVO,VISITANTE,11,"NGOR, DENG",1,7:09,4,8
130884,01/06/2026,VEN,CAN,36,TIRO2-FALLADO,VISITANTE,21,"ROBINSON, LYRIS",1,7:06,4,8
130884,01/06/2026,VEN,CAN,37,REBOTE-DEFENSIVO,LOCAL,5,"GOMEZ, BRYAN",1,7:03,4,8
130884,01/06/2026,VEN,CAN,38,CAMBIO-JUGADOR-SALE,VISITANTE,21,"ROBINSON, LYRIS",1,7:03,4,8
130884,01/06/2026,VEN,CAN,39,CAMBIO-JUGADOR-ENTRA,VISITANTE,2,"OLAJUWON, ABDUL-MALIK",1,7:03,4,8
130884,01/06/2026,VEN,CAN,40,TIRO2-FALLADO,LOCAL,5,"GOMEZ, BRYAN",1,6:45,4,8
130884,01/06/2026,VEN,CAN,41,TAPON-COMETIDO,VISITANTE,15,"MEYER, MAXIME",1,6:45,4,8
130884,01/06/2026,VEN,CAN,42,REBOTE-DEFENSIVO,VISITANTE,2,"OLAJUWON, ABDUL-MALIK",1,6:41,4,8
130884,01/06/2026,VEN,CAN,43,PERDIDA,VISITANTE,2,"OLAJUWON, ABDUL-MALIK",1,6:38,4,8
130884,01/06/2026,VEN,CAN,44,RECUPERACION,LOCAL,5,"GOMEZ, BRYAN",1,6:38,4,8
130884,01/06/2026,VEN,CAN,45,TIRO2-FALLADO,LOCAL,2,"TORRES, DEIKER",1,6:32,4,8
130884,01/06/2026,VEN,CAN,46,REBOTE-OFENSIVO,LOCAL,7,"LARA, JOSE",1,6:30,4,8
130884,01/06/2026,VEN,CAN,47,CANASTA-2P,LOCAL,7,"LARA, JOSE",1,6:29,6,8
130884,01/06/2026,VEN,CAN,48,PERDIDA,VISITANTE,2,"OLAJUWON, ABDUL-MALIK",1,6:23,6,8
130884,01/06/2026,VEN,CAN,49,RECUPERACION,LOCAL,26,"SOTO, DIEGO",1,6:23,6,8
130884,01/06/2026,VEN,CAN,50,CAMBIO-JUGADOR-SALE,LOCAL,5,"GOMEZ, BRYAN",1,6:23,6,8
130884,01/06/2026,VEN,CAN,51,CAMBIO-JUGADOR-ENTRA,LOCAL,21,"SANCHEZ, YEFERSON",1,6:23,6,8
130884,01/06/2026,VEN,CAN,52,CAMBIO-JUGADOR-SALE,VISITANTE,11,"NGOR, DENG",1,6:23,6,8
130884,01/06/2026,VEN,CAN,53,CAMBIO-JUGADOR-SALE,VISITANTE,15,"MEYER, MAXIME",1,6:23,6,8
130884,01/06/2026,VEN,CAN,54,CAMBIO-JUGADOR-ENTRA,VISITANTE,8,"YAMBAYAMBA, NATHAN",1,6:23,6,8
130884,01/06/2026,VEN,CAN,55,CAMBIO-JUGADOR-ENTRA,VISITANTE,12,"ILIC, STEFAN",1,6:23,6,8
130884,01/06/2026,VEN,CAN,56,TIRO3-FALLADO,LOCAL,26,"SOTO, DIEGO",1,6:04,6,8
130884,01/06/2026,VEN,CAN,57,REBOTE-DEFENSIVO,VISITANTE,12,"ILIC, STEFAN",1,6:01,6,8
130884,01/06/2026,VEN,CAN,58,CANASTA-3P,VISITANTE,8,"YAMBAYAMBA, NATHAN",1,5:50,6,11
130884,01/06/2026,VEN,CAN,59,ASISTENCIA,VISITANTE,3,"TYNDALE, JAVION",1,5:50,6,11
130884,01/06/2026,VEN,CAN,60,CANASTA-2P,LOCAL,21,"SANCHEZ, YEFERSON",1,5:32,8,11
130884,01/06/2026,VEN,CAN,61,ASISTENCIA,LOCAL,23,"NIÑO, SAMUEL",1,5:32,8,11
130884,01/06/2026,VEN,CAN,62,FALTA-COMETIDA,LOCAL,7,"LARA, JOSE",1,5:12,8,11
130884,01/06/2026,VEN,CAN,63,FALTA-RECIBIDA,VISITANTE,4,"OKOKOH, GODSON",1,5:12,8,11
130884,01/06/2026,VEN,CAN,64,CAMBIO-JUGADOR-SALE,LOCAL,2,"TORRES, DEIKER",1,5:12,8,11
130884,01/06/2026,VEN,CAN,65,CAMBIO-JUGADOR-SALE,LOCAL,23,"NIÑO, SAMUEL",1,5:12,8,11
130884,01/06/2026,VEN,CAN,66,CAMBIO-JUGADOR-SALE,LOCAL,26,"SOTO, DIEGO",1,5:12,8,11
130884,01/06/2026,VEN,CAN,67,CAMBIO-JUGADOR-ENTRA,LOCAL,4,"SEGOVIA, RICHARD",1,5:12,8,11
130884,01/06/2026,VEN,CAN,68,CAMBIO-JUGADOR-ENTRA,LOCAL,14,"GUTIERREZ, KEVIN",1,5:12,8,11
130884,01/06/2026,VEN,CAN,69,CAMBIO-JUGADOR-ENTRA,LOCAL,18,"ANILLO, WILLIAMS",1,5:12,8,11
130884,01/06/2026,VEN,CAN,70,CAMBIO-JUGADOR-SALE,VISITANTE,3,"TYNDALE, JAVION",1,5:12,8,11
130884,01/06/2026,VEN,CAN,71,CAMBIO-JUGADOR-ENTRA,VISITANTE,6,"WALTERS, KYMANI",1,5:12,8,11
130884,01/06/2026,VEN,CAN,72,TIRO1-FALLADO,VISITANTE,4,"OKOKOH, GODSON",1,5:12,8,11
130884,01/06/2026,VEN,CAN,73,CANASTA-1P,VISITANTE,4,"OKOKOH, GODSON",1,5:12,8,12
130884,01/06/2026,VEN,CAN,74,CANASTA-3P,LOCAL,7,"LARA, JOSE",1,5:00,11,12
130884,01/06/2026,VEN,CAN,75,ASISTENCIA,LOCAL,21,"SANCHEZ, YEFERSON",1,5:00,11,12
130884,01/06/2026,VEN,CAN,76,PERDIDA,VISITANTE,6,"WALTERS, KYMANI",1,4:37,11,12
130884,01/06/2026,VEN,CAN,77,RECUPERACION,LOCAL,18,"ANILLO, WILLIAMS",1,4:37,11,12
130884,01/06/2026,VEN,CAN,78,TIRO2-FALLADO,LOCAL,18,"ANILLO, WILLIAMS",1,4:32,11,12
130884,01/06/2026,VEN,CAN,79,TAPON-COMETIDO,VISITANTE,2,"OLAJUWON, ABDUL-MALIK",1,4:32,11,12
130884,01/06/2026,VEN,CAN,80,REBOTE-DEFENSIVO,VISITANTE,4,"OKOKOH, GODSON",1,4:27,11,12
130884,01/06/2026,VEN,CAN,81,TIRO3-FALLADO,VISITANTE,2,"OLAJUWON, ABDUL-MALIK",1,4:25,11,12
130884,01/06/2026,VEN,CAN,82,REBOTE-DEFENSIVO,LOCAL,,,1,4:25,11,12
130884,01/06/2026,VEN,CAN,83,CAMBIO-JUGADOR-SALE,LOCAL,7,"LARA, JOSE",1,4:25,11,12
130884,01/06/2026,VEN,CAN,84,CAMBIO-JUGADOR-ENTRA,LOCAL,9,"PERDOMO, JUAN",1,4:25,11,12
130884,01/06/2026,VEN,CAN,85,FALTA-COMETIDA,VISITANTE,6,"WALTERS, KYMANI",1,4:24,11,12
130884,01/06/2026,VEN,CAN,86,FALTA-RECIBIDA,LOCAL,4,"SEGOVIA, RICHARD",1,4:24,11,12
130884,01/06/2026,VEN,CAN,87,CAMBIO-JUGADOR-SALE,VISITANTE,2,"OLAJUWON, ABDUL-MALIK",1,4:24,11,12
130884,01/06/2026,VEN,CAN,88,CAMBIO-JUGADOR-SALE,VISITANTE,4,"OKOKOH, GODSON",1,4:24,11,12
130884,01/06/2026,VEN,CAN,89,CAMBIO-JUGADOR-ENTRA,VISITANTE,5,"YUGU, SETTIMO",1,4:24,11,12
130884,01/06/2026,VEN,CAN,90,CAMBIO-JUGADOR-ENTRA,VISITANTE,22,"VIGNEAULT, MATEO",1,4:24,11,12
130884,01/06/2026,VEN,CAN,91,FALTA-COMETIDA,VISITANTE,6,"WALTERS, KYMANI",1,4:09,11,12
130884,01/06/2026,VEN,CAN,92,FALTA-RECIBIDA,LOCAL,4,"SEGOVIA, RICHARD",1,4:09,11,12
130884,01/06/2026,VEN,CAN,93,CAMBIO-JUGADOR-SALE,VISITANTE,6,"WALTERS, KYMANI",1,4:09,11,12
130884,01/06/2026,VEN,CAN,94,CAMBIO-JUGADOR-ENTRA,VISITANTE,3,"TYNDALE, JAVION",1,4:09,11,12
130884,01/06/2026,VEN,CAN,95,PERDIDA,LOCAL,4,"SEGOVIA, RICHARD",1,4:02,11,12
130884,01/06/2026,VEN,CAN,96,RECUPERACION,VISITANTE,12,"ILIC, STEFAN",1,4:02,11,12
130884,01/06/2026,VEN,CAN,97,FALTA-COMETIDA,LOCAL,9,"PERDOMO, JUAN",1,3:56,11,12
130884,01/06/2026,VEN,CAN,98,FALTA-RECIBIDA,VISITANTE,3,"TYNDALE, JAVION",1,3:56,11,12
130884,01/06/2026,VEN,CAN,99,CANASTA-1P,VISITANTE,3,"TYNDALE, JAVION",1,3:56,11,13
130884,01/06/2026,VEN,CAN,100,CANASTA-1P,VISITANTE,3,"TYNDALE, JAVION",1,3:56,11,14
130884,01/06/2026,VEN,CAN,101,TIRO2-FALLADO,LOCAL,18,"ANILLO, WILLIAMS",1,3:23,11,14
130884,01/06/2026,VEN,CAN,102,REBOTE-DEFENSIVO,VISITANTE,12,"ILIC, STEFAN",1,3:18,11,14
130884,01/06/2026,VEN,CAN,103,CANASTA-2P,VISITANTE,12,"ILIC, STEFAN",1,3:17,11,16
130884,01/06/2026,VEN,CAN,104,ASISTENCIA,VISITANTE,22,"VIGNEAULT, MATEO",1,3:17,11,16
130884,01/06/2026,VEN,CAN,105,TIEMPO-MUERTO-SOLICITADO,LOCAL,,,1,3:11,11,16
130884,01/06/2026,VEN,CAN,106,CAMBIO-JUGADOR-SALE,VISITANTE,3,"TYNDALE, JAVION",1,3:11,11,16
130884,01/06/2026,VEN,CAN,107,CAMBIO-JUGADOR-SALE,VISITANTE,8,"YAMBAYAMBA, NATHAN",1,3:11,11,16
130884,01/06/2026,VEN,CAN,108,CAMBIO-JUGADOR-SALE,VISITANTE,12,"ILIC, STEFAN",1,3:11,11,16
130884,01/06/2026,VEN,CAN,109,CAMBIO-JUGADOR-ENTRA,VISITANTE,11,"NGOR, DENG",1,3:11,11,16
130884,01/06/2026,VEN,CAN,110,CAMBIO-JUGADOR-ENTRA,VISITANTE,15,"MEYER, MAXIME",1,3:11,11,16
130884,01/06/2026,VEN,CAN,111,CAMBIO-JUGADOR-ENTRA,VISITANTE,21,"ROBINSON, LYRIS",1,3:11,11,16
130884,01/06/2026,VEN,CAN,112,TIRO3-FALLADO,LOCAL,4,"SEGOVIA, RICHARD",1,3:01,11,16
130884,01/06/2026,VEN,CAN,113,REBOTE-DEFENSIVO,VISITANTE,11,"NGOR, DENG",1,3:01,11,16
130884,01/06/2026,VEN,CAN,114,FALTA-COMETIDA,LOCAL,9,"PERDOMO, JUAN",1,3:01,11,16
130884,01/06/2026,VEN,CAN,115,FALTA-RECIBIDA,VISITANTE,11,"NGOR, DENG",1,3:01,11,16
130884,01/06/2026,VEN,CAN,116,CAMBIO-JUGADOR-SALE,LOCAL,4,"SEGOVIA, RICHARD",1,3:01,11,16
130884,01/06/2026,VEN,CAN,117,CAMBIO-JUGADOR-SALE,LOCAL,9,"PERDOMO, JUAN",1,3:01,11,16
130884,01/06/2026,VEN,CAN,118,CAMBIO-JUGADOR-ENTRA,LOCAL,2,"TORRES, DEIKER",1,3:01,11,16
130884,01/06/2026,VEN,CAN,119,CAMBIO-JUGADOR-ENTRA,LOCAL,7,"LARA, JOSE",1,3:01,11,16
130884,01/06/2026,VEN,CAN,120,PERDIDA,VISITANTE,5,"YUGU, SETTIMO",1,2:49,11,16
130884,01/06/2026,VEN,CAN,121,RECUPERACION,LOCAL,7,"LARA, JOSE",1,2:49,11,16
130884,01/06/2026,VEN,CAN,122,TIRO2-FALLADO,LOCAL,7,"LARA, JOSE",1,2:31,11,16
130884,01/06/2026,VEN,CAN,123,REBOTE-DEFENSIVO,VISITANTE,15,"MEYER, MAXIME",1,2:29,11,16
130884,01/06/2026,VEN,CAN,124,CANASTA-3P,VISITANTE,21,"ROBINSON, LYRIS",1,2:10,11,19
130884,01/06/2026,VEN,CAN,125,ASISTENCIA,VISITANTE,22,"VIGNEAULT, MATEO",1,2:10,11,19
130884,01/06/2026,VEN,CAN,126,TIRO2-FALLADO,LOCAL,7,"LARA, JOSE",1,1:50,11,19
130884,01/06/2026,VEN,CAN,127,REBOTE-OFENSIVO,LOCAL,18,"ANILLO, WILLIAMS",1,1:46,11,19
130884,01/06/2026,VEN,CAN,128,PERDIDA,LOCAL,2,"TORRES, DEIKER",1,1:40,11,19
130884,01/06/2026,VEN,CAN,129,CAMBIO-JUGADOR-SALE,LOCAL,2,"TORRES, DEIKER",1,1:40,11,19
130884,01/06/2026,VEN,CAN,130,CAMBIO-JUGADOR-SALE,LOCAL,14,"GUTIERREZ, KEVIN",1,1:40,11,19
130884,01/06/2026,VEN,CAN,131,CAMBIO-JUGADOR-ENTRA,LOCAL,23,"NIÑO, SAMUEL",1,1:40,11,19
130884,01/06/2026,VEN,CAN,132,CAMBIO-JUGADOR-ENTRA,LOCAL,30,"BENITEZ, LEONARDO",1,1:40,11,19
130884,01/06/2026,VEN,CAN,133,CAMBIO-JUGADOR-SALE,VISITANTE,22,"VIGNEAULT, MATEO",1,1:40,11,19
130884,01/06/2026,VEN,CAN,134,CAMBIO-JUGADOR-ENTRA,VISITANTE,3,"TYNDALE, JAVION",1,1:40,11,19
130884,01/06/2026,VEN,CAN,135,TIRO3-FALLADO,VISITANTE,3,"TYNDALE, JAVION",1,1:19,11,19
130884,01/06/2026,VEN,CAN,136,REBOTE-OFENSIVO,VISITANTE,11,"NGOR, DENG",1,1:17,11,19
130884,01/06/2026,VEN,CAN,137,TIRO3-FALLADO,VISITANTE,21,"ROBINSON, LYRIS",1,1:13,11,19
130884,01/06/2026,VEN,CAN,138,REBOTE-DEFENSIVO,LOCAL,30,"BENITEZ, LEONARDO",1,1:10,11,19
130884,01/06/2026,VEN,CAN,139,TIRO3-FALLADO,LOCAL,7,"LARA, JOSE",1,0:58,11,19
130884,01/06/2026,VEN,CAN,140,REBOTE-DEFENSIVO,VISITANTE,3,"TYNDALE, JAVION",1,0:55,11,19
130884,01/06/2026,VEN,CAN,141,TIRO2-FALLADO,VISITANTE,21,"ROBINSON, LYRIS",1,0:52,11,19
130884,01/06/2026,VEN,CAN,142,REBOTE-DEFENSIVO,LOCAL,21,"SANCHEZ, YEFERSON",1,0:49,11,19
130884,01/06/2026,VEN,CAN,143,FALTA-COMETIDA,VISITANTE,21,"ROBINSON, LYRIS",1,0:42,11,19
130884,01/06/2026,VEN,CAN,144,FALTA-RECIBIDA,LOCAL,18,"ANILLO, WILLIAMS",1,0:42,11,19
130884,01/06/2026,VEN,CAN,145,CAMBIO-JUGADOR-SALE,LOCAL,21,"SANCHEZ, YEFERSON",1,0:42,11,19
130884,01/06/2026,VEN,CAN,146,CAMBIO-JUGADOR-ENTRA,LOCAL,20,"MONTERO, ISAAC",1,0:42,11,19
130884,01/06/2026,VEN,CAN,147,CANASTA-1P,LOCAL,18,"ANILLO, WILLIAMS",1,0:42,12,19
130884,01/06/2026,VEN,CAN,148,CANASTA-1P,LOCAL,18,"ANILLO, WILLIAMS",1,0:42,13,19
130884,01/06/2026,VEN,CAN,149,CANASTA-2P,VISITANTE,15,"MEYER, MAXIME",1,0:31,13,21
130884,01/06/2026,VEN,CAN,150,ASISTENCIA,VISITANTE,5,"YUGU, SETTIMO",1,0:31,13,21
130884,01/06/2026,VEN,CAN,151,FALTA-COMETIDA,LOCAL,20,"MONTERO, ISAAC",1,0:31,13,21
130884,01/06/2026,VEN,CAN,152,FALTA-RECIBIDA,VISITANTE,15,"MEYER, MAXIME",1,0:31,13,21
130884,01/06/2026,VEN,CAN,153,CANASTA-1P,VISITANTE,15,"MEYER, MAXIME",1,0:31,13,22
130884,01/06/2026,VEN,CAN,154,PERDIDA,LOCAL,30,"BENITEZ, LEONARDO",1,0:23,13,22
130884,01/06/2026,VEN,CAN,155,RECUPERACION,VISITANTE,21,"ROBINSON, LYRIS",1,0:23,13,22
130884,01/06/2026,VEN,CAN,156,FALTA-COMETIDA,LOCAL,30,"BENITEZ, LEONARDO",1,0:20,13,22
130884,01/06/2026,VEN,CAN,157,FALTA-RECIBIDA,VISITANTE,21,"ROBINSON, LYRIS",1,0:20,13,22
130884,01/06/2026,VEN,CAN,158,CAMBIO-JUGADOR-SALE,LOCAL,20,"MONTERO, ISAAC",1,0:20,13,22
130884,01/06/2026,VEN,CAN,159,CAMBIO-JUGADOR-SALE,LOCAL,30,"BENITEZ, LEONARDO",1,0:20,13,22
130884,01/06/2026,VEN,CAN,160,CAMBIO-JUGADOR-ENTRA,LOCAL,2,"TORRES, DEIKER",1,0:20,13,22
130884,01/06/2026,VEN,CAN,161,CAMBIO-JUGADOR-ENTRA,LOCAL,14,"GUTIERREZ, KEVIN",1,0:20,13,22
130884,01/06/2026,VEN,CAN,162,TIRO1-FALLADO,VISITANTE,21,"ROBINSON, LYRIS",1,0:20,13,22
130884,01/06/2026,VEN,CAN,163,TIRO1-FALLADO,VISITANTE,21,"ROBINSON, LYRIS",1,0:20,13,22
130884,01/06/2026,VEN,CAN,164,REBOTE-DEFENSIVO,LOCAL,14,"GUTIERREZ, KEVIN",1,0:19,13,22
130884,01/06/2026,VEN,CAN,165,CAMBIO-JUGADOR-SALE,VISITANTE,21,"ROBINSON, LYRIS",1,0:11,13,22
130884,01/06/2026,VEN,CAN,166,CAMBIO-JUGADOR-ENTRA,VISITANTE,8,"YAMBAYAMBA, NATHAN",1,0:11,13,22
130884,01/06/2026,VEN,CAN,167,CAMBIO-JUGADOR-SALE,LOCAL,18,"ANILLO, WILLIAMS",1,0:11,13,22
130884,01/06/2026,VEN,CAN,168,CAMBIO-JUGADOR-ENTRA,LOCAL,9,"PERDOMO, JUAN",1,0:11,13,22
130884,01/06/2026,VEN,CAN,169,TIRO3-FALLADO,LOCAL,7,"LARA, JOSE",1,0:04,13,22
130884,01/06/2026,VEN,CAN,170,REBOTE-DEFENSIVO,VISITANTE,15,"MEYER, MAXIME",1,0:02,13,22
130884,01/06/2026,VEN,CAN,171,PERDIDA,VISITANTE,15,"MEYER, MAXIME",1,0:00,13,22
130884,01/06/2026,VEN,CAN,172,RECUPERACION,LOCAL,23,"NIÑO, SAMUEL",1,0:00,13,22
130884,01/06/2026,VEN,CAN,173,FINAL-PERIODO,,,,1,0:00,13,22
130884,01/06/2026,VEN,CAN,174,CAMBIO-JUGADOR-SALE,VISITANTE,5,"YUGU, SETTIMO",2,10:00,13,22
130884,01/06/2026,VEN,CAN,175,CAMBIO-JUGADOR-SALE,VISITANTE,11,"NGOR, DENG",2,10:00,13,22
130884,01/06/2026,VEN,CAN,176,CAMBIO-JUGADOR-SALE,VISITANTE,15,"MEYER, MAXIME",2,10:00,13,22
130884,01/06/2026,VEN,CAN,177,CAMBIO-JUGADOR-ENTRA,VISITANTE,2,"OLAJUWON, ABDUL-MALIK",2,10:00,13,22
130884,01/06/2026,VEN,CAN,178,CAMBIO-JUGADOR-ENTRA,VISITANTE,4,"OKOKOH, GODSON",2,10:00,13,22
130884,01/06/2026,VEN,CAN,179,CAMBIO-JUGADOR-ENTRA,VISITANTE,12,"ILIC, STEFAN",2,10:00,13,22
130884,01/06/2026,VEN,CAN,180,INICIO-PERIODO,,,,2,10:00,13,22
130884,01/06/2026,VEN,CAN,181,CANASTA-2P,LOCAL,7,"LARA, JOSE",2,9:48,15,22
130884,01/06/2026,VEN,CAN,182,ASISTENCIA,LOCAL,2,"TORRES, DEIKER",2,9:48,15,22
130884,01/06/2026,VEN,CAN,183,TIRO2-FALLADO,VISITANTE,3,"TYNDALE, JAVION",2,9:29,15,22
130884,01/06/2026,VEN,CAN,184,REBOTE-DEFENSIVO,LOCAL,,,2,9:28,15,22
130884,01/06/2026,VEN,CAN,185,TIRO2-FALLADO,LOCAL,14,"GUTIERREZ, KEVIN",2,9:10,15,22
130884,01/06/2026,VEN,CAN,186,REBOTE-OFENSIVO,LOCAL,9,"PERDOMO, JUAN",2,9:08,15,22
130884,01/06/2026,VEN,CAN,187,CANASTA-3P,LOCAL,9,"PERDOMO, JUAN",2,8:55,18,22
130884,01/06/2026,VEN,CAN,188,ASISTENCIA,LOCAL,2,"TORRES, DEIKER",2,8:55,18,22
130884,01/06/2026,VEN,CAN,189,TIRO3-FALLADO,VISITANTE,4,"OKOKOH, GODSON",2,8:35,18,22
130884,01/06/2026,VEN,CAN,190,REBOTE-DEFENSIVO,LOCAL,7,"LARA, JOSE",2,8:32,18,22
130884,01/06/2026,VEN,CAN,191,TIRO2-FALLADO,LOCAL,9,"PERDOMO, JUAN",2,8:20,18,22
130884,01/06/2026,VEN,CAN,192,REBOTE-OFENSIVO,LOCAL,23,"NIÑO, SAMUEL",2,8:18,18,22
130884,01/06/2026,VEN,CAN,193,CANASTA-2P,LOCAL,23,"NIÑO, SAMUEL",2,8:18,20,22
130884,01/06/2026,VEN,CAN,194,TIEMPO-MUERTO-SOLICITADO,VISITANTE,,,2,8:18,20,22
130884,01/06/2026,VEN,CAN,195,CAMBIO-JUGADOR-SALE,LOCAL,9,"PERDOMO, JUAN",2,8:18,20,22
130884,01/06/2026,VEN,CAN,196,CAMBIO-JUGADOR-ENTRA,LOCAL,18,"ANILLO, WILLIAMS",2,8:18,20,22
130884,01/06/2026,VEN,CAN,197,CAMBIO-JUGADOR-SALE,VISITANTE,2,"OLAJUWON, ABDUL-MALIK",2,8:18,20,22
130884,01/06/2026,VEN,CAN,198,CAMBIO-JUGADOR-ENTRA,VISITANTE,24,"OKO-OBOH, EMMANUEL",2,8:18,20,22
130884,01/06/2026,VEN,CAN,199,TIRO3-FALLADO,VISITANTE,3,"TYNDALE, JAVION",2,7:53,20,22
130884,01/06/2026,VEN,CAN,200,REBOTE-DEFENSIVO,LOCAL,18,"ANILLO, WILLIAMS",2,7:51,20,22
130884,01/06/2026,VEN,CAN,201,FALTA-COMETIDA,VISITANTE,4,"OKOKOH, GODSON",2,7:51,20,22
130884,01/06/2026,VEN,CAN,202,FALTA-RECIBIDA,LOCAL,18,"ANILLO, WILLIAMS",2,7:51,20,22
130884,01/06/2026,VEN,CAN,203,CAMBIO-JUGADOR-SALE,VISITANTE,12,"ILIC, STEFAN",2,7:51,20,22
130884,01/06/2026,VEN,CAN,204,CAMBIO-JUGADOR-ENTRA,VISITANTE,21,"ROBINSON, LYRIS",2,7:51,20,22
130884,01/06/2026,VEN,CAN,205,TIRO3-FALLADO,LOCAL,18,"ANILLO, WILLIAMS",2,7:31,20,22
130884,01/06/2026,VEN,CAN,206,REBOTE-DEFENSIVO,VISITANTE,24,"OKO-OBOH, EMMANUEL",2,7:29,20,22
130884,01/06/2026,VEN,CAN,207,CANASTA-2P,VISITANTE,21,"ROBINSON, LYRIS",2,7:12,20,24
130884,01/06/2026,VEN,CAN,208,TIRO3-FALLADO,LOCAL,14,"GUTIERREZ, KEVIN",2,6:52,20,24
130884,01/06/2026,VEN,CAN,209,REBOTE-DEFENSIVO,VISITANTE,3,"TYNDALE, JAVION",2,6:50,20,24
130884,01/06/2026,VEN,CAN,210,CANASTA-2P,VISITANTE,3,"TYNDALE, JAVION",2,6:44,20,26
130884,01/06/2026,VEN,CAN,211,FALTA-COMETIDA,LOCAL,18,"ANILLO, WILLIAMS",2,6:44,20,26
130884,01/06/2026,VEN,CAN,212,FALTA-RECIBIDA,VISITANTE,3,"TYNDALE, JAVION",2,6:44,20,26
130884,01/06/2026,VEN,CAN,213,CAMBIO-JUGADOR-SALE,LOCAL,2,"TORRES, DEIKER",2,6:44,20,26
130884,01/06/2026,VEN,CAN,214,CAMBIO-JUGADOR-SALE,LOCAL,7,"LARA, JOSE",2,6:44,20,26
130884,01/06/2026,VEN,CAN,215,CAMBIO-JUGADOR-ENTRA,LOCAL,4,"SEGOVIA, RICHARD",2,6:44,20,26
130884,01/06/2026,VEN,CAN,216,CAMBIO-JUGADOR-ENTRA,LOCAL,9,"PERDOMO, JUAN",2,6:44,20,26
130884,01/06/2026,VEN,CAN,217,CAMBIO-JUGADOR-SALE,VISITANTE,4,"OKOKOH, GODSON",2,6:44,20,26
130884,01/06/2026,VEN,CAN,218,CAMBIO-JUGADOR-ENTRA,VISITANTE,5,"YUGU, SETTIMO",2,6:44,20,26
130884,01/06/2026,VEN,CAN,219,CANASTA-1P,VISITANTE,3,"TYNDALE, JAVION",2,6:44,20,27
130884,01/06/2026,VEN,CAN,220,CAMBIO-JUGADOR-SALE,VISITANTE,3,"TYNDALE, JAVION",2,6:44,20,27
130884,01/06/2026,VEN,CAN,221,CAMBIO-JUGADOR-ENTRA,VISITANTE,22,"VIGNEAULT, MATEO",2,6:44,20,27
130884,01/06/2026,VEN,CAN,222,TIRO2-FALLADO,LOCAL,4,"SEGOVIA, RICHARD",2,6:23,20,27
130884,01/06/2026,VEN,CAN,223,REBOTE-OFENSIVO,LOCAL,14,"GUTIERREZ, KEVIN",2,6:19,20,27
130884,01/06/2026,VEN,CAN,224,FALTA-COMETIDA,VISITANTE,5,"YUGU, SETTIMO",2,6:16,20,27
130884,01/06/2026,VEN,CAN,225,FALTA-RECIBIDA,LOCAL,23,"NIÑO, SAMUEL",2,6:16,20,27
130884,01/06/2026,VEN,CAN,226,CANASTA-1P,LOCAL,23,"NIÑO, SAMUEL",2,6:16,21,27
130884,01/06/2026,VEN,CAN,227,ASISTENCIA,LOCAL,14,"GUTIERREZ, KEVIN",2,6:16,21,27
130884,01/06/2026,VEN,CAN,228,CANASTA-1P,LOCAL,23,"NIÑO, SAMUEL",2,6:16,22,27
130884,01/06/2026,VEN,CAN,229,CANASTA-2P,VISITANTE,8,"YAMBAYAMBA, NATHAN",2,5:57,22,29
130884,01/06/2026,VEN,CAN,230,TIRO2-FALLADO,LOCAL,23,"NIÑO, SAMUEL",2,5:34,22,29
130884,01/06/2026,VEN,CAN,231,REBOTE-DEFENSIVO,VISITANTE,24,"OKO-OBOH, EMMANUEL",2,5:32,22,29
130884,01/06/2026,VEN,CAN,232,CAMBIO-JUGADOR-SALE,LOCAL,23,"NIÑO, SAMUEL",2,5:26,22,29
130884,01/06/2026,VEN,CAN,233,CAMBIO-JUGADOR-ENTRA,LOCAL,5,"GOMEZ, BRYAN",2,5:26,22,29
130884,01/06/2026,VEN,CAN,234,CAMBIO-JUGADOR-SALE,VISITANTE,24,"OKO-OBOH, EMMANUEL",2,5:26,22,29
130884,01/06/2026,VEN,CAN,235,CAMBIO-JUGADOR-ENTRA,VISITANTE,15,"MEYER, MAXIME",2,5:26,22,29
130884,01/06/2026,VEN,CAN,236,FALTA-COMETIDA,LOCAL,5,"GOMEZ, BRYAN",2,5:22,22,29
130884,01/06/2026,VEN,CAN,237,FALTA-RECIBIDA,VISITANTE,15,"MEYER, MAXIME",2,5:22,22,29
130884,01/06/2026,VEN,CAN,238,CANASTA-2P,VISITANTE,15,"MEYER, MAXIME",2,5:16,22,31
130884,01/06/2026,VEN,CAN,239,TIRO2-FALLADO,LOCAL,18,"ANILLO, WILLIAMS",2,4:53,22,31
130884,01/06/2026,VEN,CAN,240,REBOTE-DEFENSIVO,VISITANTE,15,"MEYER, MAXIME",2,4:50,22,31
130884,01/06/2026,VEN,CAN,241,FALTA-COMETIDA,LOCAL,4,"SEGOVIA, RICHARD",2,4:48,22,31
130884,01/06/2026,VEN,CAN,242,FALTA-RECIBIDA,VISITANTE,5,"YUGU, SETTIMO",2,4:48,22,31
130884,01/06/2026,VEN,CAN,243,CAMBIO-JUGADOR-SALE,LOCAL,4,"SEGOVIA, RICHARD",2,4:48,22,31
130884,01/06/2026,VEN,CAN,244,CAMBIO-JUGADOR-ENTRA,LOCAL,2,"TORRES, DEIKER",2,4:48,22,31
130884,01/06/2026,VEN,CAN,245,CAMBIO-JUGADOR-SALE,VISITANTE,21,"ROBINSON, LYRIS",2,4:48,22,31
130884,01/06/2026,VEN,CAN,246,CAMBIO-JUGADOR-ENTRA,VISITANTE,11,"NGOR, DENG",2,4:48,22,31
130884,01/06/2026,VEN,CAN,247,TIRO1-FALLADO,VISITANTE,5,"YUGU, SETTIMO",2,4:48,22,31
130884,01/06/2026,VEN,CAN,248,CANASTA-1P,VISITANTE,5,"YUGU, SETTIMO",2,4:48,22,32
130884,01/06/2026,VEN,CAN,249,ASISTENCIA,VISITANTE,15,"MEYER, MAXIME",2,4:48,22,32
130884,01/06/2026,VEN,CAN,250,FALTA-COMETIDA,VISITANTE,15,"MEYER, MAXIME",2,4:37,22,32
130884,01/06/2026,VEN,CAN,251,FALTA-RECIBIDA,LOCAL,5,"GOMEZ, BRYAN",2,4:37,22,32
130884,01/06/2026,VEN,CAN,252,CANASTA-1P,LOCAL,5,"GOMEZ, BRYAN",2,4:37,23,32
130884,01/06/2026,VEN,CAN,253,ASISTENCIA,LOCAL,14,"GUTIERREZ, KEVIN",2,4:37,23,32
130884,01/06/2026,VEN,CAN,254,CANASTA-1P,LOCAL,5,"GOMEZ, BRYAN",2,4:37,24,32
130884,01/06/2026,VEN,CAN,255,PERDIDA,VISITANTE,8,"YAMBAYAMBA, NATHAN",2,4:30,24,32
130884,01/06/2026,VEN,CAN,256,RECUPERACION,LOCAL,9,"PERDOMO, JUAN",2,4:30,24,32
130884,01/06/2026,VEN,CAN,257,CANASTA-3P,LOCAL,14,"GUTIERREZ, KEVIN",2,4:22,27,32
130884,01/06/2026,VEN,CAN,258,ASISTENCIA,LOCAL,9,"PERDOMO, JUAN",2,4:22,27,32
130884,01/06/2026,VEN,CAN,259,TIEMPO-MUERTO-SOLICITADO,VISITANTE,,,2,4:19,27,32
130884,01/06/2026,VEN,CAN,260,CAMBIO-JUGADOR-SALE,VISITANTE,8,"YAMBAYAMBA, NATHAN",2,4:19,27,32
130884,01/06/2026,VEN,CAN,261,CAMBIO-JUGADOR-ENTRA,VISITANTE,3,"TYNDALE, JAVION",2,4:19,27,32
130884,01/06/2026,VEN,CAN,262,TIRO3-FALLADO,VISITANTE,3,"TYNDALE, JAVION",2,4:03,27,32
130884,01/06/2026,VEN,CAN,263,REBOTE-OFENSIVO,VISITANTE,22,"VIGNEAULT, MATEO",2,4:00,27,32
130884,01/06/2026,VEN,CAN,264,TIRO2-FALLADO,VISITANTE,15,"MEYER, MAXIME",2,3:48,27,32
130884,01/06/2026,VEN,CAN,265,REBOTE-DEFENSIVO,LOCAL,5,"GOMEZ, BRYAN",2,3:47,27,32
130884,01/06/2026,VEN,CAN,266,FALTA-COMETIDA,VISITANTE,5,"YUGU, SETTIMO",2,3:46,27,32
130884,01/06/2026,VEN,CAN,267,FALTA-RECIBIDA,LOCAL,5,"GOMEZ, BRYAN",2,3:46,27,32
130884,01/06/2026,VEN,CAN,268,FALTA-COMETIDA,VISITANTE,5,"YUGU, SETTIMO",2,3:33,27,32
130884,01/06/2026,VEN,CAN,269,FALTA-RECIBIDA,LOCAL,5,"GOMEZ, BRYAN",2,3:33,27,32
130884,01/06/2026,VEN,CAN,270,CAMBIO-JUGADOR-SALE,VISITANTE,5,"YUGU, SETTIMO",2,3:33,27,32
130884,01/06/2026,VEN,CAN,271,CAMBIO-JUGADOR-SALE,VISITANTE,22,"VIGNEAULT, MATEO",2,3:33,27,32
130884,01/06/2026,VEN,CAN,272,CAMBIO-JUGADOR-ENTRA,VISITANTE,12,"ILIC, STEFAN",2,3:33,27,32
130884,01/06/2026,VEN,CAN,273,CAMBIO-JUGADOR-ENTRA,VISITANTE,21,"ROBINSON, LYRIS",2,3:33,27,32
130884,01/06/2026,VEN,CAN,274,TIRO1-FALLADO,LOCAL,5,"GOMEZ, BRYAN",2,3:33,27,32
130884,01/06/2026,VEN,CAN,275,TIRO1-FALLADO,LOCAL,5,"GOMEZ, BRYAN",2,3:33,27,32
130884,01/06/2026,VEN,CAN,276,REBOTE-DEFENSIVO,VISITANTE,12,"ILIC, STEFAN",2,3:32,27,32
130884,01/06/2026,VEN,CAN,277,CANASTA-3P,VISITANTE,21,"ROBINSON, LYRIS",2,3:22,27,35
130884,01/06/2026,VEN,CAN,278,ASISTENCIA,VISITANTE,3,"TYNDALE, JAVION",2,3:22,27,35
130884,01/06/2026,VEN,CAN,279,CANASTA-3P,LOCAL,2,"TORRES, DEIKER",2,3:05,30,35
130884,01/06/2026,VEN,CAN,280,ASISTENCIA,LOCAL,14,"GUTIERREZ, KEVIN",2,3:05,30,35
130884,01/06/2026,VEN,CAN,281,FALTA-COMETIDA,LOCAL,2,"TORRES, DEIKER",2,2:57,30,35
130884,01/06/2026,VEN,CAN,282,FALTA-RECIBIDA,VISITANTE,21,"ROBINSON, LYRIS",2,2:57,30,35
130884,01/06/2026,VEN,CAN,283,FALTA-COMETIDA,LOCAL,14,"GUTIERREZ, KEVIN",2,2:51,30,35
130884,01/06/2026,VEN,CAN,284,FALTA-RECIBIDA,VISITANTE,12,"ILIC, STEFAN",2,2:51,30,35
130884,01/06/2026,VEN,CAN,285,CANASTA-1P,VISITANTE,12,"ILIC, STEFAN",2,2:51,30,36
130884,01/06/2026,VEN,CAN,286,ASISTENCIA,VISITANTE,15,"MEYER, MAXIME",2,2:51,30,36
130884,01/06/2026,VEN,CAN,287,CANASTA-1P,VISITANTE,12,"ILIC, STEFAN",2,2:51,30,37
130884,01/06/2026,VEN,CAN,288,TIRO2-FALLADO,LOCAL,14,"GUTIERREZ, KEVIN",2,2:40,30,37
130884,01/06/2026,VEN,CAN,289,TAPON-COMETIDO,VISITANTE,12,"ILIC, STEFAN",2,2:40,30,37
130884,01/06/2026,VEN,CAN,290,REBOTE-OFENSIVO,LOCAL,5,"GOMEZ, BRYAN",2,2:36,30,37
130884,01/06/2026,VEN,CAN,291,TIRO2-FALLADO,LOCAL,9,"PERDOMO, JUAN",2,2:32,30,37
130884,01/06/2026,VEN,CAN,292,REBOTE-DEFENSIVO,VISITANTE,11,"NGOR, DENG",2,2:29,30,37
130884,01/06/2026,VEN,CAN,293,FALTA-COMETIDA,LOCAL,5,"GOMEZ, BRYAN",2,2:24,30,37
130884,01/06/2026,VEN,CAN,294,FALTA-RECIBIDA,VISITANTE,11,"NGOR, DENG",2,2:24,30,37
130884,01/06/2026,VEN,CAN,295,CAMBIO-JUGADOR-SALE,LOCAL,5,"GOMEZ, BRYAN",2,2:24,30,37
130884,01/06/2026,VEN,CAN,296,CAMBIO-JUGADOR-SALE,LOCAL,14,"GUTIERREZ, KEVIN",2,2:24,30,37
130884,01/06/2026,VEN,CAN,297,CAMBIO-JUGADOR-ENTRA,LOCAL,21,"SANCHEZ, YEFERSON",2,2:24,30,37
130884,01/06/2026,VEN,CAN,298,CAMBIO-JUGADOR-ENTRA,LOCAL,23,"NIÑO, SAMUEL",2,2:24,30,37
130884,01/06/2026,VEN,CAN,299,CAMBIO-JUGADOR-SALE,LOCAL,18,"ANILLO, WILLIAMS",2,2:24,30,37
130884,01/06/2026,VEN,CAN,300,CAMBIO-JUGADOR-ENTRA,LOCAL,26,"SOTO, DIEGO",2,2:24,30,37
130884,01/06/2026,VEN,CAN,301,TIRO1-FALLADO,VISITANTE,11,"NGOR, DENG",2,2:24,30,37
130884,01/06/2026,VEN,CAN,302,CANASTA-1P,VISITANTE,11,"NGOR, DENG",2,2:24,30,38
130884,01/06/2026,VEN,CAN,303,TIEMPO-MUERTO-SOLICITADO,LOCAL,,,2,2:24,30,38
130884,01/06/2026,VEN,CAN,304,PERDIDA,LOCAL,26,"SOTO, DIEGO",2,2:15,30,38
130884,01/06/2026,VEN,CAN,305,CAMBIO-JUGADOR-SALE,LOCAL,26,"SOTO, DIEGO",2,2:15,30,38
130884,01/06/2026,VEN,CAN,306,CAMBIO-JUGADOR-ENTRA,LOCAL,7,"LARA, JOSE",2,2:15,30,38
130884,01/06/2026,VEN,CAN,307,CANASTA-2P,VISITANTE,15,"MEYER, MAXIME",2,2:08,30,40
130884,01/06/2026,VEN,CAN,308,ASISTENCIA,VISITANTE,3,"TYNDALE, JAVION",2,2:08,30,40
130884,01/06/2026,VEN,CAN,309,TIRO3-FALLADO,LOCAL,7,"LARA, JOSE",2,1:49,30,40
130884,01/06/2026,VEN,CAN,310,REBOTE-OFENSIVO,LOCAL,,,2,1:48,30,40
130884,01/06/2026,VEN,CAN,311,PERDIDA,LOCAL,21,"SANCHEZ, YEFERSON",2,1:46,30,40
130884,01/06/2026,VEN,CAN,312,RECUPERACION,VISITANTE,3,"TYNDALE, JAVION",2,1:46,30,40
130884,01/06/2026,VEN,CAN,313,CANASTA-2P,VISITANTE,3,"TYNDALE, JAVION",2,1:42,30,42
130884,01/06/2026,VEN,CAN,314,TIRO2-FALLADO,LOCAL,23,"NIÑO, SAMUEL",2,1:23,30,42
130884,01/06/2026,VEN,CAN,315,REBOTE-OFENSIVO,LOCAL,,,2,1:22,30,42
130884,01/06/2026,VEN,CAN,316,FALTA-COMETIDA,VISITANTE,15,"MEYER, MAXIME",2,1:22,30,42
130884,01/06/2026,VEN,CAN,317,FALTA-RECIBIDA,LOCAL,23,"NIÑO, SAMUEL",2,1:22,30,42
130884,01/06/2026,VEN,CAN,318,CAMBIO-JUGADOR-SALE,LOCAL,21,"SANCHEZ, YEFERSON",2,1:22,30,42
130884,01/06/2026,VEN,CAN,319,CAMBIO-JUGADOR-ENTRA,LOCAL,20,"MONTERO, ISAAC",2,1:22,30,42
130884,01/06/2026,VEN,CAN,320,CAMBIO-JUGADOR-SALE,VISITANTE,15,"MEYER, MAXIME",2,1:22,30,42
130884,01/06/2026,VEN,CAN,321,CAMBIO-JUGADOR-ENTRA,VISITANTE,8,"YAMBAYAMBA, NATHAN",2,1:22,30,42
130884,01/06/2026,VEN,CAN,322,CANASTA-1P,LOCAL,23,"NIÑO, SAMUEL",2,1:22,31,42
130884,01/06/2026,VEN,CAN,323,TIRO1-FALLADO,LOCAL,23,"NIÑO, SAMUEL",2,1:22,31,42
130884,01/06/2026,VEN,CAN,324,REBOTE-DEFENSIVO,VISITANTE,12,"ILIC, STEFAN",2,1:21,31,42
130884,01/06/2026,VEN,CAN,325,TIRO2-FALLADO,VISITANTE,12,"ILIC, STEFAN",2,1:12,31,42
130884,01/06/2026,VEN,CAN,326,REBOTE-DEFENSIVO,LOCAL,23,"NIÑO, SAMUEL",2,1:10,31,42
130884,01/06/2026,VEN,CAN,327,CANASTA-3P,LOCAL,9,"PERDOMO, JUAN",2,0:54,34,42
130884,01/06/2026,VEN,CAN,328,ASISTENCIA,LOCAL,20,"MONTERO, ISAAC",2,0:54,34,42
130884,01/06/2026,VEN,CAN,329,CANASTA-3P,VISITANTE,21,"ROBINSON, LYRIS",2,0:32,34,45
130884,01/06/2026,VEN,CAN,330,ASISTENCIA,VISITANTE,3,"TYNDALE, JAVION",2,0:32,34,45
130884,01/06/2026,VEN,CAN,331,PERDIDA,LOCAL,2,"TORRES, DEIKER",2,0:07,34,45
130884,01/06/2026,VEN,CAN,332,RECUPERACION,VISITANTE,21,"ROBINSON, LYRIS",2,0:07,34,45
130884,01/06/2026,VEN,CAN,333,CANASTA-2P,VISITANTE,11,"NGOR, DENG",2,0:03,34,47
130884,01/06/2026,VEN,CAN,334,ASISTENCIA,VISITANTE,8,"YAMBAYAMBA, NATHAN",2,0:03,34,47
130884,01/06/2026,VEN,CAN,335,FINAL-PERIODO,,,,2,0:00,34,47
130884,01/06/2026,VEN,CAN,336,INICIO-PERIODO,,,,3,10:00,34,47
130884,01/06/2026,VEN,CAN,337,CAMBIO-JUGADOR-SALE,LOCAL,9,"PERDOMO, JUAN",3,10:00,34,47
130884,01/06/2026,VEN,CAN,338,CAMBIO-JUGADOR-SALE,LOCAL,20,"MONTERO, ISAAC",3,10:00,34,47
130884,01/06/2026,VEN,CAN,339,CAMBIO-JUGADOR-ENTRA,LOCAL,14,"GUTIERREZ, KEVIN",3,10:00,34,47
130884,01/06/2026,VEN,CAN,340,CAMBIO-JUGADOR-ENTRA,LOCAL,18,"ANILLO, WILLIAMS",3,10:00,34,47
130884,01/06/2026,VEN,CAN,341,CAMBIO-JUGADOR-SALE,VISITANTE,8,"YAMBAYAMBA, NATHAN",3,10:00,34,47
130884,01/06/2026,VEN,CAN,342,CAMBIO-JUGADOR-ENTRA,VISITANTE,15,"MEYER, MAXIME",3,10:00,34,47
130884,01/06/2026,VEN,CAN,343,FALTA-COMETIDA,LOCAL,23,"NIÑO, SAMUEL",3,9:40,34,47
130884,01/06/2026,VEN,CAN,344,FALTA-RECIBIDA,VISITANTE,3,"TYNDALE, JAVION",3,9:40,34,47
130884,01/06/2026,VEN,CAN,345,TIRO1-FALLADO,VISITANTE,3,"TYNDALE, JAVION",3,9:40,34,47
130884,01/06/2026,VEN,CAN,346,TIRO1-FALLADO,VISITANTE,3,"TYNDALE, JAVION",3,9:40,34,47
130884,01/06/2026,VEN,CAN,347,REBOTE-DEFENSIVO,LOCAL,7,"LARA, JOSE",3,9:38,34,47
130884,01/06/2026,VEN,CAN,348,PERDIDA,LOCAL,18,"ANILLO, WILLIAMS",3,9:19,34,47
130884,01/06/2026,VEN,CAN,349,RECUPERACION,VISITANTE,15,"MEYER, MAXIME",3,9:19,34,47
130884,01/06/2026,VEN,CAN,350,CANASTA-2P,VISITANTE,3,"TYNDALE, JAVION",3,9:15,34,49
130884,01/06/2026,VEN,CAN,351,ASISTENCIA,VISITANTE,15,"MEYER, MAXIME",3,9:15,34,49
130884,01/06/2026,VEN,CAN,352,TIRO3-FALLADO,LOCAL,14,"GUTIERREZ, KEVIN",3,8:59,34,49
130884,01/06/2026,VEN,CAN,353,REBOTE-DEFENSIVO,VISITANTE,15,"MEYER, MAXIME",3,8:57,34,49
130884,01/06/2026,VEN,CAN,354,TIRO2-FALLADO,VISITANTE,12,"ILIC, STEFAN",3,8:45,34,49
130884,01/06/2026,VEN,CAN,355,REBOTE-DEFENSIVO,LOCAL,14,"GUTIERREZ, KEVIN",3,8:43,34,49
130884,01/06/2026,VEN,CAN,356,PERDIDA,LOCAL,7,"LARA, JOSE",3,8:34,34,49
130884,01/06/2026,VEN,CAN,357,RECUPERACION,VISITANTE,15,"MEYER, MAXIME",3,8:34,34,49
130884,01/06/2026,VEN,CAN,358,CANASTA-2P,VISITANTE,11,"NGOR, DENG",3,8:27,34,51
130884,01/06/2026,VEN,CAN,359,ASISTENCIA,VISITANTE,15,"MEYER, MAXIME",3,8:27,34,51
130884,01/06/2026,VEN,CAN,360,TIEMPO-MUERTO-SOLICITADO,LOCAL,,,3,8:26,34,51
130884,01/06/2026,VEN,CAN,361,CAMBIO-JUGADOR-SALE,LOCAL,7,"LARA, JOSE",3,8:26,34,51
130884,01/06/2026,VEN,CAN,362,CAMBIO-JUGADOR-ENTRA,LOCAL,9,"PERDOMO, JUAN",3,8:26,34,51
130884,01/06/2026,VEN,CAN,363,FALTA-COMETIDA,LOCAL,23,"NIÑO, SAMUEL",3,8:10,34,51
130884,01/06/2026,VEN,CAN,364,PERDIDA,LOCAL,23,"NIÑO, SAMUEL",3,8:10,34,51
130884,01/06/2026,VEN,CAN,365,FALTA-RECIBIDA,VISITANTE,3,"TYNDALE, JAVION",3,8:10,34,51
130884,01/06/2026,VEN,CAN,366,CANASTA-2P,VISITANTE,15,"MEYER, MAXIME",3,7:58,34,53
130884,01/06/2026,VEN,CAN,367,ASISTENCIA,VISITANTE,3,"TYNDALE, JAVION",3,7:58,34,53
130884,01/06/2026,VEN,CAN,368,TIRO3-FALLADO,LOCAL,9,"PERDOMO, JUAN",3,7:34,34,53
130884,01/06/2026,VEN,CAN,369,REBOTE-DEFENSIVO,VISITANTE,12,"ILIC, STEFAN",3,7:32,34,53
130884,01/06/2026,VEN,CAN,370,PERDIDA,VISITANTE,3,"TYNDALE, JAVION",3,7:29,34,53
130884,01/06/2026,VEN,CAN,371,RECUPERACION,LOCAL,9,"PERDOMO, JUAN",3,7:29,34,53
130884,01/06/2026,VEN,CAN,372,TIRO3-FALLADO,LOCAL,9,"PERDOMO, JUAN",3,7:17,34,53
130884,01/06/2026,VEN,CAN,373,REBOTE-DEFENSIVO,VISITANTE,12,"ILIC, STEFAN",3,7:15,34,53
130884,01/06/2026,VEN,CAN,374,FALTA-COMETIDA,LOCAL,9,"PERDOMO, JUAN",3,6:54,34,53
130884,01/06/2026,VEN,CAN,375,FALTA-RECIBIDA,VISITANTE,21,"ROBINSON, LYRIS",3,6:54,34,53
130884,01/06/2026,VEN,CAN,376,CAMBIO-JUGADOR-SALE,LOCAL,14,"GUTIERREZ, KEVIN",3,6:54,34,53
130884,01/06/2026,VEN,CAN,377,CAMBIO-JUGADOR-ENTRA,LOCAL,5,"GOMEZ, BRYAN",3,6:54,34,53
130884,01/06/2026,VEN,CAN,378,CAMBIO-JUGADOR-SALE,VISITANTE,3,"TYNDALE, JAVION",3,6:54,34,53
130884,01/06/2026,VEN,CAN,379,CAMBIO-JUGADOR-SALE,VISITANTE,15,"MEYER, MAXIME",3,6:54,34,53
130884,01/06/2026,VEN,CAN,380,CAMBIO-JUGADOR-ENTRA,VISITANTE,4,"OKOKOH, GODSON",3,6:54,34,53
130884,01/06/2026,VEN,CAN,381,CAMBIO-JUGADOR-ENTRA,VISITANTE,22,"VIGNEAULT, MATEO",3,6:54,34,53
130884,01/06/2026,VEN,CAN,382,CANASTA-1P,VISITANTE,21,"ROBINSON, LYRIS",3,6:54,34,54
130884,01/06/2026,VEN,CAN,383,CANASTA-1P,VISITANTE,21,"ROBINSON, LYRIS",3,6:54,34,55
130884,01/06/2026,VEN,CAN,384,CANASTA-1P,VISITANTE,21,"ROBINSON, LYRIS",3,6:54,34,56
130884,01/06/2026,VEN,CAN,385,CAMBIO-JUGADOR-SALE,VISITANTE,21,"ROBINSON, LYRIS",3,6:54,34,56
130884,01/06/2026,VEN,CAN,386,CAMBIO-JUGADOR-ENTRA,VISITANTE,6,"WALTERS, KYMANI",3,6:54,34,56
130884,01/06/2026,VEN,CAN,387,FALTA-COMETIDA,VISITANTE,11,"NGOR, DENG",3,6:35,34,56
130884,01/06/2026,VEN,CAN,388,FALTA-RECIBIDA,LOCAL,9,"PERDOMO, JUAN",3,6:35,34,56
130884,01/06/2026,VEN,CAN,389,CAMBIO-JUGADOR-SALE,LOCAL,2,"TORRES, DEIKER",3,6:35,34,56
130884,01/06/2026,VEN,CAN,390,CAMBIO-JUGADOR-ENTRA,LOCAL,30,"BENITEZ, LEONARDO",3,6:35,34,56
130884,01/06/2026,VEN,CAN,391,CANASTA-1P,LOCAL,9,"PERDOMO, JUAN",3,6:35,35,56
130884,01/06/2026,VEN,CAN,392,CANASTA-1P,LOCAL,9,"PERDOMO, JUAN",3,6:35,36,56
130884,01/06/2026,VEN,CAN,393,CAMBIO-JUGADOR-SALE,LOCAL,9,"PERDOMO, JUAN",3,6:35,36,56
130884,01/06/2026,VEN,CAN,394,CAMBIO-JUGADOR-ENTRA,LOCAL,7,"LARA, JOSE",3,6:35,36,56
130884,01/06/2026,VEN,CAN,395,CAMBIO-JUGADOR-SALE,VISITANTE,11,"NGOR, DENG",3,6:35,36,56
130884,01/06/2026,VEN,CAN,396,CAMBIO-JUGADOR-ENTRA,VISITANTE,8,"YAMBAYAMBA, NATHAN",3,6:35,36,56
130884,01/06/2026,VEN,CAN,397,CANASTA-2P,VISITANTE,6,"WALTERS, KYMANI",3,6:19,36,58
130884,01/06/2026,VEN,CAN,398,TIRO2-FALLADO,LOCAL,30,"BENITEZ, LEONARDO",3,6:00,36,58
130884,01/06/2026,VEN,CAN,399,REBOTE-DEFENSIVO,VISITANTE,8,"YAMBAYAMBA, NATHAN",3,5:58,36,58
130884,01/06/2026,VEN,CAN,400,FALTA-COMETIDA,LOCAL,30,"BENITEZ, LEONARDO",3,5:52,36,58
130884,01/06/2026,VEN,CAN,401,FALTA-RECIBIDA,VISITANTE,12,"ILIC, STEFAN",3,5:52,36,58
130884,01/06/2026,VEN,CAN,402,CANASTA-1P,VISITANTE,12,"ILIC, STEFAN",3,5:52,36,59
130884,01/06/2026,VEN,CAN,403,CANASTA-1P,VISITANTE,12,"ILIC, STEFAN",3,5:52,36,60
130884,01/06/2026,VEN,CAN,404,CANASTA-2P,LOCAL,7,"LARA, JOSE",3,5:32,38,60
130884,01/06/2026,VEN,CAN,405,TIRO3-FALLADO,VISITANTE,4,"OKOKOH, GODSON",3,5:24,38,60
130884,01/06/2026,VEN,CAN,406,REBOTE-OFENSIVO,VISITANTE,22,"VIGNEAULT, MATEO",3,5:21,38,60
130884,01/06/2026,VEN,CAN,407,FALTA-COMETIDA,LOCAL,18,"ANILLO, WILLIAMS",3,5:19,38,60
130884,01/06/2026,VEN,CAN,408,FALTA-RECIBIDA,VISITANTE,22,"VIGNEAULT, MATEO",3,5:19,38,60
130884,01/06/2026,VEN,CAN,409,CAMBIO-JUGADOR-SALE,VISITANTE,12,"ILIC, STEFAN",3,5:19,38,60
130884,01/06/2026,VEN,CAN,410,CAMBIO-JUGADOR-ENTRA,VISITANTE,24,"OKO-OBOH, EMMANUEL",3,5:19,38,60
130884,01/06/2026,VEN,CAN,411,TIRO1-FALLADO,VISITANTE,22,"VIGNEAULT, MATEO",3,5:19,38,60
130884,01/06/2026,VEN,CAN,412,CANASTA-1P,VISITANTE,22,"VIGNEAULT, MATEO",3,5:19,38,61
130884,01/06/2026,VEN,CAN,413,FALTA-COMETIDA,VISITANTE,6,"WALTERS, KYMANI",3,5:09,38,61
130884,01/06/2026,VEN,CAN,414,FALTA-RECIBIDA,LOCAL,30,"BENITEZ, LEONARDO",3,5:09,38,61
130884,01/06/2026,VEN,CAN,415,TIRO1-FALLADO,LOCAL,30,"BENITEZ, LEONARDO",3,5:09,38,61
130884,01/06/2026,VEN,CAN,416,TIRO1-FALLADO,LOCAL,30,"BENITEZ, LEONARDO",3,5:09,38,61
130884,01/06/2026,VEN,CAN,417,REBOTE-DEFENSIVO,VISITANTE,22,"VIGNEAULT, MATEO",3,5:08,38,61
130884,01/06/2026,VEN,CAN,418,TIRO3-FALLADO,VISITANTE,8,"YAMBAYAMBA, NATHAN",3,4:53,38,61
130884,01/06/2026,VEN,CAN,419,REBOTE-OFENSIVO,VISITANTE,4,"OKOKOH, GODSON",3,4:51,38,61
130884,01/06/2026,VEN,CAN,420,CANASTA-2P,VISITANTE,4,"OKOKOH, GODSON",3,4:50,38,63
130884,01/06/2026,VEN,CAN,421,TIRO2-FALLADO,LOCAL,5,"GOMEZ, BRYAN",3,4:25,38,63
130884,01/06/2026,VEN,CAN,422,REBOTE-OFENSIVO,LOCAL,23,"NIÑO, SAMUEL",3,4:25,38,63
130884,01/06/2026,VEN,CAN,423,TIEMPO-MUERTO-SOLICITADO,LOCAL,,,3,4:23,38,63
130884,01/06/2026,VEN,CAN,424,CAMBIO-JUGADOR-SALE,LOCAL,23,"NIÑO, SAMUEL",3,4:23,38,63
130884,01/06/2026,VEN,CAN,425,CAMBIO-JUGADOR-ENTRA,LOCAL,14,"GUTIERREZ, KEVIN",3,4:23,38,63
130884,01/06/2026,VEN,CAN,426,CAMBIO-JUGADOR-SALE,VISITANTE,6,"WALTERS, KYMANI",3,4:23,38,63
130884,01/06/2026,VEN,CAN,427,CAMBIO-JUGADOR-ENTRA,VISITANTE,2,"OLAJUWON, ABDUL-MALIK",3,4:23,38,63
130884,01/06/2026,VEN,CAN,428,CANASTA-2P,VISITANTE,22,"VIGNEAULT, MATEO",3,4:06,38,65
130884,01/06/2026,VEN,CAN,429,TIRO2-FALLADO,LOCAL,7,"LARA, JOSE",3,3:39,38,65
130884,01/06/2026,VEN,CAN,430,REBOTE-DEFENSIVO,VISITANTE,8,"YAMBAYAMBA, NATHAN",3,3:37,38,65
130884,01/06/2026,VEN,CAN,431,TIRO3-FALLADO,VISITANTE,2,"OLAJUWON, ABDUL-MALIK",3,3:30,38,65
130884,01/06/2026,VEN,CAN,432,REBOTE-OFENSIVO,VISITANTE,22,"VIGNEAULT, MATEO",3,3:28,38,65
130884,01/06/2026,VEN,CAN,433,PERDIDA,VISITANTE,2,"OLAJUWON, ABDUL-MALIK",3,3:26,38,65
130884,01/06/2026,VEN,CAN,434,RECUPERACION,LOCAL,30,"BENITEZ, LEONARDO",3,3:26,38,65
130884,01/06/2026,VEN,CAN,435,CANASTA-2P,LOCAL,18,"ANILLO, WILLIAMS",3,3:21,40,65
130884,01/06/2026,VEN,CAN,436,ASISTENCIA,LOCAL,30,"BENITEZ, LEONARDO",3,3:21,40,65
130884,01/06/2026,VEN,CAN,437,TIRO3-FALLADO,VISITANTE,8,"YAMBAYAMBA, NATHAN",3,3:10,40,65
130884,01/06/2026,VEN,CAN,438,REBOTE-DEFENSIVO,LOCAL,30,"BENITEZ, LEONARDO",3,3:09,40,65
130884,01/06/2026,VEN,CAN,439,FALTA-COMETIDA,VISITANTE,24,"OKO-OBOH, EMMANUEL",3,3:08,40,65
130884,01/06/2026,VEN,CAN,440,FALTA-RECIBIDA,LOCAL,30,"BENITEZ, LEONARDO",3,3:08,40,65
130884,01/06/2026,VEN,CAN,441,CAMBIO-JUGADOR-SALE,LOCAL,14,"GUTIERREZ, KEVIN",3,3:08,40,65
130884,01/06/2026,VEN,CAN,442,CAMBIO-JUGADOR-ENTRA,LOCAL,9,"PERDOMO, JUAN",3,3:08,40,65
130884,01/06/2026,VEN,CAN,443,CAMBIO-JUGADOR-SALE,VISITANTE,4,"OKOKOH, GODSON",3,3:08,40,65
130884,01/06/2026,VEN,CAN,444,CAMBIO-JUGADOR-SALE,VISITANTE,22,"VIGNEAULT, MATEO",3,3:08,40,65
130884,01/06/2026,VEN,CAN,445,CAMBIO-JUGADOR-ENTRA,VISITANTE,3,"TYNDALE, JAVION",3,3:08,40,65
130884,01/06/2026,VEN,CAN,446,CAMBIO-JUGADOR-ENTRA,VISITANTE,5,"YUGU, SETTIMO",3,3:08,40,65
130884,01/06/2026,VEN,CAN,447,FALTA-COMETIDA,VISITANTE,2,"OLAJUWON, ABDUL-MALIK",3,2:57,40,65
130884,01/06/2026,VEN,CAN,448,FALTA-RECIBIDA,LOCAL,9,"PERDOMO, JUAN",3,2:57,40,65
130884,01/06/2026,VEN,CAN,449,TIRO2-FALLADO,LOCAL,18,"ANILLO, WILLIAMS",3,2:47,40,65
130884,01/06/2026,VEN,CAN,450,REBOTE-OFENSIVO,LOCAL,,,3,2:45,40,65
130884,01/06/2026,VEN,CAN,451,TIRO2-FALLADO,LOCAL,30,"BENITEZ, LEONARDO",3,2:36,40,65
130884,01/06/2026,VEN,CAN,452,REBOTE-DEFENSIVO,VISITANTE,2,"OLAJUWON, ABDUL-MALIK",3,2:34,40,65
130884,01/06/2026,VEN,CAN,453,FALTA-COMETIDA,LOCAL,5,"GOMEZ, BRYAN",3,2:29,40,65
130884,01/06/2026,VEN,CAN,454,FALTA-RECIBIDA,VISITANTE,3,"TYNDALE, JAVION",3,2:29,40,65
130884,01/06/2026,VEN,CAN,455,CAMBIO-JUGADOR-SALE,LOCAL,30,"BENITEZ, LEONARDO",3,2:29,40,65
130884,01/06/2026,VEN,CAN,456,CAMBIO-JUGADOR-ENTRA,LOCAL,4,"SEGOVIA, RICHARD",3,2:29,40,65
130884,01/06/2026,VEN,CAN,457,CANASTA-1P,VISITANTE,3,"TYNDALE, JAVION",3,2:29,40,66
130884,01/06/2026,VEN,CAN,458,CANASTA-1P,VISITANTE,3,"TYNDALE, JAVION",3,2:29,40,67
130884,01/06/2026,VEN,CAN,459,CAMBIO-JUGADOR-SALE,LOCAL,5,"GOMEZ, BRYAN",3,2:29,40,67
130884,01/06/2026,VEN,CAN,460,CAMBIO-JUGADOR-ENTRA,LOCAL,21,"SANCHEZ, YEFERSON",3,2:29,40,67
130884,01/06/2026,VEN,CAN,461,PERDIDA,LOCAL,18,"ANILLO, WILLIAMS",3,2:14,40,67
130884,01/06/2026,VEN,CAN,462,FALTA-COMETIDA,LOCAL,9,"PERDOMO, JUAN",3,2:00,40,67
130884,01/06/2026,VEN,CAN,463,FALTA-RECIBIDA,VISITANTE,5,"YUGU, SETTIMO",3,2:00,40,67
130884,01/06/2026,VEN,CAN,464,TIRO1-FALLADO,VISITANTE,5,"YUGU, SETTIMO",3,2:00,40,67
130884,01/06/2026,VEN,CAN,465,CANASTA-1P,VISITANTE,5,"YUGU, SETTIMO",3,2:00,40,68
130884,01/06/2026,VEN,CAN,466,CAMBIO-JUGADOR-SALE,LOCAL,9,"PERDOMO, JUAN",3,2:00,40,68
130884,01/06/2026,VEN,CAN,467,CAMBIO-JUGADOR-ENTRA,LOCAL,23,"NIÑO, SAMUEL",3,2:00,40,68
130884,01/06/2026,VEN,CAN,468,PERDIDA,LOCAL,23,"NIÑO, SAMUEL",3,1:44,40,68
130884,01/06/2026,VEN,CAN,469,RECUPERACION,VISITANTE,2,"OLAJUWON, ABDUL-MALIK",3,1:44,40,68
130884,01/06/2026,VEN,CAN,470,CANASTA-2P,VISITANTE,2,"OLAJUWON, ABDUL-MALIK",3,1:40,40,70
130884,01/06/2026,VEN,CAN,471,ASISTENCIA,VISITANTE,8,"YAMBAYAMBA, NATHAN",3,1:40,40,70
130884,01/06/2026,VEN,CAN,472,TIRO2-FALLADO,LOCAL,4,"SEGOVIA, RICHARD",3,1:27,40,70
130884,01/06/2026,VEN,CAN,473,REBOTE-DEFENSIVO,VISITANTE,24,"OKO-OBOH, EMMANUEL",3,1:24,40,70
130884,01/06/2026,VEN,CAN,474,TIRO2-FALLADO,VISITANTE,2,"OLAJUWON, ABDUL-MALIK",3,1:18,40,70
130884,01/06/2026,VEN,CAN,475,REBOTE-OFENSIVO,VISITANTE,24,"OKO-OBOH, EMMANUEL",3,1:16,40,70
130884,01/06/2026,VEN,CAN,476,CANASTA-2P,VISITANTE,24,"OKO-OBOH, EMMANUEL",3,1:15,40,72
130884,01/06/2026,VEN,CAN,477,TIRO2-FALLADO,LOCAL,23,"NIÑO, SAMUEL",3,0:53,40,72
130884,01/06/2026,VEN,CAN,478,REBOTE-DEFENSIVO,VISITANTE,24,"OKO-OBOH, EMMANUEL",3,0:50,40,72
130884,01/06/2026,VEN,CAN,479,CANASTA-2P,VISITANTE,3,"TYNDALE, JAVION",3,0:47,40,74
130884,01/06/2026,VEN,CAN,480,ASISTENCIA,VISITANTE,24,"OKO-OBOH, EMMANUEL",3,0:47,40,74
130884,01/06/2026,VEN,CAN,481,FALTA-COMETIDA,VISITANTE,3,"TYNDALE, JAVION",3,0:31,40,74
130884,01/06/2026,VEN,CAN,482,FALTA-RECIBIDA,LOCAL,4,"SEGOVIA, RICHARD",3,0:31,40,74
130884,01/06/2026,VEN,CAN,483,CAMBIO-JUGADOR-SALE,VISITANTE,2,"OLAJUWON, ABDUL-MALIK",3,0:31,40,74
130884,01/06/2026,VEN,CAN,484,CAMBIO-JUGADOR-ENTRA,VISITANTE,21,"ROBINSON, LYRIS",3,0:31,40,74
130884,01/06/2026,VEN,CAN,485,CANASTA-1P,LOCAL,4,"SEGOVIA, RICHARD",3,0:31,41,74
130884,01/06/2026,VEN,CAN,486,CANASTA-1P,LOCAL,4,"SEGOVIA, RICHARD",3,0:31,42,74
130884,01/06/2026,VEN,CAN,487,TIRO2-FALLADO,VISITANTE,3,"TYNDALE, JAVION",3,0:20,42,74
130884,01/06/2026,VEN,CAN,488,REBOTE-DEFENSIVO,LOCAL,,,3,0:19,42,74
130884,01/06/2026,VEN,CAN,489,PERDIDA,LOCAL,7,"LARA, JOSE",3,0:08,42,74
130884,01/06/2026,VEN,CAN,490,RECUPERACION,VISITANTE,21,"ROBINSON, LYRIS",3,0:08,42,74
130884,01/06/2026,VEN,CAN,491,CANASTA-3P,VISITANTE,5,"YUGU, SETTIMO",3,0:03,42,77
130884,01/06/2026,VEN,CAN,492,ASISTENCIA,VISITANTE,21,"ROBINSON, LYRIS",3,0:03,42,77
130884,01/06/2026,VEN,CAN,493,FINAL-PERIODO,,,,3,0:00,42,77
130884,01/06/2026,VEN,CAN,494,CAMBIO-JUGADOR-SALE,LOCAL,4,"SEGOVIA, RICHARD",4,10:00,42,77
130884,01/06/2026,VEN,CAN,495,CAMBIO-JUGADOR-ENTRA,LOCAL,2,"TORRES, DEIKER",4,10:00,42,77
130884,01/06/2026,VEN,CAN,496,CAMBIO-JUGADOR-SALE,VISITANTE,3,"TYNDALE, JAVION",4,10:00,42,77
130884,01/06/2026,VEN,CAN,497,CAMBIO-JUGADOR-SALE,VISITANTE,5,"YUGU, SETTIMO",4,10:00,42,77
130884,01/06/2026,VEN,CAN,498,CAMBIO-JUGADOR-SALE,VISITANTE,8,"YAMBAYAMBA, NATHAN",4,10:00,42,77
130884,01/06/2026,VEN,CAN,499,CAMBIO-JUGADOR-SALE,VISITANTE,24,"OKO-OBOH, EMMANUEL",4,10:00,42,77
130884,01/06/2026,VEN,CAN,500,CAMBIO-JUGADOR-ENTRA,VISITANTE,11,"NGOR, DENG",4,10:00,42,77
130884,01/06/2026,VEN,CAN,501,CAMBIO-JUGADOR-ENTRA,VISITANTE,12,"ILIC, STEFAN",4,10:00,42,77
130884,01/06/2026,VEN,CAN,502,CAMBIO-JUGADOR-ENTRA,VISITANTE,15,"MEYER, MAXIME",4,10:00,42,77
130884,01/06/2026,VEN,CAN,503,CAMBIO-JUGADOR-ENTRA,VISITANTE,22,"VIGNEAULT, MATEO",4,10:00,42,77
130884,01/06/2026,VEN,CAN,504,INICIO-PERIODO,,,,4,10:00,42,77
130884,01/06/2026,VEN,CAN,505,CANASTA-2P,LOCAL,21,"SANCHEZ, YEFERSON",4,9:38,44,77
130884,01/06/2026,VEN,CAN,506,FALTA-COMETIDA,VISITANTE,12,"ILIC, STEFAN",4,9:28,44,77
130884,01/06/2026,VEN,CAN,507,PERDIDA,VISITANTE,12,"ILIC, STEFAN",4,9:28,44,77
130884,01/06/2026,VEN,CAN,508,FALTA-RECIBIDA,LOCAL,23,"NIÑO, SAMUEL",4,9:28,44,77
130884,01/06/2026,VEN,CAN,509,FALTA-COMETIDA,VISITANTE,21,"ROBINSON, LYRIS",4,9:16,44,77
130884,01/06/2026,VEN,CAN,510,FALTA-RECIBIDA,LOCAL,18,"ANILLO, WILLIAMS",4,9:16,44,77
130884,01/06/2026,VEN,CAN,511,TIRO3-FALLADO,LOCAL,7,"LARA, JOSE",4,9:08,44,77
130884,01/06/2026,VEN,CAN,512,REBOTE-DEFENSIVO,VISITANTE,15,"MEYER, MAXIME",4,9:05,44,77
130884,01/06/2026,VEN,CAN,513,TIRO2-FALLADO,VISITANTE,11,"NGOR, DENG",4,8:53,44,77
130884,01/06/2026,VEN,CAN,514,REBOTE-OFENSIVO,VISITANTE,15,"MEYER, MAXIME",4,8:49,44,77
130884,01/06/2026,VEN,CAN,515,TIRO2-FALLADO,VISITANTE,15,"MEYER, MAXIME",4,8:49,44,77
130884,01/06/2026,VEN,CAN,516,REBOTE-DEFENSIVO,LOCAL,2,"TORRES, DEIKER",4,8:48,44,77
130884,01/06/2026,VEN,CAN,517,TIRO3-FALLADO,LOCAL,18,"ANILLO, WILLIAMS",4,8:40,44,77
130884,01/06/2026,VEN,CAN,518,REBOTE-DEFENSIVO,VISITANTE,,,4,8:39,44,77
130884,01/06/2026,VEN,CAN,519,FALTA-COMETIDA,LOCAL,23,"NIÑO, SAMUEL",4,8:39,44,77
130884,01/06/2026,VEN,CAN,520,FALTA-RECIBIDA,VISITANTE,12,"ILIC, STEFAN",4,8:39,44,77
130884,01/06/2026,VEN,CAN,521,CAMBIO-JUGADOR-SALE,LOCAL,7,"LARA, JOSE",4,8:39,44,77
130884,01/06/2026,VEN,CAN,522,CAMBIO-JUGADOR-SALE,LOCAL,18,"ANILLO, WILLIAMS",4,8:39,44,77
130884,01/06/2026,VEN,CAN,523,CAMBIO-JUGADOR-ENTRA,LOCAL,9,"PERDOMO, JUAN",4,8:39,44,77
130884,01/06/2026,VEN,CAN,524,CAMBIO-JUGADOR-ENTRA,LOCAL,26,"SOTO, DIEGO",4,8:39,44,77
130884,01/06/2026,VEN,CAN,525,PERDIDA,VISITANTE,22,"VIGNEAULT, MATEO",4,8:23,44,77
130884,01/06/2026,VEN,CAN,526,FALTA-COMETIDA,VISITANTE,12,"ILIC, STEFAN",4,8:20,44,77
130884,01/06/2026,VEN,CAN,527,FALTA-RECIBIDA,LOCAL,23,"NIÑO, SAMUEL",4,8:20,44,77
130884,01/06/2026,VEN,CAN,528,CANASTA-1P,LOCAL,23,"NIÑO, SAMUEL",4,8:20,45,77
130884,01/06/2026,VEN,CAN,529,TIRO1-FALLADO,LOCAL,23,"NIÑO, SAMUEL",4,8:20,45,77
130884,01/06/2026,VEN,CAN,530,REBOTE-DEFENSIVO,VISITANTE,15,"MEYER, MAXIME",4,8:18,45,77
130884,01/06/2026,VEN,CAN,531,PERDIDA,VISITANTE,11,"NGOR, DENG",4,8:11,45,77
130884,01/06/2026,VEN,CAN,532,RECUPERACION,LOCAL,9,"PERDOMO, JUAN",4,8:11,45,77
130884,01/06/2026,VEN,CAN,533,TIRO2-FALLADO,LOCAL,21,"SANCHEZ, YEFERSON",4,7:57,45,77
130884,01/06/2026,VEN,CAN,534,REBOTE-DEFENSIVO,VISITANTE,15,"MEYER, MAXIME",4,7:55,45,77
130884,01/06/2026,VEN,CAN,535,CANASTA-3P,VISITANTE,21,"ROBINSON, LYRIS",4,7:49,45,80
130884,01/06/2026,VEN,CAN,536,ASISTENCIA,VISITANTE,11,"NGOR, DENG",4,7:49,45,80
130884,01/06/2026,VEN,CAN,537,TIRO3-FALLADO,LOCAL,2,"TORRES, DEIKER",4,7:33,45,80
130884,01/06/2026,VEN,CAN,538,REBOTE-DEFENSIVO,VISITANTE,15,"MEYER, MAXIME",4,7:31,45,80
130884,01/06/2026,VEN,CAN,539,PERDIDA,VISITANTE,11,"NGOR, DENG",4,7:22,45,80
130884,01/06/2026,VEN,CAN,540,PERDIDA,LOCAL,23,"NIÑO, SAMUEL",4,7:06,45,80
130884,01/06/2026,VEN,CAN,541,RECUPERACION,VISITANTE,15,"MEYER, MAXIME",4,7:06,45,80
130884,01/06/2026,VEN,CAN,542,TIRO2-FALLADO,VISITANTE,22,"VIGNEAULT, MATEO",4,7:01,45,80
130884,01/06/2026,VEN,CAN,543,REBOTE-OFENSIVO,VISITANTE,15,"MEYER, MAXIME",4,6:58,45,80
130884,01/06/2026,VEN,CAN,544,CANASTA-2P,VISITANTE,21,"ROBINSON, LYRIS",4,6:58,45,82
130884,01/06/2026,VEN,CAN,545,ASISTENCIA,VISITANTE,15,"MEYER, MAXIME",4,6:58,45,82
130884,01/06/2026,VEN,CAN,546,CAMBIO-JUGADOR-SALE,LOCAL,2,"TORRES, DEIKER",4,6:41,45,82
130884,01/06/2026,VEN,CAN,547,CAMBIO-JUGADOR-SALE,LOCAL,21,"SANCHEZ, YEFERSON",4,6:41,45,82
130884,01/06/2026,VEN,CAN,548,CAMBIO-JUGADOR-ENTRA,LOCAL,20,"MONTERO, ISAAC",4,6:41,45,82
130884,01/06/2026,VEN,CAN,549,CAMBIO-JUGADOR-ENTRA,LOCAL,30,"BENITEZ, LEONARDO",4,6:41,45,82
130884,01/06/2026,VEN,CAN,550,CAMBIO-JUGADOR-SALE,VISITANTE,11,"NGOR, DENG",4,6:41,45,82
130884,01/06/2026,VEN,CAN,551,CAMBIO-JUGADOR-SALE,VISITANTE,12,"ILIC, STEFAN",4,6:41,45,82
130884,01/06/2026,VEN,CAN,552,CAMBIO-JUGADOR-SALE,VISITANTE,21,"ROBINSON, LYRIS",4,6:41,45,82
130884,01/06/2026,VEN,CAN,553,CAMBIO-JUGADOR-ENTRA,VISITANTE,4,"OKOKOH, GODSON",4,6:41,45,82
130884,01/06/2026,VEN,CAN,554,CAMBIO-JUGADOR-ENTRA,VISITANTE,6,"WALTERS, KYMANI",4,6:41,45,82
130884,01/06/2026,VEN,CAN,555,CAMBIO-JUGADOR-ENTRA,VISITANTE,8,"YAMBAYAMBA, NATHAN",4,6:41,45,82
130884,01/06/2026,VEN,CAN,556,TIRO2-FALLADO,LOCAL,26,"SOTO, DIEGO",4,6:37,45,82
130884,01/06/2026,VEN,CAN,557,REBOTE-DEFENSIVO,VISITANTE,6,"WALTERS, KYMANI",4,6:35,45,82
130884,01/06/2026,VEN,CAN,558,CANASTA-3P,VISITANTE,8,"YAMBAYAMBA, NATHAN",4,6:24,45,85
130884,01/06/2026,VEN,CAN,559,ASISTENCIA,VISITANTE,15,"MEYER, MAXIME",4,6:24,45,85
130884,01/06/2026,VEN,CAN,560,TIRO3-FALLADO,LOCAL,23,"NIÑO, SAMUEL",4,6:08,45,85
130884,01/06/2026,VEN,CAN,561,REBOTE-DEFENSIVO,VISITANTE,15,"MEYER, MAXIME",4,6:05,45,85
130884,01/06/2026,VEN,CAN,562,TIRO2-FALLADO,VISITANTE,8,"YAMBAYAMBA, NATHAN",4,6:02,45,85
130884,01/06/2026,VEN,CAN,563,TAPON-COMETIDO,LOCAL,9,"PERDOMO, JUAN",4,6:02,45,85
130884,01/06/2026,VEN,CAN,564,REBOTE-OFENSIVO,VISITANTE,8,"YAMBAYAMBA, NATHAN",4,5:57,45,85
130884,01/06/2026,VEN,CAN,565,JUMP-BALL,VISITANTE,,,4,5:52,45,85
130884,01/06/2026,VEN,CAN,566,CAMBIO-JUGADOR-SALE,VISITANTE,15,"MEYER, MAXIME",4,5:52,45,85
130884,01/06/2026,VEN,CAN,567,CAMBIO-JUGADOR-SALE,VISITANTE,22,"VIGNEAULT, MATEO",4,5:52,45,85
130884,01/06/2026,VEN,CAN,568,CAMBIO-JUGADOR-ENTRA,VISITANTE,2,"OLAJUWON, ABDUL-MALIK",4,5:52,45,85
130884,01/06/2026,VEN,CAN,569,CAMBIO-JUGADOR-ENTRA,VISITANTE,24,"OKO-OBOH, EMMANUEL",4,5:52,45,85
130884,01/06/2026,VEN,CAN,570,PERDIDA,VISITANTE,6,"WALTERS, KYMANI",4,5:45,45,85
130884,01/06/2026,VEN,CAN,571,RECUPERACION,LOCAL,23,"NIÑO, SAMUEL",4,5:45,45,85
130884,01/06/2026,VEN,CAN,572,TIRO2-FALLADO,LOCAL,26,"SOTO, DIEGO",4,5:29,45,85
130884,01/06/2026,VEN,CAN,573,REBOTE-OFENSIVO,LOCAL,,,4,5:27,45,85
130884,01/06/2026,VEN,CAN,574,TIRO2-FALLADO,LOCAL,26,"SOTO, DIEGO",4,5:16,45,85
130884,01/06/2026,VEN,CAN,575,REBOTE-DEFENSIVO,VISITANTE,8,"YAMBAYAMBA, NATHAN",4,5:13,45,85
130884,01/06/2026,VEN,CAN,576,FALTA-COMETIDA,LOCAL,23,"NIÑO, SAMUEL",4,5:11,45,85
130884,01/06/2026,VEN,CAN,577,FALTA-RECIBIDA,VISITANTE,4,"OKOKOH, GODSON",4,5:11,45,85
130884,01/06/2026,VEN,CAN,578,CANASTA-1P,VISITANTE,4,"OKOKOH, GODSON",4,5:11,45,86
130884,01/06/2026,VEN,CAN,579,CANASTA-1P,VISITANTE,4,"OKOKOH, GODSON",4,5:11,45,87
130884,01/06/2026,VEN,CAN,580,FALTA-COMETIDA,VISITANTE,2,"OLAJUWON, ABDUL-MALIK",4,5:04,45,87
130884,01/06/2026,VEN,CAN,581,FALTA-RECIBIDA,LOCAL,30,"BENITEZ, LEONARDO",4,5:04,45,87
130884,01/06/2026,VEN,CAN,582,PERDIDA,LOCAL,26,"SOTO, DIEGO",4,4:53,45,87
130884,01/06/2026,VEN,CAN,583,RECUPERACION,VISITANTE,24,"OKO-OBOH, EMMANUEL",4,4:53,45,87
130884,01/06/2026,VEN,CAN,584,CANASTA-2P,VISITANTE,2,"OLAJUWON, ABDUL-MALIK",4,4:48,45,89
130884,01/06/2026,VEN,CAN,585,ASISTENCIA,VISITANTE,24,"OKO-OBOH, EMMANUEL",4,4:48,45,89
130884,01/06/2026,VEN,CAN,586,TIRO2-FALLADO,LOCAL,26,"SOTO, DIEGO",4,4:30,45,89
130884,01/06/2026,VEN,CAN,587,REBOTE-DEFENSIVO,VISITANTE,2,"OLAJUWON, ABDUL-MALIK",4,4:28,45,89
130884,01/06/2026,VEN,CAN,588,FALTA-COMETIDA,LOCAL,23,"NIÑO, SAMUEL",4,4:24,45,89
130884,01/06/2026,VEN,CAN,589,FALTA-RECIBIDA,VISITANTE,4,"OKOKOH, GODSON",4,4:24,45,89
130884,01/06/2026,VEN,CAN,590,CAMBIO-JUGADOR-SALE,LOCAL,23,"NIÑO, SAMUEL",4,4:24,45,89
130884,01/06/2026,VEN,CAN,591,CAMBIO-JUGADOR-SALE,LOCAL,26,"SOTO, DIEGO",4,4:24,45,89
130884,01/06/2026,VEN,CAN,592,CAMBIO-JUGADOR-ENTRA,LOCAL,4,"SEGOVIA, RICHARD",4,4:24,45,89
130884,01/06/2026,VEN,CAN,593,CAMBIO-JUGADOR-ENTRA,LOCAL,5,"GOMEZ, BRYAN",4,4:24,45,89
130884,01/06/2026,VEN,CAN,594,CAMBIO-JUGADOR-SALE,VISITANTE,8,"YAMBAYAMBA, NATHAN",4,4:24,45,89
130884,01/06/2026,VEN,CAN,595,CAMBIO-JUGADOR-ENTRA,VISITANTE,5,"YUGU, SETTIMO",4,4:24,45,89
130884,01/06/2026,VEN,CAN,596,CANASTA-1P,VISITANTE,4,"OKOKOH, GODSON",4,4:24,45,90
130884,01/06/2026,VEN,CAN,597,TIRO1-FALLADO,VISITANTE,4,"OKOKOH, GODSON",4,4:23,45,90
130884,01/06/2026,VEN,CAN,598,REBOTE-DEFENSIVO,LOCAL,5,"GOMEZ, BRYAN",4,4:22,45,90
130884,01/06/2026,VEN,CAN,599,PERDIDA,LOCAL,4,"SEGOVIA, RICHARD",4,4:10,45,90
130884,01/06/2026,VEN,CAN,600,TIEMPO-MUERTO-SOLICITADO,VISITANTE,,,4,4:10,45,90
130884,01/06/2026,VEN,CAN,601,CAMBIO-JUGADOR-SALE,LOCAL,9,"PERDOMO, JUAN",4,4:10,45,90
130884,01/06/2026,VEN,CAN,602,CAMBIO-JUGADOR-ENTRA,LOCAL,26,"SOTO, DIEGO",4,4:10,45,90
130884,01/06/2026,VEN,CAN,603,TIRO3-FALLADO,VISITANTE,2,"OLAJUWON, ABDUL-MALIK",4,3:50,45,90
130884,01/06/2026,VEN,CAN,604,REBOTE-DEFENSIVO,LOCAL,26,"SOTO, DIEGO",4,3:48,45,90
130884,01/06/2026,VEN,CAN,605,TIRO2-FALLADO,LOCAL,26,"SOTO, DIEGO",4,3:43,45,90
130884,01/06/2026,VEN,CAN,606,REBOTE-DEFENSIVO,VISITANTE,4,"OKOKOH, GODSON",4,3:41,45,90
130884,01/06/2026,VEN,CAN,607,CANASTA-2P,VISITANTE,2,"OLAJUWON, ABDUL-MALIK",4,3:37,45,92
130884,01/06/2026,VEN,CAN,608,TIRO3-FALLADO,LOCAL,20,"MONTERO, ISAAC",4,3:22,45,92
130884,01/06/2026,VEN,CAN,609,REBOTE-DEFENSIVO,VISITANTE,2,"OLAJUWON, ABDUL-MALIK",4,3:19,45,92
130884,01/06/2026,VEN,CAN,610,FALTA-COMETIDA,LOCAL,20,"MONTERO, ISAAC",4,3:13,45,92
130884,01/06/2026,VEN,CAN,611,FALTA-RECIBIDA,VISITANTE,24,"OKO-OBOH, EMMANUEL",4,3:13,45,92
130884,01/06/2026,VEN,CAN,612,CANASTA-3P,VISITANTE,4,"OKOKOH, GODSON",4,3:08,45,95
130884,01/06/2026,VEN,CAN,613,ASISTENCIA,VISITANTE,5,"YUGU, SETTIMO",4,3:08,45,95
130884,01/06/2026,VEN,CAN,614,CANASTA-2P,LOCAL,20,"MONTERO, ISAAC",4,2:45,47,95
130884,01/06/2026,VEN,CAN,615,PERDIDA,VISITANTE,6,"WALTERS, KYMANI",4,2:34,47,95
130884,01/06/2026,VEN,CAN,616,RECUPERACION,LOCAL,26,"SOTO, DIEGO",4,2:34,47,95
130884,01/06/2026,VEN,CAN,617,CANASTA-2P,LOCAL,26,"SOTO, DIEGO",4,2:31,49,95
130884,01/06/2026,VEN,CAN,618,FALTA-COMETIDA,VISITANTE,6,"WALTERS, KYMANI",4,2:31,49,95
130884,01/06/2026,VEN,CAN,619,FALTA-RECIBIDA,LOCAL,26,"SOTO, DIEGO",4,2:31,49,95
130884,01/06/2026,VEN,CAN,620,TIRO1-FALLADO,LOCAL,26,"SOTO, DIEGO",4,2:30,49,95
130884,01/06/2026,VEN,CAN,621,REBOTE-DEFENSIVO,VISITANTE,5,"YUGU, SETTIMO",4,2:29,49,95
130884,01/06/2026,VEN,CAN,622,TIRO3-FALLADO,VISITANTE,6,"WALTERS, KYMANI",4,2:16,49,95
130884,01/06/2026,VEN,CAN,623,REBOTE-OFENSIVO,VISITANTE,5,"YUGU, SETTIMO",4,2:13,49,95
130884,01/06/2026,VEN,CAN,624,FALTA-COMETIDA,LOCAL,26,"SOTO, DIEGO",4,2:13,49,95
130884,01/06/2026,VEN,CAN,625,FALTA-RECIBIDA,VISITANTE,5,"YUGU, SETTIMO",4,2:13,49,95
130884,01/06/2026,VEN,CAN,626,CANASTA-1P,VISITANTE,5,"YUGU, SETTIMO",4,2:13,49,96
130884,01/06/2026,VEN,CAN,627,CANASTA-1P,VISITANTE,5,"YUGU, SETTIMO",4,2:13,49,97
130884,01/06/2026,VEN,CAN,628,TIRO3-FALLADO,LOCAL,4,"SEGOVIA, RICHARD",4,1:56,49,97
130884,01/06/2026,VEN,CAN,629,REBOTE-DEFENSIVO,VISITANTE,2,"OLAJUWON, ABDUL-MALIK",4,1:53,49,97
130884,01/06/2026,VEN,CAN,630,TIRO2-FALLADO,VISITANTE,24,"OKO-OBOH, EMMANUEL",4,1:37,49,97
130884,01/06/2026,VEN,CAN,631,REBOTE-OFENSIVO,VISITANTE,,,4,1:37,49,97
130884,01/06/2026,VEN,CAN,632,CANASTA-2P,VISITANTE,6,"WALTERS, KYMANI",4,1:31,49,99
130884,01/06/2026,VEN,CAN,633,ASISTENCIA,VISITANTE,5,"YUGU, SETTIMO",4,1:31,49,99
130884,01/06/2026,VEN,CAN,634,FALTA-COMETIDA,LOCAL,26,"SOTO, DIEGO",4,1:31,49,99
130884,01/06/2026,VEN,CAN,635,FALTA-RECIBIDA,VISITANTE,6,"WALTERS, KYMANI",4,1:31,49,99
130884,01/06/2026,VEN,CAN,636,CANASTA-1P,VISITANTE,6,"WALTERS, KYMANI",4,1:31,49,100
130884,01/06/2026,VEN,CAN,637,FALTA-COMETIDA,VISITANTE,6,"WALTERS, KYMANI",4,1:09,49,100
130884,01/06/2026,VEN,CAN,638,FALTA-RECIBIDA,LOCAL,26,"SOTO, DIEGO",4,1:09,49,100
130884,01/06/2026,VEN,CAN,639,CAMBIO-JUGADOR-SALE,VISITANTE,6,"WALTERS, KYMANI",4,1:09,49,100
130884,01/06/2026,VEN,CAN,640,CAMBIO-JUGADOR-ENTRA,VISITANTE,22,"VIGNEAULT, MATEO",4,1:09,49,100
130884,01/06/2026,VEN,CAN,641,CANASTA-1P,LOCAL,26,"SOTO, DIEGO",4,1:09,50,100
130884,01/06/2026,VEN,CAN,642,CANASTA-1P,LOCAL,26,"SOTO, DIEGO",4,1:09,51,100
130884,01/06/2026,VEN,CAN,643,CANASTA-2P,VISITANTE,2,"OLAJUWON, ABDUL-MALIK",4,0:56,51,102
130884,01/06/2026,VEN,CAN,644,TIRO2-FALLADO,LOCAL,30,"BENITEZ, LEONARDO",4,0:32,51,102
130884,01/06/2026,VEN,CAN,645,REBOTE-DEFENSIVO,VISITANTE,24,"OKO-OBOH, EMMANUEL",4,0:28,51,102
130884,01/06/2026,VEN,CAN,646,FALTA-COMETIDA,LOCAL,30,"BENITEZ, LEONARDO",4,0:25,51,102
130884,01/06/2026,VEN,CAN,647,FALTA-RECIBIDA,VISITANTE,4,"OKOKOH, GODSON",4,0:25,51,102
130884,01/06/2026,VEN,CAN,648,TIRO1-FALLADO,VISITANTE,4,"OKOKOH, GODSON",4,0:25,51,102
130884,01/06/2026,VEN,CAN,649,TIRO1-FALLADO,VISITANTE,4,"OKOKOH, GODSON",4,0:25,51,102
130884,01/06/2026,VEN,CAN,650,REBOTE-DEFENSIVO,LOCAL,,,4,0:23,51,102
130884,01/06/2026,VEN,CAN,651,TIRO2-FALLADO,LOCAL,20,"MONTERO, ISAAC",4,0:06,51,102
130884,01/06/2026,VEN,CAN,652,REBOTE-DEFENSIVO,VISITANTE,5,"YUGU, SETTIMO",4,0:04,51,102
130884,01/06/2026,VEN,CAN,653,CANASTA-3P,VISITANTE,22,"VIGNEAULT, MATEO",4,0:01,51,105
130884,01/06/2026,VEN,CAN,654,ASISTENCIA,VISITANTE,5,"YUGU, SETTIMO",4,0:01,51,105
130884,01/06/2026,VEN,CAN,655,FINAL-PERIODO,,,,4,0:00,51,105
130884,01/06/2026,VEN,CAN,656,FINAL-PARTIDO,,,,4,0:00,51,105
