IdPartido,Fecha,Equipo_local,Equipo_visitante,Local,Equipo,Dorsal,Periodo,Tipo,Resultado,Zona,Left_pct,Top_pct
v2gPRArUwoSLVE9l4YHKOTZBHdcWxQeAU8ZXQEQ9z7h4IxjGFpnb5lQw==,28/09/2026,LANÚS,GIMNASIA (CR),True,LANÚS,12,4,TIRO3,CONVERTIDO,Z10-IZ,7.78,87.28
v2gPRArUwoSLVE9l4YHKOTZBHdcWxQeAU8ZXQEQ9z7h4IxjGFpnb5lQw==,28/09/2026,LANÚS,GIMNASIA (CR),True,LANÚS,10,4,TIRO3,FALLADO,Z13-IZ,28.95,24.28
v2gPRArUwoSLVE9l4YHKOTZBHdcWxQeAU8ZXQEQ9z7h4IxjGFpnb5lQw==,28/09/2026,LANÚS,GIMNASIA (CR),False,GIMNASIA (CR),4,4,TIRO3,FALLADO,Z12-DE,65.45,58.0
v2gPRArUwoSLVE9l4YHKOTZBHdcWxQeAU8ZXQEQ9z7h4IxjGFpnb5lQw==,28/09/2026,LANÚS,GIMNASIA (CR),True,LANÚS,10,4,TIRO3,FALLADO,Z14-IZ,7.44,8.48
v2gPRArUwoSLVE9l4YHKOTZBHdcWxQeAU8ZXQEQ9z7h4IxjGFpnb5lQw==,28/09/2026,LANÚS,GIMNASIA (CR),False,GIMNASIA (CR),11,4,TIRO2,FALLADO,Z1-DE,87.07,49.9
v2gPRArUwoSLVE9l4YHKOTZBHdcWxQeAU8ZXQEQ9z7h4IxjGFpnb5lQw==,28/09/2026,LANÚS,GIMNASIA (CR),True,LANÚS,12,4,TIRO3,CONVERTIDO,FRANJA-SUPERIOR,10.3,7.13
v2gPRArUwoSLVE9l4YHKOTZBHdcWxQeAU8ZXQEQ9z7h4IxjGFpnb5lQw==,28/09/2026,LANÚS,GIMNASIA (CR),False,GIMNASIA (CR),5,4,TIRO2,CONVERTIDO,Z2-DE,84.78,37.76
v2gPRArUwoSLVE9l4YHKOTZBHdcWxQeAU8ZXQEQ9z7h4IxjGFpnb5lQw==,28/09/2026,LANÚS,GIMNASIA (CR),False,GIMNASIA (CR),11,4,TIRO2,FALLADO,Z2-DE,86.5,37.76
v2gPRArUwoSLVE9l4YHKOTZBHdcWxQeAU8ZXQEQ9z7h4IxjGFpnb5lQw==,28/09/2026,LANÚS,GIMNASIA (CR),False,GIMNASIA (CR),11,4,TIRO2,FALLADO,Z3-DE,81.24,47.21
v2gPRArUwoSLVE9l4YHKOTZBHdcWxQeAU8ZXQEQ9z7h4IxjGFpnb5lQw==,28/09/2026,LANÚS,GIMNASIA (CR),False,GIMNASIA (CR),12,4,TIRO3,FALLADO,Z11-DE,67.16,28.9
v2gPRArUwoSLVE9l4YHKOTZBHdcWxQeAU8ZXQEQ9z7h4IxjGFpnb5lQw==,28/09/2026,LANÚS,GIMNASIA (CR),True,LANÚS,12,4,TIRO2,CONVERTIDO,Z1-IZ,11.78,46.63
v2gPRArUwoSLVE9l4YHKOTZBHdcWxQeAU8ZXQEQ9z7h4IxjGFpnb5lQw==,28/09/2026,LANÚS,GIMNASIA (CR),False,GIMNASIA (CR),33,4,TIRO2,FALLADO,Z1-DE,86.61,57.03
v2gPRArUwoSLVE9l4YHKOTZBHdcWxQeAU8ZXQEQ9z7h4IxjGFpnb5lQw==,28/09/2026,LANÚS,GIMNASIA (CR),True,LANÚS,7,4,TIRO2,CONVERTIDO,Z1-IZ,10.64,48.55
v2gPRArUwoSLVE9l4YHKOTZBHdcWxQeAU8ZXQEQ9z7h4IxjGFpnb5lQw==,28/09/2026,LANÚS,GIMNASIA (CR),False,GIMNASIA (CR),12,4,TIRO3,FALLADO,Z12-DE,66.82,45.09
v2gPRArUwoSLVE9l4YHKOTZBHdcWxQeAU8ZXQEQ9z7h4IxjGFpnb5lQw==,28/09/2026,LANÚS,GIMNASIA (CR),True,LANÚS,7,4,TIRO2,CONVERTIDO,Z1-IZ,13.84,41.04
v2gPRArUwoSLVE9l4YHKOTZBHdcWxQeAU8ZXQEQ9z7h4IxjGFpnb5lQw==,28/09/2026,LANÚS,GIMNASIA (CR),False,GIMNASIA (CR),5,4,TIRO2,CONVERTIDO,Z2-DE,86.5,30.06
v2gPRArUwoSLVE9l4YHKOTZBHdcWxQeAU8ZXQEQ9z7h4IxjGFpnb5lQw==,28/09/2026,LANÚS,GIMNASIA (CR),True,LANÚS,7,4,TIRO2,FALLADO,Z4-IZ,12.93,35.26
v2gPRArUwoSLVE9l4YHKOTZBHdcWxQeAU8ZXQEQ9z7h4IxjGFpnb5lQw==,28/09/2026,LANÚS,GIMNASIA (CR),False,GIMNASIA (CR),88,4,TIRO3,CONVERTIDO,Z10-DE,87.99,9.06
v2gPRArUwoSLVE9l4YHKOTZBHdcWxQeAU8ZXQEQ9z7h4IxjGFpnb5lQw==,28/09/2026,LANÚS,GIMNASIA (CR),True,LANÚS,7,4,TIRO3,CONVERTIDO,Z13-IZ,25.29,18.88
v2gPRArUwoSLVE9l4YHKOTZBHdcWxQeAU8ZXQEQ9z7h4IxjGFpnb5lQw==,28/09/2026,LANÚS,GIMNASIA (CR),False,GIMNASIA (CR),88,4,TIRO3,CONVERTIDO,Z13-DE,81.35,85.93
v2gPRArUwoSLVE9l4YHKOTZBHdcWxQeAU8ZXQEQ9z7h4IxjGFpnb5lQw==,28/09/2026,LANÚS,GIMNASIA (CR),True,LANÚS,7,4,TIRO2,CONVERTIDO,Z1-IZ,10.87,46.05
v2gPRArUwoSLVE9l4YHKOTZBHdcWxQeAU8ZXQEQ9z7h4IxjGFpnb5lQw==,28/09/2026,LANÚS,GIMNASIA (CR),False,GIMNASIA (CR),5,4,TIRO3,FALLADO,Z11-DE,71.4,20.81
v2gPRArUwoSLVE9l4YHKOTZBHdcWxQeAU8ZXQEQ9z7h4IxjGFpnb5lQw==,28/09/2026,LANÚS,GIMNASIA (CR),True,LANÚS,7,4,TIRO3,FALLADO,Z12-IZ,33.52,63.2
v2gPRArUwoSLVE9l4YHKOTZBHdcWxQeAU8ZXQEQ9z7h4IxjGFpnb5lQw==,28/09/2026,LANÚS,GIMNASIA (CR),False,GIMNASIA (CR),33,4,TIRO2,CONVERTIDO,Z1-DE,87.87,50.1
v2gPRArUwoSLVE9l4YHKOTZBHdcWxQeAU8ZXQEQ9z7h4IxjGFpnb5lQw==,28/09/2026,LANÚS,GIMNASIA (CR),False,GIMNASIA (CR),88,4,TIRO3,CONVERTIDO,Z10-DE,87.53,9.25
v2gPRArUwoSLVE9l4YHKOTZBHdcWxQeAU8ZXQEQ9z7h4IxjGFpnb5lQw==,28/09/2026,LANÚS,GIMNASIA (CR),True,LANÚS,7,4,TIRO2,CONVERTIDO,Z1-IZ,11.33,48.75
v2gPRArUwoSLVE9l4YHKOTZBHdcWxQeAU8ZXQEQ9z7h4IxjGFpnb5lQw==,28/09/2026,LANÚS,GIMNASIA (CR),False,GIMNASIA (CR),33,4,TIRO2,FALLADO,Z2-DE,83.87,35.45
v2gPRArUwoSLVE9l4YHKOTZBHdcWxQeAU8ZXQEQ9z7h4IxjGFpnb5lQw==,28/09/2026,LANÚS,GIMNASIA (CR),True,LANÚS,10,4,TIRO2,CONVERTIDO,Z1-IZ,12.93,51.06
v2gPRArUwoSLVE9l4YHKOTZBHdcWxQeAU8ZXQEQ9z7h4IxjGFpnb5lQw==,28/09/2026,LANÚS,GIMNASIA (CR),False,GIMNASIA (CR),33,4,TIRO2,CONVERTIDO,Z1-DE,88.1,51.64
v2gPRArUwoSLVE9l4YHKOTZBHdcWxQeAU8ZXQEQ9z7h4IxjGFpnb5lQw==,28/09/2026,LANÚS,GIMNASIA (CR),True,LANÚS,32,3,TIRO3,FALLADO,Z10-IZ,7.78,87.86
v2gPRArUwoSLVE9l4YHKOTZBHdcWxQeAU8ZXQEQ9z7h4IxjGFpnb5lQw==,28/09/2026,LANÚS,GIMNASIA (CR),True,LANÚS,9,3,TIRO2,FALLADO,Z2-IZ,13.96,62.04
v2gPRArUwoSLVE9l4YHKOTZBHdcWxQeAU8ZXQEQ9z7h4IxjGFpnb5lQw==,28/09/2026,LANÚS,GIMNASIA (CR),False,GIMNASIA (CR),88,3,TIRO3,CONVERTIDO,Z10-DE,89.24,8.48
v2gPRArUwoSLVE9l4YHKOTZBHdcWxQeAU8ZXQEQ9z7h4IxjGFpnb5lQw==,28/09/2026,LANÚS,GIMNASIA (CR),True,LANÚS,11,3,TIRO2,FALLADO,Z1-IZ,12.01,62.62
v2gPRArUwoSLVE9l4YHKOTZBHdcWxQeAU8ZXQEQ9z7h4IxjGFpnb5lQw==,28/09/2026,LANÚS,GIMNASIA (CR),False,GIMNASIA (CR),10,3,TIRO3,FALLADO,Z11-DE,74.71,16.76
v2gPRArUwoSLVE9l4YHKOTZBHdcWxQeAU8ZXQEQ9z7h4IxjGFpnb5lQw==,28/09/2026,LANÚS,GIMNASIA (CR),True,LANÚS,3,3,TIRO3,FALLADO,Z13-IZ,27.23,19.85
v2gPRArUwoSLVE9l4YHKOTZBHdcWxQeAU8ZXQEQ9z7h4IxjGFpnb5lQw==,28/09/2026,LANÚS,GIMNASIA (CR),False,GIMNASIA (CR),10,3,TIRO3,FALLADO,Z11-DE,66.93,36.03
v2gPRArUwoSLVE9l4YHKOTZBHdcWxQeAU8ZXQEQ9z7h4IxjGFpnb5lQw==,28/09/2026,LANÚS,GIMNASIA (CR),False,GIMNASIA (CR),10,3,TIRO2,FALLADO,Z6-DE,75.97,31.6
v2gPRArUwoSLVE9l4YHKOTZBHdcWxQeAU8ZXQEQ9z7h4IxjGFpnb5lQw==,28/09/2026,LANÚS,GIMNASIA (CR),True,LANÚS,32,3,TIRO3,FALLADO,Z13-IZ,28.6,20.23
v2gPRArUwoSLVE9l4YHKOTZBHdcWxQeAU8ZXQEQ9z7h4IxjGFpnb5lQw==,28/09/2026,LANÚS,GIMNASIA (CR),False,GIMNASIA (CR),5,3,TIRO3,CONVERTIDO,Z10-DE,92.33,8.67
v2gPRArUwoSLVE9l4YHKOTZBHdcWxQeAU8ZXQEQ9z7h4IxjGFpnb5lQw==,28/09/2026,LANÚS,GIMNASIA (CR),False,GIMNASIA (CR),14,3,TIRO2,CONVERTIDO,Z1-DE,87.76,45.86
v2gPRArUwoSLVE9l4YHKOTZBHdcWxQeAU8ZXQEQ9z7h4IxjGFpnb5lQw==,28/09/2026,LANÚS,GIMNASIA (CR),False,GIMNASIA (CR),5,3,TIRO2,FALLADO,Z2-DE,79.98,36.42
v2gPRArUwoSLVE9l4YHKOTZBHdcWxQeAU8ZXQEQ9z7h4IxjGFpnb5lQw==,28/09/2026,LANÚS,GIMNASIA (CR),False,GIMNASIA (CR),9,3,TIRO2,FALLADO,Z1-DE,84.55,47.21
v2gPRArUwoSLVE9l4YHKOTZBHdcWxQeAU8ZXQEQ9z7h4IxjGFpnb5lQw==,28/09/2026,LANÚS,GIMNASIA (CR),True,LANÚS,7,3,TIRO2,CONVERTIDO,Z1-IZ,11.9,48.36
v2gPRArUwoSLVE9l4YHKOTZBHdcWxQeAU8ZXQEQ9z7h4IxjGFpnb5lQw==,28/09/2026,LANÚS,GIMNASIA (CR),False,GIMNASIA (CR),10,3,TIRO3,FALLADO,Z10-DE,89.59,8.67
v2gPRArUwoSLVE9l4YHKOTZBHdcWxQeAU8ZXQEQ9z7h4IxjGFpnb5lQw==,28/09/2026,LANÚS,GIMNASIA (CR),True,LANÚS,22,3,TIRO2,CONVERTIDO,Z1-IZ,12.01,45.28
v2gPRArUwoSLVE9l4YHKOTZBHdcWxQeAU8ZXQEQ9z7h4IxjGFpnb5lQw==,28/09/2026,LANÚS,GIMNASIA (CR),True,LANÚS,32,3,TIRO2,FALLADO,Z2-IZ,13.39,64.35
v2gPRArUwoSLVE9l4YHKOTZBHdcWxQeAU8ZXQEQ9z7h4IxjGFpnb5lQw==,28/09/2026,LANÚS,GIMNASIA (CR),False,GIMNASIA (CR),0,3,TIRO3,FALLADO,Z13-DE,68.99,66.67
v2gPRArUwoSLVE9l4YHKOTZBHdcWxQeAU8ZXQEQ9z7h4IxjGFpnb5lQw==,28/09/2026,LANÚS,GIMNASIA (CR),True,LANÚS,32,3,TIRO3,CONVERTIDO,Z13-IZ,28.26,22.35
v2gPRArUwoSLVE9l4YHKOTZBHdcWxQeAU8ZXQEQ9z7h4IxjGFpnb5lQw==,28/09/2026,LANÚS,GIMNASIA (CR),True,LANÚS,32,3,TIRO3,CONVERTIDO,Z12-IZ,36.16,45.28
v2gPRArUwoSLVE9l4YHKOTZBHdcWxQeAU8ZXQEQ9z7h4IxjGFpnb5lQw==,28/09/2026,LANÚS,GIMNASIA (CR),True,LANÚS,33,3,TIRO2,FALLADO,Z1-IZ,11.78,42.0
v2gPRArUwoSLVE9l4YHKOTZBHdcWxQeAU8ZXQEQ9z7h4IxjGFpnb5lQw==,28/09/2026,LANÚS,GIMNASIA (CR),False,GIMNASIA (CR),12,3,TIRO3,CONVERTIDO,Z10-DE,86.04,8.67
v2gPRArUwoSLVE9l4YHKOTZBHdcWxQeAU8ZXQEQ9z7h4IxjGFpnb5lQw==,28/09/2026,LANÚS,GIMNASIA (CR),True,LANÚS,22,3,TIRO3,CONVERTIDO,Z11-IZ,32.72,65.13
v2gPRArUwoSLVE9l4YHKOTZBHdcWxQeAU8ZXQEQ9z7h4IxjGFpnb5lQw==,28/09/2026,LANÚS,GIMNASIA (CR),False,GIMNASIA (CR),9,3,TIRO2,CONVERTIDO,Z1-DE,87.64,50.67
v2gPRArUwoSLVE9l4YHKOTZBHdcWxQeAU8ZXQEQ9z7h4IxjGFpnb5lQw==,28/09/2026,LANÚS,GIMNASIA (CR),False,GIMNASIA (CR),2,3,TIRO3,CONVERTIDO,Z11-DE,74.03,17.53
v2gPRArUwoSLVE9l4YHKOTZBHdcWxQeAU8ZXQEQ9z7h4IxjGFpnb5lQw==,28/09/2026,LANÚS,GIMNASIA (CR),True,LANÚS,33,3,TIRO3,FALLADO,Z13-IZ,26.66,16.38
v2gPRArUwoSLVE9l4YHKOTZBHdcWxQeAU8ZXQEQ9z7h4IxjGFpnb5lQw==,28/09/2026,LANÚS,GIMNASIA (CR),False,GIMNASIA (CR),14,3,TIRO2,CONVERTIDO,Z1-DE,87.99,49.52
v2gPRArUwoSLVE9l4YHKOTZBHdcWxQeAU8ZXQEQ9z7h4IxjGFpnb5lQw==,28/09/2026,LANÚS,GIMNASIA (CR),False,GIMNASIA (CR),9,3,TIRO2,CONVERTIDO,Z1-DE,87.76,45.47
v2gPRArUwoSLVE9l4YHKOTZBHdcWxQeAU8ZXQEQ9z7h4IxjGFpnb5lQw==,28/09/2026,LANÚS,GIMNASIA (CR),True,LANÚS,7,3,TIRO2,CONVERTIDO,Z1-IZ,9.38,42.39
v2gPRArUwoSLVE9l4YHKOTZBHdcWxQeAU8ZXQEQ9z7h4IxjGFpnb5lQw==,28/09/2026,LANÚS,GIMNASIA (CR),True,LANÚS,12,3,TIRO2,FALLADO,Z1-IZ,13.04,50.67
v2gPRArUwoSLVE9l4YHKOTZBHdcWxQeAU8ZXQEQ9z7h4IxjGFpnb5lQw==,28/09/2026,LANÚS,GIMNASIA (CR),True,LANÚS,9,2,TIRO2,FALLADO,Z3-IZ,19.22,46.44
v2gPRArUwoSLVE9l4YHKOTZBHdcWxQeAU8ZXQEQ9z7h4IxjGFpnb5lQw==,28/09/2026,LANÚS,GIMNASIA (CR),True,LANÚS,12,2,TIRO2,CONVERTIDO,Z1-IZ,12.13,54.14
v2gPRArUwoSLVE9l4YHKOTZBHdcWxQeAU8ZXQEQ9z7h4IxjGFpnb5lQw==,28/09/2026,LANÚS,GIMNASIA (CR),False,GIMNASIA (CR),5,2,TIRO3,CONVERTIDO,Z12-DE,66.93,59.34
v2gPRArUwoSLVE9l4YHKOTZBHdcWxQeAU8ZXQEQ9z7h4IxjGFpnb5lQw==,28/09/2026,LANÚS,GIMNASIA (CR),False,GIMNASIA (CR),5,2,TIRO3,CONVERTIDO,Z12-DE,67.16,38.73
v2gPRArUwoSLVE9l4YHKOTZBHdcWxQeAU8ZXQEQ9z7h4IxjGFpnb5lQw==,28/09/2026,LANÚS,GIMNASIA (CR),True,LANÚS,32,2,TIRO2,FALLADO,Z4-IZ,17.28,38.54
v2gPRArUwoSLVE9l4YHKOTZBHdcWxQeAU8ZXQEQ9z7h4IxjGFpnb5lQw==,28/09/2026,LANÚS,GIMNASIA (CR),False,GIMNASIA (CR),14,2,TIRO2,CONVERTIDO,Z1-DE,88.79,51.06
v2gPRArUwoSLVE9l4YHKOTZBHdcWxQeAU8ZXQEQ9z7h4IxjGFpnb5lQw==,28/09/2026,LANÚS,GIMNASIA (CR),True,LANÚS,33,2,TIRO3,FALLADO,Z13-IZ,28.95,26.01
v2gPRArUwoSLVE9l4YHKOTZBHdcWxQeAU8ZXQEQ9z7h4IxjGFpnb5lQw==,28/09/2026,LANÚS,GIMNASIA (CR),False,GIMNASIA (CR),5,2,TIRO3,CONVERTIDO,Z11-DE,79.86,14.26
v2gPRArUwoSLVE9l4YHKOTZBHdcWxQeAU8ZXQEQ9z7h4IxjGFpnb5lQw==,28/09/2026,LANÚS,GIMNASIA (CR),False,GIMNASIA (CR),5,2,TIRO3,CONVERTIDO,Z14-DE,92.11,91.71
v2gPRArUwoSLVE9l4YHKOTZBHdcWxQeAU8ZXQEQ9z7h4IxjGFpnb5lQw==,28/09/2026,LANÚS,GIMNASIA (CR),False,GIMNASIA (CR),12,2,TIRO2,FALLADO,Z4-DE,79.63,68.98
v2gPRArUwoSLVE9l4YHKOTZBHdcWxQeAU8ZXQEQ9z7h4IxjGFpnb5lQw==,28/09/2026,LANÚS,GIMNASIA (CR),True,LANÚS,12,2,TIRO3,FALLADO,Z13-IZ,23.46,17.73
v2gPRArUwoSLVE9l4YHKOTZBHdcWxQeAU8ZXQEQ9z7h4IxjGFpnb5lQw==,28/09/2026,LANÚS,GIMNASIA (CR),False,GIMNASIA (CR),88,2,TIRO3,FALLADO,Z11-DE,79.06,15.99
v2gPRArUwoSLVE9l4YHKOTZBHdcWxQeAU8ZXQEQ9z7h4IxjGFpnb5lQw==,28/09/2026,LANÚS,GIMNASIA (CR),False,GIMNASIA (CR),2,2,TIRO3,FALLADO,Z14-DE,93.71,91.71
v2gPRArUwoSLVE9l4YHKOTZBHdcWxQeAU8ZXQEQ9z7h4IxjGFpnb5lQw==,28/09/2026,LANÚS,GIMNASIA (CR),False,GIMNASIA (CR),33,2,TIRO2,CONVERTIDO,Z3-DE,78.03,51.06
v2gPRArUwoSLVE9l4YHKOTZBHdcWxQeAU8ZXQEQ9z7h4IxjGFpnb5lQw==,28/09/2026,LANÚS,GIMNASIA (CR),True,LANÚS,11,2,TIRO3,FALLADO,Z13-IZ,25.74,21.39
v2gPRArUwoSLVE9l4YHKOTZBHdcWxQeAU8ZXQEQ9z7h4IxjGFpnb5lQw==,28/09/2026,LANÚS,GIMNASIA (CR),False,GIMNASIA (CR),5,2,TIRO2,FALLADO,Z3-DE,77.8,51.45
v2gPRArUwoSLVE9l4YHKOTZBHdcWxQeAU8ZXQEQ9z7h4IxjGFpnb5lQw==,28/09/2026,LANÚS,GIMNASIA (CR),False,GIMNASIA (CR),11,2,TIRO2,FALLADO,Z1-DE,86.84,54.72
v2gPRArUwoSLVE9l4YHKOTZBHdcWxQeAU8ZXQEQ9z7h4IxjGFpnb5lQw==,28/09/2026,LANÚS,GIMNASIA (CR),False,GIMNASIA (CR),10,2,TIRO3,FALLADO,Z10-DE,93.25,11.75
v2gPRArUwoSLVE9l4YHKOTZBHdcWxQeAU8ZXQEQ9z7h4IxjGFpnb5lQw==,28/09/2026,LANÚS,GIMNASIA (CR),True,LANÚS,9,2,TIRO2,CONVERTIDO,Z1-IZ,14.07,51.83
v2gPRArUwoSLVE9l4YHKOTZBHdcWxQeAU8ZXQEQ9z7h4IxjGFpnb5lQw==,28/09/2026,LANÚS,GIMNASIA (CR),True,LANÚS,3,2,TIRO2,FALLADO,Z9-IZ,18.99,20.23
v2gPRArUwoSLVE9l4YHKOTZBHdcWxQeAU8ZXQEQ9z7h4IxjGFpnb5lQw==,28/09/2026,LANÚS,GIMNASIA (CR),False,GIMNASIA (CR),33,2,TIRO2,CONVERTIDO,Z1-DE,88.33,57.03
v2gPRArUwoSLVE9l4YHKOTZBHdcWxQeAU8ZXQEQ9z7h4IxjGFpnb5lQw==,28/09/2026,LANÚS,GIMNASIA (CR),False,GIMNASIA (CR),88,2,TIRO3,CONVERTIDO,Z14-DE,89.36,89.6
v2gPRArUwoSLVE9l4YHKOTZBHdcWxQeAU8ZXQEQ9z7h4IxjGFpnb5lQw==,28/09/2026,LANÚS,GIMNASIA (CR),False,GIMNASIA (CR),5,2,TIRO2,CONVERTIDO,Z8-DE,75.86,66.09
v2gPRArUwoSLVE9l4YHKOTZBHdcWxQeAU8ZXQEQ9z7h4IxjGFpnb5lQw==,28/09/2026,LANÚS,GIMNASIA (CR),True,LANÚS,10,2,TIRO3,CONVERTIDO,Z11-IZ,19.91,88.44
v2gPRArUwoSLVE9l4YHKOTZBHdcWxQeAU8ZXQEQ9z7h4IxjGFpnb5lQw==,28/09/2026,LANÚS,GIMNASIA (CR),False,GIMNASIA (CR),11,2,TIRO2,CONVERTIDO,Z1-DE,88.56,47.78
v2gPRArUwoSLVE9l4YHKOTZBHdcWxQeAU8ZXQEQ9z7h4IxjGFpnb5lQw==,28/09/2026,LANÚS,GIMNASIA (CR),False,GIMNASIA (CR),5,2,TIRO2,FALLADO,Z1-DE,90.73,55.68
v2gPRArUwoSLVE9l4YHKOTZBHdcWxQeAU8ZXQEQ9z7h4IxjGFpnb5lQw==,28/09/2026,LANÚS,GIMNASIA (CR),True,LANÚS,9,2,TIRO2,CONVERTIDO,Z3-IZ,21.28,45.09
v2gPRArUwoSLVE9l4YHKOTZBHdcWxQeAU8ZXQEQ9z7h4IxjGFpnb5lQw==,28/09/2026,LANÚS,GIMNASIA (CR),False,GIMNASIA (CR),10,1,TIRO3,FALLADO,Z13-DE,73.57,83.24
v2gPRArUwoSLVE9l4YHKOTZBHdcWxQeAU8ZXQEQ9z7h4IxjGFpnb5lQw==,28/09/2026,LANÚS,GIMNASIA (CR),True,LANÚS,9,1,TIRO2,CONVERTIDO,Z1-IZ,14.07,52.99
v2gPRArUwoSLVE9l4YHKOTZBHdcWxQeAU8ZXQEQ9z7h4IxjGFpnb5lQw==,28/09/2026,LANÚS,GIMNASIA (CR),False,GIMNASIA (CR),10,1,TIRO2,FALLADO,Z1-DE,89.02,48.36
v2gPRArUwoSLVE9l4YHKOTZBHdcWxQeAU8ZXQEQ9z7h4IxjGFpnb5lQw==,28/09/2026,LANÚS,GIMNASIA (CR),True,LANÚS,33,1,TIRO3,FALLADO,Z12-IZ,34.9,53.76
v2gPRArUwoSLVE9l4YHKOTZBHdcWxQeAU8ZXQEQ9z7h4IxjGFpnb5lQw==,28/09/2026,LANÚS,GIMNASIA (CR),False,GIMNASIA (CR),9,1,TIRO2,CONVERTIDO,Z1-DE,89.13,60.89
v2gPRArUwoSLVE9l4YHKOTZBHdcWxQeAU8ZXQEQ9z7h4IxjGFpnb5lQw==,28/09/2026,LANÚS,GIMNASIA (CR),True,LANÚS,9,1,TIRO2,CONVERTIDO,Z1-IZ,12.13,53.76
v2gPRArUwoSLVE9l4YHKOTZBHdcWxQeAU8ZXQEQ9z7h4IxjGFpnb5lQw==,28/09/2026,LANÚS,GIMNASIA (CR),False,GIMNASIA (CR),0,1,TIRO2,CONVERTIDO,Z1-DE,89.47,51.25
v2gPRArUwoSLVE9l4YHKOTZBHdcWxQeAU8ZXQEQ9z7h4IxjGFpnb5lQw==,28/09/2026,LANÚS,GIMNASIA (CR),True,LANÚS,3,1,TIRO3,FALLADO,Z13-IZ,23.91,17.73
v2gPRArUwoSLVE9l4YHKOTZBHdcWxQeAU8ZXQEQ9z7h4IxjGFpnb5lQw==,28/09/2026,LANÚS,GIMNASIA (CR),True,LANÚS,32,1,TIRO3,FALLADO,Z11-IZ,21.85,87.67
v2gPRArUwoSLVE9l4YHKOTZBHdcWxQeAU8ZXQEQ9z7h4IxjGFpnb5lQw==,28/09/2026,LANÚS,GIMNASIA (CR),False,GIMNASIA (CR),0,1,TIRO2,CONVERTIDO,Z4-DE,87.3,63.01
v2gPRArUwoSLVE9l4YHKOTZBHdcWxQeAU8ZXQEQ9z7h4IxjGFpnb5lQw==,28/09/2026,LANÚS,GIMNASIA (CR),True,LANÚS,9,1,TIRO2,CONVERTIDO,Z1-IZ,11.9,53.95
v2gPRArUwoSLVE9l4YHKOTZBHdcWxQeAU8ZXQEQ9z7h4IxjGFpnb5lQw==,28/09/2026,LANÚS,GIMNASIA (CR),False,GIMNASIA (CR),5,1,TIRO2,CONVERTIDO,Z1-DE,89.24,53.37
v2gPRArUwoSLVE9l4YHKOTZBHdcWxQeAU8ZXQEQ9z7h4IxjGFpnb5lQw==,28/09/2026,LANÚS,GIMNASIA (CR),True,LANÚS,3,1,TIRO3,FALLADO,Z11-IZ,23.23,84.78
v2gPRArUwoSLVE9l4YHKOTZBHdcWxQeAU8ZXQEQ9z7h4IxjGFpnb5lQw==,28/09/2026,LANÚS,GIMNASIA (CR),False,GIMNASIA (CR),5,1,TIRO2,CONVERTIDO,Z4-DE,89.02,74.95
v2gPRArUwoSLVE9l4YHKOTZBHdcWxQeAU8ZXQEQ9z7h4IxjGFpnb5lQw==,28/09/2026,LANÚS,GIMNASIA (CR),True,LANÚS,32,1,TIRO3,FALLADO,Z11-IZ,32.61,68.21
v2gPRArUwoSLVE9l4YHKOTZBHdcWxQeAU8ZXQEQ9z7h4IxjGFpnb5lQw==,28/09/2026,LANÚS,GIMNASIA (CR),False,GIMNASIA (CR),12,1,TIRO3,CONVERTIDO,FRANJA-INFERIOR,93.36,93.45
v2gPRArUwoSLVE9l4YHKOTZBHdcWxQeAU8ZXQEQ9z7h4IxjGFpnb5lQw==,28/09/2026,LANÚS,GIMNASIA (CR),True,LANÚS,33,1,TIRO2,FALLADO,Z1-IZ,13.04,59.92
v2gPRArUwoSLVE9l4YHKOTZBHdcWxQeAU8ZXQEQ9z7h4IxjGFpnb5lQw==,28/09/2026,LANÚS,GIMNASIA (CR),False,GIMNASIA (CR),0,1,TIRO3,CONVERTIDO,Z11-DE,71.17,26.59
v2gPRArUwoSLVE9l4YHKOTZBHdcWxQeAU8ZXQEQ9z7h4IxjGFpnb5lQw==,28/09/2026,LANÚS,GIMNASIA (CR),False,GIMNASIA (CR),14,1,TIRO2,FALLADO,Z1-DE,85.58,52.22
v2gPRArUwoSLVE9l4YHKOTZBHdcWxQeAU8ZXQEQ9z7h4IxjGFpnb5lQw==,28/09/2026,LANÚS,GIMNASIA (CR),False,GIMNASIA (CR),14,1,TIRO2,CONVERTIDO,Z1-DE,89.82,55.68
v2gPRArUwoSLVE9l4YHKOTZBHdcWxQeAU8ZXQEQ9z7h4IxjGFpnb5lQw==,28/09/2026,LANÚS,GIMNASIA (CR),True,LANÚS,12,1,TIRO2,CONVERTIDO,Z1-IZ,11.78,55.3
v2gPRArUwoSLVE9l4YHKOTZBHdcWxQeAU8ZXQEQ9z7h4IxjGFpnb5lQw==,28/09/2026,LANÚS,GIMNASIA (CR),False,GIMNASIA (CR),12,1,TIRO2,CONVERTIDO,Z1-DE,88.33,47.78
v2gPRArUwoSLVE9l4YHKOTZBHdcWxQeAU8ZXQEQ9z7h4IxjGFpnb5lQw==,28/09/2026,LANÚS,GIMNASIA (CR),True,LANÚS,33,1,TIRO2,FALLADO,Z2-IZ,13.27,67.63
v2gPRArUwoSLVE9l4YHKOTZBHdcWxQeAU8ZXQEQ9z7h4IxjGFpnb5lQw==,28/09/2026,LANÚS,GIMNASIA (CR),False,GIMNASIA (CR),9,1,TIRO3,FALLADO,Z13-DE,76.43,85.55
v2gPRArUwoSLVE9l4YHKOTZBHdcWxQeAU8ZXQEQ9z7h4IxjGFpnb5lQw==,28/09/2026,LANÚS,GIMNASIA (CR),True,LANÚS,7,1,TIRO2,FALLADO,Z2-IZ,16.48,65.13
v2gPRArUwoSLVE9l4YHKOTZBHdcWxQeAU8ZXQEQ9z7h4IxjGFpnb5lQw==,28/09/2026,LANÚS,GIMNASIA (CR),True,LANÚS,12,1,TIRO3,FALLADO,Z13-IZ,26.54,21.58
v2gPRArUwoSLVE9l4YHKOTZBHdcWxQeAU8ZXQEQ9z7h4IxjGFpnb5lQw==,28/09/2026,LANÚS,GIMNASIA (CR),False,GIMNASIA (CR),14,1,TIRO2,CONVERTIDO,Z1-DE,90.62,52.02
v2gPRArUwoSLVE9l4YHKOTZBHdcWxQeAU8ZXQEQ9z7h4IxjGFpnb5lQw==,28/09/2026,LANÚS,GIMNASIA (CR),False,GIMNASIA (CR),2,1,TIRO2,FALLADO,Z3-DE,80.21,56.07
v2gPRArUwoSLVE9l4YHKOTZBHdcWxQeAU8ZXQEQ9z7h4IxjGFpnb5lQw==,28/09/2026,LANÚS,GIMNASIA (CR),True,LANÚS,33,1,TIRO2,FALLADO,Z1-IZ,12.47,56.65
v2gPRArUwoSLVE9l4YHKOTZBHdcWxQeAU8ZXQEQ9z7h4IxjGFpnb5lQw==,28/09/2026,LANÚS,GIMNASIA (CR),False,GIMNASIA (CR),2,1,TIRO3,FALLADO,Z11-DE,74.94,20.23
v2gPRArUwoSLVE9l4YHKOTZBHdcWxQeAU8ZXQEQ9z7h4IxjGFpnb5lQw==,28/09/2026,LANÚS,GIMNASIA (CR),False,GIMNASIA (CR),12,1,TIRO3,FALLADO,Z11-DE,65.33,35.84
v2gPRArUwoSLVE9l4YHKOTZBHdcWxQeAU8ZXQEQ9z7h4IxjGFpnb5lQw==,28/09/2026,LANÚS,GIMNASIA (CR),True,LANÚS,7,1,TIRO2,CONVERTIDO,Z1-IZ,12.36,53.95
v2gPRArUwoSLVE9l4YHKOTZBHdcWxQeAU8ZXQEQ9z7h4IxjGFpnb5lQw==,28/09/2026,LANÚS,GIMNASIA (CR),False,GIMNASIA (CR),9,1,TIRO2,CONVERTIDO,Z1-DE,89.13,49.13
v2gPRArUwoSLVE9l4YHKOTZBHdcWxQeAU8ZXQEQ9z7h4IxjGFpnb5lQw==,28/09/2026,LANÚS,GIMNASIA (CR),False,GIMNASIA (CR),14,1,TIRO2,CONVERTIDO,Z1-DE,89.36,55.88
v2YkKxJl4ENbuXaiz3VqN2pv_CATCaygEvLyawmOpfcFKDhCInrskZyw==,30/09/2026,PEÑAROL (MDP),GIMNASIA (CR),False,GIMNASIA (CR),10,4,TIRO2,CONVERTIDO,Z1-DE,82.74,48.03
v2YkKxJl4ENbuXaiz3VqN2pv_CATCaygEvLyawmOpfcFKDhCInrskZyw==,30/09/2026,PEÑAROL (MDP),GIMNASIA (CR),True,PEÑAROL (MDP),3,4,TIRO2,FALLADO,Z2-IZ,16.55,64.1
v2YkKxJl4ENbuXaiz3VqN2pv_CATCaygEvLyawmOpfcFKDhCInrskZyw==,30/09/2026,PEÑAROL (MDP),GIMNASIA (CR),False,GIMNASIA (CR),5,4,TIRO3,FALLADO,Z13-DE,66.8,74.87
v2YkKxJl4ENbuXaiz3VqN2pv_CATCaygEvLyawmOpfcFKDhCInrskZyw==,30/09/2026,PEÑAROL (MDP),GIMNASIA (CR),False,GIMNASIA (CR),10,4,TIRO2,CONVERTIDO,Z3-DE,78.68,61.37
v2YkKxJl4ENbuXaiz3VqN2pv_CATCaygEvLyawmOpfcFKDhCInrskZyw==,30/09/2026,PEÑAROL (MDP),GIMNASIA (CR),True,PEÑAROL (MDP),99,4,TIRO3,FALLADO,Z13-IZ,31.47,20.51
v2YkKxJl4ENbuXaiz3VqN2pv_CATCaygEvLyawmOpfcFKDhCInrskZyw==,30/09/2026,PEÑAROL (MDP),GIMNASIA (CR),False,GIMNASIA (CR),5,4,TIRO3,FALLADO,Z11-DE,69.14,18.8
v2YkKxJl4ENbuXaiz3VqN2pv_CATCaygEvLyawmOpfcFKDhCInrskZyw==,30/09/2026,PEÑAROL (MDP),GIMNASIA (CR),True,PEÑAROL (MDP),18,4,TIRO2,CONVERTIDO,Z3-IZ,18.68,55.9
v2YkKxJl4ENbuXaiz3VqN2pv_CATCaygEvLyawmOpfcFKDhCInrskZyw==,30/09/2026,PEÑAROL (MDP),GIMNASIA (CR),False,GIMNASIA (CR),14,4,TIRO2,CONVERTIDO,Z2-DE,84.37,38.8
v2YkKxJl4ENbuXaiz3VqN2pv_CATCaygEvLyawmOpfcFKDhCInrskZyw==,30/09/2026,PEÑAROL (MDP),GIMNASIA (CR),False,GIMNASIA (CR),9,4,TIRO3,FALLADO,Z13-DE,68.53,82.05
v2YkKxJl4ENbuXaiz3VqN2pv_CATCaygEvLyawmOpfcFKDhCInrskZyw==,30/09/2026,PEÑAROL (MDP),GIMNASIA (CR),True,PEÑAROL (MDP),18,4,TIRO2,FALLADO,Z4-IZ,16.75,38.97
v2YkKxJl4ENbuXaiz3VqN2pv_CATCaygEvLyawmOpfcFKDhCInrskZyw==,30/09/2026,PEÑAROL (MDP),GIMNASIA (CR),True,PEÑAROL (MDP),10,4,TIRO3,FALLADO,Z13-IZ,37.46,16.41
v2YkKxJl4ENbuXaiz3VqN2pv_CATCaygEvLyawmOpfcFKDhCInrskZyw==,30/09/2026,PEÑAROL (MDP),GIMNASIA (CR),False,GIMNASIA (CR),9,4,TIRO3,FALLADO,Z13-DE,68.53,75.04
v2YkKxJl4ENbuXaiz3VqN2pv_CATCaygEvLyawmOpfcFKDhCInrskZyw==,30/09/2026,PEÑAROL (MDP),GIMNASIA (CR),False,GIMNASIA (CR),10,4,TIRO3,FALLADO,Z13-DE,62.23,69.91
v2YkKxJl4ENbuXaiz3VqN2pv_CATCaygEvLyawmOpfcFKDhCInrskZyw==,30/09/2026,PEÑAROL (MDP),GIMNASIA (CR),True,PEÑAROL (MDP),10,4,TIRO3,CONVERTIDO,Z13-IZ,28.93,21.37
v2YkKxJl4ENbuXaiz3VqN2pv_CATCaygEvLyawmOpfcFKDhCInrskZyw==,30/09/2026,PEÑAROL (MDP),GIMNASIA (CR),False,GIMNASIA (CR),5,4,TIRO2,CONVERTIDO,Z3-DE,82.64,55.9
v2YkKxJl4ENbuXaiz3VqN2pv_CATCaygEvLyawmOpfcFKDhCInrskZyw==,30/09/2026,PEÑAROL (MDP),GIMNASIA (CR),True,PEÑAROL (MDP),10,4,TIRO2,FALLADO,Z3-IZ,17.66,52.31
v2YkKxJl4ENbuXaiz3VqN2pv_CATCaygEvLyawmOpfcFKDhCInrskZyw==,30/09/2026,PEÑAROL (MDP),GIMNASIA (CR),False,GIMNASIA (CR),5,4,TIRO2,FALLADO,Z1-DE,85.69,40.17
v2YkKxJl4ENbuXaiz3VqN2pv_CATCaygEvLyawmOpfcFKDhCInrskZyw==,30/09/2026,PEÑAROL (MDP),GIMNASIA (CR),True,PEÑAROL (MDP),10,4,TIRO2,CONVERTIDO,Z3-IZ,17.97,47.52
v2YkKxJl4ENbuXaiz3VqN2pv_CATCaygEvLyawmOpfcFKDhCInrskZyw==,30/09/2026,PEÑAROL (MDP),GIMNASIA (CR),False,GIMNASIA (CR),9,4,TIRO2,CONVERTIDO,Z1-DE,85.08,42.56
v2YkKxJl4ENbuXaiz3VqN2pv_CATCaygEvLyawmOpfcFKDhCInrskZyw==,30/09/2026,PEÑAROL (MDP),GIMNASIA (CR),False,GIMNASIA (CR),9,4,TIRO2,CONVERTIDO,Z2-DE,85.28,38.97
v2YkKxJl4ENbuXaiz3VqN2pv_CATCaygEvLyawmOpfcFKDhCInrskZyw==,30/09/2026,PEÑAROL (MDP),GIMNASIA (CR),False,GIMNASIA (CR),9,4,TIRO2,CONVERTIDO,Z1-DE,83.86,42.05
v2YkKxJl4ENbuXaiz3VqN2pv_CATCaygEvLyawmOpfcFKDhCInrskZyw==,30/09/2026,PEÑAROL (MDP),GIMNASIA (CR),False,GIMNASIA (CR),5,4,TIRO2,FALLADO,Z3-DE,81.12,55.9
v2YkKxJl4ENbuXaiz3VqN2pv_CATCaygEvLyawmOpfcFKDhCInrskZyw==,30/09/2026,PEÑAROL (MDP),GIMNASIA (CR),True,PEÑAROL (MDP),22,4,TIRO2,CONVERTIDO,Z1-IZ,13.1,39.49
v2YkKxJl4ENbuXaiz3VqN2pv_CATCaygEvLyawmOpfcFKDhCInrskZyw==,30/09/2026,PEÑAROL (MDP),GIMNASIA (CR),True,PEÑAROL (MDP),4,4,TIRO3,FALLADO,Z12-IZ,36.85,48.03
v2YkKxJl4ENbuXaiz3VqN2pv_CATCaygEvLyawmOpfcFKDhCInrskZyw==,30/09/2026,PEÑAROL (MDP),GIMNASIA (CR),False,GIMNASIA (CR),10,4,TIRO3,FALLADO,Z13-DE,67.01,80.68
v2YkKxJl4ENbuXaiz3VqN2pv_CATCaygEvLyawmOpfcFKDhCInrskZyw==,30/09/2026,PEÑAROL (MDP),GIMNASIA (CR),True,PEÑAROL (MDP),4,4,TIRO2,FALLADO,Z4-IZ,13.3,33.33
v2YkKxJl4ENbuXaiz3VqN2pv_CATCaygEvLyawmOpfcFKDhCInrskZyw==,30/09/2026,PEÑAROL (MDP),GIMNASIA (CR),False,GIMNASIA (CR),10,4,TIRO3,CONVERTIDO,Z13-DE,64.97,76.07
v2YkKxJl4ENbuXaiz3VqN2pv_CATCaygEvLyawmOpfcFKDhCInrskZyw==,30/09/2026,PEÑAROL (MDP),GIMNASIA (CR),False,GIMNASIA (CR),5,4,TIRO2,CONVERTIDO,Z1-DE,84.06,55.9
v2YkKxJl4ENbuXaiz3VqN2pv_CATCaygEvLyawmOpfcFKDhCInrskZyw==,30/09/2026,PEÑAROL (MDP),GIMNASIA (CR),False,GIMNASIA (CR),2,4,TIRO2,FALLADO,Z3-DE,82.23,56.41
v2YkKxJl4ENbuXaiz3VqN2pv_CATCaygEvLyawmOpfcFKDhCInrskZyw==,30/09/2026,PEÑAROL (MDP),GIMNASIA (CR),True,PEÑAROL (MDP),1,4,TIRO2,CONVERTIDO,Z1-IZ,14.82,57.09
v2YkKxJl4ENbuXaiz3VqN2pv_CATCaygEvLyawmOpfcFKDhCInrskZyw==,30/09/2026,PEÑAROL (MDP),GIMNASIA (CR),False,GIMNASIA (CR),5,3,TIRO3,FALLADO,Z11-DE,72.59,17.61
v2YkKxJl4ENbuXaiz3VqN2pv_CATCaygEvLyawmOpfcFKDhCInrskZyw==,30/09/2026,PEÑAROL (MDP),GIMNASIA (CR),True,PEÑAROL (MDP),4,3,TIRO2,CONVERTIDO,Z3-IZ,19.19,51.79
v2YkKxJl4ENbuXaiz3VqN2pv_CATCaygEvLyawmOpfcFKDhCInrskZyw==,30/09/2026,PEÑAROL (MDP),GIMNASIA (CR),False,GIMNASIA (CR),11,3,TIRO2,FALLADO,Z1-DE,85.28,39.66
v2YkKxJl4ENbuXaiz3VqN2pv_CATCaygEvLyawmOpfcFKDhCInrskZyw==,30/09/2026,PEÑAROL (MDP),GIMNASIA (CR),False,GIMNASIA (CR),33,3,TIRO2,FALLADO,Z1-DE,86.6,39.49
v2YkKxJl4ENbuXaiz3VqN2pv_CATCaygEvLyawmOpfcFKDhCInrskZyw==,30/09/2026,PEÑAROL (MDP),GIMNASIA (CR),True,PEÑAROL (MDP),1,3,TIRO2,CONVERTIDO,Z1-IZ,14.11,47.01
v2YkKxJl4ENbuXaiz3VqN2pv_CATCaygEvLyawmOpfcFKDhCInrskZyw==,30/09/2026,PEÑAROL (MDP),GIMNASIA (CR),False,GIMNASIA (CR),10,3,TIRO2,FALLADO,Z4-DE,78.48,63.76
v2YkKxJl4ENbuXaiz3VqN2pv_CATCaygEvLyawmOpfcFKDhCInrskZyw==,30/09/2026,PEÑAROL (MDP),GIMNASIA (CR),False,GIMNASIA (CR),5,3,TIRO3,FALLADO,Z11-DE,69.34,19.49
v2YkKxJl4ENbuXaiz3VqN2pv_CATCaygEvLyawmOpfcFKDhCInrskZyw==,30/09/2026,PEÑAROL (MDP),GIMNASIA (CR),False,GIMNASIA (CR),33,3,TIRO2,CONVERTIDO,Z1-DE,84.77,48.03
v2YkKxJl4ENbuXaiz3VqN2pv_CATCaygEvLyawmOpfcFKDhCInrskZyw==,30/09/2026,PEÑAROL (MDP),GIMNASIA (CR),False,GIMNASIA (CR),11,3,TIRO3,FALLADO,Z12-DE,61.02,56.58
v2YkKxJl4ENbuXaiz3VqN2pv_CATCaygEvLyawmOpfcFKDhCInrskZyw==,30/09/2026,PEÑAROL (MDP),GIMNASIA (CR),False,GIMNASIA (CR),5,3,TIRO2,FALLADO,Z2-DE,79.59,31.11
v2YkKxJl4ENbuXaiz3VqN2pv_CATCaygEvLyawmOpfcFKDhCInrskZyw==,30/09/2026,PEÑAROL (MDP),GIMNASIA (CR),True,PEÑAROL (MDP),18,3,TIRO2,CONVERTIDO,Z1-IZ,17.06,46.15
v2YkKxJl4ENbuXaiz3VqN2pv_CATCaygEvLyawmOpfcFKDhCInrskZyw==,30/09/2026,PEÑAROL (MDP),GIMNASIA (CR),True,PEÑAROL (MDP),99,3,TIRO3,FALLADO,Z11-IZ,27.31,81.54
v2YkKxJl4ENbuXaiz3VqN2pv_CATCaygEvLyawmOpfcFKDhCInrskZyw==,30/09/2026,PEÑAROL (MDP),GIMNASIA (CR),True,PEÑAROL (MDP),17,3,TIRO3,FALLADO,Z13-IZ,33.81,17.09
v2YkKxJl4ENbuXaiz3VqN2pv_CATCaygEvLyawmOpfcFKDhCInrskZyw==,30/09/2026,PEÑAROL (MDP),GIMNASIA (CR),True,PEÑAROL (MDP),17,3,TIRO2,FALLADO,Z4-IZ,16.35,40.85
v2YkKxJl4ENbuXaiz3VqN2pv_CATCaygEvLyawmOpfcFKDhCInrskZyw==,30/09/2026,PEÑAROL (MDP),GIMNASIA (CR),False,GIMNASIA (CR),11,3,TIRO3,FALLADO,Z13-DE,68.63,82.05
v2YkKxJl4ENbuXaiz3VqN2pv_CATCaygEvLyawmOpfcFKDhCInrskZyw==,30/09/2026,PEÑAROL (MDP),GIMNASIA (CR),False,GIMNASIA (CR),9,3,TIRO3,FALLADO,Z13-DE,63.25,69.91
v2YkKxJl4ENbuXaiz3VqN2pv_CATCaygEvLyawmOpfcFKDhCInrskZyw==,30/09/2026,PEÑAROL (MDP),GIMNASIA (CR),True,PEÑAROL (MDP),18,3,TIRO3,FALLADO,Z13-IZ,34.62,22.05
v2YkKxJl4ENbuXaiz3VqN2pv_CATCaygEvLyawmOpfcFKDhCInrskZyw==,30/09/2026,PEÑAROL (MDP),GIMNASIA (CR),True,PEÑAROL (MDP),3,3,TIRO2,FALLADO,Z4-IZ,16.35,39.32
v2YkKxJl4ENbuXaiz3VqN2pv_CATCaygEvLyawmOpfcFKDhCInrskZyw==,30/09/2026,PEÑAROL (MDP),GIMNASIA (CR),True,PEÑAROL (MDP),3,3,TIRO2,CONVERTIDO,Z1-IZ,16.04,57.78
v2YkKxJl4ENbuXaiz3VqN2pv_CATCaygEvLyawmOpfcFKDhCInrskZyw==,30/09/2026,PEÑAROL (MDP),GIMNASIA (CR),True,PEÑAROL (MDP),99,3,TIRO3,FALLADO,Z13-IZ,27.51,22.05
v2YkKxJl4ENbuXaiz3VqN2pv_CATCaygEvLyawmOpfcFKDhCInrskZyw==,30/09/2026,PEÑAROL (MDP),GIMNASIA (CR),False,GIMNASIA (CR),12,3,TIRO3,FALLADO,Z13-DE,67.61,78.97
v2YkKxJl4ENbuXaiz3VqN2pv_CATCaygEvLyawmOpfcFKDhCInrskZyw==,30/09/2026,PEÑAROL (MDP),GIMNASIA (CR),True,PEÑAROL (MDP),17,3,TIRO3,FALLADO,Z11-IZ,29.75,81.54
v2YkKxJl4ENbuXaiz3VqN2pv_CATCaygEvLyawmOpfcFKDhCInrskZyw==,30/09/2026,PEÑAROL (MDP),GIMNASIA (CR),False,GIMNASIA (CR),14,3,TIRO2,CONVERTIDO,Z1-DE,85.38,39.32
v2YkKxJl4ENbuXaiz3VqN2pv_CATCaygEvLyawmOpfcFKDhCInrskZyw==,30/09/2026,PEÑAROL (MDP),GIMNASIA (CR),True,PEÑAROL (MDP),18,3,TIRO2,CONVERTIDO,Z1-IZ,17.77,46.15
v2YkKxJl4ENbuXaiz3VqN2pv_CATCaygEvLyawmOpfcFKDhCInrskZyw==,30/09/2026,PEÑAROL (MDP),GIMNASIA (CR),False,GIMNASIA (CR),0,3,TIRO3,FALLADO,Z13-DE,66.5,81.2
v2YkKxJl4ENbuXaiz3VqN2pv_CATCaygEvLyawmOpfcFKDhCInrskZyw==,30/09/2026,PEÑAROL (MDP),GIMNASIA (CR),True,PEÑAROL (MDP),99,3,TIRO3,FALLADO,Z12-IZ,34.42,47.52
v2YkKxJl4ENbuXaiz3VqN2pv_CATCaygEvLyawmOpfcFKDhCInrskZyw==,30/09/2026,PEÑAROL (MDP),GIMNASIA (CR),False,GIMNASIA (CR),2,3,TIRO3,FALLADO,Z13-DE,68.43,81.54
v2YkKxJl4ENbuXaiz3VqN2pv_CATCaygEvLyawmOpfcFKDhCInrskZyw==,30/09/2026,PEÑAROL (MDP),GIMNASIA (CR),True,PEÑAROL (MDP),99,2,TIRO2,FALLADO,Z3-IZ,22.34,40.34
v2YkKxJl4ENbuXaiz3VqN2pv_CATCaygEvLyawmOpfcFKDhCInrskZyw==,30/09/2026,PEÑAROL (MDP),GIMNASIA (CR),False,GIMNASIA (CR),5,2,TIRO2,FALLADO,Z3-DE,77.06,50.43
v2YkKxJl4ENbuXaiz3VqN2pv_CATCaygEvLyawmOpfcFKDhCInrskZyw==,30/09/2026,PEÑAROL (MDP),GIMNASIA (CR),False,GIMNASIA (CR),14,2,TIRO2,FALLADO,Z1-DE,82.74,47.52
v2YkKxJl4ENbuXaiz3VqN2pv_CATCaygEvLyawmOpfcFKDhCInrskZyw==,30/09/2026,PEÑAROL (MDP),GIMNASIA (CR),True,PEÑAROL (MDP),3,2,TIRO2,CONVERTIDO,Z3-IZ,17.97,49.4
v2YkKxJl4ENbuXaiz3VqN2pv_CATCaygEvLyawmOpfcFKDhCInrskZyw==,30/09/2026,PEÑAROL (MDP),GIMNASIA (CR),False,GIMNASIA (CR),2,2,TIRO3,CONVERTIDO,Z11-DE,65.38,35.38
v2YkKxJl4ENbuXaiz3VqN2pv_CATCaygEvLyawmOpfcFKDhCInrskZyw==,30/09/2026,PEÑAROL (MDP),GIMNASIA (CR),True,PEÑAROL (MDP),3,2,TIRO2,FALLADO,Z1-IZ,15.94,44.27
v2YkKxJl4ENbuXaiz3VqN2pv_CATCaygEvLyawmOpfcFKDhCInrskZyw==,30/09/2026,PEÑAROL (MDP),GIMNASIA (CR),True,PEÑAROL (MDP),18,2,TIRO2,CONVERTIDO,Z3-IZ,17.66,51.28
v2YkKxJl4ENbuXaiz3VqN2pv_CATCaygEvLyawmOpfcFKDhCInrskZyw==,30/09/2026,PEÑAROL (MDP),GIMNASIA (CR),True,PEÑAROL (MDP),18,2,TIRO2,FALLADO,Z3-IZ,19.9,44.79
v2YkKxJl4ENbuXaiz3VqN2pv_CATCaygEvLyawmOpfcFKDhCInrskZyw==,30/09/2026,PEÑAROL (MDP),GIMNASIA (CR),False,GIMNASIA (CR),12,2,TIRO2,CONVERTIDO,Z4-DE,86.5,67.69
v2YkKxJl4ENbuXaiz3VqN2pv_CATCaygEvLyawmOpfcFKDhCInrskZyw==,30/09/2026,PEÑAROL (MDP),GIMNASIA (CR),True,PEÑAROL (MDP),10,2,TIRO3,FALLADO,Z13-IZ,31.57,18.29
v2YkKxJl4ENbuXaiz3VqN2pv_CATCaygEvLyawmOpfcFKDhCInrskZyw==,30/09/2026,PEÑAROL (MDP),GIMNASIA (CR),True,PEÑAROL (MDP),1,2,TIRO3,FALLADO,Z13-IZ,34.72,23.93
v2YkKxJl4ENbuXaiz3VqN2pv_CATCaygEvLyawmOpfcFKDhCInrskZyw==,30/09/2026,PEÑAROL (MDP),GIMNASIA (CR),False,GIMNASIA (CR),9,2,TIRO2,FALLADO,Z1-DE,86.9,43.59
v2YkKxJl4ENbuXaiz3VqN2pv_CATCaygEvLyawmOpfcFKDhCInrskZyw==,30/09/2026,PEÑAROL (MDP),GIMNASIA (CR),False,GIMNASIA (CR),5,2,TIRO3,FALLADO,Z11-DE,69.75,18.63
v2YkKxJl4ENbuXaiz3VqN2pv_CATCaygEvLyawmOpfcFKDhCInrskZyw==,30/09/2026,PEÑAROL (MDP),GIMNASIA (CR),True,PEÑAROL (MDP),18,2,TIRO3,FALLADO,Z11-IZ,30.05,80.85
v2YkKxJl4ENbuXaiz3VqN2pv_CATCaygEvLyawmOpfcFKDhCInrskZyw==,30/09/2026,PEÑAROL (MDP),GIMNASIA (CR),False,GIMNASIA (CR),11,2,TIRO2,FALLADO,Z1-DE,86.29,52.48
v2YkKxJl4ENbuXaiz3VqN2pv_CATCaygEvLyawmOpfcFKDhCInrskZyw==,30/09/2026,PEÑAROL (MDP),GIMNASIA (CR),False,GIMNASIA (CR),12,2,TIRO3,FALLADO,Z12-DE,63.55,62.05
v2YkKxJl4ENbuXaiz3VqN2pv_CATCaygEvLyawmOpfcFKDhCInrskZyw==,30/09/2026,PEÑAROL (MDP),GIMNASIA (CR),True,PEÑAROL (MDP),1,2,TIRO2,FALLADO,Z3-IZ,19.9,44.79
v2YkKxJl4ENbuXaiz3VqN2pv_CATCaygEvLyawmOpfcFKDhCInrskZyw==,30/09/2026,PEÑAROL (MDP),GIMNASIA (CR),False,GIMNASIA (CR),14,2,TIRO2,CONVERTIDO,Z4-DE,84.47,63.59
v2YkKxJl4ENbuXaiz3VqN2pv_CATCaygEvLyawmOpfcFKDhCInrskZyw==,30/09/2026,PEÑAROL (MDP),GIMNASIA (CR),False,GIMNASIA (CR),11,2,TIRO2,FALLADO,Z1-DE,87.92,44.96
v2YkKxJl4ENbuXaiz3VqN2pv_CATCaygEvLyawmOpfcFKDhCInrskZyw==,30/09/2026,PEÑAROL (MDP),GIMNASIA (CR),False,GIMNASIA (CR),11,2,TIRO3,FALLADO,Z11-DE,69.14,18.46
v2YkKxJl4ENbuXaiz3VqN2pv_CATCaygEvLyawmOpfcFKDhCInrskZyw==,30/09/2026,PEÑAROL (MDP),GIMNASIA (CR),True,PEÑAROL (MDP),18,2,TIRO2,FALLADO,Z1-IZ,16.85,53.5
v2YkKxJl4ENbuXaiz3VqN2pv_CATCaygEvLyawmOpfcFKDhCInrskZyw==,30/09/2026,PEÑAROL (MDP),GIMNASIA (CR),False,GIMNASIA (CR),9,2,TIRO2,CONVERTIDO,Z1-DE,85.48,61.37
v2YkKxJl4ENbuXaiz3VqN2pv_CATCaygEvLyawmOpfcFKDhCInrskZyw==,30/09/2026,PEÑAROL (MDP),GIMNASIA (CR),True,PEÑAROL (MDP),18,2,TIRO2,CONVERTIDO,Z3-IZ,18.38,43.93
v2YkKxJl4ENbuXaiz3VqN2pv_CATCaygEvLyawmOpfcFKDhCInrskZyw==,30/09/2026,PEÑAROL (MDP),GIMNASIA (CR),False,GIMNASIA (CR),33,2,TIRO2,FALLADO,Z1-DE,82.84,50.09
v2YkKxJl4ENbuXaiz3VqN2pv_CATCaygEvLyawmOpfcFKDhCInrskZyw==,30/09/2026,PEÑAROL (MDP),GIMNASIA (CR),True,PEÑAROL (MDP),4,2,TIRO3,FALLADO,Z11-IZ,29.14,82.39
v2YkKxJl4ENbuXaiz3VqN2pv_CATCaygEvLyawmOpfcFKDhCInrskZyw==,30/09/2026,PEÑAROL (MDP),GIMNASIA (CR),True,PEÑAROL (MDP),6,2,TIRO2,FALLADO,Z1-IZ,15.94,54.87
v2YkKxJl4ENbuXaiz3VqN2pv_CATCaygEvLyawmOpfcFKDhCInrskZyw==,30/09/2026,PEÑAROL (MDP),GIMNASIA (CR),False,GIMNASIA (CR),33,2,TIRO2,FALLADO,Z1-DE,86.29,56.41
v2YkKxJl4ENbuXaiz3VqN2pv_CATCaygEvLyawmOpfcFKDhCInrskZyw==,30/09/2026,PEÑAROL (MDP),GIMNASIA (CR),True,PEÑAROL (MDP),4,2,TIRO2,FALLADO,Z1-IZ,16.35,52.99
v2YkKxJl4ENbuXaiz3VqN2pv_CATCaygEvLyawmOpfcFKDhCInrskZyw==,30/09/2026,PEÑAROL (MDP),GIMNASIA (CR),False,GIMNASIA (CR),33,2,TIRO2,CONVERTIDO,Z3-DE,82.23,43.42
v2YkKxJl4ENbuXaiz3VqN2pv_CATCaygEvLyawmOpfcFKDhCInrskZyw==,30/09/2026,PEÑAROL (MDP),GIMNASIA (CR),True,PEÑAROL (MDP),6,2,TIRO2,CONVERTIDO,Z2-IZ,14.31,68.89
v2YkKxJl4ENbuXaiz3VqN2pv_CATCaygEvLyawmOpfcFKDhCInrskZyw==,30/09/2026,PEÑAROL (MDP),GIMNASIA (CR),False,GIMNASIA (CR),10,2,TIRO2,FALLADO,Z4-DE,81.62,63.25
v2YkKxJl4ENbuXaiz3VqN2pv_CATCaygEvLyawmOpfcFKDhCInrskZyw==,30/09/2026,PEÑAROL (MDP),GIMNASIA (CR),True,PEÑAROL (MDP),15,2,TIRO2,FALLADO,Z3-IZ,25.08,45.3
v2YkKxJl4ENbuXaiz3VqN2pv_CATCaygEvLyawmOpfcFKDhCInrskZyw==,30/09/2026,PEÑAROL (MDP),GIMNASIA (CR),True,PEÑAROL (MDP),22,2,TIRO2,CONVERTIDO,Z1-IZ,14.31,56.75
v2YkKxJl4ENbuXaiz3VqN2pv_CATCaygEvLyawmOpfcFKDhCInrskZyw==,30/09/2026,PEÑAROL (MDP),GIMNASIA (CR),False,GIMNASIA (CR),88,2,TIRO3,FALLADO,Z13-DE,68.63,79.83
v2YkKxJl4ENbuXaiz3VqN2pv_CATCaygEvLyawmOpfcFKDhCInrskZyw==,30/09/2026,PEÑAROL (MDP),GIMNASIA (CR),True,PEÑAROL (MDP),4,2,TIRO3,FALLADO,Z13-IZ,31.07,17.95
v2YkKxJl4ENbuXaiz3VqN2pv_CATCaygEvLyawmOpfcFKDhCInrskZyw==,30/09/2026,PEÑAROL (MDP),GIMNASIA (CR),True,PEÑAROL (MDP),4,1,TIRO2,FALLADO,Z1-IZ,14.62,58.63
v2YkKxJl4ENbuXaiz3VqN2pv_CATCaygEvLyawmOpfcFKDhCInrskZyw==,30/09/2026,PEÑAROL (MDP),GIMNASIA (CR),False,GIMNASIA (CR),10,1,TIRO3,FALLADO,Z13-DE,67.51,71.97
v2YkKxJl4ENbuXaiz3VqN2pv_CATCaygEvLyawmOpfcFKDhCInrskZyw==,30/09/2026,PEÑAROL (MDP),GIMNASIA (CR),True,PEÑAROL (MDP),6,1,TIRO2,CONVERTIDO,Z2-IZ,16.35,59.32
v2YkKxJl4ENbuXaiz3VqN2pv_CATCaygEvLyawmOpfcFKDhCInrskZyw==,30/09/2026,PEÑAROL (MDP),GIMNASIA (CR),False,GIMNASIA (CR),5,1,TIRO2,FALLADO,Z2-DE,83.96,35.38
v2YkKxJl4ENbuXaiz3VqN2pv_CATCaygEvLyawmOpfcFKDhCInrskZyw==,30/09/2026,PEÑAROL (MDP),GIMNASIA (CR),True,PEÑAROL (MDP),4,1,TIRO2,CONVERTIDO,Z2-IZ,16.65,60.68
v2YkKxJl4ENbuXaiz3VqN2pv_CATCaygEvLyawmOpfcFKDhCInrskZyw==,30/09/2026,PEÑAROL (MDP),GIMNASIA (CR),True,PEÑAROL (MDP),10,1,TIRO3,FALLADO,Z11-IZ,32.89,77.61
v2YkKxJl4ENbuXaiz3VqN2pv_CATCaygEvLyawmOpfcFKDhCInrskZyw==,30/09/2026,PEÑAROL (MDP),GIMNASIA (CR),False,GIMNASIA (CR),9,1,TIRO2,FALLADO,Z1-DE,86.5,49.23
v2YkKxJl4ENbuXaiz3VqN2pv_CATCaygEvLyawmOpfcFKDhCInrskZyw==,30/09/2026,PEÑAROL (MDP),GIMNASIA (CR),False,GIMNASIA (CR),14,1,TIRO2,CONVERTIDO,Z1-DE,87.92,55.56
v2YkKxJl4ENbuXaiz3VqN2pv_CATCaygEvLyawmOpfcFKDhCInrskZyw==,30/09/2026,PEÑAROL (MDP),GIMNASIA (CR),True,PEÑAROL (MDP),1,1,TIRO2,FALLADO,Z2-IZ,14.82,64.27
v2YkKxJl4ENbuXaiz3VqN2pv_CATCaygEvLyawmOpfcFKDhCInrskZyw==,30/09/2026,PEÑAROL (MDP),GIMNASIA (CR),False,GIMNASIA (CR),5,1,TIRO2,FALLADO,Z3-DE,81.83,42.91
v2YkKxJl4ENbuXaiz3VqN2pv_CATCaygEvLyawmOpfcFKDhCInrskZyw==,30/09/2026,PEÑAROL (MDP),GIMNASIA (CR),True,PEÑAROL (MDP),99,1,TIRO2,CONVERTIDO,Z1-IZ,15.63,54.02
v2YkKxJl4ENbuXaiz3VqN2pv_CATCaygEvLyawmOpfcFKDhCInrskZyw==,30/09/2026,PEÑAROL (MDP),GIMNASIA (CR),True,PEÑAROL (MDP),18,1,TIRO3,FALLADO,Z13-IZ,34.42,19.15
v2YkKxJl4ENbuXaiz3VqN2pv_CATCaygEvLyawmOpfcFKDhCInrskZyw==,30/09/2026,PEÑAROL (MDP),GIMNASIA (CR),False,GIMNASIA (CR),0,1,TIRO2,CONVERTIDO,Z1-DE,87.72,54.19
v2YkKxJl4ENbuXaiz3VqN2pv_CATCaygEvLyawmOpfcFKDhCInrskZyw==,30/09/2026,PEÑAROL (MDP),GIMNASIA (CR),True,PEÑAROL (MDP),17,1,TIRO3,FALLADO,Z11-IZ,32.89,71.45
v2YkKxJl4ENbuXaiz3VqN2pv_CATCaygEvLyawmOpfcFKDhCInrskZyw==,30/09/2026,PEÑAROL (MDP),GIMNASIA (CR),False,GIMNASIA (CR),9,1,TIRO2,CONVERTIDO,Z1-DE,89.04,60.51
v2YkKxJl4ENbuXaiz3VqN2pv_CATCaygEvLyawmOpfcFKDhCInrskZyw==,30/09/2026,PEÑAROL (MDP),GIMNASIA (CR),True,PEÑAROL (MDP),10,1,TIRO3,CONVERTIDO,Z13-IZ,34.92,26.15
v2YkKxJl4ENbuXaiz3VqN2pv_CATCaygEvLyawmOpfcFKDhCInrskZyw==,30/09/2026,PEÑAROL (MDP),GIMNASIA (CR),True,PEÑAROL (MDP),17,1,TIRO2,CONVERTIDO,Z1-IZ,11.68,61.54
v2YkKxJl4ENbuXaiz3VqN2pv_CATCaygEvLyawmOpfcFKDhCInrskZyw==,30/09/2026,PEÑAROL (MDP),GIMNASIA (CR),False,GIMNASIA (CR),12,1,TIRO3,CONVERTIDO,Z11-DE,70.15,23.42
v2YkKxJl4ENbuXaiz3VqN2pv_CATCaygEvLyawmOpfcFKDhCInrskZyw==,30/09/2026,PEÑAROL (MDP),GIMNASIA (CR),True,PEÑAROL (MDP),10,1,TIRO2,FALLADO,Z3-IZ,17.97,49.74
v2YkKxJl4ENbuXaiz3VqN2pv_CATCaygEvLyawmOpfcFKDhCInrskZyw==,30/09/2026,PEÑAROL (MDP),GIMNASIA (CR),False,GIMNASIA (CR),2,1,TIRO2,FALLADO,Z1-DE,85.89,59.83
v2YkKxJl4ENbuXaiz3VqN2pv_CATCaygEvLyawmOpfcFKDhCInrskZyw==,30/09/2026,PEÑAROL (MDP),GIMNASIA (CR),False,GIMNASIA (CR),9,1,TIRO2,CONVERTIDO,Z1-DE,83.96,53.16
v2YkKxJl4ENbuXaiz3VqN2pv_CATCaygEvLyawmOpfcFKDhCInrskZyw==,30/09/2026,PEÑAROL (MDP),GIMNASIA (CR),True,PEÑAROL (MDP),18,1,TIRO2,CONVERTIDO,Z3-IZ,17.36,55.38
v2YkKxJl4ENbuXaiz3VqN2pv_CATCaygEvLyawmOpfcFKDhCInrskZyw==,30/09/2026,PEÑAROL (MDP),GIMNASIA (CR),False,GIMNASIA (CR),12,1,TIRO3,FALLADO,Z13-DE,69.95,80.0
v2YkKxJl4ENbuXaiz3VqN2pv_CATCaygEvLyawmOpfcFKDhCInrskZyw==,30/09/2026,PEÑAROL (MDP),GIMNASIA (CR),True,PEÑAROL (MDP),18,1,TIRO2,CONVERTIDO,Z1-IZ,13.6,60.68
v2YkKxJl4ENbuXaiz3VqN2pv_CATCaygEvLyawmOpfcFKDhCInrskZyw==,30/09/2026,PEÑAROL (MDP),GIMNASIA (CR),True,PEÑAROL (MDP),18,1,TIRO3,FALLADO,Z11-IZ,29.95,82.22
v2YkKxJl4ENbuXaiz3VqN2pv_CATCaygEvLyawmOpfcFKDhCInrskZyw==,30/09/2026,PEÑAROL (MDP),GIMNASIA (CR),True,PEÑAROL (MDP),18,1,TIRO3,FALLADO,Z12-IZ,38.48,63.08
v2YkKxJl4ENbuXaiz3VqN2pv_CATCaygEvLyawmOpfcFKDhCInrskZyw==,30/09/2026,PEÑAROL (MDP),GIMNASIA (CR),True,PEÑAROL (MDP),99,1,TIRO3,FALLADO,Z12-IZ,37.56,43.59
v2YkKxJl4ENbuXaiz3VqN2pv_CATCaygEvLyawmOpfcFKDhCInrskZyw==,30/09/2026,PEÑAROL (MDP),GIMNASIA (CR),False,GIMNASIA (CR),2,1,TIRO3,CONVERTIDO,Z13-DE,68.02,68.38
v2YkKxJl4ENbuXaiz3VqN2pv_CATCaygEvLyawmOpfcFKDhCInrskZyw==,30/09/2026,PEÑAROL (MDP),GIMNASIA (CR),True,PEÑAROL (MDP),3,1,TIRO2,FALLADO,Z3-IZ,17.46,44.96
v28vsytkWy-FA0xxbrk6Ib0GKp_fTYivuscQx_W6mKWAC_WnoxDKd0aQ==,30/09/2026,ARGENTINO (J),FERRO,True,ARGENTINO (J),25,4,TIRO2,CONVERTIDO,Z1-IZ,10.63,46.23
v28vsytkWy-FA0xxbrk6Ib0GKp_fTYivuscQx_W6mKWAC_WnoxDKd0aQ==,30/09/2026,ARGENTINO (J),FERRO,False,FERRO,6,4,TIRO3,FALLADO,Z13-DE,74.44,85.85
v28vsytkWy-FA0xxbrk6Ib0GKp_fTYivuscQx_W6mKWAC_WnoxDKd0aQ==,30/09/2026,ARGENTINO (J),FERRO,True,ARGENTINO (J),22,4,TIRO2,FALLADO,Z1-IZ,13.43,48.74
v28vsytkWy-FA0xxbrk6Ib0GKp_fTYivuscQx_W6mKWAC_WnoxDKd0aQ==,30/09/2026,ARGENTINO (J),FERRO,False,FERRO,10,4,TIRO3,FALLADO,Z13-DE,69.59,84.28
v28vsytkWy-FA0xxbrk6Ib0GKp_fTYivuscQx_W6mKWAC_WnoxDKd0aQ==,30/09/2026,ARGENTINO (J),FERRO,False,FERRO,10,4,TIRO3,FALLADO,Z12-DE,61.75,36.16
v28vsytkWy-FA0xxbrk6Ib0GKp_fTYivuscQx_W6mKWAC_WnoxDKd0aQ==,30/09/2026,ARGENTINO (J),FERRO,True,ARGENTINO (J),22,4,TIRO2,CONVERTIDO,Z1-IZ,11.19,48.43
v28vsytkWy-FA0xxbrk6Ib0GKp_fTYivuscQx_W6mKWAC_WnoxDKd0aQ==,30/09/2026,ARGENTINO (J),FERRO,True,ARGENTINO (J),3,4,TIRO3,CONVERTIDO,Z11-IZ,29.48,81.13
v28vsytkWy-FA0xxbrk6Ib0GKp_fTYivuscQx_W6mKWAC_WnoxDKd0aQ==,30/09/2026,ARGENTINO (J),FERRO,True,ARGENTINO (J),11,4,TIRO3,FALLADO,Z11-IZ,30.22,81.45
v28vsytkWy-FA0xxbrk6Ib0GKp_fTYivuscQx_W6mKWAC_WnoxDKd0aQ==,30/09/2026,ARGENTINO (J),FERRO,False,FERRO,10,4,TIRO3,FALLADO,Z11-DE,69.59,18.24
v28vsytkWy-FA0xxbrk6Ib0GKp_fTYivuscQx_W6mKWAC_WnoxDKd0aQ==,30/09/2026,ARGENTINO (J),FERRO,False,FERRO,4,4,TIRO3,FALLADO,Z12-DE,65.11,53.14
v28vsytkWy-FA0xxbrk6Ib0GKp_fTYivuscQx_W6mKWAC_WnoxDKd0aQ==,30/09/2026,ARGENTINO (J),FERRO,True,ARGENTINO (J),22,4,TIRO3,FALLADO,Z13-IZ,36.19,27.04
v28vsytkWy-FA0xxbrk6Ib0GKp_fTYivuscQx_W6mKWAC_WnoxDKd0aQ==,30/09/2026,ARGENTINO (J),FERRO,False,FERRO,6,4,TIRO3,FALLADO,Z13-DE,66.04,76.1
v28vsytkWy-FA0xxbrk6Ib0GKp_fTYivuscQx_W6mKWAC_WnoxDKd0aQ==,30/09/2026,ARGENTINO (J),FERRO,True,ARGENTINO (J),3,4,TIRO3,FALLADO,Z11-IZ,26.68,84.28
v28vsytkWy-FA0xxbrk6Ib0GKp_fTYivuscQx_W6mKWAC_WnoxDKd0aQ==,30/09/2026,ARGENTINO (J),FERRO,False,FERRO,12,4,TIRO3,FALLADO,Z11-DE,74.81,18.87
v28vsytkWy-FA0xxbrk6Ib0GKp_fTYivuscQx_W6mKWAC_WnoxDKd0aQ==,30/09/2026,ARGENTINO (J),FERRO,False,FERRO,10,4,TIRO3,FALLADO,Z13-DE,64.18,66.67
v28vsytkWy-FA0xxbrk6Ib0GKp_fTYivuscQx_W6mKWAC_WnoxDKd0aQ==,30/09/2026,ARGENTINO (J),FERRO,False,FERRO,4,4,TIRO2,CONVERTIDO,Z1-DE,88.06,49.06
v28vsytkWy-FA0xxbrk6Ib0GKp_fTYivuscQx_W6mKWAC_WnoxDKd0aQ==,30/09/2026,ARGENTINO (J),FERRO,True,ARGENTINO (J),2,4,TIRO3,FALLADO,Z11-IZ,30.22,81.45
v28vsytkWy-FA0xxbrk6Ib0GKp_fTYivuscQx_W6mKWAC_WnoxDKd0aQ==,30/09/2026,ARGENTINO (J),FERRO,False,FERRO,12,4,TIRO2,CONVERTIDO,Z1-DE,88.06,46.54
v28vsytkWy-FA0xxbrk6Ib0GKp_fTYivuscQx_W6mKWAC_WnoxDKd0aQ==,30/09/2026,ARGENTINO (J),FERRO,False,FERRO,10,4,TIRO2,FALLADO,Z8-DE,79.1,71.07
v28vsytkWy-FA0xxbrk6Ib0GKp_fTYivuscQx_W6mKWAC_WnoxDKd0aQ==,30/09/2026,ARGENTINO (J),FERRO,False,FERRO,4,4,TIRO2,FALLADO,Z6-DE,77.61,30.19
v28vsytkWy-FA0xxbrk6Ib0GKp_fTYivuscQx_W6mKWAC_WnoxDKd0aQ==,30/09/2026,ARGENTINO (J),FERRO,True,ARGENTINO (J),2,4,TIRO3,CONVERTIDO,Z12-IZ,36.57,45.6
v28vsytkWy-FA0xxbrk6Ib0GKp_fTYivuscQx_W6mKWAC_WnoxDKd0aQ==,30/09/2026,ARGENTINO (J),FERRO,False,FERRO,11,4,TIRO3,FALLADO,Z11-DE,76.68,14.47
v28vsytkWy-FA0xxbrk6Ib0GKp_fTYivuscQx_W6mKWAC_WnoxDKd0aQ==,30/09/2026,ARGENTINO (J),FERRO,True,ARGENTINO (J),11,4,TIRO2,CONVERTIDO,Z1-IZ,11.19,47.48
v28vsytkWy-FA0xxbrk6Ib0GKp_fTYivuscQx_W6mKWAC_WnoxDKd0aQ==,30/09/2026,ARGENTINO (J),FERRO,True,ARGENTINO (J),2,4,TIRO3,FALLADO,Z11-IZ,33.96,83.65
v28vsytkWy-FA0xxbrk6Ib0GKp_fTYivuscQx_W6mKWAC_WnoxDKd0aQ==,30/09/2026,ARGENTINO (J),FERRO,False,FERRO,13,4,TIRO3,FALLADO,Z11-DE,71.27,22.33
v28vsytkWy-FA0xxbrk6Ib0GKp_fTYivuscQx_W6mKWAC_WnoxDKd0aQ==,30/09/2026,ARGENTINO (J),FERRO,True,ARGENTINO (J),17,4,TIRO3,FALLADO,Z13-IZ,25.75,14.15
v28vsytkWy-FA0xxbrk6Ib0GKp_fTYivuscQx_W6mKWAC_WnoxDKd0aQ==,30/09/2026,ARGENTINO (J),FERRO,False,FERRO,9,4,TIRO2,FALLADO,Z3-DE,77.61,50.0
v28vsytkWy-FA0xxbrk6Ib0GKp_fTYivuscQx_W6mKWAC_WnoxDKd0aQ==,30/09/2026,ARGENTINO (J),FERRO,True,ARGENTINO (J),11,4,TIRO3,CONVERTIDO,Z11-IZ,30.97,83.65
v28vsytkWy-FA0xxbrk6Ib0GKp_fTYivuscQx_W6mKWAC_WnoxDKd0aQ==,30/09/2026,ARGENTINO (J),FERRO,True,ARGENTINO (J),25,4,TIRO2,FALLADO,Z4-IZ,17.72,33.33
v28vsytkWy-FA0xxbrk6Ib0GKp_fTYivuscQx_W6mKWAC_WnoxDKd0aQ==,30/09/2026,ARGENTINO (J),FERRO,True,ARGENTINO (J),20,3,TIRO3,FALLADO,Z11-IZ,32.28,86.16
v28vsytkWy-FA0xxbrk6Ib0GKp_fTYivuscQx_W6mKWAC_WnoxDKd0aQ==,30/09/2026,ARGENTINO (J),FERRO,True,ARGENTINO (J),2,3,TIRO2,FALLADO,Z6-IZ,22.95,66.67
v28vsytkWy-FA0xxbrk6Ib0GKp_fTYivuscQx_W6mKWAC_WnoxDKd0aQ==,30/09/2026,ARGENTINO (J),FERRO,False,FERRO,13,3,TIRO2,CONVERTIDO,Z2-DE,82.28,30.5
v28vsytkWy-FA0xxbrk6Ib0GKp_fTYivuscQx_W6mKWAC_WnoxDKd0aQ==,30/09/2026,ARGENTINO (J),FERRO,True,ARGENTINO (J),13,3,TIRO2,CONVERTIDO,Z1-IZ,8.77,49.37
v28vsytkWy-FA0xxbrk6Ib0GKp_fTYivuscQx_W6mKWAC_WnoxDKd0aQ==,30/09/2026,ARGENTINO (J),FERRO,False,FERRO,4,3,TIRO3,FALLADO,Z11-DE,71.64,15.41
v28vsytkWy-FA0xxbrk6Ib0GKp_fTYivuscQx_W6mKWAC_WnoxDKd0aQ==,30/09/2026,ARGENTINO (J),FERRO,True,ARGENTINO (J),2,3,TIRO3,CONVERTIDO,Z13-IZ,26.49,13.84
v28vsytkWy-FA0xxbrk6Ib0GKp_fTYivuscQx_W6mKWAC_WnoxDKd0aQ==,30/09/2026,ARGENTINO (J),FERRO,False,FERRO,8,3,TIRO3,CONVERTIDO,Z13-DE,75.56,86.79
v28vsytkWy-FA0xxbrk6Ib0GKp_fTYivuscQx_W6mKWAC_WnoxDKd0aQ==,30/09/2026,ARGENTINO (J),FERRO,True,ARGENTINO (J),11,3,TIRO2,CONVERTIDO,Z1-IZ,11.75,46.54
v28vsytkWy-FA0xxbrk6Ib0GKp_fTYivuscQx_W6mKWAC_WnoxDKd0aQ==,30/09/2026,ARGENTINO (J),FERRO,False,FERRO,8,3,TIRO2,FALLADO,Z1-DE,83.21,47.48
v28vsytkWy-FA0xxbrk6Ib0GKp_fTYivuscQx_W6mKWAC_WnoxDKd0aQ==,30/09/2026,ARGENTINO (J),FERRO,False,FERRO,12,3,TIRO3,FALLADO,Z11-DE,72.01,17.61
v28vsytkWy-FA0xxbrk6Ib0GKp_fTYivuscQx_W6mKWAC_WnoxDKd0aQ==,30/09/2026,ARGENTINO (J),FERRO,True,ARGENTINO (J),2,3,TIRO2,CONVERTIDO,Z1-IZ,13.25,47.17
v28vsytkWy-FA0xxbrk6Ib0GKp_fTYivuscQx_W6mKWAC_WnoxDKd0aQ==,30/09/2026,ARGENTINO (J),FERRO,True,ARGENTINO (J),17,3,TIRO3,FALLADO,Z13-IZ,24.25,15.41
v28vsytkWy-FA0xxbrk6Ib0GKp_fTYivuscQx_W6mKWAC_WnoxDKd0aQ==,30/09/2026,ARGENTINO (J),FERRO,False,FERRO,6,3,TIRO3,FALLADO,Z12-DE,64.93,61.32
v28vsytkWy-FA0xxbrk6Ib0GKp_fTYivuscQx_W6mKWAC_WnoxDKd0aQ==,30/09/2026,ARGENTINO (J),FERRO,False,FERRO,10,3,TIRO3,CONVERTIDO,Z11-DE,70.52,21.07
v28vsytkWy-FA0xxbrk6Ib0GKp_fTYivuscQx_W6mKWAC_WnoxDKd0aQ==,30/09/2026,ARGENTINO (J),FERRO,False,FERRO,25,3,TIRO3,FALLADO,Z13-DE,70.9,81.13
v28vsytkWy-FA0xxbrk6Ib0GKp_fTYivuscQx_W6mKWAC_WnoxDKd0aQ==,30/09/2026,ARGENTINO (J),FERRO,True,ARGENTINO (J),17,3,TIRO3,FALLADO,Z11-IZ,30.97,85.53
v28vsytkWy-FA0xxbrk6Ib0GKp_fTYivuscQx_W6mKWAC_WnoxDKd0aQ==,30/09/2026,ARGENTINO (J),FERRO,False,FERRO,5,3,TIRO3,FALLADO,Z13-DE,67.35,68.24
v28vsytkWy-FA0xxbrk6Ib0GKp_fTYivuscQx_W6mKWAC_WnoxDKd0aQ==,30/09/2026,ARGENTINO (J),FERRO,True,ARGENTINO (J),13,3,TIRO2,FALLADO,Z1-IZ,15.67,57.86
v28vsytkWy-FA0xxbrk6Ib0GKp_fTYivuscQx_W6mKWAC_WnoxDKd0aQ==,30/09/2026,ARGENTINO (J),FERRO,False,FERRO,4,3,TIRO2,FALLADO,Z1-DE,83.96,55.97
v28vsytkWy-FA0xxbrk6Ib0GKp_fTYivuscQx_W6mKWAC_WnoxDKd0aQ==,30/09/2026,ARGENTINO (J),FERRO,True,ARGENTINO (J),22,3,TIRO2,FALLADO,Z4-IZ,20.71,36.16
v28vsytkWy-FA0xxbrk6Ib0GKp_fTYivuscQx_W6mKWAC_WnoxDKd0aQ==,30/09/2026,ARGENTINO (J),FERRO,False,FERRO,5,3,TIRO3,CONVERTIDO,Z13-DE,75.0,86.16
v28vsytkWy-FA0xxbrk6Ib0GKp_fTYivuscQx_W6mKWAC_WnoxDKd0aQ==,30/09/2026,ARGENTINO (J),FERRO,False,FERRO,10,3,TIRO2,FALLADO,Z4-DE,79.85,62.26
v28vsytkWy-FA0xxbrk6Ib0GKp_fTYivuscQx_W6mKWAC_WnoxDKd0aQ==,30/09/2026,ARGENTINO (J),FERRO,True,ARGENTINO (J),13,3,TIRO2,CONVERTIDO,Z1-IZ,10.26,46.54
v28vsytkWy-FA0xxbrk6Ib0GKp_fTYivuscQx_W6mKWAC_WnoxDKd0aQ==,30/09/2026,ARGENTINO (J),FERRO,False,FERRO,25,3,TIRO2,CONVERTIDO,Z1-DE,86.19,51.26
v28vsytkWy-FA0xxbrk6Ib0GKp_fTYivuscQx_W6mKWAC_WnoxDKd0aQ==,30/09/2026,ARGENTINO (J),FERRO,False,FERRO,5,3,TIRO2,CONVERTIDO,Z1-DE,85.07,46.23
v28vsytkWy-FA0xxbrk6Ib0GKp_fTYivuscQx_W6mKWAC_WnoxDKd0aQ==,30/09/2026,ARGENTINO (J),FERRO,False,FERRO,10,3,TIRO3,CONVERTIDO,Z12-DE,63.99,50.63
v28vsytkWy-FA0xxbrk6Ib0GKp_fTYivuscQx_W6mKWAC_WnoxDKd0aQ==,30/09/2026,ARGENTINO (J),FERRO,True,ARGENTINO (J),16,3,TIRO2,FALLADO,Z4-IZ,16.98,41.19
v28vsytkWy-FA0xxbrk6Ib0GKp_fTYivuscQx_W6mKWAC_WnoxDKd0aQ==,30/09/2026,ARGENTINO (J),FERRO,False,FERRO,10,3,TIRO2,CONVERTIDO,Z1-DE,87.31,50.0
v28vsytkWy-FA0xxbrk6Ib0GKp_fTYivuscQx_W6mKWAC_WnoxDKd0aQ==,30/09/2026,ARGENTINO (J),FERRO,False,FERRO,10,3,TIRO3,FALLADO,Z11-DE,70.52,22.01
v28vsytkWy-FA0xxbrk6Ib0GKp_fTYivuscQx_W6mKWAC_WnoxDKd0aQ==,30/09/2026,ARGENTINO (J),FERRO,False,FERRO,25,2,TIRO3,FALLADO,Z13-DE,67.72,77.99
v28vsytkWy-FA0xxbrk6Ib0GKp_fTYivuscQx_W6mKWAC_WnoxDKd0aQ==,30/09/2026,ARGENTINO (J),FERRO,True,ARGENTINO (J),5,2,TIRO2,CONVERTIDO,Z1-IZ,13.06,48.74
v28vsytkWy-FA0xxbrk6Ib0GKp_fTYivuscQx_W6mKWAC_WnoxDKd0aQ==,30/09/2026,ARGENTINO (J),FERRO,False,FERRO,25,2,TIRO3,FALLADO,Z11-DE,69.03,19.5
v28vsytkWy-FA0xxbrk6Ib0GKp_fTYivuscQx_W6mKWAC_WnoxDKd0aQ==,30/09/2026,ARGENTINO (J),FERRO,True,ARGENTINO (J),2,2,TIRO2,CONVERTIDO,Z3-IZ,20.52,45.91
v28vsytkWy-FA0xxbrk6Ib0GKp_fTYivuscQx_W6mKWAC_WnoxDKd0aQ==,30/09/2026,ARGENTINO (J),FERRO,False,FERRO,25,2,TIRO3,FALLADO,Z13-DE,70.52,82.39
v28vsytkWy-FA0xxbrk6Ib0GKp_fTYivuscQx_W6mKWAC_WnoxDKd0aQ==,30/09/2026,ARGENTINO (J),FERRO,True,ARGENTINO (J),11,2,TIRO2,FALLADO,Z1-IZ,13.81,48.11
v28vsytkWy-FA0xxbrk6Ib0GKp_fTYivuscQx_W6mKWAC_WnoxDKd0aQ==,30/09/2026,ARGENTINO (J),FERRO,False,FERRO,8,2,TIRO2,FALLADO,Z1-DE,85.82,47.8
v28vsytkWy-FA0xxbrk6Ib0GKp_fTYivuscQx_W6mKWAC_WnoxDKd0aQ==,30/09/2026,ARGENTINO (J),FERRO,False,FERRO,4,2,TIRO2,FALLADO,Z1-DE,84.14,41.51
v28vsytkWy-FA0xxbrk6Ib0GKp_fTYivuscQx_W6mKWAC_WnoxDKd0aQ==,30/09/2026,ARGENTINO (J),FERRO,True,ARGENTINO (J),13,2,TIRO2,CONVERTIDO,Z1-IZ,13.06,50.94
v28vsytkWy-FA0xxbrk6Ib0GKp_fTYivuscQx_W6mKWAC_WnoxDKd0aQ==,30/09/2026,ARGENTINO (J),FERRO,False,FERRO,8,2,TIRO2,CONVERTIDO,Z5-DE,85.07,21.38
v28vsytkWy-FA0xxbrk6Ib0GKp_fTYivuscQx_W6mKWAC_WnoxDKd0aQ==,30/09/2026,ARGENTINO (J),FERRO,True,ARGENTINO (J),2,2,TIRO2,CONVERTIDO,Z2-IZ,14.55,66.35
v28vsytkWy-FA0xxbrk6Ib0GKp_fTYivuscQx_W6mKWAC_WnoxDKd0aQ==,30/09/2026,ARGENTINO (J),FERRO,False,FERRO,4,2,TIRO3,CONVERTIDO,Z11-DE,72.2,16.98
v28vsytkWy-FA0xxbrk6Ib0GKp_fTYivuscQx_W6mKWAC_WnoxDKd0aQ==,30/09/2026,ARGENTINO (J),FERRO,True,ARGENTINO (J),2,2,TIRO3,FALLADO,Z11-IZ,37.31,67.3
v28vsytkWy-FA0xxbrk6Ib0GKp_fTYivuscQx_W6mKWAC_WnoxDKd0aQ==,30/09/2026,ARGENTINO (J),FERRO,False,FERRO,6,2,TIRO2,FALLADO,Z1-DE,87.31,50.0
v28vsytkWy-FA0xxbrk6Ib0GKp_fTYivuscQx_W6mKWAC_WnoxDKd0aQ==,30/09/2026,ARGENTINO (J),FERRO,False,FERRO,6,2,TIRO2,CONVERTIDO,Z1-DE,85.82,52.52
v28vsytkWy-FA0xxbrk6Ib0GKp_fTYivuscQx_W6mKWAC_WnoxDKd0aQ==,30/09/2026,ARGENTINO (J),FERRO,True,ARGENTINO (J),22,2,TIRO3,CONVERTIDO,Z12-IZ,36.94,53.14
v28vsytkWy-FA0xxbrk6Ib0GKp_fTYivuscQx_W6mKWAC_WnoxDKd0aQ==,30/09/2026,ARGENTINO (J),FERRO,False,FERRO,5,2,TIRO3,CONVERTIDO,Z13-DE,74.25,85.85
v28vsytkWy-FA0xxbrk6Ib0GKp_fTYivuscQx_W6mKWAC_WnoxDKd0aQ==,30/09/2026,ARGENTINO (J),FERRO,True,ARGENTINO (J),17,2,TIRO2,CONVERTIDO,Z1-IZ,12.87,50.63
v28vsytkWy-FA0xxbrk6Ib0GKp_fTYivuscQx_W6mKWAC_WnoxDKd0aQ==,30/09/2026,ARGENTINO (J),FERRO,False,FERRO,9,2,TIRO2,CONVERTIDO,Z1-DE,88.62,51.89
v28vsytkWy-FA0xxbrk6Ib0GKp_fTYivuscQx_W6mKWAC_WnoxDKd0aQ==,30/09/2026,ARGENTINO (J),FERRO,True,ARGENTINO (J),5,2,TIRO2,FALLADO,Z1-IZ,11.19,46.23
v28vsytkWy-FA0xxbrk6Ib0GKp_fTYivuscQx_W6mKWAC_WnoxDKd0aQ==,30/09/2026,ARGENTINO (J),FERRO,False,FERRO,5,2,TIRO3,FALLADO,Z12-DE,62.5,45.91
v28vsytkWy-FA0xxbrk6Ib0GKp_fTYivuscQx_W6mKWAC_WnoxDKd0aQ==,30/09/2026,ARGENTINO (J),FERRO,True,ARGENTINO (J),17,2,TIRO3,FALLADO,Z13-IZ,26.49,13.52
v28vsytkWy-FA0xxbrk6Ib0GKp_fTYivuscQx_W6mKWAC_WnoxDKd0aQ==,30/09/2026,ARGENTINO (J),FERRO,False,FERRO,8,2,TIRO2,FALLADO,Z1-DE,88.06,48.43
v28vsytkWy-FA0xxbrk6Ib0GKp_fTYivuscQx_W6mKWAC_WnoxDKd0aQ==,30/09/2026,ARGENTINO (J),FERRO,True,ARGENTINO (J),5,2,TIRO3,FALLADO,Z13-IZ,30.41,20.75
v28vsytkWy-FA0xxbrk6Ib0GKp_fTYivuscQx_W6mKWAC_WnoxDKd0aQ==,30/09/2026,ARGENTINO (J),FERRO,False,FERRO,6,2,TIRO3,FALLADO,Z11-DE,68.47,17.92
v28vsytkWy-FA0xxbrk6Ib0GKp_fTYivuscQx_W6mKWAC_WnoxDKd0aQ==,30/09/2026,ARGENTINO (J),FERRO,True,ARGENTINO (J),3,2,TIRO3,CONVERTIDO,Z12-IZ,36.01,45.28
v28vsytkWy-FA0xxbrk6Ib0GKp_fTYivuscQx_W6mKWAC_WnoxDKd0aQ==,30/09/2026,ARGENTINO (J),FERRO,False,FERRO,9,2,TIRO2,CONVERTIDO,Z1-DE,90.11,53.77
v28vsytkWy-FA0xxbrk6Ib0GKp_fTYivuscQx_W6mKWAC_WnoxDKd0aQ==,30/09/2026,ARGENTINO (J),FERRO,True,ARGENTINO (J),25,2,TIRO2,FALLADO,Z1-IZ,11.19,47.48
v28vsytkWy-FA0xxbrk6Ib0GKp_fTYivuscQx_W6mKWAC_WnoxDKd0aQ==,30/09/2026,ARGENTINO (J),FERRO,False,FERRO,11,2,TIRO3,FALLADO,Z13-DE,76.12,84.59
v28vsytkWy-FA0xxbrk6Ib0GKp_fTYivuscQx_W6mKWAC_WnoxDKd0aQ==,30/09/2026,ARGENTINO (J),FERRO,True,ARGENTINO (J),17,2,TIRO3,FALLADO,Z11-IZ,21.46,88.99
v28vsytkWy-FA0xxbrk6Ib0GKp_fTYivuscQx_W6mKWAC_WnoxDKd0aQ==,30/09/2026,ARGENTINO (J),FERRO,False,FERRO,5,2,TIRO2,CONVERTIDO,Z1-DE,88.81,51.26
v28vsytkWy-FA0xxbrk6Ib0GKp_fTYivuscQx_W6mKWAC_WnoxDKd0aQ==,30/09/2026,ARGENTINO (J),FERRO,False,FERRO,14,2,TIRO2,CONVERTIDO,Z1-DE,88.25,58.81
v28vsytkWy-FA0xxbrk6Ib0GKp_fTYivuscQx_W6mKWAC_WnoxDKd0aQ==,30/09/2026,ARGENTINO (J),FERRO,True,ARGENTINO (J),25,2,TIRO2,CONVERTIDO,Z1-IZ,11.19,47.48
v28vsytkWy-FA0xxbrk6Ib0GKp_fTYivuscQx_W6mKWAC_WnoxDKd0aQ==,30/09/2026,ARGENTINO (J),FERRO,False,FERRO,6,2,TIRO3,FALLADO,Z13-DE,70.15,77.67
v28vsytkWy-FA0xxbrk6Ib0GKp_fTYivuscQx_W6mKWAC_WnoxDKd0aQ==,30/09/2026,ARGENTINO (J),FERRO,False,FERRO,14,2,TIRO3,FALLADO,Z13-DE,75.37,85.22
v28vsytkWy-FA0xxbrk6Ib0GKp_fTYivuscQx_W6mKWAC_WnoxDKd0aQ==,30/09/2026,ARGENTINO (J),FERRO,True,ARGENTINO (J),17,2,TIRO2,CONVERTIDO,Z1-IZ,13.06,53.46
v28vsytkWy-FA0xxbrk6Ib0GKp_fTYivuscQx_W6mKWAC_WnoxDKd0aQ==,30/09/2026,ARGENTINO (J),FERRO,True,ARGENTINO (J),11,2,TIRO3,FALLADO,Z13-IZ,33.58,19.5
v28vsytkWy-FA0xxbrk6Ib0GKp_fTYivuscQx_W6mKWAC_WnoxDKd0aQ==,30/09/2026,ARGENTINO (J),FERRO,True,ARGENTINO (J),2,1,TIRO2,CONVERTIDO,Z1-IZ,12.13,51.89
v28vsytkWy-FA0xxbrk6Ib0GKp_fTYivuscQx_W6mKWAC_WnoxDKd0aQ==,30/09/2026,ARGENTINO (J),FERRO,False,FERRO,5,1,TIRO2,FALLADO,Z1-DE,88.06,54.4
v28vsytkWy-FA0xxbrk6Ib0GKp_fTYivuscQx_W6mKWAC_WnoxDKd0aQ==,30/09/2026,ARGENTINO (J),FERRO,False,FERRO,13,1,TIRO3,FALLADO,Z13-DE,72.01,80.82
v28vsytkWy-FA0xxbrk6Ib0GKp_fTYivuscQx_W6mKWAC_WnoxDKd0aQ==,30/09/2026,ARGENTINO (J),FERRO,False,FERRO,10,1,TIRO2,CONVERTIDO,Z1-DE,88.06,37.42
v28vsytkWy-FA0xxbrk6Ib0GKp_fTYivuscQx_W6mKWAC_WnoxDKd0aQ==,30/09/2026,ARGENTINO (J),FERRO,True,ARGENTINO (J),25,1,TIRO2,FALLADO,Z3-IZ,24.25,50.94
v28vsytkWy-FA0xxbrk6Ib0GKp_fTYivuscQx_W6mKWAC_WnoxDKd0aQ==,30/09/2026,ARGENTINO (J),FERRO,False,FERRO,13,1,TIRO3,FALLADO,Z13-DE,69.78,81.13
v28vsytkWy-FA0xxbrk6Ib0GKp_fTYivuscQx_W6mKWAC_WnoxDKd0aQ==,30/09/2026,ARGENTINO (J),FERRO,True,ARGENTINO (J),5,1,TIRO2,CONVERTIDO,Z2-IZ,11.19,67.3
v28vsytkWy-FA0xxbrk6Ib0GKp_fTYivuscQx_W6mKWAC_WnoxDKd0aQ==,30/09/2026,ARGENTINO (J),FERRO,False,FERRO,12,1,TIRO2,CONVERTIDO,Z1-DE,88.43,51.26
v28vsytkWy-FA0xxbrk6Ib0GKp_fTYivuscQx_W6mKWAC_WnoxDKd0aQ==,30/09/2026,ARGENTINO (J),FERRO,True,ARGENTINO (J),2,1,TIRO2,FALLADO,Z1-IZ,10.82,51.26
v28vsytkWy-FA0xxbrk6Ib0GKp_fTYivuscQx_W6mKWAC_WnoxDKd0aQ==,30/09/2026,ARGENTINO (J),FERRO,True,ARGENTINO (J),5,1,TIRO3,FALLADO,Z11-IZ,25.75,85.22
v28vsytkWy-FA0xxbrk6Ib0GKp_fTYivuscQx_W6mKWAC_WnoxDKd0aQ==,30/09/2026,ARGENTINO (J),FERRO,True,ARGENTINO (J),11,1,TIRO2,CONVERTIDO,Z1-IZ,12.69,50.0
v28vsytkWy-FA0xxbrk6Ib0GKp_fTYivuscQx_W6mKWAC_WnoxDKd0aQ==,30/09/2026,ARGENTINO (J),FERRO,False,FERRO,12,1,TIRO2,CONVERTIDO,Z1-DE,86.75,49.37
v28vsytkWy-FA0xxbrk6Ib0GKp_fTYivuscQx_W6mKWAC_WnoxDKd0aQ==,30/09/2026,ARGENTINO (J),FERRO,False,FERRO,8,1,TIRO2,FALLADO,Z1-DE,88.06,53.46
v28vsytkWy-FA0xxbrk6Ib0GKp_fTYivuscQx_W6mKWAC_WnoxDKd0aQ==,30/09/2026,ARGENTINO (J),FERRO,True,ARGENTINO (J),3,1,TIRO2,CONVERTIDO,Z1-IZ,11.57,47.8
v28vsytkWy-FA0xxbrk6Ib0GKp_fTYivuscQx_W6mKWAC_WnoxDKd0aQ==,30/09/2026,ARGENTINO (J),FERRO,True,ARGENTINO (J),5,1,TIRO2,FALLADO,Z3-IZ,24.44,50.31
v28vsytkWy-FA0xxbrk6Ib0GKp_fTYivuscQx_W6mKWAC_WnoxDKd0aQ==,30/09/2026,ARGENTINO (J),FERRO,False,FERRO,25,1,TIRO3,FALLADO,Z12-DE,66.42,36.48
v28vsytkWy-FA0xxbrk6Ib0GKp_fTYivuscQx_W6mKWAC_WnoxDKd0aQ==,30/09/2026,ARGENTINO (J),FERRO,True,ARGENTINO (J),22,1,TIRO2,CONVERTIDO,Z4-IZ,21.08,30.82
v28vsytkWy-FA0xxbrk6Ib0GKp_fTYivuscQx_W6mKWAC_WnoxDKd0aQ==,30/09/2026,ARGENTINO (J),FERRO,False,FERRO,8,1,TIRO2,CONVERTIDO,Z1-DE,89.18,53.77
v28vsytkWy-FA0xxbrk6Ib0GKp_fTYivuscQx_W6mKWAC_WnoxDKd0aQ==,30/09/2026,ARGENTINO (J),FERRO,False,FERRO,4,1,TIRO3,CONVERTIDO,Z13-DE,77.43,85.85
v28vsytkWy-FA0xxbrk6Ib0GKp_fTYivuscQx_W6mKWAC_WnoxDKd0aQ==,30/09/2026,ARGENTINO (J),FERRO,True,ARGENTINO (J),3,1,TIRO2,FALLADO,Z3-IZ,22.95,39.62
v28vsytkWy-FA0xxbrk6Ib0GKp_fTYivuscQx_W6mKWAC_WnoxDKd0aQ==,30/09/2026,ARGENTINO (J),FERRO,False,FERRO,6,1,TIRO2,FALLADO,Z1-DE,86.94,48.11
v28vsytkWy-FA0xxbrk6Ib0GKp_fTYivuscQx_W6mKWAC_WnoxDKd0aQ==,30/09/2026,ARGENTINO (J),FERRO,True,ARGENTINO (J),16,1,TIRO2,CONVERTIDO,Z1-IZ,11.94,50.63
v28vsytkWy-FA0xxbrk6Ib0GKp_fTYivuscQx_W6mKWAC_WnoxDKd0aQ==,30/09/2026,ARGENTINO (J),FERRO,False,FERRO,8,1,TIRO3,FALLADO,Z11-DE,71.83,16.98
v28vsytkWy-FA0xxbrk6Ib0GKp_fTYivuscQx_W6mKWAC_WnoxDKd0aQ==,30/09/2026,ARGENTINO (J),FERRO,True,ARGENTINO (J),16,1,TIRO2,CONVERTIDO,Z1-IZ,11.19,48.74
v28vsytkWy-FA0xxbrk6Ib0GKp_fTYivuscQx_W6mKWAC_WnoxDKd0aQ==,30/09/2026,ARGENTINO (J),FERRO,False,FERRO,4,1,TIRO2,FALLADO,Z3-DE,76.87,46.86
v28vsytkWy-FA0xxbrk6Ib0GKp_fTYivuscQx_W6mKWAC_WnoxDKd0aQ==,30/09/2026,ARGENTINO (J),FERRO,True,ARGENTINO (J),22,1,TIRO2,FALLADO,Z1-IZ,13.06,47.48
v28vsytkWy-FA0xxbrk6Ib0GKp_fTYivuscQx_W6mKWAC_WnoxDKd0aQ==,30/09/2026,ARGENTINO (J),FERRO,False,FERRO,6,1,TIRO3,FALLADO,Z11-DE,70.52,17.61
v28vsytkWy-FA0xxbrk6Ib0GKp_fTYivuscQx_W6mKWAC_WnoxDKd0aQ==,30/09/2026,ARGENTINO (J),FERRO,True,ARGENTINO (J),22,1,TIRO2,CONVERTIDO,Z1-IZ,12.13,48.74
v28vsytkWy-FA0xxbrk6Ib0GKp_fTYivuscQx_W6mKWAC_WnoxDKd0aQ==,30/09/2026,ARGENTINO (J),FERRO,False,FERRO,25,1,TIRO3,FALLADO,Z11-DE,72.01,16.98
v28vsytkWy-FA0xxbrk6Ib0GKp_fTYivuscQx_W6mKWAC_WnoxDKd0aQ==,30/09/2026,ARGENTINO (J),FERRO,True,ARGENTINO (J),3,1,TIRO2,CONVERTIDO,Z1-IZ,11.19,38.68
v28vsytkWy-FA0xxbrk6Ib0GKp_fTYivuscQx_W6mKWAC_WnoxDKd0aQ==,30/09/2026,ARGENTINO (J),FERRO,True,ARGENTINO (J),16,1,TIRO2,FALLADO,Z1-IZ,11.94,50.31
v28vsytkWy-FA0xxbrk6Ib0GKp_fTYivuscQx_W6mKWAC_WnoxDKd0aQ==,30/09/2026,ARGENTINO (J),FERRO,False,FERRO,9,1,TIRO3,CONVERTIDO,Z13-DE,65.67,71.38
v2H4Xc81asT5W1nqBIQVMugaVNyiP3UvhJ-JPBrGzEOb0uXSFdCvgLvg==,30/09/2026,SAN MARTÍN (C),INSTITUTO,True,SAN MARTÍN (C),12,4,TIRO3,FALLADO,Z12-IZ,38.48,63.16
v2H4Xc81asT5W1nqBIQVMugaVNyiP3UvhJ-JPBrGzEOb0uXSFdCvgLvg==,30/09/2026,SAN MARTÍN (C),INSTITUTO,True,SAN MARTÍN (C),2,4,TIRO3,FALLADO,Z13-IZ,28.42,18.09
v2H4Xc81asT5W1nqBIQVMugaVNyiP3UvhJ-JPBrGzEOb0uXSFdCvgLvg==,30/09/2026,SAN MARTÍN (C),INSTITUTO,False,INSTITUTO,10,4,TIRO3,FALLADO,Z12-DE,63.28,57.4
v2H4Xc81asT5W1nqBIQVMugaVNyiP3UvhJ-JPBrGzEOb0uXSFdCvgLvg==,30/09/2026,SAN MARTÍN (C),INSTITUTO,True,SAN MARTÍN (C),15,4,TIRO2,CONVERTIDO,Z1-IZ,11.13,45.07
v2H4Xc81asT5W1nqBIQVMugaVNyiP3UvhJ-JPBrGzEOb0uXSFdCvgLvg==,30/09/2026,SAN MARTÍN (C),INSTITUTO,True,SAN MARTÍN (C),2,4,TIRO2,FALLADO,Z4-IZ,16.8,28.95
v2H4Xc81asT5W1nqBIQVMugaVNyiP3UvhJ-JPBrGzEOb0uXSFdCvgLvg==,30/09/2026,SAN MARTÍN (C),INSTITUTO,True,SAN MARTÍN (C),4,4,TIRO3,FALLADO,Z11-IZ,23.34,86.35
v2H4Xc81asT5W1nqBIQVMugaVNyiP3UvhJ-JPBrGzEOb0uXSFdCvgLvg==,30/09/2026,SAN MARTÍN (C),INSTITUTO,False,INSTITUTO,5,4,TIRO3,FALLADO,Z13-DE,63.38,71.55
v2H4Xc81asT5W1nqBIQVMugaVNyiP3UvhJ-JPBrGzEOb0uXSFdCvgLvg==,30/09/2026,SAN MARTÍN (C),INSTITUTO,False,INSTITUTO,12,4,TIRO3,FALLADO,Z13-DE,67.38,69.57
v2H4Xc81asT5W1nqBIQVMugaVNyiP3UvhJ-JPBrGzEOb0uXSFdCvgLvg==,30/09/2026,SAN MARTÍN (C),INSTITUTO,True,SAN MARTÍN (C),16,4,TIRO3,FALLADO,Z11-IZ,28.42,80.26
v2H4Xc81asT5W1nqBIQVMugaVNyiP3UvhJ-JPBrGzEOb0uXSFdCvgLvg==,30/09/2026,SAN MARTÍN (C),INSTITUTO,False,INSTITUTO,9,4,TIRO2,FALLADO,Z1-DE,87.99,55.76
v2H4Xc81asT5W1nqBIQVMugaVNyiP3UvhJ-JPBrGzEOb0uXSFdCvgLvg==,30/09/2026,SAN MARTÍN (C),INSTITUTO,True,SAN MARTÍN (C),12,4,TIRO3,CONVERTIDO,Z13-IZ,28.91,19.08
v2H4Xc81asT5W1nqBIQVMugaVNyiP3UvhJ-JPBrGzEOb0uXSFdCvgLvg==,30/09/2026,SAN MARTÍN (C),INSTITUTO,True,SAN MARTÍN (C),12,4,TIRO3,FALLADO,Z13-IZ,29.59,15.63
v2H4Xc81asT5W1nqBIQVMugaVNyiP3UvhJ-JPBrGzEOb0uXSFdCvgLvg==,30/09/2026,SAN MARTÍN (C),INSTITUTO,False,INSTITUTO,10,4,TIRO3,FALLADO,Z12-DE,63.77,58.88
v2H4Xc81asT5W1nqBIQVMugaVNyiP3UvhJ-JPBrGzEOb0uXSFdCvgLvg==,30/09/2026,SAN MARTÍN (C),INSTITUTO,True,SAN MARTÍN (C),5,4,TIRO3,FALLADO,Z11-IZ,29.3,80.1
v2H4Xc81asT5W1nqBIQVMugaVNyiP3UvhJ-JPBrGzEOb0uXSFdCvgLvg==,30/09/2026,SAN MARTÍN (C),INSTITUTO,False,INSTITUTO,5,4,TIRO2,CONVERTIDO,Z1-DE,87.5,45.23
v2H4Xc81asT5W1nqBIQVMugaVNyiP3UvhJ-JPBrGzEOb0uXSFdCvgLvg==,30/09/2026,SAN MARTÍN (C),INSTITUTO,True,SAN MARTÍN (C),15,4,TIRO2,CONVERTIDO,Z1-IZ,11.04,43.59
v2H4Xc81asT5W1nqBIQVMugaVNyiP3UvhJ-JPBrGzEOb0uXSFdCvgLvg==,30/09/2026,SAN MARTÍN (C),INSTITUTO,False,INSTITUTO,12,4,TIRO3,CONVERTIDO,Z13-DE,65.92,69.41
v2H4Xc81asT5W1nqBIQVMugaVNyiP3UvhJ-JPBrGzEOb0uXSFdCvgLvg==,30/09/2026,SAN MARTÍN (C),INSTITUTO,False,INSTITUTO,5,4,TIRO2,CONVERTIDO,Z1-DE,89.16,42.11
v2H4Xc81asT5W1nqBIQVMugaVNyiP3UvhJ-JPBrGzEOb0uXSFdCvgLvg==,30/09/2026,SAN MARTÍN (C),INSTITUTO,True,SAN MARTÍN (C),12,4,TIRO3,CONVERTIDO,Z11-IZ,33.59,65.95
v2H4Xc81asT5W1nqBIQVMugaVNyiP3UvhJ-JPBrGzEOb0uXSFdCvgLvg==,30/09/2026,SAN MARTÍN (C),INSTITUTO,False,INSTITUTO,9,4,TIRO3,FALLADO,Z11-DE,71.09,16.78
v2H4Xc81asT5W1nqBIQVMugaVNyiP3UvhJ-JPBrGzEOb0uXSFdCvgLvg==,30/09/2026,SAN MARTÍN (C),INSTITUTO,False,INSTITUTO,7,4,TIRO3,CONVERTIDO,Z13-DE,78.91,86.18
v2H4Xc81asT5W1nqBIQVMugaVNyiP3UvhJ-JPBrGzEOb0uXSFdCvgLvg==,30/09/2026,SAN MARTÍN (C),INSTITUTO,True,SAN MARTÍN (C),2,4,TIRO2,FALLADO,Z8-IZ,23.63,30.59
v2H4Xc81asT5W1nqBIQVMugaVNyiP3UvhJ-JPBrGzEOb0uXSFdCvgLvg==,30/09/2026,SAN MARTÍN (C),INSTITUTO,False,INSTITUTO,6,4,TIRO2,CONVERTIDO,Z1-DE,88.67,52.14
v2H4Xc81asT5W1nqBIQVMugaVNyiP3UvhJ-JPBrGzEOb0uXSFdCvgLvg==,30/09/2026,SAN MARTÍN (C),INSTITUTO,False,INSTITUTO,7,4,TIRO2,CONVERTIDO,Z1-DE,90.04,43.75
v2H4Xc81asT5W1nqBIQVMugaVNyiP3UvhJ-JPBrGzEOb0uXSFdCvgLvg==,30/09/2026,SAN MARTÍN (C),INSTITUTO,True,SAN MARTÍN (C),12,4,TIRO3,CONVERTIDO,Z13-IZ,26.07,13.98
v2H4Xc81asT5W1nqBIQVMugaVNyiP3UvhJ-JPBrGzEOb0uXSFdCvgLvg==,30/09/2026,SAN MARTÍN (C),INSTITUTO,True,SAN MARTÍN (C),16,4,TIRO3,FALLADO,Z13-IZ,22.17,8.06
v2H4Xc81asT5W1nqBIQVMugaVNyiP3UvhJ-JPBrGzEOb0uXSFdCvgLvg==,30/09/2026,SAN MARTÍN (C),INSTITUTO,False,INSTITUTO,12,4,TIRO3,FALLADO,Z11-DE,70.12,19.08
v2H4Xc81asT5W1nqBIQVMugaVNyiP3UvhJ-JPBrGzEOb0uXSFdCvgLvg==,30/09/2026,SAN MARTÍN (C),INSTITUTO,False,INSTITUTO,72,4,TIRO2,CONVERTIDO,Z1-DE,86.13,46.22
v2H4Xc81asT5W1nqBIQVMugaVNyiP3UvhJ-JPBrGzEOb0uXSFdCvgLvg==,30/09/2026,SAN MARTÍN (C),INSTITUTO,True,SAN MARTÍN (C),7,4,TIRO2,CONVERTIDO,Z1-IZ,9.18,50.49
v2H4Xc81asT5W1nqBIQVMugaVNyiP3UvhJ-JPBrGzEOb0uXSFdCvgLvg==,30/09/2026,SAN MARTÍN (C),INSTITUTO,False,INSTITUTO,6,4,TIRO2,CONVERTIDO,Z1-DE,88.38,54.28
v2H4Xc81asT5W1nqBIQVMugaVNyiP3UvhJ-JPBrGzEOb0uXSFdCvgLvg==,30/09/2026,SAN MARTÍN (C),INSTITUTO,True,SAN MARTÍN (C),12,3,TIRO2,CONVERTIDO,Z1-IZ,9.86,53.62
v2H4Xc81asT5W1nqBIQVMugaVNyiP3UvhJ-JPBrGzEOb0uXSFdCvgLvg==,30/09/2026,SAN MARTÍN (C),INSTITUTO,False,INSTITUTO,6,3,TIRO2,FALLADO,Z1-DE,87.79,55.59
v2H4Xc81asT5W1nqBIQVMugaVNyiP3UvhJ-JPBrGzEOb0uXSFdCvgLvg==,30/09/2026,SAN MARTÍN (C),INSTITUTO,False,INSTITUTO,6,3,TIRO2,CONVERTIDO,Z1-DE,90.23,54.28
v2H4Xc81asT5W1nqBIQVMugaVNyiP3UvhJ-JPBrGzEOb0uXSFdCvgLvg==,30/09/2026,SAN MARTÍN (C),INSTITUTO,False,INSTITUTO,10,3,TIRO2,FALLADO,Z4-DE,80.66,64.14
v2H4Xc81asT5W1nqBIQVMugaVNyiP3UvhJ-JPBrGzEOb0uXSFdCvgLvg==,30/09/2026,SAN MARTÍN (C),INSTITUTO,True,SAN MARTÍN (C),12,3,TIRO3,FALLADO,Z12-IZ,35.84,42.76
v2H4Xc81asT5W1nqBIQVMugaVNyiP3UvhJ-JPBrGzEOb0uXSFdCvgLvg==,30/09/2026,SAN MARTÍN (C),INSTITUTO,False,INSTITUTO,72,3,TIRO3,CONVERTIDO,Z11-DE,68.75,24.51
v2H4Xc81asT5W1nqBIQVMugaVNyiP3UvhJ-JPBrGzEOb0uXSFdCvgLvg==,30/09/2026,SAN MARTÍN (C),INSTITUTO,True,SAN MARTÍN (C),7,3,TIRO2,CONVERTIDO,Z2-IZ,14.55,67.93
v2H4Xc81asT5W1nqBIQVMugaVNyiP3UvhJ-JPBrGzEOb0uXSFdCvgLvg==,30/09/2026,SAN MARTÍN (C),INSTITUTO,False,INSTITUTO,72,3,TIRO3,CONVERTIDO,Z11-DE,73.63,13.98
v2H4Xc81asT5W1nqBIQVMugaVNyiP3UvhJ-JPBrGzEOb0uXSFdCvgLvg==,30/09/2026,SAN MARTÍN (C),INSTITUTO,True,SAN MARTÍN (C),2,3,TIRO3,FALLADO,Z13-IZ,32.32,23.52
v2H4Xc81asT5W1nqBIQVMugaVNyiP3UvhJ-JPBrGzEOb0uXSFdCvgLvg==,30/09/2026,SAN MARTÍN (C),INSTITUTO,False,INSTITUTO,9,3,TIRO3,FALLADO,Z12-DE,62.3,65.79
v2H4Xc81asT5W1nqBIQVMugaVNyiP3UvhJ-JPBrGzEOb0uXSFdCvgLvg==,30/09/2026,SAN MARTÍN (C),INSTITUTO,True,SAN MARTÍN (C),12,3,TIRO2,FALLADO,Z4-IZ,15.72,37.34
v2H4Xc81asT5W1nqBIQVMugaVNyiP3UvhJ-JPBrGzEOb0uXSFdCvgLvg==,30/09/2026,SAN MARTÍN (C),INSTITUTO,False,INSTITUTO,9,3,TIRO2,CONVERTIDO,Z1-DE,85.64,50.0
v2H4Xc81asT5W1nqBIQVMugaVNyiP3UvhJ-JPBrGzEOb0uXSFdCvgLvg==,30/09/2026,SAN MARTÍN (C),INSTITUTO,False,INSTITUTO,9,3,TIRO2,CONVERTIDO,Z1-DE,88.77,55.43
v2H4Xc81asT5W1nqBIQVMugaVNyiP3UvhJ-JPBrGzEOb0uXSFdCvgLvg==,30/09/2026,SAN MARTÍN (C),INSTITUTO,True,SAN MARTÍN (C),5,3,TIRO3,CONVERTIDO,Z13-IZ,29.59,19.57
v2H4Xc81asT5W1nqBIQVMugaVNyiP3UvhJ-JPBrGzEOb0uXSFdCvgLvg==,30/09/2026,SAN MARTÍN (C),INSTITUTO,False,INSTITUTO,1,3,TIRO3,FALLADO,Z11-DE,69.24,13.49
v2H4Xc81asT5W1nqBIQVMugaVNyiP3UvhJ-JPBrGzEOb0uXSFdCvgLvg==,30/09/2026,SAN MARTÍN (C),INSTITUTO,True,SAN MARTÍN (C),0,3,TIRO3,FALLADO,Z11-IZ,24.02,86.68
v2H4Xc81asT5W1nqBIQVMugaVNyiP3UvhJ-JPBrGzEOb0uXSFdCvgLvg==,30/09/2026,SAN MARTÍN (C),INSTITUTO,False,INSTITUTO,10,3,TIRO2,FALLADO,Z3-DE,83.4,41.94
v2H4Xc81asT5W1nqBIQVMugaVNyiP3UvhJ-JPBrGzEOb0uXSFdCvgLvg==,30/09/2026,SAN MARTÍN (C),INSTITUTO,True,SAN MARTÍN (C),0,3,TIRO3,FALLADO,Z12-IZ,36.82,50.49
v2H4Xc81asT5W1nqBIQVMugaVNyiP3UvhJ-JPBrGzEOb0uXSFdCvgLvg==,30/09/2026,SAN MARTÍN (C),INSTITUTO,False,INSTITUTO,72,3,TIRO2,FALLADO,Z1-DE,85.25,43.91
v2H4Xc81asT5W1nqBIQVMugaVNyiP3UvhJ-JPBrGzEOb0uXSFdCvgLvg==,30/09/2026,SAN MARTÍN (C),INSTITUTO,True,SAN MARTÍN (C),16,3,TIRO2,CONVERTIDO,Z1-IZ,11.13,45.39
v2H4Xc81asT5W1nqBIQVMugaVNyiP3UvhJ-JPBrGzEOb0uXSFdCvgLvg==,30/09/2026,SAN MARTÍN (C),INSTITUTO,True,SAN MARTÍN (C),15,3,TIRO2,FALLADO,Z1-IZ,13.28,37.66
v2H4Xc81asT5W1nqBIQVMugaVNyiP3UvhJ-JPBrGzEOb0uXSFdCvgLvg==,30/09/2026,SAN MARTÍN (C),INSTITUTO,False,INSTITUTO,10,3,TIRO2,FALLADO,Z6-DE,77.54,26.32
v2H4Xc81asT5W1nqBIQVMugaVNyiP3UvhJ-JPBrGzEOb0uXSFdCvgLvg==,30/09/2026,SAN MARTÍN (C),INSTITUTO,True,SAN MARTÍN (C),5,3,TIRO3,CONVERTIDO,Z12-IZ,34.67,42.6
v2H4Xc81asT5W1nqBIQVMugaVNyiP3UvhJ-JPBrGzEOb0uXSFdCvgLvg==,30/09/2026,SAN MARTÍN (C),INSTITUTO,False,INSTITUTO,5,3,TIRO2,FALLADO,Z6-DE,72.66,31.09
v2H4Xc81asT5W1nqBIQVMugaVNyiP3UvhJ-JPBrGzEOb0uXSFdCvgLvg==,30/09/2026,SAN MARTÍN (C),INSTITUTO,True,SAN MARTÍN (C),0,3,TIRO3,FALLADO,Z12-IZ,39.65,41.61
v2H4Xc81asT5W1nqBIQVMugaVNyiP3UvhJ-JPBrGzEOb0uXSFdCvgLvg==,30/09/2026,SAN MARTÍN (C),INSTITUTO,True,SAN MARTÍN (C),16,3,TIRO3,FALLADO,Z13-IZ,28.42,16.45
v2H4Xc81asT5W1nqBIQVMugaVNyiP3UvhJ-JPBrGzEOb0uXSFdCvgLvg==,30/09/2026,SAN MARTÍN (C),INSTITUTO,False,INSTITUTO,72,3,TIRO3,CONVERTIDO,Z14-DE,86.91,88.98
v2H4Xc81asT5W1nqBIQVMugaVNyiP3UvhJ-JPBrGzEOb0uXSFdCvgLvg==,30/09/2026,SAN MARTÍN (C),INSTITUTO,False,INSTITUTO,5,3,TIRO2,FALLADO,Z1-DE,88.57,43.75
v2H4Xc81asT5W1nqBIQVMugaVNyiP3UvhJ-JPBrGzEOb0uXSFdCvgLvg==,30/09/2026,SAN MARTÍN (C),INSTITUTO,False,INSTITUTO,72,3,TIRO3,FALLADO,Z11-DE,66.6,23.52
v2H4Xc81asT5W1nqBIQVMugaVNyiP3UvhJ-JPBrGzEOb0uXSFdCvgLvg==,30/09/2026,SAN MARTÍN (C),INSTITUTO,False,INSTITUTO,9,3,TIRO3,FALLADO,Z11-DE,71.09,14.8
v2H4Xc81asT5W1nqBIQVMugaVNyiP3UvhJ-JPBrGzEOb0uXSFdCvgLvg==,30/09/2026,SAN MARTÍN (C),INSTITUTO,False,INSTITUTO,10,2,TIRO3,FALLADO,Z12-DE,65.14,56.09
v2H4Xc81asT5W1nqBIQVMugaVNyiP3UvhJ-JPBrGzEOb0uXSFdCvgLvg==,30/09/2026,SAN MARTÍN (C),INSTITUTO,True,SAN MARTÍN (C),0,2,TIRO3,FALLADO,Z11-IZ,34.18,79.44
v2H4Xc81asT5W1nqBIQVMugaVNyiP3UvhJ-JPBrGzEOb0uXSFdCvgLvg==,30/09/2026,SAN MARTÍN (C),INSTITUTO,False,INSTITUTO,72,2,TIRO3,FALLADO,Z11-DE,79.88,12.34
v2H4Xc81asT5W1nqBIQVMugaVNyiP3UvhJ-JPBrGzEOb0uXSFdCvgLvg==,30/09/2026,SAN MARTÍN (C),INSTITUTO,True,SAN MARTÍN (C),15,2,TIRO2,CONVERTIDO,Z1-IZ,11.04,55.26
v2H4Xc81asT5W1nqBIQVMugaVNyiP3UvhJ-JPBrGzEOb0uXSFdCvgLvg==,30/09/2026,SAN MARTÍN (C),INSTITUTO,True,SAN MARTÍN (C),15,2,TIRO2,CONVERTIDO,Z1-IZ,11.72,54.61
v2H4Xc81asT5W1nqBIQVMugaVNyiP3UvhJ-JPBrGzEOb0uXSFdCvgLvg==,30/09/2026,SAN MARTÍN (C),INSTITUTO,False,INSTITUTO,10,2,TIRO2,FALLADO,Z6-DE,76.07,26.48
v2H4Xc81asT5W1nqBIQVMugaVNyiP3UvhJ-JPBrGzEOb0uXSFdCvgLvg==,30/09/2026,SAN MARTÍN (C),INSTITUTO,True,SAN MARTÍN (C),0,2,TIRO3,FALLADO,Z13-IZ,34.86,29.93
v2H4Xc81asT5W1nqBIQVMugaVNyiP3UvhJ-JPBrGzEOb0uXSFdCvgLvg==,30/09/2026,SAN MARTÍN (C),INSTITUTO,False,INSTITUTO,10,2,TIRO2,CONVERTIDO,Z3-DE,78.42,59.21
v2H4Xc81asT5W1nqBIQVMugaVNyiP3UvhJ-JPBrGzEOb0uXSFdCvgLvg==,30/09/2026,SAN MARTÍN (C),INSTITUTO,False,INSTITUTO,12,2,TIRO3,CONVERTIDO,Z11-DE,67.77,29.93
v2H4Xc81asT5W1nqBIQVMugaVNyiP3UvhJ-JPBrGzEOb0uXSFdCvgLvg==,30/09/2026,SAN MARTÍN (C),INSTITUTO,True,SAN MARTÍN (C),13,2,TIRO2,CONVERTIDO,Z1-IZ,10.45,46.88
v2H4Xc81asT5W1nqBIQVMugaVNyiP3UvhJ-JPBrGzEOb0uXSFdCvgLvg==,30/09/2026,SAN MARTÍN (C),INSTITUTO,True,SAN MARTÍN (C),4,2,TIRO2,FALLADO,Z3-IZ,22.56,56.91
v2H4Xc81asT5W1nqBIQVMugaVNyiP3UvhJ-JPBrGzEOb0uXSFdCvgLvg==,30/09/2026,SAN MARTÍN (C),INSTITUTO,False,INSTITUTO,10,2,TIRO3,CONVERTIDO,Z13-DE,67.77,67.27
v2H4Xc81asT5W1nqBIQVMugaVNyiP3UvhJ-JPBrGzEOb0uXSFdCvgLvg==,30/09/2026,SAN MARTÍN (C),INSTITUTO,True,SAN MARTÍN (C),15,2,TIRO2,FALLADO,Z1-IZ,14.26,53.62
v2H4Xc81asT5W1nqBIQVMugaVNyiP3UvhJ-JPBrGzEOb0uXSFdCvgLvg==,30/09/2026,SAN MARTÍN (C),INSTITUTO,False,INSTITUTO,5,2,TIRO2,CONVERTIDO,Z1-DE,88.28,54.93
v2H4Xc81asT5W1nqBIQVMugaVNyiP3UvhJ-JPBrGzEOb0uXSFdCvgLvg==,30/09/2026,SAN MARTÍN (C),INSTITUTO,False,INSTITUTO,10,2,TIRO2,CONVERTIDO,Z7-DE,69.82,45.07
v2H4Xc81asT5W1nqBIQVMugaVNyiP3UvhJ-JPBrGzEOb0uXSFdCvgLvg==,30/09/2026,SAN MARTÍN (C),INSTITUTO,True,SAN MARTÍN (C),2,2,TIRO3,CONVERTIDO,Z11-IZ,22.56,91.78
v2H4Xc81asT5W1nqBIQVMugaVNyiP3UvhJ-JPBrGzEOb0uXSFdCvgLvg==,30/09/2026,SAN MARTÍN (C),INSTITUTO,True,SAN MARTÍN (C),2,2,TIRO3,FALLADO,Z11-IZ,34.08,77.96
v2H4Xc81asT5W1nqBIQVMugaVNyiP3UvhJ-JPBrGzEOb0uXSFdCvgLvg==,30/09/2026,SAN MARTÍN (C),INSTITUTO,True,SAN MARTÍN (C),4,2,TIRO3,CONVERTIDO,Z13-IZ,29.2,18.26
v2H4Xc81asT5W1nqBIQVMugaVNyiP3UvhJ-JPBrGzEOb0uXSFdCvgLvg==,30/09/2026,SAN MARTÍN (C),INSTITUTO,False,INSTITUTO,12,2,TIRO2,CONVERTIDO,Z2-DE,89.45,29.44
v2H4Xc81asT5W1nqBIQVMugaVNyiP3UvhJ-JPBrGzEOb0uXSFdCvgLvg==,30/09/2026,SAN MARTÍN (C),INSTITUTO,True,SAN MARTÍN (C),15,2,TIRO2,CONVERTIDO,Z1-IZ,13.09,56.09
v2H4Xc81asT5W1nqBIQVMugaVNyiP3UvhJ-JPBrGzEOb0uXSFdCvgLvg==,30/09/2026,SAN MARTÍN (C),INSTITUTO,False,INSTITUTO,7,2,TIRO3,CONVERTIDO,Z11-DE,81.84,12.17
v2H4Xc81asT5W1nqBIQVMugaVNyiP3UvhJ-JPBrGzEOb0uXSFdCvgLvg==,30/09/2026,SAN MARTÍN (C),INSTITUTO,True,SAN MARTÍN (C),4,2,TIRO3,CONVERTIDO,Z11-IZ,24.61,87.66
v2H4Xc81asT5W1nqBIQVMugaVNyiP3UvhJ-JPBrGzEOb0uXSFdCvgLvg==,30/09/2026,SAN MARTÍN (C),INSTITUTO,False,INSTITUTO,1,2,TIRO3,FALLADO,Z11-DE,65.43,28.29
v2H4Xc81asT5W1nqBIQVMugaVNyiP3UvhJ-JPBrGzEOb0uXSFdCvgLvg==,30/09/2026,SAN MARTÍN (C),INSTITUTO,True,SAN MARTÍN (C),2,2,TIRO3,CONVERTIDO,Z13-IZ,27.54,16.94
v2H4Xc81asT5W1nqBIQVMugaVNyiP3UvhJ-JPBrGzEOb0uXSFdCvgLvg==,30/09/2026,SAN MARTÍN (C),INSTITUTO,True,SAN MARTÍN (C),2,2,TIRO2,FALLADO,Z2-IZ,10.35,70.72
v2H4Xc81asT5W1nqBIQVMugaVNyiP3UvhJ-JPBrGzEOb0uXSFdCvgLvg==,30/09/2026,SAN MARTÍN (C),INSTITUTO,False,INSTITUTO,6,2,TIRO2,FALLADO,Z1-DE,86.04,50.99
v2H4Xc81asT5W1nqBIQVMugaVNyiP3UvhJ-JPBrGzEOb0uXSFdCvgLvg==,30/09/2026,SAN MARTÍN (C),INSTITUTO,True,SAN MARTÍN (C),12,2,TIRO2,FALLADO,Z1-IZ,12.5,57.07
v2H4Xc81asT5W1nqBIQVMugaVNyiP3UvhJ-JPBrGzEOb0uXSFdCvgLvg==,30/09/2026,SAN MARTÍN (C),INSTITUTO,False,INSTITUTO,6,2,TIRO2,CONVERTIDO,Z1-DE,87.7,41.28
v2H4Xc81asT5W1nqBIQVMugaVNyiP3UvhJ-JPBrGzEOb0uXSFdCvgLvg==,30/09/2026,SAN MARTÍN (C),INSTITUTO,False,INSTITUTO,12,2,TIRO3,FALLADO,Z13-DE,79.49,88.16
v2H4Xc81asT5W1nqBIQVMugaVNyiP3UvhJ-JPBrGzEOb0uXSFdCvgLvg==,30/09/2026,SAN MARTÍN (C),INSTITUTO,True,SAN MARTÍN (C),16,1,TIRO3,FALLADO,Z12-IZ,49.02,68.91
v2H4Xc81asT5W1nqBIQVMugaVNyiP3UvhJ-JPBrGzEOb0uXSFdCvgLvg==,30/09/2026,SAN MARTÍN (C),INSTITUTO,False,INSTITUTO,7,1,TIRO2,CONVERTIDO,Z1-DE,87.89,41.94
v2H4Xc81asT5W1nqBIQVMugaVNyiP3UvhJ-JPBrGzEOb0uXSFdCvgLvg==,30/09/2026,SAN MARTÍN (C),INSTITUTO,False,INSTITUTO,9,1,TIRO3,FALLADO,Z11-DE,68.75,23.03
v2H4Xc81asT5W1nqBIQVMugaVNyiP3UvhJ-JPBrGzEOb0uXSFdCvgLvg==,30/09/2026,SAN MARTÍN (C),INSTITUTO,True,SAN MARTÍN (C),2,1,TIRO2,FALLADO,Z1-IZ,12.11,43.42
v2H4Xc81asT5W1nqBIQVMugaVNyiP3UvhJ-JPBrGzEOb0uXSFdCvgLvg==,30/09/2026,SAN MARTÍN (C),INSTITUTO,True,SAN MARTÍN (C),7,1,TIRO2,FALLADO,Z1-IZ,12.4,43.75
v2H4Xc81asT5W1nqBIQVMugaVNyiP3UvhJ-JPBrGzEOb0uXSFdCvgLvg==,30/09/2026,SAN MARTÍN (C),INSTITUTO,False,INSTITUTO,1,1,TIRO3,FALLADO,Z13-DE,69.24,83.55
v2H4Xc81asT5W1nqBIQVMugaVNyiP3UvhJ-JPBrGzEOb0uXSFdCvgLvg==,30/09/2026,SAN MARTÍN (C),INSTITUTO,True,SAN MARTÍN (C),2,1,TIRO3,CONVERTIDO,Z11-IZ,33.4,72.86
v2H4Xc81asT5W1nqBIQVMugaVNyiP3UvhJ-JPBrGzEOb0uXSFdCvgLvg==,30/09/2026,SAN MARTÍN (C),INSTITUTO,False,INSTITUTO,10,1,TIRO3,FALLADO,Z12-DE,61.52,54.61
v2H4Xc81asT5W1nqBIQVMugaVNyiP3UvhJ-JPBrGzEOb0uXSFdCvgLvg==,30/09/2026,SAN MARTÍN (C),INSTITUTO,True,SAN MARTÍN (C),16,1,TIRO3,FALLADO,Z12-IZ,37.11,59.38
v2H4Xc81asT5W1nqBIQVMugaVNyiP3UvhJ-JPBrGzEOb0uXSFdCvgLvg==,30/09/2026,SAN MARTÍN (C),INSTITUTO,False,INSTITUTO,5,1,TIRO3,FALLADO,Z13-DE,65.33,77.8
v2H4Xc81asT5W1nqBIQVMugaVNyiP3UvhJ-JPBrGzEOb0uXSFdCvgLvg==,30/09/2026,SAN MARTÍN (C),INSTITUTO,False,INSTITUTO,9,1,TIRO2,CONVERTIDO,Z1-DE,87.89,52.63
v2H4Xc81asT5W1nqBIQVMugaVNyiP3UvhJ-JPBrGzEOb0uXSFdCvgLvg==,30/09/2026,SAN MARTÍN (C),INSTITUTO,False,INSTITUTO,10,1,TIRO3,CONVERTIDO,Z11-DE,79.39,13.16
v2H4Xc81asT5W1nqBIQVMugaVNyiP3UvhJ-JPBrGzEOb0uXSFdCvgLvg==,30/09/2026,SAN MARTÍN (C),INSTITUTO,True,SAN MARTÍN (C),0,1,TIRO3,FALLADO,Z13-IZ,23.73,13.16
v2H4Xc81asT5W1nqBIQVMugaVNyiP3UvhJ-JPBrGzEOb0uXSFdCvgLvg==,30/09/2026,SAN MARTÍN (C),INSTITUTO,True,SAN MARTÍN (C),16,1,TIRO3,FALLADO,Z11-IZ,34.77,72.53
v2H4Xc81asT5W1nqBIQVMugaVNyiP3UvhJ-JPBrGzEOb0uXSFdCvgLvg==,30/09/2026,SAN MARTÍN (C),INSTITUTO,False,INSTITUTO,72,1,TIRO3,CONVERTIDO,Z11-DE,65.23,24.67
v2H4Xc81asT5W1nqBIQVMugaVNyiP3UvhJ-JPBrGzEOb0uXSFdCvgLvg==,30/09/2026,SAN MARTÍN (C),INSTITUTO,True,SAN MARTÍN (C),0,1,TIRO2,FALLADO,Z3-IZ,21.29,43.26
v2H4Xc81asT5W1nqBIQVMugaVNyiP3UvhJ-JPBrGzEOb0uXSFdCvgLvg==,30/09/2026,SAN MARTÍN (C),INSTITUTO,False,INSTITUTO,9,1,TIRO2,CONVERTIDO,Z1-DE,84.77,45.39
v2H4Xc81asT5W1nqBIQVMugaVNyiP3UvhJ-JPBrGzEOb0uXSFdCvgLvg==,30/09/2026,SAN MARTÍN (C),INSTITUTO,False,INSTITUTO,10,1,TIRO3,FALLADO,Z10-DE,86.04,10.86
v2H4Xc81asT5W1nqBIQVMugaVNyiP3UvhJ-JPBrGzEOb0uXSFdCvgLvg==,30/09/2026,SAN MARTÍN (C),INSTITUTO,True,SAN MARTÍN (C),4,1,TIRO3,FALLADO,Z13-IZ,24.8,14.97
v2H4Xc81asT5W1nqBIQVMugaVNyiP3UvhJ-JPBrGzEOb0uXSFdCvgLvg==,30/09/2026,SAN MARTÍN (C),INSTITUTO,False,INSTITUTO,6,1,TIRO2,FALLADO,Z3-DE,81.64,54.77
v2H4Xc81asT5W1nqBIQVMugaVNyiP3UvhJ-JPBrGzEOb0uXSFdCvgLvg==,30/09/2026,SAN MARTÍN (C),INSTITUTO,True,SAN MARTÍN (C),15,1,TIRO2,CONVERTIDO,Z1-IZ,12.99,54.93
v2H4Xc81asT5W1nqBIQVMugaVNyiP3UvhJ-JPBrGzEOb0uXSFdCvgLvg==,30/09/2026,SAN MARTÍN (C),INSTITUTO,False,INSTITUTO,10,1,TIRO2,CONVERTIDO,Z2-DE,83.5,30.1
v2H4Xc81asT5W1nqBIQVMugaVNyiP3UvhJ-JPBrGzEOb0uXSFdCvgLvg==,30/09/2026,SAN MARTÍN (C),INSTITUTO,True,SAN MARTÍN (C),5,1,TIRO2,FALLADO,Z8-IZ,27.64,33.88
v2H4Xc81asT5W1nqBIQVMugaVNyiP3UvhJ-JPBrGzEOb0uXSFdCvgLvg==,30/09/2026,SAN MARTÍN (C),INSTITUTO,False,INSTITUTO,72,1,TIRO2,FALLADO,Z1-DE,86.91,52.8
v2H4Xc81asT5W1nqBIQVMugaVNyiP3UvhJ-JPBrGzEOb0uXSFdCvgLvg==,30/09/2026,SAN MARTÍN (C),INSTITUTO,True,SAN MARTÍN (C),0,1,TIRO3,FALLADO,Z11-IZ,32.42,82.4
v2H4Xc81asT5W1nqBIQVMugaVNyiP3UvhJ-JPBrGzEOb0uXSFdCvgLvg==,30/09/2026,SAN MARTÍN (C),INSTITUTO,False,INSTITUTO,72,1,TIRO2,CONVERTIDO,Z1-DE,85.45,43.59
v2H4Xc81asT5W1nqBIQVMugaVNyiP3UvhJ-JPBrGzEOb0uXSFdCvgLvg==,30/09/2026,SAN MARTÍN (C),INSTITUTO,True,SAN MARTÍN (C),16,1,TIRO2,CONVERTIDO,Z1-IZ,10.55,43.26
v2H4Xc81asT5W1nqBIQVMugaVNyiP3UvhJ-JPBrGzEOb0uXSFdCvgLvg==,30/09/2026,SAN MARTÍN (C),INSTITUTO,False,INSTITUTO,72,1,TIRO3,CONVERTIDO,Z11-DE,70.12,16.94
v2H4Xc81asT5W1nqBIQVMugaVNyiP3UvhJ-JPBrGzEOb0uXSFdCvgLvg==,30/09/2026,SAN MARTÍN (C),INSTITUTO,False,INSTITUTO,5,1,TIRO2,FALLADO,Z1-DE,87.3,53.95
v2H4Xc81asT5W1nqBIQVMugaVNyiP3UvhJ-JPBrGzEOb0uXSFdCvgLvg==,30/09/2026,SAN MARTÍN (C),INSTITUTO,True,SAN MARTÍN (C),5,1,TIRO3,CONVERTIDO,Z11-IZ,30.37,78.45
v2H4Xc81asT5W1nqBIQVMugaVNyiP3UvhJ-JPBrGzEOb0uXSFdCvgLvg==,30/09/2026,SAN MARTÍN (C),INSTITUTO,True,SAN MARTÍN (C),0,1,TIRO2,CONVERTIDO,Z1-IZ,11.23,44.24
v2H4Xc81asT5W1nqBIQVMugaVNyiP3UvhJ-JPBrGzEOb0uXSFdCvgLvg==,30/09/2026,SAN MARTÍN (C),INSTITUTO,True,SAN MARTÍN (C),4,1,TIRO2,CONVERTIDO,Z1-IZ,10.16,44.08
v2bCDOzFlHLhTQZ12L6z8at97jNnppXMdWNx0P4ngdDMxAChqW03s9uQ==,01/10/2026,OLIMPICO (LB),PLATENSE,False,PLATENSE,22,4,TIRO2,CONVERTIDO,Z1-DE,83.25,44.79
v2bCDOzFlHLhTQZ12L6z8at97jNnppXMdWNx0P4ngdDMxAChqW03s9uQ==,01/10/2026,OLIMPICO (LB),PLATENSE,False,PLATENSE,15,4,TIRO2,FALLADO,Z3-DE,81.93,49.74
v2bCDOzFlHLhTQZ12L6z8at97jNnppXMdWNx0P4ngdDMxAChqW03s9uQ==,01/10/2026,OLIMPICO (LB),PLATENSE,True,OLIMPICO (LB),0,4,TIRO3,FALLADO,Z10-IZ,12.69,90.09
v2bCDOzFlHLhTQZ12L6z8at97jNnppXMdWNx0P4ngdDMxAChqW03s9uQ==,01/10/2026,OLIMPICO (LB),PLATENSE,False,PLATENSE,7,4,TIRO2,FALLADO,Z4-DE,85.48,71.45
v2bCDOzFlHLhTQZ12L6z8at97jNnppXMdWNx0P4ngdDMxAChqW03s9uQ==,01/10/2026,OLIMPICO (LB),PLATENSE,True,OLIMPICO (LB),1,4,TIRO2,CONVERTIDO,Z1-IZ,14.01,41.71
v2bCDOzFlHLhTQZ12L6z8at97jNnppXMdWNx0P4ngdDMxAChqW03s9uQ==,01/10/2026,OLIMPICO (LB),PLATENSE,False,PLATENSE,10,4,TIRO3,CONVERTIDO,Z13-DE,64.47,77.26
v2bCDOzFlHLhTQZ12L6z8at97jNnppXMdWNx0P4ngdDMxAChqW03s9uQ==,01/10/2026,OLIMPICO (LB),PLATENSE,False,PLATENSE,15,4,TIRO3,FALLADO,Z13-DE,65.28,72.31
v2bCDOzFlHLhTQZ12L6z8at97jNnppXMdWNx0P4ngdDMxAChqW03s9uQ==,01/10/2026,OLIMPICO (LB),PLATENSE,True,OLIMPICO (LB),1,4,TIRO3,CONVERTIDO,Z11-IZ,32.59,74.7
v2bCDOzFlHLhTQZ12L6z8at97jNnppXMdWNx0P4ngdDMxAChqW03s9uQ==,01/10/2026,OLIMPICO (LB),PLATENSE,True,OLIMPICO (LB),4,4,TIRO2,FALLADO,Z1-IZ,14.31,55.9
v2bCDOzFlHLhTQZ12L6z8at97jNnppXMdWNx0P4ngdDMxAChqW03s9uQ==,01/10/2026,OLIMPICO (LB),PLATENSE,False,PLATENSE,22,4,TIRO2,CONVERTIDO,Z1-DE,82.94,52.31
v2bCDOzFlHLhTQZ12L6z8at97jNnppXMdWNx0P4ngdDMxAChqW03s9uQ==,01/10/2026,OLIMPICO (LB),PLATENSE,False,PLATENSE,12,4,TIRO3,CONVERTIDO,Z12-DE,60.3,64.62
v2bCDOzFlHLhTQZ12L6z8at97jNnppXMdWNx0P4ngdDMxAChqW03s9uQ==,01/10/2026,OLIMPICO (LB),PLATENSE,True,OLIMPICO (LB),11,4,TIRO3,FALLADO,Z10-IZ,9.54,90.09
v2bCDOzFlHLhTQZ12L6z8at97jNnppXMdWNx0P4ngdDMxAChqW03s9uQ==,01/10/2026,OLIMPICO (LB),PLATENSE,True,OLIMPICO (LB),4,4,TIRO3,FALLADO,Z11-IZ,32.39,74.19
v2bCDOzFlHLhTQZ12L6z8at97jNnppXMdWNx0P4ngdDMxAChqW03s9uQ==,01/10/2026,OLIMPICO (LB),PLATENSE,False,PLATENSE,7,4,TIRO2,FALLADO,Z3-DE,79.29,46.32
v2bCDOzFlHLhTQZ12L6z8at97jNnppXMdWNx0P4ngdDMxAChqW03s9uQ==,01/10/2026,OLIMPICO (LB),PLATENSE,True,OLIMPICO (LB),4,4,TIRO2,FALLADO,Z1-IZ,14.72,42.22
v2bCDOzFlHLhTQZ12L6z8at97jNnppXMdWNx0P4ngdDMxAChqW03s9uQ==,01/10/2026,OLIMPICO (LB),PLATENSE,False,PLATENSE,25,4,TIRO2,FALLADO,Z1-DE,86.8,41.2
v2bCDOzFlHLhTQZ12L6z8at97jNnppXMdWNx0P4ngdDMxAChqW03s9uQ==,01/10/2026,OLIMPICO (LB),PLATENSE,True,OLIMPICO (LB),10,4,TIRO2,CONVERTIDO,Z4-IZ,12.79,30.26
v2bCDOzFlHLhTQZ12L6z8at97jNnppXMdWNx0P4ngdDMxAChqW03s9uQ==,01/10/2026,OLIMPICO (LB),PLATENSE,False,PLATENSE,12,4,TIRO2,CONVERTIDO,Z4-DE,83.65,58.63
v2bCDOzFlHLhTQZ12L6z8at97jNnppXMdWNx0P4ngdDMxAChqW03s9uQ==,01/10/2026,OLIMPICO (LB),PLATENSE,False,PLATENSE,25,4,TIRO2,CONVERTIDO,Z3-DE,82.23,56.92
v2bCDOzFlHLhTQZ12L6z8at97jNnppXMdWNx0P4ngdDMxAChqW03s9uQ==,01/10/2026,OLIMPICO (LB),PLATENSE,False,PLATENSE,30,4,TIRO3,FALLADO,Z11-DE,68.32,21.2
v2bCDOzFlHLhTQZ12L6z8at97jNnppXMdWNx0P4ngdDMxAChqW03s9uQ==,01/10/2026,OLIMPICO (LB),PLATENSE,True,OLIMPICO (LB),4,4,TIRO3,FALLADO,Z13-IZ,30.96,24.62
v2bCDOzFlHLhTQZ12L6z8at97jNnppXMdWNx0P4ngdDMxAChqW03s9uQ==,01/10/2026,OLIMPICO (LB),PLATENSE,False,PLATENSE,12,4,TIRO2,CONVERTIDO,Z3-DE,81.42,52.31
v2bCDOzFlHLhTQZ12L6z8at97jNnppXMdWNx0P4ngdDMxAChqW03s9uQ==,01/10/2026,OLIMPICO (LB),PLATENSE,True,OLIMPICO (LB),1,4,TIRO3,CONVERTIDO,Z12-IZ,37.06,53.5
v2bCDOzFlHLhTQZ12L6z8at97jNnppXMdWNx0P4ngdDMxAChqW03s9uQ==,01/10/2026,OLIMPICO (LB),PLATENSE,False,PLATENSE,9,4,TIRO3,FALLADO,Z11-DE,66.6,26.15
v2bCDOzFlHLhTQZ12L6z8at97jNnppXMdWNx0P4ngdDMxAChqW03s9uQ==,01/10/2026,OLIMPICO (LB),PLATENSE,False,PLATENSE,9,4,TIRO3,CONVERTIDO,Z10-DE,88.63,9.74
v2bCDOzFlHLhTQZ12L6z8at97jNnppXMdWNx0P4ngdDMxAChqW03s9uQ==,01/10/2026,OLIMPICO (LB),PLATENSE,True,OLIMPICO (LB),0,4,TIRO2,CONVERTIDO,Z2-IZ,19.8,68.55
v2bCDOzFlHLhTQZ12L6z8at97jNnppXMdWNx0P4ngdDMxAChqW03s9uQ==,01/10/2026,OLIMPICO (LB),PLATENSE,True,OLIMPICO (LB),4,4,TIRO3,FALLADO,Z12-IZ,34.31,44.96
v2bCDOzFlHLhTQZ12L6z8at97jNnppXMdWNx0P4ngdDMxAChqW03s9uQ==,01/10/2026,OLIMPICO (LB),PLATENSE,False,PLATENSE,12,4,TIRO2,CONVERTIDO,Z1-DE,82.94,47.52
v2bCDOzFlHLhTQZ12L6z8at97jNnppXMdWNx0P4ngdDMxAChqW03s9uQ==,01/10/2026,OLIMPICO (LB),PLATENSE,True,OLIMPICO (LB),26,4,TIRO2,CONVERTIDO,Z1-IZ,15.13,49.57
v2bCDOzFlHLhTQZ12L6z8at97jNnppXMdWNx0P4ngdDMxAChqW03s9uQ==,01/10/2026,OLIMPICO (LB),PLATENSE,False,PLATENSE,25,4,TIRO2,CONVERTIDO,Z1-DE,83.25,56.41
v2bCDOzFlHLhTQZ12L6z8at97jNnppXMdWNx0P4ngdDMxAChqW03s9uQ==,01/10/2026,OLIMPICO (LB),PLATENSE,False,PLATENSE,25,4,TIRO2,FALLADO,Z1-DE,82.64,50.77
v2bCDOzFlHLhTQZ12L6z8at97jNnppXMdWNx0P4ngdDMxAChqW03s9uQ==,01/10/2026,OLIMPICO (LB),PLATENSE,True,OLIMPICO (LB),4,4,TIRO2,FALLADO,Z3-IZ,18.88,55.21
v2bCDOzFlHLhTQZ12L6z8at97jNnppXMdWNx0P4ngdDMxAChqW03s9uQ==,01/10/2026,OLIMPICO (LB),PLATENSE,False,PLATENSE,12,4,TIRO2,FALLADO,Z1-DE,87.61,41.37
v2bCDOzFlHLhTQZ12L6z8at97jNnppXMdWNx0P4ngdDMxAChqW03s9uQ==,01/10/2026,OLIMPICO (LB),PLATENSE,False,PLATENSE,12,4,TIRO3,CONVERTIDO,Z13-DE,64.77,74.87
v2bCDOzFlHLhTQZ12L6z8at97jNnppXMdWNx0P4ngdDMxAChqW03s9uQ==,01/10/2026,OLIMPICO (LB),PLATENSE,True,OLIMPICO (LB),34,3,TIRO2,FALLADO,Z4-IZ,15.13,39.32
v2bCDOzFlHLhTQZ12L6z8at97jNnppXMdWNx0P4ngdDMxAChqW03s9uQ==,01/10/2026,OLIMPICO (LB),PLATENSE,False,PLATENSE,25,3,TIRO2,FALLADO,Z1-DE,85.18,49.91
v2bCDOzFlHLhTQZ12L6z8at97jNnppXMdWNx0P4ngdDMxAChqW03s9uQ==,01/10/2026,OLIMPICO (LB),PLATENSE,False,PLATENSE,9,3,TIRO2,FALLADO,Z8-DE,76.45,65.3
v2bCDOzFlHLhTQZ12L6z8at97jNnppXMdWNx0P4ngdDMxAChqW03s9uQ==,01/10/2026,OLIMPICO (LB),PLATENSE,True,OLIMPICO (LB),4,3,TIRO3,CONVERTIDO,Z11-IZ,31.57,76.07
v2bCDOzFlHLhTQZ12L6z8at97jNnppXMdWNx0P4ngdDMxAChqW03s9uQ==,01/10/2026,OLIMPICO (LB),PLATENSE,True,OLIMPICO (LB),4,3,TIRO3,CONVERTIDO,Z13-IZ,27.92,15.56
v2bCDOzFlHLhTQZ12L6z8at97jNnppXMdWNx0P4ngdDMxAChqW03s9uQ==,01/10/2026,OLIMPICO (LB),PLATENSE,False,PLATENSE,15,3,TIRO3,CONVERTIDO,Z11-DE,65.79,22.74
v2bCDOzFlHLhTQZ12L6z8at97jNnppXMdWNx0P4ngdDMxAChqW03s9uQ==,01/10/2026,OLIMPICO (LB),PLATENSE,True,OLIMPICO (LB),11,3,TIRO2,FALLADO,Z1-IZ,12.28,42.91
v2bCDOzFlHLhTQZ12L6z8at97jNnppXMdWNx0P4ngdDMxAChqW03s9uQ==,01/10/2026,OLIMPICO (LB),PLATENSE,False,PLATENSE,30,3,TIRO3,FALLADO,Z11-DE,65.79,18.97
v2bCDOzFlHLhTQZ12L6z8at97jNnppXMdWNx0P4ngdDMxAChqW03s9uQ==,01/10/2026,OLIMPICO (LB),PLATENSE,True,OLIMPICO (LB),1,3,TIRO3,FALLADO,Z14-IZ,7.72,8.55
v2bCDOzFlHLhTQZ12L6z8at97jNnppXMdWNx0P4ngdDMxAChqW03s9uQ==,01/10/2026,OLIMPICO (LB),PLATENSE,False,PLATENSE,15,3,TIRO3,FALLADO,Z13-DE,67.92,81.71
v2bCDOzFlHLhTQZ12L6z8at97jNnppXMdWNx0P4ngdDMxAChqW03s9uQ==,01/10/2026,OLIMPICO (LB),PLATENSE,True,OLIMPICO (LB),10,3,TIRO3,FALLADO,Z13-IZ,34.62,30.43
v2bCDOzFlHLhTQZ12L6z8at97jNnppXMdWNx0P4ngdDMxAChqW03s9uQ==,01/10/2026,OLIMPICO (LB),PLATENSE,False,PLATENSE,22,3,TIRO2,FALLADO,Z2-DE,82.23,27.52
v2bCDOzFlHLhTQZ12L6z8at97jNnppXMdWNx0P4ngdDMxAChqW03s9uQ==,01/10/2026,OLIMPICO (LB),PLATENSE,False,PLATENSE,30,3,TIRO2,FALLADO,Z1-DE,86.09,56.75
v2bCDOzFlHLhTQZ12L6z8at97jNnppXMdWNx0P4ngdDMxAChqW03s9uQ==,01/10/2026,OLIMPICO (LB),PLATENSE,True,OLIMPICO (LB),34,3,TIRO2,FALLADO,Z1-IZ,15.23,58.46
v2bCDOzFlHLhTQZ12L6z8at97jNnppXMdWNx0P4ngdDMxAChqW03s9uQ==,01/10/2026,OLIMPICO (LB),PLATENSE,False,PLATENSE,30,3,TIRO3,FALLADO,Z10-DE,86.4,9.4
v2bCDOzFlHLhTQZ12L6z8at97jNnppXMdWNx0P4ngdDMxAChqW03s9uQ==,01/10/2026,OLIMPICO (LB),PLATENSE,False,PLATENSE,7,3,TIRO3,FALLADO,Z13-DE,78.07,88.55
v2bCDOzFlHLhTQZ12L6z8at97jNnppXMdWNx0P4ngdDMxAChqW03s9uQ==,01/10/2026,OLIMPICO (LB),PLATENSE,True,OLIMPICO (LB),4,3,TIRO3,FALLADO,Z11-IZ,32.08,76.58
v2bCDOzFlHLhTQZ12L6z8at97jNnppXMdWNx0P4ngdDMxAChqW03s9uQ==,01/10/2026,OLIMPICO (LB),PLATENSE,False,PLATENSE,22,3,TIRO2,CONVERTIDO,Z2-DE,85.58,34.7
v2bCDOzFlHLhTQZ12L6z8at97jNnppXMdWNx0P4ngdDMxAChqW03s9uQ==,01/10/2026,OLIMPICO (LB),PLATENSE,True,OLIMPICO (LB),18,3,TIRO3,FALLADO,Z14-IZ,10.36,8.72
v2bCDOzFlHLhTQZ12L6z8at97jNnppXMdWNx0P4ngdDMxAChqW03s9uQ==,01/10/2026,OLIMPICO (LB),PLATENSE,False,PLATENSE,22,3,TIRO2,FALLADO,Z3-DE,82.54,45.3
v2bCDOzFlHLhTQZ12L6z8at97jNnppXMdWNx0P4ngdDMxAChqW03s9uQ==,01/10/2026,OLIMPICO (LB),PLATENSE,True,OLIMPICO (LB),1,3,TIRO2,FALLADO,Z1-IZ,16.55,48.89
v2bCDOzFlHLhTQZ12L6z8at97jNnppXMdWNx0P4ngdDMxAChqW03s9uQ==,01/10/2026,OLIMPICO (LB),PLATENSE,False,PLATENSE,7,3,TIRO3,FALLADO,Z12-DE,61.32,48.55
v2bCDOzFlHLhTQZ12L6z8at97jNnppXMdWNx0P4ngdDMxAChqW03s9uQ==,01/10/2026,OLIMPICO (LB),PLATENSE,False,PLATENSE,22,3,TIRO2,CONVERTIDO,Z3-DE,81.93,55.9
v2bCDOzFlHLhTQZ12L6z8at97jNnppXMdWNx0P4ngdDMxAChqW03s9uQ==,01/10/2026,OLIMPICO (LB),PLATENSE,True,OLIMPICO (LB),34,3,TIRO2,CONVERTIDO,Z4-IZ,13.2,34.19
v2bCDOzFlHLhTQZ12L6z8at97jNnppXMdWNx0P4ngdDMxAChqW03s9uQ==,01/10/2026,OLIMPICO (LB),PLATENSE,False,PLATENSE,7,3,TIRO3,FALLADO,Z12-DE,62.13,53.16
v2bCDOzFlHLhTQZ12L6z8at97jNnppXMdWNx0P4ngdDMxAChqW03s9uQ==,01/10/2026,OLIMPICO (LB),PLATENSE,True,OLIMPICO (LB),1,3,TIRO3,CONVERTIDO,Z11-IZ,32.28,80.17
v2bCDOzFlHLhTQZ12L6z8at97jNnppXMdWNx0P4ngdDMxAChqW03s9uQ==,01/10/2026,OLIMPICO (LB),PLATENSE,False,PLATENSE,15,3,TIRO2,FALLADO,Z1-DE,86.6,56.75
v2bCDOzFlHLhTQZ12L6z8at97jNnppXMdWNx0P4ngdDMxAChqW03s9uQ==,01/10/2026,OLIMPICO (LB),PLATENSE,True,OLIMPICO (LB),4,3,TIRO3,FALLADO,Z12-IZ,36.35,51.45
v2bCDOzFlHLhTQZ12L6z8at97jNnppXMdWNx0P4ngdDMxAChqW03s9uQ==,01/10/2026,OLIMPICO (LB),PLATENSE,False,PLATENSE,10,3,TIRO3,FALLADO,Z10-DE,88.83,8.72
v2bCDOzFlHLhTQZ12L6z8at97jNnppXMdWNx0P4ngdDMxAChqW03s9uQ==,01/10/2026,OLIMPICO (LB),PLATENSE,True,OLIMPICO (LB),1,3,TIRO3,FALLADO,Z14-IZ,17.36,9.57
v2bCDOzFlHLhTQZ12L6z8at97jNnppXMdWNx0P4ngdDMxAChqW03s9uQ==,01/10/2026,OLIMPICO (LB),PLATENSE,False,PLATENSE,10,2,TIRO3,FALLADO,Z12-DE,54.42,50.94
v2bCDOzFlHLhTQZ12L6z8at97jNnppXMdWNx0P4ngdDMxAChqW03s9uQ==,01/10/2026,OLIMPICO (LB),PLATENSE,True,OLIMPICO (LB),1,2,TIRO3,CONVERTIDO,Z11-IZ,31.98,81.37
v2bCDOzFlHLhTQZ12L6z8at97jNnppXMdWNx0P4ngdDMxAChqW03s9uQ==,01/10/2026,OLIMPICO (LB),PLATENSE,False,PLATENSE,15,2,TIRO2,CONVERTIDO,Z1-DE,86.19,59.66
v2bCDOzFlHLhTQZ12L6z8at97jNnppXMdWNx0P4ngdDMxAChqW03s9uQ==,01/10/2026,OLIMPICO (LB),PLATENSE,False,PLATENSE,22,2,TIRO2,CONVERTIDO,Z1-DE,84.47,52.31
v2bCDOzFlHLhTQZ12L6z8at97jNnppXMdWNx0P4ngdDMxAChqW03s9uQ==,01/10/2026,OLIMPICO (LB),PLATENSE,True,OLIMPICO (LB),10,2,TIRO2,CONVERTIDO,Z3-IZ,17.77,47.18
v2bCDOzFlHLhTQZ12L6z8at97jNnppXMdWNx0P4ngdDMxAChqW03s9uQ==,01/10/2026,OLIMPICO (LB),PLATENSE,True,OLIMPICO (LB),10,2,TIRO2,FALLADO,Z1-IZ,13.4,41.71
v2bCDOzFlHLhTQZ12L6z8at97jNnppXMdWNx0P4ngdDMxAChqW03s9uQ==,01/10/2026,OLIMPICO (LB),PLATENSE,True,OLIMPICO (LB),0,2,TIRO2,FALLADO,Z8-IZ,23.76,34.7
v2bCDOzFlHLhTQZ12L6z8at97jNnppXMdWNx0P4ngdDMxAChqW03s9uQ==,01/10/2026,OLIMPICO (LB),PLATENSE,False,PLATENSE,7,2,TIRO3,CONVERTIDO,Z11-DE,65.99,25.47
v2bCDOzFlHLhTQZ12L6z8at97jNnppXMdWNx0P4ngdDMxAChqW03s9uQ==,01/10/2026,OLIMPICO (LB),PLATENSE,True,OLIMPICO (LB),1,2,TIRO2,CONVERTIDO,Z3-IZ,17.66,53.33
v2bCDOzFlHLhTQZ12L6z8at97jNnppXMdWNx0P4ngdDMxAChqW03s9uQ==,01/10/2026,OLIMPICO (LB),PLATENSE,True,OLIMPICO (LB),0,2,TIRO3,FALLADO,Z13-IZ,32.69,17.61
v2bCDOzFlHLhTQZ12L6z8at97jNnppXMdWNx0P4ngdDMxAChqW03s9uQ==,01/10/2026,OLIMPICO (LB),PLATENSE,True,OLIMPICO (LB),4,2,TIRO3,FALLADO,Z12-IZ,38.17,54.53
v2bCDOzFlHLhTQZ12L6z8at97jNnppXMdWNx0P4ngdDMxAChqW03s9uQ==,01/10/2026,OLIMPICO (LB),PLATENSE,True,OLIMPICO (LB),26,2,TIRO2,FALLADO,Z1-IZ,15.03,40.17
v2bCDOzFlHLhTQZ12L6z8at97jNnppXMdWNx0P4ngdDMxAChqW03s9uQ==,01/10/2026,OLIMPICO (LB),PLATENSE,False,PLATENSE,9,2,TIRO2,CONVERTIDO,Z1-DE,85.48,43.93
v2bCDOzFlHLhTQZ12L6z8at97jNnppXMdWNx0P4ngdDMxAChqW03s9uQ==,01/10/2026,OLIMPICO (LB),PLATENSE,True,OLIMPICO (LB),4,2,TIRO3,CONVERTIDO,Z12-IZ,40.61,49.74
v2bCDOzFlHLhTQZ12L6z8at97jNnppXMdWNx0P4ngdDMxAChqW03s9uQ==,01/10/2026,OLIMPICO (LB),PLATENSE,False,PLATENSE,10,2,TIRO2,FALLADO,Z4-DE,86.29,71.11
v2bCDOzFlHLhTQZ12L6z8at97jNnppXMdWNx0P4ngdDMxAChqW03s9uQ==,01/10/2026,OLIMPICO (LB),PLATENSE,False,PLATENSE,22,2,TIRO2,FALLADO,Z2-DE,86.8,33.5
v2bCDOzFlHLhTQZ12L6z8at97jNnppXMdWNx0P4ngdDMxAChqW03s9uQ==,01/10/2026,OLIMPICO (LB),PLATENSE,True,OLIMPICO (LB),1,2,TIRO2,FALLADO,Z1-IZ,14.42,58.29
v2bCDOzFlHLhTQZ12L6z8at97jNnppXMdWNx0P4ngdDMxAChqW03s9uQ==,01/10/2026,OLIMPICO (LB),PLATENSE,True,OLIMPICO (LB),1,2,TIRO3,CONVERTIDO,Z12-IZ,37.87,63.25
v2bCDOzFlHLhTQZ12L6z8at97jNnppXMdWNx0P4ngdDMxAChqW03s9uQ==,01/10/2026,OLIMPICO (LB),PLATENSE,True,OLIMPICO (LB),4,2,TIRO2,FALLADO,Z1-IZ,14.82,39.83
v2bCDOzFlHLhTQZ12L6z8at97jNnppXMdWNx0P4ngdDMxAChqW03s9uQ==,01/10/2026,OLIMPICO (LB),PLATENSE,False,PLATENSE,12,2,TIRO3,CONVERTIDO,Z11-DE,65.48,35.9
v2bCDOzFlHLhTQZ12L6z8at97jNnppXMdWNx0P4ngdDMxAChqW03s9uQ==,01/10/2026,OLIMPICO (LB),PLATENSE,False,PLATENSE,7,2,TIRO2,CONVERTIDO,Z1-DE,86.19,47.86
v2bCDOzFlHLhTQZ12L6z8at97jNnppXMdWNx0P4ngdDMxAChqW03s9uQ==,01/10/2026,OLIMPICO (LB),PLATENSE,False,PLATENSE,7,2,TIRO3,FALLADO,Z12-DE,62.13,46.67
v2bCDOzFlHLhTQZ12L6z8at97jNnppXMdWNx0P4ngdDMxAChqW03s9uQ==,01/10/2026,OLIMPICO (LB),PLATENSE,True,OLIMPICO (LB),4,2,TIRO2,CONVERTIDO,Z3-IZ,22.13,60.34
v2bCDOzFlHLhTQZ12L6z8at97jNnppXMdWNx0P4ngdDMxAChqW03s9uQ==,01/10/2026,OLIMPICO (LB),PLATENSE,False,PLATENSE,7,2,TIRO2,CONVERTIDO,Z1-DE,87.61,57.78
v2bCDOzFlHLhTQZ12L6z8at97jNnppXMdWNx0P4ngdDMxAChqW03s9uQ==,01/10/2026,OLIMPICO (LB),PLATENSE,False,PLATENSE,9,2,TIRO3,FALLADO,Z13-DE,70.96,80.0
v2bCDOzFlHLhTQZ12L6z8at97jNnppXMdWNx0P4ngdDMxAChqW03s9uQ==,01/10/2026,OLIMPICO (LB),PLATENSE,False,PLATENSE,25,2,TIRO2,CONVERTIDO,Z1-DE,86.6,59.66
v2bCDOzFlHLhTQZ12L6z8at97jNnppXMdWNx0P4ngdDMxAChqW03s9uQ==,01/10/2026,OLIMPICO (LB),PLATENSE,True,OLIMPICO (LB),34,2,TIRO2,CONVERTIDO,Z1-IZ,13.3,57.61
v2bCDOzFlHLhTQZ12L6z8at97jNnppXMdWNx0P4ngdDMxAChqW03s9uQ==,01/10/2026,OLIMPICO (LB),PLATENSE,False,PLATENSE,13,2,TIRO3,CONVERTIDO,Z13-DE,70.86,73.5
v2bCDOzFlHLhTQZ12L6z8at97jNnppXMdWNx0P4ngdDMxAChqW03s9uQ==,01/10/2026,OLIMPICO (LB),PLATENSE,True,OLIMPICO (LB),34,2,TIRO2,CONVERTIDO,Z1-IZ,15.23,57.09
v2bCDOzFlHLhTQZ12L6z8at97jNnppXMdWNx0P4ngdDMxAChqW03s9uQ==,01/10/2026,OLIMPICO (LB),PLATENSE,False,PLATENSE,12,2,TIRO2,FALLADO,Z1-DE,83.45,50.94
v2bCDOzFlHLhTQZ12L6z8at97jNnppXMdWNx0P4ngdDMxAChqW03s9uQ==,01/10/2026,OLIMPICO (LB),PLATENSE,False,PLATENSE,12,1,TIRO3,FALLADO,Z11-DE,57.97,17.78
v2bCDOzFlHLhTQZ12L6z8at97jNnppXMdWNx0P4ngdDMxAChqW03s9uQ==,01/10/2026,OLIMPICO (LB),PLATENSE,True,OLIMPICO (LB),11,1,TIRO3,FALLADO,Z12-IZ,37.16,52.14
v2bCDOzFlHLhTQZ12L6z8at97jNnppXMdWNx0P4ngdDMxAChqW03s9uQ==,01/10/2026,OLIMPICO (LB),PLATENSE,False,PLATENSE,7,1,TIRO2,CONVERTIDO,Z4-DE,87.41,64.27
v2bCDOzFlHLhTQZ12L6z8at97jNnppXMdWNx0P4ngdDMxAChqW03s9uQ==,01/10/2026,OLIMPICO (LB),PLATENSE,True,OLIMPICO (LB),11,1,TIRO2,CONVERTIDO,Z1-IZ,15.63,44.1
v2bCDOzFlHLhTQZ12L6z8at97jNnppXMdWNx0P4ngdDMxAChqW03s9uQ==,01/10/2026,OLIMPICO (LB),PLATENSE,False,PLATENSE,9,1,TIRO2,CONVERTIDO,Z1-DE,87.41,55.04
v2bCDOzFlHLhTQZ12L6z8at97jNnppXMdWNx0P4ngdDMxAChqW03s9uQ==,01/10/2026,OLIMPICO (LB),PLATENSE,True,OLIMPICO (LB),10,1,TIRO2,FALLADO,Z1-IZ,14.01,58.46
v2bCDOzFlHLhTQZ12L6z8at97jNnppXMdWNx0P4ngdDMxAChqW03s9uQ==,01/10/2026,OLIMPICO (LB),PLATENSE,False,PLATENSE,7,1,TIRO3,FALLADO,Z12-DE,62.13,49.06
v2bCDOzFlHLhTQZ12L6z8at97jNnppXMdWNx0P4ngdDMxAChqW03s9uQ==,01/10/2026,OLIMPICO (LB),PLATENSE,True,OLIMPICO (LB),11,1,TIRO2,FALLADO,Z4-IZ,21.22,34.02
v2bCDOzFlHLhTQZ12L6z8at97jNnppXMdWNx0P4ngdDMxAChqW03s9uQ==,01/10/2026,OLIMPICO (LB),PLATENSE,False,PLATENSE,13,1,TIRO2,CONVERTIDO,Z1-DE,86.29,60.51
v2bCDOzFlHLhTQZ12L6z8at97jNnppXMdWNx0P4ngdDMxAChqW03s9uQ==,01/10/2026,OLIMPICO (LB),PLATENSE,True,OLIMPICO (LB),1,1,TIRO3,FALLADO,Z13-IZ,33.5,24.1
v2bCDOzFlHLhTQZ12L6z8at97jNnppXMdWNx0P4ngdDMxAChqW03s9uQ==,01/10/2026,OLIMPICO (LB),PLATENSE,False,PLATENSE,25,1,TIRO2,FALLADO,Z1-DE,88.22,60.34
v2bCDOzFlHLhTQZ12L6z8at97jNnppXMdWNx0P4ngdDMxAChqW03s9uQ==,01/10/2026,OLIMPICO (LB),PLATENSE,False,PLATENSE,12,1,TIRO3,FALLADO,Z11-DE,73.81,16.24
v2bCDOzFlHLhTQZ12L6z8at97jNnppXMdWNx0P4ngdDMxAChqW03s9uQ==,01/10/2026,OLIMPICO (LB),PLATENSE,True,OLIMPICO (LB),26,1,TIRO2,CONVERTIDO,Z3-IZ,18.88,50.77
v2bCDOzFlHLhTQZ12L6z8at97jNnppXMdWNx0P4ngdDMxAChqW03s9uQ==,01/10/2026,OLIMPICO (LB),PLATENSE,False,PLATENSE,10,1,TIRO3,FALLADO,Z13-DE,69.24,75.21
v2bCDOzFlHLhTQZ12L6z8at97jNnppXMdWNx0P4ngdDMxAChqW03s9uQ==,01/10/2026,OLIMPICO (LB),PLATENSE,False,PLATENSE,10,1,TIRO2,FALLADO,Z1-DE,86.9,62.56
v2bCDOzFlHLhTQZ12L6z8at97jNnppXMdWNx0P4ngdDMxAChqW03s9uQ==,01/10/2026,OLIMPICO (LB),PLATENSE,True,OLIMPICO (LB),11,1,TIRO2,CONVERTIDO,Z1-IZ,16.85,47.18
v2bCDOzFlHLhTQZ12L6z8at97jNnppXMdWNx0P4ngdDMxAChqW03s9uQ==,01/10/2026,OLIMPICO (LB),PLATENSE,False,PLATENSE,10,1,TIRO3,CONVERTIDO,Z13-DE,73.4,80.34
v2bCDOzFlHLhTQZ12L6z8at97jNnppXMdWNx0P4ngdDMxAChqW03s9uQ==,01/10/2026,OLIMPICO (LB),PLATENSE,True,OLIMPICO (LB),1,1,TIRO2,FALLADO,Z1-IZ,13.2,59.32
v2bCDOzFlHLhTQZ12L6z8at97jNnppXMdWNx0P4ngdDMxAChqW03s9uQ==,01/10/2026,OLIMPICO (LB),PLATENSE,False,PLATENSE,30,1,TIRO3,FALLADO,Z14-DE,91.68,91.62
v2bCDOzFlHLhTQZ12L6z8at97jNnppXMdWNx0P4ngdDMxAChqW03s9uQ==,01/10/2026,OLIMPICO (LB),PLATENSE,False,PLATENSE,22,1,TIRO2,FALLADO,Z1-DE,84.37,52.14
v2bCDOzFlHLhTQZ12L6z8at97jNnppXMdWNx0P4ngdDMxAChqW03s9uQ==,01/10/2026,OLIMPICO (LB),PLATENSE,True,OLIMPICO (LB),26,1,TIRO2,FALLADO,Z1-IZ,14.72,54.7
v2bCDOzFlHLhTQZ12L6z8at97jNnppXMdWNx0P4ngdDMxAChqW03s9uQ==,01/10/2026,OLIMPICO (LB),PLATENSE,False,PLATENSE,10,1,TIRO2,CONVERTIDO,Z1-DE,87.11,61.88
v2bCDOzFlHLhTQZ12L6z8at97jNnppXMdWNx0P4ngdDMxAChqW03s9uQ==,01/10/2026,OLIMPICO (LB),PLATENSE,True,OLIMPICO (LB),0,1,TIRO3,FALLADO,Z11-IZ,29.34,83.59
v2bCDOzFlHLhTQZ12L6z8at97jNnppXMdWNx0P4ngdDMxAChqW03s9uQ==,01/10/2026,OLIMPICO (LB),PLATENSE,False,PLATENSE,22,1,TIRO2,FALLADO,Z2-DE,81.83,35.56
v2bCDOzFlHLhTQZ12L6z8at97jNnppXMdWNx0P4ngdDMxAChqW03s9uQ==,01/10/2026,OLIMPICO (LB),PLATENSE,True,OLIMPICO (LB),18,1,TIRO3,FALLADO,Z14-IZ,10.56,9.4
v2bCDOzFlHLhTQZ12L6z8at97jNnppXMdWNx0P4ngdDMxAChqW03s9uQ==,01/10/2026,OLIMPICO (LB),PLATENSE,False,PLATENSE,4,1,TIRO2,FALLADO,Z1-DE,86.9,44.79
v2bCDOzFlHLhTQZ12L6z8at97jNnppXMdWNx0P4ngdDMxAChqW03s9uQ==,01/10/2026,OLIMPICO (LB),PLATENSE,True,OLIMPICO (LB),34,1,TIRO2,CONVERTIDO,Z1-IZ,14.82,58.46
v2bCDOzFlHLhTQZ12L6z8at97jNnppXMdWNx0P4ngdDMxAChqW03s9uQ==,01/10/2026,OLIMPICO (LB),PLATENSE,False,PLATENSE,15,1,TIRO2,CONVERTIDO,Z1-DE,87.21,55.9
v2bCDOzFlHLhTQZ12L6z8at97jNnppXMdWNx0P4ngdDMxAChqW03s9uQ==,01/10/2026,OLIMPICO (LB),PLATENSE,True,OLIMPICO (LB),34,1,TIRO2,FALLADO,Z1-IZ,17.56,51.28
v2bCDOzFlHLhTQZ12L6z8at97jNnppXMdWNx0P4ngdDMxAChqW03s9uQ==,01/10/2026,OLIMPICO (LB),PLATENSE,True,OLIMPICO (LB),1,1,TIRO2,FALLADO,Z1-IZ,13.1,61.71
v2bCDOzFlHLhTQZ12L6z8at97jNnppXMdWNx0P4ngdDMxAChqW03s9uQ==,01/10/2026,OLIMPICO (LB),PLATENSE,False,PLATENSE,10,1,TIRO3,FALLADO,Z13-DE,65.18,74.36
v2bCDOzFlHLhTQZ12L6z8at97jNnppXMdWNx0P4ngdDMxAChqW03s9uQ==,01/10/2026,OLIMPICO (LB),PLATENSE,True,OLIMPICO (LB),0,1,TIRO3,FALLADO,Z11-IZ,31.57,82.22
v2bCDOzFlHLhTQZ12L6z8at97jNnppXMdWNx0P4ngdDMxAChqW03s9uQ==,01/10/2026,OLIMPICO (LB),PLATENSE,False,PLATENSE,30,1,TIRO3,FALLADO,Z13-DE,67.61,77.78
v2bCDOzFlHLhTQZ12L6z8at97jNnppXMdWNx0P4ngdDMxAChqW03s9uQ==,01/10/2026,OLIMPICO (LB),PLATENSE,False,PLATENSE,30,1,TIRO2,FALLADO,Z5-DE,87.31,22.05
v2bCDOzFlHLhTQZ12L6z8at97jNnppXMdWNx0P4ngdDMxAChqW03s9uQ==,01/10/2026,OLIMPICO (LB),PLATENSE,True,OLIMPICO (LB),4,1,TIRO2,FALLADO,Z3-IZ,18.27,50.94
v2bCDOzFlHLhTQZ12L6z8at97jNnppXMdWNx0P4ngdDMxAChqW03s9uQ==,01/10/2026,OLIMPICO (LB),PLATENSE,False,PLATENSE,22,1,TIRO2,CONVERTIDO,Z1-DE,84.57,51.62
v2bCDOzFlHLhTQZ12L6z8at97jNnppXMdWNx0P4ngdDMxAChqW03s9uQ==,01/10/2026,OLIMPICO (LB),PLATENSE,True,OLIMPICO (LB),18,1,TIRO3,FALLADO,Z11-IZ,33.3,77.09
v2ZeZKz5h0KINL8-6efSuBmWFLFwTJINx_g5b4ZUMP8VjK2UrWp_JC0w==,02/10/2026,REGATAS (C),INSTITUTO,True,REGATAS (C),5,4,TIRO3,FALLADO,Z12-IZ,34.75,53.99
v2ZeZKz5h0KINL8-6efSuBmWFLFwTJINx_g5b4ZUMP8VjK2UrWp_JC0w==,02/10/2026,REGATAS (C),INSTITUTO,False,INSTITUTO,6,4,TIRO2,CONVERTIDO,Z1-DE,85.28,51.79
v2ZeZKz5h0KINL8-6efSuBmWFLFwTJINx_g5b4ZUMP8VjK2UrWp_JC0w==,02/10/2026,REGATAS (C),INSTITUTO,True,REGATAS (C),22,4,TIRO2,FALLADO,Z1-IZ,14.72,52.34
v2ZeZKz5h0KINL8-6efSuBmWFLFwTJINx_g5b4ZUMP8VjK2UrWp_JC0w==,02/10/2026,REGATAS (C),INSTITUTO,False,INSTITUTO,5,4,TIRO2,CONVERTIDO,Z1-DE,83.4,52.34
v2ZeZKz5h0KINL8-6efSuBmWFLFwTJINx_g5b4ZUMP8VjK2UrWp_JC0w==,02/10/2026,REGATAS (C),INSTITUTO,True,REGATAS (C),35,4,TIRO2,FALLADO,Z1-IZ,16.19,57.16
v2ZeZKz5h0KINL8-6efSuBmWFLFwTJINx_g5b4ZUMP8VjK2UrWp_JC0w==,02/10/2026,REGATAS (C),INSTITUTO,False,INSTITUTO,6,4,TIRO2,CONVERTIDO,Z1-DE,83.65,53.58
v2ZeZKz5h0KINL8-6efSuBmWFLFwTJINx_g5b4ZUMP8VjK2UrWp_JC0w==,02/10/2026,REGATAS (C),INSTITUTO,True,REGATAS (C),3,4,TIRO3,CONVERTIDO,Z12-IZ,36.79,43.11
v2ZeZKz5h0KINL8-6efSuBmWFLFwTJINx_g5b4ZUMP8VjK2UrWp_JC0w==,02/10/2026,REGATAS (C),INSTITUTO,False,INSTITUTO,6,4,TIRO2,FALLADO,Z1-DE,84.3,53.58
v2ZeZKz5h0KINL8-6efSuBmWFLFwTJINx_g5b4ZUMP8VjK2UrWp_JC0w==,02/10/2026,REGATAS (C),INSTITUTO,True,REGATAS (C),10,4,TIRO3,FALLADO,Z12-IZ,34.42,61.16
v2ZeZKz5h0KINL8-6efSuBmWFLFwTJINx_g5b4ZUMP8VjK2UrWp_JC0w==,02/10/2026,REGATAS (C),INSTITUTO,False,INSTITUTO,1,4,TIRO3,FALLADO,Z12-DE,66.97,44.08
v2ZeZKz5h0KINL8-6efSuBmWFLFwTJINx_g5b4ZUMP8VjK2UrWp_JC0w==,02/10/2026,REGATAS (C),INSTITUTO,True,REGATAS (C),3,4,TIRO3,CONVERTIDO,Z12-IZ,38.59,50.69
v2ZeZKz5h0KINL8-6efSuBmWFLFwTJINx_g5b4ZUMP8VjK2UrWp_JC0w==,02/10/2026,REGATAS (C),INSTITUTO,False,INSTITUTO,72,4,TIRO3,FALLADO,Z13-DE,65.41,66.53
v2ZeZKz5h0KINL8-6efSuBmWFLFwTJINx_g5b4ZUMP8VjK2UrWp_JC0w==,02/10/2026,REGATAS (C),INSTITUTO,True,REGATAS (C),6,4,TIRO2,FALLADO,Z1-IZ,16.84,46.14
v2ZeZKz5h0KINL8-6efSuBmWFLFwTJINx_g5b4ZUMP8VjK2UrWp_JC0w==,02/10/2026,REGATAS (C),INSTITUTO,False,INSTITUTO,5,4,TIRO3,FALLADO,Z12-DE,62.31,41.05
v2ZeZKz5h0KINL8-6efSuBmWFLFwTJINx_g5b4ZUMP8VjK2UrWp_JC0w==,02/10/2026,REGATAS (C),INSTITUTO,True,REGATAS (C),6,4,TIRO3,CONVERTIDO,Z12-IZ,37.61,46.01
v2ZeZKz5h0KINL8-6efSuBmWFLFwTJINx_g5b4ZUMP8VjK2UrWp_JC0w==,02/10/2026,REGATAS (C),INSTITUTO,False,INSTITUTO,6,4,TIRO2,FALLADO,Z1-DE,83.16,48.76
v2ZeZKz5h0KINL8-6efSuBmWFLFwTJINx_g5b4ZUMP8VjK2UrWp_JC0w==,02/10/2026,REGATAS (C),INSTITUTO,True,REGATAS (C),3,4,TIRO2,CONVERTIDO,Z1-IZ,16.6,50.28
v2ZeZKz5h0KINL8-6efSuBmWFLFwTJINx_g5b4ZUMP8VjK2UrWp_JC0w==,02/10/2026,REGATAS (C),INSTITUTO,False,INSTITUTO,5,4,TIRO2,CONVERTIDO,Z1-DE,82.75,50.14
v2ZeZKz5h0KINL8-6efSuBmWFLFwTJINx_g5b4ZUMP8VjK2UrWp_JC0w==,02/10/2026,REGATAS (C),INSTITUTO,True,REGATAS (C),10,4,TIRO3,CONVERTIDO,Z12-IZ,37.78,54.41
v2ZeZKz5h0KINL8-6efSuBmWFLFwTJINx_g5b4ZUMP8VjK2UrWp_JC0w==,02/10/2026,REGATAS (C),INSTITUTO,False,INSTITUTO,6,4,TIRO2,CONVERTIDO,Z1-DE,83.65,52.07
v2ZeZKz5h0KINL8-6efSuBmWFLFwTJINx_g5b4ZUMP8VjK2UrWp_JC0w==,02/10/2026,REGATAS (C),INSTITUTO,False,INSTITUTO,6,4,TIRO2,CONVERTIDO,Z1-DE,83.73,52.62
v2ZeZKz5h0KINL8-6efSuBmWFLFwTJINx_g5b4ZUMP8VjK2UrWp_JC0w==,02/10/2026,REGATAS (C),INSTITUTO,True,REGATAS (C),3,4,TIRO3,CONVERTIDO,Z12-IZ,37.61,44.35
v2ZeZKz5h0KINL8-6efSuBmWFLFwTJINx_g5b4ZUMP8VjK2UrWp_JC0w==,02/10/2026,REGATAS (C),INSTITUTO,False,INSTITUTO,9,4,TIRO3,FALLADO,Z13-DE,67.13,65.43
v2ZeZKz5h0KINL8-6efSuBmWFLFwTJINx_g5b4ZUMP8VjK2UrWp_JC0w==,02/10/2026,REGATAS (C),INSTITUTO,True,REGATAS (C),22,4,TIRO2,CONVERTIDO,Z1-IZ,16.84,51.52
v2ZeZKz5h0KINL8-6efSuBmWFLFwTJINx_g5b4ZUMP8VjK2UrWp_JC0w==,02/10/2026,REGATAS (C),INSTITUTO,False,INSTITUTO,6,4,TIRO2,FALLADO,Z3-DE,80.54,56.06
v2ZeZKz5h0KINL8-6efSuBmWFLFwTJINx_g5b4ZUMP8VjK2UrWp_JC0w==,02/10/2026,REGATAS (C),INSTITUTO,False,INSTITUTO,10,4,TIRO2,FALLADO,Z1-DE,83.57,50.69
v2ZeZKz5h0KINL8-6efSuBmWFLFwTJINx_g5b4ZUMP8VjK2UrWp_JC0w==,02/10/2026,REGATAS (C),INSTITUTO,True,REGATAS (C),5,4,TIRO2,FALLADO,Z3-IZ,19.3,44.49
v2ZeZKz5h0KINL8-6efSuBmWFLFwTJINx_g5b4ZUMP8VjK2UrWp_JC0w==,02/10/2026,REGATAS (C),INSTITUTO,False,INSTITUTO,1,4,TIRO3,FALLADO,Z12-DE,63.53,44.63
v2ZeZKz5h0KINL8-6efSuBmWFLFwTJINx_g5b4ZUMP8VjK2UrWp_JC0w==,02/10/2026,REGATAS (C),INSTITUTO,False,INSTITUTO,1,4,TIRO2,CONVERTIDO,Z1-DE,83.57,48.35
v2ZeZKz5h0KINL8-6efSuBmWFLFwTJINx_g5b4ZUMP8VjK2UrWp_JC0w==,02/10/2026,REGATAS (C),INSTITUTO,True,REGATAS (C),10,4,TIRO2,CONVERTIDO,Z1-IZ,16.03,52.89
v2ZeZKz5h0KINL8-6efSuBmWFLFwTJINx_g5b4ZUMP8VjK2UrWp_JC0w==,02/10/2026,REGATAS (C),INSTITUTO,False,INSTITUTO,10,4,TIRO2,FALLADO,Z1-DE,82.42,51.52
v2ZeZKz5h0KINL8-6efSuBmWFLFwTJINx_g5b4ZUMP8VjK2UrWp_JC0w==,02/10/2026,REGATAS (C),INSTITUTO,True,REGATAS (C),22,4,TIRO2,CONVERTIDO,Z1-IZ,13.98,51.38
v2ZeZKz5h0KINL8-6efSuBmWFLFwTJINx_g5b4ZUMP8VjK2UrWp_JC0w==,02/10/2026,REGATAS (C),INSTITUTO,True,REGATAS (C),3,4,TIRO3,FALLADO,Z12-IZ,35.9,52.34
v2ZeZKz5h0KINL8-6efSuBmWFLFwTJINx_g5b4ZUMP8VjK2UrWp_JC0w==,02/10/2026,REGATAS (C),INSTITUTO,True,REGATAS (C),10,3,TIRO2,FALLADO,Z3-IZ,18.4,53.03
v2ZeZKz5h0KINL8-6efSuBmWFLFwTJINx_g5b4ZUMP8VjK2UrWp_JC0w==,02/10/2026,REGATAS (C),INSTITUTO,False,INSTITUTO,10,3,TIRO3,CONVERTIDO,Z12-DE,63.78,52.89
v2ZeZKz5h0KINL8-6efSuBmWFLFwTJINx_g5b4ZUMP8VjK2UrWp_JC0w==,02/10/2026,REGATAS (C),INSTITUTO,False,INSTITUTO,10,3,TIRO3,CONVERTIDO,Z12-DE,63.53,62.67
v2ZeZKz5h0KINL8-6efSuBmWFLFwTJINx_g5b4ZUMP8VjK2UrWp_JC0w==,02/10/2026,REGATAS (C),INSTITUTO,True,REGATAS (C),5,3,TIRO3,FALLADO,Z12-IZ,36.47,46.97
v2ZeZKz5h0KINL8-6efSuBmWFLFwTJINx_g5b4ZUMP8VjK2UrWp_JC0w==,02/10/2026,REGATAS (C),INSTITUTO,True,REGATAS (C),5,3,TIRO3,FALLADO,Z12-IZ,35.32,44.49
v2ZeZKz5h0KINL8-6efSuBmWFLFwTJINx_g5b4ZUMP8VjK2UrWp_JC0w==,02/10/2026,REGATAS (C),INSTITUTO,True,REGATAS (C),3,3,TIRO3,FALLADO,Z12-IZ,37.45,51.79
v2ZeZKz5h0KINL8-6efSuBmWFLFwTJINx_g5b4ZUMP8VjK2UrWp_JC0w==,02/10/2026,REGATAS (C),INSTITUTO,True,REGATAS (C),6,3,TIRO2,FALLADO,Z3-IZ,20.52,46.42
v2ZeZKz5h0KINL8-6efSuBmWFLFwTJINx_g5b4ZUMP8VjK2UrWp_JC0w==,02/10/2026,REGATAS (C),INSTITUTO,True,REGATAS (C),5,3,TIRO3,FALLADO,Z12-IZ,35.98,43.53
v2ZeZKz5h0KINL8-6efSuBmWFLFwTJINx_g5b4ZUMP8VjK2UrWp_JC0w==,02/10/2026,REGATAS (C),INSTITUTO,False,INSTITUTO,12,3,TIRO3,FALLADO,Z12-DE,64.68,64.46
v2ZeZKz5h0KINL8-6efSuBmWFLFwTJINx_g5b4ZUMP8VjK2UrWp_JC0w==,02/10/2026,REGATAS (C),INSTITUTO,True,REGATAS (C),35,3,TIRO3,FALLADO,Z12-IZ,33.93,58.54
v2ZeZKz5h0KINL8-6efSuBmWFLFwTJINx_g5b4ZUMP8VjK2UrWp_JC0w==,02/10/2026,REGATAS (C),INSTITUTO,False,INSTITUTO,72,3,TIRO3,FALLADO,Z12-DE,65.09,64.46
v2ZeZKz5h0KINL8-6efSuBmWFLFwTJINx_g5b4ZUMP8VjK2UrWp_JC0w==,02/10/2026,REGATAS (C),INSTITUTO,True,REGATAS (C),22,3,TIRO2,FALLADO,Z1-IZ,17.66,51.1
v2ZeZKz5h0KINL8-6efSuBmWFLFwTJINx_g5b4ZUMP8VjK2UrWp_JC0w==,02/10/2026,REGATAS (C),INSTITUTO,False,INSTITUTO,12,3,TIRO2,CONVERTIDO,Z1-DE,84.3,50.83
v2ZeZKz5h0KINL8-6efSuBmWFLFwTJINx_g5b4ZUMP8VjK2UrWp_JC0w==,02/10/2026,REGATAS (C),INSTITUTO,False,INSTITUTO,10,3,TIRO3,FALLADO,Z12-DE,64.35,63.5
v2ZeZKz5h0KINL8-6efSuBmWFLFwTJINx_g5b4ZUMP8VjK2UrWp_JC0w==,02/10/2026,REGATAS (C),INSTITUTO,True,REGATAS (C),22,3,TIRO2,CONVERTIDO,Z1-IZ,15.86,50.55
v2ZeZKz5h0KINL8-6efSuBmWFLFwTJINx_g5b4ZUMP8VjK2UrWp_JC0w==,02/10/2026,REGATAS (C),INSTITUTO,False,INSTITUTO,12,3,TIRO3,FALLADO,Z13-DE,66.48,72.45
v2ZeZKz5h0KINL8-6efSuBmWFLFwTJINx_g5b4ZUMP8VjK2UrWp_JC0w==,02/10/2026,REGATAS (C),INSTITUTO,True,REGATAS (C),6,3,TIRO3,FALLADO,Z12-IZ,37.12,42.15
v2ZeZKz5h0KINL8-6efSuBmWFLFwTJINx_g5b4ZUMP8VjK2UrWp_JC0w==,02/10/2026,REGATAS (C),INSTITUTO,False,INSTITUTO,9,3,TIRO2,CONVERTIDO,Z1-DE,82.99,51.38
v2ZeZKz5h0KINL8-6efSuBmWFLFwTJINx_g5b4ZUMP8VjK2UrWp_JC0w==,02/10/2026,REGATAS (C),INSTITUTO,True,REGATAS (C),5,3,TIRO3,CONVERTIDO,Z12-IZ,39.0,46.83
v2ZeZKz5h0KINL8-6efSuBmWFLFwTJINx_g5b4ZUMP8VjK2UrWp_JC0w==,02/10/2026,REGATAS (C),INSTITUTO,False,INSTITUTO,6,3,TIRO2,FALLADO,Z1-DE,82.67,48.07
v2ZeZKz5h0KINL8-6efSuBmWFLFwTJINx_g5b4ZUMP8VjK2UrWp_JC0w==,02/10/2026,REGATAS (C),INSTITUTO,False,INSTITUTO,5,3,TIRO2,FALLADO,Z1-DE,86.02,48.76
v2ZeZKz5h0KINL8-6efSuBmWFLFwTJINx_g5b4ZUMP8VjK2UrWp_JC0w==,02/10/2026,REGATAS (C),INSTITUTO,True,REGATAS (C),35,3,TIRO2,CONVERTIDO,Z1-IZ,15.29,53.03
v2ZeZKz5h0KINL8-6efSuBmWFLFwTJINx_g5b4ZUMP8VjK2UrWp_JC0w==,02/10/2026,REGATAS (C),INSTITUTO,False,INSTITUTO,9,3,TIRO2,CONVERTIDO,Z1-DE,83.4,50.41
v2ZeZKz5h0KINL8-6efSuBmWFLFwTJINx_g5b4ZUMP8VjK2UrWp_JC0w==,02/10/2026,REGATAS (C),INSTITUTO,True,REGATAS (C),5,3,TIRO3,CONVERTIDO,Z12-IZ,35.65,40.63
v2ZeZKz5h0KINL8-6efSuBmWFLFwTJINx_g5b4ZUMP8VjK2UrWp_JC0w==,02/10/2026,REGATAS (C),INSTITUTO,False,INSTITUTO,6,3,TIRO2,FALLADO,Z1-DE,83.4,50.55
v2ZeZKz5h0KINL8-6efSuBmWFLFwTJINx_g5b4ZUMP8VjK2UrWp_JC0w==,02/10/2026,REGATAS (C),INSTITUTO,True,REGATAS (C),10,3,TIRO3,FALLADO,Z13-IZ,33.52,33.61
v2ZeZKz5h0KINL8-6efSuBmWFLFwTJINx_g5b4ZUMP8VjK2UrWp_JC0w==,02/10/2026,REGATAS (C),INSTITUTO,True,REGATAS (C),35,3,TIRO2,CONVERTIDO,Z1-IZ,15.45,53.99
v2ZeZKz5h0KINL8-6efSuBmWFLFwTJINx_g5b4ZUMP8VjK2UrWp_JC0w==,02/10/2026,REGATAS (C),INSTITUTO,False,INSTITUTO,0,2,TIRO3,FALLADO,Z12-DE,63.53,49.31
v2ZeZKz5h0KINL8-6efSuBmWFLFwTJINx_g5b4ZUMP8VjK2UrWp_JC0w==,02/10/2026,REGATAS (C),INSTITUTO,True,REGATAS (C),20,2,TIRO2,FALLADO,Z1-IZ,15.62,48.48
v2ZeZKz5h0KINL8-6efSuBmWFLFwTJINx_g5b4ZUMP8VjK2UrWp_JC0w==,02/10/2026,REGATAS (C),INSTITUTO,False,INSTITUTO,7,2,TIRO2,FALLADO,Z3-DE,80.78,52.75
v2ZeZKz5h0KINL8-6efSuBmWFLFwTJINx_g5b4ZUMP8VjK2UrWp_JC0w==,02/10/2026,REGATAS (C),INSTITUTO,True,REGATAS (C),5,2,TIRO2,FALLADO,Z3-IZ,23.47,50.41
v2ZeZKz5h0KINL8-6efSuBmWFLFwTJINx_g5b4ZUMP8VjK2UrWp_JC0w==,02/10/2026,REGATAS (C),INSTITUTO,False,INSTITUTO,6,2,TIRO2,FALLADO,Z3-DE,79.23,52.48
v2ZeZKz5h0KINL8-6efSuBmWFLFwTJINx_g5b4ZUMP8VjK2UrWp_JC0w==,02/10/2026,REGATAS (C),INSTITUTO,True,REGATAS (C),3,2,TIRO3,FALLADO,Z12-IZ,37.12,52.48
v2ZeZKz5h0KINL8-6efSuBmWFLFwTJINx_g5b4ZUMP8VjK2UrWp_JC0w==,02/10/2026,REGATAS (C),INSTITUTO,False,INSTITUTO,6,2,TIRO2,CONVERTIDO,Z1-DE,83.57,53.72
v2ZeZKz5h0KINL8-6efSuBmWFLFwTJINx_g5b4ZUMP8VjK2UrWp_JC0w==,02/10/2026,REGATAS (C),INSTITUTO,True,REGATAS (C),22,2,TIRO3,FALLADO,Z12-IZ,34.75,45.04
v2ZeZKz5h0KINL8-6efSuBmWFLFwTJINx_g5b4ZUMP8VjK2UrWp_JC0w==,02/10/2026,REGATAS (C),INSTITUTO,False,INSTITUTO,5,2,TIRO3,FALLADO,Z12-DE,62.8,49.45
v2ZeZKz5h0KINL8-6efSuBmWFLFwTJINx_g5b4ZUMP8VjK2UrWp_JC0w==,02/10/2026,REGATAS (C),INSTITUTO,True,REGATAS (C),35,2,TIRO2,FALLADO,Z3-IZ,18.15,50.83
v2ZeZKz5h0KINL8-6efSuBmWFLFwTJINx_g5b4ZUMP8VjK2UrWp_JC0w==,02/10/2026,REGATAS (C),INSTITUTO,False,INSTITUTO,10,2,TIRO2,FALLADO,Z1-DE,82.42,53.44
v2ZeZKz5h0KINL8-6efSuBmWFLFwTJINx_g5b4ZUMP8VjK2UrWp_JC0w==,02/10/2026,REGATAS (C),INSTITUTO,True,REGATAS (C),6,2,TIRO2,CONVERTIDO,Z1-IZ,16.52,50.83
v2ZeZKz5h0KINL8-6efSuBmWFLFwTJINx_g5b4ZUMP8VjK2UrWp_JC0w==,02/10/2026,REGATAS (C),INSTITUTO,False,INSTITUTO,5,2,TIRO3,FALLADO,Z12-DE,62.47,41.74
v2ZeZKz5h0KINL8-6efSuBmWFLFwTJINx_g5b4ZUMP8VjK2UrWp_JC0w==,02/10/2026,REGATAS (C),INSTITUTO,True,REGATAS (C),10,2,TIRO3,FALLADO,Z12-IZ,36.71,46.28
v2ZeZKz5h0KINL8-6efSuBmWFLFwTJINx_g5b4ZUMP8VjK2UrWp_JC0w==,02/10/2026,REGATAS (C),INSTITUTO,False,INSTITUTO,5,2,TIRO2,CONVERTIDO,Z1-DE,82.5,50.41
v2ZeZKz5h0KINL8-6efSuBmWFLFwTJINx_g5b4ZUMP8VjK2UrWp_JC0w==,02/10/2026,REGATAS (C),INSTITUTO,True,REGATAS (C),5,2,TIRO3,FALLADO,Z12-IZ,31.97,41.05
v2ZeZKz5h0KINL8-6efSuBmWFLFwTJINx_g5b4ZUMP8VjK2UrWp_JC0w==,02/10/2026,REGATAS (C),INSTITUTO,False,INSTITUTO,6,2,TIRO2,CONVERTIDO,Z1-DE,83.4,50.69
v2ZeZKz5h0KINL8-6efSuBmWFLFwTJINx_g5b4ZUMP8VjK2UrWp_JC0w==,02/10/2026,REGATAS (C),INSTITUTO,True,REGATAS (C),1,2,TIRO2,FALLADO,Z1-IZ,16.68,45.32
v2ZeZKz5h0KINL8-6efSuBmWFLFwTJINx_g5b4ZUMP8VjK2UrWp_JC0w==,02/10/2026,REGATAS (C),INSTITUTO,False,INSTITUTO,12,2,TIRO2,FALLADO,Z1-DE,84.06,54.41
v2ZeZKz5h0KINL8-6efSuBmWFLFwTJINx_g5b4ZUMP8VjK2UrWp_JC0w==,02/10/2026,REGATAS (C),INSTITUTO,True,REGATAS (C),3,2,TIRO3,FALLADO,Z12-IZ,39.17,52.89
v2ZeZKz5h0KINL8-6efSuBmWFLFwTJINx_g5b4ZUMP8VjK2UrWp_JC0w==,02/10/2026,REGATAS (C),INSTITUTO,False,INSTITUTO,6,2,TIRO2,CONVERTIDO,Z1-DE,84.55,50.14
v2ZeZKz5h0KINL8-6efSuBmWFLFwTJINx_g5b4ZUMP8VjK2UrWp_JC0w==,02/10/2026,REGATAS (C),INSTITUTO,False,INSTITUTO,12,2,TIRO2,CONVERTIDO,Z1-DE,83.24,50.14
v2ZeZKz5h0KINL8-6efSuBmWFLFwTJINx_g5b4ZUMP8VjK2UrWp_JC0w==,02/10/2026,REGATAS (C),INSTITUTO,True,REGATAS (C),4,2,TIRO3,CONVERTIDO,Z12-IZ,38.27,42.98
v2ZeZKz5h0KINL8-6efSuBmWFLFwTJINx_g5b4ZUMP8VjK2UrWp_JC0w==,02/10/2026,REGATAS (C),INSTITUTO,True,REGATAS (C),5,2,TIRO3,FALLADO,Z12-IZ,36.22,40.77
v2ZeZKz5h0KINL8-6efSuBmWFLFwTJINx_g5b4ZUMP8VjK2UrWp_JC0w==,02/10/2026,REGATAS (C),INSTITUTO,False,INSTITUTO,5,2,TIRO2,CONVERTIDO,Z1-DE,83.07,50.0
v2ZeZKz5h0KINL8-6efSuBmWFLFwTJINx_g5b4ZUMP8VjK2UrWp_JC0w==,02/10/2026,REGATAS (C),INSTITUTO,False,INSTITUTO,12,2,TIRO3,CONVERTIDO,Z12-DE,64.43,54.55
v2ZeZKz5h0KINL8-6efSuBmWFLFwTJINx_g5b4ZUMP8VjK2UrWp_JC0w==,02/10/2026,REGATAS (C),INSTITUTO,True,REGATAS (C),8,2,TIRO2,FALLADO,Z3-IZ,18.72,53.31
v2ZeZKz5h0KINL8-6efSuBmWFLFwTJINx_g5b4ZUMP8VjK2UrWp_JC0w==,02/10/2026,REGATAS (C),INSTITUTO,True,REGATAS (C),3,2,TIRO3,FALLADO,Z12-IZ,35.24,38.02
v2ZeZKz5h0KINL8-6efSuBmWFLFwTJINx_g5b4ZUMP8VjK2UrWp_JC0w==,02/10/2026,REGATAS (C),INSTITUTO,False,INSTITUTO,5,2,TIRO2,FALLADO,Z1-DE,84.06,49.04
v2ZeZKz5h0KINL8-6efSuBmWFLFwTJINx_g5b4ZUMP8VjK2UrWp_JC0w==,02/10/2026,REGATAS (C),INSTITUTO,True,REGATAS (C),3,1,TIRO2,FALLADO,Z1-IZ,17.5,48.62
v2ZeZKz5h0KINL8-6efSuBmWFLFwTJINx_g5b4ZUMP8VjK2UrWp_JC0w==,02/10/2026,REGATAS (C),INSTITUTO,False,INSTITUTO,72,1,TIRO2,FALLADO,Z8-DE,72.94,74.24
v2ZeZKz5h0KINL8-6efSuBmWFLFwTJINx_g5b4ZUMP8VjK2UrWp_JC0w==,02/10/2026,REGATAS (C),INSTITUTO,False,INSTITUTO,1,1,TIRO3,FALLADO,Z12-DE,65.0,37.6
v2ZeZKz5h0KINL8-6efSuBmWFLFwTJINx_g5b4ZUMP8VjK2UrWp_JC0w==,02/10/2026,REGATAS (C),INSTITUTO,True,REGATAS (C),22,1,TIRO2,FALLADO,Z2-IZ,17.33,60.47
v2ZeZKz5h0KINL8-6efSuBmWFLFwTJINx_g5b4ZUMP8VjK2UrWp_JC0w==,02/10/2026,REGATAS (C),INSTITUTO,True,REGATAS (C),10,1,TIRO3,FALLADO,Z12-IZ,37.04,56.61
v2ZeZKz5h0KINL8-6efSuBmWFLFwTJINx_g5b4ZUMP8VjK2UrWp_JC0w==,02/10/2026,REGATAS (C),INSTITUTO,False,INSTITUTO,10,1,TIRO3,FALLADO,Z13-DE,63.86,70.25
v2ZeZKz5h0KINL8-6efSuBmWFLFwTJINx_g5b4ZUMP8VjK2UrWp_JC0w==,02/10/2026,REGATAS (C),INSTITUTO,True,REGATAS (C),22,1,TIRO2,CONVERTIDO,Z1-IZ,16.43,51.79
v2ZeZKz5h0KINL8-6efSuBmWFLFwTJINx_g5b4ZUMP8VjK2UrWp_JC0w==,02/10/2026,REGATAS (C),INSTITUTO,True,REGATAS (C),22,1,TIRO2,CONVERTIDO,Z1-IZ,14.55,50.41
v2ZeZKz5h0KINL8-6efSuBmWFLFwTJINx_g5b4ZUMP8VjK2UrWp_JC0w==,02/10/2026,REGATAS (C),INSTITUTO,False,INSTITUTO,12,1,TIRO2,CONVERTIDO,Z1-DE,82.75,51.38
v2ZeZKz5h0KINL8-6efSuBmWFLFwTJINx_g5b4ZUMP8VjK2UrWp_JC0w==,02/10/2026,REGATAS (C),INSTITUTO,True,REGATAS (C),35,1,TIRO2,CONVERTIDO,Z1-IZ,16.19,51.93
v2ZeZKz5h0KINL8-6efSuBmWFLFwTJINx_g5b4ZUMP8VjK2UrWp_JC0w==,02/10/2026,REGATAS (C),INSTITUTO,False,INSTITUTO,9,1,TIRO2,CONVERTIDO,Z1-DE,82.58,50.41
v2ZeZKz5h0KINL8-6efSuBmWFLFwTJINx_g5b4ZUMP8VjK2UrWp_JC0w==,02/10/2026,REGATAS (C),INSTITUTO,True,REGATAS (C),5,1,TIRO2,FALLADO,Z1-IZ,16.84,51.1
v2ZeZKz5h0KINL8-6efSuBmWFLFwTJINx_g5b4ZUMP8VjK2UrWp_JC0w==,02/10/2026,REGATAS (C),INSTITUTO,True,REGATAS (C),22,1,TIRO2,CONVERTIDO,Z1-IZ,17.58,50.55
v2ZeZKz5h0KINL8-6efSuBmWFLFwTJINx_g5b4ZUMP8VjK2UrWp_JC0w==,02/10/2026,REGATAS (C),INSTITUTO,False,INSTITUTO,72,1,TIRO3,FALLADO,Z13-DE,64.51,71.63
v2ZeZKz5h0KINL8-6efSuBmWFLFwTJINx_g5b4ZUMP8VjK2UrWp_JC0w==,02/10/2026,REGATAS (C),INSTITUTO,True,REGATAS (C),22,1,TIRO3,FALLADO,Z12-IZ,35.65,58.13
v2ZeZKz5h0KINL8-6efSuBmWFLFwTJINx_g5b4ZUMP8VjK2UrWp_JC0w==,02/10/2026,REGATAS (C),INSTITUTO,False,INSTITUTO,10,1,TIRO2,CONVERTIDO,Z3-DE,81.03,50.55
v2ZeZKz5h0KINL8-6efSuBmWFLFwTJINx_g5b4ZUMP8VjK2UrWp_JC0w==,02/10/2026,REGATAS (C),INSTITUTO,True,REGATAS (C),6,1,TIRO3,FALLADO,Z13-IZ,35.0,35.26
v2ZeZKz5h0KINL8-6efSuBmWFLFwTJINx_g5b4ZUMP8VjK2UrWp_JC0w==,02/10/2026,REGATAS (C),INSTITUTO,False,INSTITUTO,6,1,TIRO2,CONVERTIDO,Z1-DE,84.87,50.0
v2ZeZKz5h0KINL8-6efSuBmWFLFwTJINx_g5b4ZUMP8VjK2UrWp_JC0w==,02/10/2026,REGATAS (C),INSTITUTO,False,INSTITUTO,72,1,TIRO2,FALLADO,Z1-DE,83.65,56.75
v2ZeZKz5h0KINL8-6efSuBmWFLFwTJINx_g5b4ZUMP8VjK2UrWp_JC0w==,02/10/2026,REGATAS (C),INSTITUTO,True,REGATAS (C),35,1,TIRO2,CONVERTIDO,Z1-IZ,14.15,50.69
v2ZeZKz5h0KINL8-6efSuBmWFLFwTJINx_g5b4ZUMP8VjK2UrWp_JC0w==,02/10/2026,REGATAS (C),INSTITUTO,False,INSTITUTO,5,1,TIRO2,CONVERTIDO,Z1-DE,83.24,49.17
v2ZeZKz5h0KINL8-6efSuBmWFLFwTJINx_g5b4ZUMP8VjK2UrWp_JC0w==,02/10/2026,REGATAS (C),INSTITUTO,True,REGATAS (C),35,1,TIRO2,CONVERTIDO,Z3-IZ,18.23,51.65
v2ZeZKz5h0KINL8-6efSuBmWFLFwTJINx_g5b4ZUMP8VjK2UrWp_JC0w==,02/10/2026,REGATAS (C),INSTITUTO,False,INSTITUTO,10,1,TIRO2,FALLADO,Z3-DE,81.93,57.58
v2ZeZKz5h0KINL8-6efSuBmWFLFwTJINx_g5b4ZUMP8VjK2UrWp_JC0w==,02/10/2026,REGATAS (C),INSTITUTO,True,REGATAS (C),5,1,TIRO2,FALLADO,Z1-IZ,13.98,46.14
v2ZeZKz5h0KINL8-6efSuBmWFLFwTJINx_g5b4ZUMP8VjK2UrWp_JC0w==,02/10/2026,REGATAS (C),INSTITUTO,False,INSTITUTO,10,1,TIRO3,FALLADO,Z12-DE,64.51,53.31
v2ZeZKz5h0KINL8-6efSuBmWFLFwTJINx_g5b4ZUMP8VjK2UrWp_JC0w==,02/10/2026,REGATAS (C),INSTITUTO,True,REGATAS (C),6,1,TIRO2,CONVERTIDO,Z1-IZ,16.03,52.07
v2ZeZKz5h0KINL8-6efSuBmWFLFwTJINx_g5b4ZUMP8VjK2UrWp_JC0w==,02/10/2026,REGATAS (C),INSTITUTO,False,INSTITUTO,9,1,TIRO2,FALLADO,Z1-DE,82.26,50.69
v2ZeZKz5h0KINL8-6efSuBmWFLFwTJINx_g5b4ZUMP8VjK2UrWp_JC0w==,02/10/2026,REGATAS (C),INSTITUTO,True,REGATAS (C),5,1,TIRO2,FALLADO,Z1-IZ,15.29,46.01
v2ZeZKz5h0KINL8-6efSuBmWFLFwTJINx_g5b4ZUMP8VjK2UrWp_JC0w==,02/10/2026,REGATAS (C),INSTITUTO,False,INSTITUTO,72,1,TIRO2,CONVERTIDO,Z4-DE,82.5,61.29
v2ZeZKz5h0KINL8-6efSuBmWFLFwTJINx_g5b4ZUMP8VjK2UrWp_JC0w==,02/10/2026,REGATAS (C),INSTITUTO,True,REGATAS (C),5,1,TIRO3,FALLADO,Z12-IZ,37.86,50.14
v2ZeZKz5h0KINL8-6efSuBmWFLFwTJINx_g5b4ZUMP8VjK2UrWp_JC0w==,02/10/2026,REGATAS (C),INSTITUTO,False,INSTITUTO,6,1,TIRO2,FALLADO,Z1-DE,83.65,47.52
v2ZeZKz5h0KINL8-6efSuBmWFLFwTJINx_g5b4ZUMP8VjK2UrWp_JC0w==,02/10/2026,REGATAS (C),INSTITUTO,True,REGATAS (C),5,1,TIRO3,FALLADO,Z12-IZ,34.26,41.46
v2ZeZKz5h0KINL8-6efSuBmWFLFwTJINx_g5b4ZUMP8VjK2UrWp_JC0w==,02/10/2026,REGATAS (C),INSTITUTO,False,INSTITUTO,6,1,TIRO2,FALLADO,Z1-DE,84.63,49.86
v2ZeZKz5h0KINL8-6efSuBmWFLFwTJINx_g5b4ZUMP8VjK2UrWp_JC0w==,02/10/2026,REGATAS (C),INSTITUTO,True,REGATAS (C),5,1,TIRO2,CONVERTIDO,Z1-IZ,15.37,47.38
v2UratcNJqgPh8F-PjO3aGwXfRj1AuVLNL5PQhlaL2swEZ0eQ3g37LoA==,03/10/2026,QUIMSA,PLATENSE,True,QUIMSA,10,4,TIRO3,FALLADO,Z13-IZ,28.49,23.06
v2UratcNJqgPh8F-PjO3aGwXfRj1AuVLNL5PQhlaL2swEZ0eQ3g37LoA==,03/10/2026,QUIMSA,PLATENSE,False,PLATENSE,25,4,TIRO2,CONVERTIDO,Z1-DE,87.71,55.29
v2UratcNJqgPh8F-PjO3aGwXfRj1AuVLNL5PQhlaL2swEZ0eQ3g37LoA==,03/10/2026,QUIMSA,PLATENSE,True,QUIMSA,3,4,TIRO3,FALLADO,Z11-IZ,31.84,74.82
v2UratcNJqgPh8F-PjO3aGwXfRj1AuVLNL5PQhlaL2swEZ0eQ3g37LoA==,03/10/2026,QUIMSA,PLATENSE,False,PLATENSE,9,4,TIRO2,FALLADO,Z1-DE,86.73,37.88
v2UratcNJqgPh8F-PjO3aGwXfRj1AuVLNL5PQhlaL2swEZ0eQ3g37LoA==,03/10/2026,QUIMSA,PLATENSE,False,PLATENSE,9,4,TIRO3,CONVERTIDO,Z11-DE,65.36,33.65
v2UratcNJqgPh8F-PjO3aGwXfRj1AuVLNL5PQhlaL2swEZ0eQ3g37LoA==,03/10/2026,QUIMSA,PLATENSE,True,QUIMSA,77,4,TIRO3,FALLADO,Z11-IZ,31.56,74.12
v2UratcNJqgPh8F-PjO3aGwXfRj1AuVLNL5PQhlaL2swEZ0eQ3g37LoA==,03/10/2026,QUIMSA,PLATENSE,False,PLATENSE,21,4,TIRO2,FALLADO,Z1-DE,87.15,61.18
v2UratcNJqgPh8F-PjO3aGwXfRj1AuVLNL5PQhlaL2swEZ0eQ3g37LoA==,03/10/2026,QUIMSA,PLATENSE,True,QUIMSA,6,4,TIRO3,CONVERTIDO,Z12-IZ,35.61,56.0
v2UratcNJqgPh8F-PjO3aGwXfRj1AuVLNL5PQhlaL2swEZ0eQ3g37LoA==,03/10/2026,QUIMSA,PLATENSE,False,PLATENSE,25,4,TIRO2,CONVERTIDO,Z1-DE,85.89,46.35
v2UratcNJqgPh8F-PjO3aGwXfRj1AuVLNL5PQhlaL2swEZ0eQ3g37LoA==,03/10/2026,QUIMSA,PLATENSE,True,QUIMSA,6,4,TIRO2,CONVERTIDO,Z1-IZ,16.76,47.76
v2UratcNJqgPh8F-PjO3aGwXfRj1AuVLNL5PQhlaL2swEZ0eQ3g37LoA==,03/10/2026,QUIMSA,PLATENSE,False,PLATENSE,9,4,TIRO3,CONVERTIDO,Z11-DE,75.7,11.06
v2UratcNJqgPh8F-PjO3aGwXfRj1AuVLNL5PQhlaL2swEZ0eQ3g37LoA==,03/10/2026,QUIMSA,PLATENSE,True,QUIMSA,6,4,TIRO3,FALLADO,Z10-IZ,8.8,89.18
v2UratcNJqgPh8F-PjO3aGwXfRj1AuVLNL5PQhlaL2swEZ0eQ3g37LoA==,03/10/2026,QUIMSA,PLATENSE,False,PLATENSE,4,4,TIRO2,CONVERTIDO,Z1-DE,89.94,43.53
v2UratcNJqgPh8F-PjO3aGwXfRj1AuVLNL5PQhlaL2swEZ0eQ3g37LoA==,03/10/2026,QUIMSA,PLATENSE,True,QUIMSA,10,4,TIRO2,FALLADO,Z3-IZ,22.21,53.41
v2UratcNJqgPh8F-PjO3aGwXfRj1AuVLNL5PQhlaL2swEZ0eQ3g37LoA==,03/10/2026,QUIMSA,PLATENSE,False,PLATENSE,2,4,TIRO2,CONVERTIDO,Z1-DE,87.85,43.76
v2UratcNJqgPh8F-PjO3aGwXfRj1AuVLNL5PQhlaL2swEZ0eQ3g37LoA==,03/10/2026,QUIMSA,PLATENSE,False,PLATENSE,4,4,TIRO3,FALLADO,Z12-DE,64.66,51.29
v2UratcNJqgPh8F-PjO3aGwXfRj1AuVLNL5PQhlaL2swEZ0eQ3g37LoA==,03/10/2026,QUIMSA,PLATENSE,False,PLATENSE,25,4,TIRO2,CONVERTIDO,Z1-DE,86.45,53.41
v2UratcNJqgPh8F-PjO3aGwXfRj1AuVLNL5PQhlaL2swEZ0eQ3g37LoA==,03/10/2026,QUIMSA,PLATENSE,True,QUIMSA,10,4,TIRO3,CONVERTIDO,Z11-IZ,23.6,85.65
v2UratcNJqgPh8F-PjO3aGwXfRj1AuVLNL5PQhlaL2swEZ0eQ3g37LoA==,03/10/2026,QUIMSA,PLATENSE,False,PLATENSE,2,4,TIRO2,CONVERTIDO,Z1-DE,89.25,43.76
v2UratcNJqgPh8F-PjO3aGwXfRj1AuVLNL5PQhlaL2swEZ0eQ3g37LoA==,03/10/2026,QUIMSA,PLATENSE,False,PLATENSE,9,4,TIRO3,CONVERTIDO,Z12-DE,64.39,49.65
v2UratcNJqgPh8F-PjO3aGwXfRj1AuVLNL5PQhlaL2swEZ0eQ3g37LoA==,03/10/2026,QUIMSA,PLATENSE,True,QUIMSA,2,4,TIRO3,FALLADO,Z11-IZ,27.37,82.12
v2UratcNJqgPh8F-PjO3aGwXfRj1AuVLNL5PQhlaL2swEZ0eQ3g37LoA==,03/10/2026,QUIMSA,PLATENSE,False,PLATENSE,4,4,TIRO2,CONVERTIDO,Z1-DE,84.92,47.76
v2UratcNJqgPh8F-PjO3aGwXfRj1AuVLNL5PQhlaL2swEZ0eQ3g37LoA==,03/10/2026,QUIMSA,PLATENSE,True,QUIMSA,2,4,TIRO2,CONVERTIDO,Z3-IZ,23.18,36.71
v2UratcNJqgPh8F-PjO3aGwXfRj1AuVLNL5PQhlaL2swEZ0eQ3g37LoA==,03/10/2026,QUIMSA,PLATENSE,False,PLATENSE,25,4,TIRO2,FALLADO,Z1-DE,85.2,51.76
v2UratcNJqgPh8F-PjO3aGwXfRj1AuVLNL5PQhlaL2swEZ0eQ3g37LoA==,03/10/2026,QUIMSA,PLATENSE,False,PLATENSE,4,4,TIRO2,FALLADO,Z4-DE,87.29,68.94
v2UratcNJqgPh8F-PjO3aGwXfRj1AuVLNL5PQhlaL2swEZ0eQ3g37LoA==,03/10/2026,QUIMSA,PLATENSE,True,QUIMSA,22,4,TIRO2,CONVERTIDO,Z2-IZ,11.59,70.82
v2UratcNJqgPh8F-PjO3aGwXfRj1AuVLNL5PQhlaL2swEZ0eQ3g37LoA==,03/10/2026,QUIMSA,PLATENSE,False,PLATENSE,10,4,TIRO3,FALLADO,Z13-DE,80.45,86.35
v2UratcNJqgPh8F-PjO3aGwXfRj1AuVLNL5PQhlaL2swEZ0eQ3g37LoA==,03/10/2026,QUIMSA,PLATENSE,True,QUIMSA,2,4,TIRO2,FALLADO,Z2-IZ,16.34,73.18
v2UratcNJqgPh8F-PjO3aGwXfRj1AuVLNL5PQhlaL2swEZ0eQ3g37LoA==,03/10/2026,QUIMSA,PLATENSE,True,QUIMSA,30,3,TIRO3,FALLADO,Z12-IZ,35.61,43.76
v2UratcNJqgPh8F-PjO3aGwXfRj1AuVLNL5PQhlaL2swEZ0eQ3g37LoA==,03/10/2026,QUIMSA,PLATENSE,True,QUIMSA,83,3,TIRO3,FALLADO,Z12-IZ,35.2,47.06
v2UratcNJqgPh8F-PjO3aGwXfRj1AuVLNL5PQhlaL2swEZ0eQ3g37LoA==,03/10/2026,QUIMSA,PLATENSE,False,PLATENSE,25,3,TIRO2,CONVERTIDO,Z1-DE,88.27,43.76
v2UratcNJqgPh8F-PjO3aGwXfRj1AuVLNL5PQhlaL2swEZ0eQ3g37LoA==,03/10/2026,QUIMSA,PLATENSE,False,PLATENSE,9,3,TIRO2,FALLADO,Z1-DE,86.45,55.53
v2UratcNJqgPh8F-PjO3aGwXfRj1AuVLNL5PQhlaL2swEZ0eQ3g37LoA==,03/10/2026,QUIMSA,PLATENSE,False,PLATENSE,4,3,TIRO3,FALLADO,Z13-DE,73.74,79.76
v2UratcNJqgPh8F-PjO3aGwXfRj1AuVLNL5PQhlaL2swEZ0eQ3g37LoA==,03/10/2026,QUIMSA,PLATENSE,False,PLATENSE,13,3,TIRO2,FALLADO,Z1-DE,88.97,60.0
v2UratcNJqgPh8F-PjO3aGwXfRj1AuVLNL5PQhlaL2swEZ0eQ3g37LoA==,03/10/2026,QUIMSA,PLATENSE,False,PLATENSE,25,3,TIRO2,FALLADO,Z1-DE,87.57,60.0
v2UratcNJqgPh8F-PjO3aGwXfRj1AuVLNL5PQhlaL2swEZ0eQ3g37LoA==,03/10/2026,QUIMSA,PLATENSE,True,QUIMSA,30,3,TIRO3,FALLADO,Z10-IZ,8.94,88.0
v2UratcNJqgPh8F-PjO3aGwXfRj1AuVLNL5PQhlaL2swEZ0eQ3g37LoA==,03/10/2026,QUIMSA,PLATENSE,True,QUIMSA,6,3,TIRO2,FALLADO,Z9-IZ,10.61,14.12
v2UratcNJqgPh8F-PjO3aGwXfRj1AuVLNL5PQhlaL2swEZ0eQ3g37LoA==,03/10/2026,QUIMSA,PLATENSE,False,PLATENSE,12,3,TIRO3,FALLADO,Z11-DE,65.64,34.35
v2UratcNJqgPh8F-PjO3aGwXfRj1AuVLNL5PQhlaL2swEZ0eQ3g37LoA==,03/10/2026,QUIMSA,PLATENSE,True,QUIMSA,6,3,TIRO3,FALLADO,Z13-IZ,33.66,31.29
v2UratcNJqgPh8F-PjO3aGwXfRj1AuVLNL5PQhlaL2swEZ0eQ3g37LoA==,03/10/2026,QUIMSA,PLATENSE,True,QUIMSA,22,3,TIRO3,CONVERTIDO,Z11-IZ,21.93,85.88
v2UratcNJqgPh8F-PjO3aGwXfRj1AuVLNL5PQhlaL2swEZ0eQ3g37LoA==,03/10/2026,QUIMSA,PLATENSE,False,PLATENSE,15,3,TIRO2,FALLADO,Z1-DE,88.55,41.88
v2UratcNJqgPh8F-PjO3aGwXfRj1AuVLNL5PQhlaL2swEZ0eQ3g37LoA==,03/10/2026,QUIMSA,PLATENSE,False,PLATENSE,13,3,TIRO3,FALLADO,Z14-DE,90.92,88.94
v2UratcNJqgPh8F-PjO3aGwXfRj1AuVLNL5PQhlaL2swEZ0eQ3g37LoA==,03/10/2026,QUIMSA,PLATENSE,False,PLATENSE,15,3,TIRO3,FALLADO,Z13-DE,68.44,72.47
v2UratcNJqgPh8F-PjO3aGwXfRj1AuVLNL5PQhlaL2swEZ0eQ3g37LoA==,03/10/2026,QUIMSA,PLATENSE,True,QUIMSA,2,3,TIRO3,CONVERTIDO,Z12-IZ,35.2,51.29
v2UratcNJqgPh8F-PjO3aGwXfRj1AuVLNL5PQhlaL2swEZ0eQ3g37LoA==,03/10/2026,QUIMSA,PLATENSE,True,QUIMSA,9,3,TIRO2,CONVERTIDO,Z1-IZ,12.29,40.71
v2UratcNJqgPh8F-PjO3aGwXfRj1AuVLNL5PQhlaL2swEZ0eQ3g37LoA==,03/10/2026,QUIMSA,PLATENSE,False,PLATENSE,7,3,TIRO3,FALLADO,Z13-DE,66.34,72.24
v2UratcNJqgPh8F-PjO3aGwXfRj1AuVLNL5PQhlaL2swEZ0eQ3g37LoA==,03/10/2026,QUIMSA,PLATENSE,False,PLATENSE,7,3,TIRO2,FALLADO,Z3-DE,75.28,41.18
v2UratcNJqgPh8F-PjO3aGwXfRj1AuVLNL5PQhlaL2swEZ0eQ3g37LoA==,03/10/2026,QUIMSA,PLATENSE,True,QUIMSA,10,3,TIRO3,CONVERTIDO,Z14-IZ,9.78,7.76
v2UratcNJqgPh8F-PjO3aGwXfRj1AuVLNL5PQhlaL2swEZ0eQ3g37LoA==,03/10/2026,QUIMSA,PLATENSE,True,QUIMSA,9,3,TIRO3,FALLADO,Z11-IZ,30.73,75.53
v2UratcNJqgPh8F-PjO3aGwXfRj1AuVLNL5PQhlaL2swEZ0eQ3g37LoA==,03/10/2026,QUIMSA,PLATENSE,False,PLATENSE,30,3,TIRO3,FALLADO,FRANJA-SUPERIOR,92.18,6.82
v2UratcNJqgPh8F-PjO3aGwXfRj1AuVLNL5PQhlaL2swEZ0eQ3g37LoA==,03/10/2026,QUIMSA,PLATENSE,True,QUIMSA,2,3,TIRO3,CONVERTIDO,Z11-IZ,32.4,70.59
v2UratcNJqgPh8F-PjO3aGwXfRj1AuVLNL5PQhlaL2swEZ0eQ3g37LoA==,03/10/2026,QUIMSA,PLATENSE,False,PLATENSE,30,3,TIRO3,CONVERTIDO,Z10-DE,91.62,7.29
v2UratcNJqgPh8F-PjO3aGwXfRj1AuVLNL5PQhlaL2swEZ0eQ3g37LoA==,03/10/2026,QUIMSA,PLATENSE,True,QUIMSA,10,3,TIRO3,CONVERTIDO,Z11-IZ,30.45,75.06
v2UratcNJqgPh8F-PjO3aGwXfRj1AuVLNL5PQhlaL2swEZ0eQ3g37LoA==,03/10/2026,QUIMSA,PLATENSE,False,PLATENSE,30,2,TIRO2,FALLADO,Z1-DE,86.73,44.71
v2UratcNJqgPh8F-PjO3aGwXfRj1AuVLNL5PQhlaL2swEZ0eQ3g37LoA==,03/10/2026,QUIMSA,PLATENSE,True,QUIMSA,2,2,TIRO2,CONVERTIDO,Z3-IZ,21.79,40.47
v2UratcNJqgPh8F-PjO3aGwXfRj1AuVLNL5PQhlaL2swEZ0eQ3g37LoA==,03/10/2026,QUIMSA,PLATENSE,False,PLATENSE,30,2,TIRO3,FALLADO,Z11-DE,74.16,17.41
v2UratcNJqgPh8F-PjO3aGwXfRj1AuVLNL5PQhlaL2swEZ0eQ3g37LoA==,03/10/2026,QUIMSA,PLATENSE,True,QUIMSA,6,2,TIRO2,CONVERTIDO,Z1-IZ,11.73,59.76
v2UratcNJqgPh8F-PjO3aGwXfRj1AuVLNL5PQhlaL2swEZ0eQ3g37LoA==,03/10/2026,QUIMSA,PLATENSE,False,PLATENSE,25,2,TIRO2,CONVERTIDO,Z1-DE,86.87,43.76
v2UratcNJqgPh8F-PjO3aGwXfRj1AuVLNL5PQhlaL2swEZ0eQ3g37LoA==,03/10/2026,QUIMSA,PLATENSE,True,QUIMSA,2,2,TIRO2,CONVERTIDO,Z1-IZ,11.73,43.76
v2UratcNJqgPh8F-PjO3aGwXfRj1AuVLNL5PQhlaL2swEZ0eQ3g37LoA==,03/10/2026,QUIMSA,PLATENSE,False,PLATENSE,2,2,TIRO2,FALLADO,Z2-DE,89.39,34.35
v2UratcNJqgPh8F-PjO3aGwXfRj1AuVLNL5PQhlaL2swEZ0eQ3g37LoA==,03/10/2026,QUIMSA,PLATENSE,False,PLATENSE,25,2,TIRO2,CONVERTIDO,Z1-DE,87.43,55.06
v2UratcNJqgPh8F-PjO3aGwXfRj1AuVLNL5PQhlaL2swEZ0eQ3g37LoA==,03/10/2026,QUIMSA,PLATENSE,True,QUIMSA,6,2,TIRO3,FALLADO,Z11-IZ,21.37,88.0
v2UratcNJqgPh8F-PjO3aGwXfRj1AuVLNL5PQhlaL2swEZ0eQ3g37LoA==,03/10/2026,QUIMSA,PLATENSE,True,QUIMSA,41,2,TIRO2,CONVERTIDO,Z1-IZ,13.41,53.65
v2UratcNJqgPh8F-PjO3aGwXfRj1AuVLNL5PQhlaL2swEZ0eQ3g37LoA==,03/10/2026,QUIMSA,PLATENSE,True,QUIMSA,9,2,TIRO2,FALLADO,Z1-IZ,13.55,43.53
v2UratcNJqgPh8F-PjO3aGwXfRj1AuVLNL5PQhlaL2swEZ0eQ3g37LoA==,03/10/2026,QUIMSA,PLATENSE,False,PLATENSE,7,2,TIRO3,FALLADO,Z11-DE,72.77,19.53
v2UratcNJqgPh8F-PjO3aGwXfRj1AuVLNL5PQhlaL2swEZ0eQ3g37LoA==,03/10/2026,QUIMSA,PLATENSE,True,QUIMSA,41,2,TIRO2,CONVERTIDO,Z1-IZ,12.85,51.29
v2UratcNJqgPh8F-PjO3aGwXfRj1AuVLNL5PQhlaL2swEZ0eQ3g37LoA==,03/10/2026,QUIMSA,PLATENSE,False,PLATENSE,30,2,TIRO3,CONVERTIDO,Z12-DE,64.39,51.29
v2UratcNJqgPh8F-PjO3aGwXfRj1AuVLNL5PQhlaL2swEZ0eQ3g37LoA==,03/10/2026,QUIMSA,PLATENSE,True,QUIMSA,10,2,TIRO2,FALLADO,Z2-IZ,17.74,73.18
v2UratcNJqgPh8F-PjO3aGwXfRj1AuVLNL5PQhlaL2swEZ0eQ3g37LoA==,03/10/2026,QUIMSA,PLATENSE,False,PLATENSE,15,2,TIRO3,CONVERTIDO,Z13-DE,75.84,88.0
v2UratcNJqgPh8F-PjO3aGwXfRj1AuVLNL5PQhlaL2swEZ0eQ3g37LoA==,03/10/2026,QUIMSA,PLATENSE,False,PLATENSE,7,2,TIRO3,FALLADO,Z11-DE,69.97,22.12
v2UratcNJqgPh8F-PjO3aGwXfRj1AuVLNL5PQhlaL2swEZ0eQ3g37LoA==,03/10/2026,QUIMSA,PLATENSE,True,QUIMSA,12,2,TIRO3,CONVERTIDO,Z13-IZ,23.18,14.35
v2UratcNJqgPh8F-PjO3aGwXfRj1AuVLNL5PQhlaL2swEZ0eQ3g37LoA==,03/10/2026,QUIMSA,PLATENSE,False,PLATENSE,15,2,TIRO2,CONVERTIDO,Z1-DE,87.01,58.59
v2UratcNJqgPh8F-PjO3aGwXfRj1AuVLNL5PQhlaL2swEZ0eQ3g37LoA==,03/10/2026,QUIMSA,PLATENSE,True,QUIMSA,41,2,TIRO2,FALLADO,Z1-IZ,11.73,42.59
v2UratcNJqgPh8F-PjO3aGwXfRj1AuVLNL5PQhlaL2swEZ0eQ3g37LoA==,03/10/2026,QUIMSA,PLATENSE,False,PLATENSE,10,2,TIRO2,FALLADO,Z4-DE,84.92,70.35
v2UratcNJqgPh8F-PjO3aGwXfRj1AuVLNL5PQhlaL2swEZ0eQ3g37LoA==,03/10/2026,QUIMSA,PLATENSE,False,PLATENSE,10,2,TIRO2,FALLADO,Z1-DE,88.13,60.94
v2UratcNJqgPh8F-PjO3aGwXfRj1AuVLNL5PQhlaL2swEZ0eQ3g37LoA==,03/10/2026,QUIMSA,PLATENSE,True,QUIMSA,4,2,TIRO2,CONVERTIDO,Z1-IZ,12.15,44.47
v2UratcNJqgPh8F-PjO3aGwXfRj1AuVLNL5PQhlaL2swEZ0eQ3g37LoA==,03/10/2026,QUIMSA,PLATENSE,False,PLATENSE,30,2,TIRO3,FALLADO,Z13-DE,66.48,72.47
v2UratcNJqgPh8F-PjO3aGwXfRj1AuVLNL5PQhlaL2swEZ0eQ3g37LoA==,03/10/2026,QUIMSA,PLATENSE,True,QUIMSA,83,2,TIRO2,CONVERTIDO,Z1-IZ,12.43,53.41
v2UratcNJqgPh8F-PjO3aGwXfRj1AuVLNL5PQhlaL2swEZ0eQ3g37LoA==,03/10/2026,QUIMSA,PLATENSE,False,PLATENSE,22,2,TIRO2,FALLADO,Z3-DE,81.98,48.94
v2UratcNJqgPh8F-PjO3aGwXfRj1AuVLNL5PQhlaL2swEZ0eQ3g37LoA==,03/10/2026,QUIMSA,PLATENSE,True,QUIMSA,6,2,TIRO3,CONVERTIDO,Z12-IZ,35.75,41.88
v2UratcNJqgPh8F-PjO3aGwXfRj1AuVLNL5PQhlaL2swEZ0eQ3g37LoA==,03/10/2026,QUIMSA,PLATENSE,True,QUIMSA,83,2,TIRO2,FALLADO,Z1-IZ,13.41,40.0
v2UratcNJqgPh8F-PjO3aGwXfRj1AuVLNL5PQhlaL2swEZ0eQ3g37LoA==,03/10/2026,QUIMSA,PLATENSE,False,PLATENSE,12,2,TIRO2,CONVERTIDO,Z1-DE,87.57,56.94
v2UratcNJqgPh8F-PjO3aGwXfRj1AuVLNL5PQhlaL2swEZ0eQ3g37LoA==,03/10/2026,QUIMSA,PLATENSE,False,PLATENSE,9,2,TIRO2,FALLADO,Z9-DE,91.06,79.76
v2UratcNJqgPh8F-PjO3aGwXfRj1AuVLNL5PQhlaL2swEZ0eQ3g37LoA==,03/10/2026,QUIMSA,PLATENSE,True,QUIMSA,6,2,TIRO2,FALLADO,Z3-IZ,22.77,42.82
v2UratcNJqgPh8F-PjO3aGwXfRj1AuVLNL5PQhlaL2swEZ0eQ3g37LoA==,03/10/2026,QUIMSA,PLATENSE,False,PLATENSE,12,2,TIRO3,FALLADO,Z10-DE,92.18,11.76
v2UratcNJqgPh8F-PjO3aGwXfRj1AuVLNL5PQhlaL2swEZ0eQ3g37LoA==,03/10/2026,QUIMSA,PLATENSE,True,QUIMSA,83,2,TIRO2,FALLADO,Z4-IZ,14.53,38.59
v2UratcNJqgPh8F-PjO3aGwXfRj1AuVLNL5PQhlaL2swEZ0eQ3g37LoA==,03/10/2026,QUIMSA,PLATENSE,True,QUIMSA,30,1,TIRO3,CONVERTIDO,Z13-IZ,34.92,27.29
v2UratcNJqgPh8F-PjO3aGwXfRj1AuVLNL5PQhlaL2swEZ0eQ3g37LoA==,03/10/2026,QUIMSA,PLATENSE,True,QUIMSA,30,1,TIRO3,CONVERTIDO,Z11-IZ,26.4,82.35
v2UratcNJqgPh8F-PjO3aGwXfRj1AuVLNL5PQhlaL2swEZ0eQ3g37LoA==,03/10/2026,QUIMSA,PLATENSE,False,PLATENSE,7,1,TIRO2,FALLADO,Z1-DE,86.31,58.12
v2UratcNJqgPh8F-PjO3aGwXfRj1AuVLNL5PQhlaL2swEZ0eQ3g37LoA==,03/10/2026,QUIMSA,PLATENSE,True,QUIMSA,9,1,TIRO3,FALLADO,Z11-IZ,24.16,88.47
v2UratcNJqgPh8F-PjO3aGwXfRj1AuVLNL5PQhlaL2swEZ0eQ3g37LoA==,03/10/2026,QUIMSA,PLATENSE,False,PLATENSE,9,1,TIRO3,FALLADO,Z14-DE,87.85,91.76
v2UratcNJqgPh8F-PjO3aGwXfRj1AuVLNL5PQhlaL2swEZ0eQ3g37LoA==,03/10/2026,QUIMSA,PLATENSE,True,QUIMSA,9,1,TIRO3,CONVERTIDO,Z12-IZ,36.17,51.53
v2UratcNJqgPh8F-PjO3aGwXfRj1AuVLNL5PQhlaL2swEZ0eQ3g37LoA==,03/10/2026,QUIMSA,PLATENSE,False,PLATENSE,13,1,TIRO3,FALLADO,Z11-DE,65.08,33.88
v2UratcNJqgPh8F-PjO3aGwXfRj1AuVLNL5PQhlaL2swEZ0eQ3g37LoA==,03/10/2026,QUIMSA,PLATENSE,False,PLATENSE,7,1,TIRO3,FALLADO,Z12-DE,59.5,47.53
v2UratcNJqgPh8F-PjO3aGwXfRj1AuVLNL5PQhlaL2swEZ0eQ3g37LoA==,03/10/2026,QUIMSA,PLATENSE,False,PLATENSE,12,1,TIRO3,FALLADO,Z12-DE,64.8,39.29
v2UratcNJqgPh8F-PjO3aGwXfRj1AuVLNL5PQhlaL2swEZ0eQ3g37LoA==,03/10/2026,QUIMSA,PLATENSE,True,QUIMSA,22,1,TIRO3,FALLADO,Z12-IZ,37.71,52.47
v2UratcNJqgPh8F-PjO3aGwXfRj1AuVLNL5PQhlaL2swEZ0eQ3g37LoA==,03/10/2026,QUIMSA,PLATENSE,True,QUIMSA,22,1,TIRO2,CONVERTIDO,Z11-IZ,23.88,85.88
v2UratcNJqgPh8F-PjO3aGwXfRj1AuVLNL5PQhlaL2swEZ0eQ3g37LoA==,03/10/2026,QUIMSA,PLATENSE,True,QUIMSA,2,1,TIRO3,CONVERTIDO,Z13-IZ,28.91,21.18
v2UratcNJqgPh8F-PjO3aGwXfRj1AuVLNL5PQhlaL2swEZ0eQ3g37LoA==,03/10/2026,QUIMSA,PLATENSE,False,PLATENSE,15,1,TIRO2,FALLADO,Z3-DE,76.4,60.0
v2UratcNJqgPh8F-PjO3aGwXfRj1AuVLNL5PQhlaL2swEZ0eQ3g37LoA==,03/10/2026,QUIMSA,PLATENSE,False,PLATENSE,10,1,TIRO2,FALLADO,Z1-DE,88.13,58.82
v2UratcNJqgPh8F-PjO3aGwXfRj1AuVLNL5PQhlaL2swEZ0eQ3g37LoA==,03/10/2026,QUIMSA,PLATENSE,True,QUIMSA,9,1,TIRO2,FALLADO,Z1-IZ,13.41,60.71
v2UratcNJqgPh8F-PjO3aGwXfRj1AuVLNL5PQhlaL2swEZ0eQ3g37LoA==,03/10/2026,QUIMSA,PLATENSE,False,PLATENSE,22,1,TIRO2,CONVERTIDO,Z1-DE,85.47,50.35
v2UratcNJqgPh8F-PjO3aGwXfRj1AuVLNL5PQhlaL2swEZ0eQ3g37LoA==,03/10/2026,QUIMSA,PLATENSE,False,PLATENSE,22,1,TIRO2,FALLADO,Z1-DE,84.64,47.53
v2UratcNJqgPh8F-PjO3aGwXfRj1AuVLNL5PQhlaL2swEZ0eQ3g37LoA==,03/10/2026,QUIMSA,PLATENSE,True,QUIMSA,83,1,TIRO3,FALLADO,Z12-IZ,34.5,63.76
v2UratcNJqgPh8F-PjO3aGwXfRj1AuVLNL5PQhlaL2swEZ0eQ3g37LoA==,03/10/2026,QUIMSA,PLATENSE,True,QUIMSA,41,1,TIRO2,CONVERTIDO,Z1-IZ,10.89,57.41
v2UratcNJqgPh8F-PjO3aGwXfRj1AuVLNL5PQhlaL2swEZ0eQ3g37LoA==,03/10/2026,QUIMSA,PLATENSE,False,PLATENSE,4,1,TIRO3,CONVERTIDO,Z14-DE,90.5,91.76
v2UratcNJqgPh8F-PjO3aGwXfRj1AuVLNL5PQhlaL2swEZ0eQ3g37LoA==,03/10/2026,QUIMSA,PLATENSE,True,QUIMSA,12,1,TIRO2,CONVERTIDO,Z1-IZ,13.41,51.76
v2UratcNJqgPh8F-PjO3aGwXfRj1AuVLNL5PQhlaL2swEZ0eQ3g37LoA==,03/10/2026,QUIMSA,PLATENSE,True,QUIMSA,4,1,TIRO2,FALLADO,Z1-IZ,8.8,37.18
v2UratcNJqgPh8F-PjO3aGwXfRj1AuVLNL5PQhlaL2swEZ0eQ3g37LoA==,03/10/2026,QUIMSA,PLATENSE,True,QUIMSA,12,1,TIRO3,FALLADO,Z11-IZ,32.12,74.82
v2UratcNJqgPh8F-PjO3aGwXfRj1AuVLNL5PQhlaL2swEZ0eQ3g37LoA==,03/10/2026,QUIMSA,PLATENSE,False,PLATENSE,30,1,TIRO3,FALLADO,Z10-DE,90.36,10.12
v2UratcNJqgPh8F-PjO3aGwXfRj1AuVLNL5PQhlaL2swEZ0eQ3g37LoA==,03/10/2026,QUIMSA,PLATENSE,False,PLATENSE,30,1,TIRO3,CONVERTIDO,Z13-DE,76.4,87.06
v2UratcNJqgPh8F-PjO3aGwXfRj1AuVLNL5PQhlaL2swEZ0eQ3g37LoA==,03/10/2026,QUIMSA,PLATENSE,True,QUIMSA,12,1,TIRO2,CONVERTIDO,Z1-IZ,12.15,43.06
v2UratcNJqgPh8F-PjO3aGwXfRj1AuVLNL5PQhlaL2swEZ0eQ3g37LoA==,03/10/2026,QUIMSA,PLATENSE,True,QUIMSA,12,1,TIRO3,FALLADO,Z14-IZ,9.5,9.88
v2UratcNJqgPh8F-PjO3aGwXfRj1AuVLNL5PQhlaL2swEZ0eQ3g37LoA==,03/10/2026,QUIMSA,PLATENSE,True,QUIMSA,4,1,TIRO3,FALLADO,Z11-IZ,25.14,85.41
v2UratcNJqgPh8F-PjO3aGwXfRj1AuVLNL5PQhlaL2swEZ0eQ3g37LoA==,03/10/2026,QUIMSA,PLATENSE,False,PLATENSE,30,1,TIRO2,FALLADO,Z1-DE,86.59,60.24
v2UratcNJqgPh8F-PjO3aGwXfRj1AuVLNL5PQhlaL2swEZ0eQ3g37LoA==,03/10/2026,QUIMSA,PLATENSE,True,QUIMSA,4,1,TIRO2,FALLADO,Z1-IZ,12.29,42.35
v2UratcNJqgPh8F-PjO3aGwXfRj1AuVLNL5PQhlaL2swEZ0eQ3g37LoA==,03/10/2026,QUIMSA,PLATENSE,False,PLATENSE,15,1,TIRO3,CONVERTIDO,Z13-DE,75.56,85.41
v2UratcNJqgPh8F-PjO3aGwXfRj1AuVLNL5PQhlaL2swEZ0eQ3g37LoA==,03/10/2026,QUIMSA,PLATENSE,True,QUIMSA,10,1,TIRO2,CONVERTIDO,Z3-IZ,20.11,57.88
v2UratcNJqgPh8F-PjO3aGwXfRj1AuVLNL5PQhlaL2swEZ0eQ3g37LoA==,03/10/2026,QUIMSA,PLATENSE,False,PLATENSE,10,1,TIRO3,FALLADO,Z12-DE,63.27,46.59
v2ulFmklGTo7tC2drDm9ryTurreu3984lFslEjGHsZXxh5j7QQosmwUw==,04/10/2026,GIMNASIA (CR),LA UNION FSA,True,GIMNASIA (CR),14,4,TIRO2,CONVERTIDO,Z1-IZ,13.5,50.6
v2ulFmklGTo7tC2drDm9ryTurreu3984lFslEjGHsZXxh5j7QQosmwUw==,04/10/2026,GIMNASIA (CR),LA UNION FSA,False,LA UNION FSA,7,4,TIRO2,FALLADO,Z1-DE,87.21,52.65
v2ulFmklGTo7tC2drDm9ryTurreu3984lFslEjGHsZXxh5j7QQosmwUw==,04/10/2026,GIMNASIA (CR),LA UNION FSA,False,LA UNION FSA,0,4,TIRO2,FALLADO,Z1-DE,84.37,48.55
v2ulFmklGTo7tC2drDm9ryTurreu3984lFslEjGHsZXxh5j7QQosmwUw==,04/10/2026,GIMNASIA (CR),LA UNION FSA,True,GIMNASIA (CR),2,4,TIRO3,CONVERTIDO,Z12-IZ,37.46,61.03
v2ulFmklGTo7tC2drDm9ryTurreu3984lFslEjGHsZXxh5j7QQosmwUw==,04/10/2026,GIMNASIA (CR),LA UNION FSA,False,LA UNION FSA,2,4,TIRO2,CONVERTIDO,Z1-DE,85.48,52.65
v2ulFmklGTo7tC2drDm9ryTurreu3984lFslEjGHsZXxh5j7QQosmwUw==,04/10/2026,GIMNASIA (CR),LA UNION FSA,False,LA UNION FSA,7,4,TIRO3,CONVERTIDO,Z13-DE,69.44,80.17
v2ulFmklGTo7tC2drDm9ryTurreu3984lFslEjGHsZXxh5j7QQosmwUw==,04/10/2026,GIMNASIA (CR),LA UNION FSA,True,GIMNASIA (CR),5,4,TIRO2,CONVERTIDO,Z1-IZ,14.11,53.33
v2ulFmklGTo7tC2drDm9ryTurreu3984lFslEjGHsZXxh5j7QQosmwUw==,04/10/2026,GIMNASIA (CR),LA UNION FSA,False,LA UNION FSA,7,4,TIRO2,FALLADO,Z1-DE,86.6,48.89
v2ulFmklGTo7tC2drDm9ryTurreu3984lFslEjGHsZXxh5j7QQosmwUw==,04/10/2026,GIMNASIA (CR),LA UNION FSA,False,LA UNION FSA,15,4,TIRO2,CONVERTIDO,Z1-DE,83.96,55.38
v2ulFmklGTo7tC2drDm9ryTurreu3984lFslEjGHsZXxh5j7QQosmwUw==,04/10/2026,GIMNASIA (CR),LA UNION FSA,False,LA UNION FSA,7,4,TIRO3,FALLADO,Z13-DE,73.1,84.27
v2ulFmklGTo7tC2drDm9ryTurreu3984lFslEjGHsZXxh5j7QQosmwUw==,04/10/2026,GIMNASIA (CR),LA UNION FSA,True,GIMNASIA (CR),10,4,TIRO2,CONVERTIDO,Z8-IZ,24.06,36.92
v2ulFmklGTo7tC2drDm9ryTurreu3984lFslEjGHsZXxh5j7QQosmwUw==,04/10/2026,GIMNASIA (CR),LA UNION FSA,True,GIMNASIA (CR),5,4,TIRO3,FALLADO,Z12-IZ,34.52,62.56
v2ulFmklGTo7tC2drDm9ryTurreu3984lFslEjGHsZXxh5j7QQosmwUw==,04/10/2026,GIMNASIA (CR),LA UNION FSA,False,LA UNION FSA,2,4,TIRO2,FALLADO,Z1-DE,84.77,51.97
v2ulFmklGTo7tC2drDm9ryTurreu3984lFslEjGHsZXxh5j7QQosmwUw==,04/10/2026,GIMNASIA (CR),LA UNION FSA,True,GIMNASIA (CR),10,4,TIRO3,FALLADO,Z13-IZ,35.23,25.3
v2ulFmklGTo7tC2drDm9ryTurreu3984lFslEjGHsZXxh5j7QQosmwUw==,04/10/2026,GIMNASIA (CR),LA UNION FSA,False,LA UNION FSA,0,4,TIRO2,CONVERTIDO,Z1-DE,85.28,46.67
v2ulFmklGTo7tC2drDm9ryTurreu3984lFslEjGHsZXxh5j7QQosmwUw==,04/10/2026,GIMNASIA (CR),LA UNION FSA,True,GIMNASIA (CR),5,4,TIRO3,CONVERTIDO,Z13-IZ,34.72,21.88
v2ulFmklGTo7tC2drDm9ryTurreu3984lFslEjGHsZXxh5j7QQosmwUw==,04/10/2026,GIMNASIA (CR),LA UNION FSA,True,GIMNASIA (CR),10,4,TIRO2,FALLADO,Z1-IZ,14.31,54.02
v2ulFmklGTo7tC2drDm9ryTurreu3984lFslEjGHsZXxh5j7QQosmwUw==,04/10/2026,GIMNASIA (CR),LA UNION FSA,False,LA UNION FSA,15,4,TIRO2,CONVERTIDO,Z1-DE,86.19,50.77
v2ulFmklGTo7tC2drDm9ryTurreu3984lFslEjGHsZXxh5j7QQosmwUw==,04/10/2026,GIMNASIA (CR),LA UNION FSA,True,GIMNASIA (CR),10,4,TIRO3,FALLADO,Z13-IZ,25.99,11.97
v2ulFmklGTo7tC2drDm9ryTurreu3984lFslEjGHsZXxh5j7QQosmwUw==,04/10/2026,GIMNASIA (CR),LA UNION FSA,False,LA UNION FSA,4,4,TIRO2,FALLADO,Z1-DE,85.38,49.57
v2ulFmklGTo7tC2drDm9ryTurreu3984lFslEjGHsZXxh5j7QQosmwUw==,04/10/2026,GIMNASIA (CR),LA UNION FSA,True,GIMNASIA (CR),9,4,TIRO2,CONVERTIDO,Z1-IZ,14.82,57.95
v2ulFmklGTo7tC2drDm9ryTurreu3984lFslEjGHsZXxh5j7QQosmwUw==,04/10/2026,GIMNASIA (CR),LA UNION FSA,False,LA UNION FSA,4,4,TIRO2,FALLADO,Z4-DE,85.58,72.14
v2ulFmklGTo7tC2drDm9ryTurreu3984lFslEjGHsZXxh5j7QQosmwUw==,04/10/2026,GIMNASIA (CR),LA UNION FSA,True,GIMNASIA (CR),88,4,TIRO3,FALLADO,Z11-IZ,26.4,87.35
v2ulFmklGTo7tC2drDm9ryTurreu3984lFslEjGHsZXxh5j7QQosmwUw==,04/10/2026,GIMNASIA (CR),LA UNION FSA,True,GIMNASIA (CR),10,4,TIRO2,CONVERTIDO,Z3-IZ,19.19,55.56
v2ulFmklGTo7tC2drDm9ryTurreu3984lFslEjGHsZXxh5j7QQosmwUw==,04/10/2026,GIMNASIA (CR),LA UNION FSA,True,GIMNASIA (CR),10,4,TIRO2,FALLADO,Z3-IZ,19.09,58.63
v2ulFmklGTo7tC2drDm9ryTurreu3984lFslEjGHsZXxh5j7QQosmwUw==,04/10/2026,GIMNASIA (CR),LA UNION FSA,False,LA UNION FSA,4,4,TIRO2,CONVERTIDO,Z1-DE,86.19,45.64
v2ulFmklGTo7tC2drDm9ryTurreu3984lFslEjGHsZXxh5j7QQosmwUw==,04/10/2026,GIMNASIA (CR),LA UNION FSA,True,GIMNASIA (CR),10,4,TIRO2,CONVERTIDO,Z1-IZ,12.69,54.36
v2ulFmklGTo7tC2drDm9ryTurreu3984lFslEjGHsZXxh5j7QQosmwUw==,04/10/2026,GIMNASIA (CR),LA UNION FSA,False,LA UNION FSA,15,4,TIRO3,CONVERTIDO,Z11-DE,67.21,24.62
v2ulFmklGTo7tC2drDm9ryTurreu3984lFslEjGHsZXxh5j7QQosmwUw==,04/10/2026,GIMNASIA (CR),LA UNION FSA,True,GIMNASIA (CR),5,4,TIRO3,CONVERTIDO,Z13-IZ,34.72,29.23
v2ulFmklGTo7tC2drDm9ryTurreu3984lFslEjGHsZXxh5j7QQosmwUw==,04/10/2026,GIMNASIA (CR),LA UNION FSA,False,LA UNION FSA,7,4,TIRO3,FALLADO,Z11-DE,70.56,19.15
v2ulFmklGTo7tC2drDm9ryTurreu3984lFslEjGHsZXxh5j7QQosmwUw==,04/10/2026,GIMNASIA (CR),LA UNION FSA,True,GIMNASIA (CR),10,4,TIRO3,FALLADO,Z13-IZ,29.85,16.92
v2ulFmklGTo7tC2drDm9ryTurreu3984lFslEjGHsZXxh5j7QQosmwUw==,04/10/2026,GIMNASIA (CR),LA UNION FSA,True,GIMNASIA (CR),5,4,TIRO2,CONVERTIDO,Z1-IZ,14.52,54.36
v2ulFmklGTo7tC2drDm9ryTurreu3984lFslEjGHsZXxh5j7QQosmwUw==,04/10/2026,GIMNASIA (CR),LA UNION FSA,False,LA UNION FSA,2,4,TIRO2,CONVERTIDO,Z1-DE,83.55,50.6
v2ulFmklGTo7tC2drDm9ryTurreu3984lFslEjGHsZXxh5j7QQosmwUw==,04/10/2026,GIMNASIA (CR),LA UNION FSA,True,GIMNASIA (CR),88,4,TIRO3,FALLADO,Z11-IZ,28.63,83.93
v2ulFmklGTo7tC2drDm9ryTurreu3984lFslEjGHsZXxh5j7QQosmwUw==,04/10/2026,GIMNASIA (CR),LA UNION FSA,False,LA UNION FSA,2,4,TIRO2,FALLADO,Z1-DE,85.28,44.1
v2ulFmklGTo7tC2drDm9ryTurreu3984lFslEjGHsZXxh5j7QQosmwUw==,04/10/2026,GIMNASIA (CR),LA UNION FSA,False,LA UNION FSA,7,4,TIRO3,FALLADO,Z13-DE,73.4,84.96
v2ulFmklGTo7tC2drDm9ryTurreu3984lFslEjGHsZXxh5j7QQosmwUw==,04/10/2026,GIMNASIA (CR),LA UNION FSA,False,LA UNION FSA,2,3,TIRO3,FALLADO,Z12-DE,61.42,38.8
v2ulFmklGTo7tC2drDm9ryTurreu3984lFslEjGHsZXxh5j7QQosmwUw==,04/10/2026,GIMNASIA (CR),LA UNION FSA,True,GIMNASIA (CR),10,3,TIRO3,FALLADO,Z13-IZ,35.53,31.28
v2ulFmklGTo7tC2drDm9ryTurreu3984lFslEjGHsZXxh5j7QQosmwUw==,04/10/2026,GIMNASIA (CR),LA UNION FSA,False,LA UNION FSA,4,3,TIRO3,CONVERTIDO,Z11-DE,70.86,16.07
v2ulFmklGTo7tC2drDm9ryTurreu3984lFslEjGHsZXxh5j7QQosmwUw==,04/10/2026,GIMNASIA (CR),LA UNION FSA,True,GIMNASIA (CR),10,3,TIRO3,CONVERTIDO,Z12-IZ,35.33,38.29
v2ulFmklGTo7tC2drDm9ryTurreu3984lFslEjGHsZXxh5j7QQosmwUw==,04/10/2026,GIMNASIA (CR),LA UNION FSA,True,GIMNASIA (CR),9,3,TIRO3,FALLADO,Z11-IZ,25.89,86.32
v2ulFmklGTo7tC2drDm9ryTurreu3984lFslEjGHsZXxh5j7QQosmwUw==,04/10/2026,GIMNASIA (CR),LA UNION FSA,True,GIMNASIA (CR),11,3,TIRO2,CONVERTIDO,Z1-IZ,14.21,50.6
v2ulFmklGTo7tC2drDm9ryTurreu3984lFslEjGHsZXxh5j7QQosmwUw==,04/10/2026,GIMNASIA (CR),LA UNION FSA,True,GIMNASIA (CR),9,3,TIRO3,FALLADO,Z11-IZ,25.48,85.13
v2ulFmklGTo7tC2drDm9ryTurreu3984lFslEjGHsZXxh5j7QQosmwUw==,04/10/2026,GIMNASIA (CR),LA UNION FSA,False,LA UNION FSA,4,3,TIRO2,CONVERTIDO,Z1-DE,86.29,47.35
v2ulFmklGTo7tC2drDm9ryTurreu3984lFslEjGHsZXxh5j7QQosmwUw==,04/10/2026,GIMNASIA (CR),LA UNION FSA,False,LA UNION FSA,6,3,TIRO3,FALLADO,Z13-DE,69.14,77.95
v2ulFmklGTo7tC2drDm9ryTurreu3984lFslEjGHsZXxh5j7QQosmwUw==,04/10/2026,GIMNASIA (CR),LA UNION FSA,True,GIMNASIA (CR),33,3,TIRO2,FALLADO,Z1-IZ,15.03,47.52
v2ulFmklGTo7tC2drDm9ryTurreu3984lFslEjGHsZXxh5j7QQosmwUw==,04/10/2026,GIMNASIA (CR),LA UNION FSA,False,LA UNION FSA,2,3,TIRO2,CONVERTIDO,Z1-DE,88.63,58.12
v2ulFmklGTo7tC2drDm9ryTurreu3984lFslEjGHsZXxh5j7QQosmwUw==,04/10/2026,GIMNASIA (CR),LA UNION FSA,True,GIMNASIA (CR),5,3,TIRO3,FALLADO,Z13-IZ,28.93,17.78
v2ulFmklGTo7tC2drDm9ryTurreu3984lFslEjGHsZXxh5j7QQosmwUw==,04/10/2026,GIMNASIA (CR),LA UNION FSA,True,GIMNASIA (CR),5,3,TIRO2,CONVERTIDO,Z2-IZ,16.85,70.77
v2ulFmklGTo7tC2drDm9ryTurreu3984lFslEjGHsZXxh5j7QQosmwUw==,04/10/2026,GIMNASIA (CR),LA UNION FSA,False,LA UNION FSA,2,3,TIRO2,CONVERTIDO,Z1-DE,85.58,51.97
v2ulFmklGTo7tC2drDm9ryTurreu3984lFslEjGHsZXxh5j7QQosmwUw==,04/10/2026,GIMNASIA (CR),LA UNION FSA,True,GIMNASIA (CR),9,3,TIRO2,CONVERTIDO,Z1-IZ,16.24,52.14
v2ulFmklGTo7tC2drDm9ryTurreu3984lFslEjGHsZXxh5j7QQosmwUw==,04/10/2026,GIMNASIA (CR),LA UNION FSA,True,GIMNASIA (CR),10,3,TIRO2,FALLADO,Z1-IZ,16.45,43.08
v2ulFmklGTo7tC2drDm9ryTurreu3984lFslEjGHsZXxh5j7QQosmwUw==,04/10/2026,GIMNASIA (CR),LA UNION FSA,False,LA UNION FSA,0,3,TIRO2,CONVERTIDO,Z1-DE,87.72,49.23
v2ulFmklGTo7tC2drDm9ryTurreu3984lFslEjGHsZXxh5j7QQosmwUw==,04/10/2026,GIMNASIA (CR),LA UNION FSA,False,LA UNION FSA,0,3,TIRO2,CONVERTIDO,Z1-DE,86.09,55.56
v2ulFmklGTo7tC2drDm9ryTurreu3984lFslEjGHsZXxh5j7QQosmwUw==,04/10/2026,GIMNASIA (CR),LA UNION FSA,True,GIMNASIA (CR),9,3,TIRO3,FALLADO,Z11-IZ,28.43,83.59
v2ulFmklGTo7tC2drDm9ryTurreu3984lFslEjGHsZXxh5j7QQosmwUw==,04/10/2026,GIMNASIA (CR),LA UNION FSA,False,LA UNION FSA,0,3,TIRO3,CONVERTIDO,Z11-DE,63.05,29.06
v2ulFmklGTo7tC2drDm9ryTurreu3984lFslEjGHsZXxh5j7QQosmwUw==,04/10/2026,GIMNASIA (CR),LA UNION FSA,True,GIMNASIA (CR),12,3,TIRO3,CONVERTIDO,Z13-IZ,27.82,14.02
v2ulFmklGTo7tC2drDm9ryTurreu3984lFslEjGHsZXxh5j7QQosmwUw==,04/10/2026,GIMNASIA (CR),LA UNION FSA,False,LA UNION FSA,2,3,TIRO2,CONVERTIDO,Z1-DE,88.93,54.02
v2ulFmklGTo7tC2drDm9ryTurreu3984lFslEjGHsZXxh5j7QQosmwUw==,04/10/2026,GIMNASIA (CR),LA UNION FSA,False,LA UNION FSA,4,3,TIRO2,CONVERTIDO,Z1-DE,87.61,53.68
v2ulFmklGTo7tC2drDm9ryTurreu3984lFslEjGHsZXxh5j7QQosmwUw==,04/10/2026,GIMNASIA (CR),LA UNION FSA,False,LA UNION FSA,6,3,TIRO2,FALLADO,Z1-DE,88.83,55.73
v2ulFmklGTo7tC2drDm9ryTurreu3984lFslEjGHsZXxh5j7QQosmwUw==,04/10/2026,GIMNASIA (CR),LA UNION FSA,True,GIMNASIA (CR),14,3,TIRO3,FALLADO,Z13-IZ,32.08,20.85
v2ulFmklGTo7tC2drDm9ryTurreu3984lFslEjGHsZXxh5j7QQosmwUw==,04/10/2026,GIMNASIA (CR),LA UNION FSA,True,GIMNASIA (CR),9,3,TIRO2,FALLADO,Z1-IZ,13.81,50.77
v2ulFmklGTo7tC2drDm9ryTurreu3984lFslEjGHsZXxh5j7QQosmwUw==,04/10/2026,GIMNASIA (CR),LA UNION FSA,False,LA UNION FSA,2,3,TIRO2,CONVERTIDO,Z1-DE,87.61,49.4
v2ulFmklGTo7tC2drDm9ryTurreu3984lFslEjGHsZXxh5j7QQosmwUw==,04/10/2026,GIMNASIA (CR),LA UNION FSA,True,GIMNASIA (CR),2,3,TIRO3,FALLADO,Z13-IZ,36.24,34.36
v2ulFmklGTo7tC2drDm9ryTurreu3984lFslEjGHsZXxh5j7QQosmwUw==,04/10/2026,GIMNASIA (CR),LA UNION FSA,True,GIMNASIA (CR),0,3,TIRO3,CONVERTIDO,Z11-IZ,26.8,85.64
v2ulFmklGTo7tC2drDm9ryTurreu3984lFslEjGHsZXxh5j7QQosmwUw==,04/10/2026,GIMNASIA (CR),LA UNION FSA,False,LA UNION FSA,0,3,TIRO2,FALLADO,Z1-DE,88.32,61.03
v2ulFmklGTo7tC2drDm9ryTurreu3984lFslEjGHsZXxh5j7QQosmwUw==,04/10/2026,GIMNASIA (CR),LA UNION FSA,False,LA UNION FSA,15,3,TIRO2,CONVERTIDO,Z1-DE,87.61,62.22
v2ulFmklGTo7tC2drDm9ryTurreu3984lFslEjGHsZXxh5j7QQosmwUw==,04/10/2026,GIMNASIA (CR),LA UNION FSA,True,GIMNASIA (CR),9,3,TIRO2,FALLADO,Z1-IZ,13.81,45.98
v2ulFmklGTo7tC2drDm9ryTurreu3984lFslEjGHsZXxh5j7QQosmwUw==,04/10/2026,GIMNASIA (CR),LA UNION FSA,False,LA UNION FSA,0,2,TIRO3,FALLADO,Z11-DE,69.04,18.46
v2ulFmklGTo7tC2drDm9ryTurreu3984lFslEjGHsZXxh5j7QQosmwUw==,04/10/2026,GIMNASIA (CR),LA UNION FSA,True,GIMNASIA (CR),9,2,TIRO2,CONVERTIDO,Z1-IZ,13.6,46.67
v2ulFmklGTo7tC2drDm9ryTurreu3984lFslEjGHsZXxh5j7QQosmwUw==,04/10/2026,GIMNASIA (CR),LA UNION FSA,False,LA UNION FSA,15,2,TIRO2,CONVERTIDO,Z1-DE,87.01,40.34
v2ulFmklGTo7tC2drDm9ryTurreu3984lFslEjGHsZXxh5j7QQosmwUw==,04/10/2026,GIMNASIA (CR),LA UNION FSA,True,GIMNASIA (CR),12,2,TIRO2,CONVERTIDO,Z1-IZ,13.4,45.47
v2ulFmklGTo7tC2drDm9ryTurreu3984lFslEjGHsZXxh5j7QQosmwUw==,04/10/2026,GIMNASIA (CR),LA UNION FSA,True,GIMNASIA (CR),12,2,TIRO2,FALLADO,Z1-IZ,15.84,50.43
v2ulFmklGTo7tC2drDm9ryTurreu3984lFslEjGHsZXxh5j7QQosmwUw==,04/10/2026,GIMNASIA (CR),LA UNION FSA,True,GIMNASIA (CR),2,2,TIRO3,FALLADO,Z13-IZ,30.25,19.32
v2ulFmklGTo7tC2drDm9ryTurreu3984lFslEjGHsZXxh5j7QQosmwUw==,04/10/2026,GIMNASIA (CR),LA UNION FSA,True,GIMNASIA (CR),2,2,TIRO3,CONVERTIDO,Z13-IZ,25.08,14.36
v2ulFmklGTo7tC2drDm9ryTurreu3984lFslEjGHsZXxh5j7QQosmwUw==,04/10/2026,GIMNASIA (CR),LA UNION FSA,False,LA UNION FSA,2,2,TIRO3,FALLADO,Z13-DE,67.61,78.46
v2ulFmklGTo7tC2drDm9ryTurreu3984lFslEjGHsZXxh5j7QQosmwUw==,04/10/2026,GIMNASIA (CR),LA UNION FSA,True,GIMNASIA (CR),14,2,TIRO2,FALLADO,Z2-IZ,10.66,64.1
v2ulFmklGTo7tC2drDm9ryTurreu3984lFslEjGHsZXxh5j7QQosmwUw==,04/10/2026,GIMNASIA (CR),LA UNION FSA,False,LA UNION FSA,0,2,TIRO2,CONVERTIDO,Z1-DE,85.08,49.91
v2ulFmklGTo7tC2drDm9ryTurreu3984lFslEjGHsZXxh5j7QQosmwUw==,04/10/2026,GIMNASIA (CR),LA UNION FSA,True,GIMNASIA (CR),2,2,TIRO3,CONVERTIDO,Z13-IZ,32.69,31.79
v2ulFmklGTo7tC2drDm9ryTurreu3984lFslEjGHsZXxh5j7QQosmwUw==,04/10/2026,GIMNASIA (CR),LA UNION FSA,False,LA UNION FSA,0,2,TIRO2,CONVERTIDO,Z4-DE,81.52,58.97
v2ulFmklGTo7tC2drDm9ryTurreu3984lFslEjGHsZXxh5j7QQosmwUw==,04/10/2026,GIMNASIA (CR),LA UNION FSA,True,GIMNASIA (CR),88,2,TIRO3,CONVERTIDO,Z13-IZ,29.24,18.29
v2ulFmklGTo7tC2drDm9ryTurreu3984lFslEjGHsZXxh5j7QQosmwUw==,04/10/2026,GIMNASIA (CR),LA UNION FSA,True,GIMNASIA (CR),10,2,TIRO3,FALLADO,Z12-IZ,35.94,60.85
v2ulFmklGTo7tC2drDm9ryTurreu3984lFslEjGHsZXxh5j7QQosmwUw==,04/10/2026,GIMNASIA (CR),LA UNION FSA,False,LA UNION FSA,2,2,TIRO3,FALLADO,Z11-DE,74.92,15.21
v2ulFmklGTo7tC2drDm9ryTurreu3984lFslEjGHsZXxh5j7QQosmwUw==,04/10/2026,GIMNASIA (CR),LA UNION FSA,True,GIMNASIA (CR),11,2,TIRO3,FALLADO,Z11-IZ,34.42,64.44
v2ulFmklGTo7tC2drDm9ryTurreu3984lFslEjGHsZXxh5j7QQosmwUw==,04/10/2026,GIMNASIA (CR),LA UNION FSA,True,GIMNASIA (CR),2,2,TIRO3,FALLADO,Z11-IZ,30.25,84.1
v2ulFmklGTo7tC2drDm9ryTurreu3984lFslEjGHsZXxh5j7QQosmwUw==,04/10/2026,GIMNASIA (CR),LA UNION FSA,True,GIMNASIA (CR),88,2,TIRO3,CONVERTIDO,Z13-IZ,28.32,17.26
v2ulFmklGTo7tC2drDm9ryTurreu3984lFslEjGHsZXxh5j7QQosmwUw==,04/10/2026,GIMNASIA (CR),LA UNION FSA,False,LA UNION FSA,7,2,TIRO3,FALLADO,Z13-DE,74.11,85.98
v2ulFmklGTo7tC2drDm9ryTurreu3984lFslEjGHsZXxh5j7QQosmwUw==,04/10/2026,GIMNASIA (CR),LA UNION FSA,True,GIMNASIA (CR),11,2,TIRO2,FALLADO,Z1-IZ,12.39,53.5
v2ulFmklGTo7tC2drDm9ryTurreu3984lFslEjGHsZXxh5j7QQosmwUw==,04/10/2026,GIMNASIA (CR),LA UNION FSA,False,LA UNION FSA,7,2,TIRO3,FALLADO,Z13-DE,70.86,80.85
v2ulFmklGTo7tC2drDm9ryTurreu3984lFslEjGHsZXxh5j7QQosmwUw==,04/10/2026,GIMNASIA (CR),LA UNION FSA,True,GIMNASIA (CR),10,2,TIRO2,CONVERTIDO,Z1-IZ,13.6,44.44
v2ulFmklGTo7tC2drDm9ryTurreu3984lFslEjGHsZXxh5j7QQosmwUw==,04/10/2026,GIMNASIA (CR),LA UNION FSA,False,LA UNION FSA,4,2,TIRO2,CONVERTIDO,Z1-DE,85.18,47.01
v2ulFmklGTo7tC2drDm9ryTurreu3984lFslEjGHsZXxh5j7QQosmwUw==,04/10/2026,GIMNASIA (CR),LA UNION FSA,True,GIMNASIA (CR),10,2,TIRO3,CONVERTIDO,Z12-IZ,34.52,44.96
v2ulFmklGTo7tC2drDm9ryTurreu3984lFslEjGHsZXxh5j7QQosmwUw==,04/10/2026,GIMNASIA (CR),LA UNION FSA,False,LA UNION FSA,7,2,TIRO2,CONVERTIDO,Z1-DE,83.65,51.28
v2ulFmklGTo7tC2drDm9ryTurreu3984lFslEjGHsZXxh5j7QQosmwUw==,04/10/2026,GIMNASIA (CR),LA UNION FSA,True,GIMNASIA (CR),88,2,TIRO2,CONVERTIDO,Z1-IZ,13.71,41.37
v2ulFmklGTo7tC2drDm9ryTurreu3984lFslEjGHsZXxh5j7QQosmwUw==,04/10/2026,GIMNASIA (CR),LA UNION FSA,True,GIMNASIA (CR),11,2,TIRO2,CONVERTIDO,Z1-IZ,12.18,44.27
v2ulFmklGTo7tC2drDm9ryTurreu3984lFslEjGHsZXxh5j7QQosmwUw==,04/10/2026,GIMNASIA (CR),LA UNION FSA,False,LA UNION FSA,9,2,TIRO2,FALLADO,Z3-DE,80.61,51.28
v2ulFmklGTo7tC2drDm9ryTurreu3984lFslEjGHsZXxh5j7QQosmwUw==,04/10/2026,GIMNASIA (CR),LA UNION FSA,True,GIMNASIA (CR),88,2,TIRO3,FALLADO,Z11-IZ,19.09,88.55
v2ulFmklGTo7tC2drDm9ryTurreu3984lFslEjGHsZXxh5j7QQosmwUw==,04/10/2026,GIMNASIA (CR),LA UNION FSA,False,LA UNION FSA,7,2,TIRO3,FALLADO,Z11-DE,68.32,24.1
v2ulFmklGTo7tC2drDm9ryTurreu3984lFslEjGHsZXxh5j7QQosmwUw==,04/10/2026,GIMNASIA (CR),LA UNION FSA,True,GIMNASIA (CR),10,2,TIRO3,CONVERTIDO,Z11-IZ,34.62,66.84
v2ulFmklGTo7tC2drDm9ryTurreu3984lFslEjGHsZXxh5j7QQosmwUw==,04/10/2026,GIMNASIA (CR),LA UNION FSA,True,GIMNASIA (CR),33,2,TIRO2,FALLADO,Z1-IZ,13.6,42.05
v2ulFmklGTo7tC2drDm9ryTurreu3984lFslEjGHsZXxh5j7QQosmwUw==,04/10/2026,GIMNASIA (CR),LA UNION FSA,True,GIMNASIA (CR),5,2,TIRO3,FALLADO,Z11-IZ,30.25,86.32
v2ulFmklGTo7tC2drDm9ryTurreu3984lFslEjGHsZXxh5j7QQosmwUw==,04/10/2026,GIMNASIA (CR),LA UNION FSA,True,GIMNASIA (CR),33,2,TIRO2,FALLADO,Z1-IZ,14.42,40.17
v2ulFmklGTo7tC2drDm9ryTurreu3984lFslEjGHsZXxh5j7QQosmwUw==,04/10/2026,GIMNASIA (CR),LA UNION FSA,True,GIMNASIA (CR),5,2,TIRO2,FALLADO,Z1-IZ,16.85,53.5
v2ulFmklGTo7tC2drDm9ryTurreu3984lFslEjGHsZXxh5j7QQosmwUw==,04/10/2026,GIMNASIA (CR),LA UNION FSA,False,LA UNION FSA,17,2,TIRO2,CONVERTIDO,Z1-DE,85.28,49.91
v2ulFmklGTo7tC2drDm9ryTurreu3984lFslEjGHsZXxh5j7QQosmwUw==,04/10/2026,GIMNASIA (CR),LA UNION FSA,True,GIMNASIA (CR),10,1,TIRO2,FALLADO,Z4-IZ,17.87,40.51
v2ulFmklGTo7tC2drDm9ryTurreu3984lFslEjGHsZXxh5j7QQosmwUw==,04/10/2026,GIMNASIA (CR),LA UNION FSA,True,GIMNASIA (CR),2,1,TIRO3,CONVERTIDO,Z12-IZ,36.45,64.44
v2ulFmklGTo7tC2drDm9ryTurreu3984lFslEjGHsZXxh5j7QQosmwUw==,04/10/2026,GIMNASIA (CR),LA UNION FSA,False,LA UNION FSA,4,1,TIRO3,FALLADO,Z13-DE,69.64,85.13
v2ulFmklGTo7tC2drDm9ryTurreu3984lFslEjGHsZXxh5j7QQosmwUw==,04/10/2026,GIMNASIA (CR),LA UNION FSA,True,GIMNASIA (CR),10,1,TIRO3,FALLADO,Z11-IZ,33.1,72.99
v2ulFmklGTo7tC2drDm9ryTurreu3984lFslEjGHsZXxh5j7QQosmwUw==,04/10/2026,GIMNASIA (CR),LA UNION FSA,False,LA UNION FSA,4,1,TIRO2,CONVERTIDO,Z2-DE,86.9,37.09
v2ulFmklGTo7tC2drDm9ryTurreu3984lFslEjGHsZXxh5j7QQosmwUw==,04/10/2026,GIMNASIA (CR),LA UNION FSA,True,GIMNASIA (CR),5,1,TIRO2,CONVERTIDO,Z1-IZ,15.94,46.15
v2ulFmklGTo7tC2drDm9ryTurreu3984lFslEjGHsZXxh5j7QQosmwUw==,04/10/2026,GIMNASIA (CR),LA UNION FSA,True,GIMNASIA (CR),10,1,TIRO2,FALLADO,Z1-IZ,15.84,54.02
v2ulFmklGTo7tC2drDm9ryTurreu3984lFslEjGHsZXxh5j7QQosmwUw==,04/10/2026,GIMNASIA (CR),LA UNION FSA,False,LA UNION FSA,6,1,TIRO3,FALLADO,Z13-DE,70.46,85.64
v2ulFmklGTo7tC2drDm9ryTurreu3984lFslEjGHsZXxh5j7QQosmwUw==,04/10/2026,GIMNASIA (CR),LA UNION FSA,True,GIMNASIA (CR),9,1,TIRO3,FALLADO,Z11-IZ,28.02,86.5
v2ulFmklGTo7tC2drDm9ryTurreu3984lFslEjGHsZXxh5j7QQosmwUw==,04/10/2026,GIMNASIA (CR),LA UNION FSA,False,LA UNION FSA,6,1,TIRO2,FALLADO,Z1-DE,86.9,56.24
v2ulFmklGTo7tC2drDm9ryTurreu3984lFslEjGHsZXxh5j7QQosmwUw==,04/10/2026,GIMNASIA (CR),LA UNION FSA,False,LA UNION FSA,9,1,TIRO2,FALLADO,Z8-DE,75.94,73.16
v2ulFmklGTo7tC2drDm9ryTurreu3984lFslEjGHsZXxh5j7QQosmwUw==,04/10/2026,GIMNASIA (CR),LA UNION FSA,False,LA UNION FSA,15,1,TIRO2,CONVERTIDO,Z1-DE,85.79,44.27
v2ulFmklGTo7tC2drDm9ryTurreu3984lFslEjGHsZXxh5j7QQosmwUw==,04/10/2026,GIMNASIA (CR),LA UNION FSA,True,GIMNASIA (CR),14,1,TIRO2,CONVERTIDO,Z1-IZ,14.11,42.22
v2ulFmklGTo7tC2drDm9ryTurreu3984lFslEjGHsZXxh5j7QQosmwUw==,04/10/2026,GIMNASIA (CR),LA UNION FSA,False,LA UNION FSA,15,1,TIRO2,CONVERTIDO,Z1-DE,86.19,50.43
v2ulFmklGTo7tC2drDm9ryTurreu3984lFslEjGHsZXxh5j7QQosmwUw==,04/10/2026,GIMNASIA (CR),LA UNION FSA,True,GIMNASIA (CR),12,1,TIRO3,FALLADO,Z11-IZ,29.14,84.1
v2ulFmklGTo7tC2drDm9ryTurreu3984lFslEjGHsZXxh5j7QQosmwUw==,04/10/2026,GIMNASIA (CR),LA UNION FSA,True,GIMNASIA (CR),2,1,TIRO3,FALLADO,Z12-IZ,34.92,50.77
v2ulFmklGTo7tC2drDm9ryTurreu3984lFslEjGHsZXxh5j7QQosmwUw==,04/10/2026,GIMNASIA (CR),LA UNION FSA,True,GIMNASIA (CR),2,1,TIRO3,CONVERTIDO,Z11-IZ,32.49,78.12
v2ulFmklGTo7tC2drDm9ryTurreu3984lFslEjGHsZXxh5j7QQosmwUw==,04/10/2026,GIMNASIA (CR),LA UNION FSA,False,LA UNION FSA,0,1,TIRO3,FALLADO,Z13-DE,65.79,75.38
v2ulFmklGTo7tC2drDm9ryTurreu3984lFslEjGHsZXxh5j7QQosmwUw==,04/10/2026,GIMNASIA (CR),LA UNION FSA,False,LA UNION FSA,7,1,TIRO2,FALLADO,Z2-DE,81.83,40.17
v2ulFmklGTo7tC2drDm9ryTurreu3984lFslEjGHsZXxh5j7QQosmwUw==,04/10/2026,GIMNASIA (CR),LA UNION FSA,True,GIMNASIA (CR),12,1,TIRO3,FALLADO,Z11-IZ,33.3,75.04
v2ulFmklGTo7tC2drDm9ryTurreu3984lFslEjGHsZXxh5j7QQosmwUw==,04/10/2026,GIMNASIA (CR),LA UNION FSA,True,GIMNASIA (CR),2,1,TIRO3,CONVERTIDO,Z11-IZ,32.28,76.41
v2ulFmklGTo7tC2drDm9ryTurreu3984lFslEjGHsZXxh5j7QQosmwUw==,04/10/2026,GIMNASIA (CR),LA UNION FSA,False,LA UNION FSA,6,1,TIRO2,CONVERTIDO,Z3-DE,81.02,54.53
v2ulFmklGTo7tC2drDm9ryTurreu3984lFslEjGHsZXxh5j7QQosmwUw==,04/10/2026,GIMNASIA (CR),LA UNION FSA,True,GIMNASIA (CR),14,1,TIRO2,FALLADO,Z1-IZ,13.4,45.3
v2ulFmklGTo7tC2drDm9ryTurreu3984lFslEjGHsZXxh5j7QQosmwUw==,04/10/2026,GIMNASIA (CR),LA UNION FSA,False,LA UNION FSA,6,1,TIRO2,CONVERTIDO,Z1-DE,84.37,57.44
v2ulFmklGTo7tC2drDm9ryTurreu3984lFslEjGHsZXxh5j7QQosmwUw==,04/10/2026,GIMNASIA (CR),LA UNION FSA,False,LA UNION FSA,15,1,TIRO2,CONVERTIDO,Z1-DE,86.19,49.91
v2ulFmklGTo7tC2drDm9ryTurreu3984lFslEjGHsZXxh5j7QQosmwUw==,04/10/2026,GIMNASIA (CR),LA UNION FSA,True,GIMNASIA (CR),2,1,TIRO2,CONVERTIDO,Z1-IZ,16.04,53.85
v2ulFmklGTo7tC2drDm9ryTurreu3984lFslEjGHsZXxh5j7QQosmwUw==,04/10/2026,GIMNASIA (CR),LA UNION FSA,False,LA UNION FSA,4,1,TIRO2,FALLADO,Z1-DE,88.02,52.99
v2OAVSrGA5IG0pbA0PjvpMf3dwZCUKIyPxsSQdNQJPy2gLZCmKWfokHA==,05/10/2026,QUIMSA,ATENAS (C),False,ATENAS (C),20,4,TIRO3,FALLADO,Z7-IZ,31.54,46.89
v2OAVSrGA5IG0pbA0PjvpMf3dwZCUKIyPxsSQdNQJPy2gLZCmKWfokHA==,05/10/2026,QUIMSA,ATENAS (C),True,QUIMSA,6,4,TIRO2,CONVERTIDO,Z1-IZ,12.31,54.92
v2OAVSrGA5IG0pbA0PjvpMf3dwZCUKIyPxsSQdNQJPy2gLZCmKWfokHA==,05/10/2026,QUIMSA,ATENAS (C),False,ATENAS (C),6,4,TIRO2,FALLADO,Z2-DE,86.62,34.72
v2OAVSrGA5IG0pbA0PjvpMf3dwZCUKIyPxsSQdNQJPy2gLZCmKWfokHA==,05/10/2026,QUIMSA,ATENAS (C),False,ATENAS (C),10,4,TIRO2,FALLADO,Z1-DE,84.77,53.63
v2OAVSrGA5IG0pbA0PjvpMf3dwZCUKIyPxsSQdNQJPy2gLZCmKWfokHA==,05/10/2026,QUIMSA,ATENAS (C),False,ATENAS (C),6,4,TIRO3,FALLADO,Z13-DE,72.31,79.79
v2OAVSrGA5IG0pbA0PjvpMf3dwZCUKIyPxsSQdNQJPy2gLZCmKWfokHA==,05/10/2026,QUIMSA,ATENAS (C),True,QUIMSA,12,4,TIRO3,FALLADO,Z10-IZ,9.69,91.45
v2OAVSrGA5IG0pbA0PjvpMf3dwZCUKIyPxsSQdNQJPy2gLZCmKWfokHA==,05/10/2026,QUIMSA,ATENAS (C),True,QUIMSA,10,4,TIRO3,CONVERTIDO,Z11-IZ,33.38,71.24
v2OAVSrGA5IG0pbA0PjvpMf3dwZCUKIyPxsSQdNQJPy2gLZCmKWfokHA==,05/10/2026,QUIMSA,ATENAS (C),True,QUIMSA,12,4,TIRO3,FALLADO,Z13-IZ,20.15,12.95
v2OAVSrGA5IG0pbA0PjvpMf3dwZCUKIyPxsSQdNQJPy2gLZCmKWfokHA==,05/10/2026,QUIMSA,ATENAS (C),True,QUIMSA,22,4,TIRO3,FALLADO,Z10-IZ,10.0,90.16
v2OAVSrGA5IG0pbA0PjvpMf3dwZCUKIyPxsSQdNQJPy2gLZCmKWfokHA==,05/10/2026,QUIMSA,ATENAS (C),True,QUIMSA,22,4,TIRO2,FALLADO,Z4-IZ,13.85,37.05
v2OAVSrGA5IG0pbA0PjvpMf3dwZCUKIyPxsSQdNQJPy2gLZCmKWfokHA==,05/10/2026,QUIMSA,ATENAS (C),False,ATENAS (C),20,4,TIRO2,CONVERTIDO,Z1-DE,84.62,50.0
v2OAVSrGA5IG0pbA0PjvpMf3dwZCUKIyPxsSQdNQJPy2gLZCmKWfokHA==,05/10/2026,QUIMSA,ATENAS (C),True,QUIMSA,9,4,TIRO3,FALLADO,Z13-IZ,27.54,16.32
v2OAVSrGA5IG0pbA0PjvpMf3dwZCUKIyPxsSQdNQJPy2gLZCmKWfokHA==,05/10/2026,QUIMSA,ATENAS (C),False,ATENAS (C),8,4,TIRO3,FALLADO,Z13-DE,80.92,90.16
v2OAVSrGA5IG0pbA0PjvpMf3dwZCUKIyPxsSQdNQJPy2gLZCmKWfokHA==,05/10/2026,QUIMSA,ATENAS (C),True,QUIMSA,12,4,TIRO3,CONVERTIDO,Z11-IZ,32.15,77.98
v2OAVSrGA5IG0pbA0PjvpMf3dwZCUKIyPxsSQdNQJPy2gLZCmKWfokHA==,05/10/2026,QUIMSA,ATENAS (C),False,ATENAS (C),8,4,TIRO3,FALLADO,Z12-DE,65.38,39.12
v2OAVSrGA5IG0pbA0PjvpMf3dwZCUKIyPxsSQdNQJPy2gLZCmKWfokHA==,05/10/2026,QUIMSA,ATENAS (C),False,ATENAS (C),6,4,TIRO3,FALLADO,Z11-DE,73.23,16.32
v2OAVSrGA5IG0pbA0PjvpMf3dwZCUKIyPxsSQdNQJPy2gLZCmKWfokHA==,05/10/2026,QUIMSA,ATENAS (C),True,QUIMSA,10,4,TIRO2,FALLADO,Z4-IZ,16.62,40.67
v2OAVSrGA5IG0pbA0PjvpMf3dwZCUKIyPxsSQdNQJPy2gLZCmKWfokHA==,05/10/2026,QUIMSA,ATENAS (C),True,QUIMSA,12,4,TIRO2,FALLADO,Z1-IZ,12.0,36.79
v2OAVSrGA5IG0pbA0PjvpMf3dwZCUKIyPxsSQdNQJPy2gLZCmKWfokHA==,05/10/2026,QUIMSA,ATENAS (C),False,ATENAS (C),8,4,TIRO3,FALLADO,Z11-DE,75.38,15.54
v2OAVSrGA5IG0pbA0PjvpMf3dwZCUKIyPxsSQdNQJPy2gLZCmKWfokHA==,05/10/2026,QUIMSA,ATENAS (C),True,QUIMSA,12,4,TIRO3,FALLADO,Z13-IZ,29.69,20.98
v2OAVSrGA5IG0pbA0PjvpMf3dwZCUKIyPxsSQdNQJPy2gLZCmKWfokHA==,05/10/2026,QUIMSA,ATENAS (C),False,ATENAS (C),8,4,TIRO3,FALLADO,Z11-DE,70.62,21.5
v2OAVSrGA5IG0pbA0PjvpMf3dwZCUKIyPxsSQdNQJPy2gLZCmKWfokHA==,05/10/2026,QUIMSA,ATENAS (C),True,QUIMSA,10,4,TIRO3,CONVERTIDO,Z13-IZ,31.08,23.06
v2OAVSrGA5IG0pbA0PjvpMf3dwZCUKIyPxsSQdNQJPy2gLZCmKWfokHA==,05/10/2026,QUIMSA,ATENAS (C),False,ATENAS (C),6,4,TIRO3,FALLADO,Z11-DE,71.85,18.39
v2OAVSrGA5IG0pbA0PjvpMf3dwZCUKIyPxsSQdNQJPy2gLZCmKWfokHA==,05/10/2026,QUIMSA,ATENAS (C),False,ATENAS (C),6,4,TIRO3,CONVERTIDO,Z13-DE,77.85,86.01
v2OAVSrGA5IG0pbA0PjvpMf3dwZCUKIyPxsSQdNQJPy2gLZCmKWfokHA==,05/10/2026,QUIMSA,ATENAS (C),False,ATENAS (C),6,4,TIRO2,FALLADO,Z1-DE,86.31,54.15
v2OAVSrGA5IG0pbA0PjvpMf3dwZCUKIyPxsSQdNQJPy2gLZCmKWfokHA==,05/10/2026,QUIMSA,ATENAS (C),False,ATENAS (C),12,4,TIRO2,CONVERTIDO,Z1-DE,86.46,53.89
v2OAVSrGA5IG0pbA0PjvpMf3dwZCUKIyPxsSQdNQJPy2gLZCmKWfokHA==,05/10/2026,QUIMSA,ATENAS (C),True,QUIMSA,30,4,TIRO2,FALLADO,Z4-IZ,13.85,31.35
v2OAVSrGA5IG0pbA0PjvpMf3dwZCUKIyPxsSQdNQJPy2gLZCmKWfokHA==,05/10/2026,QUIMSA,ATENAS (C),False,ATENAS (C),8,4,TIRO2,CONVERTIDO,Z1-DE,87.54,55.96
v2OAVSrGA5IG0pbA0PjvpMf3dwZCUKIyPxsSQdNQJPy2gLZCmKWfokHA==,05/10/2026,QUIMSA,ATENAS (C),True,QUIMSA,83,4,TIRO3,FALLADO,Z12-IZ,34.62,58.29
v2OAVSrGA5IG0pbA0PjvpMf3dwZCUKIyPxsSQdNQJPy2gLZCmKWfokHA==,05/10/2026,QUIMSA,ATENAS (C),False,ATENAS (C),20,4,TIRO2,CONVERTIDO,Z1-DE,91.38,57.77
v2OAVSrGA5IG0pbA0PjvpMf3dwZCUKIyPxsSQdNQJPy2gLZCmKWfokHA==,05/10/2026,QUIMSA,ATENAS (C),True,QUIMSA,6,4,TIRO3,FALLADO,Z13-IZ,27.54,18.65
v2OAVSrGA5IG0pbA0PjvpMf3dwZCUKIyPxsSQdNQJPy2gLZCmKWfokHA==,05/10/2026,QUIMSA,ATENAS (C),False,ATENAS (C),20,3,TIRO3,FALLADO,Z12-DE,63.85,48.45
v2OAVSrGA5IG0pbA0PjvpMf3dwZCUKIyPxsSQdNQJPy2gLZCmKWfokHA==,05/10/2026,QUIMSA,ATENAS (C),True,QUIMSA,22,3,TIRO3,CONVERTIDO,Z11-IZ,26.15,87.31
v2OAVSrGA5IG0pbA0PjvpMf3dwZCUKIyPxsSQdNQJPy2gLZCmKWfokHA==,05/10/2026,QUIMSA,ATENAS (C),False,ATENAS (C),8,3,TIRO3,FALLADO,Z13-DE,73.23,81.61
v2OAVSrGA5IG0pbA0PjvpMf3dwZCUKIyPxsSQdNQJPy2gLZCmKWfokHA==,05/10/2026,QUIMSA,ATENAS (C),True,QUIMSA,22,3,TIRO3,FALLADO,Z13-IZ,23.85,13.47
v2OAVSrGA5IG0pbA0PjvpMf3dwZCUKIyPxsSQdNQJPy2gLZCmKWfokHA==,05/10/2026,QUIMSA,ATENAS (C),False,ATENAS (C),22,3,TIRO2,CONVERTIDO,Z1-DE,84.77,50.0
v2OAVSrGA5IG0pbA0PjvpMf3dwZCUKIyPxsSQdNQJPy2gLZCmKWfokHA==,05/10/2026,QUIMSA,ATENAS (C),True,QUIMSA,30,3,TIRO2,CONVERTIDO,Z1-IZ,12.92,53.89
v2OAVSrGA5IG0pbA0PjvpMf3dwZCUKIyPxsSQdNQJPy2gLZCmKWfokHA==,05/10/2026,QUIMSA,ATENAS (C),False,ATENAS (C),20,3,TIRO3,FALLADO,Z13-DE,74.62,83.42
v2OAVSrGA5IG0pbA0PjvpMf3dwZCUKIyPxsSQdNQJPy2gLZCmKWfokHA==,05/10/2026,QUIMSA,ATENAS (C),False,ATENAS (C),22,3,TIRO2,FALLADO,Z1-DE,85.23,49.22
v2OAVSrGA5IG0pbA0PjvpMf3dwZCUKIyPxsSQdNQJPy2gLZCmKWfokHA==,05/10/2026,QUIMSA,ATENAS (C),False,ATENAS (C),8,3,TIRO2,FALLADO,Z1-DE,84.77,57.51
v2OAVSrGA5IG0pbA0PjvpMf3dwZCUKIyPxsSQdNQJPy2gLZCmKWfokHA==,05/10/2026,QUIMSA,ATENAS (C),True,QUIMSA,6,3,TIRO2,FALLADO,Z1-IZ,12.0,62.95
v2OAVSrGA5IG0pbA0PjvpMf3dwZCUKIyPxsSQdNQJPy2gLZCmKWfokHA==,05/10/2026,QUIMSA,ATENAS (C),True,QUIMSA,6,3,TIRO3,FALLADO,Z13-IZ,32.0,35.23
v2OAVSrGA5IG0pbA0PjvpMf3dwZCUKIyPxsSQdNQJPy2gLZCmKWfokHA==,05/10/2026,QUIMSA,ATENAS (C),True,QUIMSA,22,3,TIRO3,CONVERTIDO,Z10-IZ,8.46,88.86
v2OAVSrGA5IG0pbA0PjvpMf3dwZCUKIyPxsSQdNQJPy2gLZCmKWfokHA==,05/10/2026,QUIMSA,ATENAS (C),False,ATENAS (C),10,3,TIRO3,FALLADO,Z13-DE,70.77,79.79
v2OAVSrGA5IG0pbA0PjvpMf3dwZCUKIyPxsSQdNQJPy2gLZCmKWfokHA==,05/10/2026,QUIMSA,ATENAS (C),True,QUIMSA,41,3,TIRO2,FALLADO,Z1-IZ,17.54,51.55
v2OAVSrGA5IG0pbA0PjvpMf3dwZCUKIyPxsSQdNQJPy2gLZCmKWfokHA==,05/10/2026,QUIMSA,ATENAS (C),False,ATENAS (C),21,3,TIRO3,FALLADO,Z11-DE,63.85,34.97
v2OAVSrGA5IG0pbA0PjvpMf3dwZCUKIyPxsSQdNQJPy2gLZCmKWfokHA==,05/10/2026,QUIMSA,ATENAS (C),True,QUIMSA,22,3,TIRO2,CONVERTIDO,Z1-IZ,14.0,43.78
v2OAVSrGA5IG0pbA0PjvpMf3dwZCUKIyPxsSQdNQJPy2gLZCmKWfokHA==,05/10/2026,QUIMSA,ATENAS (C),True,QUIMSA,30,3,TIRO2,CONVERTIDO,Z1-IZ,12.62,43.26
v2OAVSrGA5IG0pbA0PjvpMf3dwZCUKIyPxsSQdNQJPy2gLZCmKWfokHA==,05/10/2026,QUIMSA,ATENAS (C),True,QUIMSA,10,3,TIRO2,FALLADO,Z2-IZ,11.54,76.68
v2OAVSrGA5IG0pbA0PjvpMf3dwZCUKIyPxsSQdNQJPy2gLZCmKWfokHA==,05/10/2026,QUIMSA,ATENAS (C),False,ATENAS (C),22,3,TIRO2,CONVERTIDO,Z1-DE,86.15,60.88
v2OAVSrGA5IG0pbA0PjvpMf3dwZCUKIyPxsSQdNQJPy2gLZCmKWfokHA==,05/10/2026,QUIMSA,ATENAS (C),False,ATENAS (C),20,3,TIRO2,FALLADO,Z1-DE,87.08,60.62
v2OAVSrGA5IG0pbA0PjvpMf3dwZCUKIyPxsSQdNQJPy2gLZCmKWfokHA==,05/10/2026,QUIMSA,ATENAS (C),True,QUIMSA,9,3,TIRO3,CONVERTIDO,Z11-IZ,23.54,83.94
v2OAVSrGA5IG0pbA0PjvpMf3dwZCUKIyPxsSQdNQJPy2gLZCmKWfokHA==,05/10/2026,QUIMSA,ATENAS (C),True,QUIMSA,10,3,TIRO3,CONVERTIDO,Z13-IZ,25.23,17.36
v2OAVSrGA5IG0pbA0PjvpMf3dwZCUKIyPxsSQdNQJPy2gLZCmKWfokHA==,05/10/2026,QUIMSA,ATENAS (C),False,ATENAS (C),21,3,TIRO3,CONVERTIDO,Z14-DE,92.15,89.38
v2OAVSrGA5IG0pbA0PjvpMf3dwZCUKIyPxsSQdNQJPy2gLZCmKWfokHA==,05/10/2026,QUIMSA,ATENAS (C),True,QUIMSA,30,3,TIRO3,CONVERTIDO,Z14-IZ,9.23,7.77
v2OAVSrGA5IG0pbA0PjvpMf3dwZCUKIyPxsSQdNQJPy2gLZCmKWfokHA==,05/10/2026,QUIMSA,ATENAS (C),False,ATENAS (C),22,3,TIRO2,CONVERTIDO,Z1-DE,87.08,46.37
v2OAVSrGA5IG0pbA0PjvpMf3dwZCUKIyPxsSQdNQJPy2gLZCmKWfokHA==,05/10/2026,QUIMSA,ATENAS (C),False,ATENAS (C),20,2,TIRO2,FALLADO,Z2-DE,87.54,32.64
v2OAVSrGA5IG0pbA0PjvpMf3dwZCUKIyPxsSQdNQJPy2gLZCmKWfokHA==,05/10/2026,QUIMSA,ATENAS (C),False,ATENAS (C),21,2,TIRO2,CONVERTIDO,Z1-DE,86.31,40.93
v2OAVSrGA5IG0pbA0PjvpMf3dwZCUKIyPxsSQdNQJPy2gLZCmKWfokHA==,05/10/2026,QUIMSA,ATENAS (C),False,ATENAS (C),6,2,TIRO3,FALLADO,Z12-DE,63.38,40.16
v2OAVSrGA5IG0pbA0PjvpMf3dwZCUKIyPxsSQdNQJPy2gLZCmKWfokHA==,05/10/2026,QUIMSA,ATENAS (C),True,QUIMSA,22,2,TIRO3,CONVERTIDO,Z13-IZ,29.54,21.76
v2OAVSrGA5IG0pbA0PjvpMf3dwZCUKIyPxsSQdNQJPy2gLZCmKWfokHA==,05/10/2026,QUIMSA,ATENAS (C),True,QUIMSA,10,2,TIRO2,CONVERTIDO,Z3-IZ,22.62,48.45
v2OAVSrGA5IG0pbA0PjvpMf3dwZCUKIyPxsSQdNQJPy2gLZCmKWfokHA==,05/10/2026,QUIMSA,ATENAS (C),True,QUIMSA,10,2,TIRO3,CONVERTIDO,Z14-IZ,9.69,10.36
v2OAVSrGA5IG0pbA0PjvpMf3dwZCUKIyPxsSQdNQJPy2gLZCmKWfokHA==,05/10/2026,QUIMSA,ATENAS (C),False,ATENAS (C),12,2,TIRO3,FALLADO,Z14-DE,91.69,91.19
v2OAVSrGA5IG0pbA0PjvpMf3dwZCUKIyPxsSQdNQJPy2gLZCmKWfokHA==,05/10/2026,QUIMSA,ATENAS (C),True,QUIMSA,10,2,TIRO3,CONVERTIDO,Z13-IZ,30.46,24.61
v2OAVSrGA5IG0pbA0PjvpMf3dwZCUKIyPxsSQdNQJPy2gLZCmKWfokHA==,05/10/2026,QUIMSA,ATENAS (C),False,ATENAS (C),20,2,TIRO3,FALLADO,Z12-DE,65.08,57.25
v2OAVSrGA5IG0pbA0PjvpMf3dwZCUKIyPxsSQdNQJPy2gLZCmKWfokHA==,05/10/2026,QUIMSA,ATENAS (C),True,QUIMSA,2,2,TIRO3,FALLADO,Z10-IZ,9.08,92.23
v2OAVSrGA5IG0pbA0PjvpMf3dwZCUKIyPxsSQdNQJPy2gLZCmKWfokHA==,05/10/2026,QUIMSA,ATENAS (C),False,ATENAS (C),21,2,TIRO2,FALLADO,Z5-DE,88.92,18.39
v2OAVSrGA5IG0pbA0PjvpMf3dwZCUKIyPxsSQdNQJPy2gLZCmKWfokHA==,05/10/2026,QUIMSA,ATENAS (C),True,QUIMSA,41,2,TIRO2,CONVERTIDO,Z1-IZ,10.15,59.07
v2OAVSrGA5IG0pbA0PjvpMf3dwZCUKIyPxsSQdNQJPy2gLZCmKWfokHA==,05/10/2026,QUIMSA,ATENAS (C),True,QUIMSA,10,2,TIRO3,CONVERTIDO,Z14-IZ,9.23,10.36
v2OAVSrGA5IG0pbA0PjvpMf3dwZCUKIyPxsSQdNQJPy2gLZCmKWfokHA==,05/10/2026,QUIMSA,ATENAS (C),True,QUIMSA,2,2,TIRO3,FALLADO,Z11-IZ,31.54,74.35
v2OAVSrGA5IG0pbA0PjvpMf3dwZCUKIyPxsSQdNQJPy2gLZCmKWfokHA==,05/10/2026,QUIMSA,ATENAS (C),False,ATENAS (C),20,2,TIRO2,CONVERTIDO,Z1-DE,86.92,53.37
v2OAVSrGA5IG0pbA0PjvpMf3dwZCUKIyPxsSQdNQJPy2gLZCmKWfokHA==,05/10/2026,QUIMSA,ATENAS (C),False,ATENAS (C),21,2,TIRO3,CONVERTIDO,Z11-DE,80.92,11.92
v2OAVSrGA5IG0pbA0PjvpMf3dwZCUKIyPxsSQdNQJPy2gLZCmKWfokHA==,05/10/2026,QUIMSA,ATENAS (C),True,QUIMSA,41,2,TIRO2,CONVERTIDO,Z2-IZ,13.69,62.69
v2OAVSrGA5IG0pbA0PjvpMf3dwZCUKIyPxsSQdNQJPy2gLZCmKWfokHA==,05/10/2026,QUIMSA,ATENAS (C),True,QUIMSA,6,2,TIRO2,FALLADO,Z1-IZ,14.15,58.81
v2OAVSrGA5IG0pbA0PjvpMf3dwZCUKIyPxsSQdNQJPy2gLZCmKWfokHA==,05/10/2026,QUIMSA,ATENAS (C),False,ATENAS (C),21,2,TIRO2,CONVERTIDO,Z4-DE,79.69,65.54
v2OAVSrGA5IG0pbA0PjvpMf3dwZCUKIyPxsSQdNQJPy2gLZCmKWfokHA==,05/10/2026,QUIMSA,ATENAS (C),False,ATENAS (C),8,2,TIRO3,CONVERTIDO,Z12-DE,63.85,44.56
v2OAVSrGA5IG0pbA0PjvpMf3dwZCUKIyPxsSQdNQJPy2gLZCmKWfokHA==,05/10/2026,QUIMSA,ATENAS (C),True,QUIMSA,10,2,TIRO2,CONVERTIDO,Z1-IZ,16.77,49.22
v2OAVSrGA5IG0pbA0PjvpMf3dwZCUKIyPxsSQdNQJPy2gLZCmKWfokHA==,05/10/2026,QUIMSA,ATENAS (C),True,QUIMSA,2,2,TIRO2,FALLADO,Z4-IZ,11.54,31.61
v2OAVSrGA5IG0pbA0PjvpMf3dwZCUKIyPxsSQdNQJPy2gLZCmKWfokHA==,05/10/2026,QUIMSA,ATENAS (C),True,QUIMSA,9,2,TIRO2,CONVERTIDO,Z1-IZ,13.38,43.78
v2OAVSrGA5IG0pbA0PjvpMf3dwZCUKIyPxsSQdNQJPy2gLZCmKWfokHA==,05/10/2026,QUIMSA,ATENAS (C),False,ATENAS (C),22,2,TIRO2,CONVERTIDO,Z1-DE,86.62,56.22
v2OAVSrGA5IG0pbA0PjvpMf3dwZCUKIyPxsSQdNQJPy2gLZCmKWfokHA==,05/10/2026,QUIMSA,ATENAS (C),False,ATENAS (C),6,2,TIRO2,CONVERTIDO,Z3-DE,78.46,58.81
v2OAVSrGA5IG0pbA0PjvpMf3dwZCUKIyPxsSQdNQJPy2gLZCmKWfokHA==,05/10/2026,QUIMSA,ATENAS (C),True,QUIMSA,22,2,TIRO2,CONVERTIDO,Z1-IZ,12.0,59.59
v2OAVSrGA5IG0pbA0PjvpMf3dwZCUKIyPxsSQdNQJPy2gLZCmKWfokHA==,05/10/2026,QUIMSA,ATENAS (C),True,QUIMSA,2,2,TIRO3,FALLADO,Z12-IZ,35.85,48.96
v2OAVSrGA5IG0pbA0PjvpMf3dwZCUKIyPxsSQdNQJPy2gLZCmKWfokHA==,05/10/2026,QUIMSA,ATENAS (C),False,ATENAS (C),12,2,TIRO3,CONVERTIDO,Z10-DE,92.15,10.88
v2OAVSrGA5IG0pbA0PjvpMf3dwZCUKIyPxsSQdNQJPy2gLZCmKWfokHA==,05/10/2026,QUIMSA,ATENAS (C),True,QUIMSA,22,2,TIRO3,FALLADO,Z12-IZ,36.0,51.3
v2OAVSrGA5IG0pbA0PjvpMf3dwZCUKIyPxsSQdNQJPy2gLZCmKWfokHA==,05/10/2026,QUIMSA,ATENAS (C),False,ATENAS (C),20,2,TIRO2,CONVERTIDO,Z1-DE,86.62,57.51
v2OAVSrGA5IG0pbA0PjvpMf3dwZCUKIyPxsSQdNQJPy2gLZCmKWfokHA==,05/10/2026,QUIMSA,ATENAS (C),True,QUIMSA,30,2,TIRO2,FALLADO,Z1-IZ,13.23,43.78
v2OAVSrGA5IG0pbA0PjvpMf3dwZCUKIyPxsSQdNQJPy2gLZCmKWfokHA==,05/10/2026,QUIMSA,ATENAS (C),False,ATENAS (C),12,2,TIRO2,FALLADO,Z1-DE,84.77,51.81
v2OAVSrGA5IG0pbA0PjvpMf3dwZCUKIyPxsSQdNQJPy2gLZCmKWfokHA==,05/10/2026,QUIMSA,ATENAS (C),False,ATENAS (C),20,1,TIRO3,FALLADO,Z11-DE,77.85,11.66
v2OAVSrGA5IG0pbA0PjvpMf3dwZCUKIyPxsSQdNQJPy2gLZCmKWfokHA==,05/10/2026,QUIMSA,ATENAS (C),True,QUIMSA,6,1,TIRO3,CONVERTIDO,Z12-IZ,36.46,53.63
v2OAVSrGA5IG0pbA0PjvpMf3dwZCUKIyPxsSQdNQJPy2gLZCmKWfokHA==,05/10/2026,QUIMSA,ATENAS (C),False,ATENAS (C),20,1,TIRO3,FALLADO,Z14-DE,90.77,89.9
v2OAVSrGA5IG0pbA0PjvpMf3dwZCUKIyPxsSQdNQJPy2gLZCmKWfokHA==,05/10/2026,QUIMSA,ATENAS (C),False,ATENAS (C),10,1,TIRO3,FALLADO,Z10-DE,91.54,10.62
v2OAVSrGA5IG0pbA0PjvpMf3dwZCUKIyPxsSQdNQJPy2gLZCmKWfokHA==,05/10/2026,QUIMSA,ATENAS (C),True,QUIMSA,30,1,TIRO2,FALLADO,Z1-IZ,13.38,44.04
v2OAVSrGA5IG0pbA0PjvpMf3dwZCUKIyPxsSQdNQJPy2gLZCmKWfokHA==,05/10/2026,QUIMSA,ATENAS (C),False,ATENAS (C),8,1,TIRO3,FALLADO,Z13-DE,67.54,69.17
v2OAVSrGA5IG0pbA0PjvpMf3dwZCUKIyPxsSQdNQJPy2gLZCmKWfokHA==,05/10/2026,QUIMSA,ATENAS (C),True,QUIMSA,12,1,TIRO3,CONVERTIDO,Z11-IZ,26.62,81.35
v2OAVSrGA5IG0pbA0PjvpMf3dwZCUKIyPxsSQdNQJPy2gLZCmKWfokHA==,05/10/2026,QUIMSA,ATENAS (C),False,ATENAS (C),21,1,TIRO2,CONVERTIDO,Z1-DE,88.46,57.25
v2OAVSrGA5IG0pbA0PjvpMf3dwZCUKIyPxsSQdNQJPy2gLZCmKWfokHA==,05/10/2026,QUIMSA,ATENAS (C),True,QUIMSA,12,1,TIRO2,FALLADO,Z1-IZ,14.31,47.15
v2OAVSrGA5IG0pbA0PjvpMf3dwZCUKIyPxsSQdNQJPy2gLZCmKWfokHA==,05/10/2026,QUIMSA,ATENAS (C),False,ATENAS (C),12,1,TIRO2,FALLADO,Z1-DE,86.15,57.51
v2OAVSrGA5IG0pbA0PjvpMf3dwZCUKIyPxsSQdNQJPy2gLZCmKWfokHA==,05/10/2026,QUIMSA,ATENAS (C),True,QUIMSA,83,1,TIRO2,CONVERTIDO,Z1-IZ,15.08,50.78
v2OAVSrGA5IG0pbA0PjvpMf3dwZCUKIyPxsSQdNQJPy2gLZCmKWfokHA==,05/10/2026,QUIMSA,ATENAS (C),False,ATENAS (C),21,1,TIRO2,CONVERTIDO,Z1-DE,86.77,56.74
v2OAVSrGA5IG0pbA0PjvpMf3dwZCUKIyPxsSQdNQJPy2gLZCmKWfokHA==,05/10/2026,QUIMSA,ATENAS (C),False,ATENAS (C),6,1,TIRO3,CONVERTIDO,Z13-DE,78.77,87.56
v2OAVSrGA5IG0pbA0PjvpMf3dwZCUKIyPxsSQdNQJPy2gLZCmKWfokHA==,05/10/2026,QUIMSA,ATENAS (C),True,QUIMSA,6,1,TIRO2,CONVERTIDO,Z3-IZ,24.0,50.26
v2OAVSrGA5IG0pbA0PjvpMf3dwZCUKIyPxsSQdNQJPy2gLZCmKWfokHA==,05/10/2026,QUIMSA,ATENAS (C),False,ATENAS (C),10,1,TIRO2,CONVERTIDO,Z2-DE,82.62,38.86
v2OAVSrGA5IG0pbA0PjvpMf3dwZCUKIyPxsSQdNQJPy2gLZCmKWfokHA==,05/10/2026,QUIMSA,ATENAS (C),False,ATENAS (C),8,1,TIRO2,CONVERTIDO,Z1-DE,84.46,58.81
v2OAVSrGA5IG0pbA0PjvpMf3dwZCUKIyPxsSQdNQJPy2gLZCmKWfokHA==,05/10/2026,QUIMSA,ATENAS (C),True,QUIMSA,12,1,TIRO3,FALLADO,Z11-IZ,34.31,73.06
v2OAVSrGA5IG0pbA0PjvpMf3dwZCUKIyPxsSQdNQJPy2gLZCmKWfokHA==,05/10/2026,QUIMSA,ATENAS (C),False,ATENAS (C),12,1,TIRO2,FALLADO,Z1-DE,85.54,39.38
v2OAVSrGA5IG0pbA0PjvpMf3dwZCUKIyPxsSQdNQJPy2gLZCmKWfokHA==,05/10/2026,QUIMSA,ATENAS (C),False,ATENAS (C),21,1,TIRO2,FALLADO,Z4-DE,84.92,65.03
v2OAVSrGA5IG0pbA0PjvpMf3dwZCUKIyPxsSQdNQJPy2gLZCmKWfokHA==,05/10/2026,QUIMSA,ATENAS (C),False,ATENAS (C),6,1,TIRO3,FALLADO,Z13-DE,68.46,71.24
v2OAVSrGA5IG0pbA0PjvpMf3dwZCUKIyPxsSQdNQJPy2gLZCmKWfokHA==,05/10/2026,QUIMSA,ATENAS (C),True,QUIMSA,6,1,TIRO2,CONVERTIDO,Z2-IZ,17.54,60.36
v2OAVSrGA5IG0pbA0PjvpMf3dwZCUKIyPxsSQdNQJPy2gLZCmKWfokHA==,05/10/2026,QUIMSA,ATENAS (C),True,QUIMSA,10,1,TIRO3,FALLADO,Z12-IZ,36.31,45.6
v2OAVSrGA5IG0pbA0PjvpMf3dwZCUKIyPxsSQdNQJPy2gLZCmKWfokHA==,05/10/2026,QUIMSA,ATENAS (C),False,ATENAS (C),20,1,TIRO2,CONVERTIDO,Z1-DE,85.85,57.25
v2OAVSrGA5IG0pbA0PjvpMf3dwZCUKIyPxsSQdNQJPy2gLZCmKWfokHA==,05/10/2026,QUIMSA,ATENAS (C),False,ATENAS (C),10,1,TIRO2,FALLADO,Z1-DE,85.85,56.48
v2OAVSrGA5IG0pbA0PjvpMf3dwZCUKIyPxsSQdNQJPy2gLZCmKWfokHA==,05/10/2026,QUIMSA,ATENAS (C),False,ATENAS (C),20,1,TIRO2,CONVERTIDO,Z1-DE,87.54,57.25
v2OAVSrGA5IG0pbA0PjvpMf3dwZCUKIyPxsSQdNQJPy2gLZCmKWfokHA==,05/10/2026,QUIMSA,ATENAS (C),True,QUIMSA,9,1,TIRO3,CONVERTIDO,Z13-IZ,30.62,23.83
v2OAVSrGA5IG0pbA0PjvpMf3dwZCUKIyPxsSQdNQJPy2gLZCmKWfokHA==,05/10/2026,QUIMSA,ATENAS (C),False,ATENAS (C),6,1,TIRO2,CONVERTIDO,Z1-DE,86.31,59.59
v2OAVSrGA5IG0pbA0PjvpMf3dwZCUKIyPxsSQdNQJPy2gLZCmKWfokHA==,05/10/2026,QUIMSA,ATENAS (C),True,QUIMSA,10,1,TIRO3,FALLADO,Z13-IZ,26.31,16.58
v2OAVSrGA5IG0pbA0PjvpMf3dwZCUKIyPxsSQdNQJPy2gLZCmKWfokHA==,05/10/2026,QUIMSA,ATENAS (C),False,ATENAS (C),22,1,TIRO2,CONVERTIDO,Z1-DE,87.38,57.51
v2OAVSrGA5IG0pbA0PjvpMf3dwZCUKIyPxsSQdNQJPy2gLZCmKWfokHA==,05/10/2026,QUIMSA,ATENAS (C),False,ATENAS (C),20,1,TIRO2,FALLADO,Z1-DE,85.23,43.01
v2OAVSrGA5IG0pbA0PjvpMf3dwZCUKIyPxsSQdNQJPy2gLZCmKWfokHA==,05/10/2026,QUIMSA,ATENAS (C),True,QUIMSA,2,1,TIRO3,FALLADO,Z13-IZ,30.15,22.28
v22ZauOlupkQvM5W9SsWzF1Xr87nAbdVEp7Bicl8gWJ7BYO6j5kwGqZQ==,06/10/2026,PLATENSE,LA UNION FSA,False,LA UNION FSA,15,4,TIRO2,CONVERTIDO,Z3-DE,82.03,54.7
v22ZauOlupkQvM5W9SsWzF1Xr87nAbdVEp7Bicl8gWJ7BYO6j5kwGqZQ==,06/10/2026,PLATENSE,LA UNION FSA,True,PLATENSE,15,4,TIRO3,CONVERTIDO,Z13-IZ,34.82,21.88
v22ZauOlupkQvM5W9SsWzF1Xr87nAbdVEp7Bicl8gWJ7BYO6j5kwGqZQ==,06/10/2026,PLATENSE,LA UNION FSA,True,PLATENSE,7,4,TIRO3,CONVERTIDO,Z12-IZ,41.52,38.29
v22ZauOlupkQvM5W9SsWzF1Xr87nAbdVEp7Bicl8gWJ7BYO6j5kwGqZQ==,06/10/2026,PLATENSE,LA UNION FSA,False,LA UNION FSA,6,4,TIRO3,FALLADO,Z13-DE,70.76,80.68
v22ZauOlupkQvM5W9SsWzF1Xr87nAbdVEp7Bicl8gWJ7BYO6j5kwGqZQ==,06/10/2026,PLATENSE,LA UNION FSA,True,PLATENSE,9,4,TIRO3,FALLADO,Z13-IZ,23.55,12.82
v22ZauOlupkQvM5W9SsWzF1Xr87nAbdVEp7Bicl8gWJ7BYO6j5kwGqZQ==,06/10/2026,PLATENSE,LA UNION FSA,False,LA UNION FSA,2,4,TIRO2,FALLADO,Z4-DE,88.32,64.62
v22ZauOlupkQvM5W9SsWzF1Xr87nAbdVEp7Bicl8gWJ7BYO6j5kwGqZQ==,06/10/2026,PLATENSE,LA UNION FSA,True,PLATENSE,12,4,TIRO2,FALLADO,Z2-IZ,16.04,58.8
v22ZauOlupkQvM5W9SsWzF1Xr87nAbdVEp7Bicl8gWJ7BYO6j5kwGqZQ==,06/10/2026,PLATENSE,LA UNION FSA,True,PLATENSE,10,4,TIRO3,FALLADO,Z11-IZ,28.83,84.44
v22ZauOlupkQvM5W9SsWzF1Xr87nAbdVEp7Bicl8gWJ7BYO6j5kwGqZQ==,06/10/2026,PLATENSE,LA UNION FSA,False,LA UNION FSA,4,4,TIRO3,FALLADO,Z11-DE,65.38,21.2
v22ZauOlupkQvM5W9SsWzF1Xr87nAbdVEp7Bicl8gWJ7BYO6j5kwGqZQ==,06/10/2026,PLATENSE,LA UNION FSA,True,PLATENSE,10,4,TIRO2,CONVERTIDO,Z1-IZ,14.52,58.29
v22ZauOlupkQvM5W9SsWzF1Xr87nAbdVEp7Bicl8gWJ7BYO6j5kwGqZQ==,06/10/2026,PLATENSE,LA UNION FSA,False,LA UNION FSA,4,4,TIRO2,CONVERTIDO,Z1-DE,88.02,42.74
v22ZauOlupkQvM5W9SsWzF1Xr87nAbdVEp7Bicl8gWJ7BYO6j5kwGqZQ==,06/10/2026,PLATENSE,LA UNION FSA,True,PLATENSE,22,4,TIRO2,CONVERTIDO,Z1-IZ,13.2,52.31
v22ZauOlupkQvM5W9SsWzF1Xr87nAbdVEp7Bicl8gWJ7BYO6j5kwGqZQ==,06/10/2026,PLATENSE,LA UNION FSA,False,LA UNION FSA,17,4,TIRO2,CONVERTIDO,Z1-DE,86.4,51.28
v22ZauOlupkQvM5W9SsWzF1Xr87nAbdVEp7Bicl8gWJ7BYO6j5kwGqZQ==,06/10/2026,PLATENSE,LA UNION FSA,True,PLATENSE,7,4,TIRO3,CONVERTIDO,Z13-IZ,27.61,16.58
v22ZauOlupkQvM5W9SsWzF1Xr87nAbdVEp7Bicl8gWJ7BYO6j5kwGqZQ==,06/10/2026,PLATENSE,LA UNION FSA,True,PLATENSE,10,4,TIRO2,CONVERTIDO,Z1-IZ,13.4,61.37
v22ZauOlupkQvM5W9SsWzF1Xr87nAbdVEp7Bicl8gWJ7BYO6j5kwGqZQ==,06/10/2026,PLATENSE,LA UNION FSA,False,LA UNION FSA,0,4,TIRO3,FALLADO,Z12-DE,60.81,41.2
v22ZauOlupkQvM5W9SsWzF1Xr87nAbdVEp7Bicl8gWJ7BYO6j5kwGqZQ==,06/10/2026,PLATENSE,LA UNION FSA,True,PLATENSE,22,4,TIRO2,CONVERTIDO,Z1-IZ,11.57,48.72
v22ZauOlupkQvM5W9SsWzF1Xr87nAbdVEp7Bicl8gWJ7BYO6j5kwGqZQ==,06/10/2026,PLATENSE,LA UNION FSA,True,PLATENSE,9,4,TIRO2,FALLADO,Z3-IZ,18.48,58.12
v22ZauOlupkQvM5W9SsWzF1Xr87nAbdVEp7Bicl8gWJ7BYO6j5kwGqZQ==,06/10/2026,PLATENSE,LA UNION FSA,True,PLATENSE,10,4,TIRO3,FALLADO,Z11-IZ,33.71,75.73
v22ZauOlupkQvM5W9SsWzF1Xr87nAbdVEp7Bicl8gWJ7BYO6j5kwGqZQ==,06/10/2026,PLATENSE,LA UNION FSA,True,PLATENSE,12,4,TIRO2,CONVERTIDO,Z1-IZ,11.78,59.49
v22ZauOlupkQvM5W9SsWzF1Xr87nAbdVEp7Bicl8gWJ7BYO6j5kwGqZQ==,06/10/2026,PLATENSE,LA UNION FSA,False,LA UNION FSA,2,4,TIRO2,CONVERTIDO,Z2-DE,86.7,31.28
v22ZauOlupkQvM5W9SsWzF1Xr87nAbdVEp7Bicl8gWJ7BYO6j5kwGqZQ==,06/10/2026,PLATENSE,LA UNION FSA,True,PLATENSE,10,4,TIRO2,CONVERTIDO,Z1-IZ,16.45,46.67
v22ZauOlupkQvM5W9SsWzF1Xr87nAbdVEp7Bicl8gWJ7BYO6j5kwGqZQ==,06/10/2026,PLATENSE,LA UNION FSA,False,LA UNION FSA,0,4,TIRO2,FALLADO,Z1-DE,85.69,45.47
v22ZauOlupkQvM5W9SsWzF1Xr87nAbdVEp7Bicl8gWJ7BYO6j5kwGqZQ==,06/10/2026,PLATENSE,LA UNION FSA,False,LA UNION FSA,0,4,TIRO2,CONVERTIDO,Z1-DE,88.43,48.72
v22ZauOlupkQvM5W9SsWzF1Xr87nAbdVEp7Bicl8gWJ7BYO6j5kwGqZQ==,06/10/2026,PLATENSE,LA UNION FSA,True,PLATENSE,9,4,TIRO3,FALLADO,Z13-IZ,30.56,22.74
v22ZauOlupkQvM5W9SsWzF1Xr87nAbdVEp7Bicl8gWJ7BYO6j5kwGqZQ==,06/10/2026,PLATENSE,LA UNION FSA,False,LA UNION FSA,6,4,TIRO3,FALLADO,Z13-DE,72.28,82.39
v22ZauOlupkQvM5W9SsWzF1Xr87nAbdVEp7Bicl8gWJ7BYO6j5kwGqZQ==,06/10/2026,PLATENSE,LA UNION FSA,True,PLATENSE,9,4,TIRO3,CONVERTIDO,Z11-IZ,30.25,81.37
v22ZauOlupkQvM5W9SsWzF1Xr87nAbdVEp7Bicl8gWJ7BYO6j5kwGqZQ==,06/10/2026,PLATENSE,LA UNION FSA,True,PLATENSE,12,4,TIRO2,FALLADO,Z1-IZ,15.53,59.49
v22ZauOlupkQvM5W9SsWzF1Xr87nAbdVEp7Bicl8gWJ7BYO6j5kwGqZQ==,06/10/2026,PLATENSE,LA UNION FSA,False,LA UNION FSA,7,4,TIRO2,FALLADO,Z5-DE,87.92,19.32
v22ZauOlupkQvM5W9SsWzF1Xr87nAbdVEp7Bicl8gWJ7BYO6j5kwGqZQ==,06/10/2026,PLATENSE,LA UNION FSA,False,LA UNION FSA,15,4,TIRO2,CONVERTIDO,Z1-DE,85.99,60.34
v22ZauOlupkQvM5W9SsWzF1Xr87nAbdVEp7Bicl8gWJ7BYO6j5kwGqZQ==,06/10/2026,PLATENSE,LA UNION FSA,True,PLATENSE,12,3,TIRO2,FALLADO,Z1-IZ,10.96,46.5
v22ZauOlupkQvM5W9SsWzF1Xr87nAbdVEp7Bicl8gWJ7BYO6j5kwGqZQ==,06/10/2026,PLATENSE,LA UNION FSA,True,PLATENSE,10,3,TIRO3,CONVERTIDO,Z13-IZ,29.34,19.66
v22ZauOlupkQvM5W9SsWzF1Xr87nAbdVEp7Bicl8gWJ7BYO6j5kwGqZQ==,06/10/2026,PLATENSE,LA UNION FSA,False,LA UNION FSA,15,3,TIRO3,CONVERTIDO,Z13-DE,66.29,76.07
v22ZauOlupkQvM5W9SsWzF1Xr87nAbdVEp7Bicl8gWJ7BYO6j5kwGqZQ==,06/10/2026,PLATENSE,LA UNION FSA,False,LA UNION FSA,0,3,TIRO2,FALLADO,Z4-DE,91.17,64.1
v22ZauOlupkQvM5W9SsWzF1Xr87nAbdVEp7Bicl8gWJ7BYO6j5kwGqZQ==,06/10/2026,PLATENSE,LA UNION FSA,True,PLATENSE,22,3,TIRO2,CONVERTIDO,Z1-IZ,12.28,52.82
v22ZauOlupkQvM5W9SsWzF1Xr87nAbdVEp7Bicl8gWJ7BYO6j5kwGqZQ==,06/10/2026,PLATENSE,LA UNION FSA,True,PLATENSE,10,3,TIRO2,FALLADO,Z1-IZ,15.53,57.09
v22ZauOlupkQvM5W9SsWzF1Xr87nAbdVEp7Bicl8gWJ7BYO6j5kwGqZQ==,06/10/2026,PLATENSE,LA UNION FSA,False,LA UNION FSA,6,3,TIRO2,FALLADO,Z1-DE,87.82,60.17
v22ZauOlupkQvM5W9SsWzF1Xr87nAbdVEp7Bicl8gWJ7BYO6j5kwGqZQ==,06/10/2026,PLATENSE,LA UNION FSA,True,PLATENSE,10,3,TIRO2,CONVERTIDO,Z1-IZ,11.57,42.39
v22ZauOlupkQvM5W9SsWzF1Xr87nAbdVEp7Bicl8gWJ7BYO6j5kwGqZQ==,06/10/2026,PLATENSE,LA UNION FSA,True,PLATENSE,9,3,TIRO3,CONVERTIDO,Z11-IZ,32.69,75.9
v22ZauOlupkQvM5W9SsWzF1Xr87nAbdVEp7Bicl8gWJ7BYO6j5kwGqZQ==,06/10/2026,PLATENSE,LA UNION FSA,True,PLATENSE,7,3,TIRO3,FALLADO,Z13-IZ,37.06,30.43
v22ZauOlupkQvM5W9SsWzF1Xr87nAbdVEp7Bicl8gWJ7BYO6j5kwGqZQ==,06/10/2026,PLATENSE,LA UNION FSA,True,PLATENSE,10,3,TIRO3,FALLADO,Z13-IZ,30.96,20.17
v22ZauOlupkQvM5W9SsWzF1Xr87nAbdVEp7Bicl8gWJ7BYO6j5kwGqZQ==,06/10/2026,PLATENSE,LA UNION FSA,False,LA UNION FSA,15,3,TIRO2,CONVERTIDO,Z1-DE,86.9,45.47
v22ZauOlupkQvM5W9SsWzF1Xr87nAbdVEp7Bicl8gWJ7BYO6j5kwGqZQ==,06/10/2026,PLATENSE,LA UNION FSA,False,LA UNION FSA,6,3,TIRO2,FALLADO,Z1-DE,83.76,43.93
v22ZauOlupkQvM5W9SsWzF1Xr87nAbdVEp7Bicl8gWJ7BYO6j5kwGqZQ==,06/10/2026,PLATENSE,LA UNION FSA,False,LA UNION FSA,9,3,TIRO3,CONVERTIDO,Z13-DE,69.64,77.95
v22ZauOlupkQvM5W9SsWzF1Xr87nAbdVEp7Bicl8gWJ7BYO6j5kwGqZQ==,06/10/2026,PLATENSE,LA UNION FSA,True,PLATENSE,13,3,TIRO3,FALLADO,Z13-IZ,29.64,17.95
v22ZauOlupkQvM5W9SsWzF1Xr87nAbdVEp7Bicl8gWJ7BYO6j5kwGqZQ==,06/10/2026,PLATENSE,LA UNION FSA,False,LA UNION FSA,0,3,TIRO3,FALLADO,Z11-DE,67.51,19.32
v22ZauOlupkQvM5W9SsWzF1Xr87nAbdVEp7Bicl8gWJ7BYO6j5kwGqZQ==,06/10/2026,PLATENSE,LA UNION FSA,True,PLATENSE,13,3,TIRO3,FALLADO,Z13-IZ,32.08,18.97
v22ZauOlupkQvM5W9SsWzF1Xr87nAbdVEp7Bicl8gWJ7BYO6j5kwGqZQ==,06/10/2026,PLATENSE,LA UNION FSA,True,PLATENSE,30,3,TIRO2,CONVERTIDO,Z1-IZ,11.57,54.87
v22ZauOlupkQvM5W9SsWzF1Xr87nAbdVEp7Bicl8gWJ7BYO6j5kwGqZQ==,06/10/2026,PLATENSE,LA UNION FSA,True,PLATENSE,7,3,TIRO3,FALLADO,Z11-IZ,33.5,79.32
v22ZauOlupkQvM5W9SsWzF1Xr87nAbdVEp7Bicl8gWJ7BYO6j5kwGqZQ==,06/10/2026,PLATENSE,LA UNION FSA,False,LA UNION FSA,7,3,TIRO3,FALLADO,Z13-DE,70.46,80.68
v22ZauOlupkQvM5W9SsWzF1Xr87nAbdVEp7Bicl8gWJ7BYO6j5kwGqZQ==,06/10/2026,PLATENSE,LA UNION FSA,True,PLATENSE,22,3,TIRO2,CONVERTIDO,Z1-IZ,13.91,55.38
v22ZauOlupkQvM5W9SsWzF1Xr87nAbdVEp7Bicl8gWJ7BYO6j5kwGqZQ==,06/10/2026,PLATENSE,LA UNION FSA,False,LA UNION FSA,6,3,TIRO3,CONVERTIDO,Z12-DE,62.03,50.94
v22ZauOlupkQvM5W9SsWzF1Xr87nAbdVEp7Bicl8gWJ7BYO6j5kwGqZQ==,06/10/2026,PLATENSE,LA UNION FSA,False,LA UNION FSA,15,3,TIRO3,FALLADO,Z11-DE,67.31,22.56
v22ZauOlupkQvM5W9SsWzF1Xr87nAbdVEp7Bicl8gWJ7BYO6j5kwGqZQ==,06/10/2026,PLATENSE,LA UNION FSA,True,PLATENSE,22,3,TIRO2,FALLADO,Z3-IZ,18.48,57.95
v22ZauOlupkQvM5W9SsWzF1Xr87nAbdVEp7Bicl8gWJ7BYO6j5kwGqZQ==,06/10/2026,PLATENSE,LA UNION FSA,True,PLATENSE,13,3,TIRO3,FALLADO,Z11-IZ,30.56,82.56
v22ZauOlupkQvM5W9SsWzF1Xr87nAbdVEp7Bicl8gWJ7BYO6j5kwGqZQ==,06/10/2026,PLATENSE,LA UNION FSA,False,LA UNION FSA,0,3,TIRO2,CONVERTIDO,Z1-DE,88.53,50.09
v22ZauOlupkQvM5W9SsWzF1Xr87nAbdVEp7Bicl8gWJ7BYO6j5kwGqZQ==,06/10/2026,PLATENSE,LA UNION FSA,True,PLATENSE,30,3,TIRO2,CONVERTIDO,Z1-IZ,11.78,48.03
v22ZauOlupkQvM5W9SsWzF1Xr87nAbdVEp7Bicl8gWJ7BYO6j5kwGqZQ==,06/10/2026,PLATENSE,LA UNION FSA,True,PLATENSE,30,3,TIRO2,FALLADO,Z4-IZ,16.85,27.35
v22ZauOlupkQvM5W9SsWzF1Xr87nAbdVEp7Bicl8gWJ7BYO6j5kwGqZQ==,06/10/2026,PLATENSE,LA UNION FSA,False,LA UNION FSA,7,3,TIRO3,CONVERTIDO,Z11-DE,69.44,18.63
v22ZauOlupkQvM5W9SsWzF1Xr87nAbdVEp7Bicl8gWJ7BYO6j5kwGqZQ==,06/10/2026,PLATENSE,LA UNION FSA,True,PLATENSE,12,2,TIRO2,FALLADO,Z3-IZ,18.17,55.38
v22ZauOlupkQvM5W9SsWzF1Xr87nAbdVEp7Bicl8gWJ7BYO6j5kwGqZQ==,06/10/2026,PLATENSE,LA UNION FSA,True,PLATENSE,12,2,TIRO3,FALLADO,Z13-IZ,33.4,24.96
v22ZauOlupkQvM5W9SsWzF1Xr87nAbdVEp7Bicl8gWJ7BYO6j5kwGqZQ==,06/10/2026,PLATENSE,LA UNION FSA,False,LA UNION FSA,9,2,TIRO3,CONVERTIDO,Z11-DE,70.76,18.97
v22ZauOlupkQvM5W9SsWzF1Xr87nAbdVEp7Bicl8gWJ7BYO6j5kwGqZQ==,06/10/2026,PLATENSE,LA UNION FSA,False,LA UNION FSA,15,2,TIRO2,FALLADO,Z4-DE,87.21,67.86
v22ZauOlupkQvM5W9SsWzF1Xr87nAbdVEp7Bicl8gWJ7BYO6j5kwGqZQ==,06/10/2026,PLATENSE,LA UNION FSA,False,LA UNION FSA,6,2,TIRO2,FALLADO,Z1-DE,87.51,56.75
v22ZauOlupkQvM5W9SsWzF1Xr87nAbdVEp7Bicl8gWJ7BYO6j5kwGqZQ==,06/10/2026,PLATENSE,LA UNION FSA,False,LA UNION FSA,4,2,TIRO2,CONVERTIDO,Z1-DE,87.51,57.61
v22ZauOlupkQvM5W9SsWzF1Xr87nAbdVEp7Bicl8gWJ7BYO6j5kwGqZQ==,06/10/2026,PLATENSE,LA UNION FSA,False,LA UNION FSA,15,2,TIRO2,CONVERTIDO,Z1-DE,83.55,42.56
v22ZauOlupkQvM5W9SsWzF1Xr87nAbdVEp7Bicl8gWJ7BYO6j5kwGqZQ==,06/10/2026,PLATENSE,LA UNION FSA,True,PLATENSE,12,2,TIRO3,CONVERTIDO,Z13-IZ,29.95,21.2
v22ZauOlupkQvM5W9SsWzF1Xr87nAbdVEp7Bicl8gWJ7BYO6j5kwGqZQ==,06/10/2026,PLATENSE,LA UNION FSA,False,LA UNION FSA,17,2,TIRO3,FALLADO,Z13-DE,67.11,80.85
v22ZauOlupkQvM5W9SsWzF1Xr87nAbdVEp7Bicl8gWJ7BYO6j5kwGqZQ==,06/10/2026,PLATENSE,LA UNION FSA,True,PLATENSE,30,2,TIRO3,CONVERTIDO,Z11-IZ,24.26,84.96
v22ZauOlupkQvM5W9SsWzF1Xr87nAbdVEp7Bicl8gWJ7BYO6j5kwGqZQ==,06/10/2026,PLATENSE,LA UNION FSA,False,LA UNION FSA,6,2,TIRO2,CONVERTIDO,Z1-DE,86.6,46.67
v22ZauOlupkQvM5W9SsWzF1Xr87nAbdVEp7Bicl8gWJ7BYO6j5kwGqZQ==,06/10/2026,PLATENSE,LA UNION FSA,True,PLATENSE,7,2,TIRO3,FALLADO,Z13-IZ,29.34,22.39
v22ZauOlupkQvM5W9SsWzF1Xr87nAbdVEp7Bicl8gWJ7BYO6j5kwGqZQ==,06/10/2026,PLATENSE,LA UNION FSA,True,PLATENSE,10,2,TIRO2,FALLADO,Z1-IZ,12.69,41.54
v22ZauOlupkQvM5W9SsWzF1Xr87nAbdVEp7Bicl8gWJ7BYO6j5kwGqZQ==,06/10/2026,PLATENSE,LA UNION FSA,True,PLATENSE,7,2,TIRO2,FALLADO,Z1-IZ,14.92,53.5
v22ZauOlupkQvM5W9SsWzF1Xr87nAbdVEp7Bicl8gWJ7BYO6j5kwGqZQ==,06/10/2026,PLATENSE,LA UNION FSA,True,PLATENSE,15,2,TIRO2,FALLADO,Z3-IZ,23.45,49.91
v22ZauOlupkQvM5W9SsWzF1Xr87nAbdVEp7Bicl8gWJ7BYO6j5kwGqZQ==,06/10/2026,PLATENSE,LA UNION FSA,False,LA UNION FSA,4,2,TIRO3,CONVERTIDO,Z13-DE,72.59,82.74
v22ZauOlupkQvM5W9SsWzF1Xr87nAbdVEp7Bicl8gWJ7BYO6j5kwGqZQ==,06/10/2026,PLATENSE,LA UNION FSA,True,PLATENSE,22,2,TIRO2,FALLADO,Z2-IZ,15.13,63.42
v22ZauOlupkQvM5W9SsWzF1Xr87nAbdVEp7Bicl8gWJ7BYO6j5kwGqZQ==,06/10/2026,PLATENSE,LA UNION FSA,False,LA UNION FSA,0,2,TIRO3,CONVERTIDO,Z13-DE,66.4,73.16
v22ZauOlupkQvM5W9SsWzF1Xr87nAbdVEp7Bicl8gWJ7BYO6j5kwGqZQ==,06/10/2026,PLATENSE,LA UNION FSA,True,PLATENSE,7,2,TIRO2,FALLADO,Z2-IZ,11.37,73.16
v22ZauOlupkQvM5W9SsWzF1Xr87nAbdVEp7Bicl8gWJ7BYO6j5kwGqZQ==,06/10/2026,PLATENSE,LA UNION FSA,True,PLATENSE,15,2,TIRO3,FALLADO,Z13-IZ,32.69,19.66
v22ZauOlupkQvM5W9SsWzF1Xr87nAbdVEp7Bicl8gWJ7BYO6j5kwGqZQ==,06/10/2026,PLATENSE,LA UNION FSA,False,LA UNION FSA,17,2,TIRO2,CONVERTIDO,Z1-DE,89.75,57.26
v22ZauOlupkQvM5W9SsWzF1Xr87nAbdVEp7Bicl8gWJ7BYO6j5kwGqZQ==,06/10/2026,PLATENSE,LA UNION FSA,False,LA UNION FSA,6,2,TIRO3,FALLADO,Z11-DE,70.36,18.29
v22ZauOlupkQvM5W9SsWzF1Xr87nAbdVEp7Bicl8gWJ7BYO6j5kwGqZQ==,06/10/2026,PLATENSE,LA UNION FSA,False,LA UNION FSA,7,2,TIRO3,CONVERTIDO,Z13-DE,67.92,72.99
v22ZauOlupkQvM5W9SsWzF1Xr87nAbdVEp7Bicl8gWJ7BYO6j5kwGqZQ==,06/10/2026,PLATENSE,LA UNION FSA,True,PLATENSE,9,2,TIRO2,CONVERTIDO,Z2-IZ,11.07,66.15
v22ZauOlupkQvM5W9SsWzF1Xr87nAbdVEp7Bicl8gWJ7BYO6j5kwGqZQ==,06/10/2026,PLATENSE,LA UNION FSA,False,LA UNION FSA,0,2,TIRO2,CONVERTIDO,Z1-DE,88.22,58.12
v22ZauOlupkQvM5W9SsWzF1Xr87nAbdVEp7Bicl8gWJ7BYO6j5kwGqZQ==,06/10/2026,PLATENSE,LA UNION FSA,False,LA UNION FSA,7,2,TIRO2,CONVERTIDO,Z1-DE,87.72,38.97
v22ZauOlupkQvM5W9SsWzF1Xr87nAbdVEp7Bicl8gWJ7BYO6j5kwGqZQ==,06/10/2026,PLATENSE,LA UNION FSA,True,PLATENSE,9,2,TIRO3,CONVERTIDO,Z11-IZ,25.28,86.5
v22ZauOlupkQvM5W9SsWzF1Xr87nAbdVEp7Bicl8gWJ7BYO6j5kwGqZQ==,06/10/2026,PLATENSE,LA UNION FSA,False,LA UNION FSA,0,1,TIRO3,FALLADO,Z13-DE,64.97,75.21
v22ZauOlupkQvM5W9SsWzF1Xr87nAbdVEp7Bicl8gWJ7BYO6j5kwGqZQ==,06/10/2026,PLATENSE,LA UNION FSA,True,PLATENSE,12,1,TIRO3,FALLADO,Z13-IZ,31.98,21.71
v22ZauOlupkQvM5W9SsWzF1Xr87nAbdVEp7Bicl8gWJ7BYO6j5kwGqZQ==,06/10/2026,PLATENSE,LA UNION FSA,False,LA UNION FSA,2,1,TIRO2,CONVERTIDO,Z1-DE,89.64,57.26
v22ZauOlupkQvM5W9SsWzF1Xr87nAbdVEp7Bicl8gWJ7BYO6j5kwGqZQ==,06/10/2026,PLATENSE,LA UNION FSA,True,PLATENSE,9,1,TIRO3,FALLADO,Z13-IZ,28.32,18.46
v22ZauOlupkQvM5W9SsWzF1Xr87nAbdVEp7Bicl8gWJ7BYO6j5kwGqZQ==,06/10/2026,PLATENSE,LA UNION FSA,False,LA UNION FSA,9,1,TIRO3,FALLADO,Z11-DE,69.95,18.97
v22ZauOlupkQvM5W9SsWzF1Xr87nAbdVEp7Bicl8gWJ7BYO6j5kwGqZQ==,06/10/2026,PLATENSE,LA UNION FSA,True,PLATENSE,12,1,TIRO2,CONVERTIDO,Z2-IZ,14.62,61.71
v22ZauOlupkQvM5W9SsWzF1Xr87nAbdVEp7Bicl8gWJ7BYO6j5kwGqZQ==,06/10/2026,PLATENSE,LA UNION FSA,False,LA UNION FSA,17,1,TIRO2,CONVERTIDO,Z1-DE,87.31,50.77
v22ZauOlupkQvM5W9SsWzF1Xr87nAbdVEp7Bicl8gWJ7BYO6j5kwGqZQ==,06/10/2026,PLATENSE,LA UNION FSA,True,PLATENSE,12,1,TIRO3,CONVERTIDO,Z13-IZ,27.01,16.24
v22ZauOlupkQvM5W9SsWzF1Xr87nAbdVEp7Bicl8gWJ7BYO6j5kwGqZQ==,06/10/2026,PLATENSE,LA UNION FSA,False,LA UNION FSA,4,1,TIRO2,FALLADO,Z1-DE,85.28,41.88
v22ZauOlupkQvM5W9SsWzF1Xr87nAbdVEp7Bicl8gWJ7BYO6j5kwGqZQ==,06/10/2026,PLATENSE,LA UNION FSA,False,LA UNION FSA,9,1,TIRO3,CONVERTIDO,Z11-DE,69.14,20.17
v22ZauOlupkQvM5W9SsWzF1Xr87nAbdVEp7Bicl8gWJ7BYO6j5kwGqZQ==,06/10/2026,PLATENSE,LA UNION FSA,True,PLATENSE,22,1,TIRO2,CONVERTIDO,Z2-IZ,10.96,68.03
v22ZauOlupkQvM5W9SsWzF1Xr87nAbdVEp7Bicl8gWJ7BYO6j5kwGqZQ==,06/10/2026,PLATENSE,LA UNION FSA,False,LA UNION FSA,4,1,TIRO3,CONVERTIDO,Z11-DE,71.68,16.92
v22ZauOlupkQvM5W9SsWzF1Xr87nAbdVEp7Bicl8gWJ7BYO6j5kwGqZQ==,06/10/2026,PLATENSE,LA UNION FSA,True,PLATENSE,4,1,TIRO3,FALLADO,Z11-IZ,25.48,87.52
v22ZauOlupkQvM5W9SsWzF1Xr87nAbdVEp7Bicl8gWJ7BYO6j5kwGqZQ==,06/10/2026,PLATENSE,LA UNION FSA,False,LA UNION FSA,6,1,TIRO2,CONVERTIDO,Z1-DE,83.65,50.6
v22ZauOlupkQvM5W9SsWzF1Xr87nAbdVEp7Bicl8gWJ7BYO6j5kwGqZQ==,06/10/2026,PLATENSE,LA UNION FSA,True,PLATENSE,22,1,TIRO2,CONVERTIDO,Z3-IZ,20.81,50.09
v22ZauOlupkQvM5W9SsWzF1Xr87nAbdVEp7Bicl8gWJ7BYO6j5kwGqZQ==,06/10/2026,PLATENSE,LA UNION FSA,False,LA UNION FSA,0,1,TIRO2,FALLADO,Z4-DE,83.35,57.95
v22ZauOlupkQvM5W9SsWzF1Xr87nAbdVEp7Bicl8gWJ7BYO6j5kwGqZQ==,06/10/2026,PLATENSE,LA UNION FSA,True,PLATENSE,30,1,TIRO3,FALLADO,Z11-IZ,37.26,67.86
v22ZauOlupkQvM5W9SsWzF1Xr87nAbdVEp7Bicl8gWJ7BYO6j5kwGqZQ==,06/10/2026,PLATENSE,LA UNION FSA,True,PLATENSE,15,1,TIRO2,CONVERTIDO,Z1-IZ,14.92,57.61
v22ZauOlupkQvM5W9SsWzF1Xr87nAbdVEp7Bicl8gWJ7BYO6j5kwGqZQ==,06/10/2026,PLATENSE,LA UNION FSA,False,LA UNION FSA,15,1,TIRO2,CONVERTIDO,Z1-DE,89.04,43.59
v22ZauOlupkQvM5W9SsWzF1Xr87nAbdVEp7Bicl8gWJ7BYO6j5kwGqZQ==,06/10/2026,PLATENSE,LA UNION FSA,True,PLATENSE,7,1,TIRO2,FALLADO,Z2-IZ,15.23,60.34
v22ZauOlupkQvM5W9SsWzF1Xr87nAbdVEp7Bicl8gWJ7BYO6j5kwGqZQ==,06/10/2026,PLATENSE,LA UNION FSA,True,PLATENSE,15,1,TIRO3,FALLADO,Z11-IZ,30.05,85.13
v22ZauOlupkQvM5W9SsWzF1Xr87nAbdVEp7Bicl8gWJ7BYO6j5kwGqZQ==,06/10/2026,PLATENSE,LA UNION FSA,False,LA UNION FSA,6,1,TIRO2,CONVERTIDO,Z1-DE,90.36,46.5
v22ZauOlupkQvM5W9SsWzF1Xr87nAbdVEp7Bicl8gWJ7BYO6j5kwGqZQ==,06/10/2026,PLATENSE,LA UNION FSA,False,LA UNION FSA,6,1,TIRO2,CONVERTIDO,Z1-DE,87.41,45.81
v22ZauOlupkQvM5W9SsWzF1Xr87nAbdVEp7Bicl8gWJ7BYO6j5kwGqZQ==,06/10/2026,PLATENSE,LA UNION FSA,True,PLATENSE,22,1,TIRO2,CONVERTIDO,Z1-IZ,14.62,59.32
v22ZauOlupkQvM5W9SsWzF1Xr87nAbdVEp7Bicl8gWJ7BYO6j5kwGqZQ==,06/10/2026,PLATENSE,LA UNION FSA,True,PLATENSE,30,1,TIRO3,CONVERTIDO,Z13-IZ,23.55,11.97
v22ZauOlupkQvM5W9SsWzF1Xr87nAbdVEp7Bicl8gWJ7BYO6j5kwGqZQ==,06/10/2026,PLATENSE,LA UNION FSA,False,LA UNION FSA,6,1,TIRO2,CONVERTIDO,Z1-DE,89.85,58.97
v22ZauOlupkQvM5W9SsWzF1Xr87nAbdVEp7Bicl8gWJ7BYO6j5kwGqZQ==,06/10/2026,PLATENSE,LA UNION FSA,True,PLATENSE,7,1,TIRO3,CONVERTIDO,Z13-IZ,33.1,24.79
v22ZauOlupkQvM5W9SsWzF1Xr87nAbdVEp7Bicl8gWJ7BYO6j5kwGqZQ==,06/10/2026,PLATENSE,LA UNION FSA,False,LA UNION FSA,4,1,TIRO2,FALLADO,Z1-DE,89.54,62.91
v22ZauOlupkQvM5W9SsWzF1Xr87nAbdVEp7Bicl8gWJ7BYO6j5kwGqZQ==,06/10/2026,PLATENSE,LA UNION FSA,True,PLATENSE,7,1,TIRO2,FALLADO,Z4-IZ,10.86,30.43
v22ZauOlupkQvM5W9SsWzF1Xr87nAbdVEp7Bicl8gWJ7BYO6j5kwGqZQ==,06/10/2026,PLATENSE,LA UNION FSA,False,LA UNION FSA,15,1,TIRO3,CONVERTIDO,Z12-DE,62.23,49.91
v2D3gLwyk_RgMqe4wJDHiiRHpB5EdNS9iMJ7UawCZsy9sEi6LkpCMZ7A==,07/10/2026,BOCA,OBERÁ,True,BOCA,14,4,TIRO3,FALLADO,Z12-IZ,36.31,59.59
v2D3gLwyk_RgMqe4wJDHiiRHpB5EdNS9iMJ7UawCZsy9sEi6LkpCMZ7A==,07/10/2026,BOCA,OBERÁ,False,OBERÁ,13,4,TIRO2,CONVERTIDO,Z1-DE,85.69,55.7
v2D3gLwyk_RgMqe4wJDHiiRHpB5EdNS9iMJ7UawCZsy9sEi6LkpCMZ7A==,07/10/2026,BOCA,OBERÁ,False,OBERÁ,7,4,TIRO3,FALLADO,Z11-DE,71.69,13.21
v2D3gLwyk_RgMqe4wJDHiiRHpB5EdNS9iMJ7UawCZsy9sEi6LkpCMZ7A==,07/10/2026,BOCA,OBERÁ,True,BOCA,11,4,TIRO3,CONVERTIDO,Z13-IZ,34.0,20.98
v2D3gLwyk_RgMqe4wJDHiiRHpB5EdNS9iMJ7UawCZsy9sEi6LkpCMZ7A==,07/10/2026,BOCA,OBERÁ,False,OBERÁ,4,4,TIRO3,FALLADO,Z12-DE,60.0,45.08
v2D3gLwyk_RgMqe4wJDHiiRHpB5EdNS9iMJ7UawCZsy9sEi6LkpCMZ7A==,07/10/2026,BOCA,OBERÁ,True,BOCA,14,4,TIRO3,FALLADO,FRANJA-SUPERIOR,8.0,6.22
v2D3gLwyk_RgMqe4wJDHiiRHpB5EdNS9iMJ7UawCZsy9sEi6LkpCMZ7A==,07/10/2026,BOCA,OBERÁ,True,BOCA,0,4,TIRO3,CONVERTIDO,Z11-IZ,28.15,80.83
v2D3gLwyk_RgMqe4wJDHiiRHpB5EdNS9iMJ7UawCZsy9sEi6LkpCMZ7A==,07/10/2026,BOCA,OBERÁ,False,OBERÁ,13,4,TIRO2,FALLADO,Z1-DE,86.46,59.33
v2D3gLwyk_RgMqe4wJDHiiRHpB5EdNS9iMJ7UawCZsy9sEi6LkpCMZ7A==,07/10/2026,BOCA,OBERÁ,True,BOCA,0,4,TIRO3,FALLADO,Z13-IZ,30.62,20.21
v2D3gLwyk_RgMqe4wJDHiiRHpB5EdNS9iMJ7UawCZsy9sEi6LkpCMZ7A==,07/10/2026,BOCA,OBERÁ,False,OBERÁ,7,4,TIRO2,CONVERTIDO,Z1-DE,87.69,55.7
v2D3gLwyk_RgMqe4wJDHiiRHpB5EdNS9iMJ7UawCZsy9sEi6LkpCMZ7A==,07/10/2026,BOCA,OBERÁ,False,OBERÁ,77,4,TIRO2,CONVERTIDO,Z1-DE,88.31,56.99
v2D3gLwyk_RgMqe4wJDHiiRHpB5EdNS9iMJ7UawCZsy9sEi6LkpCMZ7A==,07/10/2026,BOCA,OBERÁ,True,BOCA,4,4,TIRO2,FALLADO,Z1-IZ,13.69,45.34
v2D3gLwyk_RgMqe4wJDHiiRHpB5EdNS9iMJ7UawCZsy9sEi6LkpCMZ7A==,07/10/2026,BOCA,OBERÁ,True,BOCA,22,4,TIRO2,FALLADO,Z1-IZ,12.46,55.44
v2D3gLwyk_RgMqe4wJDHiiRHpB5EdNS9iMJ7UawCZsy9sEi6LkpCMZ7A==,07/10/2026,BOCA,OBERÁ,False,OBERÁ,4,4,TIRO2,CONVERTIDO,Z1-DE,87.23,50.0
v2D3gLwyk_RgMqe4wJDHiiRHpB5EdNS9iMJ7UawCZsy9sEi6LkpCMZ7A==,07/10/2026,BOCA,OBERÁ,True,BOCA,4,4,TIRO3,FALLADO,Z14-IZ,8.62,8.29
v2D3gLwyk_RgMqe4wJDHiiRHpB5EdNS9iMJ7UawCZsy9sEi6LkpCMZ7A==,07/10/2026,BOCA,OBERÁ,False,OBERÁ,4,4,TIRO3,CONVERTIDO,Z12-DE,63.23,59.84
v2D3gLwyk_RgMqe4wJDHiiRHpB5EdNS9iMJ7UawCZsy9sEi6LkpCMZ7A==,07/10/2026,BOCA,OBERÁ,True,BOCA,0,4,TIRO3,CONVERTIDO,Z12-IZ,36.77,52.33
v2D3gLwyk_RgMqe4wJDHiiRHpB5EdNS9iMJ7UawCZsy9sEi6LkpCMZ7A==,07/10/2026,BOCA,OBERÁ,False,OBERÁ,4,4,TIRO2,FALLADO,Z3-DE,81.85,58.55
v2D3gLwyk_RgMqe4wJDHiiRHpB5EdNS9iMJ7UawCZsy9sEi6LkpCMZ7A==,07/10/2026,BOCA,OBERÁ,False,OBERÁ,8,4,TIRO2,CONVERTIDO,Z1-DE,88.77,54.66
v2D3gLwyk_RgMqe4wJDHiiRHpB5EdNS9iMJ7UawCZsy9sEi6LkpCMZ7A==,07/10/2026,BOCA,OBERÁ,False,OBERÁ,8,4,TIRO3,FALLADO,Z11-DE,65.54,20.98
v2D3gLwyk_RgMqe4wJDHiiRHpB5EdNS9iMJ7UawCZsy9sEi6LkpCMZ7A==,07/10/2026,BOCA,OBERÁ,True,BOCA,11,4,TIRO3,FALLADO,Z11-IZ,34.92,70.47
v2D3gLwyk_RgMqe4wJDHiiRHpB5EdNS9iMJ7UawCZsy9sEi6LkpCMZ7A==,07/10/2026,BOCA,OBERÁ,False,OBERÁ,4,4,TIRO3,FALLADO,Z11-DE,76.31,14.77
v2D3gLwyk_RgMqe4wJDHiiRHpB5EdNS9iMJ7UawCZsy9sEi6LkpCMZ7A==,07/10/2026,BOCA,OBERÁ,False,OBERÁ,7,4,TIRO2,FALLADO,Z2-DE,84.31,40.41
v2D3gLwyk_RgMqe4wJDHiiRHpB5EdNS9iMJ7UawCZsy9sEi6LkpCMZ7A==,07/10/2026,BOCA,OBERÁ,False,OBERÁ,11,4,TIRO3,FALLADO,Z13-DE,68.77,83.68
v2D3gLwyk_RgMqe4wJDHiiRHpB5EdNS9iMJ7UawCZsy9sEi6LkpCMZ7A==,07/10/2026,BOCA,OBERÁ,True,BOCA,0,4,TIRO3,FALLADO,Z11-IZ,28.77,81.35
v2D3gLwyk_RgMqe4wJDHiiRHpB5EdNS9iMJ7UawCZsy9sEi6LkpCMZ7A==,07/10/2026,BOCA,OBERÁ,False,OBERÁ,4,4,TIRO3,CONVERTIDO,Z12-DE,64.15,44.56
v2D3gLwyk_RgMqe4wJDHiiRHpB5EdNS9iMJ7UawCZsy9sEi6LkpCMZ7A==,07/10/2026,BOCA,OBERÁ,True,BOCA,19,4,TIRO3,FALLADO,Z13-IZ,37.69,18.91
v2D3gLwyk_RgMqe4wJDHiiRHpB5EdNS9iMJ7UawCZsy9sEi6LkpCMZ7A==,07/10/2026,BOCA,OBERÁ,True,BOCA,13,4,TIRO3,FALLADO,Z13-IZ,38.0,23.32
v2D3gLwyk_RgMqe4wJDHiiRHpB5EdNS9iMJ7UawCZsy9sEi6LkpCMZ7A==,07/10/2026,BOCA,OBERÁ,True,BOCA,7,4,TIRO2,FALLADO,Z1-IZ,14.15,59.84
v2D3gLwyk_RgMqe4wJDHiiRHpB5EdNS9iMJ7UawCZsy9sEi6LkpCMZ7A==,07/10/2026,BOCA,OBERÁ,False,OBERÁ,11,4,TIRO2,CONVERTIDO,Z1-DE,87.54,45.34
v2D3gLwyk_RgMqe4wJDHiiRHpB5EdNS9iMJ7UawCZsy9sEi6LkpCMZ7A==,07/10/2026,BOCA,OBERÁ,True,BOCA,13,4,TIRO2,CONVERTIDO,Z1-IZ,13.54,56.48
v2D3gLwyk_RgMqe4wJDHiiRHpB5EdNS9iMJ7UawCZsy9sEi6LkpCMZ7A==,07/10/2026,BOCA,OBERÁ,True,BOCA,3,4,TIRO3,FALLADO,Z12-IZ,38.15,53.11
v2D3gLwyk_RgMqe4wJDHiiRHpB5EdNS9iMJ7UawCZsy9sEi6LkpCMZ7A==,07/10/2026,BOCA,OBERÁ,False,OBERÁ,77,4,TIRO2,FALLADO,Z1-DE,86.0,57.51
v2D3gLwyk_RgMqe4wJDHiiRHpB5EdNS9iMJ7UawCZsy9sEi6LkpCMZ7A==,07/10/2026,BOCA,OBERÁ,True,BOCA,19,4,TIRO2,FALLADO,Z1-IZ,12.0,55.96
v2D3gLwyk_RgMqe4wJDHiiRHpB5EdNS9iMJ7UawCZsy9sEi6LkpCMZ7A==,07/10/2026,BOCA,OBERÁ,False,OBERÁ,1,3,TIRO3,FALLADO,Z11-DE,55.23,17.1
v2D3gLwyk_RgMqe4wJDHiiRHpB5EdNS9iMJ7UawCZsy9sEi6LkpCMZ7A==,07/10/2026,BOCA,OBERÁ,False,OBERÁ,1,3,TIRO3,FALLADO,Z13-DE,69.38,80.05
v2D3gLwyk_RgMqe4wJDHiiRHpB5EdNS9iMJ7UawCZsy9sEi6LkpCMZ7A==,07/10/2026,BOCA,OBERÁ,True,BOCA,3,3,TIRO2,CONVERTIDO,Z1-IZ,13.23,55.18
v2D3gLwyk_RgMqe4wJDHiiRHpB5EdNS9iMJ7UawCZsy9sEi6LkpCMZ7A==,07/10/2026,BOCA,OBERÁ,False,OBERÁ,8,3,TIRO3,FALLADO,Z11-DE,66.31,16.32
v2D3gLwyk_RgMqe4wJDHiiRHpB5EdNS9iMJ7UawCZsy9sEi6LkpCMZ7A==,07/10/2026,BOCA,OBERÁ,True,BOCA,3,3,TIRO2,CONVERTIDO,Z1-IZ,12.92,42.75
v2D3gLwyk_RgMqe4wJDHiiRHpB5EdNS9iMJ7UawCZsy9sEi6LkpCMZ7A==,07/10/2026,BOCA,OBERÁ,False,OBERÁ,77,3,TIRO2,FALLADO,Z2-DE,78.92,38.34
v2D3gLwyk_RgMqe4wJDHiiRHpB5EdNS9iMJ7UawCZsy9sEi6LkpCMZ7A==,07/10/2026,BOCA,OBERÁ,True,BOCA,13,3,TIRO2,CONVERTIDO,Z1-IZ,13.85,45.85
v2D3gLwyk_RgMqe4wJDHiiRHpB5EdNS9iMJ7UawCZsy9sEi6LkpCMZ7A==,07/10/2026,BOCA,OBERÁ,False,OBERÁ,41,3,TIRO2,CONVERTIDO,Z1-DE,87.23,55.44
v2D3gLwyk_RgMqe4wJDHiiRHpB5EdNS9iMJ7UawCZsy9sEi6LkpCMZ7A==,07/10/2026,BOCA,OBERÁ,True,BOCA,7,3,TIRO3,FALLADO,Z11-IZ,35.23,69.43
v2D3gLwyk_RgMqe4wJDHiiRHpB5EdNS9iMJ7UawCZsy9sEi6LkpCMZ7A==,07/10/2026,BOCA,OBERÁ,True,BOCA,44,3,TIRO2,FALLADO,Z1-IZ,16.77,53.89
v2D3gLwyk_RgMqe4wJDHiiRHpB5EdNS9iMJ7UawCZsy9sEi6LkpCMZ7A==,07/10/2026,BOCA,OBERÁ,True,BOCA,19,3,TIRO2,CONVERTIDO,Z1-IZ,13.54,44.04
v2D3gLwyk_RgMqe4wJDHiiRHpB5EdNS9iMJ7UawCZsy9sEi6LkpCMZ7A==,07/10/2026,BOCA,OBERÁ,True,BOCA,44,3,TIRO2,FALLADO,Z1-IZ,13.69,53.11
v2D3gLwyk_RgMqe4wJDHiiRHpB5EdNS9iMJ7UawCZsy9sEi6LkpCMZ7A==,07/10/2026,BOCA,OBERÁ,False,OBERÁ,11,3,TIRO2,CONVERTIDO,Z1-DE,85.85,56.22
v2D3gLwyk_RgMqe4wJDHiiRHpB5EdNS9iMJ7UawCZsy9sEi6LkpCMZ7A==,07/10/2026,BOCA,OBERÁ,True,BOCA,44,3,TIRO2,CONVERTIDO,Z3-IZ,19.54,45.08
v2D3gLwyk_RgMqe4wJDHiiRHpB5EdNS9iMJ7UawCZsy9sEi6LkpCMZ7A==,07/10/2026,BOCA,OBERÁ,False,OBERÁ,10,3,TIRO2,CONVERTIDO,Z1-DE,87.38,44.04
v2D3gLwyk_RgMqe4wJDHiiRHpB5EdNS9iMJ7UawCZsy9sEi6LkpCMZ7A==,07/10/2026,BOCA,OBERÁ,False,OBERÁ,2,3,TIRO2,CONVERTIDO,Z1-DE,87.85,53.37
v2D3gLwyk_RgMqe4wJDHiiRHpB5EdNS9iMJ7UawCZsy9sEi6LkpCMZ7A==,07/10/2026,BOCA,OBERÁ,False,OBERÁ,2,3,TIRO3,CONVERTIDO,Z10-DE,91.85,8.81
v2D3gLwyk_RgMqe4wJDHiiRHpB5EdNS9iMJ7UawCZsy9sEi6LkpCMZ7A==,07/10/2026,BOCA,OBERÁ,True,BOCA,19,3,TIRO3,FALLADO,Z13-IZ,32.31,21.5
v2D3gLwyk_RgMqe4wJDHiiRHpB5EdNS9iMJ7UawCZsy9sEi6LkpCMZ7A==,07/10/2026,BOCA,OBERÁ,False,OBERÁ,1,3,TIRO2,CONVERTIDO,Z1-DE,89.54,42.23
v2D3gLwyk_RgMqe4wJDHiiRHpB5EdNS9iMJ7UawCZsy9sEi6LkpCMZ7A==,07/10/2026,BOCA,OBERÁ,True,BOCA,7,3,TIRO2,CONVERTIDO,Z1-IZ,16.92,51.55
v2D3gLwyk_RgMqe4wJDHiiRHpB5EdNS9iMJ7UawCZsy9sEi6LkpCMZ7A==,07/10/2026,BOCA,OBERÁ,True,BOCA,4,3,TIRO3,FALLADO,Z10-IZ,7.85,90.41
v2D3gLwyk_RgMqe4wJDHiiRHpB5EdNS9iMJ7UawCZsy9sEi6LkpCMZ7A==,07/10/2026,BOCA,OBERÁ,False,OBERÁ,11,3,TIRO2,CONVERTIDO,Z1-DE,87.38,42.23
v2D3gLwyk_RgMqe4wJDHiiRHpB5EdNS9iMJ7UawCZsy9sEi6LkpCMZ7A==,07/10/2026,BOCA,OBERÁ,False,OBERÁ,1,3,TIRO2,CONVERTIDO,Z5-DE,88.46,21.5
v2D3gLwyk_RgMqe4wJDHiiRHpB5EdNS9iMJ7UawCZsy9sEi6LkpCMZ7A==,07/10/2026,BOCA,OBERÁ,False,OBERÁ,2,3,TIRO2,FALLADO,Z1-DE,88.0,44.04
v2D3gLwyk_RgMqe4wJDHiiRHpB5EdNS9iMJ7UawCZsy9sEi6LkpCMZ7A==,07/10/2026,BOCA,OBERÁ,True,BOCA,20,3,TIRO2,FALLADO,Z1-IZ,15.85,48.7
v2D3gLwyk_RgMqe4wJDHiiRHpB5EdNS9iMJ7UawCZsy9sEi6LkpCMZ7A==,07/10/2026,BOCA,OBERÁ,False,OBERÁ,2,3,TIRO3,FALLADO,Z11-DE,76.46,12.44
v2D3gLwyk_RgMqe4wJDHiiRHpB5EdNS9iMJ7UawCZsy9sEi6LkpCMZ7A==,07/10/2026,BOCA,OBERÁ,False,OBERÁ,1,3,TIRO3,FALLADO,Z12-DE,59.85,62.18
v2D3gLwyk_RgMqe4wJDHiiRHpB5EdNS9iMJ7UawCZsy9sEi6LkpCMZ7A==,07/10/2026,BOCA,OBERÁ,False,OBERÁ,10,3,TIRO3,FALLADO,Z10-DE,91.54,10.88
v2D3gLwyk_RgMqe4wJDHiiRHpB5EdNS9iMJ7UawCZsy9sEi6LkpCMZ7A==,07/10/2026,BOCA,OBERÁ,True,BOCA,11,3,TIRO3,FALLADO,Z13-IZ,30.62,16.32
v2D3gLwyk_RgMqe4wJDHiiRHpB5EdNS9iMJ7UawCZsy9sEi6LkpCMZ7A==,07/10/2026,BOCA,OBERÁ,False,OBERÁ,11,3,TIRO2,FALLADO,Z1-DE,83.69,49.22
v2D3gLwyk_RgMqe4wJDHiiRHpB5EdNS9iMJ7UawCZsy9sEi6LkpCMZ7A==,07/10/2026,BOCA,OBERÁ,True,BOCA,20,3,TIRO3,CONVERTIDO,Z13-IZ,32.62,23.06
v2D3gLwyk_RgMqe4wJDHiiRHpB5EdNS9iMJ7UawCZsy9sEi6LkpCMZ7A==,07/10/2026,BOCA,OBERÁ,False,OBERÁ,41,3,TIRO2,CONVERTIDO,Z1-DE,87.38,54.66
v2D3gLwyk_RgMqe4wJDHiiRHpB5EdNS9iMJ7UawCZsy9sEi6LkpCMZ7A==,07/10/2026,BOCA,OBERÁ,False,OBERÁ,10,2,TIRO3,FALLADO,Z12-IZ,45.54,53.37
v2D3gLwyk_RgMqe4wJDHiiRHpB5EdNS9iMJ7UawCZsy9sEi6LkpCMZ7A==,07/10/2026,BOCA,OBERÁ,True,BOCA,11,2,TIRO2,CONVERTIDO,Z2-IZ,17.85,66.58
v2D3gLwyk_RgMqe4wJDHiiRHpB5EdNS9iMJ7UawCZsy9sEi6LkpCMZ7A==,07/10/2026,BOCA,OBERÁ,False,OBERÁ,41,2,TIRO2,FALLADO,Z4-DE,85.23,61.14
v2D3gLwyk_RgMqe4wJDHiiRHpB5EdNS9iMJ7UawCZsy9sEi6LkpCMZ7A==,07/10/2026,BOCA,OBERÁ,True,BOCA,11,2,TIRO2,FALLADO,Z3-IZ,18.15,53.89
v2D3gLwyk_RgMqe4wJDHiiRHpB5EdNS9iMJ7UawCZsy9sEi6LkpCMZ7A==,07/10/2026,BOCA,OBERÁ,True,BOCA,7,2,TIRO2,FALLADO,Z3-IZ,19.85,52.59
v2D3gLwyk_RgMqe4wJDHiiRHpB5EdNS9iMJ7UawCZsy9sEi6LkpCMZ7A==,07/10/2026,BOCA,OBERÁ,False,OBERÁ,41,2,TIRO2,CONVERTIDO,Z1-DE,85.85,61.14
v2D3gLwyk_RgMqe4wJDHiiRHpB5EdNS9iMJ7UawCZsy9sEi6LkpCMZ7A==,07/10/2026,BOCA,OBERÁ,False,OBERÁ,7,2,TIRO2,FALLADO,Z1-DE,88.31,40.16
v2D3gLwyk_RgMqe4wJDHiiRHpB5EdNS9iMJ7UawCZsy9sEi6LkpCMZ7A==,07/10/2026,BOCA,OBERÁ,False,OBERÁ,1,2,TIRO2,FALLADO,Z1-DE,86.46,58.03
v2D3gLwyk_RgMqe4wJDHiiRHpB5EdNS9iMJ7UawCZsy9sEi6LkpCMZ7A==,07/10/2026,BOCA,OBERÁ,False,OBERÁ,10,2,TIRO3,FALLADO,Z11-DE,64.77,24.61
v2D3gLwyk_RgMqe4wJDHiiRHpB5EdNS9iMJ7UawCZsy9sEi6LkpCMZ7A==,07/10/2026,BOCA,OBERÁ,True,BOCA,0,2,TIRO2,CONVERTIDO,Z2-IZ,15.38,60.1
v2D3gLwyk_RgMqe4wJDHiiRHpB5EdNS9iMJ7UawCZsy9sEi6LkpCMZ7A==,07/10/2026,BOCA,OBERÁ,True,BOCA,22,2,TIRO2,FALLADO,Z1-IZ,12.62,43.78
v2D3gLwyk_RgMqe4wJDHiiRHpB5EdNS9iMJ7UawCZsy9sEi6LkpCMZ7A==,07/10/2026,BOCA,OBERÁ,True,BOCA,11,2,TIRO3,FALLADO,Z11-IZ,33.08,74.61
v2D3gLwyk_RgMqe4wJDHiiRHpB5EdNS9iMJ7UawCZsy9sEi6LkpCMZ7A==,07/10/2026,BOCA,OBERÁ,False,OBERÁ,1,2,TIRO2,CONVERTIDO,Z1-DE,85.85,58.29
v2D3gLwyk_RgMqe4wJDHiiRHpB5EdNS9iMJ7UawCZsy9sEi6LkpCMZ7A==,07/10/2026,BOCA,OBERÁ,True,BOCA,22,2,TIRO2,CONVERTIDO,Z1-IZ,13.69,53.89
v2D3gLwyk_RgMqe4wJDHiiRHpB5EdNS9iMJ7UawCZsy9sEi6LkpCMZ7A==,07/10/2026,BOCA,OBERÁ,True,BOCA,20,2,TIRO2,FALLADO,Z3-IZ,17.85,49.74
v2D3gLwyk_RgMqe4wJDHiiRHpB5EdNS9iMJ7UawCZsy9sEi6LkpCMZ7A==,07/10/2026,BOCA,OBERÁ,True,BOCA,11,2,TIRO3,FALLADO,Z13-IZ,28.46,16.58
v2D3gLwyk_RgMqe4wJDHiiRHpB5EdNS9iMJ7UawCZsy9sEi6LkpCMZ7A==,07/10/2026,BOCA,OBERÁ,True,BOCA,13,2,TIRO2,FALLADO,Z1-IZ,12.92,45.34
v2D3gLwyk_RgMqe4wJDHiiRHpB5EdNS9iMJ7UawCZsy9sEi6LkpCMZ7A==,07/10/2026,BOCA,OBERÁ,True,BOCA,0,2,TIRO3,FALLADO,Z14-IZ,6.92,8.03
v2D3gLwyk_RgMqe4wJDHiiRHpB5EdNS9iMJ7UawCZsy9sEi6LkpCMZ7A==,07/10/2026,BOCA,OBERÁ,False,OBERÁ,2,2,TIRO2,FALLADO,Z4-DE,78.31,63.47
v2D3gLwyk_RgMqe4wJDHiiRHpB5EdNS9iMJ7UawCZsy9sEi6LkpCMZ7A==,07/10/2026,BOCA,OBERÁ,True,BOCA,22,2,TIRO2,CONVERTIDO,Z1-IZ,14.46,45.85
v2D3gLwyk_RgMqe4wJDHiiRHpB5EdNS9iMJ7UawCZsy9sEi6LkpCMZ7A==,07/10/2026,BOCA,OBERÁ,False,OBERÁ,41,2,TIRO2,FALLADO,Z2-DE,91.69,25.91
v2D3gLwyk_RgMqe4wJDHiiRHpB5EdNS9iMJ7UawCZsy9sEi6LkpCMZ7A==,07/10/2026,BOCA,OBERÁ,True,BOCA,19,2,TIRO2,CONVERTIDO,Z1-IZ,13.54,46.89
v2D3gLwyk_RgMqe4wJDHiiRHpB5EdNS9iMJ7UawCZsy9sEi6LkpCMZ7A==,07/10/2026,BOCA,OBERÁ,False,OBERÁ,2,2,TIRO2,FALLADO,Z1-DE,86.46,61.66
v2D3gLwyk_RgMqe4wJDHiiRHpB5EdNS9iMJ7UawCZsy9sEi6LkpCMZ7A==,07/10/2026,BOCA,OBERÁ,True,BOCA,7,2,TIRO2,CONVERTIDO,Z1-IZ,14.31,60.62
v2D3gLwyk_RgMqe4wJDHiiRHpB5EdNS9iMJ7UawCZsy9sEi6LkpCMZ7A==,07/10/2026,BOCA,OBERÁ,False,OBERÁ,77,2,TIRO2,CONVERTIDO,Z1-DE,84.62,50.0
v2D3gLwyk_RgMqe4wJDHiiRHpB5EdNS9iMJ7UawCZsy9sEi6LkpCMZ7A==,07/10/2026,BOCA,OBERÁ,True,BOCA,44,2,TIRO3,CONVERTIDO,Z11-IZ,34.62,65.28
v2D3gLwyk_RgMqe4wJDHiiRHpB5EdNS9iMJ7UawCZsy9sEi6LkpCMZ7A==,07/10/2026,BOCA,OBERÁ,False,OBERÁ,77,2,TIRO2,CONVERTIDO,Z1-DE,87.85,57.77
v2D3gLwyk_RgMqe4wJDHiiRHpB5EdNS9iMJ7UawCZsy9sEi6LkpCMZ7A==,07/10/2026,BOCA,OBERÁ,False,OBERÁ,4,2,TIRO3,FALLADO,Z11-DE,70.77,17.62
v2D3gLwyk_RgMqe4wJDHiiRHpB5EdNS9iMJ7UawCZsy9sEi6LkpCMZ7A==,07/10/2026,BOCA,OBERÁ,True,BOCA,7,2,TIRO2,CONVERTIDO,Z1-IZ,12.31,44.56
v2D3gLwyk_RgMqe4wJDHiiRHpB5EdNS9iMJ7UawCZsy9sEi6LkpCMZ7A==,07/10/2026,BOCA,OBERÁ,True,BOCA,4,2,TIRO3,CONVERTIDO,Z13-IZ,30.31,18.13
v2D3gLwyk_RgMqe4wJDHiiRHpB5EdNS9iMJ7UawCZsy9sEi6LkpCMZ7A==,07/10/2026,BOCA,OBERÁ,False,OBERÁ,2,2,TIRO3,FALLADO,Z10-DE,91.69,10.1
v2D3gLwyk_RgMqe4wJDHiiRHpB5EdNS9iMJ7UawCZsy9sEi6LkpCMZ7A==,07/10/2026,BOCA,OBERÁ,True,BOCA,19,2,TIRO3,FALLADO,Z13-IZ,30.92,21.24
v2D3gLwyk_RgMqe4wJDHiiRHpB5EdNS9iMJ7UawCZsy9sEi6LkpCMZ7A==,07/10/2026,BOCA,OBERÁ,False,OBERÁ,8,2,TIRO2,CONVERTIDO,Z1-DE,84.46,44.56
v2D3gLwyk_RgMqe4wJDHiiRHpB5EdNS9iMJ7UawCZsy9sEi6LkpCMZ7A==,07/10/2026,BOCA,OBERÁ,False,OBERÁ,77,2,TIRO2,FALLADO,Z3-DE,82.15,54.66
v2D3gLwyk_RgMqe4wJDHiiRHpB5EdNS9iMJ7UawCZsy9sEi6LkpCMZ7A==,07/10/2026,BOCA,OBERÁ,False,OBERÁ,7,2,TIRO3,FALLADO,Z11-DE,67.85,22.8
v2D3gLwyk_RgMqe4wJDHiiRHpB5EdNS9iMJ7UawCZsy9sEi6LkpCMZ7A==,07/10/2026,BOCA,OBERÁ,True,BOCA,19,2,TIRO2,CONVERTIDO,Z1-IZ,11.69,40.41
v2D3gLwyk_RgMqe4wJDHiiRHpB5EdNS9iMJ7UawCZsy9sEi6LkpCMZ7A==,07/10/2026,BOCA,OBERÁ,True,BOCA,7,1,TIRO3,FALLADO,Z11-IZ,45.85,79.27
v2D3gLwyk_RgMqe4wJDHiiRHpB5EdNS9iMJ7UawCZsy9sEi6LkpCMZ7A==,07/10/2026,BOCA,OBERÁ,False,OBERÁ,4,1,TIRO3,FALLADO,Z13-DE,67.38,74.61
v2D3gLwyk_RgMqe4wJDHiiRHpB5EdNS9iMJ7UawCZsy9sEi6LkpCMZ7A==,07/10/2026,BOCA,OBERÁ,True,BOCA,19,1,TIRO3,CONVERTIDO,Z11-IZ,28.62,83.68
v2D3gLwyk_RgMqe4wJDHiiRHpB5EdNS9iMJ7UawCZsy9sEi6LkpCMZ7A==,07/10/2026,BOCA,OBERÁ,False,OBERÁ,11,1,TIRO3,FALLADO,Z13-DE,68.77,82.12
v2D3gLwyk_RgMqe4wJDHiiRHpB5EdNS9iMJ7UawCZsy9sEi6LkpCMZ7A==,07/10/2026,BOCA,OBERÁ,True,BOCA,3,1,TIRO3,FALLADO,Z14-IZ,7.54,9.07
v2D3gLwyk_RgMqe4wJDHiiRHpB5EdNS9iMJ7UawCZsy9sEi6LkpCMZ7A==,07/10/2026,BOCA,OBERÁ,False,OBERÁ,7,1,TIRO3,FALLADO,Z10-DE,92.0,10.62
v2D3gLwyk_RgMqe4wJDHiiRHpB5EdNS9iMJ7UawCZsy9sEi6LkpCMZ7A==,07/10/2026,BOCA,OBERÁ,True,BOCA,19,1,TIRO3,FALLADO,Z11-IZ,34.92,72.28
v2D3gLwyk_RgMqe4wJDHiiRHpB5EdNS9iMJ7UawCZsy9sEi6LkpCMZ7A==,07/10/2026,BOCA,OBERÁ,False,OBERÁ,11,1,TIRO3,FALLADO,Z12-DE,63.69,64.77
v2D3gLwyk_RgMqe4wJDHiiRHpB5EdNS9iMJ7UawCZsy9sEi6LkpCMZ7A==,07/10/2026,BOCA,OBERÁ,True,BOCA,4,1,TIRO3,FALLADO,Z12-IZ,36.62,47.67
v2D3gLwyk_RgMqe4wJDHiiRHpB5EdNS9iMJ7UawCZsy9sEi6LkpCMZ7A==,07/10/2026,BOCA,OBERÁ,False,OBERÁ,41,1,TIRO2,FALLADO,Z1-DE,84.15,51.04
v2D3gLwyk_RgMqe4wJDHiiRHpB5EdNS9iMJ7UawCZsy9sEi6LkpCMZ7A==,07/10/2026,BOCA,OBERÁ,False,OBERÁ,41,1,TIRO2,CONVERTIDO,Z1-DE,86.92,51.04
v2D3gLwyk_RgMqe4wJDHiiRHpB5EdNS9iMJ7UawCZsy9sEi6LkpCMZ7A==,07/10/2026,BOCA,OBERÁ,False,OBERÁ,1,1,TIRO2,FALLADO,Z1-DE,88.15,46.11
v2D3gLwyk_RgMqe4wJDHiiRHpB5EdNS9iMJ7UawCZsy9sEi6LkpCMZ7A==,07/10/2026,BOCA,OBERÁ,True,BOCA,3,1,TIRO2,FALLADO,Z1-IZ,14.46,45.34
v2D3gLwyk_RgMqe4wJDHiiRHpB5EdNS9iMJ7UawCZsy9sEi6LkpCMZ7A==,07/10/2026,BOCA,OBERÁ,False,OBERÁ,2,1,TIRO2,CONVERTIDO,Z1-DE,88.31,45.34
v2D3gLwyk_RgMqe4wJDHiiRHpB5EdNS9iMJ7UawCZsy9sEi6LkpCMZ7A==,07/10/2026,BOCA,OBERÁ,True,BOCA,0,1,TIRO3,FALLADO,Z14-IZ,8.46,8.81
v2D3gLwyk_RgMqe4wJDHiiRHpB5EdNS9iMJ7UawCZsy9sEi6LkpCMZ7A==,07/10/2026,BOCA,OBERÁ,False,OBERÁ,2,1,TIRO3,FALLADO,Z11-DE,65.08,25.13
v2D3gLwyk_RgMqe4wJDHiiRHpB5EdNS9iMJ7UawCZsy9sEi6LkpCMZ7A==,07/10/2026,BOCA,OBERÁ,True,BOCA,11,1,TIRO3,CONVERTIDO,Z11-IZ,34.31,73.06
v2D3gLwyk_RgMqe4wJDHiiRHpB5EdNS9iMJ7UawCZsy9sEi6LkpCMZ7A==,07/10/2026,BOCA,OBERÁ,False,OBERÁ,10,1,TIRO3,CONVERTIDO,Z11-DE,72.77,15.03
v2D3gLwyk_RgMqe4wJDHiiRHpB5EdNS9iMJ7UawCZsy9sEi6LkpCMZ7A==,07/10/2026,BOCA,OBERÁ,True,BOCA,20,1,TIRO3,FALLADO,Z11-IZ,34.0,66.58
v2D3gLwyk_RgMqe4wJDHiiRHpB5EdNS9iMJ7UawCZsy9sEi6LkpCMZ7A==,07/10/2026,BOCA,OBERÁ,True,BOCA,0,1,TIRO2,CONVERTIDO,Z1-IZ,13.08,40.16
v2D3gLwyk_RgMqe4wJDHiiRHpB5EdNS9iMJ7UawCZsy9sEi6LkpCMZ7A==,07/10/2026,BOCA,OBERÁ,False,OBERÁ,10,1,TIRO2,CONVERTIDO,Z1-DE,85.23,52.59
v2D3gLwyk_RgMqe4wJDHiiRHpB5EdNS9iMJ7UawCZsy9sEi6LkpCMZ7A==,07/10/2026,BOCA,OBERÁ,True,BOCA,20,1,TIRO2,CONVERTIDO,Z1-IZ,16.31,50.0
v2D3gLwyk_RgMqe4wJDHiiRHpB5EdNS9iMJ7UawCZsy9sEi6LkpCMZ7A==,07/10/2026,BOCA,OBERÁ,True,BOCA,20,1,TIRO3,FALLADO,Z13-IZ,34.0,23.83
v2D3gLwyk_RgMqe4wJDHiiRHpB5EdNS9iMJ7UawCZsy9sEi6LkpCMZ7A==,07/10/2026,BOCA,OBERÁ,False,OBERÁ,41,1,TIRO3,CONVERTIDO,Z12-DE,64.15,50.78
v2D3gLwyk_RgMqe4wJDHiiRHpB5EdNS9iMJ7UawCZsy9sEi6LkpCMZ7A==,07/10/2026,BOCA,OBERÁ,True,BOCA,22,1,TIRO2,FALLADO,Z3-IZ,23.69,60.36
v2D3gLwyk_RgMqe4wJDHiiRHpB5EdNS9iMJ7UawCZsy9sEi6LkpCMZ7A==,07/10/2026,BOCA,OBERÁ,True,BOCA,20,1,TIRO2,FALLADO,Z1-IZ,14.77,41.19
v2D3gLwyk_RgMqe4wJDHiiRHpB5EdNS9iMJ7UawCZsy9sEi6LkpCMZ7A==,07/10/2026,BOCA,OBERÁ,False,OBERÁ,10,1,TIRO3,FALLADO,Z12-DE,63.08,51.55
v2D3gLwyk_RgMqe4wJDHiiRHpB5EdNS9iMJ7UawCZsy9sEi6LkpCMZ7A==,07/10/2026,BOCA,OBERÁ,True,BOCA,0,1,TIRO3,CONVERTIDO,Z13-IZ,34.62,34.72
v2D3gLwyk_RgMqe4wJDHiiRHpB5EdNS9iMJ7UawCZsy9sEi6LkpCMZ7A==,07/10/2026,BOCA,OBERÁ,False,OBERÁ,1,1,TIRO2,FALLADO,Z1-DE,87.69,58.03
v2D3gLwyk_RgMqe4wJDHiiRHpB5EdNS9iMJ7UawCZsy9sEi6LkpCMZ7A==,07/10/2026,BOCA,OBERÁ,True,BOCA,11,1,TIRO3,CONVERTIDO,Z12-IZ,37.23,53.11
v2D3gLwyk_RgMqe4wJDHiiRHpB5EdNS9iMJ7UawCZsy9sEi6LkpCMZ7A==,07/10/2026,BOCA,OBERÁ,False,OBERÁ,41,1,TIRO3,FALLADO,Z13-DE,69.69,82.64
v2D3gLwyk_RgMqe4wJDHiiRHpB5EdNS9iMJ7UawCZsy9sEi6LkpCMZ7A==,07/10/2026,BOCA,OBERÁ,True,BOCA,22,1,TIRO2,CONVERTIDO,Z1-IZ,12.77,52.33
v2D3gLwyk_RgMqe4wJDHiiRHpB5EdNS9iMJ7UawCZsy9sEi6LkpCMZ7A==,07/10/2026,BOCA,OBERÁ,True,BOCA,11,1,TIRO3,CONVERTIDO,Z11-IZ,34.62,64.77
v2D3gLwyk_RgMqe4wJDHiiRHpB5EdNS9iMJ7UawCZsy9sEi6LkpCMZ7A==,07/10/2026,BOCA,OBERÁ,False,OBERÁ,11,1,TIRO3,CONVERTIDO,Z11-DE,71.54,18.91
v2D3gLwyk_RgMqe4wJDHiiRHpB5EdNS9iMJ7UawCZsy9sEi6LkpCMZ7A==,07/10/2026,BOCA,OBERÁ,True,BOCA,13,1,TIRO3,CONVERTIDO,Z14-IZ,8.15,8.55
v2D3gLwyk_RgMqe4wJDHiiRHpB5EdNS9iMJ7UawCZsy9sEi6LkpCMZ7A==,07/10/2026,BOCA,OBERÁ,False,OBERÁ,2,1,TIRO2,CONVERTIDO,Z1-DE,87.85,58.55
v2to91YNZwNiwui6IsbQbnn3bbwORbSq6rkDWm4GhEkL9cWiO9WOHeCA==,07/10/2026,OLIMPICO (LB),ATENAS (C),False,ATENAS (C),21,4,TIRO3,CONVERTIDO,Z13-DE,69.44,82.39
v2to91YNZwNiwui6IsbQbnn3bbwORbSq6rkDWm4GhEkL9cWiO9WOHeCA==,07/10/2026,OLIMPICO (LB),ATENAS (C),True,OLIMPICO (LB),10,4,TIRO2,FALLADO,Z1-IZ,14.72,54.36
v2to91YNZwNiwui6IsbQbnn3bbwORbSq6rkDWm4GhEkL9cWiO9WOHeCA==,07/10/2026,OLIMPICO (LB),ATENAS (C),True,OLIMPICO (LB),10,4,TIRO2,FALLADO,Z1-IZ,13.4,40.68
v2to91YNZwNiwui6IsbQbnn3bbwORbSq6rkDWm4GhEkL9cWiO9WOHeCA==,07/10/2026,OLIMPICO (LB),ATENAS (C),True,OLIMPICO (LB),6,4,TIRO2,CONVERTIDO,Z1-IZ,14.01,47.86
v2to91YNZwNiwui6IsbQbnn3bbwORbSq6rkDWm4GhEkL9cWiO9WOHeCA==,07/10/2026,OLIMPICO (LB),ATENAS (C),True,OLIMPICO (LB),10,4,TIRO2,FALLADO,Z3-IZ,17.46,54.53
v2to91YNZwNiwui6IsbQbnn3bbwORbSq6rkDWm4GhEkL9cWiO9WOHeCA==,07/10/2026,OLIMPICO (LB),ATENAS (C),False,ATENAS (C),10,4,TIRO2,CONVERTIDO,Z6-DE,78.58,23.76
v2to91YNZwNiwui6IsbQbnn3bbwORbSq6rkDWm4GhEkL9cWiO9WOHeCA==,07/10/2026,OLIMPICO (LB),ATENAS (C),True,OLIMPICO (LB),6,4,TIRO2,FALLADO,Z1-IZ,17.16,52.14
v2to91YNZwNiwui6IsbQbnn3bbwORbSq6rkDWm4GhEkL9cWiO9WOHeCA==,07/10/2026,OLIMPICO (LB),ATENAS (C),True,OLIMPICO (LB),26,4,TIRO2,CONVERTIDO,Z1-IZ,11.47,45.47
v2to91YNZwNiwui6IsbQbnn3bbwORbSq6rkDWm4GhEkL9cWiO9WOHeCA==,07/10/2026,OLIMPICO (LB),ATENAS (C),True,OLIMPICO (LB),4,4,TIRO3,FALLADO,Z13-IZ,34.62,30.09
v2to91YNZwNiwui6IsbQbnn3bbwORbSq6rkDWm4GhEkL9cWiO9WOHeCA==,07/10/2026,OLIMPICO (LB),ATENAS (C),False,ATENAS (C),20,4,TIRO3,FALLADO,Z13-DE,67.31,73.68
v2to91YNZwNiwui6IsbQbnn3bbwORbSq6rkDWm4GhEkL9cWiO9WOHeCA==,07/10/2026,OLIMPICO (LB),ATENAS (C),False,ATENAS (C),20,4,TIRO2,CONVERTIDO,Z1-DE,84.67,58.97
v2to91YNZwNiwui6IsbQbnn3bbwORbSq6rkDWm4GhEkL9cWiO9WOHeCA==,07/10/2026,OLIMPICO (LB),ATENAS (C),False,ATENAS (C),20,4,TIRO2,FALLADO,Z7-DE,74.21,50.94
v2to91YNZwNiwui6IsbQbnn3bbwORbSq6rkDWm4GhEkL9cWiO9WOHeCA==,07/10/2026,OLIMPICO (LB),ATENAS (C),False,ATENAS (C),12,4,TIRO2,CONVERTIDO,Z1-DE,84.06,47.35
v2to91YNZwNiwui6IsbQbnn3bbwORbSq6rkDWm4GhEkL9cWiO9WOHeCA==,07/10/2026,OLIMPICO (LB),ATENAS (C),True,OLIMPICO (LB),4,4,TIRO3,CONVERTIDO,Z13-IZ,30.86,27.52
v2to91YNZwNiwui6IsbQbnn3bbwORbSq6rkDWm4GhEkL9cWiO9WOHeCA==,07/10/2026,OLIMPICO (LB),ATENAS (C),False,ATENAS (C),20,4,TIRO2,FALLADO,Z3-DE,82.34,47.69
v2to91YNZwNiwui6IsbQbnn3bbwORbSq6rkDWm4GhEkL9cWiO9WOHeCA==,07/10/2026,OLIMPICO (LB),ATENAS (C),False,ATENAS (C),21,4,TIRO3,FALLADO,Z12-DE,63.25,50.26
v2to91YNZwNiwui6IsbQbnn3bbwORbSq6rkDWm4GhEkL9cWiO9WOHeCA==,07/10/2026,OLIMPICO (LB),ATENAS (C),True,OLIMPICO (LB),6,4,TIRO2,CONVERTIDO,Z1-IZ,13.81,56.24
v2to91YNZwNiwui6IsbQbnn3bbwORbSq6rkDWm4GhEkL9cWiO9WOHeCA==,07/10/2026,OLIMPICO (LB),ATENAS (C),True,OLIMPICO (LB),18,4,TIRO2,FALLADO,Z1-IZ,12.99,40.17
v2to91YNZwNiwui6IsbQbnn3bbwORbSq6rkDWm4GhEkL9cWiO9WOHeCA==,07/10/2026,OLIMPICO (LB),ATENAS (C),False,ATENAS (C),20,4,TIRO2,CONVERTIDO,Z1-DE,86.7,43.08
v2to91YNZwNiwui6IsbQbnn3bbwORbSq6rkDWm4GhEkL9cWiO9WOHeCA==,07/10/2026,OLIMPICO (LB),ATENAS (C),True,OLIMPICO (LB),0,4,TIRO3,FALLADO,Z12-IZ,37.97,38.12
v2to91YNZwNiwui6IsbQbnn3bbwORbSq6rkDWm4GhEkL9cWiO9WOHeCA==,07/10/2026,OLIMPICO (LB),ATENAS (C),False,ATENAS (C),8,4,TIRO2,FALLADO,Z3-DE,82.54,57.61
v2to91YNZwNiwui6IsbQbnn3bbwORbSq6rkDWm4GhEkL9cWiO9WOHeCA==,07/10/2026,OLIMPICO (LB),ATENAS (C),True,OLIMPICO (LB),6,4,TIRO3,FALLADO,Z11-IZ,27.21,84.27
v2to91YNZwNiwui6IsbQbnn3bbwORbSq6rkDWm4GhEkL9cWiO9WOHeCA==,07/10/2026,OLIMPICO (LB),ATENAS (C),False,ATENAS (C),12,4,TIRO2,CONVERTIDO,Z1-DE,83.86,54.36
v2to91YNZwNiwui6IsbQbnn3bbwORbSq6rkDWm4GhEkL9cWiO9WOHeCA==,07/10/2026,OLIMPICO (LB),ATENAS (C),True,OLIMPICO (LB),4,4,TIRO3,FALLADO,Z11-IZ,22.64,87.35
v2to91YNZwNiwui6IsbQbnn3bbwORbSq6rkDWm4GhEkL9cWiO9WOHeCA==,07/10/2026,OLIMPICO (LB),ATENAS (C),False,ATENAS (C),10,4,TIRO3,FALLADO,Z13-DE,66.29,72.99
v2to91YNZwNiwui6IsbQbnn3bbwORbSq6rkDWm4GhEkL9cWiO9WOHeCA==,07/10/2026,OLIMPICO (LB),ATENAS (C),True,OLIMPICO (LB),10,4,TIRO2,FALLADO,Z1-IZ,14.72,44.79
v2to91YNZwNiwui6IsbQbnn3bbwORbSq6rkDWm4GhEkL9cWiO9WOHeCA==,07/10/2026,OLIMPICO (LB),ATENAS (C),False,ATENAS (C),20,4,TIRO3,CONVERTIDO,Z12-DE,63.45,61.54
v2to91YNZwNiwui6IsbQbnn3bbwORbSq6rkDWm4GhEkL9cWiO9WOHeCA==,07/10/2026,OLIMPICO (LB),ATENAS (C),False,ATENAS (C),10,3,TIRO2,CONVERTIDO,Z1-DE,83.55,54.87
v2to91YNZwNiwui6IsbQbnn3bbwORbSq6rkDWm4GhEkL9cWiO9WOHeCA==,07/10/2026,OLIMPICO (LB),ATENAS (C),True,OLIMPICO (LB),6,3,TIRO2,CONVERTIDO,Z1-IZ,14.42,47.86
v2to91YNZwNiwui6IsbQbnn3bbwORbSq6rkDWm4GhEkL9cWiO9WOHeCA==,07/10/2026,OLIMPICO (LB),ATENAS (C),True,OLIMPICO (LB),1,3,TIRO3,FALLADO,Z11-IZ,29.64,80.85
v2to91YNZwNiwui6IsbQbnn3bbwORbSq6rkDWm4GhEkL9cWiO9WOHeCA==,07/10/2026,OLIMPICO (LB),ATENAS (C),True,OLIMPICO (LB),6,3,TIRO2,FALLADO,Z1-IZ,13.4,43.08
v2to91YNZwNiwui6IsbQbnn3bbwORbSq6rkDWm4GhEkL9cWiO9WOHeCA==,07/10/2026,OLIMPICO (LB),ATENAS (C),True,OLIMPICO (LB),1,3,TIRO2,CONVERTIDO,Z1-IZ,12.59,44.44
v2to91YNZwNiwui6IsbQbnn3bbwORbSq6rkDWm4GhEkL9cWiO9WOHeCA==,07/10/2026,OLIMPICO (LB),ATENAS (C),True,OLIMPICO (LB),1,3,TIRO2,FALLADO,Z1-IZ,12.89,41.37
v2to91YNZwNiwui6IsbQbnn3bbwORbSq6rkDWm4GhEkL9cWiO9WOHeCA==,07/10/2026,OLIMPICO (LB),ATENAS (C),True,OLIMPICO (LB),10,3,TIRO2,FALLADO,Z1-IZ,13.3,58.97
v2to91YNZwNiwui6IsbQbnn3bbwORbSq6rkDWm4GhEkL9cWiO9WOHeCA==,07/10/2026,OLIMPICO (LB),ATENAS (C),False,ATENAS (C),20,3,TIRO2,CONVERTIDO,Z4-DE,86.7,74.19
v2to91YNZwNiwui6IsbQbnn3bbwORbSq6rkDWm4GhEkL9cWiO9WOHeCA==,07/10/2026,OLIMPICO (LB),ATENAS (C),True,OLIMPICO (LB),10,3,TIRO3,FALLADO,Z11-IZ,31.47,75.9
v2to91YNZwNiwui6IsbQbnn3bbwORbSq6rkDWm4GhEkL9cWiO9WOHeCA==,07/10/2026,OLIMPICO (LB),ATENAS (C),False,ATENAS (C),8,3,TIRO3,CONVERTIDO,Z12-DE,62.13,45.98
v2to91YNZwNiwui6IsbQbnn3bbwORbSq6rkDWm4GhEkL9cWiO9WOHeCA==,07/10/2026,OLIMPICO (LB),ATENAS (C),True,OLIMPICO (LB),6,3,TIRO3,FALLADO,Z11-IZ,30.36,83.08
v2to91YNZwNiwui6IsbQbnn3bbwORbSq6rkDWm4GhEkL9cWiO9WOHeCA==,07/10/2026,OLIMPICO (LB),ATENAS (C),False,ATENAS (C),20,3,TIRO2,CONVERTIDO,Z1-DE,86.29,42.74
v2to91YNZwNiwui6IsbQbnn3bbwORbSq6rkDWm4GhEkL9cWiO9WOHeCA==,07/10/2026,OLIMPICO (LB),ATENAS (C),False,ATENAS (C),12,3,TIRO2,CONVERTIDO,Z1-DE,84.37,57.26
v2to91YNZwNiwui6IsbQbnn3bbwORbSq6rkDWm4GhEkL9cWiO9WOHeCA==,07/10/2026,OLIMPICO (LB),ATENAS (C),True,OLIMPICO (LB),10,3,TIRO2,CONVERTIDO,Z1-IZ,11.88,55.04
v2to91YNZwNiwui6IsbQbnn3bbwORbSq6rkDWm4GhEkL9cWiO9WOHeCA==,07/10/2026,OLIMPICO (LB),ATENAS (C),False,ATENAS (C),8,3,TIRO2,CONVERTIDO,Z4-DE,84.16,59.49
v2to91YNZwNiwui6IsbQbnn3bbwORbSq6rkDWm4GhEkL9cWiO9WOHeCA==,07/10/2026,OLIMPICO (LB),ATENAS (C),True,OLIMPICO (LB),1,3,TIRO2,CONVERTIDO,Z1-IZ,12.99,46.67
v2to91YNZwNiwui6IsbQbnn3bbwORbSq6rkDWm4GhEkL9cWiO9WOHeCA==,07/10/2026,OLIMPICO (LB),ATENAS (C),True,OLIMPICO (LB),1,3,TIRO2,CONVERTIDO,Z1-IZ,11.37,56.58
v2to91YNZwNiwui6IsbQbnn3bbwORbSq6rkDWm4GhEkL9cWiO9WOHeCA==,07/10/2026,OLIMPICO (LB),ATENAS (C),True,OLIMPICO (LB),0,3,TIRO3,FALLADO,Z11-IZ,29.75,75.38
v2to91YNZwNiwui6IsbQbnn3bbwORbSq6rkDWm4GhEkL9cWiO9WOHeCA==,07/10/2026,OLIMPICO (LB),ATENAS (C),False,ATENAS (C),21,3,TIRO2,FALLADO,Z1-DE,86.29,55.56
v2to91YNZwNiwui6IsbQbnn3bbwORbSq6rkDWm4GhEkL9cWiO9WOHeCA==,07/10/2026,OLIMPICO (LB),ATENAS (C),True,OLIMPICO (LB),6,3,TIRO2,FALLADO,Z1-IZ,13.3,39.49
v2to91YNZwNiwui6IsbQbnn3bbwORbSq6rkDWm4GhEkL9cWiO9WOHeCA==,07/10/2026,OLIMPICO (LB),ATENAS (C),False,ATENAS (C),21,3,TIRO2,CONVERTIDO,Z1-DE,83.76,50.6
v2to91YNZwNiwui6IsbQbnn3bbwORbSq6rkDWm4GhEkL9cWiO9WOHeCA==,07/10/2026,OLIMPICO (LB),ATENAS (C),True,OLIMPICO (LB),0,3,TIRO2,FALLADO,Z1-IZ,13.91,58.97
v2to91YNZwNiwui6IsbQbnn3bbwORbSq6rkDWm4GhEkL9cWiO9WOHeCA==,07/10/2026,OLIMPICO (LB),ATENAS (C),True,OLIMPICO (LB),0,3,TIRO3,CONVERTIDO,Z14-IZ,8.22,8.72
v2to91YNZwNiwui6IsbQbnn3bbwORbSq6rkDWm4GhEkL9cWiO9WOHeCA==,07/10/2026,OLIMPICO (LB),ATENAS (C),False,ATENAS (C),10,3,TIRO2,FALLADO,Z1-DE,85.69,56.92
v2to91YNZwNiwui6IsbQbnn3bbwORbSq6rkDWm4GhEkL9cWiO9WOHeCA==,07/10/2026,OLIMPICO (LB),ATENAS (C),False,ATENAS (C),21,3,TIRO2,FALLADO,Z1-DE,85.18,58.29
v2to91YNZwNiwui6IsbQbnn3bbwORbSq6rkDWm4GhEkL9cWiO9WOHeCA==,07/10/2026,OLIMPICO (LB),ATENAS (C),True,OLIMPICO (LB),1,3,TIRO2,CONVERTIDO,Z1-IZ,13.91,40.17
v2to91YNZwNiwui6IsbQbnn3bbwORbSq6rkDWm4GhEkL9cWiO9WOHeCA==,07/10/2026,OLIMPICO (LB),ATENAS (C),False,ATENAS (C),20,3,TIRO3,CONVERTIDO,Z13-DE,67.01,74.53
v2to91YNZwNiwui6IsbQbnn3bbwORbSq6rkDWm4GhEkL9cWiO9WOHeCA==,07/10/2026,OLIMPICO (LB),ATENAS (C),False,ATENAS (C),21,3,TIRO3,CONVERTIDO,Z12-DE,62.34,48.03
v2to91YNZwNiwui6IsbQbnn3bbwORbSq6rkDWm4GhEkL9cWiO9WOHeCA==,07/10/2026,OLIMPICO (LB),ATENAS (C),False,ATENAS (C),6,3,TIRO3,FALLADO,Z11-DE,67.21,21.71
v2to91YNZwNiwui6IsbQbnn3bbwORbSq6rkDWm4GhEkL9cWiO9WOHeCA==,07/10/2026,OLIMPICO (LB),ATENAS (C),False,ATENAS (C),22,3,TIRO2,FALLADO,Z1-DE,83.86,54.53
v2to91YNZwNiwui6IsbQbnn3bbwORbSq6rkDWm4GhEkL9cWiO9WOHeCA==,07/10/2026,OLIMPICO (LB),ATENAS (C),False,ATENAS (C),6,3,TIRO3,FALLADO,Z12-DE,61.73,50.77
v2to91YNZwNiwui6IsbQbnn3bbwORbSq6rkDWm4GhEkL9cWiO9WOHeCA==,07/10/2026,OLIMPICO (LB),ATENAS (C),True,OLIMPICO (LB),0,3,TIRO3,CONVERTIDO,Z11-IZ,30.25,75.56
v2to91YNZwNiwui6IsbQbnn3bbwORbSq6rkDWm4GhEkL9cWiO9WOHeCA==,07/10/2026,OLIMPICO (LB),ATENAS (C),False,ATENAS (C),22,3,TIRO2,CONVERTIDO,Z3-DE,81.52,50.43
v2to91YNZwNiwui6IsbQbnn3bbwORbSq6rkDWm4GhEkL9cWiO9WOHeCA==,07/10/2026,OLIMPICO (LB),ATENAS (C),False,ATENAS (C),6,3,TIRO2,FALLADO,Z1-DE,86.8,57.78
v2to91YNZwNiwui6IsbQbnn3bbwORbSq6rkDWm4GhEkL9cWiO9WOHeCA==,07/10/2026,OLIMPICO (LB),ATENAS (C),True,OLIMPICO (LB),1,3,TIRO3,CONVERTIDO,Z10-IZ,9.24,90.26
v2to91YNZwNiwui6IsbQbnn3bbwORbSq6rkDWm4GhEkL9cWiO9WOHeCA==,07/10/2026,OLIMPICO (LB),ATENAS (C),False,ATENAS (C),21,3,TIRO3,FALLADO,Z10-DE,89.64,11.45
v2to91YNZwNiwui6IsbQbnn3bbwORbSq6rkDWm4GhEkL9cWiO9WOHeCA==,07/10/2026,OLIMPICO (LB),ATENAS (C),False,ATENAS (C),20,3,TIRO2,FALLADO,Z3-DE,83.05,57.26
v2to91YNZwNiwui6IsbQbnn3bbwORbSq6rkDWm4GhEkL9cWiO9WOHeCA==,07/10/2026,OLIMPICO (LB),ATENAS (C),True,OLIMPICO (LB),0,3,TIRO3,CONVERTIDO,Z10-IZ,9.34,90.09
v2to91YNZwNiwui6IsbQbnn3bbwORbSq6rkDWm4GhEkL9cWiO9WOHeCA==,07/10/2026,OLIMPICO (LB),ATENAS (C),True,OLIMPICO (LB),6,2,TIRO2,CONVERTIDO,Z1-IZ,15.43,42.91
v2to91YNZwNiwui6IsbQbnn3bbwORbSq6rkDWm4GhEkL9cWiO9WOHeCA==,07/10/2026,OLIMPICO (LB),ATENAS (C),False,ATENAS (C),6,2,TIRO3,CONVERTIDO,Z12-DE,65.28,61.37
v2to91YNZwNiwui6IsbQbnn3bbwORbSq6rkDWm4GhEkL9cWiO9WOHeCA==,07/10/2026,OLIMPICO (LB),ATENAS (C),True,OLIMPICO (LB),6,2,TIRO2,FALLADO,Z1-IZ,14.01,58.29
v2to91YNZwNiwui6IsbQbnn3bbwORbSq6rkDWm4GhEkL9cWiO9WOHeCA==,07/10/2026,OLIMPICO (LB),ATENAS (C),True,OLIMPICO (LB),6,2,TIRO2,CONVERTIDO,Z2-IZ,15.13,64.44
v2to91YNZwNiwui6IsbQbnn3bbwORbSq6rkDWm4GhEkL9cWiO9WOHeCA==,07/10/2026,OLIMPICO (LB),ATENAS (C),False,ATENAS (C),6,2,TIRO2,FALLADO,Z1-DE,84.26,56.07
v2to91YNZwNiwui6IsbQbnn3bbwORbSq6rkDWm4GhEkL9cWiO9WOHeCA==,07/10/2026,OLIMPICO (LB),ATENAS (C),True,OLIMPICO (LB),0,2,TIRO3,FALLADO,Z11-IZ,35.63,67.52
v2to91YNZwNiwui6IsbQbnn3bbwORbSq6rkDWm4GhEkL9cWiO9WOHeCA==,07/10/2026,OLIMPICO (LB),ATENAS (C),False,ATENAS (C),6,2,TIRO2,CONVERTIDO,Z1-DE,87.01,38.8
v2to91YNZwNiwui6IsbQbnn3bbwORbSq6rkDWm4GhEkL9cWiO9WOHeCA==,07/10/2026,OLIMPICO (LB),ATENAS (C),True,OLIMPICO (LB),0,2,TIRO3,CONVERTIDO,Z13-IZ,30.36,20.51
v2to91YNZwNiwui6IsbQbnn3bbwORbSq6rkDWm4GhEkL9cWiO9WOHeCA==,07/10/2026,OLIMPICO (LB),ATENAS (C),False,ATENAS (C),8,2,TIRO3,FALLADO,Z14-DE,90.15,91.62
v2to91YNZwNiwui6IsbQbnn3bbwORbSq6rkDWm4GhEkL9cWiO9WOHeCA==,07/10/2026,OLIMPICO (LB),ATENAS (C),False,ATENAS (C),10,2,TIRO3,FALLADO,Z11-DE,66.19,29.23
v2to91YNZwNiwui6IsbQbnn3bbwORbSq6rkDWm4GhEkL9cWiO9WOHeCA==,07/10/2026,OLIMPICO (LB),ATENAS (C),True,OLIMPICO (LB),4,2,TIRO3,CONVERTIDO,Z12-IZ,37.26,47.86
v2to91YNZwNiwui6IsbQbnn3bbwORbSq6rkDWm4GhEkL9cWiO9WOHeCA==,07/10/2026,OLIMPICO (LB),ATENAS (C),True,OLIMPICO (LB),34,2,TIRO2,CONVERTIDO,Z1-IZ,14.11,57.78
v2to91YNZwNiwui6IsbQbnn3bbwORbSq6rkDWm4GhEkL9cWiO9WOHeCA==,07/10/2026,OLIMPICO (LB),ATENAS (C),False,ATENAS (C),8,2,TIRO3,FALLADO,Z12-DE,64.37,38.97
v2to91YNZwNiwui6IsbQbnn3bbwORbSq6rkDWm4GhEkL9cWiO9WOHeCA==,07/10/2026,OLIMPICO (LB),ATENAS (C),True,OLIMPICO (LB),1,2,TIRO3,FALLADO,Z13-IZ,35.63,29.91
v2to91YNZwNiwui6IsbQbnn3bbwORbSq6rkDWm4GhEkL9cWiO9WOHeCA==,07/10/2026,OLIMPICO (LB),ATENAS (C),True,OLIMPICO (LB),10,2,TIRO3,CONVERTIDO,Z14-IZ,13.2,8.03
v2to91YNZwNiwui6IsbQbnn3bbwORbSq6rkDWm4GhEkL9cWiO9WOHeCA==,07/10/2026,OLIMPICO (LB),ATENAS (C),False,ATENAS (C),10,2,TIRO3,FALLADO,Z13-DE,65.99,67.35
v2to91YNZwNiwui6IsbQbnn3bbwORbSq6rkDWm4GhEkL9cWiO9WOHeCA==,07/10/2026,OLIMPICO (LB),ATENAS (C),True,OLIMPICO (LB),1,2,TIRO3,CONVERTIDO,Z10-IZ,11.88,91.97
v2to91YNZwNiwui6IsbQbnn3bbwORbSq6rkDWm4GhEkL9cWiO9WOHeCA==,07/10/2026,OLIMPICO (LB),ATENAS (C),False,ATENAS (C),10,2,TIRO2,CONVERTIDO,Z1-DE,86.7,56.58
v2to91YNZwNiwui6IsbQbnn3bbwORbSq6rkDWm4GhEkL9cWiO9WOHeCA==,07/10/2026,OLIMPICO (LB),ATENAS (C),True,OLIMPICO (LB),0,2,TIRO3,CONVERTIDO,Z10-IZ,12.08,91.28
v2to91YNZwNiwui6IsbQbnn3bbwORbSq6rkDWm4GhEkL9cWiO9WOHeCA==,07/10/2026,OLIMPICO (LB),ATENAS (C),True,OLIMPICO (LB),18,2,TIRO3,FALLADO,Z11-IZ,31.37,84.62
v2to91YNZwNiwui6IsbQbnn3bbwORbSq6rkDWm4GhEkL9cWiO9WOHeCA==,07/10/2026,OLIMPICO (LB),ATENAS (C),False,ATENAS (C),12,2,TIRO2,CONVERTIDO,Z1-DE,86.9,47.18
v2to91YNZwNiwui6IsbQbnn3bbwORbSq6rkDWm4GhEkL9cWiO9WOHeCA==,07/10/2026,OLIMPICO (LB),ATENAS (C),False,ATENAS (C),12,2,TIRO2,FALLADO,Z1-DE,85.28,51.97
v2to91YNZwNiwui6IsbQbnn3bbwORbSq6rkDWm4GhEkL9cWiO9WOHeCA==,07/10/2026,OLIMPICO (LB),ATENAS (C),False,ATENAS (C),22,2,TIRO2,CONVERTIDO,Z1-DE,87.41,50.6
v2to91YNZwNiwui6IsbQbnn3bbwORbSq6rkDWm4GhEkL9cWiO9WOHeCA==,07/10/2026,OLIMPICO (LB),ATENAS (C),True,OLIMPICO (LB),0,2,TIRO3,FALLADO,Z12-IZ,37.36,63.59
v2to91YNZwNiwui6IsbQbnn3bbwORbSq6rkDWm4GhEkL9cWiO9WOHeCA==,07/10/2026,OLIMPICO (LB),ATENAS (C),False,ATENAS (C),21,2,TIRO3,FALLADO,FRANJA-INFERIOR,92.89,93.33
v2to91YNZwNiwui6IsbQbnn3bbwORbSq6rkDWm4GhEkL9cWiO9WOHeCA==,07/10/2026,OLIMPICO (LB),ATENAS (C),True,OLIMPICO (LB),4,2,TIRO3,FALLADO,Z11-IZ,24.97,88.89
v2to91YNZwNiwui6IsbQbnn3bbwORbSq6rkDWm4GhEkL9cWiO9WOHeCA==,07/10/2026,OLIMPICO (LB),ATENAS (C),True,OLIMPICO (LB),4,2,TIRO2,FALLADO,Z1-IZ,16.65,45.98
v2to91YNZwNiwui6IsbQbnn3bbwORbSq6rkDWm4GhEkL9cWiO9WOHeCA==,07/10/2026,OLIMPICO (LB),ATENAS (C),False,ATENAS (C),6,2,TIRO3,CONVERTIDO,Z13-DE,71.07,75.73
v2to91YNZwNiwui6IsbQbnn3bbwORbSq6rkDWm4GhEkL9cWiO9WOHeCA==,07/10/2026,OLIMPICO (LB),ATENAS (C),False,ATENAS (C),21,2,TIRO2,FALLADO,Z2-DE,88.02,32.65
v2to91YNZwNiwui6IsbQbnn3bbwORbSq6rkDWm4GhEkL9cWiO9WOHeCA==,07/10/2026,OLIMPICO (LB),ATENAS (C),True,OLIMPICO (LB),11,2,TIRO3,FALLADO,Z13-IZ,31.17,28.72
v2to91YNZwNiwui6IsbQbnn3bbwORbSq6rkDWm4GhEkL9cWiO9WOHeCA==,07/10/2026,OLIMPICO (LB),ATENAS (C),True,OLIMPICO (LB),1,2,TIRO3,FALLADO,Z11-IZ,32.79,78.46
v2to91YNZwNiwui6IsbQbnn3bbwORbSq6rkDWm4GhEkL9cWiO9WOHeCA==,07/10/2026,OLIMPICO (LB),ATENAS (C),False,ATENAS (C),12,2,TIRO2,CONVERTIDO,Z1-DE,87.51,49.4
v2to91YNZwNiwui6IsbQbnn3bbwORbSq6rkDWm4GhEkL9cWiO9WOHeCA==,07/10/2026,OLIMPICO (LB),ATENAS (C),True,OLIMPICO (LB),34,2,TIRO2,CONVERTIDO,Z1-IZ,13.81,56.41
v2to91YNZwNiwui6IsbQbnn3bbwORbSq6rkDWm4GhEkL9cWiO9WOHeCA==,07/10/2026,OLIMPICO (LB),ATENAS (C),False,ATENAS (C),10,2,TIRO2,FALLADO,Z3-DE,82.64,56.58
v2to91YNZwNiwui6IsbQbnn3bbwORbSq6rkDWm4GhEkL9cWiO9WOHeCA==,07/10/2026,OLIMPICO (LB),ATENAS (C),False,ATENAS (C),10,1,TIRO3,CONVERTIDO,Z12-DE,56.65,54.36
v2to91YNZwNiwui6IsbQbnn3bbwORbSq6rkDWm4GhEkL9cWiO9WOHeCA==,07/10/2026,OLIMPICO (LB),ATENAS (C),True,OLIMPICO (LB),6,1,TIRO2,FALLADO,Z1-IZ,15.23,59.15
v2to91YNZwNiwui6IsbQbnn3bbwORbSq6rkDWm4GhEkL9cWiO9WOHeCA==,07/10/2026,OLIMPICO (LB),ATENAS (C),True,OLIMPICO (LB),18,1,TIRO2,FALLADO,Z4-IZ,14.52,34.19
v2to91YNZwNiwui6IsbQbnn3bbwORbSq6rkDWm4GhEkL9cWiO9WOHeCA==,07/10/2026,OLIMPICO (LB),ATENAS (C),False,ATENAS (C),12,1,TIRO2,CONVERTIDO,Z1-DE,86.5,58.46
v2to91YNZwNiwui6IsbQbnn3bbwORbSq6rkDWm4GhEkL9cWiO9WOHeCA==,07/10/2026,OLIMPICO (LB),ATENAS (C),True,OLIMPICO (LB),10,1,TIRO2,CONVERTIDO,Z1-IZ,13.4,45.81
v2to91YNZwNiwui6IsbQbnn3bbwORbSq6rkDWm4GhEkL9cWiO9WOHeCA==,07/10/2026,OLIMPICO (LB),ATENAS (C),False,ATENAS (C),8,1,TIRO2,CONVERTIDO,Z3-DE,80.71,44.44
v2to91YNZwNiwui6IsbQbnn3bbwORbSq6rkDWm4GhEkL9cWiO9WOHeCA==,07/10/2026,OLIMPICO (LB),ATENAS (C),True,OLIMPICO (LB),10,1,TIRO2,FALLADO,Z3-IZ,19.7,46.84
v2to91YNZwNiwui6IsbQbnn3bbwORbSq6rkDWm4GhEkL9cWiO9WOHeCA==,07/10/2026,OLIMPICO (LB),ATENAS (C),True,OLIMPICO (LB),18,1,TIRO3,FALLADO,Z13-IZ,29.64,17.95
v2to91YNZwNiwui6IsbQbnn3bbwORbSq6rkDWm4GhEkL9cWiO9WOHeCA==,07/10/2026,OLIMPICO (LB),ATENAS (C),True,OLIMPICO (LB),26,1,TIRO2,FALLADO,Z1-IZ,15.53,58.63
v2to91YNZwNiwui6IsbQbnn3bbwORbSq6rkDWm4GhEkL9cWiO9WOHeCA==,07/10/2026,OLIMPICO (LB),ATENAS (C),False,ATENAS (C),10,1,TIRO2,FALLADO,Z2-DE,78.68,37.26
v2to91YNZwNiwui6IsbQbnn3bbwORbSq6rkDWm4GhEkL9cWiO9WOHeCA==,07/10/2026,OLIMPICO (LB),ATENAS (C),True,OLIMPICO (LB),6,1,TIRO3,CONVERTIDO,Z13-IZ,23.15,12.82
v2to91YNZwNiwui6IsbQbnn3bbwORbSq6rkDWm4GhEkL9cWiO9WOHeCA==,07/10/2026,OLIMPICO (LB),ATENAS (C),True,OLIMPICO (LB),18,1,TIRO3,FALLADO,Z13-IZ,32.79,26.15
v2to91YNZwNiwui6IsbQbnn3bbwORbSq6rkDWm4GhEkL9cWiO9WOHeCA==,07/10/2026,OLIMPICO (LB),ATENAS (C),False,ATENAS (C),10,1,TIRO2,CONVERTIDO,Z1-DE,85.79,44.27
v2to91YNZwNiwui6IsbQbnn3bbwORbSq6rkDWm4GhEkL9cWiO9WOHeCA==,07/10/2026,OLIMPICO (LB),ATENAS (C),True,OLIMPICO (LB),10,1,TIRO2,FALLADO,Z1-IZ,14.21,55.9
v2to91YNZwNiwui6IsbQbnn3bbwORbSq6rkDWm4GhEkL9cWiO9WOHeCA==,07/10/2026,OLIMPICO (LB),ATENAS (C),False,ATENAS (C),20,1,TIRO2,CONVERTIDO,Z1-DE,87.01,45.47
v2to91YNZwNiwui6IsbQbnn3bbwORbSq6rkDWm4GhEkL9cWiO9WOHeCA==,07/10/2026,OLIMPICO (LB),ATENAS (C),True,OLIMPICO (LB),11,1,TIRO2,CONVERTIDO,Z1-IZ,17.56,50.26
v2to91YNZwNiwui6IsbQbnn3bbwORbSq6rkDWm4GhEkL9cWiO9WOHeCA==,07/10/2026,OLIMPICO (LB),ATENAS (C),False,ATENAS (C),12,1,TIRO3,CONVERTIDO,Z13-DE,67.01,67.35
v2to91YNZwNiwui6IsbQbnn3bbwORbSq6rkDWm4GhEkL9cWiO9WOHeCA==,07/10/2026,OLIMPICO (LB),ATENAS (C),False,ATENAS (C),10,1,TIRO3,FALLADO,Z11-DE,75.33,14.19
v2to91YNZwNiwui6IsbQbnn3bbwORbSq6rkDWm4GhEkL9cWiO9WOHeCA==,07/10/2026,OLIMPICO (LB),ATENAS (C),True,OLIMPICO (LB),4,1,TIRO2,FALLADO,Z8-IZ,26.29,35.04
v2to91YNZwNiwui6IsbQbnn3bbwORbSq6rkDWm4GhEkL9cWiO9WOHeCA==,07/10/2026,OLIMPICO (LB),ATENAS (C),False,ATENAS (C),8,1,TIRO3,FALLADO,Z11-DE,66.6,26.32
v2to91YNZwNiwui6IsbQbnn3bbwORbSq6rkDWm4GhEkL9cWiO9WOHeCA==,07/10/2026,OLIMPICO (LB),ATENAS (C),False,ATENAS (C),22,1,TIRO2,CONVERTIDO,Z1-DE,87.92,51.28
v2to91YNZwNiwui6IsbQbnn3bbwORbSq6rkDWm4GhEkL9cWiO9WOHeCA==,07/10/2026,OLIMPICO (LB),ATENAS (C),True,OLIMPICO (LB),0,1,TIRO3,FALLADO,Z12-IZ,37.87,48.03
v2to91YNZwNiwui6IsbQbnn3bbwORbSq6rkDWm4GhEkL9cWiO9WOHeCA==,07/10/2026,OLIMPICO (LB),ATENAS (C),False,ATENAS (C),21,1,TIRO3,FALLADO,Z11-DE,72.18,16.75
v2to91YNZwNiwui6IsbQbnn3bbwORbSq6rkDWm4GhEkL9cWiO9WOHeCA==,07/10/2026,OLIMPICO (LB),ATENAS (C),True,OLIMPICO (LB),0,1,TIRO3,CONVERTIDO,Z12-IZ,37.06,47.86
v2to91YNZwNiwui6IsbQbnn3bbwORbSq6rkDWm4GhEkL9cWiO9WOHeCA==,07/10/2026,OLIMPICO (LB),ATENAS (C),False,ATENAS (C),20,1,TIRO2,CONVERTIDO,Z1-DE,86.6,57.78
v2to91YNZwNiwui6IsbQbnn3bbwORbSq6rkDWm4GhEkL9cWiO9WOHeCA==,07/10/2026,OLIMPICO (LB),ATENAS (C),False,ATENAS (C),20,1,TIRO3,FALLADO,Z11-DE,65.18,29.91
v2to91YNZwNiwui6IsbQbnn3bbwORbSq6rkDWm4GhEkL9cWiO9WOHeCA==,07/10/2026,OLIMPICO (LB),ATENAS (C),True,OLIMPICO (LB),0,1,TIRO2,CONVERTIDO,Z1-IZ,14.72,43.59
v2to91YNZwNiwui6IsbQbnn3bbwORbSq6rkDWm4GhEkL9cWiO9WOHeCA==,07/10/2026,OLIMPICO (LB),ATENAS (C),False,ATENAS (C),6,1,TIRO3,FALLADO,Z13-DE,67.61,75.56
v2to91YNZwNiwui6IsbQbnn3bbwORbSq6rkDWm4GhEkL9cWiO9WOHeCA==,07/10/2026,OLIMPICO (LB),ATENAS (C),True,OLIMPICO (LB),1,1,TIRO2,FALLADO,Z4-IZ,15.84,30.6
v2to91YNZwNiwui6IsbQbnn3bbwORbSq6rkDWm4GhEkL9cWiO9WOHeCA==,07/10/2026,OLIMPICO (LB),ATENAS (C),False,ATENAS (C),10,1,TIRO2,FALLADO,Z1-DE,83.86,54.53
v2to91YNZwNiwui6IsbQbnn3bbwORbSq6rkDWm4GhEkL9cWiO9WOHeCA==,07/10/2026,OLIMPICO (LB),ATENAS (C),True,OLIMPICO (LB),34,1,TIRO2,CONVERTIDO,Z1-IZ,14.52,47.86
v2to91YNZwNiwui6IsbQbnn3bbwORbSq6rkDWm4GhEkL9cWiO9WOHeCA==,07/10/2026,OLIMPICO (LB),ATENAS (C),True,OLIMPICO (LB),0,1,TIRO2,FALLADO,Z4-IZ,19.49,31.11
v2to91YNZwNiwui6IsbQbnn3bbwORbSq6rkDWm4GhEkL9cWiO9WOHeCA==,07/10/2026,OLIMPICO (LB),ATENAS (C),False,ATENAS (C),21,1,TIRO3,CONVERTIDO,Z13-DE,68.12,75.9
v2to91YNZwNiwui6IsbQbnn3bbwORbSq6rkDWm4GhEkL9cWiO9WOHeCA==,07/10/2026,OLIMPICO (LB),ATENAS (C),True,OLIMPICO (LB),4,1,TIRO3,FALLADO,Z13-IZ,32.39,25.81
v2to91YNZwNiwui6IsbQbnn3bbwORbSq6rkDWm4GhEkL9cWiO9WOHeCA==,07/10/2026,OLIMPICO (LB),ATENAS (C),False,ATENAS (C),20,1,TIRO3,FALLADO,Z11-DE,68.83,23.25
v2to91YNZwNiwui6IsbQbnn3bbwORbSq6rkDWm4GhEkL9cWiO9WOHeCA==,07/10/2026,OLIMPICO (LB),ATENAS (C),True,OLIMPICO (LB),1,1,TIRO2,FALLADO,Z1-IZ,14.42,55.56
v2uln1y3f0OXUREDHBUZvgS3gbxNSf9MxitWfeJLdv5P8gpKgkRo9vaQ==,08/10/2026,RACING (CH),SAN MARTÍN (C),False,SAN MARTÍN (C),2,6,TIRO2,FALLADO,Z1-DE,87.72,50.6
v2uln1y3f0OXUREDHBUZvgS3gbxNSf9MxitWfeJLdv5P8gpKgkRo9vaQ==,08/10/2026,RACING (CH),SAN MARTÍN (C),True,RACING (CH),6,6,TIRO2,CONVERTIDO,Z1-IZ,12.39,49.23
v2uln1y3f0OXUREDHBUZvgS3gbxNSf9MxitWfeJLdv5P8gpKgkRo9vaQ==,08/10/2026,RACING (CH),SAN MARTÍN (C),False,SAN MARTÍN (C),0,6,TIRO3,CONVERTIDO,Z12-DE,64.67,53.85
v2uln1y3f0OXUREDHBUZvgS3gbxNSf9MxitWfeJLdv5P8gpKgkRo9vaQ==,08/10/2026,RACING (CH),SAN MARTÍN (C),True,RACING (CH),33,6,TIRO2,CONVERTIDO,Z1-IZ,12.89,50.6
v2uln1y3f0OXUREDHBUZvgS3gbxNSf9MxitWfeJLdv5P8gpKgkRo9vaQ==,08/10/2026,RACING (CH),SAN MARTÍN (C),False,SAN MARTÍN (C),16,6,TIRO2,FALLADO,Z1-DE,87.82,50.43
v2uln1y3f0OXUREDHBUZvgS3gbxNSf9MxitWfeJLdv5P8gpKgkRo9vaQ==,08/10/2026,RACING (CH),SAN MARTÍN (C),False,SAN MARTÍN (C),16,6,TIRO3,FALLADO,Z12-DE,64.06,54.87
v2uln1y3f0OXUREDHBUZvgS3gbxNSf9MxitWfeJLdv5P8gpKgkRo9vaQ==,08/10/2026,RACING (CH),SAN MARTÍN (C),True,RACING (CH),33,6,TIRO2,CONVERTIDO,Z1-IZ,14.72,48.72
v2uln1y3f0OXUREDHBUZvgS3gbxNSf9MxitWfeJLdv5P8gpKgkRo9vaQ==,08/10/2026,RACING (CH),SAN MARTÍN (C),False,SAN MARTÍN (C),0,6,TIRO2,CONVERTIDO,Z7-DE,74.21,51.79
v2uln1y3f0OXUREDHBUZvgS3gbxNSf9MxitWfeJLdv5P8gpKgkRo9vaQ==,08/10/2026,RACING (CH),SAN MARTÍN (C),True,RACING (CH),2,6,TIRO2,CONVERTIDO,Z3-IZ,22.84,59.15
v2uln1y3f0OXUREDHBUZvgS3gbxNSf9MxitWfeJLdv5P8gpKgkRo9vaQ==,08/10/2026,RACING (CH),SAN MARTÍN (C),True,RACING (CH),13,6,TIRO3,FALLADO,Z11-IZ,32.89,74.02
v2uln1y3f0OXUREDHBUZvgS3gbxNSf9MxitWfeJLdv5P8gpKgkRo9vaQ==,08/10/2026,RACING (CH),SAN MARTÍN (C),True,RACING (CH),12,6,TIRO2,CONVERTIDO,Z1-IZ,12.69,48.72
v2uln1y3f0OXUREDHBUZvgS3gbxNSf9MxitWfeJLdv5P8gpKgkRo9vaQ==,08/10/2026,RACING (CH),SAN MARTÍN (C),True,RACING (CH),3,6,TIRO3,CONVERTIDO,Z13-IZ,32.49,30.43
v2uln1y3f0OXUREDHBUZvgS3gbxNSf9MxitWfeJLdv5P8gpKgkRo9vaQ==,08/10/2026,RACING (CH),SAN MARTÍN (C),False,SAN MARTÍN (C),0,6,TIRO2,CONVERTIDO,Z1-DE,90.15,49.4
v2uln1y3f0OXUREDHBUZvgS3gbxNSf9MxitWfeJLdv5P8gpKgkRo9vaQ==,08/10/2026,RACING (CH),SAN MARTÍN (C),True,RACING (CH),33,6,TIRO2,FALLADO,Z1-IZ,12.08,50.77
v2uln1y3f0OXUREDHBUZvgS3gbxNSf9MxitWfeJLdv5P8gpKgkRo9vaQ==,08/10/2026,RACING (CH),SAN MARTÍN (C),False,SAN MARTÍN (C),16,6,TIRO2,CONVERTIDO,Z4-DE,87.21,63.93
v2uln1y3f0OXUREDHBUZvgS3gbxNSf9MxitWfeJLdv5P8gpKgkRo9vaQ==,08/10/2026,RACING (CH),SAN MARTÍN (C),True,RACING (CH),33,6,TIRO2,CONVERTIDO,Z4-IZ,20.2,39.32
v2uln1y3f0OXUREDHBUZvgS3gbxNSf9MxitWfeJLdv5P8gpKgkRo9vaQ==,08/10/2026,RACING (CH),SAN MARTÍN (C),True,RACING (CH),6,5,TIRO2,FALLADO,Z3-IZ,20.61,50.6
v2uln1y3f0OXUREDHBUZvgS3gbxNSf9MxitWfeJLdv5P8gpKgkRo9vaQ==,08/10/2026,RACING (CH),SAN MARTÍN (C),False,SAN MARTÍN (C),16,5,TIRO3,CONVERTIDO,Z13-DE,66.9,74.36
v2uln1y3f0OXUREDHBUZvgS3gbxNSf9MxitWfeJLdv5P8gpKgkRo9vaQ==,08/10/2026,RACING (CH),SAN MARTÍN (C),True,RACING (CH),3,5,TIRO3,CONVERTIDO,Z12-IZ,37.26,48.55
v2uln1y3f0OXUREDHBUZvgS3gbxNSf9MxitWfeJLdv5P8gpKgkRo9vaQ==,08/10/2026,RACING (CH),SAN MARTÍN (C),True,RACING (CH),33,5,TIRO2,FALLADO,Z1-IZ,14.82,40.0
v2uln1y3f0OXUREDHBUZvgS3gbxNSf9MxitWfeJLdv5P8gpKgkRo9vaQ==,08/10/2026,RACING (CH),SAN MARTÍN (C),True,RACING (CH),3,5,TIRO2,FALLADO,Z1-IZ,13.71,50.77
v2uln1y3f0OXUREDHBUZvgS3gbxNSf9MxitWfeJLdv5P8gpKgkRo9vaQ==,08/10/2026,RACING (CH),SAN MARTÍN (C),False,SAN MARTÍN (C),0,5,TIRO3,CONVERTIDO,Z12-DE,64.67,57.09
v2uln1y3f0OXUREDHBUZvgS3gbxNSf9MxitWfeJLdv5P8gpKgkRo9vaQ==,08/10/2026,RACING (CH),SAN MARTÍN (C),True,RACING (CH),20,5,TIRO3,CONVERTIDO,Z10-IZ,10.25,88.21
v2uln1y3f0OXUREDHBUZvgS3gbxNSf9MxitWfeJLdv5P8gpKgkRo9vaQ==,08/10/2026,RACING (CH),SAN MARTÍN (C),False,SAN MARTÍN (C),4,5,TIRO3,CONVERTIDO,Z13-DE,68.32,71.62
v2uln1y3f0OXUREDHBUZvgS3gbxNSf9MxitWfeJLdv5P8gpKgkRo9vaQ==,08/10/2026,RACING (CH),SAN MARTÍN (C),True,RACING (CH),3,5,TIRO3,CONVERTIDO,Z11-IZ,28.43,78.12
v2uln1y3f0OXUREDHBUZvgS3gbxNSf9MxitWfeJLdv5P8gpKgkRo9vaQ==,08/10/2026,RACING (CH),SAN MARTÍN (C),False,SAN MARTÍN (C),16,5,TIRO3,CONVERTIDO,Z13-DE,81.22,88.72
v2uln1y3f0OXUREDHBUZvgS3gbxNSf9MxitWfeJLdv5P8gpKgkRo9vaQ==,08/10/2026,RACING (CH),SAN MARTÍN (C),True,RACING (CH),20,5,TIRO3,CONVERTIDO,Z13-IZ,28.73,21.03
v2uln1y3f0OXUREDHBUZvgS3gbxNSf9MxitWfeJLdv5P8gpKgkRo9vaQ==,08/10/2026,RACING (CH),SAN MARTÍN (C),False,SAN MARTÍN (C),7,5,TIRO2,FALLADO,Z1-DE,82.94,47.01
v2uln1y3f0OXUREDHBUZvgS3gbxNSf9MxitWfeJLdv5P8gpKgkRo9vaQ==,08/10/2026,RACING (CH),SAN MARTÍN (C),True,RACING (CH),20,5,TIRO3,FALLADO,Z13-IZ,31.57,25.81
v2uln1y3f0OXUREDHBUZvgS3gbxNSf9MxitWfeJLdv5P8gpKgkRo9vaQ==,08/10/2026,RACING (CH),SAN MARTÍN (C),False,SAN MARTÍN (C),7,5,TIRO2,CONVERTIDO,Z1-DE,87.82,49.4
v2uln1y3f0OXUREDHBUZvgS3gbxNSf9MxitWfeJLdv5P8gpKgkRo9vaQ==,08/10/2026,RACING (CH),SAN MARTÍN (C),True,RACING (CH),2,4,TIRO3,FALLADO,Z12-IZ,40.91,50.26
v2uln1y3f0OXUREDHBUZvgS3gbxNSf9MxitWfeJLdv5P8gpKgkRo9vaQ==,08/10/2026,RACING (CH),SAN MARTÍN (C),False,SAN MARTÍN (C),0,4,TIRO3,CONVERTIDO,Z13-DE,67.11,74.02
v2uln1y3f0OXUREDHBUZvgS3gbxNSf9MxitWfeJLdv5P8gpKgkRo9vaQ==,08/10/2026,RACING (CH),SAN MARTÍN (C),True,RACING (CH),20,4,TIRO3,FALLADO,Z14-IZ,7.31,8.89
v2uln1y3f0OXUREDHBUZvgS3gbxNSf9MxitWfeJLdv5P8gpKgkRo9vaQ==,08/10/2026,RACING (CH),SAN MARTÍN (C),True,RACING (CH),3,4,TIRO2,FALLADO,Z1-IZ,12.39,49.91
v2uln1y3f0OXUREDHBUZvgS3gbxNSf9MxitWfeJLdv5P8gpKgkRo9vaQ==,08/10/2026,RACING (CH),SAN MARTÍN (C),True,RACING (CH),3,4,TIRO3,FALLADO,Z11-IZ,35.74,72.99
v2uln1y3f0OXUREDHBUZvgS3gbxNSf9MxitWfeJLdv5P8gpKgkRo9vaQ==,08/10/2026,RACING (CH),SAN MARTÍN (C),True,RACING (CH),33,4,TIRO2,FALLADO,Z9-IZ,10.36,18.8
v2uln1y3f0OXUREDHBUZvgS3gbxNSf9MxitWfeJLdv5P8gpKgkRo9vaQ==,08/10/2026,RACING (CH),SAN MARTÍN (C),False,SAN MARTÍN (C),7,4,TIRO2,CONVERTIDO,Z1-DE,88.93,49.91
v2uln1y3f0OXUREDHBUZvgS3gbxNSf9MxitWfeJLdv5P8gpKgkRo9vaQ==,08/10/2026,RACING (CH),SAN MARTÍN (C),False,SAN MARTÍN (C),7,4,TIRO2,FALLADO,Z1-DE,85.99,52.48
v2uln1y3f0OXUREDHBUZvgS3gbxNSf9MxitWfeJLdv5P8gpKgkRo9vaQ==,08/10/2026,RACING (CH),SAN MARTÍN (C),False,SAN MARTÍN (C),4,4,TIRO2,FALLADO,Z1-DE,86.4,51.97
v2uln1y3f0OXUREDHBUZvgS3gbxNSf9MxitWfeJLdv5P8gpKgkRo9vaQ==,08/10/2026,RACING (CH),SAN MARTÍN (C),True,RACING (CH),33,4,TIRO3,FALLADO,Z13-IZ,28.93,23.08
v2uln1y3f0OXUREDHBUZvgS3gbxNSf9MxitWfeJLdv5P8gpKgkRo9vaQ==,08/10/2026,RACING (CH),SAN MARTÍN (C),True,RACING (CH),2,4,TIRO3,CONVERTIDO,Z12-IZ,35.03,47.69
v2uln1y3f0OXUREDHBUZvgS3gbxNSf9MxitWfeJLdv5P8gpKgkRo9vaQ==,08/10/2026,RACING (CH),SAN MARTÍN (C),False,SAN MARTÍN (C),16,4,TIRO3,CONVERTIDO,Z13-DE,67.82,72.48
v2uln1y3f0OXUREDHBUZvgS3gbxNSf9MxitWfeJLdv5P8gpKgkRo9vaQ==,08/10/2026,RACING (CH),SAN MARTÍN (C),True,RACING (CH),2,4,TIRO2,CONVERTIDO,Z1-IZ,11.07,50.09
v2uln1y3f0OXUREDHBUZvgS3gbxNSf9MxitWfeJLdv5P8gpKgkRo9vaQ==,08/10/2026,RACING (CH),SAN MARTÍN (C),True,RACING (CH),2,4,TIRO3,FALLADO,Z13-IZ,30.76,30.6
v2uln1y3f0OXUREDHBUZvgS3gbxNSf9MxitWfeJLdv5P8gpKgkRo9vaQ==,08/10/2026,RACING (CH),SAN MARTÍN (C),False,SAN MARTÍN (C),7,4,TIRO2,FALLADO,Z1-DE,88.83,51.79
v2uln1y3f0OXUREDHBUZvgS3gbxNSf9MxitWfeJLdv5P8gpKgkRo9vaQ==,08/10/2026,RACING (CH),SAN MARTÍN (C),True,RACING (CH),33,4,TIRO3,CONVERTIDO,Z13-IZ,30.15,24.62
v2uln1y3f0OXUREDHBUZvgS3gbxNSf9MxitWfeJLdv5P8gpKgkRo9vaQ==,08/10/2026,RACING (CH),SAN MARTÍN (C),False,SAN MARTÍN (C),0,4,TIRO2,CONVERTIDO,Z1-DE,87.92,49.4
v2uln1y3f0OXUREDHBUZvgS3gbxNSf9MxitWfeJLdv5P8gpKgkRo9vaQ==,08/10/2026,RACING (CH),SAN MARTÍN (C),True,RACING (CH),2,4,TIRO3,FALLADO,Z13-IZ,32.49,32.65
v2uln1y3f0OXUREDHBUZvgS3gbxNSf9MxitWfeJLdv5P8gpKgkRo9vaQ==,08/10/2026,RACING (CH),SAN MARTÍN (C),False,SAN MARTÍN (C),2,4,TIRO3,CONVERTIDO,Z11-DE,69.64,20.17
v2uln1y3f0OXUREDHBUZvgS3gbxNSf9MxitWfeJLdv5P8gpKgkRo9vaQ==,08/10/2026,RACING (CH),SAN MARTÍN (C),True,RACING (CH),21,4,TIRO2,CONVERTIDO,Z1-IZ,12.39,49.91
v2uln1y3f0OXUREDHBUZvgS3gbxNSf9MxitWfeJLdv5P8gpKgkRo9vaQ==,08/10/2026,RACING (CH),SAN MARTÍN (C),True,RACING (CH),20,4,TIRO3,FALLADO,Z11-IZ,28.63,76.24
v2uln1y3f0OXUREDHBUZvgS3gbxNSf9MxitWfeJLdv5P8gpKgkRo9vaQ==,08/10/2026,RACING (CH),SAN MARTÍN (C),True,RACING (CH),20,4,TIRO3,CONVERTIDO,Z11-IZ,24.06,84.79
v2uln1y3f0OXUREDHBUZvgS3gbxNSf9MxitWfeJLdv5P8gpKgkRo9vaQ==,08/10/2026,RACING (CH),SAN MARTÍN (C),True,RACING (CH),14,4,TIRO2,FALLADO,Z1-IZ,11.17,49.06
v2uln1y3f0OXUREDHBUZvgS3gbxNSf9MxitWfeJLdv5P8gpKgkRo9vaQ==,08/10/2026,RACING (CH),SAN MARTÍN (C),True,RACING (CH),20,4,TIRO2,FALLADO,Z1-IZ,12.89,50.94
v2uln1y3f0OXUREDHBUZvgS3gbxNSf9MxitWfeJLdv5P8gpKgkRo9vaQ==,08/10/2026,RACING (CH),SAN MARTÍN (C),False,SAN MARTÍN (C),7,4,TIRO2,CONVERTIDO,Z3-DE,77.26,61.71
v2uln1y3f0OXUREDHBUZvgS3gbxNSf9MxitWfeJLdv5P8gpKgkRo9vaQ==,08/10/2026,RACING (CH),SAN MARTÍN (C),True,RACING (CH),9,4,TIRO2,FALLADO,Z1-IZ,13.91,48.72
v2uln1y3f0OXUREDHBUZvgS3gbxNSf9MxitWfeJLdv5P8gpKgkRo9vaQ==,08/10/2026,RACING (CH),SAN MARTÍN (C),False,SAN MARTÍN (C),4,4,TIRO3,CONVERTIDO,Z13-DE,73.71,83.25
v2uln1y3f0OXUREDHBUZvgS3gbxNSf9MxitWfeJLdv5P8gpKgkRo9vaQ==,08/10/2026,RACING (CH),SAN MARTÍN (C),True,RACING (CH),2,4,TIRO2,CONVERTIDO,Z2-IZ,12.89,73.85
v2uln1y3f0OXUREDHBUZvgS3gbxNSf9MxitWfeJLdv5P8gpKgkRo9vaQ==,08/10/2026,RACING (CH),SAN MARTÍN (C),True,RACING (CH),2,4,TIRO3,FALLADO,Z11-IZ,27.82,81.54
v2uln1y3f0OXUREDHBUZvgS3gbxNSf9MxitWfeJLdv5P8gpKgkRo9vaQ==,08/10/2026,RACING (CH),SAN MARTÍN (C),False,SAN MARTÍN (C),13,4,TIRO2,FALLADO,Z1-DE,84.97,49.74
v2uln1y3f0OXUREDHBUZvgS3gbxNSf9MxitWfeJLdv5P8gpKgkRo9vaQ==,08/10/2026,RACING (CH),SAN MARTÍN (C),False,SAN MARTÍN (C),7,4,TIRO3,FALLADO,Z12-DE,64.37,54.36
v2uln1y3f0OXUREDHBUZvgS3gbxNSf9MxitWfeJLdv5P8gpKgkRo9vaQ==,08/10/2026,RACING (CH),SAN MARTÍN (C),True,RACING (CH),13,4,TIRO2,CONVERTIDO,Z1-IZ,12.18,50.43
v2uln1y3f0OXUREDHBUZvgS3gbxNSf9MxitWfeJLdv5P8gpKgkRo9vaQ==,08/10/2026,RACING (CH),SAN MARTÍN (C),True,RACING (CH),21,4,TIRO2,FALLADO,Z1-IZ,12.89,59.66
v2uln1y3f0OXUREDHBUZvgS3gbxNSf9MxitWfeJLdv5P8gpKgkRo9vaQ==,08/10/2026,RACING (CH),SAN MARTÍN (C),False,SAN MARTÍN (C),13,4,TIRO2,FALLADO,Z1-DE,86.29,49.23
v2uln1y3f0OXUREDHBUZvgS3gbxNSf9MxitWfeJLdv5P8gpKgkRo9vaQ==,08/10/2026,RACING (CH),SAN MARTÍN (C),False,SAN MARTÍN (C),13,4,TIRO2,FALLADO,Z1-DE,86.09,51.11
v2uln1y3f0OXUREDHBUZvgS3gbxNSf9MxitWfeJLdv5P8gpKgkRo9vaQ==,08/10/2026,RACING (CH),SAN MARTÍN (C),True,RACING (CH),14,3,TIRO3,FALLADO,Z13-IZ,31.37,25.81
v2uln1y3f0OXUREDHBUZvgS3gbxNSf9MxitWfeJLdv5P8gpKgkRo9vaQ==,08/10/2026,RACING (CH),SAN MARTÍN (C),False,SAN MARTÍN (C),2,3,TIRO2,CONVERTIDO,Z1-DE,88.63,50.26
v2uln1y3f0OXUREDHBUZvgS3gbxNSf9MxitWfeJLdv5P8gpKgkRo9vaQ==,08/10/2026,RACING (CH),SAN MARTÍN (C),True,RACING (CH),2,3,TIRO2,FALLADO,Z4-IZ,10.05,25.81
v2uln1y3f0OXUREDHBUZvgS3gbxNSf9MxitWfeJLdv5P8gpKgkRo9vaQ==,08/10/2026,RACING (CH),SAN MARTÍN (C),True,RACING (CH),20,3,TIRO3,FALLADO,Z11-IZ,27.41,80.34
v2uln1y3f0OXUREDHBUZvgS3gbxNSf9MxitWfeJLdv5P8gpKgkRo9vaQ==,08/10/2026,RACING (CH),SAN MARTÍN (C),False,SAN MARTÍN (C),2,3,TIRO3,FALLADO,Z11-DE,66.6,31.45
v2uln1y3f0OXUREDHBUZvgS3gbxNSf9MxitWfeJLdv5P8gpKgkRo9vaQ==,08/10/2026,RACING (CH),SAN MARTÍN (C),False,SAN MARTÍN (C),7,3,TIRO2,FALLADO,Z1-DE,85.99,50.26
v2uln1y3f0OXUREDHBUZvgS3gbxNSf9MxitWfeJLdv5P8gpKgkRo9vaQ==,08/10/2026,RACING (CH),SAN MARTÍN (C),True,RACING (CH),14,3,TIRO3,CONVERTIDO,Z11-IZ,32.49,69.23
v2uln1y3f0OXUREDHBUZvgS3gbxNSf9MxitWfeJLdv5P8gpKgkRo9vaQ==,08/10/2026,RACING (CH),SAN MARTÍN (C),False,SAN MARTÍN (C),7,3,TIRO2,CONVERTIDO,Z1-DE,88.53,51.11
v2uln1y3f0OXUREDHBUZvgS3gbxNSf9MxitWfeJLdv5P8gpKgkRo9vaQ==,08/10/2026,RACING (CH),SAN MARTÍN (C),True,RACING (CH),6,3,TIRO3,FALLADO,Z12-IZ,36.24,50.09
v2uln1y3f0OXUREDHBUZvgS3gbxNSf9MxitWfeJLdv5P8gpKgkRo9vaQ==,08/10/2026,RACING (CH),SAN MARTÍN (C),True,RACING (CH),3,3,TIRO2,CONVERTIDO,Z1-IZ,12.59,49.23
v2uln1y3f0OXUREDHBUZvgS3gbxNSf9MxitWfeJLdv5P8gpKgkRo9vaQ==,08/10/2026,RACING (CH),SAN MARTÍN (C),False,SAN MARTÍN (C),2,3,TIRO3,FALLADO,Z12-DE,63.96,57.95
v2uln1y3f0OXUREDHBUZvgS3gbxNSf9MxitWfeJLdv5P8gpKgkRo9vaQ==,08/10/2026,RACING (CH),SAN MARTÍN (C),False,SAN MARTÍN (C),2,3,TIRO2,FALLADO,Z4-DE,81.02,68.03
v2uln1y3f0OXUREDHBUZvgS3gbxNSf9MxitWfeJLdv5P8gpKgkRo9vaQ==,08/10/2026,RACING (CH),SAN MARTÍN (C),False,SAN MARTÍN (C),4,3,TIRO3,FALLADO,Z13-DE,74.72,82.74
v2uln1y3f0OXUREDHBUZvgS3gbxNSf9MxitWfeJLdv5P8gpKgkRo9vaQ==,08/10/2026,RACING (CH),SAN MARTÍN (C),True,RACING (CH),3,3,TIRO3,FALLADO,Z12-IZ,34.72,47.52
v2uln1y3f0OXUREDHBUZvgS3gbxNSf9MxitWfeJLdv5P8gpKgkRo9vaQ==,08/10/2026,RACING (CH),SAN MARTÍN (C),False,SAN MARTÍN (C),16,3,TIRO2,CONVERTIDO,Z3-DE,75.23,50.6
v2uln1y3f0OXUREDHBUZvgS3gbxNSf9MxitWfeJLdv5P8gpKgkRo9vaQ==,08/10/2026,RACING (CH),SAN MARTÍN (C),True,RACING (CH),3,3,TIRO3,CONVERTIDO,Z11-IZ,29.64,75.38
v2uln1y3f0OXUREDHBUZvgS3gbxNSf9MxitWfeJLdv5P8gpKgkRo9vaQ==,08/10/2026,RACING (CH),SAN MARTÍN (C),False,SAN MARTÍN (C),12,3,TIRO2,FALLADO,Z4-DE,88.83,64.79
v2uln1y3f0OXUREDHBUZvgS3gbxNSf9MxitWfeJLdv5P8gpKgkRo9vaQ==,08/10/2026,RACING (CH),SAN MARTÍN (C),False,SAN MARTÍN (C),4,3,TIRO2,CONVERTIDO,Z1-DE,89.14,47.86
v2uln1y3f0OXUREDHBUZvgS3gbxNSf9MxitWfeJLdv5P8gpKgkRo9vaQ==,08/10/2026,RACING (CH),SAN MARTÍN (C),False,SAN MARTÍN (C),5,3,TIRO2,FALLADO,Z6-DE,75.23,32.65
v2uln1y3f0OXUREDHBUZvgS3gbxNSf9MxitWfeJLdv5P8gpKgkRo9vaQ==,08/10/2026,RACING (CH),SAN MARTÍN (C),True,RACING (CH),3,3,TIRO3,FALLADO,Z13-IZ,31.47,31.28
v2uln1y3f0OXUREDHBUZvgS3gbxNSf9MxitWfeJLdv5P8gpKgkRo9vaQ==,08/10/2026,RACING (CH),SAN MARTÍN (C),False,SAN MARTÍN (C),15,3,TIRO2,CONVERTIDO,Z1-DE,86.4,51.62
v2uln1y3f0OXUREDHBUZvgS3gbxNSf9MxitWfeJLdv5P8gpKgkRo9vaQ==,08/10/2026,RACING (CH),SAN MARTÍN (C),False,SAN MARTÍN (C),5,3,TIRO2,FALLADO,Z1-DE,87.31,51.97
v2uln1y3f0OXUREDHBUZvgS3gbxNSf9MxitWfeJLdv5P8gpKgkRo9vaQ==,08/10/2026,RACING (CH),SAN MARTÍN (C),True,RACING (CH),20,3,TIRO3,CONVERTIDO,Z12-IZ,37.77,46.84
v2uln1y3f0OXUREDHBUZvgS3gbxNSf9MxitWfeJLdv5P8gpKgkRo9vaQ==,08/10/2026,RACING (CH),SAN MARTÍN (C),False,SAN MARTÍN (C),16,3,TIRO3,CONVERTIDO,Z11-DE,68.53,26.32
v2uln1y3f0OXUREDHBUZvgS3gbxNSf9MxitWfeJLdv5P8gpKgkRo9vaQ==,08/10/2026,RACING (CH),SAN MARTÍN (C),True,RACING (CH),33,3,TIRO3,FALLADO,Z10-IZ,8.63,90.26
v2uln1y3f0OXUREDHBUZvgS3gbxNSf9MxitWfeJLdv5P8gpKgkRo9vaQ==,08/10/2026,RACING (CH),SAN MARTÍN (C),False,SAN MARTÍN (C),16,3,TIRO2,CONVERTIDO,Z4-DE,88.43,66.32
v2uln1y3f0OXUREDHBUZvgS3gbxNSf9MxitWfeJLdv5P8gpKgkRo9vaQ==,08/10/2026,RACING (CH),SAN MARTÍN (C),True,RACING (CH),33,2,TIRO3,FALLADO,Z13-IZ,43.76,26.5
v2uln1y3f0OXUREDHBUZvgS3gbxNSf9MxitWfeJLdv5P8gpKgkRo9vaQ==,08/10/2026,RACING (CH),SAN MARTÍN (C),False,SAN MARTÍN (C),4,2,TIRO3,FALLADO,Z11-DE,69.14,25.3
v2uln1y3f0OXUREDHBUZvgS3gbxNSf9MxitWfeJLdv5P8gpKgkRo9vaQ==,08/10/2026,RACING (CH),SAN MARTÍN (C),False,SAN MARTÍN (C),5,2,TIRO3,FALLADO,Z11-DE,69.14,24.79
v2uln1y3f0OXUREDHBUZvgS3gbxNSf9MxitWfeJLdv5P8gpKgkRo9vaQ==,08/10/2026,RACING (CH),SAN MARTÍN (C),True,RACING (CH),6,2,TIRO3,CONVERTIDO,Z10-IZ,10.15,91.45
v2uln1y3f0OXUREDHBUZvgS3gbxNSf9MxitWfeJLdv5P8gpKgkRo9vaQ==,08/10/2026,RACING (CH),SAN MARTÍN (C),False,SAN MARTÍN (C),5,2,TIRO2,CONVERTIDO,Z4-DE,86.6,68.38
v2uln1y3f0OXUREDHBUZvgS3gbxNSf9MxitWfeJLdv5P8gpKgkRo9vaQ==,08/10/2026,RACING (CH),SAN MARTÍN (C),True,RACING (CH),14,2,TIRO3,CONVERTIDO,Z12-IZ,35.43,43.76
v2uln1y3f0OXUREDHBUZvgS3gbxNSf9MxitWfeJLdv5P8gpKgkRo9vaQ==,08/10/2026,RACING (CH),SAN MARTÍN (C),False,SAN MARTÍN (C),5,2,TIRO3,FALLADO,Z11-DE,78.38,12.82
v2uln1y3f0OXUREDHBUZvgS3gbxNSf9MxitWfeJLdv5P8gpKgkRo9vaQ==,08/10/2026,RACING (CH),SAN MARTÍN (C),True,RACING (CH),2,2,TIRO3,FALLADO,Z13-IZ,28.02,18.46
v2uln1y3f0OXUREDHBUZvgS3gbxNSf9MxitWfeJLdv5P8gpKgkRo9vaQ==,08/10/2026,RACING (CH),SAN MARTÍN (C),False,SAN MARTÍN (C),5,2,TIRO3,FALLADO,Z10-DE,91.17,10.09
v2uln1y3f0OXUREDHBUZvgS3gbxNSf9MxitWfeJLdv5P8gpKgkRo9vaQ==,08/10/2026,RACING (CH),SAN MARTÍN (C),True,RACING (CH),14,2,TIRO3,CONVERTIDO,Z12-IZ,35.84,48.21
v2uln1y3f0OXUREDHBUZvgS3gbxNSf9MxitWfeJLdv5P8gpKgkRo9vaQ==,08/10/2026,RACING (CH),SAN MARTÍN (C),False,SAN MARTÍN (C),16,2,TIRO2,CONVERTIDO,Z1-DE,84.67,48.55
v2uln1y3f0OXUREDHBUZvgS3gbxNSf9MxitWfeJLdv5P8gpKgkRo9vaQ==,08/10/2026,RACING (CH),SAN MARTÍN (C),True,RACING (CH),2,2,TIRO3,CONVERTIDO,Z11-IZ,23.76,86.5
v2uln1y3f0OXUREDHBUZvgS3gbxNSf9MxitWfeJLdv5P8gpKgkRo9vaQ==,08/10/2026,RACING (CH),SAN MARTÍN (C),False,SAN MARTÍN (C),0,2,TIRO3,FALLADO,Z11-DE,69.64,23.93
v2uln1y3f0OXUREDHBUZvgS3gbxNSf9MxitWfeJLdv5P8gpKgkRo9vaQ==,08/10/2026,RACING (CH),SAN MARTÍN (C),True,RACING (CH),33,2,TIRO3,FALLADO,Z12-IZ,35.13,50.6
v2uln1y3f0OXUREDHBUZvgS3gbxNSf9MxitWfeJLdv5P8gpKgkRo9vaQ==,08/10/2026,RACING (CH),SAN MARTÍN (C),False,SAN MARTÍN (C),4,2,TIRO2,CONVERTIDO,Z1-DE,87.51,49.06
v2uln1y3f0OXUREDHBUZvgS3gbxNSf9MxitWfeJLdv5P8gpKgkRo9vaQ==,08/10/2026,RACING (CH),SAN MARTÍN (C),False,SAN MARTÍN (C),0,2,TIRO3,FALLADO,Z12-DE,64.57,46.67
v2uln1y3f0OXUREDHBUZvgS3gbxNSf9MxitWfeJLdv5P8gpKgkRo9vaQ==,08/10/2026,RACING (CH),SAN MARTÍN (C),False,SAN MARTÍN (C),2,2,TIRO3,FALLADO,Z12-DE,66.19,48.72
v2uln1y3f0OXUREDHBUZvgS3gbxNSf9MxitWfeJLdv5P8gpKgkRo9vaQ==,08/10/2026,RACING (CH),SAN MARTÍN (C),True,RACING (CH),20,2,TIRO3,FALLADO,Z11-IZ,24.87,86.67
v2uln1y3f0OXUREDHBUZvgS3gbxNSf9MxitWfeJLdv5P8gpKgkRo9vaQ==,08/10/2026,RACING (CH),SAN MARTÍN (C),False,SAN MARTÍN (C),0,2,TIRO2,CONVERTIDO,Z3-DE,79.39,50.43
v2uln1y3f0OXUREDHBUZvgS3gbxNSf9MxitWfeJLdv5P8gpKgkRo9vaQ==,08/10/2026,RACING (CH),SAN MARTÍN (C),True,RACING (CH),9,2,TIRO3,FALLADO,Z13-IZ,27.21,16.92
v2uln1y3f0OXUREDHBUZvgS3gbxNSf9MxitWfeJLdv5P8gpKgkRo9vaQ==,08/10/2026,RACING (CH),SAN MARTÍN (C),False,SAN MARTÍN (C),7,2,TIRO2,CONVERTIDO,Z1-DE,89.24,49.57
v2uln1y3f0OXUREDHBUZvgS3gbxNSf9MxitWfeJLdv5P8gpKgkRo9vaQ==,08/10/2026,RACING (CH),SAN MARTÍN (C),False,SAN MARTÍN (C),13,2,TIRO2,FALLADO,Z1-DE,87.61,47.18
v2uln1y3f0OXUREDHBUZvgS3gbxNSf9MxitWfeJLdv5P8gpKgkRo9vaQ==,08/10/2026,RACING (CH),SAN MARTÍN (C),False,SAN MARTÍN (C),16,2,TIRO3,FALLADO,Z11-DE,67.31,27.35
v2uln1y3f0OXUREDHBUZvgS3gbxNSf9MxitWfeJLdv5P8gpKgkRo9vaQ==,08/10/2026,RACING (CH),SAN MARTÍN (C),True,RACING (CH),20,2,TIRO3,FALLADO,Z13-IZ,28.02,18.63
v2uln1y3f0OXUREDHBUZvgS3gbxNSf9MxitWfeJLdv5P8gpKgkRo9vaQ==,08/10/2026,RACING (CH),SAN MARTÍN (C),False,SAN MARTÍN (C),16,2,TIRO2,CONVERTIDO,Z1-DE,87.82,49.4
v2uln1y3f0OXUREDHBUZvgS3gbxNSf9MxitWfeJLdv5P8gpKgkRo9vaQ==,08/10/2026,RACING (CH),SAN MARTÍN (C),True,RACING (CH),9,2,TIRO3,FALLADO,Z12-IZ,35.53,48.03
v2uln1y3f0OXUREDHBUZvgS3gbxNSf9MxitWfeJLdv5P8gpKgkRo9vaQ==,08/10/2026,RACING (CH),SAN MARTÍN (C),False,SAN MARTÍN (C),2,2,TIRO3,CONVERTIDO,Z11-DE,72.08,20.85
v2uln1y3f0OXUREDHBUZvgS3gbxNSf9MxitWfeJLdv5P8gpKgkRo9vaQ==,08/10/2026,RACING (CH),SAN MARTÍN (C),False,SAN MARTÍN (C),16,2,TIRO3,FALLADO,Z13-DE,72.28,83.08
v2uln1y3f0OXUREDHBUZvgS3gbxNSf9MxitWfeJLdv5P8gpKgkRo9vaQ==,08/10/2026,RACING (CH),SAN MARTÍN (C),True,RACING (CH),3,2,TIRO2,FALLADO,Z3-IZ,22.03,42.05
v2uln1y3f0OXUREDHBUZvgS3gbxNSf9MxitWfeJLdv5P8gpKgkRo9vaQ==,08/10/2026,RACING (CH),SAN MARTÍN (C),True,RACING (CH),3,2,TIRO2,FALLADO,Z1-IZ,12.79,50.09
v2uln1y3f0OXUREDHBUZvgS3gbxNSf9MxitWfeJLdv5P8gpKgkRo9vaQ==,08/10/2026,RACING (CH),SAN MARTÍN (C),False,SAN MARTÍN (C),0,2,TIRO3,FALLADO,Z11-DE,67.92,28.03
v2uln1y3f0OXUREDHBUZvgS3gbxNSf9MxitWfeJLdv5P8gpKgkRo9vaQ==,08/10/2026,RACING (CH),SAN MARTÍN (C),False,SAN MARTÍN (C),2,2,TIRO3,CONVERTIDO,Z13-DE,71.07,78.46
v2uln1y3f0OXUREDHBUZvgS3gbxNSf9MxitWfeJLdv5P8gpKgkRo9vaQ==,08/10/2026,RACING (CH),SAN MARTÍN (C),True,RACING (CH),12,2,TIRO2,CONVERTIDO,Z1-IZ,12.99,50.94
v2uln1y3f0OXUREDHBUZvgS3gbxNSf9MxitWfeJLdv5P8gpKgkRo9vaQ==,08/10/2026,RACING (CH),SAN MARTÍN (C),False,SAN MARTÍN (C),0,2,TIRO3,CONVERTIDO,Z11-DE,72.89,19.49
v2uln1y3f0OXUREDHBUZvgS3gbxNSf9MxitWfeJLdv5P8gpKgkRo9vaQ==,08/10/2026,RACING (CH),SAN MARTÍN (C),True,RACING (CH),9,2,TIRO2,FALLADO,Z1-IZ,13.5,51.45
v2uln1y3f0OXUREDHBUZvgS3gbxNSf9MxitWfeJLdv5P8gpKgkRo9vaQ==,08/10/2026,RACING (CH),SAN MARTÍN (C),True,RACING (CH),13,2,TIRO3,FALLADO,Z12-IZ,35.33,47.86
v2uln1y3f0OXUREDHBUZvgS3gbxNSf9MxitWfeJLdv5P8gpKgkRo9vaQ==,08/10/2026,RACING (CH),SAN MARTÍN (C),False,SAN MARTÍN (C),7,1,TIRO2,FALLADO,Z1-DE,87.51,54.87
v2uln1y3f0OXUREDHBUZvgS3gbxNSf9MxitWfeJLdv5P8gpKgkRo9vaQ==,08/10/2026,RACING (CH),SAN MARTÍN (C),True,RACING (CH),22,1,TIRO2,CONVERTIDO,Z1-IZ,10.25,49.91
v2uln1y3f0OXUREDHBUZvgS3gbxNSf9MxitWfeJLdv5P8gpKgkRo9vaQ==,08/10/2026,RACING (CH),SAN MARTÍN (C),False,SAN MARTÍN (C),0,1,TIRO3,FALLADO,Z14-DE,91.68,90.94
v2uln1y3f0OXUREDHBUZvgS3gbxNSf9MxitWfeJLdv5P8gpKgkRo9vaQ==,08/10/2026,RACING (CH),SAN MARTÍN (C),False,SAN MARTÍN (C),2,1,TIRO3,FALLADO,Z12-DE,63.15,50.09
v2uln1y3f0OXUREDHBUZvgS3gbxNSf9MxitWfeJLdv5P8gpKgkRo9vaQ==,08/10/2026,RACING (CH),SAN MARTÍN (C),True,RACING (CH),2,1,TIRO3,FALLADO,Z12-IZ,34.92,41.03
v2uln1y3f0OXUREDHBUZvgS3gbxNSf9MxitWfeJLdv5P8gpKgkRo9vaQ==,08/10/2026,RACING (CH),SAN MARTÍN (C),True,RACING (CH),2,1,TIRO3,CONVERTIDO,Z11-IZ,31.27,75.56
v2uln1y3f0OXUREDHBUZvgS3gbxNSf9MxitWfeJLdv5P8gpKgkRo9vaQ==,08/10/2026,RACING (CH),SAN MARTÍN (C),False,SAN MARTÍN (C),7,1,TIRO2,CONVERTIDO,Z1-DE,86.7,51.62
v2uln1y3f0OXUREDHBUZvgS3gbxNSf9MxitWfeJLdv5P8gpKgkRo9vaQ==,08/10/2026,RACING (CH),SAN MARTÍN (C),True,RACING (CH),14,1,TIRO2,CONVERTIDO,Z1-IZ,11.88,51.11
v2uln1y3f0OXUREDHBUZvgS3gbxNSf9MxitWfeJLdv5P8gpKgkRo9vaQ==,08/10/2026,RACING (CH),SAN MARTÍN (C),False,SAN MARTÍN (C),13,1,TIRO2,CONVERTIDO,Z1-DE,90.05,51.28
v2uln1y3f0OXUREDHBUZvgS3gbxNSf9MxitWfeJLdv5P8gpKgkRo9vaQ==,08/10/2026,RACING (CH),SAN MARTÍN (C),True,RACING (CH),33,1,TIRO2,CONVERTIDO,Z1-IZ,10.86,52.31
v2uln1y3f0OXUREDHBUZvgS3gbxNSf9MxitWfeJLdv5P8gpKgkRo9vaQ==,08/10/2026,RACING (CH),SAN MARTÍN (C),False,SAN MARTÍN (C),0,1,TIRO2,CONVERTIDO,Z1-DE,89.24,52.48
v2uln1y3f0OXUREDHBUZvgS3gbxNSf9MxitWfeJLdv5P8gpKgkRo9vaQ==,08/10/2026,RACING (CH),SAN MARTÍN (C),True,RACING (CH),33,1,TIRO2,CONVERTIDO,Z1-IZ,12.69,50.6
v2uln1y3f0OXUREDHBUZvgS3gbxNSf9MxitWfeJLdv5P8gpKgkRo9vaQ==,08/10/2026,RACING (CH),SAN MARTÍN (C),False,SAN MARTÍN (C),2,1,TIRO3,FALLADO,Z13-DE,74.01,85.3
v2uln1y3f0OXUREDHBUZvgS3gbxNSf9MxitWfeJLdv5P8gpKgkRo9vaQ==,08/10/2026,RACING (CH),SAN MARTÍN (C),True,RACING (CH),2,1,TIRO3,FALLADO,Z14-IZ,16.95,12.65
v2uln1y3f0OXUREDHBUZvgS3gbxNSf9MxitWfeJLdv5P8gpKgkRo9vaQ==,08/10/2026,RACING (CH),SAN MARTÍN (C),False,SAN MARTÍN (C),5,1,TIRO3,CONVERTIDO,Z12-DE,64.67,50.6
v2uln1y3f0OXUREDHBUZvgS3gbxNSf9MxitWfeJLdv5P8gpKgkRo9vaQ==,08/10/2026,RACING (CH),SAN MARTÍN (C),False,SAN MARTÍN (C),5,1,TIRO2,CONVERTIDO,Z6-DE,78.38,29.06
v2uln1y3f0OXUREDHBUZvgS3gbxNSf9MxitWfeJLdv5P8gpKgkRo9vaQ==,08/10/2026,RACING (CH),SAN MARTÍN (C),True,RACING (CH),2,1,TIRO3,CONVERTIDO,Z11-IZ,31.27,76.07
v2uln1y3f0OXUREDHBUZvgS3gbxNSf9MxitWfeJLdv5P8gpKgkRo9vaQ==,08/10/2026,RACING (CH),SAN MARTÍN (C),False,SAN MARTÍN (C),4,1,TIRO2,FALLADO,Z1-DE,84.67,54.36
v2uln1y3f0OXUREDHBUZvgS3gbxNSf9MxitWfeJLdv5P8gpKgkRo9vaQ==,08/10/2026,RACING (CH),SAN MARTÍN (C),True,RACING (CH),2,1,TIRO2,CONVERTIDO,Z1-IZ,15.63,53.5
v2uln1y3f0OXUREDHBUZvgS3gbxNSf9MxitWfeJLdv5P8gpKgkRo9vaQ==,08/10/2026,RACING (CH),SAN MARTÍN (C),True,RACING (CH),20,1,TIRO2,FALLADO,Z1-IZ,11.57,50.77
v2uln1y3f0OXUREDHBUZvgS3gbxNSf9MxitWfeJLdv5P8gpKgkRo9vaQ==,08/10/2026,RACING (CH),SAN MARTÍN (C),False,SAN MARTÍN (C),5,1,TIRO2,CONVERTIDO,Z4-DE,90.05,72.48
v2uln1y3f0OXUREDHBUZvgS3gbxNSf9MxitWfeJLdv5P8gpKgkRo9vaQ==,08/10/2026,RACING (CH),SAN MARTÍN (C),True,RACING (CH),12,1,TIRO2,FALLADO,Z1-IZ,12.28,52.14
v2uln1y3f0OXUREDHBUZvgS3gbxNSf9MxitWfeJLdv5P8gpKgkRo9vaQ==,08/10/2026,RACING (CH),SAN MARTÍN (C),False,SAN MARTÍN (C),5,1,TIRO2,CONVERTIDO,Z2-DE,79.29,31.11
v2uln1y3f0OXUREDHBUZvgS3gbxNSf9MxitWfeJLdv5P8gpKgkRo9vaQ==,08/10/2026,RACING (CH),SAN MARTÍN (C),True,RACING (CH),3,1,TIRO2,CONVERTIDO,Z1-IZ,11.57,48.72
v2uln1y3f0OXUREDHBUZvgS3gbxNSf9MxitWfeJLdv5P8gpKgkRo9vaQ==,08/10/2026,RACING (CH),SAN MARTÍN (C),False,SAN MARTÍN (C),5,1,TIRO3,FALLADO,Z14-DE,93.5,90.6
v2uln1y3f0OXUREDHBUZvgS3gbxNSf9MxitWfeJLdv5P8gpKgkRo9vaQ==,08/10/2026,RACING (CH),SAN MARTÍN (C),True,RACING (CH),3,1,TIRO2,FALLADO,Z1-IZ,14.92,48.21
v2uln1y3f0OXUREDHBUZvgS3gbxNSf9MxitWfeJLdv5P8gpKgkRo9vaQ==,08/10/2026,RACING (CH),SAN MARTÍN (C),False,SAN MARTÍN (C),12,1,TIRO2,FALLADO,Z1-DE,86.8,50.09
v2uln1y3f0OXUREDHBUZvgS3gbxNSf9MxitWfeJLdv5P8gpKgkRo9vaQ==,08/10/2026,RACING (CH),SAN MARTÍN (C),True,RACING (CH),20,1,TIRO3,CONVERTIDO,Z13-IZ,25.99,17.26
v2uln1y3f0OXUREDHBUZvgS3gbxNSf9MxitWfeJLdv5P8gpKgkRo9vaQ==,08/10/2026,RACING (CH),SAN MARTÍN (C),False,SAN MARTÍN (C),16,1,TIRO3,FALLADO,Z10-DE,90.56,10.94
v2uln1y3f0OXUREDHBUZvgS3gbxNSf9MxitWfeJLdv5P8gpKgkRo9vaQ==,08/10/2026,RACING (CH),SAN MARTÍN (C),True,RACING (CH),2,1,TIRO3,CONVERTIDO,Z14-IZ,8.12,11.28
v2uln1y3f0OXUREDHBUZvgS3gbxNSf9MxitWfeJLdv5P8gpKgkRo9vaQ==,08/10/2026,RACING (CH),SAN MARTÍN (C),True,RACING (CH),2,1,TIRO2,CONVERTIDO,Z4-IZ,20.1,29.4
v2uln1y3f0OXUREDHBUZvgS3gbxNSf9MxitWfeJLdv5P8gpKgkRo9vaQ==,08/10/2026,RACING (CH),SAN MARTÍN (C),True,RACING (CH),12,1,TIRO2,CONVERTIDO,Z1-IZ,12.08,50.77
v2uln1y3f0OXUREDHBUZvgS3gbxNSf9MxitWfeJLdv5P8gpKgkRo9vaQ==,08/10/2026,RACING (CH),SAN MARTÍN (C),False,SAN MARTÍN (C),15,1,TIRO2,CONVERTIDO,Z1-DE,87.92,50.43
v2uln1y3f0OXUREDHBUZvgS3gbxNSf9MxitWfeJLdv5P8gpKgkRo9vaQ==,08/10/2026,RACING (CH),SAN MARTÍN (C),True,RACING (CH),3,1,TIRO2,CONVERTIDO,Z1-IZ,12.49,50.09
v2T8y4tqu_cvkwcDFFcqiy_J_k5UM_lzHVbzq8XHY4K4lu4j1XVX2BUQ==,08/10/2026,INDEPENDIENTE (O),FERRO,True,INDEPENDIENTE (O),7,4,TIRO3,FALLADO,Z12-IZ,47.61,49.57
v2T8y4tqu_cvkwcDFFcqiy_J_k5UM_lzHVbzq8XHY4K4lu4j1XVX2BUQ==,08/10/2026,INDEPENDIENTE (O),FERRO,True,INDEPENDIENTE (O),9,4,TIRO2,CONVERTIDO,Z1-IZ,14.52,51.97
v2T8y4tqu_cvkwcDFFcqiy_J_k5UM_lzHVbzq8XHY4K4lu4j1XVX2BUQ==,08/10/2026,INDEPENDIENTE (O),FERRO,False,FERRO,6,4,TIRO3,FALLADO,Z13-DE,68.73,84.27
v2T8y4tqu_cvkwcDFFcqiy_J_k5UM_lzHVbzq8XHY4K4lu4j1XVX2BUQ==,08/10/2026,INDEPENDIENTE (O),FERRO,True,INDEPENDIENTE (O),7,4,TIRO3,CONVERTIDO,Z13-IZ,29.14,18.63
v2T8y4tqu_cvkwcDFFcqiy_J_k5UM_lzHVbzq8XHY4K4lu4j1XVX2BUQ==,08/10/2026,INDEPENDIENTE (O),FERRO,False,FERRO,8,4,TIRO2,CONVERTIDO,Z1-DE,87.82,55.56
v2T8y4tqu_cvkwcDFFcqiy_J_k5UM_lzHVbzq8XHY4K4lu4j1XVX2BUQ==,08/10/2026,INDEPENDIENTE (O),FERRO,False,FERRO,25,4,TIRO3,FALLADO,Z11-DE,68.73,16.58
v2T8y4tqu_cvkwcDFFcqiy_J_k5UM_lzHVbzq8XHY4K4lu4j1XVX2BUQ==,08/10/2026,INDEPENDIENTE (O),FERRO,False,FERRO,25,4,TIRO3,FALLADO,Z11-DE,63.65,20.34
v2T8y4tqu_cvkwcDFFcqiy_J_k5UM_lzHVbzq8XHY4K4lu4j1XVX2BUQ==,08/10/2026,INDEPENDIENTE (O),FERRO,True,INDEPENDIENTE (O),1,4,TIRO2,CONVERTIDO,Z1-IZ,12.39,52.48
v2T8y4tqu_cvkwcDFFcqiy_J_k5UM_lzHVbzq8XHY4K4lu4j1XVX2BUQ==,08/10/2026,INDEPENDIENTE (O),FERRO,False,FERRO,4,4,TIRO2,CONVERTIDO,Z1-DE,89.85,55.38
v2T8y4tqu_cvkwcDFFcqiy_J_k5UM_lzHVbzq8XHY4K4lu4j1XVX2BUQ==,08/10/2026,INDEPENDIENTE (O),FERRO,True,INDEPENDIENTE (O),7,4,TIRO3,CONVERTIDO,Z11-IZ,24.87,87.86
v2T8y4tqu_cvkwcDFFcqiy_J_k5UM_lzHVbzq8XHY4K4lu4j1XVX2BUQ==,08/10/2026,INDEPENDIENTE (O),FERRO,True,INDEPENDIENTE (O),1,4,TIRO2,CONVERTIDO,Z1-IZ,13.1,54.36
v2T8y4tqu_cvkwcDFFcqiy_J_k5UM_lzHVbzq8XHY4K4lu4j1XVX2BUQ==,08/10/2026,INDEPENDIENTE (O),FERRO,False,FERRO,4,4,TIRO2,FALLADO,Z1-DE,82.44,52.48
v2T8y4tqu_cvkwcDFFcqiy_J_k5UM_lzHVbzq8XHY4K4lu4j1XVX2BUQ==,08/10/2026,INDEPENDIENTE (O),FERRO,False,FERRO,4,4,TIRO2,CONVERTIDO,Z1-DE,87.61,48.55
v2T8y4tqu_cvkwcDFFcqiy_J_k5UM_lzHVbzq8XHY4K4lu4j1XVX2BUQ==,08/10/2026,INDEPENDIENTE (O),FERRO,False,FERRO,8,4,TIRO3,FALLADO,Z13-DE,77.87,91.79
v2T8y4tqu_cvkwcDFFcqiy_J_k5UM_lzHVbzq8XHY4K4lu4j1XVX2BUQ==,08/10/2026,INDEPENDIENTE (O),FERRO,False,FERRO,12,4,TIRO3,FALLADO,Z13-DE,66.7,78.29
v2T8y4tqu_cvkwcDFFcqiy_J_k5UM_lzHVbzq8XHY4K4lu4j1XVX2BUQ==,08/10/2026,INDEPENDIENTE (O),FERRO,True,INDEPENDIENTE (O),9,4,TIRO2,CONVERTIDO,Z1-IZ,14.11,49.74
v2T8y4tqu_cvkwcDFFcqiy_J_k5UM_lzHVbzq8XHY4K4lu4j1XVX2BUQ==,08/10/2026,INDEPENDIENTE (O),FERRO,True,INDEPENDIENTE (O),8,4,TIRO3,FALLADO,Z13-IZ,33.4,23.76
v2T8y4tqu_cvkwcDFFcqiy_J_k5UM_lzHVbzq8XHY4K4lu4j1XVX2BUQ==,08/10/2026,INDEPENDIENTE (O),FERRO,False,FERRO,4,4,TIRO3,FALLADO,Z11-DE,71.07,16.58
v2T8y4tqu_cvkwcDFFcqiy_J_k5UM_lzHVbzq8XHY4K4lu4j1XVX2BUQ==,08/10/2026,INDEPENDIENTE (O),FERRO,True,INDEPENDIENTE (O),4,4,TIRO3,FALLADO,Z13-IZ,29.14,16.92
v2T8y4tqu_cvkwcDFFcqiy_J_k5UM_lzHVbzq8XHY4K4lu4j1XVX2BUQ==,08/10/2026,INDEPENDIENTE (O),FERRO,False,FERRO,12,4,TIRO3,CONVERTIDO,Z13-DE,68.63,76.75
v2T8y4tqu_cvkwcDFFcqiy_J_k5UM_lzHVbzq8XHY4K4lu4j1XVX2BUQ==,08/10/2026,INDEPENDIENTE (O),FERRO,True,INDEPENDIENTE (O),10,4,TIRO2,CONVERTIDO,Z1-IZ,11.68,53.33
v2T8y4tqu_cvkwcDFFcqiy_J_k5UM_lzHVbzq8XHY4K4lu4j1XVX2BUQ==,08/10/2026,INDEPENDIENTE (O),FERRO,True,INDEPENDIENTE (O),10,4,TIRO2,FALLADO,Z1-IZ,14.52,43.08
v2T8y4tqu_cvkwcDFFcqiy_J_k5UM_lzHVbzq8XHY4K4lu4j1XVX2BUQ==,08/10/2026,INDEPENDIENTE (O),FERRO,True,INDEPENDIENTE (O),9,4,TIRO3,FALLADO,Z13-IZ,31.17,21.03
v2T8y4tqu_cvkwcDFFcqiy_J_k5UM_lzHVbzq8XHY4K4lu4j1XVX2BUQ==,08/10/2026,INDEPENDIENTE (O),FERRO,False,FERRO,5,4,TIRO3,CONVERTIDO,Z14-DE,90.96,91.28
v2T8y4tqu_cvkwcDFFcqiy_J_k5UM_lzHVbzq8XHY4K4lu4j1XVX2BUQ==,08/10/2026,INDEPENDIENTE (O),FERRO,False,FERRO,5,4,TIRO3,FALLADO,Z12-DE,65.38,46.32
v2T8y4tqu_cvkwcDFFcqiy_J_k5UM_lzHVbzq8XHY4K4lu4j1XVX2BUQ==,08/10/2026,INDEPENDIENTE (O),FERRO,True,INDEPENDIENTE (O),23,4,TIRO2,FALLADO,Z4-IZ,13.5,33.68
v2T8y4tqu_cvkwcDFFcqiy_J_k5UM_lzHVbzq8XHY4K4lu4j1XVX2BUQ==,08/10/2026,INDEPENDIENTE (O),FERRO,False,FERRO,25,4,TIRO2,FALLADO,Z1-DE,89.54,62.74
v2T8y4tqu_cvkwcDFFcqiy_J_k5UM_lzHVbzq8XHY4K4lu4j1XVX2BUQ==,08/10/2026,INDEPENDIENTE (O),FERRO,False,FERRO,25,4,TIRO2,CONVERTIDO,Z1-DE,87.61,52.82
v2T8y4tqu_cvkwcDFFcqiy_J_k5UM_lzHVbzq8XHY4K4lu4j1XVX2BUQ==,08/10/2026,INDEPENDIENTE (O),FERRO,False,FERRO,5,4,TIRO3,FALLADO,Z13-DE,68.93,80.0
v2T8y4tqu_cvkwcDFFcqiy_J_k5UM_lzHVbzq8XHY4K4lu4j1XVX2BUQ==,08/10/2026,INDEPENDIENTE (O),FERRO,True,INDEPENDIENTE (O),6,4,TIRO3,FALLADO,Z11-IZ,25.08,89.06
v2T8y4tqu_cvkwcDFFcqiy_J_k5UM_lzHVbzq8XHY4K4lu4j1XVX2BUQ==,08/10/2026,INDEPENDIENTE (O),FERRO,True,INDEPENDIENTE (O),7,4,TIRO3,FALLADO,Z10-IZ,11.27,91.11
v2T8y4tqu_cvkwcDFFcqiy_J_k5UM_lzHVbzq8XHY4K4lu4j1XVX2BUQ==,08/10/2026,INDEPENDIENTE (O),FERRO,True,INDEPENDIENTE (O),10,3,TIRO3,FALLADO,Z10-IZ,9.64,91.11
v2T8y4tqu_cvkwcDFFcqiy_J_k5UM_lzHVbzq8XHY4K4lu4j1XVX2BUQ==,08/10/2026,INDEPENDIENTE (O),FERRO,False,FERRO,8,3,TIRO2,CONVERTIDO,Z1-DE,88.53,52.14
v2T8y4tqu_cvkwcDFFcqiy_J_k5UM_lzHVbzq8XHY4K4lu4j1XVX2BUQ==,08/10/2026,INDEPENDIENTE (O),FERRO,True,INDEPENDIENTE (O),7,3,TIRO3,CONVERTIDO,Z10-IZ,9.64,89.91
v2T8y4tqu_cvkwcDFFcqiy_J_k5UM_lzHVbzq8XHY4K4lu4j1XVX2BUQ==,08/10/2026,INDEPENDIENTE (O),FERRO,False,FERRO,11,3,TIRO3,FALLADO,Z13-DE,69.85,77.61
v2T8y4tqu_cvkwcDFFcqiy_J_k5UM_lzHVbzq8XHY4K4lu4j1XVX2BUQ==,08/10/2026,INDEPENDIENTE (O),FERRO,False,FERRO,12,3,TIRO2,CONVERTIDO,Z1-DE,87.72,52.65
v2T8y4tqu_cvkwcDFFcqiy_J_k5UM_lzHVbzq8XHY4K4lu4j1XVX2BUQ==,08/10/2026,INDEPENDIENTE (O),FERRO,False,FERRO,9,3,TIRO2,FALLADO,Z1-DE,87.41,55.21
v2T8y4tqu_cvkwcDFFcqiy_J_k5UM_lzHVbzq8XHY4K4lu4j1XVX2BUQ==,08/10/2026,INDEPENDIENTE (O),FERRO,True,INDEPENDIENTE (O),9,3,TIRO2,CONVERTIDO,Z1-IZ,11.07,55.04
v2T8y4tqu_cvkwcDFFcqiy_J_k5UM_lzHVbzq8XHY4K4lu4j1XVX2BUQ==,08/10/2026,INDEPENDIENTE (O),FERRO,False,FERRO,12,3,TIRO2,CONVERTIDO,Z1-DE,88.02,56.07
v2T8y4tqu_cvkwcDFFcqiy_J_k5UM_lzHVbzq8XHY4K4lu4j1XVX2BUQ==,08/10/2026,INDEPENDIENTE (O),FERRO,False,FERRO,4,3,TIRO3,FALLADO,Z12-DE,63.76,52.31
v2T8y4tqu_cvkwcDFFcqiy_J_k5UM_lzHVbzq8XHY4K4lu4j1XVX2BUQ==,08/10/2026,INDEPENDIENTE (O),FERRO,True,INDEPENDIENTE (O),19,3,TIRO2,FALLADO,Z1-IZ,13.6,53.16
v2T8y4tqu_cvkwcDFFcqiy_J_k5UM_lzHVbzq8XHY4K4lu4j1XVX2BUQ==,08/10/2026,INDEPENDIENTE (O),FERRO,True,INDEPENDIENTE (O),6,3,TIRO3,FALLADO,Z13-IZ,30.15,18.46
v2T8y4tqu_cvkwcDFFcqiy_J_k5UM_lzHVbzq8XHY4K4lu4j1XVX2BUQ==,08/10/2026,INDEPENDIENTE (O),FERRO,True,INDEPENDIENTE (O),7,3,TIRO3,FALLADO,Z12-IZ,37.06,50.09
v2T8y4tqu_cvkwcDFFcqiy_J_k5UM_lzHVbzq8XHY4K4lu4j1XVX2BUQ==,08/10/2026,INDEPENDIENTE (O),FERRO,False,FERRO,5,3,TIRO2,CONVERTIDO,Z1-DE,86.6,48.72
v2T8y4tqu_cvkwcDFFcqiy_J_k5UM_lzHVbzq8XHY4K4lu4j1XVX2BUQ==,08/10/2026,INDEPENDIENTE (O),FERRO,True,INDEPENDIENTE (O),8,3,TIRO3,FALLADO,Z13-IZ,32.18,20.85
v2T8y4tqu_cvkwcDFFcqiy_J_k5UM_lzHVbzq8XHY4K4lu4j1XVX2BUQ==,08/10/2026,INDEPENDIENTE (O),FERRO,False,FERRO,4,3,TIRO3,FALLADO,Z11-DE,68.12,21.88
v2T8y4tqu_cvkwcDFFcqiy_J_k5UM_lzHVbzq8XHY4K4lu4j1XVX2BUQ==,08/10/2026,INDEPENDIENTE (O),FERRO,True,INDEPENDIENTE (O),9,3,TIRO3,CONVERTIDO,Z12-IZ,38.17,47.01
v2T8y4tqu_cvkwcDFFcqiy_J_k5UM_lzHVbzq8XHY4K4lu4j1XVX2BUQ==,08/10/2026,INDEPENDIENTE (O),FERRO,False,FERRO,10,3,TIRO3,FALLADO,Z12-DE,65.58,63.59
v2T8y4tqu_cvkwcDFFcqiy_J_k5UM_lzHVbzq8XHY4K4lu4j1XVX2BUQ==,08/10/2026,INDEPENDIENTE (O),FERRO,True,INDEPENDIENTE (O),9,3,TIRO2,CONVERTIDO,Z1-IZ,13.5,54.7
v2T8y4tqu_cvkwcDFFcqiy_J_k5UM_lzHVbzq8XHY4K4lu4j1XVX2BUQ==,08/10/2026,INDEPENDIENTE (O),FERRO,False,FERRO,10,3,TIRO3,CONVERTIDO,Z13-DE,76.04,87.18
v2T8y4tqu_cvkwcDFFcqiy_J_k5UM_lzHVbzq8XHY4K4lu4j1XVX2BUQ==,08/10/2026,INDEPENDIENTE (O),FERRO,True,INDEPENDIENTE (O),1,3,TIRO2,FALLADO,Z1-IZ,14.31,53.5
v2T8y4tqu_cvkwcDFFcqiy_J_k5UM_lzHVbzq8XHY4K4lu4j1XVX2BUQ==,08/10/2026,INDEPENDIENTE (O),FERRO,True,INDEPENDIENTE (O),4,3,TIRO3,FALLADO,Z13-IZ,30.15,18.46
v2T8y4tqu_cvkwcDFFcqiy_J_k5UM_lzHVbzq8XHY4K4lu4j1XVX2BUQ==,08/10/2026,INDEPENDIENTE (O),FERRO,False,FERRO,25,3,TIRO2,FALLADO,Z1-DE,87.21,51.11
v2T8y4tqu_cvkwcDFFcqiy_J_k5UM_lzHVbzq8XHY4K4lu4j1XVX2BUQ==,08/10/2026,INDEPENDIENTE (O),FERRO,True,INDEPENDIENTE (O),19,3,TIRO3,FALLADO,Z10-IZ,8.53,90.26
v2T8y4tqu_cvkwcDFFcqiy_J_k5UM_lzHVbzq8XHY4K4lu4j1XVX2BUQ==,08/10/2026,INDEPENDIENTE (O),FERRO,False,FERRO,4,3,TIRO2,CONVERTIDO,Z1-DE,87.11,49.06
v2T8y4tqu_cvkwcDFFcqiy_J_k5UM_lzHVbzq8XHY4K4lu4j1XVX2BUQ==,08/10/2026,INDEPENDIENTE (O),FERRO,True,INDEPENDIENTE (O),19,3,TIRO2,CONVERTIDO,Z2-IZ,11.47,75.73
v2T8y4tqu_cvkwcDFFcqiy_J_k5UM_lzHVbzq8XHY4K4lu4j1XVX2BUQ==,08/10/2026,INDEPENDIENTE (O),FERRO,True,INDEPENDIENTE (O),4,3,TIRO3,FALLADO,Z11-IZ,30.15,83.42
v2T8y4tqu_cvkwcDFFcqiy_J_k5UM_lzHVbzq8XHY4K4lu4j1XVX2BUQ==,08/10/2026,INDEPENDIENTE (O),FERRO,False,FERRO,6,3,TIRO3,CONVERTIDO,Z14-DE,88.63,91.79
v2T8y4tqu_cvkwcDFFcqiy_J_k5UM_lzHVbzq8XHY4K4lu4j1XVX2BUQ==,08/10/2026,INDEPENDIENTE (O),FERRO,False,FERRO,8,3,TIRO3,FALLADO,Z14-DE,83.25,90.43
v2T8y4tqu_cvkwcDFFcqiy_J_k5UM_lzHVbzq8XHY4K4lu4j1XVX2BUQ==,08/10/2026,INDEPENDIENTE (O),FERRO,True,INDEPENDIENTE (O),8,3,TIRO3,CONVERTIDO,Z13-IZ,28.93,17.78
v2T8y4tqu_cvkwcDFFcqiy_J_k5UM_lzHVbzq8XHY4K4lu4j1XVX2BUQ==,08/10/2026,INDEPENDIENTE (O),FERRO,False,FERRO,8,3,TIRO3,FALLADO,Z11-DE,68.32,22.39
v2T8y4tqu_cvkwcDFFcqiy_J_k5UM_lzHVbzq8XHY4K4lu4j1XVX2BUQ==,08/10/2026,INDEPENDIENTE (O),FERRO,True,INDEPENDIENTE (O),1,3,TIRO3,FALLADO,Z13-IZ,29.75,19.66
v2T8y4tqu_cvkwcDFFcqiy_J_k5UM_lzHVbzq8XHY4K4lu4j1XVX2BUQ==,08/10/2026,INDEPENDIENTE (O),FERRO,False,FERRO,10,2,TIRO2,FALLADO,Z1-DE,87.61,43.93
v2T8y4tqu_cvkwcDFFcqiy_J_k5UM_lzHVbzq8XHY4K4lu4j1XVX2BUQ==,08/10/2026,INDEPENDIENTE (O),FERRO,True,INDEPENDIENTE (O),8,2,TIRO3,FALLADO,Z11-IZ,22.74,87.86
v2T8y4tqu_cvkwcDFFcqiy_J_k5UM_lzHVbzq8XHY4K4lu4j1XVX2BUQ==,08/10/2026,INDEPENDIENTE (O),FERRO,False,FERRO,6,2,TIRO3,FALLADO,Z10-DE,88.43,9.23
v2T8y4tqu_cvkwcDFFcqiy_J_k5UM_lzHVbzq8XHY4K4lu4j1XVX2BUQ==,08/10/2026,INDEPENDIENTE (O),FERRO,True,INDEPENDIENTE (O),9,2,TIRO2,FALLADO,Z1-IZ,13.81,47.01
v2T8y4tqu_cvkwcDFFcqiy_J_k5UM_lzHVbzq8XHY4K4lu4j1XVX2BUQ==,08/10/2026,INDEPENDIENTE (O),FERRO,True,INDEPENDIENTE (O),19,2,TIRO3,CONVERTIDO,Z13-IZ,24.06,13.33
v2T8y4tqu_cvkwcDFFcqiy_J_k5UM_lzHVbzq8XHY4K4lu4j1XVX2BUQ==,08/10/2026,INDEPENDIENTE (O),FERRO,False,FERRO,25,2,TIRO3,FALLADO,Z11-DE,72.28,14.02
v2T8y4tqu_cvkwcDFFcqiy_J_k5UM_lzHVbzq8XHY4K4lu4j1XVX2BUQ==,08/10/2026,INDEPENDIENTE (O),FERRO,False,FERRO,4,2,TIRO3,FALLADO,Z12-DE,62.13,54.7
v2T8y4tqu_cvkwcDFFcqiy_J_k5UM_lzHVbzq8XHY4K4lu4j1XVX2BUQ==,08/10/2026,INDEPENDIENTE (O),FERRO,False,FERRO,4,2,TIRO2,FALLADO,Z1-DE,88.12,43.76
v2T8y4tqu_cvkwcDFFcqiy_J_k5UM_lzHVbzq8XHY4K4lu4j1XVX2BUQ==,08/10/2026,INDEPENDIENTE (O),FERRO,True,INDEPENDIENTE (O),4,2,TIRO2,CONVERTIDO,Z1-IZ,11.98,47.01
v2T8y4tqu_cvkwcDFFcqiy_J_k5UM_lzHVbzq8XHY4K4lu4j1XVX2BUQ==,08/10/2026,INDEPENDIENTE (O),FERRO,True,INDEPENDIENTE (O),19,2,TIRO3,FALLADO,Z13-IZ,24.77,13.68
v2T8y4tqu_cvkwcDFFcqiy_J_k5UM_lzHVbzq8XHY4K4lu4j1XVX2BUQ==,08/10/2026,INDEPENDIENTE (O),FERRO,False,FERRO,10,2,TIRO2,CONVERTIDO,Z1-DE,87.31,49.23
v2T8y4tqu_cvkwcDFFcqiy_J_k5UM_lzHVbzq8XHY4K4lu4j1XVX2BUQ==,08/10/2026,INDEPENDIENTE (O),FERRO,True,INDEPENDIENTE (O),8,2,TIRO3,FALLADO,Z11-IZ,32.99,80.0
v2T8y4tqu_cvkwcDFFcqiy_J_k5UM_lzHVbzq8XHY4K4lu4j1XVX2BUQ==,08/10/2026,INDEPENDIENTE (O),FERRO,False,FERRO,25,2,TIRO3,CONVERTIDO,Z13-DE,66.8,74.87
v2T8y4tqu_cvkwcDFFcqiy_J_k5UM_lzHVbzq8XHY4K4lu4j1XVX2BUQ==,08/10/2026,INDEPENDIENTE (O),FERRO,True,INDEPENDIENTE (O),1,2,TIRO3,CONVERTIDO,Z12-IZ,38.27,61.71
v2T8y4tqu_cvkwcDFFcqiy_J_k5UM_lzHVbzq8XHY4K4lu4j1XVX2BUQ==,08/10/2026,INDEPENDIENTE (O),FERRO,False,FERRO,4,2,TIRO2,CONVERTIDO,Z1-DE,87.01,46.5
v2T8y4tqu_cvkwcDFFcqiy_J_k5UM_lzHVbzq8XHY4K4lu4j1XVX2BUQ==,08/10/2026,INDEPENDIENTE (O),FERRO,True,INDEPENDIENTE (O),23,2,TIRO2,CONVERTIDO,Z1-IZ,13.71,48.72
v2T8y4tqu_cvkwcDFFcqiy_J_k5UM_lzHVbzq8XHY4K4lu4j1XVX2BUQ==,08/10/2026,INDEPENDIENTE (O),FERRO,False,FERRO,4,2,TIRO3,FALLADO,Z13-DE,64.77,72.82
v2T8y4tqu_cvkwcDFFcqiy_J_k5UM_lzHVbzq8XHY4K4lu4j1XVX2BUQ==,08/10/2026,INDEPENDIENTE (O),FERRO,True,INDEPENDIENTE (O),6,2,TIRO2,FALLADO,Z1-IZ,12.99,51.11
v2T8y4tqu_cvkwcDFFcqiy_J_k5UM_lzHVbzq8XHY4K4lu4j1XVX2BUQ==,08/10/2026,INDEPENDIENTE (O),FERRO,False,FERRO,8,2,TIRO3,FALLADO,Z13-DE,74.62,85.47
v2T8y4tqu_cvkwcDFFcqiy_J_k5UM_lzHVbzq8XHY4K4lu4j1XVX2BUQ==,08/10/2026,INDEPENDIENTE (O),FERRO,True,INDEPENDIENTE (O),10,2,TIRO3,FALLADO,Z13-IZ,22.84,10.6
v2T8y4tqu_cvkwcDFFcqiy_J_k5UM_lzHVbzq8XHY4K4lu4j1XVX2BUQ==,08/10/2026,INDEPENDIENTE (O),FERRO,True,INDEPENDIENTE (O),6,2,TIRO3,FALLADO,Z13-IZ,31.17,22.74
v2T8y4tqu_cvkwcDFFcqiy_J_k5UM_lzHVbzq8XHY4K4lu4j1XVX2BUQ==,08/10/2026,INDEPENDIENTE (O),FERRO,False,FERRO,10,2,TIRO2,FALLADO,Z8-DE,71.47,60.34
v2T8y4tqu_cvkwcDFFcqiy_J_k5UM_lzHVbzq8XHY4K4lu4j1XVX2BUQ==,08/10/2026,INDEPENDIENTE (O),FERRO,True,INDEPENDIENTE (O),10,2,TIRO3,CONVERTIDO,Z12-IZ,36.85,49.23
v2T8y4tqu_cvkwcDFFcqiy_J_k5UM_lzHVbzq8XHY4K4lu4j1XVX2BUQ==,08/10/2026,INDEPENDIENTE (O),FERRO,False,FERRO,9,2,TIRO2,CONVERTIDO,Z1-DE,85.69,46.5
v2T8y4tqu_cvkwcDFFcqiy_J_k5UM_lzHVbzq8XHY4K4lu4j1XVX2BUQ==,08/10/2026,INDEPENDIENTE (O),FERRO,True,INDEPENDIENTE (O),7,2,TIRO3,CONVERTIDO,Z11-IZ,30.76,82.91
v2T8y4tqu_cvkwcDFFcqiy_J_k5UM_lzHVbzq8XHY4K4lu4j1XVX2BUQ==,08/10/2026,INDEPENDIENTE (O),FERRO,False,FERRO,13,2,TIRO2,FALLADO,Z1-DE,87.72,38.97
v2T8y4tqu_cvkwcDFFcqiy_J_k5UM_lzHVbzq8XHY4K4lu4j1XVX2BUQ==,08/10/2026,INDEPENDIENTE (O),FERRO,True,INDEPENDIENTE (O),23,2,TIRO3,FALLADO,Z11-IZ,35.84,73.85
v2T8y4tqu_cvkwcDFFcqiy_J_k5UM_lzHVbzq8XHY4K4lu4j1XVX2BUQ==,08/10/2026,INDEPENDIENTE (O),FERRO,True,INDEPENDIENTE (O),7,2,TIRO3,FALLADO,Z11-IZ,34.21,73.33
v2T8y4tqu_cvkwcDFFcqiy_J_k5UM_lzHVbzq8XHY4K4lu4j1XVX2BUQ==,08/10/2026,INDEPENDIENTE (O),FERRO,False,FERRO,5,2,TIRO3,CONVERTIDO,Z14-DE,90.56,91.28
v2T8y4tqu_cvkwcDFFcqiy_J_k5UM_lzHVbzq8XHY4K4lu4j1XVX2BUQ==,08/10/2026,INDEPENDIENTE (O),FERRO,True,INDEPENDIENTE (O),10,2,TIRO2,CONVERTIDO,Z1-IZ,10.96,38.29
v2T8y4tqu_cvkwcDFFcqiy_J_k5UM_lzHVbzq8XHY4K4lu4j1XVX2BUQ==,08/10/2026,INDEPENDIENTE (O),FERRO,False,FERRO,9,2,TIRO2,CONVERTIDO,Z1-DE,86.4,49.06
v2T8y4tqu_cvkwcDFFcqiy_J_k5UM_lzHVbzq8XHY4K4lu4j1XVX2BUQ==,08/10/2026,INDEPENDIENTE (O),FERRO,False,FERRO,11,2,TIRO2,FALLADO,Z1-DE,85.69,45.47
v2T8y4tqu_cvkwcDFFcqiy_J_k5UM_lzHVbzq8XHY4K4lu4j1XVX2BUQ==,08/10/2026,INDEPENDIENTE (O),FERRO,True,INDEPENDIENTE (O),10,1,TIRO3,FALLADO,Z11-IZ,26.5,86.32
v2T8y4tqu_cvkwcDFFcqiy_J_k5UM_lzHVbzq8XHY4K4lu4j1XVX2BUQ==,08/10/2026,INDEPENDIENTE (O),FERRO,True,INDEPENDIENTE (O),23,1,TIRO2,CONVERTIDO,Z1-IZ,11.98,44.1
v2T8y4tqu_cvkwcDFFcqiy_J_k5UM_lzHVbzq8XHY4K4lu4j1XVX2BUQ==,08/10/2026,INDEPENDIENTE (O),FERRO,False,FERRO,13,1,TIRO2,CONVERTIDO,Z1-DE,87.21,44.79
v2T8y4tqu_cvkwcDFFcqiy_J_k5UM_lzHVbzq8XHY4K4lu4j1XVX2BUQ==,08/10/2026,INDEPENDIENTE (O),FERRO,False,FERRO,13,1,TIRO2,CONVERTIDO,Z1-DE,84.16,49.23
v2T8y4tqu_cvkwcDFFcqiy_J_k5UM_lzHVbzq8XHY4K4lu4j1XVX2BUQ==,08/10/2026,INDEPENDIENTE (O),FERRO,False,FERRO,9,1,TIRO2,CONVERTIDO,Z1-DE,88.63,43.59
v2T8y4tqu_cvkwcDFFcqiy_J_k5UM_lzHVbzq8XHY4K4lu4j1XVX2BUQ==,08/10/2026,INDEPENDIENTE (O),FERRO,True,INDEPENDIENTE (O),6,1,TIRO2,CONVERTIDO,Z1-IZ,11.17,48.38
v2T8y4tqu_cvkwcDFFcqiy_J_k5UM_lzHVbzq8XHY4K4lu4j1XVX2BUQ==,08/10/2026,INDEPENDIENTE (O),FERRO,False,FERRO,25,1,TIRO3,FALLADO,Z13-DE,69.85,80.68
v2T8y4tqu_cvkwcDFFcqiy_J_k5UM_lzHVbzq8XHY4K4lu4j1XVX2BUQ==,08/10/2026,INDEPENDIENTE (O),FERRO,True,INDEPENDIENTE (O),6,1,TIRO2,FALLADO,Z1-IZ,12.18,46.5
v2T8y4tqu_cvkwcDFFcqiy_J_k5UM_lzHVbzq8XHY4K4lu4j1XVX2BUQ==,08/10/2026,INDEPENDIENTE (O),FERRO,True,INDEPENDIENTE (O),23,1,TIRO3,CONVERTIDO,Z11-IZ,31.98,76.75
v2T8y4tqu_cvkwcDFFcqiy_J_k5UM_lzHVbzq8XHY4K4lu4j1XVX2BUQ==,08/10/2026,INDEPENDIENTE (O),FERRO,True,INDEPENDIENTE (O),10,1,TIRO3,FALLADO,Z11-IZ,26.5,86.15
v2T8y4tqu_cvkwcDFFcqiy_J_k5UM_lzHVbzq8XHY4K4lu4j1XVX2BUQ==,08/10/2026,INDEPENDIENTE (O),FERRO,True,INDEPENDIENTE (O),1,1,TIRO2,CONVERTIDO,Z1-IZ,12.59,45.13
v2T8y4tqu_cvkwcDFFcqiy_J_k5UM_lzHVbzq8XHY4K4lu4j1XVX2BUQ==,08/10/2026,INDEPENDIENTE (O),FERRO,False,FERRO,10,1,TIRO3,FALLADO,Z13-DE,64.77,69.23
v2T8y4tqu_cvkwcDFFcqiy_J_k5UM_lzHVbzq8XHY4K4lu4j1XVX2BUQ==,08/10/2026,INDEPENDIENTE (O),FERRO,True,INDEPENDIENTE (O),9,1,TIRO3,CONVERTIDO,Z12-IZ,36.45,63.25
v2T8y4tqu_cvkwcDFFcqiy_J_k5UM_lzHVbzq8XHY4K4lu4j1XVX2BUQ==,08/10/2026,INDEPENDIENTE (O),FERRO,False,FERRO,4,1,TIRO3,CONVERTIDO,Z11-DE,72.99,14.02
v2T8y4tqu_cvkwcDFFcqiy_J_k5UM_lzHVbzq8XHY4K4lu4j1XVX2BUQ==,08/10/2026,INDEPENDIENTE (O),FERRO,True,INDEPENDIENTE (O),4,1,TIRO3,CONVERTIDO,Z12-IZ,35.94,60.34
v2T8y4tqu_cvkwcDFFcqiy_J_k5UM_lzHVbzq8XHY4K4lu4j1XVX2BUQ==,08/10/2026,INDEPENDIENTE (O),FERRO,False,FERRO,4,1,TIRO3,CONVERTIDO,Z14-DE,88.93,90.6
v2T8y4tqu_cvkwcDFFcqiy_J_k5UM_lzHVbzq8XHY4K4lu4j1XVX2BUQ==,08/10/2026,INDEPENDIENTE (O),FERRO,True,INDEPENDIENTE (O),9,1,TIRO3,CONVERTIDO,Z14-IZ,8.83,8.55
v2T8y4tqu_cvkwcDFFcqiy_J_k5UM_lzHVbzq8XHY4K4lu4j1XVX2BUQ==,08/10/2026,INDEPENDIENTE (O),FERRO,True,INDEPENDIENTE (O),19,1,TIRO2,FALLADO,Z2-IZ,14.82,74.53
v2T8y4tqu_cvkwcDFFcqiy_J_k5UM_lzHVbzq8XHY4K4lu4j1XVX2BUQ==,08/10/2026,INDEPENDIENTE (O),FERRO,False,FERRO,8,1,TIRO2,CONVERTIDO,Z1-DE,85.18,50.26
v2T8y4tqu_cvkwcDFFcqiy_J_k5UM_lzHVbzq8XHY4K4lu4j1XVX2BUQ==,08/10/2026,INDEPENDIENTE (O),FERRO,True,INDEPENDIENTE (O),1,1,TIRO2,CONVERTIDO,Z1-IZ,12.28,49.57
v2T8y4tqu_cvkwcDFFcqiy_J_k5UM_lzHVbzq8XHY4K4lu4j1XVX2BUQ==,08/10/2026,INDEPENDIENTE (O),FERRO,False,FERRO,4,1,TIRO2,CONVERTIDO,Z1-DE,86.5,51.97
v2T8y4tqu_cvkwcDFFcqiy_J_k5UM_lzHVbzq8XHY4K4lu4j1XVX2BUQ==,08/10/2026,INDEPENDIENTE (O),FERRO,True,INDEPENDIENTE (O),4,1,TIRO2,CONVERTIDO,Z1-IZ,11.78,44.79
v2T8y4tqu_cvkwcDFFcqiy_J_k5UM_lzHVbzq8XHY4K4lu4j1XVX2BUQ==,08/10/2026,INDEPENDIENTE (O),FERRO,False,FERRO,25,1,TIRO3,CONVERTIDO,Z11-DE,64.97,28.21
v2T8y4tqu_cvkwcDFFcqiy_J_k5UM_lzHVbzq8XHY4K4lu4j1XVX2BUQ==,08/10/2026,INDEPENDIENTE (O),FERRO,False,FERRO,6,1,TIRO2,CONVERTIDO,Z1-DE,84.77,52.65
v2T8y4tqu_cvkwcDFFcqiy_J_k5UM_lzHVbzq8XHY4K4lu4j1XVX2BUQ==,08/10/2026,INDEPENDIENTE (O),FERRO,False,FERRO,25,1,TIRO2,FALLADO,Z1-DE,87.01,42.56
v2T8y4tqu_cvkwcDFFcqiy_J_k5UM_lzHVbzq8XHY4K4lu4j1XVX2BUQ==,08/10/2026,INDEPENDIENTE (O),FERRO,True,INDEPENDIENTE (O),1,1,TIRO2,CONVERTIDO,Z1-IZ,13.6,47.86
v2T8y4tqu_cvkwcDFFcqiy_J_k5UM_lzHVbzq8XHY4K4lu4j1XVX2BUQ==,08/10/2026,INDEPENDIENTE (O),FERRO,False,FERRO,25,1,TIRO2,FALLADO,Z1-DE,85.99,50.26
v2T8y4tqu_cvkwcDFFcqiy_J_k5UM_lzHVbzq8XHY4K4lu4j1XVX2BUQ==,08/10/2026,INDEPENDIENTE (O),FERRO,True,INDEPENDIENTE (O),8,1,TIRO2,FALLADO,Z1-IZ,12.08,44.27
v2T8y4tqu_cvkwcDFFcqiy_J_k5UM_lzHVbzq8XHY4K4lu4j1XVX2BUQ==,08/10/2026,INDEPENDIENTE (O),FERRO,False,FERRO,10,1,TIRO2,CONVERTIDO,Z2-DE,88.32,29.23
v2T8y4tqu_cvkwcDFFcqiy_J_k5UM_lzHVbzq8XHY4K4lu4j1XVX2BUQ==,08/10/2026,INDEPENDIENTE (O),FERRO,True,INDEPENDIENTE (O),1,1,TIRO2,CONVERTIDO,Z1-IZ,12.69,45.13
v2T8y4tqu_cvkwcDFFcqiy_J_k5UM_lzHVbzq8XHY4K4lu4j1XVX2BUQ==,08/10/2026,INDEPENDIENTE (O),FERRO,False,FERRO,25,1,TIRO3,CONVERTIDO,Z12-DE,62.94,34.87
v2T8y4tqu_cvkwcDFFcqiy_J_k5UM_lzHVbzq8XHY4K4lu4j1XVX2BUQ==,08/10/2026,INDEPENDIENTE (O),FERRO,True,INDEPENDIENTE (O),19,1,TIRO2,FALLADO,Z2-IZ,10.86,64.1
v2435NjZ8rMUDQwT8KMhxCV1cJ3y9aldpbZhKV0bECo4kqEh5w_0MNLg==,08/10/2026,SAN LORENZO,GIMNASIA (CR),True,SAN LORENZO,9,4,TIRO2,FALLADO,Z1-IZ,11.38,60.1
v2435NjZ8rMUDQwT8KMhxCV1cJ3y9aldpbZhKV0bECo4kqEh5w_0MNLg==,08/10/2026,SAN LORENZO,GIMNASIA (CR),False,GIMNASIA (CR),14,4,TIRO2,CONVERTIDO,Z1-DE,85.38,49.74
v2435NjZ8rMUDQwT8KMhxCV1cJ3y9aldpbZhKV0bECo4kqEh5w_0MNLg==,08/10/2026,SAN LORENZO,GIMNASIA (CR),False,GIMNASIA (CR),5,4,TIRO2,CONVERTIDO,Z1-DE,83.69,55.18
v2435NjZ8rMUDQwT8KMhxCV1cJ3y9aldpbZhKV0bECo4kqEh5w_0MNLg==,08/10/2026,SAN LORENZO,GIMNASIA (CR),False,GIMNASIA (CR),5,4,TIRO2,CONVERTIDO,Z1-DE,84.62,47.93
v2435NjZ8rMUDQwT8KMhxCV1cJ3y9aldpbZhKV0bECo4kqEh5w_0MNLg==,08/10/2026,SAN LORENZO,GIMNASIA (CR),False,GIMNASIA (CR),9,4,TIRO3,FALLADO,Z12-DE,59.08,47.15
v2435NjZ8rMUDQwT8KMhxCV1cJ3y9aldpbZhKV0bECo4kqEh5w_0MNLg==,08/10/2026,SAN LORENZO,GIMNASIA (CR),False,GIMNASIA (CR),2,4,TIRO3,FALLADO,Z13-DE,65.54,79.53
v2435NjZ8rMUDQwT8KMhxCV1cJ3y9aldpbZhKV0bECo4kqEh5w_0MNLg==,08/10/2026,SAN LORENZO,GIMNASIA (CR),True,SAN LORENZO,3,4,TIRO3,CONVERTIDO,Z11-IZ,37.08,65.54
v2435NjZ8rMUDQwT8KMhxCV1cJ3y9aldpbZhKV0bECo4kqEh5w_0MNLg==,08/10/2026,SAN LORENZO,GIMNASIA (CR),False,GIMNASIA (CR),14,4,TIRO2,CONVERTIDO,Z3-DE,82.92,57.51
v2435NjZ8rMUDQwT8KMhxCV1cJ3y9aldpbZhKV0bECo4kqEh5w_0MNLg==,08/10/2026,SAN LORENZO,GIMNASIA (CR),True,SAN LORENZO,3,4,TIRO2,CONVERTIDO,Z1-IZ,14.15,48.19
v2435NjZ8rMUDQwT8KMhxCV1cJ3y9aldpbZhKV0bECo4kqEh5w_0MNLg==,08/10/2026,SAN LORENZO,GIMNASIA (CR),True,SAN LORENZO,10,4,TIRO2,CONVERTIDO,Z1-IZ,11.08,49.74
v2435NjZ8rMUDQwT8KMhxCV1cJ3y9aldpbZhKV0bECo4kqEh5w_0MNLg==,08/10/2026,SAN LORENZO,GIMNASIA (CR),True,SAN LORENZO,7,4,TIRO2,FALLADO,Z1-IZ,11.85,51.04
v2435NjZ8rMUDQwT8KMhxCV1cJ3y9aldpbZhKV0bECo4kqEh5w_0MNLg==,08/10/2026,SAN LORENZO,GIMNASIA (CR),False,GIMNASIA (CR),9,4,TIRO2,CONVERTIDO,Z4-DE,84.77,63.21
v2435NjZ8rMUDQwT8KMhxCV1cJ3y9aldpbZhKV0bECo4kqEh5w_0MNLg==,08/10/2026,SAN LORENZO,GIMNASIA (CR),True,SAN LORENZO,7,4,TIRO2,CONVERTIDO,Z1-IZ,12.15,46.89
v2435NjZ8rMUDQwT8KMhxCV1cJ3y9aldpbZhKV0bECo4kqEh5w_0MNLg==,08/10/2026,SAN LORENZO,GIMNASIA (CR),False,GIMNASIA (CR),14,4,TIRO2,FALLADO,Z1-DE,85.38,49.22
v2435NjZ8rMUDQwT8KMhxCV1cJ3y9aldpbZhKV0bECo4kqEh5w_0MNLg==,08/10/2026,SAN LORENZO,GIMNASIA (CR),True,SAN LORENZO,3,4,TIRO2,FALLADO,Z1-IZ,16.77,46.89
v2435NjZ8rMUDQwT8KMhxCV1cJ3y9aldpbZhKV0bECo4kqEh5w_0MNLg==,08/10/2026,SAN LORENZO,GIMNASIA (CR),False,GIMNASIA (CR),5,4,TIRO3,FALLADO,Z13-DE,60.62,79.53
v2435NjZ8rMUDQwT8KMhxCV1cJ3y9aldpbZhKV0bECo4kqEh5w_0MNLg==,08/10/2026,SAN LORENZO,GIMNASIA (CR),True,SAN LORENZO,6,4,TIRO2,FALLADO,Z2-IZ,16.0,60.88
v2435NjZ8rMUDQwT8KMhxCV1cJ3y9aldpbZhKV0bECo4kqEh5w_0MNLg==,08/10/2026,SAN LORENZO,GIMNASIA (CR),False,GIMNASIA (CR),5,4,TIRO2,CONVERTIDO,Z1-DE,83.38,54.4
v2435NjZ8rMUDQwT8KMhxCV1cJ3y9aldpbZhKV0bECo4kqEh5w_0MNLg==,08/10/2026,SAN LORENZO,GIMNASIA (CR),False,GIMNASIA (CR),12,4,TIRO2,FALLADO,Z1-DE,86.46,50.78
v2435NjZ8rMUDQwT8KMhxCV1cJ3y9aldpbZhKV0bECo4kqEh5w_0MNLg==,08/10/2026,SAN LORENZO,GIMNASIA (CR),True,SAN LORENZO,7,4,TIRO3,FALLADO,Z11-IZ,31.54,67.88
v2435NjZ8rMUDQwT8KMhxCV1cJ3y9aldpbZhKV0bECo4kqEh5w_0MNLg==,08/10/2026,SAN LORENZO,GIMNASIA (CR),True,SAN LORENZO,20,4,TIRO2,FALLADO,Z4-IZ,17.85,29.02
v2435NjZ8rMUDQwT8KMhxCV1cJ3y9aldpbZhKV0bECo4kqEh5w_0MNLg==,08/10/2026,SAN LORENZO,GIMNASIA (CR),False,GIMNASIA (CR),5,4,TIRO2,FALLADO,Z1-DE,84.92,56.48
v2435NjZ8rMUDQwT8KMhxCV1cJ3y9aldpbZhKV0bECo4kqEh5w_0MNLg==,08/10/2026,SAN LORENZO,GIMNASIA (CR),False,GIMNASIA (CR),12,4,TIRO3,FALLADO,Z11-DE,68.46,20.98
v2435NjZ8rMUDQwT8KMhxCV1cJ3y9aldpbZhKV0bECo4kqEh5w_0MNLg==,08/10/2026,SAN LORENZO,GIMNASIA (CR),True,SAN LORENZO,20,4,TIRO3,FALLADO,Z11-IZ,22.46,89.12
v2435NjZ8rMUDQwT8KMhxCV1cJ3y9aldpbZhKV0bECo4kqEh5w_0MNLg==,08/10/2026,SAN LORENZO,GIMNASIA (CR),True,SAN LORENZO,20,4,TIRO2,CONVERTIDO,Z4-IZ,17.85,39.9
v2435NjZ8rMUDQwT8KMhxCV1cJ3y9aldpbZhKV0bECo4kqEh5w_0MNLg==,08/10/2026,SAN LORENZO,GIMNASIA (CR),False,GIMNASIA (CR),5,4,TIRO2,CONVERTIDO,Z1-DE,85.08,58.29
v2435NjZ8rMUDQwT8KMhxCV1cJ3y9aldpbZhKV0bECo4kqEh5w_0MNLg==,08/10/2026,SAN LORENZO,GIMNASIA (CR),False,GIMNASIA (CR),9,4,TIRO2,FALLADO,Z1-DE,86.92,57.51
v2435NjZ8rMUDQwT8KMhxCV1cJ3y9aldpbZhKV0bECo4kqEh5w_0MNLg==,08/10/2026,SAN LORENZO,GIMNASIA (CR),True,SAN LORENZO,9,4,TIRO3,CONVERTIDO,Z13-IZ,34.62,25.91
v2435NjZ8rMUDQwT8KMhxCV1cJ3y9aldpbZhKV0bECo4kqEh5w_0MNLg==,08/10/2026,SAN LORENZO,GIMNASIA (CR),False,GIMNASIA (CR),10,4,TIRO2,CONVERTIDO,Z4-DE,83.08,58.03
v2435NjZ8rMUDQwT8KMhxCV1cJ3y9aldpbZhKV0bECo4kqEh5w_0MNLg==,08/10/2026,SAN LORENZO,GIMNASIA (CR),True,SAN LORENZO,33,4,TIRO2,CONVERTIDO,Z1-IZ,11.38,55.96
v2435NjZ8rMUDQwT8KMhxCV1cJ3y9aldpbZhKV0bECo4kqEh5w_0MNLg==,08/10/2026,SAN LORENZO,GIMNASIA (CR),False,GIMNASIA (CR),10,4,TIRO3,FALLADO,Z11-DE,62.92,25.91
v2435NjZ8rMUDQwT8KMhxCV1cJ3y9aldpbZhKV0bECo4kqEh5w_0MNLg==,08/10/2026,SAN LORENZO,GIMNASIA (CR),False,GIMNASIA (CR),10,3,TIRO3,FALLADO,Z12-IZ,39.54,33.94
v2435NjZ8rMUDQwT8KMhxCV1cJ3y9aldpbZhKV0bECo4kqEh5w_0MNLg==,08/10/2026,SAN LORENZO,GIMNASIA (CR),True,SAN LORENZO,20,3,TIRO3,CONVERTIDO,Z12-IZ,39.08,48.96
v2435NjZ8rMUDQwT8KMhxCV1cJ3y9aldpbZhKV0bECo4kqEh5w_0MNLg==,08/10/2026,SAN LORENZO,GIMNASIA (CR),False,GIMNASIA (CR),10,3,TIRO2,CONVERTIDO,Z1-DE,87.08,60.36
v2435NjZ8rMUDQwT8KMhxCV1cJ3y9aldpbZhKV0bECo4kqEh5w_0MNLg==,08/10/2026,SAN LORENZO,GIMNASIA (CR),False,GIMNASIA (CR),5,3,TIRO3,FALLADO,Z11-DE,68.31,16.32
v2435NjZ8rMUDQwT8KMhxCV1cJ3y9aldpbZhKV0bECo4kqEh5w_0MNLg==,08/10/2026,SAN LORENZO,GIMNASIA (CR),False,GIMNASIA (CR),10,3,TIRO3,FALLADO,Z13-DE,62.0,71.24
v2435NjZ8rMUDQwT8KMhxCV1cJ3y9aldpbZhKV0bECo4kqEh5w_0MNLg==,08/10/2026,SAN LORENZO,GIMNASIA (CR),False,GIMNASIA (CR),2,3,TIRO2,FALLADO,Z4-DE,79.85,68.39
v2435NjZ8rMUDQwT8KMhxCV1cJ3y9aldpbZhKV0bECo4kqEh5w_0MNLg==,08/10/2026,SAN LORENZO,GIMNASIA (CR),False,GIMNASIA (CR),2,3,TIRO2,FALLADO,Z1-DE,83.38,55.44
v2435NjZ8rMUDQwT8KMhxCV1cJ3y9aldpbZhKV0bECo4kqEh5w_0MNLg==,08/10/2026,SAN LORENZO,GIMNASIA (CR),True,SAN LORENZO,20,3,TIRO2,CONVERTIDO,Z1-IZ,12.31,48.45
v2435NjZ8rMUDQwT8KMhxCV1cJ3y9aldpbZhKV0bECo4kqEh5w_0MNLg==,08/10/2026,SAN LORENZO,GIMNASIA (CR),False,GIMNASIA (CR),10,3,TIRO2,FALLADO,Z3-DE,79.85,47.15
v2435NjZ8rMUDQwT8KMhxCV1cJ3y9aldpbZhKV0bECo4kqEh5w_0MNLg==,08/10/2026,SAN LORENZO,GIMNASIA (CR),True,SAN LORENZO,20,3,TIRO2,CONVERTIDO,Z3-IZ,21.85,55.18
v2435NjZ8rMUDQwT8KMhxCV1cJ3y9aldpbZhKV0bECo4kqEh5w_0MNLg==,08/10/2026,SAN LORENZO,GIMNASIA (CR),False,GIMNASIA (CR),10,3,TIRO3,CONVERTIDO,Z12-DE,61.69,34.2
v2435NjZ8rMUDQwT8KMhxCV1cJ3y9aldpbZhKV0bECo4kqEh5w_0MNLg==,08/10/2026,SAN LORENZO,GIMNASIA (CR),True,SAN LORENZO,9,3,TIRO2,CONVERTIDO,Z4-IZ,12.92,36.53
v2435NjZ8rMUDQwT8KMhxCV1cJ3y9aldpbZhKV0bECo4kqEh5w_0MNLg==,08/10/2026,SAN LORENZO,GIMNASIA (CR),True,SAN LORENZO,33,3,TIRO2,CONVERTIDO,Z1-IZ,10.92,38.86
v2435NjZ8rMUDQwT8KMhxCV1cJ3y9aldpbZhKV0bECo4kqEh5w_0MNLg==,08/10/2026,SAN LORENZO,GIMNASIA (CR),True,SAN LORENZO,7,3,TIRO3,CONVERTIDO,Z12-IZ,32.62,45.34
v2435NjZ8rMUDQwT8KMhxCV1cJ3y9aldpbZhKV0bECo4kqEh5w_0MNLg==,08/10/2026,SAN LORENZO,GIMNASIA (CR),False,GIMNASIA (CR),0,3,TIRO2,FALLADO,Z1-DE,86.77,56.22
v2435NjZ8rMUDQwT8KMhxCV1cJ3y9aldpbZhKV0bECo4kqEh5w_0MNLg==,08/10/2026,SAN LORENZO,GIMNASIA (CR),True,SAN LORENZO,7,3,TIRO2,CONVERTIDO,Z3-IZ,18.77,42.49
v2435NjZ8rMUDQwT8KMhxCV1cJ3y9aldpbZhKV0bECo4kqEh5w_0MNLg==,08/10/2026,SAN LORENZO,GIMNASIA (CR),True,SAN LORENZO,7,3,TIRO3,CONVERTIDO,Z11-IZ,31.38,59.33
v2435NjZ8rMUDQwT8KMhxCV1cJ3y9aldpbZhKV0bECo4kqEh5w_0MNLg==,08/10/2026,SAN LORENZO,GIMNASIA (CR),False,GIMNASIA (CR),12,3,TIRO3,CONVERTIDO,Z13-DE,69.85,84.46
v2435NjZ8rMUDQwT8KMhxCV1cJ3y9aldpbZhKV0bECo4kqEh5w_0MNLg==,08/10/2026,SAN LORENZO,GIMNASIA (CR),True,SAN LORENZO,23,3,TIRO2,FALLADO,Z1-IZ,13.54,47.67
v2435NjZ8rMUDQwT8KMhxCV1cJ3y9aldpbZhKV0bECo4kqEh5w_0MNLg==,08/10/2026,SAN LORENZO,GIMNASIA (CR),False,GIMNASIA (CR),14,3,TIRO2,FALLADO,Z3-DE,82.31,59.07
v2435NjZ8rMUDQwT8KMhxCV1cJ3y9aldpbZhKV0bECo4kqEh5w_0MNLg==,08/10/2026,SAN LORENZO,GIMNASIA (CR),True,SAN LORENZO,7,3,TIRO2,FALLADO,Z3-IZ,17.69,44.04
v2435NjZ8rMUDQwT8KMhxCV1cJ3y9aldpbZhKV0bECo4kqEh5w_0MNLg==,08/10/2026,SAN LORENZO,GIMNASIA (CR),True,SAN LORENZO,6,3,TIRO2,CONVERTIDO,Z1-IZ,11.85,49.48
v2435NjZ8rMUDQwT8KMhxCV1cJ3y9aldpbZhKV0bECo4kqEh5w_0MNLg==,08/10/2026,SAN LORENZO,GIMNASIA (CR),False,GIMNASIA (CR),9,3,TIRO3,FALLADO,Z11-DE,63.38,37.56
v2435NjZ8rMUDQwT8KMhxCV1cJ3y9aldpbZhKV0bECo4kqEh5w_0MNLg==,08/10/2026,SAN LORENZO,GIMNASIA (CR),True,SAN LORENZO,3,3,TIRO2,FALLADO,Z3-IZ,15.69,43.52
v2435NjZ8rMUDQwT8KMhxCV1cJ3y9aldpbZhKV0bECo4kqEh5w_0MNLg==,08/10/2026,SAN LORENZO,GIMNASIA (CR),True,SAN LORENZO,3,3,TIRO2,FALLADO,Z3-IZ,15.54,41.71
v2435NjZ8rMUDQwT8KMhxCV1cJ3y9aldpbZhKV0bECo4kqEh5w_0MNLg==,08/10/2026,SAN LORENZO,GIMNASIA (CR),False,GIMNASIA (CR),2,3,TIRO3,FALLADO,Z11-DE,67.85,36.53
v2435NjZ8rMUDQwT8KMhxCV1cJ3y9aldpbZhKV0bECo4kqEh5w_0MNLg==,08/10/2026,SAN LORENZO,GIMNASIA (CR),True,SAN LORENZO,6,3,TIRO3,CONVERTIDO,Z10-IZ,8.62,79.02
v2435NjZ8rMUDQwT8KMhxCV1cJ3y9aldpbZhKV0bECo4kqEh5w_0MNLg==,08/10/2026,SAN LORENZO,GIMNASIA (CR),True,SAN LORENZO,6,3,TIRO2,FALLADO,Z3-IZ,16.0,41.71
v2435NjZ8rMUDQwT8KMhxCV1cJ3y9aldpbZhKV0bECo4kqEh5w_0MNLg==,08/10/2026,SAN LORENZO,GIMNASIA (CR),True,SAN LORENZO,20,2,TIRO3,FALLADO,Z11-DE,62.62,28.5
v2435NjZ8rMUDQwT8KMhxCV1cJ3y9aldpbZhKV0bECo4kqEh5w_0MNLg==,08/10/2026,SAN LORENZO,GIMNASIA (CR),False,GIMNASIA (CR),5,2,TIRO3,FALLADO,Z13-DE,68.77,83.42
v2435NjZ8rMUDQwT8KMhxCV1cJ3y9aldpbZhKV0bECo4kqEh5w_0MNLg==,08/10/2026,SAN LORENZO,GIMNASIA (CR),False,GIMNASIA (CR),9,2,TIRO2,CONVERTIDO,Z1-DE,88.77,44.82
v2435NjZ8rMUDQwT8KMhxCV1cJ3y9aldpbZhKV0bECo4kqEh5w_0MNLg==,08/10/2026,SAN LORENZO,GIMNASIA (CR),True,SAN LORENZO,3,2,TIRO2,FALLADO,Z1-IZ,11.23,63.21
v2435NjZ8rMUDQwT8KMhxCV1cJ3y9aldpbZhKV0bECo4kqEh5w_0MNLg==,08/10/2026,SAN LORENZO,GIMNASIA (CR),False,GIMNASIA (CR),12,2,TIRO3,FALLADO,Z13-DE,62.46,67.88
v2435NjZ8rMUDQwT8KMhxCV1cJ3y9aldpbZhKV0bECo4kqEh5w_0MNLg==,08/10/2026,SAN LORENZO,GIMNASIA (CR),True,SAN LORENZO,9,2,TIRO3,FALLADO,Z11-IZ,33.38,67.1
v2435NjZ8rMUDQwT8KMhxCV1cJ3y9aldpbZhKV0bECo4kqEh5w_0MNLg==,08/10/2026,SAN LORENZO,GIMNASIA (CR),False,GIMNASIA (CR),12,2,TIRO3,CONVERTIDO,Z13-DE,64.77,75.39
v2435NjZ8rMUDQwT8KMhxCV1cJ3y9aldpbZhKV0bECo4kqEh5w_0MNLg==,08/10/2026,SAN LORENZO,GIMNASIA (CR),True,SAN LORENZO,9,2,TIRO3,CONVERTIDO,Z12-IZ,40.0,46.11
v2435NjZ8rMUDQwT8KMhxCV1cJ3y9aldpbZhKV0bECo4kqEh5w_0MNLg==,08/10/2026,SAN LORENZO,GIMNASIA (CR),False,GIMNASIA (CR),12,2,TIRO2,FALLADO,Z1-DE,83.23,51.04
v2435NjZ8rMUDQwT8KMhxCV1cJ3y9aldpbZhKV0bECo4kqEh5w_0MNLg==,08/10/2026,SAN LORENZO,GIMNASIA (CR),False,GIMNASIA (CR),5,2,TIRO3,FALLADO,Z12-DE,60.92,38.08
v2435NjZ8rMUDQwT8KMhxCV1cJ3y9aldpbZhKV0bECo4kqEh5w_0MNLg==,08/10/2026,SAN LORENZO,GIMNASIA (CR),True,SAN LORENZO,33,2,TIRO2,CONVERTIDO,Z3-IZ,18.92,51.3
v2435NjZ8rMUDQwT8KMhxCV1cJ3y9aldpbZhKV0bECo4kqEh5w_0MNLg==,08/10/2026,SAN LORENZO,GIMNASIA (CR),False,GIMNASIA (CR),10,2,TIRO3,FALLADO,Z10-DE,92.46,7.77
v2435NjZ8rMUDQwT8KMhxCV1cJ3y9aldpbZhKV0bECo4kqEh5w_0MNLg==,08/10/2026,SAN LORENZO,GIMNASIA (CR),True,SAN LORENZO,6,2,TIRO3,FALLADO,Z11-IZ,31.54,70.21
v2435NjZ8rMUDQwT8KMhxCV1cJ3y9aldpbZhKV0bECo4kqEh5w_0MNLg==,08/10/2026,SAN LORENZO,GIMNASIA (CR),False,GIMNASIA (CR),10,2,TIRO3,CONVERTIDO,Z12-DE,62.31,45.85
v2435NjZ8rMUDQwT8KMhxCV1cJ3y9aldpbZhKV0bECo4kqEh5w_0MNLg==,08/10/2026,SAN LORENZO,GIMNASIA (CR),False,GIMNASIA (CR),14,2,TIRO2,FALLADO,Z1-DE,86.31,60.88
v2435NjZ8rMUDQwT8KMhxCV1cJ3y9aldpbZhKV0bECo4kqEh5w_0MNLg==,08/10/2026,SAN LORENZO,GIMNASIA (CR),True,SAN LORENZO,33,2,TIRO2,CONVERTIDO,Z1-IZ,13.85,45.85
v2435NjZ8rMUDQwT8KMhxCV1cJ3y9aldpbZhKV0bECo4kqEh5w_0MNLg==,08/10/2026,SAN LORENZO,GIMNASIA (CR),False,GIMNASIA (CR),5,2,TIRO2,FALLADO,Z4-DE,86.62,72.54
v2435NjZ8rMUDQwT8KMhxCV1cJ3y9aldpbZhKV0bECo4kqEh5w_0MNLg==,08/10/2026,SAN LORENZO,GIMNASIA (CR),True,SAN LORENZO,3,2,TIRO2,CONVERTIDO,Z4-IZ,12.46,29.27
v2435NjZ8rMUDQwT8KMhxCV1cJ3y9aldpbZhKV0bECo4kqEh5w_0MNLg==,08/10/2026,SAN LORENZO,GIMNASIA (CR),True,SAN LORENZO,3,2,TIRO2,CONVERTIDO,Z1-IZ,12.92,42.49
v2435NjZ8rMUDQwT8KMhxCV1cJ3y9aldpbZhKV0bECo4kqEh5w_0MNLg==,08/10/2026,SAN LORENZO,GIMNASIA (CR),False,GIMNASIA (CR),33,2,TIRO2,CONVERTIDO,Z1-DE,89.23,51.04
v2435NjZ8rMUDQwT8KMhxCV1cJ3y9aldpbZhKV0bECo4kqEh5w_0MNLg==,08/10/2026,SAN LORENZO,GIMNASIA (CR),True,SAN LORENZO,33,2,TIRO2,FALLADO,Z1-IZ,14.15,38.34
v2435NjZ8rMUDQwT8KMhxCV1cJ3y9aldpbZhKV0bECo4kqEh5w_0MNLg==,08/10/2026,SAN LORENZO,GIMNASIA (CR),False,GIMNASIA (CR),10,2,TIRO3,CONVERTIDO,Z11-DE,77.23,15.8
v2435NjZ8rMUDQwT8KMhxCV1cJ3y9aldpbZhKV0bECo4kqEh5w_0MNLg==,08/10/2026,SAN LORENZO,GIMNASIA (CR),True,SAN LORENZO,9,2,TIRO2,CONVERTIDO,Z1-IZ,13.69,39.9
v2435NjZ8rMUDQwT8KMhxCV1cJ3y9aldpbZhKV0bECo4kqEh5w_0MNLg==,08/10/2026,SAN LORENZO,GIMNASIA (CR),True,SAN LORENZO,3,2,TIRO2,CONVERTIDO,Z1-IZ,15.08,51.3
v2435NjZ8rMUDQwT8KMhxCV1cJ3y9aldpbZhKV0bECo4kqEh5w_0MNLg==,08/10/2026,SAN LORENZO,GIMNASIA (CR),False,GIMNASIA (CR),10,2,TIRO2,CONVERTIDO,Z1-DE,85.23,56.48
v2435NjZ8rMUDQwT8KMhxCV1cJ3y9aldpbZhKV0bECo4kqEh5w_0MNLg==,08/10/2026,SAN LORENZO,GIMNASIA (CR),False,GIMNASIA (CR),5,2,TIRO2,FALLADO,Z2-DE,88.77,32.64
v2435NjZ8rMUDQwT8KMhxCV1cJ3y9aldpbZhKV0bECo4kqEh5w_0MNLg==,08/10/2026,SAN LORENZO,GIMNASIA (CR),True,SAN LORENZO,1,2,TIRO3,FALLADO,Z13-IZ,36.46,25.13
v2435NjZ8rMUDQwT8KMhxCV1cJ3y9aldpbZhKV0bECo4kqEh5w_0MNLg==,08/10/2026,SAN LORENZO,GIMNASIA (CR),False,GIMNASIA (CR),11,2,TIRO3,FALLADO,Z13-DE,71.38,85.75
v2435NjZ8rMUDQwT8KMhxCV1cJ3y9aldpbZhKV0bECo4kqEh5w_0MNLg==,08/10/2026,SAN LORENZO,GIMNASIA (CR),True,SAN LORENZO,1,2,TIRO2,FALLADO,Z1-IZ,13.54,41.97
v2435NjZ8rMUDQwT8KMhxCV1cJ3y9aldpbZhKV0bECo4kqEh5w_0MNLg==,08/10/2026,SAN LORENZO,GIMNASIA (CR),False,GIMNASIA (CR),33,2,TIRO2,CONVERTIDO,Z1-DE,90.0,52.07
v2435NjZ8rMUDQwT8KMhxCV1cJ3y9aldpbZhKV0bECo4kqEh5w_0MNLg==,08/10/2026,SAN LORENZO,GIMNASIA (CR),True,SAN LORENZO,3,2,TIRO2,FALLADO,Z3-IZ,18.31,41.45
v2435NjZ8rMUDQwT8KMhxCV1cJ3y9aldpbZhKV0bECo4kqEh5w_0MNLg==,08/10/2026,SAN LORENZO,GIMNASIA (CR),False,GIMNASIA (CR),33,2,TIRO2,FALLADO,Z1-DE,91.54,48.7
v2435NjZ8rMUDQwT8KMhxCV1cJ3y9aldpbZhKV0bECo4kqEh5w_0MNLg==,08/10/2026,SAN LORENZO,GIMNASIA (CR),True,SAN LORENZO,10,2,TIRO2,CONVERTIDO,Z1-IZ,14.15,44.82
v2435NjZ8rMUDQwT8KMhxCV1cJ3y9aldpbZhKV0bECo4kqEh5w_0MNLg==,08/10/2026,SAN LORENZO,GIMNASIA (CR),False,GIMNASIA (CR),5,1,TIRO2,FALLADO,Z1-DE,87.08,39.64
v2435NjZ8rMUDQwT8KMhxCV1cJ3y9aldpbZhKV0bECo4kqEh5w_0MNLg==,08/10/2026,SAN LORENZO,GIMNASIA (CR),False,GIMNASIA (CR),5,1,TIRO2,CONVERTIDO,Z1-DE,88.0,48.96
v2435NjZ8rMUDQwT8KMhxCV1cJ3y9aldpbZhKV0bECo4kqEh5w_0MNLg==,08/10/2026,SAN LORENZO,GIMNASIA (CR),True,SAN LORENZO,1,1,TIRO2,FALLADO,Z1-IZ,14.46,48.7
v2435NjZ8rMUDQwT8KMhxCV1cJ3y9aldpbZhKV0bECo4kqEh5w_0MNLg==,08/10/2026,SAN LORENZO,GIMNASIA (CR),False,GIMNASIA (CR),12,1,TIRO3,CONVERTIDO,Z13-DE,66.0,79.02
v2435NjZ8rMUDQwT8KMhxCV1cJ3y9aldpbZhKV0bECo4kqEh5w_0MNLg==,08/10/2026,SAN LORENZO,GIMNASIA (CR),True,SAN LORENZO,1,1,TIRO3,CONVERTIDO,Z11-IZ,32.0,79.27
v2435NjZ8rMUDQwT8KMhxCV1cJ3y9aldpbZhKV0bECo4kqEh5w_0MNLg==,08/10/2026,SAN LORENZO,GIMNASIA (CR),True,SAN LORENZO,33,1,TIRO2,CONVERTIDO,Z1-IZ,17.54,50.26
v2435NjZ8rMUDQwT8KMhxCV1cJ3y9aldpbZhKV0bECo4kqEh5w_0MNLg==,08/10/2026,SAN LORENZO,GIMNASIA (CR),True,SAN LORENZO,33,1,TIRO2,FALLADO,Z1-IZ,13.08,41.97
v2435NjZ8rMUDQwT8KMhxCV1cJ3y9aldpbZhKV0bECo4kqEh5w_0MNLg==,08/10/2026,SAN LORENZO,GIMNASIA (CR),False,GIMNASIA (CR),2,1,TIRO3,CONVERTIDO,Z10-DE,86.77,10.88
v2435NjZ8rMUDQwT8KMhxCV1cJ3y9aldpbZhKV0bECo4kqEh5w_0MNLg==,08/10/2026,SAN LORENZO,GIMNASIA (CR),True,SAN LORENZO,33,1,TIRO2,FALLADO,Z1-IZ,15.23,39.9
v2435NjZ8rMUDQwT8KMhxCV1cJ3y9aldpbZhKV0bECo4kqEh5w_0MNLg==,08/10/2026,SAN LORENZO,GIMNASIA (CR),False,GIMNASIA (CR),2,1,TIRO3,FALLADO,FRANJA-SUPERIOR,89.38,7.25
v2435NjZ8rMUDQwT8KMhxCV1cJ3y9aldpbZhKV0bECo4kqEh5w_0MNLg==,08/10/2026,SAN LORENZO,GIMNASIA (CR),False,GIMNASIA (CR),9,1,TIRO2,CONVERTIDO,Z1-DE,88.31,44.04
v2435NjZ8rMUDQwT8KMhxCV1cJ3y9aldpbZhKV0bECo4kqEh5w_0MNLg==,08/10/2026,SAN LORENZO,GIMNASIA (CR),False,GIMNASIA (CR),12,1,TIRO2,CONVERTIDO,Z1-DE,88.92,52.59
v2435NjZ8rMUDQwT8KMhxCV1cJ3y9aldpbZhKV0bECo4kqEh5w_0MNLg==,08/10/2026,SAN LORENZO,GIMNASIA (CR),True,SAN LORENZO,23,1,TIRO3,CONVERTIDO,Z13-IZ,32.0,18.65
v2435NjZ8rMUDQwT8KMhxCV1cJ3y9aldpbZhKV0bECo4kqEh5w_0MNLg==,08/10/2026,SAN LORENZO,GIMNASIA (CR),True,SAN LORENZO,3,1,TIRO3,FALLADO,Z13-IZ,25.54,10.62
v2435NjZ8rMUDQwT8KMhxCV1cJ3y9aldpbZhKV0bECo4kqEh5w_0MNLg==,08/10/2026,SAN LORENZO,GIMNASIA (CR),False,GIMNASIA (CR),14,1,TIRO2,FALLADO,Z1-DE,87.23,53.11
v2435NjZ8rMUDQwT8KMhxCV1cJ3y9aldpbZhKV0bECo4kqEh5w_0MNLg==,08/10/2026,SAN LORENZO,GIMNASIA (CR),True,SAN LORENZO,3,1,TIRO2,CONVERTIDO,Z4-IZ,17.38,38.08
v2435NjZ8rMUDQwT8KMhxCV1cJ3y9aldpbZhKV0bECo4kqEh5w_0MNLg==,08/10/2026,SAN LORENZO,GIMNASIA (CR),False,GIMNASIA (CR),12,1,TIRO2,FALLADO,Z2-DE,83.69,41.71
v2435NjZ8rMUDQwT8KMhxCV1cJ3y9aldpbZhKV0bECo4kqEh5w_0MNLg==,08/10/2026,SAN LORENZO,GIMNASIA (CR),True,SAN LORENZO,10,1,TIRO2,FALLADO,Z1-IZ,11.23,42.75
v2435NjZ8rMUDQwT8KMhxCV1cJ3y9aldpbZhKV0bECo4kqEh5w_0MNLg==,08/10/2026,SAN LORENZO,GIMNASIA (CR),False,GIMNASIA (CR),12,1,TIRO3,FALLADO,Z11-DE,59.69,27.72
v2435NjZ8rMUDQwT8KMhxCV1cJ3y9aldpbZhKV0bECo4kqEh5w_0MNLg==,08/10/2026,SAN LORENZO,GIMNASIA (CR),True,SAN LORENZO,6,1,TIRO3,CONVERTIDO,Z13-IZ,34.15,16.06
v2435NjZ8rMUDQwT8KMhxCV1cJ3y9aldpbZhKV0bECo4kqEh5w_0MNLg==,08/10/2026,SAN LORENZO,GIMNASIA (CR),False,GIMNASIA (CR),0,1,TIRO3,FALLADO,Z13-DE,71.69,87.31
v2435NjZ8rMUDQwT8KMhxCV1cJ3y9aldpbZhKV0bECo4kqEh5w_0MNLg==,08/10/2026,SAN LORENZO,GIMNASIA (CR),True,SAN LORENZO,23,1,TIRO2,CONVERTIDO,Z4-IZ,14.31,38.34
v2435NjZ8rMUDQwT8KMhxCV1cJ3y9aldpbZhKV0bECo4kqEh5w_0MNLg==,08/10/2026,SAN LORENZO,GIMNASIA (CR),False,GIMNASIA (CR),12,1,TIRO2,CONVERTIDO,Z1-DE,89.69,44.04
v2435NjZ8rMUDQwT8KMhxCV1cJ3y9aldpbZhKV0bECo4kqEh5w_0MNLg==,08/10/2026,SAN LORENZO,GIMNASIA (CR),False,GIMNASIA (CR),2,1,TIRO2,CONVERTIDO,Z1-DE,88.92,50.0
v2435NjZ8rMUDQwT8KMhxCV1cJ3y9aldpbZhKV0bECo4kqEh5w_0MNLg==,08/10/2026,SAN LORENZO,GIMNASIA (CR),True,SAN LORENZO,7,1,TIRO2,CONVERTIDO,Z1-IZ,14.46,42.23
v2435NjZ8rMUDQwT8KMhxCV1cJ3y9aldpbZhKV0bECo4kqEh5w_0MNLg==,08/10/2026,SAN LORENZO,GIMNASIA (CR),False,GIMNASIA (CR),0,1,TIRO2,CONVERTIDO,Z1-DE,87.08,54.15
v2435NjZ8rMUDQwT8KMhxCV1cJ3y9aldpbZhKV0bECo4kqEh5w_0MNLg==,08/10/2026,SAN LORENZO,GIMNASIA (CR),True,SAN LORENZO,23,1,TIRO2,FALLADO,Z1-IZ,17.08,53.11
v2435NjZ8rMUDQwT8KMhxCV1cJ3y9aldpbZhKV0bECo4kqEh5w_0MNLg==,08/10/2026,SAN LORENZO,GIMNASIA (CR),False,GIMNASIA (CR),9,1,TIRO2,CONVERTIDO,Z1-DE,86.46,54.66
v2435NjZ8rMUDQwT8KMhxCV1cJ3y9aldpbZhKV0bECo4kqEh5w_0MNLg==,08/10/2026,SAN LORENZO,GIMNASIA (CR),False,GIMNASIA (CR),0,1,TIRO2,FALLADO,Z1-DE,86.15,54.15
v2435NjZ8rMUDQwT8KMhxCV1cJ3y9aldpbZhKV0bECo4kqEh5w_0MNLg==,08/10/2026,SAN LORENZO,GIMNASIA (CR),False,GIMNASIA (CR),12,1,TIRO2,CONVERTIDO,Z1-DE,89.54,44.04
v2-ud9futULDDiWhvu0JSdzFn5_rvn6D1k-ymOZOWKJoLLWa6S4ijc9Q==,09/10/2026,LANÚS,OBERÁ,False,OBERÁ,77,4,TIRO3,FALLADO,Z12-DE,64.77,55.9
v2-ud9futULDDiWhvu0JSdzFn5_rvn6D1k-ymOZOWKJoLLWa6S4ijc9Q==,09/10/2026,LANÚS,OBERÁ,False,OBERÁ,10,4,TIRO3,FALLADO,Z13-DE,76.45,85.64
v2-ud9futULDDiWhvu0JSdzFn5_rvn6D1k-ymOZOWKJoLLWa6S4ijc9Q==,09/10/2026,LANÚS,OBERÁ,False,OBERÁ,77,4,TIRO2,CONVERTIDO,Z1-DE,88.63,46.67
v2-ud9futULDDiWhvu0JSdzFn5_rvn6D1k-ymOZOWKJoLLWa6S4ijc9Q==,09/10/2026,LANÚS,OBERÁ,False,OBERÁ,77,4,TIRO2,FALLADO,Z1-DE,88.32,45.64
v2-ud9futULDDiWhvu0JSdzFn5_rvn6D1k-ymOZOWKJoLLWa6S4ijc9Q==,09/10/2026,LANÚS,OBERÁ,False,OBERÁ,10,4,TIRO2,FALLADO,Z1-DE,89.24,45.98
v2-ud9futULDDiWhvu0JSdzFn5_rvn6D1k-ymOZOWKJoLLWa6S4ijc9Q==,09/10/2026,LANÚS,OBERÁ,True,LANÚS,32,4,TIRO3,FALLADO,Z11-IZ,23.65,85.98
v2-ud9futULDDiWhvu0JSdzFn5_rvn6D1k-ymOZOWKJoLLWa6S4ijc9Q==,09/10/2026,LANÚS,OBERÁ,False,OBERÁ,10,4,TIRO3,FALLADO,Z12-DE,64.06,39.83
v2-ud9futULDDiWhvu0JSdzFn5_rvn6D1k-ymOZOWKJoLLWa6S4ijc9Q==,09/10/2026,LANÚS,OBERÁ,True,LANÚS,99,4,TIRO2,CONVERTIDO,Z1-IZ,11.68,48.72
v2-ud9futULDDiWhvu0JSdzFn5_rvn6D1k-ymOZOWKJoLLWa6S4ijc9Q==,09/10/2026,LANÚS,OBERÁ,False,OBERÁ,77,4,TIRO2,FALLADO,Z7-DE,74.42,46.15
v2-ud9futULDDiWhvu0JSdzFn5_rvn6D1k-ymOZOWKJoLLWa6S4ijc9Q==,09/10/2026,LANÚS,OBERÁ,True,LANÚS,5,4,TIRO2,FALLADO,Z8-IZ,25.58,23.76
v2-ud9futULDDiWhvu0JSdzFn5_rvn6D1k-ymOZOWKJoLLWa6S4ijc9Q==,09/10/2026,LANÚS,OBERÁ,True,LANÚS,32,4,TIRO3,FALLADO,Z13-IZ,31.88,22.91
v2-ud9futULDDiWhvu0JSdzFn5_rvn6D1k-ymOZOWKJoLLWa6S4ijc9Q==,09/10/2026,LANÚS,OBERÁ,True,LANÚS,22,4,TIRO2,FALLADO,Z1-IZ,11.78,45.98
v2-ud9futULDDiWhvu0JSdzFn5_rvn6D1k-ymOZOWKJoLLWa6S4ijc9Q==,09/10/2026,LANÚS,OBERÁ,True,LANÚS,32,4,TIRO3,CONVERTIDO,Z13-IZ,33.5,29.4
v2-ud9futULDDiWhvu0JSdzFn5_rvn6D1k-ymOZOWKJoLLWa6S4ijc9Q==,09/10/2026,LANÚS,OBERÁ,True,LANÚS,99,4,TIRO2,CONVERTIDO,Z1-IZ,13.91,47.52
v2-ud9futULDDiWhvu0JSdzFn5_rvn6D1k-ymOZOWKJoLLWa6S4ijc9Q==,09/10/2026,LANÚS,OBERÁ,False,OBERÁ,10,4,TIRO3,CONVERTIDO,Z12-DE,64.67,44.1
v2-ud9futULDDiWhvu0JSdzFn5_rvn6D1k-ymOZOWKJoLLWa6S4ijc9Q==,09/10/2026,LANÚS,OBERÁ,True,LANÚS,22,4,TIRO2,CONVERTIDO,Z1-IZ,9.75,45.13
v2-ud9futULDDiWhvu0JSdzFn5_rvn6D1k-ymOZOWKJoLLWa6S4ijc9Q==,09/10/2026,LANÚS,OBERÁ,False,OBERÁ,1,4,TIRO2,CONVERTIDO,Z1-DE,89.44,54.7
v2-ud9futULDDiWhvu0JSdzFn5_rvn6D1k-ymOZOWKJoLLWa6S4ijc9Q==,09/10/2026,LANÚS,OBERÁ,True,LANÚS,32,4,TIRO2,FALLADO,Z2-IZ,13.81,62.91
v2-ud9futULDDiWhvu0JSdzFn5_rvn6D1k-ymOZOWKJoLLWa6S4ijc9Q==,09/10/2026,LANÚS,OBERÁ,False,OBERÁ,77,4,TIRO2,FALLADO,Z1-DE,88.02,56.75
v2-ud9futULDDiWhvu0JSdzFn5_rvn6D1k-ymOZOWKJoLLWa6S4ijc9Q==,09/10/2026,LANÚS,OBERÁ,True,LANÚS,7,4,TIRO2,CONVERTIDO,Z1-IZ,10.86,52.65
v2-ud9futULDDiWhvu0JSdzFn5_rvn6D1k-ymOZOWKJoLLWa6S4ijc9Q==,09/10/2026,LANÚS,OBERÁ,True,LANÚS,3,4,TIRO3,FALLADO,Z11-IZ,22.34,88.89
v2-ud9futULDDiWhvu0JSdzFn5_rvn6D1k-ymOZOWKJoLLWa6S4ijc9Q==,09/10/2026,LANÚS,OBERÁ,True,LANÚS,3,4,TIRO2,CONVERTIDO,Z7-IZ,29.14,43.25
v2-ud9futULDDiWhvu0JSdzFn5_rvn6D1k-ymOZOWKJoLLWa6S4ijc9Q==,09/10/2026,LANÚS,OBERÁ,False,OBERÁ,77,4,TIRO2,FALLADO,Z1-DE,88.22,53.5
v2-ud9futULDDiWhvu0JSdzFn5_rvn6D1k-ymOZOWKJoLLWa6S4ijc9Q==,09/10/2026,LANÚS,OBERÁ,False,OBERÁ,11,4,TIRO3,FALLADO,Z11-DE,71.17,15.73
v2-ud9futULDDiWhvu0JSdzFn5_rvn6D1k-ymOZOWKJoLLWa6S4ijc9Q==,09/10/2026,LANÚS,OBERÁ,True,LANÚS,32,4,TIRO2,FALLADO,Z1-IZ,13.2,49.57
v2-ud9futULDDiWhvu0JSdzFn5_rvn6D1k-ymOZOWKJoLLWa6S4ijc9Q==,09/10/2026,LANÚS,OBERÁ,False,OBERÁ,4,4,TIRO3,FALLADO,Z13-DE,68.73,69.74
v2-ud9futULDDiWhvu0JSdzFn5_rvn6D1k-ymOZOWKJoLLWa6S4ijc9Q==,09/10/2026,LANÚS,OBERÁ,True,LANÚS,32,4,TIRO3,FALLADO,Z12-IZ,37.26,40.17
v2-ud9futULDDiWhvu0JSdzFn5_rvn6D1k-ymOZOWKJoLLWa6S4ijc9Q==,09/10/2026,LANÚS,OBERÁ,True,LANÚS,3,4,TIRO3,FALLADO,Z11-IZ,31.57,83.08
v2-ud9futULDDiWhvu0JSdzFn5_rvn6D1k-ymOZOWKJoLLWa6S4ijc9Q==,09/10/2026,LANÚS,OBERÁ,False,OBERÁ,77,4,TIRO2,CONVERTIDO,Z1-DE,84.87,49.4
v2-ud9futULDDiWhvu0JSdzFn5_rvn6D1k-ymOZOWKJoLLWa6S4ijc9Q==,09/10/2026,LANÚS,OBERÁ,True,LANÚS,9,4,TIRO2,CONVERTIDO,Z1-IZ,11.57,49.57
v2-ud9futULDDiWhvu0JSdzFn5_rvn6D1k-ymOZOWKJoLLWa6S4ijc9Q==,09/10/2026,LANÚS,OBERÁ,False,OBERÁ,11,4,TIRO2,FALLADO,Z1-DE,88.32,54.19
v2-ud9futULDDiWhvu0JSdzFn5_rvn6D1k-ymOZOWKJoLLWa6S4ijc9Q==,09/10/2026,LANÚS,OBERÁ,True,LANÚS,3,3,TIRO3,FALLADO,Z12-IZ,39.9,64.1
v2-ud9futULDDiWhvu0JSdzFn5_rvn6D1k-ymOZOWKJoLLWa6S4ijc9Q==,09/10/2026,LANÚS,OBERÁ,True,LANÚS,33,3,TIRO2,CONVERTIDO,Z1-IZ,11.57,48.72
v2-ud9futULDDiWhvu0JSdzFn5_rvn6D1k-ymOZOWKJoLLWa6S4ijc9Q==,09/10/2026,LANÚS,OBERÁ,True,LANÚS,33,3,TIRO3,FALLADO,Z11-IZ,32.39,71.79
v2-ud9futULDDiWhvu0JSdzFn5_rvn6D1k-ymOZOWKJoLLWa6S4ijc9Q==,09/10/2026,LANÚS,OBERÁ,False,OBERÁ,41,3,TIRO2,CONVERTIDO,Z1-DE,86.5,47.69
v2-ud9futULDDiWhvu0JSdzFn5_rvn6D1k-ymOZOWKJoLLWa6S4ijc9Q==,09/10/2026,LANÚS,OBERÁ,False,OBERÁ,2,3,TIRO3,FALLADO,Z14-DE,92.69,88.38
v2-ud9futULDDiWhvu0JSdzFn5_rvn6D1k-ymOZOWKJoLLWa6S4ijc9Q==,09/10/2026,LANÚS,OBERÁ,True,LANÚS,33,3,TIRO3,FALLADO,Z12-IZ,35.33,43.25
v2-ud9futULDDiWhvu0JSdzFn5_rvn6D1k-ymOZOWKJoLLWa6S4ijc9Q==,09/10/2026,LANÚS,OBERÁ,False,OBERÁ,2,3,TIRO3,FALLADO,Z10-DE,90.25,12.31
v2-ud9futULDDiWhvu0JSdzFn5_rvn6D1k-ymOZOWKJoLLWa6S4ijc9Q==,09/10/2026,LANÚS,OBERÁ,True,LANÚS,12,3,TIRO3,FALLADO,Z10-IZ,5.99,90.94
v2-ud9futULDDiWhvu0JSdzFn5_rvn6D1k-ymOZOWKJoLLWa6S4ijc9Q==,09/10/2026,LANÚS,OBERÁ,True,LANÚS,3,3,TIRO3,FALLADO,Z14-IZ,16.24,10.77
v2-ud9futULDDiWhvu0JSdzFn5_rvn6D1k-ymOZOWKJoLLWa6S4ijc9Q==,09/10/2026,LANÚS,OBERÁ,False,OBERÁ,77,3,TIRO2,FALLADO,Z1-DE,87.82,55.38
v2-ud9futULDDiWhvu0JSdzFn5_rvn6D1k-ymOZOWKJoLLWa6S4ijc9Q==,09/10/2026,LANÚS,OBERÁ,True,LANÚS,12,3,TIRO2,CONVERTIDO,Z1-IZ,12.59,54.53
v2-ud9futULDDiWhvu0JSdzFn5_rvn6D1k-ymOZOWKJoLLWa6S4ijc9Q==,09/10/2026,LANÚS,OBERÁ,True,LANÚS,3,3,TIRO2,CONVERTIDO,Z1-IZ,12.59,50.26
v2-ud9futULDDiWhvu0JSdzFn5_rvn6D1k-ymOZOWKJoLLWa6S4ijc9Q==,09/10/2026,LANÚS,OBERÁ,True,LANÚS,3,3,TIRO2,FALLADO,Z3-IZ,25.58,48.03
v2-ud9futULDDiWhvu0JSdzFn5_rvn6D1k-ymOZOWKJoLLWa6S4ijc9Q==,09/10/2026,LANÚS,OBERÁ,True,LANÚS,99,3,TIRO3,FALLADO,Z12-IZ,33.81,58.8
v2-ud9futULDDiWhvu0JSdzFn5_rvn6D1k-ymOZOWKJoLLWa6S4ijc9Q==,09/10/2026,LANÚS,OBERÁ,False,OBERÁ,1,3,TIRO2,CONVERTIDO,Z1-DE,89.64,53.33
v2-ud9futULDDiWhvu0JSdzFn5_rvn6D1k-ymOZOWKJoLLWa6S4ijc9Q==,09/10/2026,LANÚS,OBERÁ,True,LANÚS,7,3,TIRO3,FALLADO,Z10-IZ,6.8,91.28
v2-ud9futULDDiWhvu0JSdzFn5_rvn6D1k-ymOZOWKJoLLWa6S4ijc9Q==,09/10/2026,LANÚS,OBERÁ,False,OBERÁ,11,3,TIRO3,FALLADO,Z11-DE,66.5,35.38
v2-ud9futULDDiWhvu0JSdzFn5_rvn6D1k-ymOZOWKJoLLWa6S4ijc9Q==,09/10/2026,LANÚS,OBERÁ,True,LANÚS,99,3,TIRO2,CONVERTIDO,Z1-IZ,11.07,51.28
v2-ud9futULDDiWhvu0JSdzFn5_rvn6D1k-ymOZOWKJoLLWa6S4ijc9Q==,09/10/2026,LANÚS,OBERÁ,False,OBERÁ,77,3,TIRO2,FALLADO,Z2-DE,78.78,38.63
v2-ud9futULDDiWhvu0JSdzFn5_rvn6D1k-ymOZOWKJoLLWa6S4ijc9Q==,09/10/2026,LANÚS,OBERÁ,False,OBERÁ,11,3,TIRO3,CONVERTIDO,Z12-DE,65.28,54.02
v2-ud9futULDDiWhvu0JSdzFn5_rvn6D1k-ymOZOWKJoLLWa6S4ijc9Q==,09/10/2026,LANÚS,OBERÁ,True,LANÚS,7,3,TIRO3,FALLADO,Z14-IZ,11.88,9.4
v2-ud9futULDDiWhvu0JSdzFn5_rvn6D1k-ymOZOWKJoLLWa6S4ijc9Q==,09/10/2026,LANÚS,OBERÁ,False,OBERÁ,77,3,TIRO2,CONVERTIDO,Z1-DE,87.51,43.76
v2-ud9futULDDiWhvu0JSdzFn5_rvn6D1k-ymOZOWKJoLLWa6S4ijc9Q==,09/10/2026,LANÚS,OBERÁ,True,LANÚS,32,3,TIRO3,FALLADO,Z13-IZ,38.38,18.46
v2-ud9futULDDiWhvu0JSdzFn5_rvn6D1k-ymOZOWKJoLLWa6S4ijc9Q==,09/10/2026,LANÚS,OBERÁ,False,OBERÁ,2,3,TIRO2,CONVERTIDO,Z1-DE,89.24,52.99
v2-ud9futULDDiWhvu0JSdzFn5_rvn6D1k-ymOZOWKJoLLWa6S4ijc9Q==,09/10/2026,LANÚS,OBERÁ,True,LANÚS,99,3,TIRO2,FALLADO,Z1-IZ,12.18,50.94
v2-ud9futULDDiWhvu0JSdzFn5_rvn6D1k-ymOZOWKJoLLWa6S4ijc9Q==,09/10/2026,LANÚS,OBERÁ,True,LANÚS,5,3,TIRO2,FALLADO,Z1-IZ,11.88,40.17
v2-ud9futULDDiWhvu0JSdzFn5_rvn6D1k-ymOZOWKJoLLWa6S4ijc9Q==,09/10/2026,LANÚS,OBERÁ,False,OBERÁ,77,3,TIRO2,CONVERTIDO,Z3-DE,77.87,44.44
v2-ud9futULDDiWhvu0JSdzFn5_rvn6D1k-ymOZOWKJoLLWa6S4ijc9Q==,09/10/2026,LANÚS,OBERÁ,True,LANÚS,99,3,TIRO2,CONVERTIDO,Z1-IZ,12.79,47.52
v2-ud9futULDDiWhvu0JSdzFn5_rvn6D1k-ymOZOWKJoLLWa6S4ijc9Q==,09/10/2026,LANÚS,OBERÁ,True,LANÚS,12,3,TIRO2,FALLADO,Z1-IZ,11.37,53.33
v2-ud9futULDDiWhvu0JSdzFn5_rvn6D1k-ymOZOWKJoLLWa6S4ijc9Q==,09/10/2026,LANÚS,OBERÁ,True,LANÚS,32,2,TIRO2,FALLADO,Z1-IZ,14.82,52.31
v2-ud9futULDDiWhvu0JSdzFn5_rvn6D1k-ymOZOWKJoLLWa6S4ijc9Q==,09/10/2026,LANÚS,OBERÁ,True,LANÚS,99,2,TIRO2,CONVERTIDO,Z1-IZ,11.57,46.84
v2-ud9futULDDiWhvu0JSdzFn5_rvn6D1k-ymOZOWKJoLLWa6S4ijc9Q==,09/10/2026,LANÚS,OBERÁ,False,OBERÁ,4,2,TIRO2,CONVERTIDO,Z1-DE,89.14,53.85
v2-ud9futULDDiWhvu0JSdzFn5_rvn6D1k-ymOZOWKJoLLWa6S4ijc9Q==,09/10/2026,LANÚS,OBERÁ,True,LANÚS,99,2,TIRO2,CONVERTIDO,Z1-IZ,10.96,52.48
v2-ud9futULDDiWhvu0JSdzFn5_rvn6D1k-ymOZOWKJoLLWa6S4ijc9Q==,09/10/2026,LANÚS,OBERÁ,True,LANÚS,99,2,TIRO2,FALLADO,Z1-IZ,11.88,50.6
v2-ud9futULDDiWhvu0JSdzFn5_rvn6D1k-ymOZOWKJoLLWa6S4ijc9Q==,09/10/2026,LANÚS,OBERÁ,False,OBERÁ,41,2,TIRO2,CONVERTIDO,Z1-DE,88.22,53.33
v2-ud9futULDDiWhvu0JSdzFn5_rvn6D1k-ymOZOWKJoLLWa6S4ijc9Q==,09/10/2026,LANÚS,OBERÁ,True,LANÚS,32,2,TIRO2,CONVERTIDO,Z1-IZ,10.66,46.5
v2-ud9futULDDiWhvu0JSdzFn5_rvn6D1k-ymOZOWKJoLLWa6S4ijc9Q==,09/10/2026,LANÚS,OBERÁ,True,LANÚS,5,2,TIRO2,CONVERTIDO,Z1-IZ,11.57,54.53
v2-ud9futULDDiWhvu0JSdzFn5_rvn6D1k-ymOZOWKJoLLWa6S4ijc9Q==,09/10/2026,LANÚS,OBERÁ,False,OBERÁ,2,2,TIRO2,FALLADO,Z1-DE,87.61,54.53
v2-ud9futULDDiWhvu0JSdzFn5_rvn6D1k-ymOZOWKJoLLWa6S4ijc9Q==,09/10/2026,LANÚS,OBERÁ,False,OBERÁ,7,2,TIRO3,FALLADO,Z13-DE,73.81,84.62
v2-ud9futULDDiWhvu0JSdzFn5_rvn6D1k-ymOZOWKJoLLWa6S4ijc9Q==,09/10/2026,LANÚS,OBERÁ,True,LANÚS,99,2,TIRO2,FALLADO,Z1-IZ,12.18,49.74
v2-ud9futULDDiWhvu0JSdzFn5_rvn6D1k-ymOZOWKJoLLWa6S4ijc9Q==,09/10/2026,LANÚS,OBERÁ,False,OBERÁ,1,2,TIRO3,FALLADO,Z12-DE,63.55,45.98
v2-ud9futULDDiWhvu0JSdzFn5_rvn6D1k-ymOZOWKJoLLWa6S4ijc9Q==,09/10/2026,LANÚS,OBERÁ,True,LANÚS,33,2,TIRO3,CONVERTIDO,Z14-IZ,17.87,10.09
v2-ud9futULDDiWhvu0JSdzFn5_rvn6D1k-ymOZOWKJoLLWa6S4ijc9Q==,09/10/2026,LANÚS,OBERÁ,True,LANÚS,32,2,TIRO3,FALLADO,Z11-IZ,33.1,84.44
v2-ud9futULDDiWhvu0JSdzFn5_rvn6D1k-ymOZOWKJoLLWa6S4ijc9Q==,09/10/2026,LANÚS,OBERÁ,False,OBERÁ,8,2,TIRO2,CONVERTIDO,Z1-DE,89.64,54.36
v2-ud9futULDDiWhvu0JSdzFn5_rvn6D1k-ymOZOWKJoLLWa6S4ijc9Q==,09/10/2026,LANÚS,OBERÁ,True,LANÚS,5,2,TIRO3,FALLADO,Z12-IZ,38.98,38.46
v2-ud9futULDDiWhvu0JSdzFn5_rvn6D1k-ymOZOWKJoLLWa6S4ijc9Q==,09/10/2026,LANÚS,OBERÁ,True,LANÚS,3,2,TIRO3,FALLADO,Z11-IZ,34.21,84.62
v2-ud9futULDDiWhvu0JSdzFn5_rvn6D1k-ymOZOWKJoLLWa6S4ijc9Q==,09/10/2026,LANÚS,OBERÁ,True,LANÚS,5,2,TIRO3,CONVERTIDO,Z11-IZ,25.99,86.32
v2-ud9futULDDiWhvu0JSdzFn5_rvn6D1k-ymOZOWKJoLLWa6S4ijc9Q==,09/10/2026,LANÚS,OBERÁ,False,OBERÁ,2,2,TIRO3,FALLADO,Z11-DE,74.21,15.38
v2-ud9futULDDiWhvu0JSdzFn5_rvn6D1k-ymOZOWKJoLLWa6S4ijc9Q==,09/10/2026,LANÚS,OBERÁ,True,LANÚS,3,2,TIRO3,CONVERTIDO,Z11-IZ,26.8,84.96
v2-ud9futULDDiWhvu0JSdzFn5_rvn6D1k-ymOZOWKJoLLWa6S4ijc9Q==,09/10/2026,LANÚS,OBERÁ,False,OBERÁ,2,2,TIRO2,CONVERTIDO,Z1-DE,87.61,55.9
v2-ud9futULDDiWhvu0JSdzFn5_rvn6D1k-ymOZOWKJoLLWa6S4ijc9Q==,09/10/2026,LANÚS,OBERÁ,True,LANÚS,7,2,TIRO3,CONVERTIDO,Z12-IZ,34.82,41.03
v2-ud9futULDDiWhvu0JSdzFn5_rvn6D1k-ymOZOWKJoLLWa6S4ijc9Q==,09/10/2026,LANÚS,OBERÁ,True,LANÚS,22,2,TIRO3,FALLADO,Z12-IZ,33.4,61.37
v2-ud9futULDDiWhvu0JSdzFn5_rvn6D1k-ymOZOWKJoLLWa6S4ijc9Q==,09/10/2026,LANÚS,OBERÁ,False,OBERÁ,2,2,TIRO2,CONVERTIDO,Z1-DE,89.85,46.5
v2-ud9futULDDiWhvu0JSdzFn5_rvn6D1k-ymOZOWKJoLLWa6S4ijc9Q==,09/10/2026,LANÚS,OBERÁ,True,LANÚS,22,2,TIRO3,FALLADO,Z11-IZ,33.5,76.41
v2-ud9futULDDiWhvu0JSdzFn5_rvn6D1k-ymOZOWKJoLLWa6S4ijc9Q==,09/10/2026,LANÚS,OBERÁ,False,OBERÁ,10,2,TIRO3,FALLADO,Z12-DE,61.02,57.95
v2-ud9futULDDiWhvu0JSdzFn5_rvn6D1k-ymOZOWKJoLLWa6S4ijc9Q==,09/10/2026,LANÚS,OBERÁ,True,LANÚS,9,2,TIRO2,FALLADO,Z1-IZ,16.45,53.68
v2-ud9futULDDiWhvu0JSdzFn5_rvn6D1k-ymOZOWKJoLLWa6S4ijc9Q==,09/10/2026,LANÚS,OBERÁ,True,LANÚS,9,2,TIRO2,FALLADO,Z1-IZ,14.01,51.11
v2-ud9futULDDiWhvu0JSdzFn5_rvn6D1k-ymOZOWKJoLLWa6S4ijc9Q==,09/10/2026,LANÚS,OBERÁ,True,LANÚS,3,2,TIRO3,FALLADO,Z11-IZ,26.8,86.84
v2-ud9futULDDiWhvu0JSdzFn5_rvn6D1k-ymOZOWKJoLLWa6S4ijc9Q==,09/10/2026,LANÚS,OBERÁ,False,OBERÁ,8,2,TIRO3,FALLADO,Z11-DE,77.26,14.02
v2-ud9futULDDiWhvu0JSdzFn5_rvn6D1k-ymOZOWKJoLLWa6S4ijc9Q==,09/10/2026,LANÚS,OBERÁ,True,LANÚS,12,2,TIRO2,FALLADO,Z1-IZ,11.47,47.01
v2-ud9futULDDiWhvu0JSdzFn5_rvn6D1k-ymOZOWKJoLLWa6S4ijc9Q==,09/10/2026,LANÚS,OBERÁ,True,LANÚS,12,2,TIRO2,FALLADO,Z1-IZ,11.27,46.84
v2-ud9futULDDiWhvu0JSdzFn5_rvn6D1k-ymOZOWKJoLLWa6S4ijc9Q==,09/10/2026,LANÚS,OBERÁ,True,LANÚS,3,2,TIRO3,CONVERTIDO,Z13-IZ,32.69,31.62
v2-ud9futULDDiWhvu0JSdzFn5_rvn6D1k-ymOZOWKJoLLWa6S4ijc9Q==,09/10/2026,LANÚS,OBERÁ,True,LANÚS,22,1,TIRO3,FALLADO,Z12-IZ,34.42,61.88
v2-ud9futULDDiWhvu0JSdzFn5_rvn6D1k-ymOZOWKJoLLWa6S4ijc9Q==,09/10/2026,LANÚS,OBERÁ,True,LANÚS,22,1,TIRO2,FALLADO,Z4-IZ,11.57,35.73
v2-ud9futULDDiWhvu0JSdzFn5_rvn6D1k-ymOZOWKJoLLWa6S4ijc9Q==,09/10/2026,LANÚS,OBERÁ,True,LANÚS,12,1,TIRO3,FALLADO,Z11-IZ,30.25,85.81
v2-ud9futULDDiWhvu0JSdzFn5_rvn6D1k-ymOZOWKJoLLWa6S4ijc9Q==,09/10/2026,LANÚS,OBERÁ,False,OBERÁ,13,1,TIRO3,FALLADO,Z12-DE,64.16,42.39
v2-ud9futULDDiWhvu0JSdzFn5_rvn6D1k-ymOZOWKJoLLWa6S4ijc9Q==,09/10/2026,LANÚS,OBERÁ,True,LANÚS,22,1,TIRO3,CONVERTIDO,Z12-IZ,34.62,62.74
v2-ud9futULDDiWhvu0JSdzFn5_rvn6D1k-ymOZOWKJoLLWa6S4ijc9Q==,09/10/2026,LANÚS,OBERÁ,False,OBERÁ,4,1,TIRO2,FALLADO,Z1-DE,89.04,52.14
v2-ud9futULDDiWhvu0JSdzFn5_rvn6D1k-ymOZOWKJoLLWa6S4ijc9Q==,09/10/2026,LANÚS,OBERÁ,True,LANÚS,3,1,TIRO2,CONVERTIDO,Z1-IZ,11.27,45.64
v2-ud9futULDDiWhvu0JSdzFn5_rvn6D1k-ymOZOWKJoLLWa6S4ijc9Q==,09/10/2026,LANÚS,OBERÁ,False,OBERÁ,2,1,TIRO3,FALLADO,Z14-DE,92.59,90.6
v2-ud9futULDDiWhvu0JSdzFn5_rvn6D1k-ymOZOWKJoLLWa6S4ijc9Q==,09/10/2026,LANÚS,OBERÁ,False,OBERÁ,1,1,TIRO2,CONVERTIDO,Z1-DE,89.44,48.38
v2-ud9futULDDiWhvu0JSdzFn5_rvn6D1k-ymOZOWKJoLLWa6S4ijc9Q==,09/10/2026,LANÚS,OBERÁ,False,OBERÁ,77,1,TIRO2,FALLADO,Z1-DE,88.02,49.74
v2-ud9futULDDiWhvu0JSdzFn5_rvn6D1k-ymOZOWKJoLLWa6S4ijc9Q==,09/10/2026,LANÚS,OBERÁ,False,OBERÁ,77,1,TIRO2,FALLADO,Z1-DE,85.58,53.85
v2-ud9futULDDiWhvu0JSdzFn5_rvn6D1k-ymOZOWKJoLLWa6S4ijc9Q==,09/10/2026,LANÚS,OBERÁ,False,OBERÁ,11,1,TIRO3,FALLADO,Z10-DE,94.11,8.89
v2-ud9futULDDiWhvu0JSdzFn5_rvn6D1k-ymOZOWKJoLLWa6S4ijc9Q==,09/10/2026,LANÚS,OBERÁ,True,LANÚS,32,1,TIRO2,FALLADO,Z1-IZ,10.15,47.18
v2-ud9futULDDiWhvu0JSdzFn5_rvn6D1k-ymOZOWKJoLLWa6S4ijc9Q==,09/10/2026,LANÚS,OBERÁ,False,OBERÁ,1,1,TIRO2,CONVERTIDO,Z1-DE,90.05,53.33
v2-ud9futULDDiWhvu0JSdzFn5_rvn6D1k-ymOZOWKJoLLWa6S4ijc9Q==,09/10/2026,LANÚS,OBERÁ,True,LANÚS,99,1,TIRO2,FALLADO,Z1-IZ,11.98,54.19
v2-ud9futULDDiWhvu0JSdzFn5_rvn6D1k-ymOZOWKJoLLWa6S4ijc9Q==,09/10/2026,LANÚS,OBERÁ,True,LANÚS,9,1,TIRO2,FALLADO,Z1-IZ,11.98,56.58
v2-ud9futULDDiWhvu0JSdzFn5_rvn6D1k-ymOZOWKJoLLWa6S4ijc9Q==,09/10/2026,LANÚS,OBERÁ,True,LANÚS,99,1,TIRO2,FALLADO,Z1-IZ,11.27,54.53
v2-ud9futULDDiWhvu0JSdzFn5_rvn6D1k-ymOZOWKJoLLWa6S4ijc9Q==,09/10/2026,LANÚS,OBERÁ,False,OBERÁ,11,1,TIRO3,FALLADO,Z14-DE,92.89,89.4
v2-ud9futULDDiWhvu0JSdzFn5_rvn6D1k-ymOZOWKJoLLWa6S4ijc9Q==,09/10/2026,LANÚS,OBERÁ,True,LANÚS,32,1,TIRO2,FALLADO,Z4-IZ,19.59,35.73
v2-ud9futULDDiWhvu0JSdzFn5_rvn6D1k-ymOZOWKJoLLWa6S4ijc9Q==,09/10/2026,LANÚS,OBERÁ,False,OBERÁ,1,1,TIRO2,CONVERTIDO,Z1-DE,90.15,54.36
v2-ud9futULDDiWhvu0JSdzFn5_rvn6D1k-ymOZOWKJoLLWa6S4ijc9Q==,09/10/2026,LANÚS,OBERÁ,False,OBERÁ,41,1,TIRO2,CONVERTIDO,Z1-DE,88.83,55.73
v2-ud9futULDDiWhvu0JSdzFn5_rvn6D1k-ymOZOWKJoLLWa6S4ijc9Q==,09/10/2026,LANÚS,OBERÁ,False,OBERÁ,41,1,TIRO2,FALLADO,Z1-DE,88.73,55.21
v2-ud9futULDDiWhvu0JSdzFn5_rvn6D1k-ymOZOWKJoLLWa6S4ijc9Q==,09/10/2026,LANÚS,OBERÁ,True,LANÚS,12,1,TIRO2,FALLADO,Z9-IZ,13.6,14.19
v2-ud9futULDDiWhvu0JSdzFn5_rvn6D1k-ymOZOWKJoLLWa6S4ijc9Q==,09/10/2026,LANÚS,OBERÁ,False,OBERÁ,41,1,TIRO2,CONVERTIDO,Z1-DE,89.64,53.5
v2-ud9futULDDiWhvu0JSdzFn5_rvn6D1k-ymOZOWKJoLLWa6S4ijc9Q==,09/10/2026,LANÚS,OBERÁ,False,OBERÁ,2,1,TIRO2,FALLADO,Z2-DE,87.61,36.58
v2-ud9futULDDiWhvu0JSdzFn5_rvn6D1k-ymOZOWKJoLLWa6S4ijc9Q==,09/10/2026,LANÚS,OBERÁ,False,OBERÁ,11,1,TIRO3,FALLADO,Z13-DE,72.79,81.88
v2-ud9futULDDiWhvu0JSdzFn5_rvn6D1k-ymOZOWKJoLLWa6S4ijc9Q==,09/10/2026,LANÚS,OBERÁ,True,LANÚS,32,1,TIRO3,FALLADO,Z11-IZ,24.67,83.93
v2-ud9futULDDiWhvu0JSdzFn5_rvn6D1k-ymOZOWKJoLLWa6S4ijc9Q==,09/10/2026,LANÚS,OBERÁ,False,OBERÁ,2,1,TIRO3,FALLADO,Z11-DE,69.85,21.71
v2-ud9futULDDiWhvu0JSdzFn5_rvn6D1k-ymOZOWKJoLLWa6S4ijc9Q==,09/10/2026,LANÚS,OBERÁ,False,OBERÁ,1,1,TIRO3,CONVERTIDO,Z13-DE,67.61,72.48
v2-ud9futULDDiWhvu0JSdzFn5_rvn6D1k-ymOZOWKJoLLWa6S4ijc9Q==,09/10/2026,LANÚS,OBERÁ,False,OBERÁ,41,1,TIRO2,FALLADO,Z1-DE,88.93,54.87
v2-ud9futULDDiWhvu0JSdzFn5_rvn6D1k-ymOZOWKJoLLWa6S4ijc9Q==,09/10/2026,LANÚS,OBERÁ,False,OBERÁ,11,1,TIRO2,FALLADO,Z1-DE,89.04,46.67
v2-ud9futULDDiWhvu0JSdzFn5_rvn6D1k-ymOZOWKJoLLWa6S4ijc9Q==,09/10/2026,LANÚS,OBERÁ,True,LANÚS,99,1,TIRO2,FALLADO,Z1-IZ,9.75,55.21
v2-ud9futULDDiWhvu0JSdzFn5_rvn6D1k-ymOZOWKJoLLWa6S4ijc9Q==,09/10/2026,LANÚS,OBERÁ,False,OBERÁ,41,1,TIRO3,FALLADO,Z12-DE,61.22,56.58
v2-ud9futULDDiWhvu0JSdzFn5_rvn6D1k-ymOZOWKJoLLWa6S4ijc9Q==,09/10/2026,LANÚS,OBERÁ,True,LANÚS,5,1,TIRO2,CONVERTIDO,Z1-IZ,10.76,47.01
v2-ud9futULDDiWhvu0JSdzFn5_rvn6D1k-ymOZOWKJoLLWa6S4ijc9Q==,09/10/2026,LANÚS,OBERÁ,True,LANÚS,5,1,TIRO2,FALLADO,Z1-IZ,11.68,54.53
v2-ud9futULDDiWhvu0JSdzFn5_rvn6D1k-ymOZOWKJoLLWa6S4ijc9Q==,09/10/2026,LANÚS,OBERÁ,False,OBERÁ,41,1,TIRO2,FALLADO,Z1-DE,87.21,49.74
v2hvhcN_BjuUQVcnuPr-1dAO0jgUzt046X9I8aemwc8jNU0JkLoyjFsg==,10/10/2026,INSTITUTO,FERRO,False,FERRO,11,6,TIRO3,CONVERTIDO,Z11-DE,64.46,21.5
v2hvhcN_BjuUQVcnuPr-1dAO0jgUzt046X9I8aemwc8jNU0JkLoyjFsg==,10/10/2026,INSTITUTO,FERRO,False,FERRO,4,6,TIRO3,FALLADO,Z11-DE,69.85,14.51
v2hvhcN_BjuUQVcnuPr-1dAO0jgUzt046X9I8aemwc8jNU0JkLoyjFsg==,10/10/2026,INSTITUTO,FERRO,False,FERRO,12,6,TIRO3,FALLADO,Z11-DE,66.77,20.73
v2hvhcN_BjuUQVcnuPr-1dAO0jgUzt046X9I8aemwc8jNU0JkLoyjFsg==,10/10/2026,INSTITUTO,FERRO,False,FERRO,11,6,TIRO3,FALLADO,Z14-DE,92.92,90.67
v2hvhcN_BjuUQVcnuPr-1dAO0jgUzt046X9I8aemwc8jNU0JkLoyjFsg==,10/10/2026,INSTITUTO,FERRO,True,INSTITUTO,5,6,TIRO3,FALLADO,Z12-IZ,37.69,50.52
v2hvhcN_BjuUQVcnuPr-1dAO0jgUzt046X9I8aemwc8jNU0JkLoyjFsg==,10/10/2026,INSTITUTO,FERRO,False,FERRO,9,6,TIRO2,CONVERTIDO,Z1-DE,84.62,46.11
v2hvhcN_BjuUQVcnuPr-1dAO0jgUzt046X9I8aemwc8jNU0JkLoyjFsg==,10/10/2026,INSTITUTO,FERRO,False,FERRO,4,6,TIRO3,FALLADO,Z12-DE,59.54,61.14
v2hvhcN_BjuUQVcnuPr-1dAO0jgUzt046X9I8aemwc8jNU0JkLoyjFsg==,10/10/2026,INSTITUTO,FERRO,True,INSTITUTO,5,6,TIRO2,CONVERTIDO,Z3-IZ,20.0,57.77
v2hvhcN_BjuUQVcnuPr-1dAO0jgUzt046X9I8aemwc8jNU0JkLoyjFsg==,10/10/2026,INSTITUTO,FERRO,False,FERRO,5,6,TIRO2,FALLADO,Z7-DE,73.38,49.22
v2hvhcN_BjuUQVcnuPr-1dAO0jgUzt046X9I8aemwc8jNU0JkLoyjFsg==,10/10/2026,INSTITUTO,FERRO,True,INSTITUTO,5,6,TIRO3,CONVERTIDO,Z11-IZ,34.46,71.5
v2hvhcN_BjuUQVcnuPr-1dAO0jgUzt046X9I8aemwc8jNU0JkLoyjFsg==,10/10/2026,INSTITUTO,FERRO,True,INSTITUTO,10,6,TIRO2,FALLADO,Z2-IZ,13.08,72.54
v2hvhcN_BjuUQVcnuPr-1dAO0jgUzt046X9I8aemwc8jNU0JkLoyjFsg==,10/10/2026,INSTITUTO,FERRO,False,FERRO,6,6,TIRO3,FALLADO,Z12-DE,62.92,49.22
v2hvhcN_BjuUQVcnuPr-1dAO0jgUzt046X9I8aemwc8jNU0JkLoyjFsg==,10/10/2026,INSTITUTO,FERRO,True,INSTITUTO,9,6,TIRO2,CONVERTIDO,Z1-IZ,14.15,44.3
v2hvhcN_BjuUQVcnuPr-1dAO0jgUzt046X9I8aemwc8jNU0JkLoyjFsg==,10/10/2026,INSTITUTO,FERRO,True,INSTITUTO,6,6,TIRO2,CONVERTIDO,Z1-IZ,14.46,54.4
v2hvhcN_BjuUQVcnuPr-1dAO0jgUzt046X9I8aemwc8jNU0JkLoyjFsg==,10/10/2026,INSTITUTO,FERRO,False,FERRO,4,6,TIRO2,FALLADO,Z3-DE,80.46,53.89
v2hvhcN_BjuUQVcnuPr-1dAO0jgUzt046X9I8aemwc8jNU0JkLoyjFsg==,10/10/2026,INSTITUTO,FERRO,True,INSTITUTO,10,5,TIRO3,FALLADO,Z11-IZ,35.08,74.87
v2hvhcN_BjuUQVcnuPr-1dAO0jgUzt046X9I8aemwc8jNU0JkLoyjFsg==,10/10/2026,INSTITUTO,FERRO,False,FERRO,10,5,TIRO2,FALLADO,Z3-DE,76.62,57.51
v2hvhcN_BjuUQVcnuPr-1dAO0jgUzt046X9I8aemwc8jNU0JkLoyjFsg==,10/10/2026,INSTITUTO,FERRO,False,FERRO,10,5,TIRO2,CONVERTIDO,Z1-DE,88.31,58.81
v2hvhcN_BjuUQVcnuPr-1dAO0jgUzt046X9I8aemwc8jNU0JkLoyjFsg==,10/10/2026,INSTITUTO,FERRO,False,FERRO,4,5,TIRO2,CONVERTIDO,Z1-DE,88.62,44.3
v2hvhcN_BjuUQVcnuPr-1dAO0jgUzt046X9I8aemwc8jNU0JkLoyjFsg==,10/10/2026,INSTITUTO,FERRO,False,FERRO,4,5,TIRO3,FALLADO,Z13-DE,64.46,68.65
v2hvhcN_BjuUQVcnuPr-1dAO0jgUzt046X9I8aemwc8jNU0JkLoyjFsg==,10/10/2026,INSTITUTO,FERRO,True,INSTITUTO,5,5,TIRO2,CONVERTIDO,Z4-IZ,16.46,40.41
v2hvhcN_BjuUQVcnuPr-1dAO0jgUzt046X9I8aemwc8jNU0JkLoyjFsg==,10/10/2026,INSTITUTO,FERRO,False,FERRO,6,5,TIRO2,FALLADO,Z1-DE,87.54,41.71
v2hvhcN_BjuUQVcnuPr-1dAO0jgUzt046X9I8aemwc8jNU0JkLoyjFsg==,10/10/2026,INSTITUTO,FERRO,False,FERRO,8,5,TIRO2,CONVERTIDO,Z1-DE,89.69,51.81
v2hvhcN_BjuUQVcnuPr-1dAO0jgUzt046X9I8aemwc8jNU0JkLoyjFsg==,10/10/2026,INSTITUTO,FERRO,True,INSTITUTO,9,5,TIRO3,FALLADO,Z13-IZ,32.62,24.87
v2hvhcN_BjuUQVcnuPr-1dAO0jgUzt046X9I8aemwc8jNU0JkLoyjFsg==,10/10/2026,INSTITUTO,FERRO,False,FERRO,8,5,TIRO2,CONVERTIDO,Z1-DE,86.92,59.33
v2hvhcN_BjuUQVcnuPr-1dAO0jgUzt046X9I8aemwc8jNU0JkLoyjFsg==,10/10/2026,INSTITUTO,FERRO,False,FERRO,9,5,TIRO2,FALLADO,Z1-DE,86.31,58.81
v2hvhcN_BjuUQVcnuPr-1dAO0jgUzt046X9I8aemwc8jNU0JkLoyjFsg==,10/10/2026,INSTITUTO,FERRO,True,INSTITUTO,12,5,TIRO3,CONVERTIDO,Z12-IZ,36.62,54.15
v2hvhcN_BjuUQVcnuPr-1dAO0jgUzt046X9I8aemwc8jNU0JkLoyjFsg==,10/10/2026,INSTITUTO,FERRO,False,FERRO,9,5,TIRO2,FALLADO,Z2-DE,86.77,35.75
v2hvhcN_BjuUQVcnuPr-1dAO0jgUzt046X9I8aemwc8jNU0JkLoyjFsg==,10/10/2026,INSTITUTO,FERRO,True,INSTITUTO,5,5,TIRO2,CONVERTIDO,Z1-IZ,14.92,41.19
v2hvhcN_BjuUQVcnuPr-1dAO0jgUzt046X9I8aemwc8jNU0JkLoyjFsg==,10/10/2026,INSTITUTO,FERRO,False,FERRO,8,4,TIRO2,CONVERTIDO,Z1-DE,83.69,43.26
v2hvhcN_BjuUQVcnuPr-1dAO0jgUzt046X9I8aemwc8jNU0JkLoyjFsg==,10/10/2026,INSTITUTO,FERRO,False,FERRO,4,4,TIRO3,FALLADO,Z11-DE,67.08,25.65
v2hvhcN_BjuUQVcnuPr-1dAO0jgUzt046X9I8aemwc8jNU0JkLoyjFsg==,10/10/2026,INSTITUTO,FERRO,True,INSTITUTO,9,4,TIRO3,CONVERTIDO,Z11-IZ,30.46,84.2
v2hvhcN_BjuUQVcnuPr-1dAO0jgUzt046X9I8aemwc8jNU0JkLoyjFsg==,10/10/2026,INSTITUTO,FERRO,True,INSTITUTO,5,4,TIRO3,FALLADO,Z14-IZ,13.08,10.88
v2hvhcN_BjuUQVcnuPr-1dAO0jgUzt046X9I8aemwc8jNU0JkLoyjFsg==,10/10/2026,INSTITUTO,FERRO,False,FERRO,5,4,TIRO3,FALLADO,Z14-DE,91.54,90.93
v2hvhcN_BjuUQVcnuPr-1dAO0jgUzt046X9I8aemwc8jNU0JkLoyjFsg==,10/10/2026,INSTITUTO,FERRO,False,FERRO,9,4,TIRO2,CONVERTIDO,Z1-DE,86.0,49.48
v2hvhcN_BjuUQVcnuPr-1dAO0jgUzt046X9I8aemwc8jNU0JkLoyjFsg==,10/10/2026,INSTITUTO,FERRO,True,INSTITUTO,1,4,TIRO3,FALLADO,Z11-IZ,32.62,81.87
v2hvhcN_BjuUQVcnuPr-1dAO0jgUzt046X9I8aemwc8jNU0JkLoyjFsg==,10/10/2026,INSTITUTO,FERRO,False,FERRO,4,4,TIRO2,FALLADO,Z2-DE,88.77,31.35
v2hvhcN_BjuUQVcnuPr-1dAO0jgUzt046X9I8aemwc8jNU0JkLoyjFsg==,10/10/2026,INSTITUTO,FERRO,False,FERRO,6,4,TIRO3,FALLADO,Z11-DE,64.46,24.61
v2hvhcN_BjuUQVcnuPr-1dAO0jgUzt046X9I8aemwc8jNU0JkLoyjFsg==,10/10/2026,INSTITUTO,FERRO,True,INSTITUTO,10,4,TIRO3,FALLADO,Z11-IZ,30.31,84.97
v2hvhcN_BjuUQVcnuPr-1dAO0jgUzt046X9I8aemwc8jNU0JkLoyjFsg==,10/10/2026,INSTITUTO,FERRO,False,FERRO,8,4,TIRO2,FALLADO,Z2-DE,85.38,33.16
v2hvhcN_BjuUQVcnuPr-1dAO0jgUzt046X9I8aemwc8jNU0JkLoyjFsg==,10/10/2026,INSTITUTO,FERRO,False,FERRO,6,4,TIRO3,CONVERTIDO,Z13-DE,69.69,82.38
v2hvhcN_BjuUQVcnuPr-1dAO0jgUzt046X9I8aemwc8jNU0JkLoyjFsg==,10/10/2026,INSTITUTO,FERRO,True,INSTITUTO,10,4,TIRO3,CONVERTIDO,Z11-IZ,31.69,82.9
v2hvhcN_BjuUQVcnuPr-1dAO0jgUzt046X9I8aemwc8jNU0JkLoyjFsg==,10/10/2026,INSTITUTO,FERRO,False,FERRO,6,4,TIRO3,FALLADO,Z11-DE,76.77,13.21
v2hvhcN_BjuUQVcnuPr-1dAO0jgUzt046X9I8aemwc8jNU0JkLoyjFsg==,10/10/2026,INSTITUTO,FERRO,True,INSTITUTO,9,4,TIRO3,CONVERTIDO,Z11-IZ,25.08,84.97
v2hvhcN_BjuUQVcnuPr-1dAO0jgUzt046X9I8aemwc8jNU0JkLoyjFsg==,10/10/2026,INSTITUTO,FERRO,False,FERRO,4,4,TIRO2,CONVERTIDO,Z1-DE,86.77,61.14
v2hvhcN_BjuUQVcnuPr-1dAO0jgUzt046X9I8aemwc8jNU0JkLoyjFsg==,10/10/2026,INSTITUTO,FERRO,False,FERRO,8,4,TIRO2,CONVERTIDO,Z1-DE,86.77,56.22
v2hvhcN_BjuUQVcnuPr-1dAO0jgUzt046X9I8aemwc8jNU0JkLoyjFsg==,10/10/2026,INSTITUTO,FERRO,True,INSTITUTO,6,4,TIRO2,FALLADO,Z1-IZ,14.0,52.07
v2hvhcN_BjuUQVcnuPr-1dAO0jgUzt046X9I8aemwc8jNU0JkLoyjFsg==,10/10/2026,INSTITUTO,FERRO,True,INSTITUTO,10,4,TIRO2,FALLADO,Z1-IZ,15.38,51.3
v2hvhcN_BjuUQVcnuPr-1dAO0jgUzt046X9I8aemwc8jNU0JkLoyjFsg==,10/10/2026,INSTITUTO,FERRO,True,INSTITUTO,10,4,TIRO2,FALLADO,Z1-IZ,16.46,52.33
v2hvhcN_BjuUQVcnuPr-1dAO0jgUzt046X9I8aemwc8jNU0JkLoyjFsg==,10/10/2026,INSTITUTO,FERRO,True,INSTITUTO,5,4,TIRO2,FALLADO,Z1-IZ,11.69,52.33
v2hvhcN_BjuUQVcnuPr-1dAO0jgUzt046X9I8aemwc8jNU0JkLoyjFsg==,10/10/2026,INSTITUTO,FERRO,True,INSTITUTO,9,4,TIRO3,CONVERTIDO,Z11-IZ,29.85,79.79
v2hvhcN_BjuUQVcnuPr-1dAO0jgUzt046X9I8aemwc8jNU0JkLoyjFsg==,10/10/2026,INSTITUTO,FERRO,True,INSTITUTO,10,4,TIRO3,FALLADO,Z11-IZ,33.54,76.68
v2hvhcN_BjuUQVcnuPr-1dAO0jgUzt046X9I8aemwc8jNU0JkLoyjFsg==,10/10/2026,INSTITUTO,FERRO,True,INSTITUTO,5,4,TIRO2,FALLADO,Z1-IZ,14.15,54.66
v2hvhcN_BjuUQVcnuPr-1dAO0jgUzt046X9I8aemwc8jNU0JkLoyjFsg==,10/10/2026,INSTITUTO,FERRO,False,FERRO,12,4,TIRO3,FALLADO,Z11-DE,61.23,15.8
v2hvhcN_BjuUQVcnuPr-1dAO0jgUzt046X9I8aemwc8jNU0JkLoyjFsg==,10/10/2026,INSTITUTO,FERRO,True,INSTITUTO,12,4,TIRO3,CONVERTIDO,Z13-IZ,18.92,12.18
v2hvhcN_BjuUQVcnuPr-1dAO0jgUzt046X9I8aemwc8jNU0JkLoyjFsg==,10/10/2026,INSTITUTO,FERRO,True,INSTITUTO,5,4,TIRO2,CONVERTIDO,Z1-IZ,14.92,42.75
v2hvhcN_BjuUQVcnuPr-1dAO0jgUzt046X9I8aemwc8jNU0JkLoyjFsg==,10/10/2026,INSTITUTO,FERRO,False,FERRO,11,4,TIRO3,CONVERTIDO,Z10-DE,89.38,11.4
v2hvhcN_BjuUQVcnuPr-1dAO0jgUzt046X9I8aemwc8jNU0JkLoyjFsg==,10/10/2026,INSTITUTO,FERRO,False,FERRO,11,4,TIRO3,FALLADO,Z11-DE,68.15,13.73
v2hvhcN_BjuUQVcnuPr-1dAO0jgUzt046X9I8aemwc8jNU0JkLoyjFsg==,10/10/2026,INSTITUTO,FERRO,True,INSTITUTO,10,4,TIRO3,FALLADO,Z11-IZ,29.23,81.35
v2hvhcN_BjuUQVcnuPr-1dAO0jgUzt046X9I8aemwc8jNU0JkLoyjFsg==,10/10/2026,INSTITUTO,FERRO,False,FERRO,9,4,TIRO2,CONVERTIDO,Z1-DE,90.92,38.08
v2hvhcN_BjuUQVcnuPr-1dAO0jgUzt046X9I8aemwc8jNU0JkLoyjFsg==,10/10/2026,INSTITUTO,FERRO,False,FERRO,9,4,TIRO3,CONVERTIDO,Z11-DE,75.54,14.77
v2hvhcN_BjuUQVcnuPr-1dAO0jgUzt046X9I8aemwc8jNU0JkLoyjFsg==,10/10/2026,INSTITUTO,FERRO,True,INSTITUTO,9,4,TIRO3,FALLADO,Z13-IZ,33.08,16.32
v2hvhcN_BjuUQVcnuPr-1dAO0jgUzt046X9I8aemwc8jNU0JkLoyjFsg==,10/10/2026,INSTITUTO,FERRO,False,FERRO,12,4,TIRO3,FALLADO,Z12-DE,62.77,46.11
v2hvhcN_BjuUQVcnuPr-1dAO0jgUzt046X9I8aemwc8jNU0JkLoyjFsg==,10/10/2026,INSTITUTO,FERRO,False,FERRO,4,3,TIRO3,FALLADO,Z11-DE,66.92,18.39
v2hvhcN_BjuUQVcnuPr-1dAO0jgUzt046X9I8aemwc8jNU0JkLoyjFsg==,10/10/2026,INSTITUTO,FERRO,True,INSTITUTO,72,3,TIRO2,FALLADO,Z1-IZ,13.23,57.51
v2hvhcN_BjuUQVcnuPr-1dAO0jgUzt046X9I8aemwc8jNU0JkLoyjFsg==,10/10/2026,INSTITUTO,FERRO,True,INSTITUTO,12,3,TIRO2,CONVERTIDO,Z1-IZ,13.85,47.93
v2hvhcN_BjuUQVcnuPr-1dAO0jgUzt046X9I8aemwc8jNU0JkLoyjFsg==,10/10/2026,INSTITUTO,FERRO,False,FERRO,9,3,TIRO2,CONVERTIDO,Z1-DE,86.31,53.63
v2hvhcN_BjuUQVcnuPr-1dAO0jgUzt046X9I8aemwc8jNU0JkLoyjFsg==,10/10/2026,INSTITUTO,FERRO,False,FERRO,10,3,TIRO3,FALLADO,Z11-DE,65.23,22.54
v2hvhcN_BjuUQVcnuPr-1dAO0jgUzt046X9I8aemwc8jNU0JkLoyjFsg==,10/10/2026,INSTITUTO,FERRO,True,INSTITUTO,10,3,TIRO2,CONVERTIDO,Z1-IZ,13.85,41.97
v2hvhcN_BjuUQVcnuPr-1dAO0jgUzt046X9I8aemwc8jNU0JkLoyjFsg==,10/10/2026,INSTITUTO,FERRO,False,FERRO,4,3,TIRO2,FALLADO,Z3-DE,74.62,52.33
v2hvhcN_BjuUQVcnuPr-1dAO0jgUzt046X9I8aemwc8jNU0JkLoyjFsg==,10/10/2026,INSTITUTO,FERRO,True,INSTITUTO,72,3,TIRO3,FALLADO,Z14-IZ,11.23,9.84
v2hvhcN_BjuUQVcnuPr-1dAO0jgUzt046X9I8aemwc8jNU0JkLoyjFsg==,10/10/2026,INSTITUTO,FERRO,False,FERRO,8,3,TIRO2,CONVERTIDO,Z1-DE,88.15,38.34
v2hvhcN_BjuUQVcnuPr-1dAO0jgUzt046X9I8aemwc8jNU0JkLoyjFsg==,10/10/2026,INSTITUTO,FERRO,True,INSTITUTO,9,3,TIRO2,CONVERTIDO,Z1-IZ,15.38,44.82
v2hvhcN_BjuUQVcnuPr-1dAO0jgUzt046X9I8aemwc8jNU0JkLoyjFsg==,10/10/2026,INSTITUTO,FERRO,False,FERRO,10,3,TIRO3,FALLADO,Z13-DE,64.92,71.76
v2hvhcN_BjuUQVcnuPr-1dAO0jgUzt046X9I8aemwc8jNU0JkLoyjFsg==,10/10/2026,INSTITUTO,FERRO,False,FERRO,5,3,TIRO3,FALLADO,Z13-DE,71.23,82.64
v2hvhcN_BjuUQVcnuPr-1dAO0jgUzt046X9I8aemwc8jNU0JkLoyjFsg==,10/10/2026,INSTITUTO,FERRO,False,FERRO,8,3,TIRO3,FALLADO,Z13-DE,79.54,86.79
v2hvhcN_BjuUQVcnuPr-1dAO0jgUzt046X9I8aemwc8jNU0JkLoyjFsg==,10/10/2026,INSTITUTO,FERRO,True,INSTITUTO,10,3,TIRO3,FALLADO,Z11-IZ,29.69,78.76
v2hvhcN_BjuUQVcnuPr-1dAO0jgUzt046X9I8aemwc8jNU0JkLoyjFsg==,10/10/2026,INSTITUTO,FERRO,False,FERRO,5,3,TIRO2,FALLADO,Z2-DE,81.23,40.41
v2hvhcN_BjuUQVcnuPr-1dAO0jgUzt046X9I8aemwc8jNU0JkLoyjFsg==,10/10/2026,INSTITUTO,FERRO,False,FERRO,5,3,TIRO2,FALLADO,Z1-DE,90.62,63.73
v2hvhcN_BjuUQVcnuPr-1dAO0jgUzt046X9I8aemwc8jNU0JkLoyjFsg==,10/10/2026,INSTITUTO,FERRO,True,INSTITUTO,1,3,TIRO3,FALLADO,Z13-IZ,28.15,14.25
v2hvhcN_BjuUQVcnuPr-1dAO0jgUzt046X9I8aemwc8jNU0JkLoyjFsg==,10/10/2026,INSTITUTO,FERRO,False,FERRO,4,3,TIRO3,FALLADO,Z11-DE,66.92,24.87
v2hvhcN_BjuUQVcnuPr-1dAO0jgUzt046X9I8aemwc8jNU0JkLoyjFsg==,10/10/2026,INSTITUTO,FERRO,True,INSTITUTO,72,3,TIRO3,FALLADO,Z13-IZ,27.08,17.88
v2hvhcN_BjuUQVcnuPr-1dAO0jgUzt046X9I8aemwc8jNU0JkLoyjFsg==,10/10/2026,INSTITUTO,FERRO,False,FERRO,6,3,TIRO3,FALLADO,Z12-DE,63.38,55.96
v2hvhcN_BjuUQVcnuPr-1dAO0jgUzt046X9I8aemwc8jNU0JkLoyjFsg==,10/10/2026,INSTITUTO,FERRO,True,INSTITUTO,10,3,TIRO3,FALLADO,Z12-IZ,37.69,48.19
v2hvhcN_BjuUQVcnuPr-1dAO0jgUzt046X9I8aemwc8jNU0JkLoyjFsg==,10/10/2026,INSTITUTO,FERRO,False,FERRO,9,3,TIRO2,CONVERTIDO,Z1-DE,88.15,39.9
v2hvhcN_BjuUQVcnuPr-1dAO0jgUzt046X9I8aemwc8jNU0JkLoyjFsg==,10/10/2026,INSTITUTO,FERRO,True,INSTITUTO,9,3,TIRO2,CONVERTIDO,Z4-IZ,16.31,39.64
v2hvhcN_BjuUQVcnuPr-1dAO0jgUzt046X9I8aemwc8jNU0JkLoyjFsg==,10/10/2026,INSTITUTO,FERRO,True,INSTITUTO,6,3,TIRO2,CONVERTIDO,Z1-IZ,14.77,48.19
v2hvhcN_BjuUQVcnuPr-1dAO0jgUzt046X9I8aemwc8jNU0JkLoyjFsg==,10/10/2026,INSTITUTO,FERRO,False,FERRO,9,3,TIRO2,FALLADO,Z2-DE,86.92,31.87
v2hvhcN_BjuUQVcnuPr-1dAO0jgUzt046X9I8aemwc8jNU0JkLoyjFsg==,10/10/2026,INSTITUTO,FERRO,False,FERRO,9,3,TIRO2,CONVERTIDO,Z1-DE,88.15,46.37
v2hvhcN_BjuUQVcnuPr-1dAO0jgUzt046X9I8aemwc8jNU0JkLoyjFsg==,10/10/2026,INSTITUTO,FERRO,True,INSTITUTO,72,3,TIRO2,CONVERTIDO,Z4-IZ,16.62,39.9
v2hvhcN_BjuUQVcnuPr-1dAO0jgUzt046X9I8aemwc8jNU0JkLoyjFsg==,10/10/2026,INSTITUTO,FERRO,False,FERRO,9,3,TIRO2,FALLADO,Z1-DE,88.15,40.41
v2hvhcN_BjuUQVcnuPr-1dAO0jgUzt046X9I8aemwc8jNU0JkLoyjFsg==,10/10/2026,INSTITUTO,FERRO,False,FERRO,5,3,TIRO2,CONVERTIDO,Z1-DE,86.46,56.74
v2hvhcN_BjuUQVcnuPr-1dAO0jgUzt046X9I8aemwc8jNU0JkLoyjFsg==,10/10/2026,INSTITUTO,FERRO,False,FERRO,5,3,TIRO3,FALLADO,Z11-DE,68.31,22.8
v2hvhcN_BjuUQVcnuPr-1dAO0jgUzt046X9I8aemwc8jNU0JkLoyjFsg==,10/10/2026,INSTITUTO,FERRO,True,INSTITUTO,10,3,TIRO3,CONVERTIDO,Z12-IZ,38.15,62.18
v2hvhcN_BjuUQVcnuPr-1dAO0jgUzt046X9I8aemwc8jNU0JkLoyjFsg==,10/10/2026,INSTITUTO,FERRO,False,FERRO,4,3,TIRO2,CONVERTIDO,Z1-DE,87.38,59.59
v2hvhcN_BjuUQVcnuPr-1dAO0jgUzt046X9I8aemwc8jNU0JkLoyjFsg==,10/10/2026,INSTITUTO,FERRO,True,INSTITUTO,10,2,TIRO3,FALLADO,Z11-IZ,31.69,80.83
v2hvhcN_BjuUQVcnuPr-1dAO0jgUzt046X9I8aemwc8jNU0JkLoyjFsg==,10/10/2026,INSTITUTO,FERRO,True,INSTITUTO,72,2,TIRO3,FALLADO,Z11-IZ,31.23,83.42
v2hvhcN_BjuUQVcnuPr-1dAO0jgUzt046X9I8aemwc8jNU0JkLoyjFsg==,10/10/2026,INSTITUTO,FERRO,True,INSTITUTO,1,2,TIRO3,FALLADO,Z11-IZ,32.31,83.42
v2hvhcN_BjuUQVcnuPr-1dAO0jgUzt046X9I8aemwc8jNU0JkLoyjFsg==,10/10/2026,INSTITUTO,FERRO,True,INSTITUTO,10,2,TIRO2,CONVERTIDO,Z1-IZ,12.92,51.55
v2hvhcN_BjuUQVcnuPr-1dAO0jgUzt046X9I8aemwc8jNU0JkLoyjFsg==,10/10/2026,INSTITUTO,FERRO,False,FERRO,6,2,TIRO2,CONVERTIDO,Z1-DE,85.54,48.7
v2hvhcN_BjuUQVcnuPr-1dAO0jgUzt046X9I8aemwc8jNU0JkLoyjFsg==,10/10/2026,INSTITUTO,FERRO,False,FERRO,9,2,TIRO2,CONVERTIDO,Z1-DE,84.46,45.34
v2hvhcN_BjuUQVcnuPr-1dAO0jgUzt046X9I8aemwc8jNU0JkLoyjFsg==,10/10/2026,INSTITUTO,FERRO,False,FERRO,6,2,TIRO2,FALLADO,Z4-DE,82.62,71.24
v2hvhcN_BjuUQVcnuPr-1dAO0jgUzt046X9I8aemwc8jNU0JkLoyjFsg==,10/10/2026,INSTITUTO,FERRO,True,INSTITUTO,9,2,TIRO2,CONVERTIDO,Z1-IZ,12.46,51.81
v2hvhcN_BjuUQVcnuPr-1dAO0jgUzt046X9I8aemwc8jNU0JkLoyjFsg==,10/10/2026,INSTITUTO,FERRO,False,FERRO,5,2,TIRO3,CONVERTIDO,Z13-DE,74.46,88.34
v2hvhcN_BjuUQVcnuPr-1dAO0jgUzt046X9I8aemwc8jNU0JkLoyjFsg==,10/10/2026,INSTITUTO,FERRO,False,FERRO,25,2,TIRO2,CONVERTIDO,Z1-DE,83.08,51.55
v2hvhcN_BjuUQVcnuPr-1dAO0jgUzt046X9I8aemwc8jNU0JkLoyjFsg==,10/10/2026,INSTITUTO,FERRO,True,INSTITUTO,1,2,TIRO2,FALLADO,Z4-IZ,12.46,34.46
v2hvhcN_BjuUQVcnuPr-1dAO0jgUzt046X9I8aemwc8jNU0JkLoyjFsg==,10/10/2026,INSTITUTO,FERRO,False,FERRO,5,2,TIRO2,FALLADO,Z1-DE,84.0,42.49
v2hvhcN_BjuUQVcnuPr-1dAO0jgUzt046X9I8aemwc8jNU0JkLoyjFsg==,10/10/2026,INSTITUTO,FERRO,True,INSTITUTO,6,2,TIRO2,FALLADO,Z7-IZ,27.54,46.63
v2hvhcN_BjuUQVcnuPr-1dAO0jgUzt046X9I8aemwc8jNU0JkLoyjFsg==,10/10/2026,INSTITUTO,FERRO,False,FERRO,4,2,TIRO2,CONVERTIDO,Z1-DE,87.85,56.22
v2hvhcN_BjuUQVcnuPr-1dAO0jgUzt046X9I8aemwc8jNU0JkLoyjFsg==,10/10/2026,INSTITUTO,FERRO,True,INSTITUTO,12,2,TIRO2,FALLADO,Z8-IZ,24.31,29.53
v2hvhcN_BjuUQVcnuPr-1dAO0jgUzt046X9I8aemwc8jNU0JkLoyjFsg==,10/10/2026,INSTITUTO,FERRO,True,INSTITUTO,6,2,TIRO2,CONVERTIDO,Z1-IZ,14.92,41.97
v2hvhcN_BjuUQVcnuPr-1dAO0jgUzt046X9I8aemwc8jNU0JkLoyjFsg==,10/10/2026,INSTITUTO,FERRO,False,FERRO,4,2,TIRO2,FALLADO,Z1-DE,84.62,46.37
v2hvhcN_BjuUQVcnuPr-1dAO0jgUzt046X9I8aemwc8jNU0JkLoyjFsg==,10/10/2026,INSTITUTO,FERRO,True,INSTITUTO,7,2,TIRO2,CONVERTIDO,Z5-IZ,19.85,73.32
v2hvhcN_BjuUQVcnuPr-1dAO0jgUzt046X9I8aemwc8jNU0JkLoyjFsg==,10/10/2026,INSTITUTO,FERRO,True,INSTITUTO,5,2,TIRO2,CONVERTIDO,Z1-IZ,13.08,42.23
v2hvhcN_BjuUQVcnuPr-1dAO0jgUzt046X9I8aemwc8jNU0JkLoyjFsg==,10/10/2026,INSTITUTO,FERRO,True,INSTITUTO,6,2,TIRO2,FALLADO,Z1-IZ,15.69,50.52
v2hvhcN_BjuUQVcnuPr-1dAO0jgUzt046X9I8aemwc8jNU0JkLoyjFsg==,10/10/2026,INSTITUTO,FERRO,True,INSTITUTO,10,2,TIRO3,FALLADO,Z12-IZ,36.77,45.85
v2hvhcN_BjuUQVcnuPr-1dAO0jgUzt046X9I8aemwc8jNU0JkLoyjFsg==,10/10/2026,INSTITUTO,FERRO,False,FERRO,8,2,TIRO2,FALLADO,Z1-DE,86.31,44.56
v2hvhcN_BjuUQVcnuPr-1dAO0jgUzt046X9I8aemwc8jNU0JkLoyjFsg==,10/10/2026,INSTITUTO,FERRO,True,INSTITUTO,12,2,TIRO3,CONVERTIDO,Z12-IZ,34.92,44.04
v2hvhcN_BjuUQVcnuPr-1dAO0jgUzt046X9I8aemwc8jNU0JkLoyjFsg==,10/10/2026,INSTITUTO,FERRO,False,FERRO,12,2,TIRO3,CONVERTIDO,Z11-DE,70.62,17.36
v2hvhcN_BjuUQVcnuPr-1dAO0jgUzt046X9I8aemwc8jNU0JkLoyjFsg==,10/10/2026,INSTITUTO,FERRO,False,FERRO,10,2,TIRO2,FALLADO,Z4-DE,80.31,67.36
v2hvhcN_BjuUQVcnuPr-1dAO0jgUzt046X9I8aemwc8jNU0JkLoyjFsg==,10/10/2026,INSTITUTO,FERRO,True,INSTITUTO,7,2,TIRO3,FALLADO,Z13-IZ,26.92,19.17
v2hvhcN_BjuUQVcnuPr-1dAO0jgUzt046X9I8aemwc8jNU0JkLoyjFsg==,10/10/2026,INSTITUTO,FERRO,False,FERRO,5,2,TIRO2,CONVERTIDO,Z9-DE,91.54,79.79
v2hvhcN_BjuUQVcnuPr-1dAO0jgUzt046X9I8aemwc8jNU0JkLoyjFsg==,10/10/2026,INSTITUTO,FERRO,True,INSTITUTO,9,1,TIRO2,FALLADO,Z1-IZ,15.08,50.26
v2hvhcN_BjuUQVcnuPr-1dAO0jgUzt046X9I8aemwc8jNU0JkLoyjFsg==,10/10/2026,INSTITUTO,FERRO,False,FERRO,12,1,TIRO3,FALLADO,Z13-DE,72.31,82.38
v2hvhcN_BjuUQVcnuPr-1dAO0jgUzt046X9I8aemwc8jNU0JkLoyjFsg==,10/10/2026,INSTITUTO,FERRO,True,INSTITUTO,7,1,TIRO2,CONVERTIDO,Z2-IZ,9.54,68.39
v2hvhcN_BjuUQVcnuPr-1dAO0jgUzt046X9I8aemwc8jNU0JkLoyjFsg==,10/10/2026,INSTITUTO,FERRO,False,FERRO,9,1,TIRO2,CONVERTIDO,Z1-DE,84.62,46.89
v2hvhcN_BjuUQVcnuPr-1dAO0jgUzt046X9I8aemwc8jNU0JkLoyjFsg==,10/10/2026,INSTITUTO,FERRO,False,FERRO,13,1,TIRO3,FALLADO,Z14-DE,87.38,90.41
v2hvhcN_BjuUQVcnuPr-1dAO0jgUzt046X9I8aemwc8jNU0JkLoyjFsg==,10/10/2026,INSTITUTO,FERRO,False,FERRO,4,1,TIRO2,CONVERTIDO,Z1-DE,86.46,59.59
v2hvhcN_BjuUQVcnuPr-1dAO0jgUzt046X9I8aemwc8jNU0JkLoyjFsg==,10/10/2026,INSTITUTO,FERRO,True,INSTITUTO,12,1,TIRO3,FALLADO,Z11-IZ,31.54,79.53
v2hvhcN_BjuUQVcnuPr-1dAO0jgUzt046X9I8aemwc8jNU0JkLoyjFsg==,10/10/2026,INSTITUTO,FERRO,False,FERRO,4,1,TIRO3,FALLADO,Z13-DE,69.08,75.91
v2hvhcN_BjuUQVcnuPr-1dAO0jgUzt046X9I8aemwc8jNU0JkLoyjFsg==,10/10/2026,INSTITUTO,FERRO,True,INSTITUTO,72,1,TIRO3,FALLADO,Z10-IZ,10.31,88.34
v2hvhcN_BjuUQVcnuPr-1dAO0jgUzt046X9I8aemwc8jNU0JkLoyjFsg==,10/10/2026,INSTITUTO,FERRO,True,INSTITUTO,9,1,TIRO2,FALLADO,Z1-IZ,17.23,54.66
v2hvhcN_BjuUQVcnuPr-1dAO0jgUzt046X9I8aemwc8jNU0JkLoyjFsg==,10/10/2026,INSTITUTO,FERRO,True,INSTITUTO,9,1,TIRO2,FALLADO,Z2-IZ,12.62,67.62
v2hvhcN_BjuUQVcnuPr-1dAO0jgUzt046X9I8aemwc8jNU0JkLoyjFsg==,10/10/2026,INSTITUTO,FERRO,False,FERRO,8,1,TIRO2,FALLADO,Z1-DE,86.15,43.01
v2hvhcN_BjuUQVcnuPr-1dAO0jgUzt046X9I8aemwc8jNU0JkLoyjFsg==,10/10/2026,INSTITUTO,FERRO,True,INSTITUTO,9,1,TIRO3,FALLADO,Z10-IZ,10.31,91.19
v2hvhcN_BjuUQVcnuPr-1dAO0jgUzt046X9I8aemwc8jNU0JkLoyjFsg==,10/10/2026,INSTITUTO,FERRO,False,FERRO,9,1,TIRO2,FALLADO,Z3-DE,82.92,57.25
v2hvhcN_BjuUQVcnuPr-1dAO0jgUzt046X9I8aemwc8jNU0JkLoyjFsg==,10/10/2026,INSTITUTO,FERRO,True,INSTITUTO,72,1,TIRO3,FALLADO,Z13-IZ,24.92,13.99
v2hvhcN_BjuUQVcnuPr-1dAO0jgUzt046X9I8aemwc8jNU0JkLoyjFsg==,10/10/2026,INSTITUTO,FERRO,False,FERRO,8,1,TIRO3,CONVERTIDO,Z13-DE,81.23,87.05
v2hvhcN_BjuUQVcnuPr-1dAO0jgUzt046X9I8aemwc8jNU0JkLoyjFsg==,10/10/2026,INSTITUTO,FERRO,False,FERRO,6,1,TIRO3,FALLADO,Z11-DE,66.15,24.35
v2hvhcN_BjuUQVcnuPr-1dAO0jgUzt046X9I8aemwc8jNU0JkLoyjFsg==,10/10/2026,INSTITUTO,FERRO,False,FERRO,25,1,TIRO3,FALLADO,Z13-DE,72.46,85.75
v2hvhcN_BjuUQVcnuPr-1dAO0jgUzt046X9I8aemwc8jNU0JkLoyjFsg==,10/10/2026,INSTITUTO,FERRO,False,FERRO,25,1,TIRO2,FALLADO,Z1-DE,87.38,55.18
v2hvhcN_BjuUQVcnuPr-1dAO0jgUzt046X9I8aemwc8jNU0JkLoyjFsg==,10/10/2026,INSTITUTO,FERRO,False,FERRO,4,1,TIRO2,FALLADO,Z1-DE,85.38,49.48
v2hvhcN_BjuUQVcnuPr-1dAO0jgUzt046X9I8aemwc8jNU0JkLoyjFsg==,10/10/2026,INSTITUTO,FERRO,True,INSTITUTO,9,1,TIRO2,CONVERTIDO,Z1-IZ,9.08,37.82
v2hvhcN_BjuUQVcnuPr-1dAO0jgUzt046X9I8aemwc8jNU0JkLoyjFsg==,10/10/2026,INSTITUTO,FERRO,False,FERRO,6,1,TIRO2,CONVERTIDO,Z4-DE,83.23,59.84
v2hvhcN_BjuUQVcnuPr-1dAO0jgUzt046X9I8aemwc8jNU0JkLoyjFsg==,10/10/2026,INSTITUTO,FERRO,True,INSTITUTO,72,1,TIRO2,CONVERTIDO,Z1-IZ,10.46,40.16
v2hvhcN_BjuUQVcnuPr-1dAO0jgUzt046X9I8aemwc8jNU0JkLoyjFsg==,10/10/2026,INSTITUTO,FERRO,False,FERRO,25,1,TIRO3,FALLADO,Z11-DE,69.23,17.62
v2hvhcN_BjuUQVcnuPr-1dAO0jgUzt046X9I8aemwc8jNU0JkLoyjFsg==,10/10/2026,INSTITUTO,FERRO,True,INSTITUTO,9,1,TIRO2,FALLADO,Z4-IZ,16.77,26.17
v2hvhcN_BjuUQVcnuPr-1dAO0jgUzt046X9I8aemwc8jNU0JkLoyjFsg==,10/10/2026,INSTITUTO,FERRO,False,FERRO,6,1,TIRO2,CONVERTIDO,Z1-DE,84.77,55.44
v2hvhcN_BjuUQVcnuPr-1dAO0jgUzt046X9I8aemwc8jNU0JkLoyjFsg==,10/10/2026,INSTITUTO,FERRO,False,FERRO,8,1,TIRO2,FALLADO,Z1-DE,87.54,39.12
v2hvhcN_BjuUQVcnuPr-1dAO0jgUzt046X9I8aemwc8jNU0JkLoyjFsg==,10/10/2026,INSTITUTO,FERRO,True,INSTITUTO,72,1,TIRO3,CONVERTIDO,Z14-IZ,8.0,10.1
