gameId,gameName,date,teamA_code,teamB_code,period,timeRemaining,scoreA,scoreB,eventId,order,act,actionCode,actionText,orgId,personId,made,pts,x,y,substitution_in_out,p2Id
130879,30373-A-1,,USA,ARG,Q1,10:00,0,0,1,1000,periods,STARTG,Start of Game,,,,,,,,
130879,30373-A-1,,USA,ARG,Q1,10:00,0,0,2,2000,periods,STARTP,Start of Period,,,,,,,,
130879,30373-A-1,,USA,ARG,Q1,10:00,0,0,4,4000,unknwown,JS,jump ball situation; throw-in,,,,,,,,
130879,30373-A-1,,USA,ARG,Q1,9:59,0,0,5,4001,unknwown,JB,jump ball won,154,416460,,,,,,
130879,30373-A-1,,USA,ARG,Q1,9:59,0,0,6,4002,unknwown,JB,jump ball lost,14,362126,,,,,,
130879,30373-A-1,,USA,ARG,Q1,9:50,3,0,9,7000,shot,P3,3pt jump shot from center made,154,410523,True,3,183,173,,
130879,30373-A-1,,USA,ARG,Q1,9:50,3,0,10,7001,unknwown,ASS,made the assist,154,369232,,,,,,
130879,30373-A-1,,USA,ARG,Q1,9:29,3,0,11,8000,shot,P3,3pt jump shot missed,14,398746,False,3,28,111,,
130879,30373-A-1,,USA,ARG,Q1,9:26,3,0,12,8002,unknwown,REB,defensive rebound,154,416446,,,,,,
130879,30373-A-1,,USA,ARG,Q1,9:16,3,0,13,9000,shot,P2,"2PtsFG inside right, jump shot missed",154,416446,False,2,199,120,,
130879,30373-A-1,,USA,ARG,Q1,9:13,3,0,14,9002,unknwown,REB,defensive rebound,14,408871,,,,,,
130879,30373-A-1,,USA,ARG,Q1,8:53,3,0,16,11000,unknwown,FOUL,personal foul; 3 free throws awarded,154,341544,,,,,,
130879,30373-A-1,,USA,ARG,Q1,8:53,3,0,17,11002,unknwown,RFOUL,foul drawn,14,408871,,,,,,
130879,30373-A-1,,USA,ARG,Q1,8:53,3,1,18,12000,shot,FT,1st of 3 free throws made,14,408871,True,1,0,0,,
130879,30373-A-1,,USA,ARG,Q1,8:53,3,1,19,13000,shot,FT,2nd of 3 free throws missed,14,408871,False,1,0,0,,
130879,30373-A-1,,USA,ARG,Q1,8:53,3,1,20,14000,shot,FT,3rd of 3 free throws missed,14,408871,False,1,0,0,,
130879,30373-A-1,,USA,ARG,Q1,8:53,3,1,22,14002,unknwown,REB,defensive rebound,154,416460,,,,,,
130879,30373-A-1,,USA,ARG,Q1,8:42,3,1,24,17000,unknwown,TO,turnover; ball handling,154,341544,,,,,,
130879,30373-A-1,,USA,ARG,Q1,8:42,3,1,25,17001,unknwown,ST,steal,14,362126,,,,,,
130879,30373-A-1,,USA,ARG,Q1,8:15,3,3,27,19000,shot,P2,2pt fadeaway jump shot made,14,362126,True,2,197,20,,
130879,30373-A-1,,USA,ARG,Q1,7:46,6,3,28,20000,shot,P3,3pt jump shot made,154,341544,True,3,5,31,,
130879,30373-A-1,,USA,ARG,Q1,7:46,6,3,29,20001,unknwown,ASS,made the assist,154,416446,,,,,,
130879,30373-A-1,,USA,ARG,Q1,7:32,6,5,30,21000,shot,P2,"2PtsFG under the basket, layup made",14,409151,True,2,125,42,,
130879,30373-A-1,,USA,ARG,Q1,7:32,6,5,31,21001,unknwown,ASS,made the assist,14,409023,,,,,,
130879,30373-A-1,,USA,ARG,Q1,7:19,8,5,32,22000,shot,P2,"2PtsFG under the basket, driving layup made",154,416446,True,2,127,27,,
130879,30373-A-1,,USA,ARG,Q1,7:19,8,5,33,22001,unknwown,ASS,made the assist,154,416460,,,,,,
130879,30373-A-1,,USA,ARG,Q1,7:07,8,5,34,23000,unknwown,TO,turnover; bad pass,14,408871,,,,,,
130879,30373-A-1,,USA,ARG,Q1,7:07,8,5,35,23001,unknwown,ST,steal,154,416460,,,,,,
130879,30373-A-1,,USA,ARG,Q1,7:02,10,5,37,25000,shot,P2,"2PtsFG under the basket, points from fastbreak + after turnover, driving layup made",154,369232,True,2,161,36,,
130879,30373-A-1,,USA,ARG,Q1,7:02,10,5,38,25001,unknwown,ASS,made the assist,154,416460,,,,,,
130879,30373-A-1,,USA,ARG,Q1,7:02,10,5,39,26000,unknwown,FOUL,personal foul; 1 free throw awarded,14,398746,,,,,,
130879,30373-A-1,,USA,ARG,Q1,7:02,10,5,40,26002,unknwown,RFOUL,foul drawn,154,369232,,,,,,
130879,30373-A-1,,USA,ARG,Q1,7:02,10,5,41,27000,subst,SUBST,Substitution out,154,416446,,,,,OUT,
130879,30373-A-1,,USA,ARG,Q1,7:02,10,5,42,28000,subst,SUBST,Substitution out,154,416460,,,,,OUT,
130879,30373-A-1,,USA,ARG,Q1,7:02,10,5,43,29000,subst,SUBST,Substitution in,154,410509,,,,,IN,
130879,30373-A-1,,USA,ARG,Q1,7:02,10,5,44,30000,subst,SUBST,Substitution in,154,416558,,,,,IN,
130879,30373-A-1,,USA,ARG,Q1,7:02,10,5,45,31000,shot,FT,Free throw missed 1 of 1,154,369232,False,1,0,0,,
130879,30373-A-1,,USA,ARG,Q1,7:02,10,5,46,31002,unknwown,TREB,team defensive rebound,14,,,,,,,
130879,30373-A-1,,USA,ARG,Q1,7:01,10,5,49,34000,subst,SUBST,Substitution out,154,369232,,,,,OUT,
130879,30373-A-1,,USA,ARG,Q1,7:01,10,5,50,35000,subst,SUBST,Substitution in,154,410526,,,,,IN,
130879,30373-A-1,,USA,ARG,Q1,7:01,10,5,51,36000,subst,SUBST,Substitution out,14,362126,,,,,OUT,
130879,30373-A-1,,USA,ARG,Q1,7:01,10,5,52,37000,subst,SUBST,Substitution in,14,409021,,,,,IN,
130879,30373-A-1,,USA,ARG,Q1,6:44,10,5,56,41000,shot,P2,"2PtsFG under the basket, hook shot missed",14,409151,False,2,128,38,,
130879,30373-A-1,,USA,ARG,Q1,6:41,10,5,57,41002,unknwown,REB,defensive rebound,154,410509,,,,,,
130879,30373-A-1,,USA,ARG,Q1,6:38,10,5,58,42000,unknwown,TO,turnover; bad pass,154,410509,,,,,,
130879,30373-A-1,,USA,ARG,Q1,6:38,10,5,59,42001,unknwown,ST,steal,14,398746,,,,,,
130879,30373-A-1,,USA,ARG,Q1,6:33,10,7,60,43000,shot,P2,"2PtsFG under the basket, points from fastbreak + after turnover, dunk made",14,409151,True,2,139,24,,
130879,30373-A-1,,USA,ARG,Q1,6:33,10,7,61,43001,unknwown,ASS,made the assist,14,398746,,,,,,
130879,30373-A-1,,USA,ARG,Q1,6:19,10,7,62,44000,shot,P3,3pt jump shot missed,154,416558,False,3,48,131,,
130879,30373-A-1,,USA,ARG,Q1,6:16,10,7,63,44002,unknwown,REB,defensive rebound,14,409023,,,,,,
130879,30373-A-1,,USA,ARG,Q1,5:59,10,7,64,45000,shot,P2,2pt pullup jump shot missed,14,409021,False,2,114,41,,
130879,30373-A-1,,USA,ARG,Q1,5:59,10,7,65,45001,unknwown,BS,blocked the shot,154,410523,,,,,,
130879,30373-A-1,,USA,ARG,Q1,5:54,10,7,66,45002,unknwown,REB,defensive rebound,154,410523,,,,,,
130879,30373-A-1,,USA,ARG,Q1,5:52,10,7,67,46000,shot,P2,"2PtsFG under the basket, driving layup missed",154,341544,False,2,156,34,,
130879,30373-A-1,,USA,ARG,Q1,5:47,10,7,68,46002,unknwown,REB,offensive rebound,154,416558,,,,,,
130879,30373-A-1,,USA,ARG,Q1,5:47,12,7,69,47000,shot,P2,2PtsFG under the basket made,154,416558,True,2,140,31,,
130879,30373-A-1,,USA,ARG,Q1,5:35,12,7,71,49000,unknwown,FOUL,personal foul,154,416558,,,,,,
130879,30373-A-1,,USA,ARG,Q1,5:35,12,7,72,49002,unknwown,RFOUL,foul drawn,14,398746,,,,,,
130879,30373-A-1,,USA,ARG,Q1,5:35,12,7,73,50000,subst,SUBST,Substitution out,154,410523,,,,,OUT,
130879,30373-A-1,,USA,ARG,Q1,5:35,12,7,74,51000,subst,SUBST,Substitution out,154,341544,,,,,OUT,
130879,30373-A-1,,USA,ARG,Q1,5:35,12,7,75,52000,subst,SUBST,Substitution in,154,416453,,,,,IN,
130879,30373-A-1,,USA,ARG,Q1,5:35,12,7,76,53000,subst,SUBST,Substitution in,154,410530,,,,,IN,
130879,30373-A-1,,USA,ARG,Q1,5:35,12,7,77,54000,subst,SUBST,Substitution out,14,409023,,,,,OUT,
130879,30373-A-1,,USA,ARG,Q1,5:35,12,7,78,55000,subst,SUBST,Substitution out,14,409151,,,,,OUT,
130879,30373-A-1,,USA,ARG,Q1,5:35,12,7,79,56000,subst,SUBST,Substitution in,14,387025,,,,,IN,
130879,30373-A-1,,USA,ARG,Q1,5:35,12,7,80,57000,subst,SUBST,Substitution in,14,408860,,,,,IN,
130879,30373-A-1,,USA,ARG,Q1,5:25,12,7,84,61000,unknwown,TO,turnover; bad pass,14,408860,,,,,,
130879,30373-A-1,,USA,ARG,Q1,5:25,12,7,85,61001,unknwown,ST,steal,154,416453,,,,,,
130879,30373-A-1,,USA,ARG,Q1,5:21,12,7,87,63000,unknwown,TO,turnover; out of bounds,154,416453,,,,,,
130879,30373-A-1,,USA,ARG,Q1,5:02,12,7,90,66000,shot,P2,"2PtsFG under the basket, points after turnover, driving layup missed",14,408860,False,2,127,35,,
130879,30373-A-1,,USA,ARG,Q1,5:02,12,7,91,66002,unknwown,REB,offensive rebound,14,409021,,,,,,
130879,30373-A-1,,USA,ARG,Q1,5:01,12,7,94,69000,unknwown,FOUL,personal foul; 2 free throws awarded,154,410530,,,,,,
130879,30373-A-1,,USA,ARG,Q1,5:01,12,7,95,69002,unknwown,RFOUL,foul drawn,14,409021,,,,,,
130879,30373-A-1,,USA,ARG,Q1,5:01,12,7,96,70000,subst,SUBST,Substitution out,14,408871,,,,,OUT,
130879,30373-A-1,,USA,ARG,Q1,5:01,12,7,97,71000,subst,SUBST,Substitution in,14,408857,,,,,IN,
130879,30373-A-1,,USA,ARG,Q1,5:01,12,7,98,72000,shot,FT,1st of 2 free throws missed,14,409021,False,1,0,0,,
130879,30373-A-1,,USA,ARG,Q1,5:01,12,8,99,73000,shot,FT,2nd of 2 free throws made,14,409021,True,1,0,0,,
130879,30373-A-1,,USA,ARG,Q1,4:47,12,8,101,75000,shot,P2,"2PtsFG inside right wing, jump shot missed",154,410509,False,2,240,39,,
130879,30373-A-1,,USA,ARG,Q1,4:44,12,8,102,75002,unknwown,REB,offensive rebound,154,416558,,,,,,
130879,30373-A-1,,USA,ARG,Q1,4:42,14,8,103,76000,shot,P2,"2PtsFG under the basket, driving layup made",154,416558,True,2,150,40,,
130879,30373-A-1,,USA,ARG,Q1,4:28,14,8,105,78000,subst,SUBST,Substitution out,14,398746,,,,,OUT,
130879,30373-A-1,,USA,ARG,Q1,4:28,14,8,106,79000,subst,SUBST,Substitution in,14,408872,,,,,IN,
130879,30373-A-1,,USA,ARG,Q1,4:28,14,8,107,80000,unknwown,FOUL,personal foul,154,416453,,,,,,
130879,30373-A-1,,USA,ARG,Q1,4:28,14,8,108,80002,unknwown,RFOUL,foul drawn,14,387025,,,,,,
130879,30373-A-1,,USA,ARG,Q1,4:13,14,8,110,82000,shot,P2,"2PtsFG under the basket, layup missed",14,409021,False,2,128,30,,
130879,30373-A-1,,USA,ARG,Q1,4:11,14,8,111,82002,unknwown,REB,defensive rebound,154,416558,,,,,,
130879,30373-A-1,,USA,ARG,Q1,4:10,14,8,113,84000,unknwown,FOUL,personal foul,14,408857,,,,,,
130879,30373-A-1,,USA,ARG,Q1,4:10,14,8,114,84002,unknwown,RFOUL,foul drawn,154,416558,,,,,,
130879,30373-A-1,,USA,ARG,Q1,4:01,14,8,116,86000,shot,P2,"2PtsFG under the basket, driving layup missed",154,416558,False,2,127,30,,
130879,30373-A-1,,USA,ARG,Q1,3:57,14,8,117,86002,unknwown,REB,offensive rebound,154,416453,,,,,,
130879,30373-A-1,,USA,ARG,Q1,3:57,14,8,118,87000,shot,P2,2PtsFG under the basket missed,154,416453,False,2,140,31,,
130879,30373-A-1,,USA,ARG,Q1,3:56,14,8,119,87002,unknwown,REB,offensive rebound,154,410509,,,,,,
130879,30373-A-1,,USA,ARG,Q1,3:53,14,8,120,88000,shot,P2,"2PtsFG under the basket, pullup jump shot missed",154,410530,False,2,132,44,,
130879,30373-A-1,,USA,ARG,Q1,3:50,14,8,121,88002,unknwown,REB,offensive rebound,154,410509,,,,,,
130879,30373-A-1,,USA,ARG,Q1,3:50,14,8,123,90000,unknwown,FOUL,personal foul; 2 free throws awarded,14,387025,,,,,,
130879,30373-A-1,,USA,ARG,Q1,3:50,14,8,124,90002,unknwown,RFOUL,foul drawn,154,410509,,,,,,
130879,30373-A-1,,USA,ARG,Q1,3:50,14,8,125,91000,subst,SUBST,Substitution out,154,416453,,,,,OUT,
130879,30373-A-1,,USA,ARG,Q1,3:50,14,8,126,92000,subst,SUBST,Substitution in,154,416447,,,,,IN,
130879,30373-A-1,,USA,ARG,Q1,3:50,14,8,127,93000,shot,FT,1st of 2 free throws missed,154,410509,False,1,0,0,,
130879,30373-A-1,,USA,ARG,Q1,3:50,14,8,128,94000,shot,FT,2nd of 2 free throws missed,154,410509,False,1,0,0,,
130879,30373-A-1,,USA,ARG,Q1,3:50,14,8,130,94002,unknwown,REB,offensive rebound,154,410509,,,,,,
130879,30373-A-1,,USA,ARG,Q1,3:49,16,8,131,96000,shot,P2,"2PtsFG under the basket, layup made",154,410509,True,2,154,45,,
130879,30373-A-1,,USA,ARG,Q1,3:36,16,8,132,97000,shot,P3,3pt jump shot from center missed,14,408857,False,3,87,181,,
130879,30373-A-1,,USA,ARG,Q1,3:34,16,8,133,97002,unknwown,REB,defensive rebound,154,410509,,,,,,
130879,30373-A-1,,USA,ARG,Q1,3:26,16,8,139,103000,subst,SUBST,Substitution out,154,410509,,,,,OUT,
130879,30373-A-1,,USA,ARG,Q1,3:26,16,8,140,104000,subst,SUBST,Substitution in,154,416519,,,,,IN,
130879,30373-A-1,,USA,ARG,Q1,3:26,16,8,141,105000,subst,SUBST,Substitution out,14,409021,,,,,OUT,
130879,30373-A-1,,USA,ARG,Q1,3:26,16,8,142,106000,subst,SUBST,Substitution in,14,362126,,,,,IN,
130879,30373-A-1,,USA,ARG,Q1,3:16,16,8,147,111000,unknwown,FOUL,personal foul,14,362126,,,,,,
130879,30373-A-1,,USA,ARG,Q1,3:16,16,8,148,111002,unknwown,RFOUL,foul drawn,154,410526,,,,,,
130879,30373-A-1,,USA,ARG,Q1,3:14,16,8,150,113000,unknwown,TO,turnover; ball handling,154,410530,,,,,,
130879,30373-A-1,,USA,ARG,Q1,3:14,16,8,151,113001,unknwown,ST,steal,14,362126,,,,,,
130879,30373-A-1,,USA,ARG,Q1,3:02,16,8,156,118000,shot,P3,3pt jump shot missed,14,408857,False,3,7,19,,
130879,30373-A-1,,USA,ARG,Q1,2:58,16,8,157,118002,unknwown,REB,defensive rebound,154,416447,,,,,,
130879,30373-A-1,,USA,ARG,Q1,2:45,18,8,158,119000,shot,P2,"2PtsFG under the basket, dunk made",154,416558,True,2,138,23,,
130879,30373-A-1,,USA,ARG,Q1,2:45,18,8,159,119001,unknwown,ASS,made the assist,154,410530,,,,,,
130879,30373-A-1,,USA,ARG,Q1,2:22,18,8,160,120000,shot,P2,2pt jump shot missed,14,362126,False,2,137,71,,
130879,30373-A-1,,USA,ARG,Q1,2:19,18,8,161,120002,unknwown,REB,defensive rebound,154,410530,,,,,,
130879,30373-A-1,,USA,ARG,Q1,2:14,18,8,163,122000,unknwown,FOUL,personal foul; 2 free throws awarded,14,362126,,,,,,
130879,30373-A-1,,USA,ARG,Q1,2:14,18,8,164,122002,unknwown,RFOUL,foul drawn,154,416447,,,,,,
130879,30373-A-1,,USA,ARG,Q1,2:14,18,8,165,123000,subst,SUBST,Substitution out,154,410526,,,,,OUT,
130879,30373-A-1,,USA,ARG,Q1,2:14,18,8,166,124000,subst,SUBST,Substitution out,154,410530,,,,,OUT,
130879,30373-A-1,,USA,ARG,Q1,2:14,18,8,167,125000,subst,SUBST,Substitution in,154,369232,,,,,IN,
130879,30373-A-1,,USA,ARG,Q1,2:14,18,8,168,126000,subst,SUBST,Substitution in,154,416460,,,,,IN,
130879,30373-A-1,,USA,ARG,Q1,2:14,18,8,169,127000,subst,SUBST,Substitution out,14,387025,,,,,OUT,
130879,30373-A-1,,USA,ARG,Q1,2:14,18,8,170,128000,subst,SUBST,Substitution in,14,409151,,,,,IN,
130879,30373-A-1,,USA,ARG,Q1,2:14,18,8,171,129000,shot,FT,1st of 2 free throws missed,154,416447,False,1,0,0,,
130879,30373-A-1,,USA,ARG,Q1,2:14,18,8,172,130000,shot,FT,2nd of 2 free throws missed,154,416447,False,1,0,0,,
130879,30373-A-1,,USA,ARG,Q1,2:14,18,8,174,130002,unknwown,REB,defensive rebound,14,408872,,,,,,
130879,30373-A-1,,USA,ARG,Q1,1:52,18,8,175,132000,unknwown,TO,turnover; ball handling,14,408857,,,,,,
130879,30373-A-1,,USA,ARG,Q1,1:52,18,8,176,132001,unknwown,ST,steal,154,369232,,,,,,
130879,30373-A-1,,USA,ARG,Q1,1:48,20,8,177,133000,shot,P2,"2PtsFG under the basket, points from fastbreak + after turnover, driving layup made",154,369232,True,2,128,33,,
130879,30373-A-1,,USA,ARG,Q1,1:24,20,8,178,134000,shot,P2,"2PtsFG inside right wing, jump shot missed",14,408872,False,2,248,19,,
130879,30373-A-1,,USA,ARG,Q1,1:21,20,8,179,134002,unknwown,REB,offensive rebound,14,362126,,,,,,
130879,30373-A-1,,USA,ARG,Q1,1:18,20,11,180,135000,shot,P3,3pt jump shot made,14,408857,True,3,7,61,,
130879,30373-A-1,,USA,ARG,Q1,1:18,20,11,181,135001,unknwown,ASS,made the assist,14,362126,,,,,,
130879,30373-A-1,,USA,ARG,Q1,1:05,23,11,182,136000,shot,P3,3pt jump shot made,154,416558,True,3,223,159,,
130879,30373-A-1,,USA,ARG,Q1,1:05,23,11,183,136001,unknwown,ASS,made the assist,154,416460,,,,,,
130879,30373-A-1,,USA,ARG,Q1,0:41,23,11,184,137000,shot,P2,2pt driving layup missed,14,409151,False,2,138,51,,
130879,30373-A-1,,USA,ARG,Q1,0:39,23,11,185,137002,unknwown,REB,defensive rebound,154,416447,,,,,,
130879,30373-A-1,,USA,ARG,Q1,0:28,23,11,186,138000,shot,P3,3pt jump shot missed,154,416519,False,3,264,81,,
130879,30373-A-1,,USA,ARG,Q1,0:22,23,11,187,138002,unknwown,REB,defensive rebound,14,408860,,,,,,
130879,30373-A-1,,USA,ARG,Q1,0:07,23,11,188,139000,shot,P3,3pt jump shot missed,14,408857,False,3,207,165,,
130879,30373-A-1,,USA,ARG,Q1,0:04,23,11,189,139002,unknwown,REB,defensive rebound,154,416460,,,,,,
130879,30373-A-1,,USA,ARG,Q1,0:00,23,11,195,145000,periods,ENDP,End of Period,,,,,,,,
130879,30373-A-1,,USA,ARG,Q2,10:00,23,11,196,146000,subst,SUBST,Substitution out,154,416519,,,,,OUT,
130879,30373-A-1,,USA,ARG,Q2,10:00,23,11,197,147000,subst,SUBST,Substitution out,154,416558,,,,,OUT,
130879,30373-A-1,,USA,ARG,Q2,10:00,23,11,198,148000,subst,SUBST,Substitution out,154,416460,,,,,OUT,
130879,30373-A-1,,USA,ARG,Q2,10:00,23,11,199,149000,subst,SUBST,Substitution in,154,410523,,,,,IN,
130879,30373-A-1,,USA,ARG,Q2,10:00,23,11,200,150000,subst,SUBST,Substitution in,154,416446,,,,,IN,
130879,30373-A-1,,USA,ARG,Q2,10:00,23,11,201,151000,subst,SUBST,Substitution in,154,341544,,,,,IN,
130879,30373-A-1,,USA,ARG,Q2,10:00,23,11,202,152000,subst,SUBST,Substitution out,14,408857,,,,,OUT,
130879,30373-A-1,,USA,ARG,Q2,10:00,23,11,203,153000,subst,SUBST,Substitution out,14,408860,,,,,OUT,
130879,30373-A-1,,USA,ARG,Q2,10:00,23,11,204,154000,subst,SUBST,Substitution in,14,408871,,,,,IN,
130879,30373-A-1,,USA,ARG,Q2,10:00,23,11,205,155000,subst,SUBST,Substitution in,14,408870,,,,,IN,
130879,30373-A-1,,USA,ARG,Q2,10:00,23,11,206,156000,periods,STARTP,Start of Period,,,,,,,,
130879,30373-A-1,,USA,ARG,Q2,9:44,23,11,208,158000,shot,P2,"2PtsFG under the basket, pullup jump shot missed",14,408870,False,2,126,40,,
130879,30373-A-1,,USA,ARG,Q2,9:40,23,11,209,158002,unknwown,REB,defensive rebound,154,416447,,,,,,
130879,30373-A-1,,USA,ARG,Q2,9:38,23,11,210,159000,shot,P3,3pt jump shot missed,154,341544,False,3,41,127,,
130879,30373-A-1,,USA,ARG,Q2,9:34,23,11,211,159002,unknwown,REB,offensive rebound,154,410523,,,,,,
130879,30373-A-1,,USA,ARG,Q2,9:32,23,11,212,160000,shot,P2,"2PtsFG under the basket, hook shot missed",154,410523,False,2,151,44,,
130879,30373-A-1,,USA,ARG,Q2,9:29,23,11,213,160002,unknwown,REB,defensive rebound,14,408871,,,,,,
130879,30373-A-1,,USA,ARG,Q2,9:28,23,11,215,162000,unknwown,FOUL,personal foul,154,416447,,,,,,
130879,30373-A-1,,USA,ARG,Q2,9:28,23,11,216,162002,unknwown,RFOUL,foul drawn,14,408871,,,,,,
130879,30373-A-1,,USA,ARG,Q2,9:24,23,11,219,165000,unknwown,TO,turnover; bad pass,14,409151,,,,,,
130879,30373-A-1,,USA,ARG,Q2,8:52,23,11,221,167000,shot,P3,3pt jump shot missed,154,369232,False,3,8,72,,
130879,30373-A-1,,USA,ARG,Q2,8:49,23,11,222,167002,unknwown,REB,defensive rebound,14,408872,,,,,,
130879,30373-A-1,,USA,ARG,Q2,8:40,23,11,223,168000,shot,P2,"2PtsFG inside center, jump shot missed",14,408871,False,2,132,117,,
130879,30373-A-1,,USA,ARG,Q2,8:37,23,11,224,168002,unknwown,REB,defensive rebound,154,416446,,,,,,
130879,30373-A-1,,USA,ARG,Q2,8:32,23,11,226,170000,unknwown,FOUL,personal foul; 2 free throws awarded,14,408870,,,,,,
130879,30373-A-1,,USA,ARG,Q2,8:32,23,11,227,170002,unknwown,RFOUL,foul drawn,154,410523,,,,,,
130879,30373-A-1,,USA,ARG,Q2,8:32,23,11,228,171000,subst,SUBST,Substitution out,154,416447,,,,,OUT,
130879,30373-A-1,,USA,ARG,Q2,8:32,23,11,229,172000,subst,SUBST,Substitution in,154,410509,,,,,IN,
130879,30373-A-1,,USA,ARG,Q2,8:32,23,11,230,173000,subst,SUBST,Substitution out,14,408872,,,,,OUT,
130879,30373-A-1,,USA,ARG,Q2,8:32,23,11,231,174000,subst,SUBST,Substitution in,14,409162,,,,,IN,
130879,30373-A-1,,USA,ARG,Q2,8:32,23,11,232,175000,shot,FT,1st of 2 free throws missed,154,410523,False,1,0,0,,
130879,30373-A-1,,USA,ARG,Q2,8:32,24,11,233,176000,shot,FT,2nd of 2 free throws made,154,410523,True,1,0,0,,
130879,30373-A-1,,USA,ARG,Q2,8:15,24,11,237,180000,shot,P2,2pt turnaround jump shot missed,14,409151,False,2,82,16,,
130879,30373-A-1,,USA,ARG,Q2,8:11,24,11,238,180002,unknwown,REB,offensive rebound,14,408871,,,,,,
130879,30373-A-1,,USA,ARG,Q2,8:04,24,11,244,186000,unknwown,TO,turnover; ball handling,14,362126,,,,,,
130879,30373-A-1,,USA,ARG,Q2,8:04,24,11,245,187000,subst,SUBST,Substitution out,14,362126,,,,,OUT,
130879,30373-A-1,,USA,ARG,Q2,8:04,24,11,246,188000,subst,SUBST,Substitution in,14,387025,,,,,IN,
130879,30373-A-1,,USA,ARG,Q2,7:41,24,11,248,190000,shot,P2,2pt fadeaway jump shot missed,154,341544,False,2,104,29,,
130879,30373-A-1,,USA,ARG,Q2,7:38,24,11,249,190002,unknwown,REB,defensive rebound,14,409151,,,,,,
130879,30373-A-1,,USA,ARG,Q2,7:35,24,13,250,191000,shot,P2,"2PtsFG under the basket, layup made",14,408870,True,2,161,35,,
130879,30373-A-1,,USA,ARG,Q2,7:35,24,13,251,191001,unknwown,ASS,made the assist,14,409151,,,,,,
130879,30373-A-1,,USA,ARG,Q2,7:13,27,13,253,192000,shot,P3,3pt jump shot made,154,410523,True,3,5,27,,
130879,30373-A-1,,USA,ARG,Q2,7:13,27,13,254,192001,unknwown,ASS,made the assist,154,369232,,,,,,
130879,30373-A-1,,USA,ARG,Q2,6:47,27,16,256,194000,shot,P3,3pt step back jump shot made,14,408871,True,3,40,126,,
130879,30373-A-1,,USA,ARG,Q2,6:47,27,16,257,194001,unknwown,ASS,made the assist,14,408870,,,,,,
130879,30373-A-1,,USA,ARG,Q2,6:47,27,16,258,195000,unknwown,FOUL,personal foul,154,369232,,,,,,
130879,30373-A-1,,USA,ARG,Q2,6:47,27,16,259,195002,unknwown,RFOUL,foul drawn,14,387025,,,,,,
130879,30373-A-1,,USA,ARG,Q2,6:47,27,16,260,196000,unknwown,FOUL,personal foul,154,410523,,,,,,
130879,30373-A-1,,USA,ARG,Q2,6:47,27,16,261,196002,unknwown,RFOUL,foul drawn,14,408870,,,,,,
130879,30373-A-1,,USA,ARG,Q2,6:40,27,19,263,198000,shot,P3,3pt jump shot made,14,409151,True,3,11,89,,
130879,30373-A-1,,USA,ARG,Q2,6:40,27,19,264,198001,unknwown,ASS,made the assist,14,408870,,,,,,
130879,30373-A-1,,USA,ARG,Q2,6:24,27,19,265,199000,shot,P3,3pt step back jump shot missed,154,369232,False,3,128,174,,
130879,30373-A-1,,USA,ARG,Q2,6:21,27,19,266,199002,unknwown,REB,defensive rebound,14,387025,,,,,,
130879,30373-A-1,,USA,ARG,Q2,6:09,27,22,267,200000,shot,P3,3pt jump shot made,14,408871,True,3,34,143,,
130879,30373-A-1,,USA,ARG,Q2,6:09,27,22,269,200001,unknwown,ASS,made the assist,14,387025,,,,,,
130879,30373-A-1,,USA,ARG,Q2,6:05,27,22,272,204000,timeout,TIMO,Timeout,154,,,,,,,
130879,30373-A-1,,USA,ARG,Q2,6:05,27,22,273,205000,subst,SUBST,Substitution out,154,369232,,,,,OUT,
130879,30373-A-1,,USA,ARG,Q2,6:05,27,22,274,206000,subst,SUBST,Substitution out,154,410523,,,,,OUT,
130879,30373-A-1,,USA,ARG,Q2,6:05,27,22,275,207000,subst,SUBST,Substitution out,154,341544,,,,,OUT,
130879,30373-A-1,,USA,ARG,Q2,6:05,27,22,276,208000,subst,SUBST,Substitution in,154,416453,,,,,IN,
130879,30373-A-1,,USA,ARG,Q2,6:05,27,22,277,209000,subst,SUBST,Substitution in,154,410526,,,,,IN,
130879,30373-A-1,,USA,ARG,Q2,6:05,27,22,278,210000,subst,SUBST,Substitution in,154,410530,,,,,IN,
130879,30373-A-1,,USA,ARG,Q2,5:53,30,22,282,214000,shot,P3,3pt jump shot from center made,154,416446,True,3,173,168,,
130879,30373-A-1,,USA,ARG,Q2,5:53,30,22,283,214001,unknwown,ASS,made the assist,154,410526,,,,,,
130879,30373-A-1,,USA,ARG,Q2,5:49,30,22,285,216000,unknwown,FOUL,personal foul,154,410509,,,,,,
130879,30373-A-1,,USA,ARG,Q2,5:49,30,22,286,216002,unknwown,RFOUL,foul drawn,14,408871,,,,,,
130879,30373-A-1,,USA,ARG,Q2,5:49,30,22,288,217000,unknwown,TO,turnover; bad pass,14,409162,,,,,,
130879,30373-A-1,,USA,ARG,Q2,5:49,30,22,289,217001,unknwown,ST,steal,154,416453,,,,,,
130879,30373-A-1,,USA,ARG,Q2,5:49,30,22,290,218000,shot,P2,"2PtsFG under the basket, points after turnover, layup missed",154,416453,False,2,151,34,,
130879,30373-A-1,,USA,ARG,Q2,5:49,30,22,291,218002,unknwown,REB,offensive rebound,154,416446,,,,,,
130879,30373-A-1,,USA,ARG,Q2,5:49,30,22,292,219000,unknwown,TO,turnover; ball handling,154,416446,,,,,,
130879,30373-A-1,,USA,ARG,Q2,5:41,30,22,294,221000,unknwown,TO,turnover; ball handling,14,409151,,,,,,
130879,30373-A-1,,USA,ARG,Q2,5:41,30,22,295,221001,unknwown,ST,steal,154,410530,,,,,,
130879,30373-A-1,,USA,ARG,Q2,5:30,30,22,297,223000,unknwown,FOUL,personal foul; 2 free throws awarded,14,409151,,,,,,
130879,30373-A-1,,USA,ARG,Q2,5:30,30,22,298,223002,unknwown,RFOUL,foul drawn,154,410526,,,,,,
130879,30373-A-1,,USA,ARG,Q2,5:30,30,22,299,224000,subst,SUBST,Substitution out,154,416446,,,,,OUT,
130879,30373-A-1,,USA,ARG,Q2,5:30,30,22,300,225000,subst,SUBST,Substitution in,154,416558,,,,,IN,
130879,30373-A-1,,USA,ARG,Q2,5:23,30,22,305,230000,shot,FT,1st of 2 free throws missed,154,410526,False,1,0,0,,
130879,30373-A-1,,USA,ARG,Q2,5:23,31,22,306,231000,shot,FT,2nd of 2 free throws made,154,410526,True,1,0,0,,
130879,30373-A-1,,USA,ARG,Q2,5:23,31,22,307,232000,unknwown,TO,turnover; bad pass,14,408871,,,,,,
130879,30373-A-1,,USA,ARG,Q2,5:23,31,22,308,232001,unknwown,ST,steal,154,416453,,,,,,
130879,30373-A-1,,USA,ARG,Q2,5:23,31,22,309,233000,shot,P2,"2PtsFG under the basket, points after turnover, pullup jump shot missed",154,416453,False,2,156,40,,
130879,30373-A-1,,USA,ARG,Q2,5:23,31,22,310,233002,unknwown,REB,offensive rebound,154,416453,,,,,,
130879,30373-A-1,,USA,ARG,Q2,5:23,31,22,311,234000,shot,P2,"2PtsFG under the basket, points from second chance + after turnover missed",154,416453,False,2,140,31,,
130879,30373-A-1,,USA,ARG,Q2,5:23,31,22,312,234002,unknwown,REB,defensive rebound,14,409162,,,,,,
130879,30373-A-1,,USA,ARG,Q2,5:16,31,22,315,237000,subst,SUBST,Substitution out,14,409151,,,,,OUT,
130879,30373-A-1,,USA,ARG,Q2,5:16,31,22,316,238000,subst,SUBST,Substitution in,14,408872,,,,,IN,
130879,30373-A-1,,USA,ARG,Q2,5:16,31,22,317,239000,shot,P3,3pt jump shot missed,14,408871,False,3,235,133,,
130879,30373-A-1,,USA,ARG,Q2,5:16,31,22,318,239002,unknwown,REB,defensive rebound,154,410530,,,,,,
130879,30373-A-1,,USA,ARG,Q2,5:16,33,22,319,240000,shot,P2,"2PtsFG under the basket, layup made",154,410509,True,2,151,41,,
130879,30373-A-1,,USA,ARG,Q2,5:16,33,22,321,240001,unknwown,ASS,made the assist,154,416558,,,,,,
130879,30373-A-1,,USA,ARG,Q2,5:15,33,22,323,243000,unknwown,FOUL,personal foul; 1 free throw awarded,14,408871,,,,,,
130879,30373-A-1,,USA,ARG,Q2,5:15,33,22,324,243002,unknwown,RFOUL,foul drawn,154,410509,,,,,,
130879,30373-A-1,,USA,ARG,Q2,4:56,33,22,327,246000,timeout,TIMO,Timeout,14,,,,,,,
130879,30373-A-1,,USA,ARG,Q2,4:56,33,22,328,247000,subst,SUBST,Substitution out,14,408870,,,,,OUT,
130879,30373-A-1,,USA,ARG,Q2,4:56,33,22,329,248000,subst,SUBST,Substitution out,14,409162,,,,,OUT,
130879,30373-A-1,,USA,ARG,Q2,4:56,33,22,330,249000,subst,SUBST,Substitution in,14,409023,,,,,IN,
130879,30373-A-1,,USA,ARG,Q2,4:56,33,22,331,250000,subst,SUBST,Substitution in,14,398746,,,,,IN,
130879,30373-A-1,,USA,ARG,Q2,4:56,34,22,332,251000,shot,FT,1st free throw made,154,410509,True,1,0,0,,
130879,30373-A-1,,USA,ARG,Q2,4:37,34,24,334,253000,shot,P2,"2PtsFG under the basket, driving layup made",14,398746,True,2,134,33,,
130879,30373-A-1,,USA,ARG,Q2,4:18,34,24,335,254000,shot,P3,3pt jump shot missed,154,416453,False,3,28,111,,
130879,30373-A-1,,USA,ARG,Q2,4:16,34,24,336,254002,unknwown,REB,defensive rebound,14,409023,,,,,,
130879,30373-A-1,,USA,ARG,Q2,4:10,34,24,340,258000,subst,SUBST,Substitution out,154,416453,,,,,OUT,
130879,30373-A-1,,USA,ARG,Q2,4:10,34,24,341,259000,subst,SUBST,Substitution in,154,341544,,,,,IN,
130879,30373-A-1,,USA,ARG,Q2,4:04,34,24,343,261000,shot,P3,3pt jump shot missed,14,409023,False,3,205,173,,
130879,30373-A-1,,USA,ARG,Q2,4:01,34,24,344,261002,unknwown,REB,defensive rebound,154,410509,,,,,,
130879,30373-A-1,,USA,ARG,Q2,3:57,34,24,346,263000,unknwown,TO,turnover; out of bounds,154,416558,,,,,,
130879,30373-A-1,,USA,ARG,Q2,3:57,34,24,347,264000,subst,SUBST,Substitution out,14,408871,,,,,OUT,
130879,30373-A-1,,USA,ARG,Q2,3:57,34,24,348,265000,subst,SUBST,Substitution in,14,408857,,,,,IN,
130879,30373-A-1,,USA,ARG,Q2,3:44,34,26,350,267000,shot,P2,"2PtsFG under the basket, points after turnover, driving layup made",14,408872,True,2,125,33,,
130879,30373-A-1,,USA,ARG,Q2,3:34,37,26,351,268000,shot,P3,3pt step back jump shot made,154,410526,True,3,252,108,,
130879,30373-A-1,,USA,ARG,Q2,3:20,37,26,353,270000,unknwown,FOUL,offensive foul,14,408872,,,,,,
130879,30373-A-1,,USA,ARG,Q2,3:20,37,26,354,270001,unknwown,TO,turnover,14,408872,,,,,,
130879,30373-A-1,,USA,ARG,Q2,3:20,37,26,355,270002,unknwown,RFOUL,foul drawn,154,410526,,,,,,
130879,30373-A-1,,USA,ARG,Q2,3:05,37,26,358,273000,shot,P2,"2PtsFG under the basket, points after turnover, driving layup missed",154,416558,False,2,130,31,,
130879,30373-A-1,,USA,ARG,Q2,3:05,37,26,359,273001,unknwown,BS,blocked the shot,14,387025,,,,,,
130879,30373-A-1,,USA,ARG,Q2,3:05,37,26,361,273002,unknwown,REB,offensive rebound,154,416558,,,,,,
130879,30373-A-1,,USA,ARG,Q2,3:05,37,26,360,274000,unknwown,JS,jump ball situation; throw-in,154,,,,,,,
130879,30373-A-1,,USA,ARG,Q2,3:05,37,26,362,275000,subst,SUBST,Substitution out,154,410509,,,,,OUT,
130879,30373-A-1,,USA,ARG,Q2,3:05,37,26,363,276000,subst,SUBST,Substitution out,154,410530,,,,,OUT,
130879,30373-A-1,,USA,ARG,Q2,3:05,37,26,364,277000,subst,SUBST,Substitution in,154,410523,,,,,IN,
130879,30373-A-1,,USA,ARG,Q2,3:05,37,26,365,278000,subst,SUBST,Substitution in,154,416460,,,,,IN,
130879,30373-A-1,,USA,ARG,Q2,3:05,37,26,366,279000,subst,SUBST,Substitution out,14,387025,,,,,OUT,
130879,30373-A-1,,USA,ARG,Q2,3:05,37,26,367,280000,subst,SUBST,Substitution in,14,409021,,,,,IN,
130879,30373-A-1,,USA,ARG,Q2,2:59,37,26,370,283000,unknwown,TO,turnover; double dribble,154,416460,,,,,,
130879,30373-A-1,,USA,ARG,Q2,2:32,37,26,374,287000,shot,P3,3pt jump shot missed,14,408872,False,3,210,143,,
130879,30373-A-1,,USA,ARG,Q2,2:29,37,26,375,287002,unknwown,REB,offensive rebound,14,408857,,,,,,
130879,30373-A-1,,USA,ARG,Q2,2:28,37,26,376,288000,shot,P3,3pt jump shot missed,14,408857,False,3,245,117,,
130879,30373-A-1,,USA,ARG,Q2,2:25,37,26,377,288002,unknwown,REB,defensive rebound,154,410523,,,,,,
130879,30373-A-1,,USA,ARG,Q2,2:24,37,26,378,289000,unknwown,TO,turnover; bad pass,154,410523,,,,,,
130879,30373-A-1,,USA,ARG,Q2,2:24,37,26,379,289001,unknwown,ST,steal,14,408857,,,,,,
130879,30373-A-1,,USA,ARG,Q2,2:19,37,26,380,290000,shot,P2,"2PtsFG inside right, points after turnover, jump shot missed",14,408857,False,2,210,60,,
130879,30373-A-1,,USA,ARG,Q2,2:17,37,26,381,290002,unknwown,REB,defensive rebound,154,410523,,,,,,
130879,30373-A-1,,USA,ARG,Q2,2:15,37,26,383,292000,unknwown,FOUL,personal foul; 2 free throws awarded,14,398746,,,,,,
130879,30373-A-1,,USA,ARG,Q2,2:15,37,26,384,292002,unknwown,RFOUL,foul drawn,154,410523,,,,,,
130879,30373-A-1,,USA,ARG,Q2,2:15,37,26,385,293000,shot,FT,1st of 2 free throws missed,154,410523,False,1,0,0,,
130879,30373-A-1,,USA,ARG,Q2,2:15,38,26,386,294000,shot,FT,2nd of 2 free throws made,154,410523,True,1,0,0,,
130879,30373-A-1,,USA,ARG,Q2,2:04,38,26,388,296000,shot,P2,"2PtsFG under the basket, hook shot missed",14,409021,False,2,140,47,,
130879,30373-A-1,,USA,ARG,Q2,2:00,38,26,389,296002,unknwown,REB,defensive rebound,154,410526,,,,,,
130879,30373-A-1,,USA,ARG,Q2,1:58,38,26,391,298000,unknwown,FOUL,personal foul; 2 free throws awarded,14,409021,,,,,,
130879,30373-A-1,,USA,ARG,Q2,1:58,38,26,392,298002,unknwown,RFOUL,foul drawn,154,416460,,,,,,
130879,30373-A-1,,USA,ARG,Q2,1:58,39,26,393,299000,shot,FT,1st of 2 free throws made,154,416460,True,1,0,0,,
130879,30373-A-1,,USA,ARG,Q2,1:58,39,26,394,300000,shot,FT,2nd of 2 free throws missed,154,416460,False,1,0,0,,
130879,30373-A-1,,USA,ARG,Q2,1:58,39,26,396,300002,unknwown,REB,defensive rebound,14,408857,,,,,,
130879,30373-A-1,,USA,ARG,Q2,1:57,39,26,398,302000,unknwown,TO,turnover; bad pass,14,408857,,,,,,
130879,30373-A-1,,USA,ARG,Q2,1:57,39,26,399,302001,unknwown,ST,steal,154,410523,,,,,,
130879,30373-A-1,,USA,ARG,Q2,1:51,41,26,400,303000,shot,P2,"2PtsFG under the basket, points from fastbreak + after turnover, layup made",154,341544,True,2,152,27,,
130879,30373-A-1,,USA,ARG,Q2,1:51,41,26,401,303001,unknwown,ASS,made the assist,154,410523,,,,,,
130879,30373-A-1,,USA,ARG,Q2,1:31,41,26,403,305000,unknwown,TO,turnover; travelling,14,409021,,,,,,
130879,30373-A-1,,USA,ARG,Q2,1:24,41,26,410,312000,timeout,TIMO,Timeout,154,,,,,,,
130879,30373-A-1,,USA,ARG,Q2,1:24,41,26,411,313000,subst,SUBST,Substitution out,154,410526,,,,,OUT,
130879,30373-A-1,,USA,ARG,Q2,1:24,41,26,412,314000,subst,SUBST,Substitution in,154,416446,,,,,IN,
130879,30373-A-1,,USA,ARG,Q2,1:11,41,26,414,316000,shot,P2,"2PtsFG inside left wing, points after turnover, jump shot missed",154,416558,False,2,65,26,,
130879,30373-A-1,,USA,ARG,Q2,1:07,41,26,415,316002,unknwown,REB,offensive rebound,154,341544,,,,,,
130879,30373-A-1,,USA,ARG,Q2,1:07,43,26,416,317000,shot,P2,"2PtsFG under the basket, points from second chance + after turnover made",154,341544,True,2,140,31,,
130879,30373-A-1,,USA,ARG,Q2,0:52,43,26,418,319000,shot,P3,3pt jump shot missed,14,408857,False,3,255,92,,
130879,30373-A-1,,USA,ARG,Q2,0:52,43,26,419,319002,unknwown,TREB,team defensive rebound,154,,,,,,,
130879,30373-A-1,,USA,ARG,Q2,0:38,43,26,421,321000,shot,P2,"2PtsFG under the basket, hook shot missed",154,416460,False,2,141,36,,
130879,30373-A-1,,USA,ARG,Q2,0:34,43,26,422,321002,unknwown,REB,defensive rebound,14,408872,,,,,,
130879,30373-A-1,,USA,ARG,Q2,0:25,43,26,423,322000,shot,P2,"2PtsFG under the basket, reverse lay-up missed",14,408857,False,2,125,30,,
130879,30373-A-1,,USA,ARG,Q2,0:22,43,26,424,322002,unknwown,REB,defensive rebound,154,416558,,,,,,
130879,30373-A-1,,USA,ARG,Q2,0:18,43,26,425,323000,shot,P2,"2PtsFG under the basket, driving layup missed",154,410523,False,2,128,27,,
130879,30373-A-1,,USA,ARG,Q2,0:11,43,26,426,323002,unknwown,REB,offensive rebound,154,416446,,,,,,
130879,30373-A-1,,USA,ARG,Q2,0:11,45,26,427,324000,shot,P2,2PtsFG under the basket made,154,416446,True,2,140,31,,
130879,30373-A-1,,USA,ARG,Q2,0:08,45,26,431,328000,subst,SUBST,Substitution out,154,416460,,,,,OUT,
130879,30373-A-1,,USA,ARG,Q2,0:08,45,26,432,329000,subst,SUBST,Substitution in,154,410509,,,,,IN,
130879,30373-A-1,,USA,ARG,Q2,0:08,45,26,433,330000,subst,SUBST,Substitution out,14,408872,,,,,OUT,
130879,30373-A-1,,USA,ARG,Q2,0:08,45,26,434,331000,subst,SUBST,Substitution in,14,408871,,,,,IN,
130879,30373-A-1,,USA,ARG,Q2,0:08,45,26,435,332000,timeout,TIMO,Timeout,14,,,,,,,
130879,30373-A-1,,USA,ARG,Q2,0:05,45,26,437,334000,shot,P2,"2PtsFG under the basket, driving layup missed",14,409023,False,2,154,36,,
130879,30373-A-1,,USA,ARG,Q2,0:02,45,26,438,334002,unknwown,REB,offensive rebound,14,409021,,,,,,
130879,30373-A-1,,USA,ARG,Q2,0:00,45,26,442,338000,periods,ENDP,End of Period,,,,,,,,
130879,30373-A-1,,USA,ARG,Q3,10:00,45,26,443,339000,subst,SUBST,Substitution out,154,410509,,,,,OUT,
130879,30373-A-1,,USA,ARG,Q3,10:00,45,26,444,340000,subst,SUBST,Substitution out,154,416558,,,,,OUT,
130879,30373-A-1,,USA,ARG,Q3,10:00,45,26,445,341000,subst,SUBST,Substitution in,154,369232,,,,,IN,
130879,30373-A-1,,USA,ARG,Q3,10:00,45,26,446,342000,subst,SUBST,Substitution in,154,416460,,,,,IN,
130879,30373-A-1,,USA,ARG,Q3,10:00,45,26,447,343000,subst,SUBST,Substitution out,14,409021,,,,,OUT,
130879,30373-A-1,,USA,ARG,Q3,10:00,45,26,448,344000,subst,SUBST,Substitution out,14,409023,,,,,OUT,
130879,30373-A-1,,USA,ARG,Q3,10:00,45,26,449,345000,subst,SUBST,Substitution out,14,408857,,,,,OUT,
130879,30373-A-1,,USA,ARG,Q3,10:00,45,26,450,346000,subst,SUBST,Substitution in,14,408870,,,,,IN,
130879,30373-A-1,,USA,ARG,Q3,10:00,45,26,451,347000,subst,SUBST,Substitution in,14,409151,,,,,IN,
130879,30373-A-1,,USA,ARG,Q3,10:00,45,26,452,348000,subst,SUBST,Substitution in,14,362126,,,,,IN,
130879,30373-A-1,,USA,ARG,Q3,10:00,45,26,453,349000,periods,STARTP,Start of Period,,,,,,,,
130879,30373-A-1,,USA,ARG,Q3,9:53,45,26,455,351000,unknwown,TO,turnover; bad pass,14,409151,,,,,,
130879,30373-A-1,,USA,ARG,Q3,9:53,45,26,456,351001,unknwown,ST,steal,154,369232,,,,,,
130879,30373-A-1,,USA,ARG,Q3,9:47,45,26,457,352000,shot,P3,3pt jump shot missed,154,416446,False,3,21,88,,
130879,30373-A-1,,USA,ARG,Q3,9:41,45,26,458,352002,unknwown,REB,defensive rebound,14,409151,,,,,,
130879,30373-A-1,,USA,ARG,Q3,9:39,45,26,459,353000,shot,P2,"2PtsFG under the basket, layup missed",14,398746,False,2,123,21,,
130879,30373-A-1,,USA,ARG,Q3,9:39,45,26,460,353001,unknwown,BS,blocked the shot,154,416460,,,,,,
130879,30373-A-1,,USA,ARG,Q3,9:34,45,26,461,353002,unknwown,REB,defensive rebound,154,416446,,,,,,
130879,30373-A-1,,USA,ARG,Q3,9:31,45,26,462,354000,shot,P3,3pt jump shot missed,154,410523,False,3,242,130,,
130879,30373-A-1,,USA,ARG,Q3,9:28,45,26,463,354002,unknwown,REB,offensive rebound,154,416460,,,,,,
130879,30373-A-1,,USA,ARG,Q3,9:28,45,26,465,356000,unknwown,TO,turnover; bad pass,154,416460,,,,,,
130879,30373-A-1,,USA,ARG,Q3,9:07,45,26,467,358000,unknwown,TO,turnover; ball handling,14,362126,,,,,,
130879,30373-A-1,,USA,ARG,Q3,9:07,45,26,468,358001,unknwown,ST,steal,154,341544,,,,,,
130879,30373-A-1,,USA,ARG,Q3,8:48,45,26,469,359000,unknwown,TO,turnover; bad pass,154,369232,,,,,,
130879,30373-A-1,,USA,ARG,Q3,8:48,45,26,470,359001,unknwown,ST,steal,14,398746,,,,,,
130879,30373-A-1,,USA,ARG,Q3,8:43,45,29,471,360000,shot,P3,"3PtsFG outside right, points from fastbreak + after turnover, jump shot made",14,409151,True,3,261,96,,
130879,30373-A-1,,USA,ARG,Q3,8:43,45,29,472,360001,unknwown,ASS,made the assist,14,408870,,,,,,
130879,30373-A-1,,USA,ARG,Q3,8:25,45,29,473,361000,shot,P2,2pt jump shot missed,154,369232,False,2,109,86,,
130879,30373-A-1,,USA,ARG,Q3,8:20,45,29,474,361002,unknwown,REB,defensive rebound,14,409151,,,,,,
130879,30373-A-1,,USA,ARG,Q3,8:19,45,29,476,363000,unknwown,FOUL,personal foul,154,410523,,,,,,
130879,30373-A-1,,USA,ARG,Q3,8:19,45,29,477,363002,unknwown,RFOUL,foul drawn,14,409151,,,,,,
130879,30373-A-1,,USA,ARG,Q3,8:05,45,29,479,365000,shot,P3,3pt jump shot missed,14,408871,False,3,269,30,,
130879,30373-A-1,,USA,ARG,Q3,8:02,45,29,480,365002,unknwown,REB,defensive rebound,154,416446,,,,,,
130879,30373-A-1,,USA,ARG,Q3,8:00,48,29,481,366000,shot,P3,3pt jump shot from center made,154,416446,True,3,177,178,,
130879,30373-A-1,,USA,ARG,Q3,7:37,48,32,482,367000,shot,P3,3pt jump shot made,14,408870,True,3,63,151,,
130879,30373-A-1,,USA,ARG,Q3,7:37,48,32,483,367001,unknwown,ASS,made the assist,14,398746,,,,,,
130879,30373-A-1,,USA,ARG,Q3,7:20,50,32,484,368000,shot,P2,"2PtsFG under the basket, alley oop dunk made",154,416460,True,2,134,25,,
130879,30373-A-1,,USA,ARG,Q3,7:20,50,32,485,368001,unknwown,ASS,made the assist,154,369232,,,,,,
130879,30373-A-1,,USA,ARG,Q3,7:00,50,34,486,369000,shot,P2,"2PtsFG under the basket, hook shot made",14,409151,True,2,157,44,,
130879,30373-A-1,,USA,ARG,Q3,6:42,50,34,488,371000,unknwown,TO,turnover; ball handling,154,416460,,,,,,
130879,30373-A-1,,USA,ARG,Q3,6:42,50,34,489,372000,subst,SUBST,Substitution out,154,369232,,,,,OUT,
130879,30373-A-1,,USA,ARG,Q3,6:42,50,34,490,373000,subst,SUBST,Substitution out,154,416446,,,,,OUT,
130879,30373-A-1,,USA,ARG,Q3,6:42,50,34,491,374000,subst,SUBST,Substitution out,154,341544,,,,,OUT,
130879,30373-A-1,,USA,ARG,Q3,6:42,50,34,492,375000,subst,SUBST,Substitution out,154,416460,,,,,OUT,
130879,30373-A-1,,USA,ARG,Q3,6:42,50,34,493,376000,subst,SUBST,Substitution in,154,410526,,,,,IN,
130879,30373-A-1,,USA,ARG,Q3,6:42,50,34,494,377000,subst,SUBST,Substitution in,154,410509,,,,,IN,
130879,30373-A-1,,USA,ARG,Q3,6:42,50,34,495,378000,subst,SUBST,Substitution in,154,416558,,,,,IN,
130879,30373-A-1,,USA,ARG,Q3,6:42,50,34,496,379000,subst,SUBST,Substitution in,154,410530,,,,,IN,
130879,30373-A-1,,USA,ARG,Q3,6:27,50,34,500,383000,shot,P3,3pt step back jump shot missed,14,408870,False,3,236,132,,
130879,30373-A-1,,USA,ARG,Q3,6:24,50,34,501,383002,unknwown,REB,defensive rebound,154,416558,,,,,,
130879,30373-A-1,,USA,ARG,Q3,6:22,50,34,502,384000,unknwown,TO,turnover; bad pass,154,410526,,,,,,
130879,30373-A-1,,USA,ARG,Q3,6:22,50,34,503,384001,unknwown,ST,steal,14,398746,,,,,,
130879,30373-A-1,,USA,ARG,Q3,6:16,50,37,504,385000,shot,P3,"3PtsFG outside left, points from fastbreak + after turnover, jump shot made",14,409151,True,3,24,111,,
130879,30373-A-1,,USA,ARG,Q3,6:16,50,37,505,385001,unknwown,ASS,made the assist,14,398746,,,,,,
130879,30373-A-1,,USA,ARG,Q3,6:01,50,37,506,386000,shot,P3,3pt jump shot from center missed,154,410523,False,3,194,195,,
130879,30373-A-1,,USA,ARG,Q3,5:57,50,37,507,386002,unknwown,REB,offensive rebound,154,416558,,,,,,
130879,30373-A-1,,USA,ARG,Q3,5:57,50,37,508,387000,shot,P2,2PtsFG under the basket missed,154,416558,False,2,140,31,,
130879,30373-A-1,,USA,ARG,Q3,5:57,50,37,509,387002,unknwown,REB,defensive rebound,14,408870,,,,,,
130879,30373-A-1,,USA,ARG,Q3,5:45,50,37,510,388000,unknwown,TO,turnover; bad pass,14,398746,,,,,,
130879,30373-A-1,,USA,ARG,Q3,5:45,50,37,511,388001,unknwown,ST,steal,154,416558,,,,,,
130879,30373-A-1,,USA,ARG,Q3,5:43,50,37,513,390000,unknwown,FOUL,personal foul,14,408871,,,,,,
130879,30373-A-1,,USA,ARG,Q3,5:43,50,37,514,390002,unknwown,RFOUL,foul drawn,154,410526,,,,,,
130879,30373-A-1,,USA,ARG,Q3,5:43,50,37,515,391000,subst,SUBST,Substitution out,154,410523,,,,,OUT,
130879,30373-A-1,,USA,ARG,Q3,5:43,50,37,516,392000,subst,SUBST,Substitution in,154,416453,,,,,IN,
130879,30373-A-1,,USA,ARG,Q3,5:43,50,37,517,393000,subst,SUBST,Substitution out,14,398746,,,,,OUT,
130879,30373-A-1,,USA,ARG,Q3,5:43,50,37,518,394000,subst,SUBST,Substitution in,14,408872,,,,,IN,
130879,30373-A-1,,USA,ARG,Q3,5:43,50,37,519,395000,subst,SUBST,Substitution out,14,362126,,,,,OUT,
130879,30373-A-1,,USA,ARG,Q3,5:43,50,37,520,396000,subst,SUBST,Substitution in,14,387025,,,,,IN,
130879,30373-A-1,,USA,ARG,Q3,5:28,52,37,523,399000,shot,P2,"2PtsFG under the basket, points after turnover, pullup jump shot made",154,410530,True,2,147,29,,
130879,30373-A-1,,USA,ARG,Q3,5:28,52,37,524,399001,unknwown,ASS,made the assist,154,410509,,,,,,
130879,30373-A-1,,USA,ARG,Q3,5:28,52,37,525,400000,unknwown,FOUL,personal foul; 1 free throw awarded,14,387025,,,,,,
130879,30373-A-1,,USA,ARG,Q3,5:28,52,37,526,400002,unknwown,RFOUL,foul drawn,154,410530,,,,,,
130879,30373-A-1,,USA,ARG,Q3,5:28,53,37,527,401000,shot,FT,1st free throw made,154,410530,True,1,0,0,,
130879,30373-A-1,,USA,ARG,Q3,5:04,53,37,529,403000,shot,P2,"2PtsFG under the basket, driving layup missed",14,408871,False,2,162,31,,
130879,30373-A-1,,USA,ARG,Q3,5:01,53,37,530,403002,unknwown,REB,defensive rebound,154,410530,,,,,,
130879,30373-A-1,,USA,ARG,Q3,4:50,53,37,531,404000,unknwown,TO,turnover; ball handling,154,410526,,,,,,
130879,30373-A-1,,USA,ARG,Q3,4:50,53,37,532,404001,unknwown,ST,steal,14,387025,,,,,,
130879,30373-A-1,,USA,ARG,Q3,4:36,53,37,534,406000,unknwown,FOUL,offensive foul,14,408871,,,,,,
130879,30373-A-1,,USA,ARG,Q3,4:36,53,37,535,406001,unknwown,TO,turnover,14,408871,,,,,,
130879,30373-A-1,,USA,ARG,Q3,4:36,53,37,536,406002,unknwown,RFOUL,foul drawn,154,410526,,,,,,
130879,30373-A-1,,USA,ARG,Q3,4:36,53,37,537,407000,subst,SUBST,Substitution out,14,408871,,,,,OUT,
130879,30373-A-1,,USA,ARG,Q3,4:36,53,37,538,408000,subst,SUBST,Substitution out,14,408870,,,,,OUT,
130879,30373-A-1,,USA,ARG,Q3,4:36,53,37,539,409000,subst,SUBST,Substitution in,14,409023,,,,,IN,
130879,30373-A-1,,USA,ARG,Q3,4:36,53,37,540,410000,subst,SUBST,Substitution in,14,408857,,,,,IN,
130879,30373-A-1,,USA,ARG,Q3,4:18,53,37,542,412000,shot,P3,3pt jump shot missed,154,410530,False,3,36,148,,
130879,30373-A-1,,USA,ARG,Q3,4:15,53,37,543,412002,unknwown,REB,offensive rebound,154,416558,,,,,,
130879,30373-A-1,,USA,ARG,Q3,4:15,53,37,544,413000,shot,P2,"2PtsFG under the basket, points from second chance + after turnover, pullup jump shot missed",154,416558,False,2,158,33,,
130879,30373-A-1,,USA,ARG,Q3,4:11,53,37,545,413002,unknwown,REB,offensive rebound,154,416453,,,,,,
130879,30373-A-1,,USA,ARG,Q3,4:10,53,37,547,415000,unknwown,FOUL,personal foul; 2 free throws awarded,14,409151,,,,,,
130879,30373-A-1,,USA,ARG,Q3,4:10,53,37,548,415002,unknwown,RFOUL,foul drawn,154,416453,,,,,,
130879,30373-A-1,,USA,ARG,Q3,4:10,53,37,549,416000,shot,FT,1st of 2 free throws missed,154,416453,False,1,0,0,,
130879,30373-A-1,,USA,ARG,Q3,4:10,54,37,550,417000,shot,FT,2nd of 2 free throws made,154,416453,True,1,0,0,,
130879,30373-A-1,,USA,ARG,Q3,3:52,54,37,552,419000,shot,P3,3pt pullup jump shot missed,14,409151,False,3,41,124,,
130879,30373-A-1,,USA,ARG,Q3,3:48,54,37,553,419002,unknwown,REB,defensive rebound,154,416558,,,,,,
130879,30373-A-1,,USA,ARG,Q3,3:43,54,37,555,421000,shot,P2,"2PtsFG under the basket, hook shot missed",154,416558,False,2,127,37,,
130879,30373-A-1,,USA,ARG,Q3,3:43,54,37,557,421002,unknwown,REB,offensive rebound,154,416558,,,,,,
130879,30373-A-1,,USA,ARG,Q3,3:43,54,37,556,422000,unknwown,JS,jump ball situation; throw-in,154,,,,,,,
130879,30373-A-1,,USA,ARG,Q3,3:43,54,37,558,423000,subst,SUBST,Substitution out,14,409151,,,,,OUT,
130879,30373-A-1,,USA,ARG,Q3,3:43,54,37,559,424000,subst,SUBST,Substitution in,14,362126,,,,,IN,
130879,30373-A-1,,USA,ARG,Q3,3:40,54,37,562,427000,unknwown,FOUL,personal foul; 2 free throws awarded,14,408872,,,,,,
130879,30373-A-1,,USA,ARG,Q3,3:40,54,37,563,427002,unknwown,RFOUL,foul drawn,154,410509,,,,,,
130879,30373-A-1,,USA,ARG,Q3,3:40,54,37,564,428000,unknwown,FOUL,technical foul; 1 free throw awarded,154,410509,,,,,,
130879,30373-A-1,,USA,ARG,Q3,3:40,54,37,565,429000,shot,FT,1st free throw missed,14,408857,False,1,0,0,,
130879,30373-A-1,,USA,ARG,Q3,3:40,54,37,566,430000,shot,FT,1st of 2 free throws missed,154,410509,False,1,0,0,,
130879,30373-A-1,,USA,ARG,Q3,3:40,54,37,567,431000,shot,FT,2nd of 2 free throws missed,154,410509,False,1,0,0,,
130879,30373-A-1,,USA,ARG,Q3,3:40,54,37,569,431002,unknwown,REB,defensive rebound,14,387025,,,,,,
130879,30373-A-1,,USA,ARG,Q3,3:26,54,37,570,433000,shot,P3,3pt jump shot missed,14,387025,False,3,50,127,,
130879,30373-A-1,,USA,ARG,Q3,3:23,54,37,571,433002,unknwown,REB,defensive rebound,154,416558,,,,,,
130879,30373-A-1,,USA,ARG,Q3,3:13,56,37,572,434000,shot,P2,"2PtsFG under the basket, layup made",154,410526,True,2,118,32,,
130879,30373-A-1,,USA,ARG,Q3,3:13,56,37,573,434001,unknwown,ASS,made the assist,154,410530,,,,,,
130879,30373-A-1,,USA,ARG,Q3,2:56,56,37,574,435000,shot,P2,"2PtsFG under the basket, layup missed",14,362126,False,2,148,42,,
130879,30373-A-1,,USA,ARG,Q3,2:53,56,37,575,435002,unknwown,REB,defensive rebound,154,416558,,,,,,
130879,30373-A-1,,USA,ARG,Q3,2:44,58,37,576,436000,shot,P2,"2PtsFG under the basket, dunk made",154,410509,True,2,138,31,,
130879,30373-A-1,,USA,ARG,Q3,2:44,58,37,577,436001,unknwown,ASS,made the assist,154,410530,,,,,,
130879,30373-A-1,,USA,ARG,Q3,2:26,58,39,578,437000,shot,P2,2pt turnaround jump shot made,14,408857,True,2,148,56,,
130879,30373-A-1,,USA,ARG,Q3,2:18,58,39,580,439000,unknwown,FOUL,personal foul; 2 free throws awarded,14,408857,,,,,,
130879,30373-A-1,,USA,ARG,Q3,2:18,58,39,581,439002,unknwown,RFOUL,foul drawn,154,410526,,,,,,
130879,30373-A-1,,USA,ARG,Q3,2:18,58,39,582,440000,subst,SUBST,Substitution out,154,416453,,,,,OUT,
130879,30373-A-1,,USA,ARG,Q3,2:18,58,39,583,441000,subst,SUBST,Substitution out,154,410509,,,,,OUT,
130879,30373-A-1,,USA,ARG,Q3,2:18,58,39,584,442000,subst,SUBST,Substitution out,154,410530,,,,,OUT,
130879,30373-A-1,,USA,ARG,Q3,2:18,58,39,585,443000,subst,SUBST,Substitution in,154,416519,,,,,IN,
130879,30373-A-1,,USA,ARG,Q3,2:18,58,39,586,444000,subst,SUBST,Substitution in,154,416447,,,,,IN,
130879,30373-A-1,,USA,ARG,Q3,2:18,58,39,587,445000,subst,SUBST,Substitution in,154,416460,,,,,IN,
130879,30373-A-1,,USA,ARG,Q3,2:18,58,39,588,446000,subst,SUBST,Substitution out,14,408872,,,,,OUT,
130879,30373-A-1,,USA,ARG,Q3,2:18,58,39,589,447000,subst,SUBST,Substitution in,14,409162,,,,,IN,
130879,30373-A-1,,USA,ARG,Q3,2:18,58,39,590,448000,shot,FT,1st of 2 free throws missed,154,410526,False,1,0,0,,
130879,30373-A-1,,USA,ARG,Q3,2:18,59,39,591,449000,shot,FT,2nd of 2 free throws made,154,410526,True,1,0,0,,
130879,30373-A-1,,USA,ARG,Q3,2:18,59,39,592,450000,subst,SUBST,Substitution out,154,410526,,,,,OUT,
130879,30373-A-1,,USA,ARG,Q3,2:18,59,39,593,451000,subst,SUBST,Substitution in,154,416446,,,,,IN,
130879,30373-A-1,,USA,ARG,Q3,2:09,59,39,595,453000,shot,P3,3pt jump shot from center missed,14,408857,False,3,155,177,,
130879,30373-A-1,,USA,ARG,Q3,2:07,59,39,596,453002,unknwown,REB,defensive rebound,154,416558,,,,,,
130879,30373-A-1,,USA,ARG,Q3,1:48,59,39,597,454000,shot,P3,3pt jump shot from center missed,154,416447,False,3,75,188,,
130879,30373-A-1,,USA,ARG,Q3,1:45,59,39,598,454002,unknwown,TREB,team offensive rebound,154,,,,,,,
130879,30373-A-1,,USA,ARG,Q3,1:34,61,39,602,457000,shot,P2,"2PtsFG under the basket, driving layup made",154,416446,True,2,128,34,,
130879,30373-A-1,,USA,ARG,Q3,1:16,61,39,603,458000,shot,P3,3pt step back jump shot missed,14,408857,False,3,266,33,,
130879,30373-A-1,,USA,ARG,Q3,1:12,61,39,604,458002,unknwown,REB,defensive rebound,154,416558,,,,,,
130879,30373-A-1,,USA,ARG,Q3,1:11,61,39,606,460000,unknwown,FOUL,offensive foul,154,416460,,,,,,
130879,30373-A-1,,USA,ARG,Q3,1:11,61,39,607,460001,unknwown,TO,turnover,154,416460,,,,,,
130879,30373-A-1,,USA,ARG,Q3,1:11,61,39,608,460002,unknwown,RFOUL,foul drawn,14,387025,,,,,,
130879,30373-A-1,,USA,ARG,Q3,1:11,61,39,609,461000,subst,SUBST,Substitution out,154,416558,,,,,OUT,
130879,30373-A-1,,USA,ARG,Q3,1:11,61,39,610,462000,subst,SUBST,Substitution in,154,341544,,,,,IN,
130879,30373-A-1,,USA,ARG,Q3,1:11,61,39,611,463000,subst,SUBST,Substitution out,14,408857,,,,,OUT,
130879,30373-A-1,,USA,ARG,Q3,1:11,61,39,612,464000,subst,SUBST,Substitution in,14,408860,,,,,IN,
130879,30373-A-1,,USA,ARG,Q3,1:01,61,39,614,466000,shot,P2,2pt driving layup missed,14,408860,False,2,159,48,,
130879,30373-A-1,,USA,ARG,Q3,0:56,61,39,615,466002,unknwown,REB,offensive rebound,14,362126,,,,,,
130879,30373-A-1,,USA,ARG,Q3,0:56,61,39,616,467000,shot,P2,"2PtsFG under the basket, points from second chance + after turnover missed",14,362126,False,2,140,31,,
130879,30373-A-1,,USA,ARG,Q3,0:56,61,39,617,467002,unknwown,REB,defensive rebound,154,416460,,,,,,
130879,30373-A-1,,USA,ARG,Q3,0:47,61,39,618,468000,shot,P3,3pt jump shot missed,154,416446,False,3,211,147,,
130879,30373-A-1,,USA,ARG,Q3,0:43,61,39,619,468002,unknwown,REB,offensive rebound,154,416460,,,,,,
130879,30373-A-1,,USA,ARG,Q3,0:40,61,39,621,470000,unknwown,FOUL,personal foul; 2 free throws awarded,14,362126,,,,,,
130879,30373-A-1,,USA,ARG,Q3,0:40,61,39,622,470002,unknwown,RFOUL,foul drawn,154,416460,,,,,,
130879,30373-A-1,,USA,ARG,Q3,0:40,61,39,623,471000,shot,FT,1st of 2 free throws missed,154,416460,False,1,0,0,,
130879,30373-A-1,,USA,ARG,Q3,0:40,61,39,624,472000,shot,FT,2nd of 2 free throws missed,154,416460,False,1,0,0,,
130879,30373-A-1,,USA,ARG,Q3,0:40,61,39,625,472002,unknwown,TREB,team defensive rebound,14,,,,,,,
130879,30373-A-1,,USA,ARG,Q3,0:40,61,39,626,473000,unknwown,FOUL,personal foul,154,341544,,,,,,
130879,30373-A-1,,USA,ARG,Q3,0:40,61,39,627,473002,unknwown,RFOUL,foul drawn,14,362126,,,,,,
130879,30373-A-1,,USA,ARG,Q3,0:31,61,39,630,476000,unknwown,TO,turnover; ball handling,14,409162,,,,,,
130879,30373-A-1,,USA,ARG,Q3,0:11,63,39,632,478000,shot,P2,"2PtsFG under the basket, points after turnover, eurostep made",154,341544,True,2,135,38,,
130879,30373-A-1,,USA,ARG,Q3,0:06,63,39,634,480000,unknwown,FOUL,personal foul; 2 free throws awarded,154,416446,,,,,,
130879,30373-A-1,,USA,ARG,Q3,0:06,63,39,635,480002,unknwown,RFOUL,foul drawn,14,409023,,,,,,
130879,30373-A-1,,USA,ARG,Q3,0:00,63,40,642,487000,shot,FT,1st of 2 free throws made,14,409023,True,1,0,0,,
130879,30373-A-1,,USA,ARG,Q3,0:00,63,41,643,488000,shot,FT,2nd of 2 free throws made,14,409023,True,1,0,0,,
130879,30373-A-1,,USA,ARG,Q3,0:00,63,41,644,489000,shot,P3,"3PtsFG back court, jump shot missed",154,416519,False,3,115,71,,
130879,30373-A-1,,USA,ARG,Q3,0:00,63,41,647,492000,periods,ENDP,End of Period,,,,,,,,
130879,30373-A-1,,USA,ARG,Q4,10:00,63,41,648,493000,subst,SUBST,Substitution out,154,416519,,,,,OUT,
130879,30373-A-1,,USA,ARG,Q4,10:00,63,41,649,494000,subst,SUBST,Substitution out,154,416447,,,,,OUT,
130879,30373-A-1,,USA,ARG,Q4,10:00,63,41,650,495000,subst,SUBST,Substitution out,154,416460,,,,,OUT,
130879,30373-A-1,,USA,ARG,Q4,10:00,63,41,651,496000,subst,SUBST,Substitution in,154,369232,,,,,IN,
130879,30373-A-1,,USA,ARG,Q4,10:00,63,41,652,497000,subst,SUBST,Substitution in,154,410523,,,,,IN,
130879,30373-A-1,,USA,ARG,Q4,10:00,63,41,653,498000,subst,SUBST,Substitution in,154,410530,,,,,IN,
130879,30373-A-1,,USA,ARG,Q4,10:00,63,41,654,499000,subst,SUBST,Substitution out,14,387025,,,,,OUT,
130879,30373-A-1,,USA,ARG,Q4,10:00,63,41,655,500000,subst,SUBST,Substitution out,14,409023,,,,,OUT,
130879,30373-A-1,,USA,ARG,Q4,10:00,63,41,656,501000,subst,SUBST,Substitution out,14,409162,,,,,OUT,
130879,30373-A-1,,USA,ARG,Q4,10:00,63,41,657,502000,subst,SUBST,Substitution out,14,362126,,,,,OUT,
130879,30373-A-1,,USA,ARG,Q4,10:00,63,41,658,503000,subst,SUBST,Substitution in,14,409021,,,,,IN,
130879,30373-A-1,,USA,ARG,Q4,10:00,63,41,659,504000,subst,SUBST,Substitution in,14,408870,,,,,IN,
130879,30373-A-1,,USA,ARG,Q4,10:00,63,41,660,505000,subst,SUBST,Substitution in,14,398746,,,,,IN,
130879,30373-A-1,,USA,ARG,Q4,10:00,63,41,661,506000,subst,SUBST,Substitution in,14,409151,,,,,IN,
130879,30373-A-1,,USA,ARG,Q4,10:00,63,41,662,507000,periods,STARTP,Start of Period,,,,,,,,
130879,30373-A-1,,USA,ARG,Q4,9:49,63,41,671,516000,unknwown,FOUL,personal foul; 2 free throws awarded,154,416446,,,,,,
130879,30373-A-1,,USA,ARG,Q4,9:49,63,41,672,516002,unknwown,RFOUL,foul drawn,14,409021,,,,,,
130879,30373-A-1,,USA,ARG,Q4,9:49,63,42,673,517000,shot,FT,1st of 2 free throws made,14,409021,True,1,0,0,,
130879,30373-A-1,,USA,ARG,Q4,9:49,63,42,674,518000,shot,FT,2nd of 2 free throws missed,14,409021,False,1,0,0,,
130879,30373-A-1,,USA,ARG,Q4,9:49,63,42,676,518002,unknwown,REB,defensive rebound,154,416446,,,,,,
130879,30373-A-1,,USA,ARG,Q4,9:27,63,42,678,521000,shot,P2,"2PtsFG under the basket, pullup jump shot missed",154,410523,False,2,156,39,,
130879,30373-A-1,,USA,ARG,Q4,9:27,63,42,679,521002,unknwown,REB,defensive rebound,14,398746,,,,,,
130879,30373-A-1,,USA,ARG,Q4,9:27,63,42,680,522000,unknwown,FOUL,personal foul,154,410523,,,,,,
130879,30373-A-1,,USA,ARG,Q4,9:27,63,42,681,522002,unknwown,RFOUL,foul drawn,14,398746,,,,,,
130879,30373-A-1,,USA,ARG,Q4,9:12,63,42,685,526000,shot,P2,"2PtsFG under the basket, reverse lay-up missed",14,409021,False,2,132,24,,
130879,30373-A-1,,USA,ARG,Q4,9:11,63,42,687,526002,unknwown,REB,offensive rebound,14,409021,,,,,,
130879,30373-A-1,,USA,ARG,Q4,9:11,63,44,688,528000,shot,P2,"2PtsFG under the basket, pullup jump shot made",14,409021,True,2,153,30,,
130879,30373-A-1,,USA,ARG,Q4,9:11,63,44,689,529000,unknwown,FOUL,personal foul; 1 free throw awarded,154,341544,,,,,,
130879,30373-A-1,,USA,ARG,Q4,9:11,63,44,690,529002,unknwown,RFOUL,foul drawn,14,409021,,,,,,
130879,30373-A-1,,USA,ARG,Q4,9:11,63,45,691,530000,shot,FT,free throw made,14,409021,True,1,0,0,,
130879,30373-A-1,,USA,ARG,Q4,9:00,63,45,693,532000,shot,P3,3pt jump shot from center missed,154,410523,False,3,132,172,,
130879,30373-A-1,,USA,ARG,Q4,8:55,63,45,694,532002,unknwown,REB,defensive rebound,14,408870,,,,,,
130879,30373-A-1,,USA,ARG,Q4,8:38,63,45,695,533000,shot,P2,2pt pullup jump shot missed,14,398746,False,2,132,77,,
130879,30373-A-1,,USA,ARG,Q4,8:34,63,45,696,533002,unknwown,REB,defensive rebound,154,410530,,,,,,
130879,30373-A-1,,USA,ARG,Q4,8:29,63,45,697,534000,shot,P3,3pt jump shot missed,154,410523,False,3,10,16,,
130879,30373-A-1,,USA,ARG,Q4,8:26,63,45,698,534002,unknwown,REB,defensive rebound,14,409021,,,,,,
130879,30373-A-1,,USA,ARG,Q4,8:26,63,45,700,536000,unknwown,FOUL,personal foul,154,410530,,,,,,
130879,30373-A-1,,USA,ARG,Q4,8:26,63,45,701,536002,unknwown,RFOUL,foul drawn,14,408860,,,,,,
130879,30373-A-1,,USA,ARG,Q4,8:19,63,47,703,538000,shot,P2,"2PtsFG under the basket, driving layup made",14,408870,True,2,157,34,,
130879,30373-A-1,,USA,ARG,Q4,8:04,63,47,705,540000,unknwown,FOUL,personal foul; 2 free throws awarded,14,409021,,,,,,
130879,30373-A-1,,USA,ARG,Q4,8:04,63,47,706,540002,unknwown,RFOUL,foul drawn,154,410530,,,,,,
130879,30373-A-1,,USA,ARG,Q4,8:04,63,47,707,541000,subst,SUBST,Substitution out,14,409151,,,,,OUT,
130879,30373-A-1,,USA,ARG,Q4,8:04,63,47,708,542000,subst,SUBST,Substitution in,14,408872,,,,,IN,
130879,30373-A-1,,USA,ARG,Q4,8:04,64,47,709,543000,shot,FT,1st of 2 free throws made,154,410530,True,1,0,0,,
130879,30373-A-1,,USA,ARG,Q4,8:04,64,47,710,543001,unknwown,ASS,made the assist,154,369232,,,,,,
130879,30373-A-1,,USA,ARG,Q4,8:04,65,47,711,544000,shot,FT,2nd of 2 free throws made,154,410530,True,1,0,0,,
130879,30373-A-1,,USA,ARG,Q4,7:56,65,47,717,550000,shot,P2,"2PtsFG under the basket, pullup jump shot missed",14,408870,False,2,152,47,,
130879,30373-A-1,,USA,ARG,Q4,7:56,65,47,718,550001,unknwown,BS,blocked the shot,154,416446,,,,,,
130879,30373-A-1,,USA,ARG,Q4,7:51,65,47,719,550002,unknwown,REB,offensive rebound,14,408870,,,,,,
130879,30373-A-1,,USA,ARG,Q4,7:47,65,47,720,551000,shot,P3,3pt jump shot missed,14,408860,False,3,28,110,,
130879,30373-A-1,,USA,ARG,Q4,7:43,65,47,721,551002,unknwown,REB,defensive rebound,154,416446,,,,,,
130879,30373-A-1,,USA,ARG,Q4,7:42,65,47,723,553000,unknwown,FOUL,personal foul,14,409021,,,,,,
130879,30373-A-1,,USA,ARG,Q4,7:42,65,47,724,553002,unknwown,RFOUL,foul drawn,154,416446,,,,,,
130879,30373-A-1,,USA,ARG,Q4,7:28,67,47,728,557000,shot,P2,"2PtsFG under the basket, driving layup made",154,369232,True,2,117,34,,
130879,30373-A-1,,USA,ARG,Q4,7:28,67,47,729,557001,unknwown,ASS,made the assist,154,410530,,,,,,
130879,30373-A-1,,USA,ARG,Q4,7:14,67,49,730,558000,shot,P2,"2PtsFG inside center, jump shot made",14,408870,True,2,173,109,,
130879,30373-A-1,,USA,ARG,Q4,6:58,69,49,731,559000,shot,P2,"2PtsFG under the basket, layup made",154,341544,True,2,124,46,,
130879,30373-A-1,,USA,ARG,Q4,6:58,69,49,732,559001,unknwown,ASS,made the assist,154,369232,,,,,,
130879,30373-A-1,,USA,ARG,Q4,6:40,69,49,733,560000,shot,P2,"2PtsFG under the basket, hook shot missed",14,409021,False,2,138,48,,
130879,30373-A-1,,USA,ARG,Q4,6:37,69,49,734,560002,unknwown,REB,defensive rebound,154,410523,,,,,,
130879,30373-A-1,,USA,ARG,Q4,6:19,69,49,736,562000,unknwown,FOUL,personal foul; 2 free throws awarded,14,409021,,,,,,
130879,30373-A-1,,USA,ARG,Q4,6:19,69,49,737,562002,unknwown,RFOUL,foul drawn,154,410530,,,,,,
130879,30373-A-1,,USA,ARG,Q4,6:19,69,49,738,563000,subst,SUBST,Substitution out,154,369232,,,,,OUT,
130879,30373-A-1,,USA,ARG,Q4,6:19,69,49,739,564000,subst,SUBST,Substitution out,154,410523,,,,,OUT,
130879,30373-A-1,,USA,ARG,Q4,6:19,69,49,740,565000,subst,SUBST,Substitution in,154,410526,,,,,IN,
130879,30373-A-1,,USA,ARG,Q4,6:19,69,49,741,566000,subst,SUBST,Substitution in,154,416558,,,,,IN,
130879,30373-A-1,,USA,ARG,Q4,6:19,70,49,742,567000,shot,FT,1st of 2 free throws made,154,410530,True,1,0,0,,
130879,30373-A-1,,USA,ARG,Q4,6:19,70,49,743,567001,unknwown,ASS,made the assist,154,341544,,,,,,
130879,30373-A-1,,USA,ARG,Q4,6:19,71,49,744,568000,shot,FT,2nd of 2 free throws made,154,410530,True,1,0,0,,
130879,30373-A-1,,USA,ARG,Q4,6:19,71,49,745,569000,subst,SUBST,Substitution out,154,410530,,,,,OUT,
130879,30373-A-1,,USA,ARG,Q4,6:19,71,49,746,570000,subst,SUBST,Substitution in,154,416447,,,,,IN,
130879,30373-A-1,,USA,ARG,Q4,6:10,71,49,749,573000,unknwown,TO,turnover; bad pass,14,398746,,,,,,
130879,30373-A-1,,USA,ARG,Q4,6:10,71,49,750,574000,subst,SUBST,Substitution out,14,408860,,,,,OUT,
130879,30373-A-1,,USA,ARG,Q4,6:10,71,49,751,575000,subst,SUBST,Substitution in,14,408857,,,,,IN,
130879,30373-A-1,,USA,ARG,Q4,5:47,71,49,753,577000,shot,P2,2pt step back jump shot missed,154,416446,False,2,209,64,,
130879,30373-A-1,,USA,ARG,Q4,5:43,71,49,754,577002,unknwown,REB,defensive rebound,14,408857,,,,,,
130879,30373-A-1,,USA,ARG,Q4,5:37,71,49,755,578000,shot,P3,3pt jump shot missed,14,408857,False,3,67,149,,
130879,30373-A-1,,USA,ARG,Q4,5:34,71,49,756,578002,unknwown,REB,defensive rebound,154,416447,,,,,,
130879,30373-A-1,,USA,ARG,Q4,5:23,73,49,757,579000,shot,P2,"2PtsFG under the basket, layup made",154,410526,True,2,155,23,,
130879,30373-A-1,,USA,ARG,Q4,5:23,73,49,758,579001,unknwown,ASS,made the assist,154,341544,,,,,,
130879,30373-A-1,,USA,ARG,Q4,5:04,73,49,759,580000,shot,P2,2pt driving layup missed,14,398746,False,2,168,53,,
130879,30373-A-1,,USA,ARG,Q4,5:04,73,49,760,580001,unknwown,BS,blocked the shot,154,416447,,,,,,
130879,30373-A-1,,USA,ARG,Q4,5:00,73,49,761,580002,unknwown,REB,defensive rebound,154,410526,,,,,,
130879,30373-A-1,,USA,ARG,Q4,4:58,75,49,762,581000,shot,P2,"2PtsFG under the basket, fast break, layup made",154,416558,True,2,126,38,,
130879,30373-A-1,,USA,ARG,Q4,4:58,75,49,763,581001,unknwown,ASS,made the assist,154,410526,,,,,,
130879,30373-A-1,,USA,ARG,Q4,4:53,75,49,765,583000,subst,SUBST,Substitution out,154,416446,,,,,OUT,
130879,30373-A-1,,USA,ARG,Q4,4:53,75,49,766,584000,subst,SUBST,Substitution out,154,341544,,,,,OUT,
130879,30373-A-1,,USA,ARG,Q4,4:53,75,49,767,585000,subst,SUBST,Substitution in,154,410509,,,,,IN,
130879,30373-A-1,,USA,ARG,Q4,4:53,75,49,768,586000,subst,SUBST,Substitution in,154,416460,,,,,IN,
130879,30373-A-1,,USA,ARG,Q4,4:53,75,49,769,587000,subst,SUBST,Substitution out,14,409021,,,,,OUT,
130879,30373-A-1,,USA,ARG,Q4,4:53,75,49,770,588000,subst,SUBST,Substitution out,14,398746,,,,,OUT,
130879,30373-A-1,,USA,ARG,Q4,4:53,75,49,771,589000,subst,SUBST,Substitution in,14,409162,,,,,IN,
130879,30373-A-1,,USA,ARG,Q4,4:53,75,49,772,590000,subst,SUBST,Substitution in,14,362126,,,,,IN,
130879,30373-A-1,,USA,ARG,Q4,4:38,75,49,776,594000,unknwown,TO,turnover; bad pass,14,408870,,,,,,
130879,30373-A-1,,USA,ARG,Q4,4:38,75,49,777,594001,unknwown,ST,steal,154,410509,,,,,,
130879,30373-A-1,,USA,ARG,Q4,4:27,75,49,779,596000,unknwown,FOUL,personal foul,14,409162,,,,,,
130879,30373-A-1,,USA,ARG,Q4,4:27,75,49,780,596002,unknwown,RFOUL,foul drawn,154,416460,,,,,,
130879,30373-A-1,,USA,ARG,Q4,4:19,75,49,782,598000,shot,P2,2pt driving layup missed,154,410526,False,2,112,33,,
130879,30373-A-1,,USA,ARG,Q4,4:16,75,49,783,598002,unknwown,REB,defensive rebound,14,362126,,,,,,
130879,30373-A-1,,USA,ARG,Q4,4:07,75,49,784,599000,shot,P3,3pt jump shot missed,14,408872,False,3,9,11,,
130879,30373-A-1,,USA,ARG,Q4,4:05,75,49,785,599002,unknwown,REB,defensive rebound,154,416447,,,,,,
130879,30373-A-1,,USA,ARG,Q4,3:54,75,49,789,603000,subst,SUBST,Substitution out,14,408870,,,,,OUT,
130879,30373-A-1,,USA,ARG,Q4,3:54,75,49,790,604000,subst,SUBST,Substitution in,14,409023,,,,,IN,
130879,30373-A-1,,USA,ARG,Q4,3:48,75,49,792,606000,shot,P3,3pt jump shot missed,154,410526,False,3,40,141,,
130879,30373-A-1,,USA,ARG,Q4,3:44,75,49,793,606002,unknwown,REB,offensive rebound,154,416558,,,,,,
130879,30373-A-1,,USA,ARG,Q4,3:42,77,49,794,607000,shot,P2,"2PtsFG under the basket, dunk made",154,416447,True,2,138,28,,
130879,30373-A-1,,USA,ARG,Q4,3:42,77,49,795,607001,unknwown,ASS,made the assist,154,416558,,,,,,
130879,30373-A-1,,USA,ARG,Q4,3:25,77,51,796,608000,shot,P2,"2PtsFG under the basket, pullup jump shot made",14,362126,True,2,136,49,,
130879,30373-A-1,,USA,ARG,Q4,3:25,77,51,797,608001,unknwown,ASS,made the assist,14,408857,,,,,,
130879,30373-A-1,,USA,ARG,Q4,3:12,77,51,798,609000,shot,P3,3pt jump shot from center missed,154,416558,False,3,152,173,,
130879,30373-A-1,,USA,ARG,Q4,3:05,77,51,799,609002,unknwown,TREB,team defensive rebound,14,,,,,,,
130879,30373-A-1,,USA,ARG,Q4,3:05,77,51,801,611000,unknwown,FOUL,personal foul; 2 free throws awarded,154,416460,,,,,,
130879,30373-A-1,,USA,ARG,Q4,3:05,77,51,802,611002,unknwown,RFOUL,foul drawn,14,362126,,,,,,
130879,30373-A-1,,USA,ARG,Q4,3:05,77,51,803,612000,subst,SUBST,Substitution out,154,416558,,,,,OUT,
130879,30373-A-1,,USA,ARG,Q4,3:05,77,51,804,613000,subst,SUBST,Substitution out,154,416447,,,,,OUT,
130879,30373-A-1,,USA,ARG,Q4,3:05,77,51,805,614000,subst,SUBST,Substitution in,154,416453,,,,,IN,
130879,30373-A-1,,USA,ARG,Q4,3:05,77,51,806,615000,subst,SUBST,Substitution in,154,416519,,,,,IN,
130879,30373-A-1,,USA,ARG,Q4,3:05,77,51,807,616000,shot,FT,1st of 2 free throws missed,14,362126,False,1,0,0,,
130879,30373-A-1,,USA,ARG,Q4,3:05,77,52,808,617000,shot,FT,2nd of 2 free throws made,14,362126,True,1,0,0,,
130879,30373-A-1,,USA,ARG,Q4,3:05,77,52,810,619000,shot,P3,3pt jump shot missed,154,410509,False,3,267,22,,
130879,30373-A-1,,USA,ARG,Q4,3:02,77,52,811,619002,unknwown,REB,offensive rebound,154,416460,,,,,,
130879,30373-A-1,,USA,ARG,Q4,3:01,77,52,812,620000,unknwown,TO,turnover; bad pass,154,416460,,,,,,
130879,30373-A-1,,USA,ARG,Q4,3:01,77,52,813,620001,unknwown,ST,steal,14,362126,,,,,,
130879,30373-A-1,,USA,ARG,Q4,2:57,77,52,814,621000,unknwown,TO,turnover; bad pass,14,408872,,,,,,
130879,30373-A-1,,USA,ARG,Q4,2:57,77,52,815,621001,unknwown,ST,steal,154,416453,,,,,,
130879,30373-A-1,,USA,ARG,Q4,2:47,77,52,816,622000,shot,P3,3pt jump shot missed,154,416519,False,3,270,25,,
130879,30373-A-1,,USA,ARG,Q4,2:44,77,52,817,622002,unknwown,REB,offensive rebound,154,416460,,,,,,
130879,30373-A-1,,USA,ARG,Q4,2:40,77,52,822,626000,unknwown,FOUL,personal foul; 2 free throws awarded,14,408857,,,,,,
130879,30373-A-1,,USA,ARG,Q4,2:40,77,52,823,626002,unknwown,RFOUL,foul drawn,154,416460,,,,,,
130879,30373-A-1,,USA,ARG,Q4,2:40,77,52,824,627000,unknwown,FOUL,technical foul; 1 free throw awarded,154,416460,,,,,,
130879,30373-A-1,,USA,ARG,Q4,2:40,77,52,825,628000,shot,FT,1st free throw missed,14,409023,False,1,0,0,,
130879,30373-A-1,,USA,ARG,Q4,2:40,77,52,826,629000,subst,SUBST,Substitution out,154,410509,,,,,OUT,
130879,30373-A-1,,USA,ARG,Q4,2:40,77,52,827,630000,subst,SUBST,Substitution in,154,416447,,,,,IN,
130879,30373-A-1,,USA,ARG,Q4,2:40,77,52,828,631000,shot,FT,1st of 2 free throws missed,154,416460,False,1,0,0,,
130879,30373-A-1,,USA,ARG,Q4,2:40,77,52,829,632000,subst,SUBST,Substitution out,14,362126,,,,,OUT,
130879,30373-A-1,,USA,ARG,Q4,2:40,77,52,830,633000,subst,SUBST,Substitution in,14,409021,,,,,IN,
130879,30373-A-1,,USA,ARG,Q4,2:40,78,52,831,634000,shot,FT,2nd of 2 free throws made,154,416460,True,1,0,0,,
130879,30373-A-1,,USA,ARG,Q4,2:40,78,52,832,635000,subst,SUBST,Substitution out,154,416460,,,,,OUT,
130879,30373-A-1,,USA,ARG,Q4,2:40,78,52,833,636000,subst,SUBST,Substitution in,154,410530,,,,,IN,
130879,30373-A-1,,USA,ARG,Q4,2:28,78,54,835,638000,shot,P2,"2PtsFG under the basket, driving layup made",14,408857,True,2,123,30,,
130879,30373-A-1,,USA,ARG,Q4,2:16,78,54,837,640000,subst,SUBST,Substitution out,14,408872,,,,,OUT,
130879,30373-A-1,,USA,ARG,Q4,2:16,78,54,838,641000,subst,SUBST,Substitution out,14,409162,,,,,OUT,
130879,30373-A-1,,USA,ARG,Q4,2:16,78,54,839,642000,subst,SUBST,Substitution in,14,387025,,,,,IN,
130879,30373-A-1,,USA,ARG,Q4,2:16,78,54,840,643000,subst,SUBST,Substitution in,14,408871,,,,,IN,
130879,30373-A-1,,USA,ARG,Q4,2:16,80,54,842,645000,shot,P2,"2PtsFG under the basket, driving layup made",154,416453,True,2,163,32,,
130879,30373-A-1,,USA,ARG,Q4,2:00,80,54,843,646000,unknwown,TO,turnover; ball handling,14,408857,,,,,,
130879,30373-A-1,,USA,ARG,Q4,2:00,80,54,844,646001,unknwown,ST,steal,154,416447,,,,,,
130879,30373-A-1,,USA,ARG,Q4,1:51,80,54,845,647000,shot,P2,"2PtsFG under the basket, points after turnover, reverse lay-up missed",154,416519,False,2,157,40,,
130879,30373-A-1,,USA,ARG,Q4,1:51,80,54,846,647001,unknwown,BS,blocked the shot,14,409023,,,,,,
130879,30373-A-1,,USA,ARG,Q4,1:47,80,54,847,647002,unknwown,REB,offensive rebound,154,410530,,,,,,
130879,30373-A-1,,USA,ARG,Q4,1:45,82,54,848,648000,shot,P2,"2PtsFG under the basket, points from second chance + after turnover, pullup jump shot made",154,410530,True,2,153,37,,
130879,30373-A-1,,USA,ARG,Q4,1:41,82,54,849,649000,unknwown,FOUL,personal foul; 1 free throw awarded,14,387025,,,,,,
130879,30373-A-1,,USA,ARG,Q4,1:41,82,54,851,649002,unknwown,RFOUL,foul drawn,154,410530,,,,,,
130879,30373-A-1,,USA,ARG,Q4,1:40,83,54,852,651000,shot,FT,1st of 1 free throw made,154,410530,True,1,0,0,,
130879,30373-A-1,,USA,ARG,Q4,1:31,83,56,857,656000,shot,P2,"2PtsFG under the basket, driving layup made",14,409023,True,2,151,33,,
130879,30373-A-1,,USA,ARG,Q4,1:21,83,56,859,658000,unknwown,TO,turnover; ball handling,154,410526,,,,,,
130879,30373-A-1,,USA,ARG,Q4,1:21,83,56,860,658001,unknwown,ST,steal,14,408857,,,,,,
130879,30373-A-1,,USA,ARG,Q4,1:15,83,56,861,659000,unknwown,TO,turnover; bad pass,14,408857,,,,,,
130879,30373-A-1,,USA,ARG,Q4,1:15,83,56,862,659001,unknwown,ST,steal,154,416453,,,,,,
130879,30373-A-1,,USA,ARG,Q4,1:10,85,56,863,660000,shot,P2,"2PtsFG under the basket, points after turnover, layup made",154,410530,True,2,152,32,,
130879,30373-A-1,,USA,ARG,Q4,0:56,85,56,865,662000,unknwown,TO,turnover; ball handling,14,409021,,,,,,
130879,30373-A-1,,USA,ARG,Q4,0:54,85,56,868,665000,unknwown,FOUL,personal foul; 2 free throws awarded,14,408857,,,,,,
130879,30373-A-1,,USA,ARG,Q4,0:54,85,56,869,665002,unknwown,RFOUL,foul drawn,154,410526,,,,,,
130879,30373-A-1,,USA,ARG,Q4,0:54,85,56,870,666000,subst,SUBST,Substitution out,14,408857,,,,,OUT,
130879,30373-A-1,,USA,ARG,Q4,0:54,85,56,871,667000,subst,SUBST,Substitution in,14,408870,,,,,IN,
130879,30373-A-1,,USA,ARG,Q4,0:54,86,56,872,668000,shot,FT,Free throw made 1 of 2,154,410526,True,1,0,0,,
130879,30373-A-1,,USA,ARG,Q4,0:54,87,56,873,669000,shot,FT,Free throw made 2 of 2,154,410526,True,1,0,0,,
130879,30373-A-1,,USA,ARG,Q4,0:33,87,56,875,671000,shot,P3,3pt jump shot missed,14,409023,False,3,73,163,,
130879,30373-A-1,,USA,ARG,Q4,0:31,87,56,876,671002,unknwown,REB,defensive rebound,154,410526,,,,,,
130879,30373-A-1,,USA,ARG,Q4,0:24,87,56,881,676000,shot,P3,3pt jump shot missed,154,416447,False,3,4,43,,
130879,30373-A-1,,USA,ARG,Q4,0:19,87,56,882,676002,unknwown,REB,defensive rebound,14,387025,,,,,,
130879,30373-A-1,,USA,ARG,Q4,0:18,87,58,883,677000,shot,P2,"2PtsFG under the basket, fast break, layup made",14,408871,True,2,159,31,,
130879,30373-A-1,,USA,ARG,Q4,0:18,87,58,884,677001,unknwown,ASS,made the assist,14,387025,,,,,,
130879,30373-A-1,,USA,ARG,Q4,0:07,87,58,890,683000,unknwown,FOUL,personal foul; 2 free throws awarded,14,409023,,,,,,
130879,30373-A-1,,USA,ARG,Q4,0:07,87,58,891,683002,unknwown,RFOUL,foul drawn,154,416453,,,,,,
130879,30373-A-1,,USA,ARG,Q4,0:07,88,58,892,684000,shot,FT,1st of 2 free throws made,154,416453,True,1,0,0,,
130879,30373-A-1,,USA,ARG,Q4,0:07,88,58,893,685000,shot,FT,2nd of 2 free throws missed,154,416453,False,1,0,0,,
130879,30373-A-1,,USA,ARG,Q4,0:07,88,58,895,685002,unknwown,REB,defensive rebound,14,387025,,,,,,
130879,30373-A-1,,USA,ARG,Q4,0:01,88,58,901,692000,shot,P3,3pt jump shot missed,14,408871,False,3,275,28,,
130879,30373-A-1,,USA,ARG,Q4,0:01,88,58,902,692002,unknwown,REB,defensive rebound,154,410526,,,,,,
130879,30373-A-1,,USA,ARG,Q4,0:00,88,58,907,697000,periods,ENDP,End of Period,,,,,,,,
130879,30373-A-1,,USA,ARG,Q4,0:00,88,58,908,698000,periods,ENDG,End of Game,,,,,,,,
130877,30373-A-2,,BRA,MEX,Q1,10:00,0,0,1,1000,periods,STARTG,Start of Game,,,,,,,,
130877,30373-A-2,,BRA,MEX,Q1,10:00,0,0,2,2000,periods,STARTP,Start of Period,,,,,,,,
130877,30373-A-2,,BRA,MEX,Q1,10:00,0,0,4,4000,unknwown,JS,jump ball situation; throw-in,,,,,,,,
130877,30373-A-2,,BRA,MEX,Q1,9:58,0,0,5,4001,unknwown,JB,jump ball won,27,393861,,,,,,
130877,30373-A-2,,BRA,MEX,Q1,9:58,0,0,6,4002,unknwown,JB,jump ball lost,104,369235,,,,,,
130877,30373-A-2,,BRA,MEX,Q1,9:55,2,0,7,5000,shot,P2,"2PtsFG under the basket, fast break, layup made",27,330039,True,2,151,35,,
130877,30373-A-2,,BRA,MEX,Q1,9:55,2,0,8,5001,unknwown,ASS,made the assist,27,330047,,,,,,
130877,30373-A-2,,BRA,MEX,Q1,9:37,2,0,9,6000,shot,P2,2pt fadeaway jump shot missed,104,369235,False,2,214,38,,
130877,30373-A-2,,BRA,MEX,Q1,9:34,2,0,10,6002,unknwown,REB,defensive rebound,27,393861,,,,,,
130877,30373-A-2,,BRA,MEX,Q1,9:28,5,0,11,7000,shot,P3,3pt jump shot made,27,330047,True,3,7,32,,
130877,30373-A-2,,BRA,MEX,Q1,9:28,5,0,12,7001,unknwown,ASS,made the assist,27,330039,,,,,,
130877,30373-A-2,,BRA,MEX,Q1,9:12,5,0,13,8000,shot,P3,3pt jump shot missed,104,377100,False,3,14,84,,
130877,30373-A-2,,BRA,MEX,Q1,9:08,5,0,14,8002,unknwown,REB,defensive rebound,27,330047,,,,,,
130877,30373-A-2,,BRA,MEX,Q1,9:04,5,0,16,10000,unknwown,TO,turnover; bad pass,27,405101,,,,,,
130877,30373-A-2,,BRA,MEX,Q1,8:45,5,2,18,12000,shot,P2,"2PtsFG under the basket, points after turnover, layup made",104,369235,True,2,138,37,,
130877,30373-A-2,,BRA,MEX,Q1,8:45,5,2,19,12001,unknwown,ASS,made the assist,104,416129,,,,,,
130877,30373-A-2,,BRA,MEX,Q1,8:30,5,2,20,13000,shot,P2,2pt driving layup missed,27,330047,False,2,127,49,,
130877,30373-A-2,,BRA,MEX,Q1,8:28,5,2,22,13002,unknwown,REB,offensive rebound,27,393861,,,,,,
130877,30373-A-2,,BRA,MEX,Q1,8:27,5,2,25,17000,unknwown,FOUL,personal foul,104,416129,,,,,,
130877,30373-A-2,,BRA,MEX,Q1,8:27,5,2,26,17002,unknwown,RFOUL,foul drawn,27,393861,,,,,,
130877,30373-A-2,,BRA,MEX,Q1,8:17,5,2,28,19000,shot,P2,2pt hook shot missed,27,393861,False,2,145,50,,
130877,30373-A-2,,BRA,MEX,Q1,8:14,5,2,29,19002,unknwown,REB,offensive rebound,27,405101,,,,,,
130877,30373-A-2,,BRA,MEX,Q1,8:13,7,2,30,20000,shot,P2,"2PtsFG under the basket, layup made",27,405101,True,2,136,40,,
130877,30373-A-2,,BRA,MEX,Q1,8:03,7,4,31,21000,shot,P2,"2PtsFG under the basket, layup made",104,377234,True,2,144,34,,
130877,30373-A-2,,BRA,MEX,Q1,8:03,7,4,32,21001,unknwown,ASS,made the assist,104,369235,,,,,,
130877,30373-A-2,,BRA,MEX,Q1,7:49,7,4,33,22000,shot,P3,3pt jump shot from center missed,27,330039,False,3,119,180,,
130877,30373-A-2,,BRA,MEX,Q1,7:47,7,4,34,22002,unknwown,REB,offensive rebound,27,393861,,,,,,
130877,30373-A-2,,BRA,MEX,Q1,7:37,7,4,36,24000,unknwown,FOUL,personal foul; 2 free throws awarded,104,377234,,,,,,
130877,30373-A-2,,BRA,MEX,Q1,7:37,7,4,37,24002,unknwown,RFOUL,foul drawn,27,330047,,,,,,
130877,30373-A-2,,BRA,MEX,Q1,7:37,8,4,38,25000,shot,FT,1st of 2 free throws made,27,330047,True,1,0,0,,
130877,30373-A-2,,BRA,MEX,Q1,7:37,8,4,39,25001,unknwown,ASS,made the assist,27,405101,,,,,,
130877,30373-A-2,,BRA,MEX,Q1,7:37,8,4,40,26000,shot,FT,2nd of 2 free throws missed,27,330047,False,1,0,0,,
130877,30373-A-2,,BRA,MEX,Q1,7:36,8,4,42,26002,unknwown,REB,offensive rebound,27,331414,,,,,,
130877,30373-A-2,,BRA,MEX,Q1,7:29,8,4,43,28000,shot,P3,3pt jump shot missed,27,405101,False,3,20,120,,
130877,30373-A-2,,BRA,MEX,Q1,7:28,8,4,45,28002,unknwown,TREB,team offensive rebound,27,,,,,,,
130877,30373-A-2,,BRA,MEX,Q1,7:21,10,4,47,31000,shot,P2,"2PtsFG under the basket, driving layup made",27,330039,True,2,152,30,,
130877,30373-A-2,,BRA,MEX,Q1,7:02,10,4,48,32000,shot,P2,2pt jump shot missed,104,377234,False,2,182,104,,
130877,30373-A-2,,BRA,MEX,Q1,7:01,10,4,50,32002,unknwown,REB,defensive rebound,27,393861,,,,,,
130877,30373-A-2,,BRA,MEX,Q1,7:01,10,4,51,34000,unknwown,FOUL,personal foul,104,417033,,,,,,
130877,30373-A-2,,BRA,MEX,Q1,7:01,10,4,52,34002,unknwown,RFOUL,foul drawn,27,393861,,,,,,
130877,30373-A-2,,BRA,MEX,Q1,6:47,10,4,54,36000,shot,P3,3pt jump shot missed,27,331414,False,3,269,43,,
130877,30373-A-2,,BRA,MEX,Q1,6:45,10,4,55,36002,unknwown,REB,offensive rebound,27,330047,,,,,,
130877,30373-A-2,,BRA,MEX,Q1,6:32,10,4,56,37000,shot,P3,3pt jump shot missed,27,405101,False,3,188,164,,
130877,30373-A-2,,BRA,MEX,Q1,6:30,10,4,57,37002,unknwown,REB,defensive rebound,104,377234,,,,,,
130877,30373-A-2,,BRA,MEX,Q1,6:21,10,6,58,38000,shot,P2,"2PtsFG inside center, jump shot made",104,417033,True,2,146,113,,
130877,30373-A-2,,BRA,MEX,Q1,6:04,10,6,59,39000,shot,P3,3pt jump shot missed,27,330039,False,3,205,161,,
130877,30373-A-2,,BRA,MEX,Q1,6:02,10,6,61,39002,unknwown,TREB,team offensive rebound,27,,,,,,,
130877,30373-A-2,,BRA,MEX,Q1,5:57,13,6,65,44000,shot,P3,3pt jump shot made,27,405101,True,3,40,116,,
130877,30373-A-2,,BRA,MEX,Q1,5:57,13,6,66,44001,unknwown,ASS,made the assist,27,330047,,,,,,
130877,30373-A-2,,BRA,MEX,Q1,5:41,13,6,67,45000,unknwown,TO,turnover; bad pass,104,416129,,,,,,
130877,30373-A-2,,BRA,MEX,Q1,5:41,13,6,68,45001,unknwown,ST,steal,27,393861,,,,,,
130877,30373-A-2,,BRA,MEX,Q1,5:37,15,6,70,47000,shot,P2,"2PtsFG under the basket, points from fastbreak + after turnover, dunk made",27,330039,True,2,139,29,,
130877,30373-A-2,,BRA,MEX,Q1,5:37,15,6,71,47001,unknwown,ASS,made the assist,27,405101,,,,,,
130877,30373-A-2,,BRA,MEX,Q1,5:37,15,6,72,48000,timeout,TIMO,Timeout,104,,,,,,,
130877,30373-A-2,,BRA,MEX,Q1,5:37,15,6,73,49000,subst,SUBST,Substitution out,27,330047,,,,,OUT,
130877,30373-A-2,,BRA,MEX,Q1,5:37,15,6,74,50000,subst,SUBST,Substitution in,27,416911,,,,,IN,
130877,30373-A-2,,BRA,MEX,Q1,5:28,15,6,77,53000,subst,SUBST,Substitution out,104,377234,,,,,OUT,
130877,30373-A-2,,BRA,MEX,Q1,5:28,15,6,78,54000,subst,SUBST,Substitution in,104,416257,,,,,IN,
130877,30373-A-2,,BRA,MEX,Q1,5:21,15,6,80,56000,shot,P2,"2PtsFG inside right wing, jump shot missed",104,417033,False,2,222,38,,
130877,30373-A-2,,BRA,MEX,Q1,5:18,15,6,81,56002,unknwown,REB,defensive rebound,27,330039,,,,,,
130877,30373-A-2,,BRA,MEX,Q1,5:14,15,6,82,57000,shot,P2,"2PtsFG under the basket, driving layup missed",27,416911,False,2,157,23,,
130877,30373-A-2,,BRA,MEX,Q1,5:08,15,6,83,57002,unknwown,REB,offensive rebound,27,393861,,,,,,
130877,30373-A-2,,BRA,MEX,Q1,5:08,17,6,84,58000,shot,P2,2PtsFG under the basket made,27,393861,True,2,140,31,,
130877,30373-A-2,,BRA,MEX,Q1,5:01,17,6,88,62000,unknwown,FOUL,offensive foul,104,369235,,,,,,
130877,30373-A-2,,BRA,MEX,Q1,5:01,17,6,89,62001,unknwown,TO,turnover,104,369235,,,,,,
130877,30373-A-2,,BRA,MEX,Q1,5:01,17,6,90,62002,unknwown,RFOUL,foul drawn,27,405101,,,,,,
130877,30373-A-2,,BRA,MEX,Q1,5:01,17,6,92,64000,subst,SUBST,Substitution out,27,393861,,,,,OUT,
130877,30373-A-2,,BRA,MEX,Q1,5:01,17,6,93,65000,subst,SUBST,Substitution in,27,384600,,,,,IN,
130877,30373-A-2,,BRA,MEX,Q1,4:45,17,6,95,67000,shot,P3,3pt jump shot missed,27,416911,False,3,49,132,,
130877,30373-A-2,,BRA,MEX,Q1,4:45,17,6,96,67002,unknwown,TREB,team offensive rebound,27,,,,,,,
130877,30373-A-2,,BRA,MEX,Q1,4:45,17,6,97,68000,unknwown,FOUL,personal foul; 2 free throws awarded,104,369235,,,,,,
130877,30373-A-2,,BRA,MEX,Q1,4:45,17,6,98,68002,unknwown,RFOUL,foul drawn,27,384600,,,,,,
130877,30373-A-2,,BRA,MEX,Q1,4:45,17,6,99,69000,subst,SUBST,Substitution out,27,384600,,,,,OUT,
130877,30373-A-2,,BRA,MEX,Q1,4:45,17,6,100,70000,subst,SUBST,Substitution in,27,383772,,,,,IN,
130877,30373-A-2,,BRA,MEX,Q1,4:45,17,6,101,71000,subst,SUBST,Substitution out,104,369235,,,,,OUT,
130877,30373-A-2,,BRA,MEX,Q1,4:45,17,6,102,72000,subst,SUBST,Substitution in,104,417036,,,,,IN,
130877,30373-A-2,,BRA,MEX,Q1,4:45,17,6,103,73000,shot,FT,1st of 2 free throws missed,27,383772,False,1,0,0,,
130877,30373-A-2,,BRA,MEX,Q1,4:45,17,6,104,74000,shot,FT,2nd of 2 free throws missed,27,383772,False,1,0,0,,
130877,30373-A-2,,BRA,MEX,Q1,4:45,17,6,106,74002,unknwown,REB,defensive rebound,104,377100,,,,,,
130877,30373-A-2,,BRA,MEX,Q1,4:38,17,6,107,76000,shot,P2,"2PtsFG under the basket, turnaround jump shot missed",104,417033,False,2,147,45,,
130877,30373-A-2,,BRA,MEX,Q1,4:35,17,6,108,76002,unknwown,REB,defensive rebound,27,330039,,,,,,
130877,30373-A-2,,BRA,MEX,Q1,4:34,19,6,109,77000,shot,P2,"2PtsFG under the basket, fast break, layup made",27,416911,True,2,134,32,,
130877,30373-A-2,,BRA,MEX,Q1,4:34,19,6,110,77001,unknwown,ASS,made the assist,27,330039,,,,,,
130877,30373-A-2,,BRA,MEX,Q1,4:18,19,6,114,81000,unknwown,FOUL,personal foul,27,330039,,,,,,
130877,30373-A-2,,BRA,MEX,Q1,4:18,19,6,115,81002,unknwown,RFOUL,foul drawn,104,377100,,,,,,
130877,30373-A-2,,BRA,MEX,Q1,4:18,19,6,116,82000,subst,SUBST,Substitution out,27,330039,,,,,OUT,
130877,30373-A-2,,BRA,MEX,Q1,4:18,19,6,117,83000,subst,SUBST,Substitution in,27,393068,,,,,IN,
130877,30373-A-2,,BRA,MEX,Q1,4:09,19,6,119,85000,shot,P3,3pt jump shot missed,104,417036,False,3,224,148,,
130877,30373-A-2,,BRA,MEX,Q1,4:07,19,6,120,85002,unknwown,REB,defensive rebound,27,331414,,,,,,
130877,30373-A-2,,BRA,MEX,Q1,4:02,19,6,121,86000,shot,P2,"2PtsFG under the basket, driving layup missed",27,331414,False,2,148,35,,
130877,30373-A-2,,BRA,MEX,Q1,4:00,19,6,122,86002,unknwown,REB,defensive rebound,104,417036,,,,,,
130877,30373-A-2,,BRA,MEX,Q1,3:53,19,6,124,88000,unknwown,FOUL,personal foul,27,416911,,,,,,
130877,30373-A-2,,BRA,MEX,Q1,3:53,19,6,125,88002,unknwown,RFOUL,foul drawn,104,416129,,,,,,
130877,30373-A-2,,BRA,MEX,Q1,3:53,19,6,126,89000,subst,SUBST,Substitution out,104,417033,,,,,OUT,
130877,30373-A-2,,BRA,MEX,Q1,3:53,19,6,127,90000,subst,SUBST,Substitution in,104,417035,,,,,IN,
130877,30373-A-2,,BRA,MEX,Q1,3:44,19,6,129,92000,shot,P3,3pt jump shot missed,104,416257,False,3,239,146,,
130877,30373-A-2,,BRA,MEX,Q1,3:42,19,6,130,92002,unknwown,REB,defensive rebound,27,331414,,,,,,
130877,30373-A-2,,BRA,MEX,Q1,3:32,19,6,131,93000,shot,P3,3pt jump shot missed,27,405101,False,3,61,157,,
130877,30373-A-2,,BRA,MEX,Q1,3:30,19,6,132,93002,unknwown,REB,offensive rebound,27,416911,,,,,,
130877,30373-A-2,,BRA,MEX,Q1,3:28,19,6,133,94000,shot,P2,"2PtsFG under the basket, floating jump shot missed",27,416911,False,2,147,43,,
130877,30373-A-2,,BRA,MEX,Q1,3:25,19,6,134,94002,unknwown,REB,defensive rebound,104,417035,,,,,,
130877,30373-A-2,,BRA,MEX,Q1,3:18,19,8,135,95000,shot,P2,"2PtsFG under the basket, layup made",104,377100,True,2,138,28,,
130877,30373-A-2,,BRA,MEX,Q1,3:18,19,8,136,95001,unknwown,ASS,made the assist,104,417036,,,,,,
130877,30373-A-2,,BRA,MEX,Q1,3:07,19,8,138,97000,unknwown,TO,turnover; bad pass,27,383772,,,,,,
130877,30373-A-2,,BRA,MEX,Q1,3:07,19,8,140,99000,subst,SUBST,Substitution out,27,393068,,,,,OUT,
130877,30373-A-2,,BRA,MEX,Q1,3:07,19,8,141,100000,subst,SUBST,Substitution out,27,331414,,,,,OUT,
130877,30373-A-2,,BRA,MEX,Q1,3:07,19,8,142,101000,subst,SUBST,Substitution in,27,375131,,,,,IN,
130877,30373-A-2,,BRA,MEX,Q1,3:07,19,8,143,102000,subst,SUBST,Substitution in,27,384600,,,,,IN,
130877,30373-A-2,,BRA,MEX,Q1,3:07,19,8,144,103000,subst,SUBST,Substitution out,104,416129,,,,,OUT,
130877,30373-A-2,,BRA,MEX,Q1,3:07,19,8,145,104000,subst,SUBST,Substitution in,104,416258,,,,,IN,
130877,30373-A-2,,BRA,MEX,Q1,2:45,19,8,146,105000,shot,P3,3pt jump shot missed,104,377100,False,3,62,146,,
130877,30373-A-2,,BRA,MEX,Q1,2:43,19,8,147,105002,unknwown,REB,defensive rebound,27,383772,,,,,,
130877,30373-A-2,,BRA,MEX,Q1,2:36,19,8,148,106000,unknwown,TO,turnover; ball handling,27,375131,,,,,,
130877,30373-A-2,,BRA,MEX,Q1,2:36,19,8,149,106001,unknwown,ST,steal,104,417036,,,,,,
130877,30373-A-2,,BRA,MEX,Q1,2:28,19,10,150,107000,shot,P2,"2PtsFG under the basket, points from fastbreak + after turnover, driving layup made",104,416258,True,2,144,41,,
130877,30373-A-2,,BRA,MEX,Q1,2:14,21,10,151,108000,shot,P2,"2PtsFG under the basket, turnaround jump shot made",27,383772,True,2,135,27,,
130877,30373-A-2,,BRA,MEX,Q1,2:01,21,10,155,112000,unknwown,TO,turnover; travelling,104,377100,,,,,,
130877,30373-A-2,,BRA,MEX,Q1,2:01,21,10,156,113000,subst,SUBST,Substitution out,27,405101,,,,,OUT,
130877,30373-A-2,,BRA,MEX,Q1,2:01,21,10,157,114000,subst,SUBST,Substitution in,27,405082,,,,,IN,
130877,30373-A-2,,BRA,MEX,Q1,1:49,21,10,160,117000,shot,P3,3pt jump shot missed,27,405082,False,3,9,39,,
130877,30373-A-2,,BRA,MEX,Q1,1:49,21,10,161,117002,unknwown,TREB,team offensive rebound,27,,,,,,,
130877,30373-A-2,,BRA,MEX,Q1,1:49,21,10,162,118000,unknwown,FOUL,personal foul; 2 free throws awarded,104,416257,,,,,,
130877,30373-A-2,,BRA,MEX,Q1,1:49,21,10,163,118002,unknwown,RFOUL,foul drawn,27,375131,,,,,,
130877,30373-A-2,,BRA,MEX,Q1,1:49,22,10,164,119000,shot,FT,1st of 2 free throws made,27,375131,True,1,0,0,,
130877,30373-A-2,,BRA,MEX,Q1,1:49,23,10,165,120000,shot,FT,2nd of 2 free throws made,27,375131,True,1,0,0,,
130877,30373-A-2,,BRA,MEX,Q1,1:33,23,13,169,124000,shot,P3,3pt jump shot made,104,377100,True,3,233,146,,
130877,30373-A-2,,BRA,MEX,Q1,1:33,23,13,170,124001,unknwown,ASS,made the assist,104,416257,,,,,,
130877,30373-A-2,,BRA,MEX,Q1,1:11,23,13,172,126000,shot,P3,3pt jump shot from center missed,27,416911,False,3,186,170,,
130877,30373-A-2,,BRA,MEX,Q1,1:11,23,13,173,126002,unknwown,TREB,team defensive rebound,104,,,,,,,
130877,30373-A-2,,BRA,MEX,Q1,1:11,23,13,174,127000,subst,SUBST,Substitution out,27,384600,,,,,OUT,
130877,30373-A-2,,BRA,MEX,Q1,1:11,23,13,175,128000,subst,SUBST,Substitution in,27,393068,,,,,IN,
130877,30373-A-2,,BRA,MEX,Q1,0:54,23,13,177,130000,shot,P2,"2PtsFG under the basket, driving layup missed",104,416258,False,2,143,45,,
130877,30373-A-2,,BRA,MEX,Q1,0:54,23,13,179,130002,unknwown,REB,defensive rebound,27,393068,,,,,,
130877,30373-A-2,,BRA,MEX,Q1,0:52,23,13,182,134000,unknwown,FOUL,personal foul; 2 free throws awarded,104,377100,,,,,,
130877,30373-A-2,,BRA,MEX,Q1,0:52,23,13,183,134002,unknwown,RFOUL,foul drawn,27,393068,,,,,,
130877,30373-A-2,,BRA,MEX,Q1,0:52,23,13,184,135000,shot,FT,1st of 2 free throws missed,27,393068,False,1,0,0,,
130877,30373-A-2,,BRA,MEX,Q1,0:52,24,13,185,136000,shot,FT,2nd of 2 free throws made,27,393068,True,1,0,0,,
130877,30373-A-2,,BRA,MEX,Q1,0:35,24,15,187,138000,shot,P2,"2PtsFG under the basket, driving layup made",104,417035,True,2,143,29,,
130877,30373-A-2,,BRA,MEX,Q1,0:14,27,15,188,139000,shot,P3,3pt jump shot made,27,375131,True,3,6,27,,
130877,30373-A-2,,BRA,MEX,Q1,0:14,27,15,189,139001,unknwown,ASS,made the assist,27,416911,,,,,,
130877,30373-A-2,,BRA,MEX,Q1,0:08,27,15,193,143000,unknwown,FOUL,personal foul,27,405082,,,,,,
130877,30373-A-2,,BRA,MEX,Q1,0:08,27,15,194,143002,unknwown,RFOUL,foul drawn,104,417035,,,,,,
130877,30373-A-2,,BRA,MEX,Q1,0:03,27,15,196,145000,shot,P2,"2PtsFG inside center, jump shot missed",104,417035,False,2,121,112,,
130877,30373-A-2,,BRA,MEX,Q1,0:01,27,15,197,145002,unknwown,REB,defensive rebound,27,383772,,,,,,
130877,30373-A-2,,BRA,MEX,Q1,0:01,27,15,199,147000,unknwown,TO,turnover; bad pass,27,405082,,,,,,
130877,30373-A-2,,BRA,MEX,Q1,0:01,27,15,200,147001,unknwown,ST,steal,104,417035,,,,,,
130877,30373-A-2,,BRA,MEX,Q1,0:01,27,15,201,148000,unknwown,FOUL,personal foul; 3 free throws awarded,27,405082,,,,,,
130877,30373-A-2,,BRA,MEX,Q1,0:01,27,15,202,148002,unknwown,RFOUL,foul drawn,104,416257,,,,,,
130877,30373-A-2,,BRA,MEX,Q1,0:01,27,15,203,149000,subst,SUBST,Substitution out,27,375131,,,,,OUT,
130877,30373-A-2,,BRA,MEX,Q1,0:01,27,15,204,150000,subst,SUBST,Substitution in,27,384600,,,,,IN,
130877,30373-A-2,,BRA,MEX,Q1,0:01,27,16,205,151000,shot,FT,Free throw made 1 of 3,104,416257,True,1,0,0,,
130877,30373-A-2,,BRA,MEX,Q1,0:01,27,16,206,152000,shot,FT,Free throw missed 2 of 3,104,416257,False,1,0,0,,
130877,30373-A-2,,BRA,MEX,Q1,0:01,27,17,207,153000,shot,FT,Free throw made 3 of 3,104,416257,True,1,0,0,,
130877,30373-A-2,,BRA,MEX,Q1,0:00,27,17,210,156000,periods,ENDP,End of Period,,,,,,,,
130877,30373-A-2,,BRA,MEX,Q2,10:00,27,17,211,157000,subst,SUBST,Substitution out,27,416911,,,,,OUT,
130877,30373-A-2,,BRA,MEX,Q2,10:00,27,17,212,158000,subst,SUBST,Substitution out,27,393068,,,,,OUT,
130877,30373-A-2,,BRA,MEX,Q2,10:00,27,17,213,159000,subst,SUBST,Substitution in,27,330047,,,,,IN,
130877,30373-A-2,,BRA,MEX,Q2,10:00,27,17,214,160000,subst,SUBST,Substitution in,27,330039,,,,,IN,
130877,30373-A-2,,BRA,MEX,Q2,10:00,27,17,215,161000,subst,SUBST,Substitution out,104,377100,,,,,OUT,
130877,30373-A-2,,BRA,MEX,Q2,10:00,27,17,216,162000,subst,SUBST,Substitution in,104,369235,,,,,IN,
130877,30373-A-2,,BRA,MEX,Q2,10:00,27,17,217,163000,periods,STARTP,Start of Period,,,,,,,,
130877,30373-A-2,,BRA,MEX,Q2,9:46,27,17,220,166000,unknwown,FOUL,personal foul; 2 free throws awarded,27,405082,,,,,,
130877,30373-A-2,,BRA,MEX,Q2,9:46,27,17,221,166002,unknwown,RFOUL,foul drawn,104,416257,,,,,,
130877,30373-A-2,,BRA,MEX,Q2,9:46,27,17,222,167000,shot,FT,1st of 2 free throws missed,104,416257,False,1,0,0,,
130877,30373-A-2,,BRA,MEX,Q2,9:46,27,18,223,168000,shot,FT,2nd of 2 free throws made,104,416257,True,1,0,0,,
130877,30373-A-2,,BRA,MEX,Q2,9:46,27,18,224,169000,subst,SUBST,Substitution out,27,405082,,,,,OUT,
130877,30373-A-2,,BRA,MEX,Q2,9:46,27,18,225,170000,subst,SUBST,Substitution in,27,331414,,,,,IN,
130877,30373-A-2,,BRA,MEX,Q2,9:31,27,18,227,172000,unknwown,TO,turnover; bad pass,27,330047,,,,,,
130877,30373-A-2,,BRA,MEX,Q2,9:31,27,18,228,172001,unknwown,ST,steal,104,417036,,,,,,
130877,30373-A-2,,BRA,MEX,Q2,9:11,27,18,229,173000,shot,P3,3pt step back jump shot missed,104,417035,False,3,114,172,,
130877,30373-A-2,,BRA,MEX,Q2,9:08,27,18,230,173002,unknwown,REB,defensive rebound,27,384600,,,,,,
130877,30373-A-2,,BRA,MEX,Q2,9:03,27,18,236,179000,unknwown,FOUL,personal foul,104,417035,,,,,,
130877,30373-A-2,,BRA,MEX,Q2,9:03,27,18,237,179002,unknwown,RFOUL,foul drawn,27,331414,,,,,,
130877,30373-A-2,,BRA,MEX,Q2,8:52,27,18,241,183000,shot,P3,3pt jump shot missed,27,330039,False,3,276,58,,
130877,30373-A-2,,BRA,MEX,Q2,8:50,27,18,242,183002,unknwown,REB,defensive rebound,104,369235,,,,,,
130877,30373-A-2,,BRA,MEX,Q2,8:34,27,18,243,184000,shot,P3,3pt jump shot from center missed,104,416258,False,3,172,165,,
130877,30373-A-2,,BRA,MEX,Q2,8:33,27,18,245,184002,unknwown,REB,defensive rebound,27,331414,,,,,,
130877,30373-A-2,,BRA,MEX,Q2,8:33,27,18,246,186000,unknwown,FOUL,personal foul,104,417035,,,,,,
130877,30373-A-2,,BRA,MEX,Q2,8:33,27,18,247,186002,unknwown,RFOUL,foul drawn,27,331414,,,,,,
130877,30373-A-2,,BRA,MEX,Q2,8:33,27,18,248,187000,subst,SUBST,Substitution out,104,417035,,,,,OUT,
130877,30373-A-2,,BRA,MEX,Q2,8:33,27,18,249,188000,subst,SUBST,Substitution in,104,417033,,,,,IN,
130877,30373-A-2,,BRA,MEX,Q2,8:18,29,18,251,190000,shot,P2,"2PtsFG inside center, jump shot made",27,330047,True,2,118,111,,
130877,30373-A-2,,BRA,MEX,Q2,8:09,29,21,252,191000,shot,P3,3pt jump shot made,104,416257,True,3,210,174,,
130877,30373-A-2,,BRA,MEX,Q2,8:00,29,21,253,192000,unknwown,TO,turnover; ball handling,27,331414,,,,,,
130877,30373-A-2,,BRA,MEX,Q2,8:00,29,21,254,192001,unknwown,ST,steal,104,416258,,,,,,
130877,30373-A-2,,BRA,MEX,Q2,7:39,29,21,255,193000,shot,P3,3pt jump shot missed,104,416257,False,3,186,163,,
130877,30373-A-2,,BRA,MEX,Q2,7:38,29,21,257,193002,unknwown,TREB,team defensive rebound,27,,,,,,,
130877,30373-A-2,,BRA,MEX,Q2,7:37,29,21,260,197000,subst,SUBST,Substitution out,27,383772,,,,,OUT,
130877,30373-A-2,,BRA,MEX,Q2,7:37,29,21,261,198000,subst,SUBST,Substitution in,27,405101,,,,,IN,
130877,30373-A-2,,BRA,MEX,Q2,7:37,29,21,262,199000,subst,SUBST,Substitution out,104,417036,,,,,OUT,
130877,30373-A-2,,BRA,MEX,Q2,7:37,29,21,263,200000,subst,SUBST,Substitution in,104,377100,,,,,IN,
130877,30373-A-2,,BRA,MEX,Q2,7:19,29,21,265,202000,shot,P2,"2PtsFG under the basket, floating jump shot missed",27,405101,False,2,141,40,,
130877,30373-A-2,,BRA,MEX,Q2,7:15,29,21,266,202002,unknwown,REB,defensive rebound,104,416257,,,,,,
130877,30373-A-2,,BRA,MEX,Q2,7:00,29,21,267,203000,shot,P3,3pt jump shot missed,104,416257,False,3,221,152,,
130877,30373-A-2,,BRA,MEX,Q2,6:58,29,21,268,203002,unknwown,REB,defensive rebound,27,330047,,,,,,
130877,30373-A-2,,BRA,MEX,Q2,6:54,29,21,272,207000,unknwown,FOUL,personal foul; 2 free throws awarded,104,417033,,,,,,
130877,30373-A-2,,BRA,MEX,Q2,6:54,29,21,273,207002,unknwown,RFOUL,foul drawn,27,330047,,,,,,
130877,30373-A-2,,BRA,MEX,Q2,6:54,29,21,274,208000,subst,SUBST,Substitution out,104,417033,,,,,OUT,
130877,30373-A-2,,BRA,MEX,Q2,6:54,29,21,275,209000,subst,SUBST,Substitution in,104,416264,,,,,IN,
130877,30373-A-2,,BRA,MEX,Q2,6:54,29,21,276,210000,shot,FT,1st of 2 free throws missed,27,330047,False,1,0,0,,
130877,30373-A-2,,BRA,MEX,Q2,6:54,30,21,277,211000,shot,FT,2nd of 2 free throws made,27,330047,True,1,0,0,,
130877,30373-A-2,,BRA,MEX,Q2,6:36,30,21,279,213000,shot,P2,"2PtsFG under the basket, layup missed",104,369235,False,2,125,42,,
130877,30373-A-2,,BRA,MEX,Q2,6:34,30,21,280,213002,unknwown,REB,defensive rebound,27,330039,,,,,,
130877,30373-A-2,,BRA,MEX,Q2,6:33,30,21,281,214000,unknwown,TO,turnover; bad pass,27,330039,,,,,,
130877,30373-A-2,,BRA,MEX,Q2,6:33,30,21,282,214001,unknwown,ST,steal,104,416257,,,,,,
130877,30373-A-2,,BRA,MEX,Q2,6:28,30,23,283,215000,shot,P2,"2PtsFG under the basket, points from fastbreak + after turnover, floating jump shot made",104,416257,True,2,142,42,,
130877,30373-A-2,,BRA,MEX,Q2,6:13,30,23,285,217000,shot,P3,3pt jump shot missed,27,331414,False,3,12,83,,
130877,30373-A-2,,BRA,MEX,Q2,6:13,30,23,286,217002,unknwown,REB,defensive rebound,104,369235,,,,,,
130877,30373-A-2,,BRA,MEX,Q2,6:13,30,23,287,218000,unknwown,FOUL,personal foul,27,330047,,,,,,
130877,30373-A-2,,BRA,MEX,Q2,6:13,30,23,288,218002,unknwown,RFOUL,foul drawn,104,416264,,,,,,
130877,30373-A-2,,BRA,MEX,Q2,6:13,30,23,289,219000,subst,SUBST,Substitution out,27,384600,,,,,OUT,
130877,30373-A-2,,BRA,MEX,Q2,6:13,30,23,290,220000,subst,SUBST,Substitution in,27,393861,,,,,IN,
130877,30373-A-2,,BRA,MEX,Q2,5:58,30,23,294,224000,shot,P3,3pt jump shot missed,104,369235,False,3,31,124,,
130877,30373-A-2,,BRA,MEX,Q2,5:55,30,23,296,224002,unknwown,REB,defensive rebound,27,393861,,,,,,
130877,30373-A-2,,BRA,MEX,Q2,5:55,30,23,297,226000,unknwown,FOUL,offensive foul,27,393861,,,,,,
130877,30373-A-2,,BRA,MEX,Q2,5:55,30,23,298,226001,unknwown,TO,turnover,27,393861,,,,,,
130877,30373-A-2,,BRA,MEX,Q2,5:55,30,23,299,226002,unknwown,RFOUL,foul drawn,104,377100,,,,,,
130877,30373-A-2,,BRA,MEX,Q2,5:48,30,23,301,228000,unknwown,TO,turnover; bad pass,104,416264,,,,,,
130877,30373-A-2,,BRA,MEX,Q2,5:48,30,23,302,228001,unknwown,ST,steal,27,393861,,,,,,
130877,30373-A-2,,BRA,MEX,Q2,5:40,32,23,303,229000,shot,P2,"2PtsFG under the basket, points from fastbreak + after turnover, driving layup made",27,331414,True,2,145,28,,
130877,30373-A-2,,BRA,MEX,Q2,5:22,32,23,304,230000,shot,P2,"2PtsFG inside center, jump shot missed",104,416258,False,2,147,127,,
130877,30373-A-2,,BRA,MEX,Q2,5:21,32,23,306,230002,unknwown,TREB,team defensive rebound,27,,,,,,,
130877,30373-A-2,,BRA,MEX,Q2,5:21,32,23,307,232000,subst,SUBST,Substitution out,104,416258,,,,,OUT,
130877,30373-A-2,,BRA,MEX,Q2,5:21,32,23,308,233000,subst,SUBST,Substitution out,104,416264,,,,,OUT,
130877,30373-A-2,,BRA,MEX,Q2,5:21,32,23,309,234000,subst,SUBST,Substitution in,104,416129,,,,,IN,
130877,30373-A-2,,BRA,MEX,Q2,5:21,32,23,310,235000,subst,SUBST,Substitution in,104,377234,,,,,IN,
130877,30373-A-2,,BRA,MEX,Q2,5:11,32,23,312,237000,shot,P2,"2PtsFG under the basket, floating jump shot missed",27,330047,False,2,133,35,,
130877,30373-A-2,,BRA,MEX,Q2,5:08,32,23,313,237002,unknwown,REB,defensive rebound,104,416129,,,,,,
130877,30373-A-2,,BRA,MEX,Q2,4:57,32,25,314,238000,shot,P2,"2PtsFG under the basket, reverse lay-up made",104,377100,True,2,127,34,,
130877,30373-A-2,,BRA,MEX,Q2,4:57,32,25,316,238001,unknwown,ASS,made the assist,104,369235,,,,,,
130877,30373-A-2,,BRA,MEX,Q2,4:56,32,25,317,240000,timeout,TIMO,Timeout,27,,,,,,,
130877,30373-A-2,,BRA,MEX,Q2,4:50,32,25,322,245000,unknwown,FOUL,personal foul,104,369235,,,,,,
130877,30373-A-2,,BRA,MEX,Q2,4:50,32,25,323,245002,unknwown,RFOUL,foul drawn,27,331414,,,,,,
130877,30373-A-2,,BRA,MEX,Q2,4:50,32,25,324,246000,subst,SUBST,Substitution out,104,369235,,,,,OUT,
130877,30373-A-2,,BRA,MEX,Q2,4:50,32,25,325,247000,subst,SUBST,Substitution in,104,416181,,,,,IN,
130877,30373-A-2,,BRA,MEX,Q2,4:46,32,25,327,249000,shot,P3,3pt jump shot missed,27,330039,False,3,5,36,,
130877,30373-A-2,,BRA,MEX,Q2,4:41,32,25,328,249002,unknwown,REB,offensive rebound,27,331414,,,,,,
130877,30373-A-2,,BRA,MEX,Q2,4:41,34,25,329,250000,shot,P2,2PtsFG under the basket made,27,331414,True,2,140,31,,
130877,30373-A-2,,BRA,MEX,Q2,4:34,34,25,331,252000,unknwown,FOUL,offensive foul,104,416181,,,,,,
130877,30373-A-2,,BRA,MEX,Q2,4:34,34,25,332,252001,unknwown,TO,turnover,104,416181,,,,,,
130877,30373-A-2,,BRA,MEX,Q2,4:34,34,25,333,252002,unknwown,RFOUL,foul drawn,27,405101,,,,,,
130877,30373-A-2,,BRA,MEX,Q2,4:22,34,25,337,256000,shot,P3,3pt jump shot missed,27,330047,False,3,236,142,,
130877,30373-A-2,,BRA,MEX,Q2,4:19,34,25,338,256002,unknwown,REB,offensive rebound,27,331414,,,,,,
130877,30373-A-2,,BRA,MEX,Q2,4:13,34,25,342,260000,unknwown,FOUL,personal foul; 2 free throws awarded,104,377100,,,,,,
130877,30373-A-2,,BRA,MEX,Q2,4:13,34,25,343,260002,unknwown,RFOUL,foul drawn,27,393861,,,,,,
130877,30373-A-2,,BRA,MEX,Q2,4:13,34,25,344,261000,shot,FT,1st of 2 free throws missed,27,393861,False,1,0,0,,
130877,30373-A-2,,BRA,MEX,Q2,4:13,34,25,346,263000,shot,FT,2nd of 2 free throws missed,27,393861,False,1,0,0,,
130877,30373-A-2,,BRA,MEX,Q2,4:12,34,25,348,263002,unknwown,TREB,team offensive rebound,27,,,,,,,
130877,30373-A-2,,BRA,MEX,Q2,4:11,34,25,351,267000,unknwown,FOUL,personal foul; 2 free throws awarded,104,377100,,,,,,
130877,30373-A-2,,BRA,MEX,Q2,4:11,34,25,352,267002,unknwown,RFOUL,foul drawn,27,330047,,,,,,
130877,30373-A-2,,BRA,MEX,Q2,4:11,34,25,353,268000,subst,SUBST,Substitution out,104,377100,,,,,OUT,
130877,30373-A-2,,BRA,MEX,Q2,4:11,34,25,354,269000,subst,SUBST,Substitution in,104,417036,,,,,IN,
130877,30373-A-2,,BRA,MEX,Q2,4:11,34,25,355,270000,shot,FT,1st of 2 free throws missed,27,330047,False,1,0,0,,
130877,30373-A-2,,BRA,MEX,Q2,4:11,35,25,356,271000,shot,FT,2nd of 2 free throws made,27,330047,True,1,0,0,,
130877,30373-A-2,,BRA,MEX,Q2,4:02,35,27,359,274000,shot,P2,"2PtsFG under the basket, driving layup made",104,416257,True,2,142,34,,
130877,30373-A-2,,BRA,MEX,Q2,4:02,35,27,360,275000,unknwown,FOUL,personal foul; 1 free throw awarded,27,393861,,,,,,
130877,30373-A-2,,BRA,MEX,Q2,4:02,35,27,361,275002,unknwown,RFOUL,foul drawn,104,416257,,,,,,
130877,30373-A-2,,BRA,MEX,Q2,4:02,35,28,362,276000,shot,FT,1st free throw made,104,416257,True,1,0,0,,
130877,30373-A-2,,BRA,MEX,Q2,3:45,35,28,366,280000,shot,P3,3pt jump shot missed,27,330047,False,3,269,45,,
130877,30373-A-2,,BRA,MEX,Q2,3:42,35,28,367,280002,unknwown,REB,defensive rebound,104,416257,,,,,,
130877,30373-A-2,,BRA,MEX,Q2,3:34,35,30,368,281000,shot,P2,"2PtsFG under the basket, driving layup made",104,416257,True,2,138,32,,
130877,30373-A-2,,BRA,MEX,Q2,3:18,37,30,372,285000,shot,P2,"2PtsFG under the basket, driving layup made",27,331414,True,2,145,31,,
130877,30373-A-2,,BRA,MEX,Q2,3:18,37,30,373,286000,unknwown,FOUL,personal foul; 1 free throw awarded,104,416181,,,,,,
130877,30373-A-2,,BRA,MEX,Q2,3:18,37,30,374,286002,unknwown,RFOUL,foul drawn,27,331414,,,,,,
130877,30373-A-2,,BRA,MEX,Q2,3:18,37,30,375,287000,subst,SUBST,Substitution out,27,330047,,,,,OUT,
130877,30373-A-2,,BRA,MEX,Q2,3:18,37,30,376,288000,subst,SUBST,Substitution out,27,393861,,,,,OUT,
130877,30373-A-2,,BRA,MEX,Q2,3:18,37,30,377,289000,subst,SUBST,Substitution in,27,416911,,,,,IN,
130877,30373-A-2,,BRA,MEX,Q2,3:18,37,30,378,290000,subst,SUBST,Substitution in,27,393068,,,,,IN,
130877,30373-A-2,,BRA,MEX,Q2,3:18,38,30,379,291000,shot,FT,1st free throw made,27,331414,True,1,0,0,,
130877,30373-A-2,,BRA,MEX,Q2,3:18,38,30,380,292000,subst,SUBST,Substitution out,104,377234,,,,,OUT,
130877,30373-A-2,,BRA,MEX,Q2,3:18,38,30,381,293000,subst,SUBST,Substitution in,104,417033,,,,,IN,
130877,30373-A-2,,BRA,MEX,Q2,3:02,38,30,383,295000,shot,P2,"2PtsFG under the basket, driving layup missed",104,417033,False,2,143,38,,
130877,30373-A-2,,BRA,MEX,Q2,2:59,38,30,384,295002,unknwown,REB,offensive rebound,104,416181,,,,,,
130877,30373-A-2,,BRA,MEX,Q2,2:59,38,30,386,297000,shot,P2,"2PtsFG under the basket, jump shot missed",104,416181,False,2,128,38,,
130877,30373-A-2,,BRA,MEX,Q2,2:59,38,30,387,297001,unknwown,BS,blocked the shot,27,331414,,,,,,
130877,30373-A-2,,BRA,MEX,Q2,2:59,38,30,388,297002,unknwown,TREB,team defensive rebound,27,,,,,,,
130877,30373-A-2,,BRA,MEX,Q2,2:46,38,30,390,299000,shot,P3,3pt jump shot missed,27,330039,False,3,77,155,,
130877,30373-A-2,,BRA,MEX,Q2,2:44,38,30,391,299002,unknwown,REB,offensive rebound,27,331414,,,,,,
130877,30373-A-2,,BRA,MEX,Q2,2:42,38,30,392,300000,shot,P2,"2PtsFG under the basket, jump shot missed",27,393068,False,2,147,39,,
130877,30373-A-2,,BRA,MEX,Q2,2:38,38,30,393,300002,unknwown,REB,defensive rebound,104,417033,,,,,,
130877,30373-A-2,,BRA,MEX,Q2,2:35,38,30,394,301000,shot,P2,"2PtsFG under the basket, driving layup missed",104,416257,False,2,134,41,,
130877,30373-A-2,,BRA,MEX,Q2,2:32,38,30,395,301002,unknwown,REB,offensive rebound,104,416257,,,,,,
130877,30373-A-2,,BRA,MEX,Q2,2:32,38,32,396,302000,shot,P2,2PtsFG under the basket made,104,416257,True,2,140,31,,
130877,30373-A-2,,BRA,MEX,Q2,2:21,38,32,400,306000,unknwown,FOUL,personal foul; 2 free throws awarded,104,417036,,,,,,
130877,30373-A-2,,BRA,MEX,Q2,2:21,38,32,401,306002,unknwown,RFOUL,foul drawn,27,331414,,,,,,
130877,30373-A-2,,BRA,MEX,Q2,2:21,38,32,402,307000,shot,FT,1st of 2 free throws missed,27,331414,False,1,0,0,,
130877,30373-A-2,,BRA,MEX,Q2,2:21,39,32,403,308000,shot,FT,2nd of 2 free throws made,27,331414,True,1,0,0,,
130877,30373-A-2,,BRA,MEX,Q2,2:21,39,32,404,309000,timeout,TIMO,Timeout,104,,,,,,,
130877,30373-A-2,,BRA,MEX,Q2,2:05,39,32,406,311000,shot,P3,3pt jump shot from center missed,104,416257,False,3,168,184,,
130877,30373-A-2,,BRA,MEX,Q2,2:02,39,32,407,311002,unknwown,REB,offensive rebound,104,416257,,,,,,
130877,30373-A-2,,BRA,MEX,Q2,2:01,39,34,408,312000,shot,P2,"2PtsFG under the basket, layup made",104,416257,True,2,139,32,,
130877,30373-A-2,,BRA,MEX,Q2,1:44,39,34,410,314000,shot,P3,3pt jump shot missed,27,416911,False,3,6,39,,
130877,30373-A-2,,BRA,MEX,Q2,1:43,39,34,411,314002,unknwown,TREB,team defensive rebound,104,,,,,,,
130877,30373-A-2,,BRA,MEX,Q2,1:27,39,34,413,316000,shot,P2,"2PtsFG inside center, jump shot missed",104,417033,False,2,189,113,,
130877,30373-A-2,,BRA,MEX,Q2,1:21,39,34,414,316002,unknwown,REB,defensive rebound,27,330039,,,,,,
130877,30373-A-2,,BRA,MEX,Q2,1:18,41,34,415,317000,shot,P2,"2PtsFG under the basket, dunk made",27,393068,True,2,141,36,,
130877,30373-A-2,,BRA,MEX,Q2,1:18,41,34,416,317001,unknwown,ASS,made the assist,27,405101,,,,,,
130877,30373-A-2,,BRA,MEX,Q2,1:03,41,34,417,318000,shot,P2,"2PtsFG inside center, jump shot missed",104,416129,False,2,139,138,,
130877,30373-A-2,,BRA,MEX,Q2,0:59,41,34,418,318002,unknwown,REB,defensive rebound,27,393068,,,,,,
130877,30373-A-2,,BRA,MEX,Q2,0:49,41,34,419,319000,unknwown,TO,turnover; bad pass,27,330039,,,,,,
130877,30373-A-2,,BRA,MEX,Q2,0:49,41,34,420,319001,unknwown,ST,steal,104,417036,,,,,,
130877,30373-A-2,,BRA,MEX,Q2,0:42,41,34,421,320000,shot,P2,"2PtsFG under the basket, points after turnover, driving layup missed",104,416257,False,2,141,34,,
130877,30373-A-2,,BRA,MEX,Q2,0:41,41,34,423,320002,unknwown,REB,offensive rebound,104,416257,,,,,,
130877,30373-A-2,,BRA,MEX,Q2,0:41,41,36,424,322000,shot,P2,"2PtsFG under the basket, points from second chance + fastbreak + after turnover, layup made",104,416257,True,2,130,29,,
130877,30373-A-2,,BRA,MEX,Q2,0:41,41,36,425,323000,timeout,TIMO,Timeout,27,,,,,,,
130877,30373-A-2,,BRA,MEX,Q2,0:28,41,36,427,325000,shot,P3,3pt jump shot missed,27,405101,False,3,50,148,,
130877,30373-A-2,,BRA,MEX,Q2,0:26,41,36,428,325002,unknwown,REB,offensive rebound,27,393068,,,,,,
130877,30373-A-2,,BRA,MEX,Q2,0:16,41,36,432,329000,unknwown,FOUL,personal foul; 2 free throws awarded,104,417036,,,,,,
130877,30373-A-2,,BRA,MEX,Q2,0:16,41,36,433,329002,unknwown,RFOUL,foul drawn,27,405101,,,,,,
130877,30373-A-2,,BRA,MEX,Q2,0:16,41,36,434,330000,subst,SUBST,Substitution out,27,330039,,,,,OUT,
130877,30373-A-2,,BRA,MEX,Q2,0:16,41,36,435,331000,subst,SUBST,Substitution in,27,393060,,,,,IN,
130877,30373-A-2,,BRA,MEX,Q2,0:16,41,36,436,332000,shot,FT,1st of 2 free throws missed,27,405101,False,1,0,0,,
130877,30373-A-2,,BRA,MEX,Q2,0:16,42,36,437,333000,shot,FT,2nd of 2 free throws made,27,405101,True,1,0,0,,
130877,30373-A-2,,BRA,MEX,Q2,0:16,42,36,438,334000,subst,SUBST,Substitution out,104,416181,,,,,OUT,
130877,30373-A-2,,BRA,MEX,Q2,0:16,42,36,439,335000,subst,SUBST,Substitution in,104,417035,,,,,IN,
130877,30373-A-2,,BRA,MEX,Q2,0:02,42,36,441,337000,shot,P2,2pt jump shot missed,104,417033,False,2,115,86,,
130877,30373-A-2,,BRA,MEX,Q2,0:00,42,36,442,337002,unknwown,REB,defensive rebound,27,393060,,,,,,
130877,30373-A-2,,BRA,MEX,Q2,0:00,42,36,446,341000,periods,ENDP,End of Period,,,,,,,,
130877,30373-A-2,,BRA,MEX,Q3,10:00,42,36,447,342000,subst,SUBST,Substitution out,27,416911,,,,,OUT,
130877,30373-A-2,,BRA,MEX,Q3,10:00,42,36,448,343000,subst,SUBST,Substitution out,27,393068,,,,,OUT,
130877,30373-A-2,,BRA,MEX,Q3,10:00,42,36,449,344000,subst,SUBST,Substitution out,27,393060,,,,,OUT,
130877,30373-A-2,,BRA,MEX,Q3,10:00,42,36,450,345000,subst,SUBST,Substitution in,27,330047,,,,,IN,
130877,30373-A-2,,BRA,MEX,Q3,10:00,42,36,451,346000,subst,SUBST,Substitution in,27,330039,,,,,IN,
130877,30373-A-2,,BRA,MEX,Q3,10:00,42,36,452,347000,subst,SUBST,Substitution in,27,393861,,,,,IN,
130877,30373-A-2,,BRA,MEX,Q3,10:00,42,36,453,348000,subst,SUBST,Substitution out,104,416129,,,,,OUT,
130877,30373-A-2,,BRA,MEX,Q3,10:00,42,36,454,349000,subst,SUBST,Substitution out,104,417035,,,,,OUT,
130877,30373-A-2,,BRA,MEX,Q3,10:00,42,36,455,350000,subst,SUBST,Substitution out,104,417036,,,,,OUT,
130877,30373-A-2,,BRA,MEX,Q3,10:00,42,36,456,351000,subst,SUBST,Substitution in,104,416258,,,,,IN,
130877,30373-A-2,,BRA,MEX,Q3,10:00,42,36,457,352000,subst,SUBST,Substitution in,104,369235,,,,,IN,
130877,30373-A-2,,BRA,MEX,Q3,10:00,42,36,458,353000,subst,SUBST,Substitution in,104,377100,,,,,IN,
130877,30373-A-2,,BRA,MEX,Q3,10:00,42,36,459,354000,periods,STARTP,Start of Period,,,,,,,,
130877,30373-A-2,,BRA,MEX,Q3,9:45,42,36,461,356000,shot,P2,"2PtsFG under the basket, hook shot missed",27,393861,False,2,144,26,,
130877,30373-A-2,,BRA,MEX,Q3,9:43,42,36,462,356002,unknwown,REB,defensive rebound,104,369235,,,,,,
130877,30373-A-2,,BRA,MEX,Q3,9:36,42,38,463,357000,shot,P2,"2PtsFG under the basket, layup made",104,417033,True,2,136,34,,
130877,30373-A-2,,BRA,MEX,Q3,9:36,42,38,464,357001,unknwown,ASS,made the assist,104,416257,,,,,,
130877,30373-A-2,,BRA,MEX,Q3,9:27,42,38,466,359000,unknwown,FOUL,personal foul,104,417033,,,,,,
130877,30373-A-2,,BRA,MEX,Q3,9:27,42,38,467,359002,unknwown,RFOUL,foul drawn,27,330047,,,,,,
130877,30373-A-2,,BRA,MEX,Q3,9:24,45,38,469,361000,shot,P3,3pt jump shot made,27,330039,True,3,272,29,,
130877,30373-A-2,,BRA,MEX,Q3,9:24,45,38,470,361001,unknwown,ASS,made the assist,27,405101,,,,,,
130877,30373-A-2,,BRA,MEX,Q3,9:02,45,40,474,365000,shot,P2,"2PtsFG under the basket, driving layup made",104,416258,True,2,156,28,,
130877,30373-A-2,,BRA,MEX,Q3,9:02,45,40,475,366000,unknwown,FOUL,personal foul; 1 free throw awarded,27,405101,,,,,,
130877,30373-A-2,,BRA,MEX,Q3,9:02,45,40,476,366002,unknwown,RFOUL,foul drawn,104,416258,,,,,,
130877,30373-A-2,,BRA,MEX,Q3,9:01,45,40,478,368000,shot,FT,1st free throw missed,104,416258,False,1,0,0,,
130877,30373-A-2,,BRA,MEX,Q3,9:01,45,40,479,368002,unknwown,REB,defensive rebound,27,330039,,,,,,
130877,30373-A-2,,BRA,MEX,Q3,8:49,45,40,483,372000,unknwown,FOUL,personal foul,104,416258,,,,,,
130877,30373-A-2,,BRA,MEX,Q3,8:49,45,40,484,372002,unknwown,RFOUL,foul drawn,27,405101,,,,,,
130877,30373-A-2,,BRA,MEX,Q3,8:43,45,40,487,375000,shot,P2,"2PtsFG under the basket, floating jump shot missed",27,405101,False,2,135,25,,
130877,30373-A-2,,BRA,MEX,Q3,8:43,45,40,488,375002,unknwown,TREB,team defensive rebound,104,,,,,,,
130877,30373-A-2,,BRA,MEX,Q3,8:43,45,40,489,376000,unknwown,FOUL,personal foul,27,393861,,,,,,
130877,30373-A-2,,BRA,MEX,Q3,8:43,45,40,490,376002,unknwown,RFOUL,foul drawn,104,369235,,,,,,
130877,30373-A-2,,BRA,MEX,Q3,8:22,45,40,492,378000,shot,P2,"2PtsFG under the basket, driving layup missed",104,416258,False,2,149,23,,
130877,30373-A-2,,BRA,MEX,Q3,8:20,45,40,493,378002,unknwown,REB,defensive rebound,27,393861,,,,,,
130877,30373-A-2,,BRA,MEX,Q3,8:10,47,40,494,379000,shot,P2,"2PtsFG under the basket, driving layup made",27,330047,True,2,134,39,,
130877,30373-A-2,,BRA,MEX,Q3,7:57,47,40,495,380000,shot,P2,"2PtsFG under the basket, floating jump shot missed",104,417033,False,2,142,41,,
130877,30373-A-2,,BRA,MEX,Q3,7:54,47,40,496,380002,unknwown,REB,defensive rebound,27,330047,,,,,,
130877,30373-A-2,,BRA,MEX,Q3,7:48,47,40,497,381000,shot,P3,3pt jump shot missed,27,405101,False,3,11,64,,
130877,30373-A-2,,BRA,MEX,Q3,7:46,47,40,498,381002,unknwown,REB,offensive rebound,27,331414,,,,,,
130877,30373-A-2,,BRA,MEX,Q3,7:45,49,40,499,382000,shot,P2,"2PtsFG under the basket, layup made",27,331414,True,2,141,37,,
130877,30373-A-2,,BRA,MEX,Q3,7:25,49,40,500,383000,shot,P3,3pt jump shot missed,104,416258,False,3,55,145,,
130877,30373-A-2,,BRA,MEX,Q3,7:23,49,40,501,383002,unknwown,REB,defensive rebound,27,330047,,,,,,
130877,30373-A-2,,BRA,MEX,Q3,7:18,51,40,502,384000,shot,P2,"2PtsFG under the basket, fast break, reverse lay-up made",27,331414,True,2,128,34,,
130877,30373-A-2,,BRA,MEX,Q3,7:18,51,40,503,384001,unknwown,ASS,made the assist,27,405101,,,,,,
130877,30373-A-2,,BRA,MEX,Q3,7:08,51,40,505,386000,unknwown,TTO,team turnover; 8 seconds violation,104,,,,,,,
130877,30373-A-2,,BRA,MEX,Q3,7:08,51,40,506,387000,subst,SUBST,Substitution out,27,405101,,,,,OUT,
130877,30373-A-2,,BRA,MEX,Q3,7:08,51,40,507,388000,subst,SUBST,Substitution out,27,393861,,,,,OUT,
130877,30373-A-2,,BRA,MEX,Q3,7:08,51,40,508,389000,subst,SUBST,Substitution in,27,393060,,,,,IN,
130877,30373-A-2,,BRA,MEX,Q3,7:08,51,40,509,390000,subst,SUBST,Substitution in,27,383772,,,,,IN,
130877,30373-A-2,,BRA,MEX,Q3,7:08,51,40,510,391000,subst,SUBST,Substitution out,104,417033,,,,,OUT,
130877,30373-A-2,,BRA,MEX,Q3,7:08,51,40,511,392000,subst,SUBST,Substitution in,104,415754,,,,,IN,
130877,30373-A-2,,BRA,MEX,Q3,6:59,51,40,513,394000,shot,P3,3pt jump shot missed,27,331414,False,3,17,87,,
130877,30373-A-2,,BRA,MEX,Q3,6:58,51,40,515,394002,unknwown,REB,defensive rebound,104,416257,,,,,,
130877,30373-A-2,,BRA,MEX,Q3,6:58,51,40,516,396000,unknwown,FOUL,personal foul,27,383772,,,,,,
130877,30373-A-2,,BRA,MEX,Q3,6:58,51,40,517,396002,unknwown,RFOUL,foul drawn,104,415754,,,,,,
130877,30373-A-2,,BRA,MEX,Q3,6:46,51,40,519,398000,shot,P2,layup missed,104,415754,False,2,165,44,,
130877,30373-A-2,,BRA,MEX,Q3,6:43,51,40,520,398002,unknwown,REB,offensive rebound,104,377100,,,,,,
130877,30373-A-2,,BRA,MEX,Q3,6:42,51,42,521,399000,shot,P2,"2PtsFG under the basket, layup made",104,377100,True,2,139,28,,
130877,30373-A-2,,BRA,MEX,Q3,6:23,54,42,522,400000,shot,P3,3pt jump shot made,27,330039,True,3,68,159,,
130877,30373-A-2,,BRA,MEX,Q3,6:23,54,42,523,400001,unknwown,ASS,made the assist,27,331414,,,,,,
130877,30373-A-2,,BRA,MEX,Q3,6:10,54,42,524,401000,unknwown,TO,turnover; bad pass,104,415754,,,,,,
130877,30373-A-2,,BRA,MEX,Q3,6:10,54,42,525,401001,unknwown,ST,steal,27,383772,,,,,,
130877,30373-A-2,,BRA,MEX,Q3,5:59,54,42,526,402000,shot,P3,3pt jump shot missed,27,330039,False,3,220,163,,
130877,30373-A-2,,BRA,MEX,Q3,5:57,54,42,527,402002,unknwown,REB,defensive rebound,104,369235,,,,,,
130877,30373-A-2,,BRA,MEX,Q3,5:53,54,42,531,406000,unknwown,FOUL,unsportsmanlike foul; 2 free throws awarded,27,393060,,,,,,
130877,30373-A-2,,BRA,MEX,Q3,5:53,54,42,532,406002,unknwown,RFOUL,foul drawn,104,416257,,,,,,
130877,30373-A-2,,BRA,MEX,Q3,5:53,54,42,533,407000,subst,SUBST,Substitution out,104,415754,,,,,OUT,
130877,30373-A-2,,BRA,MEX,Q3,5:53,54,42,534,408000,subst,SUBST,Substitution in,104,417035,,,,,IN,
130877,30373-A-2,,BRA,MEX,Q3,5:53,54,42,535,409000,shot,FT,1st of 2 free throws missed,104,416257,False,1,0,0,,
130877,30373-A-2,,BRA,MEX,Q3,5:53,54,43,536,410000,shot,FT,2nd of 2 free throws made,104,416257,True,1,0,0,,
130877,30373-A-2,,BRA,MEX,Q3,5:43,54,43,538,412000,unknwown,TO,turnover; ball handling,104,417035,,,,,,
130877,30373-A-2,,BRA,MEX,Q3,5:43,54,43,539,412001,unknwown,ST,steal,27,393060,,,,,,
130877,30373-A-2,,BRA,MEX,Q3,5:37,57,43,540,413000,shot,P3,"3PtsFG outside center, points from fastbreak + after turnover, jump shot made",27,330047,True,3,108,165,,
130877,30373-A-2,,BRA,MEX,Q3,5:34,57,43,544,417000,timeout,TIMO,Timeout,104,,,,,,,
130877,30373-A-2,,BRA,MEX,Q3,5:34,57,43,545,418000,subst,SUBST,Substitution out,104,416258,,,,,OUT,
130877,30373-A-2,,BRA,MEX,Q3,5:34,57,43,546,419000,subst,SUBST,Substitution in,104,416129,,,,,IN,
130877,30373-A-2,,BRA,MEX,Q3,5:15,57,43,548,421000,shot,P3,3pt jump shot from center missed,104,417035,False,3,157,170,,
130877,30373-A-2,,BRA,MEX,Q3,5:12,57,43,549,421002,unknwown,REB,defensive rebound,27,383772,,,,,,
130877,30373-A-2,,BRA,MEX,Q3,5:00,57,43,553,425000,unknwown,FOUL,personal foul,104,417035,,,,,,
130877,30373-A-2,,BRA,MEX,Q3,5:00,57,43,554,425002,unknwown,RFOUL,foul drawn,27,330047,,,,,,
130877,30373-A-2,,BRA,MEX,Q3,4:46,60,43,556,427000,shot,P3,3pt jump shot made,27,330039,True,3,218,142,,
130877,30373-A-2,,BRA,MEX,Q3,4:46,60,43,557,427001,unknwown,ASS,made the assist,27,383772,,,,,,
130877,30373-A-2,,BRA,MEX,Q3,4:33,60,45,558,428000,shot,P2,2pt jump shot made,104,416257,True,2,61,33,,
130877,30373-A-2,,BRA,MEX,Q3,4:26,60,45,560,430000,subst,SUBST,Substitution out,27,330047,,,,,OUT,
130877,30373-A-2,,BRA,MEX,Q3,4:26,60,45,561,431000,subst,SUBST,Substitution out,27,330039,,,,,OUT,
130877,30373-A-2,,BRA,MEX,Q3,4:26,60,45,562,432000,subst,SUBST,Substitution in,27,416911,,,,,IN,
130877,30373-A-2,,BRA,MEX,Q3,4:26,60,45,563,433000,subst,SUBST,Substitution in,27,405101,,,,,IN,
130877,30373-A-2,,BRA,MEX,Q3,4:17,60,45,568,438000,unknwown,FOUL,personal foul,104,417035,,,,,,
130877,30373-A-2,,BRA,MEX,Q3,4:17,60,45,569,438002,unknwown,RFOUL,foul drawn,27,405101,,,,,,
130877,30373-A-2,,BRA,MEX,Q3,4:17,60,45,570,439000,subst,SUBST,Substitution out,104,417035,,,,,OUT,
130877,30373-A-2,,BRA,MEX,Q3,4:17,60,45,571,440000,subst,SUBST,Substitution in,104,417033,,,,,IN,
130877,30373-A-2,,BRA,MEX,Q3,4:14,60,45,573,442000,shot,P2,"2PtsFG inside left, jump shot missed",27,331414,False,2,92,91,,
130877,30373-A-2,,BRA,MEX,Q3,4:13,60,45,575,442002,unknwown,REB,defensive rebound,104,377100,,,,,,
130877,30373-A-2,,BRA,MEX,Q3,4:12,60,45,578,446000,unknwown,FOUL,personal foul; 2 free throws awarded,27,393060,,,,,,
130877,30373-A-2,,BRA,MEX,Q3,4:12,60,45,579,446002,unknwown,RFOUL,foul drawn,104,377100,,,,,,
130877,30373-A-2,,BRA,MEX,Q3,4:12,60,45,580,447000,subst,SUBST,Substitution out,27,331414,,,,,OUT,
130877,30373-A-2,,BRA,MEX,Q3,4:12,60,45,581,448000,subst,SUBST,Substitution out,27,393060,,,,,OUT,
130877,30373-A-2,,BRA,MEX,Q3,4:12,60,45,582,449000,subst,SUBST,Substitution in,27,375131,,,,,IN,
130877,30373-A-2,,BRA,MEX,Q3,4:12,60,45,583,450000,subst,SUBST,Substitution in,27,330039,,,,,IN,
130877,30373-A-2,,BRA,MEX,Q3,4:12,60,45,584,451000,shot,FT,1st of 2 free throws missed,104,377100,False,1,0,0,,
130877,30373-A-2,,BRA,MEX,Q3,4:12,60,46,585,452000,shot,FT,2nd of 2 free throws made,104,377100,True,1,0,0,,
130877,30373-A-2,,BRA,MEX,Q3,3:53,60,46,587,454000,shot,P3,3pt jump shot missed,27,330039,False,3,238,149,,
130877,30373-A-2,,BRA,MEX,Q3,3:51,60,46,588,454002,unknwown,REB,defensive rebound,104,417033,,,,,,
130877,30373-A-2,,BRA,MEX,Q3,3:42,60,46,589,455000,shot,P2,2pt step back jump shot missed,104,416129,False,2,52,56,,
130877,30373-A-2,,BRA,MEX,Q3,3:39,60,46,590,455002,unknwown,REB,defensive rebound,27,383772,,,,,,
130877,30373-A-2,,BRA,MEX,Q3,3:32,60,46,592,457000,unknwown,FOUL,personal foul; 2 free throws awarded,104,416129,,,,,,
130877,30373-A-2,,BRA,MEX,Q3,3:32,60,46,593,457002,unknwown,RFOUL,foul drawn,27,383772,,,,,,
130877,30373-A-2,,BRA,MEX,Q3,3:32,60,46,594,458000,shot,FT,1st of 2 free throws missed,27,383772,False,1,0,0,,
130877,30373-A-2,,BRA,MEX,Q3,3:32,61,46,595,459000,shot,FT,2nd of 2 free throws made,27,383772,True,1,0,0,,
130877,30373-A-2,,BRA,MEX,Q3,3:19,61,46,597,461000,unknwown,TO,turnover; bad pass,104,417033,,,,,,
130877,30373-A-2,,BRA,MEX,Q3,3:19,61,46,598,461001,unknwown,ST,steal,27,383772,,,,,,
130877,30373-A-2,,BRA,MEX,Q3,3:13,63,46,599,462000,shot,P2,"2PtsFG under the basket, points from fastbreak + after turnover, driving layup made",27,330039,True,2,137,29,,
130877,30373-A-2,,BRA,MEX,Q3,2:59,63,46,600,463000,unknwown,TO,turnover; bad pass,104,416257,,,,,,
130877,30373-A-2,,BRA,MEX,Q3,2:59,63,46,601,463001,unknwown,ST,steal,27,330039,,,,,,
130877,30373-A-2,,BRA,MEX,Q3,2:55,65,46,602,464000,shot,P2,"2PtsFG under the basket, points from fastbreak + after turnover, layup made",27,383772,True,2,140,34,,
130877,30373-A-2,,BRA,MEX,Q3,2:55,65,46,603,464001,unknwown,ASS,made the assist,27,330039,,,,,,
130877,30373-A-2,,BRA,MEX,Q3,2:39,65,46,605,466000,unknwown,FOUL,offensive foul,104,377100,,,,,,
130877,30373-A-2,,BRA,MEX,Q3,2:39,65,46,606,466001,unknwown,TO,turnover,104,377100,,,,,,
130877,30373-A-2,,BRA,MEX,Q3,2:39,65,46,607,466002,unknwown,RFOUL,foul drawn,27,416911,,,,,,
130877,30373-A-2,,BRA,MEX,Q3,2:39,65,46,608,467000,subst,SUBST,Substitution out,27,330039,,,,,OUT,
130877,30373-A-2,,BRA,MEX,Q3,2:39,65,46,609,468000,subst,SUBST,Substitution in,27,384600,,,,,IN,
130877,30373-A-2,,BRA,MEX,Q3,2:39,65,46,611,470000,subst,SUBST,Substitution out,104,377100,,,,,OUT,
130877,30373-A-2,,BRA,MEX,Q3,2:39,65,46,612,471000,subst,SUBST,Substitution in,104,377234,,,,,IN,
130877,30373-A-2,,BRA,MEX,Q3,2:39,65,46,613,472000,subst,SUBST,Substitution in,104,417036,,,,,IN,
130877,30373-A-2,,BRA,MEX,Q3,2:39,65,46,614,473000,subst,SUBST,Substitution out,104,417033,,,,,OUT,
130877,30373-A-2,,BRA,MEX,Q3,2:19,65,46,617,476000,shot,P3,3pt jump shot missed,27,405101,False,3,229,139,,
130877,30373-A-2,,BRA,MEX,Q3,2:19,65,46,618,476002,unknwown,REB,offensive rebound,27,375131,,,,,,
130877,30373-A-2,,BRA,MEX,Q3,2:19,67,46,619,477000,shot,P2,"2PtsFG under the basket, points from second chance + after turnover, layup made",27,375131,True,2,128,34,,
130877,30373-A-2,,BRA,MEX,Q3,2:19,67,46,620,478000,unknwown,FOUL,personal foul; 1 free throw awarded,104,416257,,,,,,
130877,30373-A-2,,BRA,MEX,Q3,2:19,67,46,621,478002,unknwown,RFOUL,foul drawn,27,375131,,,,,,
130877,30373-A-2,,BRA,MEX,Q3,2:19,68,46,622,479000,shot,FT,1st of 1 free throw made,27,375131,True,1,0,0,,
130877,30373-A-2,,BRA,MEX,Q3,2:19,68,46,623,480000,subst,SUBST,Substitution out,104,416257,,,,,OUT,
130877,30373-A-2,,BRA,MEX,Q3,2:19,68,46,624,481000,subst,SUBST,Substitution in,104,416264,,,,,IN,
130877,30373-A-2,,BRA,MEX,Q3,2:06,68,46,626,483000,unknwown,TO,turnover; bad pass,104,377234,,,,,,
130877,30373-A-2,,BRA,MEX,Q3,2:06,68,46,627,483001,unknwown,ST,steal,27,383772,,,,,,
130877,30373-A-2,,BRA,MEX,Q3,2:01,70,46,628,484000,shot,P2,"2PtsFG under the basket, points from fastbreak + after turnover, driving layup made",27,383772,True,2,136,32,,
130877,30373-A-2,,BRA,MEX,Q3,1:46,70,46,629,485000,shot,P3,3pt jump shot missed,104,416264,False,3,9,43,,
130877,30373-A-2,,BRA,MEX,Q3,1:43,70,46,630,485002,unknwown,REB,defensive rebound,27,405101,,,,,,
130877,30373-A-2,,BRA,MEX,Q3,1:30,73,46,631,486000,shot,P3,3pt jump shot from center made,27,375131,True,3,153,168,,
130877,30373-A-2,,BRA,MEX,Q3,1:30,73,46,632,486001,unknwown,ASS,made the assist,27,405101,,,,,,
130877,30373-A-2,,BRA,MEX,Q3,1:15,73,46,634,488000,subst,SUBST,Substitution out,27,383772,,,,,OUT,
130877,30373-A-2,,BRA,MEX,Q3,1:15,73,46,635,489000,subst,SUBST,Substitution in,27,393068,,,,,IN,
130877,30373-A-2,,BRA,MEX,Q3,1:05,73,48,637,491000,shot,P2,2pt fadeaway jump shot made,104,369235,True,2,168,49,,
130877,30373-A-2,,BRA,MEX,Q3,1:05,73,48,638,491001,unknwown,ASS,made the assist,104,377234,,,,,,
130877,30373-A-2,,BRA,MEX,Q3,0:56,73,48,639,492000,unknwown,TO,turnover; bad pass,27,405101,,,,,,
130877,30373-A-2,,BRA,MEX,Q3,0:56,73,48,640,492001,unknwown,ST,steal,104,416264,,,,,,
130877,30373-A-2,,BRA,MEX,Q3,0:52,73,50,641,493000,shot,P2,"2PtsFG under the basket, points from fastbreak + after turnover, driving layup made",104,416264,True,2,141,44,,
130877,30373-A-2,,BRA,MEX,Q3,0:41,73,50,645,497000,unknwown,FOUL,personal foul; 2 free throws awarded,104,416264,,,,,,
130877,30373-A-2,,BRA,MEX,Q3,0:41,73,50,646,497002,unknwown,RFOUL,foul drawn,27,416911,,,,,,
130877,30373-A-2,,BRA,MEX,Q3,0:41,73,50,647,498000,subst,SUBST,Substitution out,27,405101,,,,,OUT,
130877,30373-A-2,,BRA,MEX,Q3,0:41,73,50,648,499000,subst,SUBST,Substitution in,27,393060,,,,,IN,
130877,30373-A-2,,BRA,MEX,Q3,0:41,74,50,649,500000,shot,FT,1st of 2 free throws made,27,416911,True,1,0,0,,
130877,30373-A-2,,BRA,MEX,Q3,0:41,75,50,650,501000,shot,FT,2nd of 2 free throws made,27,416911,True,1,0,0,,
130877,30373-A-2,,BRA,MEX,Q3,0:24,75,50,654,505000,shot,P2,"2PtsFG inside right, jump shot missed",104,369235,False,2,230,65,,
130877,30373-A-2,,BRA,MEX,Q3,0:22,75,50,655,505002,unknwown,REB,defensive rebound,27,375131,,,,,,
130877,30373-A-2,,BRA,MEX,Q3,0:16,75,50,657,507000,shot,P2,"2PtsFG under the basket, driving layup missed",27,375131,False,2,138,37,,
130877,30373-A-2,,BRA,MEX,Q3,0:16,75,50,658,507002,unknwown,REB,offensive rebound,27,384600,,,,,,
130877,30373-A-2,,BRA,MEX,Q3,0:15,75,50,661,510000,unknwown,FOUL,personal foul; 2 free throws awarded,104,377234,,,,,,
130877,30373-A-2,,BRA,MEX,Q3,0:15,75,50,662,510002,unknwown,RFOUL,foul drawn,27,384600,,,,,,
130877,30373-A-2,,BRA,MEX,Q3,0:15,76,50,663,511000,shot,FT,1st of 2 free throws made,27,384600,True,1,0,0,,
130877,30373-A-2,,BRA,MEX,Q3,0:15,77,50,664,512000,shot,FT,2nd of 2 free throws made,27,384600,True,1,0,0,,
130877,30373-A-2,,BRA,MEX,Q3,0:05,77,50,668,516000,unknwown,TO,turnover; bad pass,104,416129,,,,,,
130877,30373-A-2,,BRA,MEX,Q3,0:05,77,50,669,516001,unknwown,ST,steal,27,393068,,,,,,
130877,30373-A-2,,BRA,MEX,Q3,0:02,77,50,671,518000,unknwown,TO,turnover; out of bounds,27,375131,,,,,,
130877,30373-A-2,,BRA,MEX,Q3,0:01,77,50,674,521000,shot,P3,3pt jump shot missed,104,416264,False,3,151,180,,
130877,30373-A-2,,BRA,MEX,Q3,0:01,77,50,678,521001,unknwown,BS,blocked the shot,27,393068,,,,,,
130877,30373-A-2,,BRA,MEX,Q3,0:01,77,50,675,521002,unknwown,REB,defensive rebound,27,393068,,,,,,
130877,30373-A-2,,BRA,MEX,Q3,0:00,77,50,679,524000,periods,ENDP,End of Period,,,,,,,,
130877,30373-A-2,,BRA,MEX,Q4,10:00,77,50,680,525000,subst,SUBST,Substitution out,104,416129,,,,,OUT,
130877,30373-A-2,,BRA,MEX,Q4,10:00,77,50,681,526000,subst,SUBST,Substitution out,104,377234,,,,,OUT,
130877,30373-A-2,,BRA,MEX,Q4,10:00,77,50,682,527000,subst,SUBST,Substitution out,104,417036,,,,,OUT,
130877,30373-A-2,,BRA,MEX,Q4,10:00,77,50,683,528000,subst,SUBST,Substitution in,104,416258,,,,,IN,
130877,30373-A-2,,BRA,MEX,Q4,10:00,77,50,684,529000,subst,SUBST,Substitution in,104,416181,,,,,IN,
130877,30373-A-2,,BRA,MEX,Q4,10:00,77,50,685,530000,subst,SUBST,Substitution in,104,416257,,,,,IN,
130877,30373-A-2,,BRA,MEX,Q4,10:00,77,50,686,531000,periods,STARTP,Start of Period,,,,,,,,
130877,30373-A-2,,BRA,MEX,Q4,9:48,77,50,688,533000,shot,P3,3pt jump shot missed,104,416264,False,3,213,165,,
130877,30373-A-2,,BRA,MEX,Q4,9:46,77,50,689,533002,unknwown,REB,defensive rebound,27,393068,,,,,,
130877,30373-A-2,,BRA,MEX,Q4,9:41,77,50,690,534000,shot,P3,3pt jump shot from center missed,27,393060,False,3,195,172,,
130877,30373-A-2,,BRA,MEX,Q4,9:39,77,50,691,534002,unknwown,REB,defensive rebound,104,369235,,,,,,
130877,30373-A-2,,BRA,MEX,Q4,9:28,77,50,692,535000,shot,P2,"2PtsFG under the basket, driving layup missed",104,416258,False,2,126,30,,
130877,30373-A-2,,BRA,MEX,Q4,9:25,77,50,693,535002,unknwown,REB,offensive rebound,104,416181,,,,,,
130877,30373-A-2,,BRA,MEX,Q4,9:24,77,50,694,536000,shot,P2,"2PtsFG under the basket, jump shot missed",104,416181,False,2,140,40,,
130877,30373-A-2,,BRA,MEX,Q4,9:22,77,50,695,536002,unknwown,REB,defensive rebound,27,375131,,,,,,
130877,30373-A-2,,BRA,MEX,Q4,9:05,77,50,699,540000,unknwown,FOUL,personal foul; 2 free throws awarded,104,416258,,,,,,
130877,30373-A-2,,BRA,MEX,Q4,9:05,77,50,700,540002,unknwown,RFOUL,foul drawn,27,416911,,,,,,
130877,30373-A-2,,BRA,MEX,Q4,9:05,78,50,701,541000,shot,FT,1st of 2 free throws made,27,416911,True,1,0,0,,
130877,30373-A-2,,BRA,MEX,Q4,9:05,79,50,702,542000,shot,FT,2nd of 2 free throws made,27,416911,True,1,0,0,,
130877,30373-A-2,,BRA,MEX,Q4,8:55,79,50,706,546000,shot,P2,"2PtsFG inside right, jump shot missed",104,416257,False,2,234,66,,
130877,30373-A-2,,BRA,MEX,Q4,8:53,79,50,707,546002,unknwown,REB,offensive rebound,104,369235,,,,,,
130877,30373-A-2,,BRA,MEX,Q4,8:47,79,50,709,548000,unknwown,FOUL,personal foul; 2 free throws awarded,27,384600,,,,,,
130877,30373-A-2,,BRA,MEX,Q4,8:47,79,50,710,548002,unknwown,RFOUL,foul drawn,104,416181,,,,,,
130877,30373-A-2,,BRA,MEX,Q4,8:47,79,51,711,549000,shot,FT,1st of 2 free throws made,104,416181,True,1,0,0,,
130877,30373-A-2,,BRA,MEX,Q4,8:47,79,51,713,551000,shot,FT,2nd of 2 free throws missed,104,416181,False,1,0,0,,
130877,30373-A-2,,BRA,MEX,Q4,8:45,79,51,714,551002,unknwown,REB,defensive rebound,27,375131,,,,,,
130877,30373-A-2,,BRA,MEX,Q4,8:29,79,51,715,552000,shot,P2,2pt jump shot missed,27,416911,False,2,180,98,,
130877,30373-A-2,,BRA,MEX,Q4,8:29,79,51,716,552001,unknwown,BS,blocked the shot,104,416257,,,,,,
130877,30373-A-2,,BRA,MEX,Q4,8:25,79,51,717,552002,unknwown,REB,defensive rebound,104,416257,,,,,,
130877,30373-A-2,,BRA,MEX,Q4,8:23,79,51,718,553000,shot,P2,"2PtsFG under the basket, driving layup missed",104,416257,False,2,134,44,,
130877,30373-A-2,,BRA,MEX,Q4,8:23,79,51,719,553001,unknwown,BS,blocked the shot,27,384600,,,,,,
130877,30373-A-2,,BRA,MEX,Q4,8:18,79,51,720,553002,unknwown,REB,defensive rebound,27,416911,,,,,,
130877,30373-A-2,,BRA,MEX,Q4,8:17,79,51,724,557000,unknwown,FOUL,unsportsmanlike foul; 2 free throws awarded,27,416911,,,,,,
130877,30373-A-2,,BRA,MEX,Q4,8:17,79,51,725,557001,unknwown,TO,turnover,27,416911,,,,,,
130877,30373-A-2,,BRA,MEX,Q4,8:17,79,51,726,557002,unknwown,RFOUL,foul drawn,104,416264,,,,,,
130877,30373-A-2,,BRA,MEX,Q4,8:17,79,51,727,558000,shot,FT,1st of 2 free throws missed,104,416264,False,1,0,0,,
130877,30373-A-2,,BRA,MEX,Q4,8:17,79,52,728,559000,shot,FT,2nd of 2 free throws made,104,416264,True,1,0,0,,
130877,30373-A-2,,BRA,MEX,Q4,8:17,79,52,729,560000,unknwown,CFOUL,Technical foul coach,27,,,,,,,
130877,30373-A-2,,BRA,MEX,Q4,8:17,79,53,730,561000,shot,FT,1st free throw made,104,416257,True,1,0,0,,
130877,30373-A-2,,BRA,MEX,Q4,8:03,79,53,732,563000,shot,P2,"2PtsFG under the basket, dunk missed",104,369235,False,2,149,27,,
130877,30373-A-2,,BRA,MEX,Q4,8:00,79,53,733,563002,unknwown,REB,defensive rebound,27,384600,,,,,,
130877,30373-A-2,,BRA,MEX,Q4,7:58,79,53,737,567000,unknwown,TO,turnover; ball handling,27,416911,,,,,,
130877,30373-A-2,,BRA,MEX,Q4,7:58,79,53,738,568000,subst,SUBST,Substitution out,27,416911,,,,,OUT,
130877,30373-A-2,,BRA,MEX,Q4,7:58,79,53,739,569000,subst,SUBST,Substitution in,27,405082,,,,,IN,
130877,30373-A-2,,BRA,MEX,Q4,7:38,79,53,741,571000,shot,P3,3pt jump shot missed,104,416257,False,3,227,145,,
130877,30373-A-2,,BRA,MEX,Q4,7:36,79,53,742,571002,unknwown,REB,defensive rebound,27,393068,,,,,,
130877,30373-A-2,,BRA,MEX,Q4,7:32,81,53,743,572000,shot,P2,"2PtsFG under the basket, fast break, driving layup made",27,375131,True,2,151,31,,
130877,30373-A-2,,BRA,MEX,Q4,7:21,81,53,744,573000,shot,P2,"2PtsFG under the basket, turnaround jump shot missed",104,416181,False,2,153,18,,
130877,30373-A-2,,BRA,MEX,Q4,7:18,81,53,745,573002,unknwown,REB,defensive rebound,27,384600,,,,,,
130877,30373-A-2,,BRA,MEX,Q4,7:07,83,53,750,578000,shot,P2,"2PtsFG under the basket, driving layup made",27,393060,True,2,141,39,,
130877,30373-A-2,,BRA,MEX,Q4,6:44,83,53,751,579000,shot,P2,"2PtsFG inside right, jump shot missed",104,416181,False,2,221,57,,
130877,30373-A-2,,BRA,MEX,Q4,6:42,83,53,752,579002,unknwown,REB,offensive rebound,104,416258,,,,,,
130877,30373-A-2,,BRA,MEX,Q4,6:32,83,56,753,580000,shot,P3,3pt jump shot made,104,416264,True,3,268,27,,
130877,30373-A-2,,BRA,MEX,Q4,6:32,83,56,754,580001,unknwown,ASS,made the assist,104,416258,,,,,,
130877,30373-A-2,,BRA,MEX,Q4,6:23,86,56,755,581000,shot,P3,3pt jump shot made,27,393060,True,3,228,135,,
130877,30373-A-2,,BRA,MEX,Q4,6:23,86,56,756,581001,unknwown,ASS,made the assist,27,384600,,,,,,
130877,30373-A-2,,BRA,MEX,Q4,6:04,86,56,757,582000,shot,P3,3pt jump shot missed,104,416257,False,3,35,119,,
130877,30373-A-2,,BRA,MEX,Q4,6:02,86,56,758,582002,unknwown,REB,defensive rebound,27,393060,,,,,,
130877,30373-A-2,,BRA,MEX,Q4,5:57,86,56,762,586000,unknwown,FOUL,offensive foul,27,375131,,,,,,
130877,30373-A-2,,BRA,MEX,Q4,5:57,86,56,763,586001,unknwown,TO,turnover,27,375131,,,,,,
130877,30373-A-2,,BRA,MEX,Q4,5:57,86,56,764,586002,unknwown,RFOUL,foul drawn,104,416264,,,,,,
130877,30373-A-2,,BRA,MEX,Q4,5:57,86,56,766,588000,subst,SUBST,Substitution out,27,375131,,,,,OUT,
130877,30373-A-2,,BRA,MEX,Q4,5:57,86,56,767,589000,subst,SUBST,Substitution out,27,393060,,,,,OUT,
130877,30373-A-2,,BRA,MEX,Q4,5:57,86,56,768,590000,subst,SUBST,Substitution in,27,331414,,,,,IN,
130877,30373-A-2,,BRA,MEX,Q4,5:57,86,56,769,591000,subst,SUBST,Substitution in,27,330047,,,,,IN,
130877,30373-A-2,,BRA,MEX,Q4,5:57,86,56,770,592000,subst,SUBST,Substitution out,104,416181,,,,,OUT,
130877,30373-A-2,,BRA,MEX,Q4,5:57,86,56,771,593000,subst,SUBST,Substitution in,104,417036,,,,,IN,
130877,30373-A-2,,BRA,MEX,Q4,5:51,86,56,772,594000,unknwown,TO,turnover; bad pass,104,417036,,,,,,
130877,30373-A-2,,BRA,MEX,Q4,5:51,86,56,773,594001,unknwown,ST,steal,27,331414,,,,,,
130877,30373-A-2,,BRA,MEX,Q4,5:47,88,56,774,595000,shot,P2,"2PtsFG under the basket, points from fastbreak + after turnover, dunk made",27,331414,True,2,143,36,,
130877,30373-A-2,,BRA,MEX,Q4,5:23,88,56,775,596000,shot,P2,2pt floating jump shot missed,104,416258,False,2,161,46,,
130877,30373-A-2,,BRA,MEX,Q4,5:21,88,56,776,596002,unknwown,REB,offensive rebound,104,416264,,,,,,
130877,30373-A-2,,BRA,MEX,Q4,5:18,88,58,777,597000,shot,P2,"2PtsFG under the basket, dunk made",104,369235,True,2,141,27,,
130877,30373-A-2,,BRA,MEX,Q4,5:18,88,58,778,597001,unknwown,ASS,made the assist,104,416257,,,,,,
130877,30373-A-2,,BRA,MEX,Q4,5:02,88,58,779,598000,shot,P2,2pt floating jump shot missed,27,330047,False,2,128,57,,
130877,30373-A-2,,BRA,MEX,Q4,4:59,88,58,780,598002,unknwown,REB,defensive rebound,104,416264,,,,,,
130877,30373-A-2,,BRA,MEX,Q4,4:48,88,60,781,599000,shot,P2,"2PtsFG under the basket, driving layup made",104,416257,True,2,143,38,,
130877,30373-A-2,,BRA,MEX,Q4,4:35,88,60,783,601000,shot,P3,3pt jump shot missed,27,393068,False,3,5,51,,
130877,30373-A-2,,BRA,MEX,Q4,4:34,88,60,784,601002,unknwown,REB,offensive rebound,27,331414,,,,,,
130877,30373-A-2,,BRA,MEX,Q4,4:32,88,60,789,606000,unknwown,FOUL,personal foul,104,416258,,,,,,
130877,30373-A-2,,BRA,MEX,Q4,4:32,88,60,790,606002,unknwown,RFOUL,foul drawn,27,331414,,,,,,
130877,30373-A-2,,BRA,MEX,Q4,4:32,88,60,791,607000,subst,SUBST,Substitution out,27,384600,,,,,OUT,
130877,30373-A-2,,BRA,MEX,Q4,4:32,88,60,792,608000,subst,SUBST,Substitution in,27,393861,,,,,IN,
130877,30373-A-2,,BRA,MEX,Q4,4:32,88,60,793,609000,subst,SUBST,Substitution out,104,416258,,,,,OUT,
130877,30373-A-2,,BRA,MEX,Q4,4:32,88,60,794,610000,subst,SUBST,Substitution in,104,415754,,,,,IN,
130877,30373-A-2,,BRA,MEX,Q4,4:23,88,60,796,612000,shot,P2,"2PtsFG inside right, jump shot missed",27,330047,False,2,197,87,,
130877,30373-A-2,,BRA,MEX,Q4,4:21,88,60,798,612002,unknwown,REB,offensive rebound,27,393068,,,,,,
130877,30373-A-2,,BRA,MEX,Q4,4:20,88,60,801,616000,unknwown,FOUL,personal foul,104,415754,,,,,,
130877,30373-A-2,,BRA,MEX,Q4,4:20,88,60,802,616002,unknwown,RFOUL,foul drawn,27,393068,,,,,,
130877,30373-A-2,,BRA,MEX,Q4,4:20,88,60,803,617000,subst,SUBST,Substitution out,27,393068,,,,,OUT,
130877,30373-A-2,,BRA,MEX,Q4,4:20,88,60,804,618000,subst,SUBST,Substitution in,27,330039,,,,,IN,
130877,30373-A-2,,BRA,MEX,Q4,4:07,88,60,806,620000,shot,P3,3pt jump shot missed,27,330039,False,3,271,29,,
130877,30373-A-2,,BRA,MEX,Q4,4:03,88,60,807,620002,unknwown,REB,offensive rebound,27,405082,,,,,,
130877,30373-A-2,,BRA,MEX,Q4,4:03,90,60,808,621000,shot,P2,2PtsFG under the basket made,27,405082,True,2,140,31,,
130877,30373-A-2,,BRA,MEX,Q4,3:54,90,60,810,623000,unknwown,TO,turnover; bad pass,104,415754,,,,,,
130877,30373-A-2,,BRA,MEX,Q4,3:45,92,60,812,625000,shot,P2,"2PtsFG under the basket, points after turnover, driving layup made",27,330047,True,2,152,38,,
130877,30373-A-2,,BRA,MEX,Q4,3:32,92,63,813,626000,shot,P3,3pt step back jump shot made,104,416257,True,3,237,127,,
130877,30373-A-2,,BRA,MEX,Q4,3:10,94,63,814,627000,shot,P2,"2PtsFG under the basket, driving layup made",27,331414,True,2,137,34,,
130877,30373-A-2,,BRA,MEX,Q4,2:59,94,65,815,628000,shot,P2,"2PtsFG under the basket, driving layup made",104,416264,True,2,137,36,,
130877,30373-A-2,,BRA,MEX,Q4,2:46,94,65,819,632000,unknwown,FOUL,personal foul; 2 free throws awarded,104,416257,,,,,,
130877,30373-A-2,,BRA,MEX,Q4,2:46,94,65,820,632002,unknwown,RFOUL,foul drawn,27,330047,,,,,,
130877,30373-A-2,,BRA,MEX,Q4,2:46,94,65,821,633000,subst,SUBST,Substitution out,27,331414,,,,,OUT,
130877,30373-A-2,,BRA,MEX,Q4,2:46,94,65,822,634000,subst,SUBST,Substitution out,27,330039,,,,,OUT,
130877,30373-A-2,,BRA,MEX,Q4,2:46,94,65,823,635000,subst,SUBST,Substitution in,27,375131,,,,,IN,
130877,30373-A-2,,BRA,MEX,Q4,2:46,94,65,824,636000,subst,SUBST,Substitution in,27,393060,,,,,IN,
130877,30373-A-2,,BRA,MEX,Q4,2:46,94,65,825,637000,shot,FT,1st of 2 free throws missed,27,330047,False,1,0,0,,
130877,30373-A-2,,BRA,MEX,Q4,2:46,95,65,826,638000,shot,FT,2nd of 2 free throws made,27,330047,True,1,0,0,,
130877,30373-A-2,,BRA,MEX,Q4,2:46,95,65,827,639000,subst,SUBST,Substitution out,27,330047,,,,,OUT,
130877,30373-A-2,,BRA,MEX,Q4,2:46,95,65,828,640000,subst,SUBST,Substitution in,27,383772,,,,,IN,
130877,30373-A-2,,BRA,MEX,Q4,2:46,95,65,829,641000,subst,SUBST,Substitution out,104,369235,,,,,OUT,
130877,30373-A-2,,BRA,MEX,Q4,2:46,95,65,830,642000,subst,SUBST,Substitution out,104,416257,,,,,OUT,
130877,30373-A-2,,BRA,MEX,Q4,2:46,95,65,831,643000,subst,SUBST,Substitution in,104,417035,,,,,IN,
130877,30373-A-2,,BRA,MEX,Q4,2:46,95,65,832,644000,subst,SUBST,Substitution in,104,377100,,,,,IN,
130877,30373-A-2,,BRA,MEX,Q4,2:33,95,67,834,646000,shot,P2,"2PtsFG under the basket, driving layup made",104,417036,True,2,140,30,,
130877,30373-A-2,,BRA,MEX,Q4,2:18,95,67,838,650000,unknwown,FOUL,offensive foul,27,393861,,,,,,
130877,30373-A-2,,BRA,MEX,Q4,2:18,95,67,839,650001,unknwown,TO,turnover,27,393861,,,,,,
130877,30373-A-2,,BRA,MEX,Q4,2:18,95,67,840,650002,unknwown,RFOUL,foul drawn,104,416264,,,,,,
130877,30373-A-2,,BRA,MEX,Q4,2:04,95,67,842,652000,unknwown,TO,turnover; bad pass,104,416264,,,,,,
130877,30373-A-2,,BRA,MEX,Q4,2:04,95,67,843,652001,unknwown,ST,steal,27,405082,,,,,,
130877,30373-A-2,,BRA,MEX,Q4,2:01,95,67,845,654000,shot,P2,"2PtsFG under the basket, points after turnover, driving layup missed",27,405082,False,2,141,32,,
130877,30373-A-2,,BRA,MEX,Q4,2:01,95,67,846,654002,unknwown,REB,offensive rebound,27,375131,,,,,,
130877,30373-A-2,,BRA,MEX,Q4,2:00,97,67,849,657000,shot,P2,"2PtsFG under the basket, points from second chance + fastbreak + after turnover, layup made",27,375131,True,2,137,32,,
130877,30373-A-2,,BRA,MEX,Q4,2:00,97,67,850,658000,unknwown,FOUL,personal foul; 1 free throw awarded,104,415754,,,,,,
130877,30373-A-2,,BRA,MEX,Q4,2:00,97,67,851,658002,unknwown,RFOUL,foul drawn,27,375131,,,,,,
130877,30373-A-2,,BRA,MEX,Q4,2:00,98,67,852,659000,shot,FT,1st of 1 free throw made,27,375131,True,1,0,0,,
130877,30373-A-2,,BRA,MEX,Q4,1:47,98,67,856,663000,unknwown,TO,turnover; bad pass,104,377100,,,,,,
130877,30373-A-2,,BRA,MEX,Q4,1:47,98,67,857,663001,unknwown,ST,steal,27,375131,,,,,,
130877,30373-A-2,,BRA,MEX,Q4,1:44,100,67,858,664000,shot,P2,"2PtsFG under the basket, points from fastbreak + after turnover, dunk made",27,375131,True,2,149,32,,
130877,30373-A-2,,BRA,MEX,Q4,1:36,100,67,860,666000,unknwown,FOUL,personal foul; 2 free throws awarded,27,393060,,,,,,
130877,30373-A-2,,BRA,MEX,Q4,1:36,100,67,861,666002,unknwown,RFOUL,foul drawn,104,415754,,,,,,
130877,30373-A-2,,BRA,MEX,Q4,1:36,100,67,862,667000,timeout,TIMO,Timeout,104,,,,,,,
130877,30373-A-2,,BRA,MEX,Q4,1:36,100,67,863,668000,shot,FT,1st of 2 free throws missed,104,415754,False,1,0,0,,
130877,30373-A-2,,BRA,MEX,Q4,1:36,100,68,864,669000,shot,FT,2nd of 2 free throws made,104,415754,True,1,0,0,,
130877,30373-A-2,,BRA,MEX,Q4,1:18,100,68,868,673000,shot,P2,2pt jump shot missed,27,393861,False,2,133,12,,
130877,30373-A-2,,BRA,MEX,Q4,1:18,100,68,869,673001,unknwown,BS,blocked the shot,104,377100,,,,,,
130877,30373-A-2,,BRA,MEX,Q4,1:15,100,68,870,673002,unknwown,REB,defensive rebound,104,377100,,,,,,
130877,30373-A-2,,BRA,MEX,Q4,1:10,100,68,871,674000,shot,P2,2pt jump shot missed,104,415754,False,2,142,72,,
130877,30373-A-2,,BRA,MEX,Q4,1:07,100,68,872,674002,unknwown,REB,defensive rebound,27,393060,,,,,,
130877,30373-A-2,,BRA,MEX,Q4,0:51,103,68,876,678000,shot,P3,3pt jump shot made,27,375131,True,3,31,110,,
130877,30373-A-2,,BRA,MEX,Q4,0:51,103,68,877,678001,unknwown,ASS,made the assist,27,383772,,,,,,
130877,30373-A-2,,BRA,MEX,Q4,0:51,103,68,878,679000,unknwown,VTR,Head coach's challenge unsuccessful,27,,,,,,,
130877,30373-A-2,,BRA,MEX,Q4,0:51,103,68,879,680000,subst,SUBST,Substitution out,27,393861,,,,,OUT,
130877,30373-A-2,,BRA,MEX,Q4,0:51,103,68,880,681000,subst,SUBST,Substitution in,27,393068,,,,,IN,
130877,30373-A-2,,BRA,MEX,Q4,0:51,103,68,881,682000,subst,SUBST,Substitution out,104,377100,,,,,OUT,
130877,30373-A-2,,BRA,MEX,Q4,0:51,103,68,882,683000,subst,SUBST,Substitution in,104,416181,,,,,IN,
130877,30373-A-2,,BRA,MEX,Q4,0:40,103,68,884,685000,unknwown,TO,turnover; ball handling,104,415754,,,,,,
130877,30373-A-2,,BRA,MEX,Q4,0:40,103,68,886,685001,unknwown,ST,steal,27,393068,,,,,,
130877,30373-A-2,,BRA,MEX,Q4,0:37,103,68,891,691000,unknwown,TO,turnover; double dribble,27,393068,,,,,,
130877,30373-A-2,,BRA,MEX,Q4,0:37,103,68,892,692000,unknwown,FOUL,personal foul; 2 free throws awarded,27,405082,,,,,,
130877,30373-A-2,,BRA,MEX,Q4,0:37,103,68,893,692002,unknwown,RFOUL,foul drawn,104,415754,,,,,,
130877,30373-A-2,,BRA,MEX,Q4,0:37,103,69,894,693000,shot,FT,Free throw made 1 of 2,104,415754,True,1,0,0,,
130877,30373-A-2,,BRA,MEX,Q4,0:37,103,70,895,694000,shot,FT,Free throw made 2 of 2,104,415754,True,1,0,0,,
130877,30373-A-2,,BRA,MEX,Q4,0:22,103,70,899,698000,shot,P3,3pt jump shot missed,27,375131,False,3,272,47,,
130877,30373-A-2,,BRA,MEX,Q4,0:20,103,70,900,698002,unknwown,REB,offensive rebound,27,405082,,,,,,
130877,30373-A-2,,BRA,MEX,Q4,0:13,103,70,901,699000,unknwown,TO,turnover; ball handling,27,393060,,,,,,
130877,30373-A-2,,BRA,MEX,Q4,0:13,103,70,902,699001,unknwown,ST,steal,104,417035,,,,,,
130877,30373-A-2,,BRA,MEX,Q4,0:09,103,70,903,700000,shot,P3,3pt jump shot missed,104,415754,False,3,243,123,,
130877,30373-A-2,,BRA,MEX,Q4,0:07,103,70,904,700002,unknwown,REB,defensive rebound,27,405082,,,,,,
130877,30373-A-2,,BRA,MEX,Q4,0:00,103,70,906,702000,periods,ENDP,End of Period,,,,,,,,
130877,30373-A-2,,BRA,MEX,Q4,0:00,103,70,907,703000,periods,ENDG,End of Game,,,,,,,,
130885,30373-B-1,,DOM,PUR,Q1,10:00,0,0,1,1000,periods,STARTG,Start of Game,,,,,,,,
130885,30373-B-1,,DOM,PUR,Q1,10:00,0,0,2,2000,periods,STARTP,Start of Period,,,,,,,,
130885,30373-B-1,,DOM,PUR,Q1,10:00,0,0,4,4000,unknwown,JS,jump ball situation; throw-in,,,,,,,,
130885,30373-B-1,,DOM,PUR,Q1,9:59,0,0,5,4001,unknwown,JB,jump ball won,51,416806,,,,,,
130885,30373-B-1,,DOM,PUR,Q1,9:59,0,0,6,4002,unknwown,JB,jump ball lost,125,416814,,,,,,
130885,30373-B-1,,DOM,PUR,Q1,9:58,0,0,10,8000,unknwown,TO,turnover; bad pass,51,390926,,,,,,
130885,30373-B-1,,DOM,PUR,Q1,9:44,0,0,17,15000,unknwown,FOUL,personal foul,51,416899,,,,,,
130885,30373-B-1,,DOM,PUR,Q1,9:44,0,0,18,15002,unknwown,RFOUL,foul drawn,125,319575,,,,,,
130885,30373-B-1,,DOM,PUR,Q1,9:34,0,0,20,17000,shot,P3,3pt jump shot missed,125,417164,False,3,27,135,,
130885,30373-B-1,,DOM,PUR,Q1,9:30,0,0,21,17002,unknwown,REB,defensive rebound,51,416806,,,,,,
130885,30373-B-1,,DOM,PUR,Q1,9:28,0,0,22,18000,shot,P3,3pt jump shot missed,51,390926,False,3,235,120,,
130885,30373-B-1,,DOM,PUR,Q1,9:23,0,0,23,18002,unknwown,REB,defensive rebound,125,416814,,,,,,
130885,30373-B-1,,DOM,PUR,Q1,9:18,0,0,24,19000,unknwown,TO,turnover; ball handling,125,319575,,,,,,
130885,30373-B-1,,DOM,PUR,Q1,9:18,0,0,25,19001,unknwown,ST,steal,51,416899,,,,,,
130885,30373-B-1,,DOM,PUR,Q1,9:12,0,0,26,20000,shot,P2,"2PtsFG under the basket, points after turnover, driving layup missed",51,416899,False,2,145,36,,
130885,30373-B-1,,DOM,PUR,Q1,9:07,0,0,27,20002,unknwown,REB,offensive rebound,51,416914,,,,,,
130885,30373-B-1,,DOM,PUR,Q1,9:07,2,0,28,21000,shot,P2,"2PtsFG under the basket, points from second chance + after turnover made",51,416914,True,2,140,31,,
130885,30373-B-1,,DOM,PUR,Q1,8:44,2,0,33,26000,shot,P2,"2PtsFG inside left, jump shot missed",125,416814,False,2,53,105,,
130885,30373-B-1,,DOM,PUR,Q1,8:41,2,0,34,26002,unknwown,REB,defensive rebound,51,416914,,,,,,
130885,30373-B-1,,DOM,PUR,Q1,8:19,2,0,35,27000,shot,P2,"2PtsFG inside right wing, jump shot missed",51,416899,False,2,202,37,,
130885,30373-B-1,,DOM,PUR,Q1,8:19,2,0,36,27001,unknwown,BS,blocked the shot,125,416814,,,,,,
130885,30373-B-1,,DOM,PUR,Q1,8:13,2,0,37,28000,unknwown,TTO,team turnover; shot clock violation,51,,,,,,,
130885,30373-B-1,,DOM,PUR,Q1,8:07,2,2,40,31000,shot,P2,"2PtsFG under the basket, points after turnover, driving layup made",125,319575,True,2,154,29,,
130885,30373-B-1,,DOM,PUR,Q1,7:46,2,2,42,33000,shot,P3,3pt jump shot missed,51,416899,False,3,50,150,,
130885,30373-B-1,,DOM,PUR,Q1,7:46,2,2,43,33002,unknwown,TREB,team defensive rebound,125,,,,,,,
130885,30373-B-1,,DOM,PUR,Q1,7:46,2,2,44,34000,unknwown,FOUL,personal foul,51,416806,,,,,,
130885,30373-B-1,,DOM,PUR,Q1,7:46,2,2,45,34002,unknwown,RFOUL,foul drawn,125,343131,,,,,,
130885,30373-B-1,,DOM,PUR,Q1,7:39,2,2,47,36000,shot,P2,2pt jump shot missed,125,319575,False,2,96,80,,
130885,30373-B-1,,DOM,PUR,Q1,7:36,2,2,48,36002,unknwown,REB,defensive rebound,51,416769,,,,,,
130885,30373-B-1,,DOM,PUR,Q1,7:32,2,2,49,37000,shot,P3,3pt jump shot from center missed,51,416769,False,3,183,173,,
130885,30373-B-1,,DOM,PUR,Q1,7:27,2,2,50,37002,unknwown,REB,defensive rebound,125,417164,,,,,,
130885,30373-B-1,,DOM,PUR,Q1,7:26,2,2,51,38000,unknwown,TO,turnover; ball handling,125,417164,,,,,,
130885,30373-B-1,,DOM,PUR,Q1,7:26,2,2,52,38001,unknwown,ST,steal,51,390926,,,,,,
130885,30373-B-1,,DOM,PUR,Q1,7:19,4,2,54,39000,shot,P2,"2PtsFG under the basket, points from fastbreak + after turnover, layup made",51,416899,True,2,122,33,,
130885,30373-B-1,,DOM,PUR,Q1,7:19,4,2,55,39001,unknwown,ASS,made the assist,51,390926,,,,,,
130885,30373-B-1,,DOM,PUR,Q1,7:13,4,4,56,40000,shot,P2,"2PtsFG under the basket, dunk made",125,343131,True,2,134,29,,
130885,30373-B-1,,DOM,PUR,Q1,6:56,4,4,63,47000,shot,P2,"2PtsFG under the basket, eurostep missed",51,416769,False,2,160,28,,
130885,30373-B-1,,DOM,PUR,Q1,6:53,4,4,64,47002,unknwown,REB,defensive rebound,125,343131,,,,,,
130885,30373-B-1,,DOM,PUR,Q1,6:47,4,6,65,48000,shot,P2,"2PtsFG under the basket, dunk made",125,416814,True,2,136,25,,
130885,30373-B-1,,DOM,PUR,Q1,6:47,4,6,66,48001,unknwown,ASS,made the assist,125,319575,,,,,,
130885,30373-B-1,,DOM,PUR,Q1,6:31,7,6,67,49000,shot,P3,3pt jump shot made,51,416769,True,3,270,18,,
130885,30373-B-1,,DOM,PUR,Q1,6:31,7,6,68,49001,unknwown,ASS,made the assist,51,416914,,,,,,
130885,30373-B-1,,DOM,PUR,Q1,6:14,7,6,69,50000,shot,P2,"2PtsFG inside left, jump shot missed",125,319586,False,2,65,55,,
130885,30373-B-1,,DOM,PUR,Q1,6:10,7,6,70,50002,unknwown,REB,defensive rebound,51,416769,,,,,,
130885,30373-B-1,,DOM,PUR,Q1,6:07,9,6,71,51000,shot,P2,"2PtsFG under the basket, fast break, dunk made",51,416806,True,2,149,24,,
130885,30373-B-1,,DOM,PUR,Q1,6:07,9,6,72,51001,unknwown,ASS,made the assist,51,416899,,,,,,
130885,30373-B-1,,DOM,PUR,Q1,5:41,9,6,76,55000,shot,P2,"2PtsFG under the basket, driving layup missed",125,319575,False,2,150,32,,
130885,30373-B-1,,DOM,PUR,Q1,5:41,9,6,77,55001,unknwown,BS,blocked the shot,51,416806,,,,,,
130885,30373-B-1,,DOM,PUR,Q1,5:40,9,6,78,55002,unknwown,TREB,team offensive rebound,125,,,,,,,
130885,30373-B-1,,DOM,PUR,Q1,5:40,9,6,79,56000,subst,SUBST,Substitution out,125,319575,,,,,OUT,
130885,30373-B-1,,DOM,PUR,Q1,5:40,9,6,80,57000,subst,SUBST,Substitution in,125,319576,,,,,IN,
130885,30373-B-1,,DOM,PUR,Q1,5:35,9,8,82,59000,shot,P2,"2PtsFG under the basket, dunk made",125,343131,True,2,134,28,,
130885,30373-B-1,,DOM,PUR,Q1,5:35,9,8,83,59001,unknwown,ASS,made the assist,125,319576,,,,,,
130885,30373-B-1,,DOM,PUR,Q1,5:14,12,8,86,62000,shot,P3,3pt jump shot made,51,416914,True,3,34,119,,
130885,30373-B-1,,DOM,PUR,Q1,5:14,12,8,87,62001,unknwown,ASS,made the assist,51,390926,,,,,,
130885,30373-B-1,,DOM,PUR,Q1,4:57,12,8,89,64000,shot,P3,3pt jump shot missed,125,416814,False,3,5,19,,
130885,30373-B-1,,DOM,PUR,Q1,4:57,12,8,90,64002,unknwown,TREB,team defensive rebound,51,,,,,,,
130885,30373-B-1,,DOM,PUR,Q1,4:44,12,8,92,66000,shot,P3,3pt jump shot missed,51,416899,False,3,274,36,,
130885,30373-B-1,,DOM,PUR,Q1,4:40,12,8,93,66002,unknwown,REB,defensive rebound,125,343131,,,,,,
130885,30373-B-1,,DOM,PUR,Q1,4:36,12,8,94,67000,shot,P2,"2PtsFG under the basket, reverse lay-up missed",125,319576,False,2,153,29,,
130885,30373-B-1,,DOM,PUR,Q1,4:33,12,8,95,67002,unknwown,REB,defensive rebound,51,416806,,,,,,
130885,30373-B-1,,DOM,PUR,Q1,4:29,12,8,96,68000,shot,P2,2pt driving layup missed,51,416769,False,2,173,45,,
130885,30373-B-1,,DOM,PUR,Q1,4:29,12,8,97,68001,unknwown,BS,blocked the shot,125,416814,,,,,,
130885,30373-B-1,,DOM,PUR,Q1,4:24,12,8,98,68002,unknwown,REB,offensive rebound,51,416899,,,,,,
130885,30373-B-1,,DOM,PUR,Q1,4:23,15,8,99,69000,shot,P3,3pt jump shot made,51,416899,True,3,270,66,,
130885,30373-B-1,,DOM,PUR,Q1,4:07,15,11,100,70000,shot,P3,3pt jump shot made,125,319586,True,3,274,19,,
130885,30373-B-1,,DOM,PUR,Q1,4:07,15,11,101,70001,unknwown,ASS,made the assist,125,319576,,,,,,
130885,30373-B-1,,DOM,PUR,Q1,3:40,17,11,103,71000,shot,P2,2pt step back jump shot made,51,416914,True,2,27,36,,
130885,30373-B-1,,DOM,PUR,Q1,3:30,17,11,105,73000,unknwown,FOUL,offensive foul,125,343131,,,,,,
130885,30373-B-1,,DOM,PUR,Q1,3:30,17,11,106,73001,unknwown,TO,turnover,125,343131,,,,,,
130885,30373-B-1,,DOM,PUR,Q1,3:30,17,11,107,73002,unknwown,RFOUL,foul drawn,51,416914,,,,,,
130885,30373-B-1,,DOM,PUR,Q1,3:30,17,11,108,74000,subst,SUBST,Substitution out,125,417164,,,,,OUT,
130885,30373-B-1,,DOM,PUR,Q1,3:30,17,11,109,75000,subst,SUBST,Substitution out,125,343131,,,,,OUT,
130885,30373-B-1,,DOM,PUR,Q1,3:30,17,11,110,76000,subst,SUBST,Substitution in,125,416823,,,,,IN,
130885,30373-B-1,,DOM,PUR,Q1,3:30,17,11,111,77000,subst,SUBST,Substitution in,125,319575,,,,,IN,
130885,30373-B-1,,DOM,PUR,Q1,3:27,17,11,114,80000,subst,SUBST,Substitution out,51,416899,,,,,OUT,
130885,30373-B-1,,DOM,PUR,Q1,3:27,17,11,115,81000,subst,SUBST,Substitution in,51,416805,,,,,IN,
130885,30373-B-1,,DOM,PUR,Q1,3:19,19,11,117,83000,shot,P2,"2PtsFG under the basket, points after turnover, driving layup made",51,390926,True,2,128,22,,
130885,30373-B-1,,DOM,PUR,Q1,3:08,19,11,119,85000,timeout,TIMO,Timeout,125,,,,,,,
130885,30373-B-1,,DOM,PUR,Q1,3:08,19,11,120,86000,subst,SUBST,Substitution out,125,416814,,,,,OUT,
130885,30373-B-1,,DOM,PUR,Q1,3:08,19,11,121,87000,subst,SUBST,Substitution in,125,343088,,,,,IN,
130885,30373-B-1,,DOM,PUR,Q1,2:53,19,11,123,89000,unknwown,TO,turnover; bad pass,125,416823,,,,,,
130885,30373-B-1,,DOM,PUR,Q1,2:53,19,11,124,89001,unknwown,ST,steal,51,416769,,,,,,
130885,30373-B-1,,DOM,PUR,Q1,2:45,21,11,125,90000,shot,P2,"2PtsFG under the basket, points after turnover, dunk made",51,390926,True,2,143,27,,
130885,30373-B-1,,DOM,PUR,Q1,2:32,21,11,126,91000,shot,P3,3pt jump shot missed,125,319586,False,3,252,108,,
130885,30373-B-1,,DOM,PUR,Q1,2:27,21,11,127,91002,unknwown,REB,defensive rebound,51,416805,,,,,,
130885,30373-B-1,,DOM,PUR,Q1,2:09,24,11,128,92000,shot,P3,3pt jump shot made,51,390926,True,3,269,55,,
130885,30373-B-1,,DOM,PUR,Q1,2:09,24,11,129,92001,unknwown,ASS,made the assist,51,416914,,,,,,
130885,30373-B-1,,DOM,PUR,Q1,1:53,24,11,130,93000,shot,P3,3pt jump shot missed,125,319576,False,3,37,128,,
130885,30373-B-1,,DOM,PUR,Q1,1:49,24,11,131,93002,unknwown,REB,defensive rebound,51,416806,,,,,,
130885,30373-B-1,,DOM,PUR,Q1,1:42,26,11,132,94000,shot,P2,2pt driving layup made,51,416914,True,2,179,42,,
130885,30373-B-1,,DOM,PUR,Q1,1:42,26,11,133,94001,unknwown,ASS,made the assist,51,390926,,,,,,
130885,30373-B-1,,DOM,PUR,Q1,1:19,26,13,136,97000,shot,P2,"2PtsFG under the basket, reverse lay-up made",125,416823,True,2,155,22,,
130885,30373-B-1,,DOM,PUR,Q1,1:19,26,13,137,97001,unknwown,ASS,made the assist,125,319576,,,,,,
130885,30373-B-1,,DOM,PUR,Q1,1:05,26,13,138,98000,shot,P3,3pt jump shot missed,51,416769,False,3,38,141,,
130885,30373-B-1,,DOM,PUR,Q1,1:00,26,13,139,98002,unknwown,TREB,team defensive rebound,125,,,,,,,
130885,30373-B-1,,DOM,PUR,Q1,1:00,26,13,141,100000,subst,SUBST,Substitution out,51,416914,,,,,OUT,
130885,30373-B-1,,DOM,PUR,Q1,1:00,26,13,142,101000,subst,SUBST,Substitution out,51,416806,,,,,OUT,
130885,30373-B-1,,DOM,PUR,Q1,1:00,26,13,143,102000,subst,SUBST,Substitution in,51,416771,,,,,IN,
130885,30373-B-1,,DOM,PUR,Q1,1:00,26,13,144,103000,subst,SUBST,Substitution in,51,416899,,,,,IN,
130885,30373-B-1,,DOM,PUR,Q1,1:00,26,13,145,104000,subst,SUBST,Substitution out,125,319586,,,,,OUT,
130885,30373-B-1,,DOM,PUR,Q1,1:00,26,13,146,105000,subst,SUBST,Substitution out,125,416823,,,,,OUT,
130885,30373-B-1,,DOM,PUR,Q1,1:00,26,13,147,106000,subst,SUBST,Substitution in,125,416822,,,,,IN,
130885,30373-B-1,,DOM,PUR,Q1,1:00,26,13,148,107000,subst,SUBST,Substitution in,125,416820,,,,,IN,
130885,30373-B-1,,DOM,PUR,Q1,0:39,26,13,150,109000,shot,P3,3pt step back jump shot missed,125,416822,False,3,55,159,,
130885,30373-B-1,,DOM,PUR,Q1,0:36,26,13,151,109002,unknwown,REB,defensive rebound,51,416769,,,,,,
130885,30373-B-1,,DOM,PUR,Q1,0:23,26,13,152,110000,shot,P2,"2PtsFG under the basket, jump shot missed",51,416769,False,2,126,36,,
130885,30373-B-1,,DOM,PUR,Q1,0:20,26,13,153,110002,unknwown,REB,defensive rebound,125,343088,,,,,,
130885,30373-B-1,,DOM,PUR,Q1,0:02,26,13,155,112000,shot,P3,3pt jump shot missed,125,343088,False,3,267,20,,
130885,30373-B-1,,DOM,PUR,Q1,0:02,26,13,156,112002,unknwown,REB,offensive rebound,125,416820,,,,,,
130885,30373-B-1,,DOM,PUR,Q1,0:00,26,13,159,115000,periods,ENDP,End of Period,,,,,,,,
130885,30373-B-1,,DOM,PUR,Q2,10:00,26,13,160,116000,subst,SUBST,Substitution out,51,416769,,,,,OUT,
130885,30373-B-1,,DOM,PUR,Q2,10:00,26,13,161,117000,subst,SUBST,Substitution in,51,416914,,,,,IN,
130885,30373-B-1,,DOM,PUR,Q2,10:00,26,13,162,118000,subst,SUBST,Substitution out,125,319576,,,,,OUT,
130885,30373-B-1,,DOM,PUR,Q2,10:00,26,13,163,119000,subst,SUBST,Substitution in,125,416823,,,,,IN,
130885,30373-B-1,,DOM,PUR,Q2,10:00,26,13,164,120000,periods,STARTP,Start of Period,,,,,,,,
130885,30373-B-1,,DOM,PUR,Q2,9:50,26,15,168,124000,shot,P2,"2PtsFG under the basket, driving layup made",125,416822,True,2,125,25,,
130885,30373-B-1,,DOM,PUR,Q2,9:50,26,15,169,124001,unknwown,ASS,made the assist,125,319575,,,,,,
130885,30373-B-1,,DOM,PUR,Q2,9:30,26,15,170,125000,shot,P2,"2PtsFG inside center, jump shot missed",51,416899,False,2,144,147,,
130885,30373-B-1,,DOM,PUR,Q2,9:27,26,15,171,125002,unknwown,REB,defensive rebound,125,416823,,,,,,
130885,30373-B-1,,DOM,PUR,Q2,9:27,26,15,173,127000,unknwown,TO,turnover; out of bounds,125,416822,,,,,,
130885,30373-B-1,,DOM,PUR,Q2,9:13,29,15,175,129000,shot,P3,3pt jump shot made,51,416771,True,3,6,18,,
130885,30373-B-1,,DOM,PUR,Q2,9:13,29,15,176,129001,unknwown,ASS,made the assist,51,390926,,,,,,
130885,30373-B-1,,DOM,PUR,Q2,9:01,29,15,177,130000,shot,P2,"2PtsFG under the basket, driving layup missed",125,319575,False,2,125,41,,
130885,30373-B-1,,DOM,PUR,Q2,8:58,29,15,178,130002,unknwown,REB,defensive rebound,51,416805,,,,,,
130885,30373-B-1,,DOM,PUR,Q2,8:56,29,15,179,131000,shot,P3,3pt jump shot from center missed,51,390926,False,3,133,170,,
130885,30373-B-1,,DOM,PUR,Q2,8:51,29,15,180,131002,unknwown,REB,defensive rebound,125,319575,,,,,,
130885,30373-B-1,,DOM,PUR,Q2,8:49,29,15,182,133000,shot,P2,2pt driving layup missed,125,416823,False,2,163,42,,
130885,30373-B-1,,DOM,PUR,Q2,8:49,29,15,183,133001,unknwown,BS,blocked the shot,51,416805,,,,,,
130885,30373-B-1,,DOM,PUR,Q2,8:49,29,15,184,133002,unknwown,TREB,team offensive rebound,125,,,,,,,
130885,30373-B-1,,DOM,PUR,Q2,8:45,29,15,186,135000,shot,P3,3pt jump shot missed,125,319575,False,3,268,62,,
130885,30373-B-1,,DOM,PUR,Q2,8:42,29,15,188,135002,unknwown,TREB,team defensive rebound,51,,,,,,,
130885,30373-B-1,,DOM,PUR,Q2,8:30,29,15,190,138000,shot,P3,3pt jump shot missed,51,416899,False,3,273,45,,
130885,30373-B-1,,DOM,PUR,Q2,8:28,29,15,191,138002,unknwown,REB,defensive rebound,125,416822,,,,,,
130885,30373-B-1,,DOM,PUR,Q2,8:16,29,17,192,139000,shot,P2,"2PtsFG under the basket, pullup jump shot made",125,343088,True,2,125,30,,
130885,30373-B-1,,DOM,PUR,Q2,8:16,29,17,193,139001,unknwown,ASS,made the assist,125,416823,,,,,,
130885,30373-B-1,,DOM,PUR,Q2,8:05,29,17,194,140000,unknwown,TO,turnover; bad pass,51,416899,,,,,,
130885,30373-B-1,,DOM,PUR,Q2,8:05,29,17,195,140001,unknwown,ST,steal,125,416823,,,,,,
130885,30373-B-1,,DOM,PUR,Q2,7:51,29,17,196,141000,shot,P3,3pt jump shot missed,125,343088,False,3,22,108,,
130885,30373-B-1,,DOM,PUR,Q2,7:48,29,17,197,141002,unknwown,REB,defensive rebound,51,416771,,,,,,
130885,30373-B-1,,DOM,PUR,Q2,7:40,29,17,201,145000,unknwown,FOUL,personal foul; 2 free throws awarded,125,343088,,,,,,
130885,30373-B-1,,DOM,PUR,Q2,7:40,29,17,202,145002,unknwown,RFOUL,foul drawn,51,416805,,,,,,
130885,30373-B-1,,DOM,PUR,Q2,7:40,29,17,203,146000,subst,SUBST,Substitution out,51,416899,,,,,OUT,
130885,30373-B-1,,DOM,PUR,Q2,7:40,29,17,204,147000,subst,SUBST,Substitution out,51,390926,,,,,OUT,
130885,30373-B-1,,DOM,PUR,Q2,7:40,29,17,205,148000,subst,SUBST,Substitution in,51,416806,,,,,IN,
130885,30373-B-1,,DOM,PUR,Q2,7:40,29,17,206,149000,subst,SUBST,Substitution in,51,416769,,,,,IN,
130885,30373-B-1,,DOM,PUR,Q2,7:40,29,17,207,150000,subst,SUBST,Substitution out,125,343088,,,,,OUT,
130885,30373-B-1,,DOM,PUR,Q2,7:40,29,17,208,151000,subst,SUBST,Substitution out,125,416820,,,,,OUT,
130885,30373-B-1,,DOM,PUR,Q2,7:40,29,17,209,152000,subst,SUBST,Substitution out,125,416823,,,,,OUT,
130885,30373-B-1,,DOM,PUR,Q2,7:40,29,17,210,153000,subst,SUBST,Substitution in,125,319586,,,,,IN,
130885,30373-B-1,,DOM,PUR,Q2,7:40,29,17,211,154000,subst,SUBST,Substitution in,125,343131,,,,,IN,
130885,30373-B-1,,DOM,PUR,Q2,7:40,29,17,212,155000,subst,SUBST,Substitution in,125,416814,,,,,IN,
130885,30373-B-1,,DOM,PUR,Q2,7:40,30,17,213,156000,shot,FT,1st of 2 free throws made,51,416805,True,1,0,0,,
130885,30373-B-1,,DOM,PUR,Q2,7:40,30,17,214,156001,unknwown,ASS,made the assist,51,416914,,,,,,
130885,30373-B-1,,DOM,PUR,Q2,7:40,31,17,215,157000,shot,FT,2nd of 2 free throws made,51,416805,True,1,0,0,,
130885,30373-B-1,,DOM,PUR,Q2,7:26,31,17,217,159000,shot,P3,3pt jump shot missed,125,343131,False,3,240,133,,
130885,30373-B-1,,DOM,PUR,Q2,7:23,31,17,218,159002,unknwown,REB,offensive rebound,125,343131,,,,,,
130885,30373-B-1,,DOM,PUR,Q2,7:18,31,17,222,163000,unknwown,FOUL,personal foul,51,416914,,,,,,
130885,30373-B-1,,DOM,PUR,Q2,7:18,31,17,223,163002,unknwown,RFOUL,foul drawn,125,343131,,,,,,
130885,30373-B-1,,DOM,PUR,Q2,7:16,31,17,226,166000,unknwown,TO,turnover; bad pass,125,343131,,,,,,
130885,30373-B-1,,DOM,PUR,Q2,7:16,31,17,227,167000,subst,SUBST,Substitution out,51,416771,,,,,OUT,
130885,30373-B-1,,DOM,PUR,Q2,7:16,31,17,228,168000,subst,SUBST,Substitution in,51,416898,,,,,IN,
130885,30373-B-1,,DOM,PUR,Q2,7:01,33,17,230,170000,shot,P2,2pt floating jump shot made,51,416898,True,2,130,77,,
130885,30373-B-1,,DOM,PUR,Q2,7:01,33,17,231,170001,unknwown,ASS,made the assist,51,416914,,,,,,
130885,30373-B-1,,DOM,PUR,Q2,6:43,33,17,232,171000,shot,P2,2pt driving layup missed,125,319586,False,2,152,16,,
130885,30373-B-1,,DOM,PUR,Q2,6:40,33,17,233,171002,unknwown,REB,defensive rebound,51,416914,,,,,,
130885,30373-B-1,,DOM,PUR,Q2,6:38,33,17,234,172000,shot,P2,"2PtsFG under the basket, driving layup missed",51,416769,False,2,151,39,,
130885,30373-B-1,,DOM,PUR,Q2,6:33,33,17,236,172002,unknwown,REB,offensive rebound,51,416806,,,,,,
130885,30373-B-1,,DOM,PUR,Q2,6:33,35,17,237,174000,shot,P2,2PtsFG under the basket made,51,416806,True,2,140,31,,
130885,30373-B-1,,DOM,PUR,Q2,6:33,35,17,238,175000,timeout,TIMO,Timeout,125,,,,,,,
130885,30373-B-1,,DOM,PUR,Q2,6:33,35,17,239,176000,subst,SUBST,Substitution out,125,416822,,,,,OUT,
130885,30373-B-1,,DOM,PUR,Q2,6:33,35,17,240,177000,subst,SUBST,Substitution out,125,343131,,,,,OUT,
130885,30373-B-1,,DOM,PUR,Q2,6:33,35,17,241,178000,subst,SUBST,Substitution in,125,416819,,,,,IN,
130885,30373-B-1,,DOM,PUR,Q2,6:33,35,17,242,179000,subst,SUBST,Substitution in,125,417164,,,,,IN,
130885,30373-B-1,,DOM,PUR,Q2,6:20,35,17,245,182000,shot,P2,2pt jump shot missed,125,417164,False,2,146,81,,
130885,30373-B-1,,DOM,PUR,Q2,6:20,35,17,246,182002,unknwown,TREB,team defensive rebound,51,,,,,,,
130885,30373-B-1,,DOM,PUR,Q2,6:07,35,17,249,185000,shot,P2,"2PtsFG under the basket, driving layup missed",51,416769,False,2,125,45,,
130885,30373-B-1,,DOM,PUR,Q2,6:07,35,17,250,185001,unknwown,BS,blocked the shot,125,416814,,,,,,
130885,30373-B-1,,DOM,PUR,Q2,6:07,35,17,251,185002,unknwown,TREB,team offensive rebound,51,,,,,,,
130885,30373-B-1,,DOM,PUR,Q2,6:02,35,17,253,187000,shot,P3,3pt jump shot missed,51,416805,False,3,9,30,,
130885,30373-B-1,,DOM,PUR,Q2,5:59,35,17,254,187002,unknwown,REB,defensive rebound,125,319575,,,,,,
130885,30373-B-1,,DOM,PUR,Q2,5:57,35,17,255,188000,shot,P2,"2PtsFG under the basket, driving layup missed",125,319575,False,2,134,35,,
130885,30373-B-1,,DOM,PUR,Q2,5:53,35,17,256,188002,unknwown,REB,defensive rebound,51,416806,,,,,,
130885,30373-B-1,,DOM,PUR,Q2,5:40,35,17,257,189000,shot,P3,3pt jump shot missed,51,416914,False,3,205,167,,
130885,30373-B-1,,DOM,PUR,Q2,5:36,35,17,258,189002,unknwown,REB,defensive rebound,125,416814,,,,,,
130885,30373-B-1,,DOM,PUR,Q2,5:22,35,19,259,190000,shot,P2,"2PtsFG under the basket, driving layup made",125,319575,True,2,150,28,,
130885,30373-B-1,,DOM,PUR,Q2,5:00,35,19,260,191000,shot,P3,3pt step back jump shot missed,51,416769,False,3,11,51,,
130885,30373-B-1,,DOM,PUR,Q2,4:56,35,19,261,191002,unknwown,REB,defensive rebound,125,416819,,,,,,
130885,30373-B-1,,DOM,PUR,Q2,4:48,35,19,262,192000,shot,P3,3pt jump shot missed,125,416819,False,3,69,162,,
130885,30373-B-1,,DOM,PUR,Q2,4:46,35,19,263,192002,unknwown,REB,defensive rebound,51,416914,,,,,,
130885,30373-B-1,,DOM,PUR,Q2,4:40,35,19,267,196000,unknwown,FOUL,personal foul; 2 free throws awarded,125,416819,,,,,,
130885,30373-B-1,,DOM,PUR,Q2,4:40,35,19,268,196002,unknwown,RFOUL,foul drawn,51,416914,,,,,,
130885,30373-B-1,,DOM,PUR,Q2,4:40,35,19,269,197000,timeout,TIMO,Timeout,51,,,,,,,
130885,30373-B-1,,DOM,PUR,Q2,4:40,35,19,270,198000,subst,SUBST,Substitution out,51,416805,,,,,OUT,
130885,30373-B-1,,DOM,PUR,Q2,4:40,35,19,271,199000,subst,SUBST,Substitution out,51,416806,,,,,OUT,
130885,30373-B-1,,DOM,PUR,Q2,4:40,35,19,272,200000,subst,SUBST,Substitution in,51,416899,,,,,IN,
130885,30373-B-1,,DOM,PUR,Q2,4:40,35,19,273,201000,subst,SUBST,Substitution in,51,390926,,,,,IN,
130885,30373-B-1,,DOM,PUR,Q2,4:40,35,19,274,202000,subst,SUBST,Substitution out,125,416814,,,,,OUT,
130885,30373-B-1,,DOM,PUR,Q2,4:40,35,19,275,203000,subst,SUBST,Substitution in,125,384042,,,,,IN,
130885,30373-B-1,,DOM,PUR,Q2,4:40,35,19,276,204000,shot,FT,1st of 2 free throws missed,51,416914,False,1,0,0,,
130885,30373-B-1,,DOM,PUR,Q2,4:40,36,19,277,205000,shot,FT,2nd of 2 free throws made,51,416914,True,1,0,0,,
130885,30373-B-1,,DOM,PUR,Q2,4:26,36,19,279,207000,shot,P2,2pt step back jump shot missed,125,319586,False,2,133,56,,
130885,30373-B-1,,DOM,PUR,Q2,4:23,36,19,280,207002,unknwown,REB,defensive rebound,51,390926,,,,,,
130885,30373-B-1,,DOM,PUR,Q2,4:22,36,19,282,209000,unknwown,FOUL,offensive foul,51,416769,,,,,,
130885,30373-B-1,,DOM,PUR,Q2,4:22,36,19,283,209001,unknwown,TO,turnover,51,416769,,,,,,
130885,30373-B-1,,DOM,PUR,Q2,4:22,36,19,284,209002,unknwown,RFOUL,foul drawn,125,319575,,,,,,
130885,30373-B-1,,DOM,PUR,Q2,4:22,36,19,285,210000,subst,SUBST,Substitution out,51,416769,,,,,OUT,
130885,30373-B-1,,DOM,PUR,Q2,4:22,36,19,286,211000,subst,SUBST,Substitution in,51,384379,,,,,IN,
130885,30373-B-1,,DOM,PUR,Q2,4:12,36,19,289,214000,unknwown,FOUL,personal foul,51,416898,,,,,,
130885,30373-B-1,,DOM,PUR,Q2,4:12,36,19,290,214002,unknwown,RFOUL,foul drawn,125,319575,,,,,,
130885,30373-B-1,,DOM,PUR,Q2,4:03,36,19,295,219000,unknwown,FOUL,personal foul; 2 free throws awarded,51,416899,,,,,,
130885,30373-B-1,,DOM,PUR,Q2,4:03,36,19,296,219002,unknwown,RFOUL,foul drawn,125,417164,,,,,,
130885,30373-B-1,,DOM,PUR,Q2,4:03,36,20,297,220000,shot,FT,1st of 2 free throws made,125,417164,True,1,0,0,,
130885,30373-B-1,,DOM,PUR,Q2,4:03,36,21,298,221000,shot,FT,2nd of 2 free throws made,125,417164,True,1,0,0,,
130885,30373-B-1,,DOM,PUR,Q2,3:49,36,21,303,226000,unknwown,FOUL,personal foul,125,319586,,,,,,
130885,30373-B-1,,DOM,PUR,Q2,3:49,36,21,304,226002,unknwown,RFOUL,foul drawn,51,384379,,,,,,
130885,30373-B-1,,DOM,PUR,Q2,3:40,36,21,307,229000,shot,P3,3pt jump shot missed,51,416914,False,3,69,145,,
130885,30373-B-1,,DOM,PUR,Q2,3:40,36,21,308,229002,unknwown,TREB,team defensive rebound,125,,,,,,,
130885,30373-B-1,,DOM,PUR,Q2,3:40,36,21,309,230000,unknwown,FOUL,personal foul; 2 free throws awarded,51,384379,,,,,,
130885,30373-B-1,,DOM,PUR,Q2,3:40,36,21,310,230002,unknwown,RFOUL,foul drawn,125,417164,,,,,,
130885,30373-B-1,,DOM,PUR,Q2,3:40,36,21,311,231000,subst,SUBST,Substitution out,51,416899,,,,,OUT,
130885,30373-B-1,,DOM,PUR,Q2,3:40,36,21,312,232000,subst,SUBST,Substitution in,51,416805,,,,,IN,
130885,30373-B-1,,DOM,PUR,Q2,3:40,36,22,313,233000,shot,FT,1st of 2 free throws made,125,417164,True,1,0,0,,
130885,30373-B-1,,DOM,PUR,Q2,3:40,36,23,314,234000,shot,FT,2nd of 2 free throws made,125,417164,True,1,0,0,,
130885,30373-B-1,,DOM,PUR,Q2,3:27,36,23,316,236000,shot,P2,"2PtsFG under the basket, driving layup missed",51,416914,False,2,159,26,,
130885,30373-B-1,,DOM,PUR,Q2,3:23,36,23,317,236002,unknwown,REB,offensive rebound,51,416805,,,,,,
130885,30373-B-1,,DOM,PUR,Q2,3:23,38,23,318,237000,shot,P2,2PtsFG under the basket made,51,416805,True,2,140,31,,
130885,30373-B-1,,DOM,PUR,Q2,3:05,38,23,322,241000,unknwown,FOUL,personal foul; 2 free throws awarded,51,416805,,,,,,
130885,30373-B-1,,DOM,PUR,Q2,3:05,38,23,323,241002,unknwown,RFOUL,foul drawn,125,417164,,,,,,
130885,30373-B-1,,DOM,PUR,Q2,3:05,38,23,324,242000,shot,FT,1st of 2 free throws missed,125,417164,False,1,0,0,,
130885,30373-B-1,,DOM,PUR,Q2,3:05,38,24,325,243000,shot,FT,2nd of 2 free throws made,125,417164,True,1,0,0,,
130885,30373-B-1,,DOM,PUR,Q2,3:05,38,24,326,244000,subst,SUBST,Substitution out,125,416819,,,,,OUT,
130885,30373-B-1,,DOM,PUR,Q2,3:05,38,24,327,245000,subst,SUBST,Substitution out,125,319586,,,,,OUT,
130885,30373-B-1,,DOM,PUR,Q2,3:05,38,24,328,246000,subst,SUBST,Substitution in,125,319576,,,,,IN,
130885,30373-B-1,,DOM,PUR,Q2,3:05,38,24,329,247000,subst,SUBST,Substitution in,125,416823,,,,,IN,
130885,30373-B-1,,DOM,PUR,Q2,2:51,38,24,331,249000,shot,P3,3pt jump shot missed,51,416805,False,3,216,156,,
130885,30373-B-1,,DOM,PUR,Q2,2:48,38,24,332,249002,unknwown,REB,defensive rebound,125,417164,,,,,,
130885,30373-B-1,,DOM,PUR,Q2,2:44,38,24,334,251000,unknwown,TO,turnover; ball handling,125,417164,,,,,,
130885,30373-B-1,,DOM,PUR,Q2,2:40,41,24,338,255000,shot,P3,"3PtsFG outside center, points from fastbreak + after turnover, jump shot made",51,416898,True,3,141,163,,
130885,30373-B-1,,DOM,PUR,Q2,2:40,41,24,339,255001,unknwown,ASS,made the assist,51,416914,,,,,,
130885,30373-B-1,,DOM,PUR,Q2,2:22,41,24,340,256000,shot,P3,3pt jump shot missed,125,417164,False,3,54,165,,
130885,30373-B-1,,DOM,PUR,Q2,2:16,41,24,341,256002,unknwown,REB,defensive rebound,51,416914,,,,,,
130885,30373-B-1,,DOM,PUR,Q2,2:02,41,24,342,257000,shot,P3,3pt jump shot missed,51,416898,False,3,9,17,,
130885,30373-B-1,,DOM,PUR,Q2,1:58,41,24,343,257002,unknwown,REB,offensive rebound,51,416805,,,,,,
130885,30373-B-1,,DOM,PUR,Q2,1:56,41,24,344,258000,shot,P2,"2PtsFG under the basket, pullup jump shot missed",51,416805,False,2,157,36,,
130885,30373-B-1,,DOM,PUR,Q2,1:52,41,24,345,258002,unknwown,REB,defensive rebound,125,416823,,,,,,
130885,30373-B-1,,DOM,PUR,Q2,1:47,41,24,349,262000,unknwown,FOUL,personal foul; 2 free throws awarded,51,384379,,,,,,
130885,30373-B-1,,DOM,PUR,Q2,1:47,41,24,350,262002,unknwown,RFOUL,foul drawn,125,417164,,,,,,
130885,30373-B-1,,DOM,PUR,Q2,1:47,41,25,351,263000,shot,FT,1st of 2 free throws made,125,417164,True,1,0,0,,
130885,30373-B-1,,DOM,PUR,Q2,1:47,41,25,352,264000,shot,FT,2nd of 2 free throws missed,125,417164,False,1,0,0,,
130885,30373-B-1,,DOM,PUR,Q2,1:47,41,25,353,264002,unknwown,REB,offensive rebound,125,417164,,,,,,
130885,30373-B-1,,DOM,PUR,Q2,1:47,41,25,354,265000,shot,P2,"2PtsFG under the basket, driving layup missed",125,417164,False,2,141,27,,
130885,30373-B-1,,DOM,PUR,Q2,1:47,41,25,355,265001,unknwown,BS,blocked the shot,51,416805,,,,,,
130885,30373-B-1,,DOM,PUR,Q2,1:47,41,25,356,265002,unknwown,REB,defensive rebound,51,390926,,,,,,
130885,30373-B-1,,DOM,PUR,Q2,1:46,41,25,358,267000,subst,SUBST,Substitution out,125,417164,,,,,OUT,
130885,30373-B-1,,DOM,PUR,Q2,1:46,41,25,359,268000,subst,SUBST,Substitution in,125,416814,,,,,IN,
130885,30373-B-1,,DOM,PUR,Q2,1:32,41,25,361,270000,unknwown,FOUL,personal foul; 2 free throws awarded,125,416814,,,,,,
130885,30373-B-1,,DOM,PUR,Q2,1:32,41,25,362,270002,unknwown,RFOUL,foul drawn,51,416898,,,,,,
130885,30373-B-1,,DOM,PUR,Q2,1:32,41,25,363,271000,subst,SUBST,Substitution out,125,384042,,,,,OUT,
130885,30373-B-1,,DOM,PUR,Q2,1:32,41,25,364,272000,subst,SUBST,Substitution out,125,319575,,,,,OUT,
130885,30373-B-1,,DOM,PUR,Q2,1:32,41,25,365,273000,subst,SUBST,Substitution in,125,417164,,,,,IN,
130885,30373-B-1,,DOM,PUR,Q2,1:32,41,25,366,274000,subst,SUBST,Substitution in,125,343131,,,,,IN,
130885,30373-B-1,,DOM,PUR,Q2,1:32,42,25,367,275000,shot,FT,1st of 2 free throws made,51,416898,True,1,0,0,,
130885,30373-B-1,,DOM,PUR,Q2,1:32,43,25,368,276000,shot,FT,2nd of 2 free throws made,51,416898,True,1,0,0,,
130885,30373-B-1,,DOM,PUR,Q2,1:32,43,25,370,277000,unknwown,TO,turnover; ball handling,125,417164,,,,,,
130885,30373-B-1,,DOM,PUR,Q2,1:32,45,25,371,278000,shot,P2,2pt fadeaway jump shot made,51,390926,True,2,224,68,,
130885,30373-B-1,,DOM,PUR,Q2,1:25,45,25,373,280000,unknwown,TO,turnover; out of bounds,125,319576,,,,,,
130885,30373-B-1,,DOM,PUR,Q2,1:20,45,25,374,281000,subst,SUBST,Substitution out,51,390926,,,,,OUT,
130885,30373-B-1,,DOM,PUR,Q2,1:20,45,25,375,282000,subst,SUBST,Substitution in,51,416767,,,,,IN,
130885,30373-B-1,,DOM,PUR,Q2,1:16,45,25,377,284000,subst,SUBST,Substitution out,125,417164,,,,,OUT,
130885,30373-B-1,,DOM,PUR,Q2,1:16,45,25,378,285000,subst,SUBST,Substitution in,125,416822,,,,,IN,
130885,30373-B-1,,DOM,PUR,Q2,1:16,45,25,379,286000,subst,SUBST,Substitution out,125,416823,,,,,OUT,
130885,30373-B-1,,DOM,PUR,Q2,1:16,45,25,380,287000,subst,SUBST,Substitution in,125,319586,,,,,IN,
130885,30373-B-1,,DOM,PUR,Q2,0:46,45,25,385,292000,unknwown,FOUL,personal foul; 2 free throws awarded,125,319576,,,,,,
130885,30373-B-1,,DOM,PUR,Q2,0:46,45,25,386,292002,unknwown,RFOUL,foul drawn,51,416898,,,,,,
130885,30373-B-1,,DOM,PUR,Q2,0:46,46,25,387,293000,shot,FT,1st of 2 free throws made,51,416898,True,1,0,0,,
130885,30373-B-1,,DOM,PUR,Q2,0:46,47,25,388,294000,shot,FT,2nd of 2 free throws made,51,416898,True,1,0,0,,
130885,30373-B-1,,DOM,PUR,Q2,0:39,47,27,390,296000,shot,P2,"2PtsFG under the basket, reverse lay-up made",125,319586,True,2,121,29,,
130885,30373-B-1,,DOM,PUR,Q2,0:34,47,27,392,298000,unknwown,TO,turnover; ball handling,51,416805,,,,,,
130885,30373-B-1,,DOM,PUR,Q2,0:34,47,27,393,299000,subst,SUBST,Substitution out,51,416914,,,,,OUT,
130885,30373-B-1,,DOM,PUR,Q2,0:34,47,27,394,300000,subst,SUBST,Substitution out,51,384379,,,,,OUT,
130885,30373-B-1,,DOM,PUR,Q2,0:34,47,27,395,301000,subst,SUBST,Substitution in,51,416768,,,,,IN,
130885,30373-B-1,,DOM,PUR,Q2,0:34,47,27,396,302000,subst,SUBST,Substitution in,51,416806,,,,,IN,
130885,30373-B-1,,DOM,PUR,Q2,0:34,47,27,397,303000,subst,SUBST,Substitution out,125,416814,,,,,OUT,
130885,30373-B-1,,DOM,PUR,Q2,0:34,47,27,398,304000,subst,SUBST,Substitution in,125,319575,,,,,IN,
130885,30373-B-1,,DOM,PUR,Q2,0:24,47,27,400,306000,unknwown,TO,turnover; ball handling,125,319586,,,,,,
130885,30373-B-1,,DOM,PUR,Q2,0:24,47,27,401,306001,unknwown,ST,steal,51,416768,,,,,,
130885,30373-B-1,,DOM,PUR,Q2,0:18,47,27,402,307000,shot,P2,"2PtsFG under the basket, points after turnover, driving layup missed",51,416768,False,2,122,29,,
130885,30373-B-1,,DOM,PUR,Q2,0:16,47,27,403,307002,unknwown,REB,defensive rebound,125,343131,,,,,,
130885,30373-B-1,,DOM,PUR,Q2,0:08,47,27,405,309000,unknwown,TO,turnover; out of bounds,125,319576,,,,,,
130885,30373-B-1,,DOM,PUR,Q2,0:01,47,27,410,314000,unknwown,TO,turnover; bad pass,51,416898,,,,,,
130885,30373-B-1,,DOM,PUR,Q2,0:01,47,27,411,314001,unknwown,ST,steal,125,319575,,,,,,
130885,30373-B-1,,DOM,PUR,Q2,0:00,47,27,414,317000,unknwown,FOUL,personal foul; 2 free throws awarded,51,416898,,,,,,
130885,30373-B-1,,DOM,PUR,Q2,0:00,47,27,415,317002,unknwown,RFOUL,foul drawn,125,319575,,,,,,
130885,30373-B-1,,DOM,PUR,Q2,0:00,47,28,416,318000,shot,FT,Free throw made 1 of 2,125,319575,True,1,0,0,,
130885,30373-B-1,,DOM,PUR,Q2,0:00,47,29,417,319000,shot,FT,Free throw made 2 of 2,125,319575,True,1,0,0,,
130885,30373-B-1,,DOM,PUR,Q2,0:00,47,29,420,322000,periods,ENDP,End of Period,,,,,,,,
130885,30373-B-1,,DOM,PUR,Q3,10:00,47,29,421,323000,subst,SUBST,Substitution out,51,416768,,,,,OUT,
130885,30373-B-1,,DOM,PUR,Q3,10:00,47,29,422,324000,subst,SUBST,Substitution out,51,416898,,,,,OUT,
130885,30373-B-1,,DOM,PUR,Q3,10:00,47,29,423,325000,subst,SUBST,Substitution out,51,416767,,,,,OUT,
130885,30373-B-1,,DOM,PUR,Q3,10:00,47,29,424,326000,subst,SUBST,Substitution out,51,416805,,,,,OUT,
130885,30373-B-1,,DOM,PUR,Q3,10:00,47,29,425,327000,subst,SUBST,Substitution in,51,416914,,,,,IN,
130885,30373-B-1,,DOM,PUR,Q3,10:00,47,29,426,328000,subst,SUBST,Substitution in,51,416899,,,,,IN,
130885,30373-B-1,,DOM,PUR,Q3,10:00,47,29,427,329000,subst,SUBST,Substitution in,51,390926,,,,,IN,
130885,30373-B-1,,DOM,PUR,Q3,10:00,47,29,428,330000,subst,SUBST,Substitution in,51,416769,,,,,IN,
130885,30373-B-1,,DOM,PUR,Q3,10:00,47,29,429,331000,subst,SUBST,Substitution out,125,416822,,,,,OUT,
130885,30373-B-1,,DOM,PUR,Q3,10:00,47,29,430,332000,subst,SUBST,Substitution out,125,319576,,,,,OUT,
130885,30373-B-1,,DOM,PUR,Q3,10:00,47,29,431,333000,subst,SUBST,Substitution in,125,417164,,,,,IN,
130885,30373-B-1,,DOM,PUR,Q3,10:00,47,29,432,334000,subst,SUBST,Substitution in,125,416814,,,,,IN,
130885,30373-B-1,,DOM,PUR,Q3,10:00,47,29,433,335000,periods,STARTP,Start of Period,,,,,,,,
130885,30373-B-1,,DOM,PUR,Q3,9:44,49,29,435,337000,shot,P2,2pt pullup jump shot made,51,390926,True,2,144,77,,
130885,30373-B-1,,DOM,PUR,Q3,9:22,49,29,439,341000,shot,P2,"2PtsFG under the basket, driving layup missed",125,319586,False,2,130,31,,
130885,30373-B-1,,DOM,PUR,Q3,9:22,49,29,440,341001,unknwown,BS,blocked the shot,51,416899,,,,,,
130885,30373-B-1,,DOM,PUR,Q3,9:22,49,29,441,341002,unknwown,TREB,team offensive rebound,125,,,,,,,
130885,30373-B-1,,DOM,PUR,Q3,9:21,49,29,443,343000,unknwown,TO,turnover; ball handling,125,417164,,,,,,
130885,30373-B-1,,DOM,PUR,Q3,9:21,49,29,444,343001,unknwown,ST,steal,51,390926,,,,,,
130885,30373-B-1,,DOM,PUR,Q3,9:01,49,29,448,347000,unknwown,FOUL,personal foul; 2 free throws awarded,125,417164,,,,,,
130885,30373-B-1,,DOM,PUR,Q3,9:01,49,29,449,347002,unknwown,RFOUL,foul drawn,51,416769,,,,,,
130885,30373-B-1,,DOM,PUR,Q3,9:01,49,29,450,348000,shot,FT,1st of 2 free throws missed,51,416769,False,1,0,0,,
130885,30373-B-1,,DOM,PUR,Q3,9:01,50,29,451,349000,shot,FT,2nd of 2 free throws made,51,416769,True,1,0,0,,
130885,30373-B-1,,DOM,PUR,Q3,8:53,50,29,455,353000,shot,P3,3pt jump shot from center missed,125,343131,False,3,164,164,,
130885,30373-B-1,,DOM,PUR,Q3,8:48,50,29,456,353002,unknwown,REB,defensive rebound,51,416914,,,,,,
130885,30373-B-1,,DOM,PUR,Q3,8:41,50,29,457,354000,shot,P2,"2PtsFG under the basket, driving layup missed",51,416769,False,2,153,25,,
130885,30373-B-1,,DOM,PUR,Q3,8:38,50,29,458,354002,unknwown,REB,offensive rebound,51,416806,,,,,,
130885,30373-B-1,,DOM,PUR,Q3,8:38,52,29,459,355000,shot,P2,2PtsFG under the basket made,51,416806,True,2,140,31,,
130885,30373-B-1,,DOM,PUR,Q3,8:28,52,31,460,356000,shot,P2,"2PtsFG under the basket, turnaround jump shot made",125,343131,True,2,130,36,,
130885,30373-B-1,,DOM,PUR,Q3,8:09,55,31,461,357000,shot,P3,3pt step back jump shot made,51,390926,True,3,273,25,,
130885,30373-B-1,,DOM,PUR,Q3,8:09,55,31,462,357001,unknwown,ASS,made the assist,51,416899,,,,,,
130885,30373-B-1,,DOM,PUR,Q3,7:56,55,31,463,358000,shot,P2,2pt fadeaway jump shot missed,125,343131,False,2,181,49,,
130885,30373-B-1,,DOM,PUR,Q3,7:52,55,31,464,358002,unknwown,REB,offensive rebound,125,319575,,,,,,
130885,30373-B-1,,DOM,PUR,Q3,7:51,55,31,465,359000,shot,P3,3pt jump shot missed,125,417164,False,3,78,154,,
130885,30373-B-1,,DOM,PUR,Q3,7:48,55,31,466,359002,unknwown,REB,defensive rebound,51,416806,,,,,,
130885,30373-B-1,,DOM,PUR,Q3,7:35,55,31,467,360000,shot,P2,2pt pullup jump shot missed,51,416769,False,2,122,108,,
130885,30373-B-1,,DOM,PUR,Q3,7:30,55,31,468,360002,unknwown,REB,defensive rebound,125,416814,,,,,,
130885,30373-B-1,,DOM,PUR,Q3,7:26,55,31,472,364000,unknwown,FOUL,personal foul; 2 free throws awarded,51,416806,,,,,,
130885,30373-B-1,,DOM,PUR,Q3,7:26,55,31,473,364002,unknwown,RFOUL,foul drawn,125,343131,,,,,,
130885,30373-B-1,,DOM,PUR,Q3,7:26,55,31,474,365000,subst,SUBST,Substitution out,51,416806,,,,,OUT,
130885,30373-B-1,,DOM,PUR,Q3,7:26,55,31,475,366000,subst,SUBST,Substitution in,51,416805,,,,,IN,
130885,30373-B-1,,DOM,PUR,Q3,7:26,55,31,476,367000,subst,SUBST,Substitution out,125,416814,,,,,OUT,
130885,30373-B-1,,DOM,PUR,Q3,7:26,55,31,477,368000,subst,SUBST,Substitution in,125,416823,,,,,IN,
130885,30373-B-1,,DOM,PUR,Q3,7:26,55,31,478,369000,shot,FT,1st of 2 free throws missed,125,343131,False,1,0,0,,
130885,30373-B-1,,DOM,PUR,Q3,7:26,55,32,479,370000,shot,FT,2nd of 2 free throws made,125,343131,True,1,0,0,,
130885,30373-B-1,,DOM,PUR,Q3,7:26,55,32,480,370001,unknwown,ASS,made the assist,125,319575,,,,,,
130885,30373-B-1,,DOM,PUR,Q3,7:26,55,32,481,371000,subst,SUBST,Substitution out,125,343131,,,,,OUT,
130885,30373-B-1,,DOM,PUR,Q3,7:26,55,32,482,372000,subst,SUBST,Substitution in,125,384042,,,,,IN,
130885,30373-B-1,,DOM,PUR,Q3,7:19,57,32,484,374000,shot,P2,"2PtsFG under the basket, driving layup made",51,416914,True,2,152,24,,
130885,30373-B-1,,DOM,PUR,Q3,6:57,57,32,488,378000,unknwown,FOUL,personal foul; 2 free throws awarded,51,416899,,,,,,
130885,30373-B-1,,DOM,PUR,Q3,6:57,57,32,489,378002,unknwown,RFOUL,foul drawn,125,319586,,,,,,
130885,30373-B-1,,DOM,PUR,Q3,6:57,57,32,490,379000,shot,FT,1st of 2 free throws missed,125,319586,False,1,0,0,,
130885,30373-B-1,,DOM,PUR,Q3,6:57,57,33,491,380000,shot,FT,2nd of 2 free throws made,125,319586,True,1,0,0,,
130885,30373-B-1,,DOM,PUR,Q3,6:57,57,33,492,381000,subst,SUBST,Substitution out,51,416899,,,,,OUT,
130885,30373-B-1,,DOM,PUR,Q3,6:57,57,33,493,382000,subst,SUBST,Substitution in,51,416767,,,,,IN,
130885,30373-B-1,,DOM,PUR,Q3,6:50,57,33,496,385000,unknwown,FOUL,personal foul; 2 free throws awarded,125,384042,,,,,,
130885,30373-B-1,,DOM,PUR,Q3,6:50,57,33,497,385002,unknwown,RFOUL,foul drawn,51,416805,,,,,,
130885,30373-B-1,,DOM,PUR,Q3,6:50,57,33,498,386000,subst,SUBST,Substitution out,125,384042,,,,,OUT,
130885,30373-B-1,,DOM,PUR,Q3,6:50,57,33,499,387000,subst,SUBST,Substitution in,125,416822,,,,,IN,
130885,30373-B-1,,DOM,PUR,Q3,6:50,57,33,500,388000,shot,FT,1st of 2 free throws missed,51,416805,False,1,0,0,,
130885,30373-B-1,,DOM,PUR,Q3,6:50,58,33,501,389000,shot,FT,2nd of 2 free throws made,51,416805,True,1,0,0,,
130885,30373-B-1,,DOM,PUR,Q3,6:50,58,33,502,389001,unknwown,ASS,made the assist,51,416914,,,,,,
130885,30373-B-1,,DOM,PUR,Q3,6:39,58,33,506,393000,shot,P2,"2PtsFG under the basket, driving layup missed",125,416823,False,2,141,36,,
130885,30373-B-1,,DOM,PUR,Q3,6:39,58,33,507,393001,unknwown,BS,blocked the shot,51,416769,,,,,,
130885,30373-B-1,,DOM,PUR,Q3,6:33,58,33,508,393002,unknwown,REB,offensive rebound,125,319575,,,,,,
130885,30373-B-1,,DOM,PUR,Q3,6:33,58,33,510,395000,shot,P2,"2PtsFG under the basket, driving layup missed",125,417164,False,2,129,35,,
130885,30373-B-1,,DOM,PUR,Q3,6:33,58,33,511,395001,unknwown,BS,blocked the shot,51,416805,,,,,,
130885,30373-B-1,,DOM,PUR,Q3,6:33,58,33,512,395002,unknwown,REB,defensive rebound,51,416805,,,,,,
130885,30373-B-1,,DOM,PUR,Q3,6:33,58,33,513,396000,unknwown,FOUL,personal foul,125,319575,,,,,,
130885,30373-B-1,,DOM,PUR,Q3,6:33,58,33,514,396002,unknwown,RFOUL,foul drawn,51,416805,,,,,,
130885,30373-B-1,,DOM,PUR,Q3,6:17,58,33,519,401000,unknwown,FOUL,personal foul; 2 free throws awarded,125,417164,,,,,,
130885,30373-B-1,,DOM,PUR,Q3,6:17,58,33,520,401002,unknwown,RFOUL,foul drawn,51,416769,,,,,,
130885,30373-B-1,,DOM,PUR,Q3,6:17,59,33,521,402000,shot,FT,1st of 2 free throws made,51,416769,True,1,0,0,,
130885,30373-B-1,,DOM,PUR,Q3,6:17,60,33,522,403000,shot,FT,2nd of 2 free throws made,51,416769,True,1,0,0,,
130885,30373-B-1,,DOM,PUR,Q3,6:17,60,35,523,404000,shot,P2,"2PtsFG under the basket, driving layup made",125,416823,True,2,148,26,,
130885,30373-B-1,,DOM,PUR,Q3,6:02,60,35,526,407000,subst,SUBST,Substitution out,51,390926,,,,,OUT,
130885,30373-B-1,,DOM,PUR,Q3,6:02,60,35,527,408000,subst,SUBST,Substitution in,51,416806,,,,,IN,
130885,30373-B-1,,DOM,PUR,Q3,5:57,60,35,530,410000,unknwown,TO,turnover; bad pass,51,416767,,,,,,
130885,30373-B-1,,DOM,PUR,Q3,5:57,60,35,531,410001,unknwown,ST,steal,125,417164,,,,,,
130885,30373-B-1,,DOM,PUR,Q3,5:50,60,35,535,414000,unknwown,FOUL,personal foul; 2 free throws awarded,51,416805,,,,,,
130885,30373-B-1,,DOM,PUR,Q3,5:50,60,35,536,414002,unknwown,RFOUL,foul drawn,125,319575,,,,,,
130885,30373-B-1,,DOM,PUR,Q3,5:50,60,35,537,415000,shot,FT,Free throw missed 1 of 2,125,319575,False,1,0,0,,
130885,30373-B-1,,DOM,PUR,Q3,5:50,60,36,538,416000,shot,FT,Free throw made 2 of 2,125,319575,True,1,0,0,,
130885,30373-B-1,,DOM,PUR,Q3,5:50,60,36,539,417000,subst,SUBST,Substitution out,51,416767,,,,,OUT,
130885,30373-B-1,,DOM,PUR,Q3,5:50,60,36,540,418000,subst,SUBST,Substitution in,51,416771,,,,,IN,
130885,30373-B-1,,DOM,PUR,Q3,5:46,60,36,543,421000,unknwown,TO,turnover; bad pass,51,416914,,,,,,
130885,30373-B-1,,DOM,PUR,Q3,5:39,60,38,545,423000,shot,P2,2pt floating jump shot made,125,417164,True,2,148,75,,
130885,30373-B-1,,DOM,PUR,Q3,5:15,63,38,546,424000,shot,P3,3pt jump shot made,51,416769,True,3,52,162,,
130885,30373-B-1,,DOM,PUR,Q3,5:15,63,38,547,424001,unknwown,ASS,made the assist,51,416771,,,,,,
130885,30373-B-1,,DOM,PUR,Q3,4:49,63,38,548,425000,unknwown,TO,turnover; bad pass,125,319575,,,,,,
130885,30373-B-1,,DOM,PUR,Q3,4:49,63,38,549,425001,unknwown,ST,steal,51,416771,,,,,,
130885,30373-B-1,,DOM,PUR,Q3,4:45,63,38,550,426000,unknwown,TO,turnover; bad pass,51,416771,,,,,,
130885,30373-B-1,,DOM,PUR,Q3,4:45,63,38,551,426001,unknwown,ST,steal,125,416822,,,,,,
130885,30373-B-1,,DOM,PUR,Q3,4:39,63,40,552,427000,shot,P2,"2PtsFG inside paint, points from fastbreak + after turnover, jump shot made",125,416823,True,2,179,59,,
130885,30373-B-1,,DOM,PUR,Q3,4:30,63,40,556,431000,unknwown,FOUL,personal foul; 2 free throws awarded,125,319575,,,,,,
130885,30373-B-1,,DOM,PUR,Q3,4:30,63,40,557,431002,unknwown,RFOUL,foul drawn,51,416806,,,,,,
130885,30373-B-1,,DOM,PUR,Q3,4:30,63,40,558,432000,subst,SUBST,Substitution out,125,319586,,,,,OUT,
130885,30373-B-1,,DOM,PUR,Q3,4:30,63,40,559,433000,subst,SUBST,Substitution in,125,319576,,,,,IN,
130885,30373-B-1,,DOM,PUR,Q3,4:30,64,40,560,434000,shot,FT,1st of 2 free throws made,51,416806,True,1,0,0,,
130885,30373-B-1,,DOM,PUR,Q3,4:30,64,40,561,435000,shot,FT,2nd of 2 free throws missed,51,416806,False,1,0,0,,
130885,30373-B-1,,DOM,PUR,Q3,4:30,64,40,563,435002,unknwown,REB,defensive rebound,125,416823,,,,,,
130885,30373-B-1,,DOM,PUR,Q3,4:17,64,43,566,439000,shot,P3,3pt jump shot made,125,416822,True,3,9,24,,
130885,30373-B-1,,DOM,PUR,Q3,4:17,64,43,567,439001,unknwown,ASS,made the assist,125,319576,,,,,,
130885,30373-B-1,,DOM,PUR,Q3,4:03,64,43,571,443000,unknwown,FOUL,personal foul; 2 free throws awarded,125,417164,,,,,,
130885,30373-B-1,,DOM,PUR,Q3,4:03,64,43,572,443002,unknwown,RFOUL,foul drawn,51,416769,,,,,,
130885,30373-B-1,,DOM,PUR,Q3,4:03,64,43,573,444000,subst,SUBST,Substitution out,51,416805,,,,,OUT,
130885,30373-B-1,,DOM,PUR,Q3,4:03,64,43,574,445000,subst,SUBST,Substitution in,51,416898,,,,,IN,
130885,30373-B-1,,DOM,PUR,Q3,4:03,65,43,575,446000,shot,FT,1st of 2 free throws made,51,416769,True,1,0,0,,
130885,30373-B-1,,DOM,PUR,Q3,4:03,66,43,576,447000,shot,FT,2nd of 2 free throws made,51,416769,True,1,0,0,,
130885,30373-B-1,,DOM,PUR,Q3,3:53,66,46,578,449000,shot,P3,3pt jump shot made,125,416822,True,3,46,136,,
130885,30373-B-1,,DOM,PUR,Q3,3:53,66,46,579,449001,unknwown,ASS,made the assist,125,319576,,,,,,
130885,30373-B-1,,DOM,PUR,Q3,3:23,66,46,580,450000,shot,P3,3pt jump shot from center missed,51,416914,False,3,90,172,,
130885,30373-B-1,,DOM,PUR,Q3,3:20,66,46,581,450002,unknwown,REB,offensive rebound,51,416771,,,,,,
130885,30373-B-1,,DOM,PUR,Q3,3:14,66,46,582,451000,shot,P2,"2PtsFG under the basket, turnaround jump shot missed",51,416769,False,2,129,39,,
130885,30373-B-1,,DOM,PUR,Q3,3:14,66,46,583,451001,unknwown,BS,blocked the shot,125,417164,,,,,,
130885,30373-B-1,,DOM,PUR,Q3,3:10,66,46,584,451002,unknwown,REB,defensive rebound,125,417164,,,,,,
130885,30373-B-1,,DOM,PUR,Q3,3:05,66,46,585,452000,shot,P3,3pt jump shot missed,125,319576,False,3,11,21,,
130885,30373-B-1,,DOM,PUR,Q3,3:01,66,46,586,452002,unknwown,REB,offensive rebound,125,416823,,,,,,
130885,30373-B-1,,DOM,PUR,Q3,3:01,66,48,587,453000,shot,P2,2PtsFG under the basket made,125,416823,True,2,140,31,,
130885,30373-B-1,,DOM,PUR,Q3,3:01,66,48,589,455000,timeout,TIMO,Timeout,51,,,,,,,
130885,30373-B-1,,DOM,PUR,Q3,3:01,66,48,590,456000,subst,SUBST,Substitution out,51,416806,,,,,OUT,
130885,30373-B-1,,DOM,PUR,Q3,3:01,66,48,591,457000,subst,SUBST,Substitution in,51,416805,,,,,IN,
130885,30373-B-1,,DOM,PUR,Q3,2:50,66,48,593,459000,shot,P2,2pt jump shot missed,51,416771,False,2,165,51,,
130885,30373-B-1,,DOM,PUR,Q3,2:47,66,48,594,459002,unknwown,REB,offensive rebound,51,416805,,,,,,
130885,30373-B-1,,DOM,PUR,Q3,2:44,68,48,595,460000,shot,P2,"2PtsFG under the basket, driving layup made",51,416771,True,2,157,32,,
130885,30373-B-1,,DOM,PUR,Q3,2:32,68,51,596,461000,shot,P3,3pt jump shot made,125,416822,True,3,8,12,,
130885,30373-B-1,,DOM,PUR,Q3,2:32,68,51,597,461001,unknwown,ASS,made the assist,125,319576,,,,,,
130885,30373-B-1,,DOM,PUR,Q3,2:19,68,51,601,465000,unknwown,FOUL,personal foul; 2 free throws awarded,125,416823,,,,,,
130885,30373-B-1,,DOM,PUR,Q3,2:19,68,51,602,465002,unknwown,RFOUL,foul drawn,51,416769,,,,,,
130885,30373-B-1,,DOM,PUR,Q3,2:18,69,51,605,468000,shot,FT,1st of 2 free throws made,51,416769,True,1,0,0,,
130885,30373-B-1,,DOM,PUR,Q3,2:18,69,51,606,469000,shot,FT,2nd of 2 free throws missed,51,416769,False,1,0,0,,
130885,30373-B-1,,DOM,PUR,Q3,2:18,69,51,608,469002,unknwown,REB,defensive rebound,125,417164,,,,,,
130885,30373-B-1,,DOM,PUR,Q3,2:07,69,51,611,473000,shot,P2,"2PtsFG inside left, jump shot missed",125,319576,False,2,92,100,,
130885,30373-B-1,,DOM,PUR,Q3,2:04,69,51,612,473002,unknwown,REB,defensive rebound,51,416771,,,,,,
130885,30373-B-1,,DOM,PUR,Q3,2:00,72,51,613,474000,shot,P3,3pt jump shot made,51,416898,True,3,11,25,,
130885,30373-B-1,,DOM,PUR,Q3,2:00,72,51,614,474001,unknwown,ASS,made the assist,51,416914,,,,,,
130885,30373-B-1,,DOM,PUR,Q3,1:55,72,51,616,476000,subst,SUBST,Substitution out,125,417164,,,,,OUT,
130885,30373-B-1,,DOM,PUR,Q3,1:55,72,51,617,477000,subst,SUBST,Substitution out,125,319575,,,,,OUT,
130885,30373-B-1,,DOM,PUR,Q3,1:55,72,51,618,478000,subst,SUBST,Substitution in,125,319586,,,,,IN,
130885,30373-B-1,,DOM,PUR,Q3,1:55,72,51,619,479000,subst,SUBST,Substitution in,125,416820,,,,,IN,
130885,30373-B-1,,DOM,PUR,Q3,1:50,72,51,621,481000,shot,P3,3pt jump shot missed,125,416822,False,3,214,159,,
130885,30373-B-1,,DOM,PUR,Q3,1:47,72,51,622,481002,unknwown,REB,defensive rebound,51,416769,,,,,,
130885,30373-B-1,,DOM,PUR,Q3,1:36,72,51,623,482000,shot,P2,"2PtsFG under the basket, driving layup missed",51,416914,False,2,148,47,,
130885,30373-B-1,,DOM,PUR,Q3,1:31,72,51,624,482002,unknwown,REB,offensive rebound,51,416805,,,,,,
130885,30373-B-1,,DOM,PUR,Q3,1:31,74,51,625,483000,shot,P2,2PtsFG under the basket made,51,416805,True,2,140,31,,
130885,30373-B-1,,DOM,PUR,Q3,1:30,74,51,626,484000,unknwown,TO,turnover; bad pass,125,319576,,,,,,
130885,30373-B-1,,DOM,PUR,Q3,1:30,74,51,627,484001,unknwown,ST,steal,51,416914,,,,,,
130885,30373-B-1,,DOM,PUR,Q3,1:25,74,51,628,485000,shot,P2,2pt jump shot missed,51,416914,False,2,158,66,,
130885,30373-B-1,,DOM,PUR,Q3,1:19,74,51,629,485002,unknwown,REB,offensive rebound,51,416805,,,,,,
130885,30373-B-1,,DOM,PUR,Q3,1:19,74,51,630,486000,shot,P2,"2PtsFG under the basket, points from second chance + after turnover missed",51,416805,False,2,140,31,,
130885,30373-B-1,,DOM,PUR,Q3,1:18,74,51,631,486002,unknwown,REB,defensive rebound,125,416820,,,,,,
130885,30373-B-1,,DOM,PUR,Q3,1:16,74,51,632,487000,shot,P2,"2PtsFG under the basket, driving layup missed",125,416822,False,2,125,36,,
130885,30373-B-1,,DOM,PUR,Q3,1:12,74,51,633,487002,unknwown,REB,offensive rebound,125,319576,,,,,,
130885,30373-B-1,,DOM,PUR,Q3,1:12,74,51,634,488000,shot,P2,2PtsFG under the basket missed,125,319576,False,2,140,31,,
130885,30373-B-1,,DOM,PUR,Q3,1:11,74,51,635,488002,unknwown,REB,defensive rebound,51,416914,,,,,,
130885,30373-B-1,,DOM,PUR,Q3,1:09,74,51,636,489000,shot,P2,"2PtsFG under the basket, driving layup missed",51,416914,False,2,154,42,,
130885,30373-B-1,,DOM,PUR,Q3,1:06,74,51,637,489002,unknwown,REB,defensive rebound,125,416823,,,,,,
130885,30373-B-1,,DOM,PUR,Q3,1:05,74,51,638,490000,unknwown,TO,turnover; bad pass,125,416823,,,,,,
130885,30373-B-1,,DOM,PUR,Q3,1:05,74,51,639,490001,unknwown,ST,steal,51,416771,,,,,,
130885,30373-B-1,,DOM,PUR,Q3,1:01,76,51,641,492000,shot,P2,"2PtsFG under the basket, points from fastbreak + after turnover, driving layup made",51,416914,True,2,149,40,,
130885,30373-B-1,,DOM,PUR,Q3,1:01,76,51,642,492001,unknwown,ASS,made the assist,51,416771,,,,,,
130885,30373-B-1,,DOM,PUR,Q3,1:01,76,51,643,493000,unknwown,FOUL,personal foul; 1 free throw awarded,125,416822,,,,,,
130885,30373-B-1,,DOM,PUR,Q3,1:01,76,51,644,493002,unknwown,RFOUL,foul drawn,51,416914,,,,,,
130885,30373-B-1,,DOM,PUR,Q3,1:01,76,51,645,494000,unknwown,FOUL,technical foul; 1 free throw awarded,51,416914,,,,,,
130885,30373-B-1,,DOM,PUR,Q3,1:01,76,51,646,495000,shot,FT,1st free throw missed,125,416822,False,1,0,0,,
130885,30373-B-1,,DOM,PUR,Q3,1:01,76,51,647,496000,subst,SUBST,Substitution out,125,319576,,,,,OUT,
130885,30373-B-1,,DOM,PUR,Q3,1:01,76,51,648,497000,subst,SUBST,Substitution in,125,343131,,,,,IN,
130885,30373-B-1,,DOM,PUR,Q3,1:01,76,51,649,498000,subst,SUBST,Substitution out,125,416822,,,,,OUT,
130885,30373-B-1,,DOM,PUR,Q3,1:01,76,51,650,499000,subst,SUBST,Substitution in,125,416814,,,,,IN,
130885,30373-B-1,,DOM,PUR,Q3,1:01,77,51,651,500000,shot,FT,1st free throw made,51,416914,True,1,0,0,,
130885,30373-B-1,,DOM,PUR,Q3,1:01,77,51,652,501000,subst,SUBST,Substitution out,51,416914,,,,,OUT,
130885,30373-B-1,,DOM,PUR,Q3,1:01,77,51,653,502000,subst,SUBST,Substitution in,51,416768,,,,,IN,
130885,30373-B-1,,DOM,PUR,Q3,0:47,77,51,656,504000,shot,P2,"2PtsFG inside right, jump shot missed",125,343131,False,2,243,88,,
130885,30373-B-1,,DOM,PUR,Q3,0:44,77,51,657,504002,unknwown,REB,defensive rebound,51,416805,,,,,,
130885,30373-B-1,,DOM,PUR,Q3,0:39,77,51,658,505000,shot,P3,3pt jump shot missed,51,416769,False,3,201,165,,
130885,30373-B-1,,DOM,PUR,Q3,0:37,77,51,659,505002,unknwown,REB,defensive rebound,125,416820,,,,,,
130885,30373-B-1,,DOM,PUR,Q3,0:26,77,51,660,506000,unknwown,TO,turnover; ball handling,125,319586,,,,,,
130885,30373-B-1,,DOM,PUR,Q3,0:26,77,51,661,506001,unknwown,ST,steal,51,416768,,,,,,
130885,30373-B-1,,DOM,PUR,Q3,0:19,77,51,662,507000,shot,P2,"2PtsFG under the basket, points after turnover, driving layup missed",51,416768,False,2,143,37,,
130885,30373-B-1,,DOM,PUR,Q3,0:14,77,51,663,507002,unknwown,REB,defensive rebound,125,319586,,,,,,
130885,30373-B-1,,DOM,PUR,Q3,0:11,77,51,664,508000,shot,P3,3pt jump shot missed,125,343131,False,3,28,123,,
130885,30373-B-1,,DOM,PUR,Q3,0:08,77,51,665,508002,unknwown,REB,offensive rebound,125,319586,,,,,,
130885,30373-B-1,,DOM,PUR,Q3,0:05,77,51,666,509000,shot,P3,3pt jump shot missed,125,416823,False,3,244,122,,
130885,30373-B-1,,DOM,PUR,Q3,0:01,77,51,667,509002,unknwown,REB,offensive rebound,125,343131,,,,,,
130885,30373-B-1,,DOM,PUR,Q3,0:01,77,51,669,511000,shot,P2,2pt pullup jump shot missed,125,343131,False,2,123,50,,
130885,30373-B-1,,DOM,PUR,Q3,0:01,77,51,670,511002,unknwown,REB,defensive rebound,51,416769,,,,,,
130885,30373-B-1,,DOM,PUR,Q3,0:00,77,51,673,514000,periods,ENDP,End of Period,,,,,,,,
130885,30373-B-1,,DOM,PUR,Q4,10:00,77,51,674,515000,subst,SUBST,Substitution out,51,416769,,,,,OUT,
130885,30373-B-1,,DOM,PUR,Q4,10:00,77,51,675,516000,subst,SUBST,Substitution in,51,416899,,,,,IN,
130885,30373-B-1,,DOM,PUR,Q4,10:00,77,51,676,517000,subst,SUBST,Substitution out,125,319586,,,,,OUT,
130885,30373-B-1,,DOM,PUR,Q4,10:00,77,51,677,518000,subst,SUBST,Substitution out,125,343131,,,,,OUT,
130885,30373-B-1,,DOM,PUR,Q4,10:00,77,51,678,519000,subst,SUBST,Substitution out,125,416814,,,,,OUT,
130885,30373-B-1,,DOM,PUR,Q4,10:00,77,51,679,520000,subst,SUBST,Substitution in,125,416822,,,,,IN,
130885,30373-B-1,,DOM,PUR,Q4,10:00,77,51,680,521000,subst,SUBST,Substitution in,125,416819,,,,,IN,
130885,30373-B-1,,DOM,PUR,Q4,10:00,77,51,681,522000,subst,SUBST,Substitution in,125,417164,,,,,IN,
130885,30373-B-1,,DOM,PUR,Q4,10:00,77,51,682,523000,periods,STARTP,Start of Period,,,,,,,,
130885,30373-B-1,,DOM,PUR,Q4,9:47,77,51,687,528000,unknwown,FOUL,personal foul,51,416899,,,,,,
130885,30373-B-1,,DOM,PUR,Q4,9:47,77,51,688,528002,unknwown,RFOUL,foul drawn,125,417164,,,,,,
130885,30373-B-1,,DOM,PUR,Q4,9:40,77,51,691,531000,shot,P2,"2PtsFG under the basket, driving layup missed",125,417164,False,2,131,40,,
130885,30373-B-1,,DOM,PUR,Q4,9:40,77,51,692,531002,unknwown,REB,defensive rebound,51,416771,,,,,,
130885,30373-B-1,,DOM,PUR,Q4,9:24,77,51,694,533000,unknwown,TO,turnover; bad pass,51,416771,,,,,,
130885,30373-B-1,,DOM,PUR,Q4,9:24,77,51,695,533001,unknwown,ST,steal,125,416822,,,,,,
130885,30373-B-1,,DOM,PUR,Q4,9:15,77,51,696,534000,unknwown,TO,turnover; bad pass,125,416819,,,,,,
130885,30373-B-1,,DOM,PUR,Q4,9:15,77,51,697,534001,unknwown,ST,steal,51,416898,,,,,,
130885,30373-B-1,,DOM,PUR,Q4,9:11,79,51,698,535000,shot,P2,"2PtsFG under the basket, points from fastbreak + after turnover, driving layup made",51,416898,True,2,122,40,,
130885,30373-B-1,,DOM,PUR,Q4,8:58,79,51,699,536000,shot,P2,"2PtsFG under the basket, jump shot missed",125,417164,False,2,143,39,,
130885,30373-B-1,,DOM,PUR,Q4,8:54,79,51,700,536002,unknwown,REB,offensive rebound,125,417164,,,,,,
130885,30373-B-1,,DOM,PUR,Q4,8:54,79,53,701,537000,shot,P2,2PtsFG under the basket made,125,417164,True,2,140,31,,
130885,30373-B-1,,DOM,PUR,Q4,8:46,79,53,702,538000,shot,P3,3pt jump shot missed,51,416899,False,3,274,12,,
130885,30373-B-1,,DOM,PUR,Q4,8:43,79,53,703,538002,unknwown,REB,defensive rebound,125,416822,,,,,,
130885,30373-B-1,,DOM,PUR,Q4,8:36,79,53,704,539000,shot,P2,2pt pullup jump shot missed,125,417164,False,2,205,69,,
130885,30373-B-1,,DOM,PUR,Q4,8:33,79,53,705,539002,unknwown,REB,defensive rebound,51,416805,,,,,,
130885,30373-B-1,,DOM,PUR,Q4,8:23,79,53,709,543000,unknwown,FOUL,personal foul; 2 free throws awarded,125,416822,,,,,,
130885,30373-B-1,,DOM,PUR,Q4,8:23,79,53,710,543002,unknwown,RFOUL,foul drawn,51,416771,,,,,,
130885,30373-B-1,,DOM,PUR,Q4,8:23,79,53,711,544000,subst,SUBST,Substitution out,125,416823,,,,,OUT,
130885,30373-B-1,,DOM,PUR,Q4,8:23,79,53,712,545000,subst,SUBST,Substitution out,125,417164,,,,,OUT,
130885,30373-B-1,,DOM,PUR,Q4,8:23,79,53,713,546000,subst,SUBST,Substitution in,125,319576,,,,,IN,
130885,30373-B-1,,DOM,PUR,Q4,8:23,79,53,714,547000,subst,SUBST,Substitution in,125,319586,,,,,IN,
130885,30373-B-1,,DOM,PUR,Q4,8:23,79,53,715,548000,shot,FT,1st of 2 free throws missed,51,416771,False,1,0,0,,
130885,30373-B-1,,DOM,PUR,Q4,8:23,79,53,716,549000,shot,FT,2nd of 2 free throws missed,51,416771,False,1,0,0,,
130885,30373-B-1,,DOM,PUR,Q4,8:23,79,53,718,549002,unknwown,REB,defensive rebound,125,319576,,,,,,
130885,30373-B-1,,DOM,PUR,Q4,8:22,79,53,720,552000,unknwown,TO,turnover; ball handling,125,319576,,,,,,
130885,30373-B-1,,DOM,PUR,Q4,8:22,79,53,721,552001,unknwown,ST,steal,51,416768,,,,,,
130885,30373-B-1,,DOM,PUR,Q4,8:22,79,53,722,553000,subst,SUBST,Substitution out,51,416771,,,,,OUT,
130885,30373-B-1,,DOM,PUR,Q4,8:22,79,53,723,554000,subst,SUBST,Substitution in,51,416914,,,,,IN,
130885,30373-B-1,,DOM,PUR,Q4,8:21,81,53,725,556000,shot,P2,"2PtsFG under the basket, points after turnover, eurostep made",51,416768,True,2,140,45,,
130885,30373-B-1,,DOM,PUR,Q4,8:08,81,55,726,557000,shot,P2,"2PtsFG under the basket, driving layup made",125,416819,True,2,122,32,,
130885,30373-B-1,,DOM,PUR,Q4,8:00,81,55,729,560000,unknwown,TO,turnover; ball handling,51,416914,,,,,,
130885,30373-B-1,,DOM,PUR,Q4,7:39,81,58,734,565000,shot,P3,3pt jump shot made,125,319586,True,3,221,147,,
130885,30373-B-1,,DOM,PUR,Q4,7:39,81,58,735,565001,unknwown,ASS,made the assist,125,416822,,,,,,
130885,30373-B-1,,DOM,PUR,Q4,7:26,81,58,736,566000,unknwown,TO,turnover; bad pass,51,416899,,,,,,
130885,30373-B-1,,DOM,PUR,Q4,7:26,81,58,737,566001,unknwown,ST,steal,125,416820,,,,,,
130885,30373-B-1,,DOM,PUR,Q4,7:19,81,58,739,568000,shot,P3,3pt jump shot missed,125,319586,False,3,239,137,,
130885,30373-B-1,,DOM,PUR,Q4,7:19,81,58,740,568002,unknwown,TREB,team offensive rebound,125,,,,,,,
130885,30373-B-1,,DOM,PUR,Q4,7:19,81,58,741,569000,subst,SUBST,Substitution out,51,416898,,,,,OUT,
130885,30373-B-1,,DOM,PUR,Q4,7:19,81,58,742,570000,subst,SUBST,Substitution out,51,416899,,,,,OUT,
130885,30373-B-1,,DOM,PUR,Q4,7:19,81,58,743,571000,subst,SUBST,Substitution in,51,416806,,,,,IN,
130885,30373-B-1,,DOM,PUR,Q4,7:19,81,58,744,572000,subst,SUBST,Substitution in,51,416769,,,,,IN,
130885,30373-B-1,,DOM,PUR,Q4,7:15,81,58,747,575000,timeout,TIMO,Timeout,125,,,,,,,
130885,30373-B-1,,DOM,PUR,Q4,7:15,81,58,748,576000,subst,SUBST,Substitution out,51,416768,,,,,OUT,
130885,30373-B-1,,DOM,PUR,Q4,7:15,81,58,749,577000,subst,SUBST,Substitution in,51,416898,,,,,IN,
130885,30373-B-1,,DOM,PUR,Q4,7:15,81,58,750,578000,subst,SUBST,Substitution out,125,319576,,,,,OUT,
130885,30373-B-1,,DOM,PUR,Q4,7:15,81,58,751,579000,subst,SUBST,Substitution in,125,416814,,,,,IN,
130885,30373-B-1,,DOM,PUR,Q4,7:14,81,60,753,581000,shot,P2,2pt turnaround jump shot made,125,416814,True,2,145,62,,
130885,30373-B-1,,DOM,PUR,Q4,7:00,83,60,754,582000,shot,P2,"2PtsFG under the basket, pullup jump shot made",51,416806,True,2,153,44,,
130885,30373-B-1,,DOM,PUR,Q4,7:00,83,60,755,582001,unknwown,ASS,made the assist,51,416898,,,,,,
130885,30373-B-1,,DOM,PUR,Q4,6:42,83,60,756,583000,shot,P3,3pt jump shot missed,125,416820,False,3,274,31,,
130885,30373-B-1,,DOM,PUR,Q4,6:40,83,60,757,583002,unknwown,REB,offensive rebound,125,416819,,,,,,
130885,30373-B-1,,DOM,PUR,Q4,6:37,83,60,759,585000,shot,P3,3pt jump shot missed,125,416822,False,3,31,108,,
130885,30373-B-1,,DOM,PUR,Q4,6:37,83,60,761,585002,unknwown,REB,defensive rebound,51,416806,,,,,,
130885,30373-B-1,,DOM,PUR,Q4,6:37,83,60,760,586000,unknwown,JS,jump ball situation; throw-in,51,,,,,,,
130885,30373-B-1,,DOM,PUR,Q4,6:20,86,60,763,588000,shot,P3,3pt jump shot from center made,51,416914,True,3,179,169,,
130885,30373-B-1,,DOM,PUR,Q4,6:05,86,60,764,589000,shot,P3,3pt jump shot from center missed,125,319586,False,3,114,173,,
130885,30373-B-1,,DOM,PUR,Q4,6:02,86,60,765,589002,unknwown,REB,offensive rebound,125,319586,,,,,,
130885,30373-B-1,,DOM,PUR,Q4,6:00,86,60,766,590000,shot,P3,3pt jump shot missed,125,416819,False,3,226,133,,
130885,30373-B-1,,DOM,PUR,Q4,5:54,86,60,767,590002,unknwown,REB,defensive rebound,51,416914,,,,,,
130885,30373-B-1,,DOM,PUR,Q4,5:49,86,60,768,591000,shot,P3,3pt jump shot missed,51,416769,False,3,32,115,,
130885,30373-B-1,,DOM,PUR,Q4,5:45,86,60,769,591002,unknwown,REB,defensive rebound,125,416814,,,,,,
130885,30373-B-1,,DOM,PUR,Q4,5:33,86,62,771,593000,shot,P2,"2PtsFG under the basket, driving layup made",125,416814,True,2,144,40,,
130885,30373-B-1,,DOM,PUR,Q4,5:33,86,62,772,593001,unknwown,ASS,made the assist,125,319586,,,,,,
130885,30373-B-1,,DOM,PUR,Q4,5:33,86,62,773,594000,unknwown,FOUL,personal foul; 1 free throw awarded,51,416914,,,,,,
130885,30373-B-1,,DOM,PUR,Q4,5:33,86,62,774,594002,unknwown,RFOUL,foul drawn,125,416814,,,,,,
130885,30373-B-1,,DOM,PUR,Q4,5:33,86,62,775,595000,subst,SUBST,Substitution out,51,416806,,,,,OUT,
130885,30373-B-1,,DOM,PUR,Q4,5:33,86,62,776,596000,subst,SUBST,Substitution in,51,416899,,,,,IN,
130885,30373-B-1,,DOM,PUR,Q4,5:33,86,62,777,597000,subst,SUBST,Substitution out,125,319586,,,,,OUT,
130885,30373-B-1,,DOM,PUR,Q4,5:33,86,62,778,598000,subst,SUBST,Substitution in,125,416823,,,,,IN,
130885,30373-B-1,,DOM,PUR,Q4,5:33,86,62,779,599000,shot,FT,1st free throw missed,125,416814,False,1,0,0,,
130885,30373-B-1,,DOM,PUR,Q4,5:33,86,62,781,599002,unknwown,REB,defensive rebound,51,416899,,,,,,
130885,30373-B-1,,DOM,PUR,Q4,5:29,86,62,784,603000,unknwown,TO,turnover; bad pass,51,416899,,,,,,
130885,30373-B-1,,DOM,PUR,Q4,5:11,86,62,787,606000,shot,P2,2pt fadeaway jump shot missed,125,416819,False,2,157,46,,
130885,30373-B-1,,DOM,PUR,Q4,5:07,86,62,788,606002,unknwown,REB,offensive rebound,125,416814,,,,,,
130885,30373-B-1,,DOM,PUR,Q4,5:07,86,62,789,607000,shot,P2,"2PtsFG under the basket, points from second chance + after turnover missed",125,416814,False,2,140,31,,
130885,30373-B-1,,DOM,PUR,Q4,5:06,86,62,790,607002,unknwown,REB,defensive rebound,51,416769,,,,,,
130885,30373-B-1,,DOM,PUR,Q4,5:05,88,62,792,609000,shot,P2,"2PtsFG under the basket, fast break, layup made",51,416914,True,2,150,38,,
130885,30373-B-1,,DOM,PUR,Q4,5:05,88,62,793,609001,unknwown,ASS,made the assist,51,416769,,,,,,
130885,30373-B-1,,DOM,PUR,Q4,5:05,88,62,794,610000,unknwown,FOUL,personal foul; 1 free throw awarded,125,416822,,,,,,
130885,30373-B-1,,DOM,PUR,Q4,5:05,88,62,795,610002,unknwown,RFOUL,foul drawn,51,416914,,,,,,
130885,30373-B-1,,DOM,PUR,Q4,5:05,89,62,796,611000,shot,FT,1st free throw made,51,416914,True,1,0,0,,
130885,30373-B-1,,DOM,PUR,Q4,4:42,89,62,798,613000,shot,P3,3pt step back jump shot missed,125,416819,False,3,137,182,,
130885,30373-B-1,,DOM,PUR,Q4,4:38,89,62,799,613002,unknwown,REB,offensive rebound,125,416823,,,,,,
130885,30373-B-1,,DOM,PUR,Q4,4:37,89,64,800,614000,shot,P2,"2PtsFG under the basket, reverse lay-up made",125,416823,True,2,130,36,,
130885,30373-B-1,,DOM,PUR,Q4,4:29,89,64,801,615000,unknwown,TO,turnover; bad pass,51,416914,,,,,,
130885,30373-B-1,,DOM,PUR,Q4,4:29,89,64,802,615001,unknwown,ST,steal,125,416823,,,,,,
130885,30373-B-1,,DOM,PUR,Q4,4:23,89,64,803,616000,shot,P2,"2PtsFG under the basket, points after turnover, layup missed",125,416822,False,2,122,28,,
130885,30373-B-1,,DOM,PUR,Q4,4:20,89,64,804,616002,unknwown,REB,offensive rebound,125,416820,,,,,,
130885,30373-B-1,,DOM,PUR,Q4,4:18,89,64,805,617000,shot,P2,"2PtsFG under the basket, points from second chance + after turnover, fadeaway jump shot missed",125,416820,False,2,154,40,,
130885,30373-B-1,,DOM,PUR,Q4,4:14,89,64,806,617002,unknwown,REB,defensive rebound,51,416769,,,,,,
130885,30373-B-1,,DOM,PUR,Q4,4:12,89,64,808,619000,shot,P3,3pt jump shot missed,51,416914,False,3,231,139,,
130885,30373-B-1,,DOM,PUR,Q4,4:12,89,64,809,619002,unknwown,REB,offensive rebound,51,416769,,,,,,
130885,30373-B-1,,DOM,PUR,Q4,4:12,89,64,810,620000,unknwown,FOUL,personal foul; 2 free throws awarded,125,416823,,,,,,
130885,30373-B-1,,DOM,PUR,Q4,4:12,89,64,811,620002,unknwown,RFOUL,foul drawn,51,416769,,,,,,
130885,30373-B-1,,DOM,PUR,Q4,4:12,89,64,812,621000,subst,SUBST,Substitution out,51,416914,,,,,OUT,
130885,30373-B-1,,DOM,PUR,Q4,4:12,89,64,813,622000,subst,SUBST,Substitution out,51,416805,,,,,OUT,
130885,30373-B-1,,DOM,PUR,Q4,4:12,89,64,814,623000,subst,SUBST,Substitution in,51,416771,,,,,IN,
130885,30373-B-1,,DOM,PUR,Q4,4:12,89,64,815,624000,subst,SUBST,Substitution in,51,384379,,,,,IN,
130885,30373-B-1,,DOM,PUR,Q4,4:12,89,64,816,625000,subst,SUBST,Substitution out,125,416820,,,,,OUT,
130885,30373-B-1,,DOM,PUR,Q4,4:12,89,64,817,626000,subst,SUBST,Substitution in,125,343088,,,,,IN,
130885,30373-B-1,,DOM,PUR,Q4,4:12,90,64,818,627000,shot,FT,1st of 2 free throws made,51,416769,True,1,0,0,,
130885,30373-B-1,,DOM,PUR,Q4,4:12,90,64,819,628000,shot,FT,2nd of 2 free throws missed,51,416769,False,1,0,0,,
130885,30373-B-1,,DOM,PUR,Q4,4:12,90,64,821,628002,unknwown,REB,defensive rebound,125,343088,,,,,,
130885,30373-B-1,,DOM,PUR,Q4,3:54,90,64,824,632000,subst,SUBST,Substitution out,125,343088,,,,,OUT,
130885,30373-B-1,,DOM,PUR,Q4,3:54,90,64,825,633000,subst,SUBST,Substitution in,125,384042,,,,,IN,
130885,30373-B-1,,DOM,PUR,Q4,3:46,90,64,826,634000,shot,P2,"2PtsFG under the basket, driving layup missed",125,384042,False,2,154,40,,
130885,30373-B-1,,DOM,PUR,Q4,3:42,90,64,827,634002,unknwown,REB,defensive rebound,51,416769,,,,,,
130885,30373-B-1,,DOM,PUR,Q4,3:36,90,64,828,635000,unknwown,TO,turnover; ball handling,51,416769,,,,,,
130885,30373-B-1,,DOM,PUR,Q4,3:36,90,64,829,635001,unknwown,ST,steal,125,416822,,,,,,
130885,30373-B-1,,DOM,PUR,Q4,3:23,90,64,830,636000,shot,P2,2pt jump shot missed,125,384042,False,2,164,49,,
130885,30373-B-1,,DOM,PUR,Q4,3:20,90,64,831,636002,unknwown,REB,defensive rebound,51,416899,,,,,,
130885,30373-B-1,,DOM,PUR,Q4,3:19,90,64,832,637000,subst,SUBST,Substitution out,125,416823,,,,,OUT,
130885,30373-B-1,,DOM,PUR,Q4,3:19,90,64,833,638000,subst,SUBST,Substitution in,125,343088,,,,,IN,
130885,30373-B-1,,DOM,PUR,Q4,3:00,90,64,837,642000,unknwown,FOUL,personal foul; 2 free throws awarded,125,416822,,,,,,
130885,30373-B-1,,DOM,PUR,Q4,3:00,90,64,838,642002,unknwown,RFOUL,foul drawn,51,416899,,,,,,
130885,30373-B-1,,DOM,PUR,Q4,3:00,90,64,839,643000,subst,SUBST,Substitution out,51,416769,,,,,OUT,
130885,30373-B-1,,DOM,PUR,Q4,3:00,90,64,840,644000,subst,SUBST,Substitution in,51,416767,,,,,IN,
130885,30373-B-1,,DOM,PUR,Q4,3:00,90,64,841,645000,subst,SUBST,Substitution out,125,416814,,,,,OUT,
130885,30373-B-1,,DOM,PUR,Q4,3:00,90,64,842,646000,subst,SUBST,Substitution in,125,319576,,,,,IN,
130885,30373-B-1,,DOM,PUR,Q4,3:00,91,64,843,647000,shot,FT,1st of 2 free throws made,51,416899,True,1,0,0,,
130885,30373-B-1,,DOM,PUR,Q4,3:00,92,64,844,648000,shot,FT,2nd of 2 free throws made,51,416899,True,1,0,0,,
130885,30373-B-1,,DOM,PUR,Q4,2:59,92,64,847,651000,timeout,TIMO,Timeout,125,,,,,,,
130885,30373-B-1,,DOM,PUR,Q4,2:59,92,64,848,652000,subst,SUBST,Substitution out,51,416898,,,,,OUT,
130885,30373-B-1,,DOM,PUR,Q4,2:59,92,64,849,653000,subst,SUBST,Substitution out,51,416899,,,,,OUT,
130885,30373-B-1,,DOM,PUR,Q4,2:59,92,64,850,654000,subst,SUBST,Substitution in,51,416768,,,,,IN,
130885,30373-B-1,,DOM,PUR,Q4,2:59,92,64,851,655000,subst,SUBST,Substitution in,51,392145,,,,,IN,
130885,30373-B-1,,DOM,PUR,Q4,2:44,92,64,853,657000,unknwown,TO,turnover; ball handling,125,343088,,,,,,
130885,30373-B-1,,DOM,PUR,Q4,2:44,92,64,854,657001,unknwown,ST,steal,51,416771,,,,,,
130885,30373-B-1,,DOM,PUR,Q4,2:39,94,64,855,658000,shot,P2,"2PtsFG under the basket, points from fastbreak + after turnover, layup made",51,416767,True,2,131,38,,
130885,30373-B-1,,DOM,PUR,Q4,2:39,94,64,856,658001,unknwown,ASS,made the assist,51,416768,,,,,,
130885,30373-B-1,,DOM,PUR,Q4,2:35,94,66,858,660000,shot,P2,"2PtsFG under the basket, driving layup made",125,384042,True,2,130,20,,
130885,30373-B-1,,DOM,PUR,Q4,2:35,94,66,859,661000,unknwown,FOUL,personal foul; 1 free throw awarded,51,392145,,,,,,
130885,30373-B-1,,DOM,PUR,Q4,2:35,94,66,860,661002,unknwown,RFOUL,foul drawn,125,384042,,,,,,
130885,30373-B-1,,DOM,PUR,Q4,2:35,94,66,861,662000,shot,FT,1st free throw missed,125,384042,False,1,0,0,,
130885,30373-B-1,,DOM,PUR,Q4,2:35,94,66,863,662002,unknwown,REB,defensive rebound,51,392145,,,,,,
130885,30373-B-1,,DOM,PUR,Q4,2:26,94,66,864,664000,shot,P2,"2PtsFG under the basket, driving layup missed",51,416767,False,2,131,43,,
130885,30373-B-1,,DOM,PUR,Q4,2:23,94,66,865,664002,unknwown,REB,offensive rebound,51,392145,,,,,,
130885,30373-B-1,,DOM,PUR,Q4,2:22,94,66,866,665000,unknwown,TO,turnover; ball handling,51,392145,,,,,,
130885,30373-B-1,,DOM,PUR,Q4,2:22,94,66,867,665001,unknwown,ST,steal,125,319576,,,,,,
130885,30373-B-1,,DOM,PUR,Q4,2:11,94,66,871,669000,unknwown,FOUL,personal foul; 2 free throws awarded,51,384379,,,,,,
130885,30373-B-1,,DOM,PUR,Q4,2:11,94,66,872,669002,unknwown,RFOUL,foul drawn,125,319576,,,,,,
130885,30373-B-1,,DOM,PUR,Q4,2:11,94,66,873,670000,shot,FT,Free throw missed 1 of 2,125,319576,False,1,0,0,,
130885,30373-B-1,,DOM,PUR,Q4,2:11,94,67,874,671000,shot,FT,Free throw made 2 of 2,125,319576,True,1,0,0,,
130885,30373-B-1,,DOM,PUR,Q4,2:03,94,67,876,673000,shot,P2,2pt driving layup missed,51,416768,False,2,153,56,,
130885,30373-B-1,,DOM,PUR,Q4,2:00,94,67,877,673002,unknwown,REB,defensive rebound,125,416819,,,,,,
130885,30373-B-1,,DOM,PUR,Q4,1:58,94,67,879,675000,unknwown,TO,turnover; ball handling,125,319576,,,,,,
130885,30373-B-1,,DOM,PUR,Q4,1:58,94,67,880,675001,unknwown,ST,steal,51,416771,,,,,,
130885,30373-B-1,,DOM,PUR,Q4,1:58,94,67,881,676000,unknwown,FOUL,personal foul; 2 free throws awarded,125,319576,,,,,,
130885,30373-B-1,,DOM,PUR,Q4,1:58,94,67,882,676002,unknwown,RFOUL,foul drawn,51,416771,,,,,,
130885,30373-B-1,,DOM,PUR,Q4,1:55,95,67,885,679000,shot,FT,Free throw made 1 of 2,51,416771,True,1,0,0,,
130885,30373-B-1,,DOM,PUR,Q4,1:55,96,67,886,680000,shot,FT,Free throw made 2 of 2,51,416771,True,1,0,0,,
130885,30373-B-1,,DOM,PUR,Q4,1:35,96,67,889,683000,shot,P3,3pt jump shot missed,125,416822,False,3,46,133,,
130885,30373-B-1,,DOM,PUR,Q4,1:35,96,67,890,683002,unknwown,REB,offensive rebound,125,319576,,,,,,
130885,30373-B-1,,DOM,PUR,Q4,1:35,96,67,891,684000,unknwown,FOUL,personal foul; 2 free throws awarded,51,392145,,,,,,
130885,30373-B-1,,DOM,PUR,Q4,1:35,96,67,892,684002,unknwown,RFOUL,foul drawn,125,319576,,,,,,
130885,30373-B-1,,DOM,PUR,Q4,1:35,96,67,893,685000,shot,FT,1st of 2 free throws missed,125,319576,False,1,0,0,,
130885,30373-B-1,,DOM,PUR,Q4,1:35,96,67,894,686000,shot,FT,2nd of 2 free throws missed,125,319576,False,1,0,0,,
130885,30373-B-1,,DOM,PUR,Q4,1:35,96,67,896,686002,unknwown,REB,defensive rebound,51,392145,,,,,,
130885,30373-B-1,,DOM,PUR,Q4,1:18,96,67,897,688000,shot,P3,3pt jump shot missed,51,416767,False,3,42,135,,
130885,30373-B-1,,DOM,PUR,Q4,1:14,96,67,898,688002,unknwown,REB,defensive rebound,125,343088,,,,,,
130885,30373-B-1,,DOM,PUR,Q4,1:07,96,67,900,690000,shot,P3,3pt jump shot missed,125,416822,False,3,270,22,,
130885,30373-B-1,,DOM,PUR,Q4,1:07,96,67,901,690002,unknwown,TREB,team defensive rebound,51,,,,,,,
130885,30373-B-1,,DOM,PUR,Q4,0:48,96,67,904,693000,subst,SUBST,Substitution out,51,392145,,,,,OUT,
130885,30373-B-1,,DOM,PUR,Q4,0:48,96,67,905,694000,subst,SUBST,Substitution in,51,416805,,,,,IN,
130885,30373-B-1,,DOM,PUR,Q4,0:48,96,67,906,695000,shot,P2,2pt driving layup missed,51,384379,False,2,122,56,,
130885,30373-B-1,,DOM,PUR,Q4,0:48,96,67,907,695001,unknwown,BS,blocked the shot,125,384042,,,,,,
130885,30373-B-1,,DOM,PUR,Q4,0:48,96,67,908,695002,unknwown,REB,defensive rebound,125,319576,,,,,,
130885,30373-B-1,,DOM,PUR,Q4,0:48,96,69,910,697000,shot,P2,"2PtsFG under the basket, fast break, driving layup made",125,319576,True,2,133,36,,
130885,30373-B-1,,DOM,PUR,Q4,0:30,98,69,911,698000,shot,P2,"2PtsFG under the basket, layup made",51,416771,True,2,153,29,,
130885,30373-B-1,,DOM,PUR,Q4,0:30,98,69,912,698001,unknwown,ASS,made the assist,51,416767,,,,,,
130885,30373-B-1,,DOM,PUR,Q4,0:20,98,69,913,699000,shot,P3,3pt jump shot missed,125,319576,False,3,270,34,,
130885,30373-B-1,,DOM,PUR,Q4,0:14,98,69,914,699002,unknwown,REB,offensive rebound,125,416822,,,,,,
130885,30373-B-1,,DOM,PUR,Q4,0:13,98,71,916,700000,shot,P2,2pt jump shot made,125,416822,True,2,137,76,,
130885,30373-B-1,,DOM,PUR,Q4,0:09,100,71,917,701000,shot,P2,"2PtsFG under the basket, fast break, layup made",51,384379,True,2,153,34,,
130885,30373-B-1,,DOM,PUR,Q4,0:09,100,71,918,701001,unknwown,ASS,made the assist,51,416805,,,,,,
130885,30373-B-1,,DOM,PUR,Q4,0:01,100,71,922,705000,shot,P3,3pt jump shot missed,125,319576,False,3,251,127,,
130885,30373-B-1,,DOM,PUR,Q4,0:00,100,71,925,708000,periods,ENDP,End of Period,,,,,,,,
130885,30373-B-1,,DOM,PUR,Q4,0:00,100,71,926,709000,periods,ENDG,End of Game,,,,,,,,
130884,30373-B-2,,VEN,CAN,Q1,10:00,0,0,1,1000,periods,STARTG,Start of Game,,,,,,,,
130884,30373-B-2,,VEN,CAN,Q1,10:00,0,0,2,2000,periods,STARTP,Start of Period,,,,,,,,
130884,30373-B-2,,VEN,CAN,Q1,10:00,0,0,4,4000,unknwown,JS,jump ball situation; throw-in,,,,,,,,
130884,30373-B-2,,VEN,CAN,Q1,9:58,0,0,6,4001,unknwown,JB,jump ball won,34,342309,,,,,,
130884,30373-B-2,,VEN,CAN,Q1,9:58,0,0,7,4002,unknwown,JB,jump ball lost,158,378577,,,,,,
130884,30373-B-2,,VEN,CAN,Q1,9:48,0,0,9,7000,shot,P2,"2PtsFG under the basket, turnaround jump shot missed",34,342309,False,2,161,33,,
130884,30373-B-2,,VEN,CAN,Q1,9:46,0,0,10,7002,unknwown,REB,defensive rebound,158,378547,,,,,,
130884,30373-B-2,,VEN,CAN,Q1,9:33,2,0,11,8000,shot,P2,"2PtsFG under the basket, driving layup made",158,378577,True,2,137,32,,
130884,30373-B-2,,VEN,CAN,Q1,9:24,2,2,15,12000,shot,P2,"2PtsFG under the basket, driving layup made",34,415966,True,2,126,29,,
130884,30373-B-2,,VEN,CAN,Q1,9:04,2,2,23,20000,unknwown,TO,turnover; ball handling,158,356334,,,,,,
130884,30373-B-2,,VEN,CAN,Q1,9:04,2,2,24,20001,unknwown,ST,steal,34,342309,,,,,,
130884,30373-B-2,,VEN,CAN,Q1,8:57,2,4,25,21000,shot,P2,"2PtsFG under the basket, points from fastbreak + after turnover, alley oop lay-up made",34,342309,True,2,146,40,,
130884,30373-B-2,,VEN,CAN,Q1,8:57,2,4,26,21001,unknwown,ASS,made the assist,34,391168,,,,,,
130884,30373-B-2,,VEN,CAN,Q1,8:38,2,4,28,23000,shot,P2,2pt jump shot missed,158,390925,False,2,145,70,,
130884,30373-B-2,,VEN,CAN,Q1,8:38,2,4,29,23002,unknwown,TREB,team defensive rebound,34,,,,,,,
130884,30373-B-2,,VEN,CAN,Q1,8:22,2,6,32,26000,shot,P2,"2PtsFG under the basket, jump shot made",34,342309,True,2,141,41,,
130884,30373-B-2,,VEN,CAN,Q1,8:22,2,6,33,26001,unknwown,ASS,made the assist,34,391168,,,,,,
130884,30373-B-2,,VEN,CAN,Q1,8:22,2,6,34,27000,unknwown,FOUL,personal foul; 1 free throw awarded,158,378547,,,,,,
130884,30373-B-2,,VEN,CAN,Q1,8:22,2,6,35,27002,unknwown,RFOUL,foul drawn,34,342309,,,,,,
130884,30373-B-2,,VEN,CAN,Q1,8:21,2,6,37,29000,shot,FT,1st free throw missed,34,342309,False,1,0,0,,
130884,30373-B-2,,VEN,CAN,Q1,8:19,2,6,38,29002,unknwown,REB,defensive rebound,158,378547,,,,,,
130884,30373-B-2,,VEN,CAN,Q1,8:00,4,6,41,32000,shot,P2,"2PtsFG under the basket, layup made",158,378577,True,2,135,27,,
130884,30373-B-2,,VEN,CAN,Q1,8:00,4,6,42,32001,unknwown,ASS,made the assist,158,356334,,,,,,
130884,30373-B-2,,VEN,CAN,Q1,7:48,4,6,43,33000,shot,P3,3pt jump shot missed,34,391168,False,3,20,107,,
130884,30373-B-2,,VEN,CAN,Q1,7:46,4,6,44,33002,unknwown,REB,offensive rebound,34,367540,,,,,,
130884,30373-B-2,,VEN,CAN,Q1,7:43,4,8,45,34000,shot,P2,"2PtsFG under the basket, driving layup made",34,367540,True,2,125,30,,
130884,30373-B-2,,VEN,CAN,Q1,7:27,4,8,47,36000,unknwown,FOUL,personal foul,34,391168,,,,,,
130884,30373-B-2,,VEN,CAN,Q1,7:27,4,8,48,36002,unknwown,RFOUL,foul drawn,158,378547,,,,,,
130884,30373-B-2,,VEN,CAN,Q1,7:27,4,8,49,37000,subst,SUBST,Substitution out,34,367540,,,,,OUT,
130884,30373-B-2,,VEN,CAN,Q1,7:27,4,8,50,38000,subst,SUBST,Substitution in,34,342682,,,,,IN,
130884,30373-B-2,,VEN,CAN,Q1,7:19,4,8,57,45000,unknwown,FOUL,personal foul,34,342682,,,,,,
130884,30373-B-2,,VEN,CAN,Q1,7:19,4,8,58,45002,unknwown,RFOUL,foul drawn,158,356334,,,,,,
130884,30373-B-2,,VEN,CAN,Q1,7:19,4,8,59,46000,subst,SUBST,Substitution out,158,378577,,,,,OUT,
130884,30373-B-2,,VEN,CAN,Q1,7:19,4,8,60,47000,subst,SUBST,Substitution in,158,409358,,,,,IN,
130884,30373-B-2,,VEN,CAN,Q1,7:12,4,8,62,49000,shot,P2,2pt jump shot missed,158,356334,False,2,81,29,,
130884,30373-B-2,,VEN,CAN,Q1,7:09,4,8,63,49002,unknwown,REB,defensive rebound,34,391168,,,,,,
130884,30373-B-2,,VEN,CAN,Q1,7:06,4,8,64,50000,shot,P2,"2PtsFG under the basket, driving layup missed",34,410952,False,2,152,40,,
130884,30373-B-2,,VEN,CAN,Q1,7:03,4,8,66,50002,unknwown,REB,defensive rebound,158,378547,,,,,,
130884,30373-B-2,,VEN,CAN,Q1,7:03,4,8,67,52000,subst,SUBST,Substitution out,34,410952,,,,,OUT,
130884,30373-B-2,,VEN,CAN,Q1,7:03,4,8,68,53000,subst,SUBST,Substitution in,34,392260,,,,,IN,
130884,30373-B-2,,VEN,CAN,Q1,6:45,4,8,70,55000,shot,P2,"2PtsFG under the basket, driving layup missed",158,378547,False,2,138,34,,
130884,30373-B-2,,VEN,CAN,Q1,6:45,4,8,71,55001,unknwown,BS,blocked the shot,34,342309,,,,,,
130884,30373-B-2,,VEN,CAN,Q1,6:41,4,8,72,55002,unknwown,REB,defensive rebound,34,392260,,,,,,
130884,30373-B-2,,VEN,CAN,Q1,6:38,4,8,73,56000,unknwown,TO,turnover; bad pass,34,392260,,,,,,
130884,30373-B-2,,VEN,CAN,Q1,6:38,4,8,74,56001,unknwown,ST,steal,158,378547,,,,,,
130884,30373-B-2,,VEN,CAN,Q1,6:32,4,8,75,57000,shot,P2,"2PtsFG inside right, points after turnover, jump shot missed",158,378579,False,2,197,69,,
130884,30373-B-2,,VEN,CAN,Q1,6:30,4,8,76,57002,unknwown,REB,offensive rebound,158,390925,,,,,,
130884,30373-B-2,,VEN,CAN,Q1,6:29,6,8,77,58000,shot,P2,"2PtsFG under the basket, points from second chance + after turnover, layup made",158,390925,True,2,131,27,,
130884,30373-B-2,,VEN,CAN,Q1,6:23,6,8,79,60000,unknwown,TO,turnover; ball handling,34,392260,,,,,,
130884,30373-B-2,,VEN,CAN,Q1,6:23,6,8,80,60001,unknwown,ST,steal,158,356334,,,,,,
130884,30373-B-2,,VEN,CAN,Q1,6:23,6,8,81,61000,subst,SUBST,Substitution out,158,378547,,,,,OUT,
130884,30373-B-2,,VEN,CAN,Q1,6:23,6,8,82,62000,subst,SUBST,Substitution in,158,416968,,,,,IN,
130884,30373-B-2,,VEN,CAN,Q1,6:23,6,8,83,63000,subst,SUBST,Substitution out,34,391168,,,,,OUT,
130884,30373-B-2,,VEN,CAN,Q1,6:23,6,8,84,64000,subst,SUBST,Substitution out,34,342309,,,,,OUT,
130884,30373-B-2,,VEN,CAN,Q1,6:23,6,8,85,65000,subst,SUBST,Substitution in,34,391167,,,,,IN,
130884,30373-B-2,,VEN,CAN,Q1,6:23,6,8,86,66000,subst,SUBST,Substitution in,34,367540,,,,,IN,
130884,30373-B-2,,VEN,CAN,Q1,6:04,6,8,88,68000,shot,P3,3pt jump shot missed,158,356334,False,3,270,96,,
130884,30373-B-2,,VEN,CAN,Q1,6:01,6,8,89,68002,unknwown,REB,defensive rebound,34,367540,,,,,,
130884,30373-B-2,,VEN,CAN,Q1,5:50,6,11,90,69000,shot,P3,3pt jump shot made,34,391167,True,3,261,84,,
130884,30373-B-2,,VEN,CAN,Q1,5:50,6,11,91,69001,unknwown,ASS,made the assist,34,415966,,,,,,
130884,30373-B-2,,VEN,CAN,Q1,5:32,8,11,92,70000,shot,P2,"2PtsFG under the basket, driving layup made",158,416968,True,2,135,40,,
130884,30373-B-2,,VEN,CAN,Q1,5:32,8,11,93,70001,unknwown,ASS,made the assist,158,409358,,,,,,
130884,30373-B-2,,VEN,CAN,Q1,5:12,8,11,97,74000,unknwown,FOUL,personal foul; 2 free throws awarded,158,390925,,,,,,
130884,30373-B-2,,VEN,CAN,Q1,5:12,8,11,98,74002,unknwown,RFOUL,foul drawn,34,342682,,,,,,
130884,30373-B-2,,VEN,CAN,Q1,5:12,8,11,99,75000,subst,SUBST,Substitution out,158,378579,,,,,OUT,
130884,30373-B-2,,VEN,CAN,Q1,5:12,8,11,100,76000,subst,SUBST,Substitution out,158,409358,,,,,OUT,
130884,30373-B-2,,VEN,CAN,Q1,5:12,8,11,101,77000,subst,SUBST,Substitution out,158,356334,,,,,OUT,
130884,30373-B-2,,VEN,CAN,Q1,5:12,8,11,102,78000,subst,SUBST,Substitution in,158,409363,,,,,IN,
130884,30373-B-2,,VEN,CAN,Q1,5:12,8,11,103,79000,subst,SUBST,Substitution in,158,378577,,,,,IN,
130884,30373-B-2,,VEN,CAN,Q1,5:12,8,11,104,80000,subst,SUBST,Substitution in,158,378576,,,,,IN,
130884,30373-B-2,,VEN,CAN,Q1,5:12,8,11,105,81000,subst,SUBST,Substitution out,34,415966,,,,,OUT,
130884,30373-B-2,,VEN,CAN,Q1,5:12,8,11,106,82000,subst,SUBST,Substitution in,34,415967,,,,,IN,
130884,30373-B-2,,VEN,CAN,Q1,5:12,8,11,107,83000,shot,FT,1st of 2 free throws missed,34,342682,False,1,0,0,,
130884,30373-B-2,,VEN,CAN,Q1,5:12,8,12,108,84000,shot,FT,2nd of 2 free throws made,34,342682,True,1,0,0,,
130884,30373-B-2,,VEN,CAN,Q1,5:00,11,12,112,88000,shot,P3,3pt jump shot made,158,390925,True,3,9,30,,
130884,30373-B-2,,VEN,CAN,Q1,5:00,11,12,113,88001,unknwown,ASS,made the assist,158,416968,,,,,,
130884,30373-B-2,,VEN,CAN,Q1,4:37,11,12,114,89000,unknwown,TO,turnover; ball handling,34,415967,,,,,,
130884,30373-B-2,,VEN,CAN,Q1,4:37,11,12,115,89001,unknwown,ST,steal,158,378576,,,,,,
130884,30373-B-2,,VEN,CAN,Q1,4:32,11,12,116,90000,shot,P2,"2PtsFG under the basket, points after turnover, driving layup missed",158,378576,False,2,137,23,,
130884,30373-B-2,,VEN,CAN,Q1,4:32,11,12,117,90001,unknwown,BS,blocked the shot,34,392260,,,,,,
130884,30373-B-2,,VEN,CAN,Q1,4:27,11,12,118,90002,unknwown,REB,defensive rebound,34,342682,,,,,,
130884,30373-B-2,,VEN,CAN,Q1,4:25,11,12,120,92000,shot,P3,3pt jump shot missed,34,392260,False,3,238,130,,
130884,30373-B-2,,VEN,CAN,Q1,4:25,11,12,121,92002,unknwown,TREB,team defensive rebound,158,,,,,,,
130884,30373-B-2,,VEN,CAN,Q1,4:25,11,12,122,93000,subst,SUBST,Substitution out,158,390925,,,,,OUT,
130884,30373-B-2,,VEN,CAN,Q1,4:25,11,12,123,94000,subst,SUBST,Substitution in,158,409360,,,,,IN,
130884,30373-B-2,,VEN,CAN,Q1,4:24,11,12,126,97000,unknwown,FOUL,personal foul,34,415967,,,,,,
130884,30373-B-2,,VEN,CAN,Q1,4:24,11,12,127,97002,unknwown,RFOUL,foul drawn,158,409363,,,,,,
130884,30373-B-2,,VEN,CAN,Q1,4:24,11,12,128,98000,subst,SUBST,Substitution out,34,392260,,,,,OUT,
130884,30373-B-2,,VEN,CAN,Q1,4:24,11,12,129,99000,subst,SUBST,Substitution out,34,342682,,,,,OUT,
130884,30373-B-2,,VEN,CAN,Q1,4:24,11,12,130,100000,subst,SUBST,Substitution in,34,415968,,,,,IN,
130884,30373-B-2,,VEN,CAN,Q1,4:24,11,12,131,101000,subst,SUBST,Substitution in,34,271788,,,,,IN,
130884,30373-B-2,,VEN,CAN,Q1,4:09,11,12,136,106000,unknwown,FOUL,personal foul,34,415967,,,,,,
130884,30373-B-2,,VEN,CAN,Q1,4:09,11,12,137,106002,unknwown,RFOUL,foul drawn,158,409363,,,,,,
130884,30373-B-2,,VEN,CAN,Q1,4:09,11,12,138,107000,subst,SUBST,Substitution out,34,415967,,,,,OUT,
130884,30373-B-2,,VEN,CAN,Q1,4:09,11,12,139,108000,subst,SUBST,Substitution in,34,415966,,,,,IN,
130884,30373-B-2,,VEN,CAN,Q1,4:02,11,12,141,110000,unknwown,TO,turnover; bad pass,158,409363,,,,,,
130884,30373-B-2,,VEN,CAN,Q1,4:02,11,12,142,110001,unknwown,ST,steal,34,367540,,,,,,
130884,30373-B-2,,VEN,CAN,Q1,3:56,11,12,146,114000,unknwown,FOUL,personal foul; 2 free throws awarded,158,409360,,,,,,
130884,30373-B-2,,VEN,CAN,Q1,3:56,11,12,147,114002,unknwown,RFOUL,foul drawn,34,415966,,,,,,
130884,30373-B-2,,VEN,CAN,Q1,3:56,11,13,148,115000,shot,FT,Free throw made 1 of 2,34,415966,True,1,0,0,,
130884,30373-B-2,,VEN,CAN,Q1,3:56,11,14,149,116000,shot,FT,Free throw made 2 of 2,34,415966,True,1,0,0,,
130884,30373-B-2,,VEN,CAN,Q1,3:23,11,14,153,118000,shot,P2,"2PtsFG under the basket, jump shot missed",158,378576,False,2,141,31,,
130884,30373-B-2,,VEN,CAN,Q1,3:18,11,14,154,118002,unknwown,REB,defensive rebound,34,367540,,,,,,
130884,30373-B-2,,VEN,CAN,Q1,3:17,11,16,155,119000,shot,P2,"2PtsFG under the basket, jump shot made",34,367540,True,2,118,22,,
130884,30373-B-2,,VEN,CAN,Q1,3:17,11,16,156,119001,unknwown,ASS,made the assist,34,271788,,,,,,
130884,30373-B-2,,VEN,CAN,Q1,3:11,11,16,158,121000,timeout,TIMO,Timeout,158,,,,,,,
130884,30373-B-2,,VEN,CAN,Q1,3:11,11,16,159,122000,subst,SUBST,Substitution out,34,415966,,,,,OUT,
130884,30373-B-2,,VEN,CAN,Q1,3:11,11,16,160,123000,subst,SUBST,Substitution out,34,391167,,,,,OUT,
130884,30373-B-2,,VEN,CAN,Q1,3:11,11,16,161,124000,subst,SUBST,Substitution out,34,367540,,,,,OUT,
130884,30373-B-2,,VEN,CAN,Q1,3:11,11,16,162,125000,subst,SUBST,Substitution in,34,391168,,,,,IN,
130884,30373-B-2,,VEN,CAN,Q1,3:11,11,16,163,126000,subst,SUBST,Substitution in,34,342309,,,,,IN,
130884,30373-B-2,,VEN,CAN,Q1,3:11,11,16,164,127000,subst,SUBST,Substitution in,34,410952,,,,,IN,
130884,30373-B-2,,VEN,CAN,Q1,3:01,11,16,167,130000,shot,P3,3pt jump shot missed,158,409363,False,3,227,153,,
130884,30373-B-2,,VEN,CAN,Q1,3:01,11,16,168,130002,unknwown,REB,defensive rebound,34,391168,,,,,,
130884,30373-B-2,,VEN,CAN,Q1,3:01,11,16,169,131000,unknwown,FOUL,personal foul,158,409360,,,,,,
130884,30373-B-2,,VEN,CAN,Q1,3:01,11,16,170,131002,unknwown,RFOUL,foul drawn,34,391168,,,,,,
130884,30373-B-2,,VEN,CAN,Q1,3:01,11,16,171,132000,subst,SUBST,Substitution out,158,409363,,,,,OUT,
130884,30373-B-2,,VEN,CAN,Q1,3:01,11,16,172,133000,subst,SUBST,Substitution out,158,409360,,,,,OUT,
130884,30373-B-2,,VEN,CAN,Q1,3:01,11,16,173,134000,subst,SUBST,Substitution in,158,378579,,,,,IN,
130884,30373-B-2,,VEN,CAN,Q1,3:01,11,16,174,135000,subst,SUBST,Substitution in,158,390925,,,,,IN,
130884,30373-B-2,,VEN,CAN,Q1,2:49,11,16,176,137000,unknwown,TO,turnover; bad pass,34,415968,,,,,,
130884,30373-B-2,,VEN,CAN,Q1,2:49,11,16,177,137001,unknwown,ST,steal,158,390925,,,,,,
130884,30373-B-2,,VEN,CAN,Q1,2:31,11,16,178,138000,shot,P2,"2PtsFG under the basket, points after turnover, driving layup missed",158,390925,False,2,138,32,,
130884,30373-B-2,,VEN,CAN,Q1,2:29,11,16,179,138002,unknwown,REB,defensive rebound,34,342309,,,,,,
130884,30373-B-2,,VEN,CAN,Q1,2:10,11,19,184,143000,shot,P3,3pt jump shot made,34,410952,True,3,270,28,,
130884,30373-B-2,,VEN,CAN,Q1,2:10,11,19,185,143001,unknwown,ASS,made the assist,34,271788,,,,,,
130884,30373-B-2,,VEN,CAN,Q1,1:50,11,19,186,144000,shot,P2,2pt fadeaway jump shot missed,158,390925,False,2,209,71,,
130884,30373-B-2,,VEN,CAN,Q1,1:46,11,19,187,144002,unknwown,REB,offensive rebound,158,378576,,,,,,
130884,30373-B-2,,VEN,CAN,Q1,1:40,11,19,189,146000,unknwown,TO,turnover; out of bounds,158,378579,,,,,,
130884,30373-B-2,,VEN,CAN,Q1,1:40,11,19,190,147000,subst,SUBST,Substitution out,158,378579,,,,,OUT,
130884,30373-B-2,,VEN,CAN,Q1,1:40,11,19,191,148000,subst,SUBST,Substitution out,158,378577,,,,,OUT,
130884,30373-B-2,,VEN,CAN,Q1,1:40,11,19,192,149000,subst,SUBST,Substitution in,158,409358,,,,,IN,
130884,30373-B-2,,VEN,CAN,Q1,1:40,11,19,193,150000,subst,SUBST,Substitution in,158,416954,,,,,IN,
130884,30373-B-2,,VEN,CAN,Q1,1:40,11,19,194,151000,subst,SUBST,Substitution out,34,271788,,,,,OUT,
130884,30373-B-2,,VEN,CAN,Q1,1:40,11,19,195,152000,subst,SUBST,Substitution in,34,415966,,,,,IN,
130884,30373-B-2,,VEN,CAN,Q1,1:19,11,19,197,154000,shot,P3,3pt jump shot missed,34,415966,False,3,68,164,,
130884,30373-B-2,,VEN,CAN,Q1,1:17,11,19,198,154002,unknwown,REB,offensive rebound,34,391168,,,,,,
130884,30373-B-2,,VEN,CAN,Q1,1:13,11,19,199,155000,shot,P3,3pt jump shot missed,34,410952,False,3,268,37,,
130884,30373-B-2,,VEN,CAN,Q1,1:10,11,19,200,155002,unknwown,REB,defensive rebound,158,416954,,,,,,
130884,30373-B-2,,VEN,CAN,Q1,0:58,11,19,201,156000,shot,P3,3pt jump shot missed,158,390925,False,3,10,24,,
130884,30373-B-2,,VEN,CAN,Q1,0:55,11,19,202,156002,unknwown,REB,defensive rebound,34,415966,,,,,,
130884,30373-B-2,,VEN,CAN,Q1,0:52,11,19,203,157000,shot,P2,2pt driving layup missed,34,410952,False,2,172,22,,
130884,30373-B-2,,VEN,CAN,Q1,0:49,11,19,204,157002,unknwown,REB,defensive rebound,158,416968,,,,,,
130884,30373-B-2,,VEN,CAN,Q1,0:42,11,19,208,161000,unknwown,FOUL,personal foul; 2 free throws awarded,34,410952,,,,,,
130884,30373-B-2,,VEN,CAN,Q1,0:42,11,19,209,161002,unknwown,RFOUL,foul drawn,158,378576,,,,,,
130884,30373-B-2,,VEN,CAN,Q1,0:42,11,19,210,162000,subst,SUBST,Substitution out,158,416968,,,,,OUT,
130884,30373-B-2,,VEN,CAN,Q1,0:42,11,19,211,163000,subst,SUBST,Substitution in,158,409398,,,,,IN,
130884,30373-B-2,,VEN,CAN,Q1,0:42,12,19,212,164000,shot,FT,1st of 2 free throws made,158,378576,True,1,0,0,,
130884,30373-B-2,,VEN,CAN,Q1,0:42,13,19,213,165000,shot,FT,2nd of 2 free throws made,158,378576,True,1,0,0,,
130884,30373-B-2,,VEN,CAN,Q1,0:31,13,21,216,168000,shot,P2,"2PtsFG under the basket, jump shot made",34,342309,True,2,137,29,,
130884,30373-B-2,,VEN,CAN,Q1,0:31,13,21,217,168001,unknwown,ASS,made the assist,34,415968,,,,,,
130884,30373-B-2,,VEN,CAN,Q1,0:31,13,21,218,169000,unknwown,FOUL,personal foul; 1 free throw awarded,158,409398,,,,,,
130884,30373-B-2,,VEN,CAN,Q1,0:31,13,21,219,169002,unknwown,RFOUL,foul drawn,34,342309,,,,,,
130884,30373-B-2,,VEN,CAN,Q1,0:31,13,22,220,170000,shot,FT,1st free throw made,34,342309,True,1,0,0,,
130884,30373-B-2,,VEN,CAN,Q1,0:23,13,22,222,172000,unknwown,TO,turnover; bad pass,158,416954,,,,,,
130884,30373-B-2,,VEN,CAN,Q1,0:23,13,22,223,172001,unknwown,ST,steal,34,410952,,,,,,
130884,30373-B-2,,VEN,CAN,Q1,0:20,13,22,225,174000,unknwown,FOUL,personal foul; 2 free throws awarded,158,416954,,,,,,
130884,30373-B-2,,VEN,CAN,Q1,0:20,13,22,226,174002,unknwown,RFOUL,foul drawn,34,410952,,,,,,
130884,30373-B-2,,VEN,CAN,Q1,0:20,13,22,227,175000,subst,SUBST,Substitution out,158,409398,,,,,OUT,
130884,30373-B-2,,VEN,CAN,Q1,0:20,13,22,228,176000,subst,SUBST,Substitution out,158,416954,,,,,OUT,
130884,30373-B-2,,VEN,CAN,Q1,0:20,13,22,229,177000,subst,SUBST,Substitution in,158,378579,,,,,IN,
130884,30373-B-2,,VEN,CAN,Q1,0:20,13,22,230,178000,subst,SUBST,Substitution in,158,378577,,,,,IN,
130884,30373-B-2,,VEN,CAN,Q1,0:20,13,22,231,179000,shot,FT,Free throw missed 1 of 2,34,410952,False,1,0,0,,
130884,30373-B-2,,VEN,CAN,Q1,0:20,13,22,233,181000,shot,FT,Free throw missed 2 of 2,34,410952,False,1,0,0,,
130884,30373-B-2,,VEN,CAN,Q1,0:19,13,22,234,181002,unknwown,REB,defensive rebound,158,378577,,,,,,
130884,30373-B-2,,VEN,CAN,Q1,0:11,13,22,236,183000,subst,SUBST,Substitution out,34,410952,,,,,OUT,
130884,30373-B-2,,VEN,CAN,Q1,0:11,13,22,237,184000,subst,SUBST,Substitution in,34,391167,,,,,IN,
130884,30373-B-2,,VEN,CAN,Q1,0:11,13,22,238,185000,subst,SUBST,Substitution out,158,378576,,,,,OUT,
130884,30373-B-2,,VEN,CAN,Q1,0:11,13,22,239,186000,subst,SUBST,Substitution in,158,409360,,,,,IN,
130884,30373-B-2,,VEN,CAN,Q1,0:04,13,22,241,188000,shot,P3,3pt jump shot missed,158,390925,False,3,258,100,,
130884,30373-B-2,,VEN,CAN,Q1,0:02,13,22,242,188002,unknwown,REB,defensive rebound,34,342309,,,,,,
130884,30373-B-2,,VEN,CAN,Q1,0:00,13,22,244,190000,unknwown,TO,turnover; ball handling,34,342309,,,,,,
130884,30373-B-2,,VEN,CAN,Q1,0:00,13,22,245,190001,unknwown,ST,steal,158,409358,,,,,,
130884,30373-B-2,,VEN,CAN,Q1,0:00,13,22,248,193000,periods,ENDP,End of Period,,,,,,,,
130884,30373-B-2,,VEN,CAN,Q2,10:00,13,22,249,194000,subst,SUBST,Substitution out,34,415968,,,,,OUT,
130884,30373-B-2,,VEN,CAN,Q2,10:00,13,22,250,195000,subst,SUBST,Substitution out,34,391168,,,,,OUT,
130884,30373-B-2,,VEN,CAN,Q2,10:00,13,22,251,196000,subst,SUBST,Substitution out,34,342309,,,,,OUT,
130884,30373-B-2,,VEN,CAN,Q2,10:00,13,22,252,197000,subst,SUBST,Substitution in,34,392260,,,,,IN,
130884,30373-B-2,,VEN,CAN,Q2,10:00,13,22,253,198000,subst,SUBST,Substitution in,34,342682,,,,,IN,
130884,30373-B-2,,VEN,CAN,Q2,10:00,13,22,254,199000,subst,SUBST,Substitution in,34,367540,,,,,IN,
130884,30373-B-2,,VEN,CAN,Q2,10:00,13,22,255,200000,periods,STARTP,Start of Period,,,,,,,,
130884,30373-B-2,,VEN,CAN,Q2,9:48,15,22,258,203000,shot,P2,"2PtsFG under the basket, driving layup made",158,390925,True,2,126,24,,
130884,30373-B-2,,VEN,CAN,Q2,9:48,15,22,259,203001,unknwown,ASS,made the assist,158,378579,,,,,,
130884,30373-B-2,,VEN,CAN,Q2,9:29,15,22,261,205000,shot,P2,"2PtsFG inside left, jump shot missed",34,415966,False,2,74,71,,
130884,30373-B-2,,VEN,CAN,Q2,9:28,15,22,263,205002,unknwown,TREB,team defensive rebound,158,,,,,,,
130884,30373-B-2,,VEN,CAN,Q2,9:10,15,22,265,208000,shot,P2,"2PtsFG inside center, jump shot missed",158,378577,False,2,141,118,,
130884,30373-B-2,,VEN,CAN,Q2,9:08,15,22,266,208002,unknwown,REB,offensive rebound,158,409360,,,,,,
130884,30373-B-2,,VEN,CAN,Q2,8:55,18,22,267,209000,shot,P3,3pt jump shot made,158,409360,True,3,267,88,,
130884,30373-B-2,,VEN,CAN,Q2,8:55,18,22,269,209001,unknwown,ASS,made the assist,158,378579,,,,,,
130884,30373-B-2,,VEN,CAN,Q2,8:35,18,22,273,214000,shot,P3,3pt jump shot from center missed,34,342682,False,3,157,166,,
130884,30373-B-2,,VEN,CAN,Q2,8:32,18,22,274,214002,unknwown,REB,defensive rebound,158,390925,,,,,,
130884,30373-B-2,,VEN,CAN,Q2,8:20,18,22,275,215000,shot,P2,"2PtsFG inside center, jump shot missed",158,409360,False,2,135,123,,
130884,30373-B-2,,VEN,CAN,Q2,8:18,18,22,276,215002,unknwown,REB,offensive rebound,158,409358,,,,,,
130884,30373-B-2,,VEN,CAN,Q2,8:18,20,22,278,217000,shot,P2,"2PtsFG under the basket, reverse lay-up made",158,409358,True,2,154,29,,
130884,30373-B-2,,VEN,CAN,Q2,8:18,20,22,279,218000,timeout,TIMO,Timeout,34,,,,,,,
130884,30373-B-2,,VEN,CAN,Q2,8:18,20,22,281,220000,subst,SUBST,Substitution out,158,409360,,,,,OUT,
130884,30373-B-2,,VEN,CAN,Q2,8:18,20,22,282,221000,subst,SUBST,Substitution in,158,378576,,,,,IN,
130884,30373-B-2,,VEN,CAN,Q2,8:18,20,22,283,222000,subst,SUBST,Substitution out,34,392260,,,,,OUT,
130884,30373-B-2,,VEN,CAN,Q2,8:18,20,22,284,223000,subst,SUBST,Substitution in,34,415963,,,,,IN,
130884,30373-B-2,,VEN,CAN,Q2,7:53,20,22,285,224000,shot,P3,3pt step back jump shot missed,34,415966,False,3,94,187,,
130884,30373-B-2,,VEN,CAN,Q2,7:51,20,22,287,224002,unknwown,REB,defensive rebound,158,378576,,,,,,
130884,30373-B-2,,VEN,CAN,Q2,7:51,20,22,288,226000,unknwown,FOUL,personal foul,34,342682,,,,,,
130884,30373-B-2,,VEN,CAN,Q2,7:51,20,22,289,226002,unknwown,RFOUL,foul drawn,158,378576,,,,,,
130884,30373-B-2,,VEN,CAN,Q2,7:51,20,22,290,227000,subst,SUBST,Substitution out,34,367540,,,,,OUT,
130884,30373-B-2,,VEN,CAN,Q2,7:51,20,22,291,228000,subst,SUBST,Substitution in,34,410952,,,,,IN,
130884,30373-B-2,,VEN,CAN,Q2,7:31,20,22,293,230000,shot,P3,3pt step back jump shot missed,158,378576,False,3,37,128,,
130884,30373-B-2,,VEN,CAN,Q2,7:29,20,22,294,230002,unknwown,REB,defensive rebound,34,415963,,,,,,
130884,30373-B-2,,VEN,CAN,Q2,7:12,20,24,295,231000,shot,P2,"2PtsFG under the basket, driving layup made",34,410952,True,2,135,34,,
130884,30373-B-2,,VEN,CAN,Q2,6:52,20,24,296,232000,shot,P3,3pt jump shot from center missed,158,378577,False,3,129,167,,
130884,30373-B-2,,VEN,CAN,Q2,6:50,20,24,297,232002,unknwown,REB,defensive rebound,34,415966,,,,,,
130884,30373-B-2,,VEN,CAN,Q2,6:44,20,26,299,234000,shot,P2,"2PtsFG under the basket, fast break, driving layup made",34,415966,True,2,152,35,,
130884,30373-B-2,,VEN,CAN,Q2,6:44,20,26,300,235000,unknwown,FOUL,personal foul; 1 free throw awarded,158,378576,,,,,,
130884,30373-B-2,,VEN,CAN,Q2,6:44,20,26,301,235002,unknwown,RFOUL,foul drawn,34,415966,,,,,,
130884,30373-B-2,,VEN,CAN,Q2,6:44,20,26,302,236000,subst,SUBST,Substitution out,158,378579,,,,,OUT,
130884,30373-B-2,,VEN,CAN,Q2,6:44,20,26,303,237000,subst,SUBST,Substitution out,158,390925,,,,,OUT,
130884,30373-B-2,,VEN,CAN,Q2,6:44,20,26,304,238000,subst,SUBST,Substitution in,158,409363,,,,,IN,
130884,30373-B-2,,VEN,CAN,Q2,6:44,20,26,305,239000,subst,SUBST,Substitution in,158,409360,,,,,IN,
130884,30373-B-2,,VEN,CAN,Q2,6:44,20,26,306,240000,subst,SUBST,Substitution out,34,342682,,,,,OUT,
130884,30373-B-2,,VEN,CAN,Q2,6:44,20,26,307,241000,subst,SUBST,Substitution in,34,415968,,,,,IN,
130884,30373-B-2,,VEN,CAN,Q2,6:44,20,27,308,242000,shot,FT,1st free throw made,34,415966,True,1,0,0,,
130884,30373-B-2,,VEN,CAN,Q2,6:44,20,27,309,243000,subst,SUBST,Substitution out,34,415966,,,,,OUT,
130884,30373-B-2,,VEN,CAN,Q2,6:44,20,27,310,244000,subst,SUBST,Substitution in,34,271788,,,,,IN,
130884,30373-B-2,,VEN,CAN,Q2,6:23,20,27,312,246000,shot,P2,"2PtsFG under the basket, driving layup missed",158,409363,False,2,160,35,,
130884,30373-B-2,,VEN,CAN,Q2,6:19,20,27,313,246002,unknwown,REB,offensive rebound,158,378577,,,,,,
130884,30373-B-2,,VEN,CAN,Q2,6:16,20,27,315,248000,unknwown,FOUL,personal foul; 2 free throws awarded,34,415968,,,,,,
130884,30373-B-2,,VEN,CAN,Q2,6:16,20,27,316,248002,unknwown,RFOUL,foul drawn,158,409358,,,,,,
130884,30373-B-2,,VEN,CAN,Q2,6:16,21,27,317,249000,shot,FT,1st of 2 free throws made,158,409358,True,1,0,0,,
130884,30373-B-2,,VEN,CAN,Q2,6:16,21,27,318,249001,unknwown,ASS,made the assist,158,378577,,,,,,
130884,30373-B-2,,VEN,CAN,Q2,6:16,22,27,319,250000,shot,FT,2nd of 2 free throws made,158,409358,True,1,0,0,,
130884,30373-B-2,,VEN,CAN,Q2,5:57,22,29,321,252000,shot,P2,2pt hook shot made,34,391167,True,2,142,55,,
130884,30373-B-2,,VEN,CAN,Q2,5:34,22,29,322,253000,shot,P2,"2PtsFG under the basket, reverse lay-up missed",158,409358,False,2,145,28,,
130884,30373-B-2,,VEN,CAN,Q2,5:32,22,29,323,253002,unknwown,REB,defensive rebound,34,415963,,,,,,
130884,30373-B-2,,VEN,CAN,Q2,5:26,22,29,327,257000,subst,SUBST,Substitution out,158,409358,,,,,OUT,
130884,30373-B-2,,VEN,CAN,Q2,5:26,22,29,328,258000,subst,SUBST,Substitution in,158,378547,,,,,IN,
130884,30373-B-2,,VEN,CAN,Q2,5:26,22,29,329,259000,subst,SUBST,Substitution out,34,415963,,,,,OUT,
130884,30373-B-2,,VEN,CAN,Q2,5:26,22,29,330,260000,subst,SUBST,Substitution in,34,342309,,,,,IN,
130884,30373-B-2,,VEN,CAN,Q2,5:22,22,29,337,267000,unknwown,FOUL,personal foul,158,378547,,,,,,
130884,30373-B-2,,VEN,CAN,Q2,5:22,22,29,338,267002,unknwown,RFOUL,foul drawn,34,342309,,,,,,
130884,30373-B-2,,VEN,CAN,Q2,5:16,22,31,340,269000,shot,P2,"2PtsFG under the basket, dunk made",34,342309,True,2,144,36,,
130884,30373-B-2,,VEN,CAN,Q2,4:53,22,31,341,270000,shot,P2,"2PtsFG under the basket, driving layup missed",158,378576,False,2,146,37,,
130884,30373-B-2,,VEN,CAN,Q2,4:50,22,31,342,270002,unknwown,REB,defensive rebound,34,342309,,,,,,
130884,30373-B-2,,VEN,CAN,Q2,4:48,22,31,344,272000,unknwown,FOUL,personal foul; 2 free throws awarded,158,409363,,,,,,
130884,30373-B-2,,VEN,CAN,Q2,4:48,22,31,345,272002,unknwown,RFOUL,foul drawn,34,415968,,,,,,
130884,30373-B-2,,VEN,CAN,Q2,4:48,22,31,346,273000,subst,SUBST,Substitution out,158,409363,,,,,OUT,
130884,30373-B-2,,VEN,CAN,Q2,4:48,22,31,347,274000,subst,SUBST,Substitution in,158,378579,,,,,IN,
130884,30373-B-2,,VEN,CAN,Q2,4:48,22,31,348,275000,subst,SUBST,Substitution out,34,410952,,,,,OUT,
130884,30373-B-2,,VEN,CAN,Q2,4:48,22,31,349,276000,subst,SUBST,Substitution in,34,391168,,,,,IN,
130884,30373-B-2,,VEN,CAN,Q2,4:48,22,31,350,277000,shot,FT,1st of 2 free throws missed,34,415968,False,1,0,0,,
130884,30373-B-2,,VEN,CAN,Q2,4:48,22,32,351,278000,shot,FT,2nd of 2 free throws made,34,415968,True,1,0,0,,
130884,30373-B-2,,VEN,CAN,Q2,4:48,22,32,352,278001,unknwown,ASS,made the assist,34,342309,,,,,,
130884,30373-B-2,,VEN,CAN,Q2,4:37,22,32,355,281000,unknwown,FOUL,personal foul; 2 free throws awarded,34,342309,,,,,,
130884,30373-B-2,,VEN,CAN,Q2,4:37,22,32,356,281002,unknwown,RFOUL,foul drawn,158,378547,,,,,,
130884,30373-B-2,,VEN,CAN,Q2,4:37,23,32,357,282000,shot,FT,1st of 2 free throws made,158,378547,True,1,0,0,,
130884,30373-B-2,,VEN,CAN,Q2,4:37,23,32,358,282001,unknwown,ASS,made the assist,158,378577,,,,,,
130884,30373-B-2,,VEN,CAN,Q2,4:37,24,32,359,283000,shot,FT,2nd of 2 free throws made,158,378547,True,1,0,0,,
130884,30373-B-2,,VEN,CAN,Q2,4:30,24,32,361,285000,unknwown,TO,turnover; bad pass,34,391167,,,,,,
130884,30373-B-2,,VEN,CAN,Q2,4:30,24,32,362,285001,unknwown,ST,steal,158,409360,,,,,,
130884,30373-B-2,,VEN,CAN,Q2,4:22,27,32,364,287000,shot,P3,"3PtsFG outside left, points from fastbreak + after turnover, jump shot made",158,378577,True,3,38,132,,
130884,30373-B-2,,VEN,CAN,Q2,4:22,27,32,365,287001,unknwown,ASS,made the assist,158,409360,,,,,,
130884,30373-B-2,,VEN,CAN,Q2,4:19,27,32,368,290000,timeout,TIMO,Timeout,34,,,,,,,
130884,30373-B-2,,VEN,CAN,Q2,4:19,27,32,370,292000,subst,SUBST,Substitution out,34,391167,,,,,OUT,
130884,30373-B-2,,VEN,CAN,Q2,4:19,27,32,371,293000,subst,SUBST,Substitution in,34,415966,,,,,IN,
130884,30373-B-2,,VEN,CAN,Q2,4:03,27,32,372,294000,shot,P3,3pt jump shot missed,34,415966,False,3,215,161,,
130884,30373-B-2,,VEN,CAN,Q2,4:00,27,32,373,294002,unknwown,REB,offensive rebound,34,271788,,,,,,
130884,30373-B-2,,VEN,CAN,Q2,3:48,27,32,374,295000,shot,P2,2pt hook shot missed,34,342309,False,2,76,29,,
130884,30373-B-2,,VEN,CAN,Q2,3:47,27,32,376,295002,unknwown,REB,defensive rebound,158,378547,,,,,,
130884,30373-B-2,,VEN,CAN,Q2,3:46,27,32,379,299000,unknwown,FOUL,personal foul,34,415968,,,,,,
130884,30373-B-2,,VEN,CAN,Q2,3:46,27,32,380,299002,unknwown,RFOUL,foul drawn,158,378547,,,,,,
130884,30373-B-2,,VEN,CAN,Q2,3:33,27,32,385,304000,unknwown,FOUL,personal foul; 2 free throws awarded,34,415968,,,,,,
130884,30373-B-2,,VEN,CAN,Q2,3:33,27,32,386,304002,unknwown,RFOUL,foul drawn,158,378547,,,,,,
130884,30373-B-2,,VEN,CAN,Q2,3:33,27,32,387,305000,subst,SUBST,Substitution out,34,415968,,,,,OUT,
130884,30373-B-2,,VEN,CAN,Q2,3:33,27,32,388,306000,subst,SUBST,Substitution out,34,271788,,,,,OUT,
130884,30373-B-2,,VEN,CAN,Q2,3:33,27,32,389,307000,subst,SUBST,Substitution in,34,367540,,,,,IN,
130884,30373-B-2,,VEN,CAN,Q2,3:33,27,32,390,308000,subst,SUBST,Substitution in,34,410952,,,,,IN,
130884,30373-B-2,,VEN,CAN,Q2,3:33,27,32,391,309000,shot,FT,1st of 2 free throws missed,158,378547,False,1,0,0,,
130884,30373-B-2,,VEN,CAN,Q2,3:33,27,32,393,311000,shot,FT,2nd of 2 free throws missed,158,378547,False,1,0,0,,
130884,30373-B-2,,VEN,CAN,Q2,3:32,27,32,394,311002,unknwown,REB,defensive rebound,34,367540,,,,,,
130884,30373-B-2,,VEN,CAN,Q2,3:22,27,35,395,312000,shot,P3,3pt jump shot made,34,410952,True,3,23,107,,
130884,30373-B-2,,VEN,CAN,Q2,3:22,27,35,396,312001,unknwown,ASS,made the assist,34,415966,,,,,,
130884,30373-B-2,,VEN,CAN,Q2,3:05,30,35,397,313000,shot,P3,3pt jump shot from center made,158,378579,True,3,159,165,,
130884,30373-B-2,,VEN,CAN,Q2,3:05,30,35,398,313001,unknwown,ASS,made the assist,158,378577,,,,,,
130884,30373-B-2,,VEN,CAN,Q2,2:57,30,35,400,315000,unknwown,FOUL,personal foul,158,378579,,,,,,
130884,30373-B-2,,VEN,CAN,Q2,2:57,30,35,401,315002,unknwown,RFOUL,foul drawn,34,410952,,,,,,
130884,30373-B-2,,VEN,CAN,Q2,2:51,30,35,404,318000,unknwown,FOUL,personal foul; 2 free throws awarded,158,378577,,,,,,
130884,30373-B-2,,VEN,CAN,Q2,2:51,30,35,405,318002,unknwown,RFOUL,foul drawn,34,367540,,,,,,
130884,30373-B-2,,VEN,CAN,Q2,2:51,30,36,406,319000,shot,FT,1st of 2 free throws made,34,367540,True,1,0,0,,
130884,30373-B-2,,VEN,CAN,Q2,2:51,30,36,407,319001,unknwown,ASS,made the assist,34,342309,,,,,,
130884,30373-B-2,,VEN,CAN,Q2,2:51,30,37,408,320000,shot,FT,2nd of 2 free throws made,34,367540,True,1,0,0,,
130884,30373-B-2,,VEN,CAN,Q2,2:40,30,37,412,324000,shot,P2,"2PtsFG under the basket, jump shot missed",158,378577,False,2,120,40,,
130884,30373-B-2,,VEN,CAN,Q2,2:40,30,37,413,324001,unknwown,BS,blocked the shot,34,367540,,,,,,
130884,30373-B-2,,VEN,CAN,Q2,2:36,30,37,414,324002,unknwown,REB,offensive rebound,158,378547,,,,,,
130884,30373-B-2,,VEN,CAN,Q2,2:32,30,37,415,325000,shot,P2,"2PtsFG inside right, jump shot missed",158,409360,False,2,205,67,,
130884,30373-B-2,,VEN,CAN,Q2,2:29,30,37,416,325002,unknwown,REB,defensive rebound,34,391168,,,,,,
130884,30373-B-2,,VEN,CAN,Q2,2:24,30,37,418,327000,unknwown,FOUL,personal foul; 2 free throws awarded,158,378547,,,,,,
130884,30373-B-2,,VEN,CAN,Q2,2:24,30,37,419,327002,unknwown,RFOUL,foul drawn,34,391168,,,,,,
130884,30373-B-2,,VEN,CAN,Q2,2:24,30,37,420,328000,subst,SUBST,Substitution out,158,378547,,,,,OUT,
130884,30373-B-2,,VEN,CAN,Q2,2:24,30,37,421,329000,subst,SUBST,Substitution out,158,378577,,,,,OUT,
130884,30373-B-2,,VEN,CAN,Q2,2:24,30,37,422,330000,subst,SUBST,Substitution in,158,416968,,,,,IN,
130884,30373-B-2,,VEN,CAN,Q2,2:24,30,37,423,331000,subst,SUBST,Substitution in,158,409358,,,,,IN,
130884,30373-B-2,,VEN,CAN,Q2,2:24,30,37,424,332000,subst,SUBST,Substitution out,158,378576,,,,,OUT,
130884,30373-B-2,,VEN,CAN,Q2,2:24,30,37,425,333000,subst,SUBST,Substitution in,158,356334,,,,,IN,
130884,30373-B-2,,VEN,CAN,Q2,2:24,30,37,426,334000,shot,FT,1st of 2 free throws missed,34,391168,False,1,0,0,,
130884,30373-B-2,,VEN,CAN,Q2,2:24,30,38,427,335000,shot,FT,2nd of 2 free throws made,34,391168,True,1,0,0,,
130884,30373-B-2,,VEN,CAN,Q2,2:24,30,38,428,336000,timeout,TIMO,Timeout,158,,,,,,,
130884,30373-B-2,,VEN,CAN,Q2,2:15,30,38,431,339000,unknwown,TO,turnover; bad pass,158,356334,,,,,,
130884,30373-B-2,,VEN,CAN,Q2,2:15,30,38,432,340000,subst,SUBST,Substitution out,158,356334,,,,,OUT,
130884,30373-B-2,,VEN,CAN,Q2,2:15,30,38,433,341000,subst,SUBST,Substitution in,158,390925,,,,,IN,
130884,30373-B-2,,VEN,CAN,Q2,2:08,30,40,435,343000,shot,P2,"2PtsFG under the basket, points from fastbreak + after turnover, alley oop dunk made",34,342309,True,2,143,22,,
130884,30373-B-2,,VEN,CAN,Q2,2:08,30,40,436,343001,unknwown,ASS,made the assist,34,415966,,,,,,
130884,30373-B-2,,VEN,CAN,Q2,1:49,30,40,437,344000,shot,P3,3pt jump shot missed,158,390925,False,3,8,40,,
130884,30373-B-2,,VEN,CAN,Q2,1:48,30,40,439,344002,unknwown,TREB,team offensive rebound,158,,,,,,,
130884,30373-B-2,,VEN,CAN,Q2,1:46,30,40,441,347000,unknwown,TO,turnover; ball handling,158,416968,,,,,,
130884,30373-B-2,,VEN,CAN,Q2,1:46,30,40,442,347001,unknwown,ST,steal,34,415966,,,,,,
130884,30373-B-2,,VEN,CAN,Q2,1:42,30,42,443,348000,shot,P2,"2PtsFG under the basket, points from fastbreak + after turnover, driving layup made",34,415966,True,2,134,41,,
130884,30373-B-2,,VEN,CAN,Q2,1:23,30,42,445,350000,shot,P2,"2PtsFG under the basket, driving layup missed",158,409358,False,2,164,32,,
130884,30373-B-2,,VEN,CAN,Q2,1:22,30,42,446,350002,unknwown,TREB,team offensive rebound,158,,,,,,,
130884,30373-B-2,,VEN,CAN,Q2,1:22,30,42,447,351000,unknwown,FOUL,personal foul; 2 free throws awarded,34,342309,,,,,,
130884,30373-B-2,,VEN,CAN,Q2,1:22,30,42,448,351002,unknwown,RFOUL,foul drawn,158,409358,,,,,,
130884,30373-B-2,,VEN,CAN,Q2,1:22,30,42,449,352000,subst,SUBST,Substitution out,158,416968,,,,,OUT,
130884,30373-B-2,,VEN,CAN,Q2,1:22,30,42,450,353000,subst,SUBST,Substitution in,158,409398,,,,,IN,
130884,30373-B-2,,VEN,CAN,Q2,1:22,30,42,451,354000,subst,SUBST,Substitution out,34,342309,,,,,OUT,
130884,30373-B-2,,VEN,CAN,Q2,1:22,30,42,452,355000,subst,SUBST,Substitution in,34,391167,,,,,IN,
130884,30373-B-2,,VEN,CAN,Q2,1:22,31,42,453,356000,shot,FT,1st of 2 free throws made,158,409358,True,1,0,0,,
130884,30373-B-2,,VEN,CAN,Q2,1:22,31,42,455,358000,shot,FT,2nd of 2 free throws missed,158,409358,False,1,0,0,,
130884,30373-B-2,,VEN,CAN,Q2,1:21,31,42,456,358002,unknwown,REB,defensive rebound,34,367540,,,,,,
130884,30373-B-2,,VEN,CAN,Q2,1:12,31,42,457,359000,shot,P2,"2PtsFG under the basket, jump shot missed",34,367540,False,2,119,26,,
130884,30373-B-2,,VEN,CAN,Q2,1:10,31,42,458,359002,unknwown,REB,defensive rebound,158,409358,,,,,,
130884,30373-B-2,,VEN,CAN,Q2,0:54,34,42,459,360000,shot,P3,3pt jump shot made,158,409360,True,3,54,132,,
130884,30373-B-2,,VEN,CAN,Q2,0:54,34,42,460,360001,unknwown,ASS,made the assist,158,409398,,,,,,
130884,30373-B-2,,VEN,CAN,Q2,0:32,34,45,461,361000,shot,P3,3pt jump shot made,34,410952,True,3,23,114,,
130884,30373-B-2,,VEN,CAN,Q2,0:32,34,45,462,361001,unknwown,ASS,made the assist,34,415966,,,,,,
130884,30373-B-2,,VEN,CAN,Q2,0:07,34,45,463,362000,unknwown,TO,turnover; bad pass,158,378579,,,,,,
130884,30373-B-2,,VEN,CAN,Q2,0:07,34,45,464,362001,unknwown,ST,steal,34,410952,,,,,,
130884,30373-B-2,,VEN,CAN,Q2,0:03,34,47,468,366000,shot,P2,"2PtsFG under the basket, points from fastbreak + after turnover, alley oop dunk made",34,391168,True,2,138,32,,
130884,30373-B-2,,VEN,CAN,Q2,0:03,34,47,469,366001,unknwown,ASS,made the assist,34,391167,,,,,,
130884,30373-B-2,,VEN,CAN,Q2,0:00,34,47,472,369000,periods,ENDP,End of Period,,,,,,,,
130884,30373-B-2,,VEN,CAN,Q3,10:00,34,47,473,370000,periods,STARTP,Start of Period,,,,,,,,
130884,30373-B-2,,VEN,CAN,Q3,10:00,34,47,477,374000,subst,SUBST,Substitution out,158,409360,,,,,OUT,
130884,30373-B-2,,VEN,CAN,Q3,10:00,34,47,478,375000,subst,SUBST,Substitution out,158,409398,,,,,OUT,
130884,30373-B-2,,VEN,CAN,Q3,10:00,34,47,479,376000,subst,SUBST,Substitution in,158,378577,,,,,IN,
130884,30373-B-2,,VEN,CAN,Q3,10:00,34,47,480,377000,subst,SUBST,Substitution in,158,378576,,,,,IN,
130884,30373-B-2,,VEN,CAN,Q3,10:00,34,47,481,378000,subst,SUBST,Substitution out,34,391167,,,,,OUT,
130884,30373-B-2,,VEN,CAN,Q3,10:00,34,47,482,379000,subst,SUBST,Substitution in,34,342309,,,,,IN,
130884,30373-B-2,,VEN,CAN,Q3,9:40,34,47,486,383000,unknwown,FOUL,personal foul; 2 free throws awarded,158,409358,,,,,,
130884,30373-B-2,,VEN,CAN,Q3,9:40,34,47,487,383002,unknwown,RFOUL,foul drawn,34,415966,,,,,,
130884,30373-B-2,,VEN,CAN,Q3,9:40,34,47,488,384000,shot,FT,1st of 2 free throws missed,34,415966,False,1,0,0,,
130884,30373-B-2,,VEN,CAN,Q3,9:40,34,47,490,386000,shot,FT,2nd of 2 free throws missed,34,415966,False,1,0,0,,
130884,30373-B-2,,VEN,CAN,Q3,9:38,34,47,491,386002,unknwown,REB,defensive rebound,158,390925,,,,,,
130884,30373-B-2,,VEN,CAN,Q3,9:19,34,47,492,387000,unknwown,TO,turnover; bad pass,158,378576,,,,,,
130884,30373-B-2,,VEN,CAN,Q3,9:19,34,47,493,387001,unknwown,ST,steal,34,342309,,,,,,
130884,30373-B-2,,VEN,CAN,Q3,9:15,34,49,494,388000,shot,P2,"2PtsFG under the basket, points from fastbreak + after turnover, layup made",34,415966,True,2,135,30,,
130884,30373-B-2,,VEN,CAN,Q3,9:15,34,49,495,388001,unknwown,ASS,made the assist,34,342309,,,,,,
130884,30373-B-2,,VEN,CAN,Q3,8:59,34,49,496,389000,shot,P3,3pt jump shot missed,158,378577,False,3,43,155,,
130884,30373-B-2,,VEN,CAN,Q3,8:57,34,49,497,389002,unknwown,REB,defensive rebound,34,342309,,,,,,
130884,30373-B-2,,VEN,CAN,Q3,8:45,34,49,498,390000,shot,P2,"2PtsFG under the basket, jump shot missed",34,367540,False,2,152,30,,
130884,30373-B-2,,VEN,CAN,Q3,8:43,34,49,499,390002,unknwown,REB,defensive rebound,158,378577,,,,,,
130884,30373-B-2,,VEN,CAN,Q3,8:34,34,49,500,391000,unknwown,TO,turnover; bad pass,158,390925,,,,,,
130884,30373-B-2,,VEN,CAN,Q3,8:34,34,49,501,391001,unknwown,ST,steal,34,342309,,,,,,
130884,30373-B-2,,VEN,CAN,Q3,8:27,34,51,502,392000,shot,P2,"2PtsFG under the basket, points from fastbreak + after turnover, dunk made",34,391168,True,2,137,27,,
130884,30373-B-2,,VEN,CAN,Q3,8:27,34,51,504,392001,unknwown,ASS,made the assist,34,342309,,,,,,
130884,30373-B-2,,VEN,CAN,Q3,8:26,34,51,507,396000,timeout,TIMO,Timeout,158,,,,,,,
130884,30373-B-2,,VEN,CAN,Q3,8:26,34,51,508,397000,subst,SUBST,Substitution out,158,390925,,,,,OUT,
130884,30373-B-2,,VEN,CAN,Q3,8:26,34,51,509,398000,subst,SUBST,Substitution in,158,409360,,,,,IN,
130884,30373-B-2,,VEN,CAN,Q3,8:10,34,51,514,403000,unknwown,FOUL,offensive foul,158,409358,,,,,,
130884,30373-B-2,,VEN,CAN,Q3,8:10,34,51,515,403001,unknwown,TO,turnover,158,409358,,,,,,
130884,30373-B-2,,VEN,CAN,Q3,8:10,34,51,516,403002,unknwown,RFOUL,foul drawn,34,415966,,,,,,
130884,30373-B-2,,VEN,CAN,Q3,7:58,34,53,518,405000,shot,P2,"2PtsFG under the basket, points after turnover, alley oop dunk made",34,342309,True,2,141,31,,
130884,30373-B-2,,VEN,CAN,Q3,7:58,34,53,519,405001,unknwown,ASS,made the assist,34,415966,,,,,,
130884,30373-B-2,,VEN,CAN,Q3,7:34,34,53,520,406000,shot,P3,3pt jump shot missed,158,409360,False,3,269,65,,
130884,30373-B-2,,VEN,CAN,Q3,7:32,34,53,521,406002,unknwown,REB,defensive rebound,34,367540,,,,,,
130884,30373-B-2,,VEN,CAN,Q3,7:29,34,53,522,407000,unknwown,TO,turnover; bad pass,34,415966,,,,,,
130884,30373-B-2,,VEN,CAN,Q3,7:29,34,53,523,407001,unknwown,ST,steal,158,409360,,,,,,
130884,30373-B-2,,VEN,CAN,Q3,7:17,34,53,524,408000,shot,P3,3pt jump shot missed,158,409360,False,3,253,112,,
130884,30373-B-2,,VEN,CAN,Q3,7:15,34,53,525,408002,unknwown,REB,defensive rebound,34,367540,,,,,,
130884,30373-B-2,,VEN,CAN,Q3,6:54,34,53,529,412000,unknwown,FOUL,personal foul; 3 free throws awarded,158,409360,,,,,,
130884,30373-B-2,,VEN,CAN,Q3,6:54,34,53,530,412002,unknwown,RFOUL,foul drawn,34,410952,,,,,,
130884,30373-B-2,,VEN,CAN,Q3,6:54,34,53,531,413000,subst,SUBST,Substitution out,158,378577,,,,,OUT,
130884,30373-B-2,,VEN,CAN,Q3,6:54,34,53,532,414000,subst,SUBST,Substitution in,158,378547,,,,,IN,
130884,30373-B-2,,VEN,CAN,Q3,6:54,34,53,533,415000,subst,SUBST,Substitution out,34,415966,,,,,OUT,
130884,30373-B-2,,VEN,CAN,Q3,6:54,34,53,534,416000,subst,SUBST,Substitution out,34,342309,,,,,OUT,
130884,30373-B-2,,VEN,CAN,Q3,6:54,34,53,535,417000,subst,SUBST,Substitution in,34,342682,,,,,IN,
130884,30373-B-2,,VEN,CAN,Q3,6:54,34,53,536,418000,subst,SUBST,Substitution in,34,271788,,,,,IN,
130884,30373-B-2,,VEN,CAN,Q3,6:54,34,54,537,419000,shot,FT,1st of 3 free throws made,34,410952,True,1,0,0,,
130884,30373-B-2,,VEN,CAN,Q3,6:54,34,55,538,420000,shot,FT,2nd of 3 free throws made,34,410952,True,1,0,0,,
130884,30373-B-2,,VEN,CAN,Q3,6:54,34,56,539,421000,shot,FT,3rd of 3 free throws made,34,410952,True,1,0,0,,
130884,30373-B-2,,VEN,CAN,Q3,6:54,34,56,540,422000,subst,SUBST,Substitution out,34,410952,,,,,OUT,
130884,30373-B-2,,VEN,CAN,Q3,6:54,34,56,541,423000,subst,SUBST,Substitution in,34,415967,,,,,IN,
130884,30373-B-2,,VEN,CAN,Q3,6:35,34,56,544,426000,unknwown,FOUL,personal foul; 2 free throws awarded,34,391168,,,,,,
130884,30373-B-2,,VEN,CAN,Q3,6:35,34,56,545,426002,unknwown,RFOUL,foul drawn,158,409360,,,,,,
130884,30373-B-2,,VEN,CAN,Q3,6:35,34,56,546,427000,subst,SUBST,Substitution out,158,378579,,,,,OUT,
130884,30373-B-2,,VEN,CAN,Q3,6:35,34,56,547,428000,subst,SUBST,Substitution in,158,416954,,,,,IN,
130884,30373-B-2,,VEN,CAN,Q3,6:35,35,56,548,429000,shot,FT,1st of 2 free throws made,158,409360,True,1,0,0,,
130884,30373-B-2,,VEN,CAN,Q3,6:35,36,56,549,430000,shot,FT,2nd of 2 free throws made,158,409360,True,1,0,0,,
130884,30373-B-2,,VEN,CAN,Q3,6:35,36,56,550,431000,subst,SUBST,Substitution out,158,409360,,,,,OUT,
130884,30373-B-2,,VEN,CAN,Q3,6:35,36,56,551,432000,subst,SUBST,Substitution in,158,390925,,,,,IN,
130884,30373-B-2,,VEN,CAN,Q3,6:35,36,56,552,433000,subst,SUBST,Substitution out,34,391168,,,,,OUT,
130884,30373-B-2,,VEN,CAN,Q3,6:35,36,56,553,434000,subst,SUBST,Substitution in,34,391167,,,,,IN,
130884,30373-B-2,,VEN,CAN,Q3,6:19,36,58,557,438000,shot,P2,"2PtsFG under the basket, driving layup made",34,415967,True,2,145,27,,
130884,30373-B-2,,VEN,CAN,Q3,6:00,36,58,558,439000,shot,P2,"2PtsFG under the basket, driving layup missed",158,416954,False,2,127,27,,
130884,30373-B-2,,VEN,CAN,Q3,5:58,36,58,559,439002,unknwown,REB,defensive rebound,34,391167,,,,,,
130884,30373-B-2,,VEN,CAN,Q3,5:52,36,58,561,441000,unknwown,FOUL,personal foul; 2 free throws awarded,158,416954,,,,,,
130884,30373-B-2,,VEN,CAN,Q3,5:52,36,58,562,441002,unknwown,RFOUL,foul drawn,34,367540,,,,,,
130884,30373-B-2,,VEN,CAN,Q3,5:52,36,59,563,442000,shot,FT,1st of 2 free throws made,34,367540,True,1,0,0,,
130884,30373-B-2,,VEN,CAN,Q3,5:52,36,60,564,443000,shot,FT,2nd of 2 free throws made,34,367540,True,1,0,0,,
130884,30373-B-2,,VEN,CAN,Q3,5:32,38,60,566,445000,shot,P2,"2PtsFG under the basket, driving layup made",158,390925,True,2,138,35,,
130884,30373-B-2,,VEN,CAN,Q3,5:24,38,60,567,446000,shot,P3,3pt jump shot missed,34,342682,False,3,26,101,,
130884,30373-B-2,,VEN,CAN,Q3,5:21,38,60,568,446002,unknwown,REB,offensive rebound,34,271788,,,,,,
130884,30373-B-2,,VEN,CAN,Q3,5:19,38,60,572,450000,unknwown,FOUL,personal foul; 2 free throws awarded,158,378576,,,,,,
130884,30373-B-2,,VEN,CAN,Q3,5:19,38,60,573,450002,unknwown,RFOUL,foul drawn,34,271788,,,,,,
130884,30373-B-2,,VEN,CAN,Q3,5:19,38,60,574,451000,subst,SUBST,Substitution out,34,367540,,,,,OUT,
130884,30373-B-2,,VEN,CAN,Q3,5:19,38,60,575,452000,subst,SUBST,Substitution in,34,415963,,,,,IN,
130884,30373-B-2,,VEN,CAN,Q3,5:19,38,60,576,453000,shot,FT,1st of 2 free throws missed,34,271788,False,1,0,0,,
130884,30373-B-2,,VEN,CAN,Q3,5:19,38,61,577,454000,shot,FT,2nd of 2 free throws made,34,271788,True,1,0,0,,
130884,30373-B-2,,VEN,CAN,Q3,5:09,38,61,580,457000,unknwown,FOUL,personal foul; 2 free throws awarded,34,415967,,,,,,
130884,30373-B-2,,VEN,CAN,Q3,5:09,38,61,581,457002,unknwown,RFOUL,foul drawn,158,416954,,,,,,
130884,30373-B-2,,VEN,CAN,Q3,5:09,38,61,582,458000,shot,FT,1st of 2 free throws missed,158,416954,False,1,0,0,,
130884,30373-B-2,,VEN,CAN,Q3,5:09,38,61,583,459000,shot,FT,2nd of 2 free throws missed,158,416954,False,1,0,0,,
130884,30373-B-2,,VEN,CAN,Q3,5:08,38,61,585,459002,unknwown,REB,defensive rebound,34,271788,,,,,,
130884,30373-B-2,,VEN,CAN,Q3,4:53,38,61,586,461000,shot,P3,3pt jump shot missed,34,391167,False,3,9,46,,
130884,30373-B-2,,VEN,CAN,Q3,4:51,38,61,587,461002,unknwown,REB,offensive rebound,34,342682,,,,,,
130884,30373-B-2,,VEN,CAN,Q3,4:50,38,63,588,462000,shot,P2,"2PtsFG under the basket, layup made",34,342682,True,2,147,33,,
130884,30373-B-2,,VEN,CAN,Q3,4:25,38,63,590,464000,shot,P2,2pt hook shot missed,158,378547,False,2,145,74,,
130884,30373-B-2,,VEN,CAN,Q3,4:25,38,63,591,464002,unknwown,REB,offensive rebound,158,409358,,,,,,
130884,30373-B-2,,VEN,CAN,Q3,4:23,38,63,594,467000,unknwown,TTO,team turnover; shot clock violation,158,,,,,,,
130884,30373-B-2,,VEN,CAN,Q3,4:23,38,63,596,469000,subst,SUBST,Substitution out,158,409358,,,,,OUT,
130884,30373-B-2,,VEN,CAN,Q3,4:23,38,63,597,470000,subst,SUBST,Substitution in,158,378577,,,,,IN,
130884,30373-B-2,,VEN,CAN,Q3,4:23,38,63,598,471000,subst,SUBST,Substitution out,34,415967,,,,,OUT,
130884,30373-B-2,,VEN,CAN,Q3,4:23,38,63,599,472000,subst,SUBST,Substitution in,34,392260,,,,,IN,
130884,30373-B-2,,VEN,CAN,Q3,4:06,38,65,600,473000,shot,P2,"2PtsFG inside left wing, points after turnover, jump shot made",34,271788,True,2,77,33,,
130884,30373-B-2,,VEN,CAN,Q3,3:39,38,65,601,474000,shot,P2,"2PtsFG under the basket, driving layup missed",158,390925,False,2,136,33,,
130884,30373-B-2,,VEN,CAN,Q3,3:37,38,65,602,474002,unknwown,REB,defensive rebound,34,391167,,,,,,
130884,30373-B-2,,VEN,CAN,Q3,3:30,38,65,603,475000,shot,P3,3pt jump shot missed,34,392260,False,3,208,163,,
130884,30373-B-2,,VEN,CAN,Q3,3:28,38,65,604,475002,unknwown,REB,offensive rebound,34,271788,,,,,,
130884,30373-B-2,,VEN,CAN,Q3,3:26,38,65,605,476000,unknwown,TO,turnover; bad pass,34,392260,,,,,,
130884,30373-B-2,,VEN,CAN,Q3,3:26,38,65,606,476001,unknwown,ST,steal,158,416954,,,,,,
130884,30373-B-2,,VEN,CAN,Q3,3:21,40,65,607,477000,shot,P2,"2PtsFG under the basket, points from fastbreak + after turnover, dunk made",158,378576,True,2,145,34,,
130884,30373-B-2,,VEN,CAN,Q3,3:21,40,65,608,477001,unknwown,ASS,made the assist,158,416954,,,,,,
130884,30373-B-2,,VEN,CAN,Q3,3:10,40,65,609,478000,shot,P3,3pt jump shot missed,34,391167,False,3,276,43,,
130884,30373-B-2,,VEN,CAN,Q3,3:09,40,65,611,478002,unknwown,REB,defensive rebound,158,416954,,,,,,
130884,30373-B-2,,VEN,CAN,Q3,3:08,40,65,614,482000,unknwown,FOUL,personal foul,34,415963,,,,,,
130884,30373-B-2,,VEN,CAN,Q3,3:08,40,65,615,482002,unknwown,RFOUL,foul drawn,158,416954,,,,,,
130884,30373-B-2,,VEN,CAN,Q3,3:08,40,65,616,483000,subst,SUBST,Substitution out,158,378577,,,,,OUT,
130884,30373-B-2,,VEN,CAN,Q3,3:08,40,65,617,484000,subst,SUBST,Substitution in,158,409360,,,,,IN,
130884,30373-B-2,,VEN,CAN,Q3,3:08,40,65,618,485000,subst,SUBST,Substitution out,34,342682,,,,,OUT,
130884,30373-B-2,,VEN,CAN,Q3,3:08,40,65,619,486000,subst,SUBST,Substitution out,34,271788,,,,,OUT,
130884,30373-B-2,,VEN,CAN,Q3,3:08,40,65,620,487000,subst,SUBST,Substitution in,34,415966,,,,,IN,
130884,30373-B-2,,VEN,CAN,Q3,3:08,40,65,621,488000,subst,SUBST,Substitution in,34,415968,,,,,IN,
130884,30373-B-2,,VEN,CAN,Q3,2:57,40,65,626,493000,unknwown,FOUL,personal foul,34,392260,,,,,,
130884,30373-B-2,,VEN,CAN,Q3,2:57,40,65,627,493002,unknwown,RFOUL,foul drawn,158,409360,,,,,,
130884,30373-B-2,,VEN,CAN,Q3,2:47,40,65,629,495000,shot,P2,"2PtsFG inside center, jump shot missed",158,378576,False,2,96,113,,
130884,30373-B-2,,VEN,CAN,Q3,2:45,40,65,631,495002,unknwown,TREB,team offensive rebound,158,,,,,,,
130884,30373-B-2,,VEN,CAN,Q3,2:36,40,65,633,498000,shot,P2,"2PtsFG under the basket, driving layup missed",158,416954,False,2,128,27,,
130884,30373-B-2,,VEN,CAN,Q3,2:34,40,65,634,498002,unknwown,REB,defensive rebound,34,392260,,,,,,
130884,30373-B-2,,VEN,CAN,Q3,2:29,40,65,638,502000,unknwown,FOUL,personal foul; 2 free throws awarded,158,378547,,,,,,
130884,30373-B-2,,VEN,CAN,Q3,2:29,40,65,639,502002,unknwown,RFOUL,foul drawn,34,415966,,,,,,
130884,30373-B-2,,VEN,CAN,Q3,2:29,40,65,640,503000,subst,SUBST,Substitution out,158,416954,,,,,OUT,
130884,30373-B-2,,VEN,CAN,Q3,2:29,40,65,641,504000,subst,SUBST,Substitution in,158,409363,,,,,IN,
130884,30373-B-2,,VEN,CAN,Q3,2:29,40,66,642,505000,shot,FT,1st of 2 free throws made,34,415966,True,1,0,0,,
130884,30373-B-2,,VEN,CAN,Q3,2:29,40,67,643,506000,shot,FT,2nd of 2 free throws made,34,415966,True,1,0,0,,
130884,30373-B-2,,VEN,CAN,Q3,2:29,40,67,644,507000,subst,SUBST,Substitution out,158,378547,,,,,OUT,
130884,30373-B-2,,VEN,CAN,Q3,2:29,40,67,645,508000,subst,SUBST,Substitution in,158,416968,,,,,IN,
130884,30373-B-2,,VEN,CAN,Q3,2:14,40,67,650,513000,unknwown,TO,turnover; out of bounds,158,378576,,,,,,
130884,30373-B-2,,VEN,CAN,Q3,2:00,40,67,655,518000,unknwown,FOUL,personal foul; 2 free throws awarded,158,409360,,,,,,
130884,30373-B-2,,VEN,CAN,Q3,2:00,40,67,656,518002,unknwown,RFOUL,foul drawn,34,415968,,,,,,
130884,30373-B-2,,VEN,CAN,Q3,2:00,40,67,657,519000,shot,FT,1st of 2 free throws missed,34,415968,False,1,0,0,,
130884,30373-B-2,,VEN,CAN,Q3,2:00,40,68,658,520000,shot,FT,2nd of 2 free throws made,34,415968,True,1,0,0,,
130884,30373-B-2,,VEN,CAN,Q3,2:00,40,68,659,521000,subst,SUBST,Substitution out,158,409360,,,,,OUT,
130884,30373-B-2,,VEN,CAN,Q3,2:00,40,68,660,522000,subst,SUBST,Substitution in,158,409358,,,,,IN,
130884,30373-B-2,,VEN,CAN,Q3,1:44,40,68,662,524000,unknwown,TO,turnover; bad pass,158,409358,,,,,,
130884,30373-B-2,,VEN,CAN,Q3,1:44,40,68,663,524001,unknwown,ST,steal,34,392260,,,,,,
130884,30373-B-2,,VEN,CAN,Q3,1:40,40,70,664,525000,shot,P2,"2PtsFG under the basket, points from fastbreak + after turnover, dunk made",34,392260,True,2,135,23,,
130884,30373-B-2,,VEN,CAN,Q3,1:40,40,70,665,525001,unknwown,ASS,made the assist,34,391167,,,,,,
130884,30373-B-2,,VEN,CAN,Q3,1:27,40,70,666,526000,shot,P2,"2PtsFG inside center, jump shot missed",158,409363,False,2,180,111,,
130884,30373-B-2,,VEN,CAN,Q3,1:24,40,70,667,526002,unknwown,REB,defensive rebound,34,415963,,,,,,
130884,30373-B-2,,VEN,CAN,Q3,1:18,40,70,668,527000,shot,P2,"2PtsFG under the basket, driving layup missed",34,392260,False,2,129,27,,
130884,30373-B-2,,VEN,CAN,Q3,1:16,40,70,669,527002,unknwown,REB,offensive rebound,34,415963,,,,,,
130884,30373-B-2,,VEN,CAN,Q3,1:15,40,72,670,528000,shot,P2,"2PtsFG under the basket, layup made",34,415963,True,2,149,27,,
130884,30373-B-2,,VEN,CAN,Q3,0:53,40,72,671,529000,shot,P2,"2PtsFG under the basket, driving layup missed",158,409358,False,2,144,32,,
130884,30373-B-2,,VEN,CAN,Q3,0:50,40,72,672,529002,unknwown,REB,defensive rebound,34,415963,,,,,,
130884,30373-B-2,,VEN,CAN,Q3,0:47,40,74,673,530000,shot,P2,"2PtsFG under the basket, fast break, driving layup made",34,415966,True,2,150,31,,
130884,30373-B-2,,VEN,CAN,Q3,0:47,40,74,674,530001,unknwown,ASS,made the assist,34,415963,,,,,,
130884,30373-B-2,,VEN,CAN,Q3,0:31,40,74,678,534000,unknwown,FOUL,personal foul; 2 free throws awarded,34,415966,,,,,,
130884,30373-B-2,,VEN,CAN,Q3,0:31,40,74,679,534002,unknwown,RFOUL,foul drawn,158,409363,,,,,,
130884,30373-B-2,,VEN,CAN,Q3,0:31,40,74,680,535000,subst,SUBST,Substitution out,34,392260,,,,,OUT,
130884,30373-B-2,,VEN,CAN,Q3,0:31,40,74,681,536000,subst,SUBST,Substitution in,34,410952,,,,,IN,
130884,30373-B-2,,VEN,CAN,Q3,0:31,41,74,682,537000,shot,FT,1st of 2 free throws made,158,409363,True,1,0,0,,
130884,30373-B-2,,VEN,CAN,Q3,0:31,42,74,683,538000,shot,FT,2nd of 2 free throws made,158,409363,True,1,0,0,,
130884,30373-B-2,,VEN,CAN,Q3,0:20,42,74,685,540000,shot,P2,"2PtsFG under the basket, driving layup missed",34,415966,False,2,147,31,,
130884,30373-B-2,,VEN,CAN,Q3,0:19,42,74,687,540002,unknwown,TREB,team defensive rebound,158,,,,,,,
130884,30373-B-2,,VEN,CAN,Q3,0:08,42,74,689,543000,unknwown,TO,turnover; bad pass,158,390925,,,,,,
130884,30373-B-2,,VEN,CAN,Q3,0:08,42,74,690,543001,unknwown,ST,steal,34,410952,,,,,,
130884,30373-B-2,,VEN,CAN,Q3,0:03,42,77,691,544000,shot,P3,"3PtsFG outside right, points from fastbreak + after turnover, jump shot made",34,415968,True,3,270,62,,
130884,30373-B-2,,VEN,CAN,Q3,0:03,42,77,692,544001,unknwown,ASS,made the assist,34,410952,,,,,,
130884,30373-B-2,,VEN,CAN,Q3,0:00,42,77,694,546000,periods,ENDP,End of Period,,,,,,,,
130884,30373-B-2,,VEN,CAN,Q4,10:00,42,77,695,547000,subst,SUBST,Substitution out,158,409363,,,,,OUT,
130884,30373-B-2,,VEN,CAN,Q4,10:00,42,77,696,548000,subst,SUBST,Substitution in,158,378579,,,,,IN,
130884,30373-B-2,,VEN,CAN,Q4,10:00,42,77,697,549000,subst,SUBST,Substitution out,34,415966,,,,,OUT,
130884,30373-B-2,,VEN,CAN,Q4,10:00,42,77,698,550000,subst,SUBST,Substitution out,34,415968,,,,,OUT,
130884,30373-B-2,,VEN,CAN,Q4,10:00,42,77,699,551000,subst,SUBST,Substitution out,34,391167,,,,,OUT,
130884,30373-B-2,,VEN,CAN,Q4,10:00,42,77,700,552000,subst,SUBST,Substitution out,34,415963,,,,,OUT,
130884,30373-B-2,,VEN,CAN,Q4,10:00,42,77,701,553000,subst,SUBST,Substitution in,34,391168,,,,,IN,
130884,30373-B-2,,VEN,CAN,Q4,10:00,42,77,702,554000,subst,SUBST,Substitution in,34,367540,,,,,IN,
130884,30373-B-2,,VEN,CAN,Q4,10:00,42,77,703,555000,subst,SUBST,Substitution in,34,342309,,,,,IN,
130884,30373-B-2,,VEN,CAN,Q4,10:00,42,77,704,556000,subst,SUBST,Substitution in,34,271788,,,,,IN,
130884,30373-B-2,,VEN,CAN,Q4,10:00,42,77,705,557000,periods,STARTP,Start of Period,,,,,,,,
130884,30373-B-2,,VEN,CAN,Q4,9:38,44,77,707,559000,shot,P2,"2PtsFG under the basket, turnaround jump shot made",158,416968,True,2,141,34,,
130884,30373-B-2,,VEN,CAN,Q4,9:28,44,77,709,561000,unknwown,FOUL,offensive foul,34,367540,,,,,,
130884,30373-B-2,,VEN,CAN,Q4,9:28,44,77,710,561001,unknwown,TO,turnover,34,367540,,,,,,
130884,30373-B-2,,VEN,CAN,Q4,9:28,44,77,711,561002,unknwown,RFOUL,foul drawn,158,409358,,,,,,
130884,30373-B-2,,VEN,CAN,Q4,9:16,44,77,716,566000,unknwown,FOUL,personal foul,34,410952,,,,,,
130884,30373-B-2,,VEN,CAN,Q4,9:16,44,77,717,566002,unknwown,RFOUL,foul drawn,158,378576,,,,,,
130884,30373-B-2,,VEN,CAN,Q4,9:08,44,77,719,568000,shot,P3,3pt jump shot missed,158,390925,False,3,265,82,,
130884,30373-B-2,,VEN,CAN,Q4,9:05,44,77,720,568002,unknwown,REB,defensive rebound,34,342309,,,,,,
130884,30373-B-2,,VEN,CAN,Q4,8:53,44,77,721,569000,shot,P2,"2PtsFG under the basket, turnaround jump shot missed",34,391168,False,2,158,34,,
130884,30373-B-2,,VEN,CAN,Q4,8:49,44,77,722,569002,unknwown,REB,offensive rebound,34,342309,,,,,,
130884,30373-B-2,,VEN,CAN,Q4,8:49,44,77,723,570000,shot,P2,2PtsFG under the basket missed,34,342309,False,2,140,31,,
130884,30373-B-2,,VEN,CAN,Q4,8:48,44,77,724,570002,unknwown,REB,defensive rebound,158,378579,,,,,,
130884,30373-B-2,,VEN,CAN,Q4,8:40,44,77,725,571000,shot,P3,3pt jump shot missed,158,378576,False,3,244,104,,
130884,30373-B-2,,VEN,CAN,Q4,8:39,44,77,727,571002,unknwown,TREB,team defensive rebound,34,,,,,,,
130884,30373-B-2,,VEN,CAN,Q4,8:39,44,77,728,573000,unknwown,FOUL,personal foul,158,409358,,,,,,
130884,30373-B-2,,VEN,CAN,Q4,8:39,44,77,729,573002,unknwown,RFOUL,foul drawn,34,367540,,,,,,
130884,30373-B-2,,VEN,CAN,Q4,8:39,44,77,730,574000,subst,SUBST,Substitution out,158,390925,,,,,OUT,
130884,30373-B-2,,VEN,CAN,Q4,8:39,44,77,731,575000,subst,SUBST,Substitution out,158,378576,,,,,OUT,
130884,30373-B-2,,VEN,CAN,Q4,8:39,44,77,732,576000,subst,SUBST,Substitution in,158,409360,,,,,IN,
130884,30373-B-2,,VEN,CAN,Q4,8:39,44,77,733,577000,subst,SUBST,Substitution in,158,356334,,,,,IN,
130884,30373-B-2,,VEN,CAN,Q4,8:23,44,77,738,582000,unknwown,TO,turnover; backcourt violation,34,271788,,,,,,
130884,30373-B-2,,VEN,CAN,Q4,8:20,44,77,741,585000,unknwown,FOUL,personal foul; 2 free throws awarded,34,367540,,,,,,
130884,30373-B-2,,VEN,CAN,Q4,8:20,44,77,742,585002,unknwown,RFOUL,foul drawn,158,409358,,,,,,
130884,30373-B-2,,VEN,CAN,Q4,8:20,45,77,743,586000,shot,FT,Free throw made 1 of 2,158,409358,True,1,0,0,,
130884,30373-B-2,,VEN,CAN,Q4,8:20,45,77,745,588000,shot,FT,Free throw missed 2 of 2,158,409358,False,1,0,0,,
130884,30373-B-2,,VEN,CAN,Q4,8:18,45,77,746,588002,unknwown,REB,defensive rebound,34,342309,,,,,,
130884,30373-B-2,,VEN,CAN,Q4,8:11,45,77,747,589000,unknwown,TO,turnover; bad pass,34,391168,,,,,,
130884,30373-B-2,,VEN,CAN,Q4,8:11,45,77,748,589001,unknwown,ST,steal,158,409360,,,,,,
130884,30373-B-2,,VEN,CAN,Q4,7:57,45,77,749,590000,shot,P2,"2PtsFG under the basket, points after turnover, jump shot missed",158,416968,False,2,145,41,,
130884,30373-B-2,,VEN,CAN,Q4,7:55,45,77,750,590002,unknwown,REB,defensive rebound,34,342309,,,,,,
130884,30373-B-2,,VEN,CAN,Q4,7:49,45,80,751,591000,shot,P3,3pt jump shot made,34,410952,True,3,40,124,,
130884,30373-B-2,,VEN,CAN,Q4,7:49,45,80,752,591001,unknwown,ASS,made the assist,34,391168,,,,,,
130884,30373-B-2,,VEN,CAN,Q4,7:33,45,80,753,592000,shot,P3,3pt jump shot missed,158,378579,False,3,26,117,,
130884,30373-B-2,,VEN,CAN,Q4,7:31,45,80,754,592002,unknwown,REB,defensive rebound,34,342309,,,,,,
130884,30373-B-2,,VEN,CAN,Q4,7:22,45,80,756,594000,unknwown,TO,turnover; travelling,34,391168,,,,,,
130884,30373-B-2,,VEN,CAN,Q4,7:06,45,80,758,596000,unknwown,TO,turnover; ball handling,158,409358,,,,,,
130884,30373-B-2,,VEN,CAN,Q4,7:06,45,80,759,596001,unknwown,ST,steal,34,342309,,,,,,
130884,30373-B-2,,VEN,CAN,Q4,7:01,45,80,760,597000,shot,P2,"2PtsFG under the basket, points after turnover, driving layup missed",34,271788,False,2,129,27,,
130884,30373-B-2,,VEN,CAN,Q4,6:58,45,80,761,597002,unknwown,REB,offensive rebound,34,342309,,,,,,
130884,30373-B-2,,VEN,CAN,Q4,6:58,45,82,762,598000,shot,P2,"2PtsFG under the basket, points from second chance + fastbreak + after turnover, layup made",34,410952,True,2,151,29,,
130884,30373-B-2,,VEN,CAN,Q4,6:58,45,82,763,598001,unknwown,ASS,made the assist,34,342309,,,,,,
130884,30373-B-2,,VEN,CAN,Q4,6:41,45,82,767,602000,subst,SUBST,Substitution out,158,378579,,,,,OUT,
130884,30373-B-2,,VEN,CAN,Q4,6:41,45,82,768,603000,subst,SUBST,Substitution out,158,416968,,,,,OUT,
130884,30373-B-2,,VEN,CAN,Q4,6:41,45,82,769,604000,subst,SUBST,Substitution in,158,409398,,,,,IN,
130884,30373-B-2,,VEN,CAN,Q4,6:41,45,82,770,605000,subst,SUBST,Substitution in,158,416954,,,,,IN,
130884,30373-B-2,,VEN,CAN,Q4,6:41,45,82,771,606000,subst,SUBST,Substitution out,34,391168,,,,,OUT,
130884,30373-B-2,,VEN,CAN,Q4,6:41,45,82,772,607000,subst,SUBST,Substitution out,34,367540,,,,,OUT,
130884,30373-B-2,,VEN,CAN,Q4,6:41,45,82,773,608000,subst,SUBST,Substitution out,34,410952,,,,,OUT,
130884,30373-B-2,,VEN,CAN,Q4,6:41,45,82,774,609000,subst,SUBST,Substitution in,34,342682,,,,,IN,
130884,30373-B-2,,VEN,CAN,Q4,6:41,45,82,775,610000,subst,SUBST,Substitution in,34,415967,,,,,IN,
130884,30373-B-2,,VEN,CAN,Q4,6:41,45,82,776,611000,subst,SUBST,Substitution in,34,391167,,,,,IN,
130884,30373-B-2,,VEN,CAN,Q4,6:37,45,82,778,613000,shot,P2,"2PtsFG inside right wing, jump shot missed",158,356334,False,2,216,26,,
130884,30373-B-2,,VEN,CAN,Q4,6:35,45,82,779,613002,unknwown,REB,defensive rebound,34,415967,,,,,,
130884,30373-B-2,,VEN,CAN,Q4,6:24,45,85,780,614000,shot,P3,3pt jump shot made,34,391167,True,3,228,136,,
130884,30373-B-2,,VEN,CAN,Q4,6:24,45,85,781,614001,unknwown,ASS,made the assist,34,342309,,,,,,
130884,30373-B-2,,VEN,CAN,Q4,6:08,45,85,782,615000,shot,P3,3pt jump shot missed,158,409358,False,3,75,165,,
130884,30373-B-2,,VEN,CAN,Q4,6:05,45,85,783,615002,unknwown,REB,defensive rebound,34,342309,,,,,,
130884,30373-B-2,,VEN,CAN,Q4,6:02,45,85,784,616000,shot,P2,"2PtsFG under the basket, driving layup missed",34,391167,False,2,145,28,,
130884,30373-B-2,,VEN,CAN,Q4,6:02,45,85,785,616001,unknwown,BS,blocked the shot,158,409360,,,,,,
130884,30373-B-2,,VEN,CAN,Q4,5:57,45,85,786,616002,unknwown,REB,offensive rebound,34,391167,,,,,,
130884,30373-B-2,,VEN,CAN,Q4,5:52,45,85,790,620000,unknwown,JS,jump ball situation; throw-in,34,,,,,,,
130884,30373-B-2,,VEN,CAN,Q4,5:52,45,85,791,621000,subst,SUBST,Substitution out,34,342309,,,,,OUT,
130884,30373-B-2,,VEN,CAN,Q4,5:52,45,85,792,622000,subst,SUBST,Substitution out,34,271788,,,,,OUT,
130884,30373-B-2,,VEN,CAN,Q4,5:52,45,85,793,623000,subst,SUBST,Substitution in,34,392260,,,,,IN,
130884,30373-B-2,,VEN,CAN,Q4,5:52,45,85,794,624000,subst,SUBST,Substitution in,34,415963,,,,,IN,
130884,30373-B-2,,VEN,CAN,Q4,5:45,45,85,798,628000,unknwown,TO,turnover; ball handling,34,415967,,,,,,
130884,30373-B-2,,VEN,CAN,Q4,5:45,45,85,799,628001,unknwown,ST,steal,158,409358,,,,,,
130884,30373-B-2,,VEN,CAN,Q4,5:29,45,85,800,629000,shot,P2,"2PtsFG under the basket, points after turnover, jump shot missed",158,356334,False,2,129,42,,
130884,30373-B-2,,VEN,CAN,Q4,5:27,45,85,802,629002,unknwown,TREB,team offensive rebound,158,,,,,,,
130884,30373-B-2,,VEN,CAN,Q4,5:16,45,85,808,636000,shot,P2,"2PtsFG under the basket, points from second chance + after turnover, driving layup missed",158,356334,False,2,157,42,,
130884,30373-B-2,,VEN,CAN,Q4,5:13,45,85,809,636002,unknwown,REB,defensive rebound,34,391167,,,,,,
130884,30373-B-2,,VEN,CAN,Q4,5:11,45,85,811,638000,unknwown,FOUL,personal foul; 2 free throws awarded,158,409358,,,,,,
130884,30373-B-2,,VEN,CAN,Q4,5:11,45,85,812,638002,unknwown,RFOUL,foul drawn,34,342682,,,,,,
130884,30373-B-2,,VEN,CAN,Q4,5:11,45,86,813,639000,shot,FT,1st of 2 free throws made,34,342682,True,1,0,0,,
130884,30373-B-2,,VEN,CAN,Q4,5:11,45,87,814,640000,shot,FT,2nd of 2 free throws made,34,342682,True,1,0,0,,
130884,30373-B-2,,VEN,CAN,Q4,5:04,45,87,817,643000,unknwown,FOUL,personal foul,34,392260,,,,,,
130884,30373-B-2,,VEN,CAN,Q4,5:04,45,87,818,643002,unknwown,RFOUL,foul drawn,158,416954,,,,,,
130884,30373-B-2,,VEN,CAN,Q4,4:53,45,87,820,645000,unknwown,TO,turnover; ball handling,158,356334,,,,,,
130884,30373-B-2,,VEN,CAN,Q4,4:53,45,87,821,645001,unknwown,ST,steal,34,415963,,,,,,
130884,30373-B-2,,VEN,CAN,Q4,4:48,45,89,822,646000,shot,P2,"2PtsFG under the basket, points from fastbreak + after turnover, driving layup made",34,392260,True,2,138,36,,
130884,30373-B-2,,VEN,CAN,Q4,4:48,45,89,823,646001,unknwown,ASS,made the assist,34,415963,,,,,,
130884,30373-B-2,,VEN,CAN,Q4,4:30,45,89,824,647000,shot,P2,"2PtsFG inside center, jump shot missed",158,356334,False,2,183,107,,
130884,30373-B-2,,VEN,CAN,Q4,4:28,45,89,825,647002,unknwown,REB,defensive rebound,34,392260,,,,,,
130884,30373-B-2,,VEN,CAN,Q4,4:24,45,89,829,651000,unknwown,FOUL,personal foul; 2 free throws awarded,158,409358,,,,,,
130884,30373-B-2,,VEN,CAN,Q4,4:24,45,89,830,651002,unknwown,RFOUL,foul drawn,34,342682,,,,,,
130884,30373-B-2,,VEN,CAN,Q4,4:24,45,89,831,652000,subst,SUBST,Substitution out,158,409358,,,,,OUT,
130884,30373-B-2,,VEN,CAN,Q4,4:24,45,89,832,653000,subst,SUBST,Substitution out,158,356334,,,,,OUT,
130884,30373-B-2,,VEN,CAN,Q4,4:24,45,89,833,654000,subst,SUBST,Substitution in,158,409363,,,,,IN,
130884,30373-B-2,,VEN,CAN,Q4,4:24,45,89,834,655000,subst,SUBST,Substitution in,158,378547,,,,,IN,
130884,30373-B-2,,VEN,CAN,Q4,4:24,45,89,835,656000,subst,SUBST,Substitution out,34,391167,,,,,OUT,
130884,30373-B-2,,VEN,CAN,Q4,4:24,45,89,836,657000,subst,SUBST,Substitution in,34,415968,,,,,IN,
130884,30373-B-2,,VEN,CAN,Q4,4:24,45,90,837,658000,shot,FT,1st of 2 free throws made,34,342682,True,1,0,0,,
130884,30373-B-2,,VEN,CAN,Q4,4:23,45,90,839,660000,shot,FT,2nd of 2 free throws missed,34,342682,False,1,0,0,,
130884,30373-B-2,,VEN,CAN,Q4,4:22,45,90,840,660002,unknwown,REB,defensive rebound,158,378547,,,,,,
130884,30373-B-2,,VEN,CAN,Q4,4:10,45,90,842,662000,unknwown,TO,turnover; bad pass,158,409363,,,,,,
130884,30373-B-2,,VEN,CAN,Q4,4:10,45,90,843,663000,timeout,TIMO,Timeout,34,,,,,,,
130884,30373-B-2,,VEN,CAN,Q4,4:10,45,90,844,664000,subst,SUBST,Substitution out,158,409360,,,,,OUT,
130884,30373-B-2,,VEN,CAN,Q4,4:10,45,90,845,665000,subst,SUBST,Substitution in,158,356334,,,,,IN,
130884,30373-B-2,,VEN,CAN,Q4,3:50,45,90,847,667000,shot,P3,3pt jump shot missed,34,392260,False,3,3,34,,
130884,30373-B-2,,VEN,CAN,Q4,3:48,45,90,848,667002,unknwown,REB,defensive rebound,158,356334,,,,,,
130884,30373-B-2,,VEN,CAN,Q4,3:43,45,90,849,668000,shot,P2,"2PtsFG under the basket, driving layup missed",158,356334,False,2,144,25,,
130884,30373-B-2,,VEN,CAN,Q4,3:41,45,90,850,668002,unknwown,REB,defensive rebound,34,342682,,,,,,
130884,30373-B-2,,VEN,CAN,Q4,3:37,45,92,851,669000,shot,P2,"2PtsFG under the basket, fast break, driving layup made",34,392260,True,2,130,32,,
130884,30373-B-2,,VEN,CAN,Q4,3:22,45,92,852,670000,shot,P3,3pt jump shot missed,158,409398,False,3,214,145,,
130884,30373-B-2,,VEN,CAN,Q4,3:19,45,92,853,670002,unknwown,REB,defensive rebound,34,392260,,,,,,
130884,30373-B-2,,VEN,CAN,Q4,3:13,45,92,857,674000,unknwown,FOUL,personal foul,158,409398,,,,,,
130884,30373-B-2,,VEN,CAN,Q4,3:13,45,92,858,674002,unknwown,RFOUL,foul drawn,34,415963,,,,,,
130884,30373-B-2,,VEN,CAN,Q4,3:08,45,95,860,676000,shot,P3,3pt jump shot made,34,342682,True,3,79,154,,
130884,30373-B-2,,VEN,CAN,Q4,3:08,45,95,861,676001,unknwown,ASS,made the assist,34,415968,,,,,,
130884,30373-B-2,,VEN,CAN,Q4,2:45,47,95,862,677000,shot,P2,"2PtsFG under the basket, driving layup made",158,409398,True,2,142,30,,
130884,30373-B-2,,VEN,CAN,Q4,2:34,47,95,863,678000,unknwown,TO,turnover; ball handling,34,415967,,,,,,
130884,30373-B-2,,VEN,CAN,Q4,2:34,47,95,865,678001,unknwown,ST,steal,158,356334,,,,,,
130884,30373-B-2,,VEN,CAN,Q4,2:31,49,95,866,680000,shot,P2,"2PtsFG under the basket, points from fastbreak + after turnover, driving layup made",158,356334,True,2,135,31,,
130884,30373-B-2,,VEN,CAN,Q4,2:31,49,95,867,681000,unknwown,FOUL,personal foul; 1 free throw awarded,34,415967,,,,,,
130884,30373-B-2,,VEN,CAN,Q4,2:31,49,95,868,681002,unknwown,RFOUL,foul drawn,158,356334,,,,,,
130884,30373-B-2,,VEN,CAN,Q4,2:30,49,95,870,683000,shot,FT,Free throw missed 1 of 1,158,356334,False,1,0,0,,
130884,30373-B-2,,VEN,CAN,Q4,2:29,49,95,871,683002,unknwown,REB,defensive rebound,34,415968,,,,,,
130884,30373-B-2,,VEN,CAN,Q4,2:16,49,95,872,684000,shot,P3,3pt jump shot missed,34,415967,False,3,80,165,,
130884,30373-B-2,,VEN,CAN,Q4,2:13,49,95,874,684002,unknwown,REB,offensive rebound,34,415968,,,,,,
130884,30373-B-2,,VEN,CAN,Q4,2:13,49,95,875,686000,unknwown,FOUL,personal foul; 2 free throws awarded,158,356334,,,,,,
130884,30373-B-2,,VEN,CAN,Q4,2:13,49,95,876,686002,unknwown,RFOUL,foul drawn,34,415968,,,,,,
130884,30373-B-2,,VEN,CAN,Q4,2:13,49,96,877,687000,shot,FT,1st of 2 free throws made,34,415968,True,1,0,0,,
130884,30373-B-2,,VEN,CAN,Q4,2:13,49,97,878,688000,shot,FT,2nd of 2 free throws made,34,415968,True,1,0,0,,
130884,30373-B-2,,VEN,CAN,Q4,1:56,49,97,880,690000,shot,P3,3pt jump shot missed,158,409363,False,3,270,38,,
130884,30373-B-2,,VEN,CAN,Q4,1:53,49,97,881,690002,unknwown,REB,defensive rebound,34,392260,,,,,,
130884,30373-B-2,,VEN,CAN,Q4,1:37,49,97,882,691000,shot,P2,"2PtsFG under the basket, hook shot missed",34,415963,False,2,141,42,,
130884,30373-B-2,,VEN,CAN,Q4,1:37,49,97,884,691002,unknwown,TREB,team offensive rebound,34,,,,,,,
130884,30373-B-2,,VEN,CAN,Q4,1:31,49,99,889,697000,shot,P2,"2PtsFG under the basket, driving layup made",34,415967,True,2,149,29,,
130884,30373-B-2,,VEN,CAN,Q4,1:31,49,99,890,697001,unknwown,ASS,made the assist,34,415968,,,,,,
130884,30373-B-2,,VEN,CAN,Q4,1:31,49,99,891,698000,unknwown,FOUL,personal foul; 1 free throw awarded,158,356334,,,,,,
130884,30373-B-2,,VEN,CAN,Q4,1:31,49,99,892,698002,unknwown,RFOUL,foul drawn,34,415967,,,,,,
130884,30373-B-2,,VEN,CAN,Q4,1:31,49,100,893,699000,shot,FT,free throw made,34,415967,True,1,0,0,,
130884,30373-B-2,,VEN,CAN,Q4,1:09,49,100,898,704000,unknwown,FOUL,personal foul; 2 free throws awarded,34,415967,,,,,,
130884,30373-B-2,,VEN,CAN,Q4,1:09,49,100,899,704002,unknwown,RFOUL,foul drawn,158,356334,,,,,,
130884,30373-B-2,,VEN,CAN,Q4,1:09,49,100,900,705000,subst,SUBST,Substitution out,34,415967,,,,,OUT,
130884,30373-B-2,,VEN,CAN,Q4,1:09,49,100,901,706000,subst,SUBST,Substitution in,34,271788,,,,,IN,
130884,30373-B-2,,VEN,CAN,Q4,1:09,50,100,902,707000,shot,FT,1st of 2 free throws made,158,356334,True,1,0,0,,
130884,30373-B-2,,VEN,CAN,Q4,1:09,51,100,903,708000,shot,FT,2nd of 2 free throws made,158,356334,True,1,0,0,,
130884,30373-B-2,,VEN,CAN,Q4,0:56,51,102,906,711000,shot,P2,"2PtsFG inside center, jump shot made",34,392260,True,2,146,119,,
130884,30373-B-2,,VEN,CAN,Q4,0:32,51,102,908,713000,shot,P2,"2PtsFG inside center, jump shot missed",158,416954,False,2,118,115,,
130884,30373-B-2,,VEN,CAN,Q4,0:28,51,102,909,713002,unknwown,REB,defensive rebound,34,415963,,,,,,
130884,30373-B-2,,VEN,CAN,Q4,0:25,51,102,911,715000,unknwown,FOUL,personal foul; 2 free throws awarded,158,416954,,,,,,
130884,30373-B-2,,VEN,CAN,Q4,0:25,51,102,912,715002,unknwown,RFOUL,foul drawn,34,342682,,,,,,
130884,30373-B-2,,VEN,CAN,Q4,0:25,51,102,913,716000,shot,FT,1st of 2 free throws missed,34,342682,False,1,0,0,,
130884,30373-B-2,,VEN,CAN,Q4,0:25,51,102,914,717000,shot,FT,2nd of 2 free throws missed,34,342682,False,1,0,0,,
130884,30373-B-2,,VEN,CAN,Q4,0:23,51,102,917,717002,unknwown,TREB,team defensive rebound,158,,,,,,,
130884,30373-B-2,,VEN,CAN,Q4,0:06,51,102,919,721000,shot,P2,"2PtsFG under the basket, jump shot missed",158,409398,False,2,134,43,,
130884,30373-B-2,,VEN,CAN,Q4,0:04,51,102,920,721002,unknwown,REB,defensive rebound,34,415968,,,,,,
130884,30373-B-2,,VEN,CAN,Q4,0:01,51,105,922,723000,shot,P3,3pt jump shot made,34,271788,True,3,24,105,,
130884,30373-B-2,,VEN,CAN,Q4,0:01,51,105,923,723001,unknwown,ASS,made the assist,34,415968,,,,,,
130884,30373-B-2,,VEN,CAN,Q4,0:00,51,105,926,726000,periods,ENDP,End of Period,,,,,,,,
130884,30373-B-2,,VEN,CAN,Q4,0:00,51,105,927,727000,periods,ENDG,End of Game,,,,,,,,
130888,30373-B-3,,CAN,DOM,Q1,10:00,0,0,1,1000,periods,STARTG,Start of Game,,,,,,,,
130888,30373-B-3,,CAN,DOM,Q1,10:00,0,0,2,2000,periods,STARTP,Start of Period,,,,,,,,
130888,30373-B-3,,CAN,DOM,Q1,10:00,0,0,4,4000,unknwown,JS,jump ball situation; throw-in,,,,,,,,
130888,30373-B-3,,CAN,DOM,Q1,9:58,0,0,5,4001,unknwown,JB,jump ball won,51,416806,,,,,,
130888,30373-B-3,,CAN,DOM,Q1,9:58,0,0,6,4002,unknwown,JB,jump ball lost,34,342309,,,,,,
130888,30373-B-3,,CAN,DOM,Q1,9:46,0,3,7,5000,shot,P3,3pt jump shot made,51,416899,True,3,271,43,,
130888,30373-B-3,,CAN,DOM,Q1,9:46,0,3,8,5001,unknwown,ASS,made the assist,51,416806,,,,,,
130888,30373-B-3,,CAN,DOM,Q1,9:26,0,3,9,6000,unknwown,TO,turnover; ball handling,34,415966,,,,,,
130888,30373-B-3,,CAN,DOM,Q1,9:26,0,3,10,6001,unknwown,ST,steal,51,390926,,,,,,
130888,30373-B-3,,CAN,DOM,Q1,9:20,0,5,11,7000,shot,P2,"2PtsFG under the basket, points from fastbreak + after turnover, dunk made",51,416899,True,2,139,31,,
130888,30373-B-3,,CAN,DOM,Q1,9:20,0,5,12,7001,unknwown,ASS,made the assist,51,390926,,,,,,
130888,30373-B-3,,CAN,DOM,Q1,8:55,0,5,13,8000,shot,P2,"2PtsFG under the basket, jump shot missed",34,342309,False,2,139,29,,
130888,30373-B-3,,CAN,DOM,Q1,8:55,0,5,15,8001,unknwown,BS,blocked the shot,51,416769,,,,,,
130888,30373-B-3,,CAN,DOM,Q1,8:52,0,5,16,8002,unknwown,REB,offensive rebound,34,342682,,,,,,
130888,30373-B-3,,CAN,DOM,Q1,8:51,0,5,19,12000,shot,P2,"2PtsFG under the basket, jump shot missed",34,342682,False,2,145,36,,
130888,30373-B-3,,CAN,DOM,Q1,8:51,0,5,20,12002,unknwown,TREB,team offensive rebound,34,,,,,,,
130888,30373-B-3,,CAN,DOM,Q1,8:45,2,5,24,16000,shot,P2,"2PtsFG under the basket, driving layup made",34,415966,True,2,150,27,,
130888,30373-B-3,,CAN,DOM,Q1,8:32,2,5,25,17000,shot,P3,3pt jump shot missed,51,390926,False,3,50,138,,
130888,30373-B-3,,CAN,DOM,Q1,8:29,2,5,26,17002,unknwown,REB,defensive rebound,34,342309,,,,,,
130888,30373-B-3,,CAN,DOM,Q1,8:23,2,5,27,18000,shot,P2,2pt driving layup missed,34,415966,False,2,163,40,,
130888,30373-B-3,,CAN,DOM,Q1,8:21,2,5,28,18002,unknwown,REB,defensive rebound,51,390926,,,,,,
130888,30373-B-3,,CAN,DOM,Q1,8:02,2,5,29,19000,shot,P2,2pt step back jump shot missed,51,416914,False,2,229,60,,
130888,30373-B-3,,CAN,DOM,Q1,7:59,2,5,30,19002,unknwown,REB,defensive rebound,34,391168,,,,,,
130888,30373-B-3,,CAN,DOM,Q1,7:55,4,5,31,20000,shot,P2,"2PtsFG under the basket, fast break, driving layup made",34,391168,True,2,151,25,,
130888,30373-B-3,,CAN,DOM,Q1,7:30,4,5,32,21000,unknwown,TO,turnover; ball handling,51,416769,,,,,,
130888,30373-B-3,,CAN,DOM,Q1,7:30,4,5,33,21001,unknwown,ST,steal,34,342682,,,,,,
130888,30373-B-3,,CAN,DOM,Q1,7:25,6,5,34,22000,shot,P2,"2PtsFG under the basket, points from fastbreak + after turnover, layup made",34,410952,True,2,135,30,,
130888,30373-B-3,,CAN,DOM,Q1,7:25,6,5,35,22001,unknwown,ASS,made the assist,34,415966,,,,,,
130888,30373-B-3,,CAN,DOM,Q1,7:07,6,5,37,24000,unknwown,TO,turnover; out of bounds,51,416914,,,,,,
130888,30373-B-3,,CAN,DOM,Q1,7:07,6,5,38,25000,subst,SUBST,Substitution out,34,342682,,,,,OUT,
130888,30373-B-3,,CAN,DOM,Q1,7:07,6,5,39,26000,subst,SUBST,Substitution in,34,415968,,,,,IN,
130888,30373-B-3,,CAN,DOM,Q1,6:53,6,5,44,31000,unknwown,FOUL,personal foul; 2 free throws awarded,51,416806,,,,,,
130888,30373-B-3,,CAN,DOM,Q1,6:53,6,5,45,31002,unknwown,RFOUL,foul drawn,34,342309,,,,,,
130888,30373-B-3,,CAN,DOM,Q1,6:53,6,5,46,32000,subst,SUBST,Substitution out,34,415966,,,,,OUT,
130888,30373-B-3,,CAN,DOM,Q1,6:53,6,5,47,33000,subst,SUBST,Substitution in,34,271788,,,,,IN,
130888,30373-B-3,,CAN,DOM,Q1,6:53,7,5,48,34000,shot,FT,1st of 2 free throws made,34,342309,True,1,0,0,,
130888,30373-B-3,,CAN,DOM,Q1,6:53,7,5,49,34001,unknwown,ASS,made the assist,34,410952,,,,,,
130888,30373-B-3,,CAN,DOM,Q1,6:53,8,5,50,35000,shot,FT,2nd of 2 free throws made,34,342309,True,1,0,0,,
130888,30373-B-3,,CAN,DOM,Q1,6:37,8,5,52,37000,shot,P2,2pt jump shot missed,51,416806,False,2,152,91,,
130888,30373-B-3,,CAN,DOM,Q1,6:37,8,5,53,37001,unknwown,BS,blocked the shot,34,415968,,,,,,
130888,30373-B-3,,CAN,DOM,Q1,6:30,8,5,54,37002,unknwown,REB,offensive rebound,51,416806,,,,,,
130888,30373-B-3,,CAN,DOM,Q1,6:30,8,5,55,38000,unknwown,TO,turnover; bad pass,51,416806,,,,,,
130888,30373-B-3,,CAN,DOM,Q1,6:30,8,5,56,38001,unknwown,ST,steal,34,342309,,,,,,
130888,30373-B-3,,CAN,DOM,Q1,6:27,8,5,58,40000,unknwown,FOUL,personal foul; 2 free throws awarded,51,416769,,,,,,
130888,30373-B-3,,CAN,DOM,Q1,6:27,8,5,59,40002,unknwown,RFOUL,foul drawn,34,415968,,,,,,
130888,30373-B-3,,CAN,DOM,Q1,6:27,8,5,60,41000,subst,SUBST,Substitution out,34,391168,,,,,OUT,
130888,30373-B-3,,CAN,DOM,Q1,6:27,8,5,61,42000,subst,SUBST,Substitution in,34,391167,,,,,IN,
130888,30373-B-3,,CAN,DOM,Q1,6:27,8,5,62,43000,subst,SUBST,Substitution out,51,416806,,,,,OUT,
130888,30373-B-3,,CAN,DOM,Q1,6:27,8,5,63,44000,subst,SUBST,Substitution in,51,392145,,,,,IN,
130888,30373-B-3,,CAN,DOM,Q1,6:27,8,5,64,45000,shot,FT,Free throw missed 1 of 2,34,415968,False,1,0,0,,
130888,30373-B-3,,CAN,DOM,Q1,6:27,9,5,65,46000,shot,FT,Free throw made 2 of 2,34,415968,True,1,0,0,,
130888,30373-B-3,,CAN,DOM,Q1,6:10,9,5,67,48000,shot,P2,2pt driving layup missed,51,392145,False,2,133,64,,
130888,30373-B-3,,CAN,DOM,Q1,6:07,9,5,68,48002,unknwown,REB,defensive rebound,34,415968,,,,,,
130888,30373-B-3,,CAN,DOM,Q1,6:04,11,5,70,50000,shot,P2,"2PtsFG under the basket, fast break, dunk made",34,391167,True,2,137,28,,
130888,30373-B-3,,CAN,DOM,Q1,6:04,11,5,71,50001,unknwown,ASS,made the assist,34,342309,,,,,,
130888,30373-B-3,,CAN,DOM,Q1,6:04,11,5,72,51000,timeout,TIMO,Timeout,51,,,,,,,
130888,30373-B-3,,CAN,DOM,Q1,6:04,11,5,73,52000,subst,SUBST,Substitution out,34,342309,,,,,OUT,
130888,30373-B-3,,CAN,DOM,Q1,6:04,11,5,74,53000,subst,SUBST,Substitution in,34,367540,,,,,IN,
130888,30373-B-3,,CAN,DOM,Q1,5:40,11,5,78,57000,shot,P2,2pt fadeaway jump shot missed,51,416769,False,2,137,98,,
130888,30373-B-3,,CAN,DOM,Q1,5:37,11,5,80,57002,unknwown,REB,offensive rebound,51,392145,,,,,,
130888,30373-B-3,,CAN,DOM,Q1,5:26,11,7,82,60000,shot,P2,2pt floating jump shot made,51,416914,True,2,158,71,,
130888,30373-B-3,,CAN,DOM,Q1,5:10,11,7,83,61000,shot,P2,"2PtsFG inside right, jump shot missed",34,410952,False,2,216,43,,
130888,30373-B-3,,CAN,DOM,Q1,5:07,11,7,84,61002,unknwown,REB,defensive rebound,51,416899,,,,,,
130888,30373-B-3,,CAN,DOM,Q1,4:45,11,10,85,62000,shot,P3,3pt jump shot from center made,51,416914,True,3,132,183,,
130888,30373-B-3,,CAN,DOM,Q1,4:27,11,10,87,64000,shot,P2,"2PtsFG under the basket, jump shot missed",34,367540,False,2,130,30,,
130888,30373-B-3,,CAN,DOM,Q1,4:27,11,10,88,64001,unknwown,BS,blocked the shot,51,392145,,,,,,
130888,30373-B-3,,CAN,DOM,Q1,4:27,11,10,89,64002,unknwown,TREB,team defensive rebound,51,,,,,,,
130888,30373-B-3,,CAN,DOM,Q1,4:27,11,10,90,65000,subst,SUBST,Substitution out,34,410952,,,,,OUT,
130888,30373-B-3,,CAN,DOM,Q1,4:27,11,10,91,66000,subst,SUBST,Substitution in,34,415967,,,,,IN,
130888,30373-B-3,,CAN,DOM,Q1,4:06,11,10,94,69000,unknwown,FOUL,personal foul,34,415967,,,,,,
130888,30373-B-3,,CAN,DOM,Q1,4:06,11,10,95,69002,unknwown,RFOUL,foul drawn,51,416914,,,,,,
130888,30373-B-3,,CAN,DOM,Q1,4:06,11,10,96,70000,subst,SUBST,Substitution out,34,271788,,,,,OUT,
130888,30373-B-3,,CAN,DOM,Q1,4:06,11,10,97,71000,subst,SUBST,Substitution in,34,415966,,,,,IN,
130888,30373-B-3,,CAN,DOM,Q1,3:58,11,12,99,73000,shot,P2,2pt fadeaway jump shot made,51,390926,True,2,96,109,,
130888,30373-B-3,,CAN,DOM,Q1,3:43,13,12,100,74000,shot,P2,"2PtsFG under the basket, driving layup made",34,415966,True,2,150,20,,
130888,30373-B-3,,CAN,DOM,Q1,3:32,13,12,101,75000,unknwown,TO,turnover; ball handling,51,416769,,,,,,
130888,30373-B-3,,CAN,DOM,Q1,3:32,13,12,102,75001,unknwown,ST,steal,34,415966,,,,,,
130888,30373-B-3,,CAN,DOM,Q1,3:28,13,12,103,76000,shot,P2,"2PtsFG under the basket, points after turnover, driving layup missed",34,415966,False,2,135,30,,
130888,30373-B-3,,CAN,DOM,Q1,3:23,13,12,104,76002,unknwown,REB,offensive rebound,34,415967,,,,,,
130888,30373-B-3,,CAN,DOM,Q1,3:22,15,12,105,77000,shot,P2,"2PtsFG under the basket, points from second chance + after turnover, layup made",34,415967,True,2,160,33,,
130888,30373-B-3,,CAN,DOM,Q1,3:18,15,12,107,79000,unknwown,FOUL,offensive foul,51,392145,,,,,,
130888,30373-B-3,,CAN,DOM,Q1,3:18,15,12,108,79001,unknwown,TO,turnover,51,392145,,,,,,
130888,30373-B-3,,CAN,DOM,Q1,3:18,15,12,109,79002,unknwown,RFOUL,foul drawn,34,415967,,,,,,
130888,30373-B-3,,CAN,DOM,Q1,3:05,15,12,111,81000,shot,P2,2pt floating jump shot missed,34,367540,False,2,141,59,,
130888,30373-B-3,,CAN,DOM,Q1,3:01,15,12,112,81002,unknwown,REB,offensive rebound,34,367540,,,,,,
130888,30373-B-3,,CAN,DOM,Q1,3:01,17,12,113,82000,shot,P2,"2PtsFG under the basket, points from second chance + after turnover made",34,367540,True,2,140,31,,
130888,30373-B-3,,CAN,DOM,Q1,2:54,17,12,117,86000,unknwown,FOUL,offensive foul,51,390926,,,,,,
130888,30373-B-3,,CAN,DOM,Q1,2:54,17,12,118,86001,unknwown,TO,turnover,51,390926,,,,,,
130888,30373-B-3,,CAN,DOM,Q1,2:54,17,12,119,86002,unknwown,RFOUL,foul drawn,34,391167,,,,,,
130888,30373-B-3,,CAN,DOM,Q1,2:54,17,12,121,88000,subst,SUBST,Substitution out,34,415968,,,,,OUT,
130888,30373-B-3,,CAN,DOM,Q1,2:54,17,12,122,89000,subst,SUBST,Substitution out,34,367540,,,,,OUT,
130888,30373-B-3,,CAN,DOM,Q1,2:54,17,12,123,90000,subst,SUBST,Substitution in,34,391168,,,,,IN,
130888,30373-B-3,,CAN,DOM,Q1,2:54,17,12,124,91000,subst,SUBST,Substitution in,34,342309,,,,,IN,
130888,30373-B-3,,CAN,DOM,Q1,2:39,19,12,125,92000,shot,P2,"2PtsFG under the basket, points after turnover, layup made",34,342309,True,2,121,28,,
130888,30373-B-3,,CAN,DOM,Q1,2:39,19,12,126,92001,unknwown,ASS,made the assist,34,415966,,,,,,
130888,30373-B-3,,CAN,DOM,Q1,2:19,19,12,127,93000,shot,P2,2pt fadeaway jump shot missed,51,390926,False,2,138,120,,
130888,30373-B-3,,CAN,DOM,Q1,2:11,19,12,128,93002,unknwown,REB,defensive rebound,34,342309,,,,,,
130888,30373-B-3,,CAN,DOM,Q1,2:10,19,12,130,95000,shot,P2,"2PtsFG under the basket, driving layup missed",34,415966,False,2,145,35,,
130888,30373-B-3,,CAN,DOM,Q1,2:10,19,12,131,95001,unknwown,BS,blocked the shot,51,416769,,,,,,
130888,30373-B-3,,CAN,DOM,Q1,2:10,19,12,132,95002,unknwown,TREB,team offensive rebound,34,,,,,,,
130888,30373-B-3,,CAN,DOM,Q1,2:01,19,12,135,98000,unknwown,FOUL,personal foul; 2 free throws awarded,51,392145,,,,,,
130888,30373-B-3,,CAN,DOM,Q1,2:01,19,12,136,98002,unknwown,RFOUL,foul drawn,34,391168,,,,,,
130888,30373-B-3,,CAN,DOM,Q1,2:01,19,12,137,99000,subst,SUBST,Substitution out,34,415967,,,,,OUT,
130888,30373-B-3,,CAN,DOM,Q1,2:01,19,12,138,100000,subst,SUBST,Substitution out,34,391167,,,,,OUT,
130888,30373-B-3,,CAN,DOM,Q1,2:01,19,12,139,101000,subst,SUBST,Substitution in,34,392260,,,,,IN,
130888,30373-B-3,,CAN,DOM,Q1,2:01,19,12,140,102000,subst,SUBST,Substitution in,34,342682,,,,,IN,
130888,30373-B-3,,CAN,DOM,Q1,2:01,20,12,141,103000,shot,FT,1st of 2 free throws made,34,391168,True,1,0,0,,
130888,30373-B-3,,CAN,DOM,Q1,2:01,20,12,142,103001,unknwown,ASS,made the assist,34,342309,,,,,,
130888,30373-B-3,,CAN,DOM,Q1,2:01,21,12,143,104000,shot,FT,2nd of 2 free throws made,34,391168,True,1,0,0,,
130888,30373-B-3,,CAN,DOM,Q1,1:43,21,12,145,106000,shot,P2,"2PtsFG under the basket, layup missed",51,392145,False,2,144,39,,
130888,30373-B-3,,CAN,DOM,Q1,1:43,21,12,147,106002,unknwown,REB,defensive rebound,34,342682,,,,,,
130888,30373-B-3,,CAN,DOM,Q1,1:42,21,12,150,110000,unknwown,FOUL,personal foul; 2 free throws awarded,51,392145,,,,,,
130888,30373-B-3,,CAN,DOM,Q1,1:42,21,12,151,110002,unknwown,RFOUL,foul drawn,34,342682,,,,,,
130888,30373-B-3,,CAN,DOM,Q1,1:42,21,12,152,111000,subst,SUBST,Substitution out,51,392145,,,,,OUT,
130888,30373-B-3,,CAN,DOM,Q1,1:42,21,12,153,112000,subst,SUBST,Substitution in,51,416806,,,,,IN,
130888,30373-B-3,,CAN,DOM,Q1,1:42,22,12,154,113000,shot,FT,1st of 2 free throws made,34,342682,True,1,0,0,,
130888,30373-B-3,,CAN,DOM,Q1,1:42,22,12,156,115000,shot,FT,2nd of 2 free throws missed,34,342682,False,1,0,0,,
130888,30373-B-3,,CAN,DOM,Q1,1:41,22,12,157,115002,unknwown,REB,defensive rebound,51,416806,,,,,,
130888,30373-B-3,,CAN,DOM,Q1,1:34,22,12,158,116000,shot,P2,"2PtsFG inside center, jump shot missed",51,416769,False,2,176,113,,
130888,30373-B-3,,CAN,DOM,Q1,1:32,22,12,159,116002,unknwown,REB,defensive rebound,34,391168,,,,,,
130888,30373-B-3,,CAN,DOM,Q1,1:24,22,12,161,118000,shot,P3,3pt jump shot missed,34,392260,False,3,58,144,,
130888,30373-B-3,,CAN,DOM,Q1,1:24,22,12,162,118002,unknwown,REB,offensive rebound,34,342682,,,,,,
130888,30373-B-3,,CAN,DOM,Q1,1:24,22,12,163,119000,unknwown,FOUL,personal foul; 2 free throws awarded,51,416769,,,,,,
130888,30373-B-3,,CAN,DOM,Q1,1:24,22,12,164,119002,unknwown,RFOUL,foul drawn,34,342682,,,,,,
130888,30373-B-3,,CAN,DOM,Q1,1:24,22,12,165,120000,subst,SUBST,Substitution out,51,416899,,,,,OUT,
130888,30373-B-3,,CAN,DOM,Q1,1:24,22,12,166,121000,subst,SUBST,Substitution in,51,416805,,,,,IN,
130888,30373-B-3,,CAN,DOM,Q1,1:24,23,12,167,122000,shot,FT,1st of 2 free throws made,34,342682,True,1,0,0,,
130888,30373-B-3,,CAN,DOM,Q1,1:24,23,12,168,123000,shot,FT,2nd of 2 free throws missed,34,342682,False,1,0,0,,
130888,30373-B-3,,CAN,DOM,Q1,1:24,23,12,169,123002,unknwown,TREB,team offensive rebound,34,,,,,,,
130888,30373-B-3,,CAN,DOM,Q1,1:24,23,12,170,124000,subst,SUBST,Substitution out,51,416769,,,,,OUT,
130888,30373-B-3,,CAN,DOM,Q1,1:24,23,12,171,125000,subst,SUBST,Substitution in,51,416898,,,,,IN,
130888,30373-B-3,,CAN,DOM,Q1,1:19,23,12,173,127000,shot,P2,2pt jump shot missed,34,342682,False,2,160,44,,
130888,30373-B-3,,CAN,DOM,Q1,1:15,23,12,174,127002,unknwown,REB,offensive rebound,34,342309,,,,,,
130888,30373-B-3,,CAN,DOM,Q1,1:15,23,12,175,128000,shot,P2,2PtsFG under the basket missed,34,342309,False,2,140,31,,
130888,30373-B-3,,CAN,DOM,Q1,1:14,23,12,176,128002,unknwown,REB,defensive rebound,51,390926,,,,,,
130888,30373-B-3,,CAN,DOM,Q1,1:10,23,12,177,129000,shot,P3,3pt jump shot missed,51,416898,False,3,274,38,,
130888,30373-B-3,,CAN,DOM,Q1,1:07,23,12,178,129002,unknwown,REB,defensive rebound,34,415966,,,,,,
130888,30373-B-3,,CAN,DOM,Q1,0:59,23,12,179,130000,shot,P3,3pt jump shot missed,34,415966,False,3,87,154,,
130888,30373-B-3,,CAN,DOM,Q1,0:54,23,12,180,130002,unknwown,REB,defensive rebound,51,390926,,,,,,
130888,30373-B-3,,CAN,DOM,Q1,0:49,23,12,181,131000,shot,P2,2pt floating jump shot missed,51,416805,False,2,140,104,,
130888,30373-B-3,,CAN,DOM,Q1,0:45,23,12,182,131002,unknwown,REB,defensive rebound,34,391168,,,,,,
130888,30373-B-3,,CAN,DOM,Q1,0:44,23,12,183,132000,unknwown,TO,turnover; ball handling,34,391168,,,,,,
130888,30373-B-3,,CAN,DOM,Q1,0:44,23,12,185,132001,unknwown,ST,steal,51,416914,,,,,,
130888,30373-B-3,,CAN,DOM,Q1,0:41,23,12,188,136000,unknwown,TO,turnover; travelling,51,416805,,,,,,
130888,30373-B-3,,CAN,DOM,Q1,0:30,23,12,190,138000,shot,P2,"2PtsFG under the basket, points after turnover, driving layup missed",34,342682,False,2,136,38,,
130888,30373-B-3,,CAN,DOM,Q1,0:28,23,12,192,138002,unknwown,REB,offensive rebound,34,342682,,,,,,
130888,30373-B-3,,CAN,DOM,Q1,0:27,23,12,195,142000,subst,SUBST,Substitution out,51,390926,,,,,OUT,
130888,30373-B-3,,CAN,DOM,Q1,0:27,23,12,196,143000,subst,SUBST,Substitution in,51,384379,,,,,IN,
130888,30373-B-3,,CAN,DOM,Q1,0:21,26,12,198,145000,shot,P3,3pt jump shot made,34,391168,True,3,12,76,,
130888,30373-B-3,,CAN,DOM,Q1,0:21,26,12,199,145001,unknwown,ASS,made the assist,34,342682,,,,,,
130888,30373-B-3,,CAN,DOM,Q1,0:08,26,12,201,147000,unknwown,TO,turnover; bad pass,51,416898,,,,,,
130888,30373-B-3,,CAN,DOM,Q1,0:08,26,12,202,148000,subst,SUBST,Substitution out,51,416914,,,,,OUT,
130888,30373-B-3,,CAN,DOM,Q1,0:08,26,12,203,149000,subst,SUBST,Substitution in,51,416771,,,,,IN,
130888,30373-B-3,,CAN,DOM,Q1,0:02,26,12,205,151000,shot,P3,3pt jump shot missed,34,342682,False,3,246,137,,
130888,30373-B-3,,CAN,DOM,Q1,0:00,26,12,206,151002,unknwown,REB,offensive rebound,34,415966,,,,,,
130888,30373-B-3,,CAN,DOM,Q1,0:00,26,12,208,153000,shot,P2,2pt jump shot inside the paint missed,34,415966,False,2,114,49,,
130888,30373-B-3,,CAN,DOM,Q1,0:00,26,12,209,153002,unknwown,REB,offensive rebound,34,342309,,,,,,
130888,30373-B-3,,CAN,DOM,Q1,0:00,26,12,210,154000,shot,P2,"2PtsFG under the basket, points from second chance + after turnover missed",34,342309,False,2,140,31,,
130888,30373-B-3,,CAN,DOM,Q1,0:00,26,12,213,157000,periods,ENDP,End of Period,,,,,,,,
130888,30373-B-3,,CAN,DOM,Q2,10:00,26,12,214,158000,subst,SUBST,Substitution out,34,392260,,,,,OUT,
130888,30373-B-3,,CAN,DOM,Q2,10:00,26,12,215,159000,subst,SUBST,Substitution out,34,415966,,,,,OUT,
130888,30373-B-3,,CAN,DOM,Q2,10:00,26,12,216,160000,subst,SUBST,Substitution out,34,342682,,,,,OUT,
130888,30373-B-3,,CAN,DOM,Q2,10:00,26,12,217,161000,subst,SUBST,Substitution out,34,342309,,,,,OUT,
130888,30373-B-3,,CAN,DOM,Q2,10:00,26,12,218,162000,subst,SUBST,Substitution in,34,415968,,,,,IN,
130888,30373-B-3,,CAN,DOM,Q2,10:00,26,12,219,163000,subst,SUBST,Substitution in,34,367540,,,,,IN,
130888,30373-B-3,,CAN,DOM,Q2,10:00,26,12,220,164000,subst,SUBST,Substitution in,34,410952,,,,,IN,
130888,30373-B-3,,CAN,DOM,Q2,10:00,26,12,221,165000,subst,SUBST,Substitution in,34,271788,,,,,IN,
130888,30373-B-3,,CAN,DOM,Q2,10:00,26,12,222,166000,periods,STARTP,Start of Period,,,,,,,,
130888,30373-B-3,,CAN,DOM,Q2,9:51,26,12,225,169000,unknwown,FOUL,personal foul,51,416806,,,,,,
130888,30373-B-3,,CAN,DOM,Q2,9:51,26,12,226,169002,unknwown,RFOUL,foul drawn,34,415968,,,,,,
130888,30373-B-3,,CAN,DOM,Q2,9:41,26,12,228,171000,shot,P3,3pt jump shot missed,34,410952,False,3,264,119,,
130888,30373-B-3,,CAN,DOM,Q2,9:39,26,12,229,171002,unknwown,REB,defensive rebound,51,416898,,,,,,
130888,30373-B-3,,CAN,DOM,Q2,9:23,26,12,230,172000,unknwown,TO,turnover; bad pass,51,416898,,,,,,
130888,30373-B-3,,CAN,DOM,Q2,9:23,26,12,231,172001,unknwown,ST,steal,34,410952,,,,,,
130888,30373-B-3,,CAN,DOM,Q2,9:16,29,12,232,173000,shot,P3,"3PtsFG outside left, points from fastbreak + after turnover, jump shot made",34,391168,True,3,21,100,,
130888,30373-B-3,,CAN,DOM,Q2,9:16,29,12,233,173001,unknwown,ASS,made the assist,34,271788,,,,,,
130888,30373-B-3,,CAN,DOM,Q2,8:52,29,12,234,174000,unknwown,TO,turnover; bad pass,51,416898,,,,,,
130888,30373-B-3,,CAN,DOM,Q2,8:52,29,12,235,174001,unknwown,ST,steal,34,415968,,,,,,
130888,30373-B-3,,CAN,DOM,Q2,8:48,31,12,236,175000,shot,P2,"2PtsFG under the basket, points from fastbreak + after turnover, driving layup made",34,415968,True,2,147,33,,
130888,30373-B-3,,CAN,DOM,Q2,8:26,31,12,237,176000,shot,P2,2pt driving layup missed,51,416771,False,2,164,53,,
130888,30373-B-3,,CAN,DOM,Q2,8:23,31,12,238,176002,unknwown,REB,defensive rebound,34,410952,,,,,,
130888,30373-B-3,,CAN,DOM,Q2,8:17,31,12,239,177000,shot,P3,3pt jump shot missed,34,271788,False,3,274,46,,
130888,30373-B-3,,CAN,DOM,Q2,8:14,31,12,240,177002,unknwown,REB,offensive rebound,34,367540,,,,,,
130888,30373-B-3,,CAN,DOM,Q2,8:14,33,12,241,178000,shot,P2,2PtsFG under the basket made,34,410952,True,2,140,31,,
130888,30373-B-3,,CAN,DOM,Q2,7:52,33,15,242,179000,shot,P3,3pt jump shot made,51,384379,True,3,15,72,,
130888,30373-B-3,,CAN,DOM,Q2,7:52,33,15,243,179001,unknwown,ASS,made the assist,51,416771,,,,,,
130888,30373-B-3,,CAN,DOM,Q2,7:40,33,15,245,181000,shot,P3,3pt jump shot missed,34,410952,False,3,268,61,,
130888,30373-B-3,,CAN,DOM,Q2,7:40,33,15,246,181002,unknwown,TREB,team offensive rebound,34,,,,,,,
130888,30373-B-3,,CAN,DOM,Q2,7:40,33,15,247,182000,unknwown,FOUL,personal foul,51,416805,,,,,,
130888,30373-B-3,,CAN,DOM,Q2,7:40,33,15,248,182002,unknwown,RFOUL,foul drawn,34,367540,,,,,,
130888,30373-B-3,,CAN,DOM,Q2,7:40,33,15,250,184000,subst,SUBST,Substitution out,34,415968,,,,,OUT,
130888,30373-B-3,,CAN,DOM,Q2,7:40,33,15,251,185000,subst,SUBST,Substitution out,34,391168,,,,,OUT,
130888,30373-B-3,,CAN,DOM,Q2,7:40,33,15,252,186000,subst,SUBST,Substitution in,34,342682,,,,,IN,
130888,30373-B-3,,CAN,DOM,Q2,7:40,33,15,253,187000,subst,SUBST,Substitution in,34,391167,,,,,IN,
130888,30373-B-3,,CAN,DOM,Q2,7:40,33,15,254,188000,subst,SUBST,Substitution out,51,416898,,,,,OUT,
130888,30373-B-3,,CAN,DOM,Q2,7:40,33,15,255,189000,subst,SUBST,Substitution out,51,416805,,,,,OUT,
130888,30373-B-3,,CAN,DOM,Q2,7:40,33,15,256,190000,subst,SUBST,Substitution in,51,416914,,,,,IN,
130888,30373-B-3,,CAN,DOM,Q2,7:40,33,15,257,191000,subst,SUBST,Substitution in,51,390926,,,,,IN,
130888,30373-B-3,,CAN,DOM,Q2,7:36,33,15,258,192000,shot,P3,3pt jump shot missed,34,391167,False,3,260,84,,
130888,30373-B-3,,CAN,DOM,Q2,7:32,33,15,260,192002,unknwown,REB,offensive rebound,34,271788,,,,,,
130888,30373-B-3,,CAN,DOM,Q2,7:32,33,15,261,194000,unknwown,FOUL,personal foul,51,416914,,,,,,
130888,30373-B-3,,CAN,DOM,Q2,7:32,33,15,262,194002,unknwown,RFOUL,foul drawn,34,391167,,,,,,
130888,30373-B-3,,CAN,DOM,Q2,7:31,33,15,265,197000,unknwown,FOUL,personal foul,51,416771,,,,,,
130888,30373-B-3,,CAN,DOM,Q2,7:31,33,15,266,197002,unknwown,RFOUL,foul drawn,34,410952,,,,,,
130888,30373-B-3,,CAN,DOM,Q2,7:20,33,15,268,199000,shot,P2,"2PtsFG under the basket, driving layup missed",34,271788,False,2,129,36,,
130888,30373-B-3,,CAN,DOM,Q2,7:17,33,15,269,199002,unknwown,REB,defensive rebound,51,384379,,,,,,
130888,30373-B-3,,CAN,DOM,Q2,7:11,33,15,271,201000,subst,SUBST,Substitution out,34,367540,,,,,OUT,
130888,30373-B-3,,CAN,DOM,Q2,7:11,33,15,272,202000,subst,SUBST,Substitution out,34,271788,,,,,OUT,
130888,30373-B-3,,CAN,DOM,Q2,7:11,33,15,273,203000,subst,SUBST,Substitution in,34,415966,,,,,IN,
130888,30373-B-3,,CAN,DOM,Q2,7:11,33,15,274,204000,subst,SUBST,Substitution in,34,415963,,,,,IN,
130888,30373-B-3,,CAN,DOM,Q2,7:00,33,15,277,207000,unknwown,FOUL,personal foul,34,410952,,,,,,
130888,30373-B-3,,CAN,DOM,Q2,7:00,33,15,278,207002,unknwown,RFOUL,foul drawn,51,416771,,,,,,
130888,30373-B-3,,CAN,DOM,Q2,6:54,33,17,280,209000,shot,P2,"2PtsFG under the basket, driving layup made",51,416771,True,2,153,33,,
130888,30373-B-3,,CAN,DOM,Q2,6:33,35,17,284,213000,shot,P2,"2PtsFG under the basket, driving layup made",34,410952,True,2,139,36,,
130888,30373-B-3,,CAN,DOM,Q2,6:33,35,17,285,214000,unknwown,FOUL,personal foul; 1 free throw awarded,51,416771,,,,,,
130888,30373-B-3,,CAN,DOM,Q2,6:33,35,17,286,214002,unknwown,RFOUL,foul drawn,34,410952,,,,,,
130888,30373-B-3,,CAN,DOM,Q2,6:33,36,17,287,215000,shot,FT,1st free throw made,34,410952,True,1,0,0,,
130888,30373-B-3,,CAN,DOM,Q2,6:20,36,17,292,220000,unknwown,FOUL,personal foul; 2 free throws awarded,34,415966,,,,,,
130888,30373-B-3,,CAN,DOM,Q2,6:20,36,17,293,220002,unknwown,RFOUL,foul drawn,51,416914,,,,,,
130888,30373-B-3,,CAN,DOM,Q2,6:20,36,17,294,221000,subst,SUBST,Substitution out,34,410952,,,,,OUT,
130888,30373-B-3,,CAN,DOM,Q2,6:20,36,17,295,222000,subst,SUBST,Substitution in,34,392260,,,,,IN,
130888,30373-B-3,,CAN,DOM,Q2,6:20,36,17,296,223000,subst,SUBST,Substitution out,51,416771,,,,,OUT,
130888,30373-B-3,,CAN,DOM,Q2,6:20,36,17,297,224000,subst,SUBST,Substitution in,51,416767,,,,,IN,
130888,30373-B-3,,CAN,DOM,Q2,6:20,36,18,298,225000,shot,FT,1st of 2 free throws made,51,416914,True,1,0,0,,
130888,30373-B-3,,CAN,DOM,Q2,6:20,36,19,299,226000,shot,FT,2nd of 2 free throws made,51,416914,True,1,0,0,,
130888,30373-B-3,,CAN,DOM,Q2,6:06,36,19,302,229000,unknwown,FOUL,personal foul; 2 free throws awarded,51,416914,,,,,,
130888,30373-B-3,,CAN,DOM,Q2,6:06,36,19,303,229002,unknwown,RFOUL,foul drawn,34,342682,,,,,,
130888,30373-B-3,,CAN,DOM,Q2,6:06,37,19,304,230000,shot,FT,1st of 2 free throws made,34,342682,True,1,0,0,,
130888,30373-B-3,,CAN,DOM,Q2,6:06,38,19,305,231000,shot,FT,2nd of 2 free throws made,34,342682,True,1,0,0,,
130888,30373-B-3,,CAN,DOM,Q2,5:59,38,19,307,233000,shot,P2,"2PtsFG under the basket, driving layup missed",51,416767,False,2,139,43,,
130888,30373-B-3,,CAN,DOM,Q2,5:54,38,19,308,233002,unknwown,REB,offensive rebound,51,384379,,,,,,
130888,30373-B-3,,CAN,DOM,Q2,5:54,38,19,309,234000,shot,P2,2PtsFG under the basket missed,51,384379,False,2,140,31,,
130888,30373-B-3,,CAN,DOM,Q2,5:52,38,19,310,234002,unknwown,REB,offensive rebound,51,384379,,,,,,
130888,30373-B-3,,CAN,DOM,Q2,5:51,38,21,311,235000,shot,P2,"2PtsFG under the basket, pullup jump shot made",51,384379,True,2,135,38,,
130888,30373-B-3,,CAN,DOM,Q2,5:40,40,21,312,236000,shot,P2,"2PtsFG under the basket, layup made",34,415963,True,2,127,32,,
130888,30373-B-3,,CAN,DOM,Q2,5:40,40,21,313,236001,unknwown,ASS,made the assist,34,415966,,,,,,
130888,30373-B-3,,CAN,DOM,Q2,5:32,40,23,315,238000,shot,P2,"2PtsFG under the basket, fast break, driving layup made",51,416914,True,2,150,25,,
130888,30373-B-3,,CAN,DOM,Q2,5:32,40,23,316,239000,unknwown,FOUL,personal foul; 1 free throw awarded,34,342682,,,,,,
130888,30373-B-3,,CAN,DOM,Q2,5:32,40,23,317,239002,unknwown,RFOUL,foul drawn,51,416914,,,,,,
130888,30373-B-3,,CAN,DOM,Q2,5:32,40,23,318,240000,timeout,TIMO,Timeout,,,,,,,,
130888,30373-B-3,,CAN,DOM,Q2,5:32,40,23,319,241000,unknwown,FOUL,technical foul,51,416914,,,,,,
130888,30373-B-3,,CAN,DOM,Q2,5:32,40,23,320,242000,shot,FT,1st free throw missed,51,416914,False,1,0,0,,
130888,30373-B-3,,CAN,DOM,Q2,5:32,40,23,321,242002,unknwown,TREB,team defensive rebound,34,,,,,,,
130888,30373-B-3,,CAN,DOM,Q2,5:32,40,23,322,243000,subst,SUBST,Substitution out,51,416914,,,,,OUT,
130888,30373-B-3,,CAN,DOM,Q2,5:32,40,23,323,244000,subst,SUBST,Substitution in,51,416768,,,,,IN,
130888,30373-B-3,,CAN,DOM,Q2,5:09,40,23,325,246000,shot,P2,2pt step back jump shot missed,34,391167,False,2,73,25,,
130888,30373-B-3,,CAN,DOM,Q2,5:07,40,23,326,246002,unknwown,REB,defensive rebound,51,390926,,,,,,
130888,30373-B-3,,CAN,DOM,Q2,4:59,40,25,327,247000,shot,P2,"2PtsFG under the basket, driving layup made",51,416767,True,2,134,32,,
130888,30373-B-3,,CAN,DOM,Q2,4:47,40,25,329,249000,unknwown,FOUL,personal foul; 2 free throws awarded,51,416767,,,,,,
130888,30373-B-3,,CAN,DOM,Q2,4:47,40,25,330,249002,unknwown,RFOUL,foul drawn,34,415963,,,,,,
130888,30373-B-3,,CAN,DOM,Q2,4:47,40,25,331,250000,subst,SUBST,Substitution out,34,392260,,,,,OUT,
130888,30373-B-3,,CAN,DOM,Q2,4:47,40,25,332,251000,subst,SUBST,Substitution out,34,342682,,,,,OUT,
130888,30373-B-3,,CAN,DOM,Q2,4:47,40,25,333,252000,subst,SUBST,Substitution out,34,391167,,,,,OUT,
130888,30373-B-3,,CAN,DOM,Q2,4:47,40,25,334,253000,subst,SUBST,Substitution in,34,415968,,,,,IN,
130888,30373-B-3,,CAN,DOM,Q2,4:47,40,25,335,254000,subst,SUBST,Substitution in,34,391168,,,,,IN,
130888,30373-B-3,,CAN,DOM,Q2,4:47,40,25,336,255000,subst,SUBST,Substitution in,34,410952,,,,,IN,
130888,30373-B-3,,CAN,DOM,Q2,4:47,41,25,337,256000,shot,FT,1st of 2 free throws made,34,415963,True,1,0,0,,
130888,30373-B-3,,CAN,DOM,Q2,4:47,41,25,338,256001,unknwown,ASS,made the assist,34,392260,,,,,,
130888,30373-B-3,,CAN,DOM,Q2,4:47,41,25,339,257000,shot,FT,2nd of 2 free throws missed,34,415963,False,1,0,0,,
130888,30373-B-3,,CAN,DOM,Q2,4:46,41,25,341,257002,unknwown,REB,defensive rebound,51,416806,,,,,,
130888,30373-B-3,,CAN,DOM,Q2,4:37,41,27,343,260000,shot,P2,"2PtsFG under the basket, reverse lay-up made",51,416806,True,2,137,31,,
130888,30373-B-3,,CAN,DOM,Q2,4:37,41,27,344,260001,unknwown,ASS,made the assist,51,390926,,,,,,
130888,30373-B-3,,CAN,DOM,Q2,4:36,41,27,347,263000,timeout,TIMO,Timeout,34,,,,,,,
130888,30373-B-3,,CAN,DOM,Q2,4:36,41,27,348,264000,subst,SUBST,Substitution out,34,415963,,,,,OUT,
130888,30373-B-3,,CAN,DOM,Q2,4:36,41,27,349,265000,subst,SUBST,Substitution in,34,342309,,,,,IN,
130888,30373-B-3,,CAN,DOM,Q2,4:19,43,27,355,271000,shot,P2,"2PtsFG under the basket, hook shot made",34,342309,True,2,141,30,,
130888,30373-B-3,,CAN,DOM,Q2,4:19,43,27,356,271001,unknwown,ASS,made the assist,34,415968,,,,,,
130888,30373-B-3,,CAN,DOM,Q2,4:03,43,27,357,272000,shot,P3,3pt jump shot from center missed,51,416767,False,3,135,177,,
130888,30373-B-3,,CAN,DOM,Q2,4:01,43,27,358,272002,unknwown,REB,defensive rebound,34,342309,,,,,,
130888,30373-B-3,,CAN,DOM,Q2,3:54,43,27,362,276000,unknwown,FOUL,personal foul; 2 free throws awarded,51,416806,,,,,,
130888,30373-B-3,,CAN,DOM,Q2,3:54,43,27,363,276002,unknwown,RFOUL,foul drawn,34,415968,,,,,,
130888,30373-B-3,,CAN,DOM,Q2,3:54,43,27,364,277000,shot,FT,1st of 2 free throws missed,34,415968,False,1,0,0,,
130888,30373-B-3,,CAN,DOM,Q2,3:54,44,27,365,278000,shot,FT,2nd of 2 free throws made,34,415968,True,1,0,0,,
130888,30373-B-3,,CAN,DOM,Q2,3:54,44,27,366,278001,unknwown,ASS,made the assist,34,415966,,,,,,
130888,30373-B-3,,CAN,DOM,Q2,3:36,44,27,371,283000,unknwown,FOUL,personal foul; 2 free throws awarded,34,342309,,,,,,
130888,30373-B-3,,CAN,DOM,Q2,3:36,44,27,372,283002,unknwown,RFOUL,foul drawn,51,390926,,,,,,
130888,30373-B-3,,CAN,DOM,Q2,3:36,44,28,373,284000,shot,FT,1st of 2 free throws made,51,390926,True,1,0,0,,
130888,30373-B-3,,CAN,DOM,Q2,3:36,44,29,374,285000,shot,FT,2nd of 2 free throws made,51,390926,True,1,0,0,,
130888,30373-B-3,,CAN,DOM,Q2,3:25,44,29,381,292000,unknwown,FOUL,personal foul; 2 free throws awarded,51,416806,,,,,,
130888,30373-B-3,,CAN,DOM,Q2,3:25,44,29,382,292002,unknwown,RFOUL,foul drawn,34,415966,,,,,,
130888,30373-B-3,,CAN,DOM,Q2,3:25,44,29,383,293000,subst,SUBST,Substitution out,51,416806,,,,,OUT,
130888,30373-B-3,,CAN,DOM,Q2,3:25,44,29,384,294000,subst,SUBST,Substitution in,51,416899,,,,,IN,
130888,30373-B-3,,CAN,DOM,Q2,3:25,44,29,385,295000,shot,FT,1st of 2 free throws missed,34,415966,False,1,0,0,,
130888,30373-B-3,,CAN,DOM,Q2,3:25,44,29,386,296000,shot,FT,2nd of 2 free throws missed,34,415966,False,1,0,0,,
130888,30373-B-3,,CAN,DOM,Q2,3:24,44,29,388,296002,unknwown,REB,defensive rebound,51,416768,,,,,,
130888,30373-B-3,,CAN,DOM,Q2,3:10,44,31,391,300000,shot,P2,"2PtsFG under the basket, layup made",51,416768,True,2,128,29,,
130888,30373-B-3,,CAN,DOM,Q2,3:10,44,31,392,300001,unknwown,ASS,made the assist,51,390926,,,,,,
130888,30373-B-3,,CAN,DOM,Q2,2:41,44,31,393,301000,shot,P3,3pt jump shot missed,34,415966,False,3,216,142,,
130888,30373-B-3,,CAN,DOM,Q2,2:33,44,31,394,301002,unknwown,REB,offensive rebound,34,410952,,,,,,
130888,30373-B-3,,CAN,DOM,Q2,2:33,46,31,395,302000,shot,P2,2PtsFG under the basket made,34,410952,True,2,140,31,,
130888,30373-B-3,,CAN,DOM,Q2,2:18,46,31,396,303000,shot,P3,3pt jump shot missed,51,416767,False,3,269,22,,
130888,30373-B-3,,CAN,DOM,Q2,2:15,46,31,397,303002,unknwown,REB,defensive rebound,34,391168,,,,,,
130888,30373-B-3,,CAN,DOM,Q2,2:08,46,31,398,304000,shot,P3,3pt jump shot missed,34,391168,False,3,251,122,,
130888,30373-B-3,,CAN,DOM,Q2,2:06,46,31,399,304002,unknwown,REB,defensive rebound,51,416768,,,,,,
130888,30373-B-3,,CAN,DOM,Q2,2:02,46,31,401,306000,unknwown,FOUL,personal foul; 2 free throws awarded,34,342309,,,,,,
130888,30373-B-3,,CAN,DOM,Q2,2:02,46,31,402,306002,unknwown,RFOUL,foul drawn,51,416768,,,,,,
130888,30373-B-3,,CAN,DOM,Q2,2:02,46,31,403,307000,subst,SUBST,Substitution out,34,391168,,,,,OUT,
130888,30373-B-3,,CAN,DOM,Q2,2:02,46,31,404,308000,subst,SUBST,Substitution out,34,342309,,,,,OUT,
130888,30373-B-3,,CAN,DOM,Q2,2:02,46,31,405,309000,subst,SUBST,Substitution in,34,391167,,,,,IN,
130888,30373-B-3,,CAN,DOM,Q2,2:02,46,31,406,310000,subst,SUBST,Substitution in,34,367540,,,,,IN,
130888,30373-B-3,,CAN,DOM,Q2,2:02,46,31,408,312000,subst,SUBST,Substitution in,51,416805,,,,,IN,
130888,30373-B-3,,CAN,DOM,Q2,2:02,46,31,409,313000,subst,SUBST,Substitution out,51,390926,,,,,OUT,
130888,30373-B-3,,CAN,DOM,Q2,2:02,46,32,410,314000,shot,FT,1st of 2 free throws made,51,416767,True,1,0,0,,
130888,30373-B-3,,CAN,DOM,Q2,2:02,46,32,411,314001,unknwown,ASS,made the assist,51,390926,,,,,,
130888,30373-B-3,,CAN,DOM,Q2,2:02,46,33,412,315000,shot,FT,2nd of 2 free throws made,51,416767,True,1,0,0,,
130888,30373-B-3,,CAN,DOM,Q2,1:52,49,33,414,317000,shot,P3,3pt jump shot made,34,391167,True,3,252,121,,
130888,30373-B-3,,CAN,DOM,Q2,1:52,49,33,415,317001,unknwown,ASS,made the assist,34,415966,,,,,,
130888,30373-B-3,,CAN,DOM,Q2,1:44,49,33,417,319000,unknwown,FOUL,personal foul; 2 free throws awarded,34,410952,,,,,,
130888,30373-B-3,,CAN,DOM,Q2,1:44,49,33,418,319002,unknwown,RFOUL,foul drawn,51,416767,,,,,,
130888,30373-B-3,,CAN,DOM,Q2,1:44,49,33,419,320000,subst,SUBST,Substitution out,34,410952,,,,,OUT,
130888,30373-B-3,,CAN,DOM,Q2,1:44,49,33,420,321000,subst,SUBST,Substitution in,34,415967,,,,,IN,
130888,30373-B-3,,CAN,DOM,Q2,1:44,49,34,421,322000,shot,FT,1st of 2 free throws made,51,416767,True,1,0,0,,
130888,30373-B-3,,CAN,DOM,Q2,1:44,49,35,422,323000,shot,FT,2nd of 2 free throws made,51,416767,True,1,0,0,,
130888,30373-B-3,,CAN,DOM,Q2,1:36,49,35,425,326000,unknwown,FOUL,personal foul; 2 free throws awarded,51,416767,,,,,,
130888,30373-B-3,,CAN,DOM,Q2,1:36,49,35,426,326002,unknwown,RFOUL,foul drawn,34,391167,,,,,,
130888,30373-B-3,,CAN,DOM,Q2,1:36,49,35,427,327000,shot,FT,1st of 2 free throws missed,34,391167,False,1,0,0,,
130888,30373-B-3,,CAN,DOM,Q2,1:36,50,35,428,328000,shot,FT,2nd of 2 free throws made,34,391167,True,1,0,0,,
130888,30373-B-3,,CAN,DOM,Q2,1:28,50,37,430,330000,shot,P2,"2PtsFG under the basket, driving layup made",51,416805,True,2,149,39,,
130888,30373-B-3,,CAN,DOM,Q2,1:18,50,37,431,331000,unknwown,TO,turnover; ball handling,34,415966,,,,,,
130888,30373-B-3,,CAN,DOM,Q2,1:18,50,37,432,331001,unknwown,ST,steal,51,416767,,,,,,
130888,30373-B-3,,CAN,DOM,Q2,1:13,50,37,433,332000,shot,P2,"2PtsFG under the basket, points after turnover, driving layup missed",51,416805,False,2,131,45,,
130888,30373-B-3,,CAN,DOM,Q2,1:10,50,37,434,332002,unknwown,REB,defensive rebound,34,415966,,,,,,
130888,30373-B-3,,CAN,DOM,Q2,1:08,50,37,436,334000,unknwown,FOUL,personal foul; 2 free throws awarded,51,384379,,,,,,
130888,30373-B-3,,CAN,DOM,Q2,1:08,50,37,437,334002,unknwown,RFOUL,foul drawn,34,415966,,,,,,
130888,30373-B-3,,CAN,DOM,Q2,1:08,50,37,438,335000,shot,FT,1st of 2 free throws missed,34,415966,False,1,0,0,,
130888,30373-B-3,,CAN,DOM,Q2,1:08,51,37,439,336000,shot,FT,2nd of 2 free throws made,34,415966,True,1,0,0,,
130888,30373-B-3,,CAN,DOM,Q2,1:08,51,37,440,337000,subst,SUBST,Substitution out,34,415966,,,,,OUT,
130888,30373-B-3,,CAN,DOM,Q2,1:08,51,37,441,338000,subst,SUBST,Substitution in,34,271788,,,,,IN,
130888,30373-B-3,,CAN,DOM,Q2,0:44,51,37,443,340000,shot,P2,"2PtsFG under the basket, driving layup missed",51,416768,False,2,146,29,,
130888,30373-B-3,,CAN,DOM,Q2,0:41,51,37,444,340002,unknwown,REB,offensive rebound,51,416805,,,,,,
130888,30373-B-3,,CAN,DOM,Q2,0:41,51,39,445,341000,shot,P2,2PtsFG under the basket made,51,416805,True,2,140,31,,
130888,30373-B-3,,CAN,DOM,Q2,0:30,51,39,446,342000,shot,P3,3pt jump shot missed,34,391167,False,3,42,123,,
130888,30373-B-3,,CAN,DOM,Q2,0:28,51,39,448,342002,unknwown,REB,offensive rebound,34,415967,,,,,,
130888,30373-B-3,,CAN,DOM,Q2,0:28,51,39,449,344000,unknwown,FOUL,personal foul; 2 free throws awarded,51,416805,,,,,,
130888,30373-B-3,,CAN,DOM,Q2,0:28,51,39,450,344002,unknwown,RFOUL,foul drawn,34,415968,,,,,,
130888,30373-B-3,,CAN,DOM,Q2,0:28,51,39,451,345000,subst,SUBST,Substitution out,34,367540,,,,,OUT,
130888,30373-B-3,,CAN,DOM,Q2,0:28,51,39,452,346000,subst,SUBST,Substitution in,34,342682,,,,,IN,
130888,30373-B-3,,CAN,DOM,Q2,0:28,52,39,453,347000,shot,FT,1st of 2 free throws made,34,415968,True,1,0,0,,
130888,30373-B-3,,CAN,DOM,Q2,0:28,52,39,454,347001,unknwown,ASS,made the assist,34,415967,,,,,,
130888,30373-B-3,,CAN,DOM,Q2,0:28,53,39,455,348000,shot,FT,2nd of 2 free throws made,34,415968,True,1,0,0,,
130888,30373-B-3,,CAN,DOM,Q2,0:23,53,39,457,350000,shot,P2,"2PtsFG under the basket, driving layup missed",51,416768,False,2,119,38,,
130888,30373-B-3,,CAN,DOM,Q2,0:19,53,39,458,350002,unknwown,REB,defensive rebound,34,415967,,,,,,
130888,30373-B-3,,CAN,DOM,Q2,0:14,53,39,459,351000,shot,P2,2pt driving layup missed,34,415968,False,2,146,17,,
130888,30373-B-3,,CAN,DOM,Q2,0:14,53,39,460,351001,unknwown,BS,blocked the shot,51,416805,,,,,,
130888,30373-B-3,,CAN,DOM,Q2,0:10,53,39,461,351002,unknwown,REB,defensive rebound,51,416899,,,,,,
130888,30373-B-3,,CAN,DOM,Q2,0:10,53,41,462,352000,shot,P2,"2PtsFG under the basket, fast break, driving layup made",51,416768,True,2,147,34,,
130888,30373-B-3,,CAN,DOM,Q2,0:10,53,41,463,352001,unknwown,ASS,made the assist,51,416805,,,,,,
130888,30373-B-3,,CAN,DOM,Q2,0:00,53,41,465,354000,shot,P3,3pt jump shot missed,34,391167,False,3,245,144,,
130888,30373-B-3,,CAN,DOM,Q2,0:00,53,41,468,357000,periods,ENDP,End of Period,,,,,,,,
130888,30373-B-3,,CAN,DOM,Q3,10:00,53,41,469,358000,subst,SUBST,Substitution out,34,415968,,,,,OUT,
130888,30373-B-3,,CAN,DOM,Q3,10:00,53,41,470,359000,subst,SUBST,Substitution out,34,415967,,,,,OUT,
130888,30373-B-3,,CAN,DOM,Q3,10:00,53,41,471,360000,subst,SUBST,Substitution out,34,391167,,,,,OUT,
130888,30373-B-3,,CAN,DOM,Q3,10:00,53,41,472,361000,subst,SUBST,Substitution out,34,271788,,,,,OUT,
130888,30373-B-3,,CAN,DOM,Q3,10:00,53,41,473,362000,subst,SUBST,Substitution in,34,415966,,,,,IN,
130888,30373-B-3,,CAN,DOM,Q3,10:00,53,41,474,363000,subst,SUBST,Substitution in,34,391168,,,,,IN,
130888,30373-B-3,,CAN,DOM,Q3,10:00,53,41,475,364000,subst,SUBST,Substitution in,34,342309,,,,,IN,
130888,30373-B-3,,CAN,DOM,Q3,10:00,53,41,476,365000,subst,SUBST,Substitution in,34,410952,,,,,IN,
130888,30373-B-3,,CAN,DOM,Q3,10:00,53,41,477,366000,subst,SUBST,Substitution out,51,416768,,,,,OUT,
130888,30373-B-3,,CAN,DOM,Q3,10:00,53,41,478,367000,subst,SUBST,Substitution out,51,416767,,,,,OUT,
130888,30373-B-3,,CAN,DOM,Q3,10:00,53,41,479,368000,subst,SUBST,Substitution out,51,384379,,,,,OUT,
130888,30373-B-3,,CAN,DOM,Q3,10:00,53,41,480,369000,subst,SUBST,Substitution in,51,416914,,,,,IN,
130888,30373-B-3,,CAN,DOM,Q3,10:00,53,41,481,370000,subst,SUBST,Substitution in,51,390926,,,,,IN,
130888,30373-B-3,,CAN,DOM,Q3,10:00,53,41,482,371000,subst,SUBST,Substitution in,51,416769,,,,,IN,
130888,30373-B-3,,CAN,DOM,Q3,10:00,53,41,483,372000,periods,STARTP,Start of Period,,,,,,,,
130888,30373-B-3,,CAN,DOM,Q3,9:35,53,41,485,374000,shot,P3,3pt jump shot missed,51,416914,False,3,231,170,,
130888,30373-B-3,,CAN,DOM,Q3,9:25,53,41,487,375000,shot,P3,3pt jump shot missed,51,416914,False,3,258,102,,
130888,30373-B-3,,CAN,DOM,Q3,9:07,53,41,489,376000,shot,P2,"2PtsFG under the basket, driving layup missed",34,415966,False,2,133,32,,
130888,30373-B-3,,CAN,DOM,Q3,8:58,53,41,491,377000,shot,P2,"2PtsFG inside center, jump shot missed",51,416769,False,2,157,110,,
130888,30373-B-3,,CAN,DOM,Q3,8:48,55,41,493,378000,shot,P2,"2PtsFG under the basket, dunk made",34,342682,True,2,142,34,,
130888,30373-B-3,,CAN,DOM,Q3,8:30,55,43,495,379000,shot,P2,"2PtsFG under the basket, layup made",51,416805,True,2,142,26,,
130888,30373-B-3,,CAN,DOM,Q3,8:12,57,43,497,380000,shot,P2,"2PtsFG under the basket, floating jump shot made",34,415966,True,2,134,33,,
130888,30373-B-3,,CAN,DOM,Q3,8:03,57,43,498,381000,shot,P2,"2PtsFG under the basket, hook shot missed",51,416914,False,2,148,40,,
130888,30373-B-3,,CAN,DOM,Q3,7:53,57,43,501,382000,shot,P3,3pt jump shot missed,34,410952,False,3,257,123,,
130888,30373-B-3,,CAN,DOM,Q3,7:44,57,43,506,386000,unknwown,FOUL,personal foul; 2 free throws awarded,34,342309,,,,,,
130888,30373-B-3,,CAN,DOM,Q3,7:44,57,43,508,387000,subst,SUBST,Substitution out,34,342309,,,,,OUT,
130888,30373-B-3,,CAN,DOM,Q3,7:44,57,43,509,388000,subst,SUBST,Substitution in,34,367540,,,,,IN,
130888,30373-B-3,,CAN,DOM,Q3,7:44,57,43,510,389000,subst,SUBST,Substitution out,51,416914,,,,,OUT,
130888,30373-B-3,,CAN,DOM,Q3,7:44,57,43,511,390000,subst,SUBST,Substitution in,51,416771,,,,,IN,
130888,30373-B-3,,CAN,DOM,Q3,7:44,57,44,512,391000,shot,FT,1st of 2 free throws made,51,390926,True,1,0,0,,
130888,30373-B-3,,CAN,DOM,Q3,7:44,57,45,513,392000,shot,FT,2nd of 2 free throws made,51,390926,True,1,0,0,,
130888,30373-B-3,,CAN,DOM,Q3,7:22,57,45,515,394000,shot,P2,"2PtsFG under the basket, hook shot missed",34,367540,False,2,141,47,,
130888,30373-B-3,,CAN,DOM,Q3,7:07,57,45,518,396000,unknwown,FOUL,personal foul; 2 free throws awarded,34,415966,,,,,,
130888,30373-B-3,,CAN,DOM,Q3,7:07,57,45,520,397000,subst,SUBST,Substitution out,34,391168,,,,,OUT,
130888,30373-B-3,,CAN,DOM,Q3,7:07,57,45,521,398000,subst,SUBST,Substitution in,34,391167,,,,,IN,
130888,30373-B-3,,CAN,DOM,Q3,7:07,57,46,522,399000,shot,FT,1st of 2 free throws made,51,416771,True,1,0,0,,
130888,30373-B-3,,CAN,DOM,Q3,7:07,57,46,524,401000,shot,FT,2nd of 2 free throws missed,51,416771,False,1,0,0,,
130888,30373-B-3,,CAN,DOM,Q3,6:56,59,46,526,402000,shot,P2,"2PtsFG under the basket, driving layup made",34,342682,True,2,146,39,,
130888,30373-B-3,,CAN,DOM,Q3,6:47,59,46,530,406000,unknwown,FOUL,personal foul; 2 free throws awarded,34,391167,,,,,,
130888,30373-B-3,,CAN,DOM,Q3,6:47,59,47,532,407000,shot,FT,1st of 2 free throws made,51,416769,True,1,0,0,,
130888,30373-B-3,,CAN,DOM,Q3,6:47,59,47,534,409000,shot,FT,2nd of 2 free throws missed,51,416769,False,1,0,0,,
130888,30373-B-3,,CAN,DOM,Q3,6:39,59,47,541,415000,unknwown,FOUL,personal foul; 2 free throws awarded,51,416805,,,,,,
130888,30373-B-3,,CAN,DOM,Q3,6:39,60,47,543,416000,shot,FT,1st of 2 free throws made,34,342682,True,1,0,0,,
130888,30373-B-3,,CAN,DOM,Q3,6:39,60,47,545,418000,shot,FT,2nd of 2 free throws missed,34,342682,False,1,0,0,,
130888,30373-B-3,,CAN,DOM,Q3,6:20,60,47,547,419000,shot,P2,"2PtsFG under the basket, eurostep missed",51,416769,False,2,133,35,,
130888,30373-B-3,,CAN,DOM,Q3,6:17,60,49,549,420000,shot,P2,"2PtsFG under the basket, layup made",51,416805,True,2,155,27,,
130888,30373-B-3,,CAN,DOM,Q3,6:03,60,49,550,421000,shot,P2,"2PtsFG under the basket, driving layup missed",34,415966,False,2,132,38,,
130888,30373-B-3,,CAN,DOM,Q3,6:00,60,49,552,422000,shot,P3,3pt jump shot missed,34,342682,False,3,47,133,,
130888,30373-B-3,,CAN,DOM,Q3,5:55,60,51,557,426000,shot,P2,"2PtsFG under the basket, fast break, eurostep made",51,390926,True,2,138,36,,
130888,30373-B-3,,CAN,DOM,Q3,5:55,60,51,558,427000,unknwown,FOUL,personal foul; 1 free throw awarded,34,415966,,,,,,
130888,30373-B-3,,CAN,DOM,Q3,5:55,60,51,560,428000,subst,SUBST,Substitution out,34,342682,,,,,OUT,
130888,30373-B-3,,CAN,DOM,Q3,5:55,60,51,561,429000,subst,SUBST,Substitution in,34,415968,,,,,IN,
130888,30373-B-3,,CAN,DOM,Q3,5:55,60,51,562,430000,subst,SUBST,Substitution out,51,416899,,,,,OUT,
130888,30373-B-3,,CAN,DOM,Q3,5:55,60,51,563,431000,subst,SUBST,Substitution in,51,416914,,,,,IN,
130888,30373-B-3,,CAN,DOM,Q3,5:55,60,51,564,432000,subst,SUBST,Substitution out,34,415966,,,,,OUT,
130888,30373-B-3,,CAN,DOM,Q3,5:55,60,51,565,433000,subst,SUBST,Substitution in,34,271788,,,,,IN,
130888,30373-B-3,,CAN,DOM,Q3,5:55,60,52,566,434000,shot,FT,1st free throw made,51,390926,True,1,0,0,,
130888,30373-B-3,,CAN,DOM,Q3,5:38,60,52,570,438000,unknwown,TO,turnover; ball handling,34,367540,,,,,,
130888,30373-B-3,,CAN,DOM,Q3,5:31,60,52,575,442000,unknwown,JS,jump ball situation; throw-in,34,,,,,,,
130888,30373-B-3,,CAN,DOM,Q3,5:31,60,52,576,443000,unknwown,TO,turnover; ball handling,51,390926,,,,,,
130888,30373-B-3,,CAN,DOM,Q3,5:31,60,52,578,444000,subst,SUBST,Substitution out,34,367540,,,,,OUT,
130888,30373-B-3,,CAN,DOM,Q3,5:31,60,52,579,445000,subst,SUBST,Substitution in,34,415963,,,,,IN,
130888,30373-B-3,,CAN,DOM,Q3,5:14,60,52,581,447000,shot,P2,"2PtsFG under the basket, points after turnover, eurostep missed",34,391167,False,2,142,27,,
130888,30373-B-3,,CAN,DOM,Q3,5:10,62,52,583,448000,shot,P2,"2PtsFG under the basket, points from second chance + after turnover, layup made",34,415963,True,2,134,35,,
130888,30373-B-3,,CAN,DOM,Q3,4:59,62,52,584,449000,shot,P3,3pt jump shot missed,51,416769,False,3,68,164,,
130888,30373-B-3,,CAN,DOM,Q3,4:54,62,52,587,451000,unknwown,TO,turnover; out of bounds,34,391167,,,,,,
130888,30373-B-3,,CAN,DOM,Q3,4:54,62,52,588,452000,subst,SUBST,Substitution out,34,391167,,,,,OUT,
130888,30373-B-3,,CAN,DOM,Q3,4:54,62,52,589,453000,subst,SUBST,Substitution out,34,410952,,,,,OUT,
130888,30373-B-3,,CAN,DOM,Q3,4:54,62,52,590,454000,subst,SUBST,Substitution in,34,415967,,,,,IN,
130888,30373-B-3,,CAN,DOM,Q3,4:54,62,52,591,455000,subst,SUBST,Substitution in,34,391168,,,,,IN,
130888,30373-B-3,,CAN,DOM,Q3,4:43,62,52,596,460000,unknwown,FOUL,personal foul; 2 free throws awarded,34,415963,,,,,,
130888,30373-B-3,,CAN,DOM,Q3,4:43,62,53,598,461000,shot,FT,1st of 2 free throws made,51,416805,True,1,0,0,,
130888,30373-B-3,,CAN,DOM,Q3,4:43,62,54,599,462000,shot,FT,2nd of 2 free throws made,51,416805,True,1,0,0,,
130888,30373-B-3,,CAN,DOM,Q3,4:32,62,54,604,467000,unknwown,TTO,team turnover; 8 seconds violation,34,,,,,,,
130888,30373-B-3,,CAN,DOM,Q3,4:16,62,56,606,469000,shot,P2,"2PtsFG under the basket, points after turnover, driving layup made",51,416769,True,2,149,30,,
130888,30373-B-3,,CAN,DOM,Q3,4:14,62,56,610,473000,timeout,TIMO,Timeout,34,,,,,,,
130888,30373-B-3,,CAN,DOM,Q3,3:58,62,56,612,475000,unknwown,TO,turnover; ball handling,34,415968,,,,,,
130888,30373-B-3,,CAN,DOM,Q3,3:54,62,56,614,476000,shot,P2,"2PtsFG under the basket, points after turnover, driving layup missed",51,416914,False,2,138,38,,
130888,30373-B-3,,CAN,DOM,Q3,3:49,64,56,617,478000,shot,P2,"2PtsFG under the basket, fast break, driving layup made",34,415967,True,2,146,29,,
130888,30373-B-3,,CAN,DOM,Q3,3:48,64,56,620,481000,subst,SUBST,Substitution out,51,416914,,,,,OUT,
130888,30373-B-3,,CAN,DOM,Q3,3:48,64,56,621,482000,subst,SUBST,Substitution in,51,416767,,,,,IN,
130888,30373-B-3,,CAN,DOM,Q3,3:36,64,58,625,486000,shot,P2,"2PtsFG under the basket, driving layup made",51,416771,True,2,151,33,,
130888,30373-B-3,,CAN,DOM,Q3,3:18,64,58,626,487000,shot,P3,3pt jump shot missed,34,415967,False,3,10,32,,
130886,30373-B-4,,PUR,VEN,Q1,10:00,0,0,1,1000,periods,STARTG,Start of Game,,,,,,,,
130886,30373-B-4,,PUR,VEN,Q1,10:00,0,0,2,2000,periods,STARTP,Start of Period,,,,,,,,
130886,30373-B-4,,PUR,VEN,Q1,10:00,0,0,4,4000,unknwown,JS,jump ball situation; throw-in,,,,,,,,
130886,30373-B-4,,PUR,VEN,Q1,9:59,0,0,5,4001,unknwown,JB,jump ball won,125,416814,,,,,,
130886,30373-B-4,,PUR,VEN,Q1,9:59,0,0,6,4002,unknwown,JB,jump ball lost,158,378577,,,,,,
130886,30373-B-4,,PUR,VEN,Q1,9:44,0,0,8,6000,unknwown,TO,turnover; ball handling,125,343131,,,,,,
130886,30373-B-4,,PUR,VEN,Q1,9:26,0,0,10,8000,shot,P3,3pt jump shot missed,158,390925,False,3,266,83,,
130886,30373-B-4,,PUR,VEN,Q1,9:22,0,0,11,8002,unknwown,REB,offensive rebound,158,378579,,,,,,
130886,30373-B-4,,PUR,VEN,Q1,9:15,0,0,12,9000,shot,P2,"2PtsFG under the basket, points from second chance + after turnover, driving layup missed",158,378577,False,2,161,29,,
130886,30373-B-4,,PUR,VEN,Q1,9:10,0,0,13,9002,unknwown,REB,defensive rebound,125,343131,,,,,,
130886,30373-B-4,,PUR,VEN,Q1,9:10,0,0,14,10000,unknwown,TO,turnover; ball handling,125,343131,,,,,,
130886,30373-B-4,,PUR,VEN,Q1,9:10,0,0,15,10001,unknwown,ST,steal,158,390925,,,,,,
130886,30373-B-4,,PUR,VEN,Q1,9:04,0,0,16,11000,shot,P3,3pt jump shot missed,158,378577,False,3,270,27,,
130886,30373-B-4,,PUR,VEN,Q1,9:02,0,0,19,11002,unknwown,REB,offensive rebound,158,390925,,,,,,
130886,30373-B-4,,PUR,VEN,Q1,9:02,0,0,18,13000,unknwown,JS,jump ball situation; throw-in,158,,,,,,,
130886,30373-B-4,,PUR,VEN,Q1,8:59,0,3,21,15000,shot,P3,3pt jump shot made,158,378579,True,3,5,31,,
130886,30373-B-4,,PUR,VEN,Q1,8:59,0,3,22,15001,unknwown,ASS,made the assist,158,378577,,,,,,
130886,30373-B-4,,PUR,VEN,Q1,8:36,2,3,23,16000,shot,P2,"2PtsFG inside right, jump shot made",125,417164,True,2,195,80,,
130886,30373-B-4,,PUR,VEN,Q1,8:16,2,3,26,19000,shot,P3,3pt jump shot missed,158,390925,False,3,14,25,,
130886,30373-B-4,,PUR,VEN,Q1,8:14,2,3,28,19002,unknwown,TREB,team defensive rebound,125,,,,,,,
130886,30373-B-4,,PUR,VEN,Q1,8:02,4,3,30,22000,shot,P2,2pt driving layup made,125,319586,True,2,165,37,,
130886,30373-B-4,,PUR,VEN,Q1,7:47,4,3,31,23000,shot,P2,2pt driving layup missed,158,390925,False,2,95,42,,
130886,30373-B-4,,PUR,VEN,Q1,7:43,4,3,33,23002,unknwown,TREB,team defensive rebound,125,,,,,,,
130886,30373-B-4,,PUR,VEN,Q1,7:30,4,3,35,26000,shot,P2,layup missed,125,319575,False,2,113,69,,
130886,30373-B-4,,PUR,VEN,Q1,7:22,4,3,36,26002,unknwown,REB,offensive rebound,125,416814,,,,,,
130886,30373-B-4,,PUR,VEN,Q1,7:22,6,3,37,27000,shot,P2,layup made,125,416814,True,2,170,44,,
130886,30373-B-4,,PUR,VEN,Q1,7:11,6,6,38,28000,shot,P3,3pt jump shot made,158,378576,True,3,230,135,,
130886,30373-B-4,,PUR,VEN,Q1,7:11,6,6,39,28001,unknwown,ASS,made the assist,158,378547,,,,,,
130886,30373-B-4,,PUR,VEN,Q1,6:55,6,6,40,29000,shot,P2,"2PtsFG under the basket, driving layup missed",125,417164,False,2,122,38,,
130886,30373-B-4,,PUR,VEN,Q1,6:52,6,6,41,29002,unknwown,REB,defensive rebound,158,378579,,,,,,
130886,30373-B-4,,PUR,VEN,Q1,6:49,6,6,43,31000,unknwown,FOUL,personal foul; 2 free throws awarded,125,343131,,,,,,
130886,30373-B-4,,PUR,VEN,Q1,6:49,6,6,44,31002,unknwown,RFOUL,foul drawn,158,390925,,,,,,
130886,30373-B-4,,PUR,VEN,Q1,6:49,6,6,45,32000,shot,FT,1st of 2 free throws missed,158,390925,False,1,0,0,,
130886,30373-B-4,,PUR,VEN,Q1,6:49,6,6,46,33000,shot,FT,2nd of 2 free throws missed,158,390925,False,1,0,0,,
130886,30373-B-4,,PUR,VEN,Q1,6:49,6,6,48,33002,unknwown,REB,defensive rebound,125,343131,,,,,,
130886,30373-B-4,,PUR,VEN,Q1,6:39,6,6,50,36000,unknwown,TO,turnover; bad pass,125,343131,,,,,,
130886,30373-B-4,,PUR,VEN,Q1,6:39,6,6,51,37000,subst,SUBST,Substitution out,158,390925,,,,,OUT,
130886,30373-B-4,,PUR,VEN,Q1,6:39,6,6,52,38000,subst,SUBST,Substitution in,158,409360,,,,,IN,
130886,30373-B-4,,PUR,VEN,Q1,6:19,6,6,54,40000,shot,P3,3pt jump shot missed,158,378576,False,3,28,116,,
130886,30373-B-4,,PUR,VEN,Q1,6:16,6,6,55,40002,unknwown,REB,offensive rebound,158,409360,,,,,,
130886,30373-B-4,,PUR,VEN,Q1,6:00,6,6,61,46000,unknwown,FOUL,personal foul; 2 free throws awarded,125,417164,,,,,,
130886,30373-B-4,,PUR,VEN,Q1,6:00,6,6,62,46002,unknwown,RFOUL,foul drawn,158,378577,,,,,,
130886,30373-B-4,,PUR,VEN,Q1,6:00,6,6,63,47000,shot,FT,1st of 2 free throws missed,158,378577,False,1,0,0,,
130886,30373-B-4,,PUR,VEN,Q1,6:00,6,6,64,48000,shot,FT,2nd of 2 free throws missed,158,378577,False,1,0,0,,
130886,30373-B-4,,PUR,VEN,Q1,6:00,6,6,66,48002,unknwown,REB,defensive rebound,125,343131,,,,,,
130886,30373-B-4,,PUR,VEN,Q1,5:54,6,6,68,51000,unknwown,TO,turnover; bad pass,125,319575,,,,,,
130886,30373-B-4,,PUR,VEN,Q1,5:54,6,6,69,52000,subst,SUBST,Substitution out,125,416814,,,,,OUT,
130886,30373-B-4,,PUR,VEN,Q1,5:54,6,6,70,53000,subst,SUBST,Substitution in,125,416823,,,,,IN,
130886,30373-B-4,,PUR,VEN,Q1,5:41,6,6,73,56000,unknwown,FOUL,offensive foul,158,378577,,,,,,
130886,30373-B-4,,PUR,VEN,Q1,5:41,6,6,74,56001,unknwown,TO,turnover,158,378577,,,,,,
130886,30373-B-4,,PUR,VEN,Q1,5:41,6,6,75,56002,unknwown,RFOUL,foul drawn,125,319586,,,,,,
130886,30373-B-4,,PUR,VEN,Q1,5:23,6,6,77,58000,shot,P2,layup missed,125,343131,False,2,110,32,,
130886,30373-B-4,,PUR,VEN,Q1,5:18,6,6,78,58002,unknwown,REB,defensive rebound,158,378547,,,,,,
130886,30373-B-4,,PUR,VEN,Q1,5:18,6,6,80,60000,unknwown,FOUL,personal foul,125,343131,,,,,,
130886,30373-B-4,,PUR,VEN,Q1,5:18,6,6,81,60002,unknwown,RFOUL,foul drawn,158,378547,,,,,,
130886,30373-B-4,,PUR,VEN,Q1,4:58,6,6,84,63000,unknwown,FOUL,personal foul,125,343131,,,,,,
130886,30373-B-4,,PUR,VEN,Q1,4:58,6,6,85,63002,unknwown,RFOUL,foul drawn,158,378576,,,,,,
130886,30373-B-4,,PUR,VEN,Q1,4:58,6,6,86,64000,subst,SUBST,Substitution out,125,343131,,,,,OUT,
130886,30373-B-4,,PUR,VEN,Q1,4:58,6,6,87,65000,subst,SUBST,Substitution in,125,384042,,,,,IN,
130886,30373-B-4,,PUR,VEN,Q1,4:58,6,6,88,66000,subst,SUBST,Substitution out,158,378547,,,,,OUT,
130886,30373-B-4,,PUR,VEN,Q1,4:58,6,6,89,67000,subst,SUBST,Substitution in,158,409358,,,,,IN,
130886,30373-B-4,,PUR,VEN,Q1,4:45,6,6,92,70000,unknwown,FOUL,personal foul; 2 free throws awarded,125,417164,,,,,,
130886,30373-B-4,,PUR,VEN,Q1,4:45,6,6,93,70002,unknwown,RFOUL,foul drawn,158,378577,,,,,,
130886,30373-B-4,,PUR,VEN,Q1,4:45,6,6,94,71000,subst,SUBST,Substitution out,158,378579,,,,,OUT,
130886,30373-B-4,,PUR,VEN,Q1,4:45,6,6,95,72000,subst,SUBST,Substitution in,158,416954,,,,,IN,
130886,30373-B-4,,PUR,VEN,Q1,4:45,6,7,96,73000,shot,FT,1st of 2 free throws made,158,378577,True,1,0,0,,
130886,30373-B-4,,PUR,VEN,Q1,4:45,6,7,97,73001,unknwown,ASS,made the assist,158,378579,,,,,,
130886,30373-B-4,,PUR,VEN,Q1,4:45,6,7,98,74000,shot,FT,2nd of 2 free throws missed,158,378577,False,1,0,0,,
130886,30373-B-4,,PUR,VEN,Q1,4:45,6,7,100,74002,unknwown,REB,defensive rebound,125,384042,,,,,,
130886,30373-B-4,,PUR,VEN,Q1,4:25,9,7,101,76000,shot,P3,3pt jump shot made,125,416823,True,3,9,50,,
130886,30373-B-4,,PUR,VEN,Q1,4:25,9,7,102,76001,unknwown,ASS,made the assist,125,417164,,,,,,
130886,30373-B-4,,PUR,VEN,Q1,4:09,9,7,103,77000,shot,P2,"2PtsFG under the basket, reverse lay-up missed",158,378577,False,2,160,27,,
130886,30373-B-4,,PUR,VEN,Q1,4:05,9,7,104,77002,unknwown,REB,offensive rebound,158,416954,,,,,,
130886,30373-B-4,,PUR,VEN,Q1,3:59,9,7,105,78000,shot,P2,layup missed,158,416954,False,2,112,35,,
130886,30373-B-4,,PUR,VEN,Q1,3:59,9,7,106,78001,unknwown,BS,blocked the shot,125,416823,,,,,,
130886,30373-B-4,,PUR,VEN,Q1,3:54,9,7,108,78002,unknwown,REB,defensive rebound,125,416823,,,,,,
130886,30373-B-4,,PUR,VEN,Q1,3:54,9,7,109,80000,unknwown,FOUL,personal foul,158,378576,,,,,,
130886,30373-B-4,,PUR,VEN,Q1,3:54,9,7,110,80002,unknwown,RFOUL,foul drawn,125,417164,,,,,,
130886,30373-B-4,,PUR,VEN,Q1,3:54,9,7,111,81000,subst,SUBST,Substitution out,125,417164,,,,,OUT,
130886,30373-B-4,,PUR,VEN,Q1,3:54,9,7,112,82000,subst,SUBST,Substitution in,125,416822,,,,,IN,
130886,30373-B-4,,PUR,VEN,Q1,3:54,9,7,113,83000,subst,SUBST,Substitution out,158,378577,,,,,OUT,
130886,30373-B-4,,PUR,VEN,Q1,3:54,9,7,114,84000,subst,SUBST,Substitution in,158,416968,,,,,IN,
130886,30373-B-4,,PUR,VEN,Q1,3:44,9,7,116,86000,shot,P2,2pt floating jump shot missed,125,319575,False,2,145,73,,
130886,30373-B-4,,PUR,VEN,Q1,3:40,9,7,117,86002,unknwown,REB,defensive rebound,158,416968,,,,,,
130886,30373-B-4,,PUR,VEN,Q1,3:23,9,7,118,87000,shot,P3,3pt jump shot missed,158,378576,False,3,241,117,,
130886,30373-B-4,,PUR,VEN,Q1,3:20,9,7,120,87002,unknwown,REB,defensive rebound,125,319575,,,,,,
130886,30373-B-4,,PUR,VEN,Q1,3:20,9,7,121,89000,unknwown,FOUL,personal foul,158,409360,,,,,,
130886,30373-B-4,,PUR,VEN,Q1,3:20,9,7,122,89002,unknwown,RFOUL,foul drawn,125,319575,,,,,,
130886,30373-B-4,,PUR,VEN,Q1,3:20,9,7,123,90000,subst,SUBST,Substitution out,125,319586,,,,,OUT,
130886,30373-B-4,,PUR,VEN,Q1,3:20,9,7,124,91000,subst,SUBST,Substitution in,125,319576,,,,,IN,
130886,30373-B-4,,PUR,VEN,Q1,3:20,9,7,125,92000,subst,SUBST,Substitution out,158,378576,,,,,OUT,
130886,30373-B-4,,PUR,VEN,Q1,3:20,9,7,126,93000,subst,SUBST,Substitution in,158,356334,,,,,IN,
130886,30373-B-4,,PUR,VEN,Q1,3:14,9,7,129,96000,unknwown,FOUL,personal foul; 2 free throws awarded,158,416968,,,,,,
130886,30373-B-4,,PUR,VEN,Q1,3:14,9,7,130,96002,unknwown,RFOUL,foul drawn,125,319575,,,,,,
130886,30373-B-4,,PUR,VEN,Q1,3:14,10,7,131,97000,shot,FT,1st of 2 free throws made,125,319575,True,1,0,0,,
130886,30373-B-4,,PUR,VEN,Q1,3:14,11,7,132,98000,shot,FT,2nd of 2 free throws made,125,319575,True,1,0,0,,
130886,30373-B-4,,PUR,VEN,Q1,3:08,11,7,134,100000,unknwown,TO,turnover; bad pass,158,409358,,,,,,
130886,30373-B-4,,PUR,VEN,Q1,3:08,11,7,135,100001,unknwown,ST,steal,125,384042,,,,,,
130886,30373-B-4,,PUR,VEN,Q1,3:03,11,7,136,101000,shot,P2,"2PtsFG under the basket, points after turnover, layup missed",125,416823,False,2,129,47,,
130886,30373-B-4,,PUR,VEN,Q1,2:59,11,7,138,101002,unknwown,REB,offensive rebound,125,384042,,,,,,
130886,30373-B-4,,PUR,VEN,Q1,2:48,11,7,141,105000,timeout,TIMO,Timeout,158,,,,,,,
130886,30373-B-4,,PUR,VEN,Q1,2:48,13,7,142,106000,shot,P2,layup made,125,384042,True,2,154,48,,
130886,30373-B-4,,PUR,VEN,Q1,2:48,13,7,143,107000,subst,SUBST,Substitution out,158,409358,,,,,OUT,
130886,30373-B-4,,PUR,VEN,Q1,2:48,13,7,144,108000,subst,SUBST,Substitution out,158,416954,,,,,OUT,
130886,30373-B-4,,PUR,VEN,Q1,2:48,13,7,145,109000,subst,SUBST,Substitution in,158,378579,,,,,IN,
130886,30373-B-4,,PUR,VEN,Q1,2:48,13,7,146,110000,subst,SUBST,Substitution in,158,378577,,,,,IN,
130886,30373-B-4,,PUR,VEN,Q1,2:46,13,7,148,112000,unknwown,TO,turnover; bad pass,158,378579,,,,,,
130886,30373-B-4,,PUR,VEN,Q1,2:46,13,7,149,112001,unknwown,ST,steal,125,319575,,,,,,
130886,30373-B-4,,PUR,VEN,Q1,2:42,15,7,150,113000,shot,P2,"2PtsFG inside paint, points from fastbreak + after turnover, layup made",125,319576,True,2,168,50,,
130886,30373-B-4,,PUR,VEN,Q1,2:42,15,7,151,113001,unknwown,ASS,made the assist,125,319575,,,,,,
130886,30373-B-4,,PUR,VEN,Q1,2:28,15,7,152,114000,shot,P3,3pt jump shot missed,158,409360,False,3,273,64,,
130886,30373-B-4,,PUR,VEN,Q1,2:24,15,7,153,114002,unknwown,REB,offensive rebound,158,416968,,,,,,
130886,30373-B-4,,PUR,VEN,Q1,2:23,15,9,154,115000,shot,P2,layup made,158,416968,True,2,104,55,,
130886,30373-B-4,,PUR,VEN,Q1,2:00,15,9,156,117000,unknwown,TO,turnover; out of bounds,125,416822,,,,,,
130886,30373-B-4,,PUR,VEN,Q1,2:00,15,9,157,118000,subst,SUBST,Substitution out,125,319575,,,,,OUT,
130886,30373-B-4,,PUR,VEN,Q1,2:00,15,9,158,119000,subst,SUBST,Substitution in,125,319586,,,,,IN,
130886,30373-B-4,,PUR,VEN,Q1,2:00,15,9,159,120000,subst,SUBST,Substitution out,125,384042,,,,,OUT,
130886,30373-B-4,,PUR,VEN,Q1,2:00,15,9,160,121000,subst,SUBST,Substitution in,125,416820,,,,,IN,
130886,30373-B-4,,PUR,VEN,Q1,1:41,15,9,165,126000,unknwown,JS,jump ball situation; throw-in,125,,,,,,,
130886,30373-B-4,,PUR,VEN,Q1,1:41,15,9,166,127000,unknwown,TO,turnover; ball handling,158,416968,,,,,,
130886,30373-B-4,,PUR,VEN,Q1,1:41,15,9,167,127001,unknwown,ST,steal,125,416823,,,,,,
130886,30373-B-4,,PUR,VEN,Q1,1:41,15,9,168,128000,subst,SUBST,Substitution out,158,356334,,,,,OUT,
130886,30373-B-4,,PUR,VEN,Q1,1:41,15,9,169,129000,subst,SUBST,Substitution in,158,409363,,,,,IN,
130886,30373-B-4,,PUR,VEN,Q1,1:16,15,9,171,131000,shot,P2,layup missed,125,416823,False,2,161,94,,
130886,30373-B-4,,PUR,VEN,Q1,1:16,15,9,172,131001,unknwown,BS,blocked the shot,158,409360,,,,,,
130886,30373-B-4,,PUR,VEN,Q1,1:11,15,9,173,131002,unknwown,REB,defensive rebound,158,409360,,,,,,
130886,30373-B-4,,PUR,VEN,Q1,1:11,15,9,174,132000,shot,P2,"2PtsFG under the basket, driving layup missed",158,409360,False,2,156,34,,
130886,30373-B-4,,PUR,VEN,Q1,1:07,15,9,175,132002,unknwown,REB,offensive rebound,158,409363,,,,,,
130886,30373-B-4,,PUR,VEN,Q1,1:06,15,11,176,133000,shot,P2,layup made,158,409363,True,2,103,55,,
130886,30373-B-4,,PUR,VEN,Q1,0:44,15,11,178,135000,subst,SUBST,Substitution out,125,416823,,,,,OUT,
130886,30373-B-4,,PUR,VEN,Q1,0:44,15,11,179,136000,subst,SUBST,Substitution in,125,343088,,,,,IN,
130886,30373-B-4,,PUR,VEN,Q1,0:42,15,11,181,138000,unknwown,TO,turnover; bad pass,125,319576,,,,,,
130886,30373-B-4,,PUR,VEN,Q1,0:42,15,11,182,138001,unknwown,ST,steal,158,378579,,,,,,
130886,30373-B-4,,PUR,VEN,Q1,0:35,15,11,184,140000,unknwown,TO,turnover; out of bounds,158,409363,,,,,,
130886,30373-B-4,,PUR,VEN,Q1,0:35,15,11,185,141000,subst,SUBST,Substitution out,125,416820,,,,,OUT,
130886,30373-B-4,,PUR,VEN,Q1,0:35,15,11,186,142000,subst,SUBST,Substitution in,125,319575,,,,,IN,
130886,30373-B-4,,PUR,VEN,Q1,0:35,15,11,187,143000,subst,SUBST,Substitution out,158,416968,,,,,OUT,
130886,30373-B-4,,PUR,VEN,Q1,0:35,15,11,188,144000,subst,SUBST,Substitution in,158,378576,,,,,IN,
130886,30373-B-4,,PUR,VEN,Q1,0:22,17,11,190,146000,shot,P2,2pt driving layup made,125,343088,True,2,177,43,,
130886,30373-B-4,,PUR,VEN,Q1,0:22,17,11,191,146001,unknwown,ASS,made the assist,125,319586,,,,,,
130886,30373-B-4,,PUR,VEN,Q1,0:02,17,11,192,147000,shot,P3,3pt jump shot missed,158,409363,False,3,270,3,,
130886,30373-B-4,,PUR,VEN,Q1,0:00,17,11,194,147002,unknwown,REB,defensive rebound,125,319586,,,,,,
130886,30373-B-4,,PUR,VEN,Q1,0:00,17,11,197,151000,periods,ENDP,End of Period,,,,,,,,
130886,30373-B-4,,PUR,VEN,Q2,10:00,17,11,198,152000,subst,SUBST,Substitution out,125,416822,,,,,OUT,
130886,30373-B-4,,PUR,VEN,Q2,10:00,17,11,199,153000,subst,SUBST,Substitution in,125,416823,,,,,IN,
130886,30373-B-4,,PUR,VEN,Q2,10:00,17,11,200,154000,subst,SUBST,Substitution out,158,409363,,,,,OUT,
130886,30373-B-4,,PUR,VEN,Q2,10:00,17,11,201,155000,subst,SUBST,Substitution in,158,378547,,,,,IN,
130886,30373-B-4,,PUR,VEN,Q2,10:00,17,11,202,156000,periods,STARTP,Start of Period,,,,,,,,
130886,30373-B-4,,PUR,VEN,Q2,9:46,17,11,204,158000,unknwown,TO,turnover; ball handling,158,378576,,,,,,
130886,30373-B-4,,PUR,VEN,Q2,9:46,17,11,205,158001,unknwown,ST,steal,125,416823,,,,,,
130886,30373-B-4,,PUR,VEN,Q2,9:42,17,11,206,159000,shot,P2,"2PtsFG under the basket, points after turnover, reverse lay-up missed",125,319576,False,2,162,37,,
130886,30373-B-4,,PUR,VEN,Q2,9:36,17,11,207,159002,unknwown,REB,offensive rebound,125,319586,,,,,,
130886,30373-B-4,,PUR,VEN,Q2,9:36,19,11,208,160000,shot,P2,"2PtsFG under the basket, points from second chance + after turnover made",125,319586,True,2,140,31,,
130886,30373-B-4,,PUR,VEN,Q2,9:29,19,11,209,161000,unknwown,TO,turnover; bad pass,158,378577,,,,,,
130886,30373-B-4,,PUR,VEN,Q2,9:29,19,11,210,161001,unknwown,ST,steal,125,319575,,,,,,
130886,30373-B-4,,PUR,VEN,Q2,9:24,19,11,212,163000,unknwown,FOUL,personal foul; 2 free throws awarded,158,378547,,,,,,
130886,30373-B-4,,PUR,VEN,Q2,9:24,19,11,213,163002,unknwown,RFOUL,foul drawn,125,319575,,,,,,
130886,30373-B-4,,PUR,VEN,Q2,9:23,19,11,214,164000,subst,SUBST,Substitution out,158,409360,,,,,OUT,
130886,30373-B-4,,PUR,VEN,Q2,9:23,19,11,215,165000,subst,SUBST,Substitution out,158,378577,,,,,OUT,
130886,30373-B-4,,PUR,VEN,Q2,9:23,19,11,216,166000,subst,SUBST,Substitution out,158,378576,,,,,OUT,
130886,30373-B-4,,PUR,VEN,Q2,9:23,19,11,217,167000,subst,SUBST,Substitution in,158,409363,,,,,IN,
130886,30373-B-4,,PUR,VEN,Q2,9:23,19,11,218,168000,subst,SUBST,Substitution in,158,390925,,,,,IN,
130886,30373-B-4,,PUR,VEN,Q2,9:23,19,11,219,169000,subst,SUBST,Substitution in,158,409358,,,,,IN,
130886,30373-B-4,,PUR,VEN,Q2,9:23,19,11,220,170000,shot,FT,Free throw missed 1 of 2,125,319575,False,1,0,0,,
130886,30373-B-4,,PUR,VEN,Q2,9:23,20,11,221,171000,shot,FT,Free throw made 2 of 2,125,319575,True,1,0,0,,
130886,30373-B-4,,PUR,VEN,Q2,9:23,20,11,222,171001,unknwown,ASS,made the assist,125,319586,,,,,,
130886,30373-B-4,,PUR,VEN,Q2,9:05,20,11,224,173000,shot,P2,layup missed,158,390925,False,2,106,48,,
130886,30373-B-4,,PUR,VEN,Q2,9:05,20,11,226,173001,unknwown,BS,blocked the shot,125,319575,,,,,,
130886,30373-B-4,,PUR,VEN,Q2,9:02,20,11,227,173002,unknwown,TREB,team defensive rebound,125,,,,,,,
130886,30373-B-4,,PUR,VEN,Q2,8:49,20,11,232,179000,timeout,TIMO,Timeout,125,,,,,,,
130886,30373-B-4,,PUR,VEN,Q2,8:49,20,11,233,180000,subst,SUBST,Substitution out,125,319576,,,,,OUT,
130886,30373-B-4,,PUR,VEN,Q2,8:49,20,11,234,181000,subst,SUBST,Substitution in,125,416814,,,,,IN,
130886,30373-B-4,,PUR,VEN,Q2,8:49,20,11,235,182000,subst,SUBST,Substitution out,158,378547,,,,,OUT,
130886,30373-B-4,,PUR,VEN,Q2,8:49,20,11,236,183000,subst,SUBST,Substitution in,158,416968,,,,,IN,
130886,30373-B-4,,PUR,VEN,Q2,8:40,20,11,238,185000,shot,P3,3pt jump shot from center missed,125,319586,False,3,191,193,,
130886,30373-B-4,,PUR,VEN,Q2,8:35,20,11,239,185002,unknwown,REB,defensive rebound,158,409358,,,,,,
130886,30373-B-4,,PUR,VEN,Q2,8:33,20,14,240,186000,shot,P3,3pt jump shot made,158,409363,True,3,219,145,,
130886,30373-B-4,,PUR,VEN,Q2,8:33,20,14,241,186001,unknwown,ASS,made the assist,158,409358,,,,,,
130886,30373-B-4,,PUR,VEN,Q2,8:15,20,14,245,190000,unknwown,FOUL,offensive foul,125,416823,,,,,,
130886,30373-B-4,,PUR,VEN,Q2,8:15,20,14,246,190001,unknwown,TO,turnover,125,416823,,,,,,
130886,30373-B-4,,PUR,VEN,Q2,8:15,20,14,247,190002,unknwown,RFOUL,foul drawn,158,409358,,,,,,
130886,30373-B-4,,PUR,VEN,Q2,8:15,20,14,248,191000,subst,SUBST,Substitution out,125,343088,,,,,OUT,
130886,30373-B-4,,PUR,VEN,Q2,8:15,20,14,249,192000,subst,SUBST,Substitution in,125,416819,,,,,IN,
130886,30373-B-4,,PUR,VEN,Q2,8:03,20,16,252,195000,shot,P2,2pt driving layup made,158,378579,True,2,166,39,,
130886,30373-B-4,,PUR,VEN,Q2,8:03,20,16,253,196000,unknwown,FOUL,personal foul; 1 free throw awarded,125,416819,,,,,,
130886,30373-B-4,,PUR,VEN,Q2,8:03,20,16,254,196002,unknwown,RFOUL,foul drawn,158,378579,,,,,,
130886,30373-B-4,,PUR,VEN,Q2,8:03,20,17,255,197000,shot,FT,1st free throw made,158,378579,True,1,0,0,,
130886,30373-B-4,,PUR,VEN,Q2,7:55,20,17,260,202000,subst,SUBST,Substitution out,125,416823,,,,,OUT,
130886,30373-B-4,,PUR,VEN,Q2,7:55,20,17,261,203000,subst,SUBST,Substitution in,125,319576,,,,,IN,
130886,30373-B-4,,PUR,VEN,Q2,7:44,22,17,263,205000,shot,P2,2pt turnaround jump shot made,125,319575,True,2,198,91,,
130886,30373-B-4,,PUR,VEN,Q2,7:44,22,17,264,205001,unknwown,ASS,made the assist,125,416819,,,,,,
130886,30373-B-4,,PUR,VEN,Q2,7:34,22,17,266,207000,unknwown,FOUL,offensive foul,158,390925,,,,,,
130886,30373-B-4,,PUR,VEN,Q2,7:34,22,17,267,207001,unknwown,TO,turnover,158,390925,,,,,,
130886,30373-B-4,,PUR,VEN,Q2,7:34,22,17,268,207002,unknwown,RFOUL,foul drawn,125,319586,,,,,,
130886,30373-B-4,,PUR,VEN,Q2,7:25,22,17,271,210000,unknwown,TO,turnover; out of bounds,125,319576,,,,,,
130886,30373-B-4,,PUR,VEN,Q2,7:09,22,17,273,212000,shot,P2,"2PtsFG under the basket, points after turnover, layup missed",158,409358,False,2,119,40,,
130886,30373-B-4,,PUR,VEN,Q2,7:06,22,17,274,212002,unknwown,REB,offensive rebound,158,378579,,,,,,
130886,30373-B-4,,PUR,VEN,Q2,6:58,22,17,275,213000,shot,P2,2pt driving layup missed,158,390925,False,2,113,29,,
130886,30373-B-4,,PUR,VEN,Q2,6:55,22,17,276,213002,unknwown,REB,offensive rebound,158,416968,,,,,,
130886,30373-B-4,,PUR,VEN,Q2,6:54,22,17,277,214000,shot,P2,2pt driving layup missed,158,416968,False,2,183,46,,
130886,30373-B-4,,PUR,VEN,Q2,6:50,22,17,278,214002,unknwown,REB,offensive rebound,158,409358,,,,,,
130886,30373-B-4,,PUR,VEN,Q2,6:50,22,19,279,215000,shot,P2,layup made,158,409358,True,2,176,51,,
130886,30373-B-4,,PUR,VEN,Q2,6:37,25,19,280,216000,shot,P3,3pt jump shot made,125,319586,True,3,221,150,,
130886,30373-B-4,,PUR,VEN,Q2,6:37,25,19,281,216001,unknwown,ASS,made the assist,125,416819,,,,,,
130886,30373-B-4,,PUR,VEN,Q2,6:22,25,19,283,218000,unknwown,FOUL,offensive foul,158,416968,,,,,,
130886,30373-B-4,,PUR,VEN,Q2,6:22,25,19,284,218001,unknwown,TO,turnover,158,416968,,,,,,
130886,30373-B-4,,PUR,VEN,Q2,6:22,25,19,285,218002,unknwown,RFOUL,foul drawn,125,319576,,,,,,
130886,30373-B-4,,PUR,VEN,Q2,6:22,25,19,286,219000,subst,SUBST,Substitution out,125,319575,,,,,OUT,
130886,30373-B-4,,PUR,VEN,Q2,6:22,25,19,287,220000,subst,SUBST,Substitution in,125,384042,,,,,IN,
130886,30373-B-4,,PUR,VEN,Q2,6:22,25,19,288,221000,subst,SUBST,Substitution out,158,378579,,,,,OUT,
130886,30373-B-4,,PUR,VEN,Q2,6:22,25,19,289,222000,subst,SUBST,Substitution out,158,416968,,,,,OUT,
130886,30373-B-4,,PUR,VEN,Q2,6:22,25,19,290,223000,subst,SUBST,Substitution in,158,378577,,,,,IN,
130886,30373-B-4,,PUR,VEN,Q2,6:22,25,19,291,224000,subst,SUBST,Substitution in,158,378576,,,,,IN,
130886,30373-B-4,,PUR,VEN,Q2,6:12,25,19,293,226000,unknwown,FOUL,personal foul,158,409358,,,,,,
130886,30373-B-4,,PUR,VEN,Q2,6:12,25,19,295,226002,unknwown,RFOUL,foul drawn,125,384042,,,,,,
130886,30373-B-4,,PUR,VEN,Q2,5:59,27,19,299,231000,shot,P2,2pt driving layup made,125,319586,True,2,137,69,,
130886,30373-B-4,,PUR,VEN,Q2,5:36,27,19,300,232000,shot,P2,2pt floating jump shot missed,158,409363,False,2,122,51,,
130886,30373-B-4,,PUR,VEN,Q2,5:34,27,19,301,232002,unknwown,REB,defensive rebound,125,319586,,,,,,
130886,30373-B-4,,PUR,VEN,Q2,5:31,27,19,302,233000,shot,P2,2pt driving layup missed,125,319576,False,2,118,56,,
130886,30373-B-4,,PUR,VEN,Q2,5:31,27,19,303,233001,unknwown,BS,blocked the shot,158,378577,,,,,,
130886,30373-B-4,,PUR,VEN,Q2,5:23,27,19,304,233002,unknwown,REB,defensive rebound,158,378577,,,,,,
130886,30373-B-4,,PUR,VEN,Q2,5:23,27,19,306,235000,shot,P2,layup missed,158,390925,False,2,115,50,,
130886,30373-B-4,,PUR,VEN,Q2,5:23,27,19,307,235001,unknwown,BS,blocked the shot,125,416814,,,,,,
130886,30373-B-4,,PUR,VEN,Q2,5:22,27,19,308,235002,unknwown,TREB,team offensive rebound,158,,,,,,,
130886,30373-B-4,,PUR,VEN,Q2,5:22,27,19,309,236000,subst,SUBST,Substitution out,125,319586,,,,,OUT,
130886,30373-B-4,,PUR,VEN,Q2,5:22,27,19,310,237000,subst,SUBST,Substitution in,125,319575,,,,,IN,
130886,30373-B-4,,PUR,VEN,Q2,5:22,27,19,311,238000,subst,SUBST,Substitution out,158,409358,,,,,OUT,
130886,30373-B-4,,PUR,VEN,Q2,5:22,27,19,312,239000,subst,SUBST,Substitution in,158,378547,,,,,IN,
130886,30373-B-4,,PUR,VEN,Q2,5:12,27,19,314,241000,shot,P2,"2PtsFG inside right, jump shot missed",158,390925,False,2,202,47,,
130886,30373-B-4,,PUR,VEN,Q2,5:12,27,19,315,241001,unknwown,BS,blocked the shot,125,319575,,,,,,
130886,30373-B-4,,PUR,VEN,Q2,5:07,27,19,316,241002,unknwown,REB,defensive rebound,125,416814,,,,,,
130886,30373-B-4,,PUR,VEN,Q2,5:04,27,19,317,242000,unknwown,TO,turnover; ball handling,125,416814,,,,,,
130886,30373-B-4,,PUR,VEN,Q2,5:04,27,19,318,242001,unknwown,ST,steal,158,378547,,,,,,
130886,30373-B-4,,PUR,VEN,Q2,4:59,27,21,319,243000,shot,P2,"2PtsFG under the basket, points from fastbreak + after turnover, driving layup made",158,378576,True,2,119,35,,
130886,30373-B-4,,PUR,VEN,Q2,4:35,27,21,320,244000,unknwown,TO,turnover; bad pass,125,416819,,,,,,
130886,30373-B-4,,PUR,VEN,Q2,4:35,27,21,321,244001,unknwown,ST,steal,158,378547,,,,,,
130886,30373-B-4,,PUR,VEN,Q2,4:31,27,23,322,245000,shot,P2,"2PtsFG under the basket, points from fastbreak + after turnover, driving layup made",158,409363,True,2,150,43,,
130886,30373-B-4,,PUR,VEN,Q2,4:31,27,23,324,245001,unknwown,ASS,made the assist,158,378547,,,,,,
130886,30373-B-4,,PUR,VEN,Q2,4:29,27,23,325,247000,timeout,TIMO,Timeout,125,,,,,,,
130886,30373-B-4,,PUR,VEN,Q2,4:29,27,23,326,248000,subst,SUBST,Substitution out,125,416819,,,,,OUT,
130886,30373-B-4,,PUR,VEN,Q2,4:29,27,23,327,249000,subst,SUBST,Substitution out,125,416814,,,,,OUT,
130886,30373-B-4,,PUR,VEN,Q2,4:29,27,23,328,250000,subst,SUBST,Substitution in,125,416822,,,,,IN,
130886,30373-B-4,,PUR,VEN,Q2,4:29,27,23,329,251000,subst,SUBST,Substitution in,125,416823,,,,,IN,
130886,30373-B-4,,PUR,VEN,Q2,4:22,30,23,333,255000,shot,P3,3pt jump shot made,125,416822,True,3,11,90,,
130886,30373-B-4,,PUR,VEN,Q2,4:22,30,23,334,255001,unknwown,ASS,made the assist,125,319575,,,,,,
130886,30373-B-4,,PUR,VEN,Q2,4:03,30,26,335,256000,shot,P3,3pt jump shot made,158,378576,True,3,21,118,,
130886,30373-B-4,,PUR,VEN,Q2,4:03,30,26,336,256001,unknwown,ASS,made the assist,158,409363,,,,,,
130886,30373-B-4,,PUR,VEN,Q2,3:43,30,26,337,257000,shot,P3,3pt jump shot missed,125,416822,False,3,9,23,,
130886,30373-B-4,,PUR,VEN,Q2,3:41,30,26,338,257002,unknwown,REB,offensive rebound,125,416823,,,,,,
130886,30373-B-4,,PUR,VEN,Q2,3:34,30,26,339,258000,shot,P2,"2PtsFG inside right, jump shot missed",125,319575,False,2,219,83,,
130886,30373-B-4,,PUR,VEN,Q2,3:29,30,26,340,258002,unknwown,TREB,team defensive rebound,158,,,,,,,
130886,30373-B-4,,PUR,VEN,Q2,3:28,30,26,342,260000,subst,SUBST,Substitution out,158,390925,,,,,OUT,
130886,30373-B-4,,PUR,VEN,Q2,3:28,30,26,343,261000,subst,SUBST,Substitution in,158,409360,,,,,IN,
130886,30373-B-4,,PUR,VEN,Q2,3:16,30,26,346,264000,unknwown,FOUL,personal foul; 2 free throws awarded,125,416823,,,,,,
130886,30373-B-4,,PUR,VEN,Q2,3:16,30,26,347,264002,unknwown,RFOUL,foul drawn,158,378577,,,,,,
130886,30373-B-4,,PUR,VEN,Q2,3:16,30,26,348,265000,subst,SUBST,Substitution out,125,319576,,,,,OUT,
130886,30373-B-4,,PUR,VEN,Q2,3:16,30,26,349,266000,subst,SUBST,Substitution in,125,319586,,,,,IN,
130886,30373-B-4,,PUR,VEN,Q2,3:16,30,27,350,267000,shot,FT,1st of 2 free throws made,158,378577,True,1,0,0,,
130886,30373-B-4,,PUR,VEN,Q2,3:16,30,27,351,267001,unknwown,ASS,made the assist,158,409363,,,,,,
130886,30373-B-4,,PUR,VEN,Q2,3:16,30,27,352,268000,shot,FT,2nd of 2 free throws missed,158,378577,False,1,0,0,,
130886,30373-B-4,,PUR,VEN,Q2,3:16,30,27,354,268002,unknwown,REB,defensive rebound,125,319575,,,,,,
130886,30373-B-4,,PUR,VEN,Q2,2:57,30,27,355,270000,shot,P3,3pt jump shot missed,125,416823,False,3,10,33,,
130886,30373-B-4,,PUR,VEN,Q2,2:54,30,27,356,270002,unknwown,REB,offensive rebound,125,319575,,,,,,
130886,30373-B-4,,PUR,VEN,Q2,2:49,30,27,357,271000,shot,P2,"2PtsFG inside left wing, jump shot missed",125,319586,False,2,83,34,,
130886,30373-B-4,,PUR,VEN,Q2,2:44,30,27,358,271002,unknwown,REB,offensive rebound,125,384042,,,,,,
130886,30373-B-4,,PUR,VEN,Q2,2:44,32,27,359,272000,shot,P2,2PtsFG under the basket made,125,384042,True,2,140,31,,
130886,30373-B-4,,PUR,VEN,Q2,2:38,32,27,360,273000,shot,P3,3pt jump shot missed,158,409360,False,3,270,29,,
130886,30373-B-4,,PUR,VEN,Q2,2:34,32,27,361,273002,unknwown,REB,defensive rebound,125,384042,,,,,,
130886,30373-B-4,,PUR,VEN,Q2,2:27,32,27,363,275000,unknwown,FOUL,personal foul; 2 free throws awarded,158,378577,,,,,,
130886,30373-B-4,,PUR,VEN,Q2,2:27,32,27,364,275002,unknwown,RFOUL,foul drawn,125,319575,,,,,,
130886,30373-B-4,,PUR,VEN,Q2,2:27,32,27,365,276000,subst,SUBST,Substitution out,158,409363,,,,,OUT,
130886,30373-B-4,,PUR,VEN,Q2,2:27,32,27,366,277000,subst,SUBST,Substitution in,158,378579,,,,,IN,
130886,30373-B-4,,PUR,VEN,Q2,2:27,32,27,367,278000,shot,FT,1st of 2 free throws missed,125,319575,False,1,0,0,,
130886,30373-B-4,,PUR,VEN,Q2,2:27,33,27,368,279000,shot,FT,2nd of 2 free throws made,125,319575,True,1,0,0,,
130886,30373-B-4,,PUR,VEN,Q2,2:14,33,27,370,281000,shot,P3,3pt jump shot from center missed,158,378576,False,3,124,171,,
130886,30373-B-4,,PUR,VEN,Q2,2:09,33,27,371,281002,unknwown,REB,offensive rebound,158,378577,,,,,,
130886,30373-B-4,,PUR,VEN,Q2,2:09,33,29,372,282000,shot,P2,2PtsFG under the basket made,158,378577,True,2,140,31,,
130886,30373-B-4,,PUR,VEN,Q2,1:49,33,29,374,284000,unknwown,FOUL,personal foul; 2 free throws awarded,158,378547,,,,,,
130886,30373-B-4,,PUR,VEN,Q2,1:49,33,29,375,284002,unknwown,RFOUL,foul drawn,125,416822,,,,,,
130886,30373-B-4,,PUR,VEN,Q2,1:49,33,29,376,285000,subst,SUBST,Substitution out,125,416823,,,,,OUT,
130886,30373-B-4,,PUR,VEN,Q2,1:49,33,29,377,286000,subst,SUBST,Substitution in,125,416820,,,,,IN,
130886,30373-B-4,,PUR,VEN,Q2,1:49,33,29,378,287000,shot,FT,1st of 2 free throws missed,125,416822,False,1,0,0,,
130886,30373-B-4,,PUR,VEN,Q2,1:49,34,29,379,288000,shot,FT,2nd of 2 free throws made,125,416822,True,1,0,0,,
130886,30373-B-4,,PUR,VEN,Q2,1:29,34,29,381,290000,shot,P2,2pt driving layup missed,158,378579,False,2,157,46,,
130886,30373-B-4,,PUR,VEN,Q2,1:26,34,29,382,290002,unknwown,REB,offensive rebound,158,378547,,,,,,
130886,30373-B-4,,PUR,VEN,Q2,1:26,34,29,384,292000,shot,P2,"2PtsFG under the basket, layup missed",158,378547,False,2,160,37,,
130886,30373-B-4,,PUR,VEN,Q2,1:26,34,29,385,292001,unknwown,BS,blocked the shot,125,384042,,,,,,
130886,30373-B-4,,PUR,VEN,Q2,1:26,34,29,386,292002,unknwown,TREB,team offensive rebound,158,,,,,,,
130886,30373-B-4,,PUR,VEN,Q2,1:26,34,29,387,293000,unknwown,TTO,team turnover; shot clock violation,158,,,,,,,
130886,30373-B-4,,PUR,VEN,Q2,1:22,34,29,389,295000,shot,P2,layup missed,125,319575,False,2,183,62,,
130886,30373-B-4,,PUR,VEN,Q2,1:22,34,29,391,295001,unknwown,BS,blocked the shot,158,378577,,,,,,
130886,30373-B-4,,PUR,VEN,Q2,1:19,34,29,392,295002,unknwown,TREB,team offensive rebound,125,,,,,,,
130886,30373-B-4,,PUR,VEN,Q2,1:14,36,29,394,298000,shot,P2,layup made,125,384042,True,2,112,53,,
130886,30373-B-4,,PUR,VEN,Q2,1:14,36,29,396,298001,unknwown,ASS,made the assist,125,319586,,,,,,
130886,30373-B-4,,PUR,VEN,Q2,1:10,36,29,397,300000,timeout,TIMO,Timeout,158,,,,,,,
130886,30373-B-4,,PUR,VEN,Q2,0:55,36,29,399,302000,shot,P2,"2PtsFG inside paint, reverse lay-up missed",158,378577,False,2,162,39,,
130886,30373-B-4,,PUR,VEN,Q2,0:52,36,29,400,302002,unknwown,REB,offensive rebound,158,409360,,,,,,
130886,30373-B-4,,PUR,VEN,Q2,0:51,36,31,401,303000,shot,P2,layup made,158,409360,True,2,130,60,,
130886,30373-B-4,,PUR,VEN,Q2,0:32,36,31,406,308000,shot,P3,3pt jump shot missed,125,416822,False,3,42,135,,
130886,30373-B-4,,PUR,VEN,Q2,0:25,36,31,407,308002,unknwown,REB,defensive rebound,158,409360,,,,,,
130886,30373-B-4,,PUR,VEN,Q2,0:22,36,33,408,309000,shot,P2,layup made,158,409360,True,2,96,29,,
130886,30373-B-4,,PUR,VEN,Q2,0:22,36,33,409,309001,unknwown,ASS,made the assist,158,378579,,,,,,
130886,30373-B-4,,PUR,VEN,Q2,0:01,39,33,410,310000,shot,P3,3pt jump shot made,125,319586,True,3,227,150,,
130886,30373-B-4,,PUR,VEN,Q2,0:01,39,33,412,310001,unknwown,ASS,made the assist,125,319575,,,,,,
130886,30373-B-4,,PUR,VEN,Q2,0:00,39,33,413,312000,periods,ENDP,End of Period,,,,,,,,
130886,30373-B-4,,PUR,VEN,Q3,10:00,39,33,414,313000,subst,SUBST,Substitution out,125,416822,,,,,OUT,
130886,30373-B-4,,PUR,VEN,Q3,10:00,39,33,415,314000,subst,SUBST,Substitution out,125,416820,,,,,OUT,
130886,30373-B-4,,PUR,VEN,Q3,10:00,39,33,416,315000,subst,SUBST,Substitution in,125,417164,,,,,IN,
130886,30373-B-4,,PUR,VEN,Q3,10:00,39,33,417,316000,subst,SUBST,Substitution in,125,343131,,,,,IN,
130886,30373-B-4,,PUR,VEN,Q3,10:00,39,33,418,317000,subst,SUBST,Substitution out,158,409360,,,,,OUT,
130886,30373-B-4,,PUR,VEN,Q3,10:00,39,33,419,318000,subst,SUBST,Substitution in,158,390925,,,,,IN,
130886,30373-B-4,,PUR,VEN,Q3,10:00,39,33,420,319000,periods,STARTP,Start of Period,,,,,,,,
130886,30373-B-4,,PUR,VEN,Q3,9:45,39,33,424,323000,shot,P2,2pt hook shot missed,125,417164,False,2,168,38,,
130886,30373-B-4,,PUR,VEN,Q3,9:41,39,33,425,323002,unknwown,REB,offensive rebound,125,343131,,,,,,
130886,30373-B-4,,PUR,VEN,Q3,9:40,39,33,426,324000,shot,P2,layup missed,125,343131,False,2,100,54,,
130886,30373-B-4,,PUR,VEN,Q3,9:37,39,33,427,324002,unknwown,REB,defensive rebound,158,378547,,,,,,
130886,30373-B-4,,PUR,VEN,Q3,9:19,39,33,428,325000,shot,P2,"2PtsFG under the basket, layup missed",158,390925,False,2,126,42,,
130886,30373-B-4,,PUR,VEN,Q3,9:16,39,33,429,325002,unknwown,REB,defensive rebound,125,343131,,,,,,
130886,30373-B-4,,PUR,VEN,Q3,9:15,39,33,430,326000,unknwown,TO,turnover; bad pass,125,343131,,,,,,
130886,30373-B-4,,PUR,VEN,Q3,9:15,39,33,431,326001,unknwown,ST,steal,158,378576,,,,,,
130886,30373-B-4,,PUR,VEN,Q3,9:13,39,35,432,327000,shot,P2,"2PtsFG inside paint, points from fastbreak + after turnover, layup made",158,378576,True,2,110,45,,
130886,30373-B-4,,PUR,VEN,Q3,8:57,41,35,433,328000,shot,P2,layup made,125,319586,True,2,108,29,,
130886,30373-B-4,,PUR,VEN,Q3,8:57,41,35,434,328001,unknwown,ASS,made the assist,125,417164,,,,,,
130886,30373-B-4,,PUR,VEN,Q3,8:37,41,35,436,330000,unknwown,FOUL,personal foul; 2 free throws awarded,125,319586,,,,,,
130886,30373-B-4,,PUR,VEN,Q3,8:37,41,35,437,330002,unknwown,RFOUL,foul drawn,158,378577,,,,,,
130886,30373-B-4,,PUR,VEN,Q3,8:37,41,35,438,331000,shot,FT,1st of 2 free throws missed,158,378577,False,1,0,0,,
130886,30373-B-4,,PUR,VEN,Q3,8:37,41,36,439,332000,shot,FT,2nd of 2 free throws made,158,378577,True,1,0,0,,
130886,30373-B-4,,PUR,VEN,Q3,8:37,41,36,440,332001,unknwown,ASS,made the assist,158,378579,,,,,,
130886,30373-B-4,,PUR,VEN,Q3,8:25,41,36,443,335000,unknwown,FOUL,offensive foul,125,417164,,,,,,
130886,30373-B-4,,PUR,VEN,Q3,8:25,41,36,444,335001,unknwown,TO,turnover,125,417164,,,,,,
130886,30373-B-4,,PUR,VEN,Q3,8:25,41,36,445,335002,unknwown,RFOUL,foul drawn,158,378576,,,,,,
130886,30373-B-4,,PUR,VEN,Q3,8:12,41,36,447,337000,shot,P2,"2PtsFG inside paint, points after turnover, reverse lay-up missed",158,390925,False,2,170,43,,
130886,30373-B-4,,PUR,VEN,Q3,8:08,41,36,448,337002,unknwown,REB,defensive rebound,125,417164,,,,,,
130886,30373-B-4,,PUR,VEN,Q3,8:05,41,36,450,339000,unknwown,FOUL,personal foul,158,378547,,,,,,
130886,30373-B-4,,PUR,VEN,Q3,8:05,41,36,451,339002,unknwown,RFOUL,foul drawn,125,417164,,,,,,
130886,30373-B-4,,PUR,VEN,Q3,8:05,41,36,452,340000,subst,SUBST,Substitution out,158,378547,,,,,OUT,
130886,30373-B-4,,PUR,VEN,Q3,8:05,41,36,453,341000,subst,SUBST,Substitution in,158,409358,,,,,IN,
130886,30373-B-4,,PUR,VEN,Q3,8:00,41,36,455,343000,shot,P3,3pt jump shot missed,125,417164,False,3,9,48,,
130886,30373-B-4,,PUR,VEN,Q3,7:57,41,36,456,343002,unknwown,REB,offensive rebound,125,319586,,,,,,
130886,30373-B-4,,PUR,VEN,Q3,7:55,41,36,457,344000,shot,P2,2pt floating jump shot missed,125,319575,False,2,192,42,,
130886,30373-B-4,,PUR,VEN,Q3,7:53,41,36,459,344002,unknwown,TREB,team defensive rebound,158,,,,,,,
130886,30373-B-4,,PUR,VEN,Q3,7:37,41,36,462,348000,shot,P3,3pt jump shot missed,158,378576,False,3,37,128,,
130886,30373-B-4,,PUR,VEN,Q3,7:34,41,36,463,348002,unknwown,REB,defensive rebound,125,417164,,,,,,
130886,30373-B-4,,PUR,VEN,Q3,7:19,43,36,465,350000,shot,P2,2pt turnaround jump shot made,125,343131,True,2,189,34,,
130886,30373-B-4,,PUR,VEN,Q3,7:19,43,36,466,350001,unknwown,ASS,made the assist,125,319586,,,,,,
130886,30373-B-4,,PUR,VEN,Q3,7:19,43,36,467,351000,unknwown,FOUL,personal foul; 1 free throw awarded,158,409358,,,,,,
130886,30373-B-4,,PUR,VEN,Q3,7:19,43,36,468,351002,unknwown,RFOUL,foul drawn,125,343131,,,,,,
130886,30373-B-4,,PUR,VEN,Q3,7:19,43,36,469,352000,subst,SUBST,Substitution out,158,409358,,,,,OUT,
130886,30373-B-4,,PUR,VEN,Q3,7:19,43,36,470,353000,subst,SUBST,Substitution in,158,416968,,,,,IN,
130886,30373-B-4,,PUR,VEN,Q3,7:19,43,36,471,354000,shot,FT,1st free throw missed,125,343131,False,1,0,0,,
130886,30373-B-4,,PUR,VEN,Q3,7:19,43,36,473,354002,unknwown,REB,defensive rebound,158,390925,,,,,,
130886,30373-B-4,,PUR,VEN,Q3,6:59,43,36,474,356000,shot,P3,3pt jump shot missed,158,378577,False,3,258,110,,
130886,30373-B-4,,PUR,VEN,Q3,6:56,43,36,475,356002,unknwown,REB,defensive rebound,125,319575,,,,,,
130886,30373-B-4,,PUR,VEN,Q3,6:54,43,36,476,357000,unknwown,TO,turnover; ball handling,125,319586,,,,,,
130886,30373-B-4,,PUR,VEN,Q3,6:54,43,36,477,357001,unknwown,ST,steal,158,378579,,,,,,
130886,30373-B-4,,PUR,VEN,Q3,6:49,43,38,478,358000,shot,P2,"2PtsFG inside paint, points from fastbreak + after turnover, driving layup made",158,390925,True,2,164,44,,
130886,30373-B-4,,PUR,VEN,Q3,6:49,43,38,479,358001,unknwown,ASS,made the assist,158,378576,,,,,,
130886,30373-B-4,,PUR,VEN,Q3,6:33,43,38,481,360000,unknwown,TTO,team turnover; 8 seconds violation,125,,,,,,,
130886,30373-B-4,,PUR,VEN,Q3,6:33,43,38,482,361000,subst,SUBST,Substitution out,158,390925,,,,,OUT,
130886,30373-B-4,,PUR,VEN,Q3,6:33,43,38,483,362000,subst,SUBST,Substitution in,158,409360,,,,,IN,
130886,30373-B-4,,PUR,VEN,Q3,6:22,43,38,485,364000,shot,P3,3pt jump shot missed,158,378577,False,3,39,138,,
130886,30373-B-4,,PUR,VEN,Q3,6:17,43,38,486,364002,unknwown,REB,defensive rebound,125,343131,,,,,,
130886,30373-B-4,,PUR,VEN,Q3,5:53,43,38,490,368000,unknwown,FOUL,personal foul; 3 free throws awarded,158,378577,,,,,,
130886,30373-B-4,,PUR,VEN,Q3,5:53,43,38,491,368002,unknwown,RFOUL,foul drawn,125,319575,,,,,,
130886,30373-B-4,,PUR,VEN,Q3,5:52,43,38,492,369000,subst,SUBST,Substitution out,125,417164,,,,,OUT,
130886,30373-B-4,,PUR,VEN,Q3,5:52,43,38,493,370000,subst,SUBST,Substitution in,125,416823,,,,,IN,
130886,30373-B-4,,PUR,VEN,Q3,5:52,43,38,494,371000,subst,SUBST,Substitution out,158,378577,,,,,OUT,
130886,30373-B-4,,PUR,VEN,Q3,5:52,43,38,495,372000,subst,SUBST,Substitution in,158,409358,,,,,IN,
130886,30373-B-4,,PUR,VEN,Q3,5:52,44,38,496,373000,shot,FT,1st of 3 free throws made,125,319575,True,1,0,0,,
130886,30373-B-4,,PUR,VEN,Q3,5:52,44,38,497,373001,unknwown,ASS,made the assist,125,319586,,,,,,
130886,30373-B-4,,PUR,VEN,Q3,5:52,45,38,498,374000,shot,FT,2nd of 3 free throws made,125,319575,True,1,0,0,,
130886,30373-B-4,,PUR,VEN,Q3,5:52,45,38,499,375000,shot,FT,3rd of 3 free throws missed,125,319575,False,1,0,0,,
130886,30373-B-4,,PUR,VEN,Q3,5:52,45,38,501,375002,unknwown,REB,offensive rebound,125,343131,,,,,,
130886,30373-B-4,,PUR,VEN,Q3,5:40,45,38,502,377000,shot,P2,"2PtsFG inside right, jump shot missed",125,343131,False,2,198,84,,
130886,30373-B-4,,PUR,VEN,Q3,5:38,45,38,503,377002,unknwown,REB,defensive rebound,158,378579,,,,,,
130886,30373-B-4,,PUR,VEN,Q3,5:26,45,38,505,379000,unknwown,FOUL,personal foul; 2 free throws awarded,125,416823,,,,,,
130886,30373-B-4,,PUR,VEN,Q3,5:26,45,38,506,379002,unknwown,RFOUL,foul drawn,158,378576,,,,,,
130886,30373-B-4,,PUR,VEN,Q3,5:26,45,39,507,380000,shot,FT,1st of 2 free throws made,158,378576,True,1,0,0,,
130886,30373-B-4,,PUR,VEN,Q3,5:26,45,39,508,381000,shot,FT,2nd of 2 free throws missed,158,378576,False,1,0,0,,
130886,30373-B-4,,PUR,VEN,Q3,5:26,45,39,510,381002,unknwown,REB,defensive rebound,125,416823,,,,,,
130886,30373-B-4,,PUR,VEN,Q3,5:15,45,39,511,383000,shot,P2,"2PtsFG under the basket, alley oop lay-up missed",125,384042,False,2,123,34,,
130886,30373-B-4,,PUR,VEN,Q3,5:11,45,39,512,383002,unknwown,REB,defensive rebound,158,378579,,,,,,
130886,30373-B-4,,PUR,VEN,Q3,5:04,45,39,513,384000,unknwown,TO,turnover; bad pass,158,378579,,,,,,
130886,30373-B-4,,PUR,VEN,Q3,5:04,45,39,514,384001,unknwown,ST,steal,125,319575,,,,,,
130886,30373-B-4,,PUR,VEN,Q3,5:00,47,39,515,385000,shot,P2,"2PtsFG under the basket, points from fastbreak + after turnover, driving layup made",125,319575,True,2,165,20,,
130886,30373-B-4,,PUR,VEN,Q3,4:40,47,39,518,388000,shot,P2,"2PtsFG under the basket, layup missed",158,416968,False,2,122,31,,
130886,30373-B-4,,PUR,VEN,Q3,4:40,47,39,519,388001,unknwown,BS,blocked the shot,125,343131,,,,,,
130886,30373-B-4,,PUR,VEN,Q3,4:33,47,39,520,388002,unknwown,REB,offensive rebound,158,416968,,,,,,
130886,30373-B-4,,PUR,VEN,Q3,4:32,47,39,521,389000,shot,P2,layup missed,158,416968,False,2,160,69,,
130886,30373-B-4,,PUR,VEN,Q3,4:30,47,39,522,389002,unknwown,REB,defensive rebound,125,343131,,,,,,
130886,30373-B-4,,PUR,VEN,Q3,4:29,49,39,525,392000,shot,P2,"2PtsFG under the basket, fast break, layup made",125,319575,True,2,145,29,,
130886,30373-B-4,,PUR,VEN,Q3,4:25,49,39,527,394000,timeout,TIMO,Timeout,158,,,,,,,
130886,30373-B-4,,PUR,VEN,Q3,4:25,49,39,528,395000,subst,SUBST,Substitution out,125,384042,,,,,OUT,
130886,30373-B-4,,PUR,VEN,Q3,4:25,49,39,529,396000,subst,SUBST,Substitution in,125,319576,,,,,IN,
130886,30373-B-4,,PUR,VEN,Q3,4:25,49,39,530,397000,subst,SUBST,Substitution out,158,378579,,,,,OUT,
130886,30373-B-4,,PUR,VEN,Q3,4:25,49,39,531,398000,subst,SUBST,Substitution in,158,409363,,,,,IN,
130886,30373-B-4,,PUR,VEN,Q3,4:11,49,39,534,401000,unknwown,FOUL,personal foul; 2 free throws awarded,125,343131,,,,,,
130886,30373-B-4,,PUR,VEN,Q3,4:11,49,39,535,401002,unknwown,RFOUL,foul drawn,158,409358,,,,,,
130886,30373-B-4,,PUR,VEN,Q3,4:11,49,39,536,402000,subst,SUBST,Substitution out,125,343131,,,,,OUT,
130886,30373-B-4,,PUR,VEN,Q3,4:11,49,39,537,403000,subst,SUBST,Substitution in,125,416814,,,,,IN,
130886,30373-B-4,,PUR,VEN,Q3,4:11,49,40,538,404000,shot,FT,1st of 2 free throws made,158,409358,True,1,0,0,,
130886,30373-B-4,,PUR,VEN,Q3,4:11,49,41,539,405000,shot,FT,2nd of 2 free throws made,158,409358,True,1,0,0,,
130886,30373-B-4,,PUR,VEN,Q3,3:58,49,41,542,408000,unknwown,FOUL,personal foul; 2 free throws awarded,158,416968,,,,,,
130886,30373-B-4,,PUR,VEN,Q3,3:58,49,41,543,408002,unknwown,RFOUL,foul drawn,125,319575,,,,,,
130886,30373-B-4,,PUR,VEN,Q3,3:58,49,41,544,409000,subst,SUBST,Substitution out,158,378576,,,,,OUT,
130886,30373-B-4,,PUR,VEN,Q3,3:58,49,41,545,410000,subst,SUBST,Substitution out,158,416968,,,,,OUT,
130886,30373-B-4,,PUR,VEN,Q3,3:58,49,41,546,411000,subst,SUBST,Substitution in,158,378547,,,,,IN,
130886,30373-B-4,,PUR,VEN,Q3,3:58,49,41,547,412000,subst,SUBST,Substitution in,158,356334,,,,,IN,
130886,30373-B-4,,PUR,VEN,Q3,3:58,49,41,548,413000,shot,FT,1st of 2 free throws missed,125,319575,False,1,0,0,,
130886,30373-B-4,,PUR,VEN,Q3,3:58,50,41,549,414000,shot,FT,2nd of 2 free throws made,125,319575,True,1,0,0,,
130886,30373-B-4,,PUR,VEN,Q3,3:47,50,43,551,416000,shot,P2,2pt hook shot made,158,409363,True,2,179,98,,
130886,30373-B-4,,PUR,VEN,Q3,3:32,50,43,552,417000,shot,P2,"2PtsFG inside left, jump shot missed",125,319576,False,2,62,49,,
130886,30373-B-4,,PUR,VEN,Q3,3:27,50,43,553,417002,unknwown,REB,defensive rebound,158,356334,,,,,,
130886,30373-B-4,,PUR,VEN,Q3,3:19,50,43,554,418000,shot,P3,3pt jump shot from center missed,158,409363,False,3,129,173,,
130886,30373-B-4,,PUR,VEN,Q3,3:15,50,43,555,418002,unknwown,REB,defensive rebound,125,319586,,,,,,
130886,30373-B-4,,PUR,VEN,Q3,3:04,50,43,557,420000,unknwown,TO,turnover; out of bounds,125,319575,,,,,,
130886,30373-B-4,,PUR,VEN,Q3,3:04,50,43,558,421000,subst,SUBST,Substitution out,125,319575,,,,,OUT,
130886,30373-B-4,,PUR,VEN,Q3,3:04,50,43,559,422000,subst,SUBST,Substitution in,125,416822,,,,,IN,
130886,30373-B-4,,PUR,VEN,Q3,2:48,50,46,561,424000,shot,P3,3pt jump shot made,158,409360,True,3,58,154,,
130886,30373-B-4,,PUR,VEN,Q3,2:48,50,46,562,424001,unknwown,ASS,made the assist,158,378547,,,,,,
130886,30373-B-4,,PUR,VEN,Q3,2:38,52,46,563,425000,shot,P2,"2PtsFG inside paint, reverse lay-up made",125,416814,True,2,157,45,,
130886,30373-B-4,,PUR,VEN,Q3,2:38,52,46,564,425001,unknwown,ASS,made the assist,125,319586,,,,,,
130886,30373-B-4,,PUR,VEN,Q3,2:22,52,46,565,426000,shot,P2,2pt driving layup missed,158,409363,False,2,113,52,,
130886,30373-B-4,,PUR,VEN,Q3,2:18,52,46,566,426002,unknwown,REB,offensive rebound,158,378547,,,,,,
130886,30373-B-4,,PUR,VEN,Q3,2:18,52,48,567,427000,shot,P2,2PtsFG under the basket made,158,378547,True,2,140,31,,
130886,30373-B-4,,PUR,VEN,Q3,2:09,52,48,569,429000,unknwown,FOUL,personal foul; 2 free throws awarded,158,409360,,,,,,
130886,30373-B-4,,PUR,VEN,Q3,2:09,52,48,570,429002,unknwown,RFOUL,foul drawn,125,319586,,,,,,
130886,30373-B-4,,PUR,VEN,Q3,2:09,52,48,571,430000,shot,FT,1st of 2 free throws missed,125,319586,False,1,0,0,,
130886,30373-B-4,,PUR,VEN,Q3,2:09,52,48,572,431000,shot,FT,2nd of 2 free throws missed,125,319586,False,1,0,0,,
130886,30373-B-4,,PUR,VEN,Q3,2:09,52,48,574,431002,unknwown,REB,defensive rebound,158,378547,,,,,,
130886,30373-B-4,,PUR,VEN,Q3,1:53,52,48,575,433000,shot,P2,2pt jump shot missed,158,356334,False,2,68,40,,
130886,30373-B-4,,PUR,VEN,Q3,1:50,52,48,576,433002,unknwown,REB,offensive rebound,158,378547,,,,,,
130886,30373-B-4,,PUR,VEN,Q3,1:50,52,48,577,434000,shot,P2,layup missed,158,378547,False,2,171,52,,
130886,30373-B-4,,PUR,VEN,Q3,1:46,52,48,578,434002,unknwown,REB,offensive rebound,158,409358,,,,,,
130886,30373-B-4,,PUR,VEN,Q3,1:46,52,50,579,435000,shot,P2,2PtsFG under the basket made,158,409358,True,2,140,31,,
130886,30373-B-4,,PUR,VEN,Q3,1:30,52,50,580,436000,shot,P2,"2PtsFG under the basket, driving layup missed",125,319586,False,2,157,27,,
130886,30373-B-4,,PUR,VEN,Q3,1:27,52,50,581,436002,unknwown,REB,defensive rebound,158,409358,,,,,,
130886,30373-B-4,,PUR,VEN,Q3,1:23,52,50,582,437000,shot,P2,layup missed,158,409363,False,2,170,46,,
130886,30373-B-4,,PUR,VEN,Q3,1:21,52,50,584,437002,unknwown,REB,defensive rebound,125,416814,,,,,,
130886,30373-B-4,,PUR,VEN,Q3,1:21,52,50,585,439000,subst,SUBST,Substitution out,125,416823,,,,,OUT,
130886,30373-B-4,,PUR,VEN,Q3,1:21,52,50,586,440000,subst,SUBST,Substitution in,125,384042,,,,,IN,
130886,30373-B-4,,PUR,VEN,Q3,1:21,52,50,587,441000,subst,SUBST,Substitution out,125,319586,,,,,OUT,
130886,30373-B-4,,PUR,VEN,Q3,1:21,52,50,588,442000,subst,SUBST,Substitution in,125,319575,,,,,IN,
130886,30373-B-4,,PUR,VEN,Q3,1:06,52,50,590,444000,shot,P3,3pt step back jump shot missed,125,416822,False,3,262,104,,
130886,30373-B-4,,PUR,VEN,Q3,1:03,52,50,592,444002,unknwown,TREB,team defensive rebound,158,,,,,,,
130886,30373-B-4,,PUR,VEN,Q3,0:51,52,52,594,447000,shot,P2,"2PtsFG inside center, jump shot made",158,409360,True,2,126,127,,
130886,30373-B-4,,PUR,VEN,Q3,0:51,52,52,595,447001,unknwown,ASS,made the assist,158,409363,,,,,,
130886,30373-B-4,,PUR,VEN,Q3,0:33,54,52,598,450000,shot,P2,"2PtsFG under the basket, turnaround jump shot made",125,416814,True,2,120,43,,
130886,30373-B-4,,PUR,VEN,Q3,0:09,54,54,599,451000,shot,P2,"2PtsFG under the basket, reverse lay-up made",158,409358,True,2,153,18,,
130886,30373-B-4,,PUR,VEN,Q3,0:03,54,54,602,454000,shot,P3,"3PtsFG back court, jump shot missed",125,319575,False,3,107,160,,
130886,30373-B-4,,PUR,VEN,Q3,0:00,54,54,604,456000,periods,ENDP,End of Period,,,,,,,,
130886,30373-B-4,,PUR,VEN,Q4,10:00,54,54,605,457000,subst,SUBST,Substitution out,125,416822,,,,,OUT,
130886,30373-B-4,,PUR,VEN,Q4,10:00,54,54,606,458000,subst,SUBST,Substitution out,125,319576,,,,,OUT,
130886,30373-B-4,,PUR,VEN,Q4,10:00,54,54,607,459000,subst,SUBST,Substitution out,125,416814,,,,,OUT,
130886,30373-B-4,,PUR,VEN,Q4,10:00,54,54,608,460000,subst,SUBST,Substitution in,125,319586,,,,,IN,
130886,30373-B-4,,PUR,VEN,Q4,10:00,54,54,609,461000,subst,SUBST,Substitution in,125,417164,,,,,IN,
130886,30373-B-4,,PUR,VEN,Q4,10:00,54,54,610,462000,subst,SUBST,Substitution in,125,343131,,,,,IN,
130886,30373-B-4,,PUR,VEN,Q4,10:00,54,54,611,463000,periods,STARTP,Start of Period,,,,,,,,
130886,30373-B-4,,PUR,VEN,Q4,9:48,54,54,614,466000,unknwown,FOUL,personal foul; 2 free throws awarded,125,343131,,,,,,
130886,30373-B-4,,PUR,VEN,Q4,9:48,54,54,615,466002,unknwown,RFOUL,foul drawn,158,409358,,,,,,
130886,30373-B-4,,PUR,VEN,Q4,9:48,54,54,616,467000,subst,SUBST,Substitution out,125,343131,,,,,OUT,
130886,30373-B-4,,PUR,VEN,Q4,9:48,54,54,617,468000,subst,SUBST,Substitution in,125,416814,,,,,IN,
130886,30373-B-4,,PUR,VEN,Q4,9:48,54,54,618,469000,shot,FT,1st of 2 free throws missed,158,409358,False,1,0,0,,
130886,30373-B-4,,PUR,VEN,Q4,9:48,54,55,619,470000,shot,FT,2nd of 2 free throws made,158,409358,True,1,0,0,,
130886,30373-B-4,,PUR,VEN,Q4,9:34,54,55,621,472000,unknwown,TO,turnover; bad pass,125,319586,,,,,,
130886,30373-B-4,,PUR,VEN,Q4,9:34,54,55,622,472001,unknwown,ST,steal,158,378547,,,,,,
130886,30373-B-4,,PUR,VEN,Q4,9:29,54,57,623,473000,shot,P2,"2PtsFG inside paint, points from fastbreak + after turnover, layup made",158,356334,True,2,165,44,,
130886,30373-B-4,,PUR,VEN,Q4,9:29,54,57,624,473001,unknwown,ASS,made the assist,158,378547,,,,,,
130886,30373-B-4,,PUR,VEN,Q4,9:22,54,57,626,475000,subst,SUBST,Substitution out,125,384042,,,,,OUT,
130886,30373-B-4,,PUR,VEN,Q4,9:22,54,57,627,476000,subst,SUBST,Substitution in,125,416823,,,,,IN,
130886,30373-B-4,,PUR,VEN,Q4,9:17,54,57,632,479000,unknwown,FOUL,disqualifying foul; 2 free throws awarded,158,356334,,,,,,
130886,30373-B-4,,PUR,VEN,Q4,9:17,54,57,633,479002,unknwown,RFOUL,foul drawn,125,319575,,,,,,
130886,30373-B-4,,PUR,VEN,Q4,9:17,54,57,634,480000,subst,SUBST,Substitution out,158,356334,,,,,OUT,
130886,30373-B-4,,PUR,VEN,Q4,9:17,54,57,635,481000,subst,SUBST,Substitution in,158,378576,,,,,IN,
130886,30373-B-4,,PUR,VEN,Q4,9:17,54,57,636,482000,shot,FT,1st of 2 free throws missed,125,319575,False,1,0,0,,
130886,30373-B-4,,PUR,VEN,Q4,9:17,55,57,637,483000,shot,FT,2nd of 2 free throws made,125,319575,True,1,0,0,,
130886,30373-B-4,,PUR,VEN,Q4,9:10,55,57,639,485000,shot,P3,3pt jump shot missed,125,417164,False,3,6,22,,
130886,30373-B-4,,PUR,VEN,Q4,9:06,55,57,640,485002,unknwown,REB,offensive rebound,125,417164,,,,,,
130886,30373-B-4,,PUR,VEN,Q4,8:59,55,57,641,486000,shot,P3,3pt jump shot missed,125,319575,False,3,230,138,,
130886,30373-B-4,,PUR,VEN,Q4,8:57,55,57,642,486002,unknwown,REB,defensive rebound,158,409363,,,,,,
130886,30373-B-4,,PUR,VEN,Q4,8:45,55,57,643,487000,unknwown,FOUL,personal foul,125,319586,,,,,,
130886,30373-B-4,,PUR,VEN,Q4,8:45,55,57,645,487002,unknwown,RFOUL,foul drawn,158,409363,,,,,,
130886,30373-B-4,,PUR,VEN,Q4,8:40,55,59,647,490000,shot,P2,"2PtsFG under the basket, layup made",158,378547,True,2,137,49,,
130886,30373-B-4,,PUR,VEN,Q4,8:40,55,59,648,490001,unknwown,ASS,made the assist,158,409363,,,,,,
130886,30373-B-4,,PUR,VEN,Q4,8:20,55,59,649,491000,shot,P2,"2PtsFG under the basket, layup missed",125,417164,False,2,158,36,,
130886,30373-B-4,,PUR,VEN,Q4,8:17,55,59,650,491002,unknwown,REB,offensive rebound,125,416823,,,,,,
130886,30373-B-4,,PUR,VEN,Q4,8:16,55,59,652,493000,subst,SUBST,Substitution out,125,416823,,,,,OUT,
130886,30373-B-4,,PUR,VEN,Q4,8:16,55,59,653,494000,subst,SUBST,Substitution in,125,416822,,,,,IN,
130886,30373-B-4,,PUR,VEN,Q4,8:13,55,59,656,497000,unknwown,FOUL,personal foul; 2 free throws awarded,158,378547,,,,,,
130886,30373-B-4,,PUR,VEN,Q4,8:13,55,59,657,497002,unknwown,RFOUL,foul drawn,125,319586,,,,,,
130886,30373-B-4,,PUR,VEN,Q4,8:13,55,59,658,498000,subst,SUBST,Substitution out,158,378547,,,,,OUT,
130886,30373-B-4,,PUR,VEN,Q4,8:13,55,59,659,499000,subst,SUBST,Substitution in,158,378577,,,,,IN,
130886,30373-B-4,,PUR,VEN,Q4,8:13,56,59,660,500000,shot,FT,1st of 2 free throws made,125,319586,True,1,0,0,,
130886,30373-B-4,,PUR,VEN,Q4,8:13,56,59,661,500001,unknwown,ASS,made the assist,125,416822,,,,,,
130886,30373-B-4,,PUR,VEN,Q4,8:13,56,59,662,501000,shot,FT,2nd of 2 free throws missed,125,319586,False,1,0,0,,
130886,30373-B-4,,PUR,VEN,Q4,8:13,56,59,664,501002,unknwown,REB,defensive rebound,158,378577,,,,,,
130886,30373-B-4,,PUR,VEN,Q4,8:00,56,59,666,504000,unknwown,TO,turnover; travelling,158,378577,,,,,,
130886,30373-B-4,,PUR,VEN,Q4,7:41,58,59,668,506000,shot,P2,2pt driving layup made,125,319586,True,2,134,51,,
130886,30373-B-4,,PUR,VEN,Q4,7:25,58,59,669,507000,shot,P2,2pt jump shot missed,158,409360,False,2,100,90,,
130886,30373-B-4,,PUR,VEN,Q4,7:23,58,59,670,507002,unknwown,REB,defensive rebound,125,319586,,,,,,
130886,30373-B-4,,PUR,VEN,Q4,7:16,60,59,671,508000,shot,P2,"2PtsFG under the basket, reverse lay-up made",125,416814,True,2,162,34,,
130886,30373-B-4,,PUR,VEN,Q4,7:16,60,59,672,508001,unknwown,ASS,made the assist,125,319575,,,,,,
130886,30373-B-4,,PUR,VEN,Q4,6:54,60,59,673,509000,shot,P2,layup missed,158,378576,False,2,176,69,,
130886,30373-B-4,,PUR,VEN,Q4,6:51,60,59,675,509002,unknwown,REB,offensive rebound,158,409358,,,,,,
130886,30373-B-4,,PUR,VEN,Q4,6:51,60,59,676,511000,unknwown,FOUL,personal foul,125,417164,,,,,,
130886,30373-B-4,,PUR,VEN,Q4,6:51,60,59,677,511002,unknwown,RFOUL,foul drawn,158,378577,,,,,,
130886,30373-B-4,,PUR,VEN,Q4,6:51,60,59,678,512000,unknwown,CFOUL,Technical foul bench,125,,,,,,,
130886,30373-B-4,,PUR,VEN,Q4,6:51,60,59,679,513000,subst,SUBST,Substitution out,125,319586,,,,,OUT,
130886,30373-B-4,,PUR,VEN,Q4,6:51,60,59,680,514000,subst,SUBST,Substitution in,125,319576,,,,,IN,
130886,30373-B-4,,PUR,VEN,Q4,6:51,60,60,681,515000,shot,FT,free throw made,158,409363,True,1,0,0,,
130886,30373-B-4,,PUR,VEN,Q4,6:51,60,60,682,516000,subst,SUBST,Substitution out,158,409363,,,,,OUT,
130886,30373-B-4,,PUR,VEN,Q4,6:51,60,60,683,517000,subst,SUBST,Substitution in,158,378579,,,,,IN,
130886,30373-B-4,,PUR,VEN,Q4,6:39,60,62,685,519000,shot,P2,layup made,158,409358,True,2,172,40,,
130886,30373-B-4,,PUR,VEN,Q4,6:39,60,62,686,519001,unknwown,ASS,made the assist,158,378579,,,,,,
130886,30373-B-4,,PUR,VEN,Q4,6:25,60,62,687,520000,shot,P2,"2PtsFG under the basket, driving layup missed",125,319575,False,2,119,36,,
130886,30373-B-4,,PUR,VEN,Q4,6:23,60,62,689,520002,unknwown,TREB,team offensive rebound,125,,,,,,,
130886,30373-B-4,,PUR,VEN,Q4,6:21,60,62,691,523000,shot,P3,3pt jump shot missed,125,416822,False,3,173,159,,
130886,30373-B-4,,PUR,VEN,Q4,6:16,60,62,692,523002,unknwown,REB,defensive rebound,158,409358,,,,,,
130886,30373-B-4,,PUR,VEN,Q4,5:53,60,62,693,524000,shot,P2,layup missed,158,378577,False,2,132,71,,
130886,30373-B-4,,PUR,VEN,Q4,5:50,60,62,695,524002,unknwown,REB,offensive rebound,158,409360,,,,,,
130886,30373-B-4,,PUR,VEN,Q4,5:50,60,64,696,526000,shot,P2,2PtsFG under the basket made,158,409360,True,2,140,31,,
130886,30373-B-4,,PUR,VEN,Q4,5:50,60,64,697,527000,timeout,TIMO,Timeout,125,,,,,,,
130886,30373-B-4,,PUR,VEN,Q4,5:50,60,64,699,529000,subst,SUBST,Substitution out,125,416822,,,,,OUT,
130886,30373-B-4,,PUR,VEN,Q4,5:50,60,64,700,530000,subst,SUBST,Substitution out,125,319576,,,,,OUT,
130886,30373-B-4,,PUR,VEN,Q4,5:50,60,64,701,531000,subst,SUBST,Substitution in,125,319586,,,,,IN,
130886,30373-B-4,,PUR,VEN,Q4,5:50,60,64,702,532000,subst,SUBST,Substitution in,125,416823,,,,,IN,
130886,30373-B-4,,PUR,VEN,Q4,5:34,62,64,703,533000,shot,P2,"2PtsFG inside left, jump shot made",125,417164,True,2,47,76,,
130886,30373-B-4,,PUR,VEN,Q4,5:15,62,64,705,535000,unknwown,FOUL,offensive foul,158,409358,,,,,,
130886,30373-B-4,,PUR,VEN,Q4,5:15,62,64,706,535001,unknwown,TO,turnover,158,409358,,,,,,
130886,30373-B-4,,PUR,VEN,Q4,5:15,62,64,707,535002,unknwown,RFOUL,foul drawn,125,319586,,,,,,
130886,30373-B-4,,PUR,VEN,Q4,5:04,62,64,709,537000,shot,P2,2pt floating jump shot missed,125,319586,False,2,124,82,,
130886,30373-B-4,,PUR,VEN,Q4,5:01,62,64,710,537002,unknwown,REB,defensive rebound,158,378577,,,,,,
130886,30373-B-4,,PUR,VEN,Q4,4:39,62,64,711,538000,shot,P2,"2PtsFG inside right, jump shot missed",158,378577,False,2,191,81,,
130886,30373-B-4,,PUR,VEN,Q4,4:36,62,64,712,538002,unknwown,REB,defensive rebound,125,416814,,,,,,
130886,30373-B-4,,PUR,VEN,Q4,4:33,64,64,713,539000,shot,P2,2pt floating jump shot made,125,319586,True,2,154,73,,
130886,30373-B-4,,PUR,VEN,Q4,4:27,64,64,717,543000,subst,SUBST,Substitution out,125,319586,,,,,OUT,
130886,30373-B-4,,PUR,VEN,Q4,4:27,64,64,718,544000,subst,SUBST,Substitution in,125,319576,,,,,IN,
130886,30373-B-4,,PUR,VEN,Q4,4:27,64,64,719,545000,subst,SUBST,Substitution out,158,378577,,,,,OUT,
130886,30373-B-4,,PUR,VEN,Q4,4:27,64,64,720,546000,subst,SUBST,Substitution in,158,378547,,,,,IN,
130886,30373-B-4,,PUR,VEN,Q4,4:11,64,64,722,548000,shot,P2,2pt driving layup missed,158,409358,False,2,118,54,,
130886,30373-B-4,,PUR,VEN,Q4,4:08,64,64,723,548002,unknwown,REB,defensive rebound,125,319576,,,,,,
130886,30373-B-4,,PUR,VEN,Q4,4:06,64,64,724,549000,unknwown,TO,turnover; ball handling,125,319576,,,,,,
130886,30373-B-4,,PUR,VEN,Q4,4:06,64,64,725,549001,unknwown,ST,steal,158,409360,,,,,,
130886,30373-B-4,,PUR,VEN,Q4,4:03,64,64,726,550000,unknwown,TO,turnover; ball handling,158,409360,,,,,,
130886,30373-B-4,,PUR,VEN,Q4,4:03,64,64,727,550001,unknwown,ST,steal,125,416823,,,,,,
130886,30373-B-4,,PUR,VEN,Q4,3:59,64,64,729,552000,unknwown,FOUL,personal foul; 2 free throws awarded,158,378547,,,,,,
130886,30373-B-4,,PUR,VEN,Q4,3:59,64,64,730,552002,unknwown,RFOUL,foul drawn,125,416823,,,,,,
130886,30373-B-4,,PUR,VEN,Q4,3:59,64,64,731,553000,subst,SUBST,Substitution out,158,378547,,,,,OUT,
130886,30373-B-4,,PUR,VEN,Q4,3:59,64,64,732,554000,subst,SUBST,Substitution in,158,378577,,,,,IN,
130886,30373-B-4,,PUR,VEN,Q4,3:59,65,64,733,555000,shot,FT,Free throw made 1 of 2,125,416823,True,1,0,0,,
130886,30373-B-4,,PUR,VEN,Q4,3:59,66,64,734,556000,shot,FT,Free throw made 2 of 2,125,416823,True,1,0,0,,
130886,30373-B-4,,PUR,VEN,Q4,3:38,66,64,738,560000,shot,P2,2pt fadeaway jump shot missed,158,378577,False,2,53,58,,
130886,30373-B-4,,PUR,VEN,Q4,3:32,66,64,739,560002,unknwown,REB,offensive rebound,158,409358,,,,,,
130886,30373-B-4,,PUR,VEN,Q4,3:32,66,64,740,561000,shot,P2,2PtsFG under the basket missed,158,409358,False,2,140,31,,
130886,30373-B-4,,PUR,VEN,Q4,3:30,66,64,741,562000,unknwown,TTO,team turnover; shot clock violation,158,,,,,,,
130886,30373-B-4,,PUR,VEN,Q4,3:28,66,64,743,564000,subst,SUBST,Substitution out,125,319576,,,,,OUT,
130886,30373-B-4,,PUR,VEN,Q4,3:28,66,64,744,565000,subst,SUBST,Substitution in,125,319586,,,,,IN,
130886,30373-B-4,,PUR,VEN,Q4,3:19,69,64,746,567000,shot,P3,3pt jump shot made,125,319575,True,3,29,98,,
130886,30373-B-4,,PUR,VEN,Q4,3:19,69,64,748,567001,unknwown,ASS,made the assist,125,319586,,,,,,
130886,30373-B-4,,PUR,VEN,Q4,3:16,69,64,749,569000,timeout,TIMO,Timeout,158,,,,,,,
130886,30373-B-4,,PUR,VEN,Q4,3:16,69,64,750,570000,subst,SUBST,Substitution out,125,319586,,,,,OUT,
130886,30373-B-4,,PUR,VEN,Q4,3:16,69,64,751,571000,subst,SUBST,Substitution in,125,319576,,,,,IN,
130886,30373-B-4,,PUR,VEN,Q4,3:16,69,64,752,572000,subst,SUBST,Substitution out,158,378579,,,,,OUT,
130886,30373-B-4,,PUR,VEN,Q4,3:16,69,64,753,573000,subst,SUBST,Substitution in,158,409363,,,,,IN,
130886,30373-B-4,,PUR,VEN,Q4,3:04,69,66,757,577000,shot,P2,2pt driving layup made,158,409363,True,2,120,53,,
130886,30373-B-4,,PUR,VEN,Q4,2:54,69,66,758,578000,unknwown,TO,turnover; ball handling,125,319575,,,,,,
130886,30373-B-4,,PUR,VEN,Q4,2:54,69,66,760,578001,unknwown,ST,steal,158,378576,,,,,,
130886,30373-B-4,,PUR,VEN,Q4,2:50,69,66,761,580000,unknwown,FOUL,unsportsmanlike foul; 2 free throws awarded,125,319575,,,,,,
130886,30373-B-4,,PUR,VEN,Q4,2:50,69,66,762,580002,unknwown,RFOUL,foul drawn,158,378576,,,,,,
130886,30373-B-4,,PUR,VEN,Q4,2:50,69,66,763,581000,shot,FT,Free throw missed 1 of 2,158,378576,False,1,0,0,,
130886,30373-B-4,,PUR,VEN,Q4,2:50,69,66,764,582000,shot,FT,Free throw missed 2 of 2,158,378576,False,1,0,0,,
130886,30373-B-4,,PUR,VEN,Q4,2:39,69,66,768,586000,shot,P2,layup missed,158,378577,False,2,125,75,,
130886,30373-B-4,,PUR,VEN,Q4,2:36,69,66,769,586002,unknwown,REB,offensive rebound,158,378576,,,,,,
130886,30373-B-4,,PUR,VEN,Q4,2:34,69,66,770,587000,shot,P2,2pt driving layup missed,158,378576,False,2,174,28,,
130886,30373-B-4,,PUR,VEN,Q4,2:30,69,66,771,587002,unknwown,REB,offensive rebound,158,409363,,,,,,
130886,30373-B-4,,PUR,VEN,Q4,2:25,69,66,772,588000,shot,P2,"2PtsFG inside center, points from second chance + after turnover, jump shot missed",158,409363,False,2,92,136,,
130886,30373-B-4,,PUR,VEN,Q4,2:23,69,66,773,588002,unknwown,REB,defensive rebound,125,319576,,,,,,
130886,30373-B-4,,PUR,VEN,Q4,2:22,69,66,775,590000,subst,SUBST,Substitution out,125,319576,,,,,OUT,
130886,30373-B-4,,PUR,VEN,Q4,2:22,69,66,776,591000,subst,SUBST,Substitution in,125,319586,,,,,IN,
130886,30373-B-4,,PUR,VEN,Q4,2:22,69,66,777,592000,subst,SUBST,Substitution out,158,378576,,,,,OUT,
130886,30373-B-4,,PUR,VEN,Q4,2:22,69,66,778,593000,subst,SUBST,Substitution in,158,378579,,,,,IN,
130886,30373-B-4,,PUR,VEN,Q4,2:01,69,66,782,597000,shot,P3,3pt jump shot missed,125,417164,False,3,248,128,,
130886,30373-B-4,,PUR,VEN,Q4,1:59,69,66,783,597002,unknwown,REB,offensive rebound,125,319575,,,,,,
130886,30373-B-4,,PUR,VEN,Q4,1:58,71,66,784,598000,shot,P2,layup made,125,319586,True,2,141,53,,
130886,30373-B-4,,PUR,VEN,Q4,1:58,71,66,785,598001,unknwown,ASS,made the assist,125,319575,,,,,,
130886,30373-B-4,,PUR,VEN,Q4,1:43,71,68,786,599000,shot,P2,layup made,158,409363,True,2,168,53,,
130886,30373-B-4,,PUR,VEN,Q4,1:43,71,68,787,599001,unknwown,ASS,made the assist,158,409358,,,,,,
130886,30373-B-4,,PUR,VEN,Q4,1:21,73,68,788,600000,shot,P2,"2PtsFG inside left, jump shot made",125,416814,True,2,55,69,,
130886,30373-B-4,,PUR,VEN,Q4,1:21,73,68,789,600001,unknwown,ASS,made the assist,125,319586,,,,,,
130886,30373-B-4,,PUR,VEN,Q4,1:00,73,68,790,601000,unknwown,TO,turnover; bad pass,158,409363,,,,,,
130886,30373-B-4,,PUR,VEN,Q4,1:00,73,68,791,601001,unknwown,ST,steal,125,416823,,,,,,
130886,30373-B-4,,PUR,VEN,Q4,0:56,75,68,792,602000,shot,P2,"2PtsFG inside paint, points from fastbreak + after turnover, driving layup made",125,416823,True,2,156,60,,
130886,30373-B-4,,PUR,VEN,Q4,0:55,75,68,794,604000,subst,SUBST,Substitution out,125,319586,,,,,OUT,
130886,30373-B-4,,PUR,VEN,Q4,0:55,75,68,795,605000,subst,SUBST,Substitution in,125,319576,,,,,IN,
130886,30373-B-4,,PUR,VEN,Q4,0:55,75,68,796,606000,timeout,TIMO,Timeout,158,,,,,,,
130886,30373-B-4,,PUR,VEN,Q4,0:55,75,68,799,609000,shot,P3,3pt jump shot missed,158,409360,False,3,214,162,,
130886,30373-B-4,,PUR,VEN,Q4,0:53,75,68,801,609002,unknwown,REB,offensive rebound,158,409358,,,,,,
130886,30373-B-4,,PUR,VEN,Q4,0:53,75,70,802,611000,shot,P2,layup made,158,409358,True,2,159,48,,
130886,30373-B-4,,PUR,VEN,Q4,0:52,75,70,804,613000,subst,SUBST,Substitution out,125,319576,,,,,OUT,
130886,30373-B-4,,PUR,VEN,Q4,0:52,75,70,805,614000,subst,SUBST,Substitution in,125,319586,,,,,IN,
130886,30373-B-4,,PUR,VEN,Q4,0:49,75,70,808,617000,unknwown,FOUL,personal foul; 2 free throws awarded,158,409360,,,,,,
130886,30373-B-4,,PUR,VEN,Q4,0:49,75,70,809,617002,unknwown,RFOUL,foul drawn,125,319586,,,,,,
130886,30373-B-4,,PUR,VEN,Q4,0:49,75,70,810,618000,shot,FT,1st of 2 free throws missed,125,319586,False,1,0,0,,
130886,30373-B-4,,PUR,VEN,Q4,0:49,75,70,811,619000,shot,FT,2nd of 2 free throws missed,125,319586,False,1,0,0,,
130886,30373-B-4,,PUR,VEN,Q4,0:49,75,70,813,619002,unknwown,REB,defensive rebound,158,409360,,,,,,
130886,30373-B-4,,PUR,VEN,Q4,0:44,75,70,814,621000,unknwown,TO,turnover; bad pass,158,409358,,,,,,
130886,30373-B-4,,PUR,VEN,Q4,0:44,75,70,815,621001,unknwown,ST,steal,125,319586,,,,,,
130886,30373-B-4,,PUR,VEN,Q4,0:39,75,70,819,622500,unknwown,TO,turnover; bad pass,125,319586,,,,,,
130886,30373-B-4,,PUR,VEN,Q4,0:39,75,70,817,623000,unknwown,FOUL,personal foul; 2 free throws awarded,125,319575,,,,,,
130886,30373-B-4,,PUR,VEN,Q4,0:39,75,70,818,623002,unknwown,RFOUL,foul drawn,158,409360,,,,,,
130886,30373-B-4,,PUR,VEN,Q4,0:39,75,70,820,624000,subst,SUBST,Substitution out,125,319586,,,,,OUT,
130886,30373-B-4,,PUR,VEN,Q4,0:39,75,70,821,625000,subst,SUBST,Substitution in,125,416819,,,,,IN,
130886,30373-B-4,,PUR,VEN,Q4,0:39,75,71,822,626000,shot,FT,1st of 2 free throws made,158,409360,True,1,0,0,,
130886,30373-B-4,,PUR,VEN,Q4,0:39,75,72,823,627000,shot,FT,2nd of 2 free throws made,158,409360,True,1,0,0,,
130886,30373-B-4,,PUR,VEN,Q4,0:39,75,72,824,628000,timeout,TIMO,Timeout,125,,,,,,,
130886,30373-B-4,,PUR,VEN,Q4,0:29,75,72,826,630000,unknwown,TO,turnover; ball handling,125,416823,,,,,,
130886,30373-B-4,,PUR,VEN,Q4,0:29,75,72,827,630001,unknwown,ST,steal,158,378579,,,,,,
130886,30373-B-4,,PUR,VEN,Q4,0:25,75,72,831,632000,unknwown,FOUL,personal foul; 2 free throws awarded,125,416819,,,,,,
130886,30373-B-4,,PUR,VEN,Q4,0:25,75,72,832,632002,unknwown,RFOUL,foul drawn,158,409358,,,,,,
130886,30373-B-4,,PUR,VEN,Q4,0:25,75,73,833,633000,shot,FT,Free throw made 1 of 2,158,409358,True,1,0,0,,
130886,30373-B-4,,PUR,VEN,Q4,0:25,75,74,834,634000,shot,FT,Free throw made 2 of 2,158,409358,True,1,0,0,,
130886,30373-B-4,,PUR,VEN,Q4,0:25,75,74,835,635000,subst,SUBST,Substitution out,125,416823,,,,,OUT,
130886,30373-B-4,,PUR,VEN,Q4,0:25,75,74,836,636000,subst,SUBST,Substitution in,125,319576,,,,,IN,
130886,30373-B-4,,PUR,VEN,Q4,0:25,75,74,837,637000,subst,SUBST,Substitution out,125,416814,,,,,OUT,
130886,30373-B-4,,PUR,VEN,Q4,0:25,75,74,838,638000,subst,SUBST,Substitution in,125,416822,,,,,IN,
130886,30373-B-4,,PUR,VEN,Q4,0:25,75,74,839,639000,subst,SUBST,Substitution out,158,378577,,,,,OUT,
130886,30373-B-4,,PUR,VEN,Q4,0:25,75,74,840,640000,subst,SUBST,Substitution in,158,378576,,,,,IN,
130886,30373-B-4,,PUR,VEN,Q4,0:12,75,74,845,645000,unknwown,FOUL,personal foul; 2 free throws awarded,158,378579,,,,,,
130886,30373-B-4,,PUR,VEN,Q4,0:12,75,74,846,645002,unknwown,RFOUL,foul drawn,125,319575,,,,,,
130886,30373-B-4,,PUR,VEN,Q4,0:12,75,74,847,646000,unknwown,CFOUL,Technical foul bench,158,,,,,,,
130886,30373-B-4,,PUR,VEN,Q4,0:12,76,74,848,647000,shot,FT,1st free throw made,125,319575,True,1,0,0,,
130886,30373-B-4,,PUR,VEN,Q4,0:12,77,74,849,648000,shot,FT,1st of 2 free throws made,125,319575,True,1,0,0,,
130886,30373-B-4,,PUR,VEN,Q4,0:12,78,74,850,649000,shot,FT,2nd of 2 free throws made,125,319575,True,1,0,0,,
130886,30373-B-4,,PUR,VEN,Q4,0:06,78,74,852,651000,unknwown,TO,turnover; bad pass,158,378579,,,,,,
130886,30373-B-4,,PUR,VEN,Q4,0:06,78,74,853,651001,unknwown,ST,steal,125,417164,,,,,,
130886,30373-B-4,,PUR,VEN,Q4,0:00,78,74,855,653000,periods,ENDP,End of Period,,,,,,,,
130886,30373-B-4,,PUR,VEN,Q4,0:00,78,74,856,654000,periods,ENDG,End of Game,,,,,,,,
130880,30373-A-4,,ARG,BRA,Q1,10:00,0,0,1,1000,periods,STARTG,Start of Game,,,,,,,,
130880,30373-A-4,,ARG,BRA,Q1,10:00,0,0,2,2000,periods,STARTP,Start of Period,,,,,,,,
130880,30373-A-4,,ARG,BRA,Q1,10:00,0,0,4,4000,unknwown,JS,jump ball situation; throw-in,,,,,,,,
130880,30373-A-4,,ARG,BRA,Q1,9:57,0,0,5,4001,unknwown,JB,jump ball won,27,393861,,,,,,
130880,30373-A-4,,ARG,BRA,Q1,9:57,0,0,6,4002,unknwown,JB,jump ball lost,14,362126,,,,,,
130880,30373-A-4,,ARG,BRA,Q1,9:45,0,0,8,6000,unknwown,FOUL,offensive foul,27,393861,,,,,,
130880,30373-A-4,,ARG,BRA,Q1,9:45,0,0,9,6001,unknwown,TO,turnover,27,393861,,,,,,
130880,30373-A-4,,ARG,BRA,Q1,9:45,0,0,10,6002,unknwown,RFOUL,foul drawn,14,408872,,,,,,
130880,30373-A-4,,ARG,BRA,Q1,9:45,0,0,11,7000,subst,SUBST,Substitution out,14,408872,,,,,OUT,
130880,30373-A-4,,ARG,BRA,Q1,9:45,0,0,12,8000,subst,SUBST,Substitution in,14,398746,,,,,IN,
130880,30373-A-4,,ARG,BRA,Q1,9:34,0,0,14,10000,shot,P2,"2PtsFG inside center, points after turnover, jump shot missed",14,408871,False,2,149,105,,
130880,30373-A-4,,ARG,BRA,Q1,9:32,0,0,15,10002,unknwown,REB,defensive rebound,27,393861,,,,,,
130880,30373-A-4,,ARG,BRA,Q1,9:27,0,2,16,11000,shot,P2,"2PtsFG under the basket, fast break, driving layup made",27,330047,True,2,141,35,,
130880,30373-A-4,,ARG,BRA,Q1,9:11,0,2,20,15000,unknwown,FOUL,personal foul; 2 free throws awarded,27,393861,,,,,,
130880,30373-A-4,,ARG,BRA,Q1,9:11,0,2,21,15002,unknwown,RFOUL,foul drawn,14,362126,,,,,,
130880,30373-A-4,,ARG,BRA,Q1,9:11,0,2,22,16000,subst,SUBST,Substitution out,27,393861,,,,,OUT,
130880,30373-A-4,,ARG,BRA,Q1,9:11,0,2,23,17000,subst,SUBST,Substitution in,27,384600,,,,,IN,
130880,30373-A-4,,ARG,BRA,Q1,9:11,1,2,24,18000,shot,FT,1st of 2 free throws made,14,362126,True,1,0,0,,
130880,30373-A-4,,ARG,BRA,Q1,9:11,1,2,25,18001,unknwown,ASS,made the assist,14,408871,,,,,,
130880,30373-A-4,,ARG,BRA,Q1,9:11,1,2,26,19000,shot,FT,2nd of 2 free throws missed,14,362126,False,1,0,0,,
130880,30373-A-4,,ARG,BRA,Q1,9:10,1,2,28,19002,unknwown,REB,defensive rebound,27,330039,,,,,,
130880,30373-A-4,,ARG,BRA,Q1,8:50,1,5,29,21000,shot,P3,3pt jump shot made,27,330039,True,3,29,120,,
130880,30373-A-4,,ARG,BRA,Q1,8:50,1,5,30,21001,unknwown,ASS,made the assist,27,384600,,,,,,
130880,30373-A-4,,ARG,BRA,Q1,8:29,4,5,31,22000,shot,P3,3pt jump shot made,14,409151,True,3,15,94,,
130880,30373-A-4,,ARG,BRA,Q1,8:29,4,5,32,22001,unknwown,ASS,made the assist,14,409023,,,,,,
130880,30373-A-4,,ARG,BRA,Q1,8:15,4,8,33,23000,shot,P3,3pt jump shot from center made,27,330039,True,3,165,170,,
130880,30373-A-4,,ARG,BRA,Q1,8:15,4,8,34,23001,unknwown,ASS,made the assist,27,330047,,,,,,
130880,30373-A-4,,ARG,BRA,Q1,7:56,4,8,35,24000,shot,P3,3pt jump shot from center missed,14,408871,False,3,134,168,,
130880,30373-A-4,,ARG,BRA,Q1,7:53,4,8,36,24002,unknwown,REB,defensive rebound,27,330047,,,,,,
130880,30373-A-4,,ARG,BRA,Q1,7:47,4,8,37,25000,shot,P3,3pt jump shot from center missed,27,405101,False,3,171,159,,
130880,30373-A-4,,ARG,BRA,Q1,7:45,4,8,38,25002,unknwown,REB,defensive rebound,14,362126,,,,,,
130880,30373-A-4,,ARG,BRA,Q1,7:36,4,8,39,26000,shot,P2,2pt driving layup missed,14,409151,False,2,146,55,,
130880,30373-A-4,,ARG,BRA,Q1,7:36,4,8,40,26001,unknwown,BS,blocked the shot,27,384600,,,,,,
130880,30373-A-4,,ARG,BRA,Q1,7:33,4,8,41,26002,unknwown,REB,defensive rebound,27,384600,,,,,,
130880,30373-A-4,,ARG,BRA,Q1,7:31,4,8,45,30000,unknwown,FOUL,personal foul; 2 free throws awarded,14,408871,,,,,,
130880,30373-A-4,,ARG,BRA,Q1,7:31,4,8,46,30002,unknwown,RFOUL,foul drawn,27,331414,,,,,,
130880,30373-A-4,,ARG,BRA,Q1,7:31,4,8,47,31000,shot,FT,1st of 2 free throws missed,27,331414,False,1,0,0,,
130880,30373-A-4,,ARG,BRA,Q1,7:31,4,9,48,32000,shot,FT,2nd of 2 free throws made,27,331414,True,1,0,0,,
130880,30373-A-4,,ARG,BRA,Q1,7:22,4,9,51,35000,unknwown,TO,turnover; ball handling,14,362126,,,,,,
130880,30373-A-4,,ARG,BRA,Q1,7:11,4,12,53,37000,shot,P3,3pt jump shot made,27,330039,True,3,104,165,,
130880,30373-A-4,,ARG,BRA,Q1,7:11,4,12,55,37001,unknwown,ASS,made the assist,27,405101,,,,,,
130880,30373-A-4,,ARG,BRA,Q1,7:10,4,12,56,39000,timeout,TIMO,Timeout,14,,,,,,,
130880,30373-A-4,,ARG,BRA,Q1,6:57,6,12,58,41000,shot,P2,"2PtsFG under the basket, turnaround jump shot made",14,398746,True,2,153,25,,
130880,30373-A-4,,ARG,BRA,Q1,6:57,6,12,59,41001,unknwown,ASS,made the assist,14,409151,,,,,,
130880,30373-A-4,,ARG,BRA,Q1,6:37,6,12,60,42000,shot,P2,"2PtsFG under the basket, driving layup missed",27,405101,False,2,147,38,,
130880,30373-A-4,,ARG,BRA,Q1,6:35,6,12,61,42002,unknwown,REB,defensive rebound,14,362126,,,,,,
130880,30373-A-4,,ARG,BRA,Q1,6:32,6,12,63,44000,unknwown,FOUL,personal foul; 2 free throws awarded,27,330047,,,,,,
130880,30373-A-4,,ARG,BRA,Q1,6:32,6,12,64,44002,unknwown,RFOUL,foul drawn,14,409151,,,,,,
130880,30373-A-4,,ARG,BRA,Q1,6:32,7,12,65,45000,shot,FT,1st of 2 free throws made,14,409151,True,1,0,0,,
130880,30373-A-4,,ARG,BRA,Q1,6:32,8,12,66,46000,shot,FT,2nd of 2 free throws made,14,409151,True,1,0,0,,
130880,30373-A-4,,ARG,BRA,Q1,6:15,8,12,68,48000,shot,P2,2pt step back jump shot missed,27,330047,False,2,190,108,,
130880,30373-A-4,,ARG,BRA,Q1,6:12,8,12,69,48002,unknwown,REB,defensive rebound,14,408871,,,,,,
130880,30373-A-4,,ARG,BRA,Q1,6:07,10,12,70,49000,shot,P2,"2PtsFG under the basket, fast break, layup made",14,409151,True,2,149,25,,
130880,30373-A-4,,ARG,BRA,Q1,6:07,10,12,71,49001,unknwown,ASS,made the assist,14,409023,,,,,,
130880,30373-A-4,,ARG,BRA,Q1,5:58,10,14,72,50000,shot,P2,"2PtsFG under the basket, hook shot made",27,331414,True,2,142,43,,
130880,30373-A-4,,ARG,BRA,Q1,5:31,10,14,74,52000,unknwown,TTO,team turnover; shot clock violation,14,,,,,,,
130880,30373-A-4,,ARG,BRA,Q1,5:13,10,16,76,54000,shot,P2,"2PtsFG under the basket, points after turnover, driving layup made",27,405101,True,2,138,30,,
130880,30373-A-4,,ARG,BRA,Q1,4:58,10,16,80,58000,subst,SUBST,Substitution out,14,362126,,,,,OUT,
130880,30373-A-4,,ARG,BRA,Q1,4:58,10,16,81,59000,subst,SUBST,Substitution in,14,387025,,,,,IN,
130880,30373-A-4,,ARG,BRA,Q1,4:58,10,16,82,60000,subst,SUBST,Substitution out,27,330047,,,,,OUT,
130880,30373-A-4,,ARG,BRA,Q1,4:58,10,16,83,61000,subst,SUBST,Substitution in,27,416911,,,,,IN,
130880,30373-A-4,,ARG,BRA,Q1,4:50,12,16,85,63000,shot,P2,"2PtsFG inside center, jump shot made",14,409023,True,2,172,123,,
130880,30373-A-4,,ARG,BRA,Q1,4:42,12,16,86,64000,shot,P2,"2PtsFG under the basket, reverse lay-up missed",27,330039,False,2,126,42,,
130880,30373-A-4,,ARG,BRA,Q1,4:42,12,16,88,64002,unknwown,TREB,team defensive rebound,14,,,,,,,
130880,30373-A-4,,ARG,BRA,Q1,4:42,12,16,89,66000,subst,SUBST,Substitution out,27,384600,,,,,OUT,
130880,30373-A-4,,ARG,BRA,Q1,4:42,12,16,90,67000,subst,SUBST,Substitution in,27,383772,,,,,IN,
130880,30373-A-4,,ARG,BRA,Q1,4:30,12,16,92,69000,shot,P2,"2PtsFG under the basket, driving layup missed",14,409023,False,2,136,27,,
130880,30373-A-4,,ARG,BRA,Q1,4:27,12,16,93,69002,unknwown,REB,offensive rebound,14,408871,,,,,,
130880,30373-A-4,,ARG,BRA,Q1,4:18,12,16,94,70000,shot,P3,3pt jump shot missed,14,409023,False,3,26,101,,
130880,30373-A-4,,ARG,BRA,Q1,4:16,12,16,95,70002,unknwown,REB,defensive rebound,27,331414,,,,,,
130880,30373-A-4,,ARG,BRA,Q1,4:11,12,16,99,74000,subst,SUBST,Substitution out,14,409151,,,,,OUT,
130880,30373-A-4,,ARG,BRA,Q1,4:11,12,16,100,75000,subst,SUBST,Substitution in,14,408872,,,,,IN,
130880,30373-A-4,,ARG,BRA,Q1,4:11,12,16,101,76000,subst,SUBST,Substitution out,27,331414,,,,,OUT,
130880,30373-A-4,,ARG,BRA,Q1,4:11,12,16,102,77000,subst,SUBST,Substitution in,27,375131,,,,,IN,
130880,30373-A-4,,ARG,BRA,Q1,4:10,12,16,104,79000,unknwown,TO,turnover; ball handling,27,330039,,,,,,
130880,30373-A-4,,ARG,BRA,Q1,4:10,12,16,105,79001,unknwown,ST,steal,14,387025,,,,,,
130880,30373-A-4,,ARG,BRA,Q1,4:04,14,16,106,80000,shot,P2,"2PtsFG under the basket, points from fastbreak + after turnover, layup made",14,409023,True,2,148,28,,
130880,30373-A-4,,ARG,BRA,Q1,4:04,14,16,107,80001,unknwown,ASS,made the assist,14,408872,,,,,,
130880,30373-A-4,,ARG,BRA,Q1,3:48,14,18,108,81000,shot,P2,2pt step back jump shot made,27,405101,True,2,87,123,,
130880,30373-A-4,,ARG,BRA,Q1,3:25,16,18,109,82000,shot,P2,"2PtsFG under the basket, driving layup made",14,398746,True,2,132,29,,
130880,30373-A-4,,ARG,BRA,Q1,3:11,16,18,110,83000,shot,P2,"2PtsFG under the basket, reverse lay-up missed",27,375131,False,2,135,36,,
130880,30373-A-4,,ARG,BRA,Q1,3:06,16,18,111,83002,unknwown,REB,defensive rebound,14,387025,,,,,,
130880,30373-A-4,,ARG,BRA,Q1,3:06,16,18,113,85000,unknwown,FOUL,personal foul,27,405101,,,,,,
130880,30373-A-4,,ARG,BRA,Q1,3:06,16,18,114,85002,unknwown,RFOUL,foul drawn,14,409023,,,,,,
130880,30373-A-4,,ARG,BRA,Q1,3:06,16,18,116,87000,subst,SUBST,Substitution out,14,409023,,,,,OUT,
130880,30373-A-4,,ARG,BRA,Q1,3:06,16,18,117,88000,subst,SUBST,Substitution out,14,398746,,,,,OUT,
130880,30373-A-4,,ARG,BRA,Q1,3:06,16,18,118,89000,subst,SUBST,Substitution in,14,408870,,,,,IN,
130880,30373-A-4,,ARG,BRA,Q1,3:06,16,18,119,90000,subst,SUBST,Substitution in,14,409162,,,,,IN,
130880,30373-A-4,,ARG,BRA,Q1,3:06,16,18,120,91000,subst,SUBST,Substitution out,27,405101,,,,,OUT,
130880,30373-A-4,,ARG,BRA,Q1,3:06,16,18,121,92000,subst,SUBST,Substitution out,27,330039,,,,,OUT,
130880,30373-A-4,,ARG,BRA,Q1,3:06,16,18,122,93000,subst,SUBST,Substitution in,27,393068,,,,,IN,
130880,30373-A-4,,ARG,BRA,Q1,3:06,16,18,123,94000,subst,SUBST,Substitution in,27,330047,,,,,IN,
130880,30373-A-4,,ARG,BRA,Q1,2:54,16,18,125,96000,shot,P3,3pt jump shot missed,14,408872,False,3,274,43,,
130880,30373-A-4,,ARG,BRA,Q1,2:53,16,18,128,96002,unknwown,TREB,team offensive rebound,14,,,,,,,
130880,30373-A-4,,ARG,BRA,Q1,2:45,16,18,130,100000,shot,P3,3pt jump shot missed,14,408871,False,3,4,30,,
130880,30373-A-4,,ARG,BRA,Q1,2:43,16,18,131,100002,unknwown,REB,defensive rebound,27,330047,,,,,,
130880,30373-A-4,,ARG,BRA,Q1,2:31,16,18,132,101000,shot,P3,3pt jump shot missed,27,375131,False,3,32,116,,
130880,30373-A-4,,ARG,BRA,Q1,2:28,16,18,133,101002,unknwown,REB,defensive rebound,14,387025,,,,,,
130880,30373-A-4,,ARG,BRA,Q1,2:12,16,18,134,102000,shot,P2,"2PtsFG under the basket, driving layup missed",14,408870,False,2,154,28,,
130880,30373-A-4,,ARG,BRA,Q1,2:10,16,18,135,102002,unknwown,REB,defensive rebound,27,393068,,,,,,
130880,30373-A-4,,ARG,BRA,Q1,2:08,16,18,137,104000,unknwown,FOUL,personal foul,14,387025,,,,,,
130880,30373-A-4,,ARG,BRA,Q1,2:08,16,18,138,104002,unknwown,RFOUL,foul drawn,27,416911,,,,,,
130880,30373-A-4,,ARG,BRA,Q1,2:08,16,18,139,105000,subst,SUBST,Substitution out,14,408871,,,,,OUT,
130880,30373-A-4,,ARG,BRA,Q1,2:08,16,18,140,106000,subst,SUBST,Substitution in,14,408857,,,,,IN,
130880,30373-A-4,,ARG,BRA,Q1,2:02,16,18,145,111000,unknwown,FOUL,personal foul,14,408872,,,,,,
130880,30373-A-4,,ARG,BRA,Q1,2:02,16,18,146,111002,unknwown,RFOUL,foul drawn,27,330047,,,,,,
130880,30373-A-4,,ARG,BRA,Q1,1:55,16,18,148,113000,shot,P2,2pt fadeaway jump shot missed,27,330047,False,2,200,95,,
130880,30373-A-4,,ARG,BRA,Q1,1:55,16,18,149,113001,unknwown,BS,blocked the shot,14,408872,,,,,,
130880,30373-A-4,,ARG,BRA,Q1,1:52,16,18,150,113002,unknwown,REB,defensive rebound,14,408870,,,,,,
130880,30373-A-4,,ARG,BRA,Q1,1:41,19,18,151,114000,shot,P3,3pt jump shot made,14,408870,True,3,258,126,,
130880,30373-A-4,,ARG,BRA,Q1,1:41,19,18,152,114001,unknwown,ASS,made the assist,14,408872,,,,,,
130880,30373-A-4,,ARG,BRA,Q1,1:20,19,18,153,115000,shot,P3,3pt jump shot missed,27,375131,False,3,8,25,,
130880,30373-A-4,,ARG,BRA,Q1,1:18,19,18,154,115002,unknwown,REB,offensive rebound,27,383772,,,,,,
130880,30373-A-4,,ARG,BRA,Q1,1:15,19,18,155,116000,shot,P3,3pt jump shot missed,27,383772,False,3,150,174,,
130880,30373-A-4,,ARG,BRA,Q1,1:13,19,18,156,116002,unknwown,REB,defensive rebound,14,387025,,,,,,
130880,30373-A-4,,ARG,BRA,Q1,1:12,19,18,157,117000,unknwown,TO,turnover; ball handling,14,387025,,,,,,
130880,30373-A-4,,ARG,BRA,Q1,1:12,19,18,158,117001,unknwown,ST,steal,27,393068,,,,,,
130880,30373-A-4,,ARG,BRA,Q1,1:08,19,18,162,121000,unknwown,FOUL,personal foul; 2 free throws awarded,14,408870,,,,,,
130880,30373-A-4,,ARG,BRA,Q1,1:08,19,18,163,121002,unknwown,RFOUL,foul drawn,27,330047,,,,,,
130880,30373-A-4,,ARG,BRA,Q1,1:08,19,18,164,122000,subst,SUBST,Substitution out,27,375131,,,,,OUT,
130880,30373-A-4,,ARG,BRA,Q1,1:08,19,18,165,123000,subst,SUBST,Substitution in,27,405082,,,,,IN,
130880,30373-A-4,,ARG,BRA,Q1,1:08,19,18,166,124000,shot,FT,Free throw missed 1 of 2,27,330047,False,1,0,0,,
130880,30373-A-4,,ARG,BRA,Q1,1:08,19,19,167,125000,shot,FT,Free throw made 2 of 2,27,330047,True,1,0,0,,
130880,30373-A-4,,ARG,BRA,Q1,1:08,19,19,168,125001,unknwown,ASS,made the assist,27,393068,,,,,,
130880,30373-A-4,,ARG,BRA,Q1,0:53,19,19,173,130000,unknwown,TO,turnover; ball handling,14,387025,,,,,,
130880,30373-A-4,,ARG,BRA,Q1,0:37,19,19,175,132000,shot,P2,2pt floating jump shot missed,27,405082,False,2,134,51,,
130880,30373-A-4,,ARG,BRA,Q1,0:35,19,19,176,132002,unknwown,REB,defensive rebound,14,387025,,,,,,
130880,30373-A-4,,ARG,BRA,Q1,0:28,19,19,184,140000,unknwown,FOUL,personal foul; 2 free throws awarded,27,405082,,,,,,
130880,30373-A-4,,ARG,BRA,Q1,0:28,19,19,185,140002,unknwown,RFOUL,foul drawn,14,408857,,,,,,
130880,30373-A-4,,ARG,BRA,Q1,0:28,19,19,186,141000,subst,SUBST,Substitution out,14,387025,,,,,OUT,
130880,30373-A-4,,ARG,BRA,Q1,0:28,19,19,187,142000,subst,SUBST,Substitution in,14,409021,,,,,IN,
130880,30373-A-4,,ARG,BRA,Q1,0:28,20,19,188,143000,shot,FT,1st of 2 free throws made,14,408857,True,1,0,0,,
130880,30373-A-4,,ARG,BRA,Q1,0:28,21,19,189,144000,shot,FT,2nd of 2 free throws made,14,408857,True,1,0,0,,
130880,30373-A-4,,ARG,BRA,Q1,0:11,21,19,191,146000,shot,P2,"2PtsFG under the basket, driving layup missed",27,330047,False,2,131,34,,
130880,30373-A-4,,ARG,BRA,Q1,0:11,21,19,192,146001,unknwown,BS,blocked the shot,14,409021,,,,,,
130880,30373-A-4,,ARG,BRA,Q1,0:07,21,19,193,146002,unknwown,REB,defensive rebound,14,408872,,,,,,
130880,30373-A-4,,ARG,BRA,Q1,0:01,21,19,195,148000,unknwown,FOUL,personal foul; 3 free throws awarded,27,330047,,,,,,
130880,30373-A-4,,ARG,BRA,Q1,0:01,21,19,196,148002,unknwown,RFOUL,foul drawn,14,408857,,,,,,
130880,30373-A-4,,ARG,BRA,Q1,0:01,22,19,197,149000,shot,FT,1st of 3 free throws made,14,408857,True,1,0,0,,
130880,30373-A-4,,ARG,BRA,Q1,0:01,23,19,198,150000,shot,FT,2nd of 3 free throws made,14,408857,True,1,0,0,,
130880,30373-A-4,,ARG,BRA,Q1,0:01,23,19,199,151000,shot,FT,3rd of 3 free throws missed,14,408857,False,1,0,0,,
130880,30373-A-4,,ARG,BRA,Q1,0:01,23,19,201,151002,unknwown,REB,defensive rebound,27,383772,,,,,,
130880,30373-A-4,,ARG,BRA,Q1,0:00,23,19,203,154000,periods,ENDP,End of Period,,,,,,,,
130880,30373-A-4,,ARG,BRA,Q2,10:00,23,19,204,155000,subst,SUBST,Substitution out,14,409162,,,,,OUT,
130880,30373-A-4,,ARG,BRA,Q2,10:00,23,19,205,156000,subst,SUBST,Substitution in,14,398746,,,,,IN,
130880,30373-A-4,,ARG,BRA,Q2,10:00,23,19,206,157000,subst,SUBST,Substitution out,27,416911,,,,,OUT,
130880,30373-A-4,,ARG,BRA,Q2,10:00,23,19,207,158000,subst,SUBST,Substitution out,27,393068,,,,,OUT,
130880,30373-A-4,,ARG,BRA,Q2,10:00,23,19,208,159000,subst,SUBST,Substitution out,27,330047,,,,,OUT,
130880,30373-A-4,,ARG,BRA,Q2,10:00,23,19,209,160000,subst,SUBST,Substitution in,27,331414,,,,,IN,
130880,30373-A-4,,ARG,BRA,Q2,10:00,23,19,210,161000,subst,SUBST,Substitution in,27,405101,,,,,IN,
130880,30373-A-4,,ARG,BRA,Q2,10:00,23,19,211,162000,subst,SUBST,Substitution in,27,330039,,,,,IN,
130880,30373-A-4,,ARG,BRA,Q2,10:00,23,19,212,163000,periods,STARTP,Start of Period,,,,,,,,
130880,30373-A-4,,ARG,BRA,Q2,9:54,23,19,214,165000,shot,P2,2pt driving layup missed,14,408870,False,2,155,53,,
130880,30373-A-4,,ARG,BRA,Q2,9:54,23,19,215,165001,unknwown,BS,blocked the shot,27,330039,,,,,,
130880,30373-A-4,,ARG,BRA,Q2,9:50,23,19,216,165002,unknwown,REB,defensive rebound,27,330039,,,,,,
130880,30373-A-4,,ARG,BRA,Q2,9:47,23,19,217,166000,shot,P3,3pt jump shot missed,27,405082,False,3,271,25,,
130880,30373-A-4,,ARG,BRA,Q2,9:45,23,19,218,166002,unknwown,REB,offensive rebound,27,330039,,,,,,
130880,30373-A-4,,ARG,BRA,Q2,9:40,23,19,219,167000,shot,P3,3pt jump shot missed,27,331414,False,3,270,32,,
130880,30373-A-4,,ARG,BRA,Q2,9:38,23,19,220,167002,unknwown,REB,offensive rebound,27,405082,,,,,,
130880,30373-A-4,,ARG,BRA,Q2,9:36,23,19,221,168000,shot,P3,3pt jump shot missed,27,330039,False,3,68,156,,
130880,30373-A-4,,ARG,BRA,Q2,9:34,23,19,223,168002,unknwown,REB,offensive rebound,27,331414,,,,,,
130880,30373-A-4,,ARG,BRA,Q2,9:33,23,19,226,172000,unknwown,FOUL,personal foul; 2 free throws awarded,14,398746,,,,,,
130880,30373-A-4,,ARG,BRA,Q2,9:33,23,19,227,172002,unknwown,RFOUL,foul drawn,27,331414,,,,,,
130880,30373-A-4,,ARG,BRA,Q2,9:33,23,20,228,173000,shot,FT,1st of 2 free throws made,27,331414,True,1,0,0,,
130880,30373-A-4,,ARG,BRA,Q2,9:33,23,21,229,174000,shot,FT,2nd of 2 free throws made,27,331414,True,1,0,0,,
130880,30373-A-4,,ARG,BRA,Q2,9:18,23,21,231,176000,shot,P2,"2PtsFG inside left, jump shot missed",14,408857,False,2,78,42,,
130880,30373-A-4,,ARG,BRA,Q2,9:15,23,21,232,176002,unknwown,REB,defensive rebound,27,383772,,,,,,
130880,30373-A-4,,ARG,BRA,Q2,9:05,23,24,233,177000,shot,P3,3pt jump shot made,27,405082,True,3,271,45,,
130880,30373-A-4,,ARG,BRA,Q2,9:05,23,24,234,177001,unknwown,ASS,made the assist,27,331414,,,,,,
130880,30373-A-4,,ARG,BRA,Q2,8:48,23,24,235,178000,shot,P3,3pt jump shot missed,14,408870,False,3,211,169,,
130880,30373-A-4,,ARG,BRA,Q2,8:46,23,24,236,178002,unknwown,REB,defensive rebound,27,383772,,,,,,
130880,30373-A-4,,ARG,BRA,Q2,8:42,23,24,240,182000,unknwown,FOUL,personal foul,14,398746,,,,,,
130880,30373-A-4,,ARG,BRA,Q2,8:42,23,24,241,182002,unknwown,RFOUL,foul drawn,27,405101,,,,,,
130880,30373-A-4,,ARG,BRA,Q2,8:42,23,24,242,183000,subst,SUBST,Substitution out,14,408872,,,,,OUT,
130880,30373-A-4,,ARG,BRA,Q2,8:42,23,24,243,184000,subst,SUBST,Substitution out,14,408870,,,,,OUT,
130880,30373-A-4,,ARG,BRA,Q2,8:42,23,24,244,185000,subst,SUBST,Substitution in,14,409023,,,,,IN,
130880,30373-A-4,,ARG,BRA,Q2,8:42,23,24,245,186000,subst,SUBST,Substitution in,14,409151,,,,,IN,
130880,30373-A-4,,ARG,BRA,Q2,8:33,23,24,247,188000,shot,P3,3pt jump shot missed,27,383772,False,3,81,166,,
130880,30373-A-4,,ARG,BRA,Q2,8:31,23,24,248,188002,unknwown,REB,defensive rebound,14,408857,,,,,,
130880,30373-A-4,,ARG,BRA,Q2,8:20,23,24,250,190000,unknwown,TO,turnover; bad pass,14,408857,,,,,,
130880,30373-A-4,,ARG,BRA,Q2,8:20,23,24,251,190001,unknwown,ST,steal,27,383772,,,,,,
130880,30373-A-4,,ARG,BRA,Q2,8:20,23,24,252,191000,unknwown,FOUL,personal foul,14,409021,,,,,,
130880,30373-A-4,,ARG,BRA,Q2,8:20,23,24,253,191002,unknwown,RFOUL,foul drawn,27,383772,,,,,,
130880,30373-A-4,,ARG,BRA,Q2,8:05,23,26,258,196000,shot,P2,"2PtsFG under the basket, points after turnover, turnaround jump shot made",27,331414,True,2,138,34,,
130880,30373-A-4,,ARG,BRA,Q2,8:05,23,26,259,197000,unknwown,FOUL,personal foul; 1 free throw awarded,14,409151,,,,,,
130880,30373-A-4,,ARG,BRA,Q2,8:05,23,26,260,197002,unknwown,RFOUL,foul drawn,27,331414,,,,,,
130880,30373-A-4,,ARG,BRA,Q2,8:05,23,27,261,198000,shot,FT,1st free throw made,27,331414,True,1,0,0,,
130880,30373-A-4,,ARG,BRA,Q2,7:52,25,27,264,201000,shot,P2,"2PtsFG under the basket, layup made",14,409021,True,2,140,36,,
130880,30373-A-4,,ARG,BRA,Q2,7:52,25,27,265,201001,unknwown,ASS,made the assist,14,409023,,,,,,
130880,30373-A-4,,ARG,BRA,Q2,7:52,25,27,266,202000,unknwown,FOUL,personal foul; 1 free throw awarded,27,330039,,,,,,
130880,30373-A-4,,ARG,BRA,Q2,7:52,25,27,267,202002,unknwown,RFOUL,foul drawn,14,409021,,,,,,
130880,30373-A-4,,ARG,BRA,Q2,7:52,25,27,269,204000,shot,FT,1st free throw missed,14,409021,False,1,0,0,,
130880,30373-A-4,,ARG,BRA,Q2,7:49,25,27,270,204002,unknwown,REB,defensive rebound,27,405101,,,,,,
130880,30373-A-4,,ARG,BRA,Q2,7:41,25,27,271,205000,shot,P3,3pt jump shot missed,27,405082,False,3,6,34,,
130880,30373-A-4,,ARG,BRA,Q2,7:39,25,27,272,205002,unknwown,REB,offensive rebound,27,331414,,,,,,
130880,30373-A-4,,ARG,BRA,Q2,7:36,25,27,273,206000,shot,P3,3pt jump shot missed,27,383772,False,3,253,121,,
130880,30373-A-4,,ARG,BRA,Q2,7:33,25,27,274,206002,unknwown,REB,offensive rebound,27,405101,,,,,,
130880,30373-A-4,,ARG,BRA,Q2,7:21,25,29,275,207000,shot,P2,"2PtsFG under the basket, layup made",27,383772,True,2,138,35,,
130880,30373-A-4,,ARG,BRA,Q2,7:21,25,29,276,207001,unknwown,ASS,made the assist,27,405101,,,,,,
130880,30373-A-4,,ARG,BRA,Q2,7:08,27,29,277,208000,shot,P2,"2PtsFG under the basket, driving layup made",14,409023,True,2,145,22,,
130880,30373-A-4,,ARG,BRA,Q2,6:58,27,29,278,209000,shot,P2,"2PtsFG under the basket, driving layup missed",27,405101,False,2,134,29,,
130880,30373-A-4,,ARG,BRA,Q2,6:58,27,29,279,209001,unknwown,BS,blocked the shot,14,409021,,,,,,
130880,30373-A-4,,ARG,BRA,Q2,6:55,27,29,280,209002,unknwown,REB,defensive rebound,14,409021,,,,,,
130880,30373-A-4,,ARG,BRA,Q2,6:51,27,29,284,213000,unknwown,FOUL,personal foul,27,405082,,,,,,
130880,30373-A-4,,ARG,BRA,Q2,6:51,27,29,285,213002,unknwown,RFOUL,foul drawn,14,408857,,,,,,
130880,30373-A-4,,ARG,BRA,Q2,6:42,27,29,289,217000,shot,P2,"2PtsFG under the basket, driving layup missed",14,409023,False,2,139,30,,
130880,30373-A-4,,ARG,BRA,Q2,6:39,27,29,290,217002,unknwown,REB,offensive rebound,14,398746,,,,,,
130880,30373-A-4,,ARG,BRA,Q2,6:39,29,29,291,218000,shot,P2,2PtsFG under the basket made,14,398746,True,2,140,31,,
130880,30373-A-4,,ARG,BRA,Q2,6:28,29,29,293,220000,shot,P3,3pt step back jump shot missed,27,330039,False,3,170,171,,
130880,30373-A-4,,ARG,BRA,Q2,6:27,29,29,294,220002,unknwown,TREB,team defensive rebound,14,,,,,,,
130880,30373-A-4,,ARG,BRA,Q2,6:26,29,29,297,223000,subst,SUBST,Substitution out,14,398746,,,,,OUT,
130880,30373-A-4,,ARG,BRA,Q2,6:26,29,29,298,224000,subst,SUBST,Substitution in,14,408872,,,,,IN,
130880,30373-A-4,,ARG,BRA,Q2,6:26,29,29,299,225000,subst,SUBST,Substitution out,27,405101,,,,,OUT,
130880,30373-A-4,,ARG,BRA,Q2,6:26,29,29,300,226000,subst,SUBST,Substitution in,27,330047,,,,,IN,
130880,30373-A-4,,ARG,BRA,Q2,6:11,29,29,302,228000,shot,P3,3pt jump shot missed,14,409151,False,3,272,49,,
130880,30373-A-4,,ARG,BRA,Q2,6:10,29,29,304,228002,unknwown,REB,defensive rebound,27,330047,,,,,,
130880,30373-A-4,,ARG,BRA,Q2,6:10,29,29,305,230000,unknwown,FOUL,personal foul; 2 free throws awarded,14,409021,,,,,,
130880,30373-A-4,,ARG,BRA,Q2,6:10,29,29,306,230002,unknwown,RFOUL,foul drawn,27,330047,,,,,,
130880,30373-A-4,,ARG,BRA,Q2,6:10,29,29,307,231000,subst,SUBST,Substitution out,14,409021,,,,,OUT,
130880,30373-A-4,,ARG,BRA,Q2,6:10,29,29,308,232000,subst,SUBST,Substitution in,14,362126,,,,,IN,
130880,30373-A-4,,ARG,BRA,Q2,6:10,29,30,309,233000,shot,FT,1st of 2 free throws made,27,330047,True,1,0,0,,
130880,30373-A-4,,ARG,BRA,Q2,6:10,29,31,310,234000,shot,FT,2nd of 2 free throws made,27,330047,True,1,0,0,,
130880,30373-A-4,,ARG,BRA,Q2,5:52,29,31,317,241000,shot,P3,3pt jump shot from center missed,14,408857,False,3,188,161,,
130880,30373-A-4,,ARG,BRA,Q2,5:52,29,31,318,241002,unknwown,REB,defensive rebound,27,331414,,,,,,
130880,30373-A-4,,ARG,BRA,Q2,5:52,29,31,319,242000,unknwown,FOUL,personal foul; 2 free throws awarded,14,409023,,,,,,
130880,30373-A-4,,ARG,BRA,Q2,5:52,29,31,320,242002,unknwown,RFOUL,foul drawn,27,331414,,,,,,
130880,30373-A-4,,ARG,BRA,Q2,5:52,29,32,321,243000,shot,FT,1st of 2 free throws made,27,331414,True,1,0,0,,
130880,30373-A-4,,ARG,BRA,Q2,5:52,29,33,322,244000,shot,FT,2nd of 2 free throws made,27,331414,True,1,0,0,,
130880,30373-A-4,,ARG,BRA,Q2,5:31,29,33,324,246000,shot,P3,3pt jump shot missed,14,408857,False,3,28,114,,
130880,30373-A-4,,ARG,BRA,Q2,5:31,29,33,325,246001,unknwown,BS,blocked the shot,27,405082,,,,,,
130880,30373-A-4,,ARG,BRA,Q2,5:28,29,33,326,246002,unknwown,REB,defensive rebound,27,330039,,,,,,
130880,30373-A-4,,ARG,BRA,Q2,5:25,29,33,327,247000,shot,P2,"2PtsFG under the basket, driving layup missed",27,405082,False,2,150,35,,
130880,30373-A-4,,ARG,BRA,Q2,5:22,29,33,328,247002,unknwown,REB,defensive rebound,14,409151,,,,,,
130880,30373-A-4,,ARG,BRA,Q2,5:17,32,33,329,248000,shot,P3,3pt jump shot made,14,408857,True,3,12,34,,
130880,30373-A-4,,ARG,BRA,Q2,5:17,32,33,330,248001,unknwown,ASS,made the assist,14,408872,,,,,,
130880,30373-A-4,,ARG,BRA,Q2,4:55,32,36,331,249000,shot,P3,3pt jump shot made,27,405082,True,3,210,154,,
130880,30373-A-4,,ARG,BRA,Q2,4:55,32,36,332,249001,unknwown,ASS,made the assist,27,383772,,,,,,
130880,30373-A-4,,ARG,BRA,Q2,4:45,32,36,336,253000,subst,SUBST,Substitution out,14,408857,,,,,OUT,
130880,30373-A-4,,ARG,BRA,Q2,4:45,32,36,337,254000,subst,SUBST,Substitution in,14,408871,,,,,IN,
130880,30373-A-4,,ARG,BRA,Q2,4:45,32,36,338,255000,subst,SUBST,Substitution out,27,383772,,,,,OUT,
130880,30373-A-4,,ARG,BRA,Q2,4:45,32,36,339,256000,subst,SUBST,Substitution in,27,384600,,,,,IN,
130880,30373-A-4,,ARG,BRA,Q2,4:39,32,36,342,259000,subst,SUBST,Substitution out,27,405082,,,,,OUT,
130880,30373-A-4,,ARG,BRA,Q2,4:39,32,36,343,260000,subst,SUBST,Substitution in,27,393060,,,,,IN,
130880,30373-A-4,,ARG,BRA,Q2,4:33,32,36,345,262000,shot,P2,"2PtsFG under the basket, driving layup missed",14,409151,False,2,145,31,,
130880,30373-A-4,,ARG,BRA,Q2,4:31,32,36,346,262002,unknwown,REB,defensive rebound,27,393060,,,,,,
130880,30373-A-4,,ARG,BRA,Q2,4:16,32,36,347,263000,shot,P2,2pt jump shot missed,27,393060,False,2,99,92,,
130880,30373-A-4,,ARG,BRA,Q2,4:15,32,36,349,263002,unknwown,REB,offensive rebound,27,384600,,,,,,
130880,30373-A-4,,ARG,BRA,Q2,4:13,32,36,352,267000,unknwown,TO,turnover; travelling,27,384600,,,,,,
130880,30373-A-4,,ARG,BRA,Q2,3:53,34,36,354,269000,shot,P2,"2PtsFG under the basket, points after turnover, driving layup made",14,362126,True,2,144,29,,
130880,30373-A-4,,ARG,BRA,Q2,3:37,34,36,355,270000,shot,P3,3pt jump shot from center missed,27,330047,False,3,168,172,,
130880,30373-A-4,,ARG,BRA,Q2,3:35,34,36,356,270002,unknwown,REB,offensive rebound,27,330047,,,,,,
130880,30373-A-4,,ARG,BRA,Q2,3:35,34,36,357,271000,shot,P3,3pt jump shot missed,27,330039,False,3,36,126,,
130880,30373-A-4,,ARG,BRA,Q2,3:31,34,36,359,271002,unknwown,REB,offensive rebound,27,330047,,,,,,
130880,30373-A-4,,ARG,BRA,Q2,3:30,34,36,362,275000,unknwown,FOUL,personal foul; 2 free throws awarded,14,409151,,,,,,
130880,30373-A-4,,ARG,BRA,Q2,3:30,34,36,363,275002,unknwown,RFOUL,foul drawn,27,330047,,,,,,
130880,30373-A-4,,ARG,BRA,Q2,3:30,34,36,364,276000,subst,SUBST,Substitution out,27,330039,,,,,OUT,
130880,30373-A-4,,ARG,BRA,Q2,3:30,34,36,365,277000,subst,SUBST,Substitution in,27,383772,,,,,IN,
130880,30373-A-4,,ARG,BRA,Q2,3:30,34,37,366,278000,shot,FT,1st of 2 free throws made,27,330047,True,1,0,0,,
130880,30373-A-4,,ARG,BRA,Q2,3:30,34,38,367,279000,shot,FT,2nd of 2 free throws made,27,330047,True,1,0,0,,
130880,30373-A-4,,ARG,BRA,Q2,3:13,37,38,371,283000,shot,P3,3pt jump shot made,14,409023,True,3,37,136,,
130880,30373-A-4,,ARG,BRA,Q2,3:13,37,38,372,283001,unknwown,ASS,made the assist,14,409151,,,,,,
130880,30373-A-4,,ARG,BRA,Q2,2:55,37,38,374,285000,unknwown,FOUL,personal foul; 2 free throws awarded,14,408871,,,,,,
130880,30373-A-4,,ARG,BRA,Q2,2:55,37,38,375,285002,unknwown,RFOUL,foul drawn,27,383772,,,,,,
130880,30373-A-4,,ARG,BRA,Q2,2:55,37,38,376,286000,subst,SUBST,Substitution out,14,409151,,,,,OUT,
130880,30373-A-4,,ARG,BRA,Q2,2:55,37,38,377,287000,subst,SUBST,Substitution in,14,387025,,,,,IN,
130880,30373-A-4,,ARG,BRA,Q2,2:55,37,38,378,288000,shot,FT,1st of 2 free throws missed,27,383772,False,1,0,0,,
130880,30373-A-4,,ARG,BRA,Q2,2:55,37,39,379,289000,shot,FT,2nd of 2 free throws made,27,383772,True,1,0,0,,
130880,30373-A-4,,ARG,BRA,Q2,2:55,37,39,380,290000,subst,SUBST,Substitution out,27,330047,,,,,OUT,
130880,30373-A-4,,ARG,BRA,Q2,2:55,37,39,381,291000,subst,SUBST,Substitution in,27,405101,,,,,IN,
130880,30373-A-4,,ARG,BRA,Q2,2:50,37,39,383,293000,subst,SUBST,Substitution out,27,331414,,,,,OUT,
130880,30373-A-4,,ARG,BRA,Q2,2:50,37,39,384,294000,subst,SUBST,Substitution in,27,330039,,,,,IN,
130880,30373-A-4,,ARG,BRA,Q2,2:43,39,39,386,296000,shot,P2,"2PtsFG under the basket, layup made",14,409023,True,2,138,24,,
130880,30373-A-4,,ARG,BRA,Q2,2:43,39,39,387,296001,unknwown,ASS,made the assist,14,362126,,,,,,
130880,30373-A-4,,ARG,BRA,Q2,2:43,39,39,388,297000,timeout,TIMO,Timeout,27,,,,,,,
130880,30373-A-4,,ARG,BRA,Q2,2:43,39,39,389,298000,subst,SUBST,Substitution out,27,393060,,,,,OUT,
130880,30373-A-4,,ARG,BRA,Q2,2:43,39,39,390,299000,subst,SUBST,Substitution in,27,330047,,,,,IN,
130880,30373-A-4,,ARG,BRA,Q2,2:28,39,39,392,301000,shot,P3,3pt jump shot from center missed,27,405101,False,3,150,178,,
130880,30373-A-4,,ARG,BRA,Q2,2:26,39,39,393,301002,unknwown,REB,defensive rebound,14,387025,,,,,,
130880,30373-A-4,,ARG,BRA,Q2,2:08,41,39,394,302000,shot,P2,"2PtsFG under the basket, layup made",14,408872,True,2,128,22,,
130880,30373-A-4,,ARG,BRA,Q2,2:08,41,39,395,302001,unknwown,ASS,made the assist,14,362126,,,,,,
130880,30373-A-4,,ARG,BRA,Q2,1:48,41,41,396,303000,shot,P2,"2PtsFG under the basket, hook shot made",27,384600,True,2,135,45,,
130880,30373-A-4,,ARG,BRA,Q2,1:48,41,41,397,303001,unknwown,ASS,made the assist,27,330047,,,,,,
130880,30373-A-4,,ARG,BRA,Q2,1:31,41,41,401,307000,subst,SUBST,Substitution out,27,330047,,,,,OUT,
130880,30373-A-4,,ARG,BRA,Q2,1:31,41,41,402,308000,subst,SUBST,Substitution in,27,405082,,,,,IN,
130880,30373-A-4,,ARG,BRA,Q2,1:28,41,41,404,310000,shot,P2,2pt jump shot missed,14,408871,False,2,65,40,,
130880,30373-A-4,,ARG,BRA,Q2,1:26,41,41,405,310002,unknwown,REB,offensive rebound,14,409023,,,,,,
130880,30373-A-4,,ARG,BRA,Q2,1:15,41,41,406,311000,shot,P2,"2PtsFG inside left, jump shot missed",14,362126,False,2,46,73,,
130880,30373-A-4,,ARG,BRA,Q2,1:13,41,41,407,311002,unknwown,REB,defensive rebound,27,330039,,,,,,
130880,30373-A-4,,ARG,BRA,Q2,1:07,41,41,408,312000,unknwown,TO,turnover; bad pass,27,330039,,,,,,
130880,30373-A-4,,ARG,BRA,Q2,1:07,41,41,409,312001,unknwown,ST,steal,14,408871,,,,,,
130880,30373-A-4,,ARG,BRA,Q2,0:44,41,41,410,313000,shot,P3,3pt jump shot missed,14,408872,False,3,51,142,,
130880,30373-A-4,,ARG,BRA,Q2,0:42,41,41,411,313002,unknwown,REB,defensive rebound,27,383772,,,,,,
130880,30373-A-4,,ARG,BRA,Q2,0:25,41,44,413,314000,shot,P3,3pt jump shot made,27,330039,True,3,272,29,,
130880,30373-A-4,,ARG,BRA,Q2,0:25,41,44,414,314001,unknwown,ASS,made the assist,27,383772,,,,,,
130880,30373-A-4,,ARG,BRA,Q2,0:16,41,44,418,318000,unknwown,FOUL,personal foul,27,405082,,,,,,
130880,30373-A-4,,ARG,BRA,Q2,0:16,41,44,419,318002,unknwown,RFOUL,foul drawn,14,409023,,,,,,
130880,30373-A-4,,ARG,BRA,Q2,0:16,41,44,420,319000,subst,SUBST,Substitution out,27,405082,,,,,OUT,
130880,30373-A-4,,ARG,BRA,Q2,0:16,41,44,421,320000,subst,SUBST,Substitution in,27,393060,,,,,IN,
130880,30373-A-4,,ARG,BRA,Q2,0:02,41,44,425,324000,shot,P3,3pt jump shot missed,14,408871,False,3,58,157,,
130880,30373-A-4,,ARG,BRA,Q2,0:01,41,44,427,324002,unknwown,REB,defensive rebound,27,330039,,,,,,
130880,30373-A-4,,ARG,BRA,Q2,0:00,41,44,430,328000,periods,ENDP,End of Period,,,,,,,,
130880,30373-A-4,,ARG,BRA,Q3,10:00,41,44,431,329000,subst,SUBST,Substitution out,14,387025,,,,,OUT,
130880,30373-A-4,,ARG,BRA,Q3,10:00,41,44,432,330000,subst,SUBST,Substitution in,14,409151,,,,,IN,
130880,30373-A-4,,ARG,BRA,Q3,10:00,41,44,433,331000,subst,SUBST,Substitution out,27,393060,,,,,OUT,
130880,30373-A-4,,ARG,BRA,Q3,10:00,41,44,434,332000,subst,SUBST,Substitution out,27,383772,,,,,OUT,
130880,30373-A-4,,ARG,BRA,Q3,10:00,41,44,435,333000,subst,SUBST,Substitution out,27,384600,,,,,OUT,
130880,30373-A-4,,ARG,BRA,Q3,10:00,41,44,436,334000,subst,SUBST,Substitution in,27,331414,,,,,IN,
130880,30373-A-4,,ARG,BRA,Q3,10:00,41,44,437,335000,subst,SUBST,Substitution in,27,330047,,,,,IN,
130878,30373-A-3,,MEX,USA,Q1,10:00,0,0,1,1000,periods,STARTG,Start of Game,,,,,,,,
130878,30373-A-3,,MEX,USA,Q1,10:00,0,0,2,2000,periods,STARTP,Start of Period,,,,,,,,
130878,30373-A-3,,MEX,USA,Q1,10:00,0,0,4,4000,unknwown,JS,jump ball situation; throw-in,,,,,,,,
130878,30373-A-3,,MEX,USA,Q1,9:59,0,0,5,4001,unknwown,JB,jump ball won,154,416460,,,,,,
130878,30373-A-3,,MEX,USA,Q1,9:59,0,0,6,4002,unknwown,JB,jump ball lost,104,369235,,,,,,
130878,30373-A-3,,MEX,USA,Q1,9:40,0,0,7,5000,shot,P3,3pt jump shot missed,154,416558,False,3,8,45,,
130878,30373-A-3,,MEX,USA,Q1,9:37,0,0,8,5002,unknwown,REB,offensive rebound,154,341544,,,,,,
130878,30373-A-3,,MEX,USA,Q1,9:36,0,2,9,6000,shot,P2,"2PtsFG under the basket, layup made",154,341544,True,2,139,32,,
130878,30373-A-3,,MEX,USA,Q1,9:12,0,2,10,7000,shot,P3,3pt jump shot missed,104,417033,False,3,274,49,,
130878,30373-A-3,,MEX,USA,Q1,9:09,0,2,11,7002,unknwown,REB,defensive rebound,154,369232,,,,,,
130878,30373-A-3,,MEX,USA,Q1,9:02,0,5,12,8000,shot,P3,3pt jump shot made,154,369232,True,3,31,113,,
130878,30373-A-3,,MEX,USA,Q1,9:02,0,5,13,8001,unknwown,ASS,made the assist,154,416558,,,,,,
130878,30373-A-3,,MEX,USA,Q1,8:36,0,5,14,9000,shot,P3,3pt jump shot missed,104,416257,False,3,190,159,,
130878,30373-A-3,,MEX,USA,Q1,8:33,0,5,15,9002,unknwown,REB,defensive rebound,154,416460,,,,,,
130878,30373-A-3,,MEX,USA,Q1,8:27,0,5,17,11000,unknwown,FOUL,personal foul; 2 free throws awarded,104,416181,,,,,,
130878,30373-A-3,,MEX,USA,Q1,8:27,0,5,18,11002,unknwown,RFOUL,foul drawn,154,341544,,,,,,
130878,30373-A-3,,MEX,USA,Q1,8:27,0,5,19,12000,shot,FT,1st of 2 free throws missed,154,341544,False,1,0,0,,
130878,30373-A-3,,MEX,USA,Q1,8:27,0,6,20,13000,shot,FT,2nd of 2 free throws made,154,341544,True,1,0,0,,
130878,30373-A-3,,MEX,USA,Q1,8:12,0,6,25,18000,unknwown,FOUL,personal foul; 2 free throws awarded,154,416558,,,,,,
130878,30373-A-3,,MEX,USA,Q1,8:12,0,6,26,18002,unknwown,RFOUL,foul drawn,104,416181,,,,,,
130878,30373-A-3,,MEX,USA,Q1,8:12,1,6,27,19000,shot,FT,1st of 2 free throws made,104,416181,True,1,0,0,,
130878,30373-A-3,,MEX,USA,Q1,8:12,1,6,28,19001,unknwown,ASS,made the assist,104,416257,,,,,,
130878,30373-A-3,,MEX,USA,Q1,8:12,1,6,30,21000,shot,FT,2nd of 2 free throws missed,104,416181,False,1,0,0,,
130878,30373-A-3,,MEX,USA,Q1,8:11,1,6,31,21002,unknwown,REB,defensive rebound,154,416460,,,,,,
130878,30373-A-3,,MEX,USA,Q1,7:57,1,9,34,24000,shot,P3,3pt jump shot made,154,341544,True,3,38,124,,
130878,30373-A-3,,MEX,USA,Q1,7:57,1,9,35,24001,unknwown,ASS,made the assist,154,410523,,,,,,
130878,30373-A-3,,MEX,USA,Q1,7:37,1,9,36,25000,shot,P2,2pt fadeaway jump shot missed,104,417033,False,2,195,90,,
130878,30373-A-3,,MEX,USA,Q1,7:34,1,9,37,25002,unknwown,REB,defensive rebound,154,416460,,,,,,
130878,30373-A-3,,MEX,USA,Q1,7:31,1,9,38,26000,shot,P2,"2PtsFG under the basket, alley oop lay-up missed",154,416558,False,2,139,39,,
130878,30373-A-3,,MEX,USA,Q1,7:28,1,9,39,26002,unknwown,REB,defensive rebound,104,417033,,,,,,
130878,30373-A-3,,MEX,USA,Q1,7:26,3,9,41,28000,shot,P2,"2PtsFG under the basket, fast break, driving layup made",104,369235,True,2,138,40,,
130878,30373-A-3,,MEX,USA,Q1,7:26,3,9,42,29000,unknwown,FOUL,personal foul; 1 free throw awarded,154,341544,,,,,,
130878,30373-A-3,,MEX,USA,Q1,7:26,3,9,43,29002,unknwown,RFOUL,foul drawn,104,369235,,,,,,
130878,30373-A-3,,MEX,USA,Q1,7:26,3,9,44,30000,subst,SUBST,Substitution out,104,416181,,,,,OUT,
130878,30373-A-3,,MEX,USA,Q1,7:26,3,9,45,31000,subst,SUBST,Substitution in,104,416258,,,,,IN,
130878,30373-A-3,,MEX,USA,Q1,7:26,4,9,46,32000,shot,FT,1st free throw made,104,369235,True,1,0,0,,
130878,30373-A-3,,MEX,USA,Q1,7:08,4,9,48,34000,shot,P3,3pt jump shot missed,154,410523,False,3,8,24,,
130878,30373-A-3,,MEX,USA,Q1,7:06,4,9,50,34002,unknwown,REB,offensive rebound,154,416460,,,,,,
130878,30373-A-3,,MEX,USA,Q1,7:05,4,9,53,38000,unknwown,FOUL,personal foul; 2 free throws awarded,104,417033,,,,,,
130878,30373-A-3,,MEX,USA,Q1,7:05,4,9,54,38002,unknwown,RFOUL,foul drawn,154,416460,,,,,,
130878,30373-A-3,,MEX,USA,Q1,7:05,4,9,55,39000,shot,FT,1st of 2 free throws missed,154,416460,False,1,0,0,,
130878,30373-A-3,,MEX,USA,Q1,7:05,4,10,56,40000,shot,FT,2nd of 2 free throws made,154,416460,True,1,0,0,,
130878,30373-A-3,,MEX,USA,Q1,6:43,4,10,59,43000,shot,P3,3pt jump shot from center missed,104,417033,False,3,148,161,,
130878,30373-A-3,,MEX,USA,Q1,6:42,4,10,60,43002,unknwown,TREB,team offensive rebound,104,,,,,,,
130878,30373-A-3,,MEX,USA,Q1,6:42,4,10,61,44000,unknwown,FOUL,personal foul,154,416460,,,,,,
130878,30373-A-3,,MEX,USA,Q1,6:42,4,10,62,44002,unknwown,RFOUL,foul drawn,104,369235,,,,,,
130878,30373-A-3,,MEX,USA,Q1,6:42,4,10,63,45000,subst,SUBST,Substitution out,154,416460,,,,,OUT,
130878,30373-A-3,,MEX,USA,Q1,6:42,4,10,64,46000,subst,SUBST,Substitution in,154,410530,,,,,IN,
130878,30373-A-3,,MEX,USA,Q1,6:42,4,10,65,47000,subst,SUBST,Substitution out,154,369232,,,,,OUT,
130878,30373-A-3,,MEX,USA,Q1,6:42,4,10,66,48000,subst,SUBST,Substitution out,154,410523,,,,,OUT,
130878,30373-A-3,,MEX,USA,Q1,6:42,4,10,67,49000,subst,SUBST,Substitution out,154,416558,,,,,OUT,
130878,30373-A-3,,MEX,USA,Q1,6:42,4,10,68,50000,subst,SUBST,Substitution in,154,410526,,,,,IN,
130878,30373-A-3,,MEX,USA,Q1,6:42,4,10,69,51000,subst,SUBST,Substitution in,154,410509,,,,,IN,
130878,30373-A-3,,MEX,USA,Q1,6:42,4,10,70,52000,subst,SUBST,Substitution in,154,416446,,,,,IN,
130878,30373-A-3,,MEX,USA,Q1,6:26,4,10,72,54000,shot,P3,3pt jump shot missed,104,416258,False,3,173,163,,
130878,30373-A-3,,MEX,USA,Q1,6:24,4,10,73,54002,unknwown,REB,defensive rebound,154,410509,,,,,,
130878,30373-A-3,,MEX,USA,Q1,6:15,4,10,76,57000,unknwown,TO,turnover; bad pass,154,416446,,,,,,
130878,30373-A-3,,MEX,USA,Q1,6:15,4,10,77,57001,unknwown,ST,steal,104,416258,,,,,,
130878,30373-A-3,,MEX,USA,Q1,6:11,4,10,79,59000,shot,P2,2pt driving layup missed,104,416258,False,2,127,49,,
130878,30373-A-3,,MEX,USA,Q1,6:11,4,10,80,59001,unknwown,BS,blocked the shot,154,341544,,,,,,
130878,30373-A-3,,MEX,USA,Q1,6:11,4,10,81,59002,unknwown,TREB,team offensive rebound,104,,,,,,,
130878,30373-A-3,,MEX,USA,Q1,6:07,6,10,85,63000,shot,P2,2pt fadeaway jump shot made,104,416257,True,2,70,38,,
130878,30373-A-3,,MEX,USA,Q1,5:45,6,10,86,64000,shot,P3,3pt jump shot missed,154,410526,False,3,21,121,,
130878,30373-A-3,,MEX,USA,Q1,5:43,6,10,87,64002,unknwown,REB,defensive rebound,104,416257,,,,,,
130878,30373-A-3,,MEX,USA,Q1,5:39,6,10,88,65000,shot,P3,3pt jump shot missed,104,416258,False,3,28,105,,
130878,30373-A-3,,MEX,USA,Q1,5:39,6,10,90,65001,unknwown,BS,blocked the shot,154,410509,,,,,,
130878,30373-A-3,,MEX,USA,Q1,5:37,6,10,91,65002,unknwown,REB,defensive rebound,154,410509,,,,,,
130878,30373-A-3,,MEX,USA,Q1,5:36,6,10,94,69000,unknwown,FOUL,personal foul,104,416257,,,,,,
130878,30373-A-3,,MEX,USA,Q1,5:36,6,10,95,69002,unknwown,RFOUL,foul drawn,154,341544,,,,,,
130878,30373-A-3,,MEX,USA,Q1,5:25,6,10,98,72000,unknwown,TO,turnover; bad pass,154,410526,,,,,,
130878,30373-A-3,,MEX,USA,Q1,5:11,8,10,100,74000,shot,P2,"2PtsFG inside left, points after turnover, jump shot made",104,369235,True,2,39,76,,
130878,30373-A-3,,MEX,USA,Q1,5:11,8,10,101,74001,unknwown,ASS,made the assist,104,416257,,,,,,
130878,30373-A-3,,MEX,USA,Q1,4:52,8,12,102,75000,shot,P2,"2PtsFG inside center, jump shot made",154,410530,True,2,109,123,,
130878,30373-A-3,,MEX,USA,Q1,4:52,8,12,103,75001,unknwown,ASS,made the assist,154,416446,,,,,,
130878,30373-A-3,,MEX,USA,Q1,4:29,10,12,104,76000,shot,P2,"2PtsFG under the basket, layup made",104,369235,True,2,132,21,,
130878,30373-A-3,,MEX,USA,Q1,4:29,10,12,105,76001,unknwown,ASS,made the assist,104,416257,,,,,,
130878,30373-A-3,,MEX,USA,Q1,4:13,10,15,106,77000,shot,P3,3pt jump shot made,154,416446,True,3,274,35,,
130878,30373-A-3,,MEX,USA,Q1,4:13,10,15,107,77001,unknwown,ASS,made the assist,154,410526,,,,,,
130878,30373-A-3,,MEX,USA,Q1,3:48,10,15,108,78000,shot,P2,"2PtsFG under the basket, driving layup missed",104,416258,False,2,148,33,,
130878,30373-A-3,,MEX,USA,Q1,3:46,10,15,109,78002,unknwown,REB,defensive rebound,154,410509,,,,,,
130878,30373-A-3,,MEX,USA,Q1,3:40,10,18,110,79000,shot,P3,3pt jump shot made,154,341544,True,3,272,24,,
130878,30373-A-3,,MEX,USA,Q1,3:40,10,18,112,79001,unknwown,ASS,made the assist,154,416446,,,,,,
130878,30373-A-3,,MEX,USA,Q1,3:38,10,18,113,81000,timeout,TIMO,Timeout,104,,,,,,,
130878,30373-A-3,,MEX,USA,Q1,3:38,10,18,114,82000,subst,SUBST,Substitution out,154,341544,,,,,OUT,
130878,30373-A-3,,MEX,USA,Q1,3:38,10,18,115,83000,subst,SUBST,Substitution in,154,416453,,,,,IN,
130878,30373-A-3,,MEX,USA,Q1,3:20,10,18,124,92000,unknwown,FOUL,personal foul,154,410509,,,,,,
130878,30373-A-3,,MEX,USA,Q1,3:20,10,18,125,92002,unknwown,RFOUL,foul drawn,104,417033,,,,,,
130878,30373-A-3,,MEX,USA,Q1,3:04,10,18,127,94000,unknwown,TO,turnover; ball handling,104,417033,,,,,,
130878,30373-A-3,,MEX,USA,Q1,3:04,10,18,128,94001,unknwown,ST,steal,154,410526,,,,,,
130878,30373-A-3,,MEX,USA,Q1,3:00,10,20,129,95000,shot,P2,"2PtsFG inside paint, points from fastbreak + after turnover, dunk made",154,416453,True,2,141,51,,
130878,30373-A-3,,MEX,USA,Q1,3:00,10,20,130,95001,unknwown,ASS,made the assist,154,410526,,,,,,
130878,30373-A-3,,MEX,USA,Q1,2:46,10,20,134,99000,unknwown,FOUL,offensive foul,104,377100,,,,,,
130878,30373-A-3,,MEX,USA,Q1,2:46,10,20,135,99001,unknwown,TO,turnover,104,377100,,,,,,
130878,30373-A-3,,MEX,USA,Q1,2:46,10,20,136,99002,unknwown,RFOUL,foul drawn,154,410526,,,,,,
130878,30373-A-3,,MEX,USA,Q1,2:46,10,20,137,100000,subst,SUBST,Substitution out,104,417033,,,,,OUT,
130878,30373-A-3,,MEX,USA,Q1,2:46,10,20,138,101000,subst,SUBST,Substitution in,104,377234,,,,,IN,
130878,30373-A-3,,MEX,USA,Q1,2:36,10,22,140,103000,shot,P2,"2PtsFG under the basket, points after turnover, layup made",154,410509,True,2,138,38,,
130878,30373-A-3,,MEX,USA,Q1,2:36,10,22,142,103001,unknwown,ASS,made the assist,154,416453,,,,,,
130878,30373-A-3,,MEX,USA,Q1,2:34,10,22,145,107000,subst,SUBST,Substitution out,154,410530,,,,,OUT,
130878,30373-A-3,,MEX,USA,Q1,2:34,10,22,146,108000,subst,SUBST,Substitution in,154,416460,,,,,IN,
130878,30373-A-3,,MEX,USA,Q1,2:14,10,22,148,110000,shot,P3,3pt jump shot missed,104,416257,False,3,271,26,,
130878,30373-A-3,,MEX,USA,Q1,2:12,10,22,149,110002,unknwown,REB,defensive rebound,154,416460,,,,,,
130878,30373-A-3,,MEX,USA,Q1,2:05,10,22,150,111000,shot,P3,3pt jump shot missed,154,416446,False,3,17,104,,
130878,30373-A-3,,MEX,USA,Q1,2:03,10,22,151,111002,unknwown,REB,defensive rebound,104,377100,,,,,,
130878,30373-A-3,,MEX,USA,Q1,1:59,10,22,155,115000,unknwown,FOUL,personal foul; 2 free throws awarded,154,410526,,,,,,
130878,30373-A-3,,MEX,USA,Q1,1:59,10,22,156,115002,unknwown,RFOUL,foul drawn,104,377234,,,,,,
130878,30373-A-3,,MEX,USA,Q1,1:59,10,22,157,116000,subst,SUBST,Substitution out,154,410526,,,,,OUT,
130878,30373-A-3,,MEX,USA,Q1,1:59,10,22,158,117000,subst,SUBST,Substitution in,154,416519,,,,,IN,
130878,30373-A-3,,MEX,USA,Q1,1:59,10,22,159,118000,shot,FT,1st of 2 free throws missed,104,377234,False,1,0,0,,
130878,30373-A-3,,MEX,USA,Q1,1:59,11,22,160,119000,shot,FT,2nd of 2 free throws made,104,377234,True,1,0,0,,
130878,30373-A-3,,MEX,USA,Q1,1:44,11,22,165,124000,unknwown,FOUL,personal foul; 2 free throws awarded,104,377100,,,,,,
130878,30373-A-3,,MEX,USA,Q1,1:44,11,22,166,124002,unknwown,RFOUL,foul drawn,154,410509,,,,,,
130878,30373-A-3,,MEX,USA,Q1,1:44,11,22,167,125000,subst,SUBST,Substitution out,104,377100,,,,,OUT,
130878,30373-A-3,,MEX,USA,Q1,1:44,11,22,168,126000,subst,SUBST,Substitution in,104,417036,,,,,IN,
130878,30373-A-3,,MEX,USA,Q1,1:44,11,22,169,127000,subst,SUBST,Substitution out,154,416446,,,,,OUT,
130878,30373-A-3,,MEX,USA,Q1,1:44,11,22,170,128000,subst,SUBST,Substitution in,154,416558,,,,,IN,
130878,30373-A-3,,MEX,USA,Q1,1:44,11,23,171,129000,shot,FT,1st of 2 free throws made,154,410509,True,1,0,0,,
130878,30373-A-3,,MEX,USA,Q1,1:44,11,24,172,130000,shot,FT,2nd of 2 free throws made,154,410509,True,1,0,0,,
130878,30373-A-3,,MEX,USA,Q1,1:44,11,24,173,131000,subst,SUBST,Substitution out,154,410509,,,,,OUT,
130878,30373-A-3,,MEX,USA,Q1,1:44,11,24,174,132000,subst,SUBST,Substitution in,154,369232,,,,,IN,
130878,30373-A-3,,MEX,USA,Q1,1:24,13,24,176,134000,shot,P2,"2PtsFG under the basket, reverse lay-up made",104,369235,True,2,141,22,,
130878,30373-A-3,,MEX,USA,Q1,1:24,13,24,177,134001,unknwown,ASS,made the assist,104,416257,,,,,,
130878,30373-A-3,,MEX,USA,Q1,1:11,13,27,178,135000,shot,P3,3pt jump shot made,154,416453,True,3,223,143,,
130878,30373-A-3,,MEX,USA,Q1,1:11,13,27,179,135001,unknwown,ASS,made the assist,154,369232,,,,,,
130878,30373-A-3,,MEX,USA,Q1,0:54,13,27,180,136000,shot,P3,3pt jump shot from center missed,104,416257,False,3,149,176,,
130878,30373-A-3,,MEX,USA,Q1,0:52,13,27,181,136002,unknwown,REB,defensive rebound,154,416558,,,,,,
130878,30373-A-3,,MEX,USA,Q1,0:41,13,27,182,137000,shot,P2,2pt jump shot missed,154,416519,False,2,144,103,,
130878,30373-A-3,,MEX,USA,Q1,0:39,13,27,183,137002,unknwown,REB,offensive rebound,154,416558,,,,,,
130878,30373-A-3,,MEX,USA,Q1,0:38,13,27,185,139000,shot,P2,"2PtsFG under the basket, jump shot missed",154,416558,False,2,140,30,,
130878,30373-A-3,,MEX,USA,Q1,0:38,13,27,186,139002,unknwown,TREB,team defensive rebound,104,,,,,,,
130878,30373-A-3,,MEX,USA,Q1,0:11,13,27,193,146000,unknwown,TTO,team turnover; shot clock violation,104,,,,,,,
130878,30373-A-3,,MEX,USA,Q1,0:11,13,27,194,147000,subst,SUBST,Substitution out,154,416460,,,,,OUT,
130878,30373-A-3,,MEX,USA,Q1,0:11,13,27,195,148000,subst,SUBST,Substitution in,154,341544,,,,,IN,
130878,30373-A-3,,MEX,USA,Q1,0:04,13,27,199,152000,shot,P3,3pt jump shot missed,154,416453,False,3,243,135,,
130878,30373-A-3,,MEX,USA,Q1,0:02,13,27,200,152002,unknwown,REB,offensive rebound,154,416558,,,,,,
130878,30373-A-3,,MEX,USA,Q1,0:00,13,29,201,153000,shot,P2,"2PtsFG under the basket, points from second chance + after turnover, driving layup made",154,416558,True,2,143,34,,
130878,30373-A-3,,MEX,USA,Q1,0:00,13,29,203,155000,periods,ENDP,End of Period,,,,,,,,
130878,30373-A-3,,MEX,USA,Q2,10:00,13,29,204,156000,subst,SUBST,Substitution out,104,416257,,,,,OUT,
130878,30373-A-3,,MEX,USA,Q2,10:00,13,29,205,157000,subst,SUBST,Substitution in,104,417035,,,,,IN,
130878,30373-A-3,,MEX,USA,Q2,10:00,13,29,206,158000,subst,SUBST,Substitution out,154,416453,,,,,OUT,
130878,30373-A-3,,MEX,USA,Q2,10:00,13,29,207,159000,subst,SUBST,Substitution out,154,416519,,,,,OUT,
130878,30373-A-3,,MEX,USA,Q2,10:00,13,29,208,160000,subst,SUBST,Substitution in,154,410523,,,,,IN,
130878,30373-A-3,,MEX,USA,Q2,10:00,13,29,209,161000,subst,SUBST,Substitution in,154,416447,,,,,IN,
130878,30373-A-3,,MEX,USA,Q2,10:00,13,29,210,162000,periods,STARTP,Start of Period,,,,,,,,
130878,30373-A-3,,MEX,USA,Q2,9:36,13,29,212,164000,shot,P3,3pt jump shot from center missed,104,417035,False,3,157,166,,
130878,30373-A-3,,MEX,USA,Q2,9:33,13,29,213,164002,unknwown,REB,defensive rebound,154,416558,,,,,,
130878,30373-A-3,,MEX,USA,Q2,9:27,13,31,214,165000,shot,P2,"2PtsFG under the basket, reverse lay-up made",154,341544,True,2,143,31,,
130878,30373-A-3,,MEX,USA,Q2,9:27,13,31,215,165001,unknwown,ASS,made the assist,154,416558,,,,,,
130878,30373-A-3,,MEX,USA,Q2,9:10,15,31,216,166000,shot,P2,2pt step back jump shot made,104,377234,True,2,217,39,,
130878,30373-A-3,,MEX,USA,Q2,9:00,15,33,217,167000,shot,P2,"2PtsFG under the basket, alley oop lay-up made",154,410523,True,2,131,29,,
130878,30373-A-3,,MEX,USA,Q2,9:00,15,33,218,167001,unknwown,ASS,made the assist,154,369232,,,,,,
130878,30373-A-3,,MEX,USA,Q2,8:39,15,33,219,168000,shot,P2,2pt jump shot missed,104,377234,False,2,167,90,,
130878,30373-A-3,,MEX,USA,Q2,8:37,15,33,220,168002,unknwown,REB,defensive rebound,154,416447,,,,,,
130878,30373-A-3,,MEX,USA,Q2,8:30,15,33,221,169000,shot,P3,3pt jump shot missed,154,416558,False,3,58,156,,
130878,30373-A-3,,MEX,USA,Q2,8:28,15,33,222,169002,unknwown,REB,offensive rebound,154,341544,,,,,,
130878,30373-A-3,,MEX,USA,Q2,8:24,15,33,224,171000,unknwown,FOUL,offensive foul,154,369232,,,,,,
130878,30373-A-3,,MEX,USA,Q2,8:24,15,33,225,171001,unknwown,TO,turnover,154,369232,,,,,,
130878,30373-A-3,,MEX,USA,Q2,8:24,15,33,226,171002,unknwown,RFOUL,foul drawn,104,416258,,,,,,
130878,30373-A-3,,MEX,USA,Q2,8:03,15,33,228,173000,shot,P3,3pt jump shot missed,104,416258,False,3,148,177,,
130878,30373-A-3,,MEX,USA,Q2,8:01,15,33,229,173002,unknwown,REB,defensive rebound,154,410523,,,,,,
130878,30373-A-3,,MEX,USA,Q2,7:46,15,35,230,174000,shot,P2,"2PtsFG inside center, jump shot made",154,341544,True,2,187,112,,
130878,30373-A-3,,MEX,USA,Q2,7:46,15,35,231,174001,unknwown,ASS,made the assist,154,410523,,,,,,
130878,30373-A-3,,MEX,USA,Q2,7:16,15,35,232,175000,shot,P3,3pt jump shot missed,104,417035,False,3,233,158,,
130878,30373-A-3,,MEX,USA,Q2,7:14,15,35,233,175002,unknwown,REB,defensive rebound,154,416558,,,,,,
130878,30373-A-3,,MEX,USA,Q2,7:08,15,35,234,176000,shot,P3,3pt jump shot from center missed,154,341544,False,3,165,175,,
130878,30373-A-3,,MEX,USA,Q2,7:06,15,35,235,176002,unknwown,REB,defensive rebound,104,369235,,,,,,
130878,30373-A-3,,MEX,USA,Q2,6:53,15,35,236,177000,shot,P2,"2PtsFG under the basket, driving layup missed",104,416258,False,2,132,30,,
130878,30373-A-3,,MEX,USA,Q2,6:49,15,35,237,177002,unknwown,REB,offensive rebound,104,369235,,,,,,
130878,30373-A-3,,MEX,USA,Q2,6:49,17,35,238,178000,shot,P2,2PtsFG under the basket made,104,369235,True,2,140,31,,
130878,30373-A-3,,MEX,USA,Q2,6:39,17,35,239,179000,unknwown,TO,turnover; bad pass,154,369232,,,,,,
130878,30373-A-3,,MEX,USA,Q2,6:39,17,35,240,179001,unknwown,ST,steal,104,377234,,,,,,
130878,30373-A-3,,MEX,USA,Q2,6:35,17,35,242,181000,unknwown,FOUL,personal foul; 2 free throws awarded,154,369232,,,,,,
130878,30373-A-3,,MEX,USA,Q2,6:35,17,35,243,181002,unknwown,RFOUL,foul drawn,104,377234,,,,,,
130878,30373-A-3,,MEX,USA,Q2,6:35,17,35,244,182000,subst,SUBST,Substitution out,104,416258,,,,,OUT,
130878,30373-A-3,,MEX,USA,Q2,6:35,17,35,245,183000,subst,SUBST,Substitution out,104,417036,,,,,OUT,
130878,30373-A-3,,MEX,USA,Q2,6:35,17,35,246,184000,subst,SUBST,Substitution in,104,416129,,,,,IN,
130878,30373-A-3,,MEX,USA,Q2,6:35,17,35,247,185000,subst,SUBST,Substitution in,104,377100,,,,,IN,
130878,30373-A-3,,MEX,USA,Q2,6:35,17,35,248,186000,shot,FT,Free throw missed 1 of 2,104,377234,False,1,0,0,,
130878,30373-A-3,,MEX,USA,Q2,6:35,17,35,250,188000,shot,FT,Free throw missed 2 of 2,104,377234,False,1,0,0,,
130878,30373-A-3,,MEX,USA,Q2,6:34,17,35,251,188002,unknwown,REB,defensive rebound,154,341544,,,,,,
130878,30373-A-3,,MEX,USA,Q2,6:23,17,38,252,189000,shot,P3,3pt jump shot made,154,416558,True,3,9,30,,
130878,30373-A-3,,MEX,USA,Q2,6:23,17,38,253,189001,unknwown,ASS,made the assist,154,369232,,,,,,
130878,30373-A-3,,MEX,USA,Q2,5:59,17,38,254,190000,shot,P3,3pt step back jump shot missed,104,377234,False,3,69,155,,
130878,30373-A-3,,MEX,USA,Q2,5:57,17,38,255,190002,unknwown,REB,offensive rebound,104,417035,,,,,,
130878,30373-A-3,,MEX,USA,Q2,5:52,19,38,256,191000,shot,P2,"2PtsFG under the basket, dunk made",104,369235,True,2,137,27,,
130878,30373-A-3,,MEX,USA,Q2,5:52,19,38,257,191001,unknwown,ASS,made the assist,104,377234,,,,,,
130878,30373-A-3,,MEX,USA,Q2,5:36,19,40,258,192000,shot,P2,"2PtsFG under the basket, reverse lay-up made",154,416447,True,2,139,31,,
130878,30373-A-3,,MEX,USA,Q2,5:36,19,40,259,192001,unknwown,ASS,made the assist,154,416558,,,,,,
130878,30373-A-3,,MEX,USA,Q2,5:30,19,40,261,194000,unknwown,TO,turnover; ball handling,104,416129,,,,,,
130878,30373-A-3,,MEX,USA,Q2,5:30,19,40,262,194001,unknwown,ST,steal,154,416558,,,,,,
130878,30373-A-3,,MEX,USA,Q2,5:29,19,40,263,195000,unknwown,FOUL,personal foul,104,416129,,,,,,
130878,30373-A-3,,MEX,USA,Q2,5:29,19,40,264,195002,unknwown,RFOUL,foul drawn,154,416558,,,,,,
130878,30373-A-3,,MEX,USA,Q2,5:29,19,40,266,197000,subst,SUBST,Substitution out,104,417035,,,,,OUT,
130878,30373-A-3,,MEX,USA,Q2,5:29,19,40,267,198000,subst,SUBST,Substitution in,104,416257,,,,,IN,
130878,30373-A-3,,MEX,USA,Q2,5:29,19,40,268,199000,subst,SUBST,Substitution out,154,369232,,,,,OUT,
130878,30373-A-3,,MEX,USA,Q2,5:29,19,40,269,200000,subst,SUBST,Substitution out,154,410523,,,,,OUT,
130878,30373-A-3,,MEX,USA,Q2,5:29,19,40,270,201000,subst,SUBST,Substitution out,154,416558,,,,,OUT,
130878,30373-A-3,,MEX,USA,Q2,5:29,19,40,271,202000,subst,SUBST,Substitution out,154,341544,,,,,OUT,
130878,30373-A-3,,MEX,USA,Q2,5:29,19,40,272,203000,subst,SUBST,Substitution out,154,416447,,,,,OUT,
130878,30373-A-3,,MEX,USA,Q2,5:29,19,40,273,204000,subst,SUBST,Substitution in,154,416453,,,,,IN,
130878,30373-A-3,,MEX,USA,Q2,5:29,19,40,274,205000,subst,SUBST,Substitution in,154,410526,,,,,IN,
130878,30373-A-3,,MEX,USA,Q2,5:29,19,40,275,206000,subst,SUBST,Substitution in,154,410509,,,,,IN,
130878,30373-A-3,,MEX,USA,Q2,5:29,19,40,276,207000,subst,SUBST,Substitution in,154,416446,,,,,IN,
130878,30373-A-3,,MEX,USA,Q2,5:29,19,40,277,208000,subst,SUBST,Substitution in,154,410530,,,,,IN,
130878,30373-A-3,,MEX,USA,Q2,5:17,19,43,278,209000,shot,P3,3pt jump shot made,154,410526,True,3,36,126,,
130878,30373-A-3,,MEX,USA,Q2,4:55,19,43,279,210000,shot,P3,3pt jump shot missed,104,416129,False,3,274,36,,
130878,30373-A-3,,MEX,USA,Q2,4:53,19,43,280,210002,unknwown,REB,defensive rebound,154,410509,,,,,,
130878,30373-A-3,,MEX,USA,Q2,4:47,19,43,281,211000,shot,P2,2pt floating jump shot missed,154,410530,False,2,131,66,,
130878,30373-A-3,,MEX,USA,Q2,4:44,19,43,282,211002,unknwown,REB,defensive rebound,104,377234,,,,,,
130878,30373-A-3,,MEX,USA,Q2,4:40,21,43,284,213000,shot,P2,"2PtsFG under the basket, fast break, dunk made",104,369235,True,2,135,28,,
130878,30373-A-3,,MEX,USA,Q2,4:40,21,43,285,213001,unknwown,ASS,made the assist,104,377234,,,,,,
130878,30373-A-3,,MEX,USA,Q2,4:40,21,43,286,214000,timeout,TIMO,Timeout,154,,,,,,,
130878,30373-A-3,,MEX,USA,Q2,4:28,21,43,288,216000,shot,P2,"2PtsFG under the basket, reverse lay-up missed",154,410530,False,2,130,29,,
130878,30373-A-3,,MEX,USA,Q2,4:24,21,43,289,216002,unknwown,REB,defensive rebound,104,416129,,,,,,
130878,30373-A-3,,MEX,USA,Q2,4:23,21,43,291,218000,unknwown,FOUL,personal foul; 2 free throws awarded,154,416453,,,,,,
130878,30373-A-3,,MEX,USA,Q2,4:23,21,43,292,218002,unknwown,RFOUL,foul drawn,104,416257,,,,,,
130878,30373-A-3,,MEX,USA,Q2,4:23,22,43,293,219000,shot,FT,1st of 2 free throws made,104,416257,True,1,0,0,,
130878,30373-A-3,,MEX,USA,Q2,4:23,23,43,294,220000,shot,FT,2nd of 2 free throws made,104,416257,True,1,0,0,,
130878,30373-A-3,,MEX,USA,Q2,4:16,23,43,297,223000,unknwown,TO,turnover; travelling,154,416453,,,,,,
130878,30373-A-3,,MEX,USA,Q2,4:16,23,43,298,224000,subst,SUBST,Substitution out,154,416453,,,,,OUT,
130878,30373-A-3,,MEX,USA,Q2,4:16,23,43,299,225000,subst,SUBST,Substitution in,154,416558,,,,,IN,
130878,30373-A-3,,MEX,USA,Q2,3:59,23,43,301,227000,shot,P2,"2PtsFG under the basket, points after turnover, driving layup missed",104,377234,False,2,139,35,,
130878,30373-A-3,,MEX,USA,Q2,3:55,23,43,302,227002,unknwown,REB,defensive rebound,154,416446,,,,,,
130878,30373-A-3,,MEX,USA,Q2,3:38,23,45,303,228000,shot,P2,"2PtsFG under the basket, driving layup made",154,416446,True,2,155,43,,
130878,30373-A-3,,MEX,USA,Q2,3:16,23,45,304,229000,shot,P2,2pt fadeaway jump shot missed,104,369235,False,2,175,118,,
130878,30373-A-3,,MEX,USA,Q2,3:13,23,45,305,229002,unknwown,REB,defensive rebound,154,410530,,,,,,
130878,30373-A-3,,MEX,USA,Q2,3:06,23,45,306,230000,shot,P3,3pt jump shot missed,154,416446,False,3,7,70,,
130878,30373-A-3,,MEX,USA,Q2,3:04,23,45,307,230002,unknwown,REB,offensive rebound,154,410509,,,,,,
130878,30373-A-3,,MEX,USA,Q2,3:00,23,47,308,231000,shot,P2,2pt floating jump shot made,154,416446,True,2,165,64,,
130878,30373-A-3,,MEX,USA,Q2,3:00,23,47,310,231001,unknwown,ASS,made the assist,154,410509,,,,,,
130878,30373-A-3,,MEX,USA,Q2,2:59,23,47,311,233000,timeout,TIMO,Timeout,104,,,,,,,
130878,30373-A-3,,MEX,USA,Q2,2:59,23,47,312,234000,subst,SUBST,Substitution out,154,410530,,,,,OUT,
130878,30373-A-3,,MEX,USA,Q2,2:59,23,47,313,235000,subst,SUBST,Substitution in,154,416460,,,,,IN,
130878,30373-A-3,,MEX,USA,Q2,2:33,23,47,315,237000,shot,P3,3pt jump shot from center missed,104,377234,False,3,94,167,,
130878,30373-A-3,,MEX,USA,Q2,2:30,23,47,316,237002,unknwown,REB,defensive rebound,154,416558,,,,,,
130878,30373-A-3,,MEX,USA,Q2,2:24,23,47,317,238000,shot,P3,3pt jump shot missed,154,416558,False,3,229,160,,
130878,30373-A-3,,MEX,USA,Q2,2:22,23,47,318,238002,unknwown,REB,offensive rebound,154,416460,,,,,,
130878,30373-A-3,,MEX,USA,Q2,2:20,23,47,319,239000,shot,P3,3pt jump shot missed,154,416446,False,3,129,171,,
130878,30373-A-3,,MEX,USA,Q2,2:18,23,47,321,239002,unknwown,TREB,team defensive rebound,104,,,,,,,
130878,30373-A-3,,MEX,USA,Q2,2:17,23,47,324,243000,subst,SUBST,Substitution out,154,416558,,,,,OUT,
130878,30373-A-3,,MEX,USA,Q2,2:17,23,47,325,244000,subst,SUBST,Substitution in,154,410523,,,,,IN,
130878,30373-A-3,,MEX,USA,Q2,2:01,23,47,327,246000,shot,P2,2pt pullup jump shot missed,104,416257,False,2,137,113,,
130878,30373-A-3,,MEX,USA,Q2,1:58,23,47,328,246002,unknwown,REB,offensive rebound,104,369235,,,,,,
130878,30373-A-3,,MEX,USA,Q2,1:56,25,47,329,247000,shot,P2,"2PtsFG under the basket, layup made",104,377100,True,2,138,31,,
130878,30373-A-3,,MEX,USA,Q2,1:56,25,47,330,247001,unknwown,ASS,made the assist,104,369235,,,,,,
130878,30373-A-3,,MEX,USA,Q2,1:45,25,47,331,248000,unknwown,TO,turnover; ball handling,154,410523,,,,,,
130878,30373-A-3,,MEX,USA,Q2,1:45,25,47,332,248001,unknwown,ST,steal,104,377100,,,,,,
130878,30373-A-3,,MEX,USA,Q2,1:31,25,47,337,253000,unknwown,TO,turnover; ball handling,104,377234,,,,,,
130878,30373-A-3,,MEX,USA,Q2,1:31,25,47,338,253001,unknwown,ST,steal,154,410523,,,,,,
130878,30373-A-3,,MEX,USA,Q2,1:25,25,49,339,254000,shot,P2,"2PtsFG under the basket, points from fastbreak + after turnover, layup made",154,410509,True,2,131,30,,
130878,30373-A-3,,MEX,USA,Q2,1:25,25,49,341,254001,unknwown,ASS,made the assist,154,410526,,,,,,
130878,30373-A-3,,MEX,USA,Q2,1:02,25,49,343,257000,shot,P2,2pt hook shot missed,104,377100,False,2,165,50,,
130878,30373-A-3,,MEX,USA,Q2,0:58,25,49,344,257002,unknwown,REB,defensive rebound,154,416460,,,,,,
130878,30373-A-3,,MEX,USA,Q2,0:54,25,51,345,258000,shot,P2,"2PtsFG under the basket, fast break, driving layup made",154,416446,True,2,146,37,,
130878,30373-A-3,,MEX,USA,Q2,0:38,25,51,346,259000,shot,P2,2pt driving layup missed,104,416257,False,2,164,68,,
130878,30373-A-3,,MEX,USA,Q2,0:35,25,51,347,259002,unknwown,REB,defensive rebound,154,410509,,,,,,
130878,30373-A-3,,MEX,USA,Q2,0:16,25,54,348,260000,shot,P3,3pt jump shot made,154,410526,True,3,46,147,,
130878,30373-A-3,,MEX,USA,Q2,0:16,25,54,349,260001,unknwown,ASS,made the assist,154,410509,,,,,,
130878,30373-A-3,,MEX,USA,Q2,0:03,25,54,351,262000,unknwown,TO,turnover; ball handling,104,416257,,,,,,
130878,30373-A-3,,MEX,USA,Q2,0:03,25,54,352,262001,unknwown,ST,steal,154,410523,,,,,,
130878,30373-A-3,,MEX,USA,Q2,0:03,25,54,353,263000,timeout,TIMO,Timeout,154,,,,,,,
130878,30373-A-3,,MEX,USA,Q2,0:03,25,54,354,264000,subst,SUBST,Substitution out,104,416257,,,,,OUT,
130878,30373-A-3,,MEX,USA,Q2,0:03,25,54,355,265000,subst,SUBST,Substitution in,104,416181,,,,,IN,
130878,30373-A-3,,MEX,USA,Q2,0:02,25,56,357,267000,shot,P2,"2PtsFG under the basket, points after turnover, layup made",154,416460,True,2,153,36,,
130878,30373-A-3,,MEX,USA,Q2,0:02,25,56,359,267001,unknwown,ASS,made the assist,154,410509,,,,,,
130878,30373-A-3,,MEX,USA,Q2,0:00,25,56,360,269000,periods,ENDP,End of Period,,,,,,,,
130878,30373-A-3,,MEX,USA,Q3,10:00,25,56,361,270000,subst,SUBST,Substitution out,104,416129,,,,,OUT,
130878,30373-A-3,,MEX,USA,Q3,10:00,25,56,362,271000,subst,SUBST,Substitution out,104,416181,,,,,OUT,
130878,30373-A-3,,MEX,USA,Q3,10:00,25,56,363,272000,subst,SUBST,Substitution in,104,416258,,,,,IN,
130878,30373-A-3,,MEX,USA,Q3,10:00,25,56,364,273000,subst,SUBST,Substitution in,104,417033,,,,,IN,
130878,30373-A-3,,MEX,USA,Q3,10:00,25,56,365,274000,subst,SUBST,Substitution out,154,410526,,,,,OUT,
130878,30373-A-3,,MEX,USA,Q3,10:00,25,56,366,275000,subst,SUBST,Substitution out,154,416446,,,,,OUT,
130878,30373-A-3,,MEX,USA,Q3,10:00,25,56,367,276000,subst,SUBST,Substitution in,154,369232,,,,,IN,
130878,30373-A-3,,MEX,USA,Q3,10:00,25,56,368,277000,subst,SUBST,Substitution in,154,416558,,,,,IN,
130878,30373-A-3,,MEX,USA,Q3,10:00,25,56,369,278000,periods,STARTP,Start of Period,,,,,,,,
130878,30373-A-3,,MEX,USA,Q3,9:47,25,56,371,280000,shot,P2,"2PtsFG under the basket, driving layup missed",154,410509,False,2,149,32,,
130878,30373-A-3,,MEX,USA,Q3,9:43,25,56,372,280002,unknwown,REB,offensive rebound,154,416460,,,,,,
130878,30373-A-3,,MEX,USA,Q3,9:43,25,58,373,281000,shot,P2,2PtsFG under the basket made,154,416460,True,2,140,31,,
130878,30373-A-3,,MEX,USA,Q3,9:26,25,58,374,282000,shot,P3,3pt step back jump shot missed,104,377100,False,3,270,36,,
130878,30373-A-3,,MEX,USA,Q3,9:26,25,58,375,282001,unknwown,BS,blocked the shot,154,416460,,,,,,
130878,30373-A-3,,MEX,USA,Q3,9:22,25,58,376,282002,unknwown,REB,defensive rebound,154,416558,,,,,,
130878,30373-A-3,,MEX,USA,Q3,9:21,25,60,377,283000,shot,P2,"2PtsFG under the basket, fast break, driving layup made",154,410523,True,2,137,35,,
130878,30373-A-3,,MEX,USA,Q3,9:21,25,60,378,283001,unknwown,ASS,made the assist,154,416558,,,,,,
130878,30373-A-3,,MEX,USA,Q3,8:59,25,60,379,284000,shot,P2,"2PtsFG inside left, jump shot missed",104,417033,False,2,56,44,,
130878,30373-A-3,,MEX,USA,Q3,8:56,25,60,380,284002,unknwown,REB,defensive rebound,154,416558,,,,,,
130878,30373-A-3,,MEX,USA,Q3,8:47,25,63,381,285000,shot,P3,3pt jump shot made,154,369232,True,3,27,120,,
130878,30373-A-3,,MEX,USA,Q3,8:47,25,63,382,285001,unknwown,ASS,made the assist,154,416558,,,,,,
130878,30373-A-3,,MEX,USA,Q3,8:21,25,63,384,287000,unknwown,FOUL,personal foul; 2 free throws awarded,154,369232,,,,,,
130878,30373-A-3,,MEX,USA,Q3,8:21,25,63,385,287002,unknwown,RFOUL,foul drawn,104,416258,,,,,,
130878,30373-A-3,,MEX,USA,Q3,8:21,25,63,386,288000,shot,FT,1st of 2 free throws missed,104,416258,False,1,0,0,,
130878,30373-A-3,,MEX,USA,Q3,8:21,25,63,388,290000,shot,FT,2nd of 2 free throws missed,104,416258,False,1,0,0,,
130878,30373-A-3,,MEX,USA,Q3,8:20,25,63,389,290002,unknwown,REB,defensive rebound,154,416460,,,,,,
130878,30373-A-3,,MEX,USA,Q3,8:03,25,66,390,291000,shot,P3,3pt jump shot made,154,369232,True,3,19,95,,
130878,30373-A-3,,MEX,USA,Q3,8:03,25,66,391,291001,unknwown,ASS,made the assist,154,410523,,,,,,
130878,30373-A-3,,MEX,USA,Q3,7:34,28,66,392,292000,shot,P3,3pt jump shot made,104,377100,True,3,28,115,,
130878,30373-A-3,,MEX,USA,Q3,7:34,28,66,393,292001,unknwown,ASS,made the assist,104,416258,,,,,,
130878,30373-A-3,,MEX,USA,Q3,7:13,28,69,394,293000,shot,P3,3pt jump shot made,154,410523,True,3,5,24,,
130878,30373-A-3,,MEX,USA,Q3,7:13,28,69,396,293001,unknwown,ASS,made the assist,154,369232,,,,,,
130878,30373-A-3,,MEX,USA,Q3,7:13,28,69,397,295000,timeout,TIMO,Timeout,104,,,,,,,
130878,30373-A-3,,MEX,USA,Q3,7:13,28,69,398,296000,subst,SUBST,Substitution out,154,416558,,,,,OUT,
130878,30373-A-3,,MEX,USA,Q3,7:13,28,69,399,297000,subst,SUBST,Substitution in,154,416446,,,,,IN,
130878,30373-A-3,,MEX,USA,Q3,6:50,28,69,401,299000,shot,P2,"2PtsFG under the basket, driving layup missed",104,416258,False,2,148,20,,
130878,30373-A-3,,MEX,USA,Q3,6:46,28,69,402,299002,unknwown,REB,offensive rebound,104,416258,,,,,,
130878,30373-A-3,,MEX,USA,Q3,6:43,28,69,404,301000,shot,P2,"2PtsFG under the basket, dunk missed",104,369235,False,2,142,31,,
130878,30373-A-3,,MEX,USA,Q3,6:43,28,69,405,301001,unknwown,BS,blocked the shot,154,416460,,,,,,
130878,30373-A-3,,MEX,USA,Q3,6:43,28,69,406,301002,unknwown,TREB,team offensive rebound,104,,,,,,,
130878,30373-A-3,,MEX,USA,Q3,6:35,28,69,410,305000,shot,P3,3pt jump shot missed,104,417033,False,3,226,145,,
130878,30373-A-3,,MEX,USA,Q3,6:33,28,69,411,305002,unknwown,REB,defensive rebound,154,410509,,,,,,
130878,30373-A-3,,MEX,USA,Q3,6:24,28,71,412,306000,shot,P2,2pt fadeaway jump shot made,154,369232,True,2,208,68,,
130878,30373-A-3,,MEX,USA,Q3,6:10,28,71,413,307000,shot,P3,3pt jump shot from center missed,104,369235,False,3,127,171,,
130878,30373-A-3,,MEX,USA,Q3,6:07,28,71,414,307002,unknwown,REB,defensive rebound,154,416446,,,,,,
130878,30373-A-3,,MEX,USA,Q3,6:00,28,73,415,308000,shot,P2,2pt jump shot made,154,410523,True,2,164,57,,
130878,30373-A-3,,MEX,USA,Q3,5:36,28,73,416,309000,shot,P3,3pt jump shot from center missed,104,416258,False,3,184,165,,
130878,30373-A-3,,MEX,USA,Q3,5:34,28,73,417,309002,unknwown,REB,defensive rebound,154,416446,,,,,,
130878,30373-A-3,,MEX,USA,Q3,5:27,28,73,418,310000,shot,P2,"2PtsFG under the basket, floating jump shot missed",154,416446,False,2,149,43,,
130878,30373-A-3,,MEX,USA,Q3,5:23,28,73,419,310002,unknwown,REB,offensive rebound,154,416446,,,,,,
130878,30373-A-3,,MEX,USA,Q3,5:23,28,73,420,311000,shot,P2,2PtsFG under the basket missed,154,416446,False,2,140,31,,
130878,30373-A-3,,MEX,USA,Q3,5:22,28,73,421,311002,unknwown,REB,offensive rebound,154,416446,,,,,,
130878,30373-A-3,,MEX,USA,Q3,5:22,28,75,422,312000,shot,P2,2PtsFG under the basket made,154,416446,True,2,140,31,,
130878,30373-A-3,,MEX,USA,Q3,5:03,28,75,423,313000,shot,P2,"2PtsFG inside left, jump shot missed",104,377234,False,2,74,91,,
130878,30373-A-3,,MEX,USA,Q3,5:00,28,75,424,313002,unknwown,REB,defensive rebound,154,416460,,,,,,
130878,30373-A-3,,MEX,USA,Q3,4:54,28,75,425,314000,shot,P3,3pt jump shot missed,154,369232,False,3,62,157,,
130878,30373-A-3,,MEX,USA,Q3,4:52,28,75,426,314002,unknwown,REB,defensive rebound,104,377234,,,,,,
130878,30373-A-3,,MEX,USA,Q3,4:48,28,75,427,315000,unknwown,TO,turnover; bad pass,104,377234,,,,,,
130878,30373-A-3,,MEX,USA,Q3,4:48,28,75,428,315001,unknwown,ST,steal,154,410523,,,,,,
130878,30373-A-3,,MEX,USA,Q3,4:43,28,75,432,319000,unknwown,FOUL,personal foul; 2 free throws awarded,104,377234,,,,,,
130878,30373-A-3,,MEX,USA,Q3,4:43,28,75,433,319002,unknwown,RFOUL,foul drawn,154,410523,,,,,,
130878,30373-A-3,,MEX,USA,Q3,4:43,28,75,434,320000,subst,SUBST,Substitution out,154,369232,,,,,OUT,
130878,30373-A-3,,MEX,USA,Q3,4:43,28,75,435,321000,subst,SUBST,Substitution out,154,416460,,,,,OUT,
130878,30373-A-3,,MEX,USA,Q3,4:43,28,75,436,322000,subst,SUBST,Substitution in,154,410526,,,,,IN,
130878,30373-A-3,,MEX,USA,Q3,4:43,28,75,437,323000,subst,SUBST,Substitution in,154,410530,,,,,IN,
130878,30373-A-3,,MEX,USA,Q3,4:43,28,75,438,324000,subst,SUBST,Substitution out,154,410509,,,,,OUT,
130878,30373-A-3,,MEX,USA,Q3,4:43,28,75,439,325000,subst,SUBST,Substitution in,154,416453,,,,,IN,
130878,30373-A-3,,MEX,USA,Q3,4:43,28,76,440,326000,shot,FT,Free throw made 1 of 2,154,410523,True,1,0,0,,
130878,30373-A-3,,MEX,USA,Q3,4:43,28,77,441,327000,shot,FT,Free throw made 2 of 2,154,410523,True,1,0,0,,
130878,30373-A-3,,MEX,USA,Q3,4:43,28,77,442,328000,subst,SUBST,Substitution out,154,410523,,,,,OUT,
130878,30373-A-3,,MEX,USA,Q3,4:43,28,77,443,329000,subst,SUBST,Substitution in,154,416519,,,,,IN,
130878,30373-A-3,,MEX,USA,Q3,4:32,28,77,445,331000,shot,P3,3pt jump shot missed,104,417033,False,3,11,41,,
130878,30373-A-3,,MEX,USA,Q3,4:29,28,77,446,331002,unknwown,REB,defensive rebound,154,416446,,,,,,
130878,30373-A-3,,MEX,USA,Q3,4:22,28,77,447,332000,shot,P3,3pt jump shot missed,154,410526,False,3,7,44,,
130878,30373-A-3,,MEX,USA,Q3,4:20,28,77,448,332002,unknwown,REB,offensive rebound,154,416519,,,,,,
130878,30373-A-3,,MEX,USA,Q3,4:16,28,77,449,333000,shot,P3,3pt jump shot missed,154,416446,False,3,208,157,,
130878,30373-A-3,,MEX,USA,Q3,4:14,28,77,450,333002,unknwown,REB,defensive rebound,104,369235,,,,,,
130878,30373-A-3,,MEX,USA,Q3,4:01,28,77,454,337000,unknwown,JS,jump ball situation; throw-in,104,,,,,,,
130878,30373-A-3,,MEX,USA,Q3,4:01,28,77,455,338000,subst,SUBST,Substitution out,104,417033,,,,,OUT,
130878,30373-A-3,,MEX,USA,Q3,4:01,28,77,456,339000,subst,SUBST,Substitution in,104,416264,,,,,IN,
130878,30373-A-3,,MEX,USA,Q3,3:55,28,77,458,341000,shot,P3,3pt jump shot missed,104,369235,False,3,67,156,,
130878,30373-A-3,,MEX,USA,Q3,3:52,28,77,459,341002,unknwown,REB,defensive rebound,154,416446,,,,,,
130878,30373-A-3,,MEX,USA,Q3,3:52,28,77,460,342000,subst,SUBST,Substitution out,104,416258,,,,,OUT,
130878,30373-A-3,,MEX,USA,Q3,3:52,28,77,461,343000,subst,SUBST,Substitution out,104,377234,,,,,OUT,
130878,30373-A-3,,MEX,USA,Q3,3:52,28,77,462,344000,subst,SUBST,Substitution in,104,417035,,,,,IN,
130878,30373-A-3,,MEX,USA,Q3,3:52,28,77,463,345000,subst,SUBST,Substitution in,104,416257,,,,,IN,
130878,30373-A-3,,MEX,USA,Q3,3:42,28,77,464,346000,unknwown,TO,turnover; bad pass,154,416453,,,,,,
130878,30373-A-3,,MEX,USA,Q3,3:42,28,77,465,346001,unknwown,ST,steal,104,417035,,,,,,
130878,30373-A-3,,MEX,USA,Q3,3:18,28,77,466,347000,shot,P3,3pt jump shot missed,104,417035,False,3,5,28,,
130878,30373-A-3,,MEX,USA,Q3,3:13,28,77,467,347002,unknwown,REB,defensive rebound,154,410530,,,,,,
130878,30373-A-3,,MEX,USA,Q3,3:13,28,77,468,348000,unknwown,TO,turnover; bad pass,154,410530,,,,,,
130878,30373-A-3,,MEX,USA,Q3,3:13,28,77,469,348001,unknwown,ST,steal,104,416257,,,,,,
130878,30373-A-3,,MEX,USA,Q3,3:09,30,77,470,349000,shot,P2,"2PtsFG under the basket, points from fastbreak + after turnover, driving layup made",104,416257,True,2,153,25,,
130878,30373-A-3,,MEX,USA,Q3,3:00,30,77,471,350000,shot,P3,3pt jump shot missed,154,416519,False,3,39,133,,
130878,30373-A-3,,MEX,USA,Q3,2:58,30,77,472,350002,unknwown,REB,offensive rebound,154,410530,,,,,,
130878,30373-A-3,,MEX,USA,Q3,2:56,30,77,473,351000,shot,P2,"2PtsFG under the basket, layup missed",154,410530,False,2,160,39,,
130878,30373-A-3,,MEX,USA,Q3,2:56,30,77,474,351001,unknwown,BS,blocked the shot,104,369235,,,,,,
130878,30373-A-3,,MEX,USA,Q3,2:51,30,77,475,351002,unknwown,REB,offensive rebound,154,416446,,,,,,
130878,30373-A-3,,MEX,USA,Q3,2:50,30,77,476,352000,shot,P2,"2PtsFG under the basket, layup missed",154,416446,False,2,150,30,,
130878,30373-A-3,,MEX,USA,Q3,2:50,30,77,477,352001,unknwown,BS,blocked the shot,104,369235,,,,,,
130878,30373-A-3,,MEX,USA,Q3,2:46,30,77,478,352002,unknwown,REB,defensive rebound,104,417035,,,,,,
130878,30373-A-3,,MEX,USA,Q3,2:43,30,77,480,354000,unknwown,FOUL,personal foul,154,410526,,,,,,
130878,30373-A-3,,MEX,USA,Q3,2:43,30,77,481,354002,unknwown,RFOUL,foul drawn,104,416257,,,,,,
130878,30373-A-3,,MEX,USA,Q3,2:43,30,77,482,355000,subst,SUBST,Substitution out,154,416446,,,,,OUT,
130878,30373-A-3,,MEX,USA,Q3,2:43,30,77,483,356000,subst,SUBST,Substitution in,154,416447,,,,,IN,
130878,30373-A-3,,MEX,USA,Q3,2:35,30,77,488,361000,unknwown,TO,turnover; ball handling,104,417035,,,,,,
130878,30373-A-3,,MEX,USA,Q3,2:35,30,77,489,361001,unknwown,ST,steal,154,416519,,,,,,
130878,30373-A-3,,MEX,USA,Q3,2:26,30,77,491,363000,shot,P2,2pt driving layup missed,154,416519,False,2,173,33,,
130878,30373-A-3,,MEX,USA,Q3,2:24,30,77,492,363002,unknwown,REB,defensive rebound,104,369235,,,,,,
130878,30373-A-3,,MEX,USA,Q3,2:16,30,77,493,364000,shot,P3,3pt jump shot missed,104,369235,False,3,234,135,,
130878,30373-A-3,,MEX,USA,Q3,2:16,30,77,494,364001,unknwown,BS,blocked the shot,154,410530,,,,,,
130878,30373-A-3,,MEX,USA,Q3,2:11,30,77,495,364002,unknwown,REB,defensive rebound,154,416453,,,,,,
130878,30373-A-3,,MEX,USA,Q3,2:04,30,77,496,365000,unknwown,TO,turnover; bad pass,154,416447,,,,,,
130878,30373-A-3,,MEX,USA,Q3,2:04,30,77,497,365001,unknwown,ST,steal,104,416257,,,,,,
130878,30373-A-3,,MEX,USA,Q3,2:00,30,77,499,367000,unknwown,TO,turnover; ball handling,104,369235,,,,,,
130878,30373-A-3,,MEX,USA,Q3,2:00,30,77,500,367001,unknwown,ST,steal,154,410526,,,,,,
130878,30373-A-3,,MEX,USA,Q3,2:00,30,77,501,368000,unknwown,FOUL,personal foul; 2 free throws awarded,104,369235,,,,,,
130878,30373-A-3,,MEX,USA,Q3,2:00,30,77,502,368002,unknwown,RFOUL,foul drawn,154,410526,,,,,,
130878,30373-A-3,,MEX,USA,Q3,2:00,30,77,503,369000,subst,SUBST,Substitution out,104,369235,,,,,OUT,
130878,30373-A-3,,MEX,USA,Q3,2:00,30,77,504,370000,subst,SUBST,Substitution out,104,417035,,,,,OUT,
130878,30373-A-3,,MEX,USA,Q3,2:00,30,77,505,371000,subst,SUBST,Substitution in,104,415754,,,,,IN,
130878,30373-A-3,,MEX,USA,Q3,2:00,30,77,506,372000,subst,SUBST,Substitution in,104,417036,,,,,IN,
130878,30373-A-3,,MEX,USA,Q3,2:00,30,77,507,373000,shot,FT,Free throw missed 1 of 2,154,410526,False,1,0,0,,
130878,30373-A-3,,MEX,USA,Q3,2:00,30,77,508,374000,shot,FT,Free throw missed 2 of 2,154,410526,False,1,0,0,,
130878,30373-A-3,,MEX,USA,Q3,1:56,30,77,510,374002,unknwown,REB,offensive rebound,154,410526,,,,,,
130878,30373-A-3,,MEX,USA,Q3,1:51,30,77,511,376000,shot,P3,3pt jump shot missed,154,410526,False,3,265,165,,
130878,30373-A-3,,MEX,USA,Q3,1:48,30,77,512,376002,unknwown,REB,offensive rebound,154,416519,,,,,,
130878,30373-A-3,,MEX,USA,Q3,1:48,30,77,514,378000,unknwown,FOUL,personal foul; 2 free throws awarded,104,416264,,,,,,
130878,30373-A-3,,MEX,USA,Q3,1:48,30,77,515,378002,unknwown,RFOUL,foul drawn,154,416519,,,,,,
130878,30373-A-3,,MEX,USA,Q3,1:48,30,77,516,379000,subst,SUBST,Substitution out,154,410526,,,,,OUT,
130878,30373-A-3,,MEX,USA,Q3,1:48,30,77,517,380000,subst,SUBST,Substitution in,154,416558,,,,,IN,
130878,30373-A-3,,MEX,USA,Q3,1:48,30,77,518,381000,shot,FT,1st of 2 free throws missed,154,416519,False,1,0,0,,
130878,30373-A-3,,MEX,USA,Q3,1:48,30,78,519,382000,shot,FT,2nd of 2 free throws made,154,416519,True,1,0,0,,
130878,30373-A-3,,MEX,USA,Q3,1:48,30,78,520,383000,timeout,TIMO,Timeout,154,,,,,,,
130878,30373-A-3,,MEX,USA,Q3,1:48,30,78,521,384000,subst,SUBST,Substitution out,154,416453,,,,,OUT,
130878,30373-A-3,,MEX,USA,Q3,1:48,30,78,522,385000,subst,SUBST,Substitution in,154,410526,,,,,IN,
130878,30373-A-3,,MEX,USA,Q3,1:36,30,78,524,387000,unknwown,TO,turnover; ball handling,104,416257,,,,,,
130878,30373-A-3,,MEX,USA,Q3,1:36,30,78,525,387001,unknwown,ST,steal,154,416519,,,,,,
130878,30373-A-3,,MEX,USA,Q3,1:32,30,78,529,391000,unknwown,FOUL,personal foul; 2 free throws awarded,104,415754,,,,,,
130878,30373-A-3,,MEX,USA,Q3,1:32,30,78,530,391002,unknwown,RFOUL,foul drawn,154,410526,,,,,,
130878,30373-A-3,,MEX,USA,Q3,1:32,30,79,531,392000,shot,FT,Free throw made 1 of 2,154,410526,True,1,0,0,,
130878,30373-A-3,,MEX,USA,Q3,1:32,30,80,532,393000,shot,FT,Free throw made 2 of 2,154,410526,True,1,0,0,,
130878,30373-A-3,,MEX,USA,Q3,1:18,30,80,535,396000,unknwown,FOUL,personal foul,154,416519,,,,,,
130878,30373-A-3,,MEX,USA,Q3,1:18,30,80,536,396002,unknwown,RFOUL,foul drawn,104,415754,,,,,,
130878,30373-A-3,,MEX,USA,Q3,1:17,30,80,539,399000,subst,SUBST,Substitution out,154,410526,,,,,OUT,
130878,30373-A-3,,MEX,USA,Q3,1:17,30,80,540,400000,subst,SUBST,Substitution in,154,369232,,,,,IN,
130878,30373-A-3,,MEX,USA,Q3,1:04,30,80,542,402000,shot,P2,2pt step back jump shot missed,104,377100,False,2,213,46,,
130878,30373-A-3,,MEX,USA,Q3,1:01,30,80,543,402002,unknwown,REB,defensive rebound,154,416558,,,,,,
130878,30373-A-3,,MEX,USA,Q3,0:51,30,80,547,406000,unknwown,FOUL,personal foul; 3 free throws awarded,104,415754,,,,,,
130878,30373-A-3,,MEX,USA,Q3,0:51,30,80,548,406002,unknwown,RFOUL,foul drawn,154,369232,,,,,,
130878,30373-A-3,,MEX,USA,Q3,0:51,30,80,549,407000,shot,FT,1st of 3 free throws missed,154,369232,False,1,0,0,,
130878,30373-A-3,,MEX,USA,Q3,0:51,30,80,550,408000,shot,FT,2nd of 3 free throws missed,154,369232,False,1,0,0,,
130878,30373-A-3,,MEX,USA,Q3,0:51,30,81,551,409000,shot,FT,3rd of 3 free throws made,154,369232,True,1,0,0,,
130878,30373-A-3,,MEX,USA,Q3,0:51,30,81,552,409001,unknwown,ASS,made the assist,154,416519,,,,,,
130878,30373-A-3,,MEX,USA,Q3,0:26,30,81,554,411000,shot,P2,2pt pullup jump shot missed,104,416264,False,2,207,69,,
130878,30373-A-3,,MEX,USA,Q3,0:22,30,81,555,411002,unknwown,REB,defensive rebound,154,416447,,,,,,
130878,30373-A-3,,MEX,USA,Q3,0:03,30,81,556,412000,shot,P3,3pt jump shot missed,154,416519,False,3,12,30,,
130878,30373-A-3,,MEX,USA,Q3,0:01,30,81,557,412002,unknwown,REB,defensive rebound,104,416257,,,,,,
130878,30373-A-3,,MEX,USA,Q3,0:00,30,81,559,414000,shot,P3,"3PtsFG back court, jump shot missed",104,416257,False,3,102,211,,
130878,30373-A-3,,MEX,USA,Q3,0:00,30,81,562,417000,periods,ENDP,End of Period,,,,,,,,
130878,30373-A-3,,MEX,USA,Q4,10:00,30,81,563,418000,subst,SUBST,Substitution out,104,415754,,,,,OUT,
130878,30373-A-3,,MEX,USA,Q4,10:00,30,81,564,419000,subst,SUBST,Substitution out,104,417036,,,,,OUT,
130878,30373-A-3,,MEX,USA,Q4,10:00,30,81,565,420000,subst,SUBST,Substitution out,104,377100,,,,,OUT,
130878,30373-A-3,,MEX,USA,Q4,10:00,30,81,566,421000,subst,SUBST,Substitution in,104,416129,,,,,IN,
130878,30373-A-3,,MEX,USA,Q4,10:00,30,81,567,422000,subst,SUBST,Substitution in,104,416181,,,,,IN,
130878,30373-A-3,,MEX,USA,Q4,10:00,30,81,568,423000,subst,SUBST,Substitution in,104,369235,,,,,IN,
130878,30373-A-3,,MEX,USA,Q4,10:00,30,81,569,424000,subst,SUBST,Substitution out,154,416519,,,,,OUT,
130878,30373-A-3,,MEX,USA,Q4,10:00,30,81,570,425000,subst,SUBST,Substitution out,154,410530,,,,,OUT,
130878,30373-A-3,,MEX,USA,Q4,10:00,30,81,571,426000,subst,SUBST,Substitution out,154,416447,,,,,OUT,
130878,30373-A-3,,MEX,USA,Q4,10:00,30,81,572,427000,subst,SUBST,Substitution in,154,416453,,,,,IN,
130878,30373-A-3,,MEX,USA,Q4,10:00,30,81,573,428000,subst,SUBST,Substitution in,154,410523,,,,,IN,
130878,30373-A-3,,MEX,USA,Q4,10:00,30,81,574,429000,subst,SUBST,Substitution in,154,416446,,,,,IN,
130878,30373-A-3,,MEX,USA,Q4,10:00,30,81,575,430000,periods,STARTP,Start of Period,,,,,,,,
130878,30373-A-3,,MEX,USA,Q4,9:48,30,81,579,434000,shot,P3,3pt jump shot missed,154,416558,False,3,15,116,,
130878,30373-A-3,,MEX,USA,Q4,9:45,30,81,580,434002,unknwown,REB,defensive rebound,104,416129,,,,,,
130878,30373-A-3,,MEX,USA,Q4,9:45,30,81,581,435000,unknwown,TO,turnover; ball handling,104,416129,,,,,,
130878,30373-A-3,,MEX,USA,Q4,9:45,30,81,583,435001,unknwown,ST,steal,154,410523,,,,,,
130878,30373-A-3,,MEX,USA,Q4,9:42,30,81,586,439000,unknwown,FOUL,personal foul; 2 free throws awarded,104,416264,,,,,,
130878,30373-A-3,,MEX,USA,Q4,9:42,30,81,587,439002,unknwown,RFOUL,foul drawn,154,416446,,,,,,
130878,30373-A-3,,MEX,USA,Q4,9:42,30,81,588,440000,shot,FT,Free throw missed 1 of 2,154,416446,False,1,0,0,,
130878,30373-A-3,,MEX,USA,Q4,9:42,30,82,589,441000,shot,FT,Free throw made 2 of 2,154,416446,True,1,0,0,,
130878,30373-A-3,,MEX,USA,Q4,9:27,32,82,593,445000,shot,P2,"2PtsFG under the basket, driving layup made",104,416257,True,2,148,29,,
130878,30373-A-3,,MEX,USA,Q4,9:11,32,82,597,449000,unknwown,TO,turnover; travelling,154,416453,,,,,,
130878,30373-A-3,,MEX,USA,Q4,8:59,32,82,600,452000,unknwown,FOUL,personal foul; 2 free throws awarded,154,416558,,,,,,
130878,30373-A-3,,MEX,USA,Q4,8:59,32,82,601,452002,unknwown,RFOUL,foul drawn,104,416257,,,,,,
130878,30373-A-3,,MEX,USA,Q4,8:59,33,82,602,453000,shot,FT,1st of 2 free throws made,104,416257,True,1,0,0,,
130878,30373-A-3,,MEX,USA,Q4,8:59,34,82,603,454000,shot,FT,2nd of 2 free throws made,104,416257,True,1,0,0,,
130878,30373-A-3,,MEX,USA,Q4,8:47,34,82,605,456000,shot,P3,3pt jump shot missed,154,410523,False,3,270,48,,
130878,30373-A-3,,MEX,USA,Q4,8:44,34,82,606,456002,unknwown,REB,offensive rebound,154,416558,,,,,,
130878,30373-A-3,,MEX,USA,Q4,8:43,34,84,607,457000,shot,P2,layup made,154,416558,True,2,160,48,,
130878,30373-A-3,,MEX,USA,Q4,8:28,34,84,608,458000,shot,P2,"2PtsFG under the basket, driving layup missed",104,416257,False,2,125,38,,
130878,30373-A-3,,MEX,USA,Q4,8:28,34,84,609,458001,unknwown,BS,blocked the shot,154,416446,,,,,,
130878,30373-A-3,,MEX,USA,Q4,8:24,34,84,610,458002,unknwown,REB,offensive rebound,104,416257,,,,,,
130878,30373-A-3,,MEX,USA,Q4,8:22,34,84,612,460000,unknwown,TO,turnover; bad pass,104,416181,,,,,,
130878,30373-A-3,,MEX,USA,Q4,8:22,34,84,613,460001,unknwown,ST,steal,154,416446,,,,,,
130878,30373-A-3,,MEX,USA,Q4,8:21,34,84,776,460500,unknwown,FOUL,personal foul,104,416257,,,,,,
130878,30373-A-3,,MEX,USA,Q4,8:21,34,84,777,460502,unknwown,RFOUL,foul drawn,154,410523,,,,,,
130878,30373-A-3,,MEX,USA,Q4,8:21,34,84,616,463000,subst,SUBST,Substitution out,104,416257,,,,,OUT,
130878,30373-A-3,,MEX,USA,Q4,8:21,34,84,617,464000,subst,SUBST,Substitution in,104,417033,,,,,IN,
130878,30373-A-3,,MEX,USA,Q4,8:21,34,84,618,465000,subst,SUBST,Substitution out,104,416264,,,,,OUT,
130878,30373-A-3,,MEX,USA,Q4,8:21,34,84,619,466000,subst,SUBST,Substitution in,104,416258,,,,,IN,
130878,30373-A-3,,MEX,USA,Q4,8:08,34,84,621,468000,shot,P2,"2PtsFG inside left, points after turnover, jump shot missed",154,369232,False,2,75,48,,
130878,30373-A-3,,MEX,USA,Q4,8:07,34,84,623,468002,unknwown,TREB,team defensive rebound,104,,,,,,,
130878,30373-A-3,,MEX,USA,Q4,8:07,34,84,624,470000,subst,SUBST,Substitution out,154,416558,,,,,OUT,
130878,30373-A-3,,MEX,USA,Q4,8:07,34,84,625,471000,subst,SUBST,Substitution in,154,416519,,,,,IN,
130878,30373-A-3,,MEX,USA,Q4,7:55,34,84,629,475000,unknwown,TO,turnover; bad pass,104,416181,,,,,,
130878,30373-A-3,,MEX,USA,Q4,7:55,34,84,630,475001,unknwown,ST,steal,154,416519,,,,,,
130878,30373-A-3,,MEX,USA,Q4,7:51,34,86,631,476000,shot,P2,"2PtsFG under the basket, points from fastbreak + after turnover, dunk made",154,416519,True,2,138,23,,
130878,30373-A-3,,MEX,USA,Q4,7:28,34,86,632,477000,shot,P3,3pt jump shot missed,104,417033,False,3,7,32,,
130878,30373-A-3,,MEX,USA,Q4,7:24,34,86,633,477002,unknwown,REB,offensive rebound,104,416258,,,,,,
130878,30373-A-3,,MEX,USA,Q4,7:23,36,86,634,478000,shot,P2,"2PtsFG under the basket, layup made",104,416258,True,2,140,36,,
130878,30373-A-3,,MEX,USA,Q4,7:10,36,86,635,479000,shot,P3,3pt jump shot missed,154,410523,False,3,239,138,,
130878,30373-A-3,,MEX,USA,Q4,7:09,36,86,638,479002,unknwown,REB,defensive rebound,104,369235,,,,,,
130878,30373-A-3,,MEX,USA,Q4,7:09,36,86,637,481000,unknwown,JS,jump ball situation; throw-in,104,,,,,,,
130878,30373-A-3,,MEX,USA,Q4,7:09,36,86,640,483000,subst,SUBST,Substitution out,154,369232,,,,,OUT,
130878,30373-A-3,,MEX,USA,Q4,7:09,36,86,641,484000,subst,SUBST,Substitution out,154,410523,,,,,OUT,
130878,30373-A-3,,MEX,USA,Q4,7:09,36,86,642,485000,subst,SUBST,Substitution out,154,416446,,,,,OUT,
130878,30373-A-3,,MEX,USA,Q4,7:09,36,86,643,486000,subst,SUBST,Substitution in,154,410526,,,,,IN,
130878,30373-A-3,,MEX,USA,Q4,7:09,36,86,644,487000,subst,SUBST,Substitution in,154,410509,,,,,IN,
130878,30373-A-3,,MEX,USA,Q4,7:09,36,86,645,488000,subst,SUBST,Substitution in,154,416447,,,,,IN,
130878,30373-A-3,,MEX,USA,Q4,6:52,36,86,649,492000,unknwown,FOUL,personal foul; 2 free throws awarded,154,416453,,,,,,
130878,30373-A-3,,MEX,USA,Q4,6:52,36,86,650,492002,unknwown,RFOUL,foul drawn,104,369235,,,,,,
130878,30373-A-3,,MEX,USA,Q4,6:52,36,86,651,493000,shot,FT,1st of 2 free throws missed,104,369235,False,1,0,0,,
130878,30373-A-3,,MEX,USA,Q4,6:52,37,86,652,494000,shot,FT,2nd of 2 free throws made,104,369235,True,1,0,0,,
130878,30373-A-3,,MEX,USA,Q4,6:52,37,86,653,494001,unknwown,ASS,made the assist,104,416258,,,,,,
130878,30373-A-3,,MEX,USA,Q4,6:39,37,86,655,496000,unknwown,TO,turnover; ball handling,154,410509,,,,,,
130878,30373-A-3,,MEX,USA,Q4,6:39,37,86,656,496001,unknwown,ST,steal,104,417033,,,,,,
130878,30373-A-3,,MEX,USA,Q4,6:33,39,86,657,497000,shot,P2,"2PtsFG under the basket, points from fastbreak + after turnover, layup made",104,416258,True,2,149,32,,
130878,30373-A-3,,MEX,USA,Q4,6:19,39,89,658,498000,shot,P3,3pt jump shot made,154,416453,True,3,51,134,,
130878,30373-A-3,,MEX,USA,Q4,6:19,39,89,659,498001,unknwown,ASS,made the assist,154,410526,,,,,,
130878,30373-A-3,,MEX,USA,Q4,5:55,39,89,660,499000,unknwown,TO,turnover; bad pass,104,369235,,,,,,
130878,30373-A-3,,MEX,USA,Q4,5:55,39,89,661,499001,unknwown,ST,steal,154,410526,,,,,,
130878,30373-A-3,,MEX,USA,Q4,5:48,39,89,662,500000,shot,P3,3pt jump shot missed,154,410509,False,3,43,138,,
130878,30373-A-3,,MEX,USA,Q4,5:44,39,89,663,500002,unknwown,REB,defensive rebound,104,416181,,,,,,
130878,30373-A-3,,MEX,USA,Q4,5:39,41,89,665,502000,shot,P2,"2PtsFG under the basket, driving layup made",104,416258,True,2,134,33,,
130878,30373-A-3,,MEX,USA,Q4,5:38,41,89,668,505000,unknwown,FOUL,personal foul; 1 free throw awarded,154,410526,,,,,,
130878,30373-A-3,,MEX,USA,Q4,5:38,41,89,669,505002,unknwown,RFOUL,foul drawn,104,416258,,,,,,
130878,30373-A-3,,MEX,USA,Q4,5:37,41,89,671,507000,shot,FT,1st free throw missed,104,416258,False,1,0,0,,
130878,30373-A-3,,MEX,USA,Q4,5:37,41,89,672,507002,unknwown,REB,defensive rebound,154,416447,,,,,,
130878,30373-A-3,,MEX,USA,Q4,5:26,41,89,673,508000,shot,P3,3pt jump shot missed,154,416453,False,3,83,158,,
130878,30373-A-3,,MEX,USA,Q4,5:23,41,89,674,508002,unknwown,REB,defensive rebound,104,416258,,,,,,
130878,30373-A-3,,MEX,USA,Q4,5:17,41,89,676,510000,unknwown,TO,turnover; bad pass,104,416258,,,,,,
130878,30373-A-3,,MEX,USA,Q4,5:17,41,89,677,511000,subst,SUBST,Substitution out,104,416129,,,,,OUT,
130878,30373-A-3,,MEX,USA,Q4,5:17,41,89,678,512000,subst,SUBST,Substitution in,104,377234,,,,,IN,
130878,30373-A-3,,MEX,USA,Q4,5:17,41,89,679,513000,subst,SUBST,Substitution out,154,416453,,,,,OUT,
130878,30373-A-3,,MEX,USA,Q4,5:17,41,89,680,514000,subst,SUBST,Substitution in,154,416460,,,,,IN,
130878,30373-A-3,,MEX,USA,Q4,5:06,41,89,685,519000,unknwown,TO,turnover; out of bounds,154,410509,,,,,,
130878,30373-A-3,,MEX,USA,Q4,4:48,41,89,687,521000,shot,P2,2pt step back jump shot missed,104,377234,False,2,205,51,,
130878,30373-A-3,,MEX,USA,Q4,4:48,41,89,688,521001,unknwown,BS,blocked the shot,154,416460,,,,,,
130878,30373-A-3,,MEX,USA,Q4,4:44,41,89,689,521002,unknwown,REB,defensive rebound,154,416447,,,,,,
130878,30373-A-3,,MEX,USA,Q4,4:41,41,91,690,522000,shot,P2,"2PtsFG under the basket, fast break, driving layup made",154,416447,True,2,141,31,,
130878,30373-A-3,,MEX,USA,Q4,4:24,44,91,691,523000,shot,P3,3pt step back jump shot made,104,416258,True,3,134,178,,
130878,30373-A-3,,MEX,USA,Q4,4:08,44,93,692,524000,shot,P2,"2PtsFG under the basket, driving layup made",154,416447,True,2,137,28,,
130878,30373-A-3,,MEX,USA,Q4,3:47,44,93,693,525000,shot,P3,3pt jump shot from center missed,104,377234,False,3,139,182,,
130878,30373-A-3,,MEX,USA,Q4,3:45,44,93,694,525002,unknwown,REB,defensive rebound,154,410509,,,,,,
130878,30373-A-3,,MEX,USA,Q4,3:43,44,95,695,526000,shot,P2,"2PtsFG under the basket, fast break, dunk made",154,416519,True,2,148,31,,
130878,30373-A-3,,MEX,USA,Q4,3:43,44,95,696,526001,unknwown,ASS,made the assist,154,410509,,,,,,
130878,30373-A-3,,MEX,USA,Q4,3:22,44,95,697,527000,shot,P3,3pt jump shot missed,104,417033,False,3,274,44,,
130878,30373-A-3,,MEX,USA,Q4,3:19,44,95,698,527002,unknwown,REB,defensive rebound,154,410509,,,,,,
130878,30373-A-3,,MEX,USA,Q4,3:15,44,97,700,529000,shot,P2,"2PtsFG under the basket, fast break, layup made",154,410526,True,2,135,23,,
130878,30373-A-3,,MEX,USA,Q4,3:15,44,97,701,529001,unknwown,ASS,made the assist,154,416519,,,,,,
130878,30373-A-3,,MEX,USA,Q4,3:15,44,97,702,530000,timeout,TIMO,Timeout,104,,,,,,,
130878,30373-A-3,,MEX,USA,Q4,3:15,44,97,703,531000,subst,SUBST,Substitution out,104,417033,,,,,OUT,
130878,30373-A-3,,MEX,USA,Q4,3:15,44,97,704,532000,subst,SUBST,Substitution out,104,369235,,,,,OUT,
130878,30373-A-3,,MEX,USA,Q4,3:15,44,97,705,533000,subst,SUBST,Substitution in,104,417035,,,,,IN,
130878,30373-A-3,,MEX,USA,Q4,3:15,44,97,706,534000,subst,SUBST,Substitution in,104,377100,,,,,IN,
130878,30373-A-3,,MEX,USA,Q4,3:15,44,97,707,535000,subst,SUBST,Substitution out,154,416460,,,,,OUT,
130878,30373-A-3,,MEX,USA,Q4,3:15,44,97,708,536000,subst,SUBST,Substitution in,154,416453,,,,,IN,
130878,30373-A-3,,MEX,USA,Q4,2:51,46,97,710,538000,shot,P2,2pt fadeaway jump shot made,104,416258,True,2,141,111,,
130878,30373-A-3,,MEX,USA,Q4,2:39,46,97,711,539000,shot,P3,3pt jump shot missed,154,410526,False,3,243,147,,
130878,30373-A-3,,MEX,USA,Q4,2:38,46,97,712,539002,unknwown,REB,defensive rebound,104,377234,,,,,,
130878,30373-A-3,,MEX,USA,Q4,2:34,46,97,713,540000,shot,P2,"2PtsFG under the basket, layup missed",104,377100,False,2,141,21,,
130878,30373-A-3,,MEX,USA,Q4,2:31,46,97,714,540002,unknwown,REB,defensive rebound,154,410526,,,,,,
130878,30373-A-3,,MEX,USA,Q4,2:25,46,97,718,544000,unknwown,FOUL,personal foul; 2 free throws awarded,104,416258,,,,,,
130878,30373-A-3,,MEX,USA,Q4,2:25,46,97,719,544002,unknwown,RFOUL,foul drawn,154,410509,,,,,,
130878,30373-A-3,,MEX,USA,Q4,2:25,46,98,720,545000,shot,FT,1st of 2 free throws made,154,410509,True,1,0,0,,
130878,30373-A-3,,MEX,USA,Q4,2:25,46,99,721,546000,shot,FT,2nd of 2 free throws made,154,410509,True,1,0,0,,
130878,30373-A-3,,MEX,USA,Q4,2:08,46,99,723,548000,shot,P3,3pt step back jump shot missed,104,416258,False,3,115,183,,
130878,30373-A-3,,MEX,USA,Q4,2:05,46,99,724,548002,unknwown,REB,offensive rebound,104,377100,,,,,,
130878,30373-A-3,,MEX,USA,Q4,2:00,46,99,726,550000,shot,P3,3pt jump shot missed,104,417035,False,3,40,136,,
130878,30373-A-3,,MEX,USA,Q4,2:00,46,99,727,550002,unknwown,TREB,team defensive rebound,154,,,,,,,
130878,30373-A-3,,MEX,USA,Q4,1:46,46,102,731,554000,shot,P3,3pt jump shot made,154,416519,True,3,254,123,,
130878,30373-A-3,,MEX,USA,Q4,1:46,46,102,732,554001,unknwown,ASS,made the assist,154,410526,,,,,,
130878,30373-A-3,,MEX,USA,Q4,1:33,46,102,738,560000,unknwown,FOUL,personal foul; 2 free throws awarded,154,416453,,,,,,
130878,30373-A-3,,MEX,USA,Q4,1:33,46,102,739,560002,unknwown,RFOUL,foul drawn,104,377234,,,,,,
130878,30373-A-3,,MEX,USA,Q4,1:33,47,102,740,561000,shot,FT,1st of 2 free throws made,104,377234,True,1,0,0,,
130878,30373-A-3,,MEX,USA,Q4,1:33,48,102,741,562000,shot,FT,2nd of 2 free throws made,104,377234,True,1,0,0,,
130878,30373-A-3,,MEX,USA,Q4,1:20,48,104,744,565000,shot,P2,"2PtsFG under the basket, driving layup made",154,410509,True,2,141,30,,
130878,30373-A-3,,MEX,USA,Q4,1:12,48,104,751,572000,unknwown,FOUL,personal foul; 2 free throws awarded,154,410509,,,,,,
130878,30373-A-3,,MEX,USA,Q4,1:12,48,104,752,572002,unknwown,RFOUL,foul drawn,104,416258,,,,,,
130878,30373-A-3,,MEX,USA,Q4,1:12,49,104,753,573000,shot,FT,1st of 2 free throws made,104,416258,True,1,0,0,,
130878,30373-A-3,,MEX,USA,Q4,1:12,50,104,754,574000,shot,FT,2nd of 2 free throws made,104,416258,True,1,0,0,,
130878,30373-A-3,,MEX,USA,Q4,0:54,50,106,757,577000,shot,P2,"2PtsFG under the basket, layup made",154,416447,True,2,152,31,,
130878,30373-A-3,,MEX,USA,Q4,0:54,50,106,758,577001,unknwown,ASS,made the assist,154,416519,,,,,,
130878,30373-A-3,,MEX,USA,Q4,0:36,50,106,760,579000,shot,P2,"2PtsFG under the basket, driving layup missed",104,416181,False,2,123,29,,
130878,30373-A-3,,MEX,USA,Q4,0:34,50,106,761,579002,unknwown,REB,defensive rebound,154,410509,,,,,,
130878,30373-A-3,,MEX,USA,Q4,0:27,50,106,762,580000,shot,P2,"2PtsFG under the basket, jump shot missed",154,416453,False,2,164,25,,
130878,30373-A-3,,MEX,USA,Q4,0:23,50,106,763,580002,unknwown,REB,offensive rebound,154,410509,,,,,,
130878,30373-A-3,,MEX,USA,Q4,0:12,50,106,764,581000,shot,P3,3pt jump shot missed,154,416519,False,3,272,76,,
130878,30373-A-3,,MEX,USA,Q4,0:10,50,106,765,581002,unknwown,REB,offensive rebound,154,416447,,,,,,
130878,30373-A-3,,MEX,USA,Q4,0:07,50,106,769,585000,unknwown,FOUL,personal foul; 2 free throws awarded,104,416181,,,,,,
130878,30373-A-3,,MEX,USA,Q4,0:07,50,106,770,585002,unknwown,RFOUL,foul drawn,154,416447,,,,,,
130878,30373-A-3,,MEX,USA,Q4,0:07,50,107,771,586000,shot,FT,1st of 2 free throws made,154,416447,True,1,0,0,,
130878,30373-A-3,,MEX,USA,Q4,0:07,50,107,773,588000,shot,FT,2nd of 2 free throws missed,154,416447,False,1,0,0,,
130878,30373-A-3,,MEX,USA,Q4,0:05,50,107,774,588002,unknwown,REB,offensive rebound,154,416453,,,,,,
130878,30373-A-3,,MEX,USA,Q4,0:00,50,107,778,590000,periods,ENDP,End of Period,,,,,,,,
130878,30373-A-3,,MEX,USA,Q4,0:00,50,107,779,591000,periods,ENDG,End of Game,,,,,,,,
130883,30373-B-5,,DOM,VEN,Q1,10:00,0,0,1,1000,periods,STARTG,Start of Game,,,,,,,,
130883,30373-B-5,,DOM,VEN,Q1,10:00,0,0,2,2000,periods,STARTP,Start of Period,,,,,,,,
130883,30373-B-5,,DOM,VEN,Q1,10:00,0,0,4,4000,unknwown,JS,jump ball situation; throw-in,,,,,,,,
130883,30373-B-5,,DOM,VEN,Q1,9:59,0,0,5,4001,unknwown,JB,jump ball won,51,416806,,,,,,
130883,30373-B-5,,DOM,VEN,Q1,9:59,0,0,6,4002,unknwown,JB,jump ball lost,158,378577,,,,,,
130883,30373-B-5,,DOM,VEN,Q1,9:41,0,0,7,5000,unknwown,TO,turnover; ball handling,51,416771,,,,,,
130883,30373-B-5,,DOM,VEN,Q1,9:41,0,0,8,5001,unknwown,ST,steal,158,378579,,,,,,
130883,30373-B-5,,DOM,VEN,Q1,9:23,0,3,9,6000,shot,P3,3pt jump shot made,158,390925,True,3,66,158,,
130883,30373-B-5,,DOM,VEN,Q1,9:23,0,3,10,6001,unknwown,ASS,made the assist,158,378547,,,,,,
130883,30373-B-5,,DOM,VEN,Q1,9:04,3,3,11,7000,shot,P3,3pt jump shot made,51,416914,True,3,198,162,,
130883,30373-B-5,,DOM,VEN,Q1,8:48,3,3,16,12000,shot,P3,3pt jump shot missed,158,378577,False,3,58,142,,
130883,30373-B-5,,DOM,VEN,Q1,8:46,3,3,17,12002,unknwown,REB,defensive rebound,51,390926,,,,,,
130883,30373-B-5,,DOM,VEN,Q1,8:40,3,3,18,13000,shot,P2,"2PtsFG inside center, jump shot missed",51,416914,False,2,106,119,,
130883,30373-B-5,,DOM,VEN,Q1,8:37,3,3,19,13002,unknwown,REB,defensive rebound,158,378577,,,,,,
130883,30373-B-5,,DOM,VEN,Q1,8:21,3,3,20,14000,shot,P3,3pt jump shot missed,158,390925,False,3,207,153,,
130883,30373-B-5,,DOM,VEN,Q1,8:18,3,3,21,14002,unknwown,REB,defensive rebound,51,416769,,,,,,
130883,30373-B-5,,DOM,VEN,Q1,8:15,3,3,23,16000,shot,P2,"2PtsFG under the basket, driving layup missed",51,416771,False,2,160,25,,
130883,30373-B-5,,DOM,VEN,Q1,8:15,3,3,24,16001,unknwown,BS,blocked the shot,158,390925,,,,,,
130883,30373-B-5,,DOM,VEN,Q1,8:15,3,3,25,16002,unknwown,TREB,team offensive rebound,51,,,,,,,
130883,30373-B-5,,DOM,VEN,Q1,8:12,3,3,27,18000,shot,P3,3pt jump shot missed,51,390926,False,3,199,158,,
130883,30373-B-5,,DOM,VEN,Q1,8:10,3,3,28,18002,unknwown,REB,defensive rebound,158,378579,,,,,,
130883,30373-B-5,,DOM,VEN,Q1,7:58,3,3,29,19000,shot,P2,2pt step back jump shot missed,158,378576,False,2,205,78,,
130883,30373-B-5,,DOM,VEN,Q1,7:53,3,3,30,19002,unknwown,REB,defensive rebound,51,390926,,,,,,
130883,30373-B-5,,DOM,VEN,Q1,7:49,3,3,32,21000,shot,P2,"2PtsFG under the basket, driving layup missed",51,416769,False,2,141,45,,
130883,30373-B-5,,DOM,VEN,Q1,7:49,3,3,33,21002,unknwown,TREB,team defensive rebound,158,,,,,,,
130883,30373-B-5,,DOM,VEN,Q1,7:36,3,6,35,23000,shot,P3,3pt jump shot made,158,378577,True,3,78,152,,
130883,30373-B-5,,DOM,VEN,Q1,7:36,3,6,36,23001,unknwown,ASS,made the assist,158,378579,,,,,,
130883,30373-B-5,,DOM,VEN,Q1,7:22,3,6,40,27000,unknwown,TO,turnover; bad pass,51,416771,,,,,,
130883,30373-B-5,,DOM,VEN,Q1,7:14,3,6,42,29000,shot,P2,"2PtsFG under the basket, points after turnover, reverse lay-up missed",158,378579,False,2,130,41,,
130883,30373-B-5,,DOM,VEN,Q1,7:10,3,6,43,29002,unknwown,REB,offensive rebound,158,378547,,,,,,
130883,30373-B-5,,DOM,VEN,Q1,7:10,3,6,44,30000,shot,P2,"2PtsFG under the basket, points from second chance + after turnover missed",158,378547,False,2,140,31,,
130883,30373-B-5,,DOM,VEN,Q1,7:10,3,6,45,30002,unknwown,REB,defensive rebound,51,416806,,,,,,
130883,30373-B-5,,DOM,VEN,Q1,7:03,3,6,46,31000,shot,P2,"2PtsFG under the basket, reverse lay-up missed",51,416914,False,2,145,34,,
130883,30373-B-5,,DOM,VEN,Q1,7:00,3,6,47,31002,unknwown,REB,offensive rebound,51,416914,,,,,,
130883,30373-B-5,,DOM,VEN,Q1,6:59,3,6,48,32000,shot,P2,"2PtsFG under the basket, layup missed",51,416914,False,2,141,32,,
130883,30373-B-5,,DOM,VEN,Q1,6:56,3,6,49,32002,unknwown,REB,defensive rebound,158,378547,,,,,,
130883,30373-B-5,,DOM,VEN,Q1,6:53,3,8,50,33000,shot,P2,"2PtsFG under the basket, fast break, alley oop dunk made",158,378577,True,2,131,33,,
130883,30373-B-5,,DOM,VEN,Q1,6:53,3,8,51,33001,unknwown,ASS,made the assist,158,378579,,,,,,
130883,30373-B-5,,DOM,VEN,Q1,6:33,3,8,52,34000,shot,P2,"2PtsFG under the basket, driving layup missed",51,416806,False,2,152,35,,
130883,30373-B-5,,DOM,VEN,Q1,6:29,3,8,53,34002,unknwown,REB,offensive rebound,51,416914,,,,,,
130883,30373-B-5,,DOM,VEN,Q1,6:28,3,8,54,35000,shot,P2,"2PtsFG under the basket, dunk missed",51,416914,False,2,155,33,,
130883,30373-B-5,,DOM,VEN,Q1,6:25,3,8,55,35002,unknwown,REB,defensive rebound,158,378579,,,,,,
130883,30373-B-5,,DOM,VEN,Q1,6:17,3,8,56,36000,shot,P2,"2PtsFG under the basket, driving layup missed",158,390925,False,2,138,43,,
130883,30373-B-5,,DOM,VEN,Q1,6:14,3,8,57,36002,unknwown,REB,offensive rebound,158,378547,,,,,,
130883,30373-B-5,,DOM,VEN,Q1,6:13,3,10,58,37000,shot,P2,"2PtsFG under the basket, layup made",158,378547,True,2,127,37,,
130883,30373-B-5,,DOM,VEN,Q1,6:02,3,10,59,38000,shot,P2,"2PtsFG under the basket, driving layup missed",51,416769,False,2,148,27,,
130883,30373-B-5,,DOM,VEN,Q1,5:59,3,10,60,38002,unknwown,REB,offensive rebound,51,416806,,,,,,
130883,30373-B-5,,DOM,VEN,Q1,5:58,5,10,62,39000,shot,P2,2pt hook shot made,51,416806,True,2,141,17,,
130883,30373-B-5,,DOM,VEN,Q1,5:45,5,13,63,40000,shot,P3,3pt jump shot made,158,378579,True,3,88,158,,
130883,30373-B-5,,DOM,VEN,Q1,5:18,7,13,64,41000,shot,P2,"2PtsFG under the basket, driving layup made",51,390926,True,2,148,33,,
130883,30373-B-5,,DOM,VEN,Q1,5:04,7,16,65,42000,shot,P3,3pt jump shot made,158,378577,True,3,66,149,,
130883,30373-B-5,,DOM,VEN,Q1,5:04,7,16,66,42001,unknwown,ASS,made the assist,158,378579,,,,,,
130883,30373-B-5,,DOM,VEN,Q1,4:52,7,16,70,46000,subst,SUBST,Substitution out,51,416771,,,,,OUT,
130883,30373-B-5,,DOM,VEN,Q1,4:52,7,16,71,47000,subst,SUBST,Substitution out,51,416806,,,,,OUT,
130883,30373-B-5,,DOM,VEN,Q1,4:52,7,16,72,48000,subst,SUBST,Substitution in,51,416768,,,,,IN,
130883,30373-B-5,,DOM,VEN,Q1,4:52,7,16,73,49000,subst,SUBST,Substitution in,51,416805,,,,,IN,
130883,30373-B-5,,DOM,VEN,Q1,4:52,7,16,74,50000,subst,SUBST,Substitution out,158,378547,,,,,OUT,
130883,30373-B-5,,DOM,VEN,Q1,4:52,7,16,75,51000,subst,SUBST,Substitution out,158,390925,,,,,OUT,
130883,30373-B-5,,DOM,VEN,Q1,4:52,7,16,76,52000,subst,SUBST,Substitution out,158,378576,,,,,OUT,
130883,30373-B-5,,DOM,VEN,Q1,4:52,7,16,77,53000,subst,SUBST,Substitution in,158,409363,,,,,IN,
130883,30373-B-5,,DOM,VEN,Q1,4:52,7,16,78,54000,subst,SUBST,Substitution in,158,409360,,,,,IN,
130883,30373-B-5,,DOM,VEN,Q1,4:52,7,16,79,55000,subst,SUBST,Substitution in,158,409358,,,,,IN,
130883,30373-B-5,,DOM,VEN,Q1,4:44,7,16,81,57000,shot,P3,3pt jump shot missed,51,416914,False,3,17,92,,
130883,30373-B-5,,DOM,VEN,Q1,4:42,7,16,82,57002,unknwown,REB,defensive rebound,158,409363,,,,,,
130883,30373-B-5,,DOM,VEN,Q1,4:23,7,16,83,58000,unknwown,TO,turnover; ball handling,158,409358,,,,,,
130883,30373-B-5,,DOM,VEN,Q1,4:23,7,16,84,58001,unknwown,ST,steal,51,416768,,,,,,
130883,30373-B-5,,DOM,VEN,Q1,4:19,9,16,85,59000,shot,P2,"2PtsFG under the basket, points from fastbreak + after turnover, driving layup made",51,416768,True,2,146,30,,
130883,30373-B-5,,DOM,VEN,Q1,4:19,9,16,86,59001,unknwown,ASS,made the assist,51,416914,,,,,,
130883,30373-B-5,,DOM,VEN,Q1,3:55,9,16,87,60000,shot,P3,3pt jump shot missed,158,378579,False,3,24,97,,
130883,30373-B-5,,DOM,VEN,Q1,3:53,9,16,88,60002,unknwown,REB,defensive rebound,51,416768,,,,,,
130883,30373-B-5,,DOM,VEN,Q1,3:36,11,16,89,61000,shot,P2,2pt fadeaway jump shot made,51,390926,True,2,63,36,,
130883,30373-B-5,,DOM,VEN,Q1,3:15,11,16,91,63000,unknwown,TO,turnover; bad pass,158,409358,,,,,,
130883,30373-B-5,,DOM,VEN,Q1,3:15,11,16,92,64000,subst,SUBST,Substitution out,158,378579,,,,,OUT,
130883,30373-B-5,,DOM,VEN,Q1,3:15,11,16,93,65000,subst,SUBST,Substitution out,158,378577,,,,,OUT,
130883,30373-B-5,,DOM,VEN,Q1,3:15,11,16,94,66000,subst,SUBST,Substitution in,158,416968,,,,,IN,
130883,30373-B-5,,DOM,VEN,Q1,3:15,11,16,95,67000,subst,SUBST,Substitution in,158,416954,,,,,IN,
130883,30373-B-5,,DOM,VEN,Q1,2:59,14,16,97,69000,shot,P3,3pt jump shot made,51,390926,True,3,11,22,,
130883,30373-B-5,,DOM,VEN,Q1,2:59,14,16,98,69001,unknwown,ASS,made the assist,51,416768,,,,,,
130883,30373-B-5,,DOM,VEN,Q1,2:41,14,18,100,71000,shot,P2,"2PtsFG under the basket, driving layup made",158,409358,True,2,135,36,,
130883,30373-B-5,,DOM,VEN,Q1,2:41,14,18,101,71001,unknwown,ASS,made the assist,158,409363,,,,,,
130883,30373-B-5,,DOM,VEN,Q1,2:41,14,18,102,72000,unknwown,FOUL,personal foul; 1 free throw awarded,51,416805,,,,,,
130883,30373-B-5,,DOM,VEN,Q1,2:41,14,18,103,72002,unknwown,RFOUL,foul drawn,158,409358,,,,,,
130883,30373-B-5,,DOM,VEN,Q1,2:40,14,18,105,74000,shot,FT,1st free throw missed,158,409358,False,1,0,0,,
130883,30373-B-5,,DOM,VEN,Q1,2:40,14,18,106,74002,unknwown,REB,defensive rebound,51,416769,,,,,,
130883,30373-B-5,,DOM,VEN,Q1,2:32,14,18,108,76000,unknwown,FOUL,offensive foul,51,416768,,,,,,
130883,30373-B-5,,DOM,VEN,Q1,2:32,14,18,109,76001,unknwown,TO,turnover,51,416768,,,,,,
130883,30373-B-5,,DOM,VEN,Q1,2:32,14,18,110,76002,unknwown,RFOUL,foul drawn,158,416954,,,,,,
130883,30373-B-5,,DOM,VEN,Q1,2:18,14,20,114,80000,shot,P2,2pt floating jump shot made,158,409363,True,2,134,58,,
130883,30373-B-5,,DOM,VEN,Q1,2:03,14,20,116,82000,shot,P2,"2PtsFG under the basket, driving layup missed",51,416805,False,2,145,40,,
130883,30373-B-5,,DOM,VEN,Q1,2:03,14,20,117,82002,unknwown,TREB,team defensive rebound,158,,,,,,,
130883,30373-B-5,,DOM,VEN,Q1,1:40,14,20,121,86000,shot,P2,"2PtsFG under the basket, jump shot missed",158,416968,False,2,138,42,,
130883,30373-B-5,,DOM,VEN,Q1,1:37,14,20,122,86002,unknwown,REB,defensive rebound,51,416768,,,,,,
130883,30373-B-5,,DOM,VEN,Q1,1:34,14,20,123,87000,shot,P2,"2PtsFG inside right, jump shot missed",51,416914,False,2,211,77,,
130883,30373-B-5,,DOM,VEN,Q1,1:30,14,20,124,87002,unknwown,REB,offensive rebound,51,416769,,,,,,
130883,30373-B-5,,DOM,VEN,Q1,1:30,16,20,125,88000,shot,P2,2PtsFG under the basket made,51,416769,True,2,140,31,,
130883,30373-B-5,,DOM,VEN,Q1,1:14,16,20,126,89000,unknwown,TO,turnover; ball handling,158,409363,,,,,,
130883,30373-B-5,,DOM,VEN,Q1,1:14,16,20,127,89001,unknwown,ST,steal,51,416769,,,,,,
130883,30373-B-5,,DOM,VEN,Q1,1:10,16,20,131,93000,unknwown,FOUL,personal foul; 2 free throws awarded,158,416954,,,,,,
130883,30373-B-5,,DOM,VEN,Q1,1:10,16,20,132,93002,unknwown,RFOUL,foul drawn,51,416914,,,,,,
130883,30373-B-5,,DOM,VEN,Q1,1:10,17,20,133,94000,shot,FT,Free throw made 1 of 2,51,416914,True,1,0,0,,
130883,30373-B-5,,DOM,VEN,Q1,1:10,17,20,134,94001,unknwown,ASS,made the assist,51,416768,,,,,,
130883,30373-B-5,,DOM,VEN,Q1,1:10,18,20,135,95000,shot,FT,Free throw made 2 of 2,51,416914,True,1,0,0,,
130883,30373-B-5,,DOM,VEN,Q1,1:10,18,20,136,96000,subst,SUBST,Substitution out,158,416954,,,,,OUT,
130883,30373-B-5,,DOM,VEN,Q1,1:10,18,20,137,97000,subst,SUBST,Substitution in,158,378579,,,,,IN,
130883,30373-B-5,,DOM,VEN,Q1,1:00,18,20,139,99000,shot,P2,"2PtsFG inside right wing, jump shot missed",158,378579,False,2,244,42,,
130883,30373-B-5,,DOM,VEN,Q1,0:57,18,20,140,99002,unknwown,REB,offensive rebound,158,409358,,,,,,
130883,30373-B-5,,DOM,VEN,Q1,0:56,18,20,141,100000,shot,P3,3pt jump shot missed,158,409363,False,3,64,156,,
130883,30373-B-5,,DOM,VEN,Q1,0:52,18,20,142,100002,unknwown,REB,defensive rebound,51,416769,,,,,,
130883,30373-B-5,,DOM,VEN,Q1,0:41,18,20,144,102000,shot,P3,3pt jump shot from center missed,51,416805,False,3,137,163,,
130883,30373-B-5,,DOM,VEN,Q1,0:41,18,20,145,102002,unknwown,TREB,team defensive rebound,158,,,,,,,
130883,30373-B-5,,DOM,VEN,Q1,0:40,18,20,148,105000,subst,SUBST,Substitution out,51,416805,,,,,OUT,
130883,30373-B-5,,DOM,VEN,Q1,0:40,18,20,149,106000,subst,SUBST,Substitution in,51,384379,,,,,IN,
130883,30373-B-5,,DOM,VEN,Q1,0:27,18,20,151,108000,shot,P3,3pt jump shot missed,158,409360,False,3,206,156,,
130883,30373-B-5,,DOM,VEN,Q1,0:25,18,20,152,108002,unknwown,REB,offensive rebound,158,416968,,,,,,
130883,30373-B-5,,DOM,VEN,Q1,0:18,18,20,153,109000,shot,P2,2pt floating jump shot missed,158,409360,False,2,165,35,,
130883,30373-B-5,,DOM,VEN,Q1,0:16,18,20,154,109002,unknwown,REB,defensive rebound,51,384379,,,,,,
130883,30373-B-5,,DOM,VEN,Q1,0:11,18,20,156,111000,unknwown,TO,turnover; bad pass,51,416769,,,,,,
130883,30373-B-5,,DOM,VEN,Q1,0:11,18,20,157,112000,subst,SUBST,Substitution out,51,416769,,,,,OUT,
130883,30373-B-5,,DOM,VEN,Q1,0:11,18,20,158,113000,subst,SUBST,Substitution in,51,416899,,,,,IN,
130883,30373-B-5,,DOM,VEN,Q1,0:11,18,20,159,114000,subst,SUBST,Substitution out,158,416968,,,,,OUT,
130883,30373-B-5,,DOM,VEN,Q1,0:11,18,20,160,115000,subst,SUBST,Substitution in,158,378577,,,,,IN,
130883,30373-B-5,,DOM,VEN,Q1,0:02,18,22,164,119000,shot,P2,"2PtsFG under the basket, points after turnover, driving layup made",158,378579,True,2,152,32,,
130883,30373-B-5,,DOM,VEN,Q1,0:00,18,22,166,121000,periods,ENDP,End of Period,,,,,,,,
130883,30373-B-5,,DOM,VEN,Q2,10:00,18,22,167,122000,periods,STARTP,Start of Period,,,,,,,,
130883,30373-B-5,,DOM,VEN,Q2,9:48,18,22,169,124000,shot,P3,3pt jump shot missed,158,409360,False,3,32,121,,
130883,30373-B-5,,DOM,VEN,Q2,9:46,18,22,170,124002,unknwown,REB,defensive rebound,51,416768,,,,,,
130883,30373-B-5,,DOM,VEN,Q2,9:26,20,22,171,125000,shot,P2,2pt pullup jump shot made,51,384379,True,2,77,49,,
130883,30373-B-5,,DOM,VEN,Q2,9:04,20,24,172,126000,shot,P2,"2PtsFG under the basket, layup made",158,409358,True,2,149,32,,
130883,30373-B-5,,DOM,VEN,Q2,9:04,20,24,173,126001,unknwown,ASS,made the assist,158,378577,,,,,,
130883,30373-B-5,,DOM,VEN,Q2,8:54,20,24,177,130000,unknwown,FOUL,personal foul; 2 free throws awarded,158,409358,,,,,,
130883,30373-B-5,,DOM,VEN,Q2,8:54,20,24,178,130002,unknwown,RFOUL,foul drawn,51,390926,,,,,,
130883,30373-B-5,,DOM,VEN,Q2,8:54,20,24,179,131000,subst,SUBST,Substitution out,51,416768,,,,,OUT,
130883,30373-B-5,,DOM,VEN,Q2,8:54,20,24,180,132000,subst,SUBST,Substitution in,51,416898,,,,,IN,
130883,30373-B-5,,DOM,VEN,Q2,8:54,21,24,181,133000,shot,FT,1st of 2 free throws made,51,390926,True,1,0,0,,
130883,30373-B-5,,DOM,VEN,Q2,8:54,22,24,182,134000,shot,FT,2nd of 2 free throws made,51,390926,True,1,0,0,,
130883,30373-B-5,,DOM,VEN,Q2,8:39,22,24,187,139000,unknwown,TO,turnover; double dribble,158,378579,,,,,,
130883,30373-B-5,,DOM,VEN,Q2,8:38,22,24,189,141000,subst,SUBST,Substitution out,158,409358,,,,,OUT,
130883,30373-B-5,,DOM,VEN,Q2,8:38,22,24,190,142000,subst,SUBST,Substitution in,158,378547,,,,,IN,
130883,30373-B-5,,DOM,VEN,Q2,8:20,22,24,191,143000,shot,P2,"2PtsFG under the basket, points after turnover, jump shot missed",51,384379,False,2,138,35,,
130883,30373-B-5,,DOM,VEN,Q2,8:20,22,24,193,143002,unknwown,TREB,team defensive rebound,158,,,,,,,
130883,30373-B-5,,DOM,VEN,Q2,8:20,22,24,194,145000,subst,SUBST,Substitution out,158,409363,,,,,OUT,
130883,30373-B-5,,DOM,VEN,Q2,8:20,22,24,195,146000,subst,SUBST,Substitution in,158,378576,,,,,IN,
130883,30373-B-5,,DOM,VEN,Q2,8:20,22,24,196,147000,unknwown,VTR,Head coach's challenge successful,158,,,,,,,
130883,30373-B-5,,DOM,VEN,Q2,7:59,22,24,200,151000,unknwown,TO,turnover; bad pass,158,378577,,,,,,
130883,30373-B-5,,DOM,VEN,Q2,7:59,22,24,201,151001,unknwown,ST,steal,51,384379,,,,,,
130883,30373-B-5,,DOM,VEN,Q2,7:47,22,24,202,152000,shot,P2,"2PtsFG inside right, points after turnover, jump shot missed",51,416914,False,2,218,85,,
130883,30373-B-5,,DOM,VEN,Q2,7:45,22,24,203,152002,unknwown,REB,defensive rebound,158,378577,,,,,,
130883,30373-B-5,,DOM,VEN,Q2,7:34,22,24,204,153000,shot,P3,3pt jump shot from center missed,158,378577,False,3,123,170,,
130883,30373-B-5,,DOM,VEN,Q2,7:32,22,24,205,153002,unknwown,REB,defensive rebound,51,416898,,,,,,
130883,30373-B-5,,DOM,VEN,Q2,7:11,22,24,206,154000,shot,P2,"2PtsFG inside center, jump shot missed",51,390926,False,2,161,105,,
130883,30373-B-5,,DOM,VEN,Q2,7:09,22,24,207,154002,unknwown,REB,offensive rebound,51,384379,,,,,,
130883,30373-B-5,,DOM,VEN,Q2,7:08,22,24,208,155000,shot,P2,"2PtsFG under the basket, jump shot missed",51,384379,False,2,145,27,,
130883,30373-B-5,,DOM,VEN,Q2,7:06,22,24,209,155002,unknwown,REB,offensive rebound,51,390926,,,,,,
130883,30373-B-5,,DOM,VEN,Q2,7:04,22,24,210,156000,shot,P3,3pt jump shot missed,51,390926,False,3,166,168,,
130883,30373-B-5,,DOM,VEN,Q2,7:01,22,24,214,156002,unknwown,TREB,team defensive rebound,158,,,,,,,
130883,30373-B-5,,DOM,VEN,Q2,7:01,22,24,215,160000,subst,SUBST,Substitution out,158,409360,,,,,OUT,
130883,30373-B-5,,DOM,VEN,Q2,7:01,22,24,216,161000,subst,SUBST,Substitution in,158,390925,,,,,IN,
130883,30373-B-5,,DOM,VEN,Q2,7:01,22,24,217,162000,subst,SUBST,Substitution out,51,416914,,,,,OUT,
130883,30373-B-5,,DOM,VEN,Q2,7:01,22,24,218,163000,subst,SUBST,Substitution out,51,390926,,,,,OUT,
130883,30373-B-5,,DOM,VEN,Q2,7:01,22,24,219,164000,subst,SUBST,Substitution in,51,416771,,,,,IN,
130883,30373-B-5,,DOM,VEN,Q2,7:01,22,24,220,165000,subst,SUBST,Substitution in,51,416769,,,,,IN,
130883,30373-B-5,,DOM,VEN,Q2,6:43,22,24,222,167000,shot,P3,3pt jump shot missed,158,378577,False,3,9,19,,
130883,30373-B-5,,DOM,VEN,Q2,6:40,22,24,223,167002,unknwown,REB,defensive rebound,51,416898,,,,,,
130883,30373-B-5,,DOM,VEN,Q2,6:33,22,24,225,169000,unknwown,FOUL,offensive foul,51,384379,,,,,,
130883,30373-B-5,,DOM,VEN,Q2,6:33,22,24,226,169001,unknwown,TO,turnover,51,384379,,,,,,
130883,30373-B-5,,DOM,VEN,Q2,6:33,22,24,227,169002,unknwown,RFOUL,foul drawn,158,378576,,,,,,
130883,30373-B-5,,DOM,VEN,Q2,6:11,22,26,232,174000,shot,P2,"2PtsFG under the basket, points after turnover, driving layup made",158,390925,True,2,147,35,,
130883,30373-B-5,,DOM,VEN,Q2,5:46,22,26,234,176000,shot,P3,3pt jump shot from center missed,51,416898,False,3,134,167,,
130883,30373-B-5,,DOM,VEN,Q2,5:43,22,26,235,176002,unknwown,REB,defensive rebound,158,378577,,,,,,
130883,30373-B-5,,DOM,VEN,Q2,5:35,22,26,237,178000,unknwown,FOUL,personal foul,51,416771,,,,,,
130883,30373-B-5,,DOM,VEN,Q2,5:35,22,26,238,178002,unknwown,RFOUL,foul drawn,158,378579,,,,,,
130883,30373-B-5,,DOM,VEN,Q2,5:21,22,26,241,181000,shot,P3,3pt jump shot missed,158,378579,False,3,52,138,,
130883,30373-B-5,,DOM,VEN,Q2,5:21,22,26,242,182000,unknwown,TTO,team turnover; shot clock violation,158,,,,,,,
130883,30373-B-5,,DOM,VEN,Q2,5:20,22,26,245,185000,subst,SUBST,Substitution out,158,378579,,,,,OUT,
130883,30373-B-5,,DOM,VEN,Q2,5:20,22,26,246,186000,subst,SUBST,Substitution in,158,416954,,,,,IN,
130883,30373-B-5,,DOM,VEN,Q2,5:05,25,26,248,188000,shot,P3,3pt jump shot made,51,416899,True,3,274,30,,
130883,30373-B-5,,DOM,VEN,Q2,5:05,25,26,249,188001,unknwown,ASS,made the assist,51,416898,,,,,,
130883,30373-B-5,,DOM,VEN,Q2,4:44,25,26,250,189000,shot,P2,"2PtsFG under the basket, jump shot missed",158,378547,False,2,138,42,,
130883,30373-B-5,,DOM,VEN,Q2,4:42,25,26,251,189002,unknwown,REB,offensive rebound,158,378547,,,,,,
130883,30373-B-5,,DOM,VEN,Q2,4:41,25,28,252,190000,shot,P2,"2PtsFG under the basket, jump shot made",158,378547,True,2,137,38,,
130883,30373-B-5,,DOM,VEN,Q2,4:31,25,28,254,192000,unknwown,TO,turnover; bad pass,51,416899,,,,,,
130883,30373-B-5,,DOM,VEN,Q2,4:31,25,28,255,193000,subst,SUBST,Substitution out,158,378577,,,,,OUT,
130883,30373-B-5,,DOM,VEN,Q2,4:31,25,28,256,194000,subst,SUBST,Substitution in,158,409358,,,,,IN,
130883,30373-B-5,,DOM,VEN,Q2,4:18,25,28,261,199000,unknwown,FOUL,personal foul,51,416898,,,,,,
130883,30373-B-5,,DOM,VEN,Q2,4:18,25,28,262,199002,unknwown,RFOUL,foul drawn,158,378576,,,,,,
130883,30373-B-5,,DOM,VEN,Q2,4:05,25,28,265,202000,shot,P3,3pt jump shot missed,158,390925,False,3,271,41,,
130883,30373-B-5,,DOM,VEN,Q2,4:04,25,28,266,202002,unknwown,TREB,team defensive rebound,51,,,,,,,
130883,30373-B-5,,DOM,VEN,Q2,4:04,25,28,267,203000,unknwown,FOUL,personal foul,158,378547,,,,,,
130883,30373-B-5,,DOM,VEN,Q2,4:04,25,28,268,203002,unknwown,RFOUL,foul drawn,51,416771,,,,,,
130883,30373-B-5,,DOM,VEN,Q2,3:56,28,28,271,206000,shot,P3,3pt jump shot made,51,416898,True,3,248,119,,
130883,30373-B-5,,DOM,VEN,Q2,3:56,28,28,272,206001,unknwown,ASS,made the assist,51,416771,,,,,,
130883,30373-B-5,,DOM,VEN,Q2,3:55,28,28,275,209000,timeout,TIMO,Timeout,158,,,,,,,
130883,30373-B-5,,DOM,VEN,Q2,3:31,28,28,277,211000,shot,P2,2pt pullup jump shot missed,158,378547,False,2,220,63,,
130883,30373-B-5,,DOM,VEN,Q2,3:27,28,28,280,211002,unknwown,REB,offensive rebound,158,409358,,,,,,
130883,30373-B-5,,DOM,VEN,Q2,3:19,28,28,281,214000,shot,P2,"2PtsFG under the basket, layup missed",158,409358,False,2,134,35,,
130883,30373-B-5,,DOM,VEN,Q2,3:17,28,28,282,214002,unknwown,REB,defensive rebound,51,416769,,,,,,
130883,30373-B-5,,DOM,VEN,Q2,3:15,28,28,284,216000,unknwown,TO,turnover; ball handling,51,416898,,,,,,
130883,30373-B-5,,DOM,VEN,Q2,3:15,28,28,285,217000,subst,SUBST,Substitution out,51,416898,,,,,OUT,
130883,30373-B-5,,DOM,VEN,Q2,3:15,28,28,286,218000,subst,SUBST,Substitution in,51,416914,,,,,IN,
130883,30373-B-5,,DOM,VEN,Q2,3:15,28,28,287,219000,subst,SUBST,Substitution out,158,390925,,,,,OUT,
130883,30373-B-5,,DOM,VEN,Q2,3:15,28,28,288,220000,subst,SUBST,Substitution out,158,416954,,,,,OUT,
130883,30373-B-5,,DOM,VEN,Q2,3:15,28,28,289,221000,subst,SUBST,Substitution in,158,409363,,,,,IN,
130883,30373-B-5,,DOM,VEN,Q2,3:15,28,28,290,222000,subst,SUBST,Substitution in,158,409360,,,,,IN,
130883,30373-B-5,,DOM,VEN,Q2,3:05,28,28,295,227000,unknwown,FOUL,personal foul,51,416771,,,,,,
130883,30373-B-5,,DOM,VEN,Q2,3:05,28,28,296,227002,unknwown,RFOUL,foul drawn,158,409363,,,,,,
130883,30373-B-5,,DOM,VEN,Q2,3:05,28,28,297,228000,subst,SUBST,Substitution out,51,416771,,,,,OUT,
130883,30373-B-5,,DOM,VEN,Q2,3:05,28,28,298,229000,subst,SUBST,Substitution in,51,390926,,,,,IN,
130883,30373-B-5,,DOM,VEN,Q2,3:05,28,28,299,230000,subst,SUBST,Substitution out,158,409363,,,,,OUT,
130883,30373-B-5,,DOM,VEN,Q2,3:05,28,28,300,231000,subst,SUBST,Substitution out,158,409358,,,,,OUT,
130883,30373-B-5,,DOM,VEN,Q2,3:05,28,28,301,232000,subst,SUBST,Substitution in,158,378579,,,,,IN,
130883,30373-B-5,,DOM,VEN,Q2,3:05,28,28,302,233000,subst,SUBST,Substitution in,158,378577,,,,,IN,
130883,30373-B-5,,DOM,VEN,Q2,2:53,28,28,304,235000,shot,P3,3pt jump shot missed,158,378576,False,3,28,108,,
130883,30373-B-5,,DOM,VEN,Q2,2:50,28,28,305,235002,unknwown,REB,defensive rebound,51,416769,,,,,,
130883,30373-B-5,,DOM,VEN,Q2,2:47,28,28,306,236000,unknwown,TO,turnover; ball handling,51,384379,,,,,,
130883,30373-B-5,,DOM,VEN,Q2,2:47,28,28,307,236001,unknwown,ST,steal,158,378576,,,,,,
130883,30373-B-5,,DOM,VEN,Q2,2:36,28,28,311,240000,unknwown,FOUL,personal foul; 2 free throws awarded,51,390926,,,,,,
130883,30373-B-5,,DOM,VEN,Q2,2:36,28,28,312,240002,unknwown,RFOUL,foul drawn,158,378547,,,,,,
130883,30373-B-5,,DOM,VEN,Q2,2:36,28,29,313,241000,shot,FT,1st of 2 free throws made,158,378547,True,1,0,0,,
130883,30373-B-5,,DOM,VEN,Q2,2:36,28,29,315,243000,shot,FT,2nd of 2 free throws missed,158,378547,False,1,0,0,,
130883,30373-B-5,,DOM,VEN,Q2,2:35,28,29,316,243002,unknwown,REB,defensive rebound,51,390926,,,,,,
130883,30373-B-5,,DOM,VEN,Q2,2:25,28,29,317,244000,shot,P3,3pt jump shot missed,51,416914,False,3,236,138,,
130883,30373-B-5,,DOM,VEN,Q2,2:23,28,29,318,244002,unknwown,REB,defensive rebound,158,378547,,,,,,
130883,30373-B-5,,DOM,VEN,Q2,2:13,28,29,319,245000,shot,P3,3pt jump shot missed,158,378547,False,3,233,137,,
130883,30373-B-5,,DOM,VEN,Q2,2:10,28,29,320,245002,unknwown,REB,defensive rebound,51,416899,,,,,,
130883,30373-B-5,,DOM,VEN,Q2,2:05,28,29,321,246000,shot,P3,3pt jump shot missed,51,416769,False,3,31,111,,
130883,30373-B-5,,DOM,VEN,Q2,2:02,28,29,322,246002,unknwown,REB,defensive rebound,158,378576,,,,,,
130883,30373-B-5,,DOM,VEN,Q2,1:53,28,29,324,248000,shot,P3,3pt jump shot missed,158,378579,False,3,67,152,,
130883,30373-B-5,,DOM,VEN,Q2,1:53,28,29,325,248002,unknwown,TREB,team offensive rebound,158,,,,,,,
130883,30373-B-5,,DOM,VEN,Q2,1:53,28,29,326,249000,unknwown,FOUL,personal foul; 2 free throws awarded,51,390926,,,,,,
130883,30373-B-5,,DOM,VEN,Q2,1:53,28,29,327,249002,unknwown,RFOUL,foul drawn,158,378547,,,,,,
130883,30373-B-5,,DOM,VEN,Q2,1:53,28,29,328,250000,shot,FT,1st of 2 free throws missed,158,378547,False,1,0,0,,
130883,30373-B-5,,DOM,VEN,Q2,1:53,28,30,329,251000,shot,FT,2nd of 2 free throws made,158,378547,True,1,0,0,,
130883,30373-B-5,,DOM,VEN,Q2,1:53,28,30,330,252000,timeout,TIMO,Timeout,51,,,,,,,
130883,30373-B-5,,DOM,VEN,Q2,1:53,28,30,331,253000,subst,SUBST,Substitution out,51,416899,,,,,OUT,
130883,30373-B-5,,DOM,VEN,Q2,1:53,28,30,332,254000,subst,SUBST,Substitution out,51,390926,,,,,OUT,
130883,30373-B-5,,DOM,VEN,Q2,1:53,28,30,333,255000,subst,SUBST,Substitution in,51,416805,,,,,IN,
130883,30373-B-5,,DOM,VEN,Q2,1:53,28,30,334,256000,subst,SUBST,Substitution in,51,416806,,,,,IN,
130883,30373-B-5,,DOM,VEN,Q2,1:45,28,30,336,258000,unknwown,TO,turnover; ball handling,51,416769,,,,,,
130883,30373-B-5,,DOM,VEN,Q2,1:45,28,30,337,258001,unknwown,ST,steal,158,378547,,,,,,
130883,30373-B-5,,DOM,VEN,Q2,1:31,28,30,338,259000,shot,P2,"2PtsFG under the basket, points after turnover, layup missed",158,378547,False,2,145,32,,
130883,30373-B-5,,DOM,VEN,Q2,1:31,28,30,339,259001,unknwown,BS,blocked the shot,51,416805,,,,,,
130883,30373-B-5,,DOM,VEN,Q2,1:28,28,30,340,259002,unknwown,REB,defensive rebound,51,416806,,,,,,
130883,30373-B-5,,DOM,VEN,Q2,1:08,28,30,342,261000,shot,P3,3pt jump shot missed,51,416805,False,3,231,151,,
130883,30373-B-5,,DOM,VEN,Q2,1:08,28,30,343,261002,unknwown,TREB,team offensive rebound,51,,,,,,,
130883,30373-B-5,,DOM,VEN,Q2,0:59,30,30,347,265000,shot,P2,"2PtsFG inside left wing, jump shot made",51,416805,True,2,70,30,,
130883,30373-B-5,,DOM,VEN,Q2,0:37,30,30,351,269000,unknwown,TO,turnover; out of bounds,158,378576,,,,,,
130883,30373-B-5,,DOM,VEN,Q2,0:37,30,30,352,270000,subst,SUBST,Substitution out,158,378579,,,,,OUT,
130883,30373-B-5,,DOM,VEN,Q2,0:37,30,30,353,271000,subst,SUBST,Substitution out,158,378547,,,,,OUT,
130883,30373-B-5,,DOM,VEN,Q2,0:37,30,30,354,272000,subst,SUBST,Substitution in,158,409398,,,,,IN,
130883,30373-B-5,,DOM,VEN,Q2,0:37,30,30,355,273000,subst,SUBST,Substitution in,158,416954,,,,,IN,
130883,30373-B-5,,DOM,VEN,Q2,0:15,30,30,357,275000,shot,P2,"2PtsFG under the basket, points after turnover, driving layup missed",51,416914,False,2,147,40,,
130883,30373-B-5,,DOM,VEN,Q2,0:13,30,30,358,275002,unknwown,REB,offensive rebound,51,384379,,,,,,
130883,30373-B-5,,DOM,VEN,Q2,0:12,30,30,359,276000,shot,P2,"2PtsFG under the basket, points from second chance + after turnover, jump shot missed",51,384379,False,2,145,36,,
130883,30373-B-5,,DOM,VEN,Q2,0:11,30,30,361,276002,unknwown,REB,offensive rebound,51,384379,,,,,,
130883,30373-B-5,,DOM,VEN,Q2,0:11,30,30,362,278000,shot,P2,"2PtsFG under the basket, points from second chance + after turnover missed",51,384379,False,2,140,31,,
130883,30373-B-5,,DOM,VEN,Q2,0:11,30,30,363,278002,unknwown,REB,offensive rebound,51,384379,,,,,,
130883,30373-B-5,,DOM,VEN,Q2,0:11,32,30,364,279000,shot,P2,layup made,51,384379,True,2,160,44,,
130883,30373-B-5,,DOM,VEN,Q2,0:11,32,30,365,280000,timeout,TIMO,Timeout,158,,,,,,,
130883,30373-B-5,,DOM,VEN,Q2,0:11,32,30,366,281000,subst,SUBST,Substitution out,51,416914,,,,,OUT,
130883,30373-B-5,,DOM,VEN,Q2,0:11,32,30,367,282000,subst,SUBST,Substitution out,51,416769,,,,,OUT,
130883,30373-B-5,,DOM,VEN,Q2,0:11,32,30,368,283000,subst,SUBST,Substitution in,51,416768,,,,,IN,
130883,30373-B-5,,DOM,VEN,Q2,0:11,32,30,369,284000,subst,SUBST,Substitution in,51,416767,,,,,IN,
130883,30373-B-5,,DOM,VEN,Q2,0:11,32,30,370,285000,subst,SUBST,Substitution out,158,409398,,,,,OUT,
130883,30373-B-5,,DOM,VEN,Q2,0:11,32,30,371,286000,subst,SUBST,Substitution out,158,416954,,,,,OUT,
130883,30373-B-5,,DOM,VEN,Q2,0:11,32,30,372,287000,subst,SUBST,Substitution in,158,378579,,,,,IN,
130883,30373-B-5,,DOM,VEN,Q2,0:11,32,30,373,288000,subst,SUBST,Substitution in,158,390925,,,,,IN,
130883,30373-B-5,,DOM,VEN,Q2,0:01,32,30,377,292000,shot,P2,2pt jump shot missed,158,378576,False,2,68,35,,
130883,30373-B-5,,DOM,VEN,Q2,0:01,32,30,378,292002,unknwown,REB,defensive rebound,51,416767,,,,,,
130883,30373-B-5,,DOM,VEN,Q2,0:00,32,30,381,295000,periods,ENDP,End of Period,,,,,,,,
130883,30373-B-5,,DOM,VEN,Q3,10:00,32,30,382,296000,subst,SUBST,Substitution out,51,416767,,,,,OUT,
130883,30373-B-5,,DOM,VEN,Q3,10:00,32,30,383,297000,subst,SUBST,Substitution out,51,416805,,,,,OUT,
130883,30373-B-5,,DOM,VEN,Q3,10:00,32,30,384,298000,subst,SUBST,Substitution out,51,416806,,,,,OUT,
130883,30373-B-5,,DOM,VEN,Q3,10:00,32,30,385,299000,subst,SUBST,Substitution in,51,416914,,,,,IN,
130883,30373-B-5,,DOM,VEN,Q3,10:00,32,30,386,300000,subst,SUBST,Substitution in,51,390926,,,,,IN,
130883,30373-B-5,,DOM,VEN,Q3,10:00,32,30,387,301000,subst,SUBST,Substitution in,51,416769,,,,,IN,
130883,30373-B-5,,DOM,VEN,Q3,10:00,32,30,388,302000,subst,SUBST,Substitution out,158,409360,,,,,OUT,
130883,30373-B-5,,DOM,VEN,Q3,10:00,32,30,389,303000,subst,SUBST,Substitution in,158,378547,,,,,IN,
130883,30373-B-5,,DOM,VEN,Q3,10:00,32,30,390,304000,periods,STARTP,Start of Period,,,,,,,,
130883,30373-B-5,,DOM,VEN,Q3,9:46,32,30,395,309000,unknwown,JS,jump ball situation; throw-in,158,,,,,,,
130883,30373-B-5,,DOM,VEN,Q3,9:46,32,30,396,310000,unknwown,TO,turnover; ball handling,51,416769,,,,,,
130883,30373-B-5,,DOM,VEN,Q3,9:46,32,30,397,310001,unknwown,ST,steal,158,378576,,,,,,
130883,30373-B-5,,DOM,VEN,Q3,9:31,32,30,400,313000,unknwown,JS,jump ball situation; throw-in,51,,,,,,,
130883,30373-B-5,,DOM,VEN,Q3,9:31,32,30,401,314000,unknwown,TO,turnover; ball handling,158,378579,,,,,,
130883,30373-B-5,,DOM,VEN,Q3,9:31,32,30,402,314001,unknwown,ST,steal,51,416768,,,,,,
130883,30373-B-5,,DOM,VEN,Q3,9:27,32,30,405,317000,unknwown,FOUL,personal foul,158,378579,,,,,,
130883,30373-B-5,,DOM,VEN,Q3,9:27,32,30,406,317002,unknwown,RFOUL,foul drawn,51,416914,,,,,,
130883,30373-B-5,,DOM,VEN,Q3,9:22,32,30,408,319000,shot,P3,3pt jump shot missed,51,390926,False,3,242,134,,
130883,30373-B-5,,DOM,VEN,Q3,9:19,32,30,409,319002,unknwown,REB,offensive rebound,51,384379,,,,,,
130883,30373-B-5,,DOM,VEN,Q3,9:19,34,30,410,320000,shot,P2,"2PtsFG under the basket, points from second chance + after turnover, layup made",51,384379,True,2,123,32,,
130883,30373-B-5,,DOM,VEN,Q3,8:57,34,30,411,321000,unknwown,TO,turnover; ball handling,158,378577,,,,,,
130883,30373-B-5,,DOM,VEN,Q3,8:57,34,30,412,321001,unknwown,ST,steal,51,384379,,,,,,
130883,30373-B-5,,DOM,VEN,Q3,8:43,36,30,414,323000,shot,P2,"2PtsFG under the basket, points after turnover, driving layup made",51,416914,True,2,139,34,,
130883,30373-B-5,,DOM,VEN,Q3,8:42,36,30,417,326000,timeout,TIMO,Timeout,158,,,,,,,
130883,30373-B-5,,DOM,VEN,Q3,8:29,36,33,419,328000,shot,P3,3pt jump shot made,158,378577,True,3,34,122,,
130883,30373-B-5,,DOM,VEN,Q3,8:29,36,33,420,328001,unknwown,ASS,made the assist,158,378579,,,,,,
130883,30373-B-5,,DOM,VEN,Q3,8:12,36,33,421,329000,shot,P2,"2PtsFG inside right wing, jump shot missed",51,416914,False,2,216,38,,
130883,30373-B-5,,DOM,VEN,Q3,8:09,36,33,422,329002,unknwown,REB,offensive rebound,51,390926,,,,,,
130883,30373-B-5,,DOM,VEN,Q3,8:05,36,33,424,331000,shot,P2,2pt floating jump shot missed,51,390926,False,2,119,86,,
130883,30373-B-5,,DOM,VEN,Q3,8:04,36,33,425,331002,unknwown,REB,offensive rebound,51,416914,,,,,,
130883,30373-B-5,,DOM,VEN,Q3,8:04,38,33,426,332000,shot,P2,"2PtsFG under the basket, layup made",51,416914,True,2,141,38,,
130883,30373-B-5,,DOM,VEN,Q3,8:04,38,33,427,333000,unknwown,FOUL,personal foul; 1 free throw awarded,158,378579,,,,,,
130883,30373-B-5,,DOM,VEN,Q3,8:04,38,33,428,333002,unknwown,RFOUL,foul drawn,51,416914,,,,,,
130883,30373-B-5,,DOM,VEN,Q3,8:04,38,33,429,334000,subst,SUBST,Substitution out,158,378547,,,,,OUT,
130883,30373-B-5,,DOM,VEN,Q3,8:04,38,33,430,335000,subst,SUBST,Substitution in,158,409358,,,,,IN,
130883,30373-B-5,,DOM,VEN,Q3,8:03,39,33,433,338000,shot,FT,free throw made,51,416914,True,1,0,0,,
130883,30373-B-5,,DOM,VEN,Q3,7:50,39,33,437,342000,shot,P2,2pt floating jump shot missed,158,378576,False,2,211,40,,
130883,30373-B-5,,DOM,VEN,Q3,7:47,39,33,438,342002,unknwown,REB,defensive rebound,51,416769,,,,,,
130883,30373-B-5,,DOM,VEN,Q3,7:44,39,33,440,344000,shot,P2,"2PtsFG under the basket, driving layup missed",51,384379,False,2,134,40,,
130883,30373-B-5,,DOM,VEN,Q3,7:44,39,33,441,344001,unknwown,BS,blocked the shot,158,390925,,,,,,
130883,30373-B-5,,DOM,VEN,Q3,7:44,39,33,442,344002,unknwown,TREB,team offensive rebound,51,,,,,,,
130883,30373-B-5,,DOM,VEN,Q3,7:36,39,33,445,347000,unknwown,JS,jump ball situation; throw-in,158,,,,,,,
130883,30373-B-5,,DOM,VEN,Q3,7:36,39,33,446,348000,unknwown,TO,turnover; ball handling,51,390926,,,,,,
130883,30373-B-5,,DOM,VEN,Q3,7:36,39,33,447,348001,unknwown,ST,steal,158,378576,,,,,,
130883,30373-B-5,,DOM,VEN,Q3,7:15,39,33,449,350000,shot,P2,"2PtsFG under the basket, points after turnover, floating jump shot missed",158,378579,False,2,134,41,,
130883,30373-B-5,,DOM,VEN,Q3,7:13,39,33,450,350002,unknwown,REB,defensive rebound,51,416769,,,,,,
130883,30373-B-5,,DOM,VEN,Q3,7:06,39,33,454,354000,unknwown,FOUL,personal foul,158,378576,,,,,,
130883,30373-B-5,,DOM,VEN,Q3,7:06,39,33,455,354002,unknwown,RFOUL,foul drawn,51,416914,,,,,,
130883,30373-B-5,,DOM,VEN,Q3,6:56,42,33,457,356000,shot,P3,3pt jump shot made,51,390926,True,3,11,26,,
130883,30373-B-5,,DOM,VEN,Q3,6:56,42,33,458,356001,unknwown,ASS,made the assist,51,416914,,,,,,
130883,30373-B-5,,DOM,VEN,Q3,6:30,42,33,460,358000,unknwown,TTO,team turnover; shot clock violation,158,,,,,,,
130883,30373-B-5,,DOM,VEN,Q3,6:30,42,33,461,359000,subst,SUBST,Substitution out,158,378576,,,,,OUT,
130883,30373-B-5,,DOM,VEN,Q3,6:30,42,33,462,360000,subst,SUBST,Substitution in,158,409360,,,,,IN,
130883,30373-B-5,,DOM,VEN,Q3,6:16,42,33,465,363000,shot,P2,"2PtsFG inside center, points after turnover, jump shot missed",51,416768,False,2,157,139,,
130883,30373-B-5,,DOM,VEN,Q3,6:16,42,33,466,363002,unknwown,TREB,team defensive rebound,158,,,,,,,
130883,30373-B-5,,DOM,VEN,Q3,6:15,42,33,469,366000,subst,SUBST,Substitution out,158,378579,,,,,OUT,
130883,30373-B-5,,DOM,VEN,Q3,6:15,42,33,470,367000,subst,SUBST,Substitution in,158,356334,,,,,IN,
130883,30373-B-5,,DOM,VEN,Q3,6:04,42,33,472,369000,unknwown,TO,turnover; bad pass,158,356334,,,,,,
130883,30373-B-5,,DOM,VEN,Q3,6:04,42,33,473,369001,unknwown,ST,steal,51,416914,,,,,,
130883,30373-B-5,,DOM,VEN,Q3,5:59,42,33,477,373000,unknwown,FOUL,unsportsmanlike foul; 2 free throws awarded,158,409360,,,,,,
130883,30373-B-5,,DOM,VEN,Q3,5:59,42,33,478,373002,unknwown,RFOUL,foul drawn,51,390926,,,,,,
130883,30373-B-5,,DOM,VEN,Q3,5:59,42,33,479,374000,unknwown,FOUL,technical foul; 1 free throw awarded,51,416914,,,,,,
130883,30373-B-5,,DOM,VEN,Q3,5:59,42,34,480,375000,shot,FT,1st free throw made,158,409360,True,1,0,0,,
130883,30373-B-5,,DOM,VEN,Q3,5:59,43,34,481,376000,shot,FT,1st of 2 free throws made,51,390926,True,1,0,0,,
130883,30373-B-5,,DOM,VEN,Q3,5:59,43,34,482,376001,unknwown,ASS,made the assist,51,416914,,,,,,
130883,30373-B-5,,DOM,VEN,Q3,5:59,44,34,483,377000,shot,FT,2nd of 2 free throws made,51,390926,True,1,0,0,,
130883,30373-B-5,,DOM,VEN,Q3,5:49,44,34,485,379000,shot,P2,"2PtsFG inside left, jump shot missed",51,416914,False,2,74,104,,
130883,30373-B-5,,DOM,VEN,Q3,5:46,44,34,486,379002,unknwown,REB,defensive rebound,158,378577,,,,,,
130883,30373-B-5,,DOM,VEN,Q3,5:35,44,34,487,380000,shot,P2,2pt pullup jump shot missed,158,409360,False,2,84,82,,
130883,30373-B-5,,DOM,VEN,Q3,5:34,44,34,489,380002,unknwown,TREB,team offensive rebound,158,,,,,,,
130883,30373-B-5,,DOM,VEN,Q3,5:29,44,34,494,386000,unknwown,FOUL,personal foul,51,416768,,,,,,
130883,30373-B-5,,DOM,VEN,Q3,5:29,44,34,495,386002,unknwown,RFOUL,foul drawn,158,390925,,,,,,
130883,30373-B-5,,DOM,VEN,Q3,5:20,44,34,500,391000,unknwown,FOUL,unsportsmanlike foul; 2 free throws awarded,51,416769,,,,,,
130883,30373-B-5,,DOM,VEN,Q3,5:20,44,34,501,391002,unknwown,RFOUL,foul drawn,158,409358,,,,,,
130883,30373-B-5,,DOM,VEN,Q3,5:20,44,35,502,392000,shot,FT,1st of 2 free throws made,158,409358,True,1,0,0,,
130883,30373-B-5,,DOM,VEN,Q3,5:20,44,35,503,392001,unknwown,ASS,made the assist,158,356334,,,,,,
130883,30373-B-5,,DOM,VEN,Q3,5:20,44,35,504,393000,shot,FT,2nd of 2 free throws missed,158,409358,False,1,0,0,,
130883,30373-B-5,,DOM,VEN,Q3,5:09,44,37,506,395000,shot,P2,"2PtsFG under the basket, layup made",158,378577,True,2,129,30,,
130883,30373-B-5,,DOM,VEN,Q3,5:09,44,37,507,395001,unknwown,ASS,made the assist,158,356334,,,,,,
130883,30373-B-5,,DOM,VEN,Q3,4:50,44,37,508,396000,shot,P2,"2PtsFG under the basket, driving layup missed",51,416769,False,2,130,44,,
130883,30373-B-5,,DOM,VEN,Q3,4:48,44,37,509,396002,unknwown,REB,defensive rebound,158,409360,,,,,,
130883,30373-B-5,,DOM,VEN,Q3,4:39,44,37,510,397000,shot,P3,3pt jump shot missed,158,390925,False,3,31,118,,
130883,30373-B-5,,DOM,VEN,Q3,4:37,44,37,511,397002,unknwown,REB,defensive rebound,51,416769,,,,,,
130883,30373-B-5,,DOM,VEN,Q3,4:32,44,37,515,401000,unknwown,FOUL,personal foul; 2 free throws awarded,158,378577,,,,,,
130883,30373-B-5,,DOM,VEN,Q3,4:32,44,37,516,401002,unknwown,RFOUL,foul drawn,51,384379,,,,,,
130883,30373-B-5,,DOM,VEN,Q3,4:32,45,37,517,402000,shot,FT,1st of 2 free throws made,51,384379,True,1,0,0,,
130883,30373-B-5,,DOM,VEN,Q3,4:32,46,37,518,403000,shot,FT,2nd of 2 free throws made,51,384379,True,1,0,0,,
130883,30373-B-5,,DOM,VEN,Q3,4:19,46,39,520,405000,shot,P2,"2PtsFG under the basket, driving layup made",158,356334,True,2,133,29,,
130883,30373-B-5,,DOM,VEN,Q3,4:04,49,39,521,406000,shot,P3,3pt jump shot from center made,51,416769,True,3,157,169,,
130883,30373-B-5,,DOM,VEN,Q3,4:04,49,39,522,406001,unknwown,ASS,made the assist,51,416914,,,,,,
130883,30373-B-5,,DOM,VEN,Q3,3:37,49,41,523,407000,shot,P2,"2PtsFG under the basket, layup made",158,378577,True,2,150,29,,
130883,30373-B-5,,DOM,VEN,Q3,3:37,49,41,524,407001,unknwown,ASS,made the assist,158,356334,,,,,,
130883,30373-B-5,,DOM,VEN,Q3,3:13,49,41,525,408000,shot,P3,3pt jump shot missed,51,416769,False,3,58,148,,
130883,30373-B-5,,DOM,VEN,Q3,3:10,49,41,526,408002,unknwown,REB,defensive rebound,158,378577,,,,,,
130883,30373-B-5,,DOM,VEN,Q3,2:54,49,41,527,409000,unknwown,TO,turnover; ball handling,158,409358,,,,,,
130883,30373-B-5,,DOM,VEN,Q3,2:54,49,41,528,409001,unknwown,ST,steal,51,390926,,,,,,
130883,30373-B-5,,DOM,VEN,Q3,2:50,51,41,529,410000,shot,P2,"2PtsFG under the basket, points from fastbreak + after turnover, dunk made",51,384379,True,2,140,38,,
130883,30373-B-5,,DOM,VEN,Q3,2:50,51,41,530,410001,unknwown,ASS,made the assist,51,416914,,,,,,
130883,30373-B-5,,DOM,VEN,Q3,2:31,51,44,531,411000,shot,P3,3pt step back jump shot made,158,378577,True,3,151,167,,
130883,30373-B-5,,DOM,VEN,Q3,2:31,51,44,532,411001,unknwown,ASS,made the assist,158,409358,,,,,,
130883,30373-B-5,,DOM,VEN,Q3,2:11,51,44,534,413000,unknwown,FOUL,personal foul; 2 free throws awarded,158,356334,,,,,,
130883,30373-B-5,,DOM,VEN,Q3,2:11,51,44,535,413002,unknwown,RFOUL,foul drawn,51,384379,,,,,,
130883,30373-B-5,,DOM,VEN,Q3,2:11,51,44,536,414000,subst,SUBST,Substitution out,51,416768,,,,,OUT,
130883,30373-B-5,,DOM,VEN,Q3,2:11,51,44,537,415000,subst,SUBST,Substitution in,51,416771,,,,,IN,
130883,30373-B-5,,DOM,VEN,Q3,2:11,51,44,538,416000,subst,SUBST,Substitution out,158,390925,,,,,OUT,
130883,30373-B-5,,DOM,VEN,Q3,2:11,51,44,539,417000,subst,SUBST,Substitution in,158,378579,,,,,IN,
130883,30373-B-5,,DOM,VEN,Q3,2:11,52,44,540,418000,shot,FT,1st of 2 free throws made,51,384379,True,1,0,0,,
130883,30373-B-5,,DOM,VEN,Q3,2:11,52,44,541,418001,unknwown,ASS,made the assist,51,416914,,,,,,
130883,30373-B-5,,DOM,VEN,Q3,2:11,53,44,542,419000,shot,FT,2nd of 2 free throws made,51,384379,True,1,0,0,,
130883,30373-B-5,,DOM,VEN,Q3,1:48,53,46,544,421000,shot,P2,"2PtsFG under the basket, driving layup made",158,409360,True,2,147,27,,
130883,30373-B-5,,DOM,VEN,Q3,1:24,55,46,545,422000,shot,P2,"2PtsFG under the basket, driving layup made",51,390926,True,2,147,32,,
130883,30373-B-5,,DOM,VEN,Q3,1:08,55,46,549,426000,subst,SUBST,Substitution out,51,384379,,,,,OUT,
130883,30373-B-5,,DOM,VEN,Q3,1:08,55,46,550,427000,subst,SUBST,Substitution in,51,416805,,,,,IN,
130883,30373-B-5,,DOM,VEN,Q3,1:08,55,46,551,428000,subst,SUBST,Substitution out,158,378577,,,,,OUT,
130883,30373-B-5,,DOM,VEN,Q3,1:08,55,46,552,429000,subst,SUBST,Substitution out,158,356334,,,,,OUT,
130883,30373-B-5,,DOM,VEN,Q3,1:08,55,46,553,430000,subst,SUBST,Substitution in,158,378547,,,,,IN,
130883,30373-B-5,,DOM,VEN,Q3,1:08,55,46,554,431000,subst,SUBST,Substitution in,158,378576,,,,,IN,
130883,30373-B-5,,DOM,VEN,Q3,0:56,55,46,556,433000,shot,P3,3pt jump shot missed,158,378576,False,3,40,125,,
130883,30373-B-5,,DOM,VEN,Q3,0:54,55,46,557,433002,unknwown,REB,defensive rebound,51,416914,,,,,,
130883,30373-B-5,,DOM,VEN,Q3,0:49,55,46,561,437000,unknwown,TO,turnover; ball handling,51,416805,,,,,,
130883,30373-B-5,,DOM,VEN,Q3,0:30,55,46,564,440000,shot,P3,3pt jump shot missed,158,378579,False,3,216,154,,
130883,30373-B-5,,DOM,VEN,Q3,0:30,55,46,565,440002,unknwown,TREB,team defensive rebound,51,,,,,,,
130883,30373-B-5,,DOM,VEN,Q3,0:09,55,46,571,446000,shot,P3,3pt jump shot missed,51,390926,False,3,42,127,,
130883,30373-B-5,,DOM,VEN,Q3,0:07,55,46,572,446002,unknwown,REB,defensive rebound,158,378576,,,,,,
130883,30373-B-5,,DOM,VEN,Q3,0:03,55,46,578,452000,unknwown,FOUL,personal foul; 2 free throws awarded,51,416769,,,,,,
130883,30373-B-5,,DOM,VEN,Q3,0:03,55,46,579,452002,unknwown,RFOUL,foul drawn,158,378576,,,,,,
130883,30373-B-5,,DOM,VEN,Q3,0:03,55,46,580,453000,unknwown,FOUL,unsportsmanlike foul; 2 free throws awarded,51,416805,,,,,,
130883,30373-B-5,,DOM,VEN,Q3,0:03,55,46,581,453002,unknwown,RFOUL,foul drawn,158,409358,,,,,,
130883,30373-B-5,,DOM,VEN,Q3,0:03,55,46,582,454000,shot,FT,1st of 2 free throws missed,158,378576,False,1,0,0,,
130883,30373-B-5,,DOM,VEN,Q3,0:03,55,46,583,455000,shot,FT,2nd of 2 free throws missed,158,378576,False,1,0,0,,
130883,30373-B-5,,DOM,VEN,Q3,0:03,55,46,584,455002,unknwown,TREB,team offensive rebound,158,,,,,,,
130883,30373-B-5,,DOM,VEN,Q3,0:03,55,46,585,456000,shot,FT,1st of 2 free throws missed,158,409358,False,1,0,0,,
130883,30373-B-5,,DOM,VEN,Q3,0:03,55,47,586,457000,shot,FT,2nd of 2 free throws made,158,409358,True,1,0,0,,
130883,30373-B-5,,DOM,VEN,Q3,0:03,55,47,587,458000,subst,SUBST,Substitution out,158,409358,,,,,OUT,
130883,30373-B-5,,DOM,VEN,Q3,0:03,55,47,588,459000,subst,SUBST,Substitution in,158,378577,,,,,IN,
130883,30373-B-5,,DOM,VEN,Q3,0:00,55,47,591,462000,unknwown,TO,turnover; double dribble,158,378579,,,,,,
130883,30373-B-5,,DOM,VEN,Q3,0:00,55,47,594,465000,periods,ENDP,End of Period,,,,,,,,
130883,30373-B-5,,DOM,VEN,Q4,10:00,55,47,595,466000,subst,SUBST,Substitution out,51,416805,,,,,OUT,
130883,30373-B-5,,DOM,VEN,Q4,10:00,55,47,596,467000,subst,SUBST,Substitution in,51,384379,,,,,IN,
130883,30373-B-5,,DOM,VEN,Q4,10:00,55,47,597,468000,subst,SUBST,Substitution out,158,378579,,,,,OUT,
130883,30373-B-5,,DOM,VEN,Q4,10:00,55,47,598,469000,subst,SUBST,Substitution out,158,378547,,,,,OUT,
130883,30373-B-5,,DOM,VEN,Q4,10:00,55,47,599,470000,subst,SUBST,Substitution out,158,378576,,,,,OUT,
130883,30373-B-5,,DOM,VEN,Q4,10:00,55,47,600,471000,subst,SUBST,Substitution in,158,390925,,,,,IN,
130883,30373-B-5,,DOM,VEN,Q4,10:00,55,47,601,472000,subst,SUBST,Substitution in,158,409358,,,,,IN,
130883,30373-B-5,,DOM,VEN,Q4,10:00,55,47,602,473000,subst,SUBST,Substitution in,158,356334,,,,,IN,
130883,30373-B-5,,DOM,VEN,Q4,10:00,55,47,603,474000,periods,STARTP,Start of Period,,,,,,,,
130883,30373-B-5,,DOM,VEN,Q4,9:41,55,47,605,476000,shot,P3,3pt jump shot missed,51,416914,False,3,43,133,,
130883,30373-B-5,,DOM,VEN,Q4,9:39,55,47,606,476002,unknwown,REB,defensive rebound,158,378577,,,,,,
130883,30373-B-5,,DOM,VEN,Q4,9:27,55,47,607,477000,shot,P3,3pt jump shot missed,158,409360,False,3,31,128,,
130883,30373-B-5,,DOM,VEN,Q4,9:24,55,47,608,477002,unknwown,REB,defensive rebound,51,384379,,,,,,
130883,30373-B-5,,DOM,VEN,Q4,9:00,55,47,612,481000,unknwown,TTO,team turnover; shot clock violation,51,,,,,,,
130883,30373-B-5,,DOM,VEN,Q4,8:48,55,47,614,483000,shot,P3,3pt jump shot missed,158,356334,False,3,31,110,,
130883,30373-B-5,,DOM,VEN,Q4,8:45,55,47,615,483002,unknwown,REB,offensive rebound,158,390925,,,,,,
130883,30373-B-5,,DOM,VEN,Q4,8:45,55,47,616,484000,shot,P2,"2PtsFG under the basket, points from second chance + after turnover, jump shot missed",158,390925,False,2,152,40,,
130883,30373-B-5,,DOM,VEN,Q4,8:43,55,47,617,484002,unknwown,REB,offensive rebound,158,409358,,,,,,
130883,30373-B-5,,DOM,VEN,Q4,8:43,55,47,618,485000,shot,P2,"2PtsFG under the basket, points from second chance + after turnover, jump shot missed",158,409358,False,2,144,25,,
130883,30373-B-5,,DOM,VEN,Q4,8:42,55,47,620,485002,unknwown,REB,offensive rebound,158,390925,,,,,,
130883,30373-B-5,,DOM,VEN,Q4,8:42,55,47,621,487000,unknwown,FOUL,personal foul,51,416771,,,,,,
130883,30373-B-5,,DOM,VEN,Q4,8:42,55,47,622,487002,unknwown,RFOUL,foul drawn,158,390925,,,,,,
130883,30373-B-5,,DOM,VEN,Q4,8:31,55,47,624,489000,shot,P3,3pt jump shot missed,158,409360,False,3,14,53,,
130883,30373-B-5,,DOM,VEN,Q4,8:29,55,47,625,489002,unknwown,REB,offensive rebound,158,378577,,,,,,
130883,30373-B-5,,DOM,VEN,Q4,8:29,55,47,626,490000,shot,P2,"2PtsFG under the basket, points from second chance + after turnover, jump shot missed",158,378577,False,2,148,33,,
130883,30373-B-5,,DOM,VEN,Q4,8:25,55,47,627,490002,unknwown,REB,offensive rebound,158,378577,,,,,,
130883,30373-B-5,,DOM,VEN,Q4,8:23,55,49,628,491000,shot,P2,"2PtsFG under the basket, points from second chance + after turnover, layup made",158,378577,True,2,151,31,,
130883,30373-B-5,,DOM,VEN,Q4,8:04,57,49,629,492000,shot,P2,2pt fadeaway jump shot made,51,390926,True,2,135,109,,
130883,30373-B-5,,DOM,VEN,Q4,7:46,57,51,630,493000,shot,P2,"2PtsFG under the basket, driving layup made",158,378577,True,2,149,30,,
130883,30373-B-5,,DOM,VEN,Q4,7:25,57,51,631,494000,shot,P2,"2PtsFG under the basket, driving layup missed",51,390926,False,2,142,48,,
130883,30373-B-5,,DOM,VEN,Q4,7:23,57,51,632,494002,unknwown,REB,defensive rebound,158,390925,,,,,,
130883,30373-B-5,,DOM,VEN,Q4,7:22,57,51,634,496000,unknwown,FOUL,unsportsmanlike foul; 2 free throws awarded,51,416914,,,,,,
130883,30373-B-5,,DOM,VEN,Q4,7:22,57,51,635,496002,unknwown,RFOUL,foul drawn,158,356334,,,,,,
130883,30373-B-5,,DOM,VEN,Q4,7:22,57,52,636,497000,shot,FT,1st of 2 free throws made,158,356334,True,1,0,0,,
130883,30373-B-5,,DOM,VEN,Q4,7:22,57,53,637,498000,shot,FT,2nd of 2 free throws made,158,356334,True,1,0,0,,
130883,30373-B-5,,DOM,VEN,Q4,7:22,57,53,638,499000,subst,SUBST,Substitution out,51,416914,,,,,OUT,
130883,30373-B-5,,DOM,VEN,Q4,7:22,57,53,639,500000,subst,SUBST,Substitution out,51,416771,,,,,OUT,
130883,30373-B-5,,DOM,VEN,Q4,7:22,57,53,640,501000,subst,SUBST,Substitution in,51,416768,,,,,IN,
130883,30373-B-5,,DOM,VEN,Q4,7:22,57,53,641,502000,subst,SUBST,Substitution in,51,416805,,,,,IN,
130883,30373-B-5,,DOM,VEN,Q4,7:15,57,56,643,504000,shot,P3,3pt jump shot made,158,378577,True,3,75,153,,
130883,30373-B-5,,DOM,VEN,Q4,6:49,57,56,644,505000,unknwown,TO,turnover; ball handling,51,390926,,,,,,
130883,30373-B-5,,DOM,VEN,Q4,6:49,57,56,645,505001,unknwown,ST,steal,158,356334,,,,,,
130883,30373-B-5,,DOM,VEN,Q4,6:43,57,56,646,506000,shot,P2,"2PtsFG under the basket, points after turnover, layup missed",158,390925,False,2,136,30,,
130883,30373-B-5,,DOM,VEN,Q4,6:41,57,56,647,506002,unknwown,REB,offensive rebound,158,409358,,,,,,
130883,30373-B-5,,DOM,VEN,Q4,6:40,57,56,648,507000,shot,P2,"2PtsFG under the basket, points from second chance + after turnover, jump shot missed",158,409358,False,2,160,36,,
130883,30373-B-5,,DOM,VEN,Q4,6:40,57,56,649,507001,unknwown,BS,blocked the shot,51,416805,,,,,,
130883,30373-B-5,,DOM,VEN,Q4,6:37,57,56,650,507002,unknwown,REB,offensive rebound,158,390925,,,,,,
130883,30373-B-5,,DOM,VEN,Q4,6:36,57,58,651,508000,shot,P2,"2PtsFG under the basket, points from second chance + after turnover, layup made",158,390925,True,2,141,36,,
130883,30373-B-5,,DOM,VEN,Q4,6:23,59,58,652,509000,shot,P2,"2PtsFG under the basket, layup made",51,416805,True,2,139,33,,
130883,30373-B-5,,DOM,VEN,Q4,6:23,59,58,653,509001,unknwown,ASS,made the assist,51,416769,,,,,,
130883,30373-B-5,,DOM,VEN,Q4,5:56,59,58,654,510000,shot,P3,3pt jump shot missed,158,390925,False,3,50,148,,
130883,30373-B-5,,DOM,VEN,Q4,5:53,59,58,655,510002,unknwown,REB,defensive rebound,51,416769,,,,,,
130883,30373-B-5,,DOM,VEN,Q4,5:49,59,58,656,511000,shot,P2,"2PtsFG under the basket, driving layup missed",51,416769,False,2,139,34,,
130883,30373-B-5,,DOM,VEN,Q4,5:46,59,58,657,511002,unknwown,REB,offensive rebound,51,416769,,,,,,
130883,30373-B-5,,DOM,VEN,Q4,5:45,59,58,658,512000,shot,P2,"2PtsFG under the basket, layup missed",51,416769,False,2,148,38,,
130883,30373-B-5,,DOM,VEN,Q4,5:45,59,58,659,512001,unknwown,BS,blocked the shot,158,409360,,,,,,
130883,30373-B-5,,DOM,VEN,Q4,5:41,59,58,660,512002,unknwown,REB,defensive rebound,158,356334,,,,,,
130883,30373-B-5,,DOM,VEN,Q4,5:39,59,58,661,513000,shot,P2,"2PtsFG under the basket, driving layup missed",158,356334,False,2,141,28,,
130883,30373-B-5,,DOM,VEN,Q4,5:39,59,58,662,513001,unknwown,BS,blocked the shot,51,384379,,,,,,
130883,30373-B-5,,DOM,VEN,Q4,5:35,59,58,663,513002,unknwown,REB,offensive rebound,158,390925,,,,,,
130883,30373-B-5,,DOM,VEN,Q4,5:34,59,60,664,514000,shot,P2,"2PtsFG under the basket, layup made",158,390925,True,2,132,31,,
130883,30373-B-5,,DOM,VEN,Q4,5:23,59,60,666,516000,shot,P2,"2PtsFG under the basket, jump shot missed",51,416805,False,2,141,25,,
130883,30373-B-5,,DOM,VEN,Q4,5:23,59,60,667,516001,unknwown,BS,blocked the shot,158,378577,,,,,,
130883,30373-B-5,,DOM,VEN,Q4,5:23,59,60,668,516002,unknwown,TREB,team offensive rebound,51,,,,,,,
130883,30373-B-5,,DOM,VEN,Q4,5:23,59,60,669,517000,timeout,TIMO,Timeout,51,,,,,,,
130883,30373-B-5,,DOM,VEN,Q4,5:09,59,60,671,519000,shot,P3,3pt jump shot missed,51,416769,False,3,50,140,,
130883,30373-B-5,,DOM,VEN,Q4,5:06,59,60,674,519002,unknwown,REB,defensive rebound,158,409358,,,,,,
130883,30373-B-5,,DOM,VEN,Q4,4:48,59,60,678,525000,unknwown,FOUL,personal foul,51,390926,,,,,,
130883,30373-B-5,,DOM,VEN,Q4,4:48,59,60,679,525002,unknwown,RFOUL,foul drawn,158,356334,,,,,,
130883,30373-B-5,,DOM,VEN,Q4,4:48,59,60,680,526000,subst,SUBST,Substitution out,51,390926,,,,,OUT,
130883,30373-B-5,,DOM,VEN,Q4,4:48,59,60,681,527000,subst,SUBST,Substitution in,51,416767,,,,,IN,
130883,30373-B-5,,DOM,VEN,Q4,4:40,59,60,684,530000,unknwown,FOUL,personal foul; 2 free throws awarded,51,416768,,,,,,
130883,30373-B-5,,DOM,VEN,Q4,4:40,59,60,685,530002,unknwown,RFOUL,foul drawn,158,356334,,,,,,
130883,30373-B-5,,DOM,VEN,Q4,4:40,59,61,686,531000,shot,FT,1st of 2 free throws made,158,356334,True,1,0,0,,
130883,30373-B-5,,DOM,VEN,Q4,4:40,59,62,687,532000,shot,FT,2nd of 2 free throws made,158,356334,True,1,0,0,,
130883,30373-B-5,,DOM,VEN,Q4,4:34,61,62,689,534000,shot,P2,"2PtsFG under the basket, fast break, layup made",51,384379,True,2,144,39,,
130883,30373-B-5,,DOM,VEN,Q4,4:34,61,62,690,534001,unknwown,ASS,made the assist,51,416767,,,,,,
130883,30373-B-5,,DOM,VEN,Q4,4:13,61,62,691,535000,shot,P3,3pt jump shot missed,158,409360,False,3,271,54,,
130883,30373-B-5,,DOM,VEN,Q4,4:11,61,62,692,535002,unknwown,REB,offensive rebound,158,390925,,,,,,
130883,30373-B-5,,DOM,VEN,Q4,3:57,61,62,693,536000,shot,P2,"2PtsFG inside right, jump shot missed",158,409360,False,2,218,76,,
130883,30373-B-5,,DOM,VEN,Q4,3:55,61,62,694,536002,unknwown,REB,defensive rebound,51,416768,,,,,,
130883,30373-B-5,,DOM,VEN,Q4,3:49,61,62,698,540000,unknwown,FOUL,personal foul; 2 free throws awarded,158,356334,,,,,,
130883,30373-B-5,,DOM,VEN,Q4,3:49,61,62,699,540002,unknwown,RFOUL,foul drawn,51,416768,,,,,,
130883,30373-B-5,,DOM,VEN,Q4,3:49,61,62,700,541000,subst,SUBST,Substitution out,51,416769,,,,,OUT,
130883,30373-B-5,,DOM,VEN,Q4,3:49,61,62,701,542000,subst,SUBST,Substitution in,51,390926,,,,,IN,
130883,30373-B-5,,DOM,VEN,Q4,3:49,61,62,702,543000,shot,FT,1st of 2 free throws missed,51,416768,False,1,0,0,,
130883,30373-B-5,,DOM,VEN,Q4,3:49,61,62,703,544000,shot,FT,2nd of 2 free throws missed,51,416768,False,1,0,0,,
130883,30373-B-5,,DOM,VEN,Q4,3:49,61,62,705,544002,unknwown,REB,offensive rebound,51,416805,,,,,,
130883,30373-B-5,,DOM,VEN,Q4,3:47,61,62,706,546000,shot,P2,"2PtsFG under the basket, jump shot missed",51,416805,False,2,132,34,,
130883,30373-B-5,,DOM,VEN,Q4,3:44,61,62,707,546002,unknwown,REB,defensive rebound,158,409360,,,,,,
130883,30373-B-5,,DOM,VEN,Q4,3:34,61,64,708,547000,shot,P2,"2PtsFG under the basket, driving layup made",158,356334,True,2,132,37,,
130883,30373-B-5,,DOM,VEN,Q4,3:32,61,64,712,551000,subst,SUBST,Substitution out,158,409360,,,,,OUT,
130883,30373-B-5,,DOM,VEN,Q4,3:32,61,64,713,552000,subst,SUBST,Substitution in,158,378579,,,,,IN,
130883,30373-B-5,,DOM,VEN,Q4,3:19,63,64,716,555000,shot,P2,"2PtsFG under the basket, layup made",51,416805,True,2,139,33,,
130883,30373-B-5,,DOM,VEN,Q4,3:19,63,64,717,555001,unknwown,ASS,made the assist,51,384379,,,,,,
130883,30373-B-5,,DOM,VEN,Q4,3:19,63,64,718,556000,unknwown,FOUL,personal foul; 1 free throw awarded,158,390925,,,,,,
130883,30373-B-5,,DOM,VEN,Q4,3:19,63,64,719,556002,unknwown,RFOUL,foul drawn,51,416805,,,,,,
130883,30373-B-5,,DOM,VEN,Q4,3:19,64,64,720,557000,shot,FT,1st free throw made,51,416805,True,1,0,0,,
130883,30373-B-5,,DOM,VEN,Q4,2:58,64,66,722,559000,shot,P2,"2PtsFG under the basket, layup made",158,409358,True,2,135,39,,
130883,30373-B-5,,DOM,VEN,Q4,2:58,64,66,723,559001,unknwown,ASS,made the assist,158,378579,,,,,,
130883,30373-B-5,,DOM,VEN,Q4,2:45,64,66,731,567000,unknwown,FOUL,personal foul; 2 free throws awarded,158,390925,,,,,,
130883,30373-B-5,,DOM,VEN,Q4,2:45,64,66,732,567002,unknwown,RFOUL,foul drawn,51,390926,,,,,,
130883,30373-B-5,,DOM,VEN,Q4,2:45,64,66,733,568000,shot,FT,1st of 2 free throws missed,51,390926,False,1,0,0,,
130883,30373-B-5,,DOM,VEN,Q4,2:45,65,66,734,569000,shot,FT,2nd of 2 free throws made,51,390926,True,1,0,0,,
130883,30373-B-5,,DOM,VEN,Q4,2:32,65,66,739,574000,unknwown,TO,turnover; out of bounds,158,378577,,,,,,
130883,30373-B-5,,DOM,VEN,Q4,2:17,65,66,742,577000,unknwown,FOUL,personal foul,158,378577,,,,,,
130883,30373-B-5,,DOM,VEN,Q4,2:17,65,66,743,577002,unknwown,RFOUL,foul drawn,51,416805,,,,,,
130883,30373-B-5,,DOM,VEN,Q4,2:14,68,66,745,579000,shot,P3,3pt jump shot made,51,390926,True,3,45,136,,
130883,30373-B-5,,DOM,VEN,Q4,2:14,68,66,746,579001,unknwown,ASS,made the assist,51,416768,,,,,,
130883,30373-B-5,,DOM,VEN,Q4,1:53,68,68,747,580000,shot,P2,"2PtsFG under the basket, driving layup made",158,390925,True,2,148,33,,
130883,30373-B-5,,DOM,VEN,Q4,1:39,71,68,749,582000,shot,P3,3pt jump shot made,51,390926,True,3,8,26,,
130883,30373-B-5,,DOM,VEN,Q4,1:39,71,68,750,582001,unknwown,ASS,made the assist,51,416767,,,,,,
130883,30373-B-5,,DOM,VEN,Q4,1:26,71,68,755,587000,unknwown,TO,turnover; ball handling,158,378577,,,,,,
130883,30373-B-5,,DOM,VEN,Q4,1:26,71,68,756,587001,unknwown,ST,steal,51,384379,,,,,,
130883,30373-B-5,,DOM,VEN,Q4,1:26,71,68,757,588000,subst,SUBST,Substitution out,51,384379,,,,,OUT,
130883,30373-B-5,,DOM,VEN,Q4,1:26,71,68,758,589000,subst,SUBST,Substitution in,51,416769,,,,,IN,
130883,30373-B-5,,DOM,VEN,Q4,1:14,73,68,761,592000,shot,P2,"2PtsFG under the basket, points after turnover, driving layup made",51,390926,True,2,143,34,,
130883,30373-B-5,,DOM,VEN,Q4,1:14,73,68,762,593000,timeout,TIMO,Timeout,158,,,,,,,
130883,30373-B-5,,DOM,VEN,Q4,1:14,73,68,763,594000,subst,SUBST,Substitution out,158,409358,,,,,OUT,
130883,30373-B-5,,DOM,VEN,Q4,1:14,73,68,764,595000,subst,SUBST,Substitution in,158,378547,,,,,IN,
130883,30373-B-5,,DOM,VEN,Q4,1:01,73,68,766,597000,shot,P2,"2PtsFG under the basket, driving layup missed",158,390925,False,2,139,33,,
130883,30373-B-5,,DOM,VEN,Q4,0:58,73,68,767,597002,unknwown,REB,defensive rebound,51,416768,,,,,,
130883,30373-B-5,,DOM,VEN,Q4,0:43,73,68,768,598000,shot,P3,3pt jump shot missed,51,416769,False,3,271,34,,
130883,30373-B-5,,DOM,VEN,Q4,0:40,73,68,770,598002,unknwown,TREB,team defensive rebound,158,,,,,,,
130883,30373-B-5,,DOM,VEN,Q4,0:39,73,68,773,602000,timeout,TIMO,Timeout,158,,,,,,,
130883,30373-B-5,,DOM,VEN,Q4,0:39,73,68,774,603000,subst,SUBST,Substitution out,158,378547,,,,,OUT,
130883,30373-B-5,,DOM,VEN,Q4,0:39,73,68,775,604000,subst,SUBST,Substitution in,158,409360,,,,,IN,
130883,30373-B-5,,DOM,VEN,Q4,0:32,73,68,777,606000,shot,P2,"2PtsFG under the basket, jump shot missed",158,356334,False,2,151,34,,
130883,30373-B-5,,DOM,VEN,Q4,0:32,73,68,778,606001,unknwown,BS,blocked the shot,51,416768,,,,,,
130883,30373-B-5,,DOM,VEN,Q4,0:28,73,68,779,606002,unknwown,REB,defensive rebound,51,390926,,,,,,
130883,30373-B-5,,DOM,VEN,Q4,0:22,73,68,781,608000,unknwown,FOUL,personal foul; 2 free throws awarded,158,356334,,,,,,
130883,30373-B-5,,DOM,VEN,Q4,0:22,73,68,782,608002,unknwown,RFOUL,foul drawn,51,416768,,,,,,
130883,30373-B-5,,DOM,VEN,Q4,0:22,74,68,783,609000,shot,FT,1st of 2 free throws made,51,416768,True,1,0,0,,
130883,30373-B-5,,DOM,VEN,Q4,0:22,74,68,784,610000,shot,FT,2nd of 2 free throws missed,51,416768,False,1,0,0,,
130883,30373-B-5,,DOM,VEN,Q4,0:22,74,68,785,610002,unknwown,TREB,team defensive rebound,158,,,,,,,
130883,30373-B-5,,DOM,VEN,Q4,0:13,74,68,787,612000,shot,P3,3pt jump shot missed,158,390925,False,3,6,66,,
130883,30373-B-5,,DOM,VEN,Q4,0:11,74,68,789,612002,unknwown,REB,defensive rebound,51,416805,,,,,,
130883,30373-B-5,,DOM,VEN,Q4,0:10,74,68,796,620000,unknwown,FOUL,personal foul; 2 free throws awarded,158,409360,,,,,,
130883,30373-B-5,,DOM,VEN,Q4,0:10,74,68,797,620002,unknwown,RFOUL,foul drawn,51,416805,,,,,,
130883,30373-B-5,,DOM,VEN,Q4,0:10,74,68,798,621000,shot,FT,1st of 2 free throws missed,51,416805,False,1,0,0,,
130883,30373-B-5,,DOM,VEN,Q4,0:10,74,68,799,622000,shot,FT,2nd of 2 free throws missed,51,416805,False,1,0,0,,
130883,30373-B-5,,DOM,VEN,Q4,0:10,74,68,801,622002,unknwown,REB,offensive rebound,51,416805,,,,,,
130883,30373-B-5,,DOM,VEN,Q4,0:00,74,68,805,627000,periods,ENDP,End of Period,,,,,,,,
130883,30373-B-5,,DOM,VEN,Q4,0:00,74,68,806,628000,periods,ENDG,End of Game,,,,,,,,
130882,30373-A-5,,USA,BRA,Q1,10:00,0,0,1,1000,periods,STARTG,Start of Game,,,,,,,,
130882,30373-A-5,,USA,BRA,Q1,10:00,0,0,2,2000,periods,STARTP,Start of Period,,,,,,,,
130882,30373-A-5,,USA,BRA,Q1,10:00,0,0,4,4000,unknwown,JS,jump ball situation; throw-in,,,,,,,,
130882,30373-A-5,,USA,BRA,Q1,9:59,0,0,5,4001,unknwown,JB,jump ball won,154,416460,,,,,,
130882,30373-A-5,,USA,BRA,Q1,9:59,0,0,6,4002,unknwown,JB,jump ball lost,27,393861,,,,,,
130882,30373-A-5,,USA,BRA,Q1,9:40,0,0,9,7000,shot,P2,2pt hook shot missed,154,416460,False,2,138,53,,
130882,30373-A-5,,USA,BRA,Q1,9:37,0,0,10,7002,unknwown,REB,defensive rebound,27,405082,,,,,,
130882,30373-A-5,,USA,BRA,Q1,9:21,0,0,12,9000,shot,P2,"2PtsFG under the basket, driving layup missed",27,331414,False,2,150,37,,
130882,30373-A-5,,USA,BRA,Q1,9:21,0,0,13,9001,unknwown,BS,blocked the shot,154,416460,,,,,,
130882,30373-A-5,,USA,BRA,Q1,9:21,0,0,14,9002,unknwown,TREB,team offensive rebound,27,,,,,,,
130882,30373-A-5,,USA,BRA,Q1,9:16,0,0,18,13000,shot,P3,3pt jump shot missed,27,330039,False,3,11,22,,
130882,30373-A-5,,USA,BRA,Q1,9:14,0,0,19,13002,unknwown,REB,defensive rebound,154,416460,,,,,,
130882,30373-A-5,,USA,BRA,Q1,9:03,0,0,21,15000,unknwown,TO,turnover; out of bounds,154,369232,,,,,,
130882,30373-A-5,,USA,BRA,Q1,8:40,0,2,23,17000,shot,P2,2pt jump shot made,27,330047,True,2,122,94,,
130882,30373-A-5,,USA,BRA,Q1,8:15,0,2,27,21000,unknwown,FOUL,personal foul; 2 free throws awarded,27,393861,,,,,,
130882,30373-A-5,,USA,BRA,Q1,8:15,0,2,28,21002,unknwown,RFOUL,foul drawn,154,369232,,,,,,
130882,30373-A-5,,USA,BRA,Q1,8:15,1,2,29,22000,shot,FT,1st of 2 free throws made,154,369232,True,1,0,0,,
130882,30373-A-5,,USA,BRA,Q1,8:15,2,2,30,23000,shot,FT,2nd of 2 free throws made,154,369232,True,1,0,0,,
130882,30373-A-5,,USA,BRA,Q1,8:08,2,2,34,27000,shot,P2,"2PtsFG under the basket, turnaround jump shot missed",27,330047,False,2,138,38,,
130882,30373-A-5,,USA,BRA,Q1,8:03,2,2,35,27002,unknwown,REB,offensive rebound,27,393861,,,,,,
130882,30373-A-5,,USA,BRA,Q1,8:03,2,4,36,28000,shot,P2,2PtsFG under the basket made,27,393861,True,2,140,31,,
130882,30373-A-5,,USA,BRA,Q1,7:43,2,4,37,29000,shot,P2,"2PtsFG under the basket, jump shot missed",154,416460,False,2,145,45,,
130882,30373-A-5,,USA,BRA,Q1,7:39,2,4,38,29002,unknwown,REB,offensive rebound,154,410509,,,,,,
130882,30373-A-5,,USA,BRA,Q1,7:39,4,4,39,30000,shot,P2,2PtsFG under the basket made,154,410509,True,2,140,31,,
130882,30373-A-5,,USA,BRA,Q1,7:18,4,4,40,31000,shot,P3,3pt pullup jump shot missed,27,330047,False,3,129,187,,
130882,30373-A-5,,USA,BRA,Q1,7:13,4,4,41,31002,unknwown,REB,defensive rebound,154,416460,,,,,,
130882,30373-A-5,,USA,BRA,Q1,7:10,4,4,45,35000,unknwown,FOUL,personal foul,27,330039,,,,,,
130882,30373-A-5,,USA,BRA,Q1,7:10,4,4,46,35002,unknwown,RFOUL,foul drawn,154,410523,,,,,,
130882,30373-A-5,,USA,BRA,Q1,7:06,4,4,48,37000,shot,P3,3pt jump shot missed,154,369232,False,3,53,134,,
130882,30373-A-5,,USA,BRA,Q1,7:03,4,4,49,37002,unknwown,REB,defensive rebound,27,330047,,,,,,
130882,30373-A-5,,USA,BRA,Q1,6:57,4,4,53,41000,unknwown,FOUL,personal foul; 2 free throws awarded,154,410523,,,,,,
130882,30373-A-5,,USA,BRA,Q1,6:57,4,4,54,41002,unknwown,RFOUL,foul drawn,27,331414,,,,,,
130882,30373-A-5,,USA,BRA,Q1,6:57,4,4,55,42000,shot,FT,1st of 2 free throws missed,27,331414,False,1,0,0,,
130882,30373-A-5,,USA,BRA,Q1,6:57,4,4,56,43000,shot,FT,2nd of 2 free throws missed,27,331414,False,1,0,0,,
130882,30373-A-5,,USA,BRA,Q1,6:57,4,4,57,43002,unknwown,TREB,team offensive rebound,27,,,,,,,
130882,30373-A-5,,USA,BRA,Q1,6:57,4,4,58,44000,subst,SUBST,Substitution out,154,416446,,,,,OUT,
130882,30373-A-5,,USA,BRA,Q1,6:57,4,4,59,45000,subst,SUBST,Substitution in,154,416558,,,,,IN,
130882,30373-A-5,,USA,BRA,Q1,6:47,4,4,61,47000,shot,P2,2pt jump shot missed,27,330047,False,2,164,61,,
130882,30373-A-5,,USA,BRA,Q1,6:44,4,4,62,47002,unknwown,REB,defensive rebound,154,416558,,,,,,
130882,30373-A-5,,USA,BRA,Q1,6:37,4,4,63,48000,shot,P3,3pt jump shot missed,154,416558,False,3,37,126,,
130882,30373-A-5,,USA,BRA,Q1,6:34,4,4,64,48002,unknwown,REB,defensive rebound,27,331414,,,,,,
130882,30373-A-5,,USA,BRA,Q1,6:27,4,4,65,49000,shot,P2,2pt driving layup missed,27,331414,False,2,117,41,,
130882,30373-A-5,,USA,BRA,Q1,6:25,4,4,66,49002,unknwown,REB,defensive rebound,154,416460,,,,,,
130882,30373-A-5,,USA,BRA,Q1,6:15,7,4,67,50000,shot,P3,3pt jump shot made,154,410509,True,3,9,36,,
130882,30373-A-5,,USA,BRA,Q1,6:15,7,4,68,50001,unknwown,ASS,made the assist,154,369232,,,,,,
130882,30373-A-5,,USA,BRA,Q1,6:10,7,4,69,51000,shot,P3,3pt jump shot missed,27,330039,False,3,238,130,,
130882,30373-A-5,,USA,BRA,Q1,6:06,7,4,70,51002,unknwown,REB,defensive rebound,154,416460,,,,,,
130882,30373-A-5,,USA,BRA,Q1,5:47,7,4,71,52000,shot,P2,"2PtsFG under the basket, layup missed",154,410509,False,2,122,36,,
130882,30373-A-5,,USA,BRA,Q1,5:44,7,4,72,52002,unknwown,REB,defensive rebound,27,393861,,,,,,
130882,30373-A-5,,USA,BRA,Q1,5:42,7,6,73,53000,shot,P2,"2PtsFG under the basket, fast break, layup made",27,330039,True,2,124,34,,
130882,30373-A-5,,USA,BRA,Q1,5:42,7,6,74,53001,unknwown,ASS,made the assist,27,330047,,,,,,
130882,30373-A-5,,USA,BRA,Q1,5:26,7,6,76,55000,shot,P2,"2PtsFG under the basket, layup missed",154,416460,False,2,152,37,,
130882,30373-A-5,,USA,BRA,Q1,5:26,7,6,77,55002,unknwown,TREB,team defensive rebound,27,,,,,,,
130882,30373-A-5,,USA,BRA,Q1,5:26,7,6,78,56000,unknwown,FOUL,personal foul,154,416460,,,,,,
130882,30373-A-5,,USA,BRA,Q1,5:26,7,6,79,56002,unknwown,RFOUL,foul drawn,27,331414,,,,,,
130882,30373-A-5,,USA,BRA,Q1,5:26,7,6,80,57000,subst,SUBST,Substitution out,154,369232,,,,,OUT,
130882,30373-A-5,,USA,BRA,Q1,5:26,7,6,81,58000,subst,SUBST,Substitution out,154,410523,,,,,OUT,
130882,30373-A-5,,USA,BRA,Q1,5:26,7,6,82,59000,subst,SUBST,Substitution out,154,410509,,,,,OUT,
130882,30373-A-5,,USA,BRA,Q1,5:26,7,6,83,60000,subst,SUBST,Substitution out,154,416460,,,,,OUT,
130882,30373-A-5,,USA,BRA,Q1,5:26,7,6,84,61000,subst,SUBST,Substitution in,154,416453,,,,,IN,
130882,30373-A-5,,USA,BRA,Q1,5:26,7,6,85,62000,subst,SUBST,Substitution in,154,410526,,,,,IN,
130882,30373-A-5,,USA,BRA,Q1,5:26,7,6,86,63000,subst,SUBST,Substitution in,154,416446,,,,,IN,
130882,30373-A-5,,USA,BRA,Q1,5:26,7,6,87,64000,subst,SUBST,Substitution in,154,410530,,,,,IN,
130882,30373-A-5,,USA,BRA,Q1,5:26,7,6,88,65000,subst,SUBST,Substitution out,27,405082,,,,,OUT,
130882,30373-A-5,,USA,BRA,Q1,5:26,7,6,89,66000,subst,SUBST,Substitution out,27,393861,,,,,OUT,
130882,30373-A-5,,USA,BRA,Q1,5:26,7,6,90,67000,subst,SUBST,Substitution in,27,416911,,,,,IN,
130882,30373-A-5,,USA,BRA,Q1,5:26,7,6,91,68000,subst,SUBST,Substitution in,27,383772,,,,,IN,
130882,30373-A-5,,USA,BRA,Q1,5:15,7,6,93,70000,shot,P2,"2PtsFG under the basket, turnaround jump shot missed",27,330047,False,2,126,47,,
130882,30373-A-5,,USA,BRA,Q1,5:15,7,6,94,70001,unknwown,BS,blocked the shot,154,416446,,,,,,
130882,30373-A-5,,USA,BRA,Q1,5:12,7,6,95,70002,unknwown,REB,defensive rebound,154,416446,,,,,,
130882,30373-A-5,,USA,BRA,Q1,5:02,9,6,96,71000,shot,P2,"2PtsFG under the basket, driving layup made",154,416446,True,2,129,30,,
130882,30373-A-5,,USA,BRA,Q1,4:40,9,6,98,73000,shot,P3,3pt jump shot missed,27,416911,False,3,11,39,,
130882,30373-A-5,,USA,BRA,Q1,4:40,9,6,99,73002,unknwown,TREB,team offensive rebound,27,,,,,,,
130882,30373-A-5,,USA,BRA,Q1,4:36,9,6,101,75000,shot,P3,3pt jump shot missed,27,330039,False,3,191,157,,
130882,30373-A-5,,USA,BRA,Q1,4:31,9,6,102,75002,unknwown,REB,defensive rebound,154,416453,,,,,,
130882,30373-A-5,,USA,BRA,Q1,4:27,11,6,103,76000,shot,P2,"2PtsFG under the basket, fast break, layup made",154,410526,True,2,125,29,,
130882,30373-A-5,,USA,BRA,Q1,4:27,11,6,104,76001,unknwown,ASS,made the assist,154,410530,,,,,,
130882,30373-A-5,,USA,BRA,Q1,4:09,11,6,105,77000,shot,P2,2pt jump shot missed,27,330039,False,2,125,71,,
130882,30373-A-5,,USA,BRA,Q1,4:06,11,6,106,77002,unknwown,REB,defensive rebound,154,416446,,,,,,
130882,30373-A-5,,USA,BRA,Q1,4:02,11,6,107,78000,shot,P2,2pt driving layup missed,154,416558,False,2,160,40,,
130882,30373-A-5,,USA,BRA,Q1,3:59,11,6,108,78002,unknwown,REB,defensive rebound,27,383772,,,,,,
130882,30373-A-5,,USA,BRA,Q1,3:56,11,6,109,79000,shot,P2,"2PtsFG under the basket, eurostep missed",27,331414,False,2,150,21,,
130882,30373-A-5,,USA,BRA,Q1,3:56,11,6,110,79001,unknwown,BS,blocked the shot,154,416446,,,,,,
130882,30373-A-5,,USA,BRA,Q1,3:50,11,6,111,79002,unknwown,REB,offensive rebound,27,331414,,,,,,
130882,30373-A-5,,USA,BRA,Q1,3:50,11,8,112,80000,shot,P2,2PtsFG under the basket made,27,331414,True,2,140,31,,
130882,30373-A-5,,USA,BRA,Q1,3:36,14,8,113,81000,shot,P3,3pt jump shot made,154,410530,True,3,210,153,,
130882,30373-A-5,,USA,BRA,Q1,3:36,14,8,114,81001,unknwown,ASS,made the assist,154,410526,,,,,,
130882,30373-A-5,,USA,BRA,Q1,3:18,14,8,115,82000,shot,P3,3pt jump shot missed,27,331414,False,3,28,121,,
130882,30373-A-5,,USA,BRA,Q1,3:15,14,8,116,82002,unknwown,REB,offensive rebound,27,331414,,,,,,
130882,30373-A-5,,USA,BRA,Q1,3:13,14,10,117,83000,shot,P2,"2PtsFG under the basket, driving layup made",27,331414,True,2,123,30,,
130882,30373-A-5,,USA,BRA,Q1,2:56,14,10,118,84000,shot,P3,3pt jump shot missed,154,416453,False,3,234,139,,
130882,30373-A-5,,USA,BRA,Q1,2:52,14,10,119,84002,unknwown,REB,defensive rebound,27,416911,,,,,,
130882,30373-A-5,,USA,BRA,Q1,2:40,14,13,120,85000,shot,P3,3pt jump shot made,27,416911,True,3,272,20,,
130882,30373-A-5,,USA,BRA,Q1,2:40,14,13,121,85001,unknwown,ASS,made the assist,27,331414,,,,,,
130882,30373-A-5,,USA,BRA,Q1,2:16,14,13,123,87000,unknwown,TO,turnover; ball handling,154,416453,,,,,,
130882,30373-A-5,,USA,BRA,Q1,2:16,14,13,124,88000,subst,SUBST,Substitution out,154,416453,,,,,OUT,
130882,30373-A-5,,USA,BRA,Q1,2:16,14,13,125,89000,subst,SUBST,Substitution out,154,416446,,,,,OUT,
130882,30373-A-5,,USA,BRA,Q1,2:16,14,13,126,90000,subst,SUBST,Substitution in,154,416519,,,,,IN,
130882,30373-A-5,,USA,BRA,Q1,2:16,14,13,127,91000,subst,SUBST,Substitution in,154,416447,,,,,IN,
130882,30373-A-5,,USA,BRA,Q1,2:16,14,13,128,92000,subst,SUBST,Substitution out,27,330047,,,,,OUT,
130882,30373-A-5,,USA,BRA,Q1,2:16,14,13,129,93000,subst,SUBST,Substitution out,27,330039,,,,,OUT,
130882,30373-A-5,,USA,BRA,Q1,2:16,14,13,130,94000,subst,SUBST,Substitution in,27,405082,,,,,IN,
130882,30373-A-5,,USA,BRA,Q1,2:16,14,13,131,95000,subst,SUBST,Substitution in,27,393861,,,,,IN,
130882,30373-A-5,,USA,BRA,Q1,1:59,14,13,133,97000,shot,P2,"2PtsFG under the basket, points after turnover, driving layup missed",27,383772,False,2,119,36,,
130882,30373-A-5,,USA,BRA,Q1,1:57,14,13,134,97002,unknwown,REB,defensive rebound,154,410530,,,,,,
130882,30373-A-5,,USA,BRA,Q1,1:48,17,13,135,98000,shot,P3,3pt jump shot from center made,154,410526,True,3,170,175,,
130882,30373-A-5,,USA,BRA,Q1,1:48,17,13,136,98001,unknwown,ASS,made the assist,154,416447,,,,,,
130882,30373-A-5,,USA,BRA,Q1,1:25,17,13,137,99000,shot,P3,3pt jump shot missed,27,416911,False,3,71,161,,
130882,30373-A-5,,USA,BRA,Q1,1:18,17,13,138,99002,unknwown,TREB,team offensive rebound,27,,,,,,,
130882,30373-A-5,,USA,BRA,Q1,1:18,17,13,140,101000,unknwown,FOUL,personal foul,154,410526,,,,,,
130882,30373-A-5,,USA,BRA,Q1,1:18,17,13,141,101002,unknwown,RFOUL,foul drawn,27,405082,,,,,,
130882,30373-A-5,,USA,BRA,Q1,1:18,17,13,142,102000,subst,SUBST,Substitution out,154,410530,,,,,OUT,
130882,30373-A-5,,USA,BRA,Q1,1:18,17,13,143,103000,subst,SUBST,Substitution in,154,416460,,,,,IN,
130882,30373-A-5,,USA,BRA,Q1,1:15,17,13,147,107000,shot,P3,3pt jump shot missed,27,416911,False,3,270,41,,
130882,30373-A-5,,USA,BRA,Q1,1:12,17,13,148,107002,unknwown,REB,defensive rebound,154,416558,,,,,,
130882,30373-A-5,,USA,BRA,Q1,1:09,17,13,150,109000,unknwown,FOUL,personal foul; 2 free throws awarded,27,331414,,,,,,
130882,30373-A-5,,USA,BRA,Q1,1:09,17,13,151,109002,unknwown,RFOUL,foul drawn,154,416558,,,,,,
130882,30373-A-5,,USA,BRA,Q1,1:09,17,13,152,110000,subst,SUBST,Substitution out,154,410526,,,,,OUT,
130882,30373-A-5,,USA,BRA,Q1,1:09,17,13,153,111000,subst,SUBST,Substitution in,154,369232,,,,,IN,
130882,30373-A-5,,USA,BRA,Q1,1:09,17,13,154,112000,subst,SUBST,Substitution out,27,331414,,,,,OUT,
130882,30373-A-5,,USA,BRA,Q1,1:09,17,13,155,113000,subst,SUBST,Substitution in,27,330039,,,,,IN,
130882,30373-A-5,,USA,BRA,Q1,1:09,17,13,156,114000,shot,FT,1st of 2 free throws missed,154,416558,False,1,0,0,,
130882,30373-A-5,,USA,BRA,Q1,1:09,18,13,157,115000,shot,FT,2nd of 2 free throws made,154,416558,True,1,0,0,,
130882,30373-A-5,,USA,BRA,Q1,1:09,18,13,158,116000,subst,SUBST,Substitution out,154,416558,,,,,OUT,
130882,30373-A-5,,USA,BRA,Q1,1:09,18,13,159,117000,subst,SUBST,Substitution in,154,410523,,,,,IN,
130882,30373-A-5,,USA,BRA,Q1,0:54,18,13,162,120000,unknwown,FOUL,personal foul,154,416519,,,,,,
130882,30373-A-5,,USA,BRA,Q1,0:54,18,13,163,120002,unknwown,RFOUL,foul drawn,27,416911,,,,,,
130882,30373-A-5,,USA,BRA,Q1,0:46,18,13,166,123000,unknwown,TO,turnover; out of bounds,27,405082,,,,,,
130882,30373-A-5,,USA,BRA,Q1,0:44,18,13,168,125000,unknwown,TO,turnover; ball handling,154,369232,,,,,,
130882,30373-A-5,,USA,BRA,Q1,0:44,18,13,169,125001,unknwown,ST,steal,27,405082,,,,,,
130882,30373-A-5,,USA,BRA,Q1,0:40,18,13,171,127000,unknwown,FOUL,personal foul; 2 free throws awarded,154,369232,,,,,,
130882,30373-A-5,,USA,BRA,Q1,0:40,18,13,172,127002,unknwown,RFOUL,foul drawn,27,405082,,,,,,
130882,30373-A-5,,USA,BRA,Q1,0:39,18,14,175,130000,shot,FT,Free throw made 1 of 2,27,405082,True,1,0,0,,
130882,30373-A-5,,USA,BRA,Q1,0:39,18,15,176,131000,shot,FT,Free throw made 2 of 2,27,405082,True,1,0,0,,
130882,30373-A-5,,USA,BRA,Q1,0:29,18,15,178,133000,shot,P2,2pt jump shot missed,154,410523,False,2,132,84,,
130882,30373-A-5,,USA,BRA,Q1,0:26,18,15,179,133002,unknwown,REB,defensive rebound,27,393861,,,,,,
130882,30373-A-5,,USA,BRA,Q1,0:24,18,15,180,134000,shot,P3,3pt jump shot missed,27,416911,False,3,252,108,,
130882,30373-A-5,,USA,BRA,Q1,0:20,18,15,181,134002,unknwown,REB,defensive rebound,154,410523,,,,,,
130882,30373-A-5,,USA,BRA,Q1,0:14,18,15,183,136000,unknwown,CFOUL,Technical foul coach,27,,,,,,,
130882,30373-A-5,,USA,BRA,Q1,0:14,19,15,184,137000,shot,FT,1st free throw made,154,369232,True,1,0,0,,
130882,30373-A-5,,USA,BRA,Q1,0:14,19,15,185,138000,subst,SUBST,Substitution out,154,416447,,,,,OUT,
130882,30373-A-5,,USA,BRA,Q1,0:14,19,15,186,139000,subst,SUBST,Substitution in,154,410509,,,,,IN,
130882,30373-A-5,,USA,BRA,Q1,0:14,19,15,187,140000,subst,SUBST,Substitution out,154,416519,,,,,OUT,
130882,30373-A-5,,USA,BRA,Q1,0:14,19,15,188,141000,subst,SUBST,Substitution out,154,416460,,,,,OUT,
130882,30373-A-5,,USA,BRA,Q1,0:14,19,15,189,142000,subst,SUBST,Substitution in,154,416558,,,,,IN,
130882,30373-A-5,,USA,BRA,Q1,0:14,19,15,190,143000,subst,SUBST,Substitution in,154,410530,,,,,IN,
130882,30373-A-5,,USA,BRA,Q1,0:07,19,15,194,147000,shot,P3,3pt jump shot missed,154,369232,False,3,9,13,,
130882,30373-A-5,,USA,BRA,Q1,0:02,19,15,195,147002,unknwown,REB,offensive rebound,154,410523,,,,,,
130882,30373-A-5,,USA,BRA,Q1,0:02,21,15,197,149000,shot,P2,"2PtsFG under the basket, layup made",154,410523,True,2,154,31,,
130882,30373-A-5,,USA,BRA,Q1,0:00,21,15,202,154000,periods,ENDP,End of Period,,,,,,,,
130882,30373-A-5,,USA,BRA,Q2,10:00,21,15,203,155000,periods,STARTP,Start of Period,,,,,,,,
130882,30373-A-5,,USA,BRA,Q2,9:51,21,15,205,157000,shot,P2,"2PtsFG under the basket, driving layup missed",27,393861,False,2,150,28,,
130882,30373-A-5,,USA,BRA,Q2,9:49,21,15,206,157002,unknwown,REB,defensive rebound,154,410509,,,,,,
130882,30373-A-5,,USA,BRA,Q2,9:44,21,15,207,158000,shot,P2,"2PtsFG under the basket, dunk missed",154,410530,False,2,140,36,,
130882,30373-A-5,,USA,BRA,Q2,9:44,21,15,208,158001,unknwown,BS,blocked the shot,27,330039,,,,,,
130882,30373-A-5,,USA,BRA,Q2,9:39,21,15,209,158002,unknwown,REB,defensive rebound,27,330039,,,,,,
130882,30373-A-5,,USA,BRA,Q2,9:36,21,15,210,159000,unknwown,TO,turnover; bad pass,27,416911,,,,,,
130882,30373-A-5,,USA,BRA,Q2,9:36,21,15,211,159001,unknwown,ST,steal,154,410523,,,,,,
130882,30373-A-5,,USA,BRA,Q2,9:25,24,15,212,160000,shot,P3,3pt jump shot made,154,416558,True,3,9,28,,
130882,30373-A-5,,USA,BRA,Q2,9:25,24,15,213,160001,unknwown,ASS,made the assist,154,410523,,,,,,
130882,30373-A-5,,USA,BRA,Q2,9:07,24,17,215,161000,shot,P2,"2PtsFG under the basket, driving layup made",27,416911,True,2,159,29,,
130882,30373-A-5,,USA,BRA,Q2,9:00,27,17,216,162000,shot,P3,3pt jump shot made,154,410530,True,3,250,106,,
130882,30373-A-5,,USA,BRA,Q2,9:00,27,17,217,162001,unknwown,ASS,made the assist,154,369232,,,,,,
130882,30373-A-5,,USA,BRA,Q2,8:34,27,19,218,163000,shot,P2,"2PtsFG under the basket, driving layup made",27,416911,True,2,159,34,,
130882,30373-A-5,,USA,BRA,Q2,8:25,27,19,220,165000,unknwown,FOUL,personal foul,27,405082,,,,,,
130882,30373-A-5,,USA,BRA,Q2,8:25,27,19,221,165002,unknwown,RFOUL,foul drawn,154,369232,,,,,,
130882,30373-A-5,,USA,BRA,Q2,8:25,27,19,222,166000,subst,SUBST,Substitution out,154,410530,,,,,OUT,
130882,30373-A-5,,USA,BRA,Q2,8:25,27,19,223,167000,subst,SUBST,Substitution in,154,416460,,,,,IN,
130882,30373-A-5,,USA,BRA,Q2,8:25,27,19,224,168000,subst,SUBST,Substitution out,27,416911,,,,,OUT,
130882,30373-A-5,,USA,BRA,Q2,8:25,27,19,225,169000,subst,SUBST,Substitution out,27,383772,,,,,OUT,
130882,30373-A-5,,USA,BRA,Q2,8:25,27,19,226,170000,subst,SUBST,Substitution out,27,393861,,,,,OUT,
130882,30373-A-5,,USA,BRA,Q2,8:25,27,19,227,171000,subst,SUBST,Substitution in,27,331414,,,,,IN,
130882,30373-A-5,,USA,BRA,Q2,8:25,27,19,228,172000,subst,SUBST,Substitution in,27,330047,,,,,IN,
130882,30373-A-5,,USA,BRA,Q2,8:25,27,19,229,173000,subst,SUBST,Substitution in,27,384600,,,,,IN,
130882,30373-A-5,,USA,BRA,Q2,8:14,27,19,233,177000,shot,P2,"2PtsFG under the basket, floating jump shot missed",154,416558,False,2,135,49,,
130882,30373-A-5,,USA,BRA,Q2,8:11,27,19,234,177002,unknwown,REB,defensive rebound,27,330047,,,,,,
130882,30373-A-5,,USA,BRA,Q2,8:07,27,19,235,178000,shot,P2,"2PtsFG under the basket, reverse lay-up missed",27,331414,False,2,153,24,,
130882,30373-A-5,,USA,BRA,Q2,8:07,27,19,236,178001,unknwown,BS,blocked the shot,154,416460,,,,,,
130882,30373-A-5,,USA,BRA,Q2,8:03,27,19,237,178002,unknwown,REB,defensive rebound,154,416558,,,,,,
130882,30373-A-5,,USA,BRA,Q2,7:55,27,19,241,182000,unknwown,FOUL,personal foul,27,405082,,,,,,
130882,30373-A-5,,USA,BRA,Q2,7:55,27,19,242,182002,unknwown,RFOUL,foul drawn,154,410523,,,,,,
130882,30373-A-5,,USA,BRA,Q2,7:55,27,19,243,183000,subst,SUBST,Substitution out,27,405082,,,,,OUT,
130882,30373-A-5,,USA,BRA,Q2,7:55,27,19,244,184000,subst,SUBST,Substitution in,27,416911,,,,,IN,
130882,30373-A-5,,USA,BRA,Q2,7:52,27,19,248,188000,shot,P3,3pt jump shot from center missed,154,369232,False,3,164,168,,
130882,30373-A-5,,USA,BRA,Q2,7:46,27,19,249,188002,unknwown,REB,defensive rebound,27,330047,,,,,,
130882,30373-A-5,,USA,BRA,Q2,7:43,27,19,253,192000,unknwown,FOUL,personal foul; 2 free throws awarded,154,416460,,,,,,
130882,30373-A-5,,USA,BRA,Q2,7:43,27,19,254,192002,unknwown,RFOUL,foul drawn,27,330047,,,,,,
130882,30373-A-5,,USA,BRA,Q2,7:43,27,19,255,193000,shot,FT,1st of 2 free throws missed,27,330047,False,1,0,0,,
130882,30373-A-5,,USA,BRA,Q2,7:43,27,20,256,194000,shot,FT,2nd of 2 free throws made,27,330047,True,1,0,0,,
130882,30373-A-5,,USA,BRA,Q2,7:43,27,20,257,195000,unknwown,FOUL,unsportsmanlike foul; 2 free throws awarded,154,416460,,,,,,
130882,30373-A-5,,USA,BRA,Q2,7:43,27,20,258,195001,unknwown,TO,turnover,154,416460,,,,,,
130882,30373-A-5,,USA,BRA,Q2,7:43,27,20,259,195002,unknwown,RFOUL,foul drawn,27,384600,,,,,,
130882,30373-A-5,,USA,BRA,Q2,7:43,27,20,260,196000,subst,SUBST,Substitution out,154,416460,,,,,OUT,
130882,30373-A-5,,USA,BRA,Q2,7:43,27,20,261,197000,subst,SUBST,Substitution in,154,410530,,,,,IN,
130882,30373-A-5,,USA,BRA,Q2,7:43,27,21,262,198000,shot,FT,1st of 2 free throws made,27,384600,True,1,0,0,,
130882,30373-A-5,,USA,BRA,Q2,7:43,27,22,263,199000,shot,FT,2nd of 2 free throws made,27,384600,True,1,0,0,,
130882,30373-A-5,,USA,BRA,Q2,7:38,27,22,266,202000,shot,P2,2pt hook shot missed,27,330039,False,2,150,64,,
130882,30373-A-5,,USA,BRA,Q2,7:38,27,22,267,202002,unknwown,REB,defensive rebound,154,410530,,,,,,
130882,30373-A-5,,USA,BRA,Q2,7:38,29,22,268,203000,shot,P2,"2PtsFG under the basket, fast break, floating jump shot made",154,410523,True,2,162,34,,
130882,30373-A-5,,USA,BRA,Q2,7:17,29,22,270,205000,shot,P3,3pt jump shot from center missed,27,330047,False,3,105,195,,
130882,30373-A-5,,USA,BRA,Q2,7:13,29,22,271,205002,unknwown,REB,defensive rebound,154,410509,,,,,,
130882,30373-A-5,,USA,BRA,Q2,6:59,29,22,272,206000,unknwown,FOUL,personal foul; 2 free throws awarded,27,384600,,,,,,
130882,30373-A-5,,USA,BRA,Q2,6:59,29,22,273,206002,unknwown,RFOUL,foul drawn,154,410530,,,,,,
130882,30373-A-5,,USA,BRA,Q2,6:43,29,22,275,208000,subst,SUBST,Substitution out,154,369232,,,,,OUT,
130882,30373-A-5,,USA,BRA,Q2,6:43,29,22,276,209000,subst,SUBST,Substitution in,154,416446,,,,,IN,
130882,30373-A-5,,USA,BRA,Q2,6:43,29,22,277,210000,shot,FT,1st of 2 free throws missed,154,410530,False,1,0,0,,
130882,30373-A-5,,USA,BRA,Q2,6:43,30,22,278,211000,shot,FT,2nd of 2 free throws made,154,410530,True,1,0,0,,
130882,30373-A-5,,USA,BRA,Q2,6:21,30,22,280,213000,shot,P2,2pt fadeaway jump shot missed,27,330047,False,2,157,64,,
130882,30373-A-5,,USA,BRA,Q2,6:18,30,22,281,213002,unknwown,REB,defensive rebound,154,410530,,,,,,
130882,30373-A-5,,USA,BRA,Q2,6:00,30,22,282,214000,shot,P3,3pt jump shot from center missed,154,410530,False,3,189,176,,
130882,30373-A-5,,USA,BRA,Q2,5:54,30,22,283,214002,unknwown,REB,offensive rebound,154,410509,,,,,,
130882,30373-A-5,,USA,BRA,Q2,5:52,30,22,284,215000,shot,P3,3pt jump shot missed,154,416558,False,3,271,53,,
130882,30373-A-5,,USA,BRA,Q2,5:49,30,22,285,215002,unknwown,REB,defensive rebound,27,331414,,,,,,
130882,30373-A-5,,USA,BRA,Q2,5:41,30,24,286,216000,shot,P2,2pt turnaround jump shot made,27,331414,True,2,181,58,,
130882,30373-A-5,,USA,BRA,Q2,5:10,30,24,287,217000,shot,P2,layup missed,154,410530,False,2,164,31,,
130882,30373-A-5,,USA,BRA,Q2,5:06,30,24,288,217002,unknwown,REB,offensive rebound,154,410530,,,,,,
130882,30373-A-5,,USA,BRA,Q2,4:57,30,24,292,221000,subst,SUBST,Substitution out,154,410523,,,,,OUT,
130882,30373-A-5,,USA,BRA,Q2,4:57,30,24,293,222000,subst,SUBST,Substitution out,154,410509,,,,,OUT,
130882,30373-A-5,,USA,BRA,Q2,4:57,30,24,294,223000,subst,SUBST,Substitution in,154,416453,,,,,IN,
130882,30373-A-5,,USA,BRA,Q2,4:57,30,24,295,224000,subst,SUBST,Substitution in,154,410526,,,,,IN,
130882,30373-A-5,,USA,BRA,Q2,4:57,30,24,296,225000,timeout,TIMO,Timeout,154,,,,,,,
130882,30373-A-5,,USA,BRA,Q2,4:57,30,24,297,226000,subst,SUBST,Substitution out,27,416911,,,,,OUT,
130882,30373-A-5,,USA,BRA,Q2,4:57,30,24,298,227000,subst,SUBST,Substitution in,27,383772,,,,,IN,
130882,30373-A-5,,USA,BRA,Q2,4:57,30,24,300,229000,shot,P3,3pt jump shot missed,154,416446,False,3,192,164,,
130882,30373-A-5,,USA,BRA,Q2,4:53,30,24,301,229002,unknwown,REB,defensive rebound,27,383772,,,,,,
130882,30373-A-5,,USA,BRA,Q2,4:48,30,26,302,230000,shot,P2,"2PtsFG under the basket, layup made",27,331414,True,2,123,33,,
130882,30373-A-5,,USA,BRA,Q2,4:43,30,26,304,232000,unknwown,FOUL,personal foul; 1 free throw awarded,154,416453,,,,,,
130882,30373-A-5,,USA,BRA,Q2,4:43,30,26,305,232002,unknwown,RFOUL,foul drawn,27,331414,,,,,,
130882,30373-A-5,,USA,BRA,Q2,4:43,30,26,306,233000,subst,SUBST,Substitution out,27,330039,,,,,OUT,
130882,30373-A-5,,USA,BRA,Q2,4:43,30,26,307,234000,subst,SUBST,Substitution in,27,405101,,,,,IN,
130882,30373-A-5,,USA,BRA,Q2,4:43,30,27,308,235000,shot,FT,1st free throw made,27,331414,True,1,0,0,,
130882,30373-A-5,,USA,BRA,Q2,4:32,30,27,312,239000,shot,P2,2pt jump shot missed,154,410530,False,2,160,83,,
130882,30373-A-5,,USA,BRA,Q2,4:25,30,27,313,239002,unknwown,REB,offensive rebound,154,416446,,,,,,
130882,30373-A-5,,USA,BRA,Q2,4:24,32,27,314,240000,shot,P2,"2PtsFG under the basket, layup made",154,416446,True,2,152,31,,
130882,30373-A-5,,USA,BRA,Q2,4:08,32,27,320,246000,unknwown,FOUL,personal foul; 2 free throws awarded,154,416558,,,,,,
130882,30373-A-5,,USA,BRA,Q2,4:08,32,27,321,246002,unknwown,RFOUL,foul drawn,27,331414,,,,,,
130882,30373-A-5,,USA,BRA,Q2,4:08,32,27,322,247000,subst,SUBST,Substitution out,154,416558,,,,,OUT,
130882,30373-A-5,,USA,BRA,Q2,4:08,32,27,323,248000,subst,SUBST,Substitution out,154,410530,,,,,OUT,
130882,30373-A-5,,USA,BRA,Q2,4:08,32,27,324,249000,subst,SUBST,Substitution in,154,410523,,,,,IN,
130882,30373-A-5,,USA,BRA,Q2,4:08,32,27,325,250000,subst,SUBST,Substitution in,154,416447,,,,,IN,
130882,30373-A-5,,USA,BRA,Q2,4:08,32,28,326,251000,shot,FT,1st of 2 free throws made,27,331414,True,1,0,0,,
130882,30373-A-5,,USA,BRA,Q2,4:08,32,29,327,252000,shot,FT,2nd of 2 free throws made,27,331414,True,1,0,0,,
130882,30373-A-5,,USA,BRA,Q2,3:46,32,29,329,254000,shot,P2,2pt driving layup missed,154,416453,False,2,148,62,,
130882,30373-A-5,,USA,BRA,Q2,3:42,32,29,330,254002,unknwown,REB,defensive rebound,27,331414,,,,,,
130882,30373-A-5,,USA,BRA,Q2,3:32,32,31,331,255000,shot,P2,"2PtsFG under the basket, driving layup made",27,383772,True,2,158,33,,
130882,30373-A-5,,USA,BRA,Q2,3:17,32,31,333,257000,unknwown,FOUL,personal foul; 2 free throws awarded,27,331414,,,,,,
130882,30373-A-5,,USA,BRA,Q2,3:17,32,31,334,257002,unknwown,RFOUL,foul drawn,154,416447,,,,,,
130882,30373-A-5,,USA,BRA,Q2,3:17,33,31,335,258000,shot,FT,1st of 2 free throws made,154,416447,True,1,0,0,,
130882,30373-A-5,,USA,BRA,Q2,3:17,33,31,336,258001,unknwown,ASS,made the assist,154,416453,,,,,,
130882,30373-A-5,,USA,BRA,Q2,3:17,34,31,337,259000,shot,FT,2nd of 2 free throws made,154,416447,True,1,0,0,,
130882,30373-A-5,,USA,BRA,Q2,3:05,34,33,339,261000,shot,P2,"2PtsFG inside center, jump shot made",27,331414,True,2,187,120,,
130882,30373-A-5,,USA,BRA,Q2,2:50,34,33,340,262000,shot,P3,3pt jump shot from center missed,154,410523,False,3,107,167,,
130882,30373-A-5,,USA,BRA,Q2,2:46,34,33,342,262002,unknwown,TREB,team defensive rebound,27,,,,,,,
130882,30373-A-5,,USA,BRA,Q2,2:46,34,33,343,264000,unknwown,FOUL,personal foul; 2 free throws awarded,154,416447,,,,,,
130882,30373-A-5,,USA,BRA,Q2,2:46,34,33,344,264002,unknwown,RFOUL,foul drawn,27,383772,,,,,,
130882,30373-A-5,,USA,BRA,Q2,2:46,34,33,345,265000,subst,SUBST,Substitution out,154,410526,,,,,OUT,
130882,30373-A-5,,USA,BRA,Q2,2:46,34,33,346,266000,subst,SUBST,Substitution out,154,416447,,,,,OUT,
130882,30373-A-5,,USA,BRA,Q2,2:46,34,33,347,267000,subst,SUBST,Substitution in,154,410509,,,,,IN,
130882,30373-A-5,,USA,BRA,Q2,2:46,34,33,348,268000,subst,SUBST,Substitution in,154,416519,,,,,IN,
130882,30373-A-5,,USA,BRA,Q2,2:46,34,33,349,269000,subst,SUBST,Substitution out,27,331414,,,,,OUT,
130882,30373-A-5,,USA,BRA,Q2,2:46,34,33,350,270000,subst,SUBST,Substitution in,27,330039,,,,,IN,
130882,30373-A-5,,USA,BRA,Q2,2:46,34,33,351,271000,shot,FT,1st of 2 free throws missed,27,383772,False,1,0,0,,
130882,30373-A-5,,USA,BRA,Q2,2:46,34,34,352,272000,shot,FT,2nd of 2 free throws made,27,383772,True,1,0,0,,
130882,30373-A-5,,USA,BRA,Q2,2:32,34,34,354,274000,shot,P2,"2PtsFG under the basket, driving layup missed",154,416453,False,2,160,40,,
130882,30373-A-5,,USA,BRA,Q2,2:29,34,34,355,274002,unknwown,REB,defensive rebound,27,330039,,,,,,
130882,30373-A-5,,USA,BRA,Q2,2:23,34,36,356,275000,shot,P2,"2PtsFG under the basket, fast break, driving layup made",27,405101,True,2,126,30,,
130882,30373-A-5,,USA,BRA,Q2,2:01,34,36,357,276000,shot,P2,"2PtsFG under the basket, driving layup missed",154,410523,False,2,154,31,,
130882,30373-A-5,,USA,BRA,Q2,1:57,34,36,358,276002,unknwown,REB,offensive rebound,154,410523,,,,,,
130882,30373-A-5,,USA,BRA,Q2,1:57,36,36,359,277000,shot,P2,2PtsFG under the basket made,154,410523,True,2,140,31,,
130882,30373-A-5,,USA,BRA,Q2,1:48,36,36,361,279000,subst,SUBST,Substitution out,154,416453,,,,,OUT,
130882,30373-A-5,,USA,BRA,Q2,1:48,36,36,362,280000,subst,SUBST,Substitution in,154,410530,,,,,IN,
130882,30373-A-5,,USA,BRA,Q2,1:48,36,36,363,281000,shot,P2,2pt fadeaway jump shot missed,27,384600,False,2,99,67,,
130882,30373-A-5,,USA,BRA,Q2,1:48,36,36,364,281002,unknwown,REB,defensive rebound,154,410523,,,,,,
130882,30373-A-5,,USA,BRA,Q2,1:48,36,36,365,282000,shot,P3,3pt jump shot missed,154,410509,False,3,43,132,,
130882,30373-A-5,,USA,BRA,Q2,1:48,36,36,366,282002,unknwown,REB,offensive rebound,154,416519,,,,,,
130882,30373-A-5,,USA,BRA,Q2,1:48,36,36,367,283000,shot,P2,"2PtsFG under the basket, layup missed",154,416519,False,2,152,43,,
130882,30373-A-5,,USA,BRA,Q2,1:48,36,36,368,283002,unknwown,REB,offensive rebound,154,410509,,,,,,
130882,30373-A-5,,USA,BRA,Q2,1:48,36,36,369,284000,shot,P2,2pt jump shot missed,154,410509,False,2,119,53,,
130882,30373-A-5,,USA,BRA,Q2,1:48,36,36,371,284001,unknwown,BS,blocked the shot,27,384600,,,,,,
130882,30373-A-5,,USA,BRA,Q2,1:42,36,36,372,284002,unknwown,REB,offensive rebound,154,410509,,,,,,
130882,30373-A-5,,USA,BRA,Q2,1:41,36,36,373,286000,shot,P2,2pt jump shot missed,154,416446,False,2,108,82,,
130882,30373-A-5,,USA,BRA,Q2,1:34,36,36,374,286002,unknwown,REB,offensive rebound,154,416446,,,,,,
130882,30373-A-5,,USA,BRA,Q2,1:24,36,36,377,289000,unknwown,FOUL,personal foul; 2 free throws awarded,27,384600,,,,,,
130882,30373-A-5,,USA,BRA,Q2,1:24,36,36,378,289002,unknwown,RFOUL,foul drawn,154,416446,,,,,,
130882,30373-A-5,,USA,BRA,Q2,1:08,36,36,380,291000,shot,FT,1st of 2 free throws missed,154,416446,False,1,0,0,,
130882,30373-A-5,,USA,BRA,Q2,1:08,36,36,381,292000,shot,FT,2nd of 2 free throws missed,154,416446,False,1,0,0,,
130882,30373-A-5,,USA,BRA,Q2,1:08,36,36,383,292002,unknwown,REB,offensive rebound,154,416446,,,,,,
130882,30373-A-5,,USA,BRA,Q2,1:04,38,36,384,294000,shot,P2,"2PtsFG under the basket, driving layup made",154,416446,True,2,122,29,,
130882,30373-A-5,,USA,BRA,Q2,0:58,38,36,388,298000,timeout,TIMO,Timeout,27,,,,,,,
130882,30373-A-5,,USA,BRA,Q2,0:58,38,36,389,299000,subst,SUBST,Substitution out,154,410523,,,,,OUT,
130882,30373-A-5,,USA,BRA,Q2,0:58,38,36,390,300000,subst,SUBST,Substitution in,154,416558,,,,,IN,
130882,30373-A-5,,USA,BRA,Q2,0:58,38,36,391,301000,subst,SUBST,Substitution out,27,384600,,,,,OUT,
130882,30373-A-5,,USA,BRA,Q2,0:58,38,36,392,302000,subst,SUBST,Substitution in,27,393861,,,,,IN,
130882,30373-A-5,,USA,BRA,Q2,0:37,38,36,394,304000,shot,P3,3pt jump shot missed,27,330039,False,3,274,15,,
130882,30373-A-5,,USA,BRA,Q2,0:34,38,36,395,304002,unknwown,REB,defensive rebound,154,410509,,,,,,
130882,30373-A-5,,USA,BRA,Q2,0:28,38,36,396,305000,shot,P3,3pt jump shot missed,154,416519,False,3,271,22,,
130882,30373-A-5,,USA,BRA,Q2,0:21,38,36,397,305002,unknwown,REB,defensive rebound,27,393861,,,,,,
130882,30373-A-5,,USA,BRA,Q2,0:02,38,36,399,307000,shot,P3,3pt jump shot missed,27,383772,False,3,16,82,,
130882,30373-A-5,,USA,BRA,Q2,0:01,38,36,402,307002,unknwown,REB,offensive rebound,27,330039,,,,,,
130882,30373-A-5,,USA,BRA,Q2,0:01,38,36,403,310000,shot,P2,2PtsFG under the basket missed,27,330039,False,2,140,31,,
130882,30373-A-5,,USA,BRA,Q2,0:00,38,36,406,313000,periods,ENDP,End of Period,,,,,,,,
130882,30373-A-5,,USA,BRA,Q3,10:00,38,36,407,314000,subst,SUBST,Substitution out,154,416519,,,,,OUT,
130882,30373-A-5,,USA,BRA,Q3,10:00,38,36,408,315000,subst,SUBST,Substitution out,154,416558,,,,,OUT,
130882,30373-A-5,,USA,BRA,Q3,10:00,38,36,409,316000,subst,SUBST,Substitution in,154,369232,,,,,IN,
130882,30373-A-5,,USA,BRA,Q3,10:00,38,36,410,317000,subst,SUBST,Substitution in,154,410523,,,,,IN,
130882,30373-A-5,,USA,BRA,Q3,10:00,38,36,411,318000,subst,SUBST,Substitution out,27,405101,,,,,OUT,
130882,30373-A-5,,USA,BRA,Q3,10:00,38,36,412,319000,subst,SUBST,Substitution out,27,383772,,,,,OUT,
130882,30373-A-5,,USA,BRA,Q3,10:00,38,36,413,320000,subst,SUBST,Substitution in,27,405082,,,,,IN,
130882,30373-A-5,,USA,BRA,Q3,10:00,38,36,414,321000,subst,SUBST,Substitution in,27,331414,,,,,IN,
130882,30373-A-5,,USA,BRA,Q3,10:00,38,36,415,322000,periods,STARTP,Start of Period,,,,,,,,
130882,30373-A-5,,USA,BRA,Q3,9:46,38,36,417,324000,unknwown,TO,turnover; bad pass,154,369232,,,,,,
130882,30373-A-5,,USA,BRA,Q3,9:46,38,36,418,324001,unknwown,ST,steal,27,393861,,,,,,
130882,30373-A-5,,USA,BRA,Q3,9:29,38,36,419,325000,shot,P3,3pt jump shot missed,27,405082,False,3,9,22,,
130882,30373-A-5,,USA,BRA,Q3,9:27,38,36,420,325002,unknwown,REB,defensive rebound,154,369232,,,,,,
130882,30373-A-5,,USA,BRA,Q3,9:23,38,36,421,326000,shot,P3,3pt jump shot from center missed,154,410509,False,3,127,163,,
130882,30373-A-5,,USA,BRA,Q3,9:18,38,36,422,326002,unknwown,REB,offensive rebound,154,410523,,,,,,
130882,30373-A-5,,USA,BRA,Q3,9:18,40,36,423,327000,shot,P2,2PtsFG under the basket made,154,410523,True,2,140,31,,
130882,30373-A-5,,USA,BRA,Q3,9:04,40,36,425,329000,unknwown,TO,turnover; ball handling,27,331414,,,,,,
130882,30373-A-5,,USA,BRA,Q3,8:47,40,36,427,331000,shot,P3,3pt jump shot missed,154,369232,False,3,142,172,,
130882,30373-A-5,,USA,BRA,Q3,8:42,40,36,428,331002,unknwown,REB,defensive rebound,27,393861,,,,,,
130882,30373-A-5,,USA,BRA,Q3,8:38,40,36,430,333000,unknwown,FOUL,personal foul; 2 free throws awarded,154,410509,,,,,,
130882,30373-A-5,,USA,BRA,Q3,8:38,40,36,431,333002,unknwown,RFOUL,foul drawn,27,331414,,,,,,
130882,30373-A-5,,USA,BRA,Q3,8:38,40,37,432,334000,shot,FT,1st of 2 free throws made,27,331414,True,1,0,0,,
130882,30373-A-5,,USA,BRA,Q3,8:38,40,38,433,335000,shot,FT,2nd of 2 free throws made,27,331414,True,1,0,0,,
130882,30373-A-5,,USA,BRA,Q3,8:22,40,38,435,337000,shot,P2,"2PtsFG inside right wing, jump shot missed",154,369232,False,2,233,27,,
130882,30373-A-5,,USA,BRA,Q3,8:19,40,38,436,337002,unknwown,REB,defensive rebound,27,330039,,,,,,
130882,30373-A-5,,USA,BRA,Q3,8:09,40,38,437,338000,shot,P3,3pt jump shot missed,27,405082,False,3,34,128,,
130882,30373-A-5,,USA,BRA,Q3,8:06,40,38,438,338002,unknwown,TREB,team defensive rebound,154,,,,,,,
130882,30373-A-5,,USA,BRA,Q3,7:36,40,38,448,348000,unknwown,FOUL,personal foul,27,405082,,,,,,
130882,30373-A-5,,USA,BRA,Q3,7:36,40,38,449,348002,unknwown,RFOUL,foul drawn,154,369232,,,,,,
130882,30373-A-5,,USA,BRA,Q3,7:27,40,38,454,353000,unknwown,FOUL,personal foul,27,393861,,,,,,
130882,30373-A-5,,USA,BRA,Q3,7:27,40,38,455,353002,unknwown,RFOUL,foul drawn,154,369232,,,,,,
130882,30373-A-5,,USA,BRA,Q3,7:27,40,38,456,354000,subst,SUBST,Substitution out,27,405082,,,,,OUT,
130882,30373-A-5,,USA,BRA,Q3,7:27,40,38,457,355000,subst,SUBST,Substitution in,27,393060,,,,,IN,
130882,30373-A-5,,USA,BRA,Q3,7:24,40,38,460,358000,unknwown,FOUL,personal foul,27,393060,,,,,,
130882,30373-A-5,,USA,BRA,Q3,7:24,40,38,461,358002,unknwown,RFOUL,foul drawn,154,369232,,,,,,
130882,30373-A-5,,USA,BRA,Q3,7:23,40,38,464,361000,shot,P3,3pt jump shot from center missed,154,410530,False,3,130,180,,
130882,30373-A-5,,USA,BRA,Q3,7:19,40,38,465,361002,unknwown,TREB,team offensive rebound,154,,,,,,,
130882,30373-A-5,,USA,BRA,Q3,7:14,40,38,470,366000,unknwown,FOUL,personal foul; 2 free throws awarded,27,330047,,,,,,
130882,30373-A-5,,USA,BRA,Q3,7:14,40,38,471,366002,unknwown,RFOUL,foul drawn,154,410523,,,,,,
130882,30373-A-5,,USA,BRA,Q3,7:14,41,38,472,367000,shot,FT,1st of 2 free throws made,154,410523,True,1,0,0,,
130882,30373-A-5,,USA,BRA,Q3,7:14,41,38,473,367001,unknwown,ASS,made the assist,154,410509,,,,,,
130882,30373-A-5,,USA,BRA,Q3,7:14,41,38,474,368000,shot,FT,2nd of 2 free throws missed,154,410523,False,1,0,0,,
130882,30373-A-5,,USA,BRA,Q3,7:14,41,38,476,368002,unknwown,REB,defensive rebound,27,330039,,,,,,
130882,30373-A-5,,USA,BRA,Q3,7:05,41,38,480,373000,unknwown,FOUL,personal foul,154,416446,,,,,,
130882,30373-A-5,,USA,BRA,Q3,7:05,41,38,481,373002,unknwown,RFOUL,foul drawn,27,393060,,,,,,
130882,30373-A-5,,USA,BRA,Q3,6:59,41,38,483,375000,shot,P3,3pt jump shot missed,27,331414,False,3,220,144,,
130882,30373-A-5,,USA,BRA,Q3,6:53,41,38,484,375002,unknwown,REB,offensive rebound,27,393861,,,,,,
130882,30373-A-5,,USA,BRA,Q3,6:51,41,38,488,379000,unknwown,FOUL,personal foul; 2 free throws awarded,154,410523,,,,,,
130882,30373-A-5,,USA,BRA,Q3,6:51,41,38,489,379002,unknwown,RFOUL,foul drawn,27,393861,,,,,,
130882,30373-A-5,,USA,BRA,Q3,6:51,41,39,490,380000,shot,FT,1st of 2 free throws made,27,393861,True,1,0,0,,
130882,30373-A-5,,USA,BRA,Q3,6:51,41,39,491,381000,shot,FT,2nd of 2 free throws missed,27,393861,False,1,0,0,,
130882,30373-A-5,,USA,BRA,Q3,6:51,41,39,493,381002,unknwown,REB,defensive rebound,154,410509,,,,,,
130882,30373-A-5,,USA,BRA,Q3,6:43,43,39,494,383000,shot,P2,"2PtsFG under the basket, dunk made",154,410509,True,2,142,29,,
130882,30373-A-5,,USA,BRA,Q3,6:43,43,39,495,383001,unknwown,ASS,made the assist,154,410530,,,,,,
130882,30373-A-5,,USA,BRA,Q3,6:17,43,39,496,384000,shot,P3,3pt jump shot missed,27,393060,False,3,40,124,,
130882,30373-A-5,,USA,BRA,Q3,6:12,43,39,497,384002,unknwown,REB,defensive rebound,154,410523,,,,,,
130882,30373-A-5,,USA,BRA,Q3,6:09,43,39,499,386000,unknwown,FOUL,personal foul; 2 free throws awarded,27,393060,,,,,,
130882,30373-A-5,,USA,BRA,Q3,6:09,43,39,500,386002,unknwown,RFOUL,foul drawn,154,410523,,,,,,
130882,30373-A-5,,USA,BRA,Q3,6:09,43,39,501,387000,subst,SUBST,Substitution out,154,369232,,,,,OUT,
130882,30373-A-5,,USA,BRA,Q3,6:09,43,39,502,388000,subst,SUBST,Substitution out,154,416446,,,,,OUT,
130882,30373-A-5,,USA,BRA,Q3,6:09,43,39,503,389000,subst,SUBST,Substitution in,154,410526,,,,,IN,
130882,30373-A-5,,USA,BRA,Q3,6:09,43,39,504,390000,subst,SUBST,Substitution in,154,416558,,,,,IN,
130882,30373-A-5,,USA,BRA,Q3,6:09,43,39,505,391000,subst,SUBST,Substitution out,27,393060,,,,,OUT,
130882,30373-A-5,,USA,BRA,Q3,6:09,43,39,506,392000,subst,SUBST,Substitution out,27,330039,,,,,OUT,
130882,30373-A-5,,USA,BRA,Q3,6:09,43,39,507,393000,subst,SUBST,Substitution in,27,405101,,,,,IN,
130882,30373-A-5,,USA,BRA,Q3,6:09,43,39,508,394000,subst,SUBST,Substitution in,27,383772,,,,,IN,
130882,30373-A-5,,USA,BRA,Q3,6:09,43,39,509,395000,shot,FT,1st of 2 free throws missed,154,410523,False,1,0,0,,
130882,30373-A-5,,USA,BRA,Q3,6:09,43,39,510,396000,subst,SUBST,Substitution out,27,330047,,,,,OUT,
130882,30373-A-5,,USA,BRA,Q3,6:09,43,39,511,397000,subst,SUBST,Substitution in,27,393060,,,,,IN,
130882,30373-A-5,,USA,BRA,Q3,6:09,43,39,512,398000,shot,FT,2nd of 2 free throws missed,154,410523,False,1,0,0,,
130882,30373-A-5,,USA,BRA,Q3,6:09,43,39,514,398002,unknwown,REB,offensive rebound,154,410509,,,,,,
130882,30373-A-5,,USA,BRA,Q3,6:04,43,39,520,405000,unknwown,FOUL,personal foul; 2 free throws awarded,27,331414,,,,,,
130882,30373-A-5,,USA,BRA,Q3,6:04,43,39,521,405002,unknwown,RFOUL,foul drawn,154,410509,,,,,,
130882,30373-A-5,,USA,BRA,Q3,6:04,43,39,522,406000,subst,SUBST,Substitution out,154,410523,,,,,OUT,
130882,30373-A-5,,USA,BRA,Q3,6:04,43,39,523,407000,subst,SUBST,Substitution in,154,416519,,,,,IN,
130882,30373-A-5,,USA,BRA,Q3,6:04,43,39,524,408000,subst,SUBST,Substitution out,27,331414,,,,,OUT,
130882,30373-A-5,,USA,BRA,Q3,6:04,43,39,525,409000,subst,SUBST,Substitution in,27,330039,,,,,IN,
130882,30373-A-5,,USA,BRA,Q3,6:04,44,39,526,410000,shot,FT,1st of 2 free throws made,154,410509,True,1,0,0,,
130882,30373-A-5,,USA,BRA,Q3,6:04,44,39,527,411000,shot,FT,2nd of 2 free throws missed,154,410509,False,1,0,0,,
130882,30373-A-5,,USA,BRA,Q3,6:04,44,39,529,411002,unknwown,REB,offensive rebound,154,410509,,,,,,
130882,30373-A-5,,USA,BRA,Q3,5:59,44,39,530,413000,shot,P3,3pt jump shot missed,154,416519,False,3,221,159,,
130882,30373-A-5,,USA,BRA,Q3,5:55,44,39,531,413002,unknwown,REB,offensive rebound,154,410509,,,,,,
130882,30373-A-5,,USA,BRA,Q3,5:55,44,39,532,414000,shot,P2,2PtsFG under the basket missed,154,410509,False,2,140,31,,
130882,30373-A-5,,USA,BRA,Q3,5:54,44,39,533,414002,unknwown,REB,defensive rebound,27,405101,,,,,,
130882,30373-A-5,,USA,BRA,Q3,5:38,44,39,534,415000,unknwown,TO,turnover; bad pass,27,393060,,,,,,
130882,30373-A-5,,USA,BRA,Q3,5:38,44,39,535,415001,unknwown,ST,steal,154,410526,,,,,,
130882,30373-A-5,,USA,BRA,Q3,5:34,44,39,537,417000,unknwown,FOUL,personal foul; 2 free throws awarded,27,393060,,,,,,
130882,30373-A-5,,USA,BRA,Q3,5:34,44,39,538,417002,unknwown,RFOUL,foul drawn,154,410526,,,,,,
130882,30373-A-5,,USA,BRA,Q3,5:34,44,39,539,418000,subst,SUBST,Substitution out,27,393060,,,,,OUT,
130882,30373-A-5,,USA,BRA,Q3,5:34,44,39,540,419000,subst,SUBST,Substitution in,27,416911,,,,,IN,
130882,30373-A-5,,USA,BRA,Q3,5:34,45,39,541,420000,shot,FT,Free throw made 1 of 2,154,410526,True,1,0,0,,
130882,30373-A-5,,USA,BRA,Q3,5:34,45,39,542,421000,shot,FT,Free throw missed 2 of 2,154,410526,False,1,0,0,,
130882,30373-A-5,,USA,BRA,Q3,5:34,45,39,544,421002,unknwown,REB,defensive rebound,27,330039,,,,,,
130882,30373-A-5,,USA,BRA,Q3,5:19,45,39,547,425000,shot,P3,3pt step back jump shot missed,27,405101,False,3,50,137,,
130882,30373-A-5,,USA,BRA,Q3,5:19,45,39,548,425001,unknwown,BS,blocked the shot,154,416519,,,,,,
130882,30373-A-5,,USA,BRA,Q3,5:13,45,39,549,425002,unknwown,REB,defensive rebound,154,416558,,,,,,
130882,30373-A-5,,USA,BRA,Q3,5:01,48,39,550,426000,shot,P3,3pt jump shot made,154,410530,True,3,65,156,,
130882,30373-A-5,,USA,BRA,Q3,5:01,48,39,552,426001,unknwown,ASS,made the assist,154,410509,,,,,,
130882,30373-A-5,,USA,BRA,Q3,4:56,48,39,555,430000,timeout,TIMO,Timeout,27,,,,,,,
130882,30373-A-5,,USA,BRA,Q3,4:56,48,39,556,431000,subst,SUBST,Substitution out,154,410509,,,,,OUT,
130882,30373-A-5,,USA,BRA,Q3,4:56,48,39,557,432000,subst,SUBST,Substitution out,154,410530,,,,,OUT,
130882,30373-A-5,,USA,BRA,Q3,4:56,48,39,558,433000,subst,SUBST,Substitution in,154,416447,,,,,IN,
130882,30373-A-5,,USA,BRA,Q3,4:56,48,39,559,434000,subst,SUBST,Substitution in,154,416460,,,,,IN,
130882,30373-A-5,,USA,BRA,Q3,4:56,48,39,560,435000,subst,SUBST,Substitution out,27,393861,,,,,OUT,
130882,30373-A-5,,USA,BRA,Q3,4:56,48,39,561,436000,subst,SUBST,Substitution in,27,384600,,,,,IN,
130882,30373-A-5,,USA,BRA,Q3,4:40,48,39,563,438000,unknwown,TO,turnover; ball handling,27,330039,,,,,,
130882,30373-A-5,,USA,BRA,Q3,4:40,48,39,564,438001,unknwown,ST,steal,154,416519,,,,,,
130882,30373-A-5,,USA,BRA,Q3,4:35,50,39,565,439000,shot,P2,"2PtsFG under the basket, points from fastbreak + after turnover, layup made",154,410526,True,2,148,29,,
130882,30373-A-5,,USA,BRA,Q3,4:35,50,39,566,439001,unknwown,ASS,made the assist,154,416519,,,,,,
130882,30373-A-5,,USA,BRA,Q3,4:29,50,39,568,441000,unknwown,FOUL,offensive foul,27,405101,,,,,,
130882,30373-A-5,,USA,BRA,Q3,4:29,50,39,569,441001,unknwown,TO,turnover,27,405101,,,,,,
130882,30373-A-5,,USA,BRA,Q3,4:29,50,39,570,441002,unknwown,RFOUL,foul drawn,154,410526,,,,,,
130882,30373-A-5,,USA,BRA,Q3,4:15,50,39,572,443000,shot,P3,3pt step back jump shot missed,154,416447,False,3,78,159,,
130882,30373-A-5,,USA,BRA,Q3,4:09,50,39,573,443002,unknwown,REB,offensive rebound,154,416558,,,,,,
130882,30373-A-5,,USA,BRA,Q3,4:08,50,39,574,444000,shot,P2,"2PtsFG under the basket, points from second chance + after turnover, layup missed",154,416558,False,2,157,29,,
130882,30373-A-5,,USA,BRA,Q3,4:08,50,39,575,444001,unknwown,BS,blocked the shot,27,383772,,,,,,
130882,30373-A-5,,USA,BRA,Q3,4:04,50,39,576,444002,unknwown,REB,offensive rebound,154,416558,,,,,,
130882,30373-A-5,,USA,BRA,Q3,4:04,50,39,578,446000,unknwown,TO,turnover; travelling,154,416558,,,,,,
130882,30373-A-5,,USA,BRA,Q3,3:39,50,39,583,451000,unknwown,TO,turnover; ball handling,27,383772,,,,,,
130882,30373-A-5,,USA,BRA,Q3,3:39,50,39,584,451001,unknwown,ST,steal,154,416558,,,,,,
130882,30373-A-5,,USA,BRA,Q3,3:39,50,39,585,452000,subst,SUBST,Substitution out,27,383772,,,,,OUT,
130882,30373-A-5,,USA,BRA,Q3,3:39,50,39,586,453000,subst,SUBST,Substitution in,27,330047,,,,,IN,
130882,30373-A-5,,USA,BRA,Q3,3:24,53,39,588,455000,shot,P3,3pt step back jump shot made,154,416558,True,3,262,83,,
130882,30373-A-5,,USA,BRA,Q3,3:24,53,39,589,455001,unknwown,ASS,made the assist,154,410526,,,,,,
130882,30373-A-5,,USA,BRA,Q3,3:05,53,39,593,459000,unknwown,FOUL,personal foul; 2 free throws awarded,154,416447,,,,,,
130882,30373-A-5,,USA,BRA,Q3,3:05,53,39,594,459002,unknwown,RFOUL,foul drawn,27,416911,,,,,,
130882,30373-A-5,,USA,BRA,Q3,3:05,53,39,595,460000,shot,FT,1st of 2 free throws missed,27,416911,False,1,0,0,,
130882,30373-A-5,,USA,BRA,Q3,3:05,53,40,596,461000,shot,FT,2nd of 2 free throws made,27,416911,True,1,0,0,,
130882,30373-A-5,,USA,BRA,Q3,2:51,53,40,598,463000,shot,P2,"2PtsFG inside right wing, jump shot missed",154,416558,False,2,208,40,,
130882,30373-A-5,,USA,BRA,Q3,2:49,53,40,599,463002,unknwown,REB,offensive rebound,154,416519,,,,,,
130882,30373-A-5,,USA,BRA,Q3,2:45,53,40,600,464000,shot,P2,dunk missed,154,416460,False,2,153,48,,
130882,30373-A-5,,USA,BRA,Q3,2:45,53,40,601,464001,unknwown,BS,blocked the shot,27,330039,,,,,,
130882,30373-A-5,,USA,BRA,Q3,2:41,53,40,602,464002,unknwown,REB,offensive rebound,154,416460,,,,,,
130882,30373-A-5,,USA,BRA,Q3,2:40,53,40,604,466000,shot,P2,"2PtsFG under the basket, layup missed",154,416447,False,2,144,37,,
130882,30373-A-5,,USA,BRA,Q3,2:40,53,40,605,466002,unknwown,REB,offensive rebound,154,416447,,,,,,
130882,30373-A-5,,USA,BRA,Q3,2:40,53,40,606,467000,unknwown,FOUL,personal foul; 2 free throws awarded,27,384600,,,,,,
130882,30373-A-5,,USA,BRA,Q3,2:40,53,40,607,467002,unknwown,RFOUL,foul drawn,154,416447,,,,,,
130882,30373-A-5,,USA,BRA,Q3,2:40,54,40,608,468000,shot,FT,1st of 2 free throws made,154,416447,True,1,0,0,,
130882,30373-A-5,,USA,BRA,Q3,2:40,55,40,609,469000,shot,FT,2nd of 2 free throws made,154,416447,True,1,0,0,,
130882,30373-A-5,,USA,BRA,Q3,2:40,55,40,610,470000,subst,SUBST,Substitution out,27,416911,,,,,OUT,
130882,30373-A-5,,USA,BRA,Q3,2:40,55,40,611,471000,subst,SUBST,Substitution in,27,331414,,,,,IN,
130882,30373-A-5,,USA,BRA,Q3,2:40,55,40,612,472000,subst,SUBST,Substitution out,154,416460,,,,,OUT,
130882,30373-A-5,,USA,BRA,Q3,2:40,55,40,613,473000,subst,SUBST,Substitution in,154,416453,,,,,IN,
130882,30373-A-5,,USA,BRA,Q3,2:23,55,40,616,476000,unknwown,JS,jump ball situation; throw-in,27,,,,,,,
130882,30373-A-5,,USA,BRA,Q3,2:22,55,40,620,480000,shot,P2,"2PtsFG inside right wing, jump shot missed",27,330047,False,2,227,39,,
130882,30373-A-5,,USA,BRA,Q3,2:19,55,40,621,480002,unknwown,REB,defensive rebound,154,416558,,,,,,
130882,30373-A-5,,USA,BRA,Q3,2:17,55,40,622,481000,shot,P3,3pt jump shot from center missed,154,416558,False,3,147,170,,
130882,30373-A-5,,USA,BRA,Q3,2:13,55,40,623,481002,unknwown,REB,defensive rebound,27,330039,,,,,,
130882,30373-A-5,,USA,BRA,Q3,2:07,55,40,626,484000,unknwown,FOUL,personal foul; 2 free throws awarded,154,416558,,,,,,
130882,30373-A-5,,USA,BRA,Q3,2:07,55,40,627,484002,unknwown,RFOUL,foul drawn,27,330039,,,,,,
130882,30373-A-5,,USA,BRA,Q3,2:07,55,40,628,485000,unknwown,CFOUL,Technical foul bench,154,,,,,,,
130882,30373-A-5,,USA,BRA,Q3,2:07,55,40,629,486000,shot,FT,1st free throw missed,27,405101,False,1,0,0,,
130882,30373-A-5,,USA,BRA,Q3,2:07,55,41,630,487000,shot,FT,1st of 2 free throws made,27,330039,True,1,0,0,,
130882,30373-A-5,,USA,BRA,Q3,2:07,55,41,631,487001,unknwown,ASS,made the assist,27,330047,,,,,,
130882,30373-A-5,,USA,BRA,Q3,2:07,55,42,632,488000,shot,FT,2nd of 2 free throws made,27,330039,True,1,0,0,,
130882,30373-A-5,,USA,BRA,Q3,1:56,57,42,634,490000,shot,P2,"2PtsFG under the basket, alley oop lay-up made",154,416519,True,2,157,29,,
130882,30373-A-5,,USA,BRA,Q3,1:56,57,42,635,490001,unknwown,ASS,made the assist,154,416558,,,,,,
130882,30373-A-5,,USA,BRA,Q3,1:44,57,42,639,494000,unknwown,FOUL,personal foul; 2 free throws awarded,154,416519,,,,,,
130882,30373-A-5,,USA,BRA,Q3,1:44,57,42,640,494002,unknwown,RFOUL,foul drawn,27,331414,,,,,,
130882,30373-A-5,,USA,BRA,Q3,1:44,57,43,641,495000,shot,FT,1st of 2 free throws made,27,331414,True,1,0,0,,
130882,30373-A-5,,USA,BRA,Q3,1:44,57,43,642,496000,shot,FT,2nd of 2 free throws missed,27,331414,False,1,0,0,,
130882,30373-A-5,,USA,BRA,Q3,1:44,57,43,643,496002,unknwown,TREB,team defensive rebound,154,,,,,,,
130882,30373-A-5,,USA,BRA,Q3,1:44,57,43,644,497000,unknwown,VTR,Head coach's challenge unsuccessful,27,,,,,,,
130882,30373-A-5,,USA,BRA,Q3,1:39,57,43,646,499000,shot,P3,3pt jump shot missed,154,416558,False,3,240,122,,
130882,30373-A-5,,USA,BRA,Q3,1:34,57,43,647,499002,unknwown,REB,offensive rebound,154,416558,,,,,,
130882,30373-A-5,,USA,BRA,Q3,1:31,59,43,648,500000,shot,P2,"2PtsFG under the basket, driving layup made",154,416558,True,2,132,41,,
130882,30373-A-5,,USA,BRA,Q3,1:09,59,45,650,502000,shot,P2,2pt floating jump shot made,27,405101,True,2,110,82,,
130882,30373-A-5,,USA,BRA,Q3,1:09,59,45,651,503000,unknwown,FOUL,personal foul; 1 free throw awarded,154,416453,,,,,,
130882,30373-A-5,,USA,BRA,Q3,1:09,59,45,652,503002,unknwown,RFOUL,foul drawn,27,405101,,,,,,
130882,30373-A-5,,USA,BRA,Q3,1:09,59,45,653,504000,subst,SUBST,Substitution out,154,416453,,,,,OUT,
130882,30373-A-5,,USA,BRA,Q3,1:09,59,45,654,505000,subst,SUBST,Substitution in,154,410530,,,,,IN,
130882,30373-A-5,,USA,BRA,Q3,1:09,59,45,655,506000,subst,SUBST,Substitution out,27,330039,,,,,OUT,
130882,30373-A-5,,USA,BRA,Q3,1:09,59,45,656,507000,subst,SUBST,Substitution in,27,375131,,,,,IN,
130882,30373-A-5,,USA,BRA,Q3,1:09,59,45,657,508000,shot,FT,1st free throw missed,27,405101,False,1,0,0,,
130882,30373-A-5,,USA,BRA,Q3,1:09,59,45,659,508002,unknwown,REB,offensive rebound,27,331414,,,,,,
130882,30373-A-5,,USA,BRA,Q3,1:08,59,45,660,510000,shot,P3,3pt jump shot missed,27,405101,False,3,114,177,,
130882,30373-A-5,,USA,BRA,Q3,1:03,59,45,661,510002,unknwown,REB,defensive rebound,154,410526,,,,,,
130882,30373-A-5,,USA,BRA,Q3,0:59,59,45,663,512000,shot,P2,"2PtsFG under the basket, driving layup missed",154,410526,False,2,125,32,,
130882,30373-A-5,,USA,BRA,Q3,0:59,59,45,664,512002,unknwown,TREB,team defensive rebound,27,,,,,,,
130882,30373-A-5,,USA,BRA,Q3,0:42,59,45,666,514000,shot,P3,3pt jump shot missed,27,331414,False,3,9,34,,
130882,30373-A-5,,USA,BRA,Q3,0:36,59,45,667,514002,unknwown,REB,defensive rebound,154,410526,,,,,,
130882,30373-A-5,,USA,BRA,Q3,0:35,59,45,668,515000,unknwown,TO,turnover; bad pass,154,410530,,,,,,
130882,30373-A-5,,USA,BRA,Q3,0:35,59,45,669,515001,unknwown,ST,steal,27,330047,,,,,,
130882,30373-A-5,,USA,BRA,Q3,0:13,59,47,670,516000,shot,P2,2pt driving layup made,27,330047,True,2,114,27,,
130882,30373-A-5,,USA,BRA,Q3,0:00,59,47,672,518000,shot,P3,"3PtsFG back court, pullup jump shot missed",154,410526,False,3,241,211,,
130882,30373-A-5,,USA,BRA,Q3,0:00,59,47,675,521000,periods,ENDP,End of Period,,,,,,,,
130882,30373-A-5,,USA,BRA,Q4,10:00,59,47,676,522000,subst,SUBST,Substitution out,154,410526,,,,,OUT,
130882,30373-A-5,,USA,BRA,Q4,10:00,59,47,677,523000,subst,SUBST,Substitution out,154,416519,,,,,OUT,
130882,30373-A-5,,USA,BRA,Q4,10:00,59,47,678,524000,subst,SUBST,Substitution out,154,416558,,,,,OUT,
130882,30373-A-5,,USA,BRA,Q4,10:00,59,47,679,525000,subst,SUBST,Substitution out,154,410530,,,,,OUT,
130882,30373-A-5,,USA,BRA,Q4,10:00,59,47,680,526000,subst,SUBST,Substitution out,154,416447,,,,,OUT,
130882,30373-A-5,,USA,BRA,Q4,10:00,59,47,681,527000,subst,SUBST,Substitution in,154,369232,,,,,IN,
130882,30373-A-5,,USA,BRA,Q4,10:00,59,47,682,528000,subst,SUBST,Substitution in,154,410523,,,,,IN,
130882,30373-A-5,,USA,BRA,Q4,10:00,59,47,683,529000,subst,SUBST,Substitution in,154,410509,,,,,IN,
130882,30373-A-5,,USA,BRA,Q4,10:00,59,47,684,530000,subst,SUBST,Substitution in,154,416446,,,,,IN,
130882,30373-A-5,,USA,BRA,Q4,10:00,59,47,685,531000,subst,SUBST,Substitution in,154,416460,,,,,IN,
130882,30373-A-5,,USA,BRA,Q4,10:00,59,47,686,532000,periods,STARTP,Start of Period,,,,,,,,
130882,30373-A-5,,USA,BRA,Q4,9:47,59,47,688,534000,unknwown,TTO,team turnover; shot clock violation,154,,,,,,,
130882,30373-A-5,,USA,BRA,Q4,9:15,59,49,693,539000,shot,P2,2pt pullup jump shot made,27,330047,True,2,70,61,,
130882,30373-A-5,,USA,BRA,Q4,9:02,59,49,697,543000,unknwown,FOUL,personal foul,27,384600,,,,,,
130882,30373-A-5,,USA,BRA,Q4,9:02,59,49,698,543002,unknwown,RFOUL,foul drawn,154,416460,,,,,,
130882,30373-A-5,,USA,BRA,Q4,9:02,59,49,699,544000,subst,SUBST,Substitution out,27,384600,,,,,OUT,
130882,30373-A-5,,USA,BRA,Q4,9:02,59,49,700,545000,subst,SUBST,Substitution in,27,393861,,,,,IN,
130882,30373-A-5,,USA,BRA,Q4,8:51,61,49,704,549000,shot,P2,2pt jump shot made,154,410523,True,2,40,25,,
130882,30373-A-5,,USA,BRA,Q4,8:51,61,49,706,549001,unknwown,ASS,made the assist,154,416446,,,,,,
130882,30373-A-5,,USA,BRA,Q4,8:42,61,49,709,553000,subst,SUBST,Substitution out,27,331414,,,,,OUT,
130882,30373-A-5,,USA,BRA,Q4,8:42,61,49,710,554000,subst,SUBST,Substitution in,27,330039,,,,,IN,
130882,30373-A-5,,USA,BRA,Q4,8:32,61,49,713,557000,unknwown,FOUL,offensive foul,27,393861,,,,,,
130882,30373-A-5,,USA,BRA,Q4,8:32,61,49,714,557001,unknwown,TO,turnover,27,393861,,,,,,
130882,30373-A-5,,USA,BRA,Q4,8:32,61,49,715,557002,unknwown,RFOUL,foul drawn,154,410523,,,,,,
130882,30373-A-5,,USA,BRA,Q4,8:19,61,49,719,561000,shot,P2,2pt hook shot missed,154,416460,False,2,157,45,,
130882,30373-A-5,,USA,BRA,Q4,8:19,61,49,720,561001,unknwown,BS,blocked the shot,27,375131,,,,,,
130882,30373-A-5,,USA,BRA,Q4,8:12,61,49,721,561002,unknwown,REB,defensive rebound,27,393861,,,,,,
130882,30373-A-5,,USA,BRA,Q4,8:11,61,49,722,562000,shot,P3,3pt jump shot missed,27,405101,False,3,10,24,,
130882,30373-A-5,,USA,BRA,Q4,8:08,61,49,723,562002,unknwown,REB,defensive rebound,154,410509,,,,,,
130882,30373-A-5,,USA,BRA,Q4,8:04,61,49,727,566000,unknwown,FOUL,personal foul; 2 free throws awarded,27,330047,,,,,,
130882,30373-A-5,,USA,BRA,Q4,8:04,61,49,728,566002,unknwown,RFOUL,foul drawn,154,410509,,,,,,
130882,30373-A-5,,USA,BRA,Q4,8:04,62,49,729,567000,shot,FT,1st of 2 free throws made,154,410509,True,1,0,0,,
130882,30373-A-5,,USA,BRA,Q4,8:04,62,49,730,568000,shot,FT,2nd of 2 free throws missed,154,410509,False,1,0,0,,
130882,30373-A-5,,USA,BRA,Q4,8:04,62,49,732,568002,unknwown,REB,offensive rebound,154,410509,,,,,,
130882,30373-A-5,,USA,BRA,Q4,8:00,62,49,733,570000,shot,P3,3pt jump shot missed,154,416446,False,3,8,33,,
130882,30373-A-5,,USA,BRA,Q4,7:54,62,49,734,570002,unknwown,REB,offensive rebound,154,416460,,,,,,
130882,30373-A-5,,USA,BRA,Q4,7:54,62,49,735,571000,shot,P2,2PtsFG under the basket missed,154,416460,False,2,140,31,,
130882,30373-A-5,,USA,BRA,Q4,7:53,62,49,736,571002,unknwown,REB,offensive rebound,154,416446,,,,,,
130882,30373-A-5,,USA,BRA,Q4,7:51,62,49,738,573000,shot,P3,3pt jump shot missed,154,416446,False,3,46,133,,
130882,30373-A-5,,USA,BRA,Q4,7:51,62,49,739,573002,unknwown,TREB,team offensive rebound,154,,,,,,,
130882,30373-A-5,,USA,BRA,Q4,7:51,62,49,740,574000,unknwown,FOUL,personal foul,27,393861,,,,,,
130882,30373-A-5,,USA,BRA,Q4,7:51,62,49,741,574002,unknwown,RFOUL,foul drawn,154,416460,,,,,,
130882,30373-A-5,,USA,BRA,Q4,7:45,62,49,744,577000,timeout,TIMO,Timeout,154,,,,,,,
130882,30373-A-5,,USA,BRA,Q4,7:45,65,49,746,579000,shot,P3,3pt jump shot made,154,416446,True,3,31,121,,
130882,30373-A-5,,USA,BRA,Q4,7:45,65,49,747,579001,unknwown,ASS,made the assist,154,369232,,,,,,
130882,30373-A-5,,USA,BRA,Q4,7:31,65,49,751,583000,unknwown,FOUL,personal foul,154,410509,,,,,,
130882,30373-A-5,,USA,BRA,Q4,7:31,65,49,752,583002,unknwown,RFOUL,foul drawn,27,405101,,,,,,
130882,30373-A-5,,USA,BRA,Q4,7:25,65,49,754,585000,unknwown,FOUL,personal foul; 2 free throws awarded,154,369232,,,,,,
130882,30373-A-5,,USA,BRA,Q4,7:25,65,49,755,585002,unknwown,RFOUL,foul drawn,27,405101,,,,,,
130882,30373-A-5,,USA,BRA,Q4,7:15,65,49,757,587000,subst,SUBST,Substitution out,27,330039,,,,,OUT,
130882,30373-A-5,,USA,BRA,Q4,7:15,65,49,758,588000,subst,SUBST,Substitution in,27,383772,,,,,IN,
130882,30373-A-5,,USA,BRA,Q4,7:15,65,50,759,589000,shot,FT,1st of 2 free throws made,27,405101,True,1,0,0,,
130882,30373-A-5,,USA,BRA,Q4,7:15,65,51,760,590000,shot,FT,2nd of 2 free throws made,27,405101,True,1,0,0,,
130882,30373-A-5,,USA,BRA,Q4,7:05,65,51,762,592000,shot,P3,3pt jump shot missed,154,369232,False,3,74,162,,
130882,30373-A-5,,USA,BRA,Q4,6:57,65,51,763,592002,unknwown,REB,defensive rebound,27,383772,,,,,,
130882,30373-A-5,,USA,BRA,Q4,6:50,65,51,764,593000,shot,P3,3pt jump shot missed,27,375131,False,3,9,21,,
130882,30373-A-5,,USA,BRA,Q4,6:43,65,51,765,593002,unknwown,TREB,team offensive rebound,27,,,,,,,
130882,30373-A-5,,USA,BRA,Q4,6:43,65,51,767,595000,unknwown,FOUL,personal foul,154,369232,,,,,,
130882,30373-A-5,,USA,BRA,Q4,6:43,65,51,768,595002,unknwown,RFOUL,foul drawn,27,383772,,,,,,
130882,30373-A-5,,USA,BRA,Q4,6:43,65,51,769,596000,subst,SUBST,Substitution out,154,369232,,,,,OUT,
130882,30373-A-5,,USA,BRA,Q4,6:43,65,51,770,597000,subst,SUBST,Substitution out,154,416460,,,,,OUT,
130882,30373-A-5,,USA,BRA,Q4,6:43,65,51,771,598000,subst,SUBST,Substitution in,154,416558,,,,,IN,
130882,30373-A-5,,USA,BRA,Q4,6:43,65,51,772,599000,subst,SUBST,Substitution in,154,410530,,,,,IN,
130882,30373-A-5,,USA,BRA,Q4,6:36,65,51,774,601000,shot,P2,2pt hook shot missed,27,393861,False,2,166,46,,
130882,30373-A-5,,USA,BRA,Q4,6:33,65,51,775,601002,unknwown,REB,defensive rebound,154,410523,,,,,,
130882,30373-A-5,,USA,BRA,Q4,6:30,65,51,776,602000,unknwown,TO,turnover; ball handling,154,410523,,,,,,
130882,30373-A-5,,USA,BRA,Q4,6:30,65,51,777,602001,unknwown,ST,steal,27,405101,,,,,,
130882,30373-A-5,,USA,BRA,Q4,6:16,65,51,778,603000,shot,P3,3pt jump shot missed,27,405101,False,3,176,168,,
130882,30373-A-5,,USA,BRA,Q4,6:10,65,51,779,603002,unknwown,REB,defensive rebound,154,416558,,,,,,
130882,30373-A-5,,USA,BRA,Q4,5:56,67,51,780,604000,shot,P2,2pt jump shot made,154,410523,True,2,143,86,,
130882,30373-A-5,,USA,BRA,Q4,5:49,67,51,783,606000,unknwown,TO,turnover; bad pass,27,383772,,,,,,
130882,30373-A-5,,USA,BRA,Q4,5:49,67,51,784,607000,subst,SUBST,Substitution out,154,410523,,,,,OUT,
130882,30373-A-5,,USA,BRA,Q4,5:49,67,51,785,608000,subst,SUBST,Substitution out,154,416446,,,,,OUT,
130882,30373-A-5,,USA,BRA,Q4,5:49,67,51,786,609000,subst,SUBST,Substitution in,154,410526,,,,,IN,
130882,30373-A-5,,USA,BRA,Q4,5:49,67,51,787,610000,subst,SUBST,Substitution in,154,416519,,,,,IN,
130882,30373-A-5,,USA,BRA,Q4,5:49,67,51,788,611000,subst,SUBST,Substitution out,27,405101,,,,,OUT,
130882,30373-A-5,,USA,BRA,Q4,5:49,67,51,789,612000,subst,SUBST,Substitution in,27,405082,,,,,IN,
130882,30373-A-5,,USA,BRA,Q4,5:49,67,51,790,613000,shot,P2,2pt driving layup missed,154,410509,False,2,149,55,,
130882,30373-A-5,,USA,BRA,Q4,5:49,67,51,791,613002,unknwown,REB,defensive rebound,27,383772,,,,,,
130882,30373-A-5,,USA,BRA,Q4,5:49,67,51,792,614000,unknwown,TO,turnover; ball handling,27,330047,,,,,,
130882,30373-A-5,,USA,BRA,Q4,5:49,67,51,793,614001,unknwown,ST,steal,154,410530,,,,,,
130882,30373-A-5,,USA,BRA,Q4,5:38,70,51,795,616000,shot,P3,3pt jump shot made,154,416558,True,3,210,162,,
130882,30373-A-5,,USA,BRA,Q4,5:38,70,51,796,616001,unknwown,ASS,made the assist,154,410530,,,,,,
130882,30373-A-5,,USA,BRA,Q4,5:12,70,54,797,617000,shot,P3,3pt step back jump shot made,27,330047,True,3,58,163,,
130882,30373-A-5,,USA,BRA,Q4,4:58,70,54,799,619000,unknwown,TO,turnover; bad pass,154,410530,,,,,,
130882,30373-A-5,,USA,BRA,Q4,4:58,70,54,800,620000,subst,SUBST,Substitution out,154,410509,,,,,OUT,
130882,30373-A-5,,USA,BRA,Q4,4:58,70,54,801,621000,subst,SUBST,Substitution in,154,416447,,,,,IN,
130882,30373-A-5,,USA,BRA,Q4,4:58,70,54,802,622000,subst,SUBST,Substitution out,27,383772,,,,,OUT,
130882,30373-A-5,,USA,BRA,Q4,4:58,70,54,803,623000,subst,SUBST,Substitution out,27,393861,,,,,OUT,
130882,30373-A-5,,USA,BRA,Q4,4:58,70,54,804,624000,subst,SUBST,Substitution in,27,330039,,,,,IN,
130882,30373-A-5,,USA,BRA,Q4,4:58,70,54,805,625000,subst,SUBST,Substitution in,27,384600,,,,,IN,
130882,30373-A-5,,USA,BRA,Q4,4:37,70,54,807,627000,shot,P2,2pt hook shot missed,27,384600,False,2,160,58,,
130882,30373-A-5,,USA,BRA,Q4,4:35,70,54,808,627002,unknwown,REB,offensive rebound,27,384600,,,,,,
130882,30373-A-5,,USA,BRA,Q4,4:34,70,54,810,628000,shot,P3,3pt jump shot missed,27,330039,False,3,262,105,,
130882,30373-A-5,,USA,BRA,Q4,4:31,70,54,811,628002,unknwown,REB,defensive rebound,154,416558,,,,,,
130882,30373-A-5,,USA,BRA,Q4,4:27,72,54,812,629000,shot,P2,"2PtsFG under the basket, fast break, layup made",154,416558,True,2,125,31,,
130882,30373-A-5,,USA,BRA,Q4,4:21,72,54,813,630000,unknwown,FOUL,personal foul; 1 free throw awarded,27,330047,,,,,,
130882,30373-A-5,,USA,BRA,Q4,4:21,72,54,814,630002,unknwown,RFOUL,foul drawn,154,416558,,,,,,
130882,30373-A-5,,USA,BRA,Q4,4:15,73,54,818,634000,shot,FT,1st free throw made,154,416558,True,1,0,0,,
130882,30373-A-5,,USA,BRA,Q4,3:58,73,54,820,636000,shot,P2,2pt driving layup missed,27,330047,False,2,111,40,,
130882,30373-A-5,,USA,BRA,Q4,3:55,73,54,821,636002,unknwown,REB,offensive rebound,27,384600,,,,,,
130882,30373-A-5,,USA,BRA,Q4,3:42,73,54,823,637000,shot,P2,"2PtsFG under the basket, jump shot missed",27,384600,False,2,160,31,,
130882,30373-A-5,,USA,BRA,Q4,3:39,73,54,824,637002,unknwown,REB,defensive rebound,154,416558,,,,,,
130882,30373-A-5,,USA,BRA,Q4,3:38,76,54,826,639000,shot,P3,3pt jump shot from center made,154,410526,True,3,168,187,,
130882,30373-A-5,,USA,BRA,Q4,3:38,76,54,827,640000,timeout,TIMO,Timeout,27,,,,,,,
130882,30373-A-5,,USA,BRA,Q4,3:38,76,54,828,641000,subst,SUBST,Substitution out,27,330047,,,,,OUT,
130882,30373-A-5,,USA,BRA,Q4,3:38,76,54,829,642000,subst,SUBST,Substitution in,27,393060,,,,,IN,
130882,30373-A-5,,USA,BRA,Q4,3:25,76,54,831,644000,unknwown,TO,turnover; bad pass,27,393060,,,,,,
130882,30373-A-5,,USA,BRA,Q4,3:25,76,54,832,644001,unknwown,ST,steal,154,416558,,,,,,
130882,30373-A-5,,USA,BRA,Q4,3:14,76,54,836,648000,unknwown,FOUL,personal foul; 2 free throws awarded,27,384600,,,,,,
130882,30373-A-5,,USA,BRA,Q4,3:14,76,54,837,648002,unknwown,RFOUL,foul drawn,154,416447,,,,,,
130882,30373-A-5,,USA,BRA,Q4,3:14,76,54,838,649000,subst,SUBST,Substitution out,27,384600,,,,,OUT,
130882,30373-A-5,,USA,BRA,Q4,3:14,76,54,839,650000,subst,SUBST,Substitution in,27,393861,,,,,IN,
130882,30373-A-5,,USA,BRA,Q4,3:14,76,54,840,651000,shot,FT,1st of 2 free throws missed,154,416447,False,1,0,0,,
130882,30373-A-5,,USA,BRA,Q4,3:14,76,54,841,652000,shot,FT,2nd of 2 free throws missed,154,416447,False,1,0,0,,
130882,30373-A-5,,USA,BRA,Q4,3:14,76,54,843,652002,unknwown,REB,defensive rebound,27,330039,,,,,,
130882,30373-A-5,,USA,BRA,Q4,2:56,76,57,844,654000,shot,P3,3pt jump shot from center made,27,330039,True,3,91,165,,
130882,30373-A-5,,USA,BRA,Q4,2:40,76,57,845,655000,shot,P2,2pt jump shot missed,154,416558,False,2,136,61,,
130882,30373-A-5,,USA,BRA,Q4,2:37,76,57,846,655002,unknwown,REB,defensive rebound,27,393861,,,,,,
130882,30373-A-5,,USA,BRA,Q4,2:29,76,59,847,656000,shot,P2,2pt driving layup made,27,405082,True,2,176,53,,
130882,30373-A-5,,USA,BRA,Q4,2:18,76,59,848,657000,shot,P3,3pt jump shot missed,154,410530,False,3,214,146,,
130882,30373-A-5,,USA,BRA,Q4,2:11,76,59,849,657002,unknwown,TREB,team defensive rebound,27,,,,,,,
130882,30373-A-5,,USA,BRA,Q4,2:10,76,59,851,659000,unknwown,FOUL,personal foul,154,416519,,,,,,
130882,30373-A-5,,USA,BRA,Q4,2:10,76,59,852,659002,unknwown,RFOUL,foul drawn,27,330039,,,,,,
130882,30373-A-5,,USA,BRA,Q4,2:10,76,59,853,660000,subst,SUBST,Substitution out,154,416447,,,,,OUT,
130882,30373-A-5,,USA,BRA,Q4,2:10,76,59,854,661000,subst,SUBST,Substitution in,154,416453,,,,,IN,
130882,30373-A-5,,USA,BRA,Q4,2:10,76,59,855,662000,subst,SUBST,Substitution out,154,416519,,,,,OUT,
130882,30373-A-5,,USA,BRA,Q4,2:10,76,59,856,663000,subst,SUBST,Substitution in,154,410509,,,,,IN,
130882,30373-A-5,,USA,BRA,Q4,2:02,76,59,858,665000,shot,P2,2pt hook shot missed,27,393861,False,2,156,60,,
130882,30373-A-5,,USA,BRA,Q4,1:59,76,59,859,665002,unknwown,REB,defensive rebound,154,416558,,,,,,
130882,30373-A-5,,USA,BRA,Q4,1:47,78,59,861,667000,shot,P2,"2PtsFG under the basket, pullup jump shot made",154,410526,True,2,122,40,,
130882,30373-A-5,,USA,BRA,Q4,1:47,78,59,862,668000,unknwown,FOUL,personal foul; 1 free throw awarded,27,393060,,,,,,
130882,30373-A-5,,USA,BRA,Q4,1:47,78,59,863,668002,unknwown,RFOUL,foul drawn,154,410526,,,,,,
130882,30373-A-5,,USA,BRA,Q4,1:47,78,59,864,669000,subst,SUBST,Substitution out,27,330039,,,,,OUT,
130882,30373-A-5,,USA,BRA,Q4,1:47,78,59,865,670000,subst,SUBST,Substitution in,27,383772,,,,,IN,
130882,30373-A-5,,USA,BRA,Q4,1:47,79,59,866,671000,shot,FT,1st free throw made,154,410526,True,1,0,0,,
130882,30373-A-5,,USA,BRA,Q4,1:37,79,59,868,673000,shot,P3,3pt jump shot missed,27,375131,False,3,219,148,,
130882,30373-A-5,,USA,BRA,Q4,1:31,79,59,869,673002,unknwown,REB,defensive rebound,154,410530,,,,,,
130882,30373-A-5,,USA,BRA,Q4,1:14,79,59,870,674000,shot,P3,3pt jump shot from center missed,154,416558,False,3,187,166,,
130882,30373-A-5,,USA,BRA,Q4,1:10,79,59,871,674002,unknwown,REB,offensive rebound,154,410509,,,,,,
130882,30373-A-5,,USA,BRA,Q4,1:08,79,59,872,675000,shot,P3,3pt jump shot missed,154,410526,False,3,97,197,,
130882,30373-A-5,,USA,BRA,Q4,1:06,79,59,873,675002,unknwown,REB,defensive rebound,27,393060,,,,,,
130882,30373-A-5,,USA,BRA,Q4,0:58,79,59,874,676000,shot,P3,3pt jump shot missed,27,393060,False,3,202,158,,
130882,30373-A-5,,USA,BRA,Q4,0:53,79,59,875,676002,unknwown,REB,offensive rebound,27,405082,,,,,,
130882,30373-A-5,,USA,BRA,Q4,0:53,79,59,876,677000,shot,P2,2PtsFG under the basket missed,27,405082,False,2,140,31,,
130882,30373-A-5,,USA,BRA,Q4,0:53,79,59,877,677002,unknwown,REB,defensive rebound,154,416453,,,,,,
130882,30373-A-5,,USA,BRA,Q4,0:50,81,59,878,678000,shot,P2,"2PtsFG under the basket, fast break, reverse lay-up made",154,410526,True,2,130,29,,
130882,30373-A-5,,USA,BRA,Q4,0:50,81,59,879,678001,unknwown,ASS,made the assist,154,416453,,,,,,
130882,30373-A-5,,USA,BRA,Q4,0:30,81,62,882,681000,shot,P3,3pt step back jump shot made,27,375131,True,3,231,147,,
130882,30373-A-5,,USA,BRA,Q4,0:08,84,62,885,684000,shot,P3,3pt jump shot made,154,410509,True,3,10,27,,
130882,30373-A-5,,USA,BRA,Q4,0:08,84,62,887,684001,unknwown,ASS,made the assist,154,410526,,,,,,
130882,30373-A-5,,USA,BRA,Q4,0:00,84,62,890,688000,shot,P3,3pt jump shot missed,27,375131,False,3,37,136,,
130882,30373-A-5,,USA,BRA,Q4,0:00,84,62,893,691000,periods,ENDP,End of Period,,,,,,,,
130882,30373-A-5,,USA,BRA,Q4,0:00,84,62,894,692000,periods,ENDG,End of Game,,,,,,,,
130887,30373-B-6,,CAN,PUR,Q1,10:00,0,0,1,1000,periods,STARTG,Start of Game,,,,,,,,
130887,30373-B-6,,CAN,PUR,Q1,10:00,0,0,2,2000,periods,STARTP,Start of Period,,,,,,,,
130887,30373-B-6,,CAN,PUR,Q1,10:00,0,0,4,4000,unknwown,JS,jump ball situation; throw-in,,,,,,,,
130887,30373-B-6,,CAN,PUR,Q1,9:59,0,0,5,4001,unknwown,JB,jump ball won,34,342309,,,,,,
130887,30373-B-6,,CAN,PUR,Q1,9:59,0,0,6,4002,unknwown,JB,jump ball lost,125,343131,,,,,,
130887,30373-B-6,,CAN,PUR,Q1,9:50,0,0,9,7000,shot,P2,"2PtsFG under the basket, alley oop lay-up missed",34,342309,False,2,120,22,,
130887,30373-B-6,,CAN,PUR,Q1,9:45,0,0,10,7002,unknwown,REB,defensive rebound,125,384042,,,,,,
130887,30373-B-6,,CAN,PUR,Q1,9:29,0,0,11,8000,shot,P3,3pt jump shot from center missed,125,343131,False,3,115,166,,
130887,30373-B-6,,CAN,PUR,Q1,9:23,0,0,12,8002,unknwown,REB,defensive rebound,34,391168,,,,,,
130887,30373-B-6,,CAN,PUR,Q1,9:18,0,0,13,9000,shot,P3,3pt jump shot missed,34,367540,False,3,271,24,,
130887,30373-B-6,,CAN,PUR,Q1,9:08,0,0,14,9002,unknwown,REB,offensive rebound,34,391168,,,,,,
130887,30373-B-6,,CAN,PUR,Q1,9:08,0,0,15,10000,shot,P2,2PtsFG under the basket missed,34,391168,False,2,140,31,,
130887,30373-B-6,,CAN,PUR,Q1,9:07,0,0,16,10002,unknwown,REB,defensive rebound,125,319575,,,,,,
130887,30373-B-6,,CAN,PUR,Q1,9:00,0,0,17,11000,unknwown,TO,turnover; bad pass,125,319575,,,,,,
130887,30373-B-6,,CAN,PUR,Q1,9:00,0,0,18,11001,unknwown,ST,steal,34,415966,,,,,,
130887,30373-B-6,,CAN,PUR,Q1,8:53,0,0,19,12000,shot,P3,3pt jump shot missed,34,415966,False,3,253,111,,
130887,30373-B-6,,CAN,PUR,Q1,8:49,0,0,20,12002,unknwown,REB,defensive rebound,125,343131,,,,,,
130887,30373-B-6,,CAN,PUR,Q1,8:48,0,3,21,13000,shot,P3,3pt jump shot made,125,417164,True,3,8,32,,
130887,30373-B-6,,CAN,PUR,Q1,8:32,0,3,22,14000,shot,P3,3pt jump shot missed,34,410952,False,3,8,27,,
130887,30373-B-6,,CAN,PUR,Q1,8:25,0,3,23,14002,unknwown,REB,defensive rebound,125,319575,,,,,,
130887,30373-B-6,,CAN,PUR,Q1,8:22,0,3,25,16000,unknwown,TO,turnover; ball handling,125,343131,,,,,,
130887,30373-B-6,,CAN,PUR,Q1,8:08,2,3,27,18000,shot,P2,2pt driving layup made,34,367540,True,2,163,36,,
130887,30373-B-6,,CAN,PUR,Q1,8:08,2,3,28,18001,unknwown,ASS,made the assist,34,415966,,,,,,
130887,30373-B-6,,CAN,PUR,Q1,7:48,2,3,29,19000,shot,P3,3pt jump shot missed,125,343131,False,3,29,122,,
130887,30373-B-6,,CAN,PUR,Q1,7:44,2,3,30,19002,unknwown,REB,defensive rebound,34,410952,,,,,,
130887,30373-B-6,,CAN,PUR,Q1,7:38,2,3,31,20000,shot,P2,"2PtsFG under the basket, turnaround jump shot missed",34,410952,False,2,164,33,,
130887,30373-B-6,,CAN,PUR,Q1,7:32,2,3,32,20002,unknwown,REB,offensive rebound,34,410952,,,,,,
130887,30373-B-6,,CAN,PUR,Q1,7:30,2,3,33,21000,shot,P3,3pt jump shot missed,34,367540,False,3,230,129,,
130887,30373-B-6,,CAN,PUR,Q1,7:26,2,3,34,21002,unknwown,REB,offensive rebound,34,415966,,,,,,
130887,30373-B-6,,CAN,PUR,Q1,7:24,2,3,35,22000,shot,P3,3pt jump shot missed,34,410952,False,3,271,42,,
130887,30373-B-6,,CAN,PUR,Q1,7:18,2,3,36,22002,unknwown,REB,offensive rebound,34,367540,,,,,,
130887,30373-B-6,,CAN,PUR,Q1,7:16,2,3,40,26000,unknwown,FOUL,personal foul; 2 free throws awarded,125,417164,,,,,,
130887,30373-B-6,,CAN,PUR,Q1,7:16,2,3,41,26002,unknwown,RFOUL,foul drawn,34,367540,,,,,,
130887,30373-B-6,,CAN,PUR,Q1,7:16,2,3,42,27000,subst,SUBST,Substitution out,125,343131,,,,,OUT,
130887,30373-B-6,,CAN,PUR,Q1,7:16,2,3,43,28000,subst,SUBST,Substitution in,125,416814,,,,,IN,
130887,30373-B-6,,CAN,PUR,Q1,7:16,3,3,44,29000,shot,FT,1st of 2 free throws made,34,367540,True,1,0,0,,
130887,30373-B-6,,CAN,PUR,Q1,7:16,3,3,45,30000,shot,FT,2nd of 2 free throws missed,34,367540,False,1,0,0,,
130887,30373-B-6,,CAN,PUR,Q1,7:16,3,3,47,30002,unknwown,REB,offensive rebound,34,342309,,,,,,
130887,30373-B-6,,CAN,PUR,Q1,7:15,5,3,49,33000,shot,P2,"2PtsFG under the basket, layup made",34,342309,True,2,126,40,,
130887,30373-B-6,,CAN,PUR,Q1,7:15,5,3,50,34000,subst,SUBST,Substitution out,34,367540,,,,,OUT,
130887,30373-B-6,,CAN,PUR,Q1,7:15,5,3,51,35000,subst,SUBST,Substitution in,34,342682,,,,,IN,
130887,30373-B-6,,CAN,PUR,Q1,7:03,5,3,53,37000,shot,P2,"2PtsFG under the basket, layup missed",125,416814,False,2,127,36,,
130887,30373-B-6,,CAN,PUR,Q1,7:00,5,3,54,37002,unknwown,REB,defensive rebound,34,342309,,,,,,
130887,30373-B-6,,CAN,PUR,Q1,6:56,5,3,58,41000,unknwown,FOUL,personal foul; 2 free throws awarded,125,319575,,,,,,
130887,30373-B-6,,CAN,PUR,Q1,6:56,5,3,59,41002,unknwown,RFOUL,foul drawn,34,415966,,,,,,
130887,30373-B-6,,CAN,PUR,Q1,6:56,5,3,60,42000,subst,SUBST,Substitution out,125,319586,,,,,OUT,
130887,30373-B-6,,CAN,PUR,Q1,6:56,5,3,61,43000,subst,SUBST,Substitution in,125,416819,,,,,IN,
130887,30373-B-6,,CAN,PUR,Q1,6:56,6,3,62,44000,shot,FT,1st of 2 free throws made,34,415966,True,1,0,0,,
130887,30373-B-6,,CAN,PUR,Q1,6:56,6,3,63,45000,shot,FT,2nd of 2 free throws missed,34,415966,False,1,0,0,,
130887,30373-B-6,,CAN,PUR,Q1,6:55,6,3,65,45002,unknwown,REB,offensive rebound,34,342682,,,,,,
130887,30373-B-6,,CAN,PUR,Q1,6:55,8,3,66,47000,shot,P2,2PtsFG under the basket made,34,342682,True,2,140,31,,
130887,30373-B-6,,CAN,PUR,Q1,6:41,8,3,69,50000,unknwown,TO,turnover; bad pass,125,384042,,,,,,
130887,30373-B-6,,CAN,PUR,Q1,6:41,8,3,70,50001,unknwown,ST,steal,34,415966,,,,,,
130887,30373-B-6,,CAN,PUR,Q1,6:37,10,3,71,51000,shot,P2,"2PtsFG under the basket, points from fastbreak + after turnover, driving layup made",34,415966,True,2,155,35,,
130887,30373-B-6,,CAN,PUR,Q1,6:32,10,3,75,55000,timeout,TIMO,Timeout,125,,,,,,,
130887,30373-B-6,,CAN,PUR,Q1,6:32,10,3,76,56000,subst,SUBST,Substitution out,34,415966,,,,,OUT,
130887,30373-B-6,,CAN,PUR,Q1,6:32,10,3,77,57000,subst,SUBST,Substitution out,34,391168,,,,,OUT,
130887,30373-B-6,,CAN,PUR,Q1,6:32,10,3,78,58000,subst,SUBST,Substitution in,34,392260,,,,,IN,
130887,30373-B-6,,CAN,PUR,Q1,6:32,10,3,79,59000,subst,SUBST,Substitution in,34,391167,,,,,IN,
130887,30373-B-6,,CAN,PUR,Q1,6:32,10,3,80,60000,subst,SUBST,Substitution out,125,384042,,,,,OUT,
130887,30373-B-6,,CAN,PUR,Q1,6:32,10,3,81,61000,subst,SUBST,Substitution in,125,416823,,,,,IN,
130887,30373-B-6,,CAN,PUR,Q1,6:14,10,3,83,63000,shot,P2,"2PtsFG under the basket, turnaround jump shot missed",125,416814,False,2,122,35,,
130887,30373-B-6,,CAN,PUR,Q1,6:10,10,3,84,63002,unknwown,REB,defensive rebound,34,342682,,,,,,
130887,30373-B-6,,CAN,PUR,Q1,6:05,10,3,86,65000,unknwown,FOUL,personal foul; 2 free throws awarded,125,416814,,,,,,
130887,30373-B-6,,CAN,PUR,Q1,6:05,10,3,87,65002,unknwown,RFOUL,foul drawn,34,342682,,,,,,
130887,30373-B-6,,CAN,PUR,Q1,6:01,10,3,90,68000,shot,FT,1st of 2 free throws missed,34,342682,False,1,0,0,,
130887,30373-B-6,,CAN,PUR,Q1,6:01,11,3,91,69000,shot,FT,2nd of 2 free throws made,34,342682,True,1,0,0,,
130887,30373-B-6,,CAN,PUR,Q1,5:41,11,3,95,73000,shot,P2,2pt floating jump shot missed,125,416819,False,2,100,29,,
130887,30373-B-6,,CAN,PUR,Q1,5:38,11,3,96,73002,unknwown,REB,defensive rebound,34,342309,,,,,,
130887,30373-B-6,,CAN,PUR,Q1,5:35,11,3,97,74000,shot,P3,3pt jump shot missed,34,342682,False,3,224,156,,
130887,30373-B-6,,CAN,PUR,Q1,5:29,11,3,98,74002,unknwown,REB,offensive rebound,34,391167,,,,,,
130887,30373-B-6,,CAN,PUR,Q1,5:25,13,3,99,75000,shot,P2,"2PtsFG under the basket, driving layup made",34,391167,True,2,158,33,,
130887,30373-B-6,,CAN,PUR,Q1,5:06,13,3,100,76000,shot,P2,2pt step back jump shot missed,125,417164,False,2,85,107,,
130887,30373-B-6,,CAN,PUR,Q1,5:02,13,3,101,76002,unknwown,REB,defensive rebound,34,410952,,,,,,
130887,30373-B-6,,CAN,PUR,Q1,4:53,15,3,102,77000,shot,P2,"2PtsFG inside right wing, jump shot made",34,410952,True,2,230,44,,
130887,30373-B-6,,CAN,PUR,Q1,4:53,15,3,103,77001,unknwown,ASS,made the assist,34,342309,,,,,,
130887,30373-B-6,,CAN,PUR,Q1,4:23,15,3,104,78000,shot,P3,3pt jump shot from center missed,125,416823,False,3,168,168,,
130887,30373-B-6,,CAN,PUR,Q1,4:19,15,3,105,78002,unknwown,REB,offensive rebound,125,416814,,,,,,
130887,30373-B-6,,CAN,PUR,Q1,4:18,15,3,106,79000,shot,P2,"2PtsFG under the basket, hook shot missed",125,416814,False,2,148,31,,
130887,30373-B-6,,CAN,PUR,Q1,4:15,15,3,107,79002,unknwown,REB,defensive rebound,34,342309,,,,,,
130887,30373-B-6,,CAN,PUR,Q1,4:09,15,3,111,83000,unknwown,FOUL,personal foul; 2 free throws awarded,125,417164,,,,,,
130887,30373-B-6,,CAN,PUR,Q1,4:09,15,3,112,83002,unknwown,RFOUL,foul drawn,34,342682,,,,,,
130887,30373-B-6,,CAN,PUR,Q1,4:09,15,3,113,84000,subst,SUBST,Substitution out,34,342309,,,,,OUT,
130887,30373-B-6,,CAN,PUR,Q1,4:09,15,3,114,85000,subst,SUBST,Substitution out,34,410952,,,,,OUT,
130887,30373-B-6,,CAN,PUR,Q1,4:09,15,3,115,86000,subst,SUBST,Substitution in,34,271788,,,,,IN,
130887,30373-B-6,,CAN,PUR,Q1,4:09,15,3,116,87000,subst,SUBST,Substitution in,34,415963,,,,,IN,
130887,30373-B-6,,CAN,PUR,Q1,4:09,15,3,117,88000,subst,SUBST,Substitution out,125,416819,,,,,OUT,
130887,30373-B-6,,CAN,PUR,Q1,4:09,15,3,118,89000,subst,SUBST,Substitution out,125,416814,,,,,OUT,
130887,30373-B-6,,CAN,PUR,Q1,4:09,15,3,119,90000,subst,SUBST,Substitution out,125,319575,,,,,OUT,
130887,30373-B-6,,CAN,PUR,Q1,4:09,15,3,120,91000,subst,SUBST,Substitution in,125,319576,,,,,IN,
130887,30373-B-6,,CAN,PUR,Q1,4:09,15,3,121,92000,subst,SUBST,Substitution in,125,319586,,,,,IN,
130887,30373-B-6,,CAN,PUR,Q1,4:09,15,3,122,93000,subst,SUBST,Substitution in,125,384042,,,,,IN,
130887,30373-B-6,,CAN,PUR,Q1,4:09,16,3,123,94000,shot,FT,1st of 2 free throws made,34,342682,True,1,0,0,,
130887,30373-B-6,,CAN,PUR,Q1,4:09,17,3,124,95000,shot,FT,2nd of 2 free throws made,34,342682,True,1,0,0,,
130887,30373-B-6,,CAN,PUR,Q1,4:09,17,3,125,96000,subst,SUBST,Substitution out,34,342682,,,,,OUT,
130887,30373-B-6,,CAN,PUR,Q1,4:09,17,3,126,97000,subst,SUBST,Substitution in,34,415968,,,,,IN,
130887,30373-B-6,,CAN,PUR,Q1,4:09,17,3,127,98000,subst,SUBST,Substitution out,125,417164,,,,,OUT,
130887,30373-B-6,,CAN,PUR,Q1,4:09,17,3,128,99000,subst,SUBST,Substitution in,125,416820,,,,,IN,
130887,30373-B-6,,CAN,PUR,Q1,3:48,17,3,130,101000,shot,P2,"2PtsFG under the basket, driving layup missed",125,319586,False,2,119,32,,
130887,30373-B-6,,CAN,PUR,Q1,3:44,17,3,131,101002,unknwown,TREB,team defensive rebound,34,,,,,,,
130887,30373-B-6,,CAN,PUR,Q1,3:39,19,3,138,108000,shot,P2,"2PtsFG under the basket, dunk made",34,392260,True,2,138,27,,
130887,30373-B-6,,CAN,PUR,Q1,3:39,19,3,139,108001,unknwown,ASS,made the assist,34,415968,,,,,,
130887,30373-B-6,,CAN,PUR,Q1,3:18,19,3,140,109000,unknwown,TO,turnover; bad pass,125,319586,,,,,,
130887,30373-B-6,,CAN,PUR,Q1,3:18,19,3,141,109001,unknwown,ST,steal,34,271788,,,,,,
130887,30373-B-6,,CAN,PUR,Q1,3:13,19,3,142,110000,shot,P2,"2PtsFG under the basket, points after turnover, reverse lay-up missed",34,271788,False,2,130,27,,
130887,30373-B-6,,CAN,PUR,Q1,3:09,19,3,143,110002,unknwown,REB,offensive rebound,34,415968,,,,,,
130887,30373-B-6,,CAN,PUR,Q1,3:09,21,3,144,111000,shot,P2,"2PtsFG under the basket, points from second chance + after turnover made",34,415968,True,2,140,31,,
130887,30373-B-6,,CAN,PUR,Q1,3:08,21,3,148,115000,timeout,TIMO,Timeout,125,,,,,,,
130887,30373-B-6,,CAN,PUR,Q1,3:08,21,3,149,116000,subst,SUBST,Substitution out,34,391167,,,,,OUT,
130887,30373-B-6,,CAN,PUR,Q1,3:08,21,3,150,117000,subst,SUBST,Substitution in,34,391168,,,,,IN,
130887,30373-B-6,,CAN,PUR,Q1,2:50,21,3,153,120000,unknwown,FOUL,personal foul; 2 free throws awarded,34,392260,,,,,,
130887,30373-B-6,,CAN,PUR,Q1,2:50,21,3,154,120002,unknwown,RFOUL,foul drawn,125,416823,,,,,,
130887,30373-B-6,,CAN,PUR,Q1,2:50,21,3,155,121000,subst,SUBST,Substitution out,34,392260,,,,,OUT,
130887,30373-B-6,,CAN,PUR,Q1,2:50,21,3,156,122000,subst,SUBST,Substitution out,34,415963,,,,,OUT,
130887,30373-B-6,,CAN,PUR,Q1,2:50,21,3,157,123000,subst,SUBST,Substitution in,34,415967,,,,,IN,
130887,30373-B-6,,CAN,PUR,Q1,2:50,21,3,158,124000,subst,SUBST,Substitution in,34,367540,,,,,IN,
130887,30373-B-6,,CAN,PUR,Q1,2:50,21,4,159,125000,shot,FT,1st of 2 free throws made,125,416823,True,1,0,0,,
130887,30373-B-6,,CAN,PUR,Q1,2:50,21,5,160,126000,shot,FT,2nd of 2 free throws made,125,416823,True,1,0,0,,
130887,30373-B-6,,CAN,PUR,Q1,2:50,21,5,161,127000,subst,SUBST,Substitution out,125,384042,,,,,OUT,
130887,30373-B-6,,CAN,PUR,Q1,2:50,21,5,162,128000,subst,SUBST,Substitution in,125,343131,,,,,IN,
130887,30373-B-6,,CAN,PUR,Q1,2:36,21,5,166,132000,shot,P2,2pt hook shot missed,34,367540,False,2,150,69,,
130887,30373-B-6,,CAN,PUR,Q1,2:32,21,5,167,132002,unknwown,REB,defensive rebound,125,343131,,,,,,
130887,30373-B-6,,CAN,PUR,Q1,2:15,21,8,168,133000,shot,P3,3pt jump shot made,125,416823,True,3,230,143,,
130887,30373-B-6,,CAN,PUR,Q1,2:15,21,8,169,133001,unknwown,ASS,made the assist,125,343131,,,,,,
130887,30373-B-6,,CAN,PUR,Q1,1:58,23,8,171,135000,shot,P2,"2PtsFG under the basket, driving layup made",34,415968,True,2,151,36,,
130887,30373-B-6,,CAN,PUR,Q1,1:58,23,8,172,136000,unknwown,FOUL,personal foul; 1 free throw awarded,125,416823,,,,,,
130887,30373-B-6,,CAN,PUR,Q1,1:58,23,8,173,136002,unknwown,RFOUL,foul drawn,34,415968,,,,,,
130887,30373-B-6,,CAN,PUR,Q1,1:58,23,8,174,137000,shot,FT,1st free throw missed,34,415968,False,1,0,0,,
130887,30373-B-6,,CAN,PUR,Q1,1:58,23,8,176,137002,unknwown,REB,offensive rebound,34,391168,,,,,,
130887,30373-B-6,,CAN,PUR,Q1,1:46,23,8,177,139000,shot,P2,"2PtsFG inside left, jump shot missed",34,415968,False,2,83,101,,
130887,30373-B-6,,CAN,PUR,Q1,1:40,23,8,178,139002,unknwown,REB,offensive rebound,34,415968,,,,,,
130887,30373-B-6,,CAN,PUR,Q1,1:40,23,8,179,140000,shot,P2,2PtsFG under the basket missed,34,415967,False,2,140,31,,
130887,30373-B-6,,CAN,PUR,Q1,1:39,23,8,180,140002,unknwown,REB,defensive rebound,125,343131,,,,,,
130887,30373-B-6,,CAN,PUR,Q1,1:37,23,8,184,144000,shot,P3,3pt jump shot from center missed,125,319586,False,3,97,168,,
130887,30373-B-6,,CAN,PUR,Q1,1:37,23,8,185,144002,unknwown,TREB,team defensive rebound,34,,,,,,,
130887,30373-B-6,,CAN,PUR,Q1,1:37,23,8,186,145000,unknwown,FOUL,personal foul; 2 free throws awarded,125,343131,,,,,,
130887,30373-B-6,,CAN,PUR,Q1,1:37,23,8,187,145002,unknwown,RFOUL,foul drawn,34,391168,,,,,,
130887,30373-B-6,,CAN,PUR,Q1,1:37,24,8,188,146000,shot,FT,1st of 2 free throws made,34,391168,True,1,0,0,,
130887,30373-B-6,,CAN,PUR,Q1,1:37,25,8,189,147000,shot,FT,2nd of 2 free throws made,34,391168,True,1,0,0,,
130887,30373-B-6,,CAN,PUR,Q1,1:37,25,8,190,148000,subst,SUBST,Substitution out,125,319576,,,,,OUT,
130887,30373-B-6,,CAN,PUR,Q1,1:37,25,8,191,149000,subst,SUBST,Substitution in,125,416822,,,,,IN,
130887,30373-B-6,,CAN,PUR,Q1,1:14,25,10,194,152000,shot,P2,"2PtsFG under the basket, driving layup made",125,319586,True,2,130,38,,
130887,30373-B-6,,CAN,PUR,Q1,0:57,25,10,197,155000,unknwown,CFOUL,Technical foul coach,125,,,,,,,
130887,30373-B-6,,CAN,PUR,Q1,0:57,26,10,198,156000,shot,FT,1st free throw made,34,271788,True,1,0,0,,
130887,30373-B-6,,CAN,PUR,Q1,0:53,29,10,200,158000,shot,P3,3pt jump shot made,34,391168,True,3,234,124,,
130887,30373-B-6,,CAN,PUR,Q1,0:36,29,10,201,159000,shot,P2,2pt driving layup missed,125,319586,False,2,171,42,,
130887,30373-B-6,,CAN,PUR,Q1,0:33,29,10,202,159002,unknwown,REB,defensive rebound,34,391168,,,,,,
130887,30373-B-6,,CAN,PUR,Q1,0:31,29,10,204,161000,unknwown,FOUL,unsportsmanlike foul; 2 free throws awarded,125,416823,,,,,,
130887,30373-B-6,,CAN,PUR,Q1,0:31,29,10,205,161002,unknwown,RFOUL,foul drawn,34,415967,,,,,,
130887,30373-B-6,,CAN,PUR,Q1,0:31,30,10,206,162000,shot,FT,1st of 2 free throws made,34,415967,True,1,0,0,,
130887,30373-B-6,,CAN,PUR,Q1,0:31,30,10,207,162001,unknwown,ASS,made the assist,34,391168,,,,,,
130887,30373-B-6,,CAN,PUR,Q1,0:31,31,10,208,163000,shot,FT,2nd of 2 free throws made,34,415967,True,1,0,0,,
130887,30373-B-6,,CAN,PUR,Q1,0:29,31,10,211,166000,subst,SUBST,Substitution out,125,416823,,,,,OUT,
130887,30373-B-6,,CAN,PUR,Q1,0:29,31,10,212,167000,subst,SUBST,Substitution in,125,319575,,,,,IN,
130887,30373-B-6,,CAN,PUR,Q1,0:28,33,10,215,169000,shot,P2,"2PtsFG under the basket, driving layup made",34,367540,True,2,119,31,,
130887,30373-B-6,,CAN,PUR,Q1,0:28,33,10,216,169001,unknwown,ASS,made the assist,34,391168,,,,,,
130887,30373-B-6,,CAN,PUR,Q1,0:06,33,12,217,170000,shot,P2,2pt turnaround jump shot made,125,319586,True,2,163,87,,
130887,30373-B-6,,CAN,PUR,Q1,0:00,33,12,223,176000,periods,ENDP,End of Period,,,,,,,,
130887,30373-B-6,,CAN,PUR,Q2,10:00,33,12,224,177000,subst,SUBST,Substitution out,34,415968,,,,,OUT,
130887,30373-B-6,,CAN,PUR,Q2,10:00,33,12,225,178000,subst,SUBST,Substitution out,34,415967,,,,,OUT,
130887,30373-B-6,,CAN,PUR,Q2,10:00,33,12,226,179000,subst,SUBST,Substitution out,34,391168,,,,,OUT,
130887,30373-B-6,,CAN,PUR,Q2,10:00,33,12,227,180000,subst,SUBST,Substitution out,34,367540,,,,,OUT,
130887,30373-B-6,,CAN,PUR,Q2,10:00,33,12,228,181000,subst,SUBST,Substitution out,34,271788,,,,,OUT,
130887,30373-B-6,,CAN,PUR,Q2,10:00,33,12,229,182000,subst,SUBST,Substitution in,34,415966,,,,,IN,
130887,30373-B-6,,CAN,PUR,Q2,10:00,33,12,230,183000,subst,SUBST,Substitution in,34,342682,,,,,IN,
130887,30373-B-6,,CAN,PUR,Q2,10:00,33,12,231,184000,subst,SUBST,Substitution in,34,391167,,,,,IN,
130887,30373-B-6,,CAN,PUR,Q2,10:00,33,12,232,185000,subst,SUBST,Substitution in,34,342309,,,,,IN,
130887,30373-B-6,,CAN,PUR,Q2,10:00,33,12,233,186000,subst,SUBST,Substitution in,34,410952,,,,,IN,
130887,30373-B-6,,CAN,PUR,Q2,10:00,33,12,234,187000,periods,STARTP,Start of Period,,,,,,,,
130887,30373-B-6,,CAN,PUR,Q2,9:58,33,12,236,189000,shot,P3,3pt jump shot missed,125,416822,False,3,217,150,,
130887,30373-B-6,,CAN,PUR,Q2,9:50,33,12,239,189002,unknwown,REB,defensive rebound,34,415966,,,,,,
130887,30373-B-6,,CAN,PUR,Q2,9:50,33,12,238,191000,unknwown,JS,jump ball situation; throw-in,34,,,,,,,
130887,30373-B-6,,CAN,PUR,Q2,9:42,33,12,243,195000,shot,P3,3pt jump shot missed,34,415966,False,3,228,148,,
130887,30373-B-6,,CAN,PUR,Q2,9:38,33,12,244,195002,unknwown,REB,defensive rebound,125,416822,,,,,,
130887,30373-B-6,,CAN,PUR,Q2,9:35,33,14,245,196000,shot,P2,"2PtsFG under the basket, driving layup made",125,319586,True,2,125,34,,
130887,30373-B-6,,CAN,PUR,Q2,9:29,33,14,246,197000,shot,P3,3pt jump shot missed,34,410952,False,3,274,43,,
130887,30373-B-6,,CAN,PUR,Q2,9:26,33,14,247,197002,unknwown,REB,offensive rebound,34,410952,,,,,,
130887,30373-B-6,,CAN,PUR,Q2,9:16,33,14,248,198000,shot,P3,3pt jump shot missed,34,391167,False,3,12,84,,
130887,30373-B-6,,CAN,PUR,Q2,9:08,33,14,249,198002,unknwown,REB,offensive rebound,34,415966,,,,,,
130887,30373-B-6,,CAN,PUR,Q2,9:08,33,14,250,199000,shot,P2,2PtsFG under the basket missed,34,415966,False,2,140,31,,
130887,30373-B-6,,CAN,PUR,Q2,9:08,33,14,251,199002,unknwown,REB,offensive rebound,34,342309,,,,,,
130887,30373-B-6,,CAN,PUR,Q2,9:08,33,14,253,201000,unknwown,VTR,Head coach's challenge successful,125,,,,,,,
130887,30373-B-6,,CAN,PUR,Q2,9:08,33,14,254,202000,unknwown,FOUL,unsportsmanlike foul; 2 free throws awarded,34,342309,,,,,,
130887,30373-B-6,,CAN,PUR,Q2,9:08,33,14,255,202001,unknwown,TO,turnover,34,342309,,,,,,
130887,30373-B-6,,CAN,PUR,Q2,9:08,33,14,256,202002,unknwown,RFOUL,foul drawn,125,319586,,,,,,
130887,30373-B-6,,CAN,PUR,Q2,9:08,33,14,257,203000,shot,FT,1st of 2 free throws missed,125,319586,False,1,0,0,,
130887,30373-B-6,,CAN,PUR,Q2,9:08,33,14,258,204000,shot,FT,2nd of 2 free throws missed,125,319586,False,1,0,0,,
130887,30373-B-6,,CAN,PUR,Q2,9:08,33,14,259,205000,unknwown,FOUL,personal foul,125,343131,,,,,,
130887,30373-B-6,,CAN,PUR,Q2,9:08,33,14,260,205002,unknwown,RFOUL,foul drawn,34,342309,,,,,,
130887,30373-B-6,,CAN,PUR,Q2,9:08,33,14,261,206000,shot,P3,3pt jump shot missed,34,415966,False,3,7,25,,
130887,30373-B-6,,CAN,PUR,Q2,9:08,33,14,262,206001,unknwown,BS,blocked the shot,125,319586,,,,,,
130887,30373-B-6,,CAN,PUR,Q2,9:08,33,14,263,206002,unknwown,REB,offensive rebound,34,415966,,,,,,
130887,30373-B-6,,CAN,PUR,Q2,9:07,33,14,266,209000,unknwown,FOUL,personal foul; 2 free throws awarded,125,343131,,,,,,
130887,30373-B-6,,CAN,PUR,Q2,9:07,33,14,267,209002,unknwown,RFOUL,foul drawn,34,342682,,,,,,
130887,30373-B-6,,CAN,PUR,Q2,9:04,33,14,268,210000,shot,FT,1st of 2 free throws missed,34,342682,False,1,0,0,,
130887,30373-B-6,,CAN,PUR,Q2,9:04,33,14,269,211000,shot,FT,2nd of 2 free throws missed,34,342682,False,1,0,0,,
130887,30373-B-6,,CAN,PUR,Q2,9:04,33,14,271,211002,unknwown,REB,defensive rebound,125,319575,,,,,,
130887,30373-B-6,,CAN,PUR,Q2,8:57,33,14,275,216000,subst,SUBST,Substitution out,125,319586,,,,,OUT,
130887,30373-B-6,,CAN,PUR,Q2,8:57,33,14,276,217000,subst,SUBST,Substitution out,125,416820,,,,,OUT,
130887,30373-B-6,,CAN,PUR,Q2,8:57,33,14,277,218000,subst,SUBST,Substitution in,125,416823,,,,,IN,
130887,30373-B-6,,CAN,PUR,Q2,8:57,33,14,278,219000,subst,SUBST,Substitution in,125,416814,,,,,IN,
130887,30373-B-6,,CAN,PUR,Q2,8:47,33,16,280,221000,shot,P2,"2PtsFG under the basket, layup made",125,343131,True,2,121,29,,
130887,30373-B-6,,CAN,PUR,Q2,8:47,33,16,281,221001,unknwown,ASS,made the assist,125,416814,,,,,,
130887,30373-B-6,,CAN,PUR,Q2,8:36,33,16,282,222000,shot,P3,3pt jump shot missed,34,391167,False,3,9,31,,
130887,30373-B-6,,CAN,PUR,Q2,8:32,33,16,283,222002,unknwown,REB,defensive rebound,125,416822,,,,,,
130887,30373-B-6,,CAN,PUR,Q2,8:31,33,16,286,224000,unknwown,FOUL,personal foul,34,342682,,,,,,
130887,30373-B-6,,CAN,PUR,Q2,8:31,33,16,287,224002,unknwown,RFOUL,foul drawn,125,343131,,,,,,
130887,30373-B-6,,CAN,PUR,Q2,8:23,33,16,289,226000,unknwown,TO,turnover; ball handling,125,319575,,,,,,
130887,30373-B-6,,CAN,PUR,Q2,8:23,33,16,290,226001,unknwown,ST,steal,34,415966,,,,,,
130887,30373-B-6,,CAN,PUR,Q2,8:10,33,16,294,230000,subst,SUBST,Substitution out,34,342682,,,,,OUT,
130887,30373-B-6,,CAN,PUR,Q2,8:10,33,16,295,231000,subst,SUBST,Substitution out,34,410952,,,,,OUT,
130887,30373-B-6,,CAN,PUR,Q2,8:10,33,16,296,232000,subst,SUBST,Substitution in,34,392260,,,,,IN,
130887,30373-B-6,,CAN,PUR,Q2,8:10,33,16,297,233000,subst,SUBST,Substitution in,34,415968,,,,,IN,
130887,30373-B-6,,CAN,PUR,Q2,8:03,36,16,299,235000,shot,P3,3pt jump shot made,34,392260,True,3,265,78,,
130887,30373-B-6,,CAN,PUR,Q2,8:03,36,16,300,235001,unknwown,ASS,made the assist,34,342309,,,,,,
130887,30373-B-6,,CAN,PUR,Q2,7:39,36,16,302,237000,shot,P3,3pt jump shot missed,125,416822,False,3,270,16,,
130887,30373-B-6,,CAN,PUR,Q2,7:39,36,16,303,237002,unknwown,TREB,team defensive rebound,34,,,,,,,
130887,30373-B-6,,CAN,PUR,Q2,7:30,38,16,305,239000,shot,P2,"2PtsFG under the basket, dunk made",34,342309,True,2,138,28,,
130887,30373-B-6,,CAN,PUR,Q2,7:30,38,16,306,239001,unknwown,ASS,made the assist,34,392260,,,,,,
130887,30373-B-6,,CAN,PUR,Q2,7:02,38,16,307,240000,shot,P2,"2PtsFG under the basket, driving layup missed",125,343131,False,2,125,44,,
130887,30373-B-6,,CAN,PUR,Q2,7:00,38,16,308,240002,unknwown,REB,defensive rebound,34,415966,,,,,,
130887,30373-B-6,,CAN,PUR,Q2,6:57,41,16,309,241000,shot,P3,3pt jump shot made,34,391167,True,3,43,131,,
130887,30373-B-6,,CAN,PUR,Q2,6:57,41,16,310,241001,unknwown,ASS,made the assist,34,392260,,,,,,
130887,30373-B-6,,CAN,PUR,Q2,6:38,41,19,311,242000,shot,P3,3pt jump shot made,125,416823,True,3,259,96,,
130887,30373-B-6,,CAN,PUR,Q2,6:38,41,19,312,242001,unknwown,ASS,made the assist,125,319575,,,,,,
130887,30373-B-6,,CAN,PUR,Q2,6:26,41,19,313,243000,shot,P2,2pt floating jump shot missed,34,415966,False,2,141,64,,
130887,30373-B-6,,CAN,PUR,Q2,6:23,41,19,314,243002,unknwown,REB,defensive rebound,125,416823,,,,,,
130887,30373-B-6,,CAN,PUR,Q2,6:19,41,21,315,244000,shot,P2,"2PtsFG under the basket, driving layup made",125,416823,True,2,153,36,,
130887,30373-B-6,,CAN,PUR,Q2,6:18,41,21,317,246000,unknwown,FOUL,personal foul; 1 free throw awarded,34,392260,,,,,,
130887,30373-B-6,,CAN,PUR,Q2,6:18,41,21,318,246002,unknwown,RFOUL,foul drawn,125,416823,,,,,,
130887,30373-B-6,,CAN,PUR,Q2,6:18,41,21,319,247000,timeout,TIMO,Timeout,34,,,,,,,
130887,30373-B-6,,CAN,PUR,Q2,6:18,41,21,324,252000,subst,SUBST,Substitution out,34,392260,,,,,OUT,
130887,30373-B-6,,CAN,PUR,Q2,6:18,41,21,325,253000,subst,SUBST,Substitution out,34,415966,,,,,OUT,
130887,30373-B-6,,CAN,PUR,Q2,6:18,41,21,326,254000,subst,SUBST,Substitution out,34,391167,,,,,OUT,
130887,30373-B-6,,CAN,PUR,Q2,6:18,41,21,327,255000,subst,SUBST,Substitution in,34,391168,,,,,IN,
130887,30373-B-6,,CAN,PUR,Q2,6:18,41,21,328,256000,subst,SUBST,Substitution in,34,410952,,,,,IN,
130887,30373-B-6,,CAN,PUR,Q2,6:18,41,21,329,257000,subst,SUBST,Substitution in,34,271788,,,,,IN,
130887,30373-B-6,,CAN,PUR,Q2,6:18,41,21,330,258000,subst,SUBST,Substitution out,125,416822,,,,,OUT,
130887,30373-B-6,,CAN,PUR,Q2,6:18,41,21,331,259000,subst,SUBST,Substitution out,125,343131,,,,,OUT,
130887,30373-B-6,,CAN,PUR,Q2,6:18,41,21,332,260000,subst,SUBST,Substitution out,125,319575,,,,,OUT,
130887,30373-B-6,,CAN,PUR,Q2,6:18,41,21,333,261000,subst,SUBST,Substitution in,125,319576,,,,,IN,
130887,30373-B-6,,CAN,PUR,Q2,6:18,41,21,334,262000,subst,SUBST,Substitution in,125,343088,,,,,IN,
130887,30373-B-6,,CAN,PUR,Q2,6:18,41,21,335,263000,subst,SUBST,Substitution in,125,417164,,,,,IN,
130887,30373-B-6,,CAN,PUR,Q2,6:16,41,22,336,264000,shot,FT,1st free throw made,125,416823,True,1,0,0,,
130887,30373-B-6,,CAN,PUR,Q2,6:10,41,22,341,269000,unknwown,TO,turnover; bad pass,34,271788,,,,,,
130887,30373-B-6,,CAN,PUR,Q2,5:55,41,22,345,273000,shot,P3,3pt jump shot missed,125,343088,False,3,271,27,,
130887,30373-B-6,,CAN,PUR,Q2,5:53,41,22,346,273002,unknwown,REB,defensive rebound,34,271788,,,,,,
130887,30373-B-6,,CAN,PUR,Q2,5:50,41,22,347,274000,shot,P3,3pt jump shot missed,34,391168,False,3,246,117,,
130887,30373-B-6,,CAN,PUR,Q2,5:46,41,22,348,274002,unknwown,REB,offensive rebound,34,410952,,,,,,
130887,30373-B-6,,CAN,PUR,Q2,5:39,41,22,350,276000,unknwown,TO,turnover; out of bounds,34,415968,,,,,,
130887,30373-B-6,,CAN,PUR,Q2,5:32,41,22,352,278000,unknwown,TO,turnover; ball handling,125,416814,,,,,,
130887,30373-B-6,,CAN,PUR,Q2,5:32,41,22,353,278001,unknwown,ST,steal,34,271788,,,,,,
130887,30373-B-6,,CAN,PUR,Q2,5:27,41,22,354,279000,shot,P2,"2PtsFG under the basket, points after turnover, layup missed",34,415968,False,2,127,35,,
130887,30373-B-6,,CAN,PUR,Q2,5:24,41,22,355,279002,unknwown,REB,defensive rebound,125,416823,,,,,,
130887,30373-B-6,,CAN,PUR,Q2,5:20,41,22,357,281000,unknwown,FOUL,personal foul; 2 free throws awarded,34,391168,,,,,,
130887,30373-B-6,,CAN,PUR,Q2,5:20,41,22,358,281002,unknwown,RFOUL,foul drawn,125,416823,,,,,,
130887,30373-B-6,,CAN,PUR,Q2,5:20,41,22,359,282000,subst,SUBST,Substitution out,34,342309,,,,,OUT,
130887,30373-B-6,,CAN,PUR,Q2,5:20,41,22,360,283000,subst,SUBST,Substitution in,34,367540,,,,,IN,
130887,30373-B-6,,CAN,PUR,Q2,5:20,41,23,361,284000,shot,FT,1st of 2 free throws made,125,416823,True,1,0,0,,
130887,30373-B-6,,CAN,PUR,Q2,5:20,41,24,362,285000,shot,FT,2nd of 2 free throws made,125,416823,True,1,0,0,,
130887,30373-B-6,,CAN,PUR,Q2,4:56,41,24,364,287000,shot,P3,3pt jump shot missed,34,410952,False,3,273,29,,
130887,30373-B-6,,CAN,PUR,Q2,4:52,41,24,365,287002,unknwown,REB,offensive rebound,34,415968,,,,,,
130887,30373-B-6,,CAN,PUR,Q2,4:49,41,24,366,288000,shot,P2,"2PtsFG under the basket, driving layup missed",34,415968,False,2,154,40,,
130887,30373-B-6,,CAN,PUR,Q2,4:44,41,24,367,288002,unknwown,REB,offensive rebound,34,410952,,,,,,
130887,30373-B-6,,CAN,PUR,Q2,4:43,41,24,368,289000,shot,P2,layup missed,34,410952,False,2,117,53,,
130887,30373-B-6,,CAN,PUR,Q2,4:43,41,24,369,289001,unknwown,BS,blocked the shot,125,416823,,,,,,
130887,30373-B-6,,CAN,PUR,Q2,4:39,41,24,370,289002,unknwown,TREB,team offensive rebound,34,,,,,,,
130887,30373-B-6,,CAN,PUR,Q2,4:32,41,24,375,294000,shot,P3,3pt jump shot missed,34,391168,False,3,7,14,,
130887,30373-B-6,,CAN,PUR,Q2,4:29,41,24,376,294002,unknwown,REB,defensive rebound,125,319576,,,,,,
130887,30373-B-6,,CAN,PUR,Q2,4:28,41,24,377,295000,shot,P2,"2PtsFG under the basket, driving layup missed",125,319576,False,2,142,35,,
130887,30373-B-6,,CAN,PUR,Q2,4:25,41,24,378,295002,unknwown,REB,defensive rebound,34,391168,,,,,,
130887,30373-B-6,,CAN,PUR,Q2,4:20,41,24,379,296000,shot,P3,3pt jump shot missed,34,391168,False,3,12,17,,
130887,30373-B-6,,CAN,PUR,Q2,4:14,41,24,380,296002,unknwown,REB,defensive rebound,125,417164,,,,,,
130887,30373-B-6,,CAN,PUR,Q2,3:59,41,24,381,297000,shot,P3,3pt jump shot from center missed,125,416823,False,3,93,167,,
130887,30373-B-6,,CAN,PUR,Q2,3:55,41,24,382,297002,unknwown,REB,defensive rebound,34,367540,,,,,,
130887,30373-B-6,,CAN,PUR,Q2,3:51,41,24,384,299000,unknwown,TO,turnover; out of bounds,34,410952,,,,,,
130887,30373-B-6,,CAN,PUR,Q2,3:51,41,24,385,300000,subst,SUBST,Substitution out,34,415968,,,,,OUT,
130887,30373-B-6,,CAN,PUR,Q2,3:51,41,24,386,301000,subst,SUBST,Substitution out,34,391168,,,,,OUT,
130887,30373-B-6,,CAN,PUR,Q2,3:51,41,24,387,302000,subst,SUBST,Substitution out,34,367540,,,,,OUT,
130887,30373-B-6,,CAN,PUR,Q2,3:51,41,24,388,303000,subst,SUBST,Substitution out,34,271788,,,,,OUT,
130887,30373-B-6,,CAN,PUR,Q2,3:51,41,24,389,304000,subst,SUBST,Substitution in,34,415966,,,,,IN,
130887,30373-B-6,,CAN,PUR,Q2,3:51,41,24,390,305000,subst,SUBST,Substitution in,34,342682,,,,,IN,
130887,30373-B-6,,CAN,PUR,Q2,3:51,41,24,391,306000,subst,SUBST,Substitution in,34,391167,,,,,IN,
130887,30373-B-6,,CAN,PUR,Q2,3:51,41,24,392,307000,subst,SUBST,Substitution in,34,342309,,,,,IN,
130887,30373-B-6,,CAN,PUR,Q2,3:51,41,24,393,308000,subst,SUBST,Substitution out,125,319576,,,,,OUT,
130887,30373-B-6,,CAN,PUR,Q2,3:51,41,24,394,309000,subst,SUBST,Substitution out,125,416823,,,,,OUT,
130887,30373-B-6,,CAN,PUR,Q2,3:51,41,24,395,310000,subst,SUBST,Substitution in,125,416822,,,,,IN,
130887,30373-B-6,,CAN,PUR,Q2,3:51,41,24,396,311000,subst,SUBST,Substitution in,125,319586,,,,,IN,
130887,30373-B-6,,CAN,PUR,Q2,3:42,41,24,398,313000,shot,P3,3pt jump shot missed,125,417164,False,3,247,118,,
130887,30373-B-6,,CAN,PUR,Q2,3:37,41,24,399,313002,unknwown,REB,defensive rebound,34,342309,,,,,,
130887,30373-B-6,,CAN,PUR,Q2,3:33,41,24,400,314000,shot,P3,3pt jump shot missed,34,342682,False,3,34,123,,
130887,30373-B-6,,CAN,PUR,Q2,3:29,41,24,401,314002,unknwown,REB,defensive rebound,125,417164,,,,,,
130887,30373-B-6,,CAN,PUR,Q2,3:26,41,24,403,316000,unknwown,FOUL,offensive foul,125,417164,,,,,,
130887,30373-B-6,,CAN,PUR,Q2,3:26,41,24,404,316001,unknwown,TO,turnover,125,417164,,,,,,
130887,30373-B-6,,CAN,PUR,Q2,3:26,41,24,405,316002,unknwown,RFOUL,foul drawn,34,410952,,,,,,
130887,30373-B-6,,CAN,PUR,Q2,3:15,41,24,407,318000,shot,P2,"2PtsFG under the basket, points after turnover, driving layup missed",34,415966,False,2,126,40,,
130887,30373-B-6,,CAN,PUR,Q2,3:12,41,24,408,318002,unknwown,REB,defensive rebound,125,417164,,,,,,
130887,30373-B-6,,CAN,PUR,Q2,3:03,41,24,410,320000,unknwown,TO,turnover; travelling,125,417164,,,,,,
130887,30373-B-6,,CAN,PUR,Q2,3:03,41,24,411,321000,subst,SUBST,Substitution out,125,417164,,,,,OUT,
130887,30373-B-6,,CAN,PUR,Q2,3:03,41,24,412,322000,subst,SUBST,Substitution in,125,384042,,,,,IN,
130887,30373-B-6,,CAN,PUR,Q2,3:03,41,24,413,323000,subst,SUBST,Substitution out,34,410952,,,,,OUT,
130887,30373-B-6,,CAN,PUR,Q2,3:03,41,24,414,324000,subst,SUBST,Substitution in,34,415967,,,,,IN,
130887,30373-B-6,,CAN,PUR,Q2,2:52,43,24,416,326000,shot,P2,2pt turnaround jump shot made,34,342309,True,2,139,56,,
130887,30373-B-6,,CAN,PUR,Q2,2:52,43,24,417,326001,unknwown,ASS,made the assist,34,415966,,,,,,
130887,30373-B-6,,CAN,PUR,Q2,2:29,43,24,418,327000,shot,P3,3pt jump shot missed,125,416822,False,3,272,14,,
130887,30373-B-6,,CAN,PUR,Q2,2:26,43,24,419,327002,unknwown,REB,defensive rebound,34,342309,,,,,,
130887,30373-B-6,,CAN,PUR,Q2,2:24,43,24,421,329000,unknwown,TO,turnover; ball handling,34,391167,,,,,,
130887,30373-B-6,,CAN,PUR,Q2,2:24,43,24,422,329001,unknwown,ST,steal,125,319586,,,,,,
130887,30373-B-6,,CAN,PUR,Q2,2:24,43,24,423,330000,subst,SUBST,Substitution out,125,416822,,,,,OUT,
130887,30373-B-6,,CAN,PUR,Q2,2:24,43,24,424,331000,subst,SUBST,Substitution out,125,343088,,,,,OUT,
130887,30373-B-6,,CAN,PUR,Q2,2:24,43,24,425,332000,subst,SUBST,Substitution in,125,416819,,,,,IN,
130887,30373-B-6,,CAN,PUR,Q2,2:24,43,24,426,333000,subst,SUBST,Substitution in,125,319575,,,,,IN,
130887,30373-B-6,,CAN,PUR,Q2,2:03,43,24,431,338000,unknwown,TO,turnover; bad pass,125,319575,,,,,,
130887,30373-B-6,,CAN,PUR,Q2,1:47,43,24,433,340000,shot,P2,"2PtsFG under the basket, points after turnover, reverse lay-up missed",34,342309,False,2,119,29,,
130887,30373-B-6,,CAN,PUR,Q2,1:44,43,24,434,340002,unknwown,REB,defensive rebound,125,416814,,,,,,
130887,30373-B-6,,CAN,PUR,Q2,1:31,43,24,435,341000,shot,P2,2pt jump shot missed,125,319586,False,2,105,69,,
130887,30373-B-6,,CAN,PUR,Q2,1:28,43,24,436,341002,unknwown,REB,defensive rebound,34,342309,,,,,,
130887,30373-B-6,,CAN,PUR,Q2,1:21,43,24,440,345000,timeout,TIMO,Timeout,34,,,,,,,
130887,30373-B-6,,CAN,PUR,Q2,1:21,43,24,441,346000,shot,P2,"2PtsFG under the basket, alley oop lay-up missed",34,342309,False,2,152,39,,
130887,30373-B-6,,CAN,PUR,Q2,1:21,43,24,442,346002,unknwown,REB,offensive rebound,34,342309,,,,,,
130887,30373-B-6,,CAN,PUR,Q2,1:21,43,24,443,347000,shot,P2,2PtsFG under the basket missed,34,342309,False,2,140,31,,
130887,30373-B-6,,CAN,PUR,Q2,1:21,43,24,444,347002,unknwown,REB,offensive rebound,34,342682,,,,,,
130887,30373-B-6,,CAN,PUR,Q2,1:21,45,24,445,348000,shot,P2,"2PtsFG under the basket, dunk made",34,342682,True,2,128,38,,
130887,30373-B-6,,CAN,PUR,Q2,1:12,45,24,447,350000,shot,P2,"2PtsFG under the basket, driving layup missed",125,416814,False,2,120,30,,
130887,30373-B-6,,CAN,PUR,Q2,1:09,45,24,448,350002,unknwown,REB,defensive rebound,34,342682,,,,,,
130887,30373-B-6,,CAN,PUR,Q2,1:06,47,24,449,351000,shot,P2,"2PtsFG under the basket, fast break, alley oop lay-up made",34,342309,True,2,135,28,,
130887,30373-B-6,,CAN,PUR,Q2,1:06,47,24,450,351001,unknwown,ASS,made the assist,34,415967,,,,,,
130887,30373-B-6,,CAN,PUR,Q2,1:00,47,24,452,353000,subst,SUBST,Substitution out,34,342309,,,,,OUT,
130887,30373-B-6,,CAN,PUR,Q2,1:00,47,24,453,354000,subst,SUBST,Substitution in,34,415963,,,,,IN,
130887,30373-B-6,,CAN,PUR,Q2,0:44,47,24,455,356000,unknwown,TO,turnover; bad pass,125,319575,,,,,,
130887,30373-B-6,,CAN,PUR,Q2,0:44,47,24,456,356001,unknwown,ST,steal,34,415966,,,,,,
130887,30373-B-6,,CAN,PUR,Q2,0:38,49,24,457,357000,shot,P2,"2PtsFG under the basket, points from fastbreak + after turnover, alley oop dunk made",34,391167,True,2,148,28,,
130887,30373-B-6,,CAN,PUR,Q2,0:38,49,24,458,357001,unknwown,ASS,made the assist,34,415966,,,,,,
130887,30373-B-6,,CAN,PUR,Q2,0:16,49,24,461,360000,shot,P2,2pt floating jump shot missed,125,416819,False,2,119,58,,
130887,30373-B-6,,CAN,PUR,Q2,0:13,49,24,462,360002,unknwown,REB,offensive rebound,125,384042,,,,,,
130887,30373-B-6,,CAN,PUR,Q2,0:12,49,26,463,361000,shot,P2,"2PtsFG under the basket, pullup jump shot made",125,384042,True,2,148,31,,
130887,30373-B-6,,CAN,PUR,Q2,0:00,49,26,467,365000,periods,ENDP,End of Period,,,,,,,,
130887,30373-B-6,,CAN,PUR,Q3,10:00,49,26,468,366000,subst,SUBST,Substitution out,34,342682,,,,,OUT,
130887,30373-B-6,,CAN,PUR,Q3,10:00,49,26,469,367000,subst,SUBST,Substitution out,34,415967,,,,,OUT,
130887,30373-B-6,,CAN,PUR,Q3,10:00,49,26,470,368000,subst,SUBST,Substitution out,34,391167,,,,,OUT,
130887,30373-B-6,,CAN,PUR,Q3,10:00,49,26,471,369000,subst,SUBST,Substitution out,34,415963,,,,,OUT,
130887,30373-B-6,,CAN,PUR,Q3,10:00,49,26,472,370000,subst,SUBST,Substitution in,34,391168,,,,,IN,
130887,30373-B-6,,CAN,PUR,Q3,10:00,49,26,473,371000,subst,SUBST,Substitution in,34,367540,,,,,IN,
130887,30373-B-6,,CAN,PUR,Q3,10:00,49,26,474,372000,subst,SUBST,Substitution in,34,342309,,,,,IN,
130887,30373-B-6,,CAN,PUR,Q3,10:00,49,26,475,373000,subst,SUBST,Substitution in,34,410952,,,,,IN,
130887,30373-B-6,,CAN,PUR,Q3,10:00,49,26,476,374000,subst,SUBST,Substitution out,125,416819,,,,,OUT,
130887,30373-B-6,,CAN,PUR,Q3,10:00,49,26,477,375000,subst,SUBST,Substitution out,125,416814,,,,,OUT,
130887,30373-B-6,,CAN,PUR,Q3,10:00,49,26,478,376000,subst,SUBST,Substitution out,125,384042,,,,,OUT,
130887,30373-B-6,,CAN,PUR,Q3,10:00,49,26,479,377000,subst,SUBST,Substitution in,125,416820,,,,,IN,
130887,30373-B-6,,CAN,PUR,Q3,10:00,49,26,480,378000,subst,SUBST,Substitution in,125,417164,,,,,IN,
130887,30373-B-6,,CAN,PUR,Q3,10:00,49,26,481,379000,subst,SUBST,Substitution in,125,343131,,,,,IN,
130887,30373-B-6,,CAN,PUR,Q3,10:00,49,26,482,380000,periods,STARTP,Start of Period,,,,,,,,
130887,30373-B-6,,CAN,PUR,Q3,10:00,49,26,484,382000,shot,P2,2pt step back jump shot missed,125,417164,False,2,139,91,,
130887,30373-B-6,,CAN,PUR,Q3,9:56,49,26,485,382002,unknwown,REB,defensive rebound,34,342309,,,,,,
130887,30373-B-6,,CAN,PUR,Q3,9:47,49,26,486,383000,shot,P3,3pt jump shot missed,34,415966,False,3,53,146,,
130887,30373-B-6,,CAN,PUR,Q3,9:43,49,26,487,383002,unknwown,REB,defensive rebound,125,416820,,,,,,
130887,30373-B-6,,CAN,PUR,Q3,9:36,49,26,488,384000,unknwown,TO,turnover; bad pass,125,319586,,,,,,
130887,30373-B-6,,CAN,PUR,Q3,9:36,49,26,489,384001,unknwown,ST,steal,34,391168,,,,,,
130887,30373-B-6,,CAN,PUR,Q3,9:31,51,26,490,385000,shot,P2,"2PtsFG under the basket, points from fastbreak + after turnover, driving layup made",34,391168,True,2,122,27,,
130887,30373-B-6,,CAN,PUR,Q3,9:31,51,26,491,385001,unknwown,ASS,made the assist,34,415966,,,,,,
130887,30373-B-6,,CAN,PUR,Q3,9:09,51,26,493,387000,shot,P2,"2PtsFG under the basket, driving layup missed",125,343131,False,2,122,27,,
130887,30373-B-6,,CAN,PUR,Q3,9:09,51,26,494,387001,unknwown,BS,blocked the shot,34,342309,,,,,,
130887,30373-B-6,,CAN,PUR,Q3,9:09,51,26,495,387002,unknwown,TREB,team offensive rebound,125,,,,,,,
130887,30373-B-6,,CAN,PUR,Q3,9:02,51,26,500,392000,unknwown,TO,turnover; out of bounds,125,417164,,,,,,
130887,30373-B-6,,CAN,PUR,Q3,8:34,51,26,504,396000,shot,P2,"2PtsFG under the basket, points after turnover, reverse lay-up missed",34,342309,False,2,153,29,,
130887,30373-B-6,,CAN,PUR,Q3,8:34,51,26,505,396001,unknwown,BS,blocked the shot,125,416820,,,,,,
130887,30373-B-6,,CAN,PUR,Q3,8:29,51,26,506,396002,unknwown,REB,defensive rebound,125,319575,,,,,,
130887,30373-B-6,,CAN,PUR,Q3,8:22,51,26,507,397000,shot,P3,3pt jump shot from center missed,125,319575,False,3,155,171,,
130887,30373-B-6,,CAN,PUR,Q3,8:16,51,26,508,397002,unknwown,REB,defensive rebound,34,410952,,,,,,
130887,30373-B-6,,CAN,PUR,Q3,8:13,53,26,509,398000,shot,P2,"2PtsFG under the basket, alley oop dunk made",34,342309,True,2,138,26,,
130887,30373-B-6,,CAN,PUR,Q3,8:13,53,26,510,398001,unknwown,ASS,made the assist,34,391168,,,,,,
130887,30373-B-6,,CAN,PUR,Q3,7:56,53,26,511,399000,shot,P2,2pt floating jump shot missed,125,319575,False,2,167,47,,
130887,30373-B-6,,CAN,PUR,Q3,7:54,53,26,512,399002,unknwown,REB,defensive rebound,34,342309,,,,,,
130887,30373-B-6,,CAN,PUR,Q3,7:50,55,26,513,400000,shot,P2,"2PtsFG under the basket, fast break, layup made",34,415966,True,2,152,29,,
130887,30373-B-6,,CAN,PUR,Q3,7:50,55,26,514,400001,unknwown,ASS,made the assist,34,391168,,,,,,
130887,30373-B-6,,CAN,PUR,Q3,7:28,55,26,516,402000,unknwown,TO,turnover; bad pass,125,417164,,,,,,
130887,30373-B-6,,CAN,PUR,Q3,7:17,55,26,520,406000,unknwown,TO,turnover; bad pass,34,391168,,,,,,
130887,30373-B-6,,CAN,PUR,Q3,7:17,55,26,521,406001,unknwown,ST,steal,125,417164,,,,,,
130887,30373-B-6,,CAN,PUR,Q3,7:12,55,26,522,407000,unknwown,TO,turnover; bad pass,125,319575,,,,,,
130887,30373-B-6,,CAN,PUR,Q3,7:12,55,26,523,407001,unknwown,ST,steal,34,410952,,,,,,
130887,30373-B-6,,CAN,PUR,Q3,7:06,58,26,524,408000,shot,P3,"3PtsFG outside left, points from fastbreak + after turnover, jump shot made",34,410952,True,3,22,103,,
130887,30373-B-6,,CAN,PUR,Q3,7:06,58,26,525,408001,unknwown,ASS,made the assist,34,391168,,,,,,
130887,30373-B-6,,CAN,PUR,Q3,7:01,58,26,527,410000,timeout,TIMO,Timeout,125,,,,,,,
130887,30373-B-6,,CAN,PUR,Q3,7:01,58,26,528,411000,subst,SUBST,Substitution out,34,415966,,,,,OUT,
130887,30373-B-6,,CAN,PUR,Q3,7:01,58,26,529,412000,subst,SUBST,Substitution out,34,342309,,,,,OUT,
130887,30373-B-6,,CAN,PUR,Q3,7:01,58,26,530,413000,subst,SUBST,Substitution in,34,392260,,,,,IN,
130887,30373-B-6,,CAN,PUR,Q3,7:01,58,26,531,414000,subst,SUBST,Substitution in,34,342682,,,,,IN,
130887,30373-B-6,,CAN,PUR,Q3,7:01,58,26,532,415000,subst,SUBST,Substitution out,125,319586,,,,,OUT,
130887,30373-B-6,,CAN,PUR,Q3,7:01,58,26,533,416000,subst,SUBST,Substitution out,125,416820,,,,,OUT,
130887,30373-B-6,,CAN,PUR,Q3,7:01,58,26,534,417000,subst,SUBST,Substitution out,125,417164,,,,,OUT,
130887,30373-B-6,,CAN,PUR,Q3,7:01,58,26,535,418000,subst,SUBST,Substitution out,125,343131,,,,,OUT,
130887,30373-B-6,,CAN,PUR,Q3,7:01,58,26,536,419000,subst,SUBST,Substitution out,125,319575,,,,,OUT,
130887,30373-B-6,,CAN,PUR,Q3,7:01,58,26,537,420000,subst,SUBST,Substitution in,125,416822,,,,,IN,
130887,30373-B-6,,CAN,PUR,Q3,7:01,58,26,538,421000,subst,SUBST,Substitution in,125,319576,,,,,IN,
130887,30373-B-6,,CAN,PUR,Q3,7:01,58,26,539,422000,subst,SUBST,Substitution in,125,416819,,,,,IN,
130887,30373-B-6,,CAN,PUR,Q3,7:01,58,26,540,423000,subst,SUBST,Substitution in,125,416823,,,,,IN,
130887,30373-B-6,,CAN,PUR,Q3,7:01,58,26,541,424000,subst,SUBST,Substitution in,125,416814,,,,,IN,
130887,30373-B-6,,CAN,PUR,Q3,6:53,58,26,543,426000,shot,P2,2pt jump shot missed,125,416823,False,2,148,64,,
130887,30373-B-6,,CAN,PUR,Q3,6:51,58,26,544,426002,unknwown,REB,defensive rebound,34,367540,,,,,,
130887,30373-B-6,,CAN,PUR,Q3,6:33,60,26,545,427000,shot,P2,"2PtsFG under the basket, alley oop lay-up made",34,342682,True,2,153,26,,
130887,30373-B-6,,CAN,PUR,Q3,6:33,60,26,546,427001,unknwown,ASS,made the assist,34,391168,,,,,,
130887,30373-B-6,,CAN,PUR,Q3,6:13,60,29,547,428000,shot,P3,3pt jump shot made,125,416819,True,3,266,83,,
130887,30373-B-6,,CAN,PUR,Q3,6:13,60,29,548,428001,unknwown,ASS,made the assist,125,416814,,,,,,
130887,30373-B-6,,CAN,PUR,Q3,5:54,63,29,549,429000,shot,P3,3pt jump shot made,34,392260,True,3,49,140,,
130887,30373-B-6,,CAN,PUR,Q3,5:54,63,29,550,429001,unknwown,ASS,made the assist,34,391168,,,,,,
130887,30373-B-6,,CAN,PUR,Q3,5:41,63,29,551,430000,unknwown,TO,turnover; ball handling,125,319576,,,,,,
130887,30373-B-6,,CAN,PUR,Q3,5:41,63,29,552,430001,unknwown,ST,steal,34,391168,,,,,,
130887,30373-B-6,,CAN,PUR,Q3,5:33,65,29,553,431000,shot,P2,"2PtsFG under the basket, points from fastbreak + after turnover, dunk made",34,391168,True,2,141,30,,
130887,30373-B-6,,CAN,PUR,Q3,5:07,65,29,554,432000,shot,P2,"2PtsFG under the basket, pullup jump shot missed",125,416823,False,2,128,26,,
130887,30373-B-6,,CAN,PUR,Q3,5:05,65,29,555,432002,unknwown,REB,defensive rebound,34,367540,,,,,,
130887,30373-B-6,,CAN,PUR,Q3,5:01,65,29,557,434000,unknwown,TO,turnover; out of bounds,34,410952,,,,,,
130887,30373-B-6,,CAN,PUR,Q3,5:01,65,29,558,435000,subst,SUBST,Substitution out,34,391168,,,,,OUT,
130887,30373-B-6,,CAN,PUR,Q3,5:01,65,29,559,436000,subst,SUBST,Substitution out,34,367540,,,,,OUT,
130887,30373-B-6,,CAN,PUR,Q3,5:01,65,29,560,437000,subst,SUBST,Substitution out,34,410952,,,,,OUT,
130887,30373-B-6,,CAN,PUR,Q3,5:01,65,29,561,438000,subst,SUBST,Substitution in,34,391167,,,,,IN,
130887,30373-B-6,,CAN,PUR,Q3,5:01,65,29,562,439000,subst,SUBST,Substitution in,34,271788,,,,,IN,
130887,30373-B-6,,CAN,PUR,Q3,5:01,65,29,563,440000,subst,SUBST,Substitution in,34,415963,,,,,IN,
130887,30373-B-6,,CAN,PUR,Q3,4:50,65,32,565,442000,shot,P3,3pt jump shot made,125,416822,True,3,40,119,,
130887,30373-B-6,,CAN,PUR,Q3,4:50,65,32,566,442001,unknwown,ASS,made the assist,125,319576,,,,,,
130887,30373-B-6,,CAN,PUR,Q3,4:36,65,32,567,443000,shot,P3,3pt jump shot missed,34,391167,False,3,275,8,,
130887,30373-B-6,,CAN,PUR,Q3,4:33,65,32,568,443002,unknwown,REB,offensive rebound,34,415963,,,,,,
130887,30373-B-6,,CAN,PUR,Q3,4:31,65,32,570,444000,shot,P2,"2PtsFG under the basket, jump shot missed",34,415963,False,2,125,38,,
130887,30373-B-6,,CAN,PUR,Q3,4:28,65,32,571,444002,unknwown,REB,offensive rebound,34,271788,,,,,,
130887,30373-B-6,,CAN,PUR,Q3,4:21,65,32,572,445000,shot,P3,3pt jump shot missed,34,392260,False,3,14,84,,
130887,30373-B-6,,CAN,PUR,Q3,4:18,65,32,573,445002,unknwown,REB,offensive rebound,34,271788,,,,,,
130887,30373-B-6,,CAN,PUR,Q3,4:11,65,32,575,447000,unknwown,TO,turnover; bad pass,34,271788,,,,,,
130887,30373-B-6,,CAN,PUR,Q3,3:44,65,32,578,450000,shot,P3,3pt jump shot missed,125,416822,False,3,136,171,,
130887,30373-B-6,,CAN,PUR,Q3,3:44,65,32,579,450002,unknwown,TREB,team defensive rebound,34,,,,,,,
130887,30373-B-6,,CAN,PUR,Q3,3:33,65,32,584,455000,unknwown,FOUL,personal foul; 2 free throws awarded,125,416823,,,,,,
130887,30373-B-6,,CAN,PUR,Q3,3:33,65,32,585,455002,unknwown,RFOUL,foul drawn,34,391167,,,,,,
130887,30373-B-6,,CAN,PUR,Q3,3:33,65,32,586,456000,subst,SUBST,Substitution out,34,342682,,,,,OUT,
130887,30373-B-6,,CAN,PUR,Q3,3:33,65,32,587,457000,subst,SUBST,Substitution in,34,415968,,,,,IN,
130887,30373-B-6,,CAN,PUR,Q3,3:33,65,32,588,458000,shot,FT,1st of 2 free throws missed,34,391167,False,1,0,0,,
130887,30373-B-6,,CAN,PUR,Q3,3:33,66,32,589,459000,shot,FT,2nd of 2 free throws made,34,391167,True,1,0,0,,
130887,30373-B-6,,CAN,PUR,Q3,3:26,66,32,594,464000,unknwown,FOUL,personal foul; 2 free throws awarded,34,391167,,,,,,
130887,30373-B-6,,CAN,PUR,Q3,3:26,66,32,595,464002,unknwown,RFOUL,foul drawn,125,319576,,,,,,
130887,30373-B-6,,CAN,PUR,Q3,3:26,66,32,596,465000,shot,FT,1st of 2 free throws missed,125,319576,False,1,0,0,,
130887,30373-B-6,,CAN,PUR,Q3,3:26,66,33,597,466000,shot,FT,2nd of 2 free throws made,125,319576,True,1,0,0,,
130887,30373-B-6,,CAN,PUR,Q3,3:13,66,33,602,471000,unknwown,FOUL,personal foul,125,416819,,,,,,
130887,30373-B-6,,CAN,PUR,Q3,3:13,66,33,603,471002,unknwown,RFOUL,foul drawn,34,271788,,,,,,
130887,30373-B-6,,CAN,PUR,Q3,3:08,66,33,605,473000,shot,P2,2pt step back jump shot missed,34,271788,False,2,206,44,,
130887,30373-B-6,,CAN,PUR,Q3,3:08,66,33,606,473001,unknwown,BS,blocked the shot,125,416814,,,,,,
130887,30373-B-6,,CAN,PUR,Q3,2:59,66,33,607,473002,unknwown,TREB,team defensive rebound,125,,,,,,,
130887,30373-B-6,,CAN,PUR,Q3,2:49,66,33,610,476000,shot,P2,2pt turnaround jump shot missed,125,416823,False,2,156,64,,
130887,30373-B-6,,CAN,PUR,Q3,2:49,66,33,611,476001,unknwown,BS,blocked the shot,34,415968,,,,,,
130887,30373-B-6,,CAN,PUR,Q3,2:45,66,33,612,476002,unknwown,REB,offensive rebound,125,416822,,,,,,
130887,30373-B-6,,CAN,PUR,Q3,2:37,66,33,613,477000,shot,P2,2pt pullup jump shot missed,125,416819,False,2,24,20,,
130887,30373-B-6,,CAN,PUR,Q3,2:34,66,33,614,477002,unknwown,REB,defensive rebound,34,391167,,,,,,
130887,30373-B-6,,CAN,PUR,Q3,2:31,68,33,615,478000,shot,P2,"2PtsFG under the basket, driving layup made",34,415968,True,2,134,38,,
130887,30373-B-6,,CAN,PUR,Q3,2:09,68,33,616,479000,shot,P2,"2PtsFG inside center, jump shot missed",125,416822,False,2,173,108,,
130887,30373-B-6,,CAN,PUR,Q3,2:06,68,33,617,479002,unknwown,REB,defensive rebound,34,271788,,,,,,
130887,30373-B-6,,CAN,PUR,Q3,2:04,68,33,619,481000,unknwown,TO,turnover; out of bounds,34,392260,,,,,,
130887,30373-B-6,,CAN,PUR,Q3,2:04,68,33,620,482000,subst,SUBST,Substitution out,34,391167,,,,,OUT,
130887,30373-B-6,,CAN,PUR,Q3,2:04,68,33,621,483000,subst,SUBST,Substitution in,34,415967,,,,,IN,
130887,30373-B-6,,CAN,PUR,Q3,2:04,68,33,622,484000,subst,SUBST,Substitution out,125,416819,,,,,OUT,
130887,30373-B-6,,CAN,PUR,Q3,2:04,68,33,623,485000,subst,SUBST,Substitution out,125,416823,,,,,OUT,
130887,30373-B-6,,CAN,PUR,Q3,2:04,68,33,624,486000,subst,SUBST,Substitution out,125,416814,,,,,OUT,
130887,30373-B-6,,CAN,PUR,Q3,2:04,68,33,625,487000,subst,SUBST,Substitution in,125,343088,,,,,IN,
130887,30373-B-6,,CAN,PUR,Q3,2:04,68,33,626,488000,subst,SUBST,Substitution in,125,416820,,,,,IN,
130887,30373-B-6,,CAN,PUR,Q3,2:04,68,33,627,489000,subst,SUBST,Substitution in,125,384042,,,,,IN,
130887,30373-B-6,,CAN,PUR,Q3,1:44,68,33,629,491000,shot,P2,"2PtsFG inside left, points after turnover, jump shot missed",125,416820,False,2,66,55,,
130887,30373-B-6,,CAN,PUR,Q3,1:42,68,33,630,491002,unknwown,REB,defensive rebound,34,392260,,,,,,
130887,30373-B-6,,CAN,PUR,Q3,1:35,68,33,631,492000,shot,P2,"2PtsFG inside center, jump shot missed",34,415963,False,2,108,146,,
130887,30373-B-6,,CAN,PUR,Q3,1:32,68,33,632,492002,unknwown,REB,defensive rebound,125,416822,,,,,,
130887,30373-B-6,,CAN,PUR,Q3,1:24,68,36,633,493000,shot,P3,3pt jump shot made,125,384042,True,3,273,23,,
130887,30373-B-6,,CAN,PUR,Q3,1:24,68,36,634,493001,unknwown,ASS,made the assist,125,416822,,,,,,
130887,30373-B-6,,CAN,PUR,Q3,1:12,68,36,635,494000,shot,P3,3pt jump shot missed,34,415967,False,3,253,112,,
130887,30373-B-6,,CAN,PUR,Q3,1:06,68,36,636,494002,unknwown,REB,defensive rebound,125,319576,,,,,,
130887,30373-B-6,,CAN,PUR,Q3,0:57,68,36,637,495000,unknwown,TO,turnover; bad pass,125,343088,,,,,,
130887,30373-B-6,,CAN,PUR,Q3,0:57,68,36,638,495001,unknwown,ST,steal,34,271788,,,,,,
130887,30373-B-6,,CAN,PUR,Q3,0:53,68,36,640,497000,unknwown,FOUL,personal foul; 2 free throws awarded,125,416822,,,,,,
130887,30373-B-6,,CAN,PUR,Q3,0:53,68,36,641,497002,unknwown,RFOUL,foul drawn,34,271788,,,,,,
130887,30373-B-6,,CAN,PUR,Q3,0:53,68,36,642,498000,subst,SUBST,Substitution out,125,416822,,,,,OUT,
130887,30373-B-6,,CAN,PUR,Q3,0:53,68,36,643,499000,subst,SUBST,Substitution out,125,319576,,,,,OUT,
130887,30373-B-6,,CAN,PUR,Q3,0:53,68,36,644,500000,subst,SUBST,Substitution in,125,416819,,,,,IN,
130887,30373-B-6,,CAN,PUR,Q3,0:53,68,36,645,501000,subst,SUBST,Substitution in,125,417164,,,,,IN,
130887,30373-B-6,,CAN,PUR,Q3,0:53,69,36,646,502000,shot,FT,Free throw made 1 of 2,34,271788,True,1,0,0,,
130887,30373-B-6,,CAN,PUR,Q3,0:53,69,36,647,503000,shot,FT,Free throw missed 2 of 2,34,271788,False,1,0,0,,
130887,30373-B-6,,CAN,PUR,Q3,0:53,69,36,649,503002,unknwown,REB,offensive rebound,34,415963,,,,,,
130887,30373-B-6,,CAN,PUR,Q3,0:51,69,36,650,505000,shot,P2,"2PtsFG under the basket, layup missed",34,415963,False,2,119,36,,
130887,30373-B-6,,CAN,PUR,Q3,0:51,69,36,651,505001,unknwown,BS,blocked the shot,125,384042,,,,,,
130887,30373-B-6,,CAN,PUR,Q3,0:47,69,36,652,505002,unknwown,REB,defensive rebound,125,384042,,,,,,
130887,30373-B-6,,CAN,PUR,Q3,0:44,69,36,654,507000,unknwown,TO,turnover; out of bounds,125,417164,,,,,,
130887,30373-B-6,,CAN,PUR,Q3,0:33,72,36,656,509000,shot,P3,3pt jump shot made,34,392260,True,3,9,23,,
130887,30373-B-6,,CAN,PUR,Q3,0:33,72,36,657,509001,unknwown,ASS,made the assist,34,415963,,,,,,
130887,30373-B-6,,CAN,PUR,Q3,0:14,72,36,658,510000,shot,P3,3pt jump shot missed,125,417164,False,3,65,149,,
130887,30373-B-6,,CAN,PUR,Q3,0:10,72,36,659,510002,unknwown,REB,defensive rebound,34,415963,,,,,,
130887,30373-B-6,,CAN,PUR,Q3,0:05,72,36,662,513000,shot,P2,"2PtsFG under the basket, driving layup missed",34,415967,False,2,153,38,,
130887,30373-B-6,,CAN,PUR,Q3,0:00,72,36,668,513002,unknwown,TREB,team defensive rebound,125,,,,,,,
130887,30373-B-6,,CAN,PUR,Q3,0:00,72,36,671,521000,periods,ENDP,End of Period,,,,,,,,
130887,30373-B-6,,CAN,PUR,Q4,10:00,72,36,672,522000,subst,SUBST,Substitution out,34,392260,,,,,OUT,
130887,30373-B-6,,CAN,PUR,Q4,10:00,72,36,673,523000,subst,SUBST,Substitution out,34,415968,,,,,OUT,
130887,30373-B-6,,CAN,PUR,Q4,10:00,72,36,674,524000,subst,SUBST,Substitution out,34,415967,,,,,OUT,
130887,30373-B-6,,CAN,PUR,Q4,10:00,72,36,675,525000,subst,SUBST,Substitution out,34,271788,,,,,OUT,
130887,30373-B-6,,CAN,PUR,Q4,10:00,72,36,676,526000,subst,SUBST,Substitution out,34,415963,,,,,OUT,
130887,30373-B-6,,CAN,PUR,Q4,10:00,72,36,677,527000,subst,SUBST,Substitution in,34,415966,,,,,IN,
130887,30373-B-6,,CAN,PUR,Q4,10:00,72,36,678,528000,subst,SUBST,Substitution in,34,391168,,,,,IN,
130887,30373-B-6,,CAN,PUR,Q4,10:00,72,36,679,529000,subst,SUBST,Substitution in,34,367540,,,,,IN,
130887,30373-B-6,,CAN,PUR,Q4,10:00,72,36,680,530000,subst,SUBST,Substitution in,34,342309,,,,,IN,
130887,30373-B-6,,CAN,PUR,Q4,10:00,72,36,681,531000,subst,SUBST,Substitution in,34,410952,,,,,IN,
130887,30373-B-6,,CAN,PUR,Q4,10:00,72,36,682,532000,periods,STARTP,Start of Period,,,,,,,,
130887,30373-B-6,,CAN,PUR,Q4,9:50,74,36,684,534000,shot,P2,"2PtsFG under the basket, dunk made",34,410952,True,2,136,29,,
130887,30373-B-6,,CAN,PUR,Q4,9:50,74,36,685,534001,unknwown,ASS,made the assist,34,391168,,,,,,
130887,30373-B-6,,CAN,PUR,Q4,9:29,74,36,686,535000,shot,P2,2pt step back jump shot missed,125,417164,False,2,214,40,,
130887,30373-B-6,,CAN,PUR,Q4,9:27,74,36,687,535002,unknwown,REB,defensive rebound,34,367540,,,,,,
130887,30373-B-6,,CAN,PUR,Q4,9:23,76,36,688,536000,shot,P2,"2PtsFG under the basket, fast break, alley oop dunk made",34,342309,True,2,138,29,,
130887,30373-B-6,,CAN,PUR,Q4,9:23,76,36,689,536001,unknwown,ASS,made the assist,34,415966,,,,,,
130887,30373-B-6,,CAN,PUR,Q4,9:09,76,36,691,538000,unknwown,TO,turnover; out of bounds,125,416820,,,,,,
130887,30373-B-6,,CAN,PUR,Q4,8:58,76,36,693,540000,shot,P3,3pt jump shot missed,34,391168,False,3,272,20,,
130887,30373-B-6,,CAN,PUR,Q4,8:54,76,36,694,540002,unknwown,REB,offensive rebound,34,410952,,,,,,
130887,30373-B-6,,CAN,PUR,Q4,8:47,76,36,695,541000,shot,P3,3pt jump shot missed,34,410952,False,3,8,23,,
130887,30373-B-6,,CAN,PUR,Q4,8:38,76,36,696,541002,unknwown,REB,defensive rebound,125,416820,,,,,,
130887,30373-B-6,,CAN,PUR,Q4,8:35,76,36,697,542000,shot,P3,3pt jump shot missed,125,416819,False,3,56,145,,
130887,30373-B-6,,CAN,PUR,Q4,8:29,76,36,698,542002,unknwown,REB,defensive rebound,34,342309,,,,,,
130887,30373-B-6,,CAN,PUR,Q4,8:21,76,36,699,543000,shot,P2,"2PtsFG under the basket, layup missed",34,391168,False,2,159,28,,
130887,30373-B-6,,CAN,PUR,Q4,8:17,76,36,700,543002,unknwown,REB,offensive rebound,34,342309,,,,,,
130887,30373-B-6,,CAN,PUR,Q4,8:17,76,36,701,544000,shot,P2,layup missed,34,342309,False,2,119,46,,
130887,30373-B-6,,CAN,PUR,Q4,8:12,76,36,702,544002,unknwown,REB,offensive rebound,34,391168,,,,,,
130887,30373-B-6,,CAN,PUR,Q4,8:12,76,36,703,545000,shot,P2,"2PtsFG under the basket, layup missed",34,391168,False,2,148,38,,
130887,30373-B-6,,CAN,PUR,Q4,8:07,76,36,704,545002,unknwown,REB,defensive rebound,125,416820,,,,,,
130887,30373-B-6,,CAN,PUR,Q4,7:55,76,36,705,546000,shot,P2,2pt hook shot missed,125,417164,False,2,175,52,,
130887,30373-B-6,,CAN,PUR,Q4,7:50,76,36,707,548000,unknwown,TTO,team turnover; shot clock violation,125,,,,,,,
130887,30373-B-6,,CAN,PUR,Q4,7:50,76,36,708,549000,subst,SUBST,Substitution out,34,415966,,,,,OUT,
130887,30373-B-6,,CAN,PUR,Q4,7:50,76,36,709,550000,subst,SUBST,Substitution out,34,342309,,,,,OUT,
130887,30373-B-6,,CAN,PUR,Q4,7:50,76,36,710,551000,subst,SUBST,Substitution out,34,410952,,,,,OUT,
130887,30373-B-6,,CAN,PUR,Q4,7:50,76,36,711,552000,subst,SUBST,Substitution in,34,342682,,,,,IN,
130887,30373-B-6,,CAN,PUR,Q4,7:50,76,36,712,553000,subst,SUBST,Substitution in,34,415967,,,,,IN,
130887,30373-B-6,,CAN,PUR,Q4,7:50,76,36,713,554000,subst,SUBST,Substitution in,34,391167,,,,,IN,
130887,30373-B-6,,CAN,PUR,Q4,7:50,76,36,714,555000,subst,SUBST,Substitution out,125,343088,,,,,OUT,
130887,30373-B-6,,CAN,PUR,Q4,7:50,76,36,715,556000,subst,SUBST,Substitution in,125,416822,,,,,IN,
130887,30373-B-6,,CAN,PUR,Q4,7:43,76,36,719,560000,shot,P3,3pt jump shot missed,34,391168,False,3,267,64,,
130887,30373-B-6,,CAN,PUR,Q4,7:41,76,36,720,560002,unknwown,REB,defensive rebound,125,416822,,,,,,
130887,30373-B-6,,CAN,PUR,Q4,7:37,76,36,722,562000,unknwown,FOUL,personal foul; 2 free throws awarded,34,415967,,,,,,
130887,30373-B-6,,CAN,PUR,Q4,7:37,76,36,723,562002,unknwown,RFOUL,foul drawn,125,384042,,,,,,
130887,30373-B-6,,CAN,PUR,Q4,7:37,76,36,724,563000,shot,FT,1st of 2 free throws missed,125,384042,False,1,0,0,,
130887,30373-B-6,,CAN,PUR,Q4,7:37,76,36,725,564000,shot,FT,2nd of 2 free throws missed,125,384042,False,1,0,0,,
130887,30373-B-6,,CAN,PUR,Q4,7:37,76,36,727,564002,unknwown,REB,defensive rebound,34,367540,,,,,,
130887,30373-B-6,,CAN,PUR,Q4,7:27,79,36,729,566000,shot,P3,3pt jump shot made,34,391167,True,3,5,19,,
130887,30373-B-6,,CAN,PUR,Q4,7:27,79,36,730,566001,unknwown,ASS,made the assist,34,391168,,,,,,
130887,30373-B-6,,CAN,PUR,Q4,7:09,79,36,731,567000,shot,P3,3pt jump shot missed,125,417164,False,3,241,127,,
130887,30373-B-6,,CAN,PUR,Q4,7:05,79,36,732,567002,unknwown,REB,defensive rebound,34,367540,,,,,,
130887,30373-B-6,,CAN,PUR,Q4,7:01,79,36,734,569000,unknwown,FOUL,personal foul; 2 free throws awarded,125,416820,,,,,,
130887,30373-B-6,,CAN,PUR,Q4,7:01,79,36,735,569002,unknwown,RFOUL,foul drawn,34,342682,,,,,,
130887,30373-B-6,,CAN,PUR,Q4,7:01,79,36,736,570000,subst,SUBST,Substitution out,34,391168,,,,,OUT,
130887,30373-B-6,,CAN,PUR,Q4,7:01,79,36,737,571000,subst,SUBST,Substitution in,34,392260,,,,,IN,
130887,30373-B-6,,CAN,PUR,Q4,7:01,80,36,738,572000,shot,FT,1st of 2 free throws made,34,342682,True,1,0,0,,
130887,30373-B-6,,CAN,PUR,Q4,7:01,81,36,739,573000,shot,FT,2nd of 2 free throws made,34,342682,True,1,0,0,,
130887,30373-B-6,,CAN,PUR,Q4,7:01,81,36,740,574000,subst,SUBST,Substitution out,125,384042,,,,,OUT,
130887,30373-B-6,,CAN,PUR,Q4,7:01,81,36,741,575000,subst,SUBST,Substitution in,125,416814,,,,,IN,
130887,30373-B-6,,CAN,PUR,Q4,6:40,81,36,743,577000,shot,P2,2pt driving layup missed,125,417164,False,2,109,47,,
130887,30373-B-6,,CAN,PUR,Q4,6:38,81,36,744,577002,unknwown,REB,defensive rebound,34,415967,,,,,,
130887,30373-B-6,,CAN,PUR,Q4,6:33,81,36,745,578000,shot,P2,"2PtsFG under the basket, dunk missed",34,342682,False,2,137,34,,
130887,30373-B-6,,CAN,PUR,Q4,6:29,81,36,746,578002,unknwown,REB,offensive rebound,34,415967,,,,,,
130887,30373-B-6,,CAN,PUR,Q4,6:29,83,36,747,579000,shot,P2,2PtsFG under the basket made,34,415967,True,2,140,31,,
130887,30373-B-6,,CAN,PUR,Q4,6:23,83,36,748,580000,shot,P2,"2PtsFG under the basket, driving layup missed",125,416819,False,2,131,21,,
130887,30373-B-6,,CAN,PUR,Q4,6:19,83,36,749,580002,unknwown,REB,defensive rebound,34,342682,,,,,,
130887,30373-B-6,,CAN,PUR,Q4,6:15,83,36,751,582000,unknwown,FOUL,personal foul; 2 free throws awarded,125,416820,,,,,,
130887,30373-B-6,,CAN,PUR,Q4,6:15,83,36,752,582002,unknwown,RFOUL,foul drawn,34,342682,,,,,,
130887,30373-B-6,,CAN,PUR,Q4,6:15,83,36,753,583000,subst,SUBST,Substitution out,34,367540,,,,,OUT,
130887,30373-B-6,,CAN,PUR,Q4,6:15,83,36,754,584000,subst,SUBST,Substitution in,34,415963,,,,,IN,
130887,30373-B-6,,CAN,PUR,Q4,6:15,83,36,755,585000,shot,FT,1st of 2 free throws missed,34,342682,False,1,0,0,,
130887,30373-B-6,,CAN,PUR,Q4,6:15,83,36,756,586000,shot,FT,2nd of 2 free throws missed,34,342682,False,1,0,0,,
130887,30373-B-6,,CAN,PUR,Q4,6:15,83,36,758,586002,unknwown,REB,defensive rebound,125,417164,,,,,,
130887,30373-B-6,,CAN,PUR,Q4,6:11,83,36,759,588000,unknwown,TO,turnover; ball handling,125,417164,,,,,,
130887,30373-B-6,,CAN,PUR,Q4,6:11,83,36,760,588001,unknwown,ST,steal,34,392260,,,,,,
130887,30373-B-6,,CAN,PUR,Q4,6:05,85,36,761,589000,shot,P2,"2PtsFG under the basket, points from fastbreak + after turnover, dunk made",34,391167,True,2,139,27,,
130887,30373-B-6,,CAN,PUR,Q4,6:05,85,36,762,589001,unknwown,ASS,made the assist,34,392260,,,,,,
130887,30373-B-6,,CAN,PUR,Q4,5:52,85,36,763,590000,shot,P3,3pt jump shot missed,125,416814,False,3,270,27,,
130887,30373-B-6,,CAN,PUR,Q4,5:48,85,36,764,590002,unknwown,REB,defensive rebound,34,392260,,,,,,
130887,30373-B-6,,CAN,PUR,Q4,5:43,85,36,765,591000,shot,P3,3pt jump shot missed,34,415967,False,3,270,25,,
130887,30373-B-6,,CAN,PUR,Q4,5:39,85,36,766,591002,unknwown,REB,offensive rebound,34,392260,,,,,,
130887,30373-B-6,,CAN,PUR,Q4,5:39,87,36,767,592000,shot,P2,2PtsFG under the basket made,34,392260,True,2,140,31,,
130887,30373-B-6,,CAN,PUR,Q4,5:19,87,36,768,593000,shot,P2,2pt pullup jump shot missed,125,416822,False,2,81,107,,
130887,30373-B-6,,CAN,PUR,Q4,5:19,87,36,769,593001,unknwown,BS,blocked the shot,34,392260,,,,,,
130887,30373-B-6,,CAN,PUR,Q4,5:15,87,36,770,593002,unknwown,REB,defensive rebound,34,415963,,,,,,
130887,30373-B-6,,CAN,PUR,Q4,5:09,87,36,774,597000,unknwown,FOUL,personal foul; 2 free throws awarded,125,416822,,,,,,
130887,30373-B-6,,CAN,PUR,Q4,5:09,87,36,775,597002,unknwown,RFOUL,foul drawn,34,415967,,,,,,
130887,30373-B-6,,CAN,PUR,Q4,5:09,87,36,776,598000,subst,SUBST,Substitution out,34,342682,,,,,OUT,
130887,30373-B-6,,CAN,PUR,Q4,5:09,87,36,777,599000,subst,SUBST,Substitution out,34,391167,,,,,OUT,
130887,30373-B-6,,CAN,PUR,Q4,5:09,87,36,778,600000,subst,SUBST,Substitution in,34,415968,,,,,IN,
130887,30373-B-6,,CAN,PUR,Q4,5:09,87,36,779,601000,subst,SUBST,Substitution in,34,271788,,,,,IN,
130887,30373-B-6,,CAN,PUR,Q4,5:09,88,36,780,602000,shot,FT,1st of 2 free throws made,34,415967,True,1,0,0,,
130887,30373-B-6,,CAN,PUR,Q4,5:09,88,36,781,602001,unknwown,ASS,made the assist,34,415963,,,,,,
130887,30373-B-6,,CAN,PUR,Q4,5:09,89,36,782,603000,shot,FT,2nd of 2 free throws made,34,415967,True,1,0,0,,
130887,30373-B-6,,CAN,PUR,Q4,4:50,89,38,784,605000,shot,P2,"2PtsFG under the basket, reverse lay-up made",125,416819,True,2,136,33,,
130887,30373-B-6,,CAN,PUR,Q4,4:40,89,38,786,607000,unknwown,FOUL,personal foul; 2 free throws awarded,125,416814,,,,,,
130887,30373-B-6,,CAN,PUR,Q4,4:40,89,38,787,607002,unknwown,RFOUL,foul drawn,34,415967,,,,,,
130887,30373-B-6,,CAN,PUR,Q4,4:40,90,38,788,608000,shot,FT,1st of 2 free throws made,34,415967,True,1,0,0,,
130887,30373-B-6,,CAN,PUR,Q4,4:40,90,38,789,609000,shot,FT,2nd of 2 free throws missed,34,415967,False,1,0,0,,
130887,30373-B-6,,CAN,PUR,Q4,4:40,90,38,791,609002,unknwown,REB,offensive rebound,34,415968,,,,,,
130887,30373-B-6,,CAN,PUR,Q4,4:36,90,38,792,611000,shot,P2,"2PtsFG under the basket, driving layup missed",34,271788,False,2,158,26,,
130887,30373-B-6,,CAN,PUR,Q4,4:33,90,38,793,611002,unknwown,REB,offensive rebound,34,415967,,,,,,
130887,30373-B-6,,CAN,PUR,Q4,4:32,90,38,794,612000,unknwown,TO,turnover; ball handling,34,392260,,,,,,
130887,30373-B-6,,CAN,PUR,Q4,4:32,90,38,795,612001,unknwown,ST,steal,125,416822,,,,,,
130887,30373-B-6,,CAN,PUR,Q4,4:27,90,40,796,613000,shot,P2,"2PtsFG under the basket, points from fastbreak + after turnover, driving layup made",125,416822,True,2,154,34,,
130887,30373-B-6,,CAN,PUR,Q4,4:16,92,40,797,614000,shot,P2,"2PtsFG under the basket, driving layup made",34,415967,True,2,140,43,,
130887,30373-B-6,,CAN,PUR,Q4,3:55,92,40,798,615000,shot,P3,3pt jump shot missed,125,416822,False,3,66,157,,
130887,30373-B-6,,CAN,PUR,Q4,3:52,92,40,799,615002,unknwown,REB,defensive rebound,34,271788,,,,,,
130887,30373-B-6,,CAN,PUR,Q4,3:48,92,40,800,616000,shot,P3,3pt jump shot missed,34,415967,False,3,23,98,,
130887,30373-B-6,,CAN,PUR,Q4,3:42,92,40,801,616002,unknwown,REB,offensive rebound,34,415963,,,,,,
130887,30373-B-6,,CAN,PUR,Q4,3:42,92,40,803,618000,unknwown,FOUL,personal foul; 2 free throws awarded,125,416820,,,,,,
130887,30373-B-6,,CAN,PUR,Q4,3:42,92,40,804,618002,unknwown,RFOUL,foul drawn,34,415963,,,,,,
130887,30373-B-6,,CAN,PUR,Q4,3:42,93,40,805,619000,shot,FT,1st of 2 free throws made,34,415963,True,1,0,0,,
130887,30373-B-6,,CAN,PUR,Q4,3:42,93,40,806,620000,shot,FT,2nd of 2 free throws missed,34,415963,False,1,0,0,,
130887,30373-B-6,,CAN,PUR,Q4,3:42,93,40,808,620002,unknwown,REB,defensive rebound,125,417164,,,,,,
130887,30373-B-6,,CAN,PUR,Q4,3:31,93,40,811,624000,shot,P3,3pt jump shot missed,125,416820,False,3,10,22,,
130887,30373-B-6,,CAN,PUR,Q4,3:28,93,40,813,624002,unknwown,TREB,team defensive rebound,34,,,,,,,
130887,30373-B-6,,CAN,PUR,Q4,3:28,93,40,814,626000,unknwown,FOUL,personal foul; 2 free throws awarded,125,417164,,,,,,
130887,30373-B-6,,CAN,PUR,Q4,3:28,93,40,815,626002,unknwown,RFOUL,foul drawn,34,415968,,,,,,
130887,30373-B-6,,CAN,PUR,Q4,3:28,93,40,816,627000,shot,FT,1st of 2 free throws missed,34,415968,False,1,0,0,,
130887,30373-B-6,,CAN,PUR,Q4,3:28,94,40,817,628000,shot,FT,2nd of 2 free throws made,34,415968,True,1,0,0,,
130887,30373-B-6,,CAN,PUR,Q4,3:17,94,40,819,630000,unknwown,TO,turnover; ball handling,125,416822,,,,,,
130887,30373-B-6,,CAN,PUR,Q4,3:17,94,40,820,630001,unknwown,ST,steal,34,392260,,,,,,
130887,30373-B-6,,CAN,PUR,Q4,3:12,96,40,821,631000,shot,P2,"2PtsFG under the basket, points from fastbreak + after turnover, driving layup made",34,392260,True,2,153,30,,
130887,30373-B-6,,CAN,PUR,Q4,3:01,96,40,822,632000,shot,P2,2pt turnaround jump shot missed,125,416814,False,2,154,69,,
130887,30373-B-6,,CAN,PUR,Q4,2:57,96,40,823,632002,unknwown,REB,defensive rebound,34,271788,,,,,,
130887,30373-B-6,,CAN,PUR,Q4,2:52,96,40,824,633000,shot,P2,layup missed,34,415968,False,2,114,32,,
130887,30373-B-6,,CAN,PUR,Q4,2:52,96,40,825,633001,unknwown,BS,blocked the shot,125,417164,,,,,,
130887,30373-B-6,,CAN,PUR,Q4,2:47,96,40,826,633002,unknwown,REB,offensive rebound,34,415968,,,,,,
130887,30373-B-6,,CAN,PUR,Q4,2:47,96,40,828,635000,unknwown,FOUL,personal foul; 2 free throws awarded,125,417164,,,,,,
130887,30373-B-6,,CAN,PUR,Q4,2:47,96,40,829,635002,unknwown,RFOUL,foul drawn,34,415968,,,,,,
130887,30373-B-6,,CAN,PUR,Q4,2:47,96,40,830,636000,subst,SUBST,Substitution out,125,417164,,,,,OUT,
130887,30373-B-6,,CAN,PUR,Q4,2:47,96,40,831,637000,subst,SUBST,Substitution in,125,343088,,,,,IN,
130887,30373-B-6,,CAN,PUR,Q4,2:47,96,40,832,638000,shot,FT,1st of 2 free throws missed,34,415968,False,1,0,0,,
130887,30373-B-6,,CAN,PUR,Q4,2:47,97,40,833,639000,shot,FT,2nd of 2 free throws made,34,415968,True,1,0,0,,
130887,30373-B-6,,CAN,PUR,Q4,2:35,97,40,835,641000,shot,P2,2pt jump shot missed,125,416819,False,2,165,104,,
130887,30373-B-6,,CAN,PUR,Q4,2:33,97,40,836,641002,unknwown,REB,offensive rebound,125,416820,,,,,,
130887,30373-B-6,,CAN,PUR,Q4,2:32,97,42,837,642000,shot,P2,2pt jump shot made,125,416820,True,2,109,82,,
130887,30373-B-6,,CAN,PUR,Q4,2:20,97,42,838,643000,shot,P2,2pt driving layup missed,34,392260,False,2,113,34,,
130887,30373-B-6,,CAN,PUR,Q4,2:20,97,42,839,643001,unknwown,BS,blocked the shot,125,416814,,,,,,
130887,30373-B-6,,CAN,PUR,Q4,2:16,97,42,840,643002,unknwown,REB,defensive rebound,125,343088,,,,,,
130887,30373-B-6,,CAN,PUR,Q4,2:13,97,42,841,644000,shot,P2,"2PtsFG under the basket, driving layup missed",125,416822,False,2,122,30,,
130887,30373-B-6,,CAN,PUR,Q4,2:11,97,42,842,644002,unknwown,REB,defensive rebound,34,415968,,,,,,
130887,30373-B-6,,CAN,PUR,Q4,2:06,97,42,843,645000,shot,P3,3pt jump shot from center missed,34,415968,False,3,152,170,,
130887,30373-B-6,,CAN,PUR,Q4,2:02,97,42,844,645002,unknwown,REB,defensive rebound,125,343088,,,,,,
130887,30373-B-6,,CAN,PUR,Q4,1:56,97,42,845,646000,shot,P2,"2PtsFG under the basket, driving layup missed",125,416819,False,2,164,30,,
130887,30373-B-6,,CAN,PUR,Q4,1:52,97,42,846,646002,unknwown,REB,offensive rebound,125,416814,,,,,,
130887,30373-B-6,,CAN,PUR,Q4,1:52,97,44,847,647000,shot,P2,2PtsFG under the basket made,125,416814,True,2,140,31,,
130887,30373-B-6,,CAN,PUR,Q4,1:41,97,44,851,651000,unknwown,FOUL,personal foul; 2 free throws awarded,125,416814,,,,,,
130887,30373-B-6,,CAN,PUR,Q4,1:41,97,44,852,651002,unknwown,RFOUL,foul drawn,34,415968,,,,,,
130887,30373-B-6,,CAN,PUR,Q4,1:41,98,44,853,652000,shot,FT,1st of 2 free throws made,34,415968,True,1,0,0,,
130887,30373-B-6,,CAN,PUR,Q4,1:41,99,44,854,653000,shot,FT,2nd of 2 free throws made,34,415968,True,1,0,0,,
130887,30373-B-6,,CAN,PUR,Q4,1:41,99,44,855,654000,subst,SUBST,Substitution out,34,415968,,,,,OUT,
130887,30373-B-6,,CAN,PUR,Q4,1:41,99,44,856,655000,subst,SUBST,Substitution in,34,342682,,,,,IN,
130887,30373-B-6,,CAN,PUR,Q4,1:36,99,44,861,660000,unknwown,FOUL,personal foul,34,415967,,,,,,
130887,30373-B-6,,CAN,PUR,Q4,1:36,99,44,862,660002,unknwown,RFOUL,foul drawn,125,416819,,,,,,
130887,30373-B-6,,CAN,PUR,Q4,1:21,99,44,868,666000,shot,P3,3pt jump shot missed,125,416819,False,3,34,129,,
130887,30373-B-6,,CAN,PUR,Q4,1:17,99,44,869,666002,unknwown,REB,defensive rebound,34,415963,,,,,,
130887,30373-B-6,,CAN,PUR,Q4,1:12,99,44,870,667000,shot,P2,"2PtsFG under the basket, driving layup missed",34,342682,False,2,153,32,,
130887,30373-B-6,,CAN,PUR,Q4,1:12,99,44,871,667001,unknwown,BS,blocked the shot,125,416820,,,,,,
130887,30373-B-6,,CAN,PUR,Q4,1:07,99,44,872,667002,unknwown,REB,defensive rebound,125,416814,,,,,,
130887,30373-B-6,,CAN,PUR,Q4,0:57,99,46,874,669000,shot,P2,"2PtsFG under the basket, driving layup made",125,416819,True,2,122,28,,
130887,30373-B-6,,CAN,PUR,Q4,0:46,99,46,877,672000,unknwown,FOUL,personal foul; 2 free throws awarded,125,416822,,,,,,
130887,30373-B-6,,CAN,PUR,Q4,0:46,99,46,878,672002,unknwown,RFOUL,foul drawn,34,342682,,,,,,
130887,30373-B-6,,CAN,PUR,Q4,0:46,100,46,879,673000,shot,FT,1st of 2 free throws made,34,342682,True,1,0,0,,
130887,30373-B-6,,CAN,PUR,Q4,0:46,101,46,880,674000,shot,FT,2nd of 2 free throws made,34,342682,True,1,0,0,,
130887,30373-B-6,,CAN,PUR,Q4,0:28,101,48,882,676000,shot,P2,"2PtsFG under the basket, reverse lay-up made",125,416814,True,2,133,23,,
130887,30373-B-6,,CAN,PUR,Q4,0:28,101,48,883,676001,unknwown,ASS,made the assist,125,416819,,,,,,
130887,30373-B-6,,CAN,PUR,Q4,0:09,101,48,886,679000,shot,P2,2pt driving layup missed,34,415967,False,2,171,12,,
130887,30373-B-6,,CAN,PUR,Q4,0:06,101,48,887,679002,unknwown,REB,defensive rebound,125,416822,,,,,,
130887,30373-B-6,,CAN,PUR,Q4,0:02,101,48,889,681000,shot,P3,3pt jump shot missed,125,416819,False,3,24,106,,
130887,30373-B-6,,CAN,PUR,Q4,0:02,101,48,890,681002,unknwown,REB,defensive rebound,34,392260,,,,,,
130887,30373-B-6,,CAN,PUR,Q4,0:00,101,48,895,686000,periods,ENDP,End of Period,,,,,,,,
130887,30373-B-6,,CAN,PUR,Q4,0:00,101,48,896,687000,periods,ENDG,End of Game,,,,,,,,
130881,30373-A-6,,MEX,ARG,Q1,10:00,0,0,1,1000,periods,STARTG,Start of Game,,,,,,,,
130881,30373-A-6,,MEX,ARG,Q1,10:00,0,0,2,2000,periods,STARTP,Start of Period,,,,,,,,
130881,30373-A-6,,MEX,ARG,Q1,10:00,0,0,4,4000,unknwown,JS,jump ball situation; throw-in,,,,,,,,
130881,30373-A-6,,MEX,ARG,Q1,9:59,0,0,6,4001,unknwown,JB,jump ball won,104,369235,,,,,,
130881,30373-A-6,,MEX,ARG,Q1,9:59,0,0,7,4002,unknwown,JB,jump ball lost,14,362126,,,,,,
130881,30373-A-6,,MEX,ARG,Q1,9:38,0,0,11,9000,shot,P2,2pt fadeaway jump shot missed,104,377234,False,2,66,36,,
130881,30373-A-6,,MEX,ARG,Q1,9:36,0,0,12,9002,unknwown,REB,defensive rebound,14,409023,,,,,,
130881,30373-A-6,,MEX,ARG,Q1,9:22,0,0,13,10000,shot,P3,3pt jump shot missed,14,408872,False,3,273,38,,
130881,30373-A-6,,MEX,ARG,Q1,9:18,0,0,14,10002,unknwown,REB,offensive rebound,14,408871,,,,,,
130881,30373-A-6,,MEX,ARG,Q1,9:09,0,0,15,11000,shot,P3,3pt jump shot missed,14,409023,False,3,46,159,,
130881,30373-A-6,,MEX,ARG,Q1,9:07,0,0,16,11002,unknwown,REB,defensive rebound,104,377100,,,,,,
130881,30373-A-6,,MEX,ARG,Q1,8:49,0,0,17,12000,shot,P3,3pt jump shot missed,104,377100,False,3,260,103,,
130881,30373-A-6,,MEX,ARG,Q1,8:47,0,0,18,12002,unknwown,REB,defensive rebound,14,362126,,,,,,
130881,30373-A-6,,MEX,ARG,Q1,8:40,0,0,19,13000,shot,P3,3pt jump shot from center missed,14,409151,False,3,141,175,,
130881,30373-A-6,,MEX,ARG,Q1,8:38,0,0,20,13002,unknwown,REB,defensive rebound,104,377100,,,,,,
130881,30373-A-6,,MEX,ARG,Q1,8:17,2,0,21,14000,shot,P2,2pt turnaround jump shot made,104,416257,True,2,160,60,,
130881,30373-A-6,,MEX,ARG,Q1,7:52,2,3,22,15000,shot,P3,3pt jump shot made,14,408871,True,3,22,104,,
130881,30373-A-6,,MEX,ARG,Q1,7:52,2,3,23,15001,unknwown,ASS,made the assist,14,409151,,,,,,
130881,30373-A-6,,MEX,ARG,Q1,7:38,2,3,24,16000,unknwown,TO,turnover; ball handling,104,377234,,,,,,
130881,30373-A-6,,MEX,ARG,Q1,7:38,2,3,25,16001,unknwown,ST,steal,14,409023,,,,,,
130881,30373-A-6,,MEX,ARG,Q1,7:33,2,3,26,17000,shot,P2,"2PtsFG under the basket, points after turnover, driving layup missed",14,409023,False,2,146,36,,
130881,30373-A-6,,MEX,ARG,Q1,7:31,2,3,27,17002,unknwown,REB,offensive rebound,14,409151,,,,,,
130881,30373-A-6,,MEX,ARG,Q1,7:27,2,3,28,18000,shot,P3,3pt jump shot missed,14,408871,False,3,55,141,,
130881,30373-A-6,,MEX,ARG,Q1,7:25,2,3,29,18002,unknwown,REB,defensive rebound,104,416257,,,,,,
130881,30373-A-6,,MEX,ARG,Q1,7:15,4,3,30,19000,shot,P2,"2PtsFG inside center, jump shot made",104,416258,True,2,192,120,,
130881,30373-A-6,,MEX,ARG,Q1,6:56,4,5,31,20000,shot,P2,"2PtsFG under the basket, layup made",14,362126,True,2,141,32,,
130881,30373-A-6,,MEX,ARG,Q1,6:56,4,5,32,20001,unknwown,ASS,made the assist,14,408872,,,,,,
130881,30373-A-6,,MEX,ARG,Q1,6:42,4,5,33,21000,unknwown,TO,turnover; ball handling,104,416257,,,,,,
130881,30373-A-6,,MEX,ARG,Q1,6:42,4,5,34,21001,unknwown,ST,steal,14,408872,,,,,,
130881,30373-A-6,,MEX,ARG,Q1,6:35,4,5,35,22000,shot,P3,3pt jump shot missed,14,408871,False,3,270,24,,
130881,30373-A-6,,MEX,ARG,Q1,6:32,4,5,36,22002,unknwown,REB,defensive rebound,104,369235,,,,,,
130881,30373-A-6,,MEX,ARG,Q1,6:21,4,5,37,23000,shot,P2,"2PtsFG inside center, jump shot missed",104,416258,False,2,166,127,,
130881,30373-A-6,,MEX,ARG,Q1,6:19,4,5,38,23002,unknwown,REB,defensive rebound,14,409023,,,,,,
130881,30373-A-6,,MEX,ARG,Q1,6:15,4,5,39,24000,shot,P2,"2PtsFG under the basket, driving layup missed",14,409023,False,2,132,38,,
130881,30373-A-6,,MEX,ARG,Q1,6:12,4,5,40,24002,unknwown,REB,defensive rebound,104,377100,,,,,,
130881,30373-A-6,,MEX,ARG,Q1,5:51,4,5,41,25000,shot,P3,3pt jump shot missed,104,416257,False,3,216,173,,
130881,30373-A-6,,MEX,ARG,Q1,5:49,4,5,42,25002,unknwown,REB,defensive rebound,14,409151,,,,,,
130881,30373-A-6,,MEX,ARG,Q1,5:39,4,5,43,26000,unknwown,TO,turnover; ball handling,14,408871,,,,,,
130881,30373-A-6,,MEX,ARG,Q1,5:39,4,5,44,26001,unknwown,ST,steal,104,369235,,,,,,
130881,30373-A-6,,MEX,ARG,Q1,5:24,6,5,45,27000,shot,P2,"2PtsFG inside right wing, points after turnover, jump shot made",104,369235,True,2,217,40,,
130881,30373-A-6,,MEX,ARG,Q1,5:24,6,5,46,27001,unknwown,ASS,made the assist,104,416257,,,,,,
130881,30373-A-6,,MEX,ARG,Q1,5:07,6,5,48,29000,unknwown,TO,turnover; out of bounds,14,408872,,,,,,
130881,30373-A-6,,MEX,ARG,Q1,5:07,6,5,49,30000,subst,SUBST,Substitution out,14,409023,,,,,OUT,
130881,30373-A-6,,MEX,ARG,Q1,5:07,6,5,50,31000,subst,SUBST,Substitution in,14,408870,,,,,IN,
130881,30373-A-6,,MEX,ARG,Q1,4:48,6,5,52,33000,shot,P3,3pt jump shot missed,104,416258,False,3,143,184,,
130881,30373-A-6,,MEX,ARG,Q1,4:44,6,5,53,33002,unknwown,REB,defensive rebound,14,408870,,,,,,
130881,30373-A-6,,MEX,ARG,Q1,4:39,6,5,54,34000,shot,P3,3pt jump shot from center missed,14,409151,False,3,112,169,,
130881,30373-A-6,,MEX,ARG,Q1,4:37,6,5,55,34002,unknwown,REB,defensive rebound,104,416258,,,,,,
130881,30373-A-6,,MEX,ARG,Q1,4:32,8,5,57,36000,shot,P2,"2PtsFG under the basket, fast break, turnaround jump shot made",104,377234,True,2,135,30,,
130881,30373-A-6,,MEX,ARG,Q1,4:30,8,5,60,39000,timeout,TIMO,Timeout,14,,,,,,,
130881,30373-A-6,,MEX,ARG,Q1,4:16,8,5,62,41000,shot,P3,3pt jump shot missed,14,408871,False,3,221,155,,
130881,30373-A-6,,MEX,ARG,Q1,4:15,8,5,64,41002,unknwown,TREB,team offensive rebound,14,,,,,,,
130881,30373-A-6,,MEX,ARG,Q1,4:15,8,5,65,43000,subst,SUBST,Substitution out,14,408871,,,,,OUT,
130881,30373-A-6,,MEX,ARG,Q1,4:15,8,5,66,44000,subst,SUBST,Substitution in,14,408857,,,,,IN,
130881,30373-A-6,,MEX,ARG,Q1,4:15,8,5,67,45000,unknwown,VTR,Head coach's challenge unsuccessful,104,,,,,,,
130881,30373-A-6,,MEX,ARG,Q1,4:10,8,5,69,47000,shot,P3,3pt jump shot missed,14,408857,False,3,267,39,,
130881,30373-A-6,,MEX,ARG,Q1,4:06,8,5,70,47002,unknwown,REB,offensive rebound,14,409151,,,,,,
130881,30373-A-6,,MEX,ARG,Q1,4:06,8,5,71,48000,shot,P2,2PtsFG under the basket missed,14,409151,False,2,140,31,,
130881,30373-A-6,,MEX,ARG,Q1,4:06,8,5,72,48002,unknwown,REB,defensive rebound,104,377100,,,,,,
130881,30373-A-6,,MEX,ARG,Q1,3:49,8,5,74,50000,unknwown,FOUL,personal foul; 2 free throws awarded,14,408870,,,,,,
130881,30373-A-6,,MEX,ARG,Q1,3:49,8,5,75,50002,unknwown,RFOUL,foul drawn,104,369235,,,,,,
130881,30373-A-6,,MEX,ARG,Q1,3:49,8,5,76,51000,subst,SUBST,Substitution out,14,409151,,,,,OUT,
130881,30373-A-6,,MEX,ARG,Q1,3:49,8,5,77,52000,subst,SUBST,Substitution in,14,398746,,,,,IN,
130881,30373-A-6,,MEX,ARG,Q1,3:49,8,5,78,53000,shot,FT,1st of 2 free throws missed,104,369235,False,1,0,0,,
130881,30373-A-6,,MEX,ARG,Q1,3:49,8,5,80,55000,shot,FT,2nd of 2 free throws missed,104,369235,False,1,0,0,,
130881,30373-A-6,,MEX,ARG,Q1,3:47,8,5,82,55002,unknwown,TREB,team offensive rebound,104,,,,,,,
130881,30373-A-6,,MEX,ARG,Q1,3:32,8,5,89,63000,unknwown,TTO,team turnover; shot clock violation,104,,,,,,,
130881,30373-A-6,,MEX,ARG,Q1,3:09,8,5,91,65000,shot,P3,3pt jump shot missed,14,408870,False,3,275,44,,
130881,30373-A-6,,MEX,ARG,Q1,3:06,8,5,92,65002,unknwown,REB,defensive rebound,104,369235,,,,,,
130881,30373-A-6,,MEX,ARG,Q1,3:02,10,5,94,67000,shot,P2,"2PtsFG under the basket, fast break, driving layup made",104,377234,True,2,149,24,,
130881,30373-A-6,,MEX,ARG,Q1,3:02,10,5,95,67001,unknwown,ASS,made the assist,104,416257,,,,,,
130881,30373-A-6,,MEX,ARG,Q1,3:02,10,5,96,68000,unknwown,FOUL,personal foul; 1 free throw awarded,14,408870,,,,,,
130881,30373-A-6,,MEX,ARG,Q1,3:02,10,5,97,68002,unknwown,RFOUL,foul drawn,104,377234,,,,,,
130881,30373-A-6,,MEX,ARG,Q1,3:02,11,5,98,69000,shot,FT,1st free throw made,104,377234,True,1,0,0,,
130881,30373-A-6,,MEX,ARG,Q1,2:46,11,7,100,71000,shot,P2,"2PtsFG under the basket, driving layup made",14,408870,True,2,144,35,,
130881,30373-A-6,,MEX,ARG,Q1,2:38,11,7,101,72000,shot,P2,"2PtsFG under the basket, driving layup missed",104,416257,False,2,137,35,,
130881,30373-A-6,,MEX,ARG,Q1,2:34,11,7,102,72002,unknwown,REB,offensive rebound,104,369235,,,,,,
130881,30373-A-6,,MEX,ARG,Q1,2:33,11,7,104,74000,shot,P3,3pt jump shot missed,104,377234,False,3,71,146,,
130881,30373-A-6,,MEX,ARG,Q1,2:33,11,7,105,74002,unknwown,TREB,team defensive rebound,14,,,,,,,
130881,30373-A-6,,MEX,ARG,Q1,2:33,11,7,106,75000,unknwown,FOUL,personal foul,104,369235,,,,,,
130881,30373-A-6,,MEX,ARG,Q1,2:33,11,7,107,75002,unknwown,RFOUL,foul drawn,14,362126,,,,,,
130881,30373-A-6,,MEX,ARG,Q1,2:14,11,7,109,77000,shot,P2,"2PtsFG under the basket, reverse lay-up missed",14,362126,False,2,144,34,,
130881,30373-A-6,,MEX,ARG,Q1,2:11,11,7,110,77002,unknwown,REB,defensive rebound,104,377100,,,,,,
130881,30373-A-6,,MEX,ARG,Q1,2:06,11,7,111,78000,shot,P2,"2PtsFG inside center, jump shot missed",104,377234,False,2,123,117,,
130881,30373-A-6,,MEX,ARG,Q1,2:04,11,7,112,78002,unknwown,REB,defensive rebound,14,408872,,,,,,
130881,30373-A-6,,MEX,ARG,Q1,1:57,11,7,116,82000,unknwown,FOUL,personal foul,104,377234,,,,,,
130881,30373-A-6,,MEX,ARG,Q1,1:57,11,7,117,82002,unknwown,RFOUL,foul drawn,14,408870,,,,,,
130881,30373-A-6,,MEX,ARG,Q1,1:44,11,7,119,84000,unknwown,TO,turnover; bad pass,14,362126,,,,,,
130881,30373-A-6,,MEX,ARG,Q1,1:44,11,7,120,84001,unknwown,ST,steal,104,416257,,,,,,
130881,30373-A-6,,MEX,ARG,Q1,1:39,11,7,121,85000,shot,P2,"2PtsFG under the basket, points after turnover, driving layup missed",104,416257,False,2,147,35,,
130881,30373-A-6,,MEX,ARG,Q1,1:36,11,7,122,85002,unknwown,REB,offensive rebound,104,416258,,,,,,
130881,30373-A-6,,MEX,ARG,Q1,1:36,11,7,123,86000,shot,P2,"2PtsFG under the basket, points from second chance + after turnover missed",104,416258,False,2,140,31,,
130881,30373-A-6,,MEX,ARG,Q1,1:35,11,7,125,86002,unknwown,REB,defensive rebound,14,408857,,,,,,
130881,30373-A-6,,MEX,ARG,Q1,1:34,11,7,128,90000,unknwown,TO,turnover; ball handling,14,408857,,,,,,
130881,30373-A-6,,MEX,ARG,Q1,1:34,11,7,129,90001,unknwown,ST,steal,104,416257,,,,,,
130881,30373-A-6,,MEX,ARG,Q1,1:34,11,7,131,92000,unknwown,TO,turnover; bad pass,104,416257,,,,,,
130881,30373-A-6,,MEX,ARG,Q1,1:29,11,7,132,93000,subst,SUBST,Substitution out,14,362126,,,,,OUT,
130881,30373-A-6,,MEX,ARG,Q1,1:29,11,7,133,94000,subst,SUBST,Substitution in,14,387025,,,,,IN,
130881,30373-A-6,,MEX,ARG,Q1,1:18,11,7,137,98000,unknwown,TO,turnover; travelling,14,408870,,,,,,
130881,30373-A-6,,MEX,ARG,Q1,1:18,11,7,138,99000,subst,SUBST,Substitution out,14,408872,,,,,OUT,
130881,30373-A-6,,MEX,ARG,Q1,1:18,11,7,139,100000,subst,SUBST,Substitution in,14,408871,,,,,IN,
130881,30373-A-6,,MEX,ARG,Q1,1:01,13,7,141,102000,shot,P2,"2PtsFG under the basket, points after turnover, driving layup made",104,377100,True,2,134,34,,
130881,30373-A-6,,MEX,ARG,Q1,1:01,13,7,142,102001,unknwown,ASS,made the assist,104,377234,,,,,,
130881,30373-A-6,,MEX,ARG,Q1,0:48,13,10,143,103000,shot,P3,3pt jump shot made,14,408857,True,3,49,169,,
130881,30373-A-6,,MEX,ARG,Q1,0:48,13,10,144,103001,unknwown,ASS,made the assist,14,408871,,,,,,
130881,30373-A-6,,MEX,ARG,Q1,0:34,15,10,145,104000,shot,P2,2pt fadeaway jump shot made,104,377100,True,2,72,43,,
130881,30373-A-6,,MEX,ARG,Q1,0:34,15,10,146,104001,unknwown,ASS,made the assist,104,416257,,,,,,
130881,30373-A-6,,MEX,ARG,Q1,0:21,15,10,147,105000,shot,P3,3pt jump shot missed,14,408871,False,3,217,145,,
130881,30373-A-6,,MEX,ARG,Q1,0:19,15,10,149,105002,unknwown,TREB,team defensive rebound,104,,,,,,,
130881,30373-A-6,,MEX,ARG,Q1,0:04,17,10,151,108000,shot,P2,"2PtsFG under the basket, dunk made",104,369235,True,2,141,30,,
130881,30373-A-6,,MEX,ARG,Q1,0:04,17,10,152,108001,unknwown,ASS,made the assist,104,416258,,,,,,
130881,30373-A-6,,MEX,ARG,Q1,0:00,17,10,154,110000,periods,ENDP,End of Period,,,,,,,,
130881,30373-A-6,,MEX,ARG,Q2,10:00,17,10,155,111000,periods,STARTP,Start of Period,,,,,,,,
130881,30373-A-6,,MEX,ARG,Q2,9:48,17,10,157,113000,shot,P3,3pt jump shot missed,14,408857,False,3,40,131,,
130881,30373-A-6,,MEX,ARG,Q2,9:46,17,10,158,113002,unknwown,REB,defensive rebound,104,369235,,,,,,
130881,30373-A-6,,MEX,ARG,Q2,9:39,17,10,159,114000,shot,P3,3pt jump shot missed,104,377100,False,3,7,35,,
130881,30373-A-6,,MEX,ARG,Q2,9:36,17,10,160,114002,unknwown,REB,offensive rebound,104,369235,,,,,,
130881,30373-A-6,,MEX,ARG,Q2,9:35,17,10,161,115000,shot,P2,"2PtsFG under the basket, jump shot missed",104,369235,False,2,149,44,,
130881,30373-A-6,,MEX,ARG,Q2,9:35,17,10,162,115001,unknwown,BS,blocked the shot,14,408857,,,,,,
130881,30373-A-6,,MEX,ARG,Q2,9:31,17,10,163,115002,unknwown,REB,defensive rebound,14,408857,,,,,,
130881,30373-A-6,,MEX,ARG,Q2,9:29,17,10,165,117000,unknwown,FOUL,personal foul; 2 free throws awarded,104,377100,,,,,,
130881,30373-A-6,,MEX,ARG,Q2,9:29,17,10,166,117002,unknwown,RFOUL,foul drawn,14,408857,,,,,,
130881,30373-A-6,,MEX,ARG,Q2,9:29,17,10,167,118000,shot,FT,1st of 2 free throws missed,14,408857,False,1,0,0,,
130881,30373-A-6,,MEX,ARG,Q2,9:29,17,11,168,119000,shot,FT,2nd of 2 free throws made,14,408857,True,1,0,0,,
130881,30373-A-6,,MEX,ARG,Q2,9:08,17,11,172,123000,shot,P3,3pt jump shot missed,104,416258,False,3,230,152,,
130881,30373-A-6,,MEX,ARG,Q2,9:05,17,11,173,123002,unknwown,REB,defensive rebound,14,398746,,,,,,
130881,30373-A-6,,MEX,ARG,Q2,8:59,17,13,174,124000,shot,P2,2pt pullup jump shot made,14,408870,True,2,131,108,,
130881,30373-A-6,,MEX,ARG,Q2,8:39,19,13,175,125000,shot,P2,2pt jump shot made,104,416257,True,2,170,38,,
130881,30373-A-6,,MEX,ARG,Q2,8:20,19,13,176,126000,shot,P2,2pt floating jump shot missed,14,408870,False,2,127,52,,
130881,30373-A-6,,MEX,ARG,Q2,8:18,19,13,178,126002,unknwown,TREB,team offensive rebound,14,,,,,,,
130881,30373-A-6,,MEX,ARG,Q2,8:18,19,13,179,128000,subst,SUBST,Substitution out,14,408857,,,,,OUT,
130881,30373-A-6,,MEX,ARG,Q2,8:18,19,13,180,129000,subst,SUBST,Substitution in,14,408860,,,,,IN,
130881,30373-A-6,,MEX,ARG,Q2,8:08,19,13,182,131000,shot,P3,3pt jump shot missed,14,408860,False,3,8,34,,
130881,30373-A-6,,MEX,ARG,Q2,8:06,19,13,183,131002,unknwown,REB,defensive rebound,104,377100,,,,,,
130881,30373-A-6,,MEX,ARG,Q2,7:52,19,13,187,135000,timeout,TIMO,Timeout,104,,,,,,,
130881,30373-A-6,,MEX,ARG,Q2,7:52,19,13,188,136000,subst,SUBST,Substitution out,104,377234,,,,,OUT,
130881,30373-A-6,,MEX,ARG,Q2,7:52,19,13,189,137000,subst,SUBST,Substitution in,104,417033,,,,,IN,
130881,30373-A-6,,MEX,ARG,Q2,7:52,19,13,190,138000,subst,SUBST,Substitution out,14,408870,,,,,OUT,
130881,30373-A-6,,MEX,ARG,Q2,7:52,19,13,191,139000,subst,SUBST,Substitution in,14,409151,,,,,IN,
130881,30373-A-6,,MEX,ARG,Q2,7:42,19,13,196,144000,unknwown,FOUL,personal foul; 3 free throws awarded,14,408860,,,,,,
130881,30373-A-6,,MEX,ARG,Q2,7:42,19,13,197,144002,unknwown,RFOUL,foul drawn,104,416257,,,,,,
130881,30373-A-6,,MEX,ARG,Q2,7:42,20,13,198,145000,shot,FT,1st of 3 free throws made,104,416257,True,1,0,0,,
130881,30373-A-6,,MEX,ARG,Q2,7:42,21,13,199,146000,shot,FT,2nd of 3 free throws made,104,416257,True,1,0,0,,
130881,30373-A-6,,MEX,ARG,Q2,7:42,22,13,200,147000,shot,FT,3rd of 3 free throws made,104,416257,True,1,0,0,,
130881,30373-A-6,,MEX,ARG,Q2,7:33,22,13,202,149000,shot,P2,2pt hook shot missed,14,409151,False,2,132,51,,
130881,30373-A-6,,MEX,ARG,Q2,7:32,22,13,204,149002,unknwown,TREB,team defensive rebound,104,,,,,,,
130881,30373-A-6,,MEX,ARG,Q2,7:14,22,13,206,152000,shot,P2,2pt jump shot missed,104,417033,False,2,62,36,,
130881,30373-A-6,,MEX,ARG,Q2,7:11,22,13,207,152002,unknwown,REB,defensive rebound,14,387025,,,,,,
130881,30373-A-6,,MEX,ARG,Q2,7:07,22,15,208,153000,shot,P2,"2PtsFG under the basket, fast break, driving layup made",14,408860,True,2,131,35,,
130881,30373-A-6,,MEX,ARG,Q2,6:49,25,15,211,156000,shot,P3,3pt jump shot made,104,416257,True,3,69,160,,
130881,30373-A-6,,MEX,ARG,Q2,6:36,25,15,213,158000,unknwown,TO,turnover; ball handling,14,387025,,,,,,
130881,30373-A-6,,MEX,ARG,Q2,6:36,25,15,214,158001,unknwown,ST,steal,104,417033,,,,,,
130881,30373-A-6,,MEX,ARG,Q2,6:13,25,15,218,162000,shot,P2,"2PtsFG inside right, points after turnover, jump shot missed",104,369235,False,2,221,54,,
130881,30373-A-6,,MEX,ARG,Q2,6:10,25,15,219,162002,unknwown,REB,defensive rebound,14,409151,,,,,,
130881,30373-A-6,,MEX,ARG,Q2,5:55,25,15,220,163000,shot,P2,"2PtsFG under the basket, driving layup missed",14,408860,False,2,145,22,,
130881,30373-A-6,,MEX,ARG,Q2,5:53,25,15,221,163002,unknwown,REB,defensive rebound,104,416258,,,,,,
130881,30373-A-6,,MEX,ARG,Q2,5:52,25,15,222,164000,unknwown,TO,turnover; ball handling,104,416257,,,,,,
130881,30373-A-6,,MEX,ARG,Q2,5:52,25,15,223,164001,unknwown,ST,steal,14,409151,,,,,,
130881,30373-A-6,,MEX,ARG,Q2,5:47,25,15,225,166000,unknwown,FOUL,personal foul,104,417033,,,,,,
130881,30373-A-6,,MEX,ARG,Q2,5:47,25,15,226,166002,unknwown,RFOUL,foul drawn,14,387025,,,,,,
130881,30373-A-6,,MEX,ARG,Q2,5:38,25,18,230,170000,shot,P3,3pt jump shot made,14,408871,True,3,230,135,,
130881,30373-A-6,,MEX,ARG,Q2,5:38,25,18,231,170001,unknwown,ASS,made the assist,14,398746,,,,,,
130881,30373-A-6,,MEX,ARG,Q2,5:22,25,18,232,171000,shot,P2,2pt floating jump shot missed,104,416258,False,2,164,57,,
130881,30373-A-6,,MEX,ARG,Q2,5:20,25,18,233,171002,unknwown,REB,defensive rebound,14,408871,,,,,,
130881,30373-A-6,,MEX,ARG,Q2,5:12,25,18,237,175000,unknwown,TO,turnover; travelling,14,408860,,,,,,
130881,30373-A-6,,MEX,ARG,Q2,5:12,25,18,238,176000,subst,SUBST,Substitution out,104,377100,,,,,OUT,
130881,30373-A-6,,MEX,ARG,Q2,5:12,25,18,239,177000,subst,SUBST,Substitution in,104,417036,,,,,IN,
130881,30373-A-6,,MEX,ARG,Q2,4:59,25,18,241,179000,shot,P2,"2PtsFG under the basket, points after turnover, driving layup missed",104,417033,False,2,149,42,,
130881,30373-A-6,,MEX,ARG,Q2,4:58,25,18,243,179002,unknwown,TREB,team defensive rebound,14,,,,,,,
130881,30373-A-6,,MEX,ARG,Q2,4:47,25,18,248,185000,unknwown,TO,turnover; out of bounds,14,408871,,,,,,
130881,30373-A-6,,MEX,ARG,Q2,4:30,25,18,253,190000,unknwown,FOUL,personal foul,14,408860,,,,,,
130881,30373-A-6,,MEX,ARG,Q2,4:30,25,18,254,190002,unknwown,RFOUL,foul drawn,104,416257,,,,,,
130881,30373-A-6,,MEX,ARG,Q2,4:23,25,18,256,192000,shot,P2,"2PtsFG inside right wing, points after turnover, jump shot missed",104,416257,False,2,209,39,,
130881,30373-A-6,,MEX,ARG,Q2,4:20,25,18,257,192002,unknwown,REB,defensive rebound,14,408860,,,,,,
130881,30373-A-6,,MEX,ARG,Q2,4:14,25,21,258,193000,shot,P3,3pt jump shot made,14,398746,True,3,219,149,,
130881,30373-A-6,,MEX,ARG,Q2,4:14,25,21,259,193001,unknwown,ASS,made the assist,14,408871,,,,,,
130881,30373-A-6,,MEX,ARG,Q2,3:50,25,21,260,194000,shot,P3,3pt jump shot missed,104,416257,False,3,231,134,,
130881,30373-A-6,,MEX,ARG,Q2,3:48,25,21,261,194002,unknwown,REB,defensive rebound,14,398746,,,,,,
130881,30373-A-6,,MEX,ARG,Q2,3:44,25,21,262,195000,unknwown,TO,turnover; bad pass,14,387025,,,,,,
130881,30373-A-6,,MEX,ARG,Q2,3:44,25,21,263,195001,unknwown,ST,steal,104,416257,,,,,,
130881,30373-A-6,,MEX,ARG,Q2,3:39,27,21,264,196000,shot,P2,"2PtsFG under the basket, points from fastbreak + after turnover, driving layup made",104,416257,True,2,133,29,,
130881,30373-A-6,,MEX,ARG,Q2,3:22,27,21,266,198000,unknwown,TO,turnover; ball handling,14,409151,,,,,,
130881,30373-A-6,,MEX,ARG,Q2,3:22,27,21,267,199000,subst,SUBST,Substitution out,104,416257,,,,,OUT,
130881,30373-A-6,,MEX,ARG,Q2,3:22,27,21,268,200000,subst,SUBST,Substitution in,104,417035,,,,,IN,
130881,30373-A-6,,MEX,ARG,Q2,3:22,27,21,269,201000,subst,SUBST,Substitution out,104,369235,,,,,OUT,
130881,30373-A-6,,MEX,ARG,Q2,3:22,27,21,270,202000,subst,SUBST,Substitution in,104,377100,,,,,IN,
130881,30373-A-6,,MEX,ARG,Q2,3:22,27,21,271,203000,subst,SUBST,Substitution out,14,408860,,,,,OUT,
130881,30373-A-6,,MEX,ARG,Q2,3:22,27,21,272,204000,subst,SUBST,Substitution in,14,409023,,,,,IN,
130881,30373-A-6,,MEX,ARG,Q2,3:06,27,21,274,206000,shot,P3,3pt jump shot missed,104,417035,False,3,46,129,,
130881,30373-A-6,,MEX,ARG,Q2,3:04,27,21,275,206002,unknwown,REB,defensive rebound,14,387025,,,,,,
130881,30373-A-6,,MEX,ARG,Q2,2:51,27,21,276,207000,shot,P2,"2PtsFG under the basket, reverse lay-up missed",14,409151,False,2,134,25,,
130881,30373-A-6,,MEX,ARG,Q2,2:49,27,21,277,207002,unknwown,REB,defensive rebound,104,417036,,,,,,
130881,30373-A-6,,MEX,ARG,Q2,2:41,27,21,278,208000,shot,P3,3pt jump shot missed,104,417035,False,3,12,28,,
130881,30373-A-6,,MEX,ARG,Q2,2:38,27,21,279,208002,unknwown,REB,defensive rebound,14,409151,,,,,,
130881,30373-A-6,,MEX,ARG,Q2,2:31,27,24,280,209000,shot,P3,3pt jump shot made,14,408871,True,3,268,37,,
130881,30373-A-6,,MEX,ARG,Q2,2:31,27,24,282,209001,unknwown,ASS,made the assist,14,398746,,,,,,
130881,30373-A-6,,MEX,ARG,Q2,2:29,27,24,285,213000,timeout,TIMO,Timeout,104,,,,,,,
130881,30373-A-6,,MEX,ARG,Q2,2:29,27,24,286,214000,subst,SUBST,Substitution out,104,417035,,,,,OUT,
130881,30373-A-6,,MEX,ARG,Q2,2:29,27,24,287,215000,subst,SUBST,Substitution in,104,377234,,,,,IN,
130881,30373-A-6,,MEX,ARG,Q2,2:29,27,24,288,216000,subst,SUBST,Substitution out,14,387025,,,,,OUT,
130881,30373-A-6,,MEX,ARG,Q2,2:29,27,24,289,217000,subst,SUBST,Substitution out,14,409151,,,,,OUT,
130881,30373-A-6,,MEX,ARG,Q2,2:29,27,24,290,218000,subst,SUBST,Substitution in,14,408872,,,,,IN,
130881,30373-A-6,,MEX,ARG,Q2,2:29,27,24,291,219000,subst,SUBST,Substitution in,14,362126,,,,,IN,
130881,30373-A-6,,MEX,ARG,Q2,2:21,27,24,294,222000,unknwown,FOUL,personal foul,14,398746,,,,,,
130881,30373-A-6,,MEX,ARG,Q2,2:21,27,24,295,222002,unknwown,RFOUL,foul drawn,104,417033,,,,,,
130881,30373-A-6,,MEX,ARG,Q2,2:12,27,24,297,224000,shot,P2,2pt step back jump shot missed,104,416258,False,2,145,121,,
130881,30373-A-6,,MEX,ARG,Q2,2:09,27,24,298,224002,unknwown,REB,offensive rebound,104,417036,,,,,,
130881,30373-A-6,,MEX,ARG,Q2,2:04,29,24,299,225000,shot,P2,2pt jump shot made,104,377100,True,2,166,97,,
130881,30373-A-6,,MEX,ARG,Q2,2:04,29,24,300,225001,unknwown,ASS,made the assist,104,417036,,,,,,
130881,30373-A-6,,MEX,ARG,Q2,1:53,29,26,301,226000,shot,P2,"2PtsFG under the basket, driving layup made",14,409023,True,2,143,46,,
130881,30373-A-6,,MEX,ARG,Q2,1:43,29,26,302,227000,unknwown,TO,turnover; ball handling,104,416258,,,,,,
130881,30373-A-6,,MEX,ARG,Q2,1:43,29,26,303,227001,unknwown,ST,steal,14,398746,,,,,,
130881,30373-A-6,,MEX,ARG,Q2,1:39,29,26,304,228000,shot,P2,"2PtsFG under the basket, points after turnover, driving layup missed",14,398746,False,2,146,34,,
130881,30373-A-6,,MEX,ARG,Q2,1:37,29,26,306,228002,unknwown,REB,defensive rebound,104,377100,,,,,,
130881,30373-A-6,,MEX,ARG,Q2,1:36,29,26,309,232000,subst,SUBST,Substitution out,104,417033,,,,,OUT,
130881,30373-A-6,,MEX,ARG,Q2,1:36,29,26,310,233000,subst,SUBST,Substitution out,104,377100,,,,,OUT,
130881,30373-A-6,,MEX,ARG,Q2,1:36,29,26,311,234000,subst,SUBST,Substitution in,104,369235,,,,,IN,
130881,30373-A-6,,MEX,ARG,Q2,1:36,29,26,312,235000,subst,SUBST,Substitution in,104,416257,,,,,IN,
130881,30373-A-6,,MEX,ARG,Q2,1:36,29,26,313,236000,subst,SUBST,Substitution out,14,398746,,,,,OUT,
130881,30373-A-6,,MEX,ARG,Q2,1:36,29,26,314,237000,subst,SUBST,Substitution in,14,408857,,,,,IN,
130881,30373-A-6,,MEX,ARG,Q2,1:21,31,26,316,239000,shot,P2,"2PtsFG under the basket, layup made",104,377234,True,2,145,34,,
130881,30373-A-6,,MEX,ARG,Q2,1:21,31,26,317,239001,unknwown,ASS,made the assist,104,416257,,,,,,
130881,30373-A-6,,MEX,ARG,Q2,1:08,31,26,321,243000,unknwown,TO,turnover; out of bounds,14,408857,,,,,,
130881,30373-A-6,,MEX,ARG,Q2,0:43,33,26,323,245000,shot,P2,2pt pullup jump shot made,104,377234,True,2,213,86,,
130881,30373-A-6,,MEX,ARG,Q2,0:29,33,26,327,249000,unknwown,FOUL,personal foul; 2 free throws awarded,104,377234,,,,,,
130881,30373-A-6,,MEX,ARG,Q2,0:29,33,26,328,249002,unknwown,RFOUL,foul drawn,14,408872,,,,,,
130881,30373-A-6,,MEX,ARG,Q2,0:29,33,27,329,250000,shot,FT,1st of 2 free throws made,14,408872,True,1,0,0,,
130881,30373-A-6,,MEX,ARG,Q2,0:29,33,27,330,250001,unknwown,ASS,made the assist,14,409023,,,,,,
130881,30373-A-6,,MEX,ARG,Q2,0:29,33,27,331,251000,shot,FT,2nd of 2 free throws missed,14,408872,False,1,0,0,,
130881,30373-A-6,,MEX,ARG,Q2,0:28,33,27,336,251002,unknwown,TREB,team defensive rebound,104,,,,,,,
130881,30373-A-6,,MEX,ARG,Q2,0:12,33,27,339,258000,unknwown,FOUL,personal foul,14,408872,,,,,,
130881,30373-A-6,,MEX,ARG,Q2,0:12,33,27,340,258002,unknwown,RFOUL,foul drawn,104,416257,,,,,,
130881,30373-A-6,,MEX,ARG,Q2,0:11,33,27,342,260000,unknwown,TO,turnover; bad pass,104,416258,,,,,,
130881,30373-A-6,,MEX,ARG,Q2,0:11,33,27,343,260001,unknwown,ST,steal,14,408857,,,,,,
130881,30373-A-6,,MEX,ARG,Q2,0:07,33,29,344,261000,shot,P2,"2PtsFG under the basket, points from fastbreak + after turnover, driving layup made",14,408872,True,2,147,27,,
130881,30373-A-6,,MEX,ARG,Q2,0:07,33,29,345,261001,unknwown,ASS,made the assist,14,408857,,,,,,
130881,30373-A-6,,MEX,ARG,Q2,0:02,33,29,349,265000,shot,P2,2pt turnaround jump shot missed,104,417036,False,2,203,46,,
130881,30373-A-6,,MEX,ARG,Q2,0:02,33,29,350,265002,unknwown,REB,offensive rebound,104,416257,,,,,,
130881,30373-A-6,,MEX,ARG,Q2,0:00,33,29,353,268000,periods,ENDP,End of Period,,,,,,,,
130881,30373-A-6,,MEX,ARG,Q3,10:00,33,29,354,269000,subst,SUBST,Substitution out,104,417036,,,,,OUT,
130881,30373-A-6,,MEX,ARG,Q3,10:00,33,29,355,270000,subst,SUBST,Substitution in,104,377100,,,,,IN,
130881,30373-A-6,,MEX,ARG,Q3,10:00,33,29,356,271000,subst,SUBST,Substitution out,14,408872,,,,,OUT,
130881,30373-A-6,,MEX,ARG,Q3,10:00,33,29,357,272000,subst,SUBST,Substitution out,14,408857,,,,,OUT,
130881,30373-A-6,,MEX,ARG,Q3,10:00,33,29,358,273000,subst,SUBST,Substitution in,14,398746,,,,,IN,
130881,30373-A-6,,MEX,ARG,Q3,10:00,33,29,359,274000,subst,SUBST,Substitution in,14,409151,,,,,IN,
130881,30373-A-6,,MEX,ARG,Q3,10:00,33,29,360,275000,periods,STARTP,Start of Period,,,,,,,,
130881,30373-A-6,,MEX,ARG,Q3,9:46,33,29,365,280000,unknwown,FOUL,personal foul,14,362126,,,,,,
130881,30373-A-6,,MEX,ARG,Q3,9:46,33,29,366,280002,unknwown,RFOUL,foul drawn,104,416258,,,,,,
130881,30373-A-6,,MEX,ARG,Q3,9:38,33,29,368,282000,shot,P2,"2PtsFG inside center, jump shot missed",104,416257,False,2,128,130,,
130881,30373-A-6,,MEX,ARG,Q3,9:36,33,29,369,282002,unknwown,REB,defensive rebound,14,398746,,,,,,
130881,30373-A-6,,MEX,ARG,Q3,9:32,33,29,370,283000,shot,P2,"2PtsFG under the basket, layup missed",14,409023,False,2,151,35,,
130881,30373-A-6,,MEX,ARG,Q3,9:32,33,29,371,283001,unknwown,BS,blocked the shot,104,377234,,,,,,
130881,30373-A-6,,MEX,ARG,Q3,9:29,33,29,372,283002,unknwown,REB,defensive rebound,104,369235,,,,,,
130881,30373-A-6,,MEX,ARG,Q3,9:16,33,29,373,284000,shot,P2,2pt jump shot missed,104,377234,False,2,112,42,,
130881,30373-A-6,,MEX,ARG,Q3,9:12,33,29,374,284002,unknwown,REB,offensive rebound,104,369235,,,,,,
130881,30373-A-6,,MEX,ARG,Q3,9:12,35,29,375,285000,shot,P2,2PtsFG under the basket made,104,369235,True,2,140,31,,
130881,30373-A-6,,MEX,ARG,Q3,9:03,35,32,376,286000,shot,P3,3pt jump shot made,14,408871,True,3,267,41,,
130881,30373-A-6,,MEX,ARG,Q3,9:03,35,32,377,286001,unknwown,ASS,made the assist,14,409023,,,,,,
130881,30373-A-6,,MEX,ARG,Q3,8:52,35,32,379,288000,shot,P2,"2PtsFG inside right, jump shot missed",104,377100,False,2,206,64,,
130881,30373-A-6,,MEX,ARG,Q3,8:52,35,32,380,288002,unknwown,REB,offensive rebound,104,377234,,,,,,
130881,30373-A-6,,MEX,ARG,Q3,8:52,35,32,381,289000,unknwown,FOUL,technical foul; 1 free throw awarded,14,409151,,,,,,
130881,30373-A-6,,MEX,ARG,Q3,8:52,36,32,382,290000,shot,FT,free throw made,104,416257,True,1,0,0,,
130881,30373-A-6,,MEX,ARG,Q3,8:52,36,32,384,291000,unknwown,JS,jump ball situation; throw-in,14,,,,,,,
130881,30373-A-6,,MEX,ARG,Q3,8:52,36,32,385,292000,unknwown,TO,turnover; ball handling,104,377234,,,,,,
130881,30373-A-6,,MEX,ARG,Q3,8:49,36,32,387,294000,shot,P2,"2PtsFG under the basket, points after turnover, jump shot missed",14,362126,False,2,143,40,,
130881,30373-A-6,,MEX,ARG,Q3,8:47,36,32,389,294002,unknwown,REB,defensive rebound,104,416257,,,,,,
130881,30373-A-6,,MEX,ARG,Q3,8:42,36,32,392,298000,unknwown,FOUL,personal foul,14,409023,,,,,,
130881,30373-A-6,,MEX,ARG,Q3,8:42,36,32,393,298002,unknwown,RFOUL,foul drawn,104,416257,,,,,,
130881,30373-A-6,,MEX,ARG,Q3,8:32,36,32,395,300000,shot,P3,3pt jump shot missed,104,377234,False,3,73,165,,
130881,30373-A-6,,MEX,ARG,Q3,8:29,36,32,396,300002,unknwown,REB,offensive rebound,104,416258,,,,,,
130881,30373-A-6,,MEX,ARG,Q3,8:20,38,32,397,301000,shot,P2,"2PtsFG inside center, jump shot made",104,416258,True,2,133,129,,
130881,30373-A-6,,MEX,ARG,Q3,8:09,38,32,398,302000,shot,P3,3pt jump shot missed,14,409151,False,3,50,141,,
130881,30373-A-6,,MEX,ARG,Q3,8:06,38,32,399,302002,unknwown,REB,defensive rebound,104,416257,,,,,,
130881,30373-A-6,,MEX,ARG,Q3,7:56,41,32,400,303000,shot,P3,3pt jump shot made,104,377100,True,3,270,39,,
130881,30373-A-6,,MEX,ARG,Q3,7:56,41,32,401,303001,unknwown,ASS,made the assist,104,416257,,,,,,
130881,30373-A-6,,MEX,ARG,Q3,7:32,41,32,402,304000,shot,P2,"2PtsFG under the basket, hook shot missed",14,408871,False,2,141,44,,
130881,30373-A-6,,MEX,ARG,Q3,7:32,41,32,403,304001,unknwown,BS,blocked the shot,104,369235,,,,,,
130881,30373-A-6,,MEX,ARG,Q3,7:28,41,32,404,304002,unknwown,REB,defensive rebound,104,369235,,,,,,
130881,30373-A-6,,MEX,ARG,Q3,7:25,43,32,405,305000,shot,P2,"2PtsFG under the basket, fast break, driving layup made",104,416257,True,2,142,34,,
130881,30373-A-6,,MEX,ARG,Q3,7:24,43,32,407,307000,timeout,TIMO,Timeout,14,,,,,,,
130881,30373-A-6,,MEX,ARG,Q3,7:24,43,32,408,308000,subst,SUBST,Substitution out,14,409023,,,,,OUT,
130881,30373-A-6,,MEX,ARG,Q3,7:24,43,32,409,309000,subst,SUBST,Substitution out,14,398746,,,,,OUT,
130881,30373-A-6,,MEX,ARG,Q3,7:24,43,32,410,310000,subst,SUBST,Substitution out,14,409151,,,,,OUT,
130881,30373-A-6,,MEX,ARG,Q3,7:24,43,32,411,311000,subst,SUBST,Substitution in,14,408872,,,,,IN,
130881,30373-A-6,,MEX,ARG,Q3,7:24,43,32,412,312000,subst,SUBST,Substitution in,14,408870,,,,,IN,
130881,30373-A-6,,MEX,ARG,Q3,7:24,43,32,413,313000,subst,SUBST,Substitution in,14,408857,,,,,IN,
130881,30373-A-6,,MEX,ARG,Q3,7:11,43,32,417,317000,shot,P3,3pt jump shot from center missed,14,408857,False,3,139,165,,
130881,30373-A-6,,MEX,ARG,Q3,7:09,43,32,418,317002,unknwown,REB,offensive rebound,14,362126,,,,,,
130881,30373-A-6,,MEX,ARG,Q3,7:07,43,32,419,318000,shot,P3,3pt jump shot missed,14,408871,False,3,23,108,,
130881,30373-A-6,,MEX,ARG,Q3,7:05,43,32,420,318002,unknwown,REB,defensive rebound,104,377100,,,,,,
130881,30373-A-6,,MEX,ARG,Q3,6:51,45,32,421,319000,shot,P2,"2PtsFG inside center, jump shot made",104,416257,True,2,142,113,,
130881,30373-A-6,,MEX,ARG,Q3,6:36,45,32,425,323000,unknwown,FOUL,offensive foul,14,362126,,,,,,
130881,30373-A-6,,MEX,ARG,Q3,6:36,45,32,426,323001,unknwown,TO,turnover,14,362126,,,,,,
130881,30373-A-6,,MEX,ARG,Q3,6:36,45,32,427,323002,unknwown,RFOUL,foul drawn,104,416258,,,,,,
130881,30373-A-6,,MEX,ARG,Q3,6:27,45,32,429,325000,shot,P3,3pt jump shot missed,104,377100,False,3,17,75,,
130881,30373-A-6,,MEX,ARG,Q3,6:25,45,32,430,325002,unknwown,REB,defensive rebound,14,408872,,,,,,
130881,30373-A-6,,MEX,ARG,Q3,6:10,45,32,431,326000,shot,P2,2pt driving layup missed,14,408857,False,2,149,49,,
130881,30373-A-6,,MEX,ARG,Q3,6:08,45,32,432,326002,unknwown,REB,defensive rebound,104,377234,,,,,,
130881,30373-A-6,,MEX,ARG,Q3,6:06,45,32,436,330000,unknwown,FOUL,personal foul; 2 free throws awarded,14,408871,,,,,,
130881,30373-A-6,,MEX,ARG,Q3,6:06,45,32,437,330002,unknwown,RFOUL,foul drawn,104,377234,,,,,,
130881,30373-A-6,,MEX,ARG,Q3,6:06,45,32,438,331000,shot,FT,1st of 2 free throws missed,104,377234,False,1,0,0,,
130881,30373-A-6,,MEX,ARG,Q3,6:06,46,32,439,332000,shot,FT,2nd of 2 free throws made,104,377234,True,1,0,0,,
130881,30373-A-6,,MEX,ARG,Q3,5:48,46,35,441,334000,shot,P3,3pt jump shot made,14,408871,True,3,269,30,,
130881,30373-A-6,,MEX,ARG,Q3,5:48,46,35,442,334001,unknwown,ASS,made the assist,14,408870,,,,,,
130881,30373-A-6,,MEX,ARG,Q3,5:41,46,35,443,335000,unknwown,TO,turnover; bad pass,104,369235,,,,,,
130881,30373-A-6,,MEX,ARG,Q3,5:41,46,35,444,335001,unknwown,ST,steal,14,408871,,,,,,
130881,30373-A-6,,MEX,ARG,Q3,5:34,46,38,445,336000,shot,P3,"3PtsFG outside right wing, points from fastbreak + after turnover, jump shot made",14,408872,True,3,271,31,,
130881,30373-A-6,,MEX,ARG,Q3,5:34,46,38,447,336001,unknwown,ASS,made the assist,14,408871,,,,,,
130881,30373-A-6,,MEX,ARG,Q3,5:34,46,38,448,338000,timeout,TIMO,Timeout,104,,,,,,,
130881,30373-A-6,,MEX,ARG,Q3,5:25,46,38,452,342000,shot,P2,"2PtsFG under the basket, dunk missed",104,369235,False,2,134,33,,
130881,30373-A-6,,MEX,ARG,Q3,5:22,46,38,453,342002,unknwown,REB,defensive rebound,14,408872,,,,,,
130881,30373-A-6,,MEX,ARG,Q3,5:16,46,38,455,344000,shot,P2,"2PtsFG under the basket, driving layup missed",14,408872,False,2,135,32,,
130881,30373-A-6,,MEX,ARG,Q3,5:16,46,38,456,344002,unknwown,TREB,team defensive rebound,104,,,,,,,
130881,30373-A-6,,MEX,ARG,Q3,5:09,46,38,463,351000,unknwown,TO,turnover; bad pass,104,416257,,,,,,
130881,30373-A-6,,MEX,ARG,Q3,5:09,46,38,464,351001,unknwown,ST,steal,14,362126,,,,,,
130881,30373-A-6,,MEX,ARG,Q3,5:09,46,38,465,352000,unknwown,VTR,Head coach's challenge successful,14,,,,,,,
130881,30373-A-6,,MEX,ARG,Q3,4:52,46,38,467,354000,shot,P3,3pt jump shot missed,14,408870,False,3,141,173,,
130881,30373-A-6,,MEX,ARG,Q3,4:50,46,38,469,354002,unknwown,REB,offensive rebound,14,408857,,,,,,
130881,30373-A-6,,MEX,ARG,Q3,4:50,46,40,470,356000,shot,P2,"2PtsFG under the basket, points from second chance + after turnover made",14,408857,True,2,140,31,,
130881,30373-A-6,,MEX,ARG,Q3,4:50,46,40,471,357000,unknwown,FOUL,personal foul; 1 free throw awarded,104,377234,,,,,,
130881,30373-A-6,,MEX,ARG,Q3,4:50,46,40,472,357002,unknwown,RFOUL,foul drawn,14,408857,,,,,,
130881,30373-A-6,,MEX,ARG,Q3,4:50,46,40,474,359000,shot,FT,1st of 1 free throw missed,14,408857,False,1,0,0,,
130881,30373-A-6,,MEX,ARG,Q3,4:48,46,40,475,359002,unknwown,REB,defensive rebound,104,369235,,,,,,
130881,30373-A-6,,MEX,ARG,Q3,4:33,46,40,476,360000,shot,P3,3pt jump shot missed,104,377100,False,3,268,33,,
130881,30373-A-6,,MEX,ARG,Q3,4:31,46,40,477,360002,unknwown,REB,defensive rebound,14,408871,,,,,,
130881,30373-A-6,,MEX,ARG,Q3,4:26,46,40,481,364000,unknwown,TO,turnover; out of bounds,14,408871,,,,,,
130881,30373-A-6,,MEX,ARG,Q3,4:08,46,40,486,369000,unknwown,FOUL,personal foul; 2 free throws awarded,14,408871,,,,,,
130881,30373-A-6,,MEX,ARG,Q3,4:08,46,40,487,369002,unknwown,RFOUL,foul drawn,104,377234,,,,,,
130881,30373-A-6,,MEX,ARG,Q3,4:08,46,40,488,370000,shot,FT,1st of 2 free throws missed,104,377234,False,1,0,0,,
130881,30373-A-6,,MEX,ARG,Q3,4:08,46,40,490,372000,shot,FT,2nd of 2 free throws missed,104,377234,False,1,0,0,,
130881,30373-A-6,,MEX,ARG,Q3,4:07,46,40,491,372002,unknwown,REB,defensive rebound,14,362126,,,,,,
130881,30373-A-6,,MEX,ARG,Q3,3:55,46,40,492,373000,unknwown,TO,turnover; ball handling,14,408870,,,,,,
130881,30373-A-6,,MEX,ARG,Q3,3:55,46,40,493,373001,unknwown,ST,steal,104,416258,,,,,,
130881,30373-A-6,,MEX,ARG,Q3,3:49,48,40,494,374000,shot,P2,"2PtsFG under the basket, points after turnover, layup made",104,416257,True,2,146,32,,
130881,30373-A-6,,MEX,ARG,Q3,3:49,48,40,495,374001,unknwown,ASS,made the assist,104,377234,,,,,,
130881,30373-A-6,,MEX,ARG,Q3,3:29,48,40,496,375000,shot,P3,3pt jump shot missed,14,408872,False,3,226,141,,
130881,30373-A-6,,MEX,ARG,Q3,3:26,48,40,497,375002,unknwown,REB,defensive rebound,104,416257,,,,,,
130881,30373-A-6,,MEX,ARG,Q3,3:21,48,40,498,376000,unknwown,TO,turnover; ball handling,104,416257,,,,,,
130881,30373-A-6,,MEX,ARG,Q3,3:21,48,40,499,376001,unknwown,ST,steal,14,408872,,,,,,
130881,30373-A-6,,MEX,ARG,Q3,3:17,48,40,503,380000,unknwown,FOUL,personal foul; 2 free throws awarded,104,416258,,,,,,
130881,30373-A-6,,MEX,ARG,Q3,3:17,48,40,504,380002,unknwown,RFOUL,foul drawn,14,408857,,,,,,
130881,30373-A-6,,MEX,ARG,Q3,3:17,48,40,505,381000,subst,SUBST,Substitution out,104,377234,,,,,OUT,
130881,30373-A-6,,MEX,ARG,Q3,3:17,48,40,506,382000,subst,SUBST,Substitution in,104,416264,,,,,IN,
130881,30373-A-6,,MEX,ARG,Q3,3:17,48,40,507,383000,subst,SUBST,Substitution out,14,408871,,,,,OUT,
130881,30373-A-6,,MEX,ARG,Q3,3:17,48,40,508,384000,subst,SUBST,Substitution in,14,409023,,,,,IN,
130881,30373-A-6,,MEX,ARG,Q3,3:17,48,41,509,385000,shot,FT,Free throw made 1 of 2,14,408857,True,1,0,0,,
130881,30373-A-6,,MEX,ARG,Q3,3:17,48,42,510,386000,shot,FT,Free throw made 2 of 2,14,408857,True,1,0,0,,
130881,30373-A-6,,MEX,ARG,Q3,3:05,48,42,512,388000,shot,P3,3pt jump shot missed,104,416264,False,3,207,170,,
130881,30373-A-6,,MEX,ARG,Q3,3:02,48,42,513,388002,unknwown,REB,defensive rebound,14,409023,,,,,,
130881,30373-A-6,,MEX,ARG,Q3,2:57,48,42,514,389000,shot,P3,3pt jump shot missed,14,408857,False,3,21,108,,
130881,30373-A-6,,MEX,ARG,Q3,2:53,48,42,515,389002,unknwown,REB,defensive rebound,104,416257,,,,,,
130881,30373-A-6,,MEX,ARG,Q3,2:31,48,42,516,390000,shot,P3,3pt jump shot missed,104,416258,False,3,217,177,,
130881,30373-A-6,,MEX,ARG,Q3,2:28,48,42,517,390002,unknwown,REB,offensive rebound,104,369235,,,,,,
130881,30373-A-6,,MEX,ARG,Q3,2:28,48,42,518,391000,shot,P2,"2PtsFG under the basket, dunk missed",104,369235,False,2,144,39,,
130881,30373-A-6,,MEX,ARG,Q3,2:24,48,42,519,391002,unknwown,REB,defensive rebound,14,408872,,,,,,
130881,30373-A-6,,MEX,ARG,Q3,2:24,48,44,521,393000,shot,P2,"2PtsFG under the basket, fast break, driving layup made",14,408870,True,2,148,40,,
130881,30373-A-6,,MEX,ARG,Q3,2:24,48,44,522,393001,unknwown,ASS,made the assist,14,408872,,,,,,
130881,30373-A-6,,MEX,ARG,Q3,2:24,48,44,523,394000,unknwown,FOUL,personal foul; 1 free throw awarded,104,377100,,,,,,
130881,30373-A-6,,MEX,ARG,Q3,2:24,48,44,524,394002,unknwown,RFOUL,foul drawn,14,409023,,,,,,
130881,30373-A-6,,MEX,ARG,Q3,2:24,48,44,525,395000,subst,SUBST,Substitution out,104,416258,,,,,OUT,
130881,30373-A-6,,MEX,ARG,Q3,2:24,48,44,526,396000,subst,SUBST,Substitution out,104,416257,,,,,OUT,
130881,30373-A-6,,MEX,ARG,Q3,2:24,48,44,527,397000,subst,SUBST,Substitution in,104,416129,,,,,IN,
130881,30373-A-6,,MEX,ARG,Q3,2:24,48,44,528,398000,subst,SUBST,Substitution in,104,417033,,,,,IN,
130881,30373-A-6,,MEX,ARG,Q3,2:24,48,44,529,399000,subst,SUBST,Substitution out,14,362126,,,,,OUT,
130881,30373-A-6,,MEX,ARG,Q3,2:24,48,44,530,400000,subst,SUBST,Substitution in,14,387025,,,,,IN,
130881,30373-A-6,,MEX,ARG,Q3,2:24,48,44,531,401000,shot,FT,1st free throw missed,14,409023,False,1,0,0,,
130881,30373-A-6,,MEX,ARG,Q3,2:23,48,44,533,401002,unknwown,REB,defensive rebound,104,369235,,,,,,
130881,30373-A-6,,MEX,ARG,Q3,2:02,48,44,534,403000,shot,P3,3pt jump shot missed,104,377100,False,3,264,38,,
130881,30373-A-6,,MEX,ARG,Q3,1:59,48,44,535,403002,unknwown,REB,defensive rebound,14,408857,,,,,,
130881,30373-A-6,,MEX,ARG,Q3,1:44,48,44,536,404000,shot,P2,2pt floating jump shot missed,14,409023,False,2,170,58,,
130881,30373-A-6,,MEX,ARG,Q3,1:43,48,44,538,404002,unknwown,TREB,team defensive rebound,104,,,,,,,
130881,30373-A-6,,MEX,ARG,Q3,1:43,48,44,539,406000,unknwown,FOUL,personal foul; 2 free throws awarded,14,387025,,,,,,
130881,30373-A-6,,MEX,ARG,Q3,1:43,48,44,540,406002,unknwown,RFOUL,foul drawn,104,416264,,,,,,
130881,30373-A-6,,MEX,ARG,Q3,1:43,48,44,541,407000,shot,FT,1st of 2 free throws missed,104,416264,False,1,0,0,,
130881,30373-A-6,,MEX,ARG,Q3,1:43,49,44,542,408000,shot,FT,2nd of 2 free throws made,104,416264,True,1,0,0,,
130881,30373-A-6,,MEX,ARG,Q3,1:43,49,44,544,410000,subst,SUBST,Substitution out,104,377100,,,,,OUT,
130881,30373-A-6,,MEX,ARG,Q3,1:43,49,44,545,411000,subst,SUBST,Substitution in,104,417036,,,,,IN,
130881,30373-A-6,,MEX,ARG,Q3,1:27,49,47,546,412000,shot,P3,3pt jump shot made,14,408870,True,3,11,43,,
130881,30373-A-6,,MEX,ARG,Q3,1:27,49,47,547,412001,unknwown,ASS,made the assist,14,408857,,,,,,
130881,30373-A-6,,MEX,ARG,Q3,1:13,49,47,548,413000,unknwown,TO,turnover; bad pass,104,416129,,,,,,
130881,30373-A-6,,MEX,ARG,Q3,1:13,49,47,549,413001,unknwown,ST,steal,14,387025,,,,,,
130881,30373-A-6,,MEX,ARG,Q3,1:09,49,49,550,414000,shot,P2,"2PtsFG under the basket, points from fastbreak + after turnover, dunk made",14,387025,True,2,138,41,,
130881,30373-A-6,,MEX,ARG,Q3,0:53,49,49,554,418000,unknwown,FOUL,personal foul; 2 free throws awarded,14,408857,,,,,,
130881,30373-A-6,,MEX,ARG,Q3,0:53,49,49,555,418002,unknwown,RFOUL,foul drawn,104,417036,,,,,,
130881,30373-A-6,,MEX,ARG,Q3,0:53,50,49,556,419000,shot,FT,1st of 2 free throws made,104,417036,True,1,0,0,,
130881,30373-A-6,,MEX,ARG,Q3,0:53,51,49,557,420000,shot,FT,2nd of 2 free throws made,104,417036,True,1,0,0,,
130881,30373-A-6,,MEX,ARG,Q3,0:38,51,49,559,422000,shot,P3,3pt jump shot missed,14,408870,False,3,205,167,,
130881,30373-A-6,,MEX,ARG,Q3,0:36,51,49,560,422002,unknwown,REB,defensive rebound,104,417033,,,,,,
130881,30373-A-6,,MEX,ARG,Q3,0:28,51,49,564,426000,unknwown,TO,turnover; out of bounds,104,416264,,,,,,
130881,30373-A-6,,MEX,ARG,Q3,0:08,51,49,568,430000,shot,P2,"2PtsFG under the basket, points after turnover, driving layup missed",14,408857,False,2,135,35,,
130881,30373-A-6,,MEX,ARG,Q3,0:05,51,49,569,430002,unknwown,REB,offensive rebound,14,387025,,,,,,
130881,30373-A-6,,MEX,ARG,Q3,0:03,51,49,571,432000,shot,P3,3pt jump shot missed,14,408857,False,3,22,97,,
130881,30373-A-6,,MEX,ARG,Q3,0:03,51,49,572,432002,unknwown,TREB,team offensive rebound,14,,,,,,,
130881,30373-A-6,,MEX,ARG,Q3,0:03,51,49,573,433000,subst,SUBST,Substitution out,14,409023,,,,,OUT,
130881,30373-A-6,,MEX,ARG,Q3,0:03,51,49,574,434000,subst,SUBST,Substitution in,14,408871,,,,,IN,
130881,30373-A-6,,MEX,ARG,Q3,0:03,51,49,577,437000,shot,P3,3pt jump shot missed,14,408857,False,3,268,60,,
130881,30373-A-6,,MEX,ARG,Q3,0:00,51,49,580,440000,periods,ENDP,End of Period,,,,,,,,
130881,30373-A-6,,MEX,ARG,Q4,10:00,51,49,581,441000,periods,STARTP,Start of Period,,,,,,,,
130881,30373-A-6,,MEX,ARG,Q4,9:59,51,49,583,443000,subst,SUBST,Substitution out,104,416129,,,,,OUT,
130881,30373-A-6,,MEX,ARG,Q4,9:59,51,49,584,444000,subst,SUBST,Substitution out,104,416264,,,,,OUT,
130881,30373-A-6,,MEX,ARG,Q4,9:59,51,49,585,445000,subst,SUBST,Substitution out,104,417033,,,,,OUT,
130881,30373-A-6,,MEX,ARG,Q4,9:59,51,49,586,446000,subst,SUBST,Substitution out,104,417036,,,,,OUT,
130881,30373-A-6,,MEX,ARG,Q4,9:59,51,49,587,447000,subst,SUBST,Substitution in,104,416258,,,,,IN,
130881,30373-A-6,,MEX,ARG,Q4,9:59,51,49,588,448000,subst,SUBST,Substitution in,104,377234,,,,,IN,
130881,30373-A-6,,MEX,ARG,Q4,9:59,51,49,589,449000,subst,SUBST,Substitution in,104,377100,,,,,IN,
130881,30373-A-6,,MEX,ARG,Q4,9:59,51,49,590,450000,subst,SUBST,Substitution in,104,416257,,,,,IN,
130881,30373-A-6,,MEX,ARG,Q4,9:59,51,49,591,451000,subst,SUBST,Substitution out,14,408857,,,,,OUT,
130881,30373-A-6,,MEX,ARG,Q4,9:59,51,49,592,452000,subst,SUBST,Substitution in,14,409023,,,,,IN,
130881,30373-A-6,,MEX,ARG,Q4,9:45,53,49,593,453000,shot,P2,"2PtsFG inside left, jump shot made",104,416258,True,2,87,95,,
130881,30373-A-6,,MEX,ARG,Q4,9:25,53,52,594,454000,shot,P3,3pt jump shot made,14,408871,True,3,253,125,,
130881,30373-A-6,,MEX,ARG,Q4,9:25,53,52,595,454001,unknwown,ASS,made the assist,14,409023,,,,,,
130881,30373-A-6,,MEX,ARG,Q4,9:06,53,52,596,455000,shot,P2,"2PtsFG under the basket, driving layup missed",104,377234,False,2,122,34,,
130881,30373-A-6,,MEX,ARG,Q4,9:06,53,52,598,455002,unknwown,REB,defensive rebound,14,387025,,,,,,
130881,30373-A-6,,MEX,ARG,Q4,9:01,53,52,603,461000,unknwown,FOUL,personal foul,104,377234,,,,,,
130881,30373-A-6,,MEX,ARG,Q4,9:01,53,52,604,461002,unknwown,RFOUL,foul drawn,14,387025,,,,,,
130881,30373-A-6,,MEX,ARG,Q4,9:01,53,52,605,462000,subst,SUBST,Substitution out,14,408871,,,,,OUT,
130881,30373-A-6,,MEX,ARG,Q4,9:01,53,52,606,463000,subst,SUBST,Substitution in,14,408857,,,,,IN,
130881,30373-A-6,,MEX,ARG,Q4,8:47,53,52,608,465000,shot,P3,3pt jump shot missed,14,408857,False,3,3,36,,
130881,30373-A-6,,MEX,ARG,Q4,8:44,53,52,609,465002,unknwown,REB,defensive rebound,104,369235,,,,,,
130881,30373-A-6,,MEX,ARG,Q4,8:36,55,52,610,466000,shot,P2,2pt floating jump shot made,104,416258,True,2,157,86,,
130881,30373-A-6,,MEX,ARG,Q4,8:16,55,52,612,468000,shot,P3,3pt jump shot missed,14,409023,False,3,19,113,,
130881,30373-A-6,,MEX,ARG,Q4,8:16,55,52,613,468002,unknwown,TREB,team defensive rebound,104,,,,,,,
130881,30373-A-6,,MEX,ARG,Q4,8:16,55,52,614,469000,unknwown,FOUL,personal foul,14,387025,,,,,,
130881,30373-A-6,,MEX,ARG,Q4,8:16,55,52,615,469002,unknwown,RFOUL,foul drawn,104,369235,,,,,,
130881,30373-A-6,,MEX,ARG,Q4,8:16,55,52,616,470000,subst,SUBST,Substitution out,104,377234,,,,,OUT,
130881,30373-A-6,,MEX,ARG,Q4,8:16,55,52,617,471000,subst,SUBST,Substitution in,104,417035,,,,,IN,
130881,30373-A-6,,MEX,ARG,Q4,8:16,55,52,618,472000,subst,SUBST,Substitution out,14,408857,,,,,OUT,
130881,30373-A-6,,MEX,ARG,Q4,8:16,55,52,619,473000,subst,SUBST,Substitution in,14,409151,,,,,IN,
130881,30373-A-6,,MEX,ARG,Q4,7:50,55,52,622,476000,shot,P3,3pt jump shot missed,104,416258,False,3,213,161,,
130881,30373-A-6,,MEX,ARG,Q4,7:50,55,52,623,476002,unknwown,REB,defensive rebound,14,387025,,,,,,
130881,30373-A-6,,MEX,ARG,Q4,7:30,55,54,628,481000,shot,P2,2pt pullup jump shot made,14,409023,True,2,67,92,,
130881,30373-A-6,,MEX,ARG,Q4,7:30,55,54,629,482000,unknwown,FOUL,personal foul; 1 free throw awarded,104,377100,,,,,,
130881,30373-A-6,,MEX,ARG,Q4,7:30,55,54,630,482002,unknwown,RFOUL,foul drawn,14,409023,,,,,,
130881,30373-A-6,,MEX,ARG,Q4,7:30,55,54,631,483000,shot,FT,1st free throw missed,14,409023,False,1,0,0,,
130881,30373-A-6,,MEX,ARG,Q4,7:30,55,54,632,483002,unknwown,TREB,team defensive rebound,104,,,,,,,
130881,30373-A-6,,MEX,ARG,Q4,7:10,55,54,634,485000,shot,P3,3pt jump shot missed,104,377100,False,3,269,69,,
130881,30373-A-6,,MEX,ARG,Q4,7:06,55,54,635,485002,unknwown,REB,offensive rebound,104,369235,,,,,,
130881,30373-A-6,,MEX,ARG,Q4,7:06,57,54,636,486000,shot,P2,2PtsFG under the basket made,104,369235,True,2,140,31,,
130881,30373-A-6,,MEX,ARG,Q4,6:48,57,54,640,490000,unknwown,FOUL,personal foul,104,416258,,,,,,
130881,30373-A-6,,MEX,ARG,Q4,6:48,57,54,641,490002,unknwown,RFOUL,foul drawn,14,409023,,,,,,
130881,30373-A-6,,MEX,ARG,Q4,6:48,57,54,642,491000,subst,SUBST,Substitution out,14,408872,,,,,OUT,
130881,30373-A-6,,MEX,ARG,Q4,6:48,57,54,643,492000,subst,SUBST,Substitution in,14,398746,,,,,IN,
130881,30373-A-6,,MEX,ARG,Q4,6:39,57,56,645,494000,shot,P2,"2PtsFG under the basket, alley oop lay-up made",14,387025,True,2,155,40,,
130881,30373-A-6,,MEX,ARG,Q4,6:39,57,56,646,494001,unknwown,ASS,made the assist,14,409023,,,,,,
130881,30373-A-6,,MEX,ARG,Q4,6:15,60,56,647,495000,shot,P3,3pt jump shot from center made,104,416258,True,3,99,174,,
130881,30373-A-6,,MEX,ARG,Q4,5:59,60,59,648,496000,shot,P3,3pt jump shot made,14,409023,True,3,258,98,,
130881,30373-A-6,,MEX,ARG,Q4,5:59,60,59,649,496001,unknwown,ASS,made the assist,14,408870,,,,,,
130881,30373-A-6,,MEX,ARG,Q4,5:41,60,59,650,497000,shot,P3,3pt jump shot missed,104,377100,False,3,268,27,,
130881,30373-A-6,,MEX,ARG,Q4,5:38,60,59,651,497002,unknwown,REB,defensive rebound,14,398746,,,,,,
130881,30373-A-6,,MEX,ARG,Q4,5:26,60,61,652,498000,shot,P2,2pt pullup jump shot made,14,408870,True,2,151,118,,
130881,30373-A-6,,MEX,ARG,Q4,5:06,60,61,653,499000,shot,P2,2pt jump shot missed,104,416257,False,2,165,64,,
130881,30373-A-6,,MEX,ARG,Q4,5:04,60,61,654,499002,unknwown,REB,defensive rebound,14,387025,,,,,,
130881,30373-A-6,,MEX,ARG,Q4,5:00,60,61,656,501000,shot,P2,"2PtsFG under the basket, driving layup missed",14,409151,False,2,135,35,,
130881,30373-A-6,,MEX,ARG,Q4,5:00,60,61,657,501001,unknwown,BS,blocked the shot,104,417035,,,,,,
130881,30373-A-6,,MEX,ARG,Q4,5:00,60,61,658,501002,unknwown,TREB,team offensive rebound,14,,,,,,,
130881,30373-A-6,,MEX,ARG,Q4,4:52,60,63,665,508000,shot,P2,"2PtsFG under the basket, jump shot made",14,409151,True,2,132,33,,
130881,30373-A-6,,MEX,ARG,Q4,4:38,60,63,667,510000,shot,P3,3pt jump shot from center missed,104,417035,False,3,128,170,,
130881,30373-A-6,,MEX,ARG,Q4,4:34,60,63,668,510002,unknwown,REB,defensive rebound,14,409151,,,,,,
130881,30373-A-6,,MEX,ARG,Q4,4:17,60,63,669,511000,shot,P3,3pt jump shot missed,14,409023,False,3,248,123,,
130881,30373-A-6,,MEX,ARG,Q4,4:15,60,63,670,511002,unknwown,REB,defensive rebound,104,369235,,,,,,
130881,30373-A-6,,MEX,ARG,Q4,3:58,60,63,671,512000,shot,P3,3pt jump shot missed,104,377100,False,3,267,25,,
130881,30373-A-6,,MEX,ARG,Q4,3:52,60,63,672,512002,unknwown,REB,defensive rebound,14,387025,,,,,,
130881,30373-A-6,,MEX,ARG,Q4,3:42,60,66,674,514000,shot,P3,3pt jump shot made,14,408870,True,3,5,36,,
130881,30373-A-6,,MEX,ARG,Q4,3:42,60,66,675,514001,unknwown,ASS,made the assist,14,398746,,,,,,
130881,30373-A-6,,MEX,ARG,Q4,3:41,60,66,676,515000,timeout,TIMO,Timeout,104,,,,,,,
130881,30373-A-6,,MEX,ARG,Q4,3:41,60,66,677,516000,subst,SUBST,Substitution out,104,377100,,,,,OUT,
130881,30373-A-6,,MEX,ARG,Q4,3:41,60,66,678,517000,subst,SUBST,Substitution in,104,417036,,,,,IN,
130881,30373-A-6,,MEX,ARG,Q4,3:21,60,66,680,519000,shot,P3,3pt jump shot missed,104,416258,False,3,225,149,,
130881,30373-A-6,,MEX,ARG,Q4,3:20,60,66,682,519002,unknwown,TREB,team defensive rebound,14,,,,,,,
130881,30373-A-6,,MEX,ARG,Q4,3:07,60,66,684,522000,subst,SUBST,Substitution out,104,417035,,,,,OUT,
130881,30373-A-6,,MEX,ARG,Q4,3:07,60,66,685,523000,subst,SUBST,Substitution in,104,377234,,,,,IN,
130881,30373-A-6,,MEX,ARG,Q4,2:55,60,66,686,524000,unknwown,TO,turnover; ball handling,14,409023,,,,,,
130881,30373-A-6,,MEX,ARG,Q4,2:55,60,66,687,524001,unknwown,ST,steal,104,377234,,,,,,
130881,30373-A-6,,MEX,ARG,Q4,2:50,60,66,688,525000,shot,P2,"2PtsFG under the basket, points after turnover, jump shot missed",104,377234,False,2,145,24,,
130881,30373-A-6,,MEX,ARG,Q4,2:45,60,66,689,525002,unknwown,REB,defensive rebound,14,408870,,,,,,
130881,30373-A-6,,MEX,ARG,Q4,2:42,60,66,690,526000,unknwown,TO,turnover; bad pass,14,409023,,,,,,
130881,30373-A-6,,MEX,ARG,Q4,2:42,60,66,691,526001,unknwown,ST,steal,104,369235,,,,,,
130881,30373-A-6,,MEX,ARG,Q4,2:23,60,66,692,527000,shot,P2,2pt fadeaway jump shot missed,104,416257,False,2,103,110,,
130881,30373-A-6,,MEX,ARG,Q4,2:18,60,66,693,527002,unknwown,REB,defensive rebound,14,387025,,,,,,
130881,30373-A-6,,MEX,ARG,Q4,2:05,60,66,694,528000,shot,P2,"2PtsFG under the basket, driving layup missed",14,408870,False,2,157,30,,
130881,30373-A-6,,MEX,ARG,Q4,2:02,60,66,695,528002,unknwown,REB,defensive rebound,104,416257,,,,,,
130881,30373-A-6,,MEX,ARG,Q4,1:59,60,66,696,529000,shot,P2,"2PtsFG under the basket, driving layup missed",104,377234,False,2,127,35,,
130881,30373-A-6,,MEX,ARG,Q4,1:56,60,66,697,529002,unknwown,REB,defensive rebound,14,409151,,,,,,
130881,30373-A-6,,MEX,ARG,Q4,1:34,60,66,698,530000,shot,P3,3pt jump shot missed,14,409151,False,3,7,27,,
130881,30373-A-6,,MEX,ARG,Q4,1:32,60,66,699,530002,unknwown,REB,defensive rebound,104,416258,,,,,,
130881,30373-A-6,,MEX,ARG,Q4,1:20,60,66,700,531000,shot,P3,3pt jump shot missed,104,416257,False,3,69,149,,
130881,30373-A-6,,MEX,ARG,Q4,1:18,60,66,701,531002,unknwown,REB,defensive rebound,14,408870,,,,,,
130881,30373-A-6,,MEX,ARG,Q4,0:56,60,66,702,532000,shot,P2,"2PtsFG under the basket, layup missed",14,387025,False,2,135,45,,
130881,30373-A-6,,MEX,ARG,Q4,0:55,60,66,704,532002,unknwown,REB,offensive rebound,14,387025,,,,,,
130881,30373-A-6,,MEX,ARG,Q4,0:55,60,66,705,534000,shot,P2,2PtsFG under the basket missed,14,387025,False,2,140,31,,
130881,30373-A-6,,MEX,ARG,Q4,0:55,60,66,706,534002,unknwown,REB,defensive rebound,104,417036,,,,,,
130881,30373-A-6,,MEX,ARG,Q4,0:51,60,66,709,537000,subst,SUBST,Substitution out,14,387025,,,,,OUT,
130881,30373-A-6,,MEX,ARG,Q4,0:51,60,66,710,538000,subst,SUBST,Substitution in,14,362126,,,,,IN,
130881,30373-A-6,,MEX,ARG,Q4,0:37,63,66,713,541000,shot,P3,3pt jump shot made,104,417036,True,3,273,48,,
130881,30373-A-6,,MEX,ARG,Q4,0:37,63,66,714,541001,unknwown,ASS,made the assist,104,416258,,,,,,
130881,30373-A-6,,MEX,ARG,Q4,0:37,63,66,715,542000,timeout,TIMO,Timeout,14,,,,,,,
130881,30373-A-6,,MEX,ARG,Q4,0:11,63,66,717,544000,shot,P3,3pt jump shot missed,14,398746,False,3,34,133,,
130881,30373-A-6,,MEX,ARG,Q4,0:09,63,66,718,544002,unknwown,REB,defensive rebound,104,416257,,,,,,
130881,30373-A-6,,MEX,ARG,Q4,0:01,63,66,721,547000,shot,P3,3pt jump shot from center missed,104,416257,False,3,165,175,,
130881,30373-A-6,,MEX,ARG,Q4,0:00,63,66,724,550000,periods,ENDP,End of Period,,,,,,,,
130881,30373-A-6,,MEX,ARG,Q4,0:00,63,66,725,551000,periods,ENDG,End of Game,,,,,,,,
