gameId,gameName,date,teamA_code,teamB_code,period,timeRemaining,scoreA,scoreB,orgId,teamCode,personId,firstName,lastName,uniformNumber,actionCode,actionText,made,pts,shotType,x,y
125521,29454-A-1,,URU,ARG,Q1,9:46,0,0,155,URU,407935,Gabriel,Venet,15,P3,3pt jump shot missed,0,3,3PT,35,119
125521,29454-A-1,,URU,ARG,Q1,9:38,0,0,155,URU,407647,Gabriel,Fata,19,P2,2pt jump shot missed,0,2,2PT,105,37
125521,29454-A-1,,URU,ARG,Q1,9:35,0,0,155,URU,407936,Lautaro,Gomez,10,P2,2pt jump shot missed,0,2,2PT,164,49
125521,29454-A-1,,URU,ARG,Q1,9:29,3,0,155,URU,329851,Nicolas,Testa,11,P3,3pt jump shot made,1,3,3PT,239,127
125521,29454-A-1,,URU,ARG,Q1,9:11,3,0,14,ARG,408871,Manuel,Hernandez,4,P3,3pt jump shot from center missed,0,3,3PT,133,165
125521,29454-A-1,,URU,ARG,Q1,8:49,3,0,14,ARG,408870,Gonzalo,Aman,8,FT,1st of 2 free throws missed,0,1,FT,0,0
125521,29454-A-1,,URU,ARG,Q1,8:49,3,0,14,ARG,408870,Gonzalo,Aman,8,FT,2nd of 2 free throws missed,0,1,FT,0,0
125521,29454-A-1,,URU,ARG,Q1,8:37,3,0,155,URU,407936,Lautaro,Gomez,10,P2,layup missed,0,2,2PT,113,47
125521,29454-A-1,,URU,ARG,Q1,8:25,3,0,14,ARG,355917,Facundo,Cornalis,5,P3,3pt jump shot missed,0,3,3PT,47,137
125521,29454-A-1,,URU,ARG,Q1,8:13,3,0,155,URU,407936,Lautaro,Gomez,10,P2,"2PtsFG under the basket, jump shot missed",0,2,2PT,130,46
125521,29454-A-1,,URU,ARG,Q1,8:01,3,3,14,ARG,408871,Manuel,Hernandez,4,P3,3pt floating jump shot made,1,3,3PT,13,93
125521,29454-A-1,,URU,ARG,Q1,7:43,3,3,155,URU,407647,Gabriel,Fata,19,P2,2pt hook shot missed,0,2,2PT,92,33
125521,29454-A-1,,URU,ARG,Q1,7:37,3,5,14,ARG,408870,Gonzalo,Aman,8,P2,"2PtsFG under the basket, fast break, layup made",1,2,2PT,123,39
125521,29454-A-1,,URU,ARG,Q1,7:37,3,6,14,ARG,408870,Gonzalo,Aman,8,FT,1st free throw made,1,1,FT,0,0
125521,29454-A-1,,URU,ARG,Q1,7:25,3,6,155,URU,407501,Facundo,Izuibejeres,5,P3,3pt jump shot from center missed,0,3,3PT,115,161
125521,29454-A-1,,URU,ARG,Q1,7:17,3,7,14,ARG,362126,Benjamin,Pettovello,2,FT,1st of 2 free throws made,1,1,FT,0,0
125521,29454-A-1,,URU,ARG,Q1,7:17,3,8,14,ARG,362126,Benjamin,Pettovello,2,FT,2nd of 2 free throws made,1,1,FT,0,0
125521,29454-A-1,,URU,ARG,Q1,7:00,3,8,155,URU,407401,Lucas,Orozco,22,P3,3pt jump shot missed,0,3,3PT,250,126
125521,29454-A-1,,URU,ARG,Q1,6:45,3,8,14,ARG,408871,Manuel,Hernandez,4,P3,3pt jump shot from center missed,0,3,3PT,163,169
125521,29454-A-1,,URU,ARG,Q1,6:29,3,8,14,ARG,408870,Gonzalo,Aman,8,P3,3pt step back jump shot missed,0,3,3PT,110,169
125521,29454-A-1,,URU,ARG,Q1,6:23,3,8,14,ARG,408871,Manuel,Hernandez,4,P2,2pt jump shot missed,0,2,2PT,113,61
125521,29454-A-1,,URU,ARG,Q1,6:09,3,8,155,URU,329851,Nicolas,Testa,11,P3,3pt jump shot missed,0,3,3PT,251,110
125521,29454-A-1,,URU,ARG,Q1,5:56,5,8,155,URU,407936,Lautaro,Gomez,10,P2,2pt jump shot inside the paint made,1,2,2PT,179,49
125521,29454-A-1,,URU,ARG,Q1,5:32,5,10,14,ARG,408871,Manuel,Hernandez,4,P2,2pt floating jump shot made,1,2,2PT,159,104
125521,29454-A-1,,URU,ARG,Q1,5:11,5,10,155,URU,407936,Lautaro,Gomez,10,P2,"2PtsFG under the basket, layup missed",0,2,2PT,154,26
125521,29454-A-1,,URU,ARG,Q1,4:45,5,12,14,ARG,409151,Santiago,Pettinaroli,14,P2,"2PtsFG under the basket, points from fastbreak + after turnover, reverse lay-up made",1,2,2PT,126,29
125521,29454-A-1,,URU,ARG,Q1,4:30,7,12,155,URU,407936,Lautaro,Gomez,10,P2,"2PtsFG under the basket, reverse lay-up made",1,2,2PT,123,23
125521,29454-A-1,,URU,ARG,Q1,4:11,7,12,14,ARG,409151,Santiago,Pettinaroli,14,P3,3pt jump shot missed,0,3,3PT,23,90
125521,29454-A-1,,URU,ARG,Q1,3:51,9,12,155,URU,407936,Lautaro,Gomez,10,P2,"2PtsFG under the basket, layup made",1,2,2PT,157,43
125521,29454-A-1,,URU,ARG,Q1,3:32,9,12,14,ARG,408870,Gonzalo,Aman,8,P3,3pt step back jump shot missed,0,3,3PT,65,146
125521,29454-A-1,,URU,ARG,Q1,3:05,11,12,155,URU,329851,Nicolas,Testa,11,P2,"2PtsFG under the basket, reverse lay-up made",1,2,2PT,157,31
125521,29454-A-1,,URU,ARG,Q1,2:48,11,15,14,ARG,408871,Manuel,Hernandez,4,P3,3pt jump shot made,1,3,3PT,58,152
125521,29454-A-1,,URU,ARG,Q1,2:27,11,15,155,URU,329851,Nicolas,Testa,11,P2,"2PtsFG under the basket, layup missed",0,2,2PT,130,26
125521,29454-A-1,,URU,ARG,Q1,2:19,11,15,14,ARG,408871,Manuel,Hernandez,4,P3,3pt jump shot missed,0,3,3PT,221,159
125521,29454-A-1,,URU,ARG,Q1,1:49,11,16,14,ARG,408857,Joaquin,Caumo,10,FT,Free throw made 1 of 2,1,1,FT,0,0
125521,29454-A-1,,URU,ARG,Q1,1:49,11,16,14,ARG,408857,Joaquin,Caumo,10,FT,Free throw missed 2 of 2,0,1,FT,0,0
125521,29454-A-1,,URU,ARG,Q1,1:37,11,16,14,ARG,398746,Roman,Moravansky,11,P3,3pt jump shot missed,0,3,3PT,261,114
125521,29454-A-1,,URU,ARG,Q1,1:25,11,16,14,ARG,408857,Joaquin,Caumo,10,P2,"2PtsFG under the basket, layup missed",0,2,2PT,156,34
125521,29454-A-1,,URU,ARG,Q1,1:19,11,18,14,ARG,408871,Manuel,Hernandez,4,P2,2PtsFG under the basket made,1,2,2PT,140,31
125521,29454-A-1,,URU,ARG,Q1,1:06,14,18,155,URU,407647,Gabriel,Fata,19,P3,3pt jump shot made,1,3,3PT,199,153
125521,29454-A-1,,URU,ARG,Q1,0:38,14,21,14,ARG,398746,Roman,Moravansky,11,P3,3pt jump shot made,1,3,3PT,9,48
125521,29454-A-1,,URU,ARG,Q1,0:14,16,21,155,URU,375722,Valentino,Ramírez,13,P2,"2PtsFG under the basket, layup made",1,2,2PT,127,33
125521,29454-A-1,,URU,ARG,Q1,0:14,16,21,155,URU,375722,Valentino,Ramírez,13,FT,1st free throw missed,0,1,FT,0,0
125521,29454-A-1,,URU,ARG,Q1,0:11,16,21,14,ARG,409023,Joaquin,Celiz,9,P3,3pt jump shot missed,0,3,3PT,46,133
125521,29454-A-1,,URU,ARG,Q1,0:07,16,21,14,ARG,398746,Roman,Moravansky,11,P2,"2PtsFG under the basket, jump shot missed",0,2,2PT,150,38
125521,29454-A-1,,URU,ARG,Q2,9:45,16,21,155,URU,407647,Gabriel,Fata,19,P2,"2PtsFG under the basket, layup missed",0,2,2PT,130,31
125521,29454-A-1,,URU,ARG,Q2,9:19,16,21,155,URU,407647,Gabriel,Fata,19,P3,3pt jump shot missed,0,3,3PT,196,160
125521,29454-A-1,,URU,ARG,Q2,8:57,16,21,14,ARG,409174,Juan,Marquez,15,P2,"2PtsFG under the basket, turnaround jump shot missed",0,2,2PT,153,38
125521,29454-A-1,,URU,ARG,Q2,8:49,18,21,155,URU,408047,Thiago,Michaelsson,21,P2,"2PtsFG under the basket, fast break, turnaround jump shot made",1,2,2PT,158,36
125521,29454-A-1,,URU,ARG,Q2,8:31,18,21,14,ARG,408857,Joaquin,Caumo,10,P2,"2PtsFG under the basket, hook shot missed",0,2,2PT,155,38
125521,29454-A-1,,URU,ARG,Q2,8:21,18,24,14,ARG,408857,Joaquin,Caumo,10,P3,3pt jump shot made,1,3,3PT,263,79
125521,29454-A-1,,URU,ARG,Q2,8:11,20,24,155,URU,375722,Valentino,Ramírez,13,P2,"2PtsFG under the basket, layup made",1,2,2PT,133,31
125521,29454-A-1,,URU,ARG,Q2,7:46,20,24,14,ARG,409174,Juan,Marquez,15,P2,layup missed,0,2,2PT,165,35
125521,29454-A-1,,URU,ARG,Q2,7:42,20,26,14,ARG,355917,Facundo,Cornalis,5,P2,2PtsFG under the basket made,1,2,2PT,140,31
125521,29454-A-1,,URU,ARG,Q2,7:25,22,26,155,URU,407647,Gabriel,Fata,19,P2,"2PtsFG under the basket, layup made",1,2,2PT,133,39
125521,29454-A-1,,URU,ARG,Q2,7:02,22,26,14,ARG,408857,Joaquin,Caumo,10,P3,3pt jump shot missed,0,3,3PT,46,170
125521,29454-A-1,,URU,ARG,Q2,6:46,23,26,155,URU,407647,Gabriel,Fata,19,FT,1st of 2 free throws made,1,1,FT,0,0
125521,29454-A-1,,URU,ARG,Q2,6:46,24,26,155,URU,407647,Gabriel,Fata,19,FT,2nd of 2 free throws made,1,1,FT,0,0
125521,29454-A-1,,URU,ARG,Q2,6:36,24,26,14,ARG,409021,Elias,Torrens,7,P2,"2PtsFG under the basket, hook shot missed",0,2,2PT,115,24
125521,29454-A-1,,URU,ARG,Q2,6:10,24,26,155,URU,324131,Federico,Cruz,8,P2,"2PtsFG inside right, jump shot missed",0,2,2PT,247,72
125521,29454-A-1,,URU,ARG,Q2,5:42,24,26,14,ARG,398746,Roman,Moravansky,11,P2,"2PtsFG under the basket, points after turnover, layup missed",0,2,2PT,157,26
125521,29454-A-1,,URU,ARG,Q2,5:38,24,28,14,ARG,355917,Facundo,Cornalis,5,P2,"2PtsFG under the basket, points from second chance + after turnover made",1,2,2PT,140,31
125521,29454-A-1,,URU,ARG,Q2,5:11,26,28,155,URU,408046,Tomas,Abal,0,P2,"2PtsFG under the basket, points after turnover, driving layup made",1,2,2PT,145,35
125521,29454-A-1,,URU,ARG,Q2,4:56,26,28,14,ARG,408870,Gonzalo,Aman,8,FT,1st of 2 free throws missed,0,1,FT,0,0
125521,29454-A-1,,URU,ARG,Q2,4:56,26,28,14,ARG,408870,Gonzalo,Aman,8,FT,2nd of 2 free throws missed,0,1,FT,0,0
125521,29454-A-1,,URU,ARG,Q2,4:47,26,28,155,URU,407936,Lautaro,Gomez,10,P2,"2PtsFG under the basket, layup missed",0,2,2PT,141,38
125521,29454-A-1,,URU,ARG,Q2,4:37,28,28,155,URU,407936,Lautaro,Gomez,10,P2,"2PtsFG under the basket, layup made",1,2,2PT,152,40
125521,29454-A-1,,URU,ARG,Q2,4:24,28,28,14,ARG,408857,Joaquin,Caumo,10,P3,3pt jump shot missed,0,3,3PT,34,133
125521,29454-A-1,,URU,ARG,Q2,4:13,28,28,155,URU,329851,Nicolas,Testa,11,P3,3pt jump shot missed,0,3,3PT,262,106
125521,29454-A-1,,URU,ARG,Q2,4:08,28,28,155,URU,375744,Manuel,Pastrana,4,P2,"2PtsFG under the basket, jump shot missed",0,2,2PT,152,36
125521,29454-A-1,,URU,ARG,Q2,4:03,28,28,155,URU,329851,Nicolas,Testa,11,P2,"2PtsFG under the basket, jump shot missed",0,2,2PT,125,32
125521,29454-A-1,,URU,ARG,Q2,4:00,30,28,155,URU,407936,Lautaro,Gomez,10,P2,2PtsFG under the basket made,1,2,2PT,140,31
125521,29454-A-1,,URU,ARG,Q2,3:48,30,31,14,ARG,408857,Joaquin,Caumo,10,P3,3pt jump shot from center made,1,3,3PT,149,170
125521,29454-A-1,,URU,ARG,Q2,3:33,31,31,155,URU,408046,Tomas,Abal,0,FT,1st of 2 free throws made,1,1,FT,0,0
125521,29454-A-1,,URU,ARG,Q2,3:33,32,31,155,URU,408046,Tomas,Abal,0,FT,2nd of 2 free throws made,1,1,FT,0,0
125521,29454-A-1,,URU,ARG,Q2,3:24,32,33,14,ARG,362126,Benjamin,Pettovello,2,P2,"2PtsFG under the basket, points from fastbreak + after turnover, dunk made",1,2,2PT,143,35
125521,29454-A-1,,URU,ARG,Q2,2:55,32,33,14,ARG,355917,Facundo,Cornalis,5,P3,3pt jump shot missed,0,3,3PT,43,135
125521,29454-A-1,,URU,ARG,Q2,2:36,32,34,14,ARG,408860,Mateo,Fessia,12,FT,Free throw made 1 of 2,1,1,FT,0,0
125521,29454-A-1,,URU,ARG,Q2,2:36,32,35,14,ARG,408860,Mateo,Fessia,12,FT,Free throw made 2 of 2,1,1,FT,0,0
125521,29454-A-1,,URU,ARG,Q2,2:25,32,35,155,URU,375744,Manuel,Pastrana,4,P3,3pt jump shot missed,0,3,3PT,51,139
125521,29454-A-1,,URU,ARG,Q2,2:08,32,35,14,ARG,408871,Manuel,Hernandez,4,P2,"2PtsFG under the basket, hook shot missed",0,2,2PT,138,32
125521,29454-A-1,,URU,ARG,Q2,2:02,34,35,155,URU,407647,Gabriel,Fata,19,P2,"2PtsFG under the basket, fast break, layup made",1,2,2PT,144,42
125521,29454-A-1,,URU,ARG,Q2,1:40,34,37,14,ARG,362126,Benjamin,Pettovello,2,P2,"2PtsFG under the basket, layup made",1,2,2PT,133,32
125521,29454-A-1,,URU,ARG,Q2,1:40,34,38,14,ARG,362126,Benjamin,Pettovello,2,FT,1st free throw made,1,1,FT,0,0
125521,29454-A-1,,URU,ARG,Q2,1:23,34,38,155,URU,375744,Manuel,Pastrana,4,P2,"2PtsFG under the basket, points after turnover, layup missed",0,2,2PT,148,33
125521,29454-A-1,,URU,ARG,Q2,1:16,34,38,14,ARG,408870,Gonzalo,Aman,8,P3,3pt jump shot missed,0,3,3PT,58,154
125521,29454-A-1,,URU,ARG,Q2,0:55,34,38,155,URU,407638,Juan,Guzzetti,29,P2,"2PtsFG under the basket, hook shot missed",0,2,2PT,126,24
125521,29454-A-1,,URU,ARG,Q2,0:21,34,40,14,ARG,408870,Gonzalo,Aman,8,P2,2pt turnaround jump shot made,1,2,2PT,175,78
125521,29454-A-1,,URU,ARG,Q2,0:05,34,40,155,URU,407647,Gabriel,Fata,19,P3,3pt jump shot missed,0,3,3PT,227,132
125521,29454-A-1,,URU,ARG,Q3,9:46,34,40,14,ARG,409151,Santiago,Pettinaroli,14,P2,"2PtsFG inside paint, reverse lay-up missed",0,2,2PT,165,36
125521,29454-A-1,,URU,ARG,Q3,9:30,34,40,14,ARG,409151,Santiago,Pettinaroli,14,P3,3pt jump shot missed,0,3,3PT,258,84
125521,29454-A-1,,URU,ARG,Q3,9:10,34,40,155,URU,407501,Facundo,Izuibejeres,5,P3,3pt jump shot missed,0,3,3PT,270,41
125521,29454-A-1,,URU,ARG,Q3,9:01,34,40,155,URU,407501,Facundo,Izuibejeres,5,P2,"2PtsFG under the basket, layup missed",0,2,2PT,145,44
125521,29454-A-1,,URU,ARG,Q3,8:56,34,40,155,URU,407401,Lucas,Orozco,22,P2,"2PtsFG under the basket, layup missed",0,2,2PT,160,39
125521,29454-A-1,,URU,ARG,Q3,8:40,34,40,14,ARG,408870,Gonzalo,Aman,8,P3,3pt jump shot missed,0,3,3PT,118,168
125521,29454-A-1,,URU,ARG,Q3,8:20,34,40,155,URU,407647,Gabriel,Fata,19,P3,3pt jump shot missed,0,3,3PT,21,104
125521,29454-A-1,,URU,ARG,Q3,7:58,34,43,14,ARG,408871,Manuel,Hernandez,4,P3,3pt fadeaway jump shot made,1,3,3PT,59,146
125521,29454-A-1,,URU,ARG,Q3,7:35,36,43,155,URU,407647,Gabriel,Fata,19,P2,"2PtsFG under the basket, driving layup made",1,2,2PT,123,32
125521,29454-A-1,,URU,ARG,Q3,7:18,36,43,14,ARG,398746,Roman,Moravansky,11,P3,3pt jump shot missed,0,3,3PT,241,114
125521,29454-A-1,,URU,ARG,Q3,6:49,39,43,155,URU,329851,Nicolas,Testa,11,P3,3pt step back jump shot made,1,3,3PT,146,174
125521,29454-A-1,,URU,ARG,Q3,6:36,39,46,14,ARG,408871,Manuel,Hernandez,4,P3,3pt jump shot made,1,3,3PT,19,98
125521,29454-A-1,,URU,ARG,Q3,6:14,39,48,14,ARG,362126,Benjamin,Pettovello,2,P2,"2PtsFG under the basket, points from fastbreak + after turnover, dunk made",1,2,2PT,154,32
125521,29454-A-1,,URU,ARG,Q3,6:14,39,49,14,ARG,362126,Benjamin,Pettovello,2,FT,Free throw made 1 of 1,1,1,FT,0,0
125521,29454-A-1,,URU,ARG,Q3,5:45,39,49,155,URU,324131,Federico,Cruz,8,P2,"2PtsFG inside right, points after turnover, jump shot missed",0,2,2PT,194,89
125521,29454-A-1,,URU,ARG,Q3,5:32,39,49,155,URU,329851,Nicolas,Testa,11,P2,"2PtsFG under the basket, points after turnover, floating jump shot missed",0,2,2PT,143,45
125521,29454-A-1,,URU,ARG,Q3,5:12,39,51,14,ARG,362126,Benjamin,Pettovello,2,P2,"2PtsFG under the basket, points from fastbreak + after turnover, dunk made",1,2,2PT,143,46
125521,29454-A-1,,URU,ARG,Q3,4:54,39,51,155,URU,407647,Gabriel,Fata,19,P3,3pt jump shot missed,0,3,3PT,233,149
125521,29454-A-1,,URU,ARG,Q3,4:21,39,51,155,URU,375744,Manuel,Pastrana,4,P2,2pt hook shot missed,0,2,2PT,113,42
125521,29454-A-1,,URU,ARG,Q3,4:16,39,53,14,ARG,408871,Manuel,Hernandez,4,P2,"2PtsFG under the basket, fast break, layup made",1,2,2PT,152,40
125521,29454-A-1,,URU,ARG,Q3,3:59,39,53,155,URU,407647,Gabriel,Fata,19,P2,"2PtsFG under the basket, reverse lay-up missed",0,2,2PT,116,30
125521,29454-A-1,,URU,ARG,Q3,3:51,39,53,14,ARG,408871,Manuel,Hernandez,4,P3,3pt fadeaway jump shot missed,0,3,3PT,16,89
125521,29454-A-1,,URU,ARG,Q3,3:27,39,53,14,ARG,409023,Joaquin,Celiz,9,P2,"2PtsFG inside right, points after turnover, jump shot missed",0,2,2PT,238,70
125521,29454-A-1,,URU,ARG,Q3,3:19,40,53,155,URU,407638,Juan,Guzzetti,29,FT,1st of 2 free throws made,1,1,FT,0,0
125521,29454-A-1,,URU,ARG,Q3,3:19,40,53,155,URU,407638,Juan,Guzzetti,29,FT,2nd of 2 free throws missed,0,1,FT,0,0
125521,29454-A-1,,URU,ARG,Q3,3:08,40,53,14,ARG,362126,Benjamin,Pettovello,2,FT,1st of 2 free throws missed,0,1,FT,0,0
125521,29454-A-1,,URU,ARG,Q3,3:08,40,54,14,ARG,362126,Benjamin,Pettovello,2,FT,2nd of 2 free throws made,1,1,FT,0,0
125521,29454-A-1,,URU,ARG,Q3,2:58,40,54,155,URU,375744,Manuel,Pastrana,4,P2,2pt floating jump shot missed,0,2,2PT,104,110
125521,29454-A-1,,URU,ARG,Q3,2:45,40,54,14,ARG,409151,Santiago,Pettinaroli,14,P2,"2PtsFG under the basket, layup missed",0,2,2PT,131,27
125521,29454-A-1,,URU,ARG,Q3,2:17,40,55,14,ARG,409023,Joaquin,Celiz,9,FT,1st free throw made,1,1,FT,0,0
125521,29454-A-1,,URU,ARG,Q3,2:17,40,55,14,ARG,408871,Manuel,Hernandez,4,FT,1st of 3 free throws missed,0,1,FT,0,0
125521,29454-A-1,,URU,ARG,Q3,2:17,40,56,14,ARG,408871,Manuel,Hernandez,4,FT,2nd of 3 free throws made,1,1,FT,0,0
125521,29454-A-1,,URU,ARG,Q3,2:17,40,57,14,ARG,408871,Manuel,Hernandez,4,FT,3rd of 3 free throws made,1,1,FT,0,0
125521,29454-A-1,,URU,ARG,Q3,1:54,42,57,155,URU,407401,Lucas,Orozco,22,P2,"2PtsFG under the basket, layup made",1,2,2PT,142,27
125521,29454-A-1,,URU,ARG,Q3,1:31,42,57,14,ARG,408857,Joaquin,Caumo,10,P3,3pt jump shot missed,0,3,3PT,204,159
125521,29454-A-1,,URU,ARG,Q3,1:26,42,57,14,ARG,409023,Joaquin,Celiz,9,P2,"2PtsFG under the basket, jump shot missed",0,2,2PT,128,36
125521,29454-A-1,,URU,ARG,Q3,1:22,42,59,14,ARG,409021,Elias,Torrens,7,P2,"2PtsFG under the basket, jump shot made",1,2,2PT,149,24
125521,29454-A-1,,URU,ARG,Q3,1:22,42,59,14,ARG,409021,Elias,Torrens,7,FT,free throw missed,0,1,FT,0,0
125521,29454-A-1,,URU,ARG,Q3,0:59,42,59,155,URU,408047,Thiago,Michaelsson,21,P2,"2PtsFG under the basket, turnaround jump shot missed",0,2,2PT,137,27
125521,29454-A-1,,URU,ARG,Q3,0:44,42,59,14,ARG,409023,Joaquin,Celiz,9,P2,layup missed,0,2,2PT,114,45
125521,29454-A-1,,URU,ARG,Q3,0:39,44,59,155,URU,407936,Lautaro,Gomez,10,P2,"2PtsFG under the basket, fast break, driving layup made",1,2,2PT,127,34
125521,29454-A-1,,URU,ARG,Q3,0:39,44,59,155,URU,407936,Lautaro,Gomez,10,FT,1st free throw missed,0,1,FT,0,0
125521,29454-A-1,,URU,ARG,Q3,0:25,44,62,14,ARG,409023,Joaquin,Celiz,9,P3,3pt fadeaway jump shot made,1,3,3PT,87,166
125521,29454-A-1,,URU,ARG,Q4,9:50,44,62,14,ARG,355917,Facundo,Cornalis,5,P2,"2PtsFG under the basket, layup missed",0,2,2PT,158,27
125521,29454-A-1,,URU,ARG,Q4,9:36,45,62,155,URU,407401,Lucas,Orozco,22,FT,1st of 2 free throws made,1,1,FT,0,0
125521,29454-A-1,,URU,ARG,Q4,9:36,45,62,155,URU,407401,Lucas,Orozco,22,FT,2nd of 2 free throws missed,0,1,FT,0,0
125521,29454-A-1,,URU,ARG,Q4,9:19,45,62,14,ARG,409021,Elias,Torrens,7,P2,"2PtsFG under the basket, jump shot missed",0,2,2PT,142,31
125521,29454-A-1,,URU,ARG,Q4,9:14,45,64,14,ARG,409021,Elias,Torrens,7,P2,"2PtsFG under the basket, jump shot made",1,2,2PT,139,32
125521,29454-A-1,,URU,ARG,Q4,8:56,47,64,155,URU,407936,Lautaro,Gomez,10,P2,"2PtsFG under the basket, layup made",1,2,2PT,151,37
125521,29454-A-1,,URU,ARG,Q4,8:36,47,64,14,ARG,408872,Bautista,Gobetti,6,P3,3pt jump shot missed,0,3,3PT,265,94
125521,29454-A-1,,URU,ARG,Q4,8:18,49,64,155,URU,408047,Thiago,Michaelsson,21,P2,2pt turnaround jump shot made,1,2,2PT,175,42
125521,29454-A-1,,URU,ARG,Q4,8:05,49,67,14,ARG,408857,Joaquin,Caumo,10,P3,3pt fadeaway jump shot made,1,3,3PT,155,166
125521,29454-A-1,,URU,ARG,Q4,7:43,49,67,155,URU,407401,Lucas,Orozco,22,P2,"2PtsFG under the basket, layup missed",0,2,2PT,147,33
125521,29454-A-1,,URU,ARG,Q4,7:35,49,69,14,ARG,409023,Joaquin,Celiz,9,P2,"2PtsFG under the basket, fast break, layup made",1,2,2PT,137,39
125521,29454-A-1,,URU,ARG,Q4,7:14,49,72,14,ARG,408870,Gonzalo,Aman,8,P3,3pt jump shot made,1,3,3PT,262,83
125521,29454-A-1,,URU,ARG,Q4,6:45,49,72,155,URU,407401,Lucas,Orozco,22,P2,layup missed,0,2,2PT,112,20
125521,29454-A-1,,URU,ARG,Q4,6:38,49,72,14,ARG,408857,Joaquin,Caumo,10,P3,3pt jump shot missed,0,3,3PT,29,117
125521,29454-A-1,,URU,ARG,Q4,6:34,49,74,14,ARG,409021,Elias,Torrens,7,P2,"2PtsFG under the basket, reverse lay-up made",1,2,2PT,124,23
125521,29454-A-1,,URU,ARG,Q4,6:01,51,74,155,URU,408047,Thiago,Michaelsson,21,P2,2pt turnaround jump shot made,1,2,2PT,133,56
125521,29454-A-1,,URU,ARG,Q4,5:46,51,74,14,ARG,408870,Gonzalo,Aman,8,P3,3pt step back jump shot missed,0,3,3PT,66,150
125521,29454-A-1,,URU,ARG,Q4,5:29,51,74,155,URU,407935,Gabriel,Venet,15,P2,2pt floating jump shot missed,0,2,2PT,110,114
125521,29454-A-1,,URU,ARG,Q4,5:11,51,76,14,ARG,408857,Joaquin,Caumo,10,P2,"2PtsFG under the basket, layup made",1,2,2PT,134,36
125521,29454-A-1,,URU,ARG,Q4,5:11,51,77,14,ARG,408857,Joaquin,Caumo,10,FT,1st free throw made,1,1,FT,0,0
125521,29454-A-1,,URU,ARG,Q4,4:52,51,77,155,URU,407935,Gabriel,Venet,15,P2,"2PtsFG under the basket, layup missed",0,2,2PT,127,32
125521,29454-A-1,,URU,ARG,Q4,4:43,51,79,14,ARG,409021,Elias,Torrens,7,P2,"2PtsFG under the basket, turnaround jump shot made",1,2,2PT,127,34
125521,29454-A-1,,URU,ARG,Q4,4:28,51,79,155,URU,375744,Manuel,Pastrana,4,P3,3pt jump shot missed,0,3,3PT,249,109
125521,29454-A-1,,URU,ARG,Q4,4:23,51,79,155,URU,408047,Thiago,Michaelsson,21,FT,1st of 2 free throws missed,0,1,FT,0,0
125521,29454-A-1,,URU,ARG,Q4,4:23,51,79,155,URU,408047,Thiago,Michaelsson,21,FT,2nd of 2 free throws missed,0,1,FT,0,0
125521,29454-A-1,,URU,ARG,Q4,4:13,51,79,14,ARG,355917,Facundo,Cornalis,5,P3,3pt fadeaway jump shot missed,0,3,3PT,126,180
125521,29454-A-1,,URU,ARG,Q4,4:09,51,81,14,ARG,408860,Mateo,Fessia,12,P2,"2PtsFG under the basket, hook shot made",1,2,2PT,149,23
125521,29454-A-1,,URU,ARG,Q4,3:46,53,81,155,URU,407935,Gabriel,Venet,15,P2,"2PtsFG under the basket, layup made",1,2,2PT,161,22
125521,29454-A-1,,URU,ARG,Q4,3:31,53,83,14,ARG,408857,Joaquin,Caumo,10,P2,2pt floating jump shot made,1,2,2PT,79,91
125521,29454-A-1,,URU,ARG,Q4,3:05,53,83,155,URU,407935,Gabriel,Venet,15,P2,layup missed,0,2,2PT,112,42
125521,29454-A-1,,URU,ARG,Q4,2:52,53,83,14,ARG,355917,Facundo,Cornalis,5,P3,3pt jump shot missed,0,3,3PT,254,111
125521,29454-A-1,,URU,ARG,Q4,2:26,55,83,155,URU,324131,Federico,Cruz,8,P2,"2PtsFG under the basket, layup made",1,2,2PT,143,38
125521,29454-A-1,,URU,ARG,Q4,2:14,55,86,14,ARG,408857,Joaquin,Caumo,10,P3,3pt floating jump shot made,1,3,3PT,98,176
125521,29454-A-1,,URU,ARG,Q4,2:09,55,86,14,ARG,408857,Joaquin,Caumo,10,FT,1st free throw missed,0,1,FT,0,0
125521,29454-A-1,,URU,ARG,Q4,1:57,55,86,14,ARG,408857,Joaquin,Caumo,10,P2,"2PtsFG under the basket, points after turnover, layup missed",0,2,2PT,137,22
125521,29454-A-1,,URU,ARG,Q4,1:52,55,88,14,ARG,408872,Bautista,Gobetti,6,P2,"2PtsFG under the basket, points from second chance + after turnover made",1,2,2PT,140,31
125521,29454-A-1,,URU,ARG,Q4,1:30,55,90,14,ARG,408860,Mateo,Fessia,12,P2,"2PtsFG under the basket, points after turnover, turnaround jump shot made",1,2,2PT,156,42
125521,29454-A-1,,URU,ARG,Q4,1:08,55,90,155,URU,407935,Gabriel,Venet,15,P3,3pt fadeaway jump shot missed,0,3,3PT,227,135
125521,29454-A-1,,URU,ARG,Q4,0:57,55,90,14,ARG,408860,Mateo,Fessia,12,P2,"2PtsFG inside right, jump shot missed",0,2,2PT,213,101
125521,29454-A-1,,URU,ARG,Q4,0:50,55,90,155,URU,324131,Federico,Cruz,8,P2,"2PtsFG under the basket, layup missed",0,2,2PT,142,29
125521,29454-A-1,,URU,ARG,Q4,0:44,58,90,155,URU,408046,Tomas,Abal,0,P3,3pt floating jump shot made,1,3,3PT,59,149
125521,29454-A-1,,URU,ARG,Q4,0:32,58,93,14,ARG,408857,Joaquin,Caumo,10,P3,3pt fadeaway jump shot made,1,3,3PT,61,131
125522,29454-A-2,,ECU,COL,Q1,9:44,0,0,40,COL,409483,Julian,Betancurt,59,P2,2pt jump shot missed,0,2,2PT,102,73
125522,29454-A-2,,ECU,COL,Q1,9:34,0,0,52,ECU,379770,Adair,Quiñonez,23,P3,3pt jump shot missed,0,3,3PT,257,97
125522,29454-A-2,,ECU,COL,Q1,9:19,0,1,40,COL,409481,Andres,Mateus,10,FT,1st of 2 free throws made,1,1,FT,0,0
125522,29454-A-2,,ECU,COL,Q1,9:19,0,1,40,COL,409481,Andres,Mateus,10,FT,2nd of 2 free throws missed,0,1,FT,0,0
125522,29454-A-2,,ECU,COL,Q1,9:08,0,1,40,COL,409477,Yansem,Caicedo,14,P2,"2PtsFG inside right, jump shot missed",0,2,2PT,187,97
125522,29454-A-2,,ECU,COL,Q1,8:58,0,1,52,ECU,379770,Adair,Quiñonez,23,P3,3pt jump shot missed,0,3,3PT,12,35
125522,29454-A-2,,ECU,COL,Q1,8:52,0,1,52,ECU,379507,Juan,Castillo,2,P2,"2PtsFG under the basket, layup missed",0,2,2PT,127,36
125522,29454-A-2,,ECU,COL,Q1,8:39,0,1,40,COL,400857,Leonardo,Restrepo,5,P3,3pt jump shot missed,0,3,3PT,74,160
125522,29454-A-2,,ECU,COL,Q1,8:29,0,1,52,ECU,409169,Felipe,Noboa,14,P3,3pt jump shot missed,0,3,3PT,270,30
125522,29454-A-2,,ECU,COL,Q1,8:22,2,1,52,ECU,409013,José,Daza,7,P2,"2PtsFG inside center, jump shot made",1,2,2PT,99,106
125522,29454-A-2,,ECU,COL,Q1,8:08,2,1,40,COL,409481,Andres,Mateus,10,P2,layup missed,0,2,2PT,118,41
125522,29454-A-2,,ECU,COL,Q1,7:56,5,1,52,ECU,409169,Felipe,Noboa,14,P3,3pt jump shot made,1,3,3PT,12,37
125522,29454-A-2,,ECU,COL,Q1,7:25,5,1,40,COL,379759,Matthew,Bernal,7,P2,2pt jump shot missed,0,2,2PT,110,64
125522,29454-A-2,,ECU,COL,Q1,7:17,5,1,52,ECU,409013,José,Daza,7,FT,1st of 2 free throws missed,0,1,FT,0,0
125522,29454-A-2,,ECU,COL,Q1,7:17,6,1,52,ECU,409013,José,Daza,7,FT,2nd of 2 free throws made,1,1,FT,0,0
125522,29454-A-2,,ECU,COL,Q1,6:49,6,1,52,ECU,379770,Adair,Quiñonez,23,P2,"2PtsFG inside paint, points after turnover, reverse lay-up missed",0,2,2PT,154,49
125522,29454-A-2,,ECU,COL,Q1,6:25,6,1,52,ECU,379509,Lheyder,Vargas,48,P3,3pt jump shot missed,0,3,3PT,46,123
125522,29454-A-2,,ECU,COL,Q1,6:05,6,1,40,COL,379442,Angel,Orozco,83,P2,2pt hook shot missed,0,2,2PT,119,72
125522,29454-A-2,,ECU,COL,Q1,5:48,6,1,52,ECU,379507,Juan,Castillo,2,P3,3pt jump shot from center missed,0,3,3PT,99,158
125522,29454-A-2,,ECU,COL,Q1,5:25,6,1,52,ECU,379507,Juan,Castillo,2,P2,layup missed,0,2,2PT,136,82
125522,29454-A-2,,ECU,COL,Q1,5:11,6,3,40,COL,379442,Angel,Orozco,83,P2,"2PtsFG under the basket, driving layup made",1,2,2PT,137,45
125522,29454-A-2,,ECU,COL,Q1,4:58,6,3,40,COL,379442,Angel,Orozco,83,P2,"2PtsFG under the basket, points after turnover, layup missed",0,2,2PT,151,36
125522,29454-A-2,,ECU,COL,Q1,4:10,6,6,40,COL,400857,Leonardo,Restrepo,5,P3,3pt jump shot made,1,3,3PT,46,137
125522,29454-A-2,,ECU,COL,Q1,3:56,9,6,52,ECU,409161,Michael,Cevallos,1,P3,3pt jump shot from center made,1,3,3PT,180,162
125522,29454-A-2,,ECU,COL,Q1,3:43,10,6,52,ECU,379500,Alhan,Zambrano,10,FT,Free throw made 1 of 2,1,1,FT,0,0
125522,29454-A-2,,ECU,COL,Q1,3:43,11,6,52,ECU,379500,Alhan,Zambrano,10,FT,Free throw made 2 of 2,1,1,FT,0,0
125522,29454-A-2,,ECU,COL,Q1,3:24,11,6,40,COL,332119,Andres,Hernandez,24,P2,"2PtsFG inside left, jump shot missed",0,2,2PT,71,68
125522,29454-A-2,,ECU,COL,Q1,3:09,11,6,52,ECU,409169,Felipe,Noboa,14,P3,3pt jump shot missed,0,3,3PT,268,62
125522,29454-A-2,,ECU,COL,Q1,3:04,11,6,52,ECU,409167,Ismael,Ibarra,15,P2,"2PtsFG under the basket, layup missed",0,2,2PT,156,43
125522,29454-A-2,,ECU,COL,Q1,2:50,11,6,40,COL,409482,Alejandro,Sanchez,4,P2,layup missed,0,2,2PT,99,58
125522,29454-A-2,,ECU,COL,Q1,2:27,11,6,52,ECU,379500,Alhan,Zambrano,10,P2,"2PtsFG under the basket, points after turnover, layup missed",0,2,2PT,126,31
125522,29454-A-2,,ECU,COL,Q1,2:19,11,6,40,COL,409482,Alejandro,Sanchez,4,P3,3pt jump shot missed,0,3,3PT,29,108
125522,29454-A-2,,ECU,COL,Q1,2:09,11,6,40,COL,332119,Andres,Hernandez,24,P2,2pt hook shot missed,0,2,2PT,168,44
125522,29454-A-2,,ECU,COL,Q1,1:46,11,6,40,COL,379442,Angel,Orozco,83,FT,Free throw missed 1 of 2,0,1,FT,0,0
125522,29454-A-2,,ECU,COL,Q1,1:46,11,6,40,COL,379442,Angel,Orozco,83,FT,Free throw missed 2 of 2,0,1,FT,0,0
125522,29454-A-2,,ECU,COL,Q1,1:30,14,6,52,ECU,409161,Michael,Cevallos,1,P3,3pt jump shot from center made,1,3,3PT,167,164
125522,29454-A-2,,ECU,COL,Q1,1:01,14,6,40,COL,409482,Alejandro,Sanchez,4,FT,Free throw missed 1 of 2,0,1,FT,0,0
125522,29454-A-2,,ECU,COL,Q1,1:01,14,7,40,COL,409482,Alejandro,Sanchez,4,FT,Free throw made 2 of 2,1,1,FT,0,0
125522,29454-A-2,,ECU,COL,Q1,0:46,14,7,40,COL,409484,Ezekiel,Suarez,8,P3,3pt jump shot missed,0,3,3PT,13,57
125522,29454-A-2,,ECU,COL,Q1,0:46,14,9,40,COL,409483,Julian,Betancurt,59,P2,"2PtsFG under the basket, points from second chance + after turnover made",1,2,2PT,140,31
125522,29454-A-2,,ECU,COL,Q1,0:38,16,9,52,ECU,409013,José,Daza,7,P2,"2PtsFG under the basket, layup made",1,2,2PT,122,36
125522,29454-A-2,,ECU,COL,Q1,0:07,16,9,40,COL,409484,Ezekiel,Suarez,8,P3,3pt jump shot from center missed,0,3,3PT,149,173
125522,29454-A-2,,ECU,COL,Q2,9:30,16,9,40,COL,409477,Yansem,Caicedo,14,FT,1st of 2 free throws missed,0,1,FT,0,0
125522,29454-A-2,,ECU,COL,Q2,9:30,16,9,40,COL,409477,Yansem,Caicedo,14,FT,2nd of 2 free throws missed,0,1,FT,0,0
125522,29454-A-2,,ECU,COL,Q2,9:23,19,9,52,ECU,379509,Lheyder,Vargas,48,P3,3pt jump shot made,1,3,3PT,250,102
125522,29454-A-2,,ECU,COL,Q2,9:10,19,9,40,COL,409483,Julian,Betancurt,59,P3,3pt jump shot missed,0,3,3PT,51,138
125522,29454-A-2,,ECU,COL,Q2,9:01,19,9,40,COL,400857,Leonardo,Restrepo,5,P3,3pt jump shot missed,0,3,3PT,191,157
125522,29454-A-2,,ECU,COL,Q2,8:52,19,9,52,ECU,379770,Adair,Quiñonez,23,P3,3pt jump shot from center missed,0,3,3PT,133,161
125522,29454-A-2,,ECU,COL,Q2,8:47,19,9,40,COL,400857,Leonardo,Restrepo,5,FT,1st of 2 free throws missed,0,1,FT,0,0
125522,29454-A-2,,ECU,COL,Q2,8:47,19,10,40,COL,400857,Leonardo,Restrepo,5,FT,2nd of 2 free throws made,1,1,FT,0,0
125522,29454-A-2,,ECU,COL,Q2,8:32,19,12,40,COL,409477,Yansem,Caicedo,14,P2,"2PtsFG under the basket, points from fastbreak + after turnover, layup made",1,2,2PT,155,30
125522,29454-A-2,,ECU,COL,Q2,8:21,21,12,52,ECU,379507,Juan,Castillo,2,P2,"2PtsFG under the basket, driving layup made",1,2,2PT,148,36
125522,29454-A-2,,ECU,COL,Q2,8:00,21,12,40,COL,409478,Salomon,Brown,6,P2,layup missed,0,2,2PT,116,41
125522,29454-A-2,,ECU,COL,Q2,7:51,21,12,52,ECU,379509,Lheyder,Vargas,48,P3,3pt jump shot missed,0,3,3PT,11,33
125522,29454-A-2,,ECU,COL,Q2,7:33,21,12,40,COL,409478,Salomon,Brown,6,P2,2pt hook shot missed,0,2,2PT,123,51
125522,29454-A-2,,ECU,COL,Q2,7:23,21,12,52,ECU,379507,Juan,Castillo,2,P3,3pt jump shot from center missed,0,3,3PT,132,177
125522,29454-A-2,,ECU,COL,Q2,7:16,21,14,40,COL,409483,Julian,Betancurt,59,P2,"2PtsFG under the basket, fast break, layup made",1,2,2PT,127,38
125522,29454-A-2,,ECU,COL,Q2,6:48,22,14,52,ECU,379770,Adair,Quiñonez,23,FT,1st of 2 free throws made,1,1,FT,0,0
125522,29454-A-2,,ECU,COL,Q2,6:48,23,14,52,ECU,379770,Adair,Quiñonez,23,FT,2nd of 2 free throws made,1,1,FT,0,0
125522,29454-A-2,,ECU,COL,Q2,6:38,23,15,40,COL,409481,Andres,Mateus,10,FT,1st of 2 free throws made,1,1,FT,0,0
125522,29454-A-2,,ECU,COL,Q2,6:38,23,16,40,COL,409481,Andres,Mateus,10,FT,2nd of 2 free throws made,1,1,FT,0,0
125522,29454-A-2,,ECU,COL,Q2,6:25,23,16,52,ECU,409167,Ismael,Ibarra,15,P2,layup missed,0,2,2PT,158,68
125522,29454-A-2,,ECU,COL,Q2,6:11,23,16,52,ECU,379770,Adair,Quiñonez,23,P2,"2PtsFG under the basket, layup missed",0,2,2PT,127,39
125522,29454-A-2,,ECU,COL,Q2,6:00,23,16,40,COL,409477,Yansem,Caicedo,14,P3,3pt jump shot missed,0,3,3PT,263,68
125522,29454-A-2,,ECU,COL,Q2,5:54,23,19,40,COL,400857,Leonardo,Restrepo,5,P3,3pt jump shot made,1,3,3PT,17,85
125522,29454-A-2,,ECU,COL,Q2,5:34,23,19,52,ECU,379769,Jahir,Mina,13,P3,3pt jump shot missed,0,3,3PT,16,66
125522,29454-A-2,,ECU,COL,Q2,5:27,23,19,52,ECU,409167,Ismael,Ibarra,15,P2,2pt hook shot missed,0,2,2PT,168,62
125522,29454-A-2,,ECU,COL,Q2,4:58,23,19,40,COL,409483,Julian,Betancurt,59,P2,"2PtsFG under the basket, points after turnover, layup missed",0,2,2PT,138,48
125522,29454-A-2,,ECU,COL,Q2,4:53,23,19,40,COL,409481,Andres,Mateus,10,P2,"2PtsFG under the basket, points from second chance + after turnover missed",0,2,2PT,140,31
125522,29454-A-2,,ECU,COL,Q2,4:36,23,22,40,COL,409477,Yansem,Caicedo,14,P3,3pt jump shot made,1,3,3PT,225,135
125522,29454-A-2,,ECU,COL,Q2,4:10,23,22,52,ECU,409161,Michael,Cevallos,1,P3,3pt jump shot missed,0,3,3PT,12,24
125522,29454-A-2,,ECU,COL,Q2,3:58,23,22,40,COL,409481,Andres,Mateus,10,P2,"2PtsFG under the basket, layup missed",0,2,2PT,156,43
125522,29454-A-2,,ECU,COL,Q2,3:32,23,24,40,COL,409477,Yansem,Caicedo,14,P2,layup made,1,2,2PT,119,49
125522,29454-A-2,,ECU,COL,Q2,3:17,23,24,52,ECU,409169,Felipe,Noboa,14,P3,3pt jump shot missed,0,3,3PT,54,131
125522,29454-A-2,,ECU,COL,Q2,3:06,23,24,40,COL,409481,Andres,Mateus,10,P3,3pt jump shot from center missed,0,3,3PT,105,163
125522,29454-A-2,,ECU,COL,Q2,2:52,23,24,40,COL,409477,Yansem,Caicedo,14,P3,3pt jump shot missed,0,3,3PT,127,164
125522,29454-A-2,,ECU,COL,Q2,2:48,23,26,40,COL,409481,Andres,Mateus,10,P2,2PtsFG under the basket made,1,2,2PT,140,31
125522,29454-A-2,,ECU,COL,Q2,2:16,23,28,40,COL,409483,Julian,Betancurt,59,P2,"2PtsFG under the basket, points after turnover, layup made",1,2,2PT,151,36
125522,29454-A-2,,ECU,COL,Q2,2:02,23,31,40,COL,400857,Leonardo,Restrepo,5,P3,3pt jump shot made,1,3,3PT,89,153
125522,29454-A-2,,ECU,COL,Q2,1:35,26,31,52,ECU,379507,Juan,Castillo,2,P3,3pt jump shot made,1,3,3PT,66,141
125522,29454-A-2,,ECU,COL,Q2,1:20,26,33,40,COL,332119,Andres,Hernandez,24,P2,"2PtsFG inside center, jump shot made",1,2,2PT,118,108
125522,29454-A-2,,ECU,COL,Q2,0:59,26,33,52,ECU,379506,Jeremy,Corozo,32,P2,"2PtsFG inside center, jump shot missed",0,2,2PT,149,110
125522,29454-A-2,,ECU,COL,Q2,0:41,26,33,40,COL,332119,Andres,Hernandez,24,P3,3pt jump shot missed,0,3,3PT,69,143
125522,29454-A-2,,ECU,COL,Q2,0:27,26,33,40,COL,409483,Julian,Betancurt,59,P3,3pt jump shot missed,0,3,3PT,267,29
125522,29454-A-2,,ECU,COL,Q2,0:03,26,33,52,ECU,379507,Juan,Castillo,2,P2,layup missed,0,2,2PT,114,46
125522,29454-A-2,,ECU,COL,Q2,0:02,26,33,52,ECU,379506,Jeremy,Corozo,32,P2,2pt hook shot missed,0,2,2PT,161,46
125522,29454-A-2,,ECU,COL,Q3,9:43,26,33,52,ECU,379507,Juan,Castillo,2,P2,layup missed,0,2,2PT,174,40
125522,29454-A-2,,ECU,COL,Q3,9:19,26,33,40,COL,332119,Andres,Hernandez,24,P3,3pt jump shot missed,0,3,3PT,20,88
125522,29454-A-2,,ECU,COL,Q3,9:09,26,33,40,COL,409483,Julian,Betancurt,59,P2,"2PtsFG under the basket, layup missed",0,2,2PT,154,40
125522,29454-A-2,,ECU,COL,Q3,9:05,26,35,40,COL,409481,Andres,Mateus,10,P2,2PtsFG under the basket made,1,2,2PT,140,31
125522,29454-A-2,,ECU,COL,Q3,8:38,26,37,40,COL,379759,Matthew,Bernal,7,P2,layup made,1,2,2PT,120,60
125522,29454-A-2,,ECU,COL,Q3,8:15,29,37,52,ECU,379500,Alhan,Zambrano,10,P3,3pt step back jump shot made,1,3,3PT,143,178
125522,29454-A-2,,ECU,COL,Q3,7:57,29,37,40,COL,409477,Yansem,Caicedo,14,P2,2pt jump shot missed,0,2,2PT,132,99
125522,29454-A-2,,ECU,COL,Q3,7:51,29,37,40,COL,409481,Andres,Mateus,10,P2,"2PtsFG under the basket, layup missed",0,2,2PT,118,33
125522,29454-A-2,,ECU,COL,Q3,7:28,29,37,40,COL,409477,Yansem,Caicedo,14,P2,"2PtsFG under the basket, points after turnover, layup missed",0,2,2PT,145,44
125522,29454-A-2,,ECU,COL,Q3,7:04,29,39,40,COL,409477,Yansem,Caicedo,14,P2,"2PtsFG inside center, points after turnover, jump shot made",1,2,2PT,147,123
125522,29454-A-2,,ECU,COL,Q3,6:56,32,39,52,ECU,409161,Michael,Cevallos,1,P3,3pt jump shot made,1,3,3PT,217,143
125522,29454-A-2,,ECU,COL,Q3,6:39,32,41,40,COL,409481,Andres,Mateus,10,P2,"2PtsFG under the basket, layup made",1,2,2PT,130,34
125522,29454-A-2,,ECU,COL,Q3,6:39,32,42,40,COL,409481,Andres,Mateus,10,FT,1st free throw made,1,1,FT,0,0
125522,29454-A-2,,ECU,COL,Q3,6:21,32,42,52,ECU,409169,Felipe,Noboa,14,P2,layup missed,0,2,2PT,165,46
125522,29454-A-2,,ECU,COL,Q3,5:58,32,42,40,COL,332119,Andres,Hernandez,24,P2,"2PtsFG under the basket, points after turnover, jump shot missed",0,2,2PT,125,33
125522,29454-A-2,,ECU,COL,Q3,5:23,32,42,40,COL,409484,Ezekiel,Suarez,8,P3,3pt jump shot missed,0,3,3PT,12,30
125522,29454-A-2,,ECU,COL,Q3,4:55,32,42,52,ECU,409169,Felipe,Noboa,14,P2,"2PtsFG inside left, jump shot missed",0,2,2PT,70,61
125522,29454-A-2,,ECU,COL,Q3,4:50,32,42,40,COL,409480,Santiago,Rios,32,P3,3pt jump shot missed,0,3,3PT,135,158
125522,29454-A-2,,ECU,COL,Q3,4:43,32,44,40,COL,409481,Andres,Mateus,10,P2,"2PtsFG under the basket, points from second chance + after turnover made",1,2,2PT,140,31
125522,29454-A-2,,ECU,COL,Q3,4:15,32,47,40,COL,409484,Ezekiel,Suarez,8,P3,3pt jump shot made,1,3,3PT,221,136
125522,29454-A-2,,ECU,COL,Q3,3:52,32,47,52,ECU,379770,Adair,Quiñonez,23,P2,layup missed,0,2,2PT,109,68
125522,29454-A-2,,ECU,COL,Q3,3:44,32,47,40,COL,409484,Ezekiel,Suarez,8,P2,"2PtsFG under the basket, layup missed",0,2,2PT,150,39
125522,29454-A-2,,ECU,COL,Q3,3:39,32,47,40,COL,379442,Angel,Orozco,83,P2,2pt hook shot missed,0,2,2PT,164,59
125522,29454-A-2,,ECU,COL,Q3,3:26,32,47,52,ECU,409169,Felipe,Noboa,14,P3,3pt jump shot missed,0,3,3PT,10,43
125522,29454-A-2,,ECU,COL,Q3,3:19,34,47,52,ECU,409169,Felipe,Noboa,14,P2,"2PtsFG under the basket, layup made",1,2,2PT,156,32
125522,29454-A-2,,ECU,COL,Q3,3:07,34,47,40,COL,379759,Matthew,Bernal,7,FT,1st of 2 free throws missed,0,1,FT,0,0
125522,29454-A-2,,ECU,COL,Q3,3:07,34,48,40,COL,379759,Matthew,Bernal,7,FT,2nd of 2 free throws made,1,1,FT,0,0
125522,29454-A-2,,ECU,COL,Q3,2:47,34,48,52,ECU,409161,Michael,Cevallos,1,P3,3pt jump shot from center missed,0,3,3PT,130,162
125522,29454-A-2,,ECU,COL,Q3,2:31,36,48,52,ECU,379770,Adair,Quiñonez,23,P2,"2PtsFG under the basket, points from fastbreak + after turnover, layup made",1,2,2PT,145,28
125522,29454-A-2,,ECU,COL,Q3,2:14,36,48,40,COL,409482,Alejandro,Sanchez,4,P2,"2PtsFG under the basket, layup missed",0,2,2PT,122,40
125522,29454-A-2,,ECU,COL,Q3,1:51,36,48,52,ECU,409169,Felipe,Noboa,14,P3,3pt jump shot missed,0,3,3PT,37,126
125522,29454-A-2,,ECU,COL,Q3,1:16,36,50,40,COL,379759,Matthew,Bernal,7,P2,"2PtsFG under the basket, points from fastbreak + after turnover, dunk made",1,2,2PT,152,32
125522,29454-A-2,,ECU,COL,Q3,0:44,36,50,40,COL,379442,Angel,Orozco,83,P2,layup missed,0,2,2PT,108,36
125522,29454-A-2,,ECU,COL,Q3,0:34,38,50,52,ECU,379770,Adair,Quiñonez,23,P2,"2PtsFG under the basket, layup made",1,2,2PT,131,38
125522,29454-A-2,,ECU,COL,Q3,0:33,38,52,40,COL,332119,Andres,Hernandez,24,P2,"2PtsFG under the basket, layup made",1,2,2PT,156,38
125522,29454-A-2,,ECU,COL,Q3,0:11,38,52,40,COL,409478,Salomon,Brown,6,FT,Free throw missed 1 of 2,0,1,FT,0,0
125522,29454-A-2,,ECU,COL,Q3,0:11,38,52,40,COL,409478,Salomon,Brown,6,FT,Free throw missed 2 of 2,0,1,FT,0,0
125522,29454-A-2,,ECU,COL,Q4,9:52,38,52,52,ECU,409013,José,Daza,7,P2,layup missed,0,2,2PT,157,51
125522,29454-A-2,,ECU,COL,Q4,9:39,38,55,40,COL,409484,Ezekiel,Suarez,8,P3,3pt jump shot from center made,1,3,3PT,143,161
125522,29454-A-2,,ECU,COL,Q4,9:37,38,55,40,COL,409484,Ezekiel,Suarez,8,FT,1st free throw missed,0,1,FT,0,0
125522,29454-A-2,,ECU,COL,Q4,9:31,38,55,52,ECU,409161,Michael,Cevallos,1,P2,"2PtsFG under the basket, hook shot missed",0,2,2PT,123,43
125522,29454-A-2,,ECU,COL,Q4,9:18,38,55,40,COL,379442,Angel,Orozco,83,P2,"2PtsFG under the basket, hook shot missed",0,2,2PT,120,40
125522,29454-A-2,,ECU,COL,Q4,9:10,38,55,40,COL,409483,Julian,Betancurt,59,P2,layup missed,0,2,2PT,102,35
125522,29454-A-2,,ECU,COL,Q4,9:03,38,55,52,ECU,379507,Juan,Castillo,2,P2,layup missed,0,2,2PT,115,35
125522,29454-A-2,,ECU,COL,Q4,8:49,38,55,40,COL,400857,Leonardo,Restrepo,5,P3,3pt jump shot missed,0,3,3PT,12,28
125522,29454-A-2,,ECU,COL,Q4,8:39,38,58,40,COL,409484,Ezekiel,Suarez,8,P3,3pt jump shot made,1,3,3PT,131,190
125522,29454-A-2,,ECU,COL,Q4,8:21,38,58,52,ECU,379507,Juan,Castillo,2,P3,3pt jump shot from center missed,0,3,3PT,139,182
125522,29454-A-2,,ECU,COL,Q4,8:14,38,58,52,ECU,379770,Adair,Quiñonez,23,P3,3pt jump shot missed,0,3,3PT,268,45
125522,29454-A-2,,ECU,COL,Q4,7:42,38,58,52,ECU,409168,Deivis,Reyes,33,P3,3pt jump shot missed,0,3,3PT,7,41
125522,29454-A-2,,ECU,COL,Q4,7:28,38,61,40,COL,409484,Ezekiel,Suarez,8,P3,3pt jump shot made,1,3,3PT,74,146
125522,29454-A-2,,ECU,COL,Q4,6:59,38,61,52,ECU,409169,Felipe,Noboa,14,P2,2pt turnaround jump shot missed,0,2,2PT,169,35
125522,29454-A-2,,ECU,COL,Q4,6:47,38,64,40,COL,409477,Yansem,Caicedo,14,P3,3pt jump shot from center made,1,3,3PT,111,158
125522,29454-A-2,,ECU,COL,Q4,6:27,38,64,52,ECU,409168,Deivis,Reyes,33,P2,"2PtsFG under the basket, driving layup missed",0,2,2PT,123,37
125522,29454-A-2,,ECU,COL,Q4,6:21,38,66,40,COL,409483,Julian,Betancurt,59,P2,"2PtsFG under the basket, fast break, layup made",1,2,2PT,151,32
125522,29454-A-2,,ECU,COL,Q4,6:21,38,66,40,COL,409483,Julian,Betancurt,59,FT,1st free throw missed,0,1,FT,0,0
125522,29454-A-2,,ECU,COL,Q4,6:13,38,66,52,ECU,409169,Felipe,Noboa,14,P2,"2PtsFG under the basket, reverse lay-up missed",0,2,2PT,118,29
125522,29454-A-2,,ECU,COL,Q4,6:01,38,68,40,COL,409481,Andres,Mateus,10,P2,"2PtsFG under the basket, layup made",1,2,2PT,130,37
125522,29454-A-2,,ECU,COL,Q4,5:39,38,68,52,ECU,409161,Michael,Cevallos,1,P2,layup missed,0,2,2PT,160,51
125522,29454-A-2,,ECU,COL,Q4,5:12,40,68,52,ECU,379769,Jahir,Mina,13,P2,"2PtsFG under the basket, points after turnover, eurostep made",1,2,2PT,127,35
125522,29454-A-2,,ECU,COL,Q4,5:00,40,71,40,COL,409482,Alejandro,Sanchez,4,P3,3pt jump shot from center made,1,3,3PT,155,170
125522,29454-A-2,,ECU,COL,Q4,4:43,43,71,52,ECU,379500,Alhan,Zambrano,10,P3,3pt jump shot made,1,3,3PT,203,147
125522,29454-A-2,,ECU,COL,Q4,4:22,43,71,40,COL,409483,Julian,Betancurt,59,P2,"2PtsFG under the basket, layup missed",0,2,2PT,152,40
125522,29454-A-2,,ECU,COL,Q4,4:13,43,71,52,ECU,379769,Jahir,Mina,13,P3,3pt jump shot missed,0,3,3PT,241,120
125522,29454-A-2,,ECU,COL,Q4,3:58,43,71,40,COL,409482,Alejandro,Sanchez,4,P2,"2PtsFG inside right, jump shot missed",0,2,2PT,205,50
125522,29454-A-2,,ECU,COL,Q4,3:39,43,71,52,ECU,379500,Alhan,Zambrano,10,P3,3pt jump shot missed,0,3,3PT,30,187
125522,29454-A-2,,ECU,COL,Q4,3:30,46,71,52,ECU,409161,Michael,Cevallos,1,P3,3pt jump shot made,1,3,3PT,94,164
125522,29454-A-2,,ECU,COL,Q4,2:51,46,71,52,ECU,409161,Michael,Cevallos,1,P3,3pt jump shot missed,0,3,3PT,210,144
125522,29454-A-2,,ECU,COL,Q4,2:38,46,74,40,COL,409480,Santiago,Rios,32,P3,3pt jump shot made,1,3,3PT,228,132
125522,29454-A-2,,ECU,COL,Q4,2:23,46,74,52,ECU,409161,Michael,Cevallos,1,P2,2pt hook shot missed,0,2,2PT,178,40
125522,29454-A-2,,ECU,COL,Q4,2:12,46,76,40,COL,409484,Ezekiel,Suarez,8,P2,"2PtsFG under the basket, driving layup made",1,2,2PT,126,36
125522,29454-A-2,,ECU,COL,Q4,1:53,46,76,52,ECU,409167,Ismael,Ibarra,15,P2,"2PtsFG under the basket, hook shot missed",0,2,2PT,132,44
125522,29454-A-2,,ECU,COL,Q4,1:39,46,76,40,COL,400857,Leonardo,Restrepo,5,P3,3pt jump shot missed,0,3,3PT,42,136
125522,29454-A-2,,ECU,COL,Q4,1:22,46,76,52,ECU,379769,Jahir,Mina,13,P3,3pt jump shot missed,0,3,3PT,198,163
125522,29454-A-2,,ECU,COL,Q4,1:03,46,79,40,COL,409482,Alejandro,Sanchez,4,P3,3pt jump shot made,1,3,3PT,70,158
125522,29454-A-2,,ECU,COL,Q4,0:51,46,79,52,ECU,379506,Jeremy,Corozo,32,FT,1st of 2 free throws missed,0,1,FT,0,0
125522,29454-A-2,,ECU,COL,Q4,0:51,47,79,52,ECU,379506,Jeremy,Corozo,32,FT,2nd of 2 free throws made,1,1,FT,0,0
125522,29454-A-2,,ECU,COL,Q4,0:29,47,79,40,COL,332119,Andres,Hernandez,24,P3,3pt jump shot from center missed,0,3,3PT,111,159
125522,29454-A-2,,ECU,COL,Q4,0:07,47,79,52,ECU,379769,Jahir,Mina,13,FT,1st of 2 free throws missed,0,1,FT,0,0
125522,29454-A-2,,ECU,COL,Q4,0:07,48,79,52,ECU,379769,Jahir,Mina,13,FT,2nd of 2 free throws made,1,1,FT,0,0
125523,29454-A-3,,COL,URU,Q1,9:49,2,0,40,COL,379759,Matthew,Bernal,7,P2,"2PtsFG under the basket, driving layup made",1,2,2PT,149,18
125523,29454-A-3,,COL,URU,Q1,9:23,2,0,40,COL,409477,Yansem,Caicedo,14,P2,"2PtsFG under the basket, points after turnover, layup missed",0,2,2PT,153,24
125523,29454-A-3,,COL,URU,Q1,9:14,2,2,155,URU,407936,Lautaro,Gomez,10,P2,"2PtsFG under the basket, layup made",1,2,2PT,141,27
125523,29454-A-3,,COL,URU,Q1,8:51,4,2,40,COL,409483,Julian,Betancurt,59,P2,layup made,1,2,2PT,132,14
125523,29454-A-3,,COL,URU,Q1,8:29,4,2,155,URU,329851,Nicolas,Testa,11,P3,3pt jump shot from center missed,0,3,3PT,130,185
125523,29454-A-3,,COL,URU,Q1,8:01,4,2,40,COL,400857,Leonardo,Restrepo,5,P3,3pt pullup jump shot missed,0,3,3PT,254,118
125523,29454-A-3,,COL,URU,Q1,7:49,4,4,155,URU,329851,Nicolas,Testa,11,P2,"2PtsFG under the basket, layup made",1,2,2PT,137,23
125523,29454-A-3,,COL,URU,Q1,7:30,4,6,155,URU,329851,Nicolas,Testa,11,P2,"2PtsFG under the basket, points from fastbreak + after turnover, dunk made",1,2,2PT,142,22
125523,29454-A-3,,COL,URU,Q1,7:15,4,6,40,COL,409477,Yansem,Caicedo,14,P2,"2PtsFG under the basket, layup missed",0,2,2PT,159,18
125523,29454-A-3,,COL,URU,Q1,7:11,6,6,40,COL,409481,Andres,Mateus,10,P2,2PtsFG under the basket made,1,2,2PT,140,31
125523,29454-A-3,,COL,URU,Q1,6:57,6,9,155,URU,407936,Lautaro,Gomez,10,P3,3pt jump shot made,1,3,3PT,80,165
125523,29454-A-3,,COL,URU,Q1,6:46,6,9,40,COL,400857,Leonardo,Restrepo,5,FT,1st of 2 free throws missed,0,1,FT,0,0
125523,29454-A-3,,COL,URU,Q1,6:46,7,9,40,COL,400857,Leonardo,Restrepo,5,FT,2nd of 2 free throws made,1,1,FT,0,0
125523,29454-A-3,,COL,URU,Q1,6:32,7,9,155,URU,407647,Gabriel,Fata,19,P3,3pt jump shot missed,0,3,3PT,10,35
125523,29454-A-3,,COL,URU,Q1,6:15,10,9,40,COL,409483,Julian,Betancurt,59,P3,3pt step back jump shot made,1,3,3PT,9,30
125523,29454-A-3,,COL,URU,Q1,6:03,10,9,40,COL,400857,Leonardo,Restrepo,5,P2,layup missed,0,2,2PT,160,16
125523,29454-A-3,,COL,URU,Q1,5:54,10,9,40,COL,379759,Matthew,Bernal,7,P2,2pt fadeaway jump shot missed,0,2,2PT,77,45
125523,29454-A-3,,COL,URU,Q1,5:40,10,9,155,URU,407501,Facundo,Izuibejeres,5,P2,2pt pullup jump shot missed,0,2,2PT,74,95
125523,29454-A-3,,COL,URU,Q1,5:08,10,11,155,URU,329851,Nicolas,Testa,11,P2,"2PtsFG under the basket, points from fastbreak + after turnover, dunk made",1,2,2PT,140,19
125523,29454-A-3,,COL,URU,Q1,4:47,10,11,40,COL,400857,Leonardo,Restrepo,5,P3,3pt jump shot from center missed,0,3,3PT,124,166
125523,29454-A-3,,COL,URU,Q1,4:39,10,11,40,COL,409477,Yansem,Caicedo,14,P2,"2PtsFG under the basket, layup missed",0,2,2PT,163,19
125523,29454-A-3,,COL,URU,Q1,4:28,10,14,155,URU,329851,Nicolas,Testa,11,P3,3pt jump shot made,1,3,3PT,271,33
125523,29454-A-3,,COL,URU,Q1,4:02,10,14,40,COL,409483,Julian,Betancurt,59,P2,"2PtsFG under the basket, layup missed",0,2,2PT,150,24
125523,29454-A-3,,COL,URU,Q1,3:36,10,14,40,COL,409482,Alejandro,Sanchez,4,P3,3pt jump shot missed,0,3,3PT,98,173
125523,29454-A-3,,COL,URU,Q1,3:33,10,14,40,COL,409481,Andres,Mateus,10,FT,1st of 2 free throws missed,0,1,FT,0,0
125523,29454-A-3,,COL,URU,Q1,3:33,11,14,40,COL,409481,Andres,Mateus,10,FT,2nd of 2 free throws made,1,1,FT,0,0
125523,29454-A-3,,COL,URU,Q1,3:22,11,16,155,URU,407936,Lautaro,Gomez,10,P2,"2PtsFG under the basket, layup made",1,2,2PT,155,31
125523,29454-A-3,,COL,URU,Q1,3:08,11,16,40,COL,400857,Leonardo,Restrepo,5,P2,"2PtsFG under the basket, layup missed",0,2,2PT,141,22
125523,29454-A-3,,COL,URU,Q1,3:05,13,16,40,COL,379442,Angel,Orozco,83,P2,"2PtsFG under the basket, layup made",1,2,2PT,129,29
125523,29454-A-3,,COL,URU,Q1,2:32,13,16,40,COL,379759,Matthew,Bernal,7,P2,layup missed,0,2,2PT,158,7
125523,29454-A-3,,COL,URU,Q1,2:25,13,16,40,COL,379759,Matthew,Bernal,7,P3,3pt jump shot missed,0,3,3PT,24,101
125523,29454-A-3,,COL,URU,Q1,2:18,13,18,155,URU,324131,Federico,Cruz,8,P2,layup made,1,2,2PT,144,16
125523,29454-A-3,,COL,URU,Q1,2:00,16,18,40,COL,409482,Alejandro,Sanchez,4,P3,3pt step back jump shot made,1,3,3PT,54,135
125523,29454-A-3,,COL,URU,Q1,1:46,16,21,155,URU,375744,Manuel,Pastrana,4,P3,3pt fadeaway jump shot made,1,3,3PT,38,125
125523,29454-A-3,,COL,URU,Q1,1:22,18,21,40,COL,379759,Matthew,Bernal,7,P2,"2PtsFG under the basket, layup made",1,2,2PT,144,46
125523,29454-A-3,,COL,URU,Q1,0:28,18,23,155,URU,407647,Gabriel,Fata,19,P2,"2PtsFG under the basket, points after turnover, layup made",1,2,2PT,145,29
125523,29454-A-3,,COL,URU,Q1,0:13,18,23,40,COL,409484,Ezekiel,Suarez,8,P3,3pt jump shot missed,0,3,3PT,38,142
125523,29454-A-3,,COL,URU,Q1,0:02,18,25,155,URU,324131,Federico,Cruz,8,P2,"2PtsFG under the basket, driving layup made",1,2,2PT,149,32
125523,29454-A-3,,COL,URU,Q1,0:00,18,25,40,COL,409482,Alejandro,Sanchez,4,P3,3pt jump shot from center missed,0,3,3PT,218,214
125523,29454-A-3,,COL,URU,Q2,9:42,18,25,155,URU,375744,Manuel,Pastrana,4,P3,3pt jump shot missed,0,3,3PT,5,32
125523,29454-A-3,,COL,URU,Q2,9:21,18,25,40,COL,332119,Andres,Hernandez,24,P2,2pt fadeaway jump shot missed,0,2,2PT,232,83
125523,29454-A-3,,COL,URU,Q2,9:13,18,25,155,URU,408046,Tomas,Abal,0,P3,3pt jump shot missed,0,3,3PT,245,131
125523,29454-A-3,,COL,URU,Q2,9:00,18,25,155,URU,329851,Nicolas,Testa,11,P3,3pt fadeaway jump shot missed,0,3,3PT,77,152
125523,29454-A-3,,COL,URU,Q2,8:54,18,25,155,URU,375744,Manuel,Pastrana,4,P2,"2PtsFG under the basket, layup missed",0,2,2PT,130,48
125523,29454-A-3,,COL,URU,Q2,8:46,18,26,155,URU,375744,Manuel,Pastrana,4,FT,1st of 2 free throws made,1,1,FT,0,0
125523,29454-A-3,,COL,URU,Q2,8:46,18,27,155,URU,375744,Manuel,Pastrana,4,FT,2nd of 2 free throws made,1,1,FT,0,0
125523,29454-A-3,,COL,URU,Q2,8:35,18,27,40,COL,409477,Yansem,Caicedo,14,P2,2pt pullup jump shot missed,0,2,2PT,219,93
125523,29454-A-3,,COL,URU,Q2,8:26,19,27,40,COL,379759,Matthew,Bernal,7,FT,1st of 2 free throws made,1,1,FT,0,0
125523,29454-A-3,,COL,URU,Q2,8:26,19,27,40,COL,379759,Matthew,Bernal,7,FT,2nd of 2 free throws missed,0,1,FT,0,0
125523,29454-A-3,,COL,URU,Q2,8:17,19,27,155,URU,375744,Manuel,Pastrana,4,P3,3pt jump shot missed,0,3,3PT,251,105
125523,29454-A-3,,COL,URU,Q2,7:52,21,27,40,COL,409483,Julian,Betancurt,59,P2,"2PtsFG under the basket, points after turnover, layup made",1,2,2PT,127,23
125523,29454-A-3,,COL,URU,Q2,7:52,21,27,40,COL,409483,Julian,Betancurt,59,FT,1st free throw missed,0,1,FT,0,0
125523,29454-A-3,,COL,URU,Q2,7:42,21,27,40,COL,409477,Yansem,Caicedo,14,FT,1st of 2 free throws missed,0,1,FT,0,0
125523,29454-A-3,,COL,URU,Q2,7:42,21,27,40,COL,409477,Yansem,Caicedo,14,FT,2nd of 2 free throws missed,0,1,FT,0,0
125523,29454-A-3,,COL,URU,Q2,7:31,23,27,40,COL,379759,Matthew,Bernal,7,P2,"2PtsFG under the basket, points from fastbreak + after turnover, dunk made",1,2,2PT,155,34
125523,29454-A-3,,COL,URU,Q2,7:16,23,29,155,URU,324131,Federico,Cruz,8,P2,"2PtsFG under the basket, driving layup made",1,2,2PT,134,25
125523,29454-A-3,,COL,URU,Q2,6:50,23,30,155,URU,324131,Federico,Cruz,8,FT,Free throw made 1 of 2,1,1,FT,0,0
125523,29454-A-3,,COL,URU,Q2,6:50,23,31,155,URU,324131,Federico,Cruz,8,FT,Free throw made 2 of 2,1,1,FT,0,0
125523,29454-A-3,,COL,URU,Q2,6:36,23,33,155,URU,407647,Gabriel,Fata,19,P2,"2PtsFG under the basket, points after turnover, layup made",1,2,2PT,140,38
125523,29454-A-3,,COL,URU,Q2,6:24,25,33,40,COL,400857,Leonardo,Restrepo,5,P2,layup made,1,2,2PT,152,8
125523,29454-A-3,,COL,URU,Q2,6:09,25,34,155,URU,407647,Gabriel,Fata,19,FT,1st of 2 free throws made,1,1,FT,0,0
125523,29454-A-3,,COL,URU,Q2,6:09,25,34,155,URU,407647,Gabriel,Fata,19,FT,2nd of 2 free throws missed,0,1,FT,0,0
125523,29454-A-3,,COL,URU,Q2,5:57,25,34,40,COL,409483,Julian,Betancurt,59,P2,"2PtsFG under the basket, points after turnover, layup missed",0,2,2PT,133,23
125523,29454-A-3,,COL,URU,Q2,5:52,25,34,40,COL,400857,Leonardo,Restrepo,5,P3,3pt jump shot missed,0,3,3PT,44,144
125523,29454-A-3,,COL,URU,Q2,5:47,25,34,40,COL,409478,Salomon,Brown,6,P3,3pt jump shot missed,0,3,3PT,261,114
125523,29454-A-3,,COL,URU,Q2,5:19,25,34,155,URU,407647,Gabriel,Fata,19,P3,3pt fadeaway jump shot missed,0,3,3PT,55,182
125523,29454-A-3,,COL,URU,Q2,5:11,25,34,155,URU,407647,Gabriel,Fata,19,P3,3pt jump shot missed,0,3,3PT,44,158
125523,29454-A-3,,COL,URU,Q2,4:51,25,34,40,COL,379759,Matthew,Bernal,7,P2,2pt turnaround jump shot missed,0,2,2PT,184,25
125523,29454-A-3,,COL,URU,Q2,4:41,25,34,40,COL,409483,Julian,Betancurt,59,P2,"2PtsFG under the basket, points after turnover, fadeaway jump shot missed",0,2,2PT,154,20
125523,29454-A-3,,COL,URU,Q2,4:37,25,34,40,COL,409480,Santiago,Rios,32,P3,3pt jump shot missed,0,3,3PT,144,185
125523,29454-A-3,,COL,URU,Q2,4:24,25,34,155,URU,407647,Gabriel,Fata,19,P3,3pt jump shot missed,0,3,3PT,240,138
125523,29454-A-3,,COL,URU,Q2,4:18,25,34,155,URU,375744,Manuel,Pastrana,4,P2,2pt fadeaway jump shot missed,0,2,2PT,115,78
125523,29454-A-3,,COL,URU,Q2,3:54,26,34,40,COL,409483,Julian,Betancurt,59,FT,1st of 2 free throws made,1,1,FT,0,0
125523,29454-A-3,,COL,URU,Q2,3:54,27,34,40,COL,409483,Julian,Betancurt,59,FT,2nd of 2 free throws made,1,1,FT,0,0
125523,29454-A-3,,COL,URU,Q2,3:29,27,34,155,URU,375744,Manuel,Pastrana,4,P2,"2PtsFG under the basket, points after turnover, layup missed",0,2,2PT,129,28
125523,29454-A-3,,COL,URU,Q2,3:04,27,34,40,COL,409483,Julian,Betancurt,59,P3,3pt fadeaway jump shot missed,0,3,3PT,126,182
125523,29454-A-3,,COL,URU,Q2,2:50,27,34,155,URU,375744,Manuel,Pastrana,4,P3,3pt jump shot missed,0,3,3PT,250,125
125523,29454-A-3,,COL,URU,Q2,2:38,29,34,40,COL,409481,Andres,Mateus,10,P2,"2PtsFG under the basket, hook shot made",1,2,2PT,136,34
125523,29454-A-3,,COL,URU,Q2,2:16,29,34,155,URU,329851,Nicolas,Testa,11,P3,3pt jump shot from center missed,0,3,3PT,123,166
125523,29454-A-3,,COL,URU,Q2,1:56,29,34,40,COL,400857,Leonardo,Restrepo,5,P3,3pt jump shot missed,0,3,3PT,38,150
125523,29454-A-3,,COL,URU,Q2,1:45,29,37,155,URU,407401,Lucas,Orozco,22,P3,3pt jump shot made,1,3,3PT,267,36
125523,29454-A-3,,COL,URU,Q2,1:16,29,37,155,URU,407501,Facundo,Izuibejeres,5,P3,3pt step back jump shot missed,0,3,3PT,228,162
125523,29454-A-3,,COL,URU,Q2,1:05,29,40,155,URU,375744,Manuel,Pastrana,4,P3,3pt jump shot made,1,3,3PT,217,158
125523,29454-A-3,,COL,URU,Q2,0:48,32,40,40,COL,332119,Andres,Hernandez,24,P3,3pt pullup jump shot made,1,3,3PT,133,165
125523,29454-A-3,,COL,URU,Q2,0:10,32,40,40,COL,409484,Ezekiel,Suarez,8,P2,2pt jump shot missed,0,2,2PT,173,17
125523,29454-A-3,,COL,URU,Q2,0:03,32,40,155,URU,375744,Manuel,Pastrana,4,P3,3pt jump shot missed,0,3,3PT,267,69
125523,29454-A-3,,COL,URU,Q2,0:00,32,42,155,URU,329851,Nicolas,Testa,11,P2,"2PtsFG inside right, jump shot made",1,2,2PT,206,61
125523,29454-A-3,,COL,URU,Q3,9:52,32,42,40,COL,332119,Andres,Hernandez,24,P3,3pt jump shot from center missed,0,3,3PT,143,205
125523,29454-A-3,,COL,URU,Q3,9:40,32,42,40,COL,332119,Andres,Hernandez,24,P2,2pt fadeaway jump shot missed,0,2,2PT,81,64
125523,29454-A-3,,COL,URU,Q3,9:14,32,44,155,URU,375744,Manuel,Pastrana,4,P2,2pt fadeaway jump shot made,1,2,2PT,175,59
125523,29454-A-3,,COL,URU,Q3,8:59,32,44,40,COL,409484,Ezekiel,Suarez,8,P3,3pt jump shot missed,0,3,3PT,233,152
125523,29454-A-3,,COL,URU,Q3,8:15,32,44,40,COL,379759,Matthew,Bernal,7,P2,"2PtsFG under the basket, points after turnover, layup missed",0,2,2PT,140,48
125523,29454-A-3,,COL,URU,Q3,8:07,32,44,40,COL,332119,Andres,Hernandez,24,P2,layup missed,0,2,2PT,121,55
125523,29454-A-3,,COL,URU,Q3,7:51,32,44,155,URU,407647,Gabriel,Fata,19,P3,3pt jump shot missed,0,3,3PT,43,149
125523,29454-A-3,,COL,URU,Q3,7:43,33,44,40,COL,379759,Matthew,Bernal,7,FT,1st of 2 free throws made,1,1,FT,0,0
125523,29454-A-3,,COL,URU,Q3,7:43,33,44,40,COL,379759,Matthew,Bernal,7,FT,2nd of 2 free throws missed,0,1,FT,0,0
125523,29454-A-3,,COL,URU,Q3,7:23,33,44,40,COL,409484,Ezekiel,Suarez,8,P2,"2PtsFG under the basket, points after turnover, layup missed",0,2,2PT,134,20
125523,29454-A-3,,COL,URU,Q3,7:04,33,44,40,COL,409484,Ezekiel,Suarez,8,P2,"2PtsFG inside center, points after turnover, jump shot missed",0,2,2PT,98,108
125523,29454-A-3,,COL,URU,Q3,6:38,33,44,40,COL,409477,Yansem,Caicedo,14,P2,layup missed,0,2,2PT,168,31
125523,29454-A-3,,COL,URU,Q3,6:31,34,44,40,COL,409484,Ezekiel,Suarez,8,FT,1st of 3 free throws made,1,1,FT,0,0
125523,29454-A-3,,COL,URU,Q3,6:31,35,44,40,COL,409484,Ezekiel,Suarez,8,FT,2nd of 3 free throws made,1,1,FT,0,0
125523,29454-A-3,,COL,URU,Q3,6:31,36,44,40,COL,409484,Ezekiel,Suarez,8,FT,3rd of 3 free throws made,1,1,FT,0,0
125523,29454-A-3,,COL,URU,Q3,6:14,36,44,155,URU,329851,Nicolas,Testa,11,P3,3pt jump shot missed,0,3,3PT,233,144
125523,29454-A-3,,COL,URU,Q3,6:10,36,44,155,URU,375744,Manuel,Pastrana,4,P3,3pt jump shot missed,0,3,3PT,44,146
125523,29454-A-3,,COL,URU,Q3,6:08,36,45,155,URU,329851,Nicolas,Testa,11,FT,1st of 2 free throws made,1,1,FT,0,0
125523,29454-A-3,,COL,URU,Q3,6:08,36,46,155,URU,329851,Nicolas,Testa,11,FT,2nd of 2 free throws made,1,1,FT,0,0
125523,29454-A-3,,COL,URU,Q3,5:47,38,46,40,COL,379759,Matthew,Bernal,7,P2,2pt fadeaway jump shot made,1,2,2PT,136,64
125523,29454-A-3,,COL,URU,Q3,5:36,38,48,155,URU,407936,Lautaro,Gomez,10,P2,"2PtsFG under the basket, layup made",1,2,2PT,145,30
125523,29454-A-3,,COL,URU,Q3,5:22,38,48,40,COL,409478,Salomon,Brown,6,P2,"2PtsFG under the basket, layup missed",0,2,2PT,133,25
125523,29454-A-3,,COL,URU,Q3,5:14,38,51,155,URU,329851,Nicolas,Testa,11,P3,3pt jump shot made,1,3,3PT,22,101
125523,29454-A-3,,COL,URU,Q3,5:01,38,51,40,COL,409477,Yansem,Caicedo,14,P3,3pt jump shot missed,0,3,3PT,258,101
125523,29454-A-3,,COL,URU,Q3,4:53,38,51,155,URU,375744,Manuel,Pastrana,4,P3,3pt jump shot missed,0,3,3PT,37,129
125523,29454-A-3,,COL,URU,Q3,4:49,38,51,155,URU,407936,Lautaro,Gomez,10,P2,"2PtsFG under the basket, layup missed",0,2,2PT,142,31
125523,29454-A-3,,COL,URU,Q3,4:42,38,51,155,URU,375744,Manuel,Pastrana,4,P3,3pt jump shot missed,0,3,3PT,32,132
125523,29454-A-3,,COL,URU,Q3,4:13,38,51,155,URU,407936,Lautaro,Gomez,10,P2,"2PtsFG under the basket, points after turnover, layup missed",0,2,2PT,130,36
125523,29454-A-3,,COL,URU,Q3,4:04,38,51,40,COL,379759,Matthew,Bernal,7,P3,3pt jump shot missed,0,3,3PT,253,118
125523,29454-A-3,,COL,URU,Q3,3:59,38,51,40,COL,379442,Angel,Orozco,83,P2,"2PtsFG under the basket, layup missed",0,2,2PT,126,25
125523,29454-A-3,,COL,URU,Q3,3:44,38,54,155,URU,329851,Nicolas,Testa,11,P3,3pt jump shot made,1,3,3PT,248,130
125523,29454-A-3,,COL,URU,Q3,3:20,38,57,155,URU,407501,Facundo,Izuibejeres,5,P3,3pt jump shot made,1,3,3PT,78,160
125523,29454-A-3,,COL,URU,Q3,3:00,38,57,40,COL,379442,Angel,Orozco,83,P2,"2PtsFG under the basket, hook shot missed",0,2,2PT,134,38
125523,29454-A-3,,COL,URU,Q3,2:31,41,57,40,COL,400857,Leonardo,Restrepo,5,P3,3pt step back jump shot made,1,3,3PT,195,165
125523,29454-A-3,,COL,URU,Q3,2:09,41,57,155,URU,329851,Nicolas,Testa,11,FT,1st of 2 free throws missed,0,1,FT,0,0
125523,29454-A-3,,COL,URU,Q3,2:09,41,58,155,URU,329851,Nicolas,Testa,11,FT,2nd of 2 free throws made,1,1,FT,0,0
125523,29454-A-3,,COL,URU,Q3,1:49,41,58,40,COL,409480,Santiago,Rios,32,P3,3pt jump shot missed,0,3,3PT,30,133
125523,29454-A-3,,COL,URU,Q3,1:31,41,58,155,URU,407501,Facundo,Izuibejeres,5,P3,3pt jump shot missed,0,3,3PT,236,146
125523,29454-A-3,,COL,URU,Q3,1:13,41,58,40,COL,409477,Yansem,Caicedo,14,P2,layup missed,0,2,2PT,152,61
125523,29454-A-3,,COL,URU,Q3,0:59,41,58,155,URU,407401,Lucas,Orozco,22,P2,"2PtsFG under the basket, layup missed",0,2,2PT,142,21
125523,29454-A-3,,COL,URU,Q3,0:55,41,60,155,URU,375722,Valentino,Ramírez,13,P2,"2PtsFG under the basket, layup made",1,2,2PT,151,23
125523,29454-A-3,,COL,URU,Q3,0:44,41,60,40,COL,409482,Alejandro,Sanchez,4,P3,3pt jump shot missed,0,3,3PT,30,126
125523,29454-A-3,,COL,URU,Q3,0:25,41,61,155,URU,375722,Valentino,Ramírez,13,FT,1st of 2 free throws made,1,1,FT,0,0
125523,29454-A-3,,COL,URU,Q3,0:25,41,62,155,URU,375722,Valentino,Ramírez,13,FT,2nd of 2 free throws made,1,1,FT,0,0
125523,29454-A-3,,COL,URU,Q3,0:04,44,62,40,COL,409477,Yansem,Caicedo,14,P3,3pt pullup jump shot made,1,3,3PT,213,157
125523,29454-A-3,,COL,URU,Q4,9:47,44,64,155,URU,375722,Valentino,Ramírez,13,P2,"2PtsFG under the basket, dunk made",1,2,2PT,149,31
125523,29454-A-3,,COL,URU,Q4,9:20,44,64,155,URU,407647,Gabriel,Fata,19,P2,2pt driving layup missed,0,2,2PT,111,24
125523,29454-A-3,,COL,URU,Q4,9:13,44,64,40,COL,409477,Yansem,Caicedo,14,P2,"2PtsFG under the basket, layup missed",0,2,2PT,147,25
125523,29454-A-3,,COL,URU,Q4,8:58,44,66,155,URU,329851,Nicolas,Testa,11,P2,2pt driving layup made,1,2,2PT,135,16
125523,29454-A-3,,COL,URU,Q4,8:38,44,66,40,COL,409481,Andres,Mateus,10,P2,layup missed,0,2,2PT,122,47
125523,29454-A-3,,COL,URU,Q4,8:32,44,69,155,URU,408046,Tomas,Abal,0,P3,3pt jump shot made,1,3,3PT,247,114
125523,29454-A-3,,COL,URU,Q4,8:06,44,69,40,COL,379759,Matthew,Bernal,7,P3,3pt jump shot missed,0,3,3PT,4,49
125523,29454-A-3,,COL,URU,Q4,7:34,45,69,40,COL,409484,Ezekiel,Suarez,8,FT,1st of 2 free throws made,1,1,FT,0,0
125523,29454-A-3,,COL,URU,Q4,7:34,46,69,40,COL,409484,Ezekiel,Suarez,8,FT,2nd of 2 free throws made,1,1,FT,0,0
125523,29454-A-3,,COL,URU,Q4,7:21,46,69,155,URU,408046,Tomas,Abal,0,P3,3pt jump shot missed,0,3,3PT,243,134
125523,29454-A-3,,COL,URU,Q4,7:10,49,69,40,COL,400857,Leonardo,Restrepo,5,P3,3pt jump shot made,1,3,3PT,29,128
125523,29454-A-3,,COL,URU,Q4,6:54,49,69,155,URU,408046,Tomas,Abal,0,P3,3pt jump shot missed,0,3,3PT,12,53
125523,29454-A-3,,COL,URU,Q4,6:50,49,71,155,URU,408046,Tomas,Abal,0,P2,"2PtsFG inside paint, alley oop lay-up made",1,2,2PT,122,11
125523,29454-A-3,,COL,URU,Q4,6:38,51,71,40,COL,379759,Matthew,Bernal,7,P2,"2PtsFG under the basket, fadeaway jump shot made",1,2,2PT,155,43
125523,29454-A-3,,COL,URU,Q4,6:21,51,71,155,URU,375722,Valentino,Ramírez,13,P3,3pt jump shot missed,0,3,3PT,38,145
125523,29454-A-3,,COL,URU,Q4,6:15,51,73,155,URU,408046,Tomas,Abal,0,P2,layup made,1,2,2PT,168,12
125523,29454-A-3,,COL,URU,Q4,5:58,52,73,40,COL,409484,Ezekiel,Suarez,8,FT,1st of 2 free throws made,1,1,FT,0,0
125523,29454-A-3,,COL,URU,Q4,5:58,52,73,40,COL,409484,Ezekiel,Suarez,8,FT,2nd of 2 free throws missed,0,1,FT,0,0
125523,29454-A-3,,COL,URU,Q4,5:40,52,73,155,URU,375744,Manuel,Pastrana,4,P3,3pt step back jump shot missed,0,3,3PT,43,134
125523,29454-A-3,,COL,URU,Q4,5:30,52,73,40,COL,400857,Leonardo,Restrepo,5,P3,3pt jump shot missed,0,3,3PT,63,168
125523,29454-A-3,,COL,URU,Q4,5:19,52,73,155,URU,375744,Manuel,Pastrana,4,P2,"2PtsFG under the basket, layup missed",0,2,2PT,144,36
125523,29454-A-3,,COL,URU,Q4,5:01,52,73,40,COL,409480,Santiago,Rios,32,P3,3pt jump shot missed,0,3,3PT,42,136
125523,29454-A-3,,COL,URU,Q4,4:51,52,73,40,COL,409484,Ezekiel,Suarez,8,P3,3pt jump shot missed,0,3,3PT,232,146
125523,29454-A-3,,COL,URU,Q4,4:42,52,75,155,URU,407936,Lautaro,Gomez,10,P2,"2PtsFG under the basket, reverse lay-up made",1,2,2PT,153,33
125523,29454-A-3,,COL,URU,Q4,4:20,52,75,40,COL,409482,Alejandro,Sanchez,4,P3,3pt jump shot missed,0,3,3PT,9,20
125523,29454-A-3,,COL,URU,Q4,4:08,52,75,155,URU,324131,Federico,Cruz,8,P2,"2PtsFG under the basket, layup missed",0,2,2PT,159,33
125523,29454-A-3,,COL,URU,Q4,3:50,55,75,40,COL,400857,Leonardo,Restrepo,5,P3,3pt fadeaway jump shot made,1,3,3PT,43,130
125523,29454-A-3,,COL,URU,Q4,3:27,55,77,155,URU,324131,Federico,Cruz,8,P2,"2PtsFG under the basket, layup made",1,2,2PT,138,19
125523,29454-A-3,,COL,URU,Q4,3:16,55,79,155,URU,324131,Federico,Cruz,8,P2,"2PtsFG under the basket, points from fastbreak + after turnover, layup made",1,2,2PT,145,25
125523,29454-A-3,,COL,URU,Q4,2:54,55,81,155,URU,324131,Federico,Cruz,8,P2,"2PtsFG under the basket, points from fastbreak + after turnover, layup made",1,2,2PT,149,30
125523,29454-A-3,,COL,URU,Q4,2:36,56,81,40,COL,409482,Alejandro,Sanchez,4,FT,1st of 2 free throws made,1,1,FT,0,0
125523,29454-A-3,,COL,URU,Q4,2:36,56,81,40,COL,409482,Alejandro,Sanchez,4,FT,2nd of 2 free throws missed,0,1,FT,0,0
125523,29454-A-3,,COL,URU,Q4,2:25,59,81,40,COL,332119,Andres,Hernandez,24,P3,3pt jump shot made,1,3,3PT,17,123
125523,29454-A-3,,COL,URU,Q4,2:09,59,81,155,URU,407935,Gabriel,Venet,15,P2,"2PtsFG under the basket, layup missed",0,2,2PT,123,19
125523,29454-A-3,,COL,URU,Q4,2:01,61,81,40,COL,409484,Ezekiel,Suarez,8,P2,"2PtsFG inside paint, fast break, reverse lay-up made",1,2,2PT,127,12
125523,29454-A-3,,COL,URU,Q4,1:31,61,81,40,COL,409482,Alejandro,Sanchez,4,P2,2pt fadeaway jump shot missed,0,2,2PT,57,31
125523,29454-A-3,,COL,URU,Q4,1:22,61,83,155,URU,407935,Gabriel,Venet,15,P2,2pt driving layup made,1,2,2PT,162,15
125523,29454-A-3,,COL,URU,Q4,0:48,61,83,155,URU,407638,Juan,Guzzetti,29,P2,"2PtsFG inside right wing, points after turnover, jump shot missed",0,2,2PT,204,33
125523,29454-A-3,,COL,URU,Q4,0:43,61,83,155,URU,407401,Lucas,Orozco,22,P3,3pt jump shot missed,0,3,3PT,262,101
125523,29454-A-3,,COL,URU,Q4,0:43,61,83,40,COL,379442,Angel,Orozco,83,FT,1st of 2 free throws missed,0,1,FT,0,0
125523,29454-A-3,,COL,URU,Q4,0:43,61,83,40,COL,379442,Angel,Orozco,83,FT,2nd of 2 free throws missed,0,1,FT,0,0
125523,29454-A-3,,COL,URU,Q4,0:07,61,83,40,COL,409483,Julian,Betancurt,59,P2,"2PtsFG under the basket, points after turnover, layup missed",0,2,2PT,118,26
125524,29454-A-4,,ARG,ECU,Q1,9:51,0,0,14,ARG,408871,Manuel,Hernandez,4,P3,3pt jump shot missed,0,3,3PT,11,20
125524,29454-A-4,,ARG,ECU,Q1,9:48,0,2,52,ECU,379507,Juan,Castillo,2,P2,2pt pullup jump shot made,1,2,2PT,198,102
125524,29454-A-4,,ARG,ECU,Q1,9:40,0,2,14,ARG,409151,Santiago,Pettinaroli,14,P2,layup missed,0,2,2PT,119,9
125524,29454-A-4,,ARG,ECU,Q1,9:37,2,2,14,ARG,409151,Santiago,Pettinaroli,14,P2,"2PtsFG under the basket, layup made",1,2,2PT,141,20
125524,29454-A-4,,ARG,ECU,Q1,9:09,2,2,52,ECU,409013,José,Daza,7,P2,layup missed,0,2,2PT,124,74
125524,29454-A-4,,ARG,ECU,Q1,9:01,2,2,14,ARG,408871,Manuel,Hernandez,4,P3,3pt jump shot missed,0,3,3PT,272,46
125524,29454-A-4,,ARG,ECU,Q1,8:52,5,2,14,ARG,408871,Manuel,Hernandez,4,P3,3pt jump shot made,1,3,3PT,9,30
125524,29454-A-4,,ARG,ECU,Q1,8:27,5,5,52,ECU,379770,Adair,Quiñonez,23,P3,3pt jump shot made,1,3,3PT,271,19
125524,29454-A-4,,ARG,ECU,Q1,8:02,5,5,14,ARG,408871,Manuel,Hernandez,4,P3,3pt jump shot missed,0,3,3PT,11,48
125524,29454-A-4,,ARG,ECU,Q1,7:53,5,7,52,ECU,379507,Juan,Castillo,2,P2,2pt pullup jump shot made,1,2,2PT,80,86
125524,29454-A-4,,ARG,ECU,Q1,7:40,5,7,14,ARG,408870,Gonzalo,Aman,8,P2,"2PtsFG under the basket, layup missed",0,2,2PT,126,37
125524,29454-A-4,,ARG,ECU,Q1,7:24,6,7,14,ARG,408870,Gonzalo,Aman,8,FT,1st of 2 free throws made,1,1,FT,0,0
125524,29454-A-4,,ARG,ECU,Q1,7:24,7,7,14,ARG,408870,Gonzalo,Aman,8,FT,2nd of 2 free throws made,1,1,FT,0,0
125524,29454-A-4,,ARG,ECU,Q1,6:59,7,7,52,ECU,409169,Felipe,Noboa,14,P3,3pt jump shot missed,0,3,3PT,267,49
125524,29454-A-4,,ARG,ECU,Q1,6:35,7,7,14,ARG,355917,Facundo,Cornalis,5,P3,3pt jump shot missed,0,3,3PT,221,150
125524,29454-A-4,,ARG,ECU,Q1,6:00,7,7,14,ARG,409151,Santiago,Pettinaroli,14,P2,"2PtsFG under the basket, points after turnover, hook shot missed",0,2,2PT,139,27
125524,29454-A-4,,ARG,ECU,Q1,5:55,9,7,14,ARG,362126,Benjamin,Pettovello,2,P2,"2PtsFG under the basket, points from second chance + after turnover, layup made",1,2,2PT,153,36
125524,29454-A-4,,ARG,ECU,Q1,5:54,10,7,14,ARG,362126,Benjamin,Pettovello,2,FT,1st of 1 free throw made,1,1,FT,0,0
125524,29454-A-4,,ARG,ECU,Q1,5:37,12,7,14,ARG,408870,Gonzalo,Aman,8,P2,"2PtsFG under the basket, points after turnover, driving layup made",1,2,2PT,161,18
125524,29454-A-4,,ARG,ECU,Q1,5:18,12,10,52,ECU,409169,Felipe,Noboa,14,P3,3pt jump shot made,1,3,3PT,270,35
125524,29454-A-4,,ARG,ECU,Q1,5:07,12,10,14,ARG,408870,Gonzalo,Aman,8,P2,"2PtsFG under the basket, layup missed",0,2,2PT,153,31
125524,29454-A-4,,ARG,ECU,Q1,4:52,12,10,52,ECU,379769,Jahir,Mina,13,P3,3pt jump shot missed,0,3,3PT,34,115
125524,29454-A-4,,ARG,ECU,Q1,4:34,15,10,14,ARG,362126,Benjamin,Pettovello,2,P3,3pt jump shot from center made,1,3,3PT,133,173
125524,29454-A-4,,ARG,ECU,Q1,4:03,18,10,14,ARG,408871,Manuel,Hernandez,4,P3,3pt jump shot made,1,3,3PT,271,28
125524,29454-A-4,,ARG,ECU,Q1,3:50,20,10,14,ARG,408857,Joaquin,Caumo,10,P2,"2PtsFG inside paint, points from fastbreak + after turnover, layup made",1,2,2PT,144,13
125524,29454-A-4,,ARG,ECU,Q1,3:36,20,13,52,ECU,379507,Juan,Castillo,2,P3,3pt pullup jump shot made,1,3,3PT,118,178
125524,29454-A-4,,ARG,ECU,Q1,3:09,20,13,14,ARG,409151,Santiago,Pettinaroli,14,P3,3pt jump shot missed,0,3,3PT,41,136
125524,29454-A-4,,ARG,ECU,Q1,2:55,20,13,52,ECU,379769,Jahir,Mina,13,P3,3pt jump shot missed,0,3,3PT,255,123
125524,29454-A-4,,ARG,ECU,Q1,2:38,23,13,14,ARG,409151,Santiago,Pettinaroli,14,P3,3pt jump shot made,1,3,3PT,253,114
125524,29454-A-4,,ARG,ECU,Q1,2:18,23,13,52,ECU,379500,Alhan,Zambrano,10,P3,3pt jump shot missed,0,3,3PT,251,153
125524,29454-A-4,,ARG,ECU,Q1,2:10,23,13,14,ARG,409023,Joaquin,Celiz,9,P2,"2PtsFG under the basket, layup missed",0,2,2PT,129,38
125524,29454-A-4,,ARG,ECU,Q1,1:43,24,13,14,ARG,409151,Santiago,Pettinaroli,14,FT,Free throw made 1 of 2,1,1,FT,0,0
125524,29454-A-4,,ARG,ECU,Q1,1:43,25,13,14,ARG,409151,Santiago,Pettinaroli,14,FT,Free throw made 2 of 2,1,1,FT,0,0
125524,29454-A-4,,ARG,ECU,Q1,1:31,25,13,52,ECU,409167,Ismael,Ibarra,15,P2,"2PtsFG under the basket, alley oop lay-up missed",0,2,2PT,156,29
125524,29454-A-4,,ARG,ECU,Q1,1:24,27,13,14,ARG,409023,Joaquin,Celiz,9,P2,2pt pullup jump shot made,1,2,2PT,136,137
125524,29454-A-4,,ARG,ECU,Q1,0:41,29,13,14,ARG,409023,Joaquin,Celiz,9,P2,"2PtsFG inside left, points after turnover, jump shot made",1,2,2PT,63,89
125524,29454-A-4,,ARG,ECU,Q1,0:22,29,14,52,ECU,379500,Alhan,Zambrano,10,FT,1st of 3 free throws made,1,1,FT,0,0
125524,29454-A-4,,ARG,ECU,Q1,0:22,29,15,52,ECU,379500,Alhan,Zambrano,10,FT,2nd of 3 free throws made,1,1,FT,0,0
125524,29454-A-4,,ARG,ECU,Q1,0:22,29,16,52,ECU,379500,Alhan,Zambrano,10,FT,3rd of 3 free throws made,1,1,FT,0,0
125524,29454-A-4,,ARG,ECU,Q1,0:02,29,16,14,ARG,408872,Bautista,Gobetti,6,P3,3pt jump shot missed,0,3,3PT,10,32
125524,29454-A-4,,ARG,ECU,Q2,9:55,31,16,14,ARG,409174,Juan,Marquez,15,P2,"2PtsFG inside paint, points from fastbreak + after turnover, layup made",1,2,2PT,156,13
125524,29454-A-4,,ARG,ECU,Q2,9:29,31,18,52,ECU,379506,Jeremy,Corozo,32,P2,"2PtsFG under the basket, layup made",1,2,2PT,153,20
125524,29454-A-4,,ARG,ECU,Q2,9:10,34,18,14,ARG,408857,Joaquin,Caumo,10,P3,3pt jump shot made,1,3,3PT,55,144
125524,29454-A-4,,ARG,ECU,Q2,8:59,34,18,52,ECU,409168,Deivis,Reyes,33,P3,3pt jump shot missed,0,3,3PT,219,160
125524,29454-A-4,,ARG,ECU,Q2,8:48,35,18,14,ARG,409174,Juan,Marquez,15,FT,1st of 2 free throws made,1,1,FT,0,0
125524,29454-A-4,,ARG,ECU,Q2,8:48,35,18,14,ARG,409174,Juan,Marquez,15,FT,2nd of 2 free throws missed,0,1,FT,0,0
125524,29454-A-4,,ARG,ECU,Q2,8:31,36,18,14,ARG,408872,Bautista,Gobetti,6,FT,Free throw made 1 of 2,1,1,FT,0,0
125524,29454-A-4,,ARG,ECU,Q2,8:31,37,18,14,ARG,408872,Bautista,Gobetti,6,FT,Free throw made 2 of 2,1,1,FT,0,0
125524,29454-A-4,,ARG,ECU,Q2,8:08,40,18,14,ARG,408857,Joaquin,Caumo,10,P3,"3PtsFG outside left wing, points from fastbreak + after turnover, jump shot made",1,3,3PT,8,18
125524,29454-A-4,,ARG,ECU,Q2,7:43,40,18,52,ECU,409013,José,Daza,7,P2,"2PtsFG under the basket, layup missed",0,2,2PT,138,43
125524,29454-A-4,,ARG,ECU,Q2,7:37,42,18,14,ARG,408872,Bautista,Gobetti,6,P2,"2PtsFG under the basket, fast break, eurostep made",1,2,2PT,136,29
125524,29454-A-4,,ARG,ECU,Q2,7:21,42,20,52,ECU,379507,Juan,Castillo,2,P2,"2PtsFG under the basket, layup made",1,2,2PT,130,35
125524,29454-A-4,,ARG,ECU,Q2,7:08,45,20,14,ARG,408857,Joaquin,Caumo,10,P3,3pt pullup jump shot made,1,3,3PT,73,151
125524,29454-A-4,,ARG,ECU,Q2,6:54,45,23,52,ECU,409161,Michael,Cevallos,1,P3,3pt jump shot from center made,1,3,3PT,141,186
125524,29454-A-4,,ARG,ECU,Q2,6:41,47,23,14,ARG,409023,Joaquin,Celiz,9,P2,"2PtsFG under the basket, driving layup made",1,2,2PT,154,22
125524,29454-A-4,,ARG,ECU,Q2,6:21,47,23,52,ECU,379507,Juan,Castillo,2,P2,layup missed,0,2,2PT,113,29
125524,29454-A-4,,ARG,ECU,Q2,6:18,47,26,52,ECU,379507,Juan,Castillo,2,P3,3pt fadeaway jump shot made,1,3,3PT,35,133
125524,29454-A-4,,ARG,ECU,Q2,5:59,49,26,14,ARG,408857,Joaquin,Caumo,10,P2,2pt floating jump shot made,1,2,2PT,104,112
125524,29454-A-4,,ARG,ECU,Q2,5:46,49,26,52,ECU,409169,Felipe,Noboa,14,P2,"2PtsFG under the basket, reverse lay-up missed",0,2,2PT,134,27
125524,29454-A-4,,ARG,ECU,Q2,5:35,52,26,14,ARG,408857,Joaquin,Caumo,10,P3,3pt jump shot made,1,3,3PT,38,137
125524,29454-A-4,,ARG,ECU,Q2,5:08,52,26,14,ARG,398746,Roman,Moravansky,11,P3,3pt jump shot missed,0,3,3PT,14,21
125524,29454-A-4,,ARG,ECU,Q2,5:05,52,26,14,ARG,398746,Roman,Moravansky,11,P2,"2PtsFG inside paint, points from second chance + after turnover, reverse lay-up missed",0,2,2PT,149,17
125524,29454-A-4,,ARG,ECU,Q2,4:58,52,26,52,ECU,379507,Juan,Castillo,2,P3,3pt jump shot missed,0,3,3PT,30,152
125524,29454-A-4,,ARG,ECU,Q2,4:30,53,26,14,ARG,408872,Bautista,Gobetti,6,FT,1st of 2 free throws made,1,1,FT,0,0
125524,29454-A-4,,ARG,ECU,Q2,4:30,54,26,14,ARG,408872,Bautista,Gobetti,6,FT,2nd of 2 free throws made,1,1,FT,0,0
125524,29454-A-4,,ARG,ECU,Q2,4:06,54,26,52,ECU,379500,Alhan,Zambrano,10,P3,3pt jump shot missed,0,3,3PT,62,191
125524,29454-A-4,,ARG,ECU,Q2,3:57,54,26,14,ARG,355917,Facundo,Cornalis,5,P3,3pt jump shot missed,0,3,3PT,50,154
125524,29454-A-4,,ARG,ECU,Q2,3:41,54,26,14,ARG,408872,Bautista,Gobetti,6,P3,3pt jump shot missed,0,3,3PT,27,114
125524,29454-A-4,,ARG,ECU,Q2,3:34,56,26,14,ARG,409021,Elias,Torrens,7,P2,"2PtsFG under the basket, points from second chance + after turnover, turnaround jump shot made",1,2,2PT,133,27
125524,29454-A-4,,ARG,ECU,Q2,3:34,57,26,14,ARG,409021,Elias,Torrens,7,FT,1st of 1 free throw made,1,1,FT,0,0
125524,29454-A-4,,ARG,ECU,Q2,3:13,59,26,14,ARG,409021,Elias,Torrens,7,P2,"2PtsFG under the basket, points after turnover, dunk made",1,2,2PT,136,27
125524,29454-A-4,,ARG,ECU,Q2,2:15,59,26,52,ECU,379769,Jahir,Mina,13,FT,1st of 2 free throws missed,0,1,FT,0,0
125524,29454-A-4,,ARG,ECU,Q2,2:15,59,27,52,ECU,379769,Jahir,Mina,13,FT,2nd of 2 free throws made,1,1,FT,0,0
125524,29454-A-4,,ARG,ECU,Q2,2:07,61,27,14,ARG,409021,Elias,Torrens,7,P2,"2PtsFG inside paint, fast break, reverse lay-up made",1,2,2PT,149,13
125524,29454-A-4,,ARG,ECU,Q2,1:53,61,27,52,ECU,379507,Juan,Castillo,2,P3,3pt jump shot missed,0,3,3PT,267,31
125524,29454-A-4,,ARG,ECU,Q2,1:43,61,27,14,ARG,408870,Gonzalo,Aman,8,P2,2pt jump shot missed,0,2,2PT,31,31
125524,29454-A-4,,ARG,ECU,Q2,1:40,63,27,14,ARG,408871,Manuel,Hernandez,4,P2,2pt jump shot made,1,2,2PT,149,83
125524,29454-A-4,,ARG,ECU,Q2,1:23,63,27,14,ARG,408871,Manuel,Hernandez,4,P2,"2PtsFG under the basket, points after turnover, layup missed",0,2,2PT,147,20
125524,29454-A-4,,ARG,ECU,Q2,1:16,66,27,14,ARG,408860,Mateo,Fessia,12,P3,3pt fadeaway jump shot made,1,3,3PT,9,30
125524,29454-A-4,,ARG,ECU,Q2,0:59,66,30,52,ECU,379507,Juan,Castillo,2,P3,3pt step back jump shot made,1,3,3PT,129,197
125524,29454-A-4,,ARG,ECU,Q2,0:40,66,30,14,ARG,408870,Gonzalo,Aman,8,P3,3pt fadeaway jump shot missed,0,3,3PT,59,151
125524,29454-A-4,,ARG,ECU,Q2,0:39,68,30,14,ARG,409021,Elias,Torrens,7,P2,layup made,1,2,2PT,142,16
125524,29454-A-4,,ARG,ECU,Q2,0:39,69,30,14,ARG,409021,Elias,Torrens,7,FT,free throw made,1,1,FT,0,0
125524,29454-A-4,,ARG,ECU,Q2,0:19,69,33,52,ECU,379507,Juan,Castillo,2,P3,3pt step back jump shot made,1,3,3PT,63,154
125524,29454-A-4,,ARG,ECU,Q2,0:02,71,33,14,ARG,355917,Facundo,Cornalis,5,P2,2pt driving layup made,1,2,2PT,160,16
125524,29454-A-4,,ARG,ECU,Q3,9:47,71,33,14,ARG,408870,Gonzalo,Aman,8,P3,3pt jump shot from center missed,0,3,3PT,127,187
125524,29454-A-4,,ARG,ECU,Q3,9:30,74,33,14,ARG,398746,Roman,Moravansky,11,P3,"3PtsFG outside left, points from fastbreak + after turnover, jump shot made",1,3,3PT,36,130
125524,29454-A-4,,ARG,ECU,Q3,9:04,74,33,14,ARG,398746,Roman,Moravansky,11,P2,2pt pullup jump shot missed,0,2,2PT,58,47
125524,29454-A-4,,ARG,ECU,Q3,8:50,74,35,52,ECU,409169,Felipe,Noboa,14,P2,"2PtsFG under the basket, layup made",1,2,2PT,151,35
125524,29454-A-4,,ARG,ECU,Q3,8:38,76,35,14,ARG,362126,Benjamin,Pettovello,2,P2,"2PtsFG under the basket, reverse lay-up made",1,2,2PT,146,30
125524,29454-A-4,,ARG,ECU,Q3,8:38,76,35,14,ARG,408870,Gonzalo,Aman,8,FT,1st free throw missed,0,1,FT,0,0
125524,29454-A-4,,ARG,ECU,Q3,8:29,76,35,14,ARG,409151,Santiago,Pettinaroli,14,P3,3pt jump shot missed,0,3,3PT,160,185
125524,29454-A-4,,ARG,ECU,Q3,8:21,76,35,14,ARG,408871,Manuel,Hernandez,4,P2,"2PtsFG under the basket, points from second chance + after turnover, alley oop lay-up missed",0,2,2PT,123,43
125524,29454-A-4,,ARG,ECU,Q3,8:07,76,35,52,ECU,409161,Michael,Cevallos,1,P3,3pt jump shot from center missed,0,3,3PT,164,173
125524,29454-A-4,,ARG,ECU,Q3,7:58,76,35,14,ARG,409151,Santiago,Pettinaroli,14,P2,layup missed,0,2,2PT,124,7
125524,29454-A-4,,ARG,ECU,Q3,7:53,76,35,52,ECU,409161,Michael,Cevallos,1,P2,"2PtsFG under the basket, reverse lay-up missed",0,2,2PT,133,27
125524,29454-A-4,,ARG,ECU,Q3,7:33,78,35,14,ARG,408870,Gonzalo,Aman,8,P2,2pt step back jump shot made,1,2,2PT,124,146
125524,29454-A-4,,ARG,ECU,Q3,7:25,78,38,52,ECU,409169,Felipe,Noboa,14,P3,3pt jump shot made,1,3,3PT,190,160
125524,29454-A-4,,ARG,ECU,Q3,7:10,81,38,14,ARG,408871,Manuel,Hernandez,4,P3,3pt fadeaway jump shot made,1,3,3PT,248,117
125524,29454-A-4,,ARG,ECU,Q3,7:03,81,38,52,ECU,379770,Adair,Quiñonez,23,P3,3pt jump shot missed,0,3,3PT,245,132
125524,29454-A-4,,ARG,ECU,Q3,6:46,81,38,14,ARG,409151,Santiago,Pettinaroli,14,P3,3pt jump shot missed,0,3,3PT,9,39
125524,29454-A-4,,ARG,ECU,Q3,6:41,81,38,52,ECU,379770,Adair,Quiñonez,23,P2,"2PtsFG under the basket, layup missed",0,2,2PT,156,20
125524,29454-A-4,,ARG,ECU,Q3,6:17,81,38,52,ECU,379507,Juan,Castillo,2,P3,3pt step back jump shot missed,0,3,3PT,47,163
125524,29454-A-4,,ARG,ECU,Q3,6:06,83,38,14,ARG,409151,Santiago,Pettinaroli,14,P2,"2PtsFG under the basket, layup made",1,2,2PT,146,30
125524,29454-A-4,,ARG,ECU,Q3,5:45,83,38,52,ECU,409169,Felipe,Noboa,14,P2,layup missed,0,2,2PT,144,52
125524,29454-A-4,,ARG,ECU,Q3,5:30,83,38,14,ARG,408871,Manuel,Hernandez,4,P3,3pt jump shot missed,0,3,3PT,269,29
125524,29454-A-4,,ARG,ECU,Q3,5:14,83,38,14,ARG,409151,Santiago,Pettinaroli,14,P2,"2PtsFG inside right wing, points after turnover, jump shot missed",0,2,2PT,191,19
125524,29454-A-4,,ARG,ECU,Q3,4:53,86,38,14,ARG,409151,Santiago,Pettinaroli,14,P3,3pt jump shot made,1,3,3PT,272,19
125524,29454-A-4,,ARG,ECU,Q3,4:37,86,38,52,ECU,409169,Felipe,Noboa,14,P3,3pt jump shot missed,0,3,3PT,227,145
125524,29454-A-4,,ARG,ECU,Q3,4:31,89,38,14,ARG,408871,Manuel,Hernandez,4,P3,3pt jump shot made,1,3,3PT,37,130
125524,29454-A-4,,ARG,ECU,Q3,4:11,89,38,52,ECU,379506,Jeremy,Corozo,32,P3,3pt jump shot missed,0,3,3PT,34,134
125524,29454-A-4,,ARG,ECU,Q3,4:02,89,38,14,ARG,408871,Manuel,Hernandez,4,P3,3pt jump shot missed,0,3,3PT,270,22
125524,29454-A-4,,ARG,ECU,Q3,3:39,89,38,52,ECU,379500,Alhan,Zambrano,10,P2,"2PtsFG under the basket, layup missed",0,2,2PT,118,27
125524,29454-A-4,,ARG,ECU,Q3,3:35,91,38,14,ARG,398746,Roman,Moravansky,11,P2,"2PtsFG under the basket, fast break, dunk made",1,2,2PT,140,28
125524,29454-A-4,,ARG,ECU,Q3,3:16,91,38,52,ECU,409169,Felipe,Noboa,14,P2,2pt fadeaway jump shot missed,0,2,2PT,250,23
125524,29454-A-4,,ARG,ECU,Q3,3:06,94,38,14,ARG,409151,Santiago,Pettinaroli,14,P3,3pt jump shot made,1,3,3PT,250,114
125524,29454-A-4,,ARG,ECU,Q3,2:51,94,38,14,ARG,408871,Manuel,Hernandez,4,FT,Free throw missed 1 of 2,0,1,FT,0,0
125524,29454-A-4,,ARG,ECU,Q3,2:51,94,38,14,ARG,408871,Manuel,Hernandez,4,FT,Free throw missed 2 of 2,0,1,FT,0,0
125524,29454-A-4,,ARG,ECU,Q3,2:05,94,38,14,ARG,408860,Mateo,Fessia,12,P2,"2PtsFG under the basket, points after turnover, layup missed",0,2,2PT,147,25
125524,29454-A-4,,ARG,ECU,Q3,2:02,94,38,14,ARG,408872,Bautista,Gobetti,6,P3,3pt fadeaway jump shot missed,0,3,3PT,269,32
125524,29454-A-4,,ARG,ECU,Q3,1:32,96,38,14,ARG,408857,Joaquin,Caumo,10,P2,"2PtsFG under the basket, points from fastbreak + after turnover, layup made",1,2,2PT,145,30
125524,29454-A-4,,ARG,ECU,Q3,1:10,96,38,52,ECU,379769,Jahir,Mina,13,P2,2pt fadeaway jump shot missed,0,2,2PT,136,141
125524,29454-A-4,,ARG,ECU,Q3,1:01,96,38,14,ARG,408872,Bautista,Gobetti,6,FT,1st of 2 free throws missed,0,1,FT,0,0
125524,29454-A-4,,ARG,ECU,Q3,1:01,96,38,14,ARG,408872,Bautista,Gobetti,6,FT,2nd of 2 free throws missed,0,1,FT,0,0
125524,29454-A-4,,ARG,ECU,Q3,1:00,96,38,14,ARG,409174,Juan,Marquez,15,P2,"2PtsFG under the basket, layup missed",0,2,2PT,141,29
125524,29454-A-4,,ARG,ECU,Q3,0:57,96,38,14,ARG,409174,Juan,Marquez,15,P2,"2PtsFG under the basket, layup missed",0,2,2PT,130,31
125524,29454-A-4,,ARG,ECU,Q3,0:49,96,38,52,ECU,379509,Lheyder,Vargas,48,P3,3pt fadeaway jump shot missed,0,3,3PT,12,92
125524,29454-A-4,,ARG,ECU,Q3,0:30,96,38,14,ARG,355917,Facundo,Cornalis,5,P3,3pt jump shot missed,0,3,3PT,10,16
125524,29454-A-4,,ARG,ECU,Q3,0:27,98,38,14,ARG,409174,Juan,Marquez,15,P2,"2PtsFG under the basket, layup made",1,2,2PT,141,20
125524,29454-A-4,,ARG,ECU,Q4,9:46,100,38,14,ARG,409174,Juan,Marquez,15,P2,"2PtsFG under the basket, points from fastbreak + after turnover, dunk made",1,2,2PT,137,27
125524,29454-A-4,,ARG,ECU,Q4,9:22,103,38,14,ARG,408860,Mateo,Fessia,12,P3,3pt fadeaway jump shot made,1,3,3PT,262,102
125524,29454-A-4,,ARG,ECU,Q4,9:07,103,38,52,ECU,409013,José,Daza,7,P2,"2PtsFG under the basket, layup missed",0,2,2PT,152,23
125524,29454-A-4,,ARG,ECU,Q4,8:54,103,38,14,ARG,355917,Facundo,Cornalis,5,P3,3pt jump shot missed,0,3,3PT,31,134
125524,29454-A-4,,ARG,ECU,Q4,8:42,103,38,52,ECU,379769,Jahir,Mina,13,P3,3pt jump shot missed,0,3,3PT,33,130
125524,29454-A-4,,ARG,ECU,Q4,8:28,103,38,52,ECU,379509,Lheyder,Vargas,48,P3,3pt jump shot missed,0,3,3PT,245,123
125524,29454-A-4,,ARG,ECU,Q4,8:22,103,38,14,ARG,408860,Mateo,Fessia,12,FT,1st of 2 free throws missed,0,1,FT,0,0
125524,29454-A-4,,ARG,ECU,Q4,8:22,104,38,14,ARG,408860,Mateo,Fessia,12,FT,2nd of 2 free throws made,1,1,FT,0,0
125524,29454-A-4,,ARG,ECU,Q4,7:45,107,38,14,ARG,408872,Bautista,Gobetti,6,P3,3pt jump shot made,1,3,3PT,236,142
125524,29454-A-4,,ARG,ECU,Q4,7:30,107,38,52,ECU,379506,Jeremy,Corozo,32,P3,3pt jump shot missed,0,3,3PT,8,36
125524,29454-A-4,,ARG,ECU,Q4,7:21,110,38,14,ARG,409023,Joaquin,Celiz,9,P3,3pt jump shot made,1,3,3PT,214,162
125524,29454-A-4,,ARG,ECU,Q4,7:04,110,40,52,ECU,379509,Lheyder,Vargas,48,P2,"2PtsFG under the basket, layup made",1,2,2PT,161,35
125524,29454-A-4,,ARG,ECU,Q4,6:44,110,40,14,ARG,408872,Bautista,Gobetti,6,P2,"2PtsFG under the basket, layup missed",0,2,2PT,146,42
125524,29454-A-4,,ARG,ECU,Q4,6:26,110,40,52,ECU,379509,Lheyder,Vargas,48,P3,3pt jump shot missed,0,3,3PT,272,31
125524,29454-A-4,,ARG,ECU,Q4,6:17,112,40,14,ARG,409023,Joaquin,Celiz,9,P2,"2PtsFG under the basket, layup made",1,2,2PT,137,36
125524,29454-A-4,,ARG,ECU,Q4,5:58,112,40,52,ECU,379507,Juan,Castillo,2,P3,3pt jump shot missed,0,3,3PT,50,175
125524,29454-A-4,,ARG,ECU,Q4,5:53,114,40,14,ARG,409021,Elias,Torrens,7,P2,"2PtsFG under the basket, fast break, dunk made",1,2,2PT,130,29
125524,29454-A-4,,ARG,ECU,Q4,5:53,115,40,14,ARG,409021,Elias,Torrens,7,FT,1st free throw made,1,1,FT,0,0
125524,29454-A-4,,ARG,ECU,Q4,5:38,115,40,14,ARG,408872,Bautista,Gobetti,6,P2,"2PtsFG under the basket, points after turnover, layup missed",0,2,2PT,135,37
125524,29454-A-4,,ARG,ECU,Q4,5:23,115,40,52,ECU,409168,Deivis,Reyes,33,P3,3pt jump shot missed,0,3,3PT,221,164
125524,29454-A-4,,ARG,ECU,Q4,5:06,115,40,14,ARG,409023,Joaquin,Celiz,9,P2,"2PtsFG under the basket, layup missed",0,2,2PT,124,38
125524,29454-A-4,,ARG,ECU,Q4,4:45,115,40,52,ECU,400263,Rodrigo,Manjarres,12,P2,"2PtsFG under the basket, layup missed",0,2,2PT,149,32
125524,29454-A-4,,ARG,ECU,Q4,4:32,117,40,14,ARG,409021,Elias,Torrens,7,P2,"2PtsFG under the basket, reverse lay-up made",1,2,2PT,130,28
125524,29454-A-4,,ARG,ECU,Q4,4:18,117,40,52,ECU,379507,Juan,Castillo,2,P3,3pt fadeaway jump shot missed,0,3,3PT,149,173
125524,29454-A-4,,ARG,ECU,Q4,4:06,120,40,14,ARG,409023,Joaquin,Celiz,9,P3,3pt jump shot made,1,3,3PT,42,149
125524,29454-A-4,,ARG,ECU,Q4,3:24,120,40,52,ECU,409168,Deivis,Reyes,33,P2,"2PtsFG under the basket, points after turnover, reverse lay-up missed",0,2,2PT,139,22
125524,29454-A-4,,ARG,ECU,Q4,3:14,120,40,52,ECU,409168,Deivis,Reyes,33,P2,layup missed,0,2,2PT,145,13
125524,29454-A-4,,ARG,ECU,Q4,3:08,122,40,14,ARG,409021,Elias,Torrens,7,P2,"2PtsFG under the basket, fast break, layup made",1,2,2PT,127,26
125524,29454-A-4,,ARG,ECU,Q4,2:54,122,40,52,ECU,379507,Juan,Castillo,2,P2,"2PtsFG inside left, jump shot missed",0,2,2PT,81,57
125524,29454-A-4,,ARG,ECU,Q4,2:47,122,40,52,ECU,409013,José,Daza,7,P2,"2PtsFG under the basket, layup missed",0,2,2PT,143,22
125524,29454-A-4,,ARG,ECU,Q4,2:39,122,40,14,ARG,409023,Joaquin,Celiz,9,P2,2pt pullup jump shot missed,0,2,2PT,180,131
125524,29454-A-4,,ARG,ECU,Q4,2:36,124,40,14,ARG,409021,Elias,Torrens,7,P2,"2PtsFG under the basket, layup made",1,2,2PT,115,25
125524,29454-A-4,,ARG,ECU,Q4,2:21,124,40,14,ARG,408872,Bautista,Gobetti,6,P2,"2PtsFG under the basket, points after turnover, layup missed",0,2,2PT,156,35
125524,29454-A-4,,ARG,ECU,Q4,2:02,126,40,14,ARG,409023,Joaquin,Celiz,9,P2,"2PtsFG under the basket, points from fastbreak + after turnover, layup made",1,2,2PT,127,30
125524,29454-A-4,,ARG,ECU,Q4,1:42,126,42,52,ECU,409013,José,Daza,7,P2,2pt turnaround jump shot made,1,2,2PT,107,18
125524,29454-A-4,,ARG,ECU,Q4,1:24,126,42,14,ARG,408860,Mateo,Fessia,12,P3,3pt jump shot from center missed,0,3,3PT,191,172
125524,29454-A-4,,ARG,ECU,Q4,1:19,126,43,52,ECU,379770,Adair,Quiñonez,23,FT,1st of 2 free throws made,1,1,FT,0,0
125524,29454-A-4,,ARG,ECU,Q4,1:19,126,43,52,ECU,379770,Adair,Quiñonez,23,FT,2nd of 2 free throws missed,0,1,FT,0,0
125524,29454-A-4,,ARG,ECU,Q4,1:15,126,43,52,ECU,409168,Deivis,Reyes,33,P3,3pt jump shot missed,0,3,3PT,232,141
125524,29454-A-4,,ARG,ECU,Q4,1:07,126,43,14,ARG,409021,Elias,Torrens,7,P2,"2PtsFG under the basket, reverse lay-up missed",0,2,2PT,134,28
125524,29454-A-4,,ARG,ECU,Q4,1:01,126,43,52,ECU,379770,Adair,Quiñonez,23,P2,layup missed,0,2,2PT,132,16
125524,29454-A-4,,ARG,ECU,Q4,0:48,126,43,14,ARG,408872,Bautista,Gobetti,6,P2,"2PtsFG under the basket, layup missed",0,2,2PT,151,29
125524,29454-A-4,,ARG,ECU,Q4,0:37,126,43,14,ARG,409023,Joaquin,Celiz,9,P3,3pt jump shot missed,0,3,3PT,235,199
125524,29454-A-4,,ARG,ECU,Q4,0:26,126,43,52,ECU,409168,Deivis,Reyes,33,P2,"2PtsFG inside left, jump shot missed",0,2,2PT,48,48
125525,29454-A-5,,URU,ECU,Q1,9:26,0,3,52,ECU,409161,Michael,Cevallos,1,P3,3pt fadeaway jump shot made,1,3,3PT,81,175
125525,29454-A-5,,URU,ECU,Q1,9:00,3,3,155,URU,329851,Nicolas,Testa,11,P3,3pt jump shot made,1,3,3PT,240,134
125525,29454-A-5,,URU,ECU,Q1,8:36,3,3,52,ECU,379507,Juan,Castillo,2,P3,3pt jump shot missed,0,3,3PT,47,162
125525,29454-A-5,,URU,ECU,Q1,8:29,3,3,52,ECU,409169,Felipe,Noboa,14,P2,2pt turnaround jump shot missed,0,2,2PT,108,51
125525,29454-A-5,,URU,ECU,Q1,8:25,3,3,52,ECU,379770,Adair,Quiñonez,23,P2,"2PtsFG under the basket, jump shot missed",0,2,2PT,123,43
125525,29454-A-5,,URU,ECU,Q1,8:19,3,3,155,URU,407647,Gabriel,Fata,19,FT,1st of 2 free throws missed,0,1,FT,0,0
125525,29454-A-5,,URU,ECU,Q1,8:19,4,3,155,URU,407647,Gabriel,Fata,19,FT,2nd of 2 free throws made,1,1,FT,0,0
125525,29454-A-5,,URU,ECU,Q1,8:04,4,3,52,ECU,409169,Felipe,Noboa,14,P2,"2PtsFG under the basket, layup missed",0,2,2PT,127,25
125525,29454-A-5,,URU,ECU,Q1,7:52,4,3,52,ECU,409161,Michael,Cevallos,1,P3,3pt jump shot missed,0,3,3PT,216,150
125525,29454-A-5,,URU,ECU,Q1,7:46,4,3,155,URU,407647,Gabriel,Fata,19,P2,"2PtsFG under the basket, jump shot missed",0,2,2PT,126,31
125525,29454-A-5,,URU,ECU,Q1,7:39,6,3,155,URU,407936,Lautaro,Gomez,10,P2,"2PtsFG under the basket, layup made",1,2,2PT,151,18
125525,29454-A-5,,URU,ECU,Q1,6:58,6,3,155,URU,407936,Lautaro,Gomez,10,P2,"2PtsFG under the basket, points after turnover, layup missed",0,2,2PT,152,22
125525,29454-A-5,,URU,ECU,Q1,6:30,6,3,155,URU,407647,Gabriel,Fata,19,P3,3pt jump shot missed,0,3,3PT,54,145
125525,29454-A-5,,URU,ECU,Q1,6:11,6,3,52,ECU,379507,Juan,Castillo,2,P3,3pt jump shot missed,0,3,3PT,39,128
125525,29454-A-5,,URU,ECU,Q1,6:03,6,3,155,URU,407401,Lucas,Orozco,22,P2,"2PtsFG under the basket, layup missed",0,2,2PT,126,36
125525,29454-A-5,,URU,ECU,Q1,5:40,6,3,52,ECU,379507,Juan,Castillo,2,P2,2pt floating jump shot missed,0,2,2PT,111,56
125525,29454-A-5,,URU,ECU,Q1,5:33,6,6,52,ECU,409169,Felipe,Noboa,14,P3,3pt fadeaway jump shot made,1,3,3PT,191,183
125525,29454-A-5,,URU,ECU,Q1,5:12,6,6,155,URU,407647,Gabriel,Fata,19,P3,3pt jump shot missed,0,3,3PT,268,75
125525,29454-A-5,,URU,ECU,Q1,5:00,6,6,52,ECU,379770,Adair,Quiñonez,23,P3,3pt jump shot missed,0,3,3PT,14,75
125525,29454-A-5,,URU,ECU,Q1,4:52,9,6,155,URU,329851,Nicolas,Testa,11,P3,3pt fadeaway jump shot made,1,3,3PT,269,62
125525,29454-A-5,,URU,ECU,Q1,4:25,9,6,155,URU,407501,Facundo,Izuibejeres,5,P2,layup missed,0,2,2PT,183,44
125525,29454-A-5,,URU,ECU,Q1,4:16,9,6,52,ECU,409169,Felipe,Noboa,14,P3,3pt jump shot missed,0,3,3PT,257,100
125525,29454-A-5,,URU,ECU,Q1,4:06,9,6,155,URU,329851,Nicolas,Testa,11,P3,3pt jump shot missed,0,3,3PT,41,144
125525,29454-A-5,,URU,ECU,Q1,3:51,9,6,155,URU,407401,Lucas,Orozco,22,P3,3pt jump shot missed,0,3,3PT,218,147
125525,29454-A-5,,URU,ECU,Q1,3:33,9,8,52,ECU,379506,Jeremy,Corozo,32,P2,"2PtsFG under the basket, hook shot made",1,2,2PT,160,29
125525,29454-A-5,,URU,ECU,Q1,3:14,11,8,155,URU,329851,Nicolas,Testa,11,P2,"2PtsFG under the basket, layup made",1,2,2PT,132,33
125525,29454-A-5,,URU,ECU,Q1,2:48,11,8,155,URU,375744,Manuel,Pastrana,4,P2,2pt floating jump shot missed,0,2,2PT,170,62
125525,29454-A-5,,URU,ECU,Q1,2:45,11,8,155,URU,407936,Lautaro,Gomez,10,P2,"2PtsFG under the basket, points from second chance + after turnover missed",0,2,2PT,140,31
125525,29454-A-5,,URU,ECU,Q1,2:45,12,8,155,URU,407936,Lautaro,Gomez,10,FT,1st of 2 free throws made,1,1,FT,0,0
125525,29454-A-5,,URU,ECU,Q1,2:45,13,8,155,URU,407936,Lautaro,Gomez,10,FT,2nd of 2 free throws made,1,1,FT,0,0
125525,29454-A-5,,URU,ECU,Q1,2:25,13,8,52,ECU,379500,Alhan,Zambrano,10,P3,3pt jump shot from center missed,0,3,3PT,165,168
125525,29454-A-5,,URU,ECU,Q1,2:05,13,8,155,URU,407401,Lucas,Orozco,22,P3,3pt jump shot missed,0,3,3PT,213,156
125525,29454-A-5,,URU,ECU,Q1,1:35,16,8,155,URU,375744,Manuel,Pastrana,4,P3,3pt jump shot made,1,3,3PT,199,154
125525,29454-A-5,,URU,ECU,Q1,1:15,16,8,52,ECU,409168,Deivis,Reyes,33,P3,3pt fadeaway jump shot missed,0,3,3PT,19,99
125525,29454-A-5,,URU,ECU,Q1,0:55,18,8,155,URU,407647,Gabriel,Fata,19,P2,"2PtsFG under the basket, hook shot made",1,2,2PT,123,36
125525,29454-A-5,,URU,ECU,Q1,0:42,18,8,155,URU,408047,Thiago,Michaelsson,21,P2,layup missed,0,2,2PT,171,15
125525,29454-A-5,,URU,ECU,Q1,0:16,21,8,155,URU,375744,Manuel,Pastrana,4,P3,3pt fadeaway jump shot made,1,3,3PT,12,79
125525,29454-A-5,,URU,ECU,Q1,0:01,21,8,52,ECU,379507,Juan,Castillo,2,P3,3pt fadeaway jump shot missed,0,3,3PT,70,157
125525,29454-A-5,,URU,ECU,Q2,9:43,21,8,155,URU,324131,Federico,Cruz,8,P2,2pt floating jump shot missed,0,2,2PT,120,95
125525,29454-A-5,,URU,ECU,Q2,9:37,21,10,52,ECU,409169,Felipe,Noboa,14,P2,"2PtsFG under the basket, fast break, layup made",1,2,2PT,153,20
125525,29454-A-5,,URU,ECU,Q2,9:14,24,10,155,URU,375744,Manuel,Pastrana,4,P3,3pt fadeaway jump shot made,1,3,3PT,247,101
125525,29454-A-5,,URU,ECU,Q2,9:00,24,12,52,ECU,409161,Michael,Cevallos,1,P2,2pt floating jump shot made,1,2,2PT,126,117
125525,29454-A-5,,URU,ECU,Q2,8:25,24,12,155,URU,375744,Manuel,Pastrana,4,P3,3pt jump shot missed,0,3,3PT,52,144
125525,29454-A-5,,URU,ECU,Q2,8:21,24,12,155,URU,408047,Thiago,Michaelsson,21,P2,"2PtsFG under the basket, points from second chance + after turnover, layup missed",0,2,2PT,124,30
125525,29454-A-5,,URU,ECU,Q2,8:05,26,12,155,URU,375744,Manuel,Pastrana,4,P2,"2PtsFG under the basket, points from fastbreak + after turnover, layup made",1,2,2PT,130,36
125525,29454-A-5,,URU,ECU,Q2,7:44,26,12,52,ECU,379507,Juan,Castillo,2,P3,3pt fadeaway jump shot missed,0,3,3PT,127,178
125525,29454-A-5,,URU,ECU,Q2,6:55,28,12,155,URU,324131,Federico,Cruz,8,P2,"2PtsFG under the basket, points from fastbreak + after turnover, eurostep made",1,2,2PT,155,32
125525,29454-A-5,,URU,ECU,Q2,6:43,28,12,52,ECU,379507,Juan,Castillo,2,P3,3pt jump shot missed,0,3,3PT,26,108
125525,29454-A-5,,URU,ECU,Q2,6:27,28,12,52,ECU,409169,Felipe,Noboa,14,P3,3pt jump shot missed,0,3,3PT,102,171
125525,29454-A-5,,URU,ECU,Q2,6:15,31,12,155,URU,408046,Tomas,Abal,0,P3,3pt fadeaway jump shot made,1,3,3PT,247,127
125525,29454-A-5,,URU,ECU,Q2,6:07,31,13,52,ECU,379770,Adair,Quiñonez,23,FT,1st of 2 free throws made,1,1,FT,0,0
125525,29454-A-5,,URU,ECU,Q2,6:07,31,13,52,ECU,379770,Adair,Quiñonez,23,FT,2nd of 2 free throws missed,0,1,FT,0,0
125525,29454-A-5,,URU,ECU,Q2,6:07,31,15,52,ECU,409013,José,Daza,7,P2,"2PtsFG under the basket, layup made",1,2,2PT,121,37
125525,29454-A-5,,URU,ECU,Q2,5:54,33,15,155,URU,324131,Federico,Cruz,8,P2,"2PtsFG under the basket, reverse lay-up made",1,2,2PT,135,32
125525,29454-A-5,,URU,ECU,Q2,5:43,33,15,52,ECU,409161,Michael,Cevallos,1,P3,3pt fadeaway jump shot missed,0,3,3PT,243,117
125525,29454-A-5,,URU,ECU,Q2,4:49,36,15,155,URU,408046,Tomas,Abal,0,P3,3pt jump shot made,1,3,3PT,229,158
125525,29454-A-5,,URU,ECU,Q2,4:22,38,15,155,URU,407401,Lucas,Orozco,22,P2,"2PtsFG under the basket, points after turnover, layup made",1,2,2PT,163,34
125525,29454-A-5,,URU,ECU,Q2,3:41,40,15,155,URU,407935,Gabriel,Venet,15,P2,2pt hook shot made,1,2,2PT,159,44
125525,29454-A-5,,URU,ECU,Q2,3:21,40,16,52,ECU,400263,Rodrigo,Manjarres,12,FT,1st of 2 free throws made,1,1,FT,0,0
125525,29454-A-5,,URU,ECU,Q2,3:21,40,17,52,ECU,400263,Rodrigo,Manjarres,12,FT,2nd of 2 free throws made,1,1,FT,0,0
125525,29454-A-5,,URU,ECU,Q2,3:05,40,17,155,URU,407638,Juan,Guzzetti,29,P2,2pt turnaround jump shot missed,0,2,2PT,131,64
125525,29454-A-5,,URU,ECU,Q2,2:47,40,17,52,ECU,379770,Adair,Quiñonez,23,P2,"2PtsFG inside paint, reverse lay-up missed",0,2,2PT,104,35
125525,29454-A-5,,URU,ECU,Q2,2:42,40,17,52,ECU,409013,José,Daza,7,P2,"2PtsFG under the basket, layup missed",0,2,2PT,151,38
125525,29454-A-5,,URU,ECU,Q2,2:42,40,18,52,ECU,379770,Adair,Quiñonez,23,FT,1st of 2 free throws made,1,1,FT,0,0
125525,29454-A-5,,URU,ECU,Q2,2:42,40,19,52,ECU,379770,Adair,Quiñonez,23,FT,2nd of 2 free throws made,1,1,FT,0,0
125525,29454-A-5,,URU,ECU,Q2,2:17,40,19,155,URU,407935,Gabriel,Venet,15,P3,3pt jump shot missed,0,3,3PT,87,152
125525,29454-A-5,,URU,ECU,Q2,1:56,40,19,52,ECU,379769,Jahir,Mina,13,P2,2pt floating jump shot missed,0,2,2PT,99,53
125525,29454-A-5,,URU,ECU,Q2,1:37,40,19,155,URU,407936,Lautaro,Gomez,10,P3,3pt jump shot missed,0,3,3PT,20,96
125525,29454-A-5,,URU,ECU,Q2,1:27,40,21,52,ECU,379770,Adair,Quiñonez,23,P2,"2PtsFG under the basket, points from fastbreak + after turnover, layup made",1,2,2PT,150,32
125525,29454-A-5,,URU,ECU,Q2,1:04,40,21,52,ECU,379769,Jahir,Mina,13,P3,3pt fadeaway jump shot missed,0,3,3PT,211,149
125525,29454-A-5,,URU,ECU,Q2,0:52,40,21,155,URU,408046,Tomas,Abal,0,P3,3pt jump shot missed,0,3,3PT,243,119
125525,29454-A-5,,URU,ECU,Q2,0:43,40,21,52,ECU,379769,Jahir,Mina,13,P2,layup missed,0,2,2PT,111,18
125525,29454-A-5,,URU,ECU,Q2,0:36,42,21,155,URU,407935,Gabriel,Venet,15,P2,"2PtsFG under the basket, fast break, layup made",1,2,2PT,148,31
125525,29454-A-5,,URU,ECU,Q2,0:15,42,21,52,ECU,379769,Jahir,Mina,13,P3,3pt jump shot missed,0,3,3PT,213,136
125525,29454-A-5,,URU,ECU,Q3,9:26,44,21,155,URU,329851,Nicolas,Testa,11,P2,2pt floating jump shot made,1,2,2PT,176,104
125525,29454-A-5,,URU,ECU,Q3,9:10,44,21,52,ECU,379507,Juan,Castillo,2,P3,3pt floating jump shot missed,0,3,3PT,145,197
125525,29454-A-5,,URU,ECU,Q3,8:53,46,21,155,URU,375744,Manuel,Pastrana,4,P2,"2PtsFG under the basket, layup made",1,2,2PT,130,25
125525,29454-A-5,,URU,ECU,Q3,8:29,46,21,52,ECU,409161,Michael,Cevallos,1,P2,"2PtsFG under the basket, layup missed",0,2,2PT,133,36
125525,29454-A-5,,URU,ECU,Q3,8:15,46,21,155,URU,407401,Lucas,Orozco,22,P2,"2PtsFG under the basket, layup missed",0,2,2PT,149,38
125525,29454-A-5,,URU,ECU,Q3,8:09,46,23,52,ECU,379770,Adair,Quiñonez,23,P2,"2PtsFG under the basket, fast break, reverse lay-up made",1,2,2PT,130,26
125525,29454-A-5,,URU,ECU,Q3,7:50,46,23,52,ECU,409161,Michael,Cevallos,1,FT,Free throw missed 1 of 2,0,1,FT,0,0
125525,29454-A-5,,URU,ECU,Q3,7:50,46,24,52,ECU,409161,Michael,Cevallos,1,FT,Free throw made 2 of 2,1,1,FT,0,0
125525,29454-A-5,,URU,ECU,Q3,7:33,46,24,155,URU,375744,Manuel,Pastrana,4,FT,Free throw missed 1 of 2,0,1,FT,0,0
125525,29454-A-5,,URU,ECU,Q3,7:33,47,24,155,URU,375744,Manuel,Pastrana,4,FT,Free throw made 2 of 2,1,1,FT,0,0
125525,29454-A-5,,URU,ECU,Q3,7:24,47,24,52,ECU,409169,Felipe,Noboa,14,P2,"2PtsFG under the basket, layup missed",0,2,2PT,124,39
125525,29454-A-5,,URU,ECU,Q3,7:13,47,24,155,URU,329851,Nicolas,Testa,11,P2,2pt jump shot missed,0,2,2PT,157,51
125525,29454-A-5,,URU,ECU,Q3,7:01,47,26,52,ECU,379507,Juan,Castillo,2,P2,2pt floating jump shot made,1,2,2PT,146,103
125525,29454-A-5,,URU,ECU,Q3,6:31,47,28,52,ECU,379509,Lheyder,Vargas,48,P2,layup made,1,2,2PT,146,59
125525,29454-A-5,,URU,ECU,Q3,6:08,47,28,155,URU,408047,Thiago,Michaelsson,21,P2,layup missed,0,2,2PT,137,68
125525,29454-A-5,,URU,ECU,Q3,6:02,47,28,52,ECU,409169,Felipe,Noboa,14,P3,3pt jump shot missed,0,3,3PT,244,131
125525,29454-A-5,,URU,ECU,Q3,5:57,47,30,52,ECU,379770,Adair,Quiñonez,23,P2,2PtsFG under the basket made,1,2,2PT,140,31
125525,29454-A-5,,URU,ECU,Q3,5:41,47,30,155,URU,407647,Gabriel,Fata,19,P3,3pt jump shot missed,0,3,3PT,29,117
125525,29454-A-5,,URU,ECU,Q3,5:34,47,30,155,URU,407647,Gabriel,Fata,19,P3,3pt jump shot missed,0,3,3PT,243,147
125525,29454-A-5,,URU,ECU,Q3,5:20,47,30,52,ECU,379507,Juan,Castillo,2,P3,3pt floating jump shot missed,0,3,3PT,86,158
125525,29454-A-5,,URU,ECU,Q3,5:10,47,30,155,URU,407647,Gabriel,Fata,19,P3,3pt jump shot missed,0,3,3PT,70,146
125525,29454-A-5,,URU,ECU,Q3,4:58,47,30,155,URU,324131,Federico,Cruz,8,P2,"2PtsFG under the basket, layup missed",0,2,2PT,151,32
125525,29454-A-5,,URU,ECU,Q3,4:44,47,30,52,ECU,379770,Adair,Quiñonez,23,P2,"2PtsFG under the basket, reverse lay-up missed",0,2,2PT,162,27
125525,29454-A-5,,URU,ECU,Q3,4:40,47,32,52,ECU,379506,Jeremy,Corozo,32,P2,2PtsFG under the basket made,1,2,2PT,140,31
125525,29454-A-5,,URU,ECU,Q3,4:27,49,32,155,URU,407936,Lautaro,Gomez,10,P2,"2PtsFG under the basket, layup made",1,2,2PT,152,38
125525,29454-A-5,,URU,ECU,Q3,4:27,50,32,155,URU,407936,Lautaro,Gomez,10,FT,1st free throw made,1,1,FT,0,0
125525,29454-A-5,,URU,ECU,Q3,4:07,50,32,52,ECU,409169,Felipe,Noboa,14,P3,3pt jump shot missed,0,3,3PT,16,85
125525,29454-A-5,,URU,ECU,Q3,3:57,53,32,155,URU,375744,Manuel,Pastrana,4,P3,3pt floating jump shot made,1,3,3PT,194,154
125525,29454-A-5,,URU,ECU,Q3,3:42,53,32,155,URU,375744,Manuel,Pastrana,4,P2,layup missed,0,2,2PT,166,57
125525,29454-A-5,,URU,ECU,Q3,3:36,53,33,52,ECU,379507,Juan,Castillo,2,FT,1st of 2 free throws made,1,1,FT,0,0
125525,29454-A-5,,URU,ECU,Q3,3:36,53,33,52,ECU,379507,Juan,Castillo,2,FT,2nd of 2 free throws missed,0,1,FT,0,0
125525,29454-A-5,,URU,ECU,Q3,3:28,53,33,52,ECU,379507,Juan,Castillo,2,P3,3pt jump shot missed,0,3,3PT,77,170
125525,29454-A-5,,URU,ECU,Q3,3:04,53,33,155,URU,324131,Federico,Cruz,8,P2,"2PtsFG inside left, jump shot missed",0,2,2PT,43,96
125525,29454-A-5,,URU,ECU,Q3,2:57,53,33,52,ECU,379506,Jeremy,Corozo,32,P2,"2PtsFG under the basket, jump shot missed",0,2,2PT,129,43
125525,29454-A-5,,URU,ECU,Q3,2:42,53,33,52,ECU,379509,Lheyder,Vargas,48,P2,"2PtsFG under the basket, points after turnover, jump shot missed",0,2,2PT,159,27
125525,29454-A-5,,URU,ECU,Q3,2:23,53,33,155,URU,408047,Thiago,Michaelsson,21,P2,layup missed,0,2,2PT,143,57
125525,29454-A-5,,URU,ECU,Q3,2:13,53,33,52,ECU,379509,Lheyder,Vargas,48,P2,"2PtsFG under the basket, layup missed",0,2,2PT,141,30
125525,29454-A-5,,URU,ECU,Q3,2:09,53,33,155,URU,324131,Federico,Cruz,8,P2,"2PtsFG under the basket, layup missed",0,2,2PT,156,34
125525,29454-A-5,,URU,ECU,Q3,2:01,53,33,52,ECU,409169,Felipe,Noboa,14,P2,"2PtsFG under the basket, layup missed",0,2,2PT,133,35
125525,29454-A-5,,URU,ECU,Q3,1:56,53,35,52,ECU,409169,Felipe,Noboa,14,P2,2PtsFG under the basket made,1,2,2PT,140,31
125525,29454-A-5,,URU,ECU,Q3,1:37,55,35,155,URU,407647,Gabriel,Fata,19,P2,"2PtsFG inside right, jump shot made",1,2,2PT,236,91
125525,29454-A-5,,URU,ECU,Q3,1:34,55,37,52,ECU,379770,Adair,Quiñonez,23,P2,"2PtsFG under the basket, dunk made",1,2,2PT,131,27
125525,29454-A-5,,URU,ECU,Q3,1:17,57,37,155,URU,375722,Valentino,Ramírez,13,P2,"2PtsFG under the basket, layup made",1,2,2PT,115,25
125525,29454-A-5,,URU,ECU,Q3,0:59,57,37,52,ECU,379506,Jeremy,Corozo,32,P2,"2PtsFG under the basket, layup missed",0,2,2PT,131,36
125525,29454-A-5,,URU,ECU,Q3,0:52,57,37,155,URU,407647,Gabriel,Fata,19,P3,3pt jump shot missed,0,3,3PT,14,87
125525,29454-A-5,,URU,ECU,Q3,0:52,57,38,52,ECU,379770,Adair,Quiñonez,23,FT,1st of 2 free throws made,1,1,FT,0,0
125525,29454-A-5,,URU,ECU,Q3,0:52,57,38,52,ECU,379770,Adair,Quiñonez,23,FT,2nd of 2 free throws missed,0,1,FT,0,0
125525,29454-A-5,,URU,ECU,Q3,0:51,57,38,155,URU,408047,Thiago,Michaelsson,21,P3,3pt jump shot missed,0,3,3PT,66,139
125525,29454-A-5,,URU,ECU,Q3,0:51,59,38,155,URU,324131,Federico,Cruz,8,P2,layup made,1,2,2PT,123,47
125525,29454-A-5,,URU,ECU,Q4,9:45,59,38,155,URU,408046,Tomas,Abal,0,P3,3pt fadeaway jump shot missed,0,3,3PT,232,158
125525,29454-A-5,,URU,ECU,Q4,9:25,62,38,155,URU,324131,Federico,Cruz,8,P3,3pt fadeaway jump shot made,1,3,3PT,58,139
125525,29454-A-5,,URU,ECU,Q4,8:46,63,38,155,URU,408047,Thiago,Michaelsson,21,FT,1st of 2 free throws made,1,1,FT,0,0
125525,29454-A-5,,URU,ECU,Q4,8:46,63,38,155,URU,408047,Thiago,Michaelsson,21,FT,2nd of 2 free throws missed,0,1,FT,0,0
125525,29454-A-5,,URU,ECU,Q4,8:31,63,38,155,URU,408047,Thiago,Michaelsson,21,P2,2pt floating jump shot missed,0,2,2PT,62,117
125525,29454-A-5,,URU,ECU,Q4,8:22,66,38,155,URU,408046,Tomas,Abal,0,P3,3pt floating jump shot made,1,3,3PT,16,90
125525,29454-A-5,,URU,ECU,Q4,8:07,66,38,52,ECU,379507,Juan,Castillo,2,P3,3pt jump shot missed,0,3,3PT,73,155
125525,29454-A-5,,URU,ECU,Q4,7:34,69,38,155,URU,408046,Tomas,Abal,0,P3,3pt jump shot made,1,3,3PT,256,82
125525,29454-A-5,,URU,ECU,Q4,7:23,69,38,52,ECU,379770,Adair,Quiñonez,23,P3,3pt jump shot missed,0,3,3PT,14,62
125525,29454-A-5,,URU,ECU,Q4,6:59,69,38,155,URU,408046,Tomas,Abal,0,P3,3pt jump shot missed,0,3,3PT,33,113
125525,29454-A-5,,URU,ECU,Q4,6:51,69,40,52,ECU,379507,Juan,Castillo,2,P2,"2PtsFG under the basket, fast break, layup made",1,2,2PT,155,34
125525,29454-A-5,,URU,ECU,Q4,6:34,69,40,155,URU,375722,Valentino,Ramírez,13,P2,2pt jump shot missed,0,2,2PT,112,27
125525,29454-A-5,,URU,ECU,Q4,6:09,69,40,52,ECU,379770,Adair,Quiñonez,23,P2,"2PtsFG under the basket, reverse lay-up missed",0,2,2PT,150,31
125525,29454-A-5,,URU,ECU,Q4,5:53,69,40,155,URU,375722,Valentino,Ramírez,13,P3,3pt jump shot missed,0,3,3PT,17,78
125525,29454-A-5,,URU,ECU,Q4,5:29,69,43,52,ECU,379507,Juan,Castillo,2,P3,3pt step back jump shot made,1,3,3PT,47,136
125525,29454-A-5,,URU,ECU,Q4,5:10,69,45,52,ECU,379509,Lheyder,Vargas,48,P2,"2PtsFG under the basket, points from fastbreak + after turnover, layup made",1,2,2PT,156,32
125525,29454-A-5,,URU,ECU,Q4,4:46,71,45,155,URU,407638,Juan,Guzzetti,29,P2,"2PtsFG under the basket, turnaround jump shot made",1,2,2PT,118,32
125525,29454-A-5,,URU,ECU,Q4,4:22,71,45,52,ECU,400263,Rodrigo,Manjarres,12,FT,1st of 2 free throws missed,0,1,FT,0,0
125525,29454-A-5,,URU,ECU,Q4,4:22,71,46,52,ECU,400263,Rodrigo,Manjarres,12,FT,2nd of 2 free throws made,1,1,FT,0,0
125525,29454-A-5,,URU,ECU,Q4,3:51,71,49,52,ECU,379507,Juan,Castillo,2,P3,3pt fadeaway jump shot made,1,3,3PT,47,163
125525,29454-A-5,,URU,ECU,Q4,3:30,71,51,52,ECU,379509,Lheyder,Vargas,48,P2,"2PtsFG under the basket, points from fastbreak + after turnover, layup made",1,2,2PT,130,36
125525,29454-A-5,,URU,ECU,Q4,3:06,71,51,155,URU,375722,Valentino,Ramírez,13,P3,3pt jump shot missed,0,3,3PT,20,93
125525,29454-A-5,,URU,ECU,Q4,2:51,71,51,52,ECU,409167,Ismael,Ibarra,15,P2,2pt jump shot missed,0,2,2PT,166,24
125525,29454-A-5,,URU,ECU,Q4,2:19,71,53,52,ECU,379769,Jahir,Mina,13,P2,"2PtsFG under the basket, points after turnover, layup made",1,2,2PT,118,36
125525,29454-A-5,,URU,ECU,Q4,1:54,73,53,155,URU,407935,Gabriel,Venet,15,P2,"2PtsFG under the basket, driving layup made",1,2,2PT,149,29
125525,29454-A-5,,URU,ECU,Q4,1:41,73,55,52,ECU,409167,Ismael,Ibarra,15,P2,"2PtsFG inside paint, alley oop lay-up made",1,2,2PT,164,36
125525,29454-A-5,,URU,ECU,Q4,1:19,73,55,155,URU,408047,Thiago,Michaelsson,21,P2,"2PtsFG under the basket, layup missed",0,2,2PT,150,26
125525,29454-A-5,,URU,ECU,Q4,1:16,74,55,155,URU,408046,Tomas,Abal,0,FT,1st of 2 free throws made,1,1,FT,0,0
125525,29454-A-5,,URU,ECU,Q4,1:16,75,55,155,URU,408046,Tomas,Abal,0,FT,2nd of 2 free throws made,1,1,FT,0,0
125525,29454-A-5,,URU,ECU,Q4,1:10,75,55,52,ECU,379769,Jahir,Mina,13,P3,3pt fadeaway jump shot missed,0,3,3PT,92,202
125525,29454-A-5,,URU,ECU,Q4,1:03,75,55,155,URU,407935,Gabriel,Venet,15,P2,"2PtsFG under the basket, layup missed",0,2,2PT,153,38
125525,29454-A-5,,URU,ECU,Q4,0:40,77,55,155,URU,408046,Tomas,Abal,0,P2,layup made,1,2,2PT,162,38
125525,29454-A-5,,URU,ECU,Q4,0:40,78,55,155,URU,408046,Tomas,Abal,0,FT,1st free throw made,1,1,FT,0,0
125525,29454-A-5,,URU,ECU,Q4,0:24,78,55,52,ECU,379500,Alhan,Zambrano,10,P3,3pt jump shot missed,0,3,3PT,66,154
125525,29454-A-5,,URU,ECU,Q4,0:24,79,55,155,URU,407935,Gabriel,Venet,15,FT,1st of 2 free throws made,1,1,FT,0,0
125525,29454-A-5,,URU,ECU,Q4,0:24,79,55,155,URU,407935,Gabriel,Venet,15,FT,2nd of 2 free throws missed,0,1,FT,0,0
125525,29454-A-5,,URU,ECU,Q4,0:23,81,55,155,URU,407638,Juan,Guzzetti,29,P2,"2PtsFG under the basket, layup made",1,2,2PT,159,30
125525,29454-A-5,,URU,ECU,Q4,0:14,81,58,52,ECU,379769,Jahir,Mina,13,P3,3pt fadeaway jump shot made,1,3,3PT,16,78
125525,29454-A-5,,URU,ECU,Q4,0:00,81,58,155,URU,407935,Gabriel,Venet,15,P3,3pt jump shot missed,0,3,3PT,10,64
125526,29454-A-6,,COL,ARG,Q1,9:44,3,0,40,COL,400857,Leonardo,Restrepo,5,P3,3pt fadeaway jump shot made,1,3,3PT,12,51
125526,29454-A-6,,COL,ARG,Q1,9:20,3,0,40,COL,409483,Julian,Betancurt,59,P2,"2PtsFG under the basket, points after turnover, reverse lay-up missed",0,2,2PT,123,32
125526,29454-A-6,,COL,ARG,Q1,9:14,3,2,14,ARG,362126,Benjamin,Pettovello,2,P2,"2PtsFG under the basket, fast break, reverse lay-up made",1,2,2PT,149,27
125526,29454-A-6,,COL,ARG,Q1,8:50,3,4,14,ARG,408872,Bautista,Gobetti,6,P2,"2PtsFG under the basket, points from fastbreak + after turnover, layup made",1,2,2PT,162,32
125526,29454-A-6,,COL,ARG,Q1,8:28,5,4,40,COL,409483,Julian,Betancurt,59,P2,layup made,1,2,2PT,135,82
125526,29454-A-6,,COL,ARG,Q1,8:15,5,4,14,ARG,408870,Gonzalo,Aman,8,P2,2pt floating jump shot missed,0,2,2PT,159,107
125526,29454-A-6,,COL,ARG,Q1,7:54,5,4,40,COL,409483,Julian,Betancurt,59,P2,2pt step back jump shot missed,0,2,2PT,231,90
125526,29454-A-6,,COL,ARG,Q1,7:45,5,7,14,ARG,409151,Santiago,Pettinaroli,14,P3,3pt jump shot from center made,1,3,3PT,130,164
125526,29454-A-6,,COL,ARG,Q1,6:52,5,7,40,COL,409481,Andres,Mateus,10,P2,"2PtsFG under the basket, points after turnover, layup missed",0,2,2PT,126,33
125526,29454-A-6,,COL,ARG,Q1,6:46,5,9,14,ARG,408870,Gonzalo,Aman,8,P2,"2PtsFG under the basket, fast break, eurostep made",1,2,2PT,131,36
125526,29454-A-6,,COL,ARG,Q1,6:43,5,9,14,ARG,408870,Gonzalo,Aman,8,FT,1st free throw missed,0,1,FT,0,0
125526,29454-A-6,,COL,ARG,Q1,6:30,5,9,40,COL,400857,Leonardo,Restrepo,5,P3,3pt step back jump shot missed,0,3,3PT,35,109
125526,29454-A-6,,COL,ARG,Q1,6:15,5,9,14,ARG,408871,Manuel,Hernandez,4,P3,3pt jump shot missed,0,3,3PT,203,147
125526,29454-A-6,,COL,ARG,Q1,6:09,5,9,14,ARG,408870,Gonzalo,Aman,8,P3,3pt jump shot missed,0,3,3PT,10,45
125526,29454-A-6,,COL,ARG,Q1,6:03,5,11,14,ARG,408871,Manuel,Hernandez,4,P2,2PtsFG under the basket made,1,2,2PT,140,31
125526,29454-A-6,,COL,ARG,Q1,5:44,6,11,40,COL,409484,Ezekiel,Suarez,8,FT,1st of 3 free throws made,1,1,FT,0,0
125526,29454-A-6,,COL,ARG,Q1,5:44,7,11,40,COL,409484,Ezekiel,Suarez,8,FT,2nd of 3 free throws made,1,1,FT,0,0
125526,29454-A-6,,COL,ARG,Q1,5:44,7,11,40,COL,409484,Ezekiel,Suarez,8,FT,3rd of 3 free throws missed,0,1,FT,0,0
125526,29454-A-6,,COL,ARG,Q1,5:34,7,13,14,ARG,409151,Santiago,Pettinaroli,14,P2,"2PtsFG under the basket, layup made",1,2,2PT,151,41
125526,29454-A-6,,COL,ARG,Q1,5:26,9,13,40,COL,409481,Andres,Mateus,10,P2,"2PtsFG under the basket, fast break, layup made",1,2,2PT,123,27
125526,29454-A-6,,COL,ARG,Q1,5:26,10,13,40,COL,409481,Andres,Mateus,10,FT,1st free throw made,1,1,FT,0,0
125526,29454-A-6,,COL,ARG,Q1,5:16,10,13,14,ARG,409151,Santiago,Pettinaroli,14,P3,3pt jump shot from center missed,0,3,3PT,139,162
125526,29454-A-6,,COL,ARG,Q1,4:59,10,13,40,COL,409483,Julian,Betancurt,59,P3,3pt jump shot from center missed,0,3,3PT,109,157
125526,29454-A-6,,COL,ARG,Q1,4:45,10,13,40,COL,379759,Matthew,Bernal,7,FT,1st of 2 free throws missed,0,1,FT,0,0
125526,29454-A-6,,COL,ARG,Q1,4:45,10,13,40,COL,379759,Matthew,Bernal,7,FT,2nd of 2 free throws missed,0,1,FT,0,0
125526,29454-A-6,,COL,ARG,Q1,4:41,10,13,14,ARG,362126,Benjamin,Pettovello,2,P3,3pt jump shot missed,0,3,3PT,17,84
125526,29454-A-6,,COL,ARG,Q1,4:33,10,13,40,COL,409483,Julian,Betancurt,59,P2,"2PtsFG under the basket, layup missed",0,2,2PT,131,35
125526,29454-A-6,,COL,ARG,Q1,4:05,10,13,40,COL,379759,Matthew,Bernal,7,P2,"2PtsFG inside right wing, points after turnover, jump shot missed",0,2,2PT,250,37
125526,29454-A-6,,COL,ARG,Q1,3:41,10,13,14,ARG,409023,Joaquin,Celiz,9,P3,3pt jump shot missed,0,3,3PT,248,100
125526,29454-A-6,,COL,ARG,Q1,3:11,10,13,40,COL,379759,Matthew,Bernal,7,P2,2pt jump shot missed,0,2,2PT,140,82
125526,29454-A-6,,COL,ARG,Q1,2:49,10,14,14,ARG,409023,Joaquin,Celiz,9,FT,1st of 2 free throws made,1,1,FT,0,0
125526,29454-A-6,,COL,ARG,Q1,2:49,10,15,14,ARG,409023,Joaquin,Celiz,9,FT,2nd of 2 free throws made,1,1,FT,0,0
125526,29454-A-6,,COL,ARG,Q1,2:34,10,15,40,COL,409484,Ezekiel,Suarez,8,P3,3pt jump shot from center missed,0,3,3PT,146,161
125526,29454-A-6,,COL,ARG,Q1,2:27,10,15,14,ARG,409021,Elias,Torrens,7,P2,layup missed,0,2,2PT,113,43
125526,29454-A-6,,COL,ARG,Q1,2:15,10,16,14,ARG,408857,Joaquin,Caumo,10,FT,Free throw made 1 of 2,1,1,FT,0,0
125526,29454-A-6,,COL,ARG,Q1,2:15,10,16,14,ARG,408857,Joaquin,Caumo,10,FT,Free throw missed 2 of 2,0,1,FT,0,0
125526,29454-A-6,,COL,ARG,Q1,2:03,12,16,40,COL,332119,Andres,Hernandez,24,P2,"2PtsFG inside center, jump shot made",1,2,2PT,126,110
125526,29454-A-6,,COL,ARG,Q1,1:47,12,16,14,ARG,409021,Elias,Torrens,7,P2,2pt jump shot missed,0,2,2PT,125,48
125526,29454-A-6,,COL,ARG,Q1,1:21,12,16,14,ARG,409023,Joaquin,Celiz,9,P2,2pt turnaround jump shot missed,0,2,2PT,186,68
125526,29454-A-6,,COL,ARG,Q1,1:15,12,16,14,ARG,409151,Santiago,Pettinaroli,14,FT,1st of 2 free throws missed,0,1,FT,0,0
125526,29454-A-6,,COL,ARG,Q1,1:15,12,17,14,ARG,409151,Santiago,Pettinaroli,14,FT,2nd of 2 free throws made,1,1,FT,0,0
125526,29454-A-6,,COL,ARG,Q1,0:59,13,17,40,COL,332119,Andres,Hernandez,24,FT,1st of 2 free throws made,1,1,FT,0,0
125526,29454-A-6,,COL,ARG,Q1,0:59,13,17,40,COL,332119,Andres,Hernandez,24,FT,2nd of 2 free throws missed,0,1,FT,0,0
125526,29454-A-6,,COL,ARG,Q1,0:50,13,17,14,ARG,408857,Joaquin,Caumo,10,P3,3pt jump shot missed,0,3,3PT,28,154
125526,29454-A-6,,COL,ARG,Q1,0:44,13,17,14,ARG,355917,Facundo,Cornalis,5,P2,2pt jump shot missed,0,2,2PT,159,95
125526,29454-A-6,,COL,ARG,Q1,0:37,13,17,14,ARG,408857,Joaquin,Caumo,10,P2,2PtsFG under the basket missed,0,2,2PT,140,31
125526,29454-A-6,,COL,ARG,Q1,0:27,15,17,40,COL,379759,Matthew,Bernal,7,P2,2pt floating jump shot made,1,2,2PT,113,108
125526,29454-A-6,,COL,ARG,Q1,0:09,17,17,40,COL,409477,Yansem,Caicedo,14,P2,"2PtsFG under the basket, points from fastbreak + after turnover, layup made",1,2,2PT,122,27
125526,29454-A-6,,COL,ARG,Q1,0:02,17,17,14,ARG,408857,Joaquin,Caumo,10,P3,3pt jump shot from center missed,0,3,3PT,110,188
125526,29454-A-6,,COL,ARG,Q1,0:02,17,18,14,ARG,408857,Joaquin,Caumo,10,FT,1st of 3 free throws made,1,1,FT,0,0
125526,29454-A-6,,COL,ARG,Q1,0:02,17,19,14,ARG,408857,Joaquin,Caumo,10,FT,2nd of 3 free throws made,1,1,FT,0,0
125526,29454-A-6,,COL,ARG,Q1,0:02,17,20,14,ARG,408857,Joaquin,Caumo,10,FT,3rd of 3 free throws made,1,1,FT,0,0
125526,29454-A-6,,COL,ARG,Q2,9:49,17,20,14,ARG,408857,Joaquin,Caumo,10,P3,3pt jump shot from center missed,0,3,3PT,143,164
125526,29454-A-6,,COL,ARG,Q2,9:25,17,20,40,COL,409477,Yansem,Caicedo,14,P2,2pt turnaround jump shot missed,0,2,2PT,143,115
125526,29454-A-6,,COL,ARG,Q2,9:09,17,20,14,ARG,355917,Facundo,Cornalis,5,P3,3pt jump shot from center missed,0,3,3PT,83,184
125526,29454-A-6,,COL,ARG,Q2,8:47,17,20,40,COL,332119,Andres,Hernandez,24,P2,"2PtsFG inside center, jump shot missed",0,2,2PT,126,119
125526,29454-A-6,,COL,ARG,Q2,8:37,17,21,14,ARG,409021,Elias,Torrens,7,FT,1st of 2 free throws made,1,1,FT,0,0
125526,29454-A-6,,COL,ARG,Q2,8:37,17,21,14,ARG,409021,Elias,Torrens,7,FT,2nd of 2 free throws missed,0,1,FT,0,0
125526,29454-A-6,,COL,ARG,Q2,8:20,17,21,40,COL,379759,Matthew,Bernal,7,P2,2pt hook shot missed,0,2,2PT,118,40
125526,29454-A-6,,COL,ARG,Q2,8:12,17,23,14,ARG,408857,Joaquin,Caumo,10,P2,layup made,1,2,2PT,165,35
125526,29454-A-6,,COL,ARG,Q2,7:57,20,23,40,COL,332119,Andres,Hernandez,24,P3,3pt step back jump shot made,1,3,3PT,268,37
125526,29454-A-6,,COL,ARG,Q2,7:15,21,23,40,COL,409484,Ezekiel,Suarez,8,FT,1st of 2 free throws made,1,1,FT,0,0
125526,29454-A-6,,COL,ARG,Q2,7:15,22,23,40,COL,409484,Ezekiel,Suarez,8,FT,2nd of 2 free throws made,1,1,FT,0,0
125526,29454-A-6,,COL,ARG,Q2,6:36,24,23,40,COL,379759,Matthew,Bernal,7,P2,2pt floating jump shot made,1,2,2PT,161,106
125526,29454-A-6,,COL,ARG,Q2,6:21,24,25,14,ARG,408860,Mateo,Fessia,12,P2,"2PtsFG under the basket, layup made",1,2,2PT,127,35
125526,29454-A-6,,COL,ARG,Q2,6:03,24,25,40,COL,400857,Leonardo,Restrepo,5,P3,3pt jump shot missed,0,3,3PT,34,105
125526,29454-A-6,,COL,ARG,Q2,5:36,24,25,14,ARG,362126,Benjamin,Pettovello,2,P2,"2PtsFG inside center, points after turnover, jump shot missed",0,2,2PT,115,117
125526,29454-A-6,,COL,ARG,Q2,5:29,24,25,14,ARG,409151,Santiago,Pettinaroli,14,P3,3pt jump shot missed,0,3,3PT,230,145
125526,29454-A-6,,COL,ARG,Q2,5:24,24,25,14,ARG,408871,Manuel,Hernandez,4,P3,3pt jump shot missed,0,3,3PT,47,136
125526,29454-A-6,,COL,ARG,Q2,5:10,24,25,40,COL,409480,Santiago,Rios,32,P2,"2PtsFG under the basket, layup missed",0,2,2PT,128,38
125526,29454-A-6,,COL,ARG,Q2,4:53,24,26,14,ARG,362126,Benjamin,Pettovello,2,FT,1st of 2 free throws made,1,1,FT,0,0
125526,29454-A-6,,COL,ARG,Q2,4:53,24,26,14,ARG,362126,Benjamin,Pettovello,2,FT,2nd of 2 free throws missed,0,1,FT,0,0
125526,29454-A-6,,COL,ARG,Q2,4:40,26,26,40,COL,379759,Matthew,Bernal,7,P2,"2PtsFG under the basket, layup made",1,2,2PT,118,31
125526,29454-A-6,,COL,ARG,Q2,4:08,26,26,40,COL,400857,Leonardo,Restrepo,5,P3,3pt jump shot missed,0,3,3PT,236,157
125526,29454-A-6,,COL,ARG,Q2,3:47,26,26,14,ARG,408872,Bautista,Gobetti,6,P3,3pt jump shot missed,0,3,3PT,191,159
125526,29454-A-6,,COL,ARG,Q2,3:42,26,26,14,ARG,409151,Santiago,Pettinaroli,14,P2,"2PtsFG under the basket, layup missed",0,2,2PT,150,37
125526,29454-A-6,,COL,ARG,Q2,3:18,26,29,14,ARG,408871,Manuel,Hernandez,4,P3,3pt jump shot made,1,3,3PT,114,165
125526,29454-A-6,,COL,ARG,Q2,3:00,29,29,40,COL,400857,Leonardo,Restrepo,5,P3,3pt jump shot from center made,1,3,3PT,107,156
125526,29454-A-6,,COL,ARG,Q2,2:43,29,29,14,ARG,408870,Gonzalo,Aman,8,P3,3pt jump shot missed,0,3,3PT,206,144
125526,29454-A-6,,COL,ARG,Q2,2:30,29,29,40,COL,409484,Ezekiel,Suarez,8,P2,"2PtsFG under the basket, layup missed",0,2,2PT,123,38
125526,29454-A-6,,COL,ARG,Q2,2:24,29,29,14,ARG,408872,Bautista,Gobetti,6,P2,"2PtsFG under the basket, layup missed",0,2,2PT,122,38
125526,29454-A-6,,COL,ARG,Q2,2:19,29,29,14,ARG,362126,Benjamin,Pettovello,2,P2,2PtsFG under the basket missed,0,2,2PT,140,31
125526,29454-A-6,,COL,ARG,Q2,2:10,29,29,40,COL,400857,Leonardo,Restrepo,5,P3,3pt jump shot missed,0,3,3PT,161,161
125526,29454-A-6,,COL,ARG,Q2,1:56,29,29,14,ARG,409151,Santiago,Pettinaroli,14,P3,3pt jump shot missed,0,3,3PT,10,60
125526,29454-A-6,,COL,ARG,Q2,1:32,29,29,40,COL,409482,Alejandro,Sanchez,4,P3,3pt jump shot from center missed,0,3,3PT,130,174
125526,29454-A-6,,COL,ARG,Q2,1:09,29,29,40,COL,379759,Matthew,Bernal,7,FT,Free throw missed 1 of 2,0,1,FT,0,0
125526,29454-A-6,,COL,ARG,Q2,1:09,30,29,40,COL,379759,Matthew,Bernal,7,FT,Free throw made 2 of 2,1,1,FT,0,0
125526,29454-A-6,,COL,ARG,Q2,1:03,30,30,14,ARG,408860,Mateo,Fessia,12,FT,1st of 2 free throws made,1,1,FT,0,0
125526,29454-A-6,,COL,ARG,Q2,1:03,30,31,14,ARG,408860,Mateo,Fessia,12,FT,2nd of 2 free throws made,1,1,FT,0,0
125526,29454-A-6,,COL,ARG,Q2,0:48,30,31,40,COL,409484,Ezekiel,Suarez,8,P3,3pt jump shot missed,0,3,3PT,12,33
125526,29454-A-6,,COL,ARG,Q2,0:33,30,33,14,ARG,408860,Mateo,Fessia,12,P2,"2PtsFG under the basket, driving layup made",1,2,2PT,130,38
125526,29454-A-6,,COL,ARG,Q2,0:17,30,33,40,COL,379759,Matthew,Bernal,7,P2,2pt step back jump shot missed,0,2,2PT,153,111
125526,29454-A-6,,COL,ARG,Q2,0:05,30,33,14,ARG,362126,Benjamin,Pettovello,2,P2,"2PtsFG under the basket, layup missed",0,2,2PT,148,45
125526,29454-A-6,,COL,ARG,Q3,9:48,31,33,40,COL,409484,Ezekiel,Suarez,8,FT,1st of 2 free throws made,1,1,FT,0,0
125526,29454-A-6,,COL,ARG,Q3,9:48,32,33,40,COL,409484,Ezekiel,Suarez,8,FT,2nd of 2 free throws made,1,1,FT,0,0
125526,29454-A-6,,COL,ARG,Q3,9:31,32,33,40,COL,409484,Ezekiel,Suarez,8,P3,3pt jump shot missed,0,3,3PT,74,149
125526,29454-A-6,,COL,ARG,Q3,9:24,32,33,14,ARG,408871,Manuel,Hernandez,4,P2,"2PtsFG under the basket, turnaround jump shot missed",0,2,2PT,130,31
125526,29454-A-6,,COL,ARG,Q3,9:15,32,35,14,ARG,362126,Benjamin,Pettovello,2,P2,"2PtsFG inside right wing, jump shot made",1,2,2PT,209,34
125526,29454-A-6,,COL,ARG,Q3,8:43,32,35,40,COL,409477,Yansem,Caicedo,14,P2,2pt jump shot missed,0,2,2PT,179,51
125526,29454-A-6,,COL,ARG,Q3,8:38,32,37,14,ARG,409151,Santiago,Pettinaroli,14,P2,"2PtsFG under the basket, layup made",1,2,2PT,117,30
125526,29454-A-6,,COL,ARG,Q3,8:22,35,37,40,COL,400857,Leonardo,Restrepo,5,P3,3pt jump shot made,1,3,3PT,45,133
125526,29454-A-6,,COL,ARG,Q3,7:58,35,37,14,ARG,408871,Manuel,Hernandez,4,P3,3pt jump shot from center missed,0,3,3PT,154,164
125526,29454-A-6,,COL,ARG,Q3,7:38,35,37,40,COL,409481,Andres,Mateus,10,FT,1st of 2 free throws missed,0,1,FT,0,0
125526,29454-A-6,,COL,ARG,Q3,7:38,35,37,40,COL,409481,Andres,Mateus,10,FT,2nd of 2 free throws missed,0,1,FT,0,0
125526,29454-A-6,,COL,ARG,Q3,7:25,35,37,14,ARG,408871,Manuel,Hernandez,4,P3,3pt jump shot missed,0,3,3PT,25,90
125526,29454-A-6,,COL,ARG,Q3,7:06,35,37,40,COL,332119,Andres,Hernandez,24,P3,3pt jump shot missed,0,3,3PT,34,116
125526,29454-A-6,,COL,ARG,Q3,6:50,35,37,14,ARG,408871,Manuel,Hernandez,4,P2,"2PtsFG inside right, jump shot missed",0,2,2PT,200,110
125526,29454-A-6,,COL,ARG,Q3,6:37,35,37,14,ARG,408860,Mateo,Fessia,12,P2,"2PtsFG under the basket, layup missed",0,2,2PT,149,31
125526,29454-A-6,,COL,ARG,Q3,6:10,35,37,40,COL,400857,Leonardo,Restrepo,5,P3,3pt jump shot missed,0,3,3PT,43,137
125526,29454-A-6,,COL,ARG,Q3,6:02,35,39,14,ARG,409151,Santiago,Pettinaroli,14,P2,"2PtsFG under the basket, fast break, layup made",1,2,2PT,130,28
125526,29454-A-6,,COL,ARG,Q3,5:39,38,39,40,COL,332119,Andres,Hernandez,24,P3,3pt jump shot made,1,3,3PT,240,113
125526,29454-A-6,,COL,ARG,Q3,5:28,38,42,14,ARG,409151,Santiago,Pettinaroli,14,P3,3pt jump shot from center made,1,3,3PT,173,163
125526,29454-A-6,,COL,ARG,Q3,5:03,38,42,14,ARG,408872,Bautista,Gobetti,6,P3,3pt jump shot missed,0,3,3PT,13,31
125526,29454-A-6,,COL,ARG,Q3,4:56,39,42,40,COL,409483,Julian,Betancurt,59,FT,Free throw made 1 of 2,1,1,FT,0,0
125526,29454-A-6,,COL,ARG,Q3,4:56,40,42,40,COL,409483,Julian,Betancurt,59,FT,Free throw made 2 of 2,1,1,FT,0,0
125526,29454-A-6,,COL,ARG,Q3,4:37,40,43,14,ARG,408857,Joaquin,Caumo,10,FT,1st of 2 free throws made,1,1,FT,0,0
125526,29454-A-6,,COL,ARG,Q3,4:37,40,44,14,ARG,408857,Joaquin,Caumo,10,FT,2nd of 2 free throws made,1,1,FT,0,0
125526,29454-A-6,,COL,ARG,Q3,4:14,40,44,40,COL,400857,Leonardo,Restrepo,5,P2,layup missed,0,2,2PT,114,47
125526,29454-A-6,,COL,ARG,Q3,4:01,40,47,14,ARG,409151,Santiago,Pettinaroli,14,P3,3pt jump shot made,1,3,3PT,145,177
125526,29454-A-6,,COL,ARG,Q3,3:39,40,47,40,COL,409480,Santiago,Rios,32,P3,3pt jump shot missed,0,3,3PT,194,161
125526,29454-A-6,,COL,ARG,Q3,3:18,40,50,14,ARG,409151,Santiago,Pettinaroli,14,P3,3pt jump shot made,1,3,3PT,267,44
125526,29454-A-6,,COL,ARG,Q3,3:01,40,50,40,COL,409480,Santiago,Rios,32,P2,2pt jump shot missed,0,2,2PT,48,38
125526,29454-A-6,,COL,ARG,Q3,2:55,40,50,40,COL,379442,Angel,Orozco,83,P2,"2PtsFG under the basket, layup missed",0,2,2PT,149,32
125526,29454-A-6,,COL,ARG,Q3,2:33,42,50,40,COL,379759,Matthew,Bernal,7,P2,2pt floating jump shot made,1,2,2PT,194,35
125526,29454-A-6,,COL,ARG,Q3,2:21,42,51,14,ARG,408860,Mateo,Fessia,12,FT,1st of 2 free throws made,1,1,FT,0,0
125526,29454-A-6,,COL,ARG,Q3,2:21,42,51,14,ARG,408860,Mateo,Fessia,12,FT,2nd of 2 free throws missed,0,1,FT,0,0
125526,29454-A-6,,COL,ARG,Q3,2:01,42,51,14,ARG,409151,Santiago,Pettinaroli,14,P3,3pt jump shot missed,0,3,3PT,270,30
125526,29454-A-6,,COL,ARG,Q3,1:57,42,52,14,ARG,408857,Joaquin,Caumo,10,FT,1st of 2 free throws made,1,1,FT,0,0
125526,29454-A-6,,COL,ARG,Q3,1:57,42,53,14,ARG,408857,Joaquin,Caumo,10,FT,2nd of 2 free throws made,1,1,FT,0,0
125526,29454-A-6,,COL,ARG,Q3,1:44,42,53,40,COL,409477,Yansem,Caicedo,14,P2,"2PtsFG under the basket, turnaround jump shot missed",0,2,2PT,161,34
125526,29454-A-6,,COL,ARG,Q3,1:30,42,53,14,ARG,398746,Roman,Moravansky,11,P3,3pt jump shot missed,0,3,3PT,35,105
125526,29454-A-6,,COL,ARG,Q3,1:08,45,53,40,COL,409480,Santiago,Rios,32,P3,3pt jump shot made,1,3,3PT,241,121
125526,29454-A-6,,COL,ARG,Q3,0:30,45,54,14,ARG,408857,Joaquin,Caumo,10,FT,Free throw made 1 of 2,1,1,FT,0,0
125526,29454-A-6,,COL,ARG,Q3,0:30,45,55,14,ARG,408857,Joaquin,Caumo,10,FT,Free throw made 2 of 2,1,1,FT,0,0
125526,29454-A-6,,COL,ARG,Q3,0:12,45,55,40,COL,409480,Santiago,Rios,32,P3,3pt jump shot missed,0,3,3PT,17,92
125526,29454-A-6,,COL,ARG,Q3,0:06,47,55,40,COL,379759,Matthew,Bernal,7,P2,"2PtsFG under the basket, layup made",1,2,2PT,126,34
125526,29454-A-6,,COL,ARG,Q4,9:42,47,56,14,ARG,408857,Joaquin,Caumo,10,FT,1st of 3 free throws made,1,1,FT,0,0
125526,29454-A-6,,COL,ARG,Q4,9:42,47,57,14,ARG,408857,Joaquin,Caumo,10,FT,2nd of 3 free throws made,1,1,FT,0,0
125526,29454-A-6,,COL,ARG,Q4,9:42,47,58,14,ARG,408857,Joaquin,Caumo,10,FT,3rd of 3 free throws made,1,1,FT,0,0
125526,29454-A-6,,COL,ARG,Q4,9:27,50,58,40,COL,409484,Ezekiel,Suarez,8,P3,3pt jump shot from center made,1,3,3PT,111,165
125526,29454-A-6,,COL,ARG,Q4,9:13,50,61,14,ARG,408857,Joaquin,Caumo,10,P3,3pt jump shot made,1,3,3PT,50,127
125526,29454-A-6,,COL,ARG,Q4,8:50,52,61,40,COL,379759,Matthew,Bernal,7,P2,layup made,1,2,2PT,141,74
125526,29454-A-6,,COL,ARG,Q4,8:33,52,64,14,ARG,408857,Joaquin,Caumo,10,P3,3pt jump shot made,1,3,3PT,240,129
125526,29454-A-6,,COL,ARG,Q4,8:08,52,64,40,COL,379759,Matthew,Bernal,7,P2,2pt turnaround jump shot missed,0,2,2PT,103,82
125526,29454-A-6,,COL,ARG,Q4,7:56,52,64,14,ARG,408871,Manuel,Hernandez,4,P3,3pt jump shot missed,0,3,3PT,12,23
125526,29454-A-6,,COL,ARG,Q4,7:41,52,64,14,ARG,409023,Joaquin,Celiz,9,P2,"2PtsFG under the basket, points after turnover, layup missed",0,2,2PT,130,33
125526,29454-A-6,,COL,ARG,Q4,7:37,52,64,14,ARG,409023,Joaquin,Celiz,9,P2,"2PtsFG under the basket, points from second chance + after turnover, layup missed",0,2,2PT,142,49
125526,29454-A-6,,COL,ARG,Q4,7:26,54,64,40,COL,409478,Salomon,Brown,6,P2,2pt hook shot made,1,2,2PT,102,34
125526,29454-A-6,,COL,ARG,Q4,7:10,54,66,14,ARG,408857,Joaquin,Caumo,10,P2,"2PtsFG under the basket, driving layup made",1,2,2PT,155,33
125526,29454-A-6,,COL,ARG,Q4,6:57,55,66,40,COL,379759,Matthew,Bernal,7,FT,1st of 2 free throws made,1,1,FT,0,0
125526,29454-A-6,,COL,ARG,Q4,6:57,56,66,40,COL,379759,Matthew,Bernal,7,FT,2nd of 2 free throws made,1,1,FT,0,0
125526,29454-A-6,,COL,ARG,Q4,6:38,56,67,14,ARG,408857,Joaquin,Caumo,10,FT,1st of 2 free throws made,1,1,FT,0,0
125526,29454-A-6,,COL,ARG,Q4,6:38,56,67,14,ARG,408857,Joaquin,Caumo,10,FT,2nd of 2 free throws missed,0,1,FT,0,0
125526,29454-A-6,,COL,ARG,Q4,6:28,56,67,40,COL,409484,Ezekiel,Suarez,8,P2,2pt hook shot missed,0,2,2PT,118,47
125526,29454-A-6,,COL,ARG,Q4,6:18,58,67,40,COL,332119,Andres,Hernandez,24,P2,layup made,1,2,2PT,104,76
125526,29454-A-6,,COL,ARG,Q4,5:52,58,67,40,COL,400857,Leonardo,Restrepo,5,P3,3pt jump shot missed,0,3,3PT,204,156
125526,29454-A-6,,COL,ARG,Q4,5:35,58,69,14,ARG,408870,Gonzalo,Aman,8,P2,"2PtsFG under the basket, hook shot made",1,2,2PT,123,34
125526,29454-A-6,,COL,ARG,Q4,5:11,58,69,40,COL,332119,Andres,Hernandez,24,P2,2pt jump shot missed,0,2,2PT,183,61
125526,29454-A-6,,COL,ARG,Q4,4:59,58,69,40,COL,409478,Salomon,Brown,6,P2,2pt turnaround jump shot missed,0,2,2PT,159,81
125526,29454-A-6,,COL,ARG,Q4,4:43,58,69,14,ARG,398746,Roman,Moravansky,11,P3,3pt jump shot missed,0,3,3PT,271,44
125526,29454-A-6,,COL,ARG,Q4,4:38,58,69,14,ARG,408871,Manuel,Hernandez,4,P2,"2PtsFG under the basket, layup missed",0,2,2PT,151,32
125526,29454-A-6,,COL,ARG,Q4,4:32,58,71,14,ARG,409021,Elias,Torrens,7,P2,2PtsFG under the basket made,1,2,2PT,140,31
125526,29454-A-6,,COL,ARG,Q4,4:09,58,71,40,COL,332119,Andres,Hernandez,24,P2,"2PtsFG under the basket, layup missed",0,2,2PT,152,35
125526,29454-A-6,,COL,ARG,Q4,3:56,58,71,14,ARG,398746,Roman,Moravansky,11,P3,3pt jump shot missed,0,3,3PT,269,53
125526,29454-A-6,,COL,ARG,Q4,3:51,58,71,14,ARG,408871,Manuel,Hernandez,4,P2,"2PtsFG under the basket, points from second chance + after turnover missed",0,2,2PT,140,31
125526,29454-A-6,,COL,ARG,Q4,3:40,60,71,40,COL,379759,Matthew,Bernal,7,P2,"2PtsFG inside right, jump shot made",1,2,2PT,187,64
125526,29454-A-6,,COL,ARG,Q4,3:02,60,71,40,COL,379759,Matthew,Bernal,7,P3,3pt jump shot missed,0,3,3PT,238,126
125526,29454-A-6,,COL,ARG,Q4,2:46,63,71,40,COL,409484,Ezekiel,Suarez,8,P3,3pt jump shot made,1,3,3PT,9,45
125526,29454-A-6,,COL,ARG,Q4,2:26,63,73,14,ARG,409021,Elias,Torrens,7,P2,"2PtsFG under the basket, layup made",1,2,2PT,126,31
125526,29454-A-6,,COL,ARG,Q4,2:08,63,73,40,COL,409481,Andres,Mateus,10,P2,"2PtsFG under the basket, layup missed",0,2,2PT,126,38
125526,29454-A-6,,COL,ARG,Q4,1:50,63,75,14,ARG,408870,Gonzalo,Aman,8,P2,"2PtsFG inside center, jump shot made",1,2,2PT,185,106
125526,29454-A-6,,COL,ARG,Q4,1:35,63,75,40,COL,409484,Ezekiel,Suarez,8,P2,"2PtsFG under the basket, hook shot missed",0,2,2PT,157,35
125526,29454-A-6,,COL,ARG,Q4,1:30,65,75,40,COL,409481,Andres,Mateus,10,P2,2PtsFG under the basket made,1,2,2PT,140,31
125526,29454-A-6,,COL,ARG,Q4,1:03,65,75,40,COL,400857,Leonardo,Restrepo,5,P3,3pt jump shot missed,0,3,3PT,71,186
125526,29454-A-6,,COL,ARG,Q4,0:49,65,75,14,ARG,409151,Santiago,Pettinaroli,14,P3,3pt jump shot from center missed,0,3,3PT,142,163
125526,29454-A-6,,COL,ARG,Q4,0:41,65,75,40,COL,332119,Andres,Hernandez,24,P3,3pt jump shot missed,0,3,3PT,34,105
125526,29454-A-6,,COL,ARG,Q4,0:36,67,75,40,COL,379759,Matthew,Bernal,7,P2,"2PtsFG under the basket, layup made",1,2,2PT,156,34
125526,29454-A-6,,COL,ARG,Q4,0:30,67,76,14,ARG,408871,Manuel,Hernandez,4,FT,1st of 2 free throws made,1,1,FT,0,0
125526,29454-A-6,,COL,ARG,Q4,0:30,67,76,14,ARG,408871,Manuel,Hernandez,4,FT,2nd of 2 free throws missed,0,1,FT,0,0
125526,29454-A-6,,COL,ARG,Q4,0:28,67,76,14,ARG,408871,Manuel,Hernandez,4,P2,"2PtsFG under the basket, layup missed",0,2,2PT,125,38
125526,29454-A-6,,COL,ARG,Q4,0:15,67,77,14,ARG,409151,Santiago,Pettinaroli,14,FT,Free throw made 1 of 2,1,1,FT,0,0
125526,29454-A-6,,COL,ARG,Q4,0:15,67,78,14,ARG,409151,Santiago,Pettinaroli,14,FT,Free throw made 2 of 2,1,1,FT,0,0
125526,29454-A-6,,COL,ARG,Q4,0:11,68,78,40,COL,379759,Matthew,Bernal,7,FT,1st of 2 free throws made,1,1,FT,0,0
125526,29454-A-6,,COL,ARG,Q4,0:11,69,78,40,COL,379759,Matthew,Bernal,7,FT,2nd of 2 free throws made,1,1,FT,0,0
125526,29454-A-6,,COL,ARG,Q4,0:10,69,78,14,ARG,408870,Gonzalo,Aman,8,FT,1st of 2 free throws missed,0,1,FT,0,0
125526,29454-A-6,,COL,ARG,Q4,0:10,69,78,14,ARG,408870,Gonzalo,Aman,8,FT,2nd of 2 free throws missed,0,1,FT,0,0
125526,29454-A-6,,COL,ARG,Q4,0:05,69,78,40,COL,409484,Ezekiel,Suarez,8,P3,"3PtsFG back court, jump shot missed",0,3,3PT,39,183
125527,29454-B-1,,PAR,VEN,Q1,9:55,2,0,120,PAR,409401,Nestor,Gonzalez,21,P2,"2PtsFG under the basket, fast break, dunk made",1,2,2PT,145,30
125527,29454-B-1,,PAR,VEN,Q1,9:27,2,0,158,VEN,409360,Juan,Perdomo,9,P3,3pt jump shot missed,0,3,3PT,242,146
125527,29454-B-1,,PAR,VEN,Q1,9:06,2,2,158,VEN,409363,Richard,Segovia,4,P2,"2PtsFG inside paint, points from fastbreak + after turnover, driving layup made",1,2,2PT,127,15
125527,29454-B-1,,PAR,VEN,Q1,8:46,4,2,120,PAR,409401,Nestor,Gonzalez,21,P2,"2PtsFG under the basket, hook shot made",1,2,2PT,141,25
125527,29454-B-1,,PAR,VEN,Q1,8:28,4,2,158,VEN,390925,Jose,Lara,7,P2,"2PtsFG under the basket, layup missed",0,2,2PT,134,22
125527,29454-B-1,,PAR,VEN,Q1,8:21,4,2,120,PAR,331730,Alejandro,Talavera,6,P3,3pt jump shot missed,0,3,3PT,31,144
125527,29454-B-1,,PAR,VEN,Q1,8:15,4,4,158,VEN,409358,Samuel,Niño,23,P2,"2PtsFG under the basket, fast break, layup made",1,2,2PT,146,24
125527,29454-B-1,,PAR,VEN,Q1,7:41,4,4,158,VEN,409360,Juan,Perdomo,9,P2,"2PtsFG under the basket, points after turnover, layup missed",0,2,2PT,130,24
125527,29454-B-1,,PAR,VEN,Q1,7:35,7,4,120,PAR,331730,Alejandro,Talavera,6,P3,3pt jump shot made,1,3,3PT,43,143
125527,29454-B-1,,PAR,VEN,Q1,7:09,7,4,158,VEN,409395,Jose,Carrizo,51,P2,"2PtsFG inside right wing, jump shot missed",0,2,2PT,204,17
125527,29454-B-1,,PAR,VEN,Q1,7:06,7,6,158,VEN,409358,Samuel,Niño,23,P2,"2PtsFG under the basket, hook shot made",1,2,2PT,135,27
125527,29454-B-1,,PAR,VEN,Q1,6:47,7,6,120,PAR,409401,Nestor,Gonzalez,21,P2,2pt fadeaway jump shot missed,0,2,2PT,66,43
125527,29454-B-1,,PAR,VEN,Q1,6:38,7,6,158,VEN,409363,Richard,Segovia,4,P3,3pt jump shot missed,0,3,3PT,254,135
125527,29454-B-1,,PAR,VEN,Q1,6:21,10,6,120,PAR,331738,Luis,Vera,5,P3,3pt jump shot made,1,3,3PT,245,150
125527,29454-B-1,,PAR,VEN,Q1,6:08,10,6,158,VEN,409360,Juan,Perdomo,9,P3,3pt jump shot missed,0,3,3PT,9,33
125527,29454-B-1,,PAR,VEN,Q1,6:02,10,6,120,PAR,331739,Mauricio,Escurra,14,P2,"2PtsFG under the basket, layup missed",0,2,2PT,135,27
125527,29454-B-1,,PAR,VEN,Q1,5:52,10,6,158,VEN,390925,Jose,Lara,7,P3,3pt jump shot missed,0,3,3PT,9,69
125527,29454-B-1,,PAR,VEN,Q1,5:41,12,6,120,PAR,331738,Luis,Vera,5,P2,layup made,1,2,2PT,152,9
125527,29454-B-1,,PAR,VEN,Q1,5:21,12,8,158,VEN,409363,Richard,Segovia,4,P2,2pt fadeaway jump shot made,1,2,2PT,149,139
125527,29454-B-1,,PAR,VEN,Q1,5:02,12,8,120,PAR,409402,Roberto,Radice,3,P3,3pt jump shot missed,0,3,3PT,254,117
125527,29454-B-1,,PAR,VEN,Q1,4:59,14,8,120,PAR,409402,Roberto,Radice,3,P2,layup made,1,2,2PT,167,17
125527,29454-B-1,,PAR,VEN,Q1,4:39,14,11,158,VEN,409363,Richard,Segovia,4,P3,3pt step back jump shot made,1,3,3PT,218,152
125527,29454-B-1,,PAR,VEN,Q1,4:19,16,11,120,PAR,409401,Nestor,Gonzalez,21,P2,"2PtsFG under the basket, hook shot made",1,2,2PT,145,33
125527,29454-B-1,,PAR,VEN,Q1,3:48,16,13,158,VEN,409360,Juan,Perdomo,9,P2,"2PtsFG under the basket, points from fastbreak + after turnover, layup made",1,2,2PT,128,24
125527,29454-B-1,,PAR,VEN,Q1,3:36,18,13,120,PAR,331738,Luis,Vera,5,P2,2pt fadeaway jump shot made,1,2,2PT,134,53
125527,29454-B-1,,PAR,VEN,Q1,3:21,18,13,158,VEN,409358,Samuel,Niño,23,P2,"2PtsFG under the basket, layup missed",0,2,2PT,157,21
125527,29454-B-1,,PAR,VEN,Q1,2:52,18,13,158,VEN,378576,Williams,Anillo,18,P2,"2PtsFG under the basket, points after turnover, fadeaway jump shot missed",0,2,2PT,127,44
125527,29454-B-1,,PAR,VEN,Q1,2:41,18,13,120,PAR,409401,Nestor,Gonzalez,21,P2,2pt fadeaway jump shot missed,0,2,2PT,215,46
125527,29454-B-1,,PAR,VEN,Q1,2:31,18,13,158,VEN,378574,Julio,Vasquez,3,P2,2pt pullup jump shot missed,0,2,2PT,149,66
125527,29454-B-1,,PAR,VEN,Q1,2:20,20,13,120,PAR,331739,Mauricio,Escurra,14,P2,"2PtsFG under the basket, driving layup made",1,2,2PT,137,22
125527,29454-B-1,,PAR,VEN,Q1,2:03,20,15,158,VEN,378576,Williams,Anillo,18,P2,"2PtsFG under the basket, points from fastbreak + after turnover, layup made",1,2,2PT,134,29
125527,29454-B-1,,PAR,VEN,Q1,2:03,20,16,158,VEN,378576,Williams,Anillo,18,FT,Free throw made 1 of 1,1,1,FT,0,0
125527,29454-B-1,,PAR,VEN,Q1,1:42,20,16,120,PAR,331730,Alejandro,Talavera,6,P3,3pt jump shot missed,0,3,3PT,225,149
125527,29454-B-1,,PAR,VEN,Q1,1:20,20,18,158,VEN,378577,Kevin,Gutierrez,14,P2,"2PtsFG under the basket, layup made",1,2,2PT,142,29
125527,29454-B-1,,PAR,VEN,Q1,1:05,22,18,120,PAR,331739,Mauricio,Escurra,14,P2,"2PtsFG under the basket, driving layup made",1,2,2PT,141,18
125527,29454-B-1,,PAR,VEN,Q1,0:30,22,20,158,VEN,356334,Diego,Soto,26,P2,"2PtsFG under the basket, points after turnover, driving layup made",1,2,2PT,129,36
125527,29454-B-1,,PAR,VEN,Q1,0:30,22,20,158,VEN,356334,Diego,Soto,26,FT,1st free throw missed,0,1,FT,0,0
125527,29454-B-1,,PAR,VEN,Q1,0:21,22,22,158,VEN,378576,Williams,Anillo,18,P2,"2PtsFG under the basket, points after turnover, layup made",1,2,2PT,153,25
125527,29454-B-1,,PAR,VEN,Q1,0:05,22,22,120,PAR,331739,Mauricio,Escurra,14,P2,layup missed,0,2,2PT,142,14
125527,29454-B-1,,PAR,VEN,Q1,0:03,23,22,120,PAR,409402,Roberto,Radice,3,FT,1st of 2 free throws made,1,1,FT,0,0
125527,29454-B-1,,PAR,VEN,Q1,0:03,23,22,120,PAR,409402,Roberto,Radice,3,FT,2nd of 2 free throws missed,0,1,FT,0,0
125527,29454-B-1,,PAR,VEN,Q2,10:00,23,22,120,PAR,331738,Luis,Vera,5,P3,3pt jump shot missed,0,3,3PT,25,127
125527,29454-B-1,,PAR,VEN,Q2,9:40,23,22,120,PAR,409402,Roberto,Radice,3,P3,3pt jump shot missed,0,3,3PT,272,19
125527,29454-B-1,,PAR,VEN,Q2,9:21,23,22,158,VEN,378577,Kevin,Gutierrez,14,P2,"2PtsFG under the basket, layup missed",0,2,2PT,122,19
125527,29454-B-1,,PAR,VEN,Q2,9:03,23,22,120,PAR,409401,Nestor,Gonzalez,21,P2,"2PtsFG under the basket, layup missed",0,2,2PT,128,33
125527,29454-B-1,,PAR,VEN,Q2,9:01,23,22,120,PAR,409401,Nestor,Gonzalez,21,P2,"2PtsFG under the basket, layup missed",0,2,2PT,159,36
125527,29454-B-1,,PAR,VEN,Q2,8:40,23,22,158,VEN,409363,Richard,Segovia,4,P3,3pt jump shot missed,0,3,3PT,237,154
125527,29454-B-1,,PAR,VEN,Q2,8:05,23,24,158,VEN,409363,Richard,Segovia,4,P2,2pt fadeaway jump shot made,1,2,2PT,81,44
125527,29454-B-1,,PAR,VEN,Q2,7:52,23,24,120,PAR,331739,Mauricio,Escurra,14,P3,3pt jump shot missed,0,3,3PT,258,127
125527,29454-B-1,,PAR,VEN,Q2,7:44,23,24,120,PAR,409402,Roberto,Radice,3,P2,"2PtsFG inside paint, reverse lay-up missed",0,2,2PT,145,16
125527,29454-B-1,,PAR,VEN,Q2,7:38,25,24,120,PAR,409401,Nestor,Gonzalez,21,P2,layup made,1,2,2PT,158,16
125527,29454-B-1,,PAR,VEN,Q2,7:23,25,24,158,VEN,409360,Juan,Perdomo,9,P3,3pt jump shot missed,0,3,3PT,269,22
125527,29454-B-1,,PAR,VEN,Q2,7:05,25,24,120,PAR,331739,Mauricio,Escurra,14,P2,2pt pullup jump shot missed,0,2,2PT,234,88
125527,29454-B-1,,PAR,VEN,Q2,6:55,25,24,158,VEN,378577,Kevin,Gutierrez,14,FT,1st of 2 free throws missed,0,1,FT,0,0
125527,29454-B-1,,PAR,VEN,Q2,6:55,25,25,158,VEN,378577,Kevin,Gutierrez,14,FT,2nd of 2 free throws made,1,1,FT,0,0
125527,29454-B-1,,PAR,VEN,Q2,6:34,25,25,158,VEN,390925,Jose,Lara,7,P2,"2PtsFG under the basket, points after turnover, layup missed",0,2,2PT,140,25
125527,29454-B-1,,PAR,VEN,Q2,6:09,25,25,120,PAR,331738,Luis,Vera,5,P2,2pt fadeaway jump shot missed,0,2,2PT,54,35
125527,29454-B-1,,PAR,VEN,Q2,6:04,25,25,158,VEN,378577,Kevin,Gutierrez,14,P2,"2PtsFG under the basket, layup missed",0,2,2PT,161,30
125527,29454-B-1,,PAR,VEN,Q2,5:59,25,25,120,PAR,331738,Luis,Vera,5,FT,1st of 2 free throws missed,0,1,FT,0,0
125527,29454-B-1,,PAR,VEN,Q2,5:59,25,25,120,PAR,331738,Luis,Vera,5,FT,2nd of 2 free throws missed,0,1,FT,0,0
125527,29454-B-1,,PAR,VEN,Q2,5:36,25,27,158,VEN,409398,Isaac,Montero,20,P2,"2PtsFG under the basket, eurostep made",1,2,2PT,132,34
125527,29454-B-1,,PAR,VEN,Q2,5:24,25,27,120,PAR,331738,Luis,Vera,5,P3,3pt jump shot from center missed,0,3,3PT,138,196
125527,29454-B-1,,PAR,VEN,Q2,5:05,25,27,158,VEN,409398,Isaac,Montero,20,P2,"2PtsFG under the basket, hook shot missed",0,2,2PT,126,28
125527,29454-B-1,,PAR,VEN,Q2,5:02,25,27,158,VEN,409360,Juan,Perdomo,9,P2,"2PtsFG under the basket, layup missed",0,2,2PT,133,29
125527,29454-B-1,,PAR,VEN,Q2,4:58,25,27,158,VEN,390925,Jose,Lara,7,P2,layup missed,0,2,2PT,129,12
125527,29454-B-1,,PAR,VEN,Q2,4:52,25,27,120,PAR,401331,Maximiliano,Gimenez,34,P3,3pt jump shot missed,0,3,3PT,38,139
125527,29454-B-1,,PAR,VEN,Q2,4:47,27,27,120,PAR,409401,Nestor,Gonzalez,21,P2,"2PtsFG under the basket, hook shot made",1,2,2PT,145,19
125527,29454-B-1,,PAR,VEN,Q2,4:29,27,27,158,VEN,378577,Kevin,Gutierrez,14,FT,1st of 2 free throws missed,0,1,FT,0,0
125527,29454-B-1,,PAR,VEN,Q2,4:29,27,27,158,VEN,378577,Kevin,Gutierrez,14,FT,2nd of 2 free throws missed,0,1,FT,0,0
125527,29454-B-1,,PAR,VEN,Q2,4:17,30,27,120,PAR,331739,Mauricio,Escurra,14,P3,3pt jump shot made,1,3,3PT,267,90
125527,29454-B-1,,PAR,VEN,Q2,3:52,30,27,158,VEN,378574,Julio,Vasquez,3,P2,2pt fadeaway jump shot missed,0,2,2PT,93,119
125527,29454-B-1,,PAR,VEN,Q2,3:38,30,27,120,PAR,331730,Alejandro,Talavera,6,P3,3pt pullup jump shot missed,0,3,3PT,48,153
125527,29454-B-1,,PAR,VEN,Q2,3:20,30,27,158,VEN,409360,Juan,Perdomo,9,P2,"2PtsFG inside right, jump shot missed",0,2,2PT,206,46
125527,29454-B-1,,PAR,VEN,Q2,3:02,33,27,120,PAR,331739,Mauricio,Escurra,14,P3,3pt jump shot made,1,3,3PT,269,25
125527,29454-B-1,,PAR,VEN,Q2,2:51,33,27,120,PAR,331739,Mauricio,Escurra,14,P2,"2PtsFG under the basket, points after turnover, layup missed",0,2,2PT,128,22
125527,29454-B-1,,PAR,VEN,Q2,2:01,36,27,120,PAR,409402,Roberto,Radice,3,P3,3pt jump shot made,1,3,3PT,24,119
125527,29454-B-1,,PAR,VEN,Q2,1:42,36,27,158,VEN,378574,Julio,Vasquez,3,P3,3pt jump shot missed,0,3,3PT,240,128
125527,29454-B-1,,PAR,VEN,Q2,0:58,36,27,120,PAR,401331,Maximiliano,Gimenez,34,P3,3pt jump shot missed,0,3,3PT,224,142
125527,29454-B-1,,PAR,VEN,Q2,0:49,36,27,158,VEN,409358,Samuel,Niño,23,P3,3pt jump shot missed,0,3,3PT,9,26
125527,29454-B-1,,PAR,VEN,Q2,0:36,36,30,158,VEN,409360,Juan,Perdomo,9,P3,3pt jump shot made,1,3,3PT,44,144
125527,29454-B-1,,PAR,VEN,Q2,0:13,36,30,120,PAR,331739,Mauricio,Escurra,14,P2,layup missed,0,2,2PT,151,10
125527,29454-B-1,,PAR,VEN,Q2,0:03,36,30,158,VEN,378579,Deiker,Torres,2,FT,1st of 2 free throws missed,0,1,FT,0,0
125527,29454-B-1,,PAR,VEN,Q2,0:03,36,30,158,VEN,378579,Deiker,Torres,2,FT,2nd of 2 free throws missed,0,1,FT,0,0
125527,29454-B-1,,PAR,VEN,Q3,9:36,36,30,158,VEN,390925,Jose,Lara,7,P2,"2PtsFG under the basket, layup missed",0,2,2PT,147,21
125527,29454-B-1,,PAR,VEN,Q3,9:19,36,30,120,PAR,331738,Luis,Vera,5,P3,3pt jump shot missed,0,3,3PT,8,62
125527,29454-B-1,,PAR,VEN,Q3,9:12,36,30,120,PAR,331738,Luis,Vera,5,P3,3pt jump shot missed,0,3,3PT,241,135
125527,29454-B-1,,PAR,VEN,Q3,8:55,36,32,158,VEN,409360,Juan,Perdomo,9,P2,"2PtsFG under the basket, driving layup made",1,2,2PT,143,25
125527,29454-B-1,,PAR,VEN,Q3,8:42,38,32,120,PAR,409401,Nestor,Gonzalez,21,P2,"2PtsFG under the basket, hook shot made",1,2,2PT,123,26
125527,29454-B-1,,PAR,VEN,Q3,8:16,41,32,120,PAR,331730,Alejandro,Talavera,6,P3,"3PtsFG outside left, points from fastbreak + after turnover, jump shot made",1,3,3PT,31,131
125527,29454-B-1,,PAR,VEN,Q3,7:50,41,32,158,VEN,390925,Jose,Lara,7,P3,3pt jump shot missed,0,3,3PT,243,143
125527,29454-B-1,,PAR,VEN,Q3,7:31,41,32,120,PAR,331738,Luis,Vera,5,P3,3pt jump shot missed,0,3,3PT,9,32
125527,29454-B-1,,PAR,VEN,Q3,7:21,41,35,158,VEN,378579,Deiker,Torres,2,P3,3pt pullup jump shot made,1,3,3PT,161,174
125527,29454-B-1,,PAR,VEN,Q3,7:08,44,35,120,PAR,331730,Alejandro,Talavera,6,P3,3pt fadeaway jump shot made,1,3,3PT,155,172
125527,29454-B-1,,PAR,VEN,Q3,6:47,46,35,120,PAR,331738,Luis,Vera,5,P2,2pt pullup jump shot made,1,2,2PT,74,58
125527,29454-B-1,,PAR,VEN,Q3,6:16,46,35,120,PAR,331730,Alejandro,Talavera,6,P3,3pt jump shot missed,0,3,3PT,246,143
125527,29454-B-1,,PAR,VEN,Q3,6:05,46,35,158,VEN,378579,Deiker,Torres,2,P2,"2PtsFG under the basket, layup missed",0,2,2PT,164,23
125527,29454-B-1,,PAR,VEN,Q3,6:01,46,35,158,VEN,378577,Kevin,Gutierrez,14,P3,3pt jump shot missed,0,3,3PT,205,139
125527,29454-B-1,,PAR,VEN,Q3,5:27,46,35,120,PAR,331739,Mauricio,Escurra,14,P3,3pt jump shot missed,0,3,3PT,232,143
125527,29454-B-1,,PAR,VEN,Q3,5:23,46,35,158,VEN,378574,Julio,Vasquez,3,FT,1st of 2 free throws missed,0,1,FT,0,0
125527,29454-B-1,,PAR,VEN,Q3,5:23,46,36,158,VEN,378574,Julio,Vasquez,3,FT,2nd of 2 free throws made,1,1,FT,0,0
125527,29454-B-1,,PAR,VEN,Q3,5:16,46,38,158,VEN,378577,Kevin,Gutierrez,14,P2,"2PtsFG under the basket, hook shot made",1,2,2PT,149,42
125527,29454-B-1,,PAR,VEN,Q3,4:59,46,38,120,PAR,409402,Roberto,Radice,3,P3,3pt jump shot missed,0,3,3PT,270,27
125527,29454-B-1,,PAR,VEN,Q3,4:45,46,41,158,VEN,378577,Kevin,Gutierrez,14,P3,3pt jump shot made,1,3,3PT,29,119
125527,29454-B-1,,PAR,VEN,Q3,4:29,46,41,120,PAR,409402,Roberto,Radice,3,P3,3pt jump shot missed,0,3,3PT,36,143
125527,29454-B-1,,PAR,VEN,Q3,4:25,46,41,120,PAR,331738,Luis,Vera,5,P2,2pt fadeaway jump shot missed,0,2,2PT,176,34
125527,29454-B-1,,PAR,VEN,Q3,4:19,48,41,120,PAR,331738,Luis,Vera,5,P2,"2PtsFG inside right, jump shot made",1,2,2PT,212,120
125527,29454-B-1,,PAR,VEN,Q3,3:59,48,41,158,VEN,378574,Julio,Vasquez,3,FT,1st of 2 free throws missed,0,1,FT,0,0
125527,29454-B-1,,PAR,VEN,Q3,3:59,48,42,158,VEN,378574,Julio,Vasquez,3,FT,2nd of 2 free throws made,1,1,FT,0,0
125527,29454-B-1,,PAR,VEN,Q3,3:39,48,42,120,PAR,379182,Ezequiel,Cuellar,81,P3,3pt jump shot missed,0,3,3PT,10,48
125527,29454-B-1,,PAR,VEN,Q3,3:26,48,42,158,VEN,356334,Diego,Soto,26,P2,"2PtsFG under the basket, layup missed",0,2,2PT,150,18
125527,29454-B-1,,PAR,VEN,Q3,3:06,48,42,120,PAR,409402,Roberto,Radice,3,P2,2pt fadeaway jump shot missed,0,2,2PT,217,57
125527,29454-B-1,,PAR,VEN,Q3,2:46,48,42,158,VEN,378577,Kevin,Gutierrez,14,P2,"2PtsFG under the basket, turnaround jump shot missed",0,2,2PT,123,23
125527,29454-B-1,,PAR,VEN,Q3,2:46,48,43,158,VEN,409398,Isaac,Montero,20,FT,1st of 2 free throws made,1,1,FT,0,0
125527,29454-B-1,,PAR,VEN,Q3,2:46,48,44,158,VEN,409398,Isaac,Montero,20,FT,2nd of 2 free throws made,1,1,FT,0,0
125527,29454-B-1,,PAR,VEN,Q3,2:18,48,44,120,PAR,331739,Mauricio,Escurra,14,P2,"2PtsFG under the basket, points after turnover, layup missed",0,2,2PT,126,34
125527,29454-B-1,,PAR,VEN,Q3,2:08,48,44,158,VEN,378577,Kevin,Gutierrez,14,P3,3pt jump shot missed,0,3,3PT,62,146
125527,29454-B-1,,PAR,VEN,Q3,1:55,48,47,158,VEN,378576,Williams,Anillo,18,P3,3pt jump shot made,1,3,3PT,48,127
125527,29454-B-1,,PAR,VEN,Q3,1:39,51,47,120,PAR,331730,Alejandro,Talavera,6,P3,3pt fadeaway jump shot made,1,3,3PT,110,224
125527,29454-B-1,,PAR,VEN,Q3,1:21,51,47,158,VEN,378576,Williams,Anillo,18,P3,3pt jump shot missed,0,3,3PT,278,24
125527,29454-B-1,,PAR,VEN,Q3,1:08,51,47,120,PAR,331730,Alejandro,Talavera,6,FT,1st of 2 free throws missed,0,1,FT,0,0
125527,29454-B-1,,PAR,VEN,Q3,1:08,52,47,120,PAR,331730,Alejandro,Talavera,6,FT,2nd of 2 free throws made,1,1,FT,0,0
125527,29454-B-1,,PAR,VEN,Q3,0:50,52,47,158,VEN,378579,Deiker,Torres,2,P2,"2PtsFG under the basket, layup missed",0,2,2PT,149,26
125527,29454-B-1,,PAR,VEN,Q3,0:46,52,47,158,VEN,409358,Samuel,Niño,23,P2,layup missed,0,2,2PT,128,13
125527,29454-B-1,,PAR,VEN,Q3,0:35,52,47,158,VEN,390925,Jose,Lara,7,P3,3pt jump shot missed,0,3,3PT,12,23
125527,29454-B-1,,PAR,VEN,Q3,0:12,52,47,120,PAR,331730,Alejandro,Talavera,6,P2,"2PtsFG under the basket, points after turnover, layup missed",0,2,2PT,125,25
125527,29454-B-1,,PAR,VEN,Q3,0:03,52,47,158,VEN,378579,Deiker,Torres,2,P3,3pt jump shot from center missed,0,3,3PT,146,191
125527,29454-B-1,,PAR,VEN,Q4,9:47,52,47,158,VEN,409360,Juan,Perdomo,9,P3,3pt jump shot missed,0,3,3PT,39,134
125527,29454-B-1,,PAR,VEN,Q4,9:41,52,47,120,PAR,331730,Alejandro,Talavera,6,P3,3pt jump shot missed,0,3,3PT,32,123
125527,29454-B-1,,PAR,VEN,Q4,9:35,54,47,120,PAR,379182,Ezequiel,Cuellar,81,P2,2PtsFG under the basket made,1,2,2PT,140,31
125527,29454-B-1,,PAR,VEN,Q4,9:22,54,48,158,VEN,378577,Kevin,Gutierrez,14,FT,1st of 2 free throws made,1,1,FT,0,0
125527,29454-B-1,,PAR,VEN,Q4,9:22,54,48,158,VEN,378577,Kevin,Gutierrez,14,FT,2nd of 2 free throws missed,0,1,FT,0,0
125527,29454-B-1,,PAR,VEN,Q4,9:16,57,48,120,PAR,379182,Ezequiel,Cuellar,81,P3,3pt jump shot made,1,3,3PT,33,141
125527,29454-B-1,,PAR,VEN,Q4,8:59,57,48,158,VEN,409360,Juan,Perdomo,9,P2,"2PtsFG under the basket, layup missed",0,2,2PT,126,33
125527,29454-B-1,,PAR,VEN,Q4,8:46,57,48,158,VEN,409360,Juan,Perdomo,9,P2,"2PtsFG under the basket, points after turnover, layup missed",0,2,2PT,138,23
125527,29454-B-1,,PAR,VEN,Q4,8:43,57,50,158,VEN,378577,Kevin,Gutierrez,14,P2,"2PtsFG under the basket, points from second chance + after turnover made",1,2,2PT,140,31
125527,29454-B-1,,PAR,VEN,Q4,8:12,57,50,158,VEN,409363,Richard,Segovia,4,P2,2pt fadeaway jump shot missed,0,2,2PT,186,93
125527,29454-B-1,,PAR,VEN,Q4,7:50,57,51,158,VEN,409363,Richard,Segovia,4,FT,Free throw made 1 of 2,1,1,FT,0,0
125527,29454-B-1,,PAR,VEN,Q4,7:50,57,51,158,VEN,409363,Richard,Segovia,4,FT,Free throw missed 2 of 2,0,1,FT,0,0
125527,29454-B-1,,PAR,VEN,Q4,7:35,59,51,120,PAR,409401,Nestor,Gonzalez,21,P2,"2PtsFG under the basket, layup made",1,2,2PT,127,24
125527,29454-B-1,,PAR,VEN,Q4,7:35,60,51,120,PAR,409401,Nestor,Gonzalez,21,FT,1st free throw made,1,1,FT,0,0
125527,29454-B-1,,PAR,VEN,Q4,7:12,60,51,158,VEN,378576,Williams,Anillo,18,P2,"2PtsFG under the basket, fadeaway jump shot missed",0,2,2PT,145,46
125527,29454-B-1,,PAR,VEN,Q4,6:56,60,51,158,VEN,378579,Deiker,Torres,2,P2,"2PtsFG under the basket, turnaround jump shot missed",0,2,2PT,156,28
125527,29454-B-1,,PAR,VEN,Q4,6:09,60,51,120,PAR,409401,Nestor,Gonzalez,21,P2,"2PtsFG under the basket, points after turnover, layup missed",0,2,2PT,139,42
125527,29454-B-1,,PAR,VEN,Q4,5:52,60,53,158,VEN,378574,Julio,Vasquez,3,P2,layup made,1,2,2PT,156,13
125527,29454-B-1,,PAR,VEN,Q4,5:25,60,53,120,PAR,401331,Maximiliano,Gimenez,34,P3,3pt jump shot missed,0,3,3PT,7,45
125527,29454-B-1,,PAR,VEN,Q4,5:21,62,53,120,PAR,331739,Mauricio,Escurra,14,P2,2PtsFG under the basket made,1,2,2PT,140,31
125527,29454-B-1,,PAR,VEN,Q4,5:10,62,53,158,VEN,378577,Kevin,Gutierrez,14,P2,"2PtsFG under the basket, reverse lay-up missed",0,2,2PT,147,22
125527,29454-B-1,,PAR,VEN,Q4,5:02,62,53,120,PAR,409401,Nestor,Gonzalez,21,P2,"2PtsFG under the basket, layup missed",0,2,2PT,130,32
125527,29454-B-1,,PAR,VEN,Q4,4:51,62,53,158,VEN,378574,Julio,Vasquez,3,P2,2pt fadeaway jump shot missed,0,2,2PT,196,61
125527,29454-B-1,,PAR,VEN,Q4,4:46,62,53,158,VEN,378574,Julio,Vasquez,3,P2,"2PtsFG under the basket, layup missed",0,2,2PT,157,26
125527,29454-B-1,,PAR,VEN,Q4,4:23,62,53,120,PAR,331730,Alejandro,Talavera,6,P2,"2PtsFG under the basket, layup missed",0,2,2PT,146,18
125527,29454-B-1,,PAR,VEN,Q4,4:18,62,53,158,VEN,378579,Deiker,Torres,2,P3,3pt pullup jump shot missed,0,3,3PT,246,121
125527,29454-B-1,,PAR,VEN,Q4,4:00,62,53,120,PAR,401331,Maximiliano,Gimenez,34,P3,3pt jump shot missed,0,3,3PT,12,71
125527,29454-B-1,,PAR,VEN,Q4,3:50,62,53,158,VEN,378579,Deiker,Torres,2,P2,"2PtsFG under the basket, layup missed",0,2,2PT,147,27
125527,29454-B-1,,PAR,VEN,Q4,3:44,64,53,120,PAR,331739,Mauricio,Escurra,14,P2,"2PtsFG under the basket, fast break, layup made",1,2,2PT,130,32
125527,29454-B-1,,PAR,VEN,Q4,3:30,64,53,158,VEN,378579,Deiker,Torres,2,P3,3pt jump shot missed,0,3,3PT,213,147
125527,29454-B-1,,PAR,VEN,Q4,3:12,64,53,120,PAR,331739,Mauricio,Escurra,14,P2,"2PtsFG under the basket, layup missed",0,2,2PT,129,29
125527,29454-B-1,,PAR,VEN,Q4,2:58,64,53,158,VEN,378577,Kevin,Gutierrez,14,P3,3pt jump shot missed,0,3,3PT,40,121
125527,29454-B-1,,PAR,VEN,Q4,2:38,64,53,120,PAR,331738,Luis,Vera,5,P2,2pt fadeaway jump shot missed,0,2,2PT,56,50
125527,29454-B-1,,PAR,VEN,Q4,2:32,64,55,158,VEN,378579,Deiker,Torres,2,P2,"2PtsFG under the basket, turnaround jump shot made",1,2,2PT,128,26
125527,29454-B-1,,PAR,VEN,Q4,2:32,64,56,158,VEN,409363,Richard,Segovia,4,FT,1st free throw made,1,1,FT,0,0
125527,29454-B-1,,PAR,VEN,Q4,2:10,64,56,120,PAR,331730,Alejandro,Talavera,6,P3,3pt jump shot missed,0,3,3PT,267,107
125527,29454-B-1,,PAR,VEN,Q4,2:08,64,56,120,PAR,331738,Luis,Vera,5,P2,layup missed,0,2,2PT,140,12
125527,29454-B-1,,PAR,VEN,Q4,1:52,64,56,158,VEN,378577,Kevin,Gutierrez,14,P2,"2PtsFG inside paint, reverse lay-up missed",0,2,2PT,164,30
125527,29454-B-1,,PAR,VEN,Q4,1:48,64,56,158,VEN,378577,Kevin,Gutierrez,14,P2,"2PtsFG under the basket, layup missed",0,2,2PT,157,25
125527,29454-B-1,,PAR,VEN,Q4,1:34,64,56,158,VEN,378577,Kevin,Gutierrez,14,P2,"2PtsFG under the basket, points after turnover, layup missed",0,2,2PT,149,37
125527,29454-B-1,,PAR,VEN,Q4,1:21,64,56,120,PAR,331738,Luis,Vera,5,P2,2pt fadeaway jump shot missed,0,2,2PT,100,106
125527,29454-B-1,,PAR,VEN,Q4,1:18,66,56,120,PAR,331738,Luis,Vera,5,P2,layup made,1,2,2PT,109,19
125527,29454-B-1,,PAR,VEN,Q4,1:18,67,56,120,PAR,331738,Luis,Vera,5,FT,free throw made,1,1,FT,0,0
125527,29454-B-1,,PAR,VEN,Q4,1:04,67,56,120,PAR,401331,Maximiliano,Gimenez,34,P2,"2PtsFG under the basket, points after turnover, layup missed",0,2,2PT,132,23
125527,29454-B-1,,PAR,VEN,Q4,0:53,67,56,158,VEN,378576,Williams,Anillo,18,P3,3pt jump shot missed,0,3,3PT,12,15
125527,29454-B-1,,PAR,VEN,Q4,0:28,67,56,120,PAR,331739,Mauricio,Escurra,14,FT,Free throw missed 1 of 2,0,1,FT,0,0
125527,29454-B-1,,PAR,VEN,Q4,0:28,67,56,120,PAR,331739,Mauricio,Escurra,14,FT,Free throw missed 2 of 2,0,1,FT,0,0
125527,29454-B-1,,PAR,VEN,Q4,0:15,67,58,158,VEN,409360,Juan,Perdomo,9,P2,2pt fadeaway jump shot made,1,2,2PT,211,22
125527,29454-B-1,,PAR,VEN,Q4,0:04,67,58,120,PAR,331739,Mauricio,Escurra,14,P3,3pt jump shot missed,0,3,3PT,265,86
125528,29454-B-2,,BRA,CHI,Q1,9:30,0,0,27,BRA,330047,Pedro,Souza,25,P2,"2PtsFG under the basket, points after turnover, turnaround jump shot missed",0,2,2PT,148,22
125528,29454-B-2,,BRA,CHI,Q1,9:06,0,2,38,CHI,409018,Mateo,Velásquez,15,P2,2pt turnaround jump shot made,1,2,2PT,126,55
125528,29454-B-2,,BRA,CHI,Q1,8:53,0,2,27,BRA,374721,Eduardo,Santos,50,P2,2pt pullup jump shot missed,0,2,2PT,130,112
125528,29454-B-2,,BRA,CHI,Q1,8:30,0,2,27,BRA,330047,Pedro,Souza,25,P2,"2PtsFG under the basket, points after turnover, layup missed",0,2,2PT,143,22
125528,29454-B-2,,BRA,CHI,Q1,8:26,2,2,27,BRA,406939,Cristian,Ferreira,33,P2,"2PtsFG under the basket, points from second chance + after turnover made",1,2,2PT,140,31
125528,29454-B-2,,BRA,CHI,Q1,8:11,2,2,38,CHI,409016,Mathias,Hitschfeld,4,P2,2pt pullup jump shot missed,0,2,2PT,136,116
125528,29454-B-2,,BRA,CHI,Q1,7:53,2,2,38,CHI,331346,Francisco,Saravia,10,P2,"2PtsFG under the basket, points after turnover, layup missed",0,2,2PT,128,38
125528,29454-B-2,,BRA,CHI,Q1,7:46,5,2,27,BRA,374721,Eduardo,Santos,50,P3,3pt jump shot made,1,3,3PT,264,84
125528,29454-B-2,,BRA,CHI,Q1,7:23,5,2,38,CHI,329193,Agustin,Echeverria,8,P3,3pt jump shot missed,0,3,3PT,244,146
125528,29454-B-2,,BRA,CHI,Q1,7:17,7,2,27,BRA,330039,Joao,Neves,14,P2,2pt driving layup made,1,2,2PT,158,13
125528,29454-B-2,,BRA,CHI,Q1,6:58,9,2,27,BRA,374721,Eduardo,Santos,50,P2,"2PtsFG under the basket, points from fastbreak + after turnover, layup made",1,2,2PT,158,22
125528,29454-B-2,,BRA,CHI,Q1,6:58,9,2,27,BRA,374721,Eduardo,Santos,50,FT,Free throw missed 1 of 1,0,1,FT,0,0
125528,29454-B-2,,BRA,CHI,Q1,6:30,9,2,27,BRA,330039,Joao,Neves,14,P3,3pt jump shot missed,0,3,3PT,224,144
125528,29454-B-2,,BRA,CHI,Q1,6:00,9,2,27,BRA,374721,Eduardo,Santos,50,P3,3pt jump shot missed,0,3,3PT,161,167
125528,29454-B-2,,BRA,CHI,Q1,5:51,9,4,38,CHI,350728,Pedro,Stuardo,9,P2,2pt driving layup made,1,2,2PT,165,19
125528,29454-B-2,,BRA,CHI,Q1,5:45,11,4,27,BRA,330039,Joao,Neves,14,P2,"2PtsFG under the basket, fast break, layup made",1,2,2PT,140,29
125528,29454-B-2,,BRA,CHI,Q1,5:20,11,7,38,CHI,409010,Mateo,Castro,3,P3,3pt jump shot made,1,3,3PT,6,43
125528,29454-B-2,,BRA,CHI,Q1,5:05,14,7,27,BRA,405101,Pietro,Melo,10,P3,3pt jump shot made,1,3,3PT,249,165
125528,29454-B-2,,BRA,CHI,Q1,4:50,14,7,38,CHI,356339,Maximiliano,Quezada,17,P2,"2PtsFG under the basket, layup missed",0,2,2PT,127,33
125528,29454-B-2,,BRA,CHI,Q1,4:46,14,7,38,CHI,356339,Maximiliano,Quezada,17,P2,"2PtsFG under the basket, layup missed",0,2,2PT,130,32
125528,29454-B-2,,BRA,CHI,Q1,4:42,14,9,38,CHI,409010,Mateo,Castro,3,P2,layup made,1,2,2PT,113,16
125528,29454-B-2,,BRA,CHI,Q1,4:36,17,9,27,BRA,405101,Pietro,Melo,10,P3,3pt jump shot made,1,3,3PT,11,20
125528,29454-B-2,,BRA,CHI,Q1,4:21,17,11,38,CHI,377876,Tomas,La Rivera,2,P2,2pt pullup jump shot made,1,2,2PT,64,78
125528,29454-B-2,,BRA,CHI,Q1,4:11,17,11,27,BRA,405101,Pietro,Melo,10,P3,3pt jump shot missed,0,3,3PT,253,135
125528,29454-B-2,,BRA,CHI,Q1,3:41,17,11,27,BRA,330047,Pedro,Souza,25,P3,3pt jump shot missed,0,3,3PT,268,68
125528,29454-B-2,,BRA,CHI,Q1,3:22,17,12,38,CHI,409010,Mateo,Castro,3,FT,1st of 2 free throws made,1,1,FT,0,0
125528,29454-B-2,,BRA,CHI,Q1,3:22,17,12,38,CHI,409010,Mateo,Castro,3,FT,2nd of 2 free throws missed,0,1,FT,0,0
125528,29454-B-2,,BRA,CHI,Q1,3:21,17,14,38,CHI,350728,Pedro,Stuardo,9,P2,2pt fadeaway jump shot made,1,2,2PT,205,9
125528,29454-B-2,,BRA,CHI,Q1,3:21,17,14,38,CHI,350728,Pedro,Stuardo,9,FT,free throw missed,0,1,FT,0,0
125528,29454-B-2,,BRA,CHI,Q1,3:08,17,16,38,CHI,409018,Mateo,Velásquez,15,P2,"2PtsFG under the basket, hook shot made",1,2,2PT,143,33
125528,29454-B-2,,BRA,CHI,Q1,2:54,17,16,27,BRA,374721,Eduardo,Santos,50,FT,1st of 2 free throws missed,0,1,FT,0,0
125528,29454-B-2,,BRA,CHI,Q1,2:54,17,16,27,BRA,374721,Eduardo,Santos,50,FT,2nd of 2 free throws missed,0,1,FT,0,0
125528,29454-B-2,,BRA,CHI,Q1,2:43,20,16,27,BRA,331414,Isaiah,Santos,45,P3,3pt jump shot made,1,3,3PT,10,21
125528,29454-B-2,,BRA,CHI,Q1,2:21,20,16,38,CHI,378907,Luis,Musrri,0,P3,3pt jump shot missed,0,3,3PT,225,146
125528,29454-B-2,,BRA,CHI,Q1,2:10,20,18,38,CHI,350728,Pedro,Stuardo,9,P2,"2PtsFG under the basket, eurostep made",1,2,2PT,123,28
125528,29454-B-2,,BRA,CHI,Q1,1:56,20,18,27,BRA,331414,Isaiah,Santos,45,P2,layup missed,0,2,2PT,168,20
125528,29454-B-2,,BRA,CHI,Q1,1:49,20,18,27,BRA,330039,Joao,Neves,14,P3,3pt jump shot missed,0,3,3PT,218,170
125528,29454-B-2,,BRA,CHI,Q1,1:48,21,18,27,BRA,331414,Isaiah,Santos,45,FT,1st of 2 free throws made,1,1,FT,0,0
125528,29454-B-2,,BRA,CHI,Q1,1:48,21,18,27,BRA,331414,Isaiah,Santos,45,FT,2nd of 2 free throws missed,0,1,FT,0,0
125528,29454-B-2,,BRA,CHI,Q1,1:47,23,18,27,BRA,408792,Pedro,Alves,6,P2,layup made,1,2,2PT,137,13
125528,29454-B-2,,BRA,CHI,Q1,1:24,23,21,38,CHI,409010,Mateo,Castro,3,P3,3pt jump shot made,1,3,3PT,260,126
125528,29454-B-2,,BRA,CHI,Q1,1:06,26,21,27,BRA,331414,Isaiah,Santos,45,P3,3pt jump shot made,1,3,3PT,6,31
125528,29454-B-2,,BRA,CHI,Q1,0:41,26,21,38,CHI,350728,Pedro,Stuardo,9,P2,2pt turnaround jump shot missed,0,2,2PT,121,64
125528,29454-B-2,,BRA,CHI,Q1,0:16,26,21,27,BRA,330039,Joao,Neves,14,P3,3pt jump shot missed,0,3,3PT,60,158
125528,29454-B-2,,BRA,CHI,Q2,9:51,26,21,27,BRA,330039,Joao,Neves,14,P3,3pt jump shot missed,0,3,3PT,250,123
125528,29454-B-2,,BRA,CHI,Q2,9:47,26,21,27,BRA,331414,Isaiah,Santos,45,P2,2PtsFG under the basket missed,0,2,2PT,140,31
125528,29454-B-2,,BRA,CHI,Q2,9:45,28,21,27,BRA,331414,Isaiah,Santos,45,P2,layup made,1,2,2PT,168,18
125528,29454-B-2,,BRA,CHI,Q2,9:32,28,21,38,CHI,409018,Mateo,Velásquez,15,P2,2pt fadeaway jump shot missed,0,2,2PT,86,82
125528,29454-B-2,,BRA,CHI,Q2,9:16,28,21,27,BRA,405108,Matheus,Nascimento,3,P3,3pt jump shot missed,0,3,3PT,274,18
125528,29454-B-2,,BRA,CHI,Q2,9:12,30,21,27,BRA,405108,Matheus,Nascimento,3,P2,"2PtsFG under the basket, layup made",1,2,2PT,164,27
125528,29454-B-2,,BRA,CHI,Q2,8:50,30,23,38,CHI,378907,Luis,Musrri,0,P2,"2PtsFG under the basket, driving layup made",1,2,2PT,149,23
125528,29454-B-2,,BRA,CHI,Q2,8:31,30,23,27,BRA,405108,Matheus,Nascimento,3,P3,3pt jump shot missed,0,3,3PT,270,31
125528,29454-B-2,,BRA,CHI,Q2,8:27,32,23,27,BRA,405103,João Marcelo,De Rinalde,99,P2,2PtsFG under the basket made,1,2,2PT,140,31
125528,29454-B-2,,BRA,CHI,Q2,8:10,32,23,38,CHI,378907,Luis,Musrri,0,P3,3pt jump shot missed,0,3,3PT,66,175
125528,29454-B-2,,BRA,CHI,Q2,7:54,32,23,38,CHI,329193,Agustin,Echeverria,8,P3,3pt jump shot missed,0,3,3PT,14,76
125528,29454-B-2,,BRA,CHI,Q2,7:45,32,23,27,BRA,330039,Joao,Neves,14,P3,3pt jump shot missed,0,3,3PT,264,91
125528,29454-B-2,,BRA,CHI,Q2,7:39,32,23,38,CHI,329193,Agustin,Echeverria,8,P2,"2PtsFG under the basket, eurostep missed",0,2,2PT,158,29
125528,29454-B-2,,BRA,CHI,Q2,7:31,32,23,27,BRA,405100,João,Bandiera,11,P3,3pt jump shot missed,0,3,3PT,12,97
125528,29454-B-2,,BRA,CHI,Q2,7:21,32,25,38,CHI,378907,Luis,Musrri,0,P2,"2PtsFG under the basket, fast break, driving layup made",1,2,2PT,120,25
125528,29454-B-2,,BRA,CHI,Q2,7:05,32,25,27,BRA,331414,Isaiah,Santos,45,P3,3pt jump shot missed,0,3,3PT,258,111
125528,29454-B-2,,BRA,CHI,Q2,7:05,32,25,27,BRA,330047,Pedro,Souza,25,P2,layup missed,0,2,2PT,168,103
125528,29454-B-2,,BRA,CHI,Q2,6:38,32,25,27,BRA,361295,Joao Gabriel,Fernandes,8,P3,3pt jump shot missed,0,3,3PT,66,174
125528,29454-B-2,,BRA,CHI,Q2,6:31,32,25,38,CHI,331346,Francisco,Saravia,10,P2,"2PtsFG under the basket, layup missed",0,2,2PT,125,33
125528,29454-B-2,,BRA,CHI,Q2,6:30,33,25,27,BRA,405101,Pietro,Melo,10,FT,1st free throw made,1,1,FT,0,0
125528,29454-B-2,,BRA,CHI,Q2,6:18,33,25,38,CHI,331346,Francisco,Saravia,10,P2,"2PtsFG under the basket, points after turnover, layup missed",0,2,2PT,139,48
125528,29454-B-2,,BRA,CHI,Q2,5:57,36,25,27,BRA,405101,Pietro,Melo,10,P3,3pt step back jump shot made,1,3,3PT,67,150
125528,29454-B-2,,BRA,CHI,Q2,5:38,36,25,38,CHI,378907,Luis,Musrri,0,P2,"2PtsFG under the basket, layup missed",0,2,2PT,130,23
125528,29454-B-2,,BRA,CHI,Q2,5:33,36,25,27,BRA,330047,Pedro,Souza,25,FT,1st of 2 free throws missed,0,1,FT,0,0
125528,29454-B-2,,BRA,CHI,Q2,5:33,37,25,27,BRA,330047,Pedro,Souza,25,FT,2nd of 2 free throws made,1,1,FT,0,0
125528,29454-B-2,,BRA,CHI,Q2,5:03,37,25,27,BRA,330047,Pedro,Souza,25,P3,3pt jump shot missed,0,3,3PT,66,163
125528,29454-B-2,,BRA,CHI,Q2,4:57,37,25,27,BRA,405082,Caio,Mathias,2,P3,3pt fadeaway jump shot missed,0,3,3PT,218,161
125528,29454-B-2,,BRA,CHI,Q2,4:44,37,25,27,BRA,406939,Cristian,Ferreira,33,P2,layup missed,0,2,2PT,130,0
125528,29454-B-2,,BRA,CHI,Q2,4:41,37,25,27,BRA,406939,Cristian,Ferreira,33,P2,layup missed,0,2,2PT,138,11
125528,29454-B-2,,BRA,CHI,Q2,4:30,39,25,27,BRA,330047,Pedro,Souza,25,P2,"2PtsFG under the basket, points after turnover, reverse lay-up made",1,2,2PT,144,33
125528,29454-B-2,,BRA,CHI,Q2,4:12,39,28,38,CHI,331346,Francisco,Saravia,10,P3,3pt pullup jump shot made,1,3,3PT,42,156
125528,29454-B-2,,BRA,CHI,Q2,4:10,39,29,38,CHI,331346,Francisco,Saravia,10,FT,1st free throw made,1,1,FT,0,0
125528,29454-B-2,,BRA,CHI,Q2,3:42,39,29,38,CHI,393122,Gabriel,Pachano,1,P3,3pt jump shot missed,0,3,3PT,200,165
125528,29454-B-2,,BRA,CHI,Q2,3:36,39,29,27,BRA,361295,Joao Gabriel,Fernandes,8,P3,3pt jump shot missed,0,3,3PT,271,13
125528,29454-B-2,,BRA,CHI,Q2,3:22,39,31,38,CHI,331346,Francisco,Saravia,10,P2,"2PtsFG under the basket, driving layup made",1,2,2PT,118,25
125528,29454-B-2,,BRA,CHI,Q2,3:08,42,31,27,BRA,405101,Pietro,Melo,10,P3,3pt jump shot made,1,3,3PT,60,159
125528,29454-B-2,,BRA,CHI,Q2,2:53,42,31,38,CHI,356339,Maximiliano,Quezada,17,P2,layup missed,0,2,2PT,137,56
125528,29454-B-2,,BRA,CHI,Q2,2:37,42,31,27,BRA,405101,Pietro,Melo,10,P2,"2PtsFG under the basket, eurostep missed",0,2,2PT,145,27
125528,29454-B-2,,BRA,CHI,Q2,2:16,42,31,38,CHI,331346,Francisco,Saravia,10,P2,"2PtsFG inside center, jump shot missed",0,2,2PT,148,126
125528,29454-B-2,,BRA,CHI,Q2,2:07,42,31,27,BRA,405108,Matheus,Nascimento,3,P3,3pt jump shot missed,0,3,3PT,273,21
125528,29454-B-2,,BRA,CHI,Q2,2:02,42,31,27,BRA,331414,Isaiah,Santos,45,P3,3pt fadeaway jump shot missed,0,3,3PT,133,180
125528,29454-B-2,,BRA,CHI,Q2,1:54,42,31,27,BRA,330039,Joao,Neves,14,P2,2pt fadeaway jump shot missed,0,2,2PT,171,48
125528,29454-B-2,,BRA,CHI,Q2,1:47,43,31,27,BRA,331414,Isaiah,Santos,45,FT,1st of 2 free throws made,1,1,FT,0,0
125528,29454-B-2,,BRA,CHI,Q2,1:47,43,31,27,BRA,331414,Isaiah,Santos,45,FT,2nd of 2 free throws missed,0,1,FT,0,0
125528,29454-B-2,,BRA,CHI,Q2,1:28,43,31,38,CHI,331346,Francisco,Saravia,10,P2,"2PtsFG under the basket, driving layup missed",0,2,2PT,139,31
125528,29454-B-2,,BRA,CHI,Q2,1:14,43,33,38,CHI,331346,Francisco,Saravia,10,P2,"2PtsFG under the basket, driving layup made",1,2,2PT,122,33
125528,29454-B-2,,BRA,CHI,Q2,1:05,45,33,27,BRA,331414,Isaiah,Santos,45,P2,layup made,1,2,2PT,99,31
125528,29454-B-2,,BRA,CHI,Q2,0:53,45,35,38,CHI,331346,Francisco,Saravia,10,P2,"2PtsFG under the basket, layup made",1,2,2PT,116,23
125528,29454-B-2,,BRA,CHI,Q2,0:29,45,35,27,BRA,405101,Pietro,Melo,10,P3,3pt jump shot missed,0,3,3PT,273,62
125528,29454-B-2,,BRA,CHI,Q2,0:08,45,35,27,BRA,331414,Isaiah,Santos,45,P2,layup missed,0,2,2PT,131,17
125528,29454-B-2,,BRA,CHI,Q2,0:00,45,35,38,CHI,331346,Francisco,Saravia,10,P2,"2PtsFG under the basket, layup missed",0,2,2PT,157,29
125528,29454-B-2,,BRA,CHI,Q3,9:44,45,37,38,CHI,350728,Pedro,Stuardo,9,P2,"2PtsFG under the basket, layup made",1,2,2PT,132,20
125528,29454-B-2,,BRA,CHI,Q3,9:26,48,37,27,BRA,330039,Joao,Neves,14,P3,3pt jump shot made,1,3,3PT,37,144
125528,29454-B-2,,BRA,CHI,Q3,9:12,48,39,38,CHI,350728,Pedro,Stuardo,9,P2,"2PtsFG inside right, jump shot made",1,2,2PT,228,114
125528,29454-B-2,,BRA,CHI,Q3,8:51,50,39,27,BRA,374721,Eduardo,Santos,50,P2,"2PtsFG under the basket, layup made",1,2,2PT,127,29
125528,29454-B-2,,BRA,CHI,Q3,8:37,50,39,38,CHI,331346,Francisco,Saravia,10,P2,2pt pullup jump shot missed,0,2,2PT,215,17
125528,29454-B-2,,BRA,CHI,Q3,8:08,50,39,27,BRA,330039,Joao,Neves,14,P3,3pt jump shot missed,0,3,3PT,250,129
125528,29454-B-2,,BRA,CHI,Q3,7:56,50,39,27,BRA,330047,Pedro,Souza,25,P3,3pt jump shot missed,0,3,3PT,176,180
125528,29454-B-2,,BRA,CHI,Q3,7:44,50,39,38,CHI,409018,Mateo,Velásquez,15,P3,3pt jump shot from center missed,0,3,3PT,194,179
125528,29454-B-2,,BRA,CHI,Q3,7:30,50,40,38,CHI,331346,Francisco,Saravia,10,FT,1st of 2 free throws made,1,1,FT,0,0
125528,29454-B-2,,BRA,CHI,Q3,7:30,50,41,38,CHI,331346,Francisco,Saravia,10,FT,2nd of 2 free throws made,1,1,FT,0,0
125528,29454-B-2,,BRA,CHI,Q3,7:15,53,41,27,BRA,330047,Pedro,Souza,25,P3,3pt jump shot from center made,1,3,3PT,131,195
125528,29454-B-2,,BRA,CHI,Q3,6:58,53,44,38,CHI,409010,Mateo,Castro,3,P3,3pt jump shot made,1,3,3PT,271,23
125528,29454-B-2,,BRA,CHI,Q3,6:44,56,44,27,BRA,405101,Pietro,Melo,10,P3,3pt jump shot made,1,3,3PT,9,64
125528,29454-B-2,,BRA,CHI,Q3,6:26,56,44,38,CHI,350728,Pedro,Stuardo,9,P2,layup missed,0,2,2PT,166,2
125528,29454-B-2,,BRA,CHI,Q3,6:16,56,44,38,CHI,331346,Francisco,Saravia,10,P3,3pt step back jump shot missed,0,3,3PT,205,147
125528,29454-B-2,,BRA,CHI,Q3,6:07,56,44,27,BRA,374721,Eduardo,Santos,50,P3,3pt jump shot missed,0,3,3PT,23,113
125528,29454-B-2,,BRA,CHI,Q3,5:47,56,44,38,CHI,350728,Pedro,Stuardo,9,P2,2pt fadeaway jump shot missed,0,2,2PT,45,82
125528,29454-B-2,,BRA,CHI,Q3,5:41,56,46,38,CHI,331346,Francisco,Saravia,10,P2,"2PtsFG under the basket, layup made",1,2,2PT,153,20
125528,29454-B-2,,BRA,CHI,Q3,5:29,59,46,27,BRA,330047,Pedro,Souza,25,P3,3pt fadeaway jump shot made,1,3,3PT,89,183
125528,29454-B-2,,BRA,CHI,Q3,5:14,59,46,38,CHI,350728,Pedro,Stuardo,9,P3,3pt jump shot missed,0,3,3PT,225,137
125528,29454-B-2,,BRA,CHI,Q3,5:09,59,46,27,BRA,374721,Eduardo,Santos,50,FT,1st of 2 free throws missed,0,1,FT,0,0
125528,29454-B-2,,BRA,CHI,Q3,5:09,59,46,27,BRA,374721,Eduardo,Santos,50,FT,2nd of 2 free throws missed,0,1,FT,0,0
125528,29454-B-2,,BRA,CHI,Q3,5:07,61,46,27,BRA,408792,Pedro,Alves,6,P2,"2PtsFG under the basket, hook shot made",1,2,2PT,136,25
125528,29454-B-2,,BRA,CHI,Q3,4:29,62,46,27,BRA,374721,Eduardo,Santos,50,FT,1st of 2 free throws made,1,1,FT,0,0
125528,29454-B-2,,BRA,CHI,Q3,4:29,63,46,27,BRA,374721,Eduardo,Santos,50,FT,2nd of 2 free throws made,1,1,FT,0,0
125528,29454-B-2,,BRA,CHI,Q3,4:11,63,46,38,CHI,331346,Francisco,Saravia,10,P3,3pt step back jump shot missed,0,3,3PT,261,119
125528,29454-B-2,,BRA,CHI,Q3,4:00,65,46,27,BRA,331414,Isaiah,Santos,45,P2,"2PtsFG under the basket, points from fastbreak + after turnover, dunk made",1,2,2PT,131,34
125528,29454-B-2,,BRA,CHI,Q3,3:45,65,46,38,CHI,331346,Francisco,Saravia,10,P2,layup missed,0,2,2PT,159,59
125528,29454-B-2,,BRA,CHI,Q3,3:30,65,46,27,BRA,405108,Matheus,Nascimento,3,P3,3pt jump shot missed,0,3,3PT,217,149
125528,29454-B-2,,BRA,CHI,Q3,3:16,65,46,27,BRA,361295,Joao Gabriel,Fernandes,8,P2,"2PtsFG inside left, jump shot missed",0,2,2PT,39,88
125528,29454-B-2,,BRA,CHI,Q3,3:01,67,46,27,BRA,331414,Isaiah,Santos,45,P2,"2PtsFG under the basket, layup made",1,2,2PT,125,25
125528,29454-B-2,,BRA,CHI,Q3,2:50,67,46,38,CHI,409018,Mateo,Velásquez,15,P2,"2PtsFG inside center, jump shot missed",0,2,2PT,149,127
125528,29454-B-2,,BRA,CHI,Q3,2:46,67,46,27,BRA,331414,Isaiah,Santos,45,FT,1st of 2 free throws missed,0,1,FT,0,0
125528,29454-B-2,,BRA,CHI,Q3,2:46,68,46,27,BRA,331414,Isaiah,Santos,45,FT,2nd of 2 free throws made,1,1,FT,0,0
125528,29454-B-2,,BRA,CHI,Q3,2:30,68,46,38,CHI,378907,Luis,Musrri,0,P2,layup missed,0,2,2PT,155,47
125528,29454-B-2,,BRA,CHI,Q3,2:27,68,46,38,CHI,378907,Luis,Musrri,0,P2,"2PtsFG under the basket, layup missed",0,2,2PT,142,29
125528,29454-B-2,,BRA,CHI,Q3,2:14,71,46,27,BRA,361295,Joao Gabriel,Fernandes,8,P3,3pt jump shot made,1,3,3PT,217,156
125528,29454-B-2,,BRA,CHI,Q3,1:57,71,46,38,CHI,331346,Francisco,Saravia,10,P2,"2PtsFG under the basket, layup missed",0,2,2PT,119,27
125528,29454-B-2,,BRA,CHI,Q3,1:48,71,49,38,CHI,393122,Gabriel,Pachano,1,P3,3pt jump shot made,1,3,3PT,12,9
125528,29454-B-2,,BRA,CHI,Q3,1:26,74,49,27,BRA,405100,João,Bandiera,11,P3,3pt jump shot made,1,3,3PT,31,122
125528,29454-B-2,,BRA,CHI,Q3,1:09,74,49,38,CHI,378907,Luis,Musrri,0,P2,"2PtsFG under the basket, layup missed",0,2,2PT,122,28
125528,29454-B-2,,BRA,CHI,Q3,1:03,74,49,27,BRA,405108,Matheus,Nascimento,3,P2,layup missed,0,2,2PT,163,35
125528,29454-B-2,,BRA,CHI,Q3,0:57,74,49,38,CHI,378907,Luis,Musrri,0,P2,"2PtsFG under the basket, layup missed",0,2,2PT,140,40
125528,29454-B-2,,BRA,CHI,Q3,0:49,74,49,27,BRA,331414,Isaiah,Santos,45,P3,3pt jump shot missed,0,3,3PT,40,151
125528,29454-B-2,,BRA,CHI,Q3,0:41,74,49,27,BRA,405100,João,Bandiera,11,P3,3pt jump shot missed,0,3,3PT,2,19
125528,29454-B-2,,BRA,CHI,Q3,0:35,74,49,27,BRA,361295,Joao Gabriel,Fernandes,8,P3,3pt jump shot missed,0,3,3PT,224,143
125528,29454-B-2,,BRA,CHI,Q3,0:27,74,50,38,CHI,393122,Gabriel,Pachano,1,FT,1st of 2 free throws made,1,1,FT,0,0
125528,29454-B-2,,BRA,CHI,Q3,0:27,74,51,38,CHI,393122,Gabriel,Pachano,1,FT,2nd of 2 free throws made,1,1,FT,0,0
125528,29454-B-2,,BRA,CHI,Q3,0:09,74,53,38,CHI,350728,Pedro,Stuardo,9,P2,"2PtsFG under the basket, points from fastbreak + after turnover, layup made",1,2,2PT,141,25
125528,29454-B-2,,BRA,CHI,Q4,9:39,74,53,38,CHI,409016,Mathias,Hitschfeld,4,P2,layup missed,0,2,2PT,149,4
125528,29454-B-2,,BRA,CHI,Q4,9:14,76,53,27,BRA,330047,Pedro,Souza,25,P2,"2PtsFG under the basket, layup made",1,2,2PT,134,25
125528,29454-B-2,,BRA,CHI,Q4,8:55,76,56,38,CHI,393122,Gabriel,Pachano,1,P3,3pt jump shot made,1,3,3PT,230,142
125528,29454-B-2,,BRA,CHI,Q4,8:41,76,56,27,BRA,330039,Joao,Neves,14,P3,3pt jump shot missed,0,3,3PT,229,142
125528,29454-B-2,,BRA,CHI,Q4,8:37,78,56,27,BRA,330047,Pedro,Souza,25,P2,"2PtsFG under the basket, layup made",1,2,2PT,134,29
125528,29454-B-2,,BRA,CHI,Q4,8:37,79,56,27,BRA,330047,Pedro,Souza,25,FT,free throw made,1,1,FT,0,0
125528,29454-B-2,,BRA,CHI,Q4,8:14,79,56,27,BRA,330047,Pedro,Souza,25,P2,layup missed,0,2,2PT,115,29
125528,29454-B-2,,BRA,CHI,Q4,7:52,79,58,38,CHI,350728,Pedro,Stuardo,9,P2,"2PtsFG under the basket, layup made",1,2,2PT,156,29
125528,29454-B-2,,BRA,CHI,Q4,7:44,79,58,27,BRA,406939,Cristian,Ferreira,33,P2,"2PtsFG under the basket, layup missed",0,2,2PT,142,19
125528,29454-B-2,,BRA,CHI,Q4,7:36,79,58,38,CHI,409016,Mathias,Hitschfeld,4,P3,3pt jump shot missed,0,3,3PT,263,109
125528,29454-B-2,,BRA,CHI,Q4,7:20,79,58,38,CHI,376093,Tomas,Pino,7,P2,"2PtsFG inside center, jump shot missed",0,2,2PT,92,114
125528,29454-B-2,,BRA,CHI,Q4,7:15,79,58,38,CHI,393122,Gabriel,Pachano,1,P3,3pt turnaround jump shot missed,0,3,3PT,12,15
125528,29454-B-2,,BRA,CHI,Q4,7:06,79,60,38,CHI,393122,Gabriel,Pachano,1,P2,"2PtsFG inside paint, points from fastbreak + after turnover, reverse lay-up made",1,2,2PT,158,13
125528,29454-B-2,,BRA,CHI,Q4,6:57,81,60,27,BRA,330039,Joao,Neves,14,P2,"2PtsFG under the basket, layup made",1,2,2PT,143,27
125528,29454-B-2,,BRA,CHI,Q4,6:38,81,60,38,CHI,409016,Mathias,Hitschfeld,4,FT,1st of 2 free throws missed,0,1,FT,0,0
125528,29454-B-2,,BRA,CHI,Q4,6:38,81,61,38,CHI,409016,Mathias,Hitschfeld,4,FT,2nd of 2 free throws made,1,1,FT,0,0
125528,29454-B-2,,BRA,CHI,Q4,6:22,81,61,27,BRA,361295,Joao Gabriel,Fernandes,8,P3,3pt jump shot missed,0,3,3PT,7,58
125528,29454-B-2,,BRA,CHI,Q4,6:14,81,61,38,CHI,393122,Gabriel,Pachano,1,P3,3pt fadeaway jump shot missed,0,3,3PT,246,149
125528,29454-B-2,,BRA,CHI,Q4,6:03,81,61,27,BRA,405108,Matheus,Nascimento,3,P3,3pt jump shot missed,0,3,3PT,263,32
125528,29454-B-2,,BRA,CHI,Q4,5:59,81,61,27,BRA,405101,Pietro,Melo,10,P3,3pt jump shot missed,0,3,3PT,248,135
125528,29454-B-2,,BRA,CHI,Q4,5:37,81,61,38,CHI,409010,Mateo,Castro,3,P3,3pt fadeaway jump shot missed,0,3,3PT,243,112
125528,29454-B-2,,BRA,CHI,Q4,5:32,83,61,27,BRA,406939,Cristian,Ferreira,33,P2,"2PtsFG under the basket, fast break, alley oop dunk made",1,2,2PT,138,39
125528,29454-B-2,,BRA,CHI,Q4,5:08,83,64,38,CHI,393122,Gabriel,Pachano,1,P3,3pt step back jump shot made,1,3,3PT,56,141
125528,29454-B-2,,BRA,CHI,Q4,4:46,83,64,27,BRA,405108,Matheus,Nascimento,3,P3,3pt jump shot missed,0,3,3PT,269,46
125528,29454-B-2,,BRA,CHI,Q4,4:41,83,64,27,BRA,405101,Pietro,Melo,10,P3,3pt jump shot missed,0,3,3PT,187,161
125528,29454-B-2,,BRA,CHI,Q4,4:34,86,64,27,BRA,405108,Matheus,Nascimento,3,P3,3pt jump shot made,1,3,3PT,273,20
125528,29454-B-2,,BRA,CHI,Q4,4:14,86,67,38,CHI,376093,Tomas,Pino,7,P3,3pt jump shot made,1,3,3PT,273,38
125528,29454-B-2,,BRA,CHI,Q4,4:05,86,67,27,BRA,330039,Joao,Neves,14,P3,3pt jump shot missed,0,3,3PT,23,111
125528,29454-B-2,,BRA,CHI,Q4,4:00,87,67,27,BRA,405101,Pietro,Melo,10,FT,1st of 2 free throws made,1,1,FT,0,0
125528,29454-B-2,,BRA,CHI,Q4,4:00,87,67,27,BRA,405101,Pietro,Melo,10,FT,2nd of 2 free throws missed,0,1,FT,0,0
125528,29454-B-2,,BRA,CHI,Q4,3:32,87,67,27,BRA,331414,Isaiah,Santos,45,P2,"2PtsFG inside left, points after turnover, jump shot missed",0,2,2PT,40,73
125528,29454-B-2,,BRA,CHI,Q4,3:25,87,69,38,CHI,393122,Gabriel,Pachano,1,P2,layup made,1,2,2PT,159,0
125528,29454-B-2,,BRA,CHI,Q4,3:06,87,69,27,BRA,405108,Matheus,Nascimento,3,P3,3pt jump shot missed,0,3,3PT,272,30
125528,29454-B-2,,BRA,CHI,Q4,3:02,89,69,27,BRA,374721,Eduardo,Santos,50,P2,2PtsFG under the basket made,1,2,2PT,140,31
125528,29454-B-2,,BRA,CHI,Q4,2:48,89,69,38,CHI,393122,Gabriel,Pachano,1,P2,2pt fadeaway jump shot missed,0,2,2PT,213,59
125528,29454-B-2,,BRA,CHI,Q4,2:42,91,69,27,BRA,374721,Eduardo,Santos,50,P2,"2PtsFG inside paint, fast break, alley oop lay-up made",1,2,2PT,111,27
125528,29454-B-2,,BRA,CHI,Q4,2:24,91,69,38,CHI,409018,Mateo,Velásquez,15,P3,3pt jump shot missed,0,3,3PT,54,149
125528,29454-B-2,,BRA,CHI,Q4,2:09,94,69,27,BRA,405100,João,Bandiera,11,P3,3pt fadeaway jump shot made,1,3,3PT,108,170
125528,29454-B-2,,BRA,CHI,Q4,1:41,94,69,38,CHI,378907,Luis,Musrri,0,P3,3pt fadeaway jump shot missed,0,3,3PT,31,121
125528,29454-B-2,,BRA,CHI,Q4,1:26,96,69,27,BRA,374721,Eduardo,Santos,50,P2,layup made,1,2,2PT,128,51
125528,29454-B-2,,BRA,CHI,Q4,1:26,97,69,27,BRA,374721,Eduardo,Santos,50,FT,1st free throw made,1,1,FT,0,0
125528,29454-B-2,,BRA,CHI,Q4,1:00,97,69,38,CHI,331346,Francisco,Saravia,10,P3,3pt jump shot missed,0,3,3PT,18,94
125528,29454-B-2,,BRA,CHI,Q4,0:56,97,69,38,CHI,409018,Mateo,Velásquez,15,P2,layup missed,0,2,2PT,149,17
125528,29454-B-2,,BRA,CHI,Q4,0:38,99,69,27,BRA,331414,Isaiah,Santos,45,P2,"2PtsFG under the basket, points from fastbreak + after turnover, dunk made",1,2,2PT,127,37
125528,29454-B-2,,BRA,CHI,Q4,0:32,99,69,38,CHI,378907,Luis,Musrri,0,FT,1st of 2 free throws missed,0,1,FT,0,0
125528,29454-B-2,,BRA,CHI,Q4,0:32,99,70,38,CHI,378907,Luis,Musrri,0,FT,2nd of 2 free throws made,1,1,FT,0,0
125528,29454-B-2,,BRA,CHI,Q4,0:17,99,70,27,BRA,405100,João,Bandiera,11,P2,"2PtsFG under the basket, layup missed",0,2,2PT,146,35
125528,29454-B-2,,BRA,CHI,Q4,0:13,99,70,27,BRA,405103,João Marcelo,De Rinalde,99,P2,"2PtsFG under the basket, floating jump shot missed",0,2,2PT,125,32
125528,29454-B-2,,BRA,CHI,Q4,0:09,99,70,27,BRA,331414,Isaiah,Santos,45,P3,3pt jump shot missed,0,3,3PT,32,128
125528,29454-B-2,,BRA,CHI,Q4,0:04,99,70,38,CHI,377876,Tomas,La Rivera,2,P3,3pt jump shot missed,0,3,3PT,250,126
125529,29454-B-3,,CHI,PAR,Q1,9:46,0,2,120,PAR,331730,Alejandro,Talavera,6,P2,"2PtsFG under the basket, points after turnover, layup made",1,2,2PT,121,29
125529,29454-B-3,,CHI,PAR,Q1,9:37,2,2,38,CHI,393122,Gabriel,Pachano,1,P2,"2PtsFG under the basket, layup made",1,2,2PT,157,25
125529,29454-B-3,,CHI,PAR,Q1,9:22,2,2,120,PAR,409401,Nestor,Gonzalez,21,P2,"2PtsFG inside right, jump shot missed",0,2,2PT,221,78
125529,29454-B-3,,CHI,PAR,Q1,8:59,3,2,38,CHI,331346,Francisco,Saravia,10,FT,1st of 2 free throws made,1,1,FT,0,0
125529,29454-B-3,,CHI,PAR,Q1,8:59,4,2,38,CHI,331346,Francisco,Saravia,10,FT,2nd of 2 free throws made,1,1,FT,0,0
125529,29454-B-3,,CHI,PAR,Q1,8:35,7,2,38,CHI,393122,Gabriel,Pachano,1,P3,"3PtsFG outside right, points from fastbreak + after turnover, step back jump shot made",1,3,3PT,270,73
125529,29454-B-3,,CHI,PAR,Q1,8:22,7,2,120,PAR,409401,Nestor,Gonzalez,21,P2,"2PtsFG inside left, jump shot missed",0,2,2PT,67,53
125529,29454-B-3,,CHI,PAR,Q1,8:06,9,2,38,CHI,393122,Gabriel,Pachano,1,P2,2pt floating jump shot made,1,2,2PT,60,57
125529,29454-B-3,,CHI,PAR,Q1,7:45,9,2,120,PAR,409401,Nestor,Gonzalez,21,P2,"2PtsFG under the basket, turnaround jump shot missed",0,2,2PT,153,25
125529,29454-B-3,,CHI,PAR,Q1,7:34,9,2,38,CHI,409010,Mateo,Castro,3,P3,3pt jump shot missed,0,3,3PT,233,138
125529,29454-B-3,,CHI,PAR,Q1,7:21,9,4,120,PAR,331739,Mauricio,Escurra,14,P2,"2PtsFG under the basket, layup made",1,2,2PT,155,38
125529,29454-B-3,,CHI,PAR,Q1,7:21,9,5,120,PAR,331739,Mauricio,Escurra,14,FT,1st free throw made,1,1,FT,0,0
125529,29454-B-3,,CHI,PAR,Q1,6:59,9,5,38,CHI,331346,Francisco,Saravia,10,P3,3pt fadeaway jump shot missed,0,3,3PT,18,101
125529,29454-B-3,,CHI,PAR,Q1,6:48,9,8,120,PAR,331730,Alejandro,Talavera,6,P3,3pt jump shot from center made,1,3,3PT,92,160
125529,29454-B-3,,CHI,PAR,Q1,6:24,9,8,38,CHI,350728,Pedro,Stuardo,9,P2,"2PtsFG inside left, jump shot missed",0,2,2PT,29,52
125529,29454-B-3,,CHI,PAR,Q1,6:18,11,8,38,CHI,409010,Mateo,Castro,3,P2,2PtsFG under the basket made,1,2,2PT,140,31
125529,29454-B-3,,CHI,PAR,Q1,6:06,11,11,120,PAR,409401,Nestor,Gonzalez,21,P3,3pt jump shot made,1,3,3PT,66,149
125529,29454-B-3,,CHI,PAR,Q1,5:44,13,11,38,CHI,350728,Pedro,Stuardo,9,P2,"2PtsFG under the basket, layup made",1,2,2PT,148,36
125529,29454-B-3,,CHI,PAR,Q1,5:10,13,11,38,CHI,331346,Francisco,Saravia,10,P2,2pt floating jump shot missed,0,2,2PT,165,75
125529,29454-B-3,,CHI,PAR,Q1,4:57,13,13,120,PAR,409401,Nestor,Gonzalez,21,P2,"2PtsFG under the basket, layup made",1,2,2PT,115,23
125529,29454-B-3,,CHI,PAR,Q1,4:36,13,13,38,CHI,350728,Pedro,Stuardo,9,FT,1st of 2 free throws missed,0,1,FT,0,0
125529,29454-B-3,,CHI,PAR,Q1,4:36,13,13,38,CHI,350728,Pedro,Stuardo,9,FT,2nd of 2 free throws missed,0,1,FT,0,0
125529,29454-B-3,,CHI,PAR,Q1,4:20,13,16,120,PAR,331739,Mauricio,Escurra,14,P3,3pt jump shot made,1,3,3PT,72,149
125529,29454-B-3,,CHI,PAR,Q1,3:59,13,16,38,CHI,409010,Mateo,Castro,3,P3,3pt jump shot missed,0,3,3PT,248,108
125529,29454-B-3,,CHI,PAR,Q1,3:45,13,16,38,CHI,350728,Pedro,Stuardo,9,P2,"2PtsFG under the basket, points after turnover, layup missed",0,2,2PT,150,37
125529,29454-B-3,,CHI,PAR,Q1,3:36,13,17,120,PAR,331739,Mauricio,Escurra,14,FT,1st of 2 free throws made,1,1,FT,0,0
125529,29454-B-3,,CHI,PAR,Q1,3:36,13,18,120,PAR,331739,Mauricio,Escurra,14,FT,2nd of 2 free throws made,1,1,FT,0,0
125529,29454-B-3,,CHI,PAR,Q1,3:17,13,18,38,CHI,378907,Luis,Musrri,0,P2,"2PtsFG under the basket, eurostep missed",0,2,2PT,137,49
125529,29454-B-3,,CHI,PAR,Q1,3:12,15,18,38,CHI,350728,Pedro,Stuardo,9,P2,"2PtsFG under the basket, layup made",1,2,2PT,121,27
125529,29454-B-3,,CHI,PAR,Q1,2:51,15,18,38,CHI,377876,Tomas,La Rivera,2,P3,3pt jump shot missed,0,3,3PT,43,132
125529,29454-B-3,,CHI,PAR,Q1,2:10,15,18,120,PAR,331739,Mauricio,Escurra,14,P2,layup missed,0,2,2PT,132,58
125529,29454-B-3,,CHI,PAR,Q1,2:05,15,18,120,PAR,409402,Roberto,Radice,3,P3,3pt jump shot missed,0,3,3PT,36,121
125529,29454-B-3,,CHI,PAR,Q1,1:39,15,18,38,CHI,329193,Agustin,Echeverria,8,P3,3pt fadeaway jump shot missed,0,3,3PT,216,145
125529,29454-B-3,,CHI,PAR,Q1,1:24,15,18,120,PAR,409403,Richard,Hachen,15,FT,1st of 2 free throws missed,0,1,FT,0,0
125529,29454-B-3,,CHI,PAR,Q1,1:24,15,19,120,PAR,409403,Richard,Hachen,15,FT,2nd of 2 free throws made,1,1,FT,0,0
125529,29454-B-3,,CHI,PAR,Q1,0:55,15,21,120,PAR,379238,Juan,Vazquez,9,P2,"2PtsFG under the basket, points from fastbreak + after turnover, layup made",1,2,2PT,115,31
125529,29454-B-3,,CHI,PAR,Q1,0:32,15,21,38,CHI,329193,Agustin,Echeverria,8,P3,3pt jump shot missed,0,3,3PT,31,108
125529,29454-B-3,,CHI,PAR,Q1,0:14,15,21,120,PAR,401331,Maximiliano,Gimenez,34,FT,1st of 2 free throws missed,0,1,FT,0,0
125529,29454-B-3,,CHI,PAR,Q1,0:14,15,21,120,PAR,401331,Maximiliano,Gimenez,34,FT,2nd of 2 free throws missed,0,1,FT,0,0
125529,29454-B-3,,CHI,PAR,Q1,0:10,15,22,120,PAR,331739,Mauricio,Escurra,14,FT,1st of 2 free throws made,1,1,FT,0,0
125529,29454-B-3,,CHI,PAR,Q1,0:10,15,23,120,PAR,331739,Mauricio,Escurra,14,FT,2nd of 2 free throws made,1,1,FT,0,0
125529,29454-B-3,,CHI,PAR,Q2,9:48,15,23,38,CHI,331346,Francisco,Saravia,10,P3,3pt jump shot missed,0,3,3PT,12,82
125529,29454-B-3,,CHI,PAR,Q2,9:33,15,25,120,PAR,379238,Juan,Vazquez,9,P2,"2PtsFG under the basket, points from fastbreak + after turnover, layup made",1,2,2PT,159,25
125529,29454-B-3,,CHI,PAR,Q2,9:09,15,25,38,CHI,350728,Pedro,Stuardo,9,P2,"2PtsFG under the basket, layup missed",0,2,2PT,123,32
125529,29454-B-3,,CHI,PAR,Q2,8:55,15,25,120,PAR,409401,Nestor,Gonzalez,21,P2,layup missed,0,2,2PT,123,46
125529,29454-B-3,,CHI,PAR,Q2,8:48,15,25,38,CHI,329193,Agustin,Echeverria,8,P2,"2PtsFG under the basket, layup missed",0,2,2PT,156,40
125529,29454-B-3,,CHI,PAR,Q2,8:28,15,25,120,PAR,331739,Mauricio,Escurra,14,P2,layup missed,0,2,2PT,111,29
125529,29454-B-3,,CHI,PAR,Q2,8:06,17,25,38,CHI,329193,Agustin,Echeverria,8,P2,2pt turnaround jump shot made,1,2,2PT,168,36
125529,29454-B-3,,CHI,PAR,Q2,7:50,17,28,120,PAR,409402,Roberto,Radice,3,P3,3pt jump shot made,1,3,3PT,263,61
125529,29454-B-3,,CHI,PAR,Q2,7:41,19,28,38,CHI,331346,Francisco,Saravia,10,P2,"2PtsFG inside paint, reverse lay-up made",1,2,2PT,164,31
125529,29454-B-3,,CHI,PAR,Q2,7:41,20,28,38,CHI,331346,Francisco,Saravia,10,FT,1st free throw made,1,1,FT,0,0
125529,29454-B-3,,CHI,PAR,Q2,7:30,20,28,120,PAR,379182,Ezequiel,Cuellar,81,P3,3pt jump shot from center missed,0,3,3PT,132,170
125529,29454-B-3,,CHI,PAR,Q2,7:06,23,28,38,CHI,377876,Tomas,La Rivera,2,P3,3pt jump shot made,1,3,3PT,248,127
125529,29454-B-3,,CHI,PAR,Q2,6:54,23,28,120,PAR,409401,Nestor,Gonzalez,21,P2,"2PtsFG under the basket, reverse lay-up missed",0,2,2PT,158,32
125529,29454-B-3,,CHI,PAR,Q2,6:45,25,28,38,CHI,331346,Francisco,Saravia,10,P2,"2PtsFG under the basket, layup made",1,2,2PT,150,23
125529,29454-B-3,,CHI,PAR,Q2,6:21,25,28,120,PAR,409401,Nestor,Gonzalez,21,P2,layup missed,0,2,2PT,126,64
125529,29454-B-3,,CHI,PAR,Q2,6:07,25,28,38,CHI,331346,Francisco,Saravia,10,P2,"2PtsFG under the basket, layup missed",0,2,2PT,141,36
125529,29454-B-3,,CHI,PAR,Q2,5:55,25,31,120,PAR,409402,Roberto,Radice,3,P3,3pt jump shot made,1,3,3PT,38,177
125529,29454-B-3,,CHI,PAR,Q2,5:45,27,31,38,CHI,331346,Francisco,Saravia,10,P2,"2PtsFG under the basket, layup made",1,2,2PT,156,32
125529,29454-B-3,,CHI,PAR,Q2,5:39,27,31,120,PAR,331738,Luis,Vera,5,P3,3pt fadeaway jump shot missed,0,3,3PT,181,165
125529,29454-B-3,,CHI,PAR,Q2,5:32,27,33,120,PAR,409401,Nestor,Gonzalez,21,P2,"2PtsFG under the basket, turnaround jump shot made",1,2,2PT,146,34
125529,29454-B-3,,CHI,PAR,Q2,5:09,30,33,38,CHI,393122,Gabriel,Pachano,1,P3,3pt jump shot made,1,3,3PT,268,61
125529,29454-B-3,,CHI,PAR,Q2,4:50,31,33,38,CHI,331346,Francisco,Saravia,10,FT,Free throw made 1 of 2,1,1,FT,0,0
125529,29454-B-3,,CHI,PAR,Q2,4:50,32,33,38,CHI,331346,Francisco,Saravia,10,FT,Free throw made 2 of 2,1,1,FT,0,0
125529,29454-B-3,,CHI,PAR,Q2,4:38,32,33,38,CHI,350728,Pedro,Stuardo,9,P2,layup missed,0,2,2PT,165,45
125529,29454-B-3,,CHI,PAR,Q2,4:32,32,33,120,PAR,331738,Luis,Vera,5,P2,"2PtsFG under the basket, layup missed",0,2,2PT,149,39
125529,29454-B-3,,CHI,PAR,Q2,4:29,35,33,38,CHI,377876,Tomas,La Rivera,2,P3,3pt jump shot made,1,3,3PT,46,143
125529,29454-B-3,,CHI,PAR,Q2,4:05,35,35,120,PAR,331730,Alejandro,Talavera,6,P2,"2PtsFG inside center, jump shot made",1,2,2PT,134,147
125529,29454-B-3,,CHI,PAR,Q2,3:57,35,35,38,CHI,331346,Francisco,Saravia,10,P3,3pt jump shot missed,0,3,3PT,234,147
125529,29454-B-3,,CHI,PAR,Q2,3:46,35,35,120,PAR,409402,Roberto,Radice,3,P3,3pt jump shot missed,0,3,3PT,38,121
125529,29454-B-3,,CHI,PAR,Q2,3:37,37,35,38,CHI,393122,Gabriel,Pachano,1,P2,"2PtsFG under the basket, points from fastbreak + after turnover, layup made",1,2,2PT,134,36
125529,29454-B-3,,CHI,PAR,Q2,3:37,38,35,38,CHI,393122,Gabriel,Pachano,1,FT,Free throw made 1 of 1,1,1,FT,0,0
125529,29454-B-3,,CHI,PAR,Q2,3:18,38,35,120,PAR,409401,Nestor,Gonzalez,21,P2,layup missed,0,2,2PT,116,48
125529,29454-B-3,,CHI,PAR,Q2,3:09,40,35,38,CHI,378907,Luis,Musrri,0,P2,"2PtsFG under the basket, points from fastbreak + after turnover, layup made",1,2,2PT,148,35
125529,29454-B-3,,CHI,PAR,Q2,2:54,40,35,120,PAR,331730,Alejandro,Talavera,6,P2,layup missed,0,2,2PT,153,49
125529,29454-B-3,,CHI,PAR,Q2,2:50,42,35,38,CHI,331346,Francisco,Saravia,10,P2,"2PtsFG under the basket, fast break, layup made",1,2,2PT,152,27
125529,29454-B-3,,CHI,PAR,Q2,2:35,42,35,120,PAR,331730,Alejandro,Talavera,6,P3,3pt jump shot missed,0,3,3PT,47,143
125529,29454-B-3,,CHI,PAR,Q2,2:22,44,35,38,CHI,409017,Pedro,Donoso,11,P2,"2PtsFG under the basket, hook shot made",1,2,2PT,141,45
125529,29454-B-3,,CHI,PAR,Q2,2:00,45,35,38,CHI,331346,Francisco,Saravia,10,FT,Free throw made 1 of 2,1,1,FT,0,0
125529,29454-B-3,,CHI,PAR,Q2,2:00,46,35,38,CHI,331346,Francisco,Saravia,10,FT,Free throw made 2 of 2,1,1,FT,0,0
125529,29454-B-3,,CHI,PAR,Q2,1:44,46,35,120,PAR,401331,Maximiliano,Gimenez,34,FT,1st of 2 free throws missed,0,1,FT,0,0
125529,29454-B-3,,CHI,PAR,Q2,1:44,46,35,120,PAR,401331,Maximiliano,Gimenez,34,FT,2nd of 2 free throws missed,0,1,FT,0,0
125529,29454-B-3,,CHI,PAR,Q2,1:34,49,35,38,CHI,409016,Mathias,Hitschfeld,4,P3,3pt jump shot made,1,3,3PT,15,88
125529,29454-B-3,,CHI,PAR,Q2,1:21,49,37,120,PAR,409401,Nestor,Gonzalez,21,P2,"2PtsFG under the basket, hook shot made",1,2,2PT,148,29
125529,29454-B-3,,CHI,PAR,Q2,1:09,51,37,38,CHI,409018,Mateo,Velásquez,15,P2,layup made,1,2,2PT,120,66
125529,29454-B-3,,CHI,PAR,Q2,0:57,51,39,120,PAR,331739,Mauricio,Escurra,14,P2,"2PtsFG under the basket, layup made",1,2,2PT,156,34
125529,29454-B-3,,CHI,PAR,Q2,0:45,51,39,38,CHI,378907,Luis,Musrri,0,P3,3pt jump shot missed,0,3,3PT,233,129
125529,29454-B-3,,CHI,PAR,Q2,0:03,51,39,38,CHI,331346,Francisco,Saravia,10,P2,"2PtsFG under the basket, points after turnover, layup missed",0,2,2PT,135,33
125529,29454-B-3,,CHI,PAR,Q3,9:39,51,42,120,PAR,331739,Mauricio,Escurra,14,P3,3pt jump shot made,1,3,3PT,47,124
125529,29454-B-3,,CHI,PAR,Q3,9:13,51,42,38,CHI,409010,Mateo,Castro,3,P2,"2PtsFG inside right, jump shot missed",0,2,2PT,187,51
125529,29454-B-3,,CHI,PAR,Q3,8:58,51,42,120,PAR,331730,Alejandro,Talavera,6,P2,"2PtsFG under the basket, layup missed",0,2,2PT,137,34
125529,29454-B-3,,CHI,PAR,Q3,8:40,53,42,38,CHI,356339,Maximiliano,Quezada,17,P2,"2PtsFG under the basket, turnaround jump shot made",1,2,2PT,124,33
125529,29454-B-3,,CHI,PAR,Q3,8:16,53,42,120,PAR,331739,Mauricio,Escurra,14,P2,"2PtsFG under the basket, layup missed",0,2,2PT,118,34
125529,29454-B-3,,CHI,PAR,Q3,8:05,53,42,38,CHI,393122,Gabriel,Pachano,1,P3,3pt jump shot missed,0,3,3PT,15,90
125529,29454-B-3,,CHI,PAR,Q3,7:50,53,42,38,CHI,331346,Francisco,Saravia,10,P2,"2PtsFG under the basket, points after turnover, layup missed",0,2,2PT,146,33
125529,29454-B-3,,CHI,PAR,Q3,7:42,53,44,120,PAR,409402,Roberto,Radice,3,P2,"2PtsFG under the basket, points from fastbreak + after turnover, layup made",1,2,2PT,158,39
125529,29454-B-3,,CHI,PAR,Q3,7:40,53,44,120,PAR,409402,Roberto,Radice,3,FT,Free throw missed 1 of 1,0,1,FT,0,0
125529,29454-B-3,,CHI,PAR,Q3,7:27,53,44,38,CHI,331346,Francisco,Saravia,10,P2,2pt floating jump shot missed,0,2,2PT,214,40
125529,29454-B-3,,CHI,PAR,Q3,7:16,53,44,120,PAR,331739,Mauricio,Escurra,14,P2,2pt floating jump shot missed,0,2,2PT,135,62
125529,29454-B-3,,CHI,PAR,Q3,7:01,55,44,38,CHI,393122,Gabriel,Pachano,1,P2,"2PtsFG under the basket, floating jump shot made",1,2,2PT,159,30
125529,29454-B-3,,CHI,PAR,Q3,6:21,55,44,38,CHI,393122,Gabriel,Pachano,1,P2,layup missed,0,2,2PT,173,35
125529,29454-B-3,,CHI,PAR,Q3,6:01,55,44,120,PAR,409401,Nestor,Gonzalez,21,FT,1st of 2 free throws missed,0,1,FT,0,0
125529,29454-B-3,,CHI,PAR,Q3,6:01,55,45,120,PAR,409401,Nestor,Gonzalez,21,FT,2nd of 2 free throws made,1,1,FT,0,0
125529,29454-B-3,,CHI,PAR,Q3,5:47,57,45,38,CHI,350728,Pedro,Stuardo,9,P2,2pt driving layup made,1,2,2PT,157,47
125529,29454-B-3,,CHI,PAR,Q3,5:33,57,45,120,PAR,331730,Alejandro,Talavera,6,P2,"2PtsFG under the basket, reverse lay-up missed",0,2,2PT,131,41
125529,29454-B-3,,CHI,PAR,Q3,5:14,60,45,38,CHI,329193,Agustin,Echeverria,8,P3,3pt jump shot made,1,3,3PT,212,146
125529,29454-B-3,,CHI,PAR,Q3,5:14,62,45,38,CHI,350728,Pedro,Stuardo,9,P2,layup made,1,2,2PT,153,55
125529,29454-B-3,,CHI,PAR,Q3,5:10,62,47,120,PAR,409401,Nestor,Gonzalez,21,P2,"2PtsFG under the basket, fast break, jump shot made",1,2,2PT,151,29
125529,29454-B-3,,CHI,PAR,Q3,4:57,62,49,120,PAR,331730,Alejandro,Talavera,6,P2,layup made,1,2,2PT,161,44
125529,29454-B-3,,CHI,PAR,Q3,4:45,62,49,38,CHI,329193,Agustin,Echeverria,8,P3,3pt jump shot missed,0,3,3PT,230,129
125529,29454-B-3,,CHI,PAR,Q3,4:27,62,49,120,PAR,331739,Mauricio,Escurra,14,P3,3pt jump shot missed,0,3,3PT,90,157
125529,29454-B-3,,CHI,PAR,Q3,3:53,62,49,38,CHI,350728,Pedro,Stuardo,9,P2,"2PtsFG under the basket, points after turnover, layup missed",0,2,2PT,117,29
125529,29454-B-3,,CHI,PAR,Q3,3:30,65,49,38,CHI,350728,Pedro,Stuardo,9,P3,3pt fadeaway jump shot made,1,3,3PT,55,141
125529,29454-B-3,,CHI,PAR,Q3,3:11,65,49,38,CHI,350728,Pedro,Stuardo,9,P3,3pt jump shot missed,0,3,3PT,151,175
125529,29454-B-3,,CHI,PAR,Q3,2:52,65,50,120,PAR,409401,Nestor,Gonzalez,21,FT,1st of 2 free throws made,1,1,FT,0,0
125529,29454-B-3,,CHI,PAR,Q3,2:48,65,51,120,PAR,409401,Nestor,Gonzalez,21,FT,2nd of 2 free throws made,1,1,FT,0,0
125529,29454-B-3,,CHI,PAR,Q3,2:28,65,51,38,CHI,329193,Agustin,Echeverria,8,P3,3pt jump shot missed,0,3,3PT,264,69
125529,29454-B-3,,CHI,PAR,Q3,2:09,65,51,120,PAR,409401,Nestor,Gonzalez,21,P2,"2PtsFG under the basket, layup missed",0,2,2PT,154,23
125529,29454-B-3,,CHI,PAR,Q3,2:01,67,51,38,CHI,409018,Mateo,Velásquez,15,P2,"2PtsFG under the basket, fast break, layup made",1,2,2PT,138,32
125529,29454-B-3,,CHI,PAR,Q3,1:45,67,53,120,PAR,331739,Mauricio,Escurra,14,P2,"2PtsFG under the basket, layup made",1,2,2PT,134,40
125529,29454-B-3,,CHI,PAR,Q3,1:26,67,53,38,CHI,378907,Luis,Musrri,0,P3,3pt jump shot missed,0,3,3PT,74,157
125529,29454-B-3,,CHI,PAR,Q3,0:51,67,53,38,CHI,350728,Pedro,Stuardo,9,P2,"2PtsFG under the basket, points after turnover, layup missed",0,2,2PT,153,33
125529,29454-B-3,,CHI,PAR,Q3,0:44,67,53,120,PAR,409402,Roberto,Radice,3,P3,3pt jump shot missed,0,3,3PT,224,132
125529,29454-B-3,,CHI,PAR,Q3,0:22,70,53,38,CHI,329193,Agustin,Echeverria,8,P3,3pt jump shot made,1,3,3PT,10,79
125529,29454-B-3,,CHI,PAR,Q3,0:09,70,55,120,PAR,331739,Mauricio,Escurra,14,P2,"2PtsFG under the basket, layup made",1,2,2PT,164,27
125529,29454-B-3,,CHI,PAR,Q3,0:09,70,56,120,PAR,331739,Mauricio,Escurra,14,FT,1st free throw made,1,1,FT,0,0
125529,29454-B-3,,CHI,PAR,Q4,9:47,70,56,38,CHI,377876,Tomas,La Rivera,2,P3,3pt jump shot missed,0,3,3PT,29,114
125529,29454-B-3,,CHI,PAR,Q4,9:41,71,56,38,CHI,409018,Mateo,Velásquez,15,FT,1st of 2 free throws made,1,1,FT,0,0
125529,29454-B-3,,CHI,PAR,Q4,9:41,72,56,38,CHI,409018,Mateo,Velásquez,15,FT,2nd of 2 free throws made,1,1,FT,0,0
125529,29454-B-3,,CHI,PAR,Q4,8:39,72,56,38,CHI,356339,Maximiliano,Quezada,17,P2,2pt jump shot missed,0,2,2PT,163,41
125529,29454-B-3,,CHI,PAR,Q4,8:37,75,56,38,CHI,329193,Agustin,Echeverria,8,P3,3pt jump shot made,1,3,3PT,39,126
125529,29454-B-3,,CHI,PAR,Q4,8:33,75,56,38,CHI,409018,Mateo,Velásquez,15,FT,1st of 2 free throws missed,0,1,FT,0,0
125529,29454-B-3,,CHI,PAR,Q4,8:33,75,56,38,CHI,409018,Mateo,Velásquez,15,FT,2nd of 2 free throws missed,0,1,FT,0,0
125529,29454-B-3,,CHI,PAR,Q4,8:20,75,56,38,CHI,378907,Luis,Musrri,0,P2,"2PtsFG under the basket, points after turnover, eurostep missed",0,2,2PT,121,43
125529,29454-B-3,,CHI,PAR,Q4,8:05,75,56,120,PAR,331730,Alejandro,Talavera,6,P3,3pt jump shot missed,0,3,3PT,39,140
125529,29454-B-3,,CHI,PAR,Q4,7:56,77,56,38,CHI,377876,Tomas,La Rivera,2,P2,layup made,1,2,2PT,114,29
125529,29454-B-3,,CHI,PAR,Q4,7:41,77,59,120,PAR,409402,Roberto,Radice,3,P3,3pt jump shot made,1,3,3PT,38,115
125529,29454-B-3,,CHI,PAR,Q4,7:18,79,59,38,CHI,409018,Mateo,Velásquez,15,P2,2pt floating jump shot made,1,2,2PT,115,102
125529,29454-B-3,,CHI,PAR,Q4,6:23,79,59,38,CHI,378907,Luis,Musrri,0,P2,"2PtsFG under the basket, points after turnover, layup missed",0,2,2PT,124,27
125529,29454-B-3,,CHI,PAR,Q4,6:18,79,61,120,PAR,409401,Nestor,Gonzalez,21,P2,"2PtsFG under the basket, fast break, turnaround jump shot made",1,2,2PT,145,38
125529,29454-B-3,,CHI,PAR,Q4,5:42,80,61,38,CHI,331346,Francisco,Saravia,10,FT,1st free throw made,1,1,FT,0,0
125529,29454-B-3,,CHI,PAR,Q4,5:36,80,61,120,PAR,409401,Nestor,Gonzalez,21,P2,2pt jump shot missed,0,2,2PT,157,99
125529,29454-B-3,,CHI,PAR,Q4,5:31,82,61,38,CHI,331346,Francisco,Saravia,10,P2,"2PtsFG under the basket, fast break, hook shot made",1,2,2PT,159,24
125529,29454-B-3,,CHI,PAR,Q4,5:26,82,61,120,PAR,331730,Alejandro,Talavera,6,P3,3pt jump shot from center missed,0,3,3PT,103,167
125529,29454-B-3,,CHI,PAR,Q4,5:06,82,61,120,PAR,331730,Alejandro,Talavera,6,P2,2pt floating jump shot missed,0,2,2PT,205,95
125529,29454-B-3,,CHI,PAR,Q4,4:55,84,61,38,CHI,409018,Mateo,Velásquez,15,P2,"2PtsFG under the basket, driving layup made",1,2,2PT,115,33
125529,29454-B-3,,CHI,PAR,Q4,4:48,84,61,120,PAR,331739,Mauricio,Escurra,14,P3,3pt jump shot missed,0,3,3PT,267,79
125529,29454-B-3,,CHI,PAR,Q4,4:35,85,61,38,CHI,331346,Francisco,Saravia,10,FT,1st of 2 free throws made,1,1,FT,0,0
125529,29454-B-3,,CHI,PAR,Q4,4:35,86,61,38,CHI,331346,Francisco,Saravia,10,FT,2nd of 2 free throws made,1,1,FT,0,0
125529,29454-B-3,,CHI,PAR,Q4,4:23,86,63,120,PAR,331738,Luis,Vera,5,P2,"2PtsFG under the basket, layup made",1,2,2PT,129,40
125529,29454-B-3,,CHI,PAR,Q4,4:18,86,63,38,CHI,331346,Francisco,Saravia,10,P3,3pt jump shot missed,0,3,3PT,58,151
125529,29454-B-3,,CHI,PAR,Q4,3:56,86,65,120,PAR,331730,Alejandro,Talavera,6,P2,"2PtsFG under the basket, points after turnover, layup made",1,2,2PT,153,37
125529,29454-B-3,,CHI,PAR,Q4,3:09,86,65,38,CHI,350728,Pedro,Stuardo,9,P2,"2PtsFG inside left, points after turnover, jump shot missed",0,2,2PT,72,74
125529,29454-B-3,,CHI,PAR,Q4,2:49,86,65,120,PAR,331730,Alejandro,Talavera,6,P3,3pt jump shot from center missed,0,3,3PT,141,181
125529,29454-B-3,,CHI,PAR,Q4,2:30,88,65,38,CHI,409016,Mathias,Hitschfeld,4,P2,"2PtsFG under the basket, layup made",1,2,2PT,124,32
125529,29454-B-3,,CHI,PAR,Q4,2:15,88,66,120,PAR,331739,Mauricio,Escurra,14,FT,1st of 3 free throws made,1,1,FT,0,0
125529,29454-B-3,,CHI,PAR,Q4,2:15,88,67,120,PAR,331739,Mauricio,Escurra,14,FT,2nd of 3 free throws made,1,1,FT,0,0
125529,29454-B-3,,CHI,PAR,Q4,2:15,88,68,120,PAR,331739,Mauricio,Escurra,14,FT,3rd of 3 free throws made,1,1,FT,0,0
125529,29454-B-3,,CHI,PAR,Q4,2:02,90,68,38,CHI,350728,Pedro,Stuardo,9,P2,"2PtsFG under the basket, layup made",1,2,2PT,156,40
125529,29454-B-3,,CHI,PAR,Q4,1:31,90,68,120,PAR,331730,Alejandro,Talavera,6,P2,"2PtsFG under the basket, points after turnover, layup missed",0,2,2PT,137,40
125529,29454-B-3,,CHI,PAR,Q4,1:24,90,68,38,CHI,409016,Mathias,Hitschfeld,4,P2,"2PtsFG under the basket, layup missed",0,2,2PT,118,39
125529,29454-B-3,,CHI,PAR,Q4,1:17,90,68,120,PAR,401331,Maximiliano,Gimenez,34,P2,"2PtsFG under the basket, layup missed",0,2,2PT,126,31
125529,29454-B-3,,CHI,PAR,Q4,1:11,92,68,38,CHI,331346,Francisco,Saravia,10,P2,"2PtsFG under the basket, fast break, layup made",1,2,2PT,136,29
125529,29454-B-3,,CHI,PAR,Q4,0:59,92,68,120,PAR,401330,Mateo,Irala,7,P2,"2PtsFG under the basket, layup missed",0,2,2PT,156,38
125529,29454-B-3,,CHI,PAR,Q4,0:55,94,68,38,CHI,331346,Francisco,Saravia,10,P2,"2PtsFG under the basket, fast break, layup made",1,2,2PT,119,33
125529,29454-B-3,,CHI,PAR,Q4,0:55,95,68,38,CHI,331346,Francisco,Saravia,10,FT,1st free throw made,1,1,FT,0,0
125529,29454-B-3,,CHI,PAR,Q4,0:44,95,68,120,PAR,341880,Evert,Dominguez,10,P3,3pt jump shot missed,0,3,3PT,65,144
125529,29454-B-3,,CHI,PAR,Q4,0:26,95,68,38,CHI,331346,Francisco,Saravia,10,P2,2pt floating jump shot missed,0,2,2PT,163,91
125529,29454-B-3,,CHI,PAR,Q4,0:15,95,69,120,PAR,401330,Mateo,Irala,7,FT,1st of 2 free throws made,1,1,FT,0,0
125529,29454-B-3,,CHI,PAR,Q4,0:15,95,70,120,PAR,401330,Mateo,Irala,7,FT,2nd of 2 free throws made,1,1,FT,0,0
125530,29454-B-4,,VEN,BRA,Q1,9:48,0,2,27,BRA,330047,Pedro,Souza,25,P2,"2PtsFG under the basket, layup made",1,2,2PT,130,34
125530,29454-B-4,,VEN,BRA,Q1,9:22,0,2,158,VEN,390925,Jose,Lara,7,P2,2pt turnaround jump shot missed,0,2,2PT,170,56
125530,29454-B-4,,VEN,BRA,Q1,9:14,0,2,27,BRA,374721,Eduardo,Santos,50,P3,3pt jump shot missed,0,3,3PT,27,110
125530,29454-B-4,,VEN,BRA,Q1,9:00,0,2,158,VEN,390925,Jose,Lara,7,P3,3pt jump shot from center missed,0,3,3PT,114,181
125530,29454-B-4,,VEN,BRA,Q1,8:44,0,2,27,BRA,374721,Eduardo,Santos,50,P3,3pt jump shot missed,0,3,3PT,61,152
125530,29454-B-4,,VEN,BRA,Q1,8:27,3,2,158,VEN,378577,Kevin,Gutierrez,14,P3,3pt jump shot from center made,1,3,3PT,186,172
125530,29454-B-4,,VEN,BRA,Q1,8:16,3,2,27,BRA,330047,Pedro,Souza,25,P3,3pt jump shot from center missed,0,3,3PT,96,170
125530,29454-B-4,,VEN,BRA,Q1,8:05,3,2,158,VEN,378574,Julio,Vasquez,3,P3,3pt jump shot missed,0,3,3PT,269,21
125530,29454-B-4,,VEN,BRA,Q1,7:56,3,2,158,VEN,378574,Julio,Vasquez,3,P2,"2PtsFG under the basket, points after turnover, layup missed",0,2,2PT,126,30
125530,29454-B-4,,VEN,BRA,Q1,7:51,3,2,27,BRA,330039,Joao,Neves,14,P3,3pt jump shot missed,0,3,3PT,84,154
125530,29454-B-4,,VEN,BRA,Q1,7:45,3,4,27,BRA,374721,Eduardo,Santos,50,P2,2PtsFG under the basket made,1,2,2PT,140,31
125530,29454-B-4,,VEN,BRA,Q1,7:37,5,4,158,VEN,409363,Richard,Segovia,4,P2,"2PtsFG under the basket, fast break, driving layup made",1,2,2PT,149,32
125530,29454-B-4,,VEN,BRA,Q1,7:20,5,4,27,BRA,330047,Pedro,Souza,25,P2,layup missed,0,2,2PT,135,52
125530,29454-B-4,,VEN,BRA,Q1,7:15,5,6,27,BRA,330047,Pedro,Souza,25,P2,2PtsFG under the basket made,1,2,2PT,140,31
125530,29454-B-4,,VEN,BRA,Q1,7:01,5,6,158,VEN,378577,Kevin,Gutierrez,14,P3,3pt jump shot missed,0,3,3PT,214,141
125530,29454-B-4,,VEN,BRA,Q1,6:53,5,6,27,BRA,374721,Eduardo,Santos,50,P2,2pt turnaround jump shot missed,0,2,2PT,108,49
125530,29454-B-4,,VEN,BRA,Q1,6:48,7,6,158,VEN,378574,Julio,Vasquez,3,P2,"2PtsFG under the basket, fast break, dunk made",1,2,2PT,131,27
125530,29454-B-4,,VEN,BRA,Q1,6:28,7,6,27,BRA,406939,Cristian,Ferreira,33,P2,2pt hook shot missed,0,2,2PT,108,51
125530,29454-B-4,,VEN,BRA,Q1,6:17,7,8,27,BRA,374721,Eduardo,Santos,50,P2,2PtsFG under the basket made,1,2,2PT,140,31
125530,29454-B-4,,VEN,BRA,Q1,6:06,7,8,158,VEN,409363,Richard,Segovia,4,P3,3pt jump shot missed,0,3,3PT,224,134
125530,29454-B-4,,VEN,BRA,Q1,5:57,7,10,27,BRA,330039,Joao,Neves,14,P2,"2PtsFG under the basket, reverse lay-up made",1,2,2PT,153,31
125530,29454-B-4,,VEN,BRA,Q1,5:39,9,10,158,VEN,378574,Julio,Vasquez,3,P2,"2PtsFG under the basket, reverse lay-up made",1,2,2PT,130,31
125530,29454-B-4,,VEN,BRA,Q1,5:31,9,11,27,BRA,330047,Pedro,Souza,25,FT,1st of 2 free throws made,1,1,FT,0,0
125530,29454-B-4,,VEN,BRA,Q1,5:31,9,12,27,BRA,330047,Pedro,Souza,25,FT,2nd of 2 free throws made,1,1,FT,0,0
125530,29454-B-4,,VEN,BRA,Q1,5:15,9,12,158,VEN,378574,Julio,Vasquez,3,P2,2pt fadeaway jump shot missed,0,2,2PT,79,31
125530,29454-B-4,,VEN,BRA,Q1,5:07,9,12,158,VEN,378574,Julio,Vasquez,3,P2,"2PtsFG inside left wing, jump shot missed",0,2,2PT,88,36
125530,29454-B-4,,VEN,BRA,Q1,4:46,9,15,27,BRA,405101,Pietro,Melo,10,P3,3pt jump shot made,1,3,3PT,263,62
125530,29454-B-4,,VEN,BRA,Q1,4:37,12,15,158,VEN,409360,Juan,Perdomo,9,P3,3pt jump shot made,1,3,3PT,44,124
125530,29454-B-4,,VEN,BRA,Q1,4:30,12,15,27,BRA,405108,Matheus,Nascimento,3,P2,layup missed,0,2,2PT,159,48
125530,29454-B-4,,VEN,BRA,Q1,4:14,12,15,27,BRA,408792,Pedro,Alves,6,FT,1st of 2 free throws missed,0,1,FT,0,0
125530,29454-B-4,,VEN,BRA,Q1,4:14,12,16,27,BRA,408792,Pedro,Alves,6,FT,2nd of 2 free throws made,1,1,FT,0,0
125530,29454-B-4,,VEN,BRA,Q1,4:03,12,18,27,BRA,405101,Pietro,Melo,10,P2,"2PtsFG under the basket, points after turnover, layup made",1,2,2PT,149,31
125530,29454-B-4,,VEN,BRA,Q1,3:46,12,18,27,BRA,408792,Pedro,Alves,6,FT,1st of 2 free throws missed,0,1,FT,0,0
125530,29454-B-4,,VEN,BRA,Q1,3:46,12,18,27,BRA,408792,Pedro,Alves,6,FT,2nd of 2 free throws missed,0,1,FT,0,0
125530,29454-B-4,,VEN,BRA,Q1,3:26,14,18,158,VEN,356334,Diego,Soto,26,P2,"2PtsFG under the basket, points from fastbreak + after turnover, layup made",1,2,2PT,149,31
125530,29454-B-4,,VEN,BRA,Q1,3:10,14,19,27,BRA,408792,Pedro,Alves,6,FT,1st of 2 free throws made,1,1,FT,0,0
125530,29454-B-4,,VEN,BRA,Q1,3:10,14,19,27,BRA,408792,Pedro,Alves,6,FT,2nd of 2 free throws missed,0,1,FT,0,0
125530,29454-B-4,,VEN,BRA,Q1,3:09,14,19,27,BRA,331414,Isaiah,Santos,45,P2,"2PtsFG under the basket, layup missed",0,2,2PT,158,42
125530,29454-B-4,,VEN,BRA,Q1,2:49,15,19,158,VEN,356334,Diego,Soto,26,FT,1st of 2 free throws made,1,1,FT,0,0
125530,29454-B-4,,VEN,BRA,Q1,2:49,16,19,158,VEN,356334,Diego,Soto,26,FT,2nd of 2 free throws made,1,1,FT,0,0
125530,29454-B-4,,VEN,BRA,Q1,2:15,16,19,27,BRA,361295,Joao Gabriel,Fernandes,8,P3,3pt jump shot missed,0,3,3PT,45,133
125530,29454-B-4,,VEN,BRA,Q1,2:09,16,22,27,BRA,405108,Matheus,Nascimento,3,P3,3pt jump shot made,1,3,3PT,245,117
125530,29454-B-4,,VEN,BRA,Q1,1:44,16,22,158,VEN,378576,Williams,Anillo,18,P3,3pt jump shot missed,0,3,3PT,224,158
125530,29454-B-4,,VEN,BRA,Q1,1:28,18,22,158,VEN,378576,Williams,Anillo,18,P2,"2PtsFG under the basket, layup made",1,2,2PT,133,30
125530,29454-B-4,,VEN,BRA,Q1,1:09,18,22,27,BRA,361295,Joao Gabriel,Fernandes,8,P3,3pt jump shot from center missed,0,3,3PT,143,172
125530,29454-B-4,,VEN,BRA,Q1,1:03,18,22,27,BRA,331414,Isaiah,Santos,45,P2,"2PtsFG under the basket, layup missed",0,2,2PT,157,35
125530,29454-B-4,,VEN,BRA,Q1,0:56,18,22,27,BRA,405108,Matheus,Nascimento,3,P3,3pt jump shot missed,0,3,3PT,123,168
125530,29454-B-4,,VEN,BRA,Q1,0:43,20,22,158,VEN,378579,Deiker,Torres,2,P2,"2PtsFG inside center, jump shot made",1,2,2PT,152,111
125530,29454-B-4,,VEN,BRA,Q1,0:29,20,25,27,BRA,331414,Isaiah,Santos,45,P3,3pt fadeaway jump shot made,1,3,3PT,9,38
125530,29454-B-4,,VEN,BRA,Q1,0:09,23,25,158,VEN,378579,Deiker,Torres,2,P3,3pt jump shot made,1,3,3PT,225,141
125530,29454-B-4,,VEN,BRA,Q1,0:01,23,25,27,BRA,405100,João,Bandiera,11,P3,3pt jump shot missed,0,3,3PT,229,130
125530,29454-B-4,,VEN,BRA,Q2,9:25,23,25,158,VEN,378576,Williams,Anillo,18,P3,3pt jump shot missed,0,3,3PT,88,150
125530,29454-B-4,,VEN,BRA,Q2,9:05,23,25,27,BRA,405101,Pietro,Melo,10,P3,3pt jump shot missed,0,3,3PT,9,47
125530,29454-B-4,,VEN,BRA,Q2,8:59,23,26,27,BRA,331414,Isaiah,Santos,45,FT,1st of 2 free throws made,1,1,FT,0,0
125530,29454-B-4,,VEN,BRA,Q2,8:59,23,27,27,BRA,331414,Isaiah,Santos,45,FT,2nd of 2 free throws made,1,1,FT,0,0
125530,29454-B-4,,VEN,BRA,Q2,8:38,23,27,158,VEN,378574,Julio,Vasquez,3,P2,layup missed,0,2,2PT,152,79
125530,29454-B-4,,VEN,BRA,Q2,8:28,23,29,27,BRA,330047,Pedro,Souza,25,P2,2pt turnaround jump shot made,1,2,2PT,168,37
125530,29454-B-4,,VEN,BRA,Q2,8:07,23,29,158,VEN,378579,Deiker,Torres,2,P2,2pt jump shot missed,0,2,2PT,102,47
125530,29454-B-4,,VEN,BRA,Q2,8:00,23,31,27,BRA,331414,Isaiah,Santos,45,P2,"2PtsFG under the basket, fast break, alley oop lay-up made",1,2,2PT,156,35
125530,29454-B-4,,VEN,BRA,Q2,7:44,23,31,158,VEN,378574,Julio,Vasquez,3,P3,3pt jump shot missed,0,3,3PT,57,136
125530,29454-B-4,,VEN,BRA,Q2,7:31,23,31,27,BRA,405101,Pietro,Melo,10,P3,3pt jump shot from center missed,0,3,3PT,138,170
125530,29454-B-4,,VEN,BRA,Q2,7:20,23,31,158,VEN,378574,Julio,Vasquez,3,P2,layup missed,0,2,2PT,164,60
125530,29454-B-4,,VEN,BRA,Q2,7:08,23,31,158,VEN,409358,Samuel,Niño,23,P2,"2PtsFG inside center, jump shot missed",0,2,2PT,98,133
125530,29454-B-4,,VEN,BRA,Q2,6:55,23,31,27,BRA,330047,Pedro,Souza,25,P3,3pt jump shot missed,0,3,3PT,229,124
125530,29454-B-4,,VEN,BRA,Q2,6:50,23,31,27,BRA,331414,Isaiah,Santos,45,P2,"2PtsFG under the basket, points from second chance + after turnover missed",0,2,2PT,140,31
125530,29454-B-4,,VEN,BRA,Q2,6:36,23,31,27,BRA,331414,Isaiah,Santos,45,P3,3pt jump shot missed,0,3,3PT,263,64
125530,29454-B-4,,VEN,BRA,Q2,6:29,25,31,158,VEN,378574,Julio,Vasquez,3,P2,"2PtsFG under the basket, fast break, layup made",1,2,2PT,146,42
125530,29454-B-4,,VEN,BRA,Q2,6:17,25,31,27,BRA,406939,Cristian,Ferreira,33,P2,layup missed,0,2,2PT,162,46
125530,29454-B-4,,VEN,BRA,Q2,6:13,26,31,158,VEN,409363,Richard,Segovia,4,FT,1st of 2 free throws made,1,1,FT,0,0
125530,29454-B-4,,VEN,BRA,Q2,6:13,27,31,158,VEN,409363,Richard,Segovia,4,FT,2nd of 2 free throws made,1,1,FT,0,0
125530,29454-B-4,,VEN,BRA,Q2,6:08,27,31,158,VEN,409363,Richard,Segovia,4,P2,2pt jump shot missed,0,2,2PT,184,101
125530,29454-B-4,,VEN,BRA,Q2,5:54,27,33,27,BRA,405101,Pietro,Melo,10,P2,"2PtsFG under the basket, driving layup made",1,2,2PT,127,41
125530,29454-B-4,,VEN,BRA,Q2,5:41,29,33,158,VEN,378574,Julio,Vasquez,3,P2,"2PtsFG under the basket, reverse lay-up made",1,2,2PT,126,35
125530,29454-B-4,,VEN,BRA,Q2,5:29,29,33,27,BRA,330039,Joao,Neves,14,P3,3pt jump shot missed,0,3,3PT,70,158
125530,29454-B-4,,VEN,BRA,Q2,5:21,29,36,27,BRA,330039,Joao,Neves,14,P3,3pt jump shot made,1,3,3PT,267,43
125530,29454-B-4,,VEN,BRA,Q2,5:10,29,36,158,VEN,409358,Samuel,Niño,23,P2,"2PtsFG under the basket, layup missed",0,2,2PT,145,36
125530,29454-B-4,,VEN,BRA,Q2,5:02,29,38,27,BRA,330047,Pedro,Souza,25,P2,"2PtsFG under the basket, fast break, driving layup made",1,2,2PT,129,42
125530,29454-B-4,,VEN,BRA,Q2,4:36,29,38,158,VEN,409360,Juan,Perdomo,9,P3,3pt jump shot missed,0,3,3PT,267,30
125530,29454-B-4,,VEN,BRA,Q2,4:30,29,39,27,BRA,374721,Eduardo,Santos,50,FT,1st of 2 free throws made,1,1,FT,0,0
125530,29454-B-4,,VEN,BRA,Q2,4:30,29,39,27,BRA,374721,Eduardo,Santos,50,FT,2nd of 2 free throws missed,0,1,FT,0,0
125530,29454-B-4,,VEN,BRA,Q2,4:09,29,39,158,VEN,409398,Isaac,Montero,20,P2,2pt jump shot missed,0,2,2PT,142,100
125530,29454-B-4,,VEN,BRA,Q2,4:02,29,41,27,BRA,374721,Eduardo,Santos,50,P2,"2PtsFG under the basket, fast break, layup made",1,2,2PT,128,35
125530,29454-B-4,,VEN,BRA,Q2,3:47,32,41,158,VEN,409360,Juan,Perdomo,9,P3,3pt jump shot made,1,3,3PT,268,71
125530,29454-B-4,,VEN,BRA,Q2,3:47,33,41,158,VEN,409360,Juan,Perdomo,9,FT,1st free throw made,1,1,FT,0,0
125530,29454-B-4,,VEN,BRA,Q2,3:29,33,41,27,BRA,330047,Pedro,Souza,25,P3,3pt step back jump shot missed,0,3,3PT,62,143
125530,29454-B-4,,VEN,BRA,Q2,3:05,36,41,158,VEN,409360,Juan,Perdomo,9,P3,3pt jump shot made,1,3,3PT,266,36
125530,29454-B-4,,VEN,BRA,Q2,2:56,36,41,27,BRA,406939,Cristian,Ferreira,33,FT,1st of 2 free throws missed,0,1,FT,0,0
125530,29454-B-4,,VEN,BRA,Q2,2:56,36,41,27,BRA,406939,Cristian,Ferreira,33,FT,2nd of 2 free throws missed,0,1,FT,0,0
125530,29454-B-4,,VEN,BRA,Q2,2:26,36,41,158,VEN,409358,Samuel,Niño,23,P3,3pt jump shot missed,0,3,3PT,92,156
125530,29454-B-4,,VEN,BRA,Q2,2:20,38,41,158,VEN,409358,Samuel,Niño,23,P2,"2PtsFG inside center, jump shot made",1,2,2PT,130,122
125530,29454-B-4,,VEN,BRA,Q2,2:12,38,41,27,BRA,330047,Pedro,Souza,25,P2,"2PtsFG under the basket, hook shot missed",0,2,2PT,149,30
125530,29454-B-4,,VEN,BRA,Q2,2:03,38,41,158,VEN,378574,Julio,Vasquez,3,P2,2pt step back jump shot missed,0,2,2PT,168,43
125530,29454-B-4,,VEN,BRA,Q2,1:59,39,41,158,VEN,409358,Samuel,Niño,23,FT,1st of 2 free throws made,1,1,FT,0,0
125530,29454-B-4,,VEN,BRA,Q2,1:59,39,41,158,VEN,409358,Samuel,Niño,23,FT,2nd of 2 free throws missed,0,1,FT,0,0
125530,29454-B-4,,VEN,BRA,Q2,1:49,39,43,27,BRA,374721,Eduardo,Santos,50,P2,2pt driving layup made,1,2,2PT,104,45
125530,29454-B-4,,VEN,BRA,Q2,1:38,39,43,158,VEN,409358,Samuel,Niño,23,P2,layup missed,0,2,2PT,166,46
125530,29454-B-4,,VEN,BRA,Q2,1:21,39,43,158,VEN,378577,Kevin,Gutierrez,14,P3,3pt jump shot missed,0,3,3PT,203,157
125530,29454-B-4,,VEN,BRA,Q2,1:07,39,43,27,BRA,374721,Eduardo,Santos,50,P3,3pt jump shot from center missed,0,3,3PT,178,155
125530,29454-B-4,,VEN,BRA,Q2,1:01,39,45,27,BRA,331414,Isaiah,Santos,45,P2,"2PtsFG under the basket, hook shot made",1,2,2PT,146,38
125530,29454-B-4,,VEN,BRA,Q2,0:43,39,45,158,VEN,378574,Julio,Vasquez,3,P2,"2PtsFG under the basket, layup missed",0,2,2PT,127,31
125530,29454-B-4,,VEN,BRA,Q2,0:35,39,45,27,BRA,405108,Matheus,Nascimento,3,P2,"2PtsFG under the basket, eurostep missed",0,2,2PT,157,41
125530,29454-B-4,,VEN,BRA,Q2,0:30,39,45,27,BRA,405082,Caio,Mathias,2,P3,3pt jump shot missed,0,3,3PT,19,94
125530,29454-B-4,,VEN,BRA,Q2,0:16,41,45,158,VEN,378577,Kevin,Gutierrez,14,P2,"2PtsFG under the basket, layup made",1,2,2PT,152,42
125530,29454-B-4,,VEN,BRA,Q2,0:03,41,48,27,BRA,405101,Pietro,Melo,10,P3,3pt jump shot made,1,3,3PT,29,135
125530,29454-B-4,,VEN,BRA,Q3,9:41,41,48,27,BRA,330039,Joao,Neves,14,P2,"2PtsFG under the basket, points after turnover, layup missed",0,2,2PT,149,46
125530,29454-B-4,,VEN,BRA,Q3,9:34,41,48,27,BRA,406939,Cristian,Ferreira,33,P2,"2PtsFG under the basket, points from second chance + after turnover, layup missed",0,2,2PT,123,40
125530,29454-B-4,,VEN,BRA,Q3,9:26,43,48,158,VEN,390925,Jose,Lara,7,P2,"2PtsFG under the basket, layup made",1,2,2PT,119,38
125530,29454-B-4,,VEN,BRA,Q3,9:14,43,48,27,BRA,330047,Pedro,Souza,25,P2,"2PtsFG under the basket, reverse lay-up missed",0,2,2PT,136,37
125530,29454-B-4,,VEN,BRA,Q3,9:02,45,48,158,VEN,378574,Julio,Vasquez,3,P2,"2PtsFG under the basket, reverse lay-up made",1,2,2PT,156,30
125530,29454-B-4,,VEN,BRA,Q3,8:45,45,48,27,BRA,406939,Cristian,Ferreira,33,FT,1st of 2 free throws missed,0,1,FT,0,0
125530,29454-B-4,,VEN,BRA,Q3,8:45,45,48,27,BRA,406939,Cristian,Ferreira,33,FT,2nd of 2 free throws missed,0,1,FT,0,0
125530,29454-B-4,,VEN,BRA,Q3,8:37,45,48,27,BRA,374721,Eduardo,Santos,50,P2,"2PtsFG under the basket, driving layup missed",0,2,2PT,130,40
125530,29454-B-4,,VEN,BRA,Q3,8:32,45,50,27,BRA,330047,Pedro,Souza,25,P2,2PtsFG under the basket made,1,2,2PT,140,31
125530,29454-B-4,,VEN,BRA,Q3,8:18,45,50,158,VEN,378577,Kevin,Gutierrez,14,P2,"2PtsFG under the basket, layup missed",0,2,2PT,121,34
125530,29454-B-4,,VEN,BRA,Q3,8:12,45,52,27,BRA,374721,Eduardo,Santos,50,P2,"2PtsFG under the basket, fast break, jump shot made",1,2,2PT,120,40
125530,29454-B-4,,VEN,BRA,Q3,7:53,45,52,158,VEN,409358,Samuel,Niño,23,FT,1st of 2 free throws missed,0,1,FT,0,0
125530,29454-B-4,,VEN,BRA,Q3,7:53,45,52,158,VEN,409358,Samuel,Niño,23,FT,2nd of 2 free throws missed,0,1,FT,0,0
125530,29454-B-4,,VEN,BRA,Q3,7:47,45,52,27,BRA,330047,Pedro,Souza,25,P2,"2PtsFG under the basket, layup missed",0,2,2PT,144,44
125530,29454-B-4,,VEN,BRA,Q3,7:40,45,52,158,VEN,390925,Jose,Lara,7,P2,2pt driving layup missed,0,2,2PT,164,34
125530,29454-B-4,,VEN,BRA,Q3,7:31,45,52,158,VEN,409363,Richard,Segovia,4,P3,3pt jump shot missed,0,3,3PT,71,151
125530,29454-B-4,,VEN,BRA,Q3,7:12,45,52,27,BRA,405101,Pietro,Melo,10,P3,3pt jump shot missed,0,3,3PT,240,122
125530,29454-B-4,,VEN,BRA,Q3,6:52,45,52,158,VEN,378574,Julio,Vasquez,3,P3,3pt jump shot missed,0,3,3PT,265,49
125530,29454-B-4,,VEN,BRA,Q3,6:44,48,52,158,VEN,409363,Richard,Segovia,4,P3,3pt jump shot made,1,3,3PT,153,165
125530,29454-B-4,,VEN,BRA,Q3,6:28,48,54,27,BRA,405101,Pietro,Melo,10,P2,"2PtsFG under the basket, layup made",1,2,2PT,157,35
125530,29454-B-4,,VEN,BRA,Q3,6:18,48,54,158,VEN,409363,Richard,Segovia,4,P2,"2PtsFG under the basket, layup missed",0,2,2PT,152,33
125530,29454-B-4,,VEN,BRA,Q3,6:10,48,54,27,BRA,330039,Joao,Neves,14,P2,"2PtsFG under the basket, layup missed",0,2,2PT,128,34
125530,29454-B-4,,VEN,BRA,Q3,6:10,48,54,27,BRA,330039,Joao,Neves,14,P3,3pt jump shot missed,0,3,3PT,9,38
125530,29454-B-4,,VEN,BRA,Q3,5:50,48,54,158,VEN,378577,Kevin,Gutierrez,14,P3,3pt jump shot missed,0,3,3PT,267,43
125530,29454-B-4,,VEN,BRA,Q3,5:42,48,57,27,BRA,405101,Pietro,Melo,10,P3,3pt jump shot from center made,1,3,3PT,186,160
125530,29454-B-4,,VEN,BRA,Q3,5:14,48,57,158,VEN,378574,Julio,Vasquez,3,P2,"2PtsFG under the basket, step back jump shot missed",0,2,2PT,120,38
125530,29454-B-4,,VEN,BRA,Q3,5:08,48,58,27,BRA,330039,Joao,Neves,14,FT,1st of 2 free throws made,1,1,FT,0,0
125530,29454-B-4,,VEN,BRA,Q3,5:08,48,59,27,BRA,330039,Joao,Neves,14,FT,2nd of 2 free throws made,1,1,FT,0,0
125530,29454-B-4,,VEN,BRA,Q3,4:48,50,59,158,VEN,378579,Deiker,Torres,2,P2,"2PtsFG inside center, jump shot made",1,2,2PT,100,132
125530,29454-B-4,,VEN,BRA,Q3,4:39,50,59,27,BRA,405101,Pietro,Melo,10,P3,3pt jump shot missed,0,3,3PT,41,129
125530,29454-B-4,,VEN,BRA,Q3,4:35,50,59,27,BRA,331414,Isaiah,Santos,45,P3,3pt jump shot missed,0,3,3PT,268,88
125530,29454-B-4,,VEN,BRA,Q3,4:23,50,59,158,VEN,409360,Juan,Perdomo,9,P3,3pt jump shot missed,0,3,3PT,267,27
125530,29454-B-4,,VEN,BRA,Q3,4:12,50,59,27,BRA,361295,Joao Gabriel,Fernandes,8,P3,3pt jump shot missed,0,3,3PT,267,40
125530,29454-B-4,,VEN,BRA,Q3,3:50,50,59,158,VEN,378574,Julio,Vasquez,3,P2,2pt floating jump shot missed,0,2,2PT,115,98
125530,29454-B-4,,VEN,BRA,Q3,3:30,50,59,158,VEN,409398,Isaac,Montero,20,P2,2pt turnaround jump shot missed,0,2,2PT,168,104
125530,29454-B-4,,VEN,BRA,Q3,3:18,50,59,27,BRA,361295,Joao Gabriel,Fernandes,8,P3,3pt jump shot missed,0,3,3PT,265,60
125530,29454-B-4,,VEN,BRA,Q3,3:13,50,61,27,BRA,331414,Isaiah,Santos,45,P2,"2PtsFG under the basket, hook shot made",1,2,2PT,153,32
125530,29454-B-4,,VEN,BRA,Q3,2:48,50,61,158,VEN,378577,Kevin,Gutierrez,14,P2,layup missed,0,2,2PT,118,47
125530,29454-B-4,,VEN,BRA,Q3,2:40,53,61,158,VEN,378579,Deiker,Torres,2,P3,3pt jump shot made,1,3,3PT,74,153
125530,29454-B-4,,VEN,BRA,Q3,2:34,53,61,27,BRA,331414,Isaiah,Santos,45,P2,layup missed,0,2,2PT,168,53
125530,29454-B-4,,VEN,BRA,Q3,2:23,55,61,158,VEN,390925,Jose,Lara,7,P2,layup made,1,2,2PT,149,57
125530,29454-B-4,,VEN,BRA,Q3,2:16,55,61,27,BRA,361295,Joao Gabriel,Fernandes,8,P3,3pt jump shot from center missed,0,3,3PT,107,157
125530,29454-B-4,,VEN,BRA,Q3,1:53,55,61,158,VEN,378579,Deiker,Torres,2,P2,2pt jump shot missed,0,2,2PT,94,73
125530,29454-B-4,,VEN,BRA,Q3,1:45,55,64,27,BRA,330047,Pedro,Souza,25,P3,3pt jump shot made,1,3,3PT,223,133
125530,29454-B-4,,VEN,BRA,Q3,1:22,57,64,158,VEN,409360,Juan,Perdomo,9,P2,layup made,1,2,2PT,129,69
125530,29454-B-4,,VEN,BRA,Q3,0:59,57,64,27,BRA,331414,Isaiah,Santos,45,P3,3pt jump shot missed,0,3,3PT,264,68
125530,29454-B-4,,VEN,BRA,Q3,0:48,57,64,158,VEN,378579,Deiker,Torres,2,P3,3pt jump shot missed,0,3,3PT,203,148
125530,29454-B-4,,VEN,BRA,Q3,0:14,57,66,27,BRA,331414,Isaiah,Santos,45,P2,"2PtsFG under the basket, points from fastbreak + after turnover, dunk made",1,2,2PT,145,40
125530,29454-B-4,,VEN,BRA,Q3,0:06,57,66,158,VEN,378579,Deiker,Torres,2,P2,"2PtsFG inside center, jump shot missed",0,2,2PT,146,113
125530,29454-B-4,,VEN,BRA,Q4,9:52,57,68,27,BRA,330047,Pedro,Souza,25,P2,"2PtsFG under the basket, driving layup made",1,2,2PT,133,33
125530,29454-B-4,,VEN,BRA,Q4,9:03,58,68,158,VEN,409358,Samuel,Niño,23,FT,1st of 2 free throws made,1,1,FT,0,0
125530,29454-B-4,,VEN,BRA,Q4,9:01,59,70,27,BRA,330047,Pedro,Souza,25,P2,"2PtsFG under the basket, layup made",1,2,2PT,153,28
125530,29454-B-4,,VEN,BRA,Q4,9:03,59,68,158,VEN,409358,Samuel,Niño,23,FT,2nd of 2 free throws made,1,1,FT,0,0
125530,29454-B-4,,VEN,BRA,Q4,9:01,61,70,158,VEN,409358,Samuel,Niño,23,P2,layup made,1,2,2PT,118,43
125530,29454-B-4,,VEN,BRA,Q4,8:46,61,70,27,BRA,408792,Pedro,Alves,6,P2,"2PtsFG under the basket, dunk missed",0,2,2PT,143,49
125530,29454-B-4,,VEN,BRA,Q4,8:41,63,70,158,VEN,409358,Samuel,Niño,23,P2,"2PtsFG under the basket, fast break, layup made",1,2,2PT,131,35
125530,29454-B-4,,VEN,BRA,Q4,8:27,63,70,27,BRA,331414,Isaiah,Santos,45,P3,3pt jump shot missed,0,3,3PT,247,109
125530,29454-B-4,,VEN,BRA,Q4,8:04,63,72,27,BRA,406939,Cristian,Ferreira,33,P2,"2PtsFG under the basket, points from fastbreak + after turnover, dunk made",1,2,2PT,148,29
125530,29454-B-4,,VEN,BRA,Q4,7:40,65,72,158,VEN,390925,Jose,Lara,7,P2,"2PtsFG under the basket, turnaround jump shot made",1,2,2PT,127,35
125530,29454-B-4,,VEN,BRA,Q4,7:31,65,72,27,BRA,330047,Pedro,Souza,25,P3,3pt jump shot from center missed,0,3,3PT,133,162
125530,29454-B-4,,VEN,BRA,Q4,7:28,65,74,27,BRA,374721,Eduardo,Santos,50,P2,"2PtsFG under the basket, layup made",1,2,2PT,127,29
125530,29454-B-4,,VEN,BRA,Q4,7:27,65,75,27,BRA,374721,Eduardo,Santos,50,FT,free throw made,1,1,FT,0,0
125530,29454-B-4,,VEN,BRA,Q4,7:06,65,75,158,VEN,378574,Julio,Vasquez,3,P2,"2PtsFG under the basket, hook shot missed",0,2,2PT,158,34
125530,29454-B-4,,VEN,BRA,Q4,6:59,65,78,27,BRA,405101,Pietro,Melo,10,P3,3pt jump shot made,1,3,3PT,12,32
125530,29454-B-4,,VEN,BRA,Q4,6:37,68,78,158,VEN,409363,Richard,Segovia,4,P3,3pt jump shot from center made,1,3,3PT,131,166
125530,29454-B-4,,VEN,BRA,Q4,6:15,68,78,27,BRA,330039,Joao,Neves,14,P3,3pt jump shot missed,0,3,3PT,234,126
125530,29454-B-4,,VEN,BRA,Q4,6:01,68,78,158,VEN,409363,Richard,Segovia,4,P3,3pt jump shot missed,0,3,3PT,68,152
125530,29454-B-4,,VEN,BRA,Q4,5:55,68,81,27,BRA,405082,Caio,Mathias,2,P3,3pt jump shot made,1,3,3PT,44,119
125530,29454-B-4,,VEN,BRA,Q4,5:40,68,81,158,VEN,409363,Richard,Segovia,4,P3,3pt jump shot missed,0,3,3PT,266,50
125530,29454-B-4,,VEN,BRA,Q4,5:31,68,84,27,BRA,405101,Pietro,Melo,10,P3,3pt jump shot from center made,1,3,3PT,138,186
125530,29454-B-4,,VEN,BRA,Q4,5:05,69,84,158,VEN,378577,Kevin,Gutierrez,14,FT,1st of 2 free throws made,1,1,FT,0,0
125530,29454-B-4,,VEN,BRA,Q4,5:05,69,84,158,VEN,378577,Kevin,Gutierrez,14,FT,2nd of 2 free throws missed,0,1,FT,0,0
125530,29454-B-4,,VEN,BRA,Q4,4:58,69,86,27,BRA,330039,Joao,Neves,14,P2,"2PtsFG under the basket, fast break, reverse lay-up made",1,2,2PT,154,29
125530,29454-B-4,,VEN,BRA,Q4,4:36,71,86,158,VEN,378574,Julio,Vasquez,3,P2,"2PtsFG under the basket, points from fastbreak + after turnover, layup made",1,2,2PT,152,39
125530,29454-B-4,,VEN,BRA,Q4,4:14,71,88,27,BRA,405101,Pietro,Melo,10,P2,2pt step back jump shot made,1,2,2PT,128,109
125530,29454-B-4,,VEN,BRA,Q4,3:57,71,88,158,VEN,378577,Kevin,Gutierrez,14,P2,"2PtsFG under the basket, layup missed",0,2,2PT,127,46
125530,29454-B-4,,VEN,BRA,Q4,3:49,71,88,158,VEN,378574,Julio,Vasquez,3,P3,3pt jump shot missed,0,3,3PT,263,66
125530,29454-B-4,,VEN,BRA,Q4,3:35,71,90,27,BRA,330047,Pedro,Souza,25,P2,"2PtsFG under the basket, driving layup made",1,2,2PT,118,33
125530,29454-B-4,,VEN,BRA,Q4,3:23,71,90,158,VEN,378574,Julio,Vasquez,3,P2,"2PtsFG under the basket, layup missed",0,2,2PT,124,42
125530,29454-B-4,,VEN,BRA,Q4,3:11,73,90,158,VEN,378574,Julio,Vasquez,3,P2,"2PtsFG under the basket, points from fastbreak + after turnover, layup made",1,2,2PT,149,28
125530,29454-B-4,,VEN,BRA,Q4,2:53,73,90,27,BRA,330039,Joao,Neves,14,P2,"2PtsFG under the basket, layup missed",0,2,2PT,152,43
125530,29454-B-4,,VEN,BRA,Q4,2:34,73,90,158,VEN,409358,Samuel,Niño,23,P2,layup missed,0,2,2PT,102,51
125530,29454-B-4,,VEN,BRA,Q4,2:27,73,92,27,BRA,374721,Eduardo,Santos,50,P2,"2PtsFG under the basket, fast break, dunk made",1,2,2PT,123,33
125530,29454-B-4,,VEN,BRA,Q4,2:08,73,92,158,VEN,378574,Julio,Vasquez,3,P2,"2PtsFG under the basket, layup missed",0,2,2PT,149,35
125530,29454-B-4,,VEN,BRA,Q4,2:01,73,92,27,BRA,405101,Pietro,Melo,10,P2,"2PtsFG under the basket, reverse lay-up missed",0,2,2PT,120,32
125530,29454-B-4,,VEN,BRA,Q4,1:52,73,92,158,VEN,378576,Williams,Anillo,18,P3,3pt jump shot missed,0,3,3PT,267,61
125530,29454-B-4,,VEN,BRA,Q4,1:29,73,92,27,BRA,405101,Pietro,Melo,10,P3,3pt jump shot missed,0,3,3PT,221,136
125530,29454-B-4,,VEN,BRA,Q4,1:23,75,92,158,VEN,378576,Williams,Anillo,18,P2,"2PtsFG under the basket, fast break, layup made",1,2,2PT,143,45
125530,29454-B-4,,VEN,BRA,Q4,1:23,76,92,158,VEN,378576,Williams,Anillo,18,FT,1st free throw made,1,1,FT,0,0
125530,29454-B-4,,VEN,BRA,Q4,1:01,76,94,27,BRA,330039,Joao,Neves,14,P2,"2PtsFG under the basket, layup made",1,2,2PT,157,37
125530,29454-B-4,,VEN,BRA,Q4,0:24,76,94,27,BRA,361295,Joao Gabriel,Fernandes,8,P3,3pt jump shot missed,0,3,3PT,179,177
125530,29454-B-4,,VEN,BRA,Q4,0:13,76,94,158,VEN,378574,Julio,Vasquez,3,P3,3pt jump shot missed,0,3,3PT,19,95
125530,29454-B-4,,VEN,BRA,Q4,0:08,78,94,158,VEN,378574,Julio,Vasquez,3,P2,"2PtsFG under the basket, points from second chance + after turnover, layup made",1,2,2PT,133,39
125530,29454-B-4,,VEN,BRA,Q4,0:03,79,94,158,VEN,378576,Williams,Anillo,18,FT,Free throw made 1 of 2,1,1,FT,0,0
125530,29454-B-4,,VEN,BRA,Q4,0:03,79,94,158,VEN,378576,Williams,Anillo,18,FT,Free throw missed 2 of 2,0,1,FT,0,0
125531,29454-B-5,,PAR,BRA,Q1,9:47,0,3,27,BRA,374721,Eduardo,Santos,50,P3,3pt jump shot made,1,3,3PT,36,110
125531,29454-B-5,,PAR,BRA,Q1,9:29,0,3,120,PAR,331730,Alejandro,Talavera,6,P2,"2PtsFG under the basket, layup missed",0,2,2PT,150,23
125531,29454-B-5,,PAR,BRA,Q1,9:13,0,3,27,BRA,330047,Pedro,Souza,25,P2,"2PtsFG under the basket, layup missed",0,2,2PT,134,34
125531,29454-B-5,,PAR,BRA,Q1,8:48,0,5,27,BRA,374721,Eduardo,Santos,50,P2,layup made,1,2,2PT,146,16
125531,29454-B-5,,PAR,BRA,Q1,8:48,0,6,27,BRA,374721,Eduardo,Santos,50,FT,1st free throw made,1,1,FT,0,0
125531,29454-B-5,,PAR,BRA,Q1,8:30,0,6,120,PAR,409401,Nestor,Gonzalez,21,P3,3pt jump shot from center missed,0,3,3PT,120,166
125531,29454-B-5,,PAR,BRA,Q1,8:21,3,6,120,PAR,409402,Roberto,Radice,3,P3,3pt jump shot made,1,3,3PT,11,30
125531,29454-B-5,,PAR,BRA,Q1,8:09,3,9,27,BRA,405101,Pietro,Melo,10,P3,3pt jump shot made,1,3,3PT,246,139
125531,29454-B-5,,PAR,BRA,Q1,7:55,6,9,120,PAR,409402,Roberto,Radice,3,P3,3pt pullup jump shot made,1,3,3PT,244,133
125531,29454-B-5,,PAR,BRA,Q1,7:41,6,11,27,BRA,330047,Pedro,Souza,25,P2,layup made,1,2,2PT,108,30
125531,29454-B-5,,PAR,BRA,Q1,7:41,6,11,27,BRA,330047,Pedro,Souza,25,FT,1st free throw missed,0,1,FT,0,0
125531,29454-B-5,,PAR,BRA,Q1,7:28,8,11,120,PAR,331738,Luis,Vera,5,P2,"2PtsFG under the basket, driving layup made",1,2,2PT,149,18
125531,29454-B-5,,PAR,BRA,Q1,7:13,8,11,27,BRA,405101,Pietro,Melo,10,P3,3pt jump shot missed,0,3,3PT,64,152
125531,29454-B-5,,PAR,BRA,Q1,7:05,8,11,27,BRA,374721,Eduardo,Santos,50,P2,"2PtsFG under the basket, layup missed",0,2,2PT,153,37
125531,29454-B-5,,PAR,BRA,Q1,7:00,8,13,27,BRA,374721,Eduardo,Santos,50,P2,"2PtsFG under the basket, layup made",1,2,2PT,137,29
125531,29454-B-5,,PAR,BRA,Q1,6:45,8,13,120,PAR,331730,Alejandro,Talavera,6,P3,3pt jump shot missed,0,3,3PT,224,156
125531,29454-B-5,,PAR,BRA,Q1,6:35,8,13,120,PAR,331738,Luis,Vera,5,P3,3pt jump shot missed,0,3,3PT,148,173
125531,29454-B-5,,PAR,BRA,Q1,6:28,8,15,27,BRA,330047,Pedro,Souza,25,P2,"2PtsFG under the basket, fast break, driving layup made",1,2,2PT,124,25
125531,29454-B-5,,PAR,BRA,Q1,6:09,8,15,120,PAR,331738,Luis,Vera,5,P2,2pt fadeaway jump shot missed,0,2,2PT,213,33
125531,29454-B-5,,PAR,BRA,Q1,6:00,8,18,27,BRA,405101,Pietro,Melo,10,P3,3pt jump shot made,1,3,3PT,12,34
125531,29454-B-5,,PAR,BRA,Q1,5:49,8,18,120,PAR,409402,Roberto,Radice,3,P3,3pt jump shot missed,0,3,3PT,236,130
125531,29454-B-5,,PAR,BRA,Q1,5:39,8,18,27,BRA,330039,Joao,Neves,14,P2,layup missed,0,2,2PT,105,24
125531,29454-B-5,,PAR,BRA,Q1,5:34,8,18,27,BRA,374721,Eduardo,Santos,50,P3,3pt jump shot missed,0,3,3PT,51,140
125531,29454-B-5,,PAR,BRA,Q1,5:20,8,18,120,PAR,409401,Nestor,Gonzalez,21,P3,3pt jump shot missed,0,3,3PT,66,154
125531,29454-B-5,,PAR,BRA,Q1,5:08,8,19,27,BRA,330047,Pedro,Souza,25,FT,1st of 2 free throws made,1,1,FT,0,0
125531,29454-B-5,,PAR,BRA,Q1,5:08,8,20,27,BRA,330047,Pedro,Souza,25,FT,2nd of 2 free throws made,1,1,FT,0,0
125531,29454-B-5,,PAR,BRA,Q1,4:55,8,20,120,PAR,331739,Mauricio,Escurra,14,P2,layup missed,0,2,2PT,109,43
125531,29454-B-5,,PAR,BRA,Q1,4:29,8,20,120,PAR,331738,Luis,Vera,5,P3,3pt jump shot missed,0,3,3PT,240,128
125531,29454-B-5,,PAR,BRA,Q1,4:24,8,21,27,BRA,331414,Isaiah,Santos,45,FT,1st of 2 free throws made,1,1,FT,0,0
125531,29454-B-5,,PAR,BRA,Q1,4:24,8,22,27,BRA,331414,Isaiah,Santos,45,FT,2nd of 2 free throws made,1,1,FT,0,0
125531,29454-B-5,,PAR,BRA,Q1,4:05,8,23,27,BRA,374721,Eduardo,Santos,50,FT,Free throw made 1 of 2,1,1,FT,0,0
125531,29454-B-5,,PAR,BRA,Q1,4:05,8,24,27,BRA,374721,Eduardo,Santos,50,FT,Free throw made 2 of 2,1,1,FT,0,0
125531,29454-B-5,,PAR,BRA,Q1,3:39,8,24,120,PAR,331739,Mauricio,Escurra,14,P2,"2PtsFG under the basket, layup missed",0,2,2PT,161,35
125531,29454-B-5,,PAR,BRA,Q1,3:32,8,24,27,BRA,405101,Pietro,Melo,10,P3,3pt jump shot missed,0,3,3PT,248,142
125531,29454-B-5,,PAR,BRA,Q1,3:10,8,25,27,BRA,406939,Cristian,Ferreira,33,FT,1st of 2 free throws made,1,1,FT,0,0
125531,29454-B-5,,PAR,BRA,Q1,3:10,8,26,27,BRA,406939,Cristian,Ferreira,33,FT,2nd of 2 free throws made,1,1,FT,0,0
125531,29454-B-5,,PAR,BRA,Q1,2:43,8,29,27,BRA,405082,Caio,Mathias,2,P3,3pt jump shot made,1,3,3PT,28,130
125531,29454-B-5,,PAR,BRA,Q1,2:20,8,29,120,PAR,331739,Mauricio,Escurra,14,P3,3pt jump shot missed,0,3,3PT,51,134
125531,29454-B-5,,PAR,BRA,Q1,2:15,8,31,27,BRA,361295,Joao Gabriel,Fernandes,8,P2,"2PtsFG under the basket, fast break, layup made",1,2,2PT,119,21
125531,29454-B-5,,PAR,BRA,Q1,1:56,8,33,27,BRA,406939,Cristian,Ferreira,33,P2,"2PtsFG under the basket, points from fastbreak + after turnover, layup made",1,2,2PT,135,48
125531,29454-B-5,,PAR,BRA,Q1,1:56,8,33,27,BRA,406939,Cristian,Ferreira,33,FT,Free throw missed 1 of 1,0,1,FT,0,0
125531,29454-B-5,,PAR,BRA,Q1,1:53,8,36,27,BRA,405082,Caio,Mathias,2,P3,3pt jump shot made,1,3,3PT,23,117
125531,29454-B-5,,PAR,BRA,Q1,1:30,8,36,120,PAR,379182,Ezequiel,Cuellar,81,P2,"2PtsFG under the basket, points after turnover, layup missed",0,2,2PT,158,41
125531,29454-B-5,,PAR,BRA,Q1,1:23,8,36,27,BRA,405082,Caio,Mathias,2,P3,3pt jump shot missed,0,3,3PT,256,125
125531,29454-B-5,,PAR,BRA,Q1,1:15,8,38,27,BRA,361295,Joao Gabriel,Fernandes,8,P2,"2PtsFG under the basket, layup made",1,2,2PT,121,40
125531,29454-B-5,,PAR,BRA,Q1,1:06,8,38,120,PAR,401330,Mateo,Irala,7,P2,"2PtsFG under the basket, layup missed",0,2,2PT,141,24
125531,29454-B-5,,PAR,BRA,Q1,0:32,8,38,27,BRA,405103,João Marcelo,De Rinalde,99,P2,"2PtsFG under the basket, points after turnover, alley oop lay-up missed",0,2,2PT,146,36
125531,29454-B-5,,PAR,BRA,Q1,0:18,8,38,27,BRA,405103,João Marcelo,De Rinalde,99,P2,"2PtsFG under the basket, points from second chance + after turnover, layup missed",0,2,2PT,122,29
125531,29454-B-5,,PAR,BRA,Q1,0:03,8,38,120,PAR,409401,Nestor,Gonzalez,21,P3,3pt jump shot missed,0,3,3PT,10,10
125531,29454-B-5,,PAR,BRA,Q2,9:42,8,40,27,BRA,331414,Isaiah,Santos,45,P2,"2PtsFG under the basket, points from fastbreak + after turnover, driving layup made",1,2,2PT,146,22
125531,29454-B-5,,PAR,BRA,Q2,9:15,8,40,120,PAR,409401,Nestor,Gonzalez,21,P2,"2PtsFG inside right wing, jump shot missed",0,2,2PT,247,32
125531,29454-B-5,,PAR,BRA,Q2,9:05,8,43,27,BRA,361295,Joao Gabriel,Fernandes,8,P3,3pt jump shot made,1,3,3PT,271,25
125531,29454-B-5,,PAR,BRA,Q2,8:33,8,43,120,PAR,409401,Nestor,Gonzalez,21,P2,layup missed,0,2,2PT,152,66
125531,29454-B-5,,PAR,BRA,Q2,8:26,8,43,27,BRA,361295,Joao Gabriel,Fernandes,8,P3,3pt jump shot missed,0,3,3PT,62,145
125531,29454-B-5,,PAR,BRA,Q2,8:12,8,43,120,PAR,409401,Nestor,Gonzalez,21,P2,"2PtsFG under the basket, hook shot missed",0,2,2PT,138,40
125531,29454-B-5,,PAR,BRA,Q2,8:04,8,45,27,BRA,331414,Isaiah,Santos,45,P2,"2PtsFG under the basket, fast break, layup made",1,2,2PT,153,29
125531,29454-B-5,,PAR,BRA,Q2,7:49,8,45,120,PAR,379182,Ezequiel,Cuellar,81,P3,3pt jump shot missed,0,3,3PT,239,156
125531,29454-B-5,,PAR,BRA,Q2,7:34,8,45,27,BRA,361295,Joao Gabriel,Fernandes,8,P2,layup missed,0,2,2PT,130,9
125531,29454-B-5,,PAR,BRA,Q2,7:33,8,47,27,BRA,405108,Matheus,Nascimento,3,P2,"2PtsFG under the basket, points from second chance + fastbreak + after turnover, layup made",1,2,2PT,117,37
125531,29454-B-5,,PAR,BRA,Q2,7:22,8,47,120,PAR,409401,Nestor,Gonzalez,21,P2,layup missed,0,2,2PT,172,18
125531,29454-B-5,,PAR,BRA,Q2,7:10,8,50,27,BRA,361295,Joao Gabriel,Fernandes,8,P3,3pt jump shot made,1,3,3PT,10,88
125531,29454-B-5,,PAR,BRA,Q2,6:50,8,50,120,PAR,341880,Evert,Dominguez,10,P3,3pt jump shot missed,0,3,3PT,41,139
125531,29454-B-5,,PAR,BRA,Q2,6:41,8,51,27,BRA,331414,Isaiah,Santos,45,FT,1st of 2 free throws made,1,1,FT,0,0
125531,29454-B-5,,PAR,BRA,Q2,6:41,8,52,27,BRA,331414,Isaiah,Santos,45,FT,2nd of 2 free throws made,1,1,FT,0,0
125531,29454-B-5,,PAR,BRA,Q2,6:05,9,52,120,PAR,409402,Roberto,Radice,3,FT,1st of 3 free throws made,1,1,FT,0,0
125531,29454-B-5,,PAR,BRA,Q2,6:05,10,52,120,PAR,409402,Roberto,Radice,3,FT,2nd of 3 free throws made,1,1,FT,0,0
125531,29454-B-5,,PAR,BRA,Q2,6:05,11,52,120,PAR,409402,Roberto,Radice,3,FT,3rd of 3 free throws made,1,1,FT,0,0
125531,29454-B-5,,PAR,BRA,Q2,5:54,11,52,27,BRA,405100,João,Bandiera,11,P3,3pt jump shot from center missed,0,3,3PT,121,183
125531,29454-B-5,,PAR,BRA,Q2,5:49,11,52,120,PAR,331738,Luis,Vera,5,P2,"2PtsFG under the basket, layup missed",0,2,2PT,124,30
125531,29454-B-5,,PAR,BRA,Q2,5:27,11,52,27,BRA,361295,Joao Gabriel,Fernandes,8,P2,"2PtsFG under the basket, points after turnover, layup missed",0,2,2PT,148,20
125531,29454-B-5,,PAR,BRA,Q2,5:23,11,54,27,BRA,330039,Joao,Neves,14,P2,"2PtsFG under the basket, points from second chance + after turnover, layup made",1,2,2PT,119,32
125531,29454-B-5,,PAR,BRA,Q2,5:01,11,54,120,PAR,409402,Roberto,Radice,3,P2,layup missed,0,2,2PT,169,30
125531,29454-B-5,,PAR,BRA,Q2,4:42,11,54,27,BRA,330039,Joao,Neves,14,P2,"2PtsFG under the basket, layup missed",0,2,2PT,131,29
125531,29454-B-5,,PAR,BRA,Q2,4:36,11,57,27,BRA,361295,Joao Gabriel,Fernandes,8,P3,3pt jump shot made,1,3,3PT,230,193
125531,29454-B-5,,PAR,BRA,Q2,4:09,11,57,120,PAR,409402,Roberto,Radice,3,FT,1st of 3 free throws missed,0,1,FT,0,0
125531,29454-B-5,,PAR,BRA,Q2,4:09,11,57,120,PAR,409402,Roberto,Radice,3,FT,2nd of 3 free throws missed,0,1,FT,0,0
125531,29454-B-5,,PAR,BRA,Q2,4:09,12,57,120,PAR,409402,Roberto,Radice,3,FT,3rd of 3 free throws made,1,1,FT,0,0
125531,29454-B-5,,PAR,BRA,Q2,4:04,12,57,27,BRA,405082,Caio,Mathias,2,P3,3pt jump shot missed,0,3,3PT,13,72
125531,29454-B-5,,PAR,BRA,Q2,3:43,12,57,120,PAR,409402,Roberto,Radice,3,P3,3pt jump shot missed,0,3,3PT,10,23
125531,29454-B-5,,PAR,BRA,Q2,3:32,12,59,27,BRA,330039,Joao,Neves,14,P2,"2PtsFG under the basket, dunk made",1,2,2PT,136,32
125531,29454-B-5,,PAR,BRA,Q2,3:09,14,59,120,PAR,409402,Roberto,Radice,3,P2,2pt fadeaway jump shot made,1,2,2PT,158,76
125531,29454-B-5,,PAR,BRA,Q2,2:18,16,59,120,PAR,409404,Jose,Molinas,55,P2,2pt fadeaway jump shot made,1,2,2PT,194,40
125531,29454-B-5,,PAR,BRA,Q2,2:04,16,59,27,BRA,361295,Joao Gabriel,Fernandes,8,P3,3pt jump shot missed,0,3,3PT,10,34
125531,29454-B-5,,PAR,BRA,Q2,1:58,18,59,120,PAR,331730,Alejandro,Talavera,6,P2,"2PtsFG under the basket, fast break, layup made",1,2,2PT,142,34
125531,29454-B-5,,PAR,BRA,Q2,1:49,18,59,27,BRA,406939,Cristian,Ferreira,33,P2,"2PtsFG under the basket, layup missed",0,2,2PT,140,38
125531,29454-B-5,,PAR,BRA,Q2,1:45,18,60,27,BRA,406939,Cristian,Ferreira,33,FT,1st of 2 free throws made,1,1,FT,0,0
125531,29454-B-5,,PAR,BRA,Q2,1:45,18,60,27,BRA,406939,Cristian,Ferreira,33,FT,2nd of 2 free throws missed,0,1,FT,0,0
125531,29454-B-5,,PAR,BRA,Q2,1:43,18,60,27,BRA,374721,Eduardo,Santos,50,P2,"2PtsFG under the basket, layup missed",0,2,2PT,140,29
125531,29454-B-5,,PAR,BRA,Q2,1:28,18,60,120,PAR,409404,Jose,Molinas,55,P2,"2PtsFG under the basket, layup missed",0,2,2PT,133,35
125531,29454-B-5,,PAR,BRA,Q2,1:25,18,60,120,PAR,401330,Mateo,Irala,7,FT,1st of 2 free throws missed,0,1,FT,0,0
125531,29454-B-5,,PAR,BRA,Q2,1:25,18,60,120,PAR,401330,Mateo,Irala,7,FT,2nd of 2 free throws missed,0,1,FT,0,0
125531,29454-B-5,,PAR,BRA,Q2,1:08,18,62,27,BRA,330047,Pedro,Souza,25,P2,2pt fadeaway jump shot made,1,2,2PT,108,36
125531,29454-B-5,,PAR,BRA,Q2,0:52,18,62,120,PAR,331739,Mauricio,Escurra,14,P3,3pt jump shot missed,0,3,3PT,61,157
125531,29454-B-5,,PAR,BRA,Q2,0:29,18,62,120,PAR,409404,Jose,Molinas,55,P2,"2PtsFG under the basket, points after turnover, layup missed",0,2,2PT,158,32
125531,29454-B-5,,PAR,BRA,Q2,0:24,18,64,27,BRA,330039,Joao,Neves,14,P2,"2PtsFG under the basket, fast break, layup made",1,2,2PT,142,30
125531,29454-B-5,,PAR,BRA,Q2,0:01,18,64,120,PAR,341880,Evert,Dominguez,10,P3,3pt jump shot missed,0,3,3PT,231,189
125531,29454-B-5,,PAR,BRA,Q3,9:22,20,64,120,PAR,331730,Alejandro,Talavera,6,P2,2pt fadeaway jump shot made,1,2,2PT,89,26
125531,29454-B-5,,PAR,BRA,Q3,9:04,20,64,27,BRA,330047,Pedro,Souza,25,P3,3pt jump shot missed,0,3,3PT,231,180
125531,29454-B-5,,PAR,BRA,Q3,8:59,20,67,27,BRA,405101,Pietro,Melo,10,P3,3pt jump shot made,1,3,3PT,50,133
125531,29454-B-5,,PAR,BRA,Q3,8:38,20,67,120,PAR,409401,Nestor,Gonzalez,21,P2,2pt fadeaway jump shot missed,0,2,2PT,76,28
125531,29454-B-5,,PAR,BRA,Q3,8:28,20,69,27,BRA,330047,Pedro,Souza,25,P2,2pt driving layup made,1,2,2PT,123,15
125531,29454-B-5,,PAR,BRA,Q3,8:13,20,69,120,PAR,331738,Luis,Vera,5,P3,3pt jump shot from center missed,0,3,3PT,190,176
125531,29454-B-5,,PAR,BRA,Q3,8:07,20,69,27,BRA,331414,Isaiah,Santos,45,P2,layup missed,0,2,2PT,146,6
125531,29454-B-5,,PAR,BRA,Q3,7:53,21,69,120,PAR,331739,Mauricio,Escurra,14,FT,1st of 2 free throws made,1,1,FT,0,0
125531,29454-B-5,,PAR,BRA,Q3,7:53,22,69,120,PAR,331739,Mauricio,Escurra,14,FT,2nd of 2 free throws made,1,1,FT,0,0
125531,29454-B-5,,PAR,BRA,Q3,7:33,22,69,27,BRA,330047,Pedro,Souza,25,P3,3pt jump shot missed,0,3,3PT,247,173
125531,29454-B-5,,PAR,BRA,Q3,7:25,24,69,120,PAR,331730,Alejandro,Talavera,6,P2,"2PtsFG under the basket, points from fastbreak + after turnover, hook shot made",1,2,2PT,138,29
125531,29454-B-5,,PAR,BRA,Q3,7:09,24,72,27,BRA,405101,Pietro,Melo,10,P3,3pt jump shot made,1,3,3PT,271,30
125531,29454-B-5,,PAR,BRA,Q3,6:47,26,72,120,PAR,331739,Mauricio,Escurra,14,P2,"2PtsFG under the basket, driving layup made",1,2,2PT,132,18
125531,29454-B-5,,PAR,BRA,Q3,6:35,26,72,27,BRA,374721,Eduardo,Santos,50,P2,"2PtsFG under the basket, layup missed",0,2,2PT,155,19
125531,29454-B-5,,PAR,BRA,Q3,6:21,26,75,27,BRA,331414,Isaiah,Santos,45,P3,3pt jump shot made,1,3,3PT,13,59
125531,29454-B-5,,PAR,BRA,Q3,6:05,28,75,120,PAR,331730,Alejandro,Talavera,6,P2,2pt fadeaway jump shot made,1,2,2PT,210,50
125531,29454-B-5,,PAR,BRA,Q3,5:47,28,75,27,BRA,330047,Pedro,Souza,25,P2,"2PtsFG under the basket, layup missed",0,2,2PT,141,18
125531,29454-B-5,,PAR,BRA,Q3,5:42,28,77,27,BRA,331414,Isaiah,Santos,45,P2,2PtsFG under the basket made,1,2,2PT,140,31
125531,29454-B-5,,PAR,BRA,Q3,5:15,28,77,120,PAR,331739,Mauricio,Escurra,14,P3,3pt jump shot from center missed,0,3,3PT,108,195
125531,29454-B-5,,PAR,BRA,Q3,4:57,28,77,120,PAR,409401,Nestor,Gonzalez,21,P2,"2PtsFG under the basket, points after turnover, layup missed",0,2,2PT,130,30
125531,29454-B-5,,PAR,BRA,Q3,4:43,28,77,120,PAR,331730,Alejandro,Talavera,6,P3,3pt jump shot missed,0,3,3PT,229,148
125531,29454-B-5,,PAR,BRA,Q3,4:37,28,77,27,BRA,405101,Pietro,Melo,10,P3,3pt jump shot missed,0,3,3PT,36,145
125531,29454-B-5,,PAR,BRA,Q3,4:24,28,77,27,BRA,405100,João,Bandiera,11,P3,3pt jump shot missed,0,3,3PT,243,132
125531,29454-B-5,,PAR,BRA,Q3,4:07,28,77,120,PAR,331739,Mauricio,Escurra,14,P3,3pt jump shot missed,0,3,3PT,270,12
125531,29454-B-5,,PAR,BRA,Q3,4:03,28,77,27,BRA,361295,Joao Gabriel,Fernandes,8,P3,3pt jump shot missed,0,3,3PT,259,116
125531,29454-B-5,,PAR,BRA,Q3,3:49,30,77,120,PAR,341880,Evert,Dominguez,10,P2,"2PtsFG under the basket, layup made",1,2,2PT,148,39
125531,29454-B-5,,PAR,BRA,Q3,3:49,30,77,120,PAR,341880,Evert,Dominguez,10,FT,1st free throw missed,0,1,FT,0,0
125531,29454-B-5,,PAR,BRA,Q3,3:42,30,79,27,BRA,331414,Isaiah,Santos,45,P2,"2PtsFG under the basket, fast break, reverse lay-up made",1,2,2PT,155,18
125531,29454-B-5,,PAR,BRA,Q3,3:22,30,79,120,PAR,331730,Alejandro,Talavera,6,P3,3pt fadeaway jump shot missed,0,3,3PT,267,68
125531,29454-B-5,,PAR,BRA,Q3,3:17,30,81,27,BRA,405082,Caio,Mathias,2,P2,layup made,1,2,2PT,155,16
125531,29454-B-5,,PAR,BRA,Q3,3:10,30,82,27,BRA,405082,Caio,Mathias,2,FT,1st free throw made,1,1,FT,0,0
125531,29454-B-5,,PAR,BRA,Q3,2:59,30,82,27,BRA,331414,Isaiah,Santos,45,P3,3pt jump shot missed,0,3,3PT,247,131
125531,29454-B-5,,PAR,BRA,Q3,2:59,30,84,27,BRA,405103,João Marcelo,De Rinalde,99,P2,"2PtsFG under the basket, points from second chance + fastbreak + after turnover, hook shot made",1,2,2PT,143,30
125531,29454-B-5,,PAR,BRA,Q3,2:51,30,84,120,PAR,341880,Evert,Dominguez,10,P2,2pt fadeaway jump shot missed,0,2,2PT,75,116
125531,29454-B-5,,PAR,BRA,Q3,2:45,30,84,27,BRA,361295,Joao Gabriel,Fernandes,8,P2,"2PtsFG under the basket, layup missed",0,2,2PT,123,18
125531,29454-B-5,,PAR,BRA,Q3,2:41,30,86,27,BRA,405103,João Marcelo,De Rinalde,99,P2,2PtsFG under the basket made,1,2,2PT,140,31
125531,29454-B-5,,PAR,BRA,Q3,2:17,30,86,120,PAR,379182,Ezequiel,Cuellar,81,P2,"2PtsFG under the basket, layup missed",0,2,2PT,123,41
125531,29454-B-5,,PAR,BRA,Q3,1:51,30,86,27,BRA,405100,João,Bandiera,11,P2,"2PtsFG under the basket, points after turnover, layup missed",0,2,2PT,164,28
125531,29454-B-5,,PAR,BRA,Q3,1:48,30,88,27,BRA,405103,João Marcelo,De Rinalde,99,P2,"2PtsFG under the basket, points from second chance + after turnover, layup made",1,2,2PT,140,27
125531,29454-B-5,,PAR,BRA,Q3,1:30,30,90,27,BRA,405082,Caio,Mathias,2,P2,"2PtsFG under the basket, points from fastbreak + after turnover, dunk made",1,2,2PT,150,26
125531,29454-B-5,,PAR,BRA,Q3,1:17,30,90,120,PAR,409403,Richard,Hachen,15,P2,"2PtsFG under the basket, layup missed",0,2,2PT,121,26
125531,29454-B-5,,PAR,BRA,Q3,1:09,30,90,27,BRA,361295,Joao Gabriel,Fernandes,8,P3,3pt jump shot missed,0,3,3PT,12,74
125531,29454-B-5,,PAR,BRA,Q3,0:59,33,90,120,PAR,341880,Evert,Dominguez,10,P3,"3PtsFG outside left, points from fastbreak + after turnover, step back jump shot made",1,3,3PT,21,107
125531,29454-B-5,,PAR,BRA,Q3,0:44,33,90,27,BRA,331414,Isaiah,Santos,45,P3,3pt jump shot missed,0,3,3PT,232,147
125531,29454-B-5,,PAR,BRA,Q3,0:27,33,90,120,PAR,409404,Jose,Molinas,55,P2,"2PtsFG inside left, jump shot missed",0,2,2PT,70,83
125531,29454-B-5,,PAR,BRA,Q3,0:00,33,92,27,BRA,405100,João,Bandiera,11,P2,"2PtsFG under the basket, driving layup made",1,2,2PT,156,22
125531,29454-B-5,,PAR,BRA,Q4,9:52,36,92,120,PAR,341880,Evert,Dominguez,10,P3,3pt jump shot made,1,3,3PT,27,130
125531,29454-B-5,,PAR,BRA,Q4,9:35,36,92,27,BRA,405100,João,Bandiera,11,P2,"2PtsFG inside center, jump shot missed",0,2,2PT,134,113
125531,29454-B-5,,PAR,BRA,Q4,9:30,36,94,27,BRA,405103,João Marcelo,De Rinalde,99,P2,"2PtsFG under the basket, layup made",1,2,2PT,156,32
125531,29454-B-5,,PAR,BRA,Q4,9:05,36,94,120,PAR,409403,Richard,Hachen,15,P3,3pt jump shot missed,0,3,3PT,34,178
125531,29454-B-5,,PAR,BRA,Q4,9:00,36,94,27,BRA,331414,Isaiah,Santos,45,P2,"2PtsFG under the basket, layup missed",0,2,2PT,141,48
125531,29454-B-5,,PAR,BRA,Q4,8:37,36,94,27,BRA,405082,Caio,Mathias,2,P3,3pt jump shot missed,0,3,3PT,238,136
125531,29454-B-5,,PAR,BRA,Q4,8:31,36,95,27,BRA,331414,Isaiah,Santos,45,FT,1st of 2 free throws made,1,1,FT,0,0
125531,29454-B-5,,PAR,BRA,Q4,8:31,36,95,27,BRA,331414,Isaiah,Santos,45,FT,2nd of 2 free throws missed,0,1,FT,0,0
125531,29454-B-5,,PAR,BRA,Q4,8:17,36,95,27,BRA,331414,Isaiah,Santos,45,P2,layup missed,0,2,2PT,148,17
125531,29454-B-5,,PAR,BRA,Q4,7:58,36,95,120,PAR,401330,Mateo,Irala,7,P2,layup missed,0,2,2PT,165,25
125531,29454-B-5,,PAR,BRA,Q4,7:42,36,95,27,BRA,361295,Joao Gabriel,Fernandes,8,P3,3pt jump shot missed,0,3,3PT,65,156
125531,29454-B-5,,PAR,BRA,Q4,7:34,36,95,27,BRA,405082,Caio,Mathias,2,P3,3pt jump shot missed,0,3,3PT,268,29
125531,29454-B-5,,PAR,BRA,Q4,7:29,36,97,27,BRA,331414,Isaiah,Santos,45,P2,"2PtsFG under the basket, points from second chance + after turnover, turnaround jump shot made",1,2,2PT,150,22
125531,29454-B-5,,PAR,BRA,Q4,7:03,36,97,27,BRA,405108,Matheus,Nascimento,3,P3,3pt jump shot missed,0,3,3PT,51,144
125531,29454-B-5,,PAR,BRA,Q4,6:43,36,97,120,PAR,379238,Juan,Vazquez,9,P2,"2PtsFG under the basket, layup missed",0,2,2PT,134,26
125531,29454-B-5,,PAR,BRA,Q4,6:33,36,99,27,BRA,405108,Matheus,Nascimento,3,P2,"2PtsFG under the basket, layup made",1,2,2PT,161,22
125531,29454-B-5,,PAR,BRA,Q4,6:15,38,99,120,PAR,379182,Ezequiel,Cuellar,81,P2,2pt fadeaway jump shot made,1,2,2PT,173,113
125531,29454-B-5,,PAR,BRA,Q4,6:00,38,101,27,BRA,405100,João,Bandiera,11,P2,"2PtsFG under the basket, layup made",1,2,2PT,136,22
125531,29454-B-5,,PAR,BRA,Q4,5:36,39,101,120,PAR,331738,Luis,Vera,5,FT,1st of 2 free throws made,1,1,FT,0,0
125531,29454-B-5,,PAR,BRA,Q4,5:36,40,101,120,PAR,331738,Luis,Vera,5,FT,2nd of 2 free throws made,1,1,FT,0,0
125531,29454-B-5,,PAR,BRA,Q4,5:27,40,101,27,BRA,408792,Pedro,Alves,6,P2,"2PtsFG under the basket, layup missed",0,2,2PT,159,30
125531,29454-B-5,,PAR,BRA,Q4,5:05,40,103,27,BRA,405101,Pietro,Melo,10,P2,"2PtsFG under the basket, points from fastbreak + after turnover, layup made",1,2,2PT,152,23
125531,29454-B-5,,PAR,BRA,Q4,4:42,40,103,120,PAR,409404,Jose,Molinas,55,P2,layup missed,0,2,2PT,134,64
125531,29454-B-5,,PAR,BRA,Q4,4:18,40,103,120,PAR,331738,Luis,Vera,5,P3,3pt step back jump shot missed,0,3,3PT,81,161
125531,29454-B-5,,PAR,BRA,Q4,4:01,40,106,27,BRA,361295,Joao Gabriel,Fernandes,8,P3,3pt jump shot made,1,3,3PT,261,114
125531,29454-B-5,,PAR,BRA,Q4,3:38,43,106,120,PAR,379238,Juan,Vazquez,9,P3,3pt jump shot made,1,3,3PT,55,154
125531,29454-B-5,,PAR,BRA,Q4,3:24,43,106,27,BRA,405101,Pietro,Melo,10,P3,3pt jump shot missed,0,3,3PT,253,120
125531,29454-B-5,,PAR,BRA,Q4,3:18,43,108,27,BRA,405101,Pietro,Melo,10,P2,"2PtsFG under the basket, driving layup made",1,2,2PT,142,22
125531,29454-B-5,,PAR,BRA,Q4,2:52,43,108,120,PAR,379182,Ezequiel,Cuellar,81,P2,2pt fadeaway jump shot missed,0,2,2PT,103,51
125531,29454-B-5,,PAR,BRA,Q4,2:05,43,111,27,BRA,405108,Matheus,Nascimento,3,P3,3pt jump shot made,1,3,3PT,273,36
125531,29454-B-5,,PAR,BRA,Q4,1:43,45,111,120,PAR,341880,Evert,Dominguez,10,P2,2pt fadeaway jump shot made,1,2,2PT,222,53
125531,29454-B-5,,PAR,BRA,Q4,1:26,45,113,27,BRA,374721,Eduardo,Santos,50,P2,"2PtsFG under the basket, dunk made",1,2,2PT,142,33
125531,29454-B-5,,PAR,BRA,Q4,1:10,45,113,120,PAR,379238,Juan,Vazquez,9,P3,3pt jump shot missed,0,3,3PT,17,82
125531,29454-B-5,,PAR,BRA,Q4,1:04,45,113,27,BRA,405082,Caio,Mathias,2,P2,"2PtsFG under the basket, layup missed",0,2,2PT,140,27
125531,29454-B-5,,PAR,BRA,Q4,1:00,45,113,27,BRA,374721,Eduardo,Santos,50,P2,layup missed,0,2,2PT,145,12
125531,29454-B-5,,PAR,BRA,Q4,0:58,45,115,27,BRA,406939,Cristian,Ferreira,33,P2,"2PtsFG under the basket, layup made",1,2,2PT,156,27
125531,29454-B-5,,PAR,BRA,Q4,0:58,45,115,27,BRA,406939,Cristian,Ferreira,33,FT,1st free throw missed,0,1,FT,0,0
125531,29454-B-5,,PAR,BRA,Q4,0:49,45,115,27,BRA,405108,Matheus,Nascimento,3,P3,3pt jump shot missed,0,3,3PT,7,14
125531,29454-B-5,,PAR,BRA,Q4,0:40,45,115,27,BRA,406939,Cristian,Ferreira,33,P2,"2PtsFG under the basket, points from second chance + after turnover, turnaround jump shot missed",0,2,2PT,149,44
125531,29454-B-5,,PAR,BRA,Q4,0:38,45,117,27,BRA,406939,Cristian,Ferreira,33,P2,"2PtsFG under the basket, points from second chance + after turnover, layup made",1,2,2PT,160,27
125531,29454-B-5,,PAR,BRA,Q4,0:19,47,117,120,PAR,409404,Jose,Molinas,55,P2,2pt fadeaway jump shot made,1,2,2PT,140,97
125532,29454-B-6,,CHI,VEN,Q1,9:27,0,0,38,CHI,331346,Francisco,Saravia,10,P2,2pt fadeaway jump shot missed,0,2,2PT,135,121
125532,29454-B-6,,CHI,VEN,Q1,8:49,2,0,38,CHI,350728,Pedro,Stuardo,9,P2,"2PtsFG under the basket, points after turnover, layup made",1,2,2PT,142,31
125532,29454-B-6,,CHI,VEN,Q1,8:36,2,0,158,VEN,390925,Jose,Lara,7,P2,"2PtsFG under the basket, layup missed",0,2,2PT,133,32
125532,29454-B-6,,CHI,VEN,Q1,8:16,4,0,38,CHI,331346,Francisco,Saravia,10,P2,"2PtsFG under the basket, layup made",1,2,2PT,147,43
125532,29454-B-6,,CHI,VEN,Q1,8:04,4,2,158,VEN,378577,Kevin,Gutierrez,14,P2,"2PtsFG under the basket, layup made",1,2,2PT,142,32
125532,29454-B-6,,CHI,VEN,Q1,8:02,4,2,158,VEN,378577,Kevin,Gutierrez,14,FT,1st free throw missed,0,1,FT,0,0
125532,29454-B-6,,CHI,VEN,Q1,7:15,4,2,158,VEN,409363,Richard,Segovia,4,P2,"2PtsFG under the basket, jump shot missed",0,2,2PT,130,44
125532,29454-B-6,,CHI,VEN,Q1,7:10,4,2,158,VEN,378574,Julio,Vasquez,3,P3,"3PtsFG back court, jump shot missed",0,3,3PT,149,43
125532,29454-B-6,,CHI,VEN,Q1,7:10,6,2,38,CHI,409010,Mateo,Castro,3,P2,"2PtsFG under the basket, layup made",1,2,2PT,141,29
125532,29454-B-6,,CHI,VEN,Q1,6:55,6,2,38,CHI,409010,Mateo,Castro,3,FT,1st free throw missed,0,1,FT,0,0
125532,29454-B-6,,CHI,VEN,Q1,6:35,7,2,38,CHI,331346,Francisco,Saravia,10,FT,1st of 2 free throws made,1,1,FT,0,0
125532,29454-B-6,,CHI,VEN,Q1,6:35,8,2,38,CHI,331346,Francisco,Saravia,10,FT,2nd of 2 free throws made,1,1,FT,0,0
125532,29454-B-6,,CHI,VEN,Q1,6:35,8,5,158,VEN,390925,Jose,Lara,7,P3,3pt jump shot made,1,3,3PT,30,123
125532,29454-B-6,,CHI,VEN,Q1,6:21,10,5,38,CHI,356339,Maximiliano,Quezada,17,P2,layup made,1,2,2PT,152,72
125532,29454-B-6,,CHI,VEN,Q1,6:07,10,7,158,VEN,356334,Diego,Soto,26,P2,layup made,1,2,2PT,134,61
125532,29454-B-6,,CHI,VEN,Q1,5:56,11,7,38,CHI,331346,Francisco,Saravia,10,FT,1st of 2 free throws made,1,1,FT,0,0
125532,29454-B-6,,CHI,VEN,Q1,5:56,11,7,38,CHI,331346,Francisco,Saravia,10,FT,2nd of 2 free throws missed,0,1,FT,0,0
125532,29454-B-6,,CHI,VEN,Q1,5:34,11,7,158,VEN,390925,Jose,Lara,7,P2,"2PtsFG under the basket, layup missed",0,2,2PT,137,47
125532,29454-B-6,,CHI,VEN,Q1,5:34,11,7,158,VEN,378576,Williams,Anillo,18,P3,3pt jump shot missed,0,3,3PT,203,157
125532,29454-B-6,,CHI,VEN,Q1,5:17,11,7,38,CHI,350728,Pedro,Stuardo,9,P3,3pt jump shot missed,0,3,3PT,65,145
125532,29454-B-6,,CHI,VEN,Q1,5:05,11,7,158,VEN,378577,Kevin,Gutierrez,14,P2,"2PtsFG under the basket, layup missed",0,2,2PT,127,43
125532,29454-B-6,,CHI,VEN,Q1,4:51,11,7,158,VEN,390925,Jose,Lara,7,P3,3pt jump shot missed,0,3,3PT,220,139
125532,29454-B-6,,CHI,VEN,Q1,4:45,11,7,38,CHI,331346,Francisco,Saravia,10,P2,"2PtsFG under the basket, layup missed",0,2,2PT,151,34
125532,29454-B-6,,CHI,VEN,Q1,4:03,11,7,38,CHI,350728,Pedro,Stuardo,9,P2,"2PtsFG under the basket, points after turnover, layup missed",0,2,2PT,131,33
125532,29454-B-6,,CHI,VEN,Q1,3:48,11,8,158,VEN,378576,Williams,Anillo,18,FT,1st of 2 free throws made,1,1,FT,0,0
125532,29454-B-6,,CHI,VEN,Q1,3:48,11,9,158,VEN,378576,Williams,Anillo,18,FT,2nd of 2 free throws made,1,1,FT,0,0
125532,29454-B-6,,CHI,VEN,Q1,3:37,11,9,38,CHI,329193,Agustin,Echeverria,8,P3,3pt jump shot missed,0,3,3PT,19,90
125532,29454-B-6,,CHI,VEN,Q1,3:23,11,11,158,VEN,378577,Kevin,Gutierrez,14,P2,"2PtsFG under the basket, layup made",1,2,2PT,128,39
125532,29454-B-6,,CHI,VEN,Q1,3:08,11,13,158,VEN,409398,Isaac,Montero,20,P2,"2PtsFG under the basket, points after turnover, layup made",1,2,2PT,131,41
125532,29454-B-6,,CHI,VEN,Q1,2:42,11,13,38,CHI,331346,Francisco,Saravia,10,P3,3pt jump shot missed,0,3,3PT,205,151
125532,29454-B-6,,CHI,VEN,Q1,2:21,11,13,38,CHI,329193,Agustin,Echeverria,8,P3,3pt jump shot missed,0,3,3PT,19,88
125532,29454-B-6,,CHI,VEN,Q1,1:43,11,13,38,CHI,378907,Luis,Musrri,0,P3,3pt jump shot missed,0,3,3PT,135,167
125532,29454-B-6,,CHI,VEN,Q1,1:34,11,14,158,VEN,409360,Juan,Perdomo,9,FT,1st of 3 free throws made,1,1,FT,0,0
125532,29454-B-6,,CHI,VEN,Q1,1:34,11,15,158,VEN,409360,Juan,Perdomo,9,FT,2nd of 3 free throws made,1,1,FT,0,0
125532,29454-B-6,,CHI,VEN,Q1,1:34,11,16,158,VEN,409360,Juan,Perdomo,9,FT,3rd of 3 free throws made,1,1,FT,0,0
125532,29454-B-6,,CHI,VEN,Q1,1:25,11,16,38,CHI,377876,Tomas,La Rivera,2,P3,3pt jump shot missed,0,3,3PT,270,50
125532,29454-B-6,,CHI,VEN,Q1,0:47,11,16,38,CHI,377876,Tomas,La Rivera,2,P2,2pt fadeaway jump shot missed,0,2,2PT,111,101
125532,29454-B-6,,CHI,VEN,Q1,0:35,11,16,158,VEN,390925,Jose,Lara,7,P3,3pt jump shot missed,0,3,3PT,77,152
125532,29454-B-6,,CHI,VEN,Q1,0:12,11,18,158,VEN,378579,Deiker,Torres,2,P2,"2PtsFG under the basket, points after turnover, layup made",1,2,2PT,130,38
125532,29454-B-6,,CHI,VEN,Q1,0:01,14,18,38,CHI,377876,Tomas,La Rivera,2,P3,3pt jump shot made,1,3,3PT,19,90
125532,29454-B-6,,CHI,VEN,Q2,9:35,14,18,38,CHI,409018,Mateo,Velásquez,15,FT,1st of 2 free throws missed,0,1,FT,0,0
125532,29454-B-6,,CHI,VEN,Q2,9:35,15,18,38,CHI,409018,Mateo,Velásquez,15,FT,2nd of 2 free throws made,1,1,FT,0,0
125532,29454-B-6,,CHI,VEN,Q2,8:57,15,20,158,VEN,378579,Deiker,Torres,2,P2,"2PtsFG under the basket, points after turnover, layup made",1,2,2PT,138,35
125532,29454-B-6,,CHI,VEN,Q2,8:39,15,20,38,CHI,350728,Pedro,Stuardo,9,P2,"2PtsFG under the basket, layup missed",0,2,2PT,150,26
125532,29454-B-6,,CHI,VEN,Q2,8:35,17,20,38,CHI,409018,Mateo,Velásquez,15,P2,"2PtsFG under the basket, layup made",1,2,2PT,158,28
125532,29454-B-6,,CHI,VEN,Q2,8:23,17,22,158,VEN,390925,Jose,Lara,7,P2,"2PtsFG under the basket, layup made",1,2,2PT,127,45
125532,29454-B-6,,CHI,VEN,Q2,8:09,17,22,38,CHI,378907,Luis,Musrri,0,P2,"2PtsFG under the basket, layup missed",0,2,2PT,137,49
125532,29454-B-6,,CHI,VEN,Q2,7:44,17,25,158,VEN,378576,Williams,Anillo,18,P3,3pt fadeaway jump shot made,1,3,3PT,244,115
125532,29454-B-6,,CHI,VEN,Q2,7:25,17,25,38,CHI,350728,Pedro,Stuardo,9,P3,3pt jump shot missed,0,3,3PT,261,101
125532,29454-B-6,,CHI,VEN,Q2,7:10,17,26,158,VEN,378576,Williams,Anillo,18,FT,1st of 2 free throws made,1,1,FT,0,0
125532,29454-B-6,,CHI,VEN,Q2,7:10,17,27,158,VEN,378576,Williams,Anillo,18,FT,2nd of 2 free throws made,1,1,FT,0,0
125532,29454-B-6,,CHI,VEN,Q2,6:49,17,27,38,CHI,356339,Maximiliano,Quezada,17,P2,"2PtsFG under the basket, layup missed",0,2,2PT,133,32
125532,29454-B-6,,CHI,VEN,Q2,6:35,17,29,158,VEN,409360,Juan,Perdomo,9,P2,2pt pullup jump shot made,1,2,2PT,127,126
125532,29454-B-6,,CHI,VEN,Q2,6:15,17,29,38,CHI,393122,Gabriel,Pachano,1,P2,"2PtsFG under the basket, layup missed",0,2,2PT,149,41
125532,29454-B-6,,CHI,VEN,Q2,5:45,17,31,158,VEN,378577,Kevin,Gutierrez,14,P2,layup made,1,2,2PT,130,53
125532,29454-B-6,,CHI,VEN,Q2,5:45,17,32,158,VEN,378577,Kevin,Gutierrez,14,FT,1st free throw made,1,1,FT,0,0
125532,29454-B-6,,CHI,VEN,Q2,5:42,19,32,38,CHI,331346,Francisco,Saravia,10,P2,"2PtsFG under the basket, layup made",1,2,2PT,137,26
125532,29454-B-6,,CHI,VEN,Q2,5:19,19,34,158,VEN,356334,Diego,Soto,26,P2,"2PtsFG under the basket, layup made",1,2,2PT,130,38
125532,29454-B-6,,CHI,VEN,Q2,5:08,19,34,38,CHI,331346,Francisco,Saravia,10,P2,"2PtsFG under the basket, layup missed",0,2,2PT,134,42
125532,29454-B-6,,CHI,VEN,Q2,4:53,19,34,158,VEN,409360,Juan,Perdomo,9,P3,3pt jump shot missed,0,3,3PT,21,99
125532,29454-B-6,,CHI,VEN,Q2,4:37,19,34,38,CHI,393122,Gabriel,Pachano,1,P3,3pt jump shot missed,0,3,3PT,218,139
125532,29454-B-6,,CHI,VEN,Q2,4:17,19,34,158,VEN,409360,Juan,Perdomo,9,P3,3pt jump shot missed,0,3,3PT,26,110
125532,29454-B-6,,CHI,VEN,Q2,4:06,19,36,158,VEN,409363,Richard,Segovia,4,P2,"2PtsFG inside paint, points from fastbreak + after turnover, layup made",1,2,2PT,121,45
125532,29454-B-6,,CHI,VEN,Q2,3:50,21,36,38,CHI,377876,Tomas,La Rivera,2,P2,"2PtsFG under the basket, reverse lay-up made",1,2,2PT,141,40
125532,29454-B-6,,CHI,VEN,Q2,3:29,21,38,158,VEN,356334,Diego,Soto,26,P2,layup made,1,2,2PT,134,51
125532,29454-B-6,,CHI,VEN,Q2,3:05,21,38,38,CHI,331346,Francisco,Saravia,10,P2,2pt fadeaway jump shot missed,0,2,2PT,196,78
125532,29454-B-6,,CHI,VEN,Q2,2:34,21,38,158,VEN,409363,Richard,Segovia,4,P2,layup missed,0,2,2PT,123,68
125532,29454-B-6,,CHI,VEN,Q2,2:15,21,38,158,VEN,378579,Deiker,Torres,2,P3,3pt jump shot missed,0,3,3PT,70,148
125532,29454-B-6,,CHI,VEN,Q2,2:05,21,38,38,CHI,409016,Mathias,Hitschfeld,4,P3,3pt jump shot missed,0,3,3PT,92,153
125532,29454-B-6,,CHI,VEN,Q2,1:35,21,38,38,CHI,378907,Luis,Musrri,0,P2,"2PtsFG under the basket, points after turnover, layup missed",0,2,2PT,140,27
125532,29454-B-6,,CHI,VEN,Q2,1:11,21,40,158,VEN,390925,Jose,Lara,7,P2,"2PtsFG under the basket, layup made",1,2,2PT,124,42
125532,29454-B-6,,CHI,VEN,Q2,0:47,24,40,38,CHI,409016,Mathias,Hitschfeld,4,P3,3pt jump shot made,1,3,3PT,263,89
125532,29454-B-6,,CHI,VEN,Q2,0:27,24,42,158,VEN,390925,Jose,Lara,7,P2,"2PtsFG under the basket, layup made",1,2,2PT,134,28
125532,29454-B-6,,CHI,VEN,Q2,0:11,24,44,158,VEN,378579,Deiker,Torres,2,P2,"2PtsFG under the basket, points from fastbreak + after turnover, layup made",1,2,2PT,134,48
125532,29454-B-6,,CHI,VEN,Q2,0:01,24,44,38,CHI,376093,Tomas,Pino,7,P2,"2PtsFG under the basket, jump shot missed",0,2,2PT,141,22
125532,29454-B-6,,CHI,VEN,Q3,9:21,24,47,158,VEN,378574,Julio,Vasquez,3,P3,3pt jump shot made,1,3,3PT,266,72
125532,29454-B-6,,CHI,VEN,Q3,8:55,24,47,38,CHI,331346,Francisco,Saravia,10,P2,2pt floating jump shot missed,0,2,2PT,165,143
125532,29454-B-6,,CHI,VEN,Q3,8:45,24,49,158,VEN,378577,Kevin,Gutierrez,14,P2,"2PtsFG under the basket, layup made",1,2,2PT,142,29
125532,29454-B-6,,CHI,VEN,Q3,8:20,26,49,38,CHI,409018,Mateo,Velásquez,15,P2,layup made,1,2,2PT,124,47
125532,29454-B-6,,CHI,VEN,Q3,7:57,26,51,158,VEN,390925,Jose,Lara,7,P2,layup made,1,2,2PT,179,36
125532,29454-B-6,,CHI,VEN,Q3,7:18,26,51,158,VEN,378574,Julio,Vasquez,3,P2,"2PtsFG under the basket, points after turnover, layup missed",0,2,2PT,139,31
125532,29454-B-6,,CHI,VEN,Q3,7:08,26,51,158,VEN,409363,Richard,Segovia,4,P3,3pt jump shot missed,0,3,3PT,137,167
125532,29454-B-6,,CHI,VEN,Q3,6:58,29,51,38,CHI,331346,Francisco,Saravia,10,P3,3pt jump shot made,1,3,3PT,77,152
125532,29454-B-6,,CHI,VEN,Q3,6:38,29,51,158,VEN,378576,Williams,Anillo,18,P3,3pt jump shot missed,0,3,3PT,266,85
125532,29454-B-6,,CHI,VEN,Q3,6:03,29,51,38,CHI,331346,Francisco,Saravia,10,P3,3pt jump shot missed,0,3,3PT,102,155
125532,29454-B-6,,CHI,VEN,Q3,5:50,29,51,158,VEN,390925,Jose,Lara,7,P3,3pt jump shot missed,0,3,3PT,47,130
125532,29454-B-6,,CHI,VEN,Q3,5:15,29,53,158,VEN,378579,Deiker,Torres,2,P2,"2PtsFG under the basket, points after turnover, layup made",1,2,2PT,141,42
125532,29454-B-6,,CHI,VEN,Q3,4:52,29,55,158,VEN,378577,Kevin,Gutierrez,14,P2,"2PtsFG under the basket, points after turnover, layup made",1,2,2PT,145,30
125532,29454-B-6,,CHI,VEN,Q3,4:29,32,55,38,CHI,377876,Tomas,La Rivera,2,P3,3pt jump shot made,1,3,3PT,32,115
125532,29454-B-6,,CHI,VEN,Q3,4:04,32,57,158,VEN,378579,Deiker,Torres,2,P2,"2PtsFG under the basket, layup made",1,2,2PT,151,32
125532,29454-B-6,,CHI,VEN,Q3,3:49,32,57,38,CHI,350728,Pedro,Stuardo,9,P3,3pt jump shot from center missed,0,3,3PT,153,166
125532,29454-B-6,,CHI,VEN,Q3,3:33,33,57,38,CHI,331346,Francisco,Saravia,10,FT,Free throw made 1 of 2,1,1,FT,0,0
125532,29454-B-6,,CHI,VEN,Q3,3:33,33,57,38,CHI,331346,Francisco,Saravia,10,FT,Free throw missed 2 of 2,0,1,FT,0,0
125532,29454-B-6,,CHI,VEN,Q3,3:19,36,57,38,CHI,331346,Francisco,Saravia,10,P3,3pt jump shot made,1,3,3PT,54,132
125532,29454-B-6,,CHI,VEN,Q3,2:51,36,57,158,VEN,356334,Diego,Soto,26,P2,2pt fadeaway jump shot missed,0,2,2PT,75,116
125532,29454-B-6,,CHI,VEN,Q3,2:39,38,57,38,CHI,409018,Mateo,Velásquez,15,P2,"2PtsFG under the basket, reverse lay-up made",1,2,2PT,130,26
125532,29454-B-6,,CHI,VEN,Q3,2:21,38,57,158,VEN,409360,Juan,Perdomo,9,P3,3pt jump shot missed,0,3,3PT,34,108
125532,29454-B-6,,CHI,VEN,Q3,2:01,38,57,38,CHI,331346,Francisco,Saravia,10,P3,3pt jump shot missed,0,3,3PT,62,141
125532,29454-B-6,,CHI,VEN,Q3,1:38,38,57,158,VEN,390925,Jose,Lara,7,P2,layup missed,0,2,2PT,138,50
125532,29454-B-6,,CHI,VEN,Q3,1:26,38,57,158,VEN,378574,Julio,Vasquez,3,P3,3pt jump shot missed,0,3,3PT,215,156
125532,29454-B-6,,CHI,VEN,Q3,1:15,38,57,158,VEN,378579,Deiker,Torres,2,P3,3pt jump shot missed,0,3,3PT,65,136
125532,29454-B-6,,CHI,VEN,Q3,1:04,38,60,158,VEN,390925,Jose,Lara,7,P3,3pt jump shot made,1,3,3PT,237,134
125532,29454-B-6,,CHI,VEN,Q3,0:39,38,60,38,CHI,377876,Tomas,La Rivera,2,P3,3pt jump shot missed,0,3,3PT,87,157
125532,29454-B-6,,CHI,VEN,Q3,0:29,38,63,158,VEN,409360,Juan,Perdomo,9,P3,3pt jump shot made,1,3,3PT,271,59
125532,29454-B-6,,CHI,VEN,Q3,0:05,39,63,38,CHI,331346,Francisco,Saravia,10,FT,1st of 2 free throws made,1,1,FT,0,0
125532,29454-B-6,,CHI,VEN,Q3,0:05,40,63,38,CHI,331346,Francisco,Saravia,10,FT,2nd of 2 free throws made,1,1,FT,0,0
125532,29454-B-6,,CHI,VEN,Q3,0:01,40,66,158,VEN,378579,Deiker,Torres,2,P3,3pt jump shot from center made,1,3,3PT,144,167
125532,29454-B-6,,CHI,VEN,Q4,9:49,42,66,38,CHI,331346,Francisco,Saravia,10,P2,"2PtsFG under the basket, layup made",1,2,2PT,135,28
125532,29454-B-6,,CHI,VEN,Q4,9:25,42,68,158,VEN,409358,Samuel,Niño,23,P2,"2PtsFG under the basket, layup made",1,2,2PT,138,25
125532,29454-B-6,,CHI,VEN,Q4,9:13,42,68,38,CHI,350728,Pedro,Stuardo,9,P3,3pt jump shot from center missed,0,3,3PT,172,171
125532,29454-B-6,,CHI,VEN,Q4,8:59,42,68,158,VEN,390925,Jose,Lara,7,P2,"2PtsFG under the basket, layup missed",0,2,2PT,139,27
125532,29454-B-6,,CHI,VEN,Q4,8:44,44,68,38,CHI,378907,Luis,Musrri,0,P2,"2PtsFG under the basket, layup made",1,2,2PT,134,35
125532,29454-B-6,,CHI,VEN,Q4,8:44,44,68,38,CHI,378907,Luis,Musrri,0,FT,1st free throw missed,0,1,FT,0,0
125532,29454-B-6,,CHI,VEN,Q4,8:25,44,71,158,VEN,390925,Jose,Lara,7,P3,3pt jump shot from center made,1,3,3PT,139,160
125532,29454-B-6,,CHI,VEN,Q4,8:08,47,71,38,CHI,393122,Gabriel,Pachano,1,P3,3pt jump shot made,1,3,3PT,191,158
125532,29454-B-6,,CHI,VEN,Q4,7:49,47,71,158,VEN,390925,Jose,Lara,7,P3,3pt jump shot missed,0,3,3PT,50,124
125532,29454-B-6,,CHI,VEN,Q4,7:20,50,71,38,CHI,378907,Luis,Musrri,0,P3,3pt step back jump shot made,1,3,3PT,93,170
125532,29454-B-6,,CHI,VEN,Q4,7:02,50,71,158,VEN,409358,Samuel,Niño,23,P2,2pt jump shot missed,0,2,2PT,79,31
125532,29454-B-6,,CHI,VEN,Q4,6:53,50,71,38,CHI,378907,Luis,Musrri,0,P3,3pt jump shot missed,0,3,3PT,214,146
125532,29454-B-6,,CHI,VEN,Q4,6:37,50,71,158,VEN,409358,Samuel,Niño,23,FT,1st of 2 free throws missed,0,1,FT,0,0
125532,29454-B-6,,CHI,VEN,Q4,6:37,50,72,158,VEN,409358,Samuel,Niño,23,FT,2nd of 2 free throws made,1,1,FT,0,0
125532,29454-B-6,,CHI,VEN,Q4,6:20,50,72,158,VEN,378576,Williams,Anillo,18,P3,3pt jump shot missed,0,3,3PT,247,136
125532,29454-B-6,,CHI,VEN,Q4,6:08,50,72,38,CHI,393122,Gabriel,Pachano,1,P2,2pt floating jump shot missed,0,2,2PT,200,100
125532,29454-B-6,,CHI,VEN,Q4,5:32,52,72,38,CHI,378907,Luis,Musrri,0,P2,"2PtsFG under the basket, points after turnover, layup made",1,2,2PT,134,27
125532,29454-B-6,,CHI,VEN,Q4,5:04,52,73,158,VEN,409363,Richard,Segovia,4,FT,1st of 2 free throws made,1,1,FT,0,0
125532,29454-B-6,,CHI,VEN,Q4,5:04,52,74,158,VEN,409363,Richard,Segovia,4,FT,2nd of 2 free throws made,1,1,FT,0,0
125532,29454-B-6,,CHI,VEN,Q4,4:52,54,74,38,CHI,331346,Francisco,Saravia,10,P2,"2PtsFG under the basket, reverse lay-up made",1,2,2PT,126,26
125532,29454-B-6,,CHI,VEN,Q4,4:35,54,74,158,VEN,378579,Deiker,Torres,2,P2,"2PtsFG inside center, jump shot missed",0,2,2PT,133,114
125532,29454-B-6,,CHI,VEN,Q4,4:28,56,74,38,CHI,377876,Tomas,La Rivera,2,P2,"2PtsFG under the basket, fast break, layup made",1,2,2PT,138,38
125532,29454-B-6,,CHI,VEN,Q4,3:45,56,74,158,VEN,378579,Deiker,Torres,2,P3,3pt jump shot missed,0,3,3PT,201,154
125532,29454-B-6,,CHI,VEN,Q4,3:28,56,74,158,VEN,409360,Juan,Perdomo,9,P3,3pt jump shot missed,0,3,3PT,272,74
125532,29454-B-6,,CHI,VEN,Q4,3:17,56,74,38,CHI,378907,Luis,Musrri,0,FT,1st of 2 free throws missed,0,1,FT,0,0
125532,29454-B-6,,CHI,VEN,Q4,3:17,56,74,38,CHI,378907,Luis,Musrri,0,FT,2nd of 2 free throws missed,0,1,FT,0,0
125532,29454-B-6,,CHI,VEN,Q4,2:48,56,75,158,VEN,378574,Julio,Vasquez,3,FT,1st of 2 free throws made,1,1,FT,0,0
125532,29454-B-6,,CHI,VEN,Q4,2:48,56,76,158,VEN,378574,Julio,Vasquez,3,FT,2nd of 2 free throws made,1,1,FT,0,0
125532,29454-B-6,,CHI,VEN,Q4,2:31,59,76,38,CHI,377876,Tomas,La Rivera,2,P3,3pt step back jump shot made,1,3,3PT,255,108
125532,29454-B-6,,CHI,VEN,Q4,2:10,59,77,158,VEN,378577,Kevin,Gutierrez,14,FT,1st of 2 free throws made,1,1,FT,0,0
125532,29454-B-6,,CHI,VEN,Q4,2:10,59,78,158,VEN,378577,Kevin,Gutierrez,14,FT,2nd of 2 free throws made,1,1,FT,0,0
125532,29454-B-6,,CHI,VEN,Q4,1:52,61,78,38,CHI,331346,Francisco,Saravia,10,P2,2pt fadeaway jump shot made,1,2,2PT,142,124
125532,29454-B-6,,CHI,VEN,Q4,1:33,61,78,158,VEN,378574,Julio,Vasquez,3,P2,layup missed,0,2,2PT,177,49
125532,29454-B-6,,CHI,VEN,Q4,1:26,61,78,158,VEN,378574,Julio,Vasquez,3,P2,"2PtsFG inside right, jump shot missed",0,2,2PT,251,76
125532,29454-B-6,,CHI,VEN,Q4,1:23,61,78,38,CHI,331346,Francisco,Saravia,10,P2,"2PtsFG inside center, jump shot missed",0,2,2PT,142,141
125532,29454-B-6,,CHI,VEN,Q4,1:06,61,80,158,VEN,378577,Kevin,Gutierrez,14,P2,"2PtsFG under the basket, layup made",1,2,2PT,157,30
125532,29454-B-6,,CHI,VEN,Q4,0:42,61,80,38,CHI,393122,Gabriel,Pachano,1,P2,layup missed,0,2,2PT,155,78
125532,29454-B-6,,CHI,VEN,Q4,0:27,61,81,158,VEN,378579,Deiker,Torres,2,FT,1st of 2 free throws made,1,1,FT,0,0
125532,29454-B-6,,CHI,VEN,Q4,0:27,61,82,158,VEN,378579,Deiker,Torres,2,FT,2nd of 2 free throws made,1,1,FT,0,0
125532,29454-B-6,,CHI,VEN,Q4,0:21,64,82,38,CHI,409018,Mateo,Velásquez,15,P3,3pt jump shot made,1,3,3PT,232,115
125532,29454-B-6,,CHI,VEN,Q4,0:19,64,83,158,VEN,378579,Deiker,Torres,2,FT,1st of 2 free throws made,1,1,FT,0,0
125532,29454-B-6,,CHI,VEN,Q4,0:19,64,83,158,VEN,378579,Deiker,Torres,2,FT,2nd of 2 free throws missed,0,1,FT,0,0
125532,29454-B-6,,CHI,VEN,Q4,0:03,64,83,38,CHI,331346,Francisco,Saravia,10,P3,3pt jump shot from center missed,0,3,3PT,153,165
130826,29457-13-13,,COL,PAR,Q1,9:46,0,0,120,PAR,409401,Nestor,Gonzalez,21,P2,2pt fadeaway jump shot missed,0,2,2PT,74,64
130826,29457-13-13,,COL,PAR,Q1,9:39,0,0,40,COL,400857,Leonardo,Restrepo,5,P3,3pt jump shot from center missed,0,3,3PT,101,154
130826,29457-13-13,,COL,PAR,Q1,9:25,0,0,40,COL,379759,Matthew,Bernal,7,P2,"2PtsFG under the basket, layup missed",0,2,2PT,132,31
130826,29457-13-13,,COL,PAR,Q1,9:20,2,0,40,COL,409483,Julian,Betancurt,59,P2,"2PtsFG under the basket, layup made",1,2,2PT,133,31
130826,29457-13-13,,COL,PAR,Q1,9:10,2,0,120,PAR,409401,Nestor,Gonzalez,21,P2,"2PtsFG under the basket, layup missed",0,2,2PT,153,35
130826,29457-13-13,,COL,PAR,Q1,8:46,2,0,120,PAR,409401,Nestor,Gonzalez,21,P2,2pt jump shot missed,0,2,2PT,132,78
130826,29457-13-13,,COL,PAR,Q1,8:32,3,0,40,COL,409481,Andres,Mateus,10,FT,1st of 2 free throws made,1,1,FT,0,0
130826,29457-13-13,,COL,PAR,Q1,8:32,4,0,40,COL,409481,Andres,Mateus,10,FT,2nd of 2 free throws made,1,1,FT,0,0
130826,29457-13-13,,COL,PAR,Q1,8:12,4,0,120,PAR,331730,Alejandro,Talavera,6,P3,3pt step back jump shot missed,0,3,3PT,10,58
130826,29457-13-13,,COL,PAR,Q1,7:59,6,0,40,COL,379759,Matthew,Bernal,7,P2,"2PtsFG inside right, jump shot made",1,2,2PT,231,103
130826,29457-13-13,,COL,PAR,Q1,7:36,6,3,120,PAR,409402,Roberto,Radice,3,P3,3pt jump shot made,1,3,3PT,265,56
130826,29457-13-13,,COL,PAR,Q1,7:36,6,4,120,PAR,409402,Roberto,Radice,3,FT,1st free throw made,1,1,FT,0,0
130826,29457-13-13,,COL,PAR,Q1,7:17,6,4,40,COL,409477,Yansem,Caicedo,14,P3,3pt jump shot missed,0,3,3PT,229,130
130826,29457-13-13,,COL,PAR,Q1,7:10,6,4,120,PAR,331739,Mauricio,Escurra,14,P3,3pt jump shot missed,0,3,3PT,254,93
130826,29457-13-13,,COL,PAR,Q1,6:48,6,4,40,COL,409483,Julian,Betancurt,59,P2,2pt jump shot missed,0,2,2PT,155,84
130826,29457-13-13,,COL,PAR,Q1,6:21,6,4,40,COL,379759,Matthew,Bernal,7,P3,3pt jump shot missed,0,3,3PT,241,119
130826,29457-13-13,,COL,PAR,Q1,6:11,6,4,40,COL,409477,Yansem,Caicedo,14,P2,"2PtsFG inside center, points from second chance + after turnover, jump shot missed",0,2,2PT,141,106
130826,29457-13-13,,COL,PAR,Q1,6:04,6,4,120,PAR,409402,Roberto,Radice,3,P3,3pt jump shot missed,0,3,3PT,13,41
130826,29457-13-13,,COL,PAR,Q1,5:44,7,4,40,COL,409481,Andres,Mateus,10,FT,1st of 2 free throws made,1,1,FT,0,0
130826,29457-13-13,,COL,PAR,Q1,5:44,7,4,40,COL,409481,Andres,Mateus,10,FT,2nd of 2 free throws missed,0,1,FT,0,0
130826,29457-13-13,,COL,PAR,Q1,5:33,7,7,120,PAR,331739,Mauricio,Escurra,14,P3,3pt jump shot made,1,3,3PT,268,30
130826,29457-13-13,,COL,PAR,Q1,5:09,7,7,120,PAR,331739,Mauricio,Escurra,14,P3,3pt jump shot missed,0,3,3PT,89,158
130826,29457-13-13,,COL,PAR,Q1,5:03,7,7,40,COL,400857,Leonardo,Restrepo,5,P2,"2PtsFG under the basket, layup missed",0,2,2PT,124,30
130826,29457-13-13,,COL,PAR,Q1,4:35,7,7,40,COL,409482,Alejandro,Sanchez,4,P3,3pt jump shot missed,0,3,3PT,60,144
130826,29457-13-13,,COL,PAR,Q1,4:25,7,7,120,PAR,409403,Richard,Hachen,15,FT,1st of 2 free throws missed,0,1,FT,0,0
130826,29457-13-13,,COL,PAR,Q1,4:25,7,8,120,PAR,409403,Richard,Hachen,15,FT,2nd of 2 free throws made,1,1,FT,0,0
130826,29457-13-13,,COL,PAR,Q1,4:11,7,8,40,COL,379759,Matthew,Bernal,7,P2,layup missed,0,2,2PT,174,86
130826,29457-13-13,,COL,PAR,Q1,4:04,9,8,40,COL,409484,Ezekiel,Suarez,8,P2,2pt fadeaway jump shot made,1,2,2PT,221,58
130826,29457-13-13,,COL,PAR,Q1,3:46,9,8,120,PAR,331730,Alejandro,Talavera,6,P3,3pt jump shot from center missed,0,3,3PT,118,165
130826,29457-13-13,,COL,PAR,Q1,3:38,9,8,120,PAR,409403,Richard,Hachen,15,P2,"2PtsFG under the basket, hook shot missed",0,2,2PT,163,26
130826,29457-13-13,,COL,PAR,Q1,3:27,9,10,120,PAR,331739,Mauricio,Escurra,14,P2,"2PtsFG under the basket, points from fastbreak + after turnover, layup made",1,2,2PT,146,31
130826,29457-13-13,,COL,PAR,Q1,3:03,10,10,40,COL,379759,Matthew,Bernal,7,FT,1st of 2 free throws made,1,1,FT,0,0
130826,29457-13-13,,COL,PAR,Q1,3:03,10,10,40,COL,379759,Matthew,Bernal,7,FT,2nd of 2 free throws missed,0,1,FT,0,0
130826,29457-13-13,,COL,PAR,Q1,2:55,10,10,120,PAR,331739,Mauricio,Escurra,14,P2,layup missed,0,2,2PT,168,29
130826,29457-13-13,,COL,PAR,Q1,2:38,10,10,40,COL,332119,Andres,Hernandez,24,P3,3pt fadeaway jump shot missed,0,3,3PT,145,160
130826,29457-13-13,,COL,PAR,Q1,2:19,10,10,120,PAR,331730,Alejandro,Talavera,6,P2,"2PtsFG under the basket, layup missed",0,2,2PT,157,43
130826,29457-13-13,,COL,PAR,Q1,1:56,10,10,120,PAR,409403,Richard,Hachen,15,P2,layup missed,0,2,2PT,162,43
130826,29457-13-13,,COL,PAR,Q1,1:52,10,10,120,PAR,331739,Mauricio,Escurra,14,P2,"2PtsFG under the basket, points from second chance + after turnover, layup missed",0,2,2PT,149,35
130826,29457-13-13,,COL,PAR,Q1,1:43,13,10,40,COL,409484,Ezekiel,Suarez,8,P3,3pt jump shot made,1,3,3PT,268,72
130826,29457-13-13,,COL,PAR,Q1,1:21,14,10,40,COL,409482,Alejandro,Sanchez,4,FT,Free throw made 1 of 2,1,1,FT,0,0
130826,29457-13-13,,COL,PAR,Q1,1:21,15,10,40,COL,409482,Alejandro,Sanchez,4,FT,Free throw made 2 of 2,1,1,FT,0,0
130826,29457-13-13,,COL,PAR,Q1,0:59,15,12,120,PAR,331730,Alejandro,Talavera,6,P2,2pt pullup jump shot made,1,2,2PT,108,69
130826,29457-13-13,,COL,PAR,Q1,0:26,17,12,40,COL,409482,Alejandro,Sanchez,4,P2,layup made,1,2,2PT,157,49
130826,29457-13-13,,COL,PAR,Q1,0:04,19,12,40,COL,332119,Andres,Hernandez,24,P2,"2PtsFG under the basket, points after turnover, layup made",1,2,2PT,132,39
130826,29457-13-13,,COL,PAR,Q2,9:47,19,12,40,COL,379759,Matthew,Bernal,7,P3,3pt jump shot missed,0,3,3PT,234,136
130826,29457-13-13,,COL,PAR,Q2,9:33,19,15,120,PAR,331738,Luis,Vera,5,P3,3pt jump shot from center made,1,3,3PT,103,161
130826,29457-13-13,,COL,PAR,Q2,9:03,19,15,40,COL,379759,Matthew,Bernal,7,P2,2pt jump shot missed,0,2,2PT,184,104
130826,29457-13-13,,COL,PAR,Q2,8:56,19,15,120,PAR,341880,Evert,Dominguez,10,P3,3pt jump shot from center missed,0,3,3PT,144,165
130826,29457-13-13,,COL,PAR,Q2,8:40,21,15,40,COL,409480,Santiago,Rios,32,P2,"2PtsFG inside left, jump shot made",1,2,2PT,27,56
130826,29457-13-13,,COL,PAR,Q2,8:27,23,15,40,COL,379759,Matthew,Bernal,7,P2,"2PtsFG under the basket, points from fastbreak + after turnover, layup made",1,2,2PT,127,33
130826,29457-13-13,,COL,PAR,Q2,8:13,23,15,120,PAR,331730,Alejandro,Talavera,6,P2,layup missed,0,2,2PT,130,58
130826,29457-13-13,,COL,PAR,Q2,7:55,23,15,40,COL,409480,Santiago,Rios,32,P3,3pt jump shot missed,0,3,3PT,186,153
130826,29457-13-13,,COL,PAR,Q2,7:32,25,15,40,COL,400857,Leonardo,Restrepo,5,P2,2pt fadeaway jump shot made,1,2,2PT,155,88
130826,29457-13-13,,COL,PAR,Q2,7:14,25,15,120,PAR,409401,Nestor,Gonzalez,21,FT,1st of 2 free throws missed,0,1,FT,0,0
130826,29457-13-13,,COL,PAR,Q2,7:14,25,15,120,PAR,409401,Nestor,Gonzalez,21,FT,2nd of 2 free throws missed,0,1,FT,0,0
130826,29457-13-13,,COL,PAR,Q2,6:51,25,15,40,COL,379759,Matthew,Bernal,7,P3,3pt jump shot from center missed,0,3,3PT,142,163
130826,29457-13-13,,COL,PAR,Q2,6:46,25,15,40,COL,409484,Ezekiel,Suarez,8,P3,3pt jump shot missed,0,3,3PT,224,135
130826,29457-13-13,,COL,PAR,Q2,6:37,25,17,120,PAR,331730,Alejandro,Talavera,6,P2,layup made,1,2,2PT,114,43
130826,29457-13-13,,COL,PAR,Q2,6:18,25,17,40,COL,409484,Ezekiel,Suarez,8,P3,3pt jump shot missed,0,3,3PT,16,92
130826,29457-13-13,,COL,PAR,Q2,6:08,25,20,120,PAR,331730,Alejandro,Talavera,6,P3,3pt jump shot made,1,3,3PT,55,152
130826,29457-13-13,,COL,PAR,Q2,5:47,27,20,40,COL,379759,Matthew,Bernal,7,P2,layup made,1,2,2PT,123,56
130826,29457-13-13,,COL,PAR,Q2,5:13,29,20,40,COL,379759,Matthew,Bernal,7,P2,"2PtsFG under the basket, points after turnover, layup made",1,2,2PT,122,40
130826,29457-13-13,,COL,PAR,Q2,4:57,29,22,120,PAR,409401,Nestor,Gonzalez,21,P2,"2PtsFG under the basket, layup made",1,2,2PT,131,37
130826,29457-13-13,,COL,PAR,Q2,4:42,29,22,40,COL,400857,Leonardo,Restrepo,5,P3,3pt jump shot missed,0,3,3PT,79,157
130826,29457-13-13,,COL,PAR,Q2,4:35,29,22,40,COL,409483,Julian,Betancurt,59,P2,layup missed,0,2,2PT,114,31
130826,29457-13-13,,COL,PAR,Q2,4:30,29,22,120,PAR,409401,Nestor,Gonzalez,21,P2,"2PtsFG under the basket, layup missed",0,2,2PT,159,38
130826,29457-13-13,,COL,PAR,Q2,4:25,29,24,120,PAR,331738,Luis,Vera,5,P2,"2PtsFG under the basket, layup made",1,2,2PT,150,24
130826,29457-13-13,,COL,PAR,Q2,4:25,29,24,120,PAR,331738,Luis,Vera,5,FT,free throw missed,0,1,FT,0,0
130826,29457-13-13,,COL,PAR,Q2,4:16,30,24,40,COL,400857,Leonardo,Restrepo,5,FT,1st of 2 free throws made,1,1,FT,0,0
130826,29457-13-13,,COL,PAR,Q2,4:16,30,24,40,COL,400857,Leonardo,Restrepo,5,FT,2nd of 2 free throws missed,0,1,FT,0,0
130826,29457-13-13,,COL,PAR,Q2,3:59,30,24,120,PAR,409401,Nestor,Gonzalez,21,P2,"2PtsFG under the basket, layup missed",0,2,2PT,120,31
130826,29457-13-13,,COL,PAR,Q2,3:47,30,24,40,COL,409477,Yansem,Caicedo,14,P3,3pt jump shot missed,0,3,3PT,203,150
130826,29457-13-13,,COL,PAR,Q2,3:34,30,24,120,PAR,409401,Nestor,Gonzalez,21,P3,3pt jump shot from center missed,0,3,3PT,144,163
130826,29457-13-13,,COL,PAR,Q2,3:27,30,26,120,PAR,379238,Juan,Vazquez,9,P2,"2PtsFG under the basket, layup made",1,2,2PT,160,25
130826,29457-13-13,,COL,PAR,Q2,3:27,30,27,120,PAR,379238,Juan,Vazquez,9,FT,free throw made,1,1,FT,0,0
130826,29457-13-13,,COL,PAR,Q2,2:57,30,29,120,PAR,331739,Mauricio,Escurra,14,P2,"2PtsFG under the basket, points after turnover, driving layup made",1,2,2PT,151,41
130826,29457-13-13,,COL,PAR,Q2,2:36,30,29,40,COL,332119,Andres,Hernandez,24,P2,layup missed,0,2,2PT,128,70
130826,29457-13-13,,COL,PAR,Q2,2:14,30,30,120,PAR,409402,Roberto,Radice,3,FT,1st of 2 free throws made,1,1,FT,0,0
130826,29457-13-13,,COL,PAR,Q2,2:14,30,31,120,PAR,409402,Roberto,Radice,3,FT,2nd of 2 free throws made,1,1,FT,0,0
130826,29457-13-13,,COL,PAR,Q2,1:57,30,31,40,COL,409477,Yansem,Caicedo,14,P2,layup missed,0,2,2PT,151,59
130826,29457-13-13,,COL,PAR,Q2,1:48,30,31,120,PAR,409402,Roberto,Radice,3,FT,1st of 2 free throws missed,0,1,FT,0,0
130826,29457-13-13,,COL,PAR,Q2,1:48,30,31,120,PAR,409402,Roberto,Radice,3,FT,2nd of 2 free throws missed,0,1,FT,0,0
130826,29457-13-13,,COL,PAR,Q2,1:37,30,31,40,COL,379759,Matthew,Bernal,7,P2,"2PtsFG under the basket, layup missed",0,2,2PT,152,32
130826,29457-13-13,,COL,PAR,Q2,1:31,33,31,40,COL,409482,Alejandro,Sanchez,4,P3,3pt jump shot made,1,3,3PT,39,118
130826,29457-13-13,,COL,PAR,Q2,1:19,33,31,120,PAR,409402,Roberto,Radice,3,P2,"2PtsFG under the basket, layup missed",0,2,2PT,130,33
130826,29457-13-13,,COL,PAR,Q2,1:06,35,31,40,COL,409477,Yansem,Caicedo,14,P2,2pt turnaround jump shot made,1,2,2PT,174,87
130826,29457-13-13,,COL,PAR,Q2,0:31,35,31,40,COL,332119,Andres,Hernandez,24,P2,"2PtsFG inside left wing, points after turnover, jump shot missed",0,2,2PT,69,40
130826,29457-13-13,,COL,PAR,Q2,0:11,35,31,120,PAR,409402,Roberto,Radice,3,P3,3pt jump shot from center missed,0,3,3PT,149,165
130826,29457-13-13,,COL,PAR,Q3,9:43,35,31,120,PAR,331730,Alejandro,Talavera,6,P3,3pt jump shot from center missed,0,3,3PT,175,163
130826,29457-13-13,,COL,PAR,Q3,9:31,35,31,40,COL,400857,Leonardo,Restrepo,5,P3,3pt jump shot missed,0,3,3PT,79,150
130826,29457-13-13,,COL,PAR,Q3,9:09,35,31,120,PAR,331738,Luis,Vera,5,P2,2pt turnaround jump shot missed,0,2,2PT,234,26
130826,29457-13-13,,COL,PAR,Q3,8:51,35,31,40,COL,400857,Leonardo,Restrepo,5,P3,3pt jump shot missed,0,3,3PT,34,117
130826,29457-13-13,,COL,PAR,Q3,8:38,35,31,120,PAR,409401,Nestor,Gonzalez,21,P2,"2PtsFG under the basket, turnaround jump shot missed",0,2,2PT,126,30
130826,29457-13-13,,COL,PAR,Q3,8:26,35,31,40,COL,332119,Andres,Hernandez,24,P3,3pt jump shot missed,0,3,3PT,66,146
130826,29457-13-13,,COL,PAR,Q3,8:03,35,31,120,PAR,331738,Luis,Vera,5,P2,"2PtsFG inside center, jump shot missed",0,2,2PT,133,105
130826,29457-13-13,,COL,PAR,Q3,7:56,35,31,40,COL,400857,Leonardo,Restrepo,5,P2,"2PtsFG under the basket, reverse lay-up missed",0,2,2PT,141,38
130826,29457-13-13,,COL,PAR,Q3,7:40,37,31,40,COL,409484,Ezekiel,Suarez,8,P2,2pt fadeaway jump shot made,1,2,2PT,95,110
130826,29457-13-13,,COL,PAR,Q3,7:27,37,33,120,PAR,331739,Mauricio,Escurra,14,P2,"2PtsFG under the basket, layup made",1,2,2PT,130,36
130826,29457-13-13,,COL,PAR,Q3,7:11,37,33,40,COL,409483,Julian,Betancurt,59,P2,"2PtsFG under the basket, layup missed",0,2,2PT,122,32
130826,29457-13-13,,COL,PAR,Q3,7:05,37,35,120,PAR,331739,Mauricio,Escurra,14,P2,"2PtsFG under the basket, fast break, layup made",1,2,2PT,144,39
130826,29457-13-13,,COL,PAR,Q3,6:43,40,35,40,COL,332119,Andres,Hernandez,24,P3,3pt jump shot made,1,3,3PT,83,148
130826,29457-13-13,,COL,PAR,Q3,6:26,40,37,120,PAR,331738,Luis,Vera,5,P2,"2PtsFG under the basket, layup made",1,2,2PT,149,40
130826,29457-13-13,,COL,PAR,Q3,6:06,43,37,40,COL,332119,Andres,Hernandez,24,P3,3pt jump shot made,1,3,3PT,83,150
130826,29457-13-13,,COL,PAR,Q3,5:53,43,37,120,PAR,331730,Alejandro,Talavera,6,P3,3pt step back jump shot missed,0,3,3PT,219,134
130826,29457-13-13,,COL,PAR,Q3,5:24,43,37,120,PAR,331739,Mauricio,Escurra,14,P2,"2PtsFG under the basket, points after turnover, layup missed",0,2,2PT,125,33
130826,29457-13-13,,COL,PAR,Q3,5:08,43,37,40,COL,409483,Julian,Betancurt,59,P2,layup missed,0,2,2PT,147,63
130826,29457-13-13,,COL,PAR,Q3,5:01,43,40,120,PAR,331730,Alejandro,Talavera,6,P3,3pt jump shot made,1,3,3PT,42,114
130826,29457-13-13,,COL,PAR,Q3,4:45,43,40,40,COL,409484,Ezekiel,Suarez,8,P3,3pt jump shot missed,0,3,3PT,44,130
130826,29457-13-13,,COL,PAR,Q3,4:31,43,42,120,PAR,409401,Nestor,Gonzalez,21,P2,"2PtsFG under the basket, hook shot made",1,2,2PT,126,34
130826,29457-13-13,,COL,PAR,Q3,4:07,43,42,40,COL,409477,Yansem,Caicedo,14,P3,3pt jump shot missed,0,3,3PT,194,152
130826,29457-13-13,,COL,PAR,Q3,4:00,45,42,40,COL,409477,Yansem,Caicedo,14,P2,"2PtsFG under the basket, layup made",1,2,2PT,156,31
130826,29457-13-13,,COL,PAR,Q3,3:41,45,42,40,COL,379442,Angel,Orozco,83,P2,layup missed,0,2,2PT,120,51
130826,29457-13-13,,COL,PAR,Q3,3:31,45,42,120,PAR,331730,Alejandro,Talavera,6,P2,layup missed,0,2,2PT,172,64
130826,29457-13-13,,COL,PAR,Q3,3:09,45,42,40,COL,379442,Angel,Orozco,83,P2,2pt hook shot missed,0,2,2PT,141,70
130826,29457-13-13,,COL,PAR,Q3,2:35,45,42,120,PAR,331730,Alejandro,Talavera,6,P3,3pt jump shot missed,0,3,3PT,15,36
130826,29457-13-13,,COL,PAR,Q3,2:27,45,42,40,COL,379759,Matthew,Bernal,7,P3,3pt jump shot missed,0,3,3PT,265,44
130826,29457-13-13,,COL,PAR,Q3,2:05,47,42,40,COL,379759,Matthew,Bernal,7,P2,"2PtsFG inside center, points after turnover, jump shot made",1,2,2PT,182,118
130826,29457-13-13,,COL,PAR,Q3,1:53,47,42,120,PAR,409401,Nestor,Gonzalez,21,P2,"2PtsFG under the basket, hook shot missed",0,2,2PT,152,41
130826,29457-13-13,,COL,PAR,Q3,1:29,47,42,40,COL,400857,Leonardo,Restrepo,5,P2,"2PtsFG inside center, jump shot missed",0,2,2PT,144,117
130826,29457-13-13,,COL,PAR,Q3,1:18,47,45,120,PAR,331730,Alejandro,Talavera,6,P3,3pt jump shot made,1,3,3PT,9,22
130826,29457-13-13,,COL,PAR,Q3,1:04,49,45,40,COL,379759,Matthew,Bernal,7,P2,"2PtsFG inside center, jump shot made",1,2,2PT,146,111
130826,29457-13-13,,COL,PAR,Q3,0:51,49,48,120,PAR,331738,Luis,Vera,5,P3,3pt jump shot from center made,1,3,3PT,140,176
130826,29457-13-13,,COL,PAR,Q3,0:24,49,48,40,COL,409482,Alejandro,Sanchez,4,P3,3pt jump shot from center missed,0,3,3PT,146,166
130826,29457-13-13,,COL,PAR,Q3,0:01,49,48,40,COL,409480,Santiago,Rios,32,P3,"3PtsFG back court, points after turnover, jump shot missed",0,3,3PT,137,135
130826,29457-13-13,,COL,PAR,Q4,9:48,49,48,40,COL,332119,Andres,Hernandez,24,P2,layup missed,0,2,2PT,142,79
130826,29457-13-13,,COL,PAR,Q4,9:36,49,48,40,COL,409482,Alejandro,Sanchez,4,P3,3pt jump shot missed,0,3,3PT,266,51
130826,29457-13-13,,COL,PAR,Q4,9:12,49,50,120,PAR,409401,Nestor,Gonzalez,21,P2,2pt hook shot made,1,2,2PT,138,54
130826,29457-13-13,,COL,PAR,Q4,8:51,51,50,40,COL,379442,Angel,Orozco,83,P2,"2PtsFG under the basket, layup made",1,2,2PT,135,34
130826,29457-13-13,,COL,PAR,Q4,8:27,51,52,120,PAR,409401,Nestor,Gonzalez,21,P2,"2PtsFG under the basket, reverse lay-up made",1,2,2PT,132,30
130826,29457-13-13,,COL,PAR,Q4,8:03,53,52,40,COL,409482,Alejandro,Sanchez,4,P2,2pt step back jump shot made,1,2,2PT,82,77
130826,29457-13-13,,COL,PAR,Q4,7:30,55,52,40,COL,379442,Angel,Orozco,83,P2,"2PtsFG under the basket, points from fastbreak + after turnover, layup made",1,2,2PT,119,39
130826,29457-13-13,,COL,PAR,Q4,7:13,55,52,40,COL,400857,Leonardo,Restrepo,5,P3,3pt jump shot missed,0,3,3PT,17,79
130826,29457-13-13,,COL,PAR,Q4,7:05,55,52,120,PAR,409402,Roberto,Radice,3,P2,"2PtsFG under the basket, reverse lay-up missed",0,2,2PT,133,28
130826,29457-13-13,,COL,PAR,Q4,7:03,55,54,120,PAR,409401,Nestor,Gonzalez,21,P2,"2PtsFG under the basket, layup made",1,2,2PT,136,31
130826,29457-13-13,,COL,PAR,Q4,6:53,55,56,120,PAR,409401,Nestor,Gonzalez,21,P2,"2PtsFG inside right, points after turnover, jump shot made",1,2,2PT,222,115
130826,29457-13-13,,COL,PAR,Q4,6:39,55,56,40,COL,379759,Matthew,Bernal,7,P2,layup missed,0,2,2PT,172,50
130826,29457-13-13,,COL,PAR,Q4,6:31,55,59,120,PAR,409402,Roberto,Radice,3,P3,3pt jump shot made,1,3,3PT,266,37
130826,29457-13-13,,COL,PAR,Q4,6:12,57,59,40,COL,409482,Alejandro,Sanchez,4,P2,layup made,1,2,2PT,118,69
130826,29457-13-13,,COL,PAR,Q4,5:59,57,59,120,PAR,409401,Nestor,Gonzalez,21,P2,2pt hook shot missed,0,2,2PT,135,62
130826,29457-13-13,,COL,PAR,Q4,5:46,57,59,120,PAR,379238,Juan,Vazquez,9,P3,3pt jump shot missed,0,3,3PT,9,47
130826,29457-13-13,,COL,PAR,Q4,5:40,57,61,120,PAR,331730,Alejandro,Talavera,6,P2,"2PtsFG under the basket, layup made",1,2,2PT,150,33
130826,29457-13-13,,COL,PAR,Q4,5:26,57,61,40,COL,409482,Alejandro,Sanchez,4,P3,3pt jump shot missed,0,3,3PT,267,39
130826,29457-13-13,,COL,PAR,Q4,5:21,59,61,40,COL,379759,Matthew,Bernal,7,P2,2PtsFG under the basket made,1,2,2PT,140,31
130826,29457-13-13,,COL,PAR,Q4,5:03,59,61,120,PAR,409401,Nestor,Gonzalez,21,P2,"2PtsFG inside right, jump shot missed",0,2,2PT,187,40
130826,29457-13-13,,COL,PAR,Q4,4:46,59,61,40,COL,379442,Angel,Orozco,83,P2,"2PtsFG under the basket, layup missed",0,2,2PT,119,35
130826,29457-13-13,,COL,PAR,Q4,4:41,59,61,40,COL,379759,Matthew,Bernal,7,P3,3pt jump shot missed,0,3,3PT,42,130
130826,29457-13-13,,COL,PAR,Q4,4:30,59,64,120,PAR,409402,Roberto,Radice,3,P3,3pt jump shot made,1,3,3PT,14,24
130826,29457-13-13,,COL,PAR,Q4,4:12,59,64,40,COL,400857,Leonardo,Restrepo,5,P3,3pt jump shot missed,0,3,3PT,255,108
130826,29457-13-13,,COL,PAR,Q4,4:08,59,64,120,PAR,409402,Roberto,Radice,3,FT,1st of 2 free throws missed,0,1,FT,0,0
130826,29457-13-13,,COL,PAR,Q4,4:08,59,65,120,PAR,409402,Roberto,Radice,3,FT,2nd of 2 free throws made,1,1,FT,0,0
130826,29457-13-13,,COL,PAR,Q4,3:30,59,65,40,COL,400857,Leonardo,Restrepo,5,P3,3pt jump shot missed,0,3,3PT,189,156
130826,29457-13-13,,COL,PAR,Q4,3:22,59,65,40,COL,409483,Julian,Betancurt,59,P3,3pt jump shot missed,0,3,3PT,36,116
130826,29457-13-13,,COL,PAR,Q4,3:00,59,65,120,PAR,409401,Nestor,Gonzalez,21,P2,layup missed,0,2,2PT,171,36
130826,29457-13-13,,COL,PAR,Q4,2:42,59,65,40,COL,409483,Julian,Betancurt,59,P2,"2PtsFG inside left, jump shot missed",0,2,2PT,88,74
130826,29457-13-13,,COL,PAR,Q4,2:17,59,65,40,COL,379759,Matthew,Bernal,7,P2,"2PtsFG under the basket, points after turnover, layup missed",0,2,2PT,123,37
130826,29457-13-13,,COL,PAR,Q4,2:11,59,65,120,PAR,331739,Mauricio,Escurra,14,P2,"2PtsFG under the basket, layup missed",0,2,2PT,155,36
130826,29457-13-13,,COL,PAR,Q4,2:02,59,65,120,PAR,409401,Nestor,Gonzalez,21,P2,"2PtsFG under the basket, layup missed",0,2,2PT,129,40
130826,29457-13-13,,COL,PAR,Q4,1:55,62,65,40,COL,409482,Alejandro,Sanchez,4,P3,3pt jump shot made,1,3,3PT,42,122
130826,29457-13-13,,COL,PAR,Q4,1:38,62,65,120,PAR,331739,Mauricio,Escurra,14,P3,3pt jump shot missed,0,3,3PT,237,121
130826,29457-13-13,,COL,PAR,Q4,1:26,62,65,40,COL,409480,Santiago,Rios,32,P3,3pt jump shot missed,0,3,3PT,256,87
130826,29457-13-13,,COL,PAR,Q4,1:19,62,65,120,PAR,409402,Roberto,Radice,3,P2,"2PtsFG under the basket, layup missed",0,2,2PT,152,41
130826,29457-13-13,,COL,PAR,Q4,1:14,62,65,120,PAR,409401,Nestor,Gonzalez,21,P2,2PtsFG under the basket missed,0,2,2PT,140,31
130826,29457-13-13,,COL,PAR,Q4,1:02,64,65,40,COL,379759,Matthew,Bernal,7,P2,layup made,1,2,2PT,123,48
130826,29457-13-13,,COL,PAR,Q4,0:52,64,68,120,PAR,331730,Alejandro,Talavera,6,P3,3pt jump shot made,1,3,3PT,234,126
130826,29457-13-13,,COL,PAR,Q4,0:36,66,68,40,COL,379759,Matthew,Bernal,7,P2,"2PtsFG inside right, jump shot made",1,2,2PT,191,94
130826,29457-13-13,,COL,PAR,Q4,0:20,66,68,120,PAR,331730,Alejandro,Talavera,6,P2,"2PtsFG under the basket, layup missed",0,2,2PT,123,41
130826,29457-13-13,,COL,PAR,Q4,0:15,66,68,120,PAR,409401,Nestor,Gonzalez,21,FT,1st of 2 free throws missed,0,1,FT,0,0
130826,29457-13-13,,COL,PAR,Q4,0:15,66,69,120,PAR,409401,Nestor,Gonzalez,21,FT,2nd of 2 free throws made,1,1,FT,0,0
130826,29457-13-13,,COL,PAR,Q4,0:13,66,69,40,COL,400857,Leonardo,Restrepo,5,P3,3pt jump shot missed,0,3,3PT,61,147
130826,29457-13-13,,COL,PAR,Q4,0:11,66,70,120,PAR,331738,Luis,Vera,5,FT,1st of 2 free throws made,1,1,FT,0,0
130826,29457-13-13,,COL,PAR,Q4,0:11,66,71,120,PAR,331738,Luis,Vera,5,FT,2nd of 2 free throws made,1,1,FT,0,0
130826,29457-13-13,,COL,PAR,Q4,0:01,66,71,120,PAR,331730,Alejandro,Talavera,6,P3,3pt jump shot missed,0,3,3PT,256,98
130827,29457-14-14,,CHI,ECU,Q1,9:54,0,0,38,CHI,329193,Agustin,Echeverria,8,P2,"2PtsFG inside right, jump shot missed",0,2,2PT,212,43
130827,29457-14-14,,CHI,ECU,Q1,9:46,0,2,52,ECU,409013,José,Daza,7,P2,layup made,1,2,2PT,127,49
130827,29457-14-14,,CHI,ECU,Q1,9:18,0,2,52,ECU,409013,José,Daza,7,P2,"2PtsFG under the basket, points after turnover, layup missed",0,2,2PT,134,36
130827,29457-14-14,,CHI,ECU,Q1,8:45,2,2,38,CHI,356339,Maximiliano,Quezada,17,P2,layup made,1,2,2PT,141,53
130827,29457-14-14,,CHI,ECU,Q1,8:27,2,2,52,ECU,379509,Lheyder,Vargas,48,P3,3pt jump shot missed,0,3,3PT,50,154
130827,29457-14-14,,CHI,ECU,Q1,8:09,4,2,38,CHI,377876,Tomas,La Rivera,2,P2,"2PtsFG under the basket, layup made",1,2,2PT,137,31
130827,29457-14-14,,CHI,ECU,Q1,7:56,4,2,52,ECU,379507,Juan,Castillo,2,P2,"2PtsFG under the basket, layup missed",0,2,2PT,137,29
130827,29457-14-14,,CHI,ECU,Q1,7:52,4,4,52,ECU,409013,José,Daza,7,P2,"2PtsFG under the basket, layup made",1,2,2PT,134,34
130827,29457-14-14,,CHI,ECU,Q1,7:30,4,4,38,CHI,377876,Tomas,La Rivera,2,P3,3pt jump shot from center missed,0,3,3PT,130,163
130827,29457-14-14,,CHI,ECU,Q1,7:20,4,4,52,ECU,409169,Felipe,Noboa,14,P2,"2PtsFG inside right, jump shot missed",0,2,2PT,241,101
130827,29457-14-14,,CHI,ECU,Q1,7:06,4,4,38,CHI,331346,Francisco,Saravia,10,P3,3pt jump shot from center missed,0,3,3PT,101,162
130827,29457-14-14,,CHI,ECU,Q1,7:01,4,4,52,ECU,379509,Lheyder,Vargas,48,P2,"2PtsFG under the basket, layup missed",0,2,2PT,137,37
130827,29457-14-14,,CHI,ECU,Q1,6:56,4,6,52,ECU,379509,Lheyder,Vargas,48,P2,"2PtsFG under the basket, layup made",1,2,2PT,123,42
130827,29457-14-14,,CHI,ECU,Q1,6:36,6,6,38,CHI,331346,Francisco,Saravia,10,P2,"2PtsFG under the basket, layup made",1,2,2PT,137,31
130827,29457-14-14,,CHI,ECU,Q1,6:36,7,6,38,CHI,331346,Francisco,Saravia,10,FT,1st free throw made,1,1,FT,0,0
130827,29457-14-14,,CHI,ECU,Q1,6:19,7,6,52,ECU,379509,Lheyder,Vargas,48,P3,3pt jump shot missed,0,3,3PT,50,133
130827,29457-14-14,,CHI,ECU,Q1,5:53,9,6,38,CHI,331346,Francisco,Saravia,10,P2,2pt fadeaway jump shot made,1,2,2PT,139,119
130827,29457-14-14,,CHI,ECU,Q1,5:20,9,6,52,ECU,409167,Ismael,Ibarra,15,P2,dunk missed,0,2,2PT,127,53
130827,29457-14-14,,CHI,ECU,Q1,5:11,11,6,38,CHI,377876,Tomas,La Rivera,2,P2,"2PtsFG under the basket, layup made",1,2,2PT,140,45
130827,29457-14-14,,CHI,ECU,Q1,4:46,11,6,52,ECU,409167,Ismael,Ibarra,15,P2,"2PtsFG under the basket, layup missed",0,2,2PT,138,48
130827,29457-14-14,,CHI,ECU,Q1,4:40,11,6,52,ECU,379509,Lheyder,Vargas,48,P2,"2PtsFG under the basket, layup missed",0,2,2PT,137,44
130827,29457-14-14,,CHI,ECU,Q1,4:36,11,6,52,ECU,409169,Felipe,Noboa,14,P2,"2PtsFG under the basket, layup missed",0,2,2PT,125,47
130827,29457-14-14,,CHI,ECU,Q1,4:23,13,6,38,CHI,409018,Mateo,Velásquez,15,P2,"2PtsFG under the basket, layup made",1,2,2PT,137,42
130827,29457-14-14,,CHI,ECU,Q1,4:10,13,7,52,ECU,379507,Juan,Castillo,2,FT,1st of 2 free throws made,1,1,FT,0,0
130827,29457-14-14,,CHI,ECU,Q1,4:10,13,8,52,ECU,379507,Juan,Castillo,2,FT,2nd of 2 free throws made,1,1,FT,0,0
130827,29457-14-14,,CHI,ECU,Q1,4:02,14,8,38,CHI,409016,Mathias,Hitschfeld,4,FT,1st of 2 free throws made,1,1,FT,0,0
130827,29457-14-14,,CHI,ECU,Q1,4:02,15,8,38,CHI,409016,Mathias,Hitschfeld,4,FT,2nd of 2 free throws made,1,1,FT,0,0
130827,29457-14-14,,CHI,ECU,Q1,3:21,16,8,38,CHI,409016,Mathias,Hitschfeld,4,FT,1st of 2 free throws made,1,1,FT,0,0
130827,29457-14-14,,CHI,ECU,Q1,3:21,17,8,38,CHI,409016,Mathias,Hitschfeld,4,FT,2nd of 2 free throws made,1,1,FT,0,0
130827,29457-14-14,,CHI,ECU,Q1,3:10,17,8,38,CHI,393122,Gabriel,Pachano,1,P2,"2PtsFG under the basket, points after turnover, layup missed",0,2,2PT,145,22
130827,29457-14-14,,CHI,ECU,Q1,3:01,17,8,38,CHI,409016,Mathias,Hitschfeld,4,P3,3pt jump shot missed,0,3,3PT,247,119
130827,29457-14-14,,CHI,ECU,Q1,2:42,17,8,52,ECU,379506,Jeremy,Corozo,32,P3,3pt jump shot missed,0,3,3PT,202,152
130827,29457-14-14,,CHI,ECU,Q1,2:35,19,8,38,CHI,409010,Mateo,Castro,3,P2,layup made,1,2,2PT,154,16
130827,29457-14-14,,CHI,ECU,Q1,2:32,20,8,38,CHI,409010,Mateo,Castro,3,FT,1st free throw made,1,1,FT,0,0
130827,29457-14-14,,CHI,ECU,Q1,2:08,20,8,38,CHI,409010,Mateo,Castro,3,P3,3pt jump shot missed,0,3,3PT,243,129
130827,29457-14-14,,CHI,ECU,Q1,1:50,20,10,52,ECU,379770,Adair,Quiñonez,23,P2,"2PtsFG under the basket, points after turnover, layup made",1,2,2PT,128,38
130827,29457-14-14,,CHI,ECU,Q1,1:22,22,10,38,CHI,350728,Pedro,Stuardo,9,P2,"2PtsFG under the basket, points after turnover, layup made",1,2,2PT,153,30
130827,29457-14-14,,CHI,ECU,Q1,0:01,22,10,38,CHI,409016,Mathias,Hitschfeld,4,P2,"2PtsFG inside center, points after turnover, jump shot missed",0,2,2PT,194,136
130827,29457-14-14,,CHI,ECU,Q2,9:47,22,10,52,ECU,379507,Juan,Castillo,2,P3,3pt jump shot from center missed,0,3,3PT,143,171
130827,29457-14-14,,CHI,ECU,Q2,9:23,22,10,38,CHI,356339,Maximiliano,Quezada,17,P2,"2PtsFG under the basket, layup missed",0,2,2PT,146,30
130827,29457-14-14,,CHI,ECU,Q2,9:11,22,10,52,ECU,379507,Juan,Castillo,2,P3,3pt jump shot missed,0,3,3PT,56,143
130827,29457-14-14,,CHI,ECU,Q2,9:02,22,10,38,CHI,329193,Agustin,Echeverria,8,P3,3pt jump shot missed,0,3,3PT,80,147
130827,29457-14-14,,CHI,ECU,Q2,8:45,22,12,52,ECU,379507,Juan,Castillo,2,P2,"2PtsFG under the basket, layup made",1,2,2PT,143,25
130827,29457-14-14,,CHI,ECU,Q2,8:45,22,12,52,ECU,379507,Juan,Castillo,2,FT,1st free throw missed,0,1,FT,0,0
130827,29457-14-14,,CHI,ECU,Q2,8:26,22,14,52,ECU,400263,Rodrigo,Manjarres,12,P2,"2PtsFG under the basket, points after turnover, layup made",1,2,2PT,129,28
130827,29457-14-14,,CHI,ECU,Q2,7:56,24,14,38,CHI,331346,Francisco,Saravia,10,P2,"2PtsFG under the basket, eurostep made",1,2,2PT,145,26
130827,29457-14-14,,CHI,ECU,Q2,7:43,24,14,52,ECU,379506,Jeremy,Corozo,32,FT,1st of 2 free throws missed,0,1,FT,0,0
130827,29457-14-14,,CHI,ECU,Q2,7:43,24,14,52,ECU,379506,Jeremy,Corozo,32,FT,2nd of 2 free throws missed,0,1,FT,0,0
130827,29457-14-14,,CHI,ECU,Q2,7:25,26,14,38,CHI,329193,Agustin,Echeverria,8,P2,2pt fadeaway jump shot made,1,2,2PT,250,59
130827,29457-14-14,,CHI,ECU,Q2,7:10,26,14,52,ECU,379500,Alhan,Zambrano,10,P2,"2PtsFG under the basket, layup missed",0,2,2PT,124,32
130827,29457-14-14,,CHI,ECU,Q2,7:06,26,14,52,ECU,409169,Felipe,Noboa,14,P2,"2PtsFG under the basket, layup missed",0,2,2PT,130,35
130827,29457-14-14,,CHI,ECU,Q2,7:00,26,14,52,ECU,400263,Rodrigo,Manjarres,12,P3,3pt jump shot missed,0,3,3PT,230,136
130827,29457-14-14,,CHI,ECU,Q2,6:49,26,14,38,CHI,350728,Pedro,Stuardo,9,P2,"2PtsFG under the basket, layup missed",0,2,2PT,126,30
130827,29457-14-14,,CHI,ECU,Q2,6:49,26,14,52,ECU,379507,Juan,Castillo,2,P3,3pt jump shot from center missed,0,3,3PT,115,173
130827,29457-14-14,,CHI,ECU,Q2,6:44,28,14,38,CHI,378907,Luis,Musrri,0,P2,layup made,1,2,2PT,144,17
130827,29457-14-14,,CHI,ECU,Q2,5:57,28,14,38,CHI,356339,Maximiliano,Quezada,17,P2,"2PtsFG under the basket, points after turnover, layup missed",0,2,2PT,156,40
130827,29457-14-14,,CHI,ECU,Q2,5:39,28,14,52,ECU,379500,Alhan,Zambrano,10,P2,"2PtsFG under the basket, layup missed",0,2,2PT,135,47
130827,29457-14-14,,CHI,ECU,Q2,5:33,28,14,52,ECU,379500,Alhan,Zambrano,10,P3,3pt jump shot missed,0,3,3PT,202,152
130827,29457-14-14,,CHI,ECU,Q2,5:27,28,16,52,ECU,409167,Ismael,Ibarra,15,P2,"2PtsFG under the basket, layup made",1,2,2PT,138,35
130827,29457-14-14,,CHI,ECU,Q2,5:15,28,16,38,CHI,331346,Francisco,Saravia,10,P3,3pt jump shot missed,0,3,3PT,265,74
130827,29457-14-14,,CHI,ECU,Q2,5:09,30,16,38,CHI,329193,Agustin,Echeverria,8,P2,2PtsFG under the basket made,1,2,2PT,140,31
130827,29457-14-14,,CHI,ECU,Q2,4:58,30,16,52,ECU,409167,Ismael,Ibarra,15,FT,1st of 2 free throws missed,0,1,FT,0,0
130827,29457-14-14,,CHI,ECU,Q2,4:58,30,16,52,ECU,409167,Ismael,Ibarra,15,FT,2nd of 2 free throws missed,0,1,FT,0,0
130827,29457-14-14,,CHI,ECU,Q2,4:40,32,16,38,CHI,378907,Luis,Musrri,0,P2,"2PtsFG under the basket, layup made",1,2,2PT,146,24
130827,29457-14-14,,CHI,ECU,Q2,4:25,34,16,38,CHI,331346,Francisco,Saravia,10,P2,"2PtsFG under the basket, points from fastbreak + after turnover, layup made",1,2,2PT,144,30
130827,29457-14-14,,CHI,ECU,Q2,3:45,37,16,38,CHI,378907,Luis,Musrri,0,P3,3pt jump shot made,1,3,3PT,215,163
130827,29457-14-14,,CHI,ECU,Q2,3:22,40,16,38,CHI,378907,Luis,Musrri,0,P3,3pt step back jump shot made,1,3,3PT,54,136
130827,29457-14-14,,CHI,ECU,Q2,3:05,40,16,52,ECU,409167,Ismael,Ibarra,15,P2,layup missed,0,2,2PT,132,50
130827,29457-14-14,,CHI,ECU,Q2,3:00,40,16,52,ECU,400263,Rodrigo,Manjarres,12,FT,1st of 2 free throws missed,0,1,FT,0,0
130827,29457-14-14,,CHI,ECU,Q2,3:00,40,16,52,ECU,400263,Rodrigo,Manjarres,12,FT,2nd of 2 free throws missed,0,1,FT,0,0
130827,29457-14-14,,CHI,ECU,Q2,2:41,43,16,38,CHI,377876,Tomas,La Rivera,2,P3,3pt jump shot made,1,3,3PT,262,83
130827,29457-14-14,,CHI,ECU,Q2,2:32,43,16,52,ECU,379507,Juan,Castillo,2,P3,3pt jump shot missed,0,3,3PT,77,149
130827,29457-14-14,,CHI,ECU,Q2,2:23,43,16,52,ECU,379507,Juan,Castillo,2,P3,3pt jump shot missed,0,3,3PT,21,126
130827,29457-14-14,,CHI,ECU,Q2,2:03,43,16,52,ECU,409167,Ismael,Ibarra,15,P2,"2PtsFG under the basket, points after turnover, layup missed",0,2,2PT,149,29
130827,29457-14-14,,CHI,ECU,Q2,1:57,43,16,52,ECU,379770,Adair,Quiñonez,23,P3,3pt jump shot missed,0,3,3PT,18,88
130827,29457-14-14,,CHI,ECU,Q2,1:52,43,18,52,ECU,400263,Rodrigo,Manjarres,12,P2,"2PtsFG under the basket, points from second chance + after turnover, reverse lay-up made",1,2,2PT,132,34
130827,29457-14-14,,CHI,ECU,Q2,1:39,45,18,38,CHI,409017,Pedro,Donoso,11,P2,"2PtsFG under the basket, layup made",1,2,2PT,152,27
130827,29457-14-14,,CHI,ECU,Q2,1:22,45,18,52,ECU,409161,Michael,Cevallos,1,P2,2pt fadeaway jump shot missed,0,2,2PT,138,132
130827,29457-14-14,,CHI,ECU,Q2,1:15,45,18,52,ECU,409161,Michael,Cevallos,1,P3,3pt jump shot missed,0,3,3PT,10,103
130827,29457-14-14,,CHI,ECU,Q2,1:10,45,18,52,ECU,409167,Ismael,Ibarra,15,P2,layup missed,0,2,2PT,134,55
130827,29457-14-14,,CHI,ECU,Q2,1:04,47,18,38,CHI,376093,Tomas,Pino,7,P2,"2PtsFG under the basket, layup made",1,2,2PT,141,33
130827,29457-14-14,,CHI,ECU,Q2,0:35,47,18,52,ECU,409161,Michael,Cevallos,1,P3,3pt jump shot from center missed,0,3,3PT,173,174
130827,29457-14-14,,CHI,ECU,Q2,0:05,47,18,52,ECU,409161,Michael,Cevallos,1,FT,1st of 2 free throws missed,0,1,FT,0,0
130827,29457-14-14,,CHI,ECU,Q2,0:05,47,18,52,ECU,409161,Michael,Cevallos,1,FT,2nd of 2 free throws missed,0,1,FT,0,0
130827,29457-14-14,,CHI,ECU,Q2,0:03,47,18,52,ECU,379770,Adair,Quiñonez,23,P3,3pt jump shot missed,0,3,3PT,17,101
130827,29457-14-14,,CHI,ECU,Q3,9:41,47,18,38,CHI,329193,Agustin,Echeverria,8,P3,3pt jump shot from center missed,0,3,3PT,188,166
130827,29457-14-14,,CHI,ECU,Q3,9:36,47,20,52,ECU,379770,Adair,Quiñonez,23,P2,"2PtsFG under the basket, layup made",1,2,2PT,141,31
130827,29457-14-14,,CHI,ECU,Q3,9:10,47,22,52,ECU,379770,Adair,Quiñonez,23,P2,"2PtsFG under the basket, points from fastbreak + after turnover, dunk made",1,2,2PT,138,25
130827,29457-14-14,,CHI,ECU,Q3,8:49,47,22,38,CHI,409018,Mateo,Velásquez,15,P3,3pt jump shot missed,0,3,3PT,200,155
130827,29457-14-14,,CHI,ECU,Q3,8:32,47,25,52,ECU,379509,Lheyder,Vargas,48,P3,3pt jump shot made,1,3,3PT,63,141
130827,29457-14-14,,CHI,ECU,Q3,8:12,49,25,38,CHI,409018,Mateo,Velásquez,15,P2,"2PtsFG under the basket, layup made",1,2,2PT,136,38
130827,29457-14-14,,CHI,ECU,Q3,7:59,49,25,52,ECU,379506,Jeremy,Corozo,32,P2,"2PtsFG under the basket, layup missed",0,2,2PT,141,23
130827,29457-14-14,,CHI,ECU,Q3,7:38,49,25,38,CHI,356339,Maximiliano,Quezada,17,P2,"2PtsFG under the basket, layup missed",0,2,2PT,131,36
130827,29457-14-14,,CHI,ECU,Q3,7:25,49,25,52,ECU,400263,Rodrigo,Manjarres,12,P2,"2PtsFG under the basket, layup missed",0,2,2PT,141,22
130827,29457-14-14,,CHI,ECU,Q3,7:11,51,25,38,CHI,393122,Gabriel,Pachano,1,P2,"2PtsFG under the basket, points from fastbreak + after turnover, layup made",1,2,2PT,123,29
130827,29457-14-14,,CHI,ECU,Q3,6:59,51,25,52,ECU,379507,Juan,Castillo,2,P2,"2PtsFG under the basket, layup missed",0,2,2PT,126,43
130827,29457-14-14,,CHI,ECU,Q3,6:53,51,28,52,ECU,379507,Juan,Castillo,2,P3,3pt jump shot made,1,3,3PT,16,73
130827,29457-14-14,,CHI,ECU,Q3,6:31,53,28,38,CHI,393122,Gabriel,Pachano,1,P2,2pt fadeaway jump shot made,1,2,2PT,100,124
130827,29457-14-14,,CHI,ECU,Q3,6:18,53,30,52,ECU,379507,Juan,Castillo,2,P2,"2PtsFG under the basket, layup made",1,2,2PT,144,36
130827,29457-14-14,,CHI,ECU,Q3,6:18,53,30,52,ECU,379507,Juan,Castillo,2,FT,1st free throw missed,0,1,FT,0,0
130827,29457-14-14,,CHI,ECU,Q3,6:07,53,30,38,CHI,329193,Agustin,Echeverria,8,P3,3pt jump shot missed,0,3,3PT,248,97
130827,29457-14-14,,CHI,ECU,Q3,5:43,53,30,38,CHI,409018,Mateo,Velásquez,15,P2,"2PtsFG under the basket, points after turnover, layup missed",0,2,2PT,143,37
130827,29457-14-14,,CHI,ECU,Q3,5:30,53,32,52,ECU,379506,Jeremy,Corozo,32,P2,"2PtsFG under the basket, layup made",1,2,2PT,142,33
130827,29457-14-14,,CHI,ECU,Q3,5:16,53,32,38,CHI,377876,Tomas,La Rivera,2,P2,layup missed,0,2,2PT,168,56
130827,29457-14-14,,CHI,ECU,Q3,5:05,55,32,38,CHI,377876,Tomas,La Rivera,2,P2,"2PtsFG inside paint, points after turnover, reverse lay-up made",1,2,2PT,119,53
130827,29457-14-14,,CHI,ECU,Q3,4:43,55,32,52,ECU,409161,Michael,Cevallos,1,P2,layup missed,0,2,2PT,112,33
130827,29457-14-14,,CHI,ECU,Q3,4:39,55,34,52,ECU,379506,Jeremy,Corozo,32,P2,"2PtsFG under the basket, layup made",1,2,2PT,139,22
130827,29457-14-14,,CHI,ECU,Q3,4:25,55,34,38,CHI,377876,Tomas,La Rivera,2,P3,3pt jump shot from center missed,0,3,3PT,140,165
130827,29457-14-14,,CHI,ECU,Q3,4:21,56,34,38,CHI,409017,Pedro,Donoso,11,FT,1st of 2 free throws made,1,1,FT,0,0
130827,29457-14-14,,CHI,ECU,Q3,4:21,56,34,38,CHI,409017,Pedro,Donoso,11,FT,2nd of 2 free throws missed,0,1,FT,0,0
130827,29457-14-14,,CHI,ECU,Q3,4:15,56,34,52,ECU,409169,Felipe,Noboa,14,P2,layup missed,0,2,2PT,171,64
130827,29457-14-14,,CHI,ECU,Q3,3:45,56,34,52,ECU,409161,Michael,Cevallos,1,P2,"2PtsFG under the basket, layup missed",0,2,2PT,139,46
130827,29457-14-14,,CHI,ECU,Q3,3:40,56,34,52,ECU,379500,Alhan,Zambrano,10,P3,3pt jump shot missed,0,3,3PT,35,106
130827,29457-14-14,,CHI,ECU,Q3,3:16,56,35,52,ECU,409161,Michael,Cevallos,1,FT,1st of 2 free throws made,1,1,FT,0,0
130827,29457-14-14,,CHI,ECU,Q3,3:16,56,36,52,ECU,409161,Michael,Cevallos,1,FT,2nd of 2 free throws made,1,1,FT,0,0
130827,29457-14-14,,CHI,ECU,Q3,3:01,59,36,38,CHI,409016,Mathias,Hitschfeld,4,P3,3pt jump shot made,1,3,3PT,256,113
130827,29457-14-14,,CHI,ECU,Q3,2:27,59,36,52,ECU,409161,Michael,Cevallos,1,P3,3pt jump shot missed,0,3,3PT,251,114
130827,29457-14-14,,CHI,ECU,Q3,2:19,59,36,52,ECU,409013,José,Daza,7,P2,layup missed,0,2,2PT,168,56
130827,29457-14-14,,CHI,ECU,Q3,2:12,59,36,52,ECU,379500,Alhan,Zambrano,10,P3,3pt jump shot missed,0,3,3PT,269,79
130827,29457-14-14,,CHI,ECU,Q3,2:02,59,36,38,CHI,377876,Tomas,La Rivera,2,P3,3pt jump shot from center missed,0,3,3PT,171,161
130827,29457-14-14,,CHI,ECU,Q3,1:36,59,37,52,ECU,409161,Michael,Cevallos,1,FT,1st of 2 free throws made,1,1,FT,0,0
130827,29457-14-14,,CHI,ECU,Q3,1:36,59,38,52,ECU,409161,Michael,Cevallos,1,FT,2nd of 2 free throws made,1,1,FT,0,0
130827,29457-14-14,,CHI,ECU,Q3,1:17,59,38,38,CHI,393122,Gabriel,Pachano,1,P3,3pt jump shot missed,0,3,3PT,217,130
130827,29457-14-14,,CHI,ECU,Q3,1:08,59,38,52,ECU,379770,Adair,Quiñonez,23,P2,layup missed,0,2,2PT,113,20
130827,29457-14-14,,CHI,ECU,Q3,1:02,59,38,52,ECU,409169,Felipe,Noboa,14,P2,"2PtsFG under the basket, layup missed",0,2,2PT,139,49
130827,29457-14-14,,CHI,ECU,Q3,0:36,59,38,52,ECU,379500,Alhan,Zambrano,10,P3,3pt jump shot missed,0,3,3PT,21,82
130827,29457-14-14,,CHI,ECU,Q3,0:12,59,38,38,CHI,350728,Pedro,Stuardo,9,P2,"2PtsFG under the basket, layup missed",0,2,2PT,125,38
130827,29457-14-14,,CHI,ECU,Q3,0:09,59,38,38,CHI,409017,Pedro,Donoso,11,P2,layup missed,0,2,2PT,119,44
130827,29457-14-14,,CHI,ECU,Q4,9:43,59,38,52,ECU,409161,Michael,Cevallos,1,P3,3pt jump shot missed,0,3,3PT,272,61
130827,29457-14-14,,CHI,ECU,Q4,9:38,59,38,52,ECU,379507,Juan,Castillo,2,P2,layup missed,0,2,2PT,133,17
130827,29457-14-14,,CHI,ECU,Q4,9:38,59,40,52,ECU,379770,Adair,Quiñonez,23,P2,"2PtsFG under the basket, points from second chance + after turnover, layup made",1,2,2PT,144,22
130827,29457-14-14,,CHI,ECU,Q4,9:28,59,40,38,CHI,393122,Gabriel,Pachano,1,P3,3pt jump shot missed,0,3,3PT,225,139
130827,29457-14-14,,CHI,ECU,Q4,9:24,59,42,52,ECU,409161,Michael,Cevallos,1,P2,"2PtsFG under the basket, fast break, layup made",1,2,2PT,149,25
130827,29457-14-14,,CHI,ECU,Q4,9:05,59,42,38,CHI,409016,Mathias,Hitschfeld,4,P3,3pt jump shot missed,0,3,3PT,229,134
130827,29457-14-14,,CHI,ECU,Q4,9:01,59,42,38,CHI,350728,Pedro,Stuardo,9,P2,"2PtsFG under the basket, layup missed",0,2,2PT,125,30
130827,29457-14-14,,CHI,ECU,Q4,8:58,61,42,38,CHI,350728,Pedro,Stuardo,9,P2,layup made,1,2,2PT,117,40
130827,29457-14-14,,CHI,ECU,Q4,8:44,61,42,52,ECU,379507,Juan,Castillo,2,P3,3pt fadeaway jump shot missed,0,3,3PT,80,150
130827,29457-14-14,,CHI,ECU,Q4,8:38,63,42,38,CHI,393122,Gabriel,Pachano,1,P2,"2PtsFG under the basket, fast break, layup made",1,2,2PT,134,32
130827,29457-14-14,,CHI,ECU,Q4,8:13,63,42,52,ECU,409161,Michael,Cevallos,1,P2,"2PtsFG under the basket, layup missed",0,2,2PT,149,23
130827,29457-14-14,,CHI,ECU,Q4,7:51,65,42,38,CHI,393122,Gabriel,Pachano,1,P2,"2PtsFG inside paint, reverse lay-up made",1,2,2PT,114,17
130827,29457-14-14,,CHI,ECU,Q4,7:36,65,42,52,ECU,409161,Michael,Cevallos,1,P2,layup missed,0,2,2PT,154,58
130827,29457-14-14,,CHI,ECU,Q4,7:20,67,42,38,CHI,378907,Luis,Musrri,0,P2,"2PtsFG under the basket, layup made",1,2,2PT,137,33
130827,29457-14-14,,CHI,ECU,Q4,7:02,67,44,52,ECU,379506,Jeremy,Corozo,32,P2,"2PtsFG under the basket, layup made",1,2,2PT,155,36
130827,29457-14-14,,CHI,ECU,Q4,6:43,67,44,38,CHI,378907,Luis,Musrri,0,P3,3pt jump shot from center missed,0,3,3PT,170,162
130827,29457-14-14,,CHI,ECU,Q4,6:26,67,44,52,ECU,409169,Felipe,Noboa,14,P3,3pt jump shot missed,0,3,3PT,12,70
130827,29457-14-14,,CHI,ECU,Q4,5:50,69,44,38,CHI,378907,Luis,Musrri,0,P2,"2PtsFG under the basket, layup made",1,2,2PT,146,32
130827,29457-14-14,,CHI,ECU,Q4,5:34,69,46,52,ECU,409161,Michael,Cevallos,1,P2,"2PtsFG inside center, jump shot made",1,2,2PT,105,150
130827,29457-14-14,,CHI,ECU,Q4,5:08,69,46,38,CHI,377876,Tomas,La Rivera,2,P3,3pt jump shot from center missed,0,3,3PT,108,174
130827,29457-14-14,,CHI,ECU,Q4,5:01,69,46,52,ECU,379507,Juan,Castillo,2,P2,"2PtsFG under the basket, layup missed",0,2,2PT,143,40
130827,29457-14-14,,CHI,ECU,Q4,4:49,72,46,38,CHI,409018,Mateo,Velásquez,15,P3,3pt jump shot made,1,3,3PT,193,163
130827,29457-14-14,,CHI,ECU,Q4,4:31,72,47,52,ECU,409161,Michael,Cevallos,1,FT,1st of 2 free throws made,1,1,FT,0,0
130827,29457-14-14,,CHI,ECU,Q4,4:31,72,48,52,ECU,409161,Michael,Cevallos,1,FT,2nd of 2 free throws made,1,1,FT,0,0
130827,29457-14-14,,CHI,ECU,Q4,4:14,72,48,38,CHI,377876,Tomas,La Rivera,2,P3,3pt jump shot missed,0,3,3PT,65,152
130827,29457-14-14,,CHI,ECU,Q4,3:54,72,48,52,ECU,379507,Juan,Castillo,2,P3,3pt jump shot missed,0,3,3PT,272,71
130827,29457-14-14,,CHI,ECU,Q4,3:24,72,50,52,ECU,409013,José,Daza,7,P2,layup made,1,2,2PT,163,15
130827,29457-14-14,,CHI,ECU,Q4,3:01,72,50,52,ECU,409161,Michael,Cevallos,1,P3,3pt jump shot missed,0,3,3PT,44,125
130827,29457-14-14,,CHI,ECU,Q4,2:49,72,52,52,ECU,409013,José,Daza,7,P2,"2PtsFG under the basket, points from second chance + after turnover, layup made",1,2,2PT,164,22
130827,29457-14-14,,CHI,ECU,Q4,2:17,72,55,52,ECU,409161,Michael,Cevallos,1,P3,3pt fadeaway jump shot made,1,3,3PT,243,110
130827,29457-14-14,,CHI,ECU,Q4,1:52,72,55,38,CHI,409017,Pedro,Donoso,11,P2,"2PtsFG under the basket, layup missed",0,2,2PT,133,48
130827,29457-14-14,,CHI,ECU,Q4,1:46,72,56,52,ECU,409013,José,Daza,7,FT,1st of 2 free throws made,1,1,FT,0,0
130827,29457-14-14,,CHI,ECU,Q4,1:46,72,56,52,ECU,409013,José,Daza,7,FT,2nd of 2 free throws missed,0,1,FT,0,0
130827,29457-14-14,,CHI,ECU,Q4,1:44,72,56,52,ECU,409169,Felipe,Noboa,14,P2,"2PtsFG under the basket, layup missed",0,2,2PT,148,43
130827,29457-14-14,,CHI,ECU,Q4,1:17,72,59,52,ECU,409161,Michael,Cevallos,1,P3,3pt jump shot made,1,3,3PT,65,149
130827,29457-14-14,,CHI,ECU,Q4,1:11,72,59,52,ECU,379507,Juan,Castillo,2,P2,"2PtsFG under the basket, points after turnover, layup missed",0,2,2PT,153,43
130827,29457-14-14,,CHI,ECU,Q4,1:09,72,59,52,ECU,409013,José,Daza,7,P2,"2PtsFG under the basket, points from second chance + after turnover, layup missed",0,2,2PT,133,33
130827,29457-14-14,,CHI,ECU,Q4,1:00,72,61,52,ECU,409161,Michael,Cevallos,1,P2,"2PtsFG under the basket, points from fastbreak + after turnover, layup made",1,2,2PT,147,27
130827,29457-14-14,,CHI,ECU,Q4,0:49,72,61,38,CHI,378907,Luis,Musrri,0,P3,3pt jump shot missed,0,3,3PT,208,160
130828,29460-15-15,,ARG,VEN,Q1,9:54,2,0,14,ARG,362126,Benjamin,Pettovello,2,P2,"2PtsFG under the basket, hook shot made",1,2,2PT,127,26
130828,29460-15-15,,ARG,VEN,Q1,9:34,2,0,158,VEN,378574,Julio,Vasquez,3,P3,3pt jump shot missed,0,3,3PT,266,64
130828,29460-15-15,,ARG,VEN,Q1,9:26,2,0,14,ARG,408870,Gonzalo,Aman,8,P3,3pt fadeaway jump shot missed,0,3,3PT,62,155
130828,29460-15-15,,ARG,VEN,Q1,9:19,4,0,14,ARG,408872,Bautista,Gobetti,6,P2,"2PtsFG under the basket, layup made",1,2,2PT,121,25
130828,29460-15-15,,ARG,VEN,Q1,8:58,4,0,158,VEN,409363,Richard,Segovia,4,P2,"2PtsFG under the basket, layup missed",0,2,2PT,156,30
130828,29460-15-15,,ARG,VEN,Q1,8:50,4,0,158,VEN,409363,Richard,Segovia,4,P2,"2PtsFG inside right, jump shot missed",0,2,2PT,229,78
130828,29460-15-15,,ARG,VEN,Q1,8:20,4,0,158,VEN,378574,Julio,Vasquez,3,P2,"2PtsFG inside center, points after turnover, jump shot missed",0,2,2PT,153,144
130828,29460-15-15,,ARG,VEN,Q1,8:10,4,0,158,VEN,378574,Julio,Vasquez,3,P2,"2PtsFG under the basket, points from second chance + after turnover, layup missed",0,2,2PT,146,25
130828,29460-15-15,,ARG,VEN,Q1,7:53,4,0,14,ARG,408871,Manuel,Hernandez,4,P3,3pt floating jump shot missed,0,3,3PT,271,85
130828,29460-15-15,,ARG,VEN,Q1,7:39,4,0,158,VEN,390925,Jose,Lara,7,P3,3pt floating jump shot missed,0,3,3PT,47,156
130828,29460-15-15,,ARG,VEN,Q1,7:03,6,0,14,ARG,362126,Benjamin,Pettovello,2,P2,"2PtsFG under the basket, points after turnover, reverse lay-up made",1,2,2PT,130,27
130828,29460-15-15,,ARG,VEN,Q1,6:48,6,2,158,VEN,390925,Jose,Lara,7,P2,2pt driving layup made,1,2,2PT,133,57
130828,29460-15-15,,ARG,VEN,Q1,6:28,6,2,14,ARG,408870,Gonzalo,Aman,8,P2,"2PtsFG under the basket, hook shot missed",0,2,2PT,133,27
130828,29460-15-15,,ARG,VEN,Q1,6:21,6,4,158,VEN,378576,Williams,Anillo,18,P2,"2PtsFG under the basket, layup made",1,2,2PT,124,25
130828,29460-15-15,,ARG,VEN,Q1,6:08,6,4,14,ARG,409151,Santiago,Pettinaroli,14,FT,1st of 2 free throws missed,0,1,FT,0,0
130828,29460-15-15,,ARG,VEN,Q1,6:08,6,4,14,ARG,409151,Santiago,Pettinaroli,14,FT,2nd of 2 free throws missed,0,1,FT,0,0
130828,29460-15-15,,ARG,VEN,Q1,6:05,9,4,14,ARG,408871,Manuel,Hernandez,4,P3,3pt jump shot made,1,3,3PT,271,82
130828,29460-15-15,,ARG,VEN,Q1,5:37,11,4,14,ARG,362126,Benjamin,Pettovello,2,P2,2pt floating jump shot made,1,2,2PT,72,83
130828,29460-15-15,,ARG,VEN,Q1,5:24,11,6,158,VEN,356334,Diego,Soto,26,P2,"2PtsFG under the basket, driving layup made",1,2,2PT,159,35
130828,29460-15-15,,ARG,VEN,Q1,5:14,13,6,14,ARG,408871,Manuel,Hernandez,4,P2,"2PtsFG under the basket, layup made",1,2,2PT,158,21
130828,29460-15-15,,ARG,VEN,Q1,5:14,13,6,14,ARG,408871,Manuel,Hernandez,4,FT,1st free throw missed,0,1,FT,0,0
130828,29460-15-15,,ARG,VEN,Q1,4:56,13,6,158,VEN,356334,Diego,Soto,26,P2,2pt floating jump shot missed,0,2,2PT,146,106
130828,29460-15-15,,ARG,VEN,Q1,4:44,13,7,158,VEN,409360,Juan,Perdomo,9,FT,Free throw made 1 of 2,1,1,FT,0,0
130828,29460-15-15,,ARG,VEN,Q1,4:44,13,8,158,VEN,409360,Juan,Perdomo,9,FT,Free throw made 2 of 2,1,1,FT,0,0
130828,29460-15-15,,ARG,VEN,Q1,4:02,13,8,14,ARG,408871,Manuel,Hernandez,4,P3,3pt jump shot missed,0,3,3PT,158,171
130828,29460-15-15,,ARG,VEN,Q1,3:26,13,8,158,VEN,378577,Kevin,Gutierrez,14,P2,2pt turnaround jump shot missed,0,2,2PT,134,61
130828,29460-15-15,,ARG,VEN,Q1,3:19,13,8,14,ARG,409151,Santiago,Pettinaroli,14,P3,3pt jump shot missed,0,3,3PT,77,156
130828,29460-15-15,,ARG,VEN,Q1,2:50,14,8,14,ARG,408857,Joaquin,Caumo,10,FT,Free throw made 1 of 2,1,1,FT,0,0
130828,29460-15-15,,ARG,VEN,Q1,2:50,15,8,14,ARG,408857,Joaquin,Caumo,10,FT,Free throw made 2 of 2,1,1,FT,0,0
130828,29460-15-15,,ARG,VEN,Q1,2:33,15,8,158,VEN,409360,Juan,Perdomo,9,P2,2pt floating jump shot missed,0,2,2PT,83,72
130828,29460-15-15,,ARG,VEN,Q1,2:26,15,8,14,ARG,408872,Bautista,Gobetti,6,FT,1st of 2 free throws missed,0,1,FT,0,0
130828,29460-15-15,,ARG,VEN,Q1,2:26,15,8,14,ARG,408872,Bautista,Gobetti,6,FT,2nd of 2 free throws missed,0,1,FT,0,0
130828,29460-15-15,,ARG,VEN,Q1,2:17,15,8,158,VEN,378579,Deiker,Torres,2,P2,2pt floating jump shot missed,0,2,2PT,175,107
130828,29460-15-15,,ARG,VEN,Q1,2:07,17,8,14,ARG,398746,Roman,Moravansky,11,P2,"2PtsFG under the basket, layup made",1,2,2PT,150,31
130828,29460-15-15,,ARG,VEN,Q1,1:42,17,8,158,VEN,378574,Julio,Vasquez,3,P2,"2PtsFG under the basket, floating jump shot missed",0,2,2PT,124,38
130828,29460-15-15,,ARG,VEN,Q1,1:39,17,8,158,VEN,378574,Julio,Vasquez,3,P2,"2PtsFG under the basket, jump shot missed",0,2,2PT,126,42
130828,29460-15-15,,ARG,VEN,Q1,1:37,17,8,158,VEN,409394,Gabriel,Miquilareno,12,FT,1st of 2 free throws missed,0,1,FT,0,0
130828,29460-15-15,,ARG,VEN,Q1,1:37,17,8,158,VEN,409394,Gabriel,Miquilareno,12,FT,2nd of 2 free throws missed,0,1,FT,0,0
130828,29460-15-15,,ARG,VEN,Q1,1:31,18,8,14,ARG,408860,Mateo,Fessia,12,FT,1st of 2 free throws made,1,1,FT,0,0
130828,29460-15-15,,ARG,VEN,Q1,1:31,18,8,14,ARG,408860,Mateo,Fessia,12,FT,2nd of 2 free throws missed,0,1,FT,0,0
130828,29460-15-15,,ARG,VEN,Q1,1:20,18,8,158,VEN,378579,Deiker,Torres,2,P3,3pt fadeaway jump shot missed,0,3,3PT,37,121
130828,29460-15-15,,ARG,VEN,Q1,1:09,18,8,14,ARG,408860,Mateo,Fessia,12,P2,"2PtsFG inside paint, reverse lay-up missed",0,2,2PT,137,17
130828,29460-15-15,,ARG,VEN,Q1,1:03,18,8,14,ARG,409021,Elias,Torrens,7,P2,2PtsFG under the basket missed,0,2,2PT,140,31
130828,29460-15-15,,ARG,VEN,Q1,0:50,18,8,158,VEN,378574,Julio,Vasquez,3,P2,"2PtsFG under the basket, points after turnover, layup missed",0,2,2PT,121,26
130828,29460-15-15,,ARG,VEN,Q1,0:35,18,8,14,ARG,408857,Joaquin,Caumo,10,P2,"2PtsFG under the basket, layup missed",0,2,2PT,125,43
130828,29460-15-15,,ARG,VEN,Q1,0:22,18,10,158,VEN,409394,Gabriel,Miquilareno,12,P2,"2PtsFG under the basket, layup made",1,2,2PT,151,39
130828,29460-15-15,,ARG,VEN,Q1,0:00,18,10,14,ARG,408860,Mateo,Fessia,12,P3,3pt jump shot missed,0,3,3PT,247,122
130828,29460-15-15,,ARG,VEN,Q2,9:46,18,10,158,VEN,409358,Samuel,Niño,23,P2,"2PtsFG under the basket, layup missed",0,2,2PT,147,29
130828,29460-15-15,,ARG,VEN,Q2,9:43,18,10,158,VEN,378574,Julio,Vasquez,3,P3,3pt jump shot missed,0,3,3PT,43,151
130828,29460-15-15,,ARG,VEN,Q2,9:30,18,10,14,ARG,408857,Joaquin,Caumo,10,P3,3pt jump shot from center missed,0,3,3PT,170,169
130828,29460-15-15,,ARG,VEN,Q2,9:19,18,12,158,VEN,409363,Richard,Segovia,4,P2,2pt floating jump shot made,1,2,2PT,166,78
130828,29460-15-15,,ARG,VEN,Q2,9:05,18,12,14,ARG,355917,Facundo,Cornalis,5,P2,"2PtsFG under the basket, layup missed",0,2,2PT,152,35
130828,29460-15-15,,ARG,VEN,Q2,9:00,18,14,158,VEN,378574,Julio,Vasquez,3,P2,"2PtsFG under the basket, fast break, reverse lay-up made",1,2,2PT,154,35
130828,29460-15-15,,ARG,VEN,Q2,8:48,18,14,158,VEN,378574,Julio,Vasquez,3,P3,3pt floating jump shot missed,0,3,3PT,254,87
130828,29460-15-15,,ARG,VEN,Q2,8:40,18,14,14,ARG,408857,Joaquin,Caumo,10,P2,2pt floating jump shot missed,0,2,2PT,167,109
130828,29460-15-15,,ARG,VEN,Q2,8:29,18,14,158,VEN,409360,Juan,Perdomo,9,P3,3pt jump shot missed,0,3,3PT,17,72
130828,29460-15-15,,ARG,VEN,Q2,8:25,18,16,158,VEN,409363,Richard,Segovia,4,P2,2PtsFG under the basket made,1,2,2PT,140,31
130828,29460-15-15,,ARG,VEN,Q2,8:01,18,16,14,ARG,398746,Roman,Moravansky,11,P2,"2PtsFG under the basket, layup missed",0,2,2PT,138,24
130828,29460-15-15,,ARG,VEN,Q2,7:47,18,16,158,VEN,378574,Julio,Vasquez,3,P2,2pt floating jump shot missed,0,2,2PT,102,132
130828,29460-15-15,,ARG,VEN,Q2,7:28,18,16,14,ARG,362126,Benjamin,Pettovello,2,P2,"2PtsFG under the basket, layup missed",0,2,2PT,152,37
130828,29460-15-15,,ARG,VEN,Q2,7:23,18,16,14,ARG,362126,Benjamin,Pettovello,2,P2,"2PtsFG under the basket, layup missed",0,2,2PT,155,44
130828,29460-15-15,,ARG,VEN,Q2,6:52,18,16,14,ARG,408871,Manuel,Hernandez,4,FT,1st of 2 free throws missed,0,1,FT,0,0
130828,29460-15-15,,ARG,VEN,Q2,6:35,18,16,14,ARG,408871,Manuel,Hernandez,4,FT,2nd of 2 free throws missed,0,1,FT,0,0
130828,29460-15-15,,ARG,VEN,Q2,6:33,18,16,14,ARG,362126,Benjamin,Pettovello,2,P2,"2PtsFG under the basket, layup missed",0,2,2PT,152,35
130828,29460-15-15,,ARG,VEN,Q2,6:01,18,16,158,VEN,390925,Jose,Lara,7,P2,2pt turnaround jump shot missed,0,2,2PT,113,35
130828,29460-15-15,,ARG,VEN,Q2,5:51,18,16,158,VEN,409363,Richard,Segovia,4,P2,"2PtsFG inside center, points from second chance + after turnover, jump shot missed",0,2,2PT,122,135
130828,29460-15-15,,ARG,VEN,Q2,5:45,18,16,158,VEN,390925,Jose,Lara,7,P2,"2PtsFG under the basket, points from second chance + after turnover missed",0,2,2PT,140,31
130828,29460-15-15,,ARG,VEN,Q2,5:39,18,16,14,ARG,408871,Manuel,Hernandez,4,P3,3pt jump shot missed,0,3,3PT,269,85
130828,29460-15-15,,ARG,VEN,Q2,5:34,19,16,14,ARG,409023,Joaquin,Celiz,9,FT,1st of 2 free throws made,1,1,FT,0,0
130828,29460-15-15,,ARG,VEN,Q2,5:34,20,16,14,ARG,409023,Joaquin,Celiz,9,FT,2nd of 2 free throws made,1,1,FT,0,0
130828,29460-15-15,,ARG,VEN,Q2,5:30,20,16,14,ARG,362126,Benjamin,Pettovello,2,FT,Free throw missed 1 of 2,0,1,FT,0,0
130828,29460-15-15,,ARG,VEN,Q2,5:30,21,16,14,ARG,362126,Benjamin,Pettovello,2,FT,Free throw made 2 of 2,1,1,FT,0,0
130828,29460-15-15,,ARG,VEN,Q2,5:23,23,16,14,ARG,362126,Benjamin,Pettovello,2,P2,layup made,1,2,2PT,174,31
130828,29460-15-15,,ARG,VEN,Q2,5:23,24,16,14,ARG,362126,Benjamin,Pettovello,2,FT,1st free throw made,1,1,FT,0,0
130828,29460-15-15,,ARG,VEN,Q2,5:05,24,19,158,VEN,378577,Kevin,Gutierrez,14,P3,3pt floating jump shot made,1,3,3PT,269,68
130828,29460-15-15,,ARG,VEN,Q2,4:54,24,19,14,ARG,409023,Joaquin,Celiz,9,P2,"2PtsFG under the basket, layup missed",0,2,2PT,127,44
130828,29460-15-15,,ARG,VEN,Q2,4:31,24,19,14,ARG,355917,Facundo,Cornalis,5,P3,3pt fadeaway jump shot missed,0,3,3PT,54,138
130828,29460-15-15,,ARG,VEN,Q2,4:11,24,19,158,VEN,378574,Julio,Vasquez,3,P3,3pt jump shot missed,0,3,3PT,261,94
130828,29460-15-15,,ARG,VEN,Q2,4:05,24,20,158,VEN,356334,Diego,Soto,26,FT,Free throw made 1 of 2,1,1,FT,0,0
130828,29460-15-15,,ARG,VEN,Q2,4:05,24,20,158,VEN,356334,Diego,Soto,26,FT,Free throw missed 2 of 2,0,1,FT,0,0
130828,29460-15-15,,ARG,VEN,Q2,3:54,24,20,158,VEN,378574,Julio,Vasquez,3,P2,"2PtsFG under the basket, turnaround jump shot missed",0,2,2PT,159,35
130828,29460-15-15,,ARG,VEN,Q2,3:34,24,20,14,ARG,409151,Santiago,Pettinaroli,14,P3,3pt jump shot missed,0,3,3PT,69,159
130828,29460-15-15,,ARG,VEN,Q2,2:58,26,20,14,ARG,409151,Santiago,Pettinaroli,14,P2,"2PtsFG under the basket, points after turnover, layup made",1,2,2PT,126,23
130828,29460-15-15,,ARG,VEN,Q2,2:40,26,22,158,VEN,390925,Jose,Lara,7,P2,"2PtsFG under the basket, hook shot made",1,2,2PT,149,38
130828,29460-15-15,,ARG,VEN,Q2,2:19,28,22,14,ARG,362126,Benjamin,Pettovello,2,P2,2pt floating jump shot made,1,2,2PT,126,49
130828,29460-15-15,,ARG,VEN,Q2,2:01,29,22,14,ARG,362126,Benjamin,Pettovello,2,FT,Free throw made 1 of 2,1,1,FT,0,0
130828,29460-15-15,,ARG,VEN,Q2,2:01,29,22,14,ARG,362126,Benjamin,Pettovello,2,FT,Free throw missed 2 of 2,0,1,FT,0,0
130828,29460-15-15,,ARG,VEN,Q2,1:43,29,22,14,ARG,409151,Santiago,Pettinaroli,14,P2,"2PtsFG under the basket, points after turnover, layup missed",0,2,2PT,120,27
130828,29460-15-15,,ARG,VEN,Q2,1:27,29,22,158,VEN,378577,Kevin,Gutierrez,14,P3,3pt jump shot missed,0,3,3PT,210,178
130828,29460-15-15,,ARG,VEN,Q2,1:13,31,22,14,ARG,408860,Mateo,Fessia,12,P2,"2PtsFG under the basket, driving layup made",1,2,2PT,154,23
130828,29460-15-15,,ARG,VEN,Q2,0:58,31,22,158,VEN,409360,Juan,Perdomo,9,P3,3pt jump shot missed,0,3,3PT,72,156
130828,29460-15-15,,ARG,VEN,Q2,0:44,31,22,14,ARG,409151,Santiago,Pettinaroli,14,P2,"2PtsFG under the basket, hook shot missed",0,2,2PT,138,46
130828,29460-15-15,,ARG,VEN,Q2,0:34,31,22,158,VEN,409363,Richard,Segovia,4,P2,layup missed,0,2,2PT,119,42
130828,29460-15-15,,ARG,VEN,Q2,0:33,31,24,158,VEN,378577,Kevin,Gutierrez,14,P2,2PtsFG under the basket made,1,2,2PT,140,31
130828,29460-15-15,,ARG,VEN,Q2,0:11,31,24,14,ARG,408857,Joaquin,Caumo,10,P3,3pt jump shot missed,0,3,3PT,229,149
130828,29460-15-15,,ARG,VEN,Q3,9:44,33,24,14,ARG,408871,Manuel,Hernandez,4,P2,2pt floating jump shot made,1,2,2PT,93,100
130828,29460-15-15,,ARG,VEN,Q3,9:18,33,24,158,VEN,378577,Kevin,Gutierrez,14,P2,"2PtsFG under the basket, layup missed",0,2,2PT,152,23
130828,29460-15-15,,ARG,VEN,Q3,9:14,33,24,14,ARG,408870,Gonzalo,Aman,8,P2,layup missed,0,2,2PT,163,35
130828,29460-15-15,,ARG,VEN,Q3,9:14,33,24,14,ARG,408871,Manuel,Hernandez,4,P2,"2PtsFG under the basket, alley oop lay-up missed",0,2,2PT,142,32
130828,29460-15-15,,ARG,VEN,Q3,8:56,33,25,158,VEN,378577,Kevin,Gutierrez,14,FT,1st of 2 free throws made,1,1,FT,0,0
130828,29460-15-15,,ARG,VEN,Q3,8:56,33,25,158,VEN,378577,Kevin,Gutierrez,14,FT,2nd of 2 free throws missed,0,1,FT,0,0
130828,29460-15-15,,ARG,VEN,Q3,8:42,33,25,14,ARG,408870,Gonzalo,Aman,8,P2,"2PtsFG under the basket, reverse lay-up missed",0,2,2PT,156,29
130828,29460-15-15,,ARG,VEN,Q3,8:05,33,27,158,VEN,378576,Williams,Anillo,18,P2,"2PtsFG under the basket, points after turnover, layup made",1,2,2PT,158,40
130828,29460-15-15,,ARG,VEN,Q3,7:40,33,27,14,ARG,409151,Santiago,Pettinaroli,14,P2,"2PtsFG under the basket, layup missed",0,2,2PT,134,32
130828,29460-15-15,,ARG,VEN,Q3,7:32,33,27,158,VEN,409363,Richard,Segovia,4,P3,3pt jump shot missed,0,3,3PT,65,146
130828,29460-15-15,,ARG,VEN,Q3,7:12,36,27,14,ARG,408872,Bautista,Gobetti,6,P3,3pt step back jump shot made,1,3,3PT,20,113
130828,29460-15-15,,ARG,VEN,Q3,6:52,36,27,158,VEN,378577,Kevin,Gutierrez,14,FT,1st of 2 free throws missed,0,1,FT,0,0
130828,29460-15-15,,ARG,VEN,Q3,6:52,36,28,158,VEN,378577,Kevin,Gutierrez,14,FT,2nd of 2 free throws made,1,1,FT,0,0
130828,29460-15-15,,ARG,VEN,Q3,6:30,36,28,158,VEN,378574,Julio,Vasquez,3,P3,3pt jump shot missed,0,3,3PT,255,97
130828,29460-15-15,,ARG,VEN,Q3,6:23,38,28,14,ARG,409151,Santiago,Pettinaroli,14,P2,"2PtsFG under the basket, fast break, driving layup made",1,2,2PT,118,34
130828,29460-15-15,,ARG,VEN,Q3,6:12,38,28,158,VEN,390925,Jose,Lara,7,P3,3pt jump shot missed,0,3,3PT,214,170
130828,29460-15-15,,ARG,VEN,Q3,6:01,40,28,14,ARG,408872,Bautista,Gobetti,6,P2,"2PtsFG under the basket, driving layup made",1,2,2PT,143,34
130828,29460-15-15,,ARG,VEN,Q3,5:45,40,28,158,VEN,409360,Juan,Perdomo,9,P3,3pt fadeaway jump shot missed,0,3,3PT,84,161
130828,29460-15-15,,ARG,VEN,Q3,5:39,40,28,14,ARG,408870,Gonzalo,Aman,8,P2,"2PtsFG under the basket, layup missed",0,2,2PT,144,34
130828,29460-15-15,,ARG,VEN,Q3,5:28,42,28,14,ARG,408872,Bautista,Gobetti,6,P2,"2PtsFG under the basket, points from fastbreak + after turnover, layup made",1,2,2PT,130,43
130828,29460-15-15,,ARG,VEN,Q3,5:14,42,28,14,ARG,408871,Manuel,Hernandez,4,P3,3pt jump shot missed,0,3,3PT,232,148
130828,29460-15-15,,ARG,VEN,Q3,5:02,42,28,158,VEN,409360,Juan,Perdomo,9,P3,3pt jump shot missed,0,3,3PT,253,106
130828,29460-15-15,,ARG,VEN,Q3,4:54,44,28,14,ARG,362126,Benjamin,Pettovello,2,P2,dunk made,1,2,2PT,119,42
130828,29460-15-15,,ARG,VEN,Q3,4:40,44,31,158,VEN,378576,Williams,Anillo,18,P3,3pt jump shot made,1,3,3PT,38,155
130828,29460-15-15,,ARG,VEN,Q3,4:27,44,31,14,ARG,409151,Santiago,Pettinaroli,14,P2,2pt driving layup missed,0,2,2PT,158,45
130828,29460-15-15,,ARG,VEN,Q3,3:46,44,34,158,VEN,378576,Williams,Anillo,18,P3,3pt jump shot made,1,3,3PT,268,102
130828,29460-15-15,,ARG,VEN,Q3,3:41,44,34,14,ARG,362126,Benjamin,Pettovello,2,P2,layup missed,0,2,2PT,148,56
130828,29460-15-15,,ARG,VEN,Q3,3:35,44,34,158,VEN,409360,Juan,Perdomo,9,P2,layup missed,0,2,2PT,165,41
130828,29460-15-15,,ARG,VEN,Q3,3:10,44,34,14,ARG,408872,Bautista,Gobetti,6,P2,layup missed,0,2,2PT,99,19
130828,29460-15-15,,ARG,VEN,Q3,3:01,44,36,158,VEN,409358,Samuel,Niño,23,P2,"2PtsFG under the basket, layup made",1,2,2PT,158,28
130828,29460-15-15,,ARG,VEN,Q3,2:58,46,36,14,ARG,409151,Santiago,Pettinaroli,14,P2,layup made,1,2,2PT,115,38
130828,29460-15-15,,ARG,VEN,Q3,2:25,46,36,14,ARG,408871,Manuel,Hernandez,4,P3,3pt jump shot missed,0,3,3PT,13,77
130828,29460-15-15,,ARG,VEN,Q3,1:59,46,36,158,VEN,378577,Kevin,Gutierrez,14,P3,3pt jump shot missed,0,3,3PT,51,145
130828,29460-15-15,,ARG,VEN,Q3,1:43,46,36,14,ARG,408857,Joaquin,Caumo,10,P3,3pt jump shot missed,0,3,3PT,40,142
130828,29460-15-15,,ARG,VEN,Q3,1:25,46,36,158,VEN,409360,Juan,Perdomo,9,P3,3pt jump shot missed,0,3,3PT,247,110
130828,29460-15-15,,ARG,VEN,Q3,1:17,46,36,14,ARG,398746,Roman,Moravansky,11,P3,3pt jump shot missed,0,3,3PT,8,45
130828,29460-15-15,,ARG,VEN,Q3,1:11,46,36,14,ARG,409023,Joaquin,Celiz,9,P2,"2PtsFG under the basket, layup missed",0,2,2PT,139,33
130828,29460-15-15,,ARG,VEN,Q3,1:06,46,36,14,ARG,362126,Benjamin,Pettovello,2,P2,2pt jump shot missed,0,2,2PT,145,51
130828,29460-15-15,,ARG,VEN,Q3,1:04,46,36,158,VEN,378576,Williams,Anillo,18,P2,layup missed,0,2,2PT,168,37
130828,29460-15-15,,ARG,VEN,Q3,0:49,46,38,158,VEN,409394,Gabriel,Miquilareno,12,P2,"2PtsFG under the basket, layup made",1,2,2PT,133,36
130828,29460-15-15,,ARG,VEN,Q3,0:44,47,38,14,ARG,408857,Joaquin,Caumo,10,FT,1st free throw made,1,1,FT,0,0
130828,29460-15-15,,ARG,VEN,Q3,0:36,47,38,14,ARG,408857,Joaquin,Caumo,10,P3,3pt jump shot from center missed,0,3,3PT,177,170
130828,29460-15-15,,ARG,VEN,Q3,0:23,47,38,158,VEN,378574,Julio,Vasquez,3,P2,"2PtsFG under the basket, layup missed",0,2,2PT,139,27
130828,29460-15-15,,ARG,VEN,Q3,0:09,50,38,14,ARG,398746,Roman,Moravansky,11,P3,3pt fadeaway jump shot made,1,3,3PT,45,172
130828,29460-15-15,,ARG,VEN,Q4,9:53,50,38,158,VEN,378574,Julio,Vasquez,3,P2,"2PtsFG under the basket, layup missed",0,2,2PT,161,33
130828,29460-15-15,,ARG,VEN,Q4,9:30,50,38,14,ARG,409023,Joaquin,Celiz,9,P3,3pt jump shot missed,0,3,3PT,54,159
130828,29460-15-15,,ARG,VEN,Q4,9:23,52,38,14,ARG,409023,Joaquin,Celiz,9,P2,"2PtsFG under the basket, layup made",1,2,2PT,126,30
130828,29460-15-15,,ARG,VEN,Q4,8:57,52,38,158,VEN,409394,Gabriel,Miquilareno,12,FT,1st of 2 free throws missed,0,1,FT,0,0
130828,29460-15-15,,ARG,VEN,Q4,8:57,52,38,158,VEN,409394,Gabriel,Miquilareno,12,FT,2nd of 2 free throws missed,0,1,FT,0,0
130828,29460-15-15,,ARG,VEN,Q4,8:39,53,38,14,ARG,409021,Elias,Torrens,7,FT,1st of 2 free throws made,1,1,FT,0,0
130828,29460-15-15,,ARG,VEN,Q4,8:39,53,38,14,ARG,409021,Elias,Torrens,7,FT,2nd of 2 free throws missed,0,1,FT,0,0
130828,29460-15-15,,ARG,VEN,Q4,8:30,53,38,158,VEN,378579,Deiker,Torres,2,P3,3pt jump shot from center missed,0,3,3PT,163,213
130828,29460-15-15,,ARG,VEN,Q4,8:12,53,38,14,ARG,398746,Roman,Moravansky,11,P3,3pt jump shot missed,0,3,3PT,267,77
130828,29460-15-15,,ARG,VEN,Q4,8:06,53,38,158,VEN,378574,Julio,Vasquez,3,P2,"2PtsFG inside right, jump shot missed",0,2,2PT,247,81
130828,29460-15-15,,ARG,VEN,Q4,8:00,53,38,14,ARG,408872,Bautista,Gobetti,6,P2,"2PtsFG under the basket, layup missed",0,2,2PT,122,43
130828,29460-15-15,,ARG,VEN,Q4,7:54,53,38,158,VEN,409394,Gabriel,Miquilareno,12,FT,1st of 2 free throws missed,0,1,FT,0,0
130828,29460-15-15,,ARG,VEN,Q4,7:54,53,38,158,VEN,409394,Gabriel,Miquilareno,12,FT,2nd of 2 free throws missed,0,1,FT,0,0
130828,29460-15-15,,ARG,VEN,Q4,7:42,53,38,158,VEN,378577,Kevin,Gutierrez,14,P2,"2PtsFG inside left, jump shot missed",0,2,2PT,41,74
130828,29460-15-15,,ARG,VEN,Q4,7:34,54,38,14,ARG,409023,Joaquin,Celiz,9,FT,1st of 2 free throws made,1,1,FT,0,0
130828,29460-15-15,,ARG,VEN,Q4,7:34,55,38,14,ARG,409023,Joaquin,Celiz,9,FT,2nd of 2 free throws made,1,1,FT,0,0
130828,29460-15-15,,ARG,VEN,Q4,7:21,55,40,158,VEN,409363,Richard,Segovia,4,P2,"2PtsFG under the basket, layup made",1,2,2PT,160,32
130828,29460-15-15,,ARG,VEN,Q4,7:21,55,41,158,VEN,409363,Richard,Segovia,4,FT,1st free throw made,1,1,FT,0,0
130828,29460-15-15,,ARG,VEN,Q4,7:02,55,41,14,ARG,408857,Joaquin,Caumo,10,P2,"2PtsFG under the basket, layup missed",0,2,2PT,143,21
130828,29460-15-15,,ARG,VEN,Q4,6:51,55,41,158,VEN,409360,Juan,Perdomo,9,P2,"2PtsFG inside right, jump shot missed",0,2,2PT,234,101
130828,29460-15-15,,ARG,VEN,Q4,6:41,55,41,14,ARG,408857,Joaquin,Caumo,10,P2,"2PtsFG under the basket, layup missed",0,2,2PT,149,28
130828,29460-15-15,,ARG,VEN,Q4,6:30,55,41,158,VEN,409363,Richard,Segovia,4,P3,3pt jump shot missed,0,3,3PT,46,127
130828,29460-15-15,,ARG,VEN,Q4,6:13,58,41,14,ARG,408871,Manuel,Hernandez,4,P3,3pt jump shot made,1,3,3PT,35,130
130828,29460-15-15,,ARG,VEN,Q4,5:47,58,41,158,VEN,390925,Jose,Lara,7,P2,2pt hook shot missed,0,2,2PT,169,30
130828,29460-15-15,,ARG,VEN,Q4,5:24,58,41,14,ARG,408857,Joaquin,Caumo,10,P3,3pt jump shot missed,0,3,3PT,249,117
130828,29460-15-15,,ARG,VEN,Q4,5:11,58,41,158,VEN,409363,Richard,Segovia,4,P3,3pt fadeaway jump shot missed,0,3,3PT,60,141
130828,29460-15-15,,ARG,VEN,Q4,4:58,60,41,14,ARG,409023,Joaquin,Celiz,9,P2,"2PtsFG under the basket, layup made",1,2,2PT,156,43
130828,29460-15-15,,ARG,VEN,Q4,4:23,60,41,14,ARG,409023,Joaquin,Celiz,9,P3,3pt jump shot missed,0,3,3PT,214,135
130828,29460-15-15,,ARG,VEN,Q4,4:19,60,41,14,ARG,409021,Elias,Torrens,7,P2,"2PtsFG under the basket, points from second chance + after turnover, layup missed",0,2,2PT,127,31
130828,29460-15-15,,ARG,VEN,Q4,4:10,60,42,158,VEN,378579,Deiker,Torres,2,FT,1st of 2 free throws made,1,1,FT,0,0
130828,29460-15-15,,ARG,VEN,Q4,4:10,60,42,158,VEN,378579,Deiker,Torres,2,FT,2nd of 2 free throws missed,0,1,FT,0,0
130828,29460-15-15,,ARG,VEN,Q4,3:53,63,42,14,ARG,398746,Roman,Moravansky,11,P3,3pt jump shot made,1,3,3PT,250,113
130828,29460-15-15,,ARG,VEN,Q4,3:13,66,42,14,ARG,398746,Roman,Moravansky,11,P3,3pt jump shot made,1,3,3PT,221,143
130828,29460-15-15,,ARG,VEN,Q4,2:57,66,42,158,VEN,409358,Samuel,Niño,23,P3,3pt jump shot missed,0,3,3PT,243,145
130828,29460-15-15,,ARG,VEN,Q4,2:39,66,42,14,ARG,362126,Benjamin,Pettovello,2,P2,"2PtsFG inside left, jump shot missed",0,2,2PT,80,108
130828,29460-15-15,,ARG,VEN,Q4,2:28,66,42,158,VEN,409358,Samuel,Niño,23,P2,"2PtsFG under the basket, reverse lay-up missed",0,2,2PT,158,36
130828,29460-15-15,,ARG,VEN,Q4,2:11,66,42,14,ARG,408857,Joaquin,Caumo,10,P3,3pt jump shot missed,0,3,3PT,251,91
130828,29460-15-15,,ARG,VEN,Q4,2:04,66,42,158,VEN,356334,Diego,Soto,26,P2,layup missed,0,2,2PT,144,11
130828,29460-15-15,,ARG,VEN,Q4,1:44,66,45,158,VEN,378579,Deiker,Torres,2,P3,3pt jump shot made,1,3,3PT,202,167
130828,29460-15-15,,ARG,VEN,Q4,1:28,66,45,158,VEN,378579,Deiker,Torres,2,P2,"2PtsFG under the basket, points after turnover, layup missed",0,2,2PT,158,32
130828,29460-15-15,,ARG,VEN,Q4,1:01,66,45,158,VEN,356334,Diego,Soto,26,P2,layup missed,0,2,2PT,152,62
130828,29460-15-15,,ARG,VEN,Q4,0:39,66,45,14,ARG,408870,Gonzalo,Aman,8,P3,3pt jump shot missed,0,3,3PT,36,149
130828,29460-15-15,,ARG,VEN,Q4,0:23,66,45,14,ARG,408871,Manuel,Hernandez,4,P2,"2PtsFG under the basket, layup missed",0,2,2PT,115,29
130828,29460-15-15,,ARG,VEN,Q4,0:11,66,45,158,VEN,378579,Deiker,Torres,2,P3,3pt jump shot missed,0,3,3PT,69,147
130829,29460-16-16,,BRA,URU,Q1,9:47,0,2,155,URU,407936,Lautaro,Gomez,10,P2,"2PtsFG under the basket, layup made",1,2,2PT,149,44
130829,29460-16-16,,BRA,URU,Q1,9:34,0,2,27,BRA,330039,Joao,Neves,14,P3,3pt jump shot missed,0,3,3PT,196,167
130829,29460-16-16,,BRA,URU,Q1,9:13,0,2,155,URU,329851,Nicolas,Testa,11,P2,"2PtsFG inside center, jump shot missed",0,2,2PT,191,131
130829,29460-16-16,,BRA,URU,Q1,9:08,0,2,27,BRA,374721,Eduardo,Santos,50,P2,"2PtsFG under the basket, layup missed",0,2,2PT,116,34
130829,29460-16-16,,BRA,URU,Q1,8:46,0,4,155,URU,407936,Lautaro,Gomez,10,P2,layup made,1,2,2PT,139,87
130829,29460-16-16,,BRA,URU,Q1,8:16,0,4,155,URU,407647,Gabriel,Fata,19,P3,3pt jump shot missed,0,3,3PT,206,164
130829,29460-16-16,,BRA,URU,Q1,8:05,0,4,27,BRA,330047,Pedro,Souza,25,P2,"2PtsFG under the basket, layup missed",0,2,2PT,128,29
130829,29460-16-16,,BRA,URU,Q1,7:55,0,4,27,BRA,330039,Joao,Neves,14,P3,3pt jump shot missed,0,3,3PT,14,65
130829,29460-16-16,,BRA,URU,Q1,7:39,2,4,27,BRA,374721,Eduardo,Santos,50,P2,"2PtsFG under the basket, points from fastbreak + after turnover, dunk made",1,2,2PT,127,36
130829,29460-16-16,,BRA,URU,Q1,7:17,4,4,27,BRA,330047,Pedro,Souza,25,P2,"2PtsFG under the basket, points from fastbreak + after turnover, layup made",1,2,2PT,136,30
130829,29460-16-16,,BRA,URU,Q1,6:53,4,6,155,URU,407936,Lautaro,Gomez,10,P2,2pt hook shot made,1,2,2PT,172,42
130829,29460-16-16,,BRA,URU,Q1,6:38,4,6,27,BRA,330039,Joao,Neves,14,P2,"2PtsFG under the basket, layup missed",0,2,2PT,152,46
130829,29460-16-16,,BRA,URU,Q1,6:13,4,6,155,URU,407501,Facundo,Izuibejeres,5,P3,3pt jump shot missed,0,3,3PT,70,175
130829,29460-16-16,,BRA,URU,Q1,6:04,4,8,155,URU,329851,Nicolas,Testa,11,P2,"2PtsFG under the basket, points from fastbreak + after turnover, dunk made",1,2,2PT,153,28
130829,29460-16-16,,BRA,URU,Q1,5:56,4,8,27,BRA,330047,Pedro,Souza,25,FT,1st of 2 free throws missed,0,1,FT,0,0
130829,29460-16-16,,BRA,URU,Q1,5:56,5,8,27,BRA,330047,Pedro,Souza,25,FT,2nd of 2 free throws made,1,1,FT,0,0
130829,29460-16-16,,BRA,URU,Q1,5:36,5,10,155,URU,407501,Facundo,Izuibejeres,5,P2,2pt floating jump shot made,1,2,2PT,197,70
130829,29460-16-16,,BRA,URU,Q1,5:05,5,12,155,URU,407936,Lautaro,Gomez,10,P2,"2PtsFG under the basket, points after turnover, reverse lay-up made",1,2,2PT,157,25
130829,29460-16-16,,BRA,URU,Q1,4:51,8,12,27,BRA,330039,Joao,Neves,14,P3,3pt jump shot made,1,3,3PT,46,123
130829,29460-16-16,,BRA,URU,Q1,4:26,8,12,155,URU,407936,Lautaro,Gomez,10,P2,layup missed,0,2,2PT,139,60
130829,29460-16-16,,BRA,URU,Q1,4:20,11,12,27,BRA,405101,Pietro,Melo,10,P3,3pt jump shot made,1,3,3PT,143,176
130829,29460-16-16,,BRA,URU,Q1,3:55,11,12,27,BRA,405101,Pietro,Melo,10,P3,3pt jump shot missed,0,3,3PT,134,188
130829,29460-16-16,,BRA,URU,Q1,3:46,11,12,155,URU,407647,Gabriel,Fata,19,P2,"2PtsFG under the basket, layup missed",0,2,2PT,119,41
130829,29460-16-16,,BRA,URU,Q1,3:33,11,15,155,URU,329851,Nicolas,Testa,11,P3,3pt jump shot made,1,3,3PT,222,143
130829,29460-16-16,,BRA,URU,Q1,3:17,14,15,27,BRA,330047,Pedro,Souza,25,P3,3pt jump shot made,1,3,3PT,9,45
130829,29460-16-16,,BRA,URU,Q1,2:42,16,15,27,BRA,330047,Pedro,Souza,25,P2,"2PtsFG under the basket, points after turnover, layup made",1,2,2PT,157,27
130829,29460-16-16,,BRA,URU,Q1,2:30,16,15,155,URU,407401,Lucas,Orozco,22,FT,1st of 2 free throws missed,0,1,FT,0,0
130829,29460-16-16,,BRA,URU,Q1,2:30,16,16,155,URU,407401,Lucas,Orozco,22,FT,2nd of 2 free throws made,1,1,FT,0,0
130829,29460-16-16,,BRA,URU,Q1,2:00,16,18,155,URU,375744,Manuel,Pastrana,4,P2,layup made,1,2,2PT,168,29
130829,29460-16-16,,BRA,URU,Q1,1:49,16,18,27,BRA,330047,Pedro,Souza,25,P3,3pt jump shot from center missed,0,3,3PT,139,198
130829,29460-16-16,,BRA,URU,Q1,1:42,18,18,27,BRA,331414,Isaiah,Santos,45,P2,2PtsFG under the basket made,1,2,2PT,140,31
130829,29460-16-16,,BRA,URU,Q1,1:15,18,18,155,URU,375744,Manuel,Pastrana,4,P3,3pt step back jump shot missed,0,3,3PT,178,159
130829,29460-16-16,,BRA,URU,Q1,0:59,21,18,27,BRA,331414,Isaiah,Santos,45,P3,3pt jump shot made,1,3,3PT,256,96
130829,29460-16-16,,BRA,URU,Q1,0:36,21,18,27,BRA,405082,Caio,Mathias,2,P3,3pt jump shot missed,0,3,3PT,28,105
130829,29460-16-16,,BRA,URU,Q1,0:32,22,18,27,BRA,331414,Isaiah,Santos,45,FT,1st of 2 free throws made,1,1,FT,0,0
130829,29460-16-16,,BRA,URU,Q1,0:32,23,18,27,BRA,331414,Isaiah,Santos,45,FT,2nd of 2 free throws made,1,1,FT,0,0
130829,29460-16-16,,BRA,URU,Q1,0:03,23,18,155,URU,407501,Facundo,Izuibejeres,5,P2,"2PtsFG under the basket, layup missed",0,2,2PT,136,49
130829,29460-16-16,,BRA,URU,Q1,0:01,23,18,27,BRA,405082,Caio,Mathias,2,P3,"3PtsFG back court, jump shot missed",0,3,3PT,137,201
130829,29460-16-16,,BRA,URU,Q2,9:49,23,18,27,BRA,405082,Caio,Mathias,2,P3,3pt jump shot missed,0,3,3PT,250,110
130829,29460-16-16,,BRA,URU,Q2,9:31,23,21,155,URU,329851,Nicolas,Testa,11,P3,3pt jump shot made,1,3,3PT,255,90
130829,29460-16-16,,BRA,URU,Q2,9:19,23,21,27,BRA,405108,Matheus,Nascimento,3,P3,3pt jump shot missed,0,3,3PT,233,132
130829,29460-16-16,,BRA,URU,Q2,9:09,23,21,27,BRA,405108,Matheus,Nascimento,3,P2,"2PtsFG under the basket, reverse lay-up missed",0,2,2PT,152,33
130829,29460-16-16,,BRA,URU,Q2,9:05,25,21,27,BRA,408792,Pedro,Alves,6,P2,"2PtsFG under the basket, layup made",1,2,2PT,129,30
130829,29460-16-16,,BRA,URU,Q2,8:45,25,21,155,URU,407501,Facundo,Izuibejeres,5,P2,2pt hook shot missed,0,2,2PT,135,60
130829,29460-16-16,,BRA,URU,Q2,8:40,25,21,27,BRA,331414,Isaiah,Santos,45,P2,"2PtsFG under the basket, layup missed",0,2,2PT,123,33
130829,29460-16-16,,BRA,URU,Q2,8:35,27,21,27,BRA,405108,Matheus,Nascimento,3,P2,2PtsFG under the basket made,1,2,2PT,140,31
130829,29460-16-16,,BRA,URU,Q2,8:15,27,21,155,URU,329851,Nicolas,Testa,11,P3,3pt jump shot missed,0,3,3PT,57,148
130829,29460-16-16,,BRA,URU,Q2,7:53,27,21,27,BRA,405100,João,Bandiera,11,P2,layup missed,0,2,2PT,130,56
130829,29460-16-16,,BRA,URU,Q2,7:50,27,21,27,BRA,405082,Caio,Mathias,2,P3,3pt jump shot missed,0,3,3PT,152,169
130829,29460-16-16,,BRA,URU,Q2,7:43,27,21,27,BRA,331414,Isaiah,Santos,45,P3,3pt jump shot missed,0,3,3PT,44,121
130829,29460-16-16,,BRA,URU,Q2,7:38,29,21,27,BRA,331414,Isaiah,Santos,45,P2,2PtsFG under the basket made,1,2,2PT,140,31
130829,29460-16-16,,BRA,URU,Q2,7:18,29,21,155,URU,408047,Thiago,Michaelsson,21,P2,2pt turnaround jump shot missed,0,2,2PT,172,38
130829,29460-16-16,,BRA,URU,Q2,6:30,32,21,27,BRA,405108,Matheus,Nascimento,3,P3,3pt jump shot made,1,3,3PT,64,137
130829,29460-16-16,,BRA,URU,Q2,6:10,32,21,155,URU,407936,Lautaro,Gomez,10,P2,"2PtsFG under the basket, layup missed",0,2,2PT,144,42
130829,29460-16-16,,BRA,URU,Q2,6:01,35,21,27,BRA,405108,Matheus,Nascimento,3,P3,3pt jump shot made,1,3,3PT,223,135
130829,29460-16-16,,BRA,URU,Q2,5:41,35,24,155,URU,407936,Lautaro,Gomez,10,P3,3pt jump shot from center made,1,3,3PT,139,165
130829,29460-16-16,,BRA,URU,Q2,5:19,35,24,155,URU,407501,Facundo,Izuibejeres,5,P3,3pt jump shot missed,0,3,3PT,85,158
130829,29460-16-16,,BRA,URU,Q2,5:12,35,24,27,BRA,331414,Isaiah,Santos,45,P2,"2PtsFG under the basket, alley oop lay-up missed",0,2,2PT,133,27
130829,29460-16-16,,BRA,URU,Q2,5:04,35,24,155,URU,407501,Facundo,Izuibejeres,5,P3,3pt jump shot missed,0,3,3PT,32,124
130829,29460-16-16,,BRA,URU,Q2,4:54,35,24,27,BRA,405082,Caio,Mathias,2,P3,3pt jump shot missed,0,3,3PT,218,162
130829,29460-16-16,,BRA,URU,Q2,4:50,38,24,27,BRA,405108,Matheus,Nascimento,3,P3,3pt jump shot made,1,3,3PT,271,30
130829,29460-16-16,,BRA,URU,Q2,4:33,38,24,27,BRA,331414,Isaiah,Santos,45,P2,"2PtsFG under the basket, points after turnover, layup missed",0,2,2PT,123,31
130829,29460-16-16,,BRA,URU,Q2,4:31,39,24,27,BRA,331414,Isaiah,Santos,45,FT,1st of 2 free throws made,1,1,FT,0,0
130829,29460-16-16,,BRA,URU,Q2,4:31,40,24,27,BRA,331414,Isaiah,Santos,45,FT,2nd of 2 free throws made,1,1,FT,0,0
130829,29460-16-16,,BRA,URU,Q2,3:50,40,24,27,BRA,405101,Pietro,Melo,10,P2,"2PtsFG under the basket, points after turnover, layup missed",0,2,2PT,139,40
130829,29460-16-16,,BRA,URU,Q2,3:26,40,24,27,BRA,330039,Joao,Neves,14,P3,3pt step back jump shot missed,0,3,3PT,230,137
130829,29460-16-16,,BRA,URU,Q2,3:18,40,24,155,URU,329851,Nicolas,Testa,11,P2,2pt turnaround jump shot missed,0,2,2PT,193,47
130829,29460-16-16,,BRA,URU,Q2,3:12,40,26,155,URU,329851,Nicolas,Testa,11,P2,"2PtsFG under the basket, points after turnover, layup made",1,2,2PT,128,43
130829,29460-16-16,,BRA,URU,Q2,2:54,41,26,27,BRA,330047,Pedro,Souza,25,FT,1st of 2 free throws made,1,1,FT,0,0
130829,29460-16-16,,BRA,URU,Q2,2:54,42,26,27,BRA,330047,Pedro,Souza,25,FT,2nd of 2 free throws made,1,1,FT,0,0
130829,29460-16-16,,BRA,URU,Q2,2:30,42,26,155,URU,375744,Manuel,Pastrana,4,P3,3pt jump shot from center missed,0,3,3PT,183,161
130829,29460-16-16,,BRA,URU,Q2,2:24,44,26,27,BRA,405101,Pietro,Melo,10,P2,"2PtsFG under the basket, fast break, layup made",1,2,2PT,133,30
130829,29460-16-16,,BRA,URU,Q2,2:06,44,26,155,URU,407647,Gabriel,Fata,19,P3,3pt jump shot missed,0,3,3PT,10,56
130829,29460-16-16,,BRA,URU,Q2,1:59,44,26,27,BRA,405101,Pietro,Melo,10,P3,3pt jump shot missed,0,3,3PT,25,92
130829,29460-16-16,,BRA,URU,Q2,1:50,44,26,155,URU,324131,Federico,Cruz,8,P2,layup missed,0,2,2PT,115,45
130829,29460-16-16,,BRA,URU,Q2,1:43,46,26,27,BRA,374721,Eduardo,Santos,50,P2,"2PtsFG under the basket, fast break, layup made",1,2,2PT,157,35
130829,29460-16-16,,BRA,URU,Q2,1:23,46,26,155,URU,375722,Valentino,Ramírez,13,P2,layup missed,0,2,2PT,105,61
130829,29460-16-16,,BRA,URU,Q2,1:14,46,26,27,BRA,374721,Eduardo,Santos,50,P3,3pt jump shot missed,0,3,3PT,10,34
130829,29460-16-16,,BRA,URU,Q2,1:01,46,26,155,URU,408046,Tomas,Abal,0,P3,3pt jump shot missed,0,3,3PT,247,106
130829,29460-16-16,,BRA,URU,Q2,0:14,46,26,27,BRA,361295,Joao Gabriel,Fernandes,8,P3,3pt jump shot missed,0,3,3PT,269,36
130829,29460-16-16,,BRA,URU,Q2,0:09,48,26,27,BRA,408792,Pedro,Alves,6,P2,"2PtsFG under the basket, points from second chance + after turnover made",1,2,2PT,140,31
130829,29460-16-16,,BRA,URU,Q3,9:47,48,28,155,URU,407936,Lautaro,Gomez,10,P2,"2PtsFG under the basket, layup made",1,2,2PT,126,30
130829,29460-16-16,,BRA,URU,Q3,9:27,51,28,27,BRA,405101,Pietro,Melo,10,P3,3pt jump shot made,1,3,3PT,11,40
130829,29460-16-16,,BRA,URU,Q3,9:05,51,30,155,URU,407501,Facundo,Izuibejeres,5,P2,"2PtsFG under the basket, layup made",1,2,2PT,152,33
130829,29460-16-16,,BRA,URU,Q3,9:05,51,31,155,URU,407501,Facundo,Izuibejeres,5,FT,1st free throw made,1,1,FT,0,0
130829,29460-16-16,,BRA,URU,Q3,8:54,54,31,27,BRA,405101,Pietro,Melo,10,P3,3pt jump shot made,1,3,3PT,25,158
130829,29460-16-16,,BRA,URU,Q3,8:33,54,31,155,URU,407936,Lautaro,Gomez,10,P3,3pt jump shot missed,0,3,3PT,219,144
130829,29460-16-16,,BRA,URU,Q3,8:23,54,31,27,BRA,405101,Pietro,Melo,10,P3,3pt jump shot missed,0,3,3PT,10,38
130829,29460-16-16,,BRA,URU,Q3,8:10,54,31,155,URU,407647,Gabriel,Fata,19,P3,3pt jump shot missed,0,3,3PT,217,149
130829,29460-16-16,,BRA,URU,Q3,7:23,54,31,27,BRA,330047,Pedro,Souza,25,P3,3pt jump shot missed,0,3,3PT,118,163
130829,29460-16-16,,BRA,URU,Q3,7:18,56,31,27,BRA,408792,Pedro,Alves,6,P2,"2PtsFG under the basket, points from second chance + after turnover, layup made",1,2,2PT,127,29
130829,29460-16-16,,BRA,URU,Q3,7:04,56,31,155,URU,329851,Nicolas,Testa,11,P3,3pt jump shot missed,0,3,3PT,234,154
130829,29460-16-16,,BRA,URU,Q3,6:51,56,31,27,BRA,330039,Joao,Neves,14,P3,3pt jump shot missed,0,3,3PT,43,145
130829,29460-16-16,,BRA,URU,Q3,6:43,56,31,155,URU,407936,Lautaro,Gomez,10,P2,"2PtsFG under the basket, layup missed",0,2,2PT,150,38
130829,29460-16-16,,BRA,URU,Q3,6:38,58,31,27,BRA,330047,Pedro,Souza,25,P2,"2PtsFG under the basket, fast break, dunk made",1,2,2PT,139,38
130829,29460-16-16,,BRA,URU,Q3,6:30,58,32,155,URU,407501,Facundo,Izuibejeres,5,FT,1st of 2 free throws made,1,1,FT,0,0
130829,29460-16-16,,BRA,URU,Q3,6:30,58,33,155,URU,407501,Facundo,Izuibejeres,5,FT,2nd of 2 free throws made,1,1,FT,0,0
130829,29460-16-16,,BRA,URU,Q3,6:30,58,34,155,URU,329851,Nicolas,Testa,11,FT,1st free throw made,1,1,FT,0,0
130829,29460-16-16,,BRA,URU,Q3,6:30,58,34,155,URU,329851,Nicolas,Testa,11,FT,1st free throw missed,0,1,FT,0,0
130829,29460-16-16,,BRA,URU,Q3,6:27,58,34,155,URU,407501,Facundo,Izuibejeres,5,P3,3pt jump shot from center missed,0,3,3PT,160,162
130829,29460-16-16,,BRA,URU,Q3,6:21,59,34,27,BRA,405101,Pietro,Melo,10,FT,1st of 2 free throws made,1,1,FT,0,0
130829,29460-16-16,,BRA,URU,Q3,6:21,60,34,27,BRA,405101,Pietro,Melo,10,FT,2nd of 2 free throws made,1,1,FT,0,0
130829,29460-16-16,,BRA,URU,Q3,5:22,60,34,27,BRA,408792,Pedro,Alves,6,FT,1st of 2 free throws missed,0,1,FT,0,0
130829,29460-16-16,,BRA,URU,Q3,5:22,60,34,27,BRA,408792,Pedro,Alves,6,FT,2nd of 2 free throws missed,0,1,FT,0,0
130829,29460-16-16,,BRA,URU,Q3,5:07,60,34,155,URU,407936,Lautaro,Gomez,10,FT,1st of 2 free throws missed,0,1,FT,0,0
130829,29460-16-16,,BRA,URU,Q3,5:07,60,35,155,URU,407936,Lautaro,Gomez,10,FT,2nd of 2 free throws made,1,1,FT,0,0
130829,29460-16-16,,BRA,URU,Q3,4:51,60,35,27,BRA,405082,Caio,Mathias,2,P2,layup missed,0,2,2PT,154,72
130829,29460-16-16,,BRA,URU,Q3,4:40,60,35,155,URU,375744,Manuel,Pastrana,4,P2,layup missed,0,2,2PT,137,69
130829,29460-16-16,,BRA,URU,Q3,4:33,61,35,27,BRA,406939,Cristian,Ferreira,33,FT,1st of 2 free throws made,1,1,FT,0,0
130829,29460-16-16,,BRA,URU,Q3,4:33,61,35,27,BRA,406939,Cristian,Ferreira,33,FT,2nd of 2 free throws missed,0,1,FT,0,0
130829,29460-16-16,,BRA,URU,Q3,4:31,63,35,27,BRA,374721,Eduardo,Santos,50,P2,"2PtsFG under the basket, hook shot made",1,2,2PT,153,29
130829,29460-16-16,,BRA,URU,Q3,4:31,64,35,27,BRA,374721,Eduardo,Santos,50,FT,free throw made,1,1,FT,0,0
130829,29460-16-16,,BRA,URU,Q3,4:06,66,35,27,BRA,406939,Cristian,Ferreira,33,P2,"2PtsFG under the basket, points after turnover, dunk made",1,2,2PT,153,31
130829,29460-16-16,,BRA,URU,Q3,3:13,66,38,155,URU,375744,Manuel,Pastrana,4,P3,3pt jump shot made,1,3,3PT,248,114
130829,29460-16-16,,BRA,URU,Q3,3:01,66,38,27,BRA,330047,Pedro,Souza,25,P2,2pt hook shot missed,0,2,2PT,172,29
130829,29460-16-16,,BRA,URU,Q3,2:47,66,39,155,URU,408047,Thiago,Michaelsson,21,FT,1st of 2 free throws made,1,1,FT,0,0
130829,29460-16-16,,BRA,URU,Q3,2:47,66,40,155,URU,408047,Thiago,Michaelsson,21,FT,2nd of 2 free throws made,1,1,FT,0,0
130829,29460-16-16,,BRA,URU,Q3,2:33,66,40,27,BRA,331414,Isaiah,Santos,45,P3,3pt jump shot missed,0,3,3PT,268,51
130829,29460-16-16,,BRA,URU,Q3,2:30,67,40,27,BRA,374721,Eduardo,Santos,50,FT,1st of 2 free throws made,1,1,FT,0,0
130829,29460-16-16,,BRA,URU,Q3,2:30,67,40,27,BRA,374721,Eduardo,Santos,50,FT,2nd of 2 free throws missed,0,1,FT,0,0
130829,29460-16-16,,BRA,URU,Q3,2:06,67,40,155,URU,324131,Federico,Cruz,8,P3,3pt jump shot missed,0,3,3PT,269,44
130829,29460-16-16,,BRA,URU,Q3,1:54,70,40,27,BRA,405108,Matheus,Nascimento,3,P3,3pt jump shot made,1,3,3PT,260,81
130829,29460-16-16,,BRA,URU,Q3,1:16,72,40,27,BRA,405103,João Marcelo,De Rinalde,99,P2,"2PtsFG under the basket, points after turnover, layup made",1,2,2PT,159,33
130829,29460-16-16,,BRA,URU,Q3,0:58,72,40,155,URU,407935,Gabriel,Venet,15,P3,3pt jump shot missed,0,3,3PT,231,134
130829,29460-16-16,,BRA,URU,Q3,0:54,72,40,155,URU,407638,Juan,Guzzetti,29,FT,1st of 2 free throws missed,0,1,FT,0,0
130829,29460-16-16,,BRA,URU,Q3,0:54,72,40,155,URU,407638,Juan,Guzzetti,29,FT,2nd of 2 free throws missed,0,1,FT,0,0
130829,29460-16-16,,BRA,URU,Q3,0:41,72,40,27,BRA,331414,Isaiah,Santos,45,FT,1st of 2 free throws missed,0,1,FT,0,0
130829,29460-16-16,,BRA,URU,Q3,0:41,73,40,27,BRA,331414,Isaiah,Santos,45,FT,2nd of 2 free throws made,1,1,FT,0,0
130829,29460-16-16,,BRA,URU,Q3,0:16,76,40,27,BRA,405108,Matheus,Nascimento,3,P3,3pt jump shot made,1,3,3PT,49,161
130829,29460-16-16,,BRA,URU,Q4,9:47,76,40,27,BRA,405108,Matheus,Nascimento,3,FT,1st of 2 free throws missed,0,1,FT,0,0
130829,29460-16-16,,BRA,URU,Q4,9:47,77,40,27,BRA,405108,Matheus,Nascimento,3,FT,2nd of 2 free throws made,1,1,FT,0,0
130829,29460-16-16,,BRA,URU,Q4,9:29,77,42,155,URU,324131,Federico,Cruz,8,P2,2pt floating jump shot made,1,2,2PT,174,78
130829,29460-16-16,,BRA,URU,Q4,9:13,79,42,27,BRA,405103,João Marcelo,De Rinalde,99,P2,"2PtsFG under the basket, turnaround jump shot made",1,2,2PT,153,29
130829,29460-16-16,,BRA,URU,Q4,8:55,79,42,155,URU,408047,Thiago,Michaelsson,21,P2,layup missed,0,2,2PT,179,75
130829,29460-16-16,,BRA,URU,Q4,8:45,80,42,27,BRA,374721,Eduardo,Santos,50,FT,1st of 2 free throws made,1,1,FT,0,0
130829,29460-16-16,,BRA,URU,Q4,8:45,81,42,27,BRA,374721,Eduardo,Santos,50,FT,2nd of 2 free throws made,1,1,FT,0,0
130829,29460-16-16,,BRA,URU,Q4,8:34,81,42,155,URU,375722,Valentino,Ramírez,13,P2,layup missed,0,2,2PT,100,36
130829,29460-16-16,,BRA,URU,Q4,8:23,81,42,27,BRA,405100,João,Bandiera,11,P3,3pt jump shot missed,0,3,3PT,80,159
130829,29460-16-16,,BRA,URU,Q4,8:17,81,42,27,BRA,374721,Eduardo,Santos,50,P3,3pt jump shot missed,0,3,3PT,165,162
130829,29460-16-16,,BRA,URU,Q4,8:06,81,42,27,BRA,405103,João Marcelo,De Rinalde,99,P2,"2PtsFG under the basket, layup missed",0,2,2PT,146,33
130829,29460-16-16,,BRA,URU,Q4,7:42,81,42,155,URU,407935,Gabriel,Venet,15,P3,3pt jump shot missed,0,3,3PT,266,60
130829,29460-16-16,,BRA,URU,Q4,7:30,81,43,155,URU,408046,Tomas,Abal,0,FT,Free throw made 1 of 2,1,1,FT,0,0
130829,29460-16-16,,BRA,URU,Q4,7:30,81,44,155,URU,408046,Tomas,Abal,0,FT,Free throw made 2 of 2,1,1,FT,0,0
130829,29460-16-16,,BRA,URU,Q4,7:17,82,44,27,BRA,405100,João,Bandiera,11,FT,1st of 2 free throws made,1,1,FT,0,0
130829,29460-16-16,,BRA,URU,Q4,7:17,83,44,27,BRA,405100,João,Bandiera,11,FT,2nd of 2 free throws made,1,1,FT,0,0
130829,29460-16-16,,BRA,URU,Q4,7:08,83,44,27,BRA,405100,João,Bandiera,11,P2,"2PtsFG inside left, jump shot missed",0,2,2PT,91,107
130829,29460-16-16,,BRA,URU,Q4,7:00,85,44,27,BRA,405103,João Marcelo,De Rinalde,99,P2,"2PtsFG under the basket, turnaround jump shot made",1,2,2PT,127,30
130829,29460-16-16,,BRA,URU,Q4,6:32,85,47,155,URU,408047,Thiago,Michaelsson,21,P3,"3PtsFG outside left, points from fastbreak + after turnover, jump shot made",1,3,3PT,50,130
130829,29460-16-16,,BRA,URU,Q4,5:49,86,47,27,BRA,374721,Eduardo,Santos,50,FT,1st of 2 free throws made,1,1,FT,0,0
130829,29460-16-16,,BRA,URU,Q4,5:49,87,47,27,BRA,374721,Eduardo,Santos,50,FT,2nd of 2 free throws made,1,1,FT,0,0
130829,29460-16-16,,BRA,URU,Q4,5:33,87,47,155,URU,408046,Tomas,Abal,0,P3,3pt jump shot missed,0,3,3PT,13,35
130829,29460-16-16,,BRA,URU,Q4,5:18,87,47,27,BRA,405100,João,Bandiera,11,P2,"2PtsFG under the basket, layup missed",0,2,2PT,116,29
130829,29460-16-16,,BRA,URU,Q4,4:59,87,49,155,URU,375722,Valentino,Ramírez,13,P2,2pt jump shot made,1,2,2PT,164,31
130829,29460-16-16,,BRA,URU,Q4,4:46,87,49,27,BRA,405082,Caio,Mathias,2,P3,3pt jump shot missed,0,3,3PT,13,48
130829,29460-16-16,,BRA,URU,Q4,4:27,87,51,155,URU,408046,Tomas,Abal,0,P2,"2PtsFG under the basket, layup made",1,2,2PT,156,35
130829,29460-16-16,,BRA,URU,Q4,4:09,90,51,27,BRA,361295,Joao Gabriel,Fernandes,8,P3,3pt jump shot made,1,3,3PT,254,95
130829,29460-16-16,,BRA,URU,Q4,3:56,90,52,155,URU,407401,Lucas,Orozco,22,FT,1st of 2 free throws made,1,1,FT,0,0
130829,29460-16-16,,BRA,URU,Q4,3:56,90,52,155,URU,407401,Lucas,Orozco,22,FT,2nd of 2 free throws missed,0,1,FT,0,0
130829,29460-16-16,,BRA,URU,Q4,3:40,90,52,155,URU,408047,Thiago,Michaelsson,21,P2,"2PtsFG under the basket, jump shot missed",0,2,2PT,117,31
130829,29460-16-16,,BRA,URU,Q4,3:36,92,52,27,BRA,406939,Cristian,Ferreira,33,P2,"2PtsFG under the basket, fast break, alley oop lay-up made",1,2,2PT,159,40
130829,29460-16-16,,BRA,URU,Q4,3:21,92,52,27,BRA,405100,João,Bandiera,11,P3,3pt jump shot missed,0,3,3PT,26,117
130829,29460-16-16,,BRA,URU,Q4,3:09,92,52,27,BRA,405108,Matheus,Nascimento,3,P3,3pt jump shot missed,0,3,3PT,137,169
130829,29460-16-16,,BRA,URU,Q4,2:52,92,52,155,URU,375722,Valentino,Ramírez,13,P3,3pt jump shot missed,0,3,3PT,269,37
130829,29460-16-16,,BRA,URU,Q4,2:42,95,52,27,BRA,405108,Matheus,Nascimento,3,P3,3pt jump shot made,1,3,3PT,266,53
130829,29460-16-16,,BRA,URU,Q4,2:27,97,52,27,BRA,405108,Matheus,Nascimento,3,P2,"2PtsFG under the basket, points from fastbreak + after turnover, dunk made",1,2,2PT,152,37
130829,29460-16-16,,BRA,URU,Q4,2:05,97,52,27,BRA,361295,Joao Gabriel,Fernandes,8,P3,3pt step back jump shot missed,0,3,3PT,21,86
130829,29460-16-16,,BRA,URU,Q4,1:54,97,52,27,BRA,405100,João,Bandiera,11,P3,3pt step back jump shot missed,0,3,3PT,183,155
130829,29460-16-16,,BRA,URU,Q4,1:48,99,52,27,BRA,405082,Caio,Mathias,2,P2,"2PtsFG under the basket, points from second chance + after turnover made",1,2,2PT,140,31
130829,29460-16-16,,BRA,URU,Q4,1:37,99,52,155,URU,408046,Tomas,Abal,0,P3,3pt jump shot missed,0,3,3PT,272,22
130829,29460-16-16,,BRA,URU,Q4,1:05,99,52,27,BRA,406939,Cristian,Ferreira,33,FT,Free throw missed 1 of 2,0,1,FT,0,0
130829,29460-16-16,,BRA,URU,Q4,1:05,100,52,27,BRA,406939,Cristian,Ferreira,33,FT,Free throw made 2 of 2,1,1,FT,0,0
130829,29460-16-16,,BRA,URU,Q4,0:57,101,52,27,BRA,405108,Matheus,Nascimento,3,FT,1st of 2 free throws made,1,1,FT,0,0
130829,29460-16-16,,BRA,URU,Q4,0:57,101,52,27,BRA,405108,Matheus,Nascimento,3,FT,2nd of 2 free throws missed,0,1,FT,0,0
130829,29460-16-16,,BRA,URU,Q4,0:49,101,52,155,URU,407401,Lucas,Orozco,22,P3,3pt jump shot missed,0,3,3PT,88,154
130829,29460-16-16,,BRA,URU,Q4,0:41,101,52,27,BRA,405108,Matheus,Nascimento,3,P3,3pt jump shot missed,0,3,3PT,235,130
130829,29460-16-16,,BRA,URU,Q4,0:37,103,52,27,BRA,406939,Cristian,Ferreira,33,P2,2PtsFG under the basket made,1,2,2PT,140,31
130829,29460-16-16,,BRA,URU,Q4,0:32,105,52,27,BRA,405108,Matheus,Nascimento,3,P2,"2PtsFG inside paint, points from fastbreak + after turnover, layup made",1,2,2PT,168,24
130829,29460-16-16,,BRA,URU,Q4,0:29,106,52,27,BRA,405100,João,Bandiera,11,FT,Free throw made 1 of 2,1,1,FT,0,0
130829,29460-16-16,,BRA,URU,Q4,0:29,106,52,27,BRA,405100,João,Bandiera,11,FT,Free throw missed 2 of 2,0,1,FT,0,0
130829,29460-16-16,,BRA,URU,Q4,0:22,106,52,155,URU,407935,Gabriel,Venet,15,P3,3pt jump shot missed,0,3,3PT,12,52
130830,29458-17-17,,COL,ECU,Q1,9:56,0,0,52,ECU,379509,Lheyder,Vargas,48,P2,layup missed,0,2,2PT,107,32
130830,29458-17-17,,COL,ECU,Q1,9:51,0,2,52,ECU,379509,Lheyder,Vargas,48,P2,"2PtsFG under the basket, hook shot made",1,2,2PT,115,29
130830,29458-17-17,,COL,ECU,Q1,9:37,0,2,40,COL,409483,Julian,Betancurt,59,P2,"2PtsFG under the basket, layup missed",0,2,2PT,142,29
130830,29458-17-17,,COL,ECU,Q1,9:16,0,2,40,COL,409482,Alejandro,Sanchez,4,P2,2pt fadeaway jump shot missed,0,2,2PT,202,39
130830,29458-17-17,,COL,ECU,Q1,9:06,0,4,52,ECU,409169,Felipe,Noboa,14,P2,"2PtsFG under the basket, driving layup made",1,2,2PT,145,28
130830,29458-17-17,,COL,ECU,Q1,8:41,0,4,40,COL,409483,Julian,Betancurt,59,P3,3pt pullup jump shot missed,0,3,3PT,119,190
130830,29458-17-17,,COL,ECU,Q1,8:27,0,6,52,ECU,379507,Juan,Castillo,2,P2,"2PtsFG under the basket, driving layup made",1,2,2PT,126,25
130830,29458-17-17,,COL,ECU,Q1,8:10,2,6,40,COL,379759,Matthew,Bernal,7,P2,2pt fadeaway jump shot made,1,2,2PT,70,20
130830,29458-17-17,,COL,ECU,Q1,7:56,2,6,52,ECU,409169,Felipe,Noboa,14,P3,3pt jump shot missed,0,3,3PT,10,43
130830,29458-17-17,,COL,ECU,Q1,7:30,2,8,52,ECU,409013,José,Daza,7,P2,"2PtsFG inside paint, points after turnover, alley oop lay-up made",1,2,2PT,110,47
130830,29458-17-17,,COL,ECU,Q1,7:12,2,8,40,COL,400857,Leonardo,Restrepo,5,P3,3pt fadeaway jump shot missed,0,3,3PT,10,37
130830,29458-17-17,,COL,ECU,Q1,7:03,2,8,40,COL,400857,Leonardo,Restrepo,5,P3,3pt jump shot missed,0,3,3PT,54,164
130830,29458-17-17,,COL,ECU,Q1,7:01,2,8,40,COL,379759,Matthew,Bernal,7,FT,1st of 2 free throws missed,0,1,FT,0,0
130830,29458-17-17,,COL,ECU,Q1,7:01,3,8,40,COL,379759,Matthew,Bernal,7,FT,2nd of 2 free throws made,1,1,FT,0,0
130830,29458-17-17,,COL,ECU,Q1,6:49,3,10,52,ECU,379509,Lheyder,Vargas,48,P2,"2PtsFG under the basket, reverse lay-up made",1,2,2PT,124,22
130830,29458-17-17,,COL,ECU,Q1,6:32,3,10,40,COL,409482,Alejandro,Sanchez,4,P2,"2PtsFG inside right, jump shot missed",0,2,2PT,194,40
130830,29458-17-17,,COL,ECU,Q1,6:20,3,10,52,ECU,379507,Juan,Castillo,2,P3,3pt jump shot missed,0,3,3PT,259,134
130830,29458-17-17,,COL,ECU,Q1,6:06,3,10,40,COL,409482,Alejandro,Sanchez,4,P3,3pt fadeaway jump shot missed,0,3,3PT,14,13
130830,29458-17-17,,COL,ECU,Q1,6:00,3,10,52,ECU,409161,Michael,Cevallos,1,P2,"2PtsFG under the basket, layup missed",0,2,2PT,118,18
130830,29458-17-17,,COL,ECU,Q1,5:54,3,10,40,COL,409482,Alejandro,Sanchez,4,P2,layup missed,0,2,2PT,114,13
130830,29458-17-17,,COL,ECU,Q1,5:47,3,12,52,ECU,379507,Juan,Castillo,2,P2,2pt pullup jump shot made,1,2,2PT,84,87
130830,29458-17-17,,COL,ECU,Q1,5:37,3,12,40,COL,379759,Matthew,Bernal,7,P2,"2PtsFG inside center, jump shot missed",0,2,2PT,191,118
130830,29458-17-17,,COL,ECU,Q1,5:22,3,12,52,ECU,379507,Juan,Castillo,2,P3,3pt jump shot missed,0,3,3PT,216,159
130830,29458-17-17,,COL,ECU,Q1,4:49,3,12,52,ECU,409169,Felipe,Noboa,14,P3,3pt jump shot missed,0,3,3PT,8,26
130830,29458-17-17,,COL,ECU,Q1,4:43,3,15,52,ECU,379500,Alhan,Zambrano,10,P3,3pt jump shot made,1,3,3PT,191,165
130830,29458-17-17,,COL,ECU,Q1,4:05,3,17,52,ECU,409161,Michael,Cevallos,1,P2,"2PtsFG inside paint, points after turnover, reverse lay-up made",1,2,2PT,110,44
130830,29458-17-17,,COL,ECU,Q1,3:56,3,17,40,COL,379442,Angel,Orozco,83,P2,layup missed,0,2,2PT,130,13
130830,29458-17-17,,COL,ECU,Q1,3:50,6,17,40,COL,332119,Andres,Hernandez,24,P3,3pt jump shot made,1,3,3PT,42,143
130830,29458-17-17,,COL,ECU,Q1,3:34,6,17,40,COL,379442,Angel,Orozco,83,P2,"2PtsFG under the basket, points after turnover, hook shot missed",0,2,2PT,139,38
130830,29458-17-17,,COL,ECU,Q1,3:29,8,17,40,COL,379442,Angel,Orozco,83,P2,"2PtsFG under the basket, points from second chance + after turnover, layup made",1,2,2PT,141,31
130830,29458-17-17,,COL,ECU,Q1,3:12,8,17,52,ECU,409167,Ismael,Ibarra,15,P2,"2PtsFG under the basket, layup missed",0,2,2PT,161,19
130830,29458-17-17,,COL,ECU,Q1,2:54,8,17,40,COL,379759,Matthew,Bernal,7,P3,3pt fadeaway jump shot missed,0,3,3PT,66,140
130830,29458-17-17,,COL,ECU,Q1,2:35,8,17,40,COL,409484,Ezekiel,Suarez,8,P3,3pt fadeaway jump shot missed,0,3,3PT,203,176
130830,29458-17-17,,COL,ECU,Q1,2:19,8,20,52,ECU,379506,Jeremy,Corozo,32,P3,3pt jump shot made,1,3,3PT,35,148
130830,29458-17-17,,COL,ECU,Q1,2:02,8,20,40,COL,332119,Andres,Hernandez,24,P2,"2PtsFG under the basket, turnaround jump shot missed",0,2,2PT,158,40
130830,29458-17-17,,COL,ECU,Q1,1:56,10,20,40,COL,379442,Angel,Orozco,83,P2,"2PtsFG under the basket, layup made",1,2,2PT,137,20
130830,29458-17-17,,COL,ECU,Q1,1:35,10,20,52,ECU,379770,Adair,Quiñonez,23,P3,3pt jump shot missed,0,3,3PT,4,32
130830,29458-17-17,,COL,ECU,Q1,1:32,10,20,52,ECU,379506,Jeremy,Corozo,32,P2,"2PtsFG under the basket, layup missed",0,2,2PT,137,23
130830,29458-17-17,,COL,ECU,Q1,1:30,10,20,52,ECU,409013,José,Daza,7,P2,layup missed,0,2,2PT,124,63
130830,29458-17-17,,COL,ECU,Q1,1:28,10,20,52,ECU,409013,José,Daza,7,P2,"2PtsFG under the basket, layup missed",0,2,2PT,127,38
130830,29458-17-17,,COL,ECU,Q1,1:21,10,20,40,COL,332119,Andres,Hernandez,24,P2,"2PtsFG under the basket, layup missed",0,2,2PT,141,31
130830,29458-17-17,,COL,ECU,Q1,1:08,10,22,52,ECU,409013,José,Daza,7,P2,2pt jump shot made,1,2,2PT,140,60
130830,29458-17-17,,COL,ECU,Q1,0:41,10,22,52,ECU,409013,José,Daza,7,P2,"2PtsFG under the basket, points after turnover, layup missed",0,2,2PT,152,29
130830,29458-17-17,,COL,ECU,Q1,0:37,10,22,52,ECU,379506,Jeremy,Corozo,32,P2,"2PtsFG under the basket, points after turnover, layup missed",0,2,2PT,148,38
130830,29458-17-17,,COL,ECU,Q1,0:37,10,25,52,ECU,379769,Jahir,Mina,13,P3,3pt jump shot made,1,3,3PT,12,89
130830,29458-17-17,,COL,ECU,Q2,9:47,10,25,40,COL,409483,Julian,Betancurt,59,P2,layup missed,0,2,2PT,155,13
130830,29458-17-17,,COL,ECU,Q2,9:43,10,25,40,COL,379442,Angel,Orozco,83,P2,"2PtsFG under the basket, layup missed",0,2,2PT,155,23
130830,29458-17-17,,COL,ECU,Q2,9:31,10,28,52,ECU,379507,Juan,Castillo,2,P3,3pt jump shot made,1,3,3PT,34,199
130830,29458-17-17,,COL,ECU,Q2,9:16,10,28,40,COL,409480,Santiago,Rios,32,P3,3pt jump shot from center missed,0,3,3PT,152,186
130830,29458-17-17,,COL,ECU,Q2,9:05,10,28,40,COL,379759,Matthew,Bernal,7,P2,"2PtsFG under the basket, layup missed",0,2,2PT,122,31
130830,29458-17-17,,COL,ECU,Q2,8:55,13,28,40,COL,400857,Leonardo,Restrepo,5,P3,3pt jump shot made,1,3,3PT,30,126
130830,29458-17-17,,COL,ECU,Q2,8:27,13,28,52,ECU,379769,Jahir,Mina,13,P2,"2PtsFG under the basket, points after turnover, layup missed",0,2,2PT,119,22
130830,29458-17-17,,COL,ECU,Q2,8:07,13,28,40,COL,409483,Julian,Betancurt,59,P2,"2PtsFG inside right, jump shot missed",0,2,2PT,213,91
130830,29458-17-17,,COL,ECU,Q2,7:56,13,28,52,ECU,409167,Ismael,Ibarra,15,P2,"2PtsFG under the basket, layup missed",0,2,2PT,150,38
130830,29458-17-17,,COL,ECU,Q2,7:45,13,28,40,COL,400857,Leonardo,Restrepo,5,P3,3pt fadeaway jump shot missed,0,3,3PT,259,117
130830,29458-17-17,,COL,ECU,Q2,7:32,13,28,40,COL,409480,Santiago,Rios,32,P3,3pt jump shot missed,0,3,3PT,52,145
130830,29458-17-17,,COL,ECU,Q2,7:23,13,28,52,ECU,379769,Jahir,Mina,13,P3,3pt jump shot missed,0,3,3PT,270,27
130830,29458-17-17,,COL,ECU,Q2,7:09,15,28,40,COL,400857,Leonardo,Restrepo,5,P2,"2PtsFG under the basket, turnaround jump shot made",1,2,2PT,137,29
130830,29458-17-17,,COL,ECU,Q2,6:48,15,28,40,COL,409480,Santiago,Rios,32,P3,3pt jump shot missed,0,3,3PT,36,141
130830,29458-17-17,,COL,ECU,Q2,6:30,15,31,52,ECU,409169,Felipe,Noboa,14,P3,3pt jump shot made,1,3,3PT,10,16
130830,29458-17-17,,COL,ECU,Q2,6:30,15,32,52,ECU,409169,Felipe,Noboa,14,FT,1st free throw made,1,1,FT,0,0
130830,29458-17-17,,COL,ECU,Q2,6:15,18,32,40,COL,400857,Leonardo,Restrepo,5,P3,3pt jump shot made,1,3,3PT,241,141
130830,29458-17-17,,COL,ECU,Q2,6:03,18,32,52,ECU,379507,Juan,Castillo,2,P3,3pt jump shot from center missed,0,3,3PT,72,213
130830,29458-17-17,,COL,ECU,Q2,5:45,21,32,40,COL,332119,Andres,Hernandez,24,P3,3pt jump shot made,1,3,3PT,50,147
130830,29458-17-17,,COL,ECU,Q2,5:19,21,35,52,ECU,379770,Adair,Quiñonez,23,P3,3pt fadeaway jump shot made,1,3,3PT,203,209
130830,29458-17-17,,COL,ECU,Q2,5:02,21,35,40,COL,332119,Andres,Hernandez,24,P3,3pt jump shot missed,0,3,3PT,263,95
130830,29458-17-17,,COL,ECU,Q2,4:46,21,35,52,ECU,409013,José,Daza,7,P2,2pt turnaround jump shot missed,0,2,2PT,154,53
130830,29458-17-17,,COL,ECU,Q2,4:30,24,35,40,COL,400857,Leonardo,Restrepo,5,P3,3pt jump shot made,1,3,3PT,38,122
130830,29458-17-17,,COL,ECU,Q2,4:17,24,35,52,ECU,379507,Juan,Castillo,2,P3,3pt jump shot from center missed,0,3,3PT,140,197
130830,29458-17-17,,COL,ECU,Q2,4:02,26,35,40,COL,332119,Andres,Hernandez,24,P2,2pt pullup jump shot made,1,2,2PT,201,89
130830,29458-17-17,,COL,ECU,Q2,3:49,26,37,52,ECU,379770,Adair,Quiñonez,23,P2,"2PtsFG under the basket, driving layup made",1,2,2PT,149,30
130830,29458-17-17,,COL,ECU,Q2,3:31,26,37,52,ECU,409168,Deivis,Reyes,33,P2,"2PtsFG under the basket, points after turnover, layup missed",0,2,2PT,138,29
130830,29458-17-17,,COL,ECU,Q2,3:17,28,37,40,COL,409483,Julian,Betancurt,59,P2,2pt fadeaway jump shot made,1,2,2PT,224,28
130830,29458-17-17,,COL,ECU,Q2,2:53,28,37,52,ECU,409161,Michael,Cevallos,1,P3,3pt jump shot missed,0,3,3PT,47,143
130830,29458-17-17,,COL,ECU,Q2,2:25,30,37,40,COL,332119,Andres,Hernandez,24,P2,2pt fadeaway jump shot made,1,2,2PT,133,124
130830,29458-17-17,,COL,ECU,Q2,2:10,30,37,52,ECU,409168,Deivis,Reyes,33,P2,2pt pullup jump shot missed,0,2,2PT,134,119
130830,29458-17-17,,COL,ECU,Q2,2:03,30,37,52,ECU,409013,José,Daza,7,P2,2pt jump shot missed,0,2,2PT,165,64
130830,29458-17-17,,COL,ECU,Q2,1:40,30,37,40,COL,409483,Julian,Betancurt,59,P2,2pt fadeaway jump shot missed,0,2,2PT,103,40
130830,29458-17-17,,COL,ECU,Q2,1:18,30,40,52,ECU,379770,Adair,Quiñonez,23,P3,3pt jump shot made,1,3,3PT,13,95
130830,29458-17-17,,COL,ECU,Q2,0:55,30,40,40,COL,332119,Andres,Hernandez,24,P2,"2PtsFG inside center, jump shot missed",0,2,2PT,127,125
130830,29458-17-17,,COL,ECU,Q2,0:51,30,40,40,COL,400857,Leonardo,Restrepo,5,P3,3pt jump shot missed,0,3,3PT,251,116
130830,29458-17-17,,COL,ECU,Q2,0:26,30,40,52,ECU,409168,Deivis,Reyes,33,P3,3pt jump shot from center missed,0,3,3PT,180,195
130830,29458-17-17,,COL,ECU,Q2,0:20,31,40,40,COL,409483,Julian,Betancurt,59,FT,1st of 2 free throws made,1,1,FT,0,0
130830,29458-17-17,,COL,ECU,Q2,0:20,32,40,40,COL,409483,Julian,Betancurt,59,FT,2nd of 2 free throws made,1,1,FT,0,0
130830,29458-17-17,,COL,ECU,Q2,0:03,32,43,52,ECU,379507,Juan,Castillo,2,P3,3pt jump shot made,1,3,3PT,236,143
130830,29458-17-17,,COL,ECU,Q3,9:52,32,46,52,ECU,379509,Lheyder,Vargas,48,P3,3pt jump shot made,1,3,3PT,231,141
130830,29458-17-17,,COL,ECU,Q3,9:26,34,46,40,COL,379759,Matthew,Bernal,7,P2,2pt jump shot made,1,2,2PT,102,45
130830,29458-17-17,,COL,ECU,Q3,9:00,34,46,52,ECU,379509,Lheyder,Vargas,48,P2,"2PtsFG under the basket, layup missed",0,2,2PT,131,27
130830,29458-17-17,,COL,ECU,Q3,8:32,34,46,52,ECU,409013,José,Daza,7,P2,"2PtsFG under the basket, points after turnover, layup missed",0,2,2PT,161,29
130830,29458-17-17,,COL,ECU,Q3,8:24,34,46,40,COL,332119,Andres,Hernandez,24,P3,3pt jump shot missed,0,3,3PT,248,147
130830,29458-17-17,,COL,ECU,Q3,8:17,34,46,40,COL,379442,Angel,Orozco,83,P2,"2PtsFG under the basket, layup missed",0,2,2PT,128,19
130830,29458-17-17,,COL,ECU,Q3,8:02,34,46,52,ECU,409013,José,Daza,7,P2,layup missed,0,2,2PT,136,81
130830,29458-17-17,,COL,ECU,Q3,7:59,34,46,52,ECU,379507,Juan,Castillo,2,FT,1st of 2 free throws missed,0,1,FT,0,0
130830,29458-17-17,,COL,ECU,Q3,7:59,34,47,52,ECU,379507,Juan,Castillo,2,FT,2nd of 2 free throws made,1,1,FT,0,0
130830,29458-17-17,,COL,ECU,Q3,7:51,34,47,40,COL,400857,Leonardo,Restrepo,5,P2,2pt pullup jump shot missed,0,2,2PT,77,81
130830,29458-17-17,,COL,ECU,Q3,7:34,34,48,52,ECU,379770,Adair,Quiñonez,23,FT,1st of 2 free throws made,1,1,FT,0,0
130830,29458-17-17,,COL,ECU,Q3,7:34,34,49,52,ECU,379770,Adair,Quiñonez,23,FT,2nd of 2 free throws made,1,1,FT,0,0
130830,29458-17-17,,COL,ECU,Q3,7:23,34,49,40,COL,400857,Leonardo,Restrepo,5,P2,"2PtsFG inside left, jump shot missed",0,2,2PT,65,108
130830,29458-17-17,,COL,ECU,Q3,7:04,34,51,52,ECU,379509,Lheyder,Vargas,48,P2,"2PtsFG under the basket, points after turnover, layup made",1,2,2PT,161,21
130830,29458-17-17,,COL,ECU,Q3,6:53,34,51,40,COL,409484,Ezekiel,Suarez,8,P3,3pt jump shot missed,0,3,3PT,15,113
130830,29458-17-17,,COL,ECU,Q3,6:42,34,51,40,COL,379759,Matthew,Bernal,7,P3,3pt jump shot missed,0,3,3PT,260,104
130830,29458-17-17,,COL,ECU,Q3,6:35,34,51,52,ECU,379770,Adair,Quiñonez,23,P2,"2PtsFG inside paint, reverse lay-up missed",0,2,2PT,153,12
130830,29458-17-17,,COL,ECU,Q3,6:22,36,51,40,COL,379759,Matthew,Bernal,7,P2,2pt jump shot made,1,2,2PT,142,51
130830,29458-17-17,,COL,ECU,Q3,5:58,36,51,52,ECU,379507,Juan,Castillo,2,P3,3pt jump shot missed,0,3,3PT,39,148
130830,29458-17-17,,COL,ECU,Q3,5:41,36,53,52,ECU,409167,Ismael,Ibarra,15,P2,layup made,1,2,2PT,158,8
130830,29458-17-17,,COL,ECU,Q3,5:25,36,53,40,COL,379759,Matthew,Bernal,7,P2,"2PtsFG under the basket, layup missed",0,2,2PT,130,33
130830,29458-17-17,,COL,ECU,Q3,5:17,36,53,40,COL,400857,Leonardo,Restrepo,5,P3,3pt jump shot missed,0,3,3PT,235,139
130830,29458-17-17,,COL,ECU,Q3,4:51,36,53,40,COL,379759,Matthew,Bernal,7,P3,3pt jump shot missed,0,3,3PT,268,47
130830,29458-17-17,,COL,ECU,Q3,4:38,36,53,52,ECU,379507,Juan,Castillo,2,P3,3pt jump shot missed,0,3,3PT,25,141
130830,29458-17-17,,COL,ECU,Q3,4:21,36,53,40,COL,409480,Santiago,Rios,32,P3,3pt jump shot missed,0,3,3PT,40,148
130830,29458-17-17,,COL,ECU,Q3,4:04,36,56,52,ECU,379507,Juan,Castillo,2,P3,3pt jump shot made,1,3,3PT,247,133
130830,29458-17-17,,COL,ECU,Q3,3:30,36,56,52,ECU,379509,Lheyder,Vargas,48,P3,3pt jump shot missed,0,3,3PT,51,148
130830,29458-17-17,,COL,ECU,Q3,3:25,36,56,52,ECU,379507,Juan,Castillo,2,P3,3pt pullup jump shot missed,0,3,3PT,262,109
130830,29458-17-17,,COL,ECU,Q3,3:03,38,56,40,COL,400857,Leonardo,Restrepo,5,P2,layup made,1,2,2PT,141,16
130830,29458-17-17,,COL,ECU,Q3,2:47,38,56,52,ECU,409161,Michael,Cevallos,1,P3,3pt step back jump shot missed,0,3,3PT,270,75
130830,29458-17-17,,COL,ECU,Q3,2:24,41,56,40,COL,400857,Leonardo,Restrepo,5,P3,3pt jump shot made,1,3,3PT,60,165
130830,29458-17-17,,COL,ECU,Q3,2:00,41,56,52,ECU,379507,Juan,Castillo,2,P3,3pt jump shot missed,0,3,3PT,26,114
130830,29458-17-17,,COL,ECU,Q3,1:44,41,56,40,COL,409482,Alejandro,Sanchez,4,P2,layup missed,0,2,2PT,178,38
130830,29458-17-17,,COL,ECU,Q3,1:38,43,56,40,COL,409484,Ezekiel,Suarez,8,P2,2pt fadeaway jump shot made,1,2,2PT,198,101
130830,29458-17-17,,COL,ECU,Q3,1:29,43,56,52,ECU,379506,Jeremy,Corozo,32,P2,"2PtsFG inside paint, reverse lay-up missed",0,2,2PT,156,13
130830,29458-17-17,,COL,ECU,Q3,1:23,43,58,52,ECU,409167,Ismael,Ibarra,15,P2,"2PtsFG under the basket, layup made",1,2,2PT,163,21
130830,29458-17-17,,COL,ECU,Q3,1:23,43,59,52,ECU,409167,Ismael,Ibarra,15,FT,free throw made,1,1,FT,0,0
130830,29458-17-17,,COL,ECU,Q3,1:05,43,59,40,COL,409480,Santiago,Rios,32,P3,3pt jump shot missed,0,3,3PT,235,139
130830,29458-17-17,,COL,ECU,Q3,0:04,43,59,40,COL,400857,Leonardo,Restrepo,5,P3,3pt jump shot missed,0,3,3PT,118,205
130830,29458-17-17,,COL,ECU,Q4,9:42,43,59,52,ECU,409161,Michael,Cevallos,1,P2,"2PtsFG under the basket, points after turnover, reverse lay-up missed",0,2,2PT,141,21
130830,29458-17-17,,COL,ECU,Q4,9:22,43,59,52,ECU,379506,Jeremy,Corozo,32,P3,3pt jump shot missed,0,3,3PT,20,118
130830,29458-17-17,,COL,ECU,Q4,8:54,43,59,40,COL,400857,Leonardo,Restrepo,5,P3,3pt jump shot missed,0,3,3PT,40,143
130830,29458-17-17,,COL,ECU,Q4,8:24,46,59,40,COL,400857,Leonardo,Restrepo,5,P3,3pt jump shot made,1,3,3PT,111,189
130830,29458-17-17,,COL,ECU,Q4,8:14,46,59,52,ECU,379509,Lheyder,Vargas,48,P2,"2PtsFG under the basket, reverse lay-up missed",0,2,2PT,154,23
130830,29458-17-17,,COL,ECU,Q4,8:02,46,59,52,ECU,379509,Lheyder,Vargas,48,P2,layup missed,0,2,2PT,185,36
130830,29458-17-17,,COL,ECU,Q4,7:37,48,59,40,COL,332119,Andres,Hernandez,24,P2,2pt pullup jump shot made,1,2,2PT,89,91
130830,29458-17-17,,COL,ECU,Q4,6:49,48,59,40,COL,409477,Yansem,Caicedo,14,P2,2pt pullup jump shot missed,0,2,2PT,221,78
130830,29458-17-17,,COL,ECU,Q4,6:40,48,59,52,ECU,379770,Adair,Quiñonez,23,P2,"2PtsFG under the basket, alley oop lay-up missed",0,2,2PT,156,29
130830,29458-17-17,,COL,ECU,Q4,6:18,48,59,40,COL,379759,Matthew,Bernal,7,P2,"2PtsFG under the basket, reverse lay-up missed",0,2,2PT,130,45
130830,29458-17-17,,COL,ECU,Q4,6:12,48,59,40,COL,409483,Julian,Betancurt,59,P2,layup missed,0,2,2PT,124,61
130830,29458-17-17,,COL,ECU,Q4,6:05,48,60,52,ECU,409161,Michael,Cevallos,1,FT,1st of 2 free throws made,1,1,FT,0,0
130830,29458-17-17,,COL,ECU,Q4,6:05,48,61,52,ECU,409161,Michael,Cevallos,1,FT,2nd of 2 free throws made,1,1,FT,0,0
130830,29458-17-17,,COL,ECU,Q4,5:51,48,61,40,COL,409478,Salomon,Brown,6,P2,"2PtsFG under the basket, hook shot missed",0,2,2PT,123,19
130830,29458-17-17,,COL,ECU,Q4,5:36,48,61,40,COL,400857,Leonardo,Restrepo,5,P2,2pt fadeaway jump shot missed,0,2,2PT,204,73
130830,29458-17-17,,COL,ECU,Q4,5:31,48,61,40,COL,379759,Matthew,Bernal,7,P2,layup missed,0,2,2PT,119,47
130830,29458-17-17,,COL,ECU,Q4,5:26,48,61,40,COL,400857,Leonardo,Restrepo,5,P3,3pt fadeaway jump shot missed,0,3,3PT,230,157
130830,29458-17-17,,COL,ECU,Q4,5:22,48,61,40,COL,409478,Salomon,Brown,6,FT,1st of 2 free throws missed,0,1,FT,0,0
130830,29458-17-17,,COL,ECU,Q4,5:22,48,61,40,COL,409478,Salomon,Brown,6,FT,2nd of 2 free throws missed,0,1,FT,0,0
130830,29458-17-17,,COL,ECU,Q4,5:02,48,61,52,ECU,409161,Michael,Cevallos,1,P3,3pt jump shot missed,0,3,3PT,273,21
130830,29458-17-17,,COL,ECU,Q4,4:42,51,61,40,COL,409477,Yansem,Caicedo,14,P3,3pt jump shot made,1,3,3PT,250,124
130830,29458-17-17,,COL,ECU,Q4,4:37,51,61,52,ECU,409161,Michael,Cevallos,1,FT,1st of 2 free throws missed,0,1,FT,0,0
130830,29458-17-17,,COL,ECU,Q4,4:37,51,61,52,ECU,409161,Michael,Cevallos,1,FT,2nd of 2 free throws missed,0,1,FT,0,0
130830,29458-17-17,,COL,ECU,Q4,4:10,51,61,52,ECU,379507,Juan,Castillo,2,P2,2pt pullup jump shot missed,0,2,2PT,107,48
130830,29458-17-17,,COL,ECU,Q4,4:00,51,61,40,COL,400857,Leonardo,Restrepo,5,P3,3pt jump shot missed,0,3,3PT,45,156
130830,29458-17-17,,COL,ECU,Q4,3:44,51,61,52,ECU,409169,Felipe,Noboa,14,P3,3pt jump shot missed,0,3,3PT,270,13
130830,29458-17-17,,COL,ECU,Q4,3:31,53,61,40,COL,409483,Julian,Betancurt,59,P2,"2PtsFG under the basket, layup made",1,2,2PT,120,29
130830,29458-17-17,,COL,ECU,Q4,3:09,53,64,52,ECU,409161,Michael,Cevallos,1,P3,3pt fadeaway jump shot made,1,3,3PT,39,152
130830,29458-17-17,,COL,ECU,Q4,2:57,55,64,40,COL,409477,Yansem,Caicedo,14,P2,"2PtsFG inside paint, eurostep made",1,2,2PT,165,58
130830,29458-17-17,,COL,ECU,Q4,2:47,55,64,52,ECU,409013,José,Daza,7,FT,1st of 2 free throws missed,0,1,FT,0,0
130830,29458-17-17,,COL,ECU,Q4,2:47,55,65,52,ECU,409013,José,Daza,7,FT,2nd of 2 free throws made,1,1,FT,0,0
130830,29458-17-17,,COL,ECU,Q4,2:27,55,65,40,COL,379759,Matthew,Bernal,7,P2,2pt fadeaway jump shot missed,0,2,2PT,176,67
130830,29458-17-17,,COL,ECU,Q4,2:02,55,65,52,ECU,409013,José,Daza,7,P2,"2PtsFG under the basket, layup missed",0,2,2PT,155,25
130830,29458-17-17,,COL,ECU,Q4,1:58,55,65,52,ECU,409013,José,Daza,7,P2,2PtsFG under the basket missed,0,2,2PT,140,31
130830,29458-17-17,,COL,ECU,Q4,1:56,55,65,52,ECU,409013,José,Daza,7,P2,"2PtsFG under the basket, layup missed",0,2,2PT,160,27
130830,29458-17-17,,COL,ECU,Q4,1:56,56,65,40,COL,400857,Leonardo,Restrepo,5,FT,1st of 2 free throws made,1,1,FT,0,0
130830,29458-17-17,,COL,ECU,Q4,1:56,57,65,40,COL,400857,Leonardo,Restrepo,5,FT,2nd of 2 free throws made,1,1,FT,0,0
130830,29458-17-17,,COL,ECU,Q4,1:41,57,65,52,ECU,379507,Juan,Castillo,2,P2,"2PtsFG under the basket, pullup jump shot missed",0,2,2PT,155,30
130830,29458-17-17,,COL,ECU,Q4,1:30,57,65,40,COL,409477,Yansem,Caicedo,14,P3,3pt jump shot from center missed,0,3,3PT,194,168
130830,29458-17-17,,COL,ECU,Q4,1:23,59,65,40,COL,409478,Salomon,Brown,6,P2,layup made,1,2,2PT,138,87
130830,29458-17-17,,COL,ECU,Q4,1:23,59,65,52,ECU,409161,Michael,Cevallos,1,P2,"2PtsFG under the basket, layup missed",0,2,2PT,141,22
130830,29458-17-17,,COL,ECU,Q4,1:23,59,68,52,ECU,379507,Juan,Castillo,2,P3,3pt jump shot made,1,3,3PT,252,120
130830,29458-17-17,,COL,ECU,Q4,0:48,59,68,52,ECU,379507,Juan,Castillo,2,FT,1st of 2 free throws missed,0,1,FT,0,0
130830,29458-17-17,,COL,ECU,Q4,0:48,59,69,52,ECU,379507,Juan,Castillo,2,FT,2nd of 2 free throws made,1,1,FT,0,0
130830,29458-17-17,,COL,ECU,Q4,0:39,62,69,40,COL,400857,Leonardo,Restrepo,5,P3,3pt jump shot made,1,3,3PT,206,157
130830,29458-17-17,,COL,ECU,Q4,0:32,62,70,52,ECU,379770,Adair,Quiñonez,23,FT,1st of 2 free throws made,1,1,FT,0,0
130830,29458-17-17,,COL,ECU,Q4,0:32,62,71,52,ECU,379770,Adair,Quiñonez,23,FT,2nd of 2 free throws made,1,1,FT,0,0
130830,29458-17-17,,COL,ECU,Q4,0:20,62,71,40,COL,400857,Leonardo,Restrepo,5,P3,3pt fadeaway jump shot missed,0,3,3PT,26,176
130831,29459-18-18,,PAR,CHI,Q1,9:43,0,0,120,PAR,409401,Nestor,Gonzalez,21,P2,2pt fadeaway jump shot missed,0,2,2PT,234,43
130831,29459-18-18,,PAR,CHI,Q1,9:32,0,0,120,PAR,331730,Alejandro,Talavera,6,P2,2pt fadeaway jump shot missed,0,2,2PT,205,99
130831,29459-18-18,,PAR,CHI,Q1,9:02,0,0,120,PAR,331739,Mauricio,Escurra,14,P3,3pt jump shot missed,0,3,3PT,111,174
130831,29459-18-18,,PAR,CHI,Q1,8:50,0,0,38,CHI,331346,Francisco,Saravia,10,P2,"2PtsFG under the basket, points after turnover, eurostep missed",0,2,2PT,122,36
130831,29459-18-18,,PAR,CHI,Q1,8:21,0,0,38,CHI,409016,Mathias,Hitschfeld,4,P2,"2PtsFG under the basket, points after turnover, layup missed",0,2,2PT,146,34
130831,29459-18-18,,PAR,CHI,Q1,8:08,3,0,120,PAR,331730,Alejandro,Talavera,6,P3,3pt fadeaway jump shot made,1,3,3PT,217,156
130831,29459-18-18,,PAR,CHI,Q1,7:51,3,0,38,CHI,409018,Mateo,Velásquez,15,P3,3pt jump shot missed,0,3,3PT,28,157
130831,29459-18-18,,PAR,CHI,Q1,7:41,3,0,38,CHI,331346,Francisco,Saravia,10,P3,3pt fadeaway jump shot missed,0,3,3PT,133,178
130831,29459-18-18,,PAR,CHI,Q1,7:30,3,0,120,PAR,331739,Mauricio,Escurra,14,P3,3pt jump shot missed,0,3,3PT,12,42
130831,29459-18-18,,PAR,CHI,Q1,7:22,3,0,38,CHI,377876,Tomas,La Rivera,2,P3,3pt jump shot missed,0,3,3PT,0,78
130831,29459-18-18,,PAR,CHI,Q1,7:03,3,0,120,PAR,409401,Nestor,Gonzalez,21,P3,3pt jump shot missed,0,3,3PT,77,163
130831,29459-18-18,,PAR,CHI,Q1,6:51,3,2,38,CHI,331346,Francisco,Saravia,10,P2,2pt fadeaway jump shot made,1,2,2PT,71,63
130831,29459-18-18,,PAR,CHI,Q1,6:24,3,2,38,CHI,356339,Maximiliano,Quezada,17,P2,"2PtsFG under the basket, points after turnover, turnaround jump shot missed",0,2,2PT,131,25
130831,29459-18-18,,PAR,CHI,Q1,6:05,3,2,120,PAR,331738,Luis,Vera,5,P3,3pt jump shot from center missed,0,3,3PT,140,167
130831,29459-18-18,,PAR,CHI,Q1,5:52,3,2,38,CHI,331346,Francisco,Saravia,10,P3,3pt pullup jump shot missed,0,3,3PT,198,165
130831,29459-18-18,,PAR,CHI,Q1,5:35,5,2,120,PAR,331738,Luis,Vera,5,P2,2pt driving layup made,1,2,2PT,146,13
130831,29459-18-18,,PAR,CHI,Q1,5:19,5,2,38,CHI,409016,Mathias,Hitschfeld,4,P3,3pt jump shot missed,0,3,3PT,51,155
130831,29459-18-18,,PAR,CHI,Q1,5:06,7,2,120,PAR,331739,Mauricio,Escurra,14,P2,layup made,1,2,2PT,159,10
130831,29459-18-18,,PAR,CHI,Q1,4:41,7,2,38,CHI,331346,Francisco,Saravia,10,P3,3pt jump shot missed,0,3,3PT,219,143
130831,29459-18-18,,PAR,CHI,Q1,4:21,9,2,120,PAR,409403,Richard,Hachen,15,P2,"2PtsFG under the basket, layup made",1,2,2PT,140,25
130831,29459-18-18,,PAR,CHI,Q1,3:39,9,2,120,PAR,331738,Luis,Vera,5,P3,3pt jump shot missed,0,3,3PT,159,187
130831,29459-18-18,,PAR,CHI,Q1,3:35,11,2,120,PAR,409403,Richard,Hachen,15,P2,"2PtsFG under the basket, points from second chance + after turnover, layup made",1,2,2PT,149,33
130831,29459-18-18,,PAR,CHI,Q1,3:19,14,2,120,PAR,331730,Alejandro,Talavera,6,P3,"3PtsFG outside left, points from fastbreak + after turnover, fadeaway jump shot made",1,3,3PT,46,134
130831,29459-18-18,,PAR,CHI,Q1,2:52,14,4,38,CHI,409017,Pedro,Donoso,11,P2,layup made,1,2,2PT,123,57
130831,29459-18-18,,PAR,CHI,Q1,2:33,16,4,120,PAR,409402,Roberto,Radice,3,P2,"2PtsFG under the basket, reverse lay-up made",1,2,2PT,142,19
130831,29459-18-18,,PAR,CHI,Q1,2:06,16,7,38,CHI,329193,Agustin,Echeverria,8,P3,3pt jump shot made,1,3,3PT,7,91
130831,29459-18-18,,PAR,CHI,Q1,1:54,16,7,120,PAR,409403,Richard,Hachen,15,P2,layup missed,0,2,2PT,181,40
130831,29459-18-18,,PAR,CHI,Q1,1:54,19,7,120,PAR,331730,Alejandro,Talavera,6,P3,3pt jump shot made,1,3,3PT,46,137
130831,29459-18-18,,PAR,CHI,Q1,1:32,19,9,38,CHI,378907,Luis,Musrri,0,P2,"2PtsFG under the basket, eurostep made",1,2,2PT,130,20
130831,29459-18-18,,PAR,CHI,Q1,1:14,19,10,38,CHI,378907,Luis,Musrri,0,FT,1st of 2 free throws made,1,1,FT,0,0
130831,29459-18-18,,PAR,CHI,Q1,1:14,19,11,38,CHI,378907,Luis,Musrri,0,FT,2nd of 2 free throws made,1,1,FT,0,0
130831,29459-18-18,,PAR,CHI,Q1,0:47,19,11,120,PAR,331739,Mauricio,Escurra,14,P3,3pt jump shot missed,0,3,3PT,12,66
130831,29459-18-18,,PAR,CHI,Q1,0:34,19,11,120,PAR,379238,Juan,Vazquez,9,P2,layup missed,0,2,2PT,130,13
130831,29459-18-18,,PAR,CHI,Q1,0:14,19,11,120,PAR,331739,Mauricio,Escurra,14,P2,"2PtsFG under the basket, points after turnover, layup missed",0,2,2PT,120,18
130831,29459-18-18,,PAR,CHI,Q1,0:09,19,11,120,PAR,331739,Mauricio,Escurra,14,P2,"2PtsFG under the basket, points from second chance + after turnover, layup missed",0,2,2PT,137,22
130831,29459-18-18,,PAR,CHI,Q1,0:01,19,11,38,CHI,329193,Agustin,Echeverria,8,P3,3pt jump shot missed,0,3,3PT,265,149
130831,29459-18-18,,PAR,CHI,Q2,9:44,19,13,38,CHI,356339,Maximiliano,Quezada,17,P2,layup made,1,2,2PT,138,60
130831,29459-18-18,,PAR,CHI,Q2,9:26,20,13,120,PAR,409402,Roberto,Radice,3,FT,1st of 2 free throws made,1,1,FT,0,0
130831,29459-18-18,,PAR,CHI,Q2,9:26,21,13,120,PAR,409402,Roberto,Radice,3,FT,2nd of 2 free throws made,1,1,FT,0,0
130831,29459-18-18,,PAR,CHI,Q2,9:16,21,15,38,CHI,356339,Maximiliano,Quezada,17,P2,layup made,1,2,2PT,108,27
130831,29459-18-18,,PAR,CHI,Q2,8:54,21,15,38,CHI,331346,Francisco,Saravia,10,FT,Free throw missed 1 of 2,0,1,FT,0,0
130831,29459-18-18,,PAR,CHI,Q2,8:54,21,16,38,CHI,331346,Francisco,Saravia,10,FT,Free throw made 2 of 2,1,1,FT,0,0
130831,29459-18-18,,PAR,CHI,Q2,8:39,21,16,38,CHI,329193,Agustin,Echeverria,8,P2,2pt fadeaway jump shot missed,0,2,2PT,102,125
130831,29459-18-18,,PAR,CHI,Q2,8:27,21,16,38,CHI,377876,Tomas,La Rivera,2,P3,3pt jump shot missed,0,3,3PT,134,175
130831,29459-18-18,,PAR,CHI,Q2,7:58,21,16,120,PAR,409401,Nestor,Gonzalez,21,FT,1st of 2 free throws missed,0,1,FT,0,0
130831,29459-18-18,,PAR,CHI,Q2,7:58,22,16,120,PAR,409401,Nestor,Gonzalez,21,FT,2nd of 2 free throws made,1,1,FT,0,0
130831,29459-18-18,,PAR,CHI,Q2,7:39,22,16,38,CHI,350728,Pedro,Stuardo,9,P3,3pt jump shot missed,0,3,3PT,4,49
130831,29459-18-18,,PAR,CHI,Q2,6:36,22,16,38,CHI,329193,Agustin,Echeverria,8,P2,layup missed,0,2,2PT,145,16
130831,29459-18-18,,PAR,CHI,Q2,6:31,24,16,120,PAR,409401,Nestor,Gonzalez,21,P2,"2PtsFG under the basket, fast break, dunk made",1,2,2PT,142,26
130831,29459-18-18,,PAR,CHI,Q2,6:15,24,16,38,CHI,329193,Agustin,Echeverria,8,P3,3pt fadeaway jump shot missed,0,3,3PT,55,175
130831,29459-18-18,,PAR,CHI,Q2,6:08,24,16,120,PAR,331738,Luis,Vera,5,P3,3pt jump shot missed,0,3,3PT,32,111
130831,29459-18-18,,PAR,CHI,Q2,6:03,26,16,120,PAR,409401,Nestor,Gonzalez,21,P2,"2PtsFG under the basket, layup made",1,2,2PT,145,33
130831,29459-18-18,,PAR,CHI,Q2,5:47,26,18,38,CHI,331346,Francisco,Saravia,10,P2,"2PtsFG under the basket, driving layup made",1,2,2PT,142,32
130831,29459-18-18,,PAR,CHI,Q2,5:26,26,18,120,PAR,331739,Mauricio,Escurra,14,P3,3pt fadeaway jump shot missed,0,3,3PT,45,137
130831,29459-18-18,,PAR,CHI,Q2,5:10,26,21,38,CHI,331346,Francisco,Saravia,10,P3,3pt jump shot made,1,3,3PT,81,170
130831,29459-18-18,,PAR,CHI,Q2,5:10,27,21,120,PAR,331730,Alejandro,Talavera,6,FT,1st free throw made,1,1,FT,0,0
130831,29459-18-18,,PAR,CHI,Q2,4:42,29,21,120,PAR,409401,Nestor,Gonzalez,21,P2,"2PtsFG inside center, jump shot made",1,2,2PT,140,110
130831,29459-18-18,,PAR,CHI,Q2,4:19,29,21,38,CHI,377876,Tomas,La Rivera,2,P3,3pt jump shot missed,0,3,3PT,241,143
130831,29459-18-18,,PAR,CHI,Q2,3:37,29,21,38,CHI,350728,Pedro,Stuardo,9,P3,3pt jump shot missed,0,3,3PT,165,169
130831,29459-18-18,,PAR,CHI,Q2,3:31,29,23,38,CHI,331346,Francisco,Saravia,10,P2,"2PtsFG under the basket, points from second chance + after turnover, reverse lay-up made",1,2,2PT,124,25
130831,29459-18-18,,PAR,CHI,Q2,3:10,32,23,120,PAR,409402,Roberto,Radice,3,P3,3pt jump shot made,1,3,3PT,260,99
130831,29459-18-18,,PAR,CHI,Q2,2:54,32,23,38,CHI,331346,Francisco,Saravia,10,P2,2pt fadeaway jump shot missed,0,2,2PT,152,61
130831,29459-18-18,,PAR,CHI,Q2,2:51,33,23,120,PAR,409401,Nestor,Gonzalez,21,FT,1st of 2 free throws made,1,1,FT,0,0
130831,29459-18-18,,PAR,CHI,Q2,2:51,34,23,120,PAR,409401,Nestor,Gonzalez,21,FT,2nd of 2 free throws made,1,1,FT,0,0
130831,29459-18-18,,PAR,CHI,Q2,2:35,34,26,38,CHI,409016,Mathias,Hitschfeld,4,P3,3pt jump shot made,1,3,3PT,267,29
130831,29459-18-18,,PAR,CHI,Q2,2:11,34,26,120,PAR,379238,Juan,Vazquez,9,P3,3pt jump shot missed,0,3,3PT,12,27
130831,29459-18-18,,PAR,CHI,Q2,1:51,34,26,38,CHI,350728,Pedro,Stuardo,9,P3,3pt jump shot missed,0,3,3PT,220,155
130831,29459-18-18,,PAR,CHI,Q2,1:43,34,26,38,CHI,331346,Francisco,Saravia,10,P3,3pt jump shot missed,0,3,3PT,267,60
130831,29459-18-18,,PAR,CHI,Q2,1:18,34,26,38,CHI,409018,Mateo,Velásquez,15,P2,2pt fadeaway jump shot missed,0,2,2PT,85,107
130831,29459-18-18,,PAR,CHI,Q2,1:01,34,26,120,PAR,409401,Nestor,Gonzalez,21,FT,1st of 2 free throws missed,0,1,FT,0,0
130831,29459-18-18,,PAR,CHI,Q2,1:01,35,26,120,PAR,409401,Nestor,Gonzalez,21,FT,2nd of 2 free throws made,1,1,FT,0,0
130831,29459-18-18,,PAR,CHI,Q2,0:38,35,26,120,PAR,409402,Roberto,Radice,3,P2,"2PtsFG under the basket, points after turnover, layup missed",0,2,2PT,155,33
130831,29459-18-18,,PAR,CHI,Q2,0:37,35,26,120,PAR,409402,Roberto,Radice,3,FT,1st of 2 free throws missed,0,1,FT,0,0
130831,29459-18-18,,PAR,CHI,Q2,0:37,36,26,120,PAR,409402,Roberto,Radice,3,FT,2nd of 2 free throws made,1,1,FT,0,0
130831,29459-18-18,,PAR,CHI,Q2,0:18,36,26,120,PAR,409401,Nestor,Gonzalez,21,P2,2pt fadeaway jump shot missed,0,2,2PT,84,35
130831,29459-18-18,,PAR,CHI,Q2,0:18,36,28,38,CHI,378907,Luis,Musrri,0,P2,"2PtsFG under the basket, fast break, layup made",1,2,2PT,139,42
130831,29459-18-18,,PAR,CHI,Q2,0:09,39,28,120,PAR,331739,Mauricio,Escurra,14,P3,3pt jump shot made,1,3,3PT,20,127
130831,29459-18-18,,PAR,CHI,Q2,0:03,39,31,38,CHI,409016,Mathias,Hitschfeld,4,P3,"3PtsFG back court, jump shot made",1,3,3PT,264,180
130831,29459-18-18,,PAR,CHI,Q3,9:44,42,31,120,PAR,409402,Roberto,Radice,3,P3,3pt jump shot from center made,1,3,3PT,133,192
130831,29459-18-18,,PAR,CHI,Q3,9:44,43,31,120,PAR,409402,Roberto,Radice,3,FT,1st free throw made,1,1,FT,0,0
130831,29459-18-18,,PAR,CHI,Q3,9:25,43,31,38,CHI,350728,Pedro,Stuardo,9,P2,"2PtsFG under the basket, hook shot missed",0,2,2PT,141,22
130831,29459-18-18,,PAR,CHI,Q3,9:10,43,31,120,PAR,409401,Nestor,Gonzalez,21,P2,2pt fadeaway jump shot missed,0,2,2PT,206,22
130831,29459-18-18,,PAR,CHI,Q3,8:32,43,31,120,PAR,409401,Nestor,Gonzalez,21,P2,"2PtsFG inside left wing, points after turnover, jump shot missed",0,2,2PT,58,29
130831,29459-18-18,,PAR,CHI,Q3,8:27,45,31,120,PAR,331738,Luis,Vera,5,P2,"2PtsFG under the basket, points from second chance + after turnover made",1,2,2PT,140,31
130831,29459-18-18,,PAR,CHI,Q3,8:11,45,32,38,CHI,331346,Francisco,Saravia,10,FT,1st of 2 free throws made,1,1,FT,0,0
130831,29459-18-18,,PAR,CHI,Q3,8:11,45,33,38,CHI,331346,Francisco,Saravia,10,FT,2nd of 2 free throws made,1,1,FT,0,0
130831,29459-18-18,,PAR,CHI,Q3,7:35,45,34,38,CHI,331346,Francisco,Saravia,10,FT,Free throw made 1 of 2,1,1,FT,0,0
130831,29459-18-18,,PAR,CHI,Q3,7:35,45,35,38,CHI,331346,Francisco,Saravia,10,FT,Free throw made 2 of 2,1,1,FT,0,0
130831,29459-18-18,,PAR,CHI,Q3,7:18,48,35,120,PAR,331730,Alejandro,Talavera,6,P3,3pt jump shot made,1,3,3PT,48,177
130831,29459-18-18,,PAR,CHI,Q3,7:08,48,35,38,CHI,377876,Tomas,La Rivera,2,P2,2pt fadeaway jump shot missed,0,2,2PT,84,101
130831,29459-18-18,,PAR,CHI,Q3,6:55,48,35,120,PAR,331739,Mauricio,Escurra,14,P3,3pt jump shot missed,0,3,3PT,15,84
130831,29459-18-18,,PAR,CHI,Q3,6:50,48,36,38,CHI,409016,Mathias,Hitschfeld,4,FT,1st of 2 free throws made,1,1,FT,0,0
130831,29459-18-18,,PAR,CHI,Q3,6:50,48,37,38,CHI,409016,Mathias,Hitschfeld,4,FT,2nd of 2 free throws made,1,1,FT,0,0
130831,29459-18-18,,PAR,CHI,Q3,6:32,48,37,120,PAR,331730,Alejandro,Talavera,6,P3,3pt jump shot missed,0,3,3PT,7,51
130831,29459-18-18,,PAR,CHI,Q3,6:20,48,37,120,PAR,331739,Mauricio,Escurra,14,P3,3pt jump shot missed,0,3,3PT,15,73
130831,29459-18-18,,PAR,CHI,Q3,6:06,48,40,38,CHI,331346,Francisco,Saravia,10,P3,3pt floating jump shot made,1,3,3PT,65,158
130831,29459-18-18,,PAR,CHI,Q3,5:55,48,40,120,PAR,409401,Nestor,Gonzalez,21,P3,3pt jump shot missed,0,3,3PT,54,143
130831,29459-18-18,,PAR,CHI,Q3,5:51,48,41,38,CHI,409016,Mathias,Hitschfeld,4,FT,1st of 2 free throws made,1,1,FT,0,0
130831,29459-18-18,,PAR,CHI,Q3,5:51,48,42,38,CHI,409016,Mathias,Hitschfeld,4,FT,2nd of 2 free throws made,1,1,FT,0,0
130831,29459-18-18,,PAR,CHI,Q3,5:45,48,42,38,CHI,331346,Francisco,Saravia,10,P3,3pt pullup jump shot missed,0,3,3PT,149,197
130831,29459-18-18,,PAR,CHI,Q3,5:31,48,42,120,PAR,331738,Luis,Vera,5,P3,3pt jump shot missed,0,3,3PT,70,157
130831,29459-18-18,,PAR,CHI,Q3,5:23,48,43,38,CHI,409016,Mathias,Hitschfeld,4,FT,1st of 2 free throws made,1,1,FT,0,0
130831,29459-18-18,,PAR,CHI,Q3,5:23,48,44,38,CHI,409016,Mathias,Hitschfeld,4,FT,2nd of 2 free throws made,1,1,FT,0,0
130831,29459-18-18,,PAR,CHI,Q3,5:05,50,44,120,PAR,409401,Nestor,Gonzalez,21,P2,"2PtsFG under the basket, reverse lay-up made",1,2,2PT,118,25
130831,29459-18-18,,PAR,CHI,Q3,4:47,50,45,38,CHI,350728,Pedro,Stuardo,9,FT,1st of 2 free throws made,1,1,FT,0,0
130831,29459-18-18,,PAR,CHI,Q3,4:47,50,46,38,CHI,350728,Pedro,Stuardo,9,FT,2nd of 2 free throws made,1,1,FT,0,0
130831,29459-18-18,,PAR,CHI,Q3,4:37,50,46,38,CHI,393122,Gabriel,Pachano,1,P3,3pt jump shot missed,0,3,3PT,38,128
130831,29459-18-18,,PAR,CHI,Q3,4:33,50,48,38,CHI,331346,Francisco,Saravia,10,P2,"2PtsFG under the basket, points from second chance + after turnover made",1,2,2PT,140,31
130831,29459-18-18,,PAR,CHI,Q3,4:12,52,48,120,PAR,401331,Maximiliano,Gimenez,34,P2,layup made,1,2,2PT,115,38
130831,29459-18-18,,PAR,CHI,Q3,4:01,52,48,38,CHI,331346,Francisco,Saravia,10,P3,3pt jump shot missed,0,3,3PT,213,169
130831,29459-18-18,,PAR,CHI,Q3,3:43,55,48,120,PAR,331730,Alejandro,Talavera,6,P3,3pt jump shot from center made,1,3,3PT,134,188
130831,29459-18-18,,PAR,CHI,Q3,3:25,55,50,38,CHI,409016,Mathias,Hitschfeld,4,P2,2pt driving layup made,1,2,2PT,168,12
130831,29459-18-18,,PAR,CHI,Q3,3:02,57,50,120,PAR,379238,Juan,Vazquez,9,P2,layup made,1,2,2PT,115,12
130831,29459-18-18,,PAR,CHI,Q3,2:46,57,50,120,PAR,409401,Nestor,Gonzalez,21,P2,"2PtsFG under the basket, points after turnover, dunk missed",0,2,2PT,133,33
130831,29459-18-18,,PAR,CHI,Q3,2:46,57,50,38,CHI,393122,Gabriel,Pachano,1,P2,layup missed,0,2,2PT,171,33
130831,29459-18-18,,PAR,CHI,Q3,2:42,57,52,38,CHI,356339,Maximiliano,Quezada,17,P2,"2PtsFG under the basket, points from second chance + fastbreak, layup made",1,2,2PT,160,31
130831,29459-18-18,,PAR,CHI,Q3,2:42,57,53,38,CHI,356339,Maximiliano,Quezada,17,FT,1st of 1 free throw made,1,1,FT,0,0
130831,29459-18-18,,PAR,CHI,Q3,2:07,57,53,38,CHI,331346,Francisco,Saravia,10,P3,3pt fadeaway jump shot missed,0,3,3PT,28,122
130831,29459-18-18,,PAR,CHI,Q3,2:02,57,56,38,CHI,393122,Gabriel,Pachano,1,P3,3pt jump shot made,1,3,3PT,228,147
130831,29459-18-18,,PAR,CHI,Q3,1:51,57,57,38,CHI,393122,Gabriel,Pachano,1,FT,1st of 1 free throw made,1,1,FT,0,0
130831,29459-18-18,,PAR,CHI,Q3,1:40,59,57,120,PAR,331739,Mauricio,Escurra,14,P2,layup made,1,2,2PT,115,16
130831,29459-18-18,,PAR,CHI,Q3,1:23,59,57,38,CHI,377876,Tomas,La Rivera,2,P2,2pt fadeaway jump shot missed,0,2,2PT,229,30
130831,29459-18-18,,PAR,CHI,Q3,0:41,59,59,38,CHI,409018,Mateo,Velásquez,15,P2,"2PtsFG under the basket, points from fastbreak + after turnover, layup made",1,2,2PT,144,31
130831,29459-18-18,,PAR,CHI,Q3,0:29,59,59,120,PAR,331730,Alejandro,Talavera,6,P2,layup missed,0,2,2PT,112,33
130831,29459-18-18,,PAR,CHI,Q3,0:25,59,59,120,PAR,331730,Alejandro,Talavera,6,P2,"2PtsFG under the basket, layup missed",0,2,2PT,122,38
130831,29459-18-18,,PAR,CHI,Q3,0:22,60,59,120,PAR,331738,Luis,Vera,5,FT,1st of 2 free throws made,1,1,FT,0,0
130831,29459-18-18,,PAR,CHI,Q3,0:22,61,59,120,PAR,331738,Luis,Vera,5,FT,2nd of 2 free throws made,1,1,FT,0,0
130831,29459-18-18,,PAR,CHI,Q3,0:15,61,59,38,CHI,409018,Mateo,Velásquez,15,P3,3pt fadeaway jump shot missed,0,3,3PT,14,163
130831,29459-18-18,,PAR,CHI,Q4,9:44,61,59,38,CHI,331346,Francisco,Saravia,10,P2,2pt fadeaway jump shot missed,0,2,2PT,119,42
130831,29459-18-18,,PAR,CHI,Q4,9:23,61,59,120,PAR,331738,Luis,Vera,5,P3,3pt jump shot missed,0,3,3PT,233,147
130831,29459-18-18,,PAR,CHI,Q4,9:08,61,59,120,PAR,331730,Alejandro,Talavera,6,P2,layup missed,0,2,2PT,118,71
130831,29459-18-18,,PAR,CHI,Q4,8:57,61,59,38,CHI,409018,Mateo,Velásquez,15,P3,3pt jump shot missed,0,3,3PT,223,149
130831,29459-18-18,,PAR,CHI,Q4,8:36,61,59,120,PAR,331738,Luis,Vera,5,P2,2pt fadeaway jump shot missed,0,2,2PT,162,47
130831,29459-18-18,,PAR,CHI,Q4,8:16,61,61,38,CHI,331346,Francisco,Saravia,10,P2,2pt pullup jump shot made,1,2,2PT,210,26
130831,29459-18-18,,PAR,CHI,Q4,7:36,61,61,38,CHI,331346,Francisco,Saravia,10,P3,3pt jump shot missed,0,3,3PT,129,180
130831,29459-18-18,,PAR,CHI,Q4,7:11,61,61,120,PAR,409401,Nestor,Gonzalez,21,P2,"2PtsFG under the basket, turnaround jump shot missed",0,2,2PT,136,25
130831,29459-18-18,,PAR,CHI,Q4,6:51,61,63,38,CHI,331346,Francisco,Saravia,10,P2,"2PtsFG under the basket, turnaround jump shot made",1,2,2PT,136,45
130831,29459-18-18,,PAR,CHI,Q4,6:29,61,63,38,CHI,350728,Pedro,Stuardo,9,P2,"2PtsFG under the basket, points after turnover, layup missed",0,2,2PT,142,27
130831,29459-18-18,,PAR,CHI,Q4,6:25,61,65,38,CHI,350728,Pedro,Stuardo,9,P2,"2PtsFG under the basket, points from second chance + after turnover made",1,2,2PT,140,31
130831,29459-18-18,,PAR,CHI,Q4,6:03,61,65,38,CHI,350728,Pedro,Stuardo,9,P3,3pt jump shot missed,0,3,3PT,152,180
130831,29459-18-18,,PAR,CHI,Q4,5:58,61,67,38,CHI,331346,Francisco,Saravia,10,P2,"2PtsFG under the basket, points from second chance + after turnover, driving layup made",1,2,2PT,148,30
130831,29459-18-18,,PAR,CHI,Q4,5:28,61,67,38,CHI,331346,Francisco,Saravia,10,P2,"2PtsFG under the basket, points after turnover, layup missed",0,2,2PT,159,20
130831,29459-18-18,,PAR,CHI,Q4,5:13,62,67,120,PAR,409401,Nestor,Gonzalez,21,FT,1st of 2 free throws made,1,1,FT,0,0
130831,29459-18-18,,PAR,CHI,Q4,5:13,63,67,120,PAR,409401,Nestor,Gonzalez,21,FT,2nd of 2 free throws made,1,1,FT,0,0
130831,29459-18-18,,PAR,CHI,Q4,4:54,63,67,38,CHI,393122,Gabriel,Pachano,1,P3,3pt jump shot missed,0,3,3PT,264,105
130831,29459-18-18,,PAR,CHI,Q4,4:36,66,67,120,PAR,331730,Alejandro,Talavera,6,P3,3pt step back jump shot made,1,3,3PT,51,182
130831,29459-18-18,,PAR,CHI,Q4,4:14,66,69,38,CHI,331346,Francisco,Saravia,10,P2,layup made,1,2,2PT,168,16
130831,29459-18-18,,PAR,CHI,Q4,3:52,66,69,120,PAR,331739,Mauricio,Escurra,14,P2,"2PtsFG under the basket, layup missed",0,2,2PT,134,22
130831,29459-18-18,,PAR,CHI,Q4,3:30,66,69,38,CHI,331346,Francisco,Saravia,10,P3,3pt step back jump shot missed,0,3,3PT,247,165
130831,29459-18-18,,PAR,CHI,Q4,3:25,66,71,38,CHI,350728,Pedro,Stuardo,9,P2,"2PtsFG under the basket, layup made",1,2,2PT,144,30
130831,29459-18-18,,PAR,CHI,Q4,3:14,68,71,120,PAR,409402,Roberto,Radice,3,P2,2pt pullup jump shot made,1,2,2PT,101,117
130831,29459-18-18,,PAR,CHI,Q4,3:14,68,71,38,CHI,393122,Gabriel,Pachano,1,P2,2pt step back jump shot missed,0,2,2PT,190,112
130831,29459-18-18,,PAR,CHI,Q4,3:14,71,71,120,PAR,409402,Roberto,Radice,3,P3,3pt jump shot made,1,3,3PT,7,25
130831,29459-18-18,,PAR,CHI,Q4,2:55,71,71,120,PAR,331739,Mauricio,Escurra,14,P2,"2PtsFG under the basket, layup missed",0,2,2PT,133,19
130831,29459-18-18,,PAR,CHI,Q4,2:35,71,71,38,CHI,393122,Gabriel,Pachano,1,P3,3pt jump shot missed,0,3,3PT,271,23
130831,29459-18-18,,PAR,CHI,Q4,2:07,74,71,120,PAR,331730,Alejandro,Talavera,6,P3,3pt jump shot made,1,3,3PT,239,130
130831,29459-18-18,,PAR,CHI,Q4,1:36,74,73,38,CHI,331346,Francisco,Saravia,10,P2,2pt driving layup made,1,2,2PT,167,14
130831,29459-18-18,,PAR,CHI,Q4,1:22,74,73,120,PAR,331739,Mauricio,Escurra,14,P3,3pt jump shot missed,0,3,3PT,267,25
130831,29459-18-18,,PAR,CHI,Q4,1:17,74,74,38,CHI,331346,Francisco,Saravia,10,FT,1st of 2 free throws made,1,1,FT,0,0
130831,29459-18-18,,PAR,CHI,Q4,1:17,74,74,38,CHI,331346,Francisco,Saravia,10,FT,2nd of 2 free throws missed,0,1,FT,0,0
130831,29459-18-18,,PAR,CHI,Q4,0:50,76,74,120,PAR,331739,Mauricio,Escurra,14,P2,"2PtsFG under the basket, layup made",1,2,2PT,130,37
130831,29459-18-18,,PAR,CHI,Q4,0:13,76,74,38,CHI,409016,Mathias,Hitschfeld,4,P2,"2PtsFG under the basket, points after turnover, layup missed",0,2,2PT,135,33
130831,29459-18-18,,PAR,CHI,Q4,0:09,76,74,38,CHI,350728,Pedro,Stuardo,9,P2,"2PtsFG under the basket, points from second chance + after turnover, layup missed",0,2,2PT,160,36
130831,29459-18-18,,PAR,CHI,Q4,0:08,76,74,38,CHI,350728,Pedro,Stuardo,9,FT,1st of 2 free throws missed,0,1,FT,0,0
130831,29459-18-18,,PAR,CHI,Q4,0:07,76,74,38,CHI,350728,Pedro,Stuardo,9,FT,2nd of 2 free throws missed,0,1,FT,0,0
130831,29459-18-18,,PAR,CHI,Q4,0:03,76,74,120,PAR,331739,Mauricio,Escurra,14,FT,1st of 2 free throws missed,0,1,FT,0,0
130831,29459-18-18,,PAR,CHI,Q4,0:03,76,74,120,PAR,331739,Mauricio,Escurra,14,FT,2nd of 2 free throws missed,0,1,FT,0,0
130832,29461-19-19,,VEN,URU,Q1,9:44,0,2,155,URU,329851,Nicolas,Testa,11,P2,"2PtsFG under the basket, points after turnover, driving layup made",1,2,2PT,153,36
130832,29461-19-19,,VEN,URU,Q1,9:36,2,2,158,VEN,390925,Jose,Lara,7,P2,"2PtsFG under the basket, reverse lay-up made",1,2,2PT,125,35
130832,29461-19-19,,VEN,URU,Q1,9:14,2,2,155,URU,329851,Nicolas,Testa,11,P3,3pt jump shot missed,0,3,3PT,221,147
130832,29461-19-19,,VEN,URU,Q1,8:43,2,4,155,URU,407401,Lucas,Orozco,22,P2,"2PtsFG inside paint, points from fastbreak + after turnover, layup made",1,2,2PT,167,34
130832,29461-19-19,,VEN,URU,Q1,8:11,4,4,158,VEN,378576,Williams,Anillo,18,P2,"2PtsFG under the basket, points from fastbreak + after turnover, layup made",1,2,2PT,156,40
130832,29461-19-19,,VEN,URU,Q1,7:58,4,6,155,URU,407501,Facundo,Izuibejeres,5,P2,"2PtsFG inside center, jump shot made",1,2,2PT,118,120
130832,29461-19-19,,VEN,URU,Q1,7:24,4,6,158,VEN,378579,Deiker,Torres,2,P2,"2PtsFG inside left, jump shot missed",0,2,2PT,51,66
130832,29461-19-19,,VEN,URU,Q1,7:11,4,7,155,URU,407936,Lautaro,Gomez,10,FT,1st of 2 free throws made,1,1,FT,0,0
130832,29461-19-19,,VEN,URU,Q1,7:11,4,8,155,URU,407936,Lautaro,Gomez,10,FT,2nd of 2 free throws made,1,1,FT,0,0
130832,29461-19-19,,VEN,URU,Q1,6:52,4,8,158,VEN,378577,Kevin,Gutierrez,14,FT,1st of 2 free throws missed,0,1,FT,0,0
130832,29461-19-19,,VEN,URU,Q1,6:52,5,8,158,VEN,378577,Kevin,Gutierrez,14,FT,2nd of 2 free throws made,1,1,FT,0,0
130832,29461-19-19,,VEN,URU,Q1,6:45,5,10,155,URU,407936,Lautaro,Gomez,10,P2,"2PtsFG under the basket, fast break, layup made",1,2,2PT,134,41
130832,29461-19-19,,VEN,URU,Q1,6:27,5,10,158,VEN,390925,Jose,Lara,7,P2,"2PtsFG under the basket, reverse lay-up missed",0,2,2PT,128,36
130832,29461-19-19,,VEN,URU,Q1,6:13,5,12,155,URU,407936,Lautaro,Gomez,10,P2,"2PtsFG under the basket, layup made",1,2,2PT,153,26
130832,29461-19-19,,VEN,URU,Q1,5:58,7,12,158,VEN,378577,Kevin,Gutierrez,14,P2,"2PtsFG under the basket, layup made",1,2,2PT,128,23
130832,29461-19-19,,VEN,URU,Q1,5:25,7,12,158,VEN,356334,Diego,Soto,26,P2,layup missed,0,2,2PT,170,48
130832,29461-19-19,,VEN,URU,Q1,5:22,7,12,158,VEN,378576,Williams,Anillo,18,P3,3pt jump shot missed,0,3,3PT,270,43
130832,29461-19-19,,VEN,URU,Q1,5:17,8,12,158,VEN,390925,Jose,Lara,7,FT,1st of 2 free throws made,1,1,FT,0,0
130832,29461-19-19,,VEN,URU,Q1,5:17,8,12,158,VEN,390925,Jose,Lara,7,FT,2nd of 2 free throws missed,0,1,FT,0,0
130832,29461-19-19,,VEN,URU,Q1,5:16,8,12,158,VEN,378574,Julio,Vasquez,3,P2,"2PtsFG under the basket, reverse lay-up missed",0,2,2PT,141,36
130832,29461-19-19,,VEN,URU,Q1,5:09,8,15,155,URU,407647,Gabriel,Fata,19,P3,3pt jump shot made,1,3,3PT,18,83
130832,29461-19-19,,VEN,URU,Q1,4:44,8,15,158,VEN,390925,Jose,Lara,7,P2,"2PtsFG under the basket, points after turnover, layup missed",0,2,2PT,126,44
130832,29461-19-19,,VEN,URU,Q1,4:39,10,15,158,VEN,378577,Kevin,Gutierrez,14,P2,"2PtsFG under the basket, points from second chance + after turnover made",1,2,2PT,140,31
130832,29461-19-19,,VEN,URU,Q1,4:14,12,15,158,VEN,409363,Richard,Segovia,4,P2,"2PtsFG under the basket, points from fastbreak + after turnover, layup made",1,2,2PT,145,28
130832,29461-19-19,,VEN,URU,Q1,3:38,12,15,158,VEN,356334,Diego,Soto,26,P2,layup missed,0,2,2PT,170,44
130832,29461-19-19,,VEN,URU,Q1,3:19,12,15,155,URU,407647,Gabriel,Fata,19,P3,3pt jump shot from center missed,0,3,3PT,129,164
130832,29461-19-19,,VEN,URU,Q1,2:58,15,15,158,VEN,409363,Richard,Segovia,4,P3,3pt jump shot made,1,3,3PT,269,43
130832,29461-19-19,,VEN,URU,Q1,2:30,15,17,155,URU,324131,Federico,Cruz,8,P2,"2PtsFG under the basket, layup made",1,2,2PT,130,33
130832,29461-19-19,,VEN,URU,Q1,2:15,15,17,158,VEN,378577,Kevin,Gutierrez,14,P3,3pt jump shot missed,0,3,3PT,212,145
130832,29461-19-19,,VEN,URU,Q1,2:07,15,19,155,URU,324131,Federico,Cruz,8,P2,"2PtsFG under the basket, fast break, layup made",1,2,2PT,155,35
130832,29461-19-19,,VEN,URU,Q1,1:59,16,19,158,VEN,356334,Diego,Soto,26,FT,1st of 2 free throws made,1,1,FT,0,0
130832,29461-19-19,,VEN,URU,Q1,1:59,16,19,158,VEN,356334,Diego,Soto,26,FT,2nd of 2 free throws missed,0,1,FT,0,0
130832,29461-19-19,,VEN,URU,Q1,1:50,16,20,155,URU,324131,Federico,Cruz,8,FT,Free throw made 1 of 2,1,1,FT,0,0
130832,29461-19-19,,VEN,URU,Q1,1:50,16,21,155,URU,324131,Federico,Cruz,8,FT,Free throw made 2 of 2,1,1,FT,0,0
130832,29461-19-19,,VEN,URU,Q1,1:33,18,21,158,VEN,378577,Kevin,Gutierrez,14,P2,"2PtsFG under the basket, layup made",1,2,2PT,126,40
130832,29461-19-19,,VEN,URU,Q1,1:33,19,21,158,VEN,378577,Kevin,Gutierrez,14,FT,1st free throw made,1,1,FT,0,0
130832,29461-19-19,,VEN,URU,Q1,1:22,19,21,155,URU,375744,Manuel,Pastrana,4,P3,3pt jump shot missed,0,3,3PT,35,126
130832,29461-19-19,,VEN,URU,Q1,1:12,19,21,155,URU,407647,Gabriel,Fata,19,P3,3pt jump shot missed,0,3,3PT,270,30
130832,29461-19-19,,VEN,URU,Q1,1:00,22,21,158,VEN,409363,Richard,Segovia,4,P3,"3PtsFG outside right, points from fastbreak + after turnover, jump shot made",1,3,3PT,270,59
130832,29461-19-19,,VEN,URU,Q1,0:39,24,21,158,VEN,378574,Julio,Vasquez,3,P2,"2PtsFG under the basket, points from fastbreak + after turnover, layup made",1,2,2PT,152,27
130832,29461-19-19,,VEN,URU,Q1,0:14,27,21,158,VEN,409363,Richard,Segovia,4,P3,3pt pullup jump shot made,1,3,3PT,84,147
130832,29461-19-19,,VEN,URU,Q1,0:03,27,21,155,URU,407501,Facundo,Izuibejeres,5,P2,"2PtsFG inside left, jump shot missed",0,2,2PT,67,115
130832,29461-19-19,,VEN,URU,Q2,9:51,30,21,158,VEN,409360,Juan,Perdomo,9,P3,3pt jump shot made,1,3,3PT,268,27
130832,29461-19-19,,VEN,URU,Q2,9:27,30,23,155,URU,407501,Facundo,Izuibejeres,5,P2,"2PtsFG under the basket, layup made",1,2,2PT,130,42
130832,29461-19-19,,VEN,URU,Q2,9:02,30,23,155,URU,407647,Gabriel,Fata,19,P2,"2PtsFG under the basket, points after turnover, layup missed",0,2,2PT,159,37
130832,29461-19-19,,VEN,URU,Q2,8:58,30,23,158,VEN,409363,Richard,Segovia,4,FT,1st free throw missed,0,1,FT,0,0
130832,29461-19-19,,VEN,URU,Q2,8:44,30,23,155,URU,375744,Manuel,Pastrana,4,FT,Free throw missed 1 of 2,0,1,FT,0,0
130832,29461-19-19,,VEN,URU,Q2,8:44,30,23,155,URU,375744,Manuel,Pastrana,4,FT,Free throw missed 2 of 2,0,1,FT,0,0
130832,29461-19-19,,VEN,URU,Q2,8:25,30,26,155,URU,375744,Manuel,Pastrana,4,P3,3pt jump shot made,1,3,3PT,9,48
130832,29461-19-19,,VEN,URU,Q2,7:48,30,28,155,URU,329851,Nicolas,Testa,11,P2,"2PtsFG under the basket, points after turnover, layup made",1,2,2PT,124,29
130832,29461-19-19,,VEN,URU,Q2,7:23,30,28,158,VEN,409363,Richard,Segovia,4,P3,3pt jump shot missed,0,3,3PT,222,167
130832,29461-19-19,,VEN,URU,Q2,7:09,33,28,158,VEN,390925,Jose,Lara,7,P3,3pt jump shot made,1,3,3PT,30,99
130832,29461-19-19,,VEN,URU,Q2,6:44,35,28,158,VEN,378574,Julio,Vasquez,3,P2,"2PtsFG under the basket, points from fastbreak + after turnover, layup made",1,2,2PT,137,36
130832,29461-19-19,,VEN,URU,Q2,6:30,35,30,155,URU,329851,Nicolas,Testa,11,P2,layup made,1,2,2PT,168,29
130832,29461-19-19,,VEN,URU,Q2,6:18,35,30,158,VEN,390925,Jose,Lara,7,P2,"2PtsFG inside center, jump shot missed",0,2,2PT,137,112
130832,29461-19-19,,VEN,URU,Q2,6:00,35,31,155,URU,407936,Lautaro,Gomez,10,FT,1st of 2 free throws made,1,1,FT,0,0
130832,29461-19-19,,VEN,URU,Q2,6:00,35,32,155,URU,407936,Lautaro,Gomez,10,FT,2nd of 2 free throws made,1,1,FT,0,0
130832,29461-19-19,,VEN,URU,Q2,5:46,35,32,158,VEN,409363,Richard,Segovia,4,P2,"2PtsFG inside right, jump shot missed",0,2,2PT,199,98
130832,29461-19-19,,VEN,URU,Q2,5:39,35,32,158,VEN,378574,Julio,Vasquez,3,P2,"2PtsFG inside center, jump shot missed",0,2,2PT,123,133
130832,29461-19-19,,VEN,URU,Q2,5:29,35,32,155,URU,329851,Nicolas,Testa,11,P3,3pt jump shot missed,0,3,3PT,224,139
130832,29461-19-19,,VEN,URU,Q2,5:18,38,32,158,VEN,390925,Jose,Lara,7,P3,3pt jump shot made,1,3,3PT,12,48
130832,29461-19-19,,VEN,URU,Q2,5:01,38,32,155,URU,375744,Manuel,Pastrana,4,P3,3pt jump shot missed,0,3,3PT,12,56
130832,29461-19-19,,VEN,URU,Q2,4:44,41,32,158,VEN,378574,Julio,Vasquez,3,P3,3pt jump shot made,1,3,3PT,272,25
130832,29461-19-19,,VEN,URU,Q2,4:02,41,34,155,URU,329851,Nicolas,Testa,11,P2,"2PtsFG under the basket, layup made",1,2,2PT,153,45
130832,29461-19-19,,VEN,URU,Q2,4:02,41,34,158,VEN,409363,Richard,Segovia,4,P3,3pt jump shot missed,0,3,3PT,52,150
130832,29461-19-19,,VEN,URU,Q2,3:53,41,36,155,URU,407936,Lautaro,Gomez,10,P2,layup made,1,2,2PT,140,54
130832,29461-19-19,,VEN,URU,Q2,3:53,41,37,155,URU,407936,Lautaro,Gomez,10,FT,1st free throw made,1,1,FT,0,0
130832,29461-19-19,,VEN,URU,Q2,3:37,41,37,158,VEN,390925,Jose,Lara,7,P2,"2PtsFG under the basket, layup missed",0,2,2PT,120,32
130832,29461-19-19,,VEN,URU,Q2,3:30,41,39,155,URU,407936,Lautaro,Gomez,10,P2,layup made,1,2,2PT,157,54
130832,29461-19-19,,VEN,URU,Q2,3:15,41,39,158,VEN,390925,Jose,Lara,7,P3,3pt jump shot missed,0,3,3PT,272,43
130832,29461-19-19,,VEN,URU,Q2,3:04,41,39,158,VEN,378574,Julio,Vasquez,3,P2,"2PtsFG under the basket, points after turnover, layup missed",0,2,2PT,125,23
130832,29461-19-19,,VEN,URU,Q2,3:00,41,39,158,VEN,390925,Jose,Lara,7,P2,"2PtsFG under the basket, points from second chance + after turnover missed",0,2,2PT,140,31
130832,29461-19-19,,VEN,URU,Q2,2:50,41,39,158,VEN,409358,Samuel,Niño,23,P2,"2PtsFG under the basket, points from second chance + after turnover, layup missed",0,2,2PT,139,45
130832,29461-19-19,,VEN,URU,Q2,2:47,41,39,158,VEN,378574,Julio,Vasquez,3,P2,"2PtsFG under the basket, points from second chance + after turnover missed",0,2,2PT,140,31
130832,29461-19-19,,VEN,URU,Q2,2:47,41,39,158,VEN,378574,Julio,Vasquez,3,FT,1st of 2 free throws missed,0,1,FT,0,0
130832,29461-19-19,,VEN,URU,Q2,2:47,42,39,158,VEN,378574,Julio,Vasquez,3,FT,2nd of 2 free throws made,1,1,FT,0,0
130832,29461-19-19,,VEN,URU,Q2,2:37,42,39,155,URU,407936,Lautaro,Gomez,10,P3,3pt jump shot missed,0,3,3PT,12,38
130832,29461-19-19,,VEN,URU,Q2,2:19,42,39,158,VEN,409358,Samuel,Niño,23,P2,"2PtsFG under the basket, layup missed",0,2,2PT,118,37
130832,29461-19-19,,VEN,URU,Q2,2:10,42,39,155,URU,329851,Nicolas,Testa,11,P3,3pt jump shot missed,0,3,3PT,10,35
130832,29461-19-19,,VEN,URU,Q2,2:04,44,39,158,VEN,390925,Jose,Lara,7,P2,"2PtsFG under the basket, fast break, layup made",1,2,2PT,155,25
130832,29461-19-19,,VEN,URU,Q2,1:50,44,39,155,URU,329851,Nicolas,Testa,11,P2,"2PtsFG under the basket, layup missed",0,2,2PT,125,32
130832,29461-19-19,,VEN,URU,Q2,1:30,44,39,158,VEN,390925,Jose,Lara,7,P2,layup missed,0,2,2PT,150,50
130832,29461-19-19,,VEN,URU,Q2,1:26,44,39,158,VEN,390925,Jose,Lara,7,P2,"2PtsFG under the basket, layup missed",0,2,2PT,137,44
130832,29461-19-19,,VEN,URU,Q2,1:07,46,39,158,VEN,378579,Deiker,Torres,2,P2,"2PtsFG under the basket, points from fastbreak + after turnover, layup made",1,2,2PT,142,32
130832,29461-19-19,,VEN,URU,Q2,0:42,46,39,155,URU,407501,Facundo,Izuibejeres,5,P2,"2PtsFG inside right wing, jump shot missed",0,2,2PT,211,40
130832,29461-19-19,,VEN,URU,Q2,0:18,49,39,158,VEN,378579,Deiker,Torres,2,P3,3pt jump shot made,1,3,3PT,28,98
130832,29461-19-19,,VEN,URU,Q2,0:01,49,39,158,VEN,378574,Julio,Vasquez,3,P3,"3PtsFG back court, points after turnover, jump shot missed",0,3,3PT,187,254
130832,29461-19-19,,VEN,URU,Q3,9:48,49,41,155,URU,329851,Nicolas,Testa,11,P2,"2PtsFG under the basket, layup made",1,2,2PT,147,36
130832,29461-19-19,,VEN,URU,Q3,9:24,49,41,158,VEN,378577,Kevin,Gutierrez,14,P2,"2PtsFG under the basket, layup missed",0,2,2PT,148,35
130832,29461-19-19,,VEN,URU,Q3,9:21,49,41,158,VEN,378577,Kevin,Gutierrez,14,P3,3pt jump shot missed,0,3,3PT,244,109
130832,29461-19-19,,VEN,URU,Q3,8:53,49,41,158,VEN,390925,Jose,Lara,7,P2,"2PtsFG under the basket, points after turnover, layup missed",0,2,2PT,121,40
130832,29461-19-19,,VEN,URU,Q3,8:47,49,42,155,URU,407647,Gabriel,Fata,19,FT,1st of 2 free throws made,1,1,FT,0,0
130832,29461-19-19,,VEN,URU,Q3,8:47,49,42,155,URU,407647,Gabriel,Fata,19,FT,2nd of 2 free throws missed,0,1,FT,0,0
130832,29461-19-19,,VEN,URU,Q3,8:27,49,42,158,VEN,390925,Jose,Lara,7,P3,3pt jump shot missed,0,3,3PT,11,45
130832,29461-19-19,,VEN,URU,Q3,8:11,51,42,158,VEN,409360,Juan,Perdomo,9,P2,"2PtsFG under the basket, points from fastbreak + after turnover, layup made",1,2,2PT,126,32
130832,29461-19-19,,VEN,URU,Q3,7:30,51,42,158,VEN,409360,Juan,Perdomo,9,P3,3pt jump shot missed,0,3,3PT,208,146
130832,29461-19-19,,VEN,URU,Q3,7:21,51,42,155,URU,329851,Nicolas,Testa,11,P3,3pt jump shot missed,0,3,3PT,12,28
130832,29461-19-19,,VEN,URU,Q3,7:06,51,42,155,URU,407501,Facundo,Izuibejeres,5,P2,"2PtsFG under the basket, reverse lay-up missed",0,2,2PT,129,36
130832,29461-19-19,,VEN,URU,Q3,7:04,51,45,155,URU,329851,Nicolas,Testa,11,P3,3pt jump shot made,1,3,3PT,10,35
130832,29461-19-19,,VEN,URU,Q3,6:35,51,45,155,URU,407501,Facundo,Izuibejeres,5,P3,3pt jump shot missed,0,3,3PT,85,152
130832,29461-19-19,,VEN,URU,Q3,6:21,51,45,158,VEN,390925,Jose,Lara,7,P2,"2PtsFG under the basket, alley oop lay-up missed",0,2,2PT,151,36
130832,29461-19-19,,VEN,URU,Q3,6:19,53,45,158,VEN,409358,Samuel,Niño,23,P2,2PtsFG under the basket made,1,2,2PT,140,31
130832,29461-19-19,,VEN,URU,Q3,6:19,53,45,158,VEN,409358,Samuel,Niño,23,FT,free throw missed,0,1,FT,0,0
130832,29461-19-19,,VEN,URU,Q3,6:02,53,47,155,URU,329851,Nicolas,Testa,11,P2,layup made,1,2,2PT,147,63
130832,29461-19-19,,VEN,URU,Q3,5:44,53,47,158,VEN,378576,Williams,Anillo,18,P2,"2PtsFG under the basket, reverse lay-up missed",0,2,2PT,119,38
130832,29461-19-19,,VEN,URU,Q3,5:37,53,47,158,VEN,409358,Samuel,Niño,23,FT,1st of 2 free throws missed,0,1,FT,0,0
130832,29461-19-19,,VEN,URU,Q3,5:37,53,47,158,VEN,409358,Samuel,Niño,23,FT,2nd of 2 free throws missed,0,1,FT,0,0
130832,29461-19-19,,VEN,URU,Q3,5:23,53,50,155,URU,407647,Gabriel,Fata,19,P3,3pt jump shot made,1,3,3PT,258,100
130832,29461-19-19,,VEN,URU,Q3,5:04,53,50,158,VEN,378576,Williams,Anillo,18,P2,"2PtsFG inside center, jump shot missed",0,2,2PT,173,110
130832,29461-19-19,,VEN,URU,Q3,4:18,53,50,155,URU,329851,Nicolas,Testa,11,P3,3pt jump shot missed,0,3,3PT,22,92
130832,29461-19-19,,VEN,URU,Q3,4:12,55,50,158,VEN,378576,Williams,Anillo,18,P2,"2PtsFG under the basket, fast break, layup made",1,2,2PT,142,41
130832,29461-19-19,,VEN,URU,Q3,4:12,56,50,158,VEN,378576,Williams,Anillo,18,FT,1st free throw made,1,1,FT,0,0
130832,29461-19-19,,VEN,URU,Q3,3:54,56,50,155,URU,329851,Nicolas,Testa,11,P2,"2PtsFG under the basket, layup missed",0,2,2PT,149,43
130832,29461-19-19,,VEN,URU,Q3,3:39,59,50,158,VEN,378576,Williams,Anillo,18,P3,3pt jump shot made,1,3,3PT,225,134
130832,29461-19-19,,VEN,URU,Q3,3:13,59,50,158,VEN,378579,Deiker,Torres,2,P3,3pt jump shot missed,0,3,3PT,154,162
130832,29461-19-19,,VEN,URU,Q3,3:02,59,50,155,URU,324131,Federico,Cruz,8,P2,"2PtsFG under the basket, layup missed",0,2,2PT,128,35
130832,29461-19-19,,VEN,URU,Q3,3:02,59,50,158,VEN,378579,Deiker,Torres,2,FT,1st free throw missed,0,1,FT,0,0
130832,29461-19-19,,VEN,URU,Q3,2:45,59,50,155,URU,407647,Gabriel,Fata,19,P3,3pt jump shot missed,0,3,3PT,227,158
130832,29461-19-19,,VEN,URU,Q3,2:22,59,50,158,VEN,378574,Julio,Vasquez,3,P3,3pt jump shot missed,0,3,3PT,9,64
130832,29461-19-19,,VEN,URU,Q3,1:58,59,50,155,URU,407401,Lucas,Orozco,22,P2,2pt jump shot missed,0,2,2PT,54,40
130832,29461-19-19,,VEN,URU,Q3,1:48,59,52,155,URU,407401,Lucas,Orozco,22,P2,"2PtsFG under the basket, hook shot made",1,2,2PT,139,38
130832,29461-19-19,,VEN,URU,Q3,1:00,59,52,158,VEN,378576,Williams,Anillo,18,P3,3pt jump shot missed,0,3,3PT,41,120
130832,29461-19-19,,VEN,URU,Q3,0:43,59,53,155,URU,329851,Nicolas,Testa,11,FT,1st of 2 free throws made,1,1,FT,0,0
130832,29461-19-19,,VEN,URU,Q3,0:43,59,54,155,URU,329851,Nicolas,Testa,11,FT,2nd of 2 free throws made,1,1,FT,0,0
130832,29461-19-19,,VEN,URU,Q3,0:21,59,54,158,VEN,390925,Jose,Lara,7,P3,3pt jump shot missed,0,3,3PT,10,51
130832,29461-19-19,,VEN,URU,Q3,0:09,59,54,155,URU,407647,Gabriel,Fata,19,P2,"2PtsFG under the basket, layup missed",0,2,2PT,159,34
130832,29461-19-19,,VEN,URU,Q3,0:02,59,54,158,VEN,409363,Richard,Segovia,4,P2,layup missed,0,2,2PT,162,78
130832,29461-19-19,,VEN,URU,Q4,9:41,62,54,158,VEN,378576,Williams,Anillo,18,P3,3pt jump shot made,1,3,3PT,206,145
130832,29461-19-19,,VEN,URU,Q4,9:18,62,54,155,URU,324131,Federico,Cruz,8,P2,"2PtsFG inside right, jump shot missed",0,2,2PT,192,101
130832,29461-19-19,,VEN,URU,Q4,9:09,62,54,158,VEN,390925,Jose,Lara,7,P2,"2PtsFG under the basket, reverse lay-up missed",0,2,2PT,157,29
130832,29461-19-19,,VEN,URU,Q4,8:57,64,54,158,VEN,378577,Kevin,Gutierrez,14,P2,"2PtsFG under the basket, reverse lay-up made",1,2,2PT,149,25
130832,29461-19-19,,VEN,URU,Q4,8:44,64,54,155,URU,329851,Nicolas,Testa,11,P2,"2PtsFG under the basket, layup missed",0,2,2PT,156,41
130832,29461-19-19,,VEN,URU,Q4,8:39,64,54,158,VEN,378576,Williams,Anillo,18,P3,3pt jump shot missed,0,3,3PT,20,86
130832,29461-19-19,,VEN,URU,Q4,8:36,66,54,158,VEN,390925,Jose,Lara,7,P2,2PtsFG under the basket made,1,2,2PT,140,31
130832,29461-19-19,,VEN,URU,Q4,8:36,66,54,158,VEN,390925,Jose,Lara,7,FT,free throw missed,0,1,FT,0,0
130832,29461-19-19,,VEN,URU,Q4,8:30,66,54,155,URU,407501,Facundo,Izuibejeres,5,P3,3pt jump shot missed,0,3,3PT,85,150
130832,29461-19-19,,VEN,URU,Q4,8:10,68,54,158,VEN,378576,Williams,Anillo,18,P2,"2PtsFG under the basket, eurostep made",1,2,2PT,162,29
130832,29461-19-19,,VEN,URU,Q4,7:59,68,56,155,URU,407647,Gabriel,Fata,19,P2,"2PtsFG under the basket, fast break, layup made",1,2,2PT,128,33
130832,29461-19-19,,VEN,URU,Q4,7:38,68,56,158,VEN,378574,Julio,Vasquez,3,P3,3pt jump shot from center missed,0,3,3PT,158,166
130832,29461-19-19,,VEN,URU,Q4,7:32,68,56,155,URU,407647,Gabriel,Fata,19,P2,"2PtsFG under the basket, layup missed",0,2,2PT,130,36
130832,29461-19-19,,VEN,URU,Q4,7:18,68,59,155,URU,407401,Lucas,Orozco,22,P3,3pt jump shot made,1,3,3PT,64,145
130832,29461-19-19,,VEN,URU,Q4,6:58,68,59,158,VEN,390925,Jose,Lara,7,P2,layup missed,0,2,2PT,172,37
130832,29461-19-19,,VEN,URU,Q4,6:36,68,59,155,URU,407401,Lucas,Orozco,22,P2,"2PtsFG under the basket, layup missed",0,2,2PT,152,36
130832,29461-19-19,,VEN,URU,Q4,6:31,68,61,155,URU,407936,Lautaro,Gomez,10,P2,2PtsFG under the basket made,1,2,2PT,140,31
130832,29461-19-19,,VEN,URU,Q4,6:15,70,61,158,VEN,378577,Kevin,Gutierrez,14,P2,layup made,1,2,2PT,153,55
130832,29461-19-19,,VEN,URU,Q4,5:51,70,61,155,URU,407501,Facundo,Izuibejeres,5,P3,3pt jump shot from center missed,0,3,3PT,142,161
130832,29461-19-19,,VEN,URU,Q4,5:25,72,61,158,VEN,409358,Samuel,Niño,23,P2,"2PtsFG under the basket, layup made",1,2,2PT,153,29
130832,29461-19-19,,VEN,URU,Q4,5:09,72,61,155,URU,407401,Lucas,Orozco,22,P3,3pt jump shot missed,0,3,3PT,58,136
130832,29461-19-19,,VEN,URU,Q4,4:43,75,61,158,VEN,378576,Williams,Anillo,18,P3,3pt jump shot made,1,3,3PT,10,48
130832,29461-19-19,,VEN,URU,Q4,4:29,75,63,155,URU,329851,Nicolas,Testa,11,P2,"2PtsFG under the basket, layup made",1,2,2PT,133,36
130832,29461-19-19,,VEN,URU,Q4,3:54,75,63,158,VEN,378574,Julio,Vasquez,3,P2,layup missed,0,2,2PT,165,43
130832,29461-19-19,,VEN,URU,Q4,3:38,75,65,155,URU,329851,Nicolas,Testa,11,P2,"2PtsFG under the basket, layup made",1,2,2PT,128,35
130832,29461-19-19,,VEN,URU,Q4,3:38,75,66,155,URU,329851,Nicolas,Testa,11,FT,1st free throw made,1,1,FT,0,0
130832,29461-19-19,,VEN,URU,Q4,3:28,75,66,158,VEN,378574,Julio,Vasquez,3,P2,"2PtsFG under the basket, layup missed",0,2,2PT,127,38
130832,29461-19-19,,VEN,URU,Q4,3:10,75,66,155,URU,407501,Facundo,Izuibejeres,5,P2,"2PtsFG under the basket, layup missed",0,2,2PT,140,47
130832,29461-19-19,,VEN,URU,Q4,3:01,77,66,158,VEN,378577,Kevin,Gutierrez,14,P2,"2PtsFG under the basket, dunk made",1,2,2PT,138,41
130832,29461-19-19,,VEN,URU,Q4,3:01,78,66,158,VEN,378577,Kevin,Gutierrez,14,FT,1st free throw made,1,1,FT,0,0
130832,29461-19-19,,VEN,URU,Q4,2:55,78,66,155,URU,407647,Gabriel,Fata,19,P2,layup missed,0,2,2PT,114,31
130832,29461-19-19,,VEN,URU,Q4,2:18,78,66,155,URU,407501,Facundo,Izuibejeres,5,P3,3pt jump shot missed,0,3,3PT,51,125
130832,29461-19-19,,VEN,URU,Q4,1:58,80,66,158,VEN,390925,Jose,Lara,7,P2,"2PtsFG under the basket, layup made",1,2,2PT,156,34
130832,29461-19-19,,VEN,URU,Q4,1:41,80,66,155,URU,329851,Nicolas,Testa,11,P3,3pt jump shot missed,0,3,3PT,253,121
130832,29461-19-19,,VEN,URU,Q4,1:31,80,66,155,URU,407647,Gabriel,Fata,19,P3,3pt jump shot missed,0,3,3PT,256,96
130832,29461-19-19,,VEN,URU,Q4,1:10,82,66,158,VEN,390925,Jose,Lara,7,P2,"2PtsFG under the basket, layup made",1,2,2PT,129,34
130832,29461-19-19,,VEN,URU,Q4,0:55,82,68,155,URU,407647,Gabriel,Fata,19,P2,"2PtsFG under the basket, layup made",1,2,2PT,149,43
130832,29461-19-19,,VEN,URU,Q4,0:33,85,68,158,VEN,378576,Williams,Anillo,18,P3,3pt jump shot made,1,3,3PT,9,35
130832,29461-19-19,,VEN,URU,Q4,0:25,85,68,155,URU,324131,Federico,Cruz,8,P2,"2PtsFG under the basket, layup missed",0,2,2PT,129,36
130833,29462-20-20,,ARG,BRA,Q1,9:49,0,0,14,ARG,408870,Gonzalo,Aman,8,P2,"2PtsFG under the basket, driving layup missed",0,2,2PT,126,27
130833,29462-20-20,,ARG,BRA,Q1,9:30,0,0,27,BRA,374721,Eduardo,Santos,50,P3,3pt jump shot missed,0,3,3PT,17,98
130833,29462-20-20,,ARG,BRA,Q1,9:25,0,0,27,BRA,405101,Pietro,Melo,10,P2,"2PtsFG under the basket, layup missed",0,2,2PT,147,35
130833,29462-20-20,,ARG,BRA,Q1,9:17,0,0,27,BRA,330047,Pedro,Souza,25,P2,"2PtsFG inside center, jump shot missed",0,2,2PT,187,121
130833,29462-20-20,,ARG,BRA,Q1,9:08,2,0,14,ARG,408872,Bautista,Gobetti,6,P2,"2PtsFG under the basket, layup made",1,2,2PT,153,33
130833,29462-20-20,,ARG,BRA,Q1,8:57,2,0,27,BRA,330039,Joao,Neves,14,P3,3pt jump shot missed,0,3,3PT,77,156
130833,29462-20-20,,ARG,BRA,Q1,8:46,2,0,14,ARG,408870,Gonzalo,Aman,8,P3,3pt jump shot from center missed,0,3,3PT,168,163
130833,29462-20-20,,ARG,BRA,Q1,8:36,2,3,27,BRA,374721,Eduardo,Santos,50,P3,3pt jump shot made,1,3,3PT,220,139
130833,29462-20-20,,ARG,BRA,Q1,8:23,2,3,14,ARG,408871,Manuel,Hernandez,4,P3,3pt jump shot missed,0,3,3PT,12,25
130833,29462-20-20,,ARG,BRA,Q1,8:13,2,6,27,BRA,330039,Joao,Neves,14,P3,3pt jump shot made,1,3,3PT,269,32
130833,29462-20-20,,ARG,BRA,Q1,7:55,2,6,14,ARG,408871,Manuel,Hernandez,4,P2,2pt jump shot missed,0,2,2PT,183,93
130833,29462-20-20,,ARG,BRA,Q1,7:48,5,6,14,ARG,408872,Bautista,Gobetti,6,P3,3pt jump shot made,1,3,3PT,93,157
130833,29462-20-20,,ARG,BRA,Q1,7:37,5,6,27,BRA,405101,Pietro,Melo,10,P3,3pt jump shot from center missed,0,3,3PT,104,168
130833,29462-20-20,,ARG,BRA,Q1,7:22,7,6,14,ARG,408871,Manuel,Hernandez,4,P2,2pt floating jump shot made,1,2,2PT,219,66
130833,29462-20-20,,ARG,BRA,Q1,6:37,7,6,27,BRA,330039,Joao,Neves,14,P3,3pt jump shot missed,0,3,3PT,9,39
130833,29462-20-20,,ARG,BRA,Q1,6:31,7,6,27,BRA,408792,Pedro,Alves,6,P2,"2PtsFG under the basket, points from second chance + after turnover missed",0,2,2PT,140,31
130833,29462-20-20,,ARG,BRA,Q1,6:27,7,8,27,BRA,374721,Eduardo,Santos,50,P2,"2PtsFG under the basket, points from second chance + after turnover, layup made",1,2,2PT,156,32
130833,29462-20-20,,ARG,BRA,Q1,6:15,7,8,14,ARG,362126,Benjamin,Pettovello,2,P3,3pt jump shot from center missed,0,3,3PT,123,170
130833,29462-20-20,,ARG,BRA,Q1,6:02,10,8,14,ARG,408870,Gonzalo,Aman,8,P3,3pt jump shot made,1,3,3PT,223,141
130833,29462-20-20,,ARG,BRA,Q1,5:37,10,8,27,BRA,374721,Eduardo,Santos,50,P3,3pt jump shot missed,0,3,3PT,54,137
130833,29462-20-20,,ARG,BRA,Q1,5:33,10,8,27,BRA,374721,Eduardo,Santos,50,P3,3pt jump shot missed,0,3,3PT,80,165
130833,29462-20-20,,ARG,BRA,Q1,5:23,12,8,14,ARG,408872,Bautista,Gobetti,6,P2,2pt fadeaway jump shot made,1,2,2PT,122,90
130833,29462-20-20,,ARG,BRA,Q1,5:11,12,8,27,BRA,330047,Pedro,Souza,25,P3,3pt jump shot missed,0,3,3PT,62,162
130833,29462-20-20,,ARG,BRA,Q1,4:56,12,8,14,ARG,409151,Santiago,Pettinaroli,14,P2,"2PtsFG under the basket, layup missed",0,2,2PT,132,26
130833,29462-20-20,,ARG,BRA,Q1,4:51,12,8,14,ARG,409151,Santiago,Pettinaroli,14,P3,3pt jump shot missed,0,3,3PT,13,19
130833,29462-20-20,,ARG,BRA,Q1,4:36,12,11,27,BRA,405101,Pietro,Melo,10,P3,3pt jump shot made,1,3,3PT,206,146
130833,29462-20-20,,ARG,BRA,Q1,4:20,12,11,14,ARG,408872,Bautista,Gobetti,6,P2,2pt floating jump shot missed,0,2,2PT,84,90
130833,29462-20-20,,ARG,BRA,Q1,4:14,12,11,14,ARG,408871,Manuel,Hernandez,4,P2,"2PtsFG under the basket, points after turnover, layup missed",0,2,2PT,127,27
130833,29462-20-20,,ARG,BRA,Q1,4:00,12,12,27,BRA,374721,Eduardo,Santos,50,FT,1st of 2 free throws made,1,1,FT,0,0
130833,29462-20-20,,ARG,BRA,Q1,4:00,12,13,27,BRA,374721,Eduardo,Santos,50,FT,2nd of 2 free throws made,1,1,FT,0,0
130833,29462-20-20,,ARG,BRA,Q1,3:50,12,13,14,ARG,408872,Bautista,Gobetti,6,P3,3pt jump shot missed,0,3,3PT,268,41
130833,29462-20-20,,ARG,BRA,Q1,3:44,12,13,27,BRA,405108,Matheus,Nascimento,3,P3,3pt jump shot missed,0,3,3PT,267,22
130833,29462-20-20,,ARG,BRA,Q1,3:34,12,13,14,ARG,408871,Manuel,Hernandez,4,P2,2pt jump shot missed,0,2,2PT,88,30
130833,29462-20-20,,ARG,BRA,Q1,3:26,12,14,27,BRA,406939,Cristian,Ferreira,33,FT,1st of 2 free throws made,1,1,FT,0,0
130833,29462-20-20,,ARG,BRA,Q1,3:26,12,15,27,BRA,406939,Cristian,Ferreira,33,FT,2nd of 2 free throws made,1,1,FT,0,0
130833,29462-20-20,,ARG,BRA,Q1,3:08,12,15,14,ARG,408870,Gonzalo,Aman,8,P2,"2PtsFG under the basket, reverse lay-up missed",0,2,2PT,143,40
130833,29462-20-20,,ARG,BRA,Q1,2:31,12,15,27,BRA,405108,Matheus,Nascimento,3,P2,layup missed,0,2,2PT,142,61
130833,29462-20-20,,ARG,BRA,Q1,2:22,12,18,27,BRA,330047,Pedro,Souza,25,P3,3pt jump shot made,1,3,3PT,47,138
130833,29462-20-20,,ARG,BRA,Q1,2:06,12,18,14,ARG,362126,Benjamin,Pettovello,2,P2,"2PtsFG under the basket, layup missed",0,2,2PT,133,45
130833,29462-20-20,,ARG,BRA,Q1,1:46,12,18,27,BRA,330047,Pedro,Souza,25,P3,3pt jump shot missed,0,3,3PT,268,51
130833,29462-20-20,,ARG,BRA,Q1,1:34,12,18,14,ARG,362126,Benjamin,Pettovello,2,P2,"2PtsFG inside center, jump shot missed",0,2,2PT,137,106
130833,29462-20-20,,ARG,BRA,Q1,1:11,12,20,27,BRA,330047,Pedro,Souza,25,P2,"2PtsFG under the basket, fadeaway jump shot made",1,2,2PT,121,36
130833,29462-20-20,,ARG,BRA,Q1,0:58,12,20,14,ARG,409151,Santiago,Pettinaroli,14,P2,"2PtsFG under the basket, layup missed",0,2,2PT,117,36
130833,29462-20-20,,ARG,BRA,Q1,0:53,12,21,27,BRA,330047,Pedro,Souza,25,FT,1st of 2 free throws made,1,1,FT,0,0
130833,29462-20-20,,ARG,BRA,Q1,0:53,12,22,27,BRA,330047,Pedro,Souza,25,FT,2nd of 2 free throws made,1,1,FT,0,0
130833,29462-20-20,,ARG,BRA,Q1,0:38,14,22,14,ARG,362126,Benjamin,Pettovello,2,P2,"2PtsFG under the basket, layup made",1,2,2PT,152,31
130833,29462-20-20,,ARG,BRA,Q1,0:22,14,25,27,BRA,330039,Joao,Neves,14,P3,3pt jump shot from center made,1,3,3PT,151,174
130833,29462-20-20,,ARG,BRA,Q1,0:05,17,25,14,ARG,408857,Joaquin,Caumo,10,P3,3pt jump shot made,1,3,3PT,221,163
130833,29462-20-20,,ARG,BRA,Q1,0:03,17,25,27,BRA,405082,Caio,Mathias,2,P3,"3PtsFG back court, jump shot missed",0,3,3PT,146,240
130833,29462-20-20,,ARG,BRA,Q2,9:48,17,25,27,BRA,331414,Isaiah,Santos,45,P2,"2PtsFG under the basket, layup missed",0,2,2PT,149,32
130833,29462-20-20,,ARG,BRA,Q2,9:31,17,25,14,ARG,408857,Joaquin,Caumo,10,P2,2pt fadeaway jump shot missed,0,2,2PT,251,49
130833,29462-20-20,,ARG,BRA,Q2,9:24,17,27,27,BRA,331414,Isaiah,Santos,45,P2,"2PtsFG under the basket, fast break, reverse lay-up made",1,2,2PT,127,31
130833,29462-20-20,,ARG,BRA,Q2,9:06,17,27,14,ARG,362126,Benjamin,Pettovello,2,P2,"2PtsFG under the basket, alley oop lay-up missed",0,2,2PT,161,30
130833,29462-20-20,,ARG,BRA,Q2,9:00,17,27,27,BRA,405101,Pietro,Melo,10,P2,"2PtsFG under the basket, layup missed",0,2,2PT,153,30
130833,29462-20-20,,ARG,BRA,Q2,8:35,19,27,14,ARG,409023,Joaquin,Celiz,9,P2,2pt pullup jump shot made,1,2,2PT,177,115
130833,29462-20-20,,ARG,BRA,Q2,8:16,19,28,27,BRA,405101,Pietro,Melo,10,FT,1st of 2 free throws made,1,1,FT,0,0
130833,29462-20-20,,ARG,BRA,Q2,8:16,19,29,27,BRA,405101,Pietro,Melo,10,FT,2nd of 2 free throws made,1,1,FT,0,0
130833,29462-20-20,,ARG,BRA,Q2,8:03,19,29,14,ARG,408872,Bautista,Gobetti,6,P3,3pt jump shot missed,0,3,3PT,15,33
130833,29462-20-20,,ARG,BRA,Q2,7:56,19,29,27,BRA,406939,Cristian,Ferreira,33,FT,1st of 2 free throws missed,0,1,FT,0,0
130833,29462-20-20,,ARG,BRA,Q2,7:56,19,29,27,BRA,406939,Cristian,Ferreira,33,FT,2nd of 2 free throws missed,0,1,FT,0,0
130833,29462-20-20,,ARG,BRA,Q2,7:20,19,31,27,BRA,405101,Pietro,Melo,10,P2,"2PtsFG under the basket, points after turnover, driving layup made",1,2,2PT,121,35
130833,29462-20-20,,ARG,BRA,Q2,7:04,22,31,14,ARG,408857,Joaquin,Caumo,10,P3,3pt step back jump shot made,1,3,3PT,168,164
130833,29462-20-20,,ARG,BRA,Q2,6:44,22,31,27,BRA,405101,Pietro,Melo,10,P2,"2PtsFG under the basket, layup missed",0,2,2PT,154,38
130833,29462-20-20,,ARG,BRA,Q2,6:26,22,34,27,BRA,405082,Caio,Mathias,2,P3,3pt jump shot made,1,3,3PT,267,38
130833,29462-20-20,,ARG,BRA,Q2,6:07,22,34,14,ARG,408857,Joaquin,Caumo,10,P2,"2PtsFG under the basket, layup missed",0,2,2PT,126,43
130833,29462-20-20,,ARG,BRA,Q2,5:52,22,35,27,BRA,405101,Pietro,Melo,10,FT,1st of 3 free throws made,1,1,FT,0,0
130833,29462-20-20,,ARG,BRA,Q2,5:52,22,36,27,BRA,405101,Pietro,Melo,10,FT,2nd of 3 free throws made,1,1,FT,0,0
130833,29462-20-20,,ARG,BRA,Q2,5:52,22,37,27,BRA,405101,Pietro,Melo,10,FT,3rd of 3 free throws made,1,1,FT,0,0
130833,29462-20-20,,ARG,BRA,Q2,5:30,22,37,14,ARG,408860,Mateo,Fessia,12,P3,3pt jump shot missed,0,3,3PT,44,132
130833,29462-20-20,,ARG,BRA,Q2,5:15,22,37,27,BRA,405108,Matheus,Nascimento,3,P3,3pt jump shot missed,0,3,3PT,252,110
130833,29462-20-20,,ARG,BRA,Q2,4:51,22,37,27,BRA,330047,Pedro,Souza,25,P2,2pt pullup jump shot missed,0,2,2PT,98,35
130833,29462-20-20,,ARG,BRA,Q2,4:44,22,38,27,BRA,330047,Pedro,Souza,25,FT,1st of 2 free throws made,1,1,FT,0,0
130833,29462-20-20,,ARG,BRA,Q2,4:44,22,39,27,BRA,330047,Pedro,Souza,25,FT,2nd of 2 free throws made,1,1,FT,0,0
130833,29462-20-20,,ARG,BRA,Q2,4:38,22,39,14,ARG,409151,Santiago,Pettinaroli,14,P3,3pt jump shot from center missed,0,3,3PT,142,169
130833,29462-20-20,,ARG,BRA,Q2,4:06,22,39,27,BRA,330047,Pedro,Souza,25,P2,layup missed,0,2,2PT,115,33
130833,29462-20-20,,ARG,BRA,Q2,3:59,22,41,27,BRA,405103,João Marcelo,De Rinalde,99,P2,"2PtsFG under the basket, points from second chance + after turnover made",1,2,2PT,140,31
130833,29462-20-20,,ARG,BRA,Q2,3:52,23,41,14,ARG,362126,Benjamin,Pettovello,2,FT,1st of 2 free throws made,1,1,FT,0,0
130833,29462-20-20,,ARG,BRA,Q2,3:52,24,41,14,ARG,362126,Benjamin,Pettovello,2,FT,2nd of 2 free throws made,1,1,FT,0,0
130833,29462-20-20,,ARG,BRA,Q2,3:39,24,41,27,BRA,361295,Joao Gabriel,Fernandes,8,P3,3pt jump shot missed,0,3,3PT,10,56
130833,29462-20-20,,ARG,BRA,Q2,3:34,24,41,27,BRA,405108,Matheus,Nascimento,3,P3,3pt jump shot missed,0,3,3PT,197,156
130833,29462-20-20,,ARG,BRA,Q2,3:25,24,44,27,BRA,330047,Pedro,Souza,25,P3,3pt jump shot made,1,3,3PT,30,112
130833,29462-20-20,,ARG,BRA,Q2,3:10,26,44,14,ARG,408871,Manuel,Hernandez,4,P2,"2PtsFG under the basket, layup made",1,2,2PT,149,29
130833,29462-20-20,,ARG,BRA,Q2,2:52,26,44,27,BRA,361295,Joao Gabriel,Fernandes,8,P3,3pt jump shot missed,0,3,3PT,11,42
130833,29462-20-20,,ARG,BRA,Q2,2:49,26,44,14,ARG,408870,Gonzalo,Aman,8,FT,1st of 2 free throws missed,0,1,FT,0,0
130833,29462-20-20,,ARG,BRA,Q2,2:49,26,44,14,ARG,408870,Gonzalo,Aman,8,FT,2nd of 2 free throws missed,0,1,FT,0,0
130833,29462-20-20,,ARG,BRA,Q2,2:40,26,45,27,BRA,405101,Pietro,Melo,10,FT,1st of 2 free throws made,1,1,FT,0,0
130833,29462-20-20,,ARG,BRA,Q2,2:40,26,46,27,BRA,405101,Pietro,Melo,10,FT,2nd of 2 free throws made,1,1,FT,0,0
130833,29462-20-20,,ARG,BRA,Q2,2:22,26,46,14,ARG,362126,Benjamin,Pettovello,2,P2,2pt turnaround jump shot missed,0,2,2PT,153,53
130833,29462-20-20,,ARG,BRA,Q2,2:11,26,46,27,BRA,405101,Pietro,Melo,10,P3,3pt step back jump shot missed,0,3,3PT,21,82
130833,29462-20-20,,ARG,BRA,Q2,2:03,26,49,27,BRA,405082,Caio,Mathias,2,P3,3pt jump shot made,1,3,3PT,36,135
130833,29462-20-20,,ARG,BRA,Q2,1:49,26,49,14,ARG,408871,Manuel,Hernandez,4,P3,3pt jump shot missed,0,3,3PT,272,41
130833,29462-20-20,,ARG,BRA,Q2,1:36,28,49,14,ARG,409151,Santiago,Pettinaroli,14,P2,"2PtsFG under the basket, points from fastbreak + after turnover, layup made",1,2,2PT,126,27
130833,29462-20-20,,ARG,BRA,Q2,1:19,28,51,27,BRA,405103,João Marcelo,De Rinalde,99,P2,"2PtsFG under the basket, layup made",1,2,2PT,118,37
130833,29462-20-20,,ARG,BRA,Q2,1:07,29,51,14,ARG,362126,Benjamin,Pettovello,2,FT,1st of 2 free throws made,1,1,FT,0,0
130833,29462-20-20,,ARG,BRA,Q2,1:07,29,51,14,ARG,362126,Benjamin,Pettovello,2,FT,2nd of 2 free throws missed,0,1,FT,0,0
130833,29462-20-20,,ARG,BRA,Q2,0:56,29,51,27,BRA,405100,João,Bandiera,11,P3,3pt jump shot missed,0,3,3PT,266,29
130833,29462-20-20,,ARG,BRA,Q2,0:43,29,51,14,ARG,408870,Gonzalo,Aman,8,P2,2pt fadeaway jump shot missed,0,2,2PT,107,72
130833,29462-20-20,,ARG,BRA,Q2,0:27,29,51,27,BRA,330047,Pedro,Souza,25,P2,layup missed,0,2,2PT,157,56
130833,29462-20-20,,ARG,BRA,Q2,0:20,30,51,14,ARG,409151,Santiago,Pettinaroli,14,FT,1st of 2 free throws made,1,1,FT,0,0
130833,29462-20-20,,ARG,BRA,Q2,0:20,31,51,14,ARG,409151,Santiago,Pettinaroli,14,FT,2nd of 2 free throws made,1,1,FT,0,0
130833,29462-20-20,,ARG,BRA,Q2,0:03,31,51,27,BRA,330039,Joao,Neves,14,P3,3pt jump shot missed,0,3,3PT,11,50
130833,29462-20-20,,ARG,BRA,Q3,9:41,31,51,14,ARG,408871,Manuel,Hernandez,4,P3,3pt jump shot missed,0,3,3PT,20,103
130833,29462-20-20,,ARG,BRA,Q3,9:29,31,51,14,ARG,408870,Gonzalo,Aman,8,P2,"2PtsFG under the basket, fadeaway jump shot missed",0,2,2PT,156,28
130833,29462-20-20,,ARG,BRA,Q3,9:19,31,51,27,BRA,330039,Joao,Neves,14,P3,3pt jump shot from center missed,0,3,3PT,150,166
130833,29462-20-20,,ARG,BRA,Q3,9:01,33,51,14,ARG,408872,Bautista,Gobetti,6,P2,layup made,1,2,2PT,166,37
130833,29462-20-20,,ARG,BRA,Q3,8:52,33,51,27,BRA,331414,Isaiah,Santos,45,P2,2pt jump shot missed,0,2,2PT,26,40
130833,29462-20-20,,ARG,BRA,Q3,8:39,33,51,14,ARG,362126,Benjamin,Pettovello,2,P2,2pt floating jump shot missed,0,2,2PT,86,53
130833,29462-20-20,,ARG,BRA,Q3,8:21,33,51,27,BRA,331414,Isaiah,Santos,45,FT,1st of 2 free throws missed,0,1,FT,0,0
130833,29462-20-20,,ARG,BRA,Q3,8:21,33,52,27,BRA,331414,Isaiah,Santos,45,FT,2nd of 2 free throws made,1,1,FT,0,0
130833,29462-20-20,,ARG,BRA,Q3,7:53,33,54,27,BRA,331414,Isaiah,Santos,45,P2,"2PtsFG inside left wing, points after turnover, jump shot made",1,2,2PT,30,37
130833,29462-20-20,,ARG,BRA,Q3,7:38,35,54,14,ARG,409151,Santiago,Pettinaroli,14,P2,"2PtsFG under the basket, layup made",1,2,2PT,154,39
130833,29462-20-20,,ARG,BRA,Q3,7:27,35,56,27,BRA,331414,Isaiah,Santos,45,P2,"2PtsFG under the basket, layup made",1,2,2PT,120,36
130833,29462-20-20,,ARG,BRA,Q3,7:21,35,56,14,ARG,408870,Gonzalo,Aman,8,P3,3pt jump shot missed,0,3,3PT,215,154
130833,29462-20-20,,ARG,BRA,Q3,7:08,35,57,27,BRA,405101,Pietro,Melo,10,FT,1st free throw made,1,1,FT,0,0
130833,29462-20-20,,ARG,BRA,Q3,7:05,35,59,27,BRA,330039,Joao,Neves,14,P2,layup made,1,2,2PT,140,75
130833,29462-20-20,,ARG,BRA,Q3,5:51,35,59,14,ARG,409174,Juan,Marquez,15,P2,2pt hook shot missed,0,2,2PT,115,50
130833,29462-20-20,,ARG,BRA,Q3,5:22,38,59,14,ARG,408857,Joaquin,Caumo,10,P3,3pt jump shot made,1,3,3PT,130,185
130833,29462-20-20,,ARG,BRA,Q3,5:11,38,59,27,BRA,331414,Isaiah,Santos,45,P3,3pt jump shot missed,0,3,3PT,250,109
130833,29462-20-20,,ARG,BRA,Q3,5:03,38,59,14,ARG,408857,Joaquin,Caumo,10,P3,3pt jump shot from center missed,0,3,3PT,175,162
130833,29462-20-20,,ARG,BRA,Q3,4:58,41,59,14,ARG,408872,Bautista,Gobetti,6,P3,3pt jump shot made,1,3,3PT,263,94
130833,29462-20-20,,ARG,BRA,Q3,4:26,43,59,14,ARG,408857,Joaquin,Caumo,10,P2,"2PtsFG under the basket, points after turnover, hook shot made",1,2,2PT,157,29
130833,29462-20-20,,ARG,BRA,Q3,4:26,43,59,14,ARG,408857,Joaquin,Caumo,10,FT,1st free throw missed,0,1,FT,0,0
130833,29462-20-20,,ARG,BRA,Q3,4:17,43,59,27,BRA,330047,Pedro,Souza,25,P3,3pt jump shot missed,0,3,3PT,226,150
130833,29462-20-20,,ARG,BRA,Q3,4:15,43,59,14,ARG,408857,Joaquin,Caumo,10,FT,1st free throw missed,0,1,FT,0,0
130833,29462-20-20,,ARG,BRA,Q3,4:12,43,59,27,BRA,374721,Eduardo,Santos,50,P3,3pt jump shot missed,0,3,3PT,72,157
130833,29462-20-20,,ARG,BRA,Q3,3:57,43,59,14,ARG,409151,Santiago,Pettinaroli,14,P3,3pt jump shot missed,0,3,3PT,8,38
130833,29462-20-20,,ARG,BRA,Q3,3:51,43,59,14,ARG,408872,Bautista,Gobetti,6,P3,3pt jump shot missed,0,3,3PT,13,51
130833,29462-20-20,,ARG,BRA,Q3,3:39,43,59,27,BRA,330047,Pedro,Souza,25,P2,"2PtsFG under the basket, layup missed",0,2,2PT,131,36
130833,29462-20-20,,ARG,BRA,Q3,3:35,43,59,14,ARG,409151,Santiago,Pettinaroli,14,FT,1st free throw missed,0,1,FT,0,0
130833,29462-20-20,,ARG,BRA,Q3,3:35,43,59,14,ARG,409151,Santiago,Pettinaroli,14,FT,1st of 2 free throws missed,0,1,FT,0,0
130833,29462-20-20,,ARG,BRA,Q3,3:35,44,59,14,ARG,409151,Santiago,Pettinaroli,14,FT,2nd of 2 free throws made,1,1,FT,0,0
130833,29462-20-20,,ARG,BRA,Q3,3:23,44,59,27,BRA,405082,Caio,Mathias,2,P3,3pt jump shot missed,0,3,3PT,221,167
130833,29462-20-20,,ARG,BRA,Q3,3:15,47,59,14,ARG,398746,Roman,Moravansky,11,P3,3pt jump shot made,1,3,3PT,23,89
130833,29462-20-20,,ARG,BRA,Q3,3:04,47,60,27,BRA,405101,Pietro,Melo,10,FT,1st of 2 free throws made,1,1,FT,0,0
130833,29462-20-20,,ARG,BRA,Q3,3:04,47,61,27,BRA,405101,Pietro,Melo,10,FT,2nd of 2 free throws made,1,1,FT,0,0
130833,29462-20-20,,ARG,BRA,Q3,2:22,49,61,14,ARG,408857,Joaquin,Caumo,10,P2,"2PtsFG under the basket, points from fastbreak + after turnover, layup made",1,2,2PT,161,32
130833,29462-20-20,,ARG,BRA,Q3,2:10,51,61,14,ARG,408857,Joaquin,Caumo,10,P2,"2PtsFG under the basket, points from fastbreak + after turnover, layup made",1,2,2PT,153,29
130833,29462-20-20,,ARG,BRA,Q3,1:40,51,63,27,BRA,330047,Pedro,Souza,25,P2,"2PtsFG under the basket, hook shot made",1,2,2PT,123,39
130833,29462-20-20,,ARG,BRA,Q3,1:27,51,63,14,ARG,409023,Joaquin,Celiz,9,P2,"2PtsFG inside center, jump shot missed",0,2,2PT,102,106
130833,29462-20-20,,ARG,BRA,Q3,1:03,51,65,27,BRA,330047,Pedro,Souza,25,P2,"2PtsFG under the basket, layup made",1,2,2PT,151,34
130833,29462-20-20,,ARG,BRA,Q3,0:43,51,65,14,ARG,408857,Joaquin,Caumo,10,P3,3pt jump shot from center missed,0,3,3PT,181,159
130833,29462-20-20,,ARG,BRA,Q3,0:36,51,67,27,BRA,330039,Joao,Neves,14,P2,"2PtsFG under the basket, fast break, layup made",1,2,2PT,154,36
130833,29462-20-20,,ARG,BRA,Q3,0:27,51,67,14,ARG,408857,Joaquin,Caumo,10,P2,2pt fadeaway jump shot missed,0,2,2PT,147,95
130833,29462-20-20,,ARG,BRA,Q3,0:10,51,67,27,BRA,330039,Joao,Neves,14,P3,3pt pullup jump shot missed,0,3,3PT,139,165
130833,29462-20-20,,ARG,BRA,Q3,0:08,51,69,27,BRA,406939,Cristian,Ferreira,33,P2,"2PtsFG under the basket, layup made",1,2,2PT,153,39
130833,29462-20-20,,ARG,BRA,Q3,0:08,51,70,27,BRA,406939,Cristian,Ferreira,33,FT,free throw made,1,1,FT,0,0
130833,29462-20-20,,ARG,BRA,Q3,0:02,51,70,14,ARG,409023,Joaquin,Celiz,9,P3,3pt jump shot from center missed,0,3,3PT,172,171
130833,29462-20-20,,ARG,BRA,Q4,9:37,51,70,27,BRA,330039,Joao,Neves,14,P2,layup missed,0,2,2PT,156,52
130833,29462-20-20,,ARG,BRA,Q4,9:30,53,70,14,ARG,409151,Santiago,Pettinaroli,14,P2,layup made,1,2,2PT,119,51
130833,29462-20-20,,ARG,BRA,Q4,9:13,53,70,27,BRA,405108,Matheus,Nascimento,3,P3,3pt jump shot missed,0,3,3PT,64,155
130833,29462-20-20,,ARG,BRA,Q4,9:05,55,70,14,ARG,408857,Joaquin,Caumo,10,P2,"2PtsFG under the basket, fast break, layup made",1,2,2PT,124,32
130833,29462-20-20,,ARG,BRA,Q4,8:43,55,70,27,BRA,405082,Caio,Mathias,2,P3,3pt jump shot missed,0,3,3PT,229,132
130833,29462-20-20,,ARG,BRA,Q4,8:36,56,70,14,ARG,409023,Joaquin,Celiz,9,FT,1st free throw made,1,1,FT,0,0
130833,29462-20-20,,ARG,BRA,Q4,8:18,56,70,14,ARG,408872,Bautista,Gobetti,6,P2,"2PtsFG under the basket, layup missed",0,2,2PT,119,31
130833,29462-20-20,,ARG,BRA,Q4,8:08,56,70,27,BRA,405108,Matheus,Nascimento,3,P3,3pt jump shot missed,0,3,3PT,231,145
130833,29462-20-20,,ARG,BRA,Q4,8:03,57,70,14,ARG,409151,Santiago,Pettinaroli,14,FT,1st of 2 free throws made,1,1,FT,0,0
130833,29462-20-20,,ARG,BRA,Q4,8:03,57,70,14,ARG,409151,Santiago,Pettinaroli,14,FT,2nd of 2 free throws missed,0,1,FT,0,0
130833,29462-20-20,,ARG,BRA,Q4,7:46,57,73,27,BRA,330047,Pedro,Souza,25,P3,3pt jump shot from center made,1,3,3PT,168,173
130833,29462-20-20,,ARG,BRA,Q4,7:26,57,73,14,ARG,398746,Roman,Moravansky,11,P2,"2PtsFG under the basket, layup missed",0,2,2PT,119,35
130833,29462-20-20,,ARG,BRA,Q4,7:18,57,75,27,BRA,330047,Pedro,Souza,25,P2,"2PtsFG under the basket, fast break, layup made",1,2,2PT,117,36
130833,29462-20-20,,ARG,BRA,Q4,7:03,57,75,14,ARG,408857,Joaquin,Caumo,10,P3,3pt jump shot missed,0,3,3PT,32,121
130833,29462-20-20,,ARG,BRA,Q4,6:58,59,75,14,ARG,409151,Santiago,Pettinaroli,14,P2,2PtsFG under the basket made,1,2,2PT,140,31
130833,29462-20-20,,ARG,BRA,Q4,6:34,59,75,14,ARG,408857,Joaquin,Caumo,10,FT,Free throw missed 1 of 2,0,1,FT,0,0
130833,29462-20-20,,ARG,BRA,Q4,6:34,60,75,14,ARG,408857,Joaquin,Caumo,10,FT,Free throw made 2 of 2,1,1,FT,0,0
130833,29462-20-20,,ARG,BRA,Q4,6:11,60,75,27,BRA,330047,Pedro,Souza,25,P3,3pt jump shot from center missed,0,3,3PT,146,192
130833,29462-20-20,,ARG,BRA,Q4,6:04,60,75,14,ARG,409151,Santiago,Pettinaroli,14,P2,"2PtsFG under the basket, layup missed",0,2,2PT,154,36
130833,29462-20-20,,ARG,BRA,Q4,5:39,60,75,14,ARG,409023,Joaquin,Celiz,9,P3,3pt step back jump shot missed,0,3,3PT,16,118
130833,29462-20-20,,ARG,BRA,Q4,5:27,60,75,27,BRA,331414,Isaiah,Santos,45,P2,"2PtsFG under the basket, layup missed",0,2,2PT,155,37
130833,29462-20-20,,ARG,BRA,Q4,5:22,60,77,27,BRA,406939,Cristian,Ferreira,33,P2,2PtsFG under the basket made,1,2,2PT,140,31
130833,29462-20-20,,ARG,BRA,Q4,5:07,60,77,14,ARG,408857,Joaquin,Caumo,10,P2,layup missed,0,2,2PT,165,38
130833,29462-20-20,,ARG,BRA,Q4,4:59,60,77,14,ARG,409151,Santiago,Pettinaroli,14,P2,2pt fadeaway jump shot missed,0,2,2PT,191,45
130833,29462-20-20,,ARG,BRA,Q4,4:35,60,80,27,BRA,331414,Isaiah,Santos,45,P3,3pt jump shot made,1,3,3PT,9,33
130833,29462-20-20,,ARG,BRA,Q4,4:23,60,80,14,ARG,409151,Santiago,Pettinaroli,14,FT,1st of 2 free throws missed,0,1,FT,0,0
130833,29462-20-20,,ARG,BRA,Q4,4:23,61,80,14,ARG,409151,Santiago,Pettinaroli,14,FT,2nd of 2 free throws made,1,1,FT,0,0
130833,29462-20-20,,ARG,BRA,Q4,4:23,61,80,27,BRA,405100,João,Bandiera,11,FT,1st of 2 free throws missed,0,1,FT,0,0
130833,29462-20-20,,ARG,BRA,Q4,4:23,61,81,27,BRA,405100,João,Bandiera,11,FT,2nd of 2 free throws made,1,1,FT,0,0
130833,29462-20-20,,ARG,BRA,Q4,4:19,61,84,27,BRA,330047,Pedro,Souza,25,P3,3pt jump shot made,1,3,3PT,15,41
130833,29462-20-20,,ARG,BRA,Q4,4:14,61,84,14,ARG,409023,Joaquin,Celiz,9,FT,1st free throw missed,0,1,FT,0,0
130833,29462-20-20,,ARG,BRA,Q4,4:00,63,84,14,ARG,409023,Joaquin,Celiz,9,P2,"2PtsFG under the basket, layup made",1,2,2PT,158,28
130833,29462-20-20,,ARG,BRA,Q4,4:00,63,84,14,ARG,409023,Joaquin,Celiz,9,FT,1st free throw missed,0,1,FT,0,0
130833,29462-20-20,,ARG,BRA,Q4,3:57,66,84,14,ARG,409023,Joaquin,Celiz,9,P3,3pt jump shot made,1,3,3PT,129,162
130833,29462-20-20,,ARG,BRA,Q4,3:40,66,84,27,BRA,405082,Caio,Mathias,2,P3,3pt jump shot missed,0,3,3PT,267,40
130833,29462-20-20,,ARG,BRA,Q4,3:34,66,86,27,BRA,331414,Isaiah,Santos,45,P2,"2PtsFG under the basket, reverse lay-up made",1,2,2PT,131,30
130833,29462-20-20,,ARG,BRA,Q4,3:34,66,87,27,BRA,331414,Isaiah,Santos,45,FT,free throw made,1,1,FT,0,0
130833,29462-20-20,,ARG,BRA,Q4,3:22,68,87,14,ARG,409021,Elias,Torrens,7,P2,"2PtsFG under the basket, layup made",1,2,2PT,148,32
130833,29462-20-20,,ARG,BRA,Q4,3:04,68,87,27,BRA,405101,Pietro,Melo,10,P3,3pt jump shot from center missed,0,3,3PT,202,176
130833,29462-20-20,,ARG,BRA,Q4,2:47,68,87,14,ARG,398746,Roman,Moravansky,11,P3,3pt jump shot missed,0,3,3PT,12,50
130833,29462-20-20,,ARG,BRA,Q4,2:28,68,87,27,BRA,405101,Pietro,Melo,10,P3,3pt step back jump shot missed,0,3,3PT,214,157
130833,29462-20-20,,ARG,BRA,Q4,2:25,68,87,14,ARG,408860,Mateo,Fessia,12,FT,1st of 2 free throws missed,0,1,FT,0,0
130833,29462-20-20,,ARG,BRA,Q4,2:25,69,87,14,ARG,408860,Mateo,Fessia,12,FT,2nd of 2 free throws made,1,1,FT,0,0
130833,29462-20-20,,ARG,BRA,Q4,2:05,69,88,27,BRA,405101,Pietro,Melo,10,FT,1st of 2 free throws made,1,1,FT,0,0
130833,29462-20-20,,ARG,BRA,Q4,2:05,69,89,27,BRA,405101,Pietro,Melo,10,FT,2nd of 2 free throws made,1,1,FT,0,0
130833,29462-20-20,,ARG,BRA,Q4,1:54,71,89,14,ARG,408860,Mateo,Fessia,12,P2,"2PtsFG under the basket, layup made",1,2,2PT,148,31
130833,29462-20-20,,ARG,BRA,Q4,1:34,74,89,14,ARG,408857,Joaquin,Caumo,10,P3,3pt jump shot made,1,3,3PT,37,119
130833,29462-20-20,,ARG,BRA,Q4,1:15,74,90,27,BRA,405101,Pietro,Melo,10,FT,1st free throw made,1,1,FT,0,0
130833,29462-20-20,,ARG,BRA,Q4,1:05,74,92,27,BRA,405108,Matheus,Nascimento,3,P2,"2PtsFG under the basket, points after turnover, layup made",1,2,2PT,121,36
130833,29462-20-20,,ARG,BRA,Q4,0:59,74,92,14,ARG,408857,Joaquin,Caumo,10,P3,3pt jump shot missed,0,3,3PT,25,100
130833,29462-20-20,,ARG,BRA,Q4,0:41,74,95,27,BRA,330039,Joao,Neves,14,P3,3pt jump shot made,1,3,3PT,19,84
130833,29462-20-20,,ARG,BRA,Q4,0:38,75,95,14,ARG,409023,Joaquin,Celiz,9,FT,1st free throw made,1,1,FT,0,0
130833,29462-20-20,,ARG,BRA,Q4,0:30,76,95,14,ARG,408857,Joaquin,Caumo,10,FT,1st of 2 free throws made,1,1,FT,0,0
130833,29462-20-20,,ARG,BRA,Q4,0:30,77,95,14,ARG,408857,Joaquin,Caumo,10,FT,2nd of 2 free throws made,1,1,FT,0,0
130833,29462-20-20,,ARG,BRA,Q4,0:30,77,96,27,BRA,330039,Joao,Neves,14,FT,1st of 2 free throws made,1,1,FT,0,0
130833,29462-20-20,,ARG,BRA,Q4,0:30,77,97,27,BRA,330039,Joao,Neves,14,FT,2nd of 2 free throws made,1,1,FT,0,0
130833,29462-20-20,,ARG,BRA,Q4,0:04,77,97,27,BRA,330039,Joao,Neves,14,FT,1st of 2 free throws missed,0,1,FT,0,0
130833,29462-20-20,,ARG,BRA,Q4,0:04,77,98,27,BRA,330039,Joao,Neves,14,FT,2nd of 2 free throws made,1,1,FT,0,0
