IdPartido,Fecha,Equipo_local,Equipo_visitante,NumAccion,Tipo,Equipo_lado,Dorsal,Jugador,Periodo,Tiempo,Marcador_local,Marcador_visitante
125521,10/12/2025,URU,ARG,0,INICIO-PARTIDO,,,,1,10:00,0,0
125521,10/12/2025,URU,ARG,1,INICIO-PERIODO,,,,1,10:00,0,0
125521,10/12/2025,URU,ARG,2,CAMBIO-JUGADOR-ENTRA,LOCAL,11,"TESTA, NICOLAS",1,10:00,0,0
125521,10/12/2025,URU,ARG,3,CAMBIO-JUGADOR-ENTRA,LOCAL,10,"GOMEZ, LAUTARO",1,10:00,0,0
125521,10/12/2025,URU,ARG,4,CAMBIO-JUGADOR-ENTRA,LOCAL,15,"VENET, GABRIEL",1,10:00,0,0
125521,10/12/2025,URU,ARG,5,CAMBIO-JUGADOR-ENTRA,LOCAL,19,"FATA, GABRIEL",1,10:00,0,0
125521,10/12/2025,URU,ARG,6,CAMBIO-JUGADOR-ENTRA,LOCAL,22,"OROZCO, LUCAS",1,10:00,0,0
125521,10/12/2025,URU,ARG,7,CAMBIO-JUGADOR-ENTRA,VISITANTE,2,"PETTOVELLO, BENJAMIN",1,10:00,0,0
125521,10/12/2025,URU,ARG,8,CAMBIO-JUGADOR-ENTRA,VISITANTE,4,"HERNANDEZ, MANUEL",1,10:00,0,0
125521,10/12/2025,URU,ARG,9,CAMBIO-JUGADOR-ENTRA,VISITANTE,5,"CORNALIS, FACUNDO",1,10:00,0,0
125521,10/12/2025,URU,ARG,10,CAMBIO-JUGADOR-ENTRA,VISITANTE,8,"AMAN, GONZALO",1,10:00,0,0
125521,10/12/2025,URU,ARG,11,CAMBIO-JUGADOR-ENTRA,VISITANTE,14,"PETTINAROLI, SANTIAGO",1,10:00,0,0
125521,10/12/2025,URU,ARG,12,JUMP-BALL,,,,1,10:00,0,0
125521,10/12/2025,URU,ARG,13,JUMP-BALL,LOCAL,11,"TESTA, NICOLAS",1,9:56,0,0
125521,10/12/2025,URU,ARG,14,JUMP-BALL,VISITANTE,2,"PETTOVELLO, BENJAMIN",1,9:56,0,0
125521,10/12/2025,URU,ARG,15,TIRO3-FALLADO,LOCAL,15,"VENET, GABRIEL",1,9:46,0,0
125521,10/12/2025,URU,ARG,16,REBOTE-OFENSIVO,LOCAL,10,"GOMEZ, LAUTARO",1,9:40,0,0
125521,10/12/2025,URU,ARG,17,TIRO2-FALLADO,LOCAL,19,"FATA, GABRIEL",1,9:38,0,0
125521,10/12/2025,URU,ARG,18,REBOTE-OFENSIVO,LOCAL,10,"GOMEZ, LAUTARO",1,9:35,0,0
125521,10/12/2025,URU,ARG,19,TIRO2-FALLADO,LOCAL,10,"GOMEZ, LAUTARO",1,9:35,0,0
125521,10/12/2025,URU,ARG,20,REBOTE-OFENSIVO,LOCAL,11,"TESTA, NICOLAS",1,9:31,0,0
125521,10/12/2025,URU,ARG,21,CANASTA-3P,LOCAL,11,"TESTA, NICOLAS",1,9:29,3,0
125521,10/12/2025,URU,ARG,22,ASISTENCIA,LOCAL,19,"FATA, GABRIEL",1,9:29,3,0
125521,10/12/2025,URU,ARG,23,TIRO3-FALLADO,VISITANTE,4,"HERNANDEZ, MANUEL",1,9:11,3,0
125521,10/12/2025,URU,ARG,24,REBOTE-DEFENSIVO,LOCAL,10,"GOMEZ, LAUTARO",1,9:05,3,0
125521,10/12/2025,URU,ARG,25,PERDIDA,LOCAL,11,"TESTA, NICOLAS",1,9:00,3,0
125521,10/12/2025,URU,ARG,26,FALTA-COMETIDA,LOCAL,15,"VENET, GABRIEL",1,8:49,3,0
125521,10/12/2025,URU,ARG,27,FALTA-RECIBIDA,VISITANTE,8,"AMAN, GONZALO",1,8:49,3,0
125521,10/12/2025,URU,ARG,28,TIRO1-FALLADO,VISITANTE,8,"AMAN, GONZALO",1,8:49,3,0
125521,10/12/2025,URU,ARG,29,TIRO1-FALLADO,VISITANTE,8,"AMAN, GONZALO",1,8:49,3,0
125521,10/12/2025,URU,ARG,30,REBOTE-DEFENSIVO,LOCAL,10,"GOMEZ, LAUTARO",1,8:49,3,0
125521,10/12/2025,URU,ARG,31,TIRO2-FALLADO,LOCAL,10,"GOMEZ, LAUTARO",1,8:37,3,0
125521,10/12/2025,URU,ARG,32,TAPON-COMETIDO,VISITANTE,2,"PETTOVELLO, BENJAMIN",1,8:37,3,0
125521,10/12/2025,URU,ARG,33,REBOTE-DEFENSIVO,VISITANTE,8,"AMAN, GONZALO",1,8:27,3,0
125521,10/12/2025,URU,ARG,34,TIRO3-FALLADO,VISITANTE,5,"CORNALIS, FACUNDO",1,8:25,3,0
125521,10/12/2025,URU,ARG,35,REBOTE-DEFENSIVO,LOCAL,19,"FATA, GABRIEL",1,8:21,3,0
125521,10/12/2025,URU,ARG,36,TIRO2-FALLADO,LOCAL,10,"GOMEZ, LAUTARO",1,8:13,3,0
125521,10/12/2025,URU,ARG,37,REBOTE-DEFENSIVO,VISITANTE,14,"PETTINAROLI, SANTIAGO",1,8:09,3,0
125521,10/12/2025,URU,ARG,38,CANASTA-3P,VISITANTE,4,"HERNANDEZ, MANUEL",1,8:01,3,3
125521,10/12/2025,URU,ARG,39,ASISTENCIA,VISITANTE,2,"PETTOVELLO, BENJAMIN",1,8:01,3,3
125521,10/12/2025,URU,ARG,40,TIRO2-FALLADO,LOCAL,19,"FATA, GABRIEL",1,7:43,3,3
125521,10/12/2025,URU,ARG,41,REBOTE-DEFENSIVO,VISITANTE,14,"PETTINAROLI, SANTIAGO",1,7:37,3,3
125521,10/12/2025,URU,ARG,42,CANASTA-2P,VISITANTE,8,"AMAN, GONZALO",1,7:37,3,5
125521,10/12/2025,URU,ARG,43,FALTA-COMETIDA,LOCAL,15,"VENET, GABRIEL",1,7:37,3,5
125521,10/12/2025,URU,ARG,44,FALTA-RECIBIDA,VISITANTE,8,"AMAN, GONZALO",1,7:37,3,5
125521,10/12/2025,URU,ARG,45,CAMBIO-JUGADOR-SALE,LOCAL,15,"VENET, GABRIEL",1,7:37,3,5
125521,10/12/2025,URU,ARG,46,CAMBIO-JUGADOR-ENTRA,LOCAL,5,"IZUIBEJERES, FACUNDO",1,7:37,3,5
125521,10/12/2025,URU,ARG,47,CANASTA-1P,VISITANTE,8,"AMAN, GONZALO",1,7:37,3,6
125521,10/12/2025,URU,ARG,48,TIRO3-FALLADO,LOCAL,5,"IZUIBEJERES, FACUNDO",1,7:25,3,6
125521,10/12/2025,URU,ARG,49,REBOTE-DEFENSIVO,VISITANTE,8,"AMAN, GONZALO",1,7:20,3,6
125521,10/12/2025,URU,ARG,50,FALTA-COMETIDA,LOCAL,5,"IZUIBEJERES, FACUNDO",1,7:17,3,6
125521,10/12/2025,URU,ARG,51,FALTA-RECIBIDA,VISITANTE,2,"PETTOVELLO, BENJAMIN",1,7:17,3,6
125521,10/12/2025,URU,ARG,52,CANASTA-1P,VISITANTE,2,"PETTOVELLO, BENJAMIN",1,7:17,3,7
125521,10/12/2025,URU,ARG,53,ASISTENCIA,VISITANTE,8,"AMAN, GONZALO",1,7:17,3,7
125521,10/12/2025,URU,ARG,54,CANASTA-1P,VISITANTE,2,"PETTOVELLO, BENJAMIN",1,7:17,3,8
125521,10/12/2025,URU,ARG,55,TIRO3-FALLADO,LOCAL,22,"OROZCO, LUCAS",1,7:00,3,8
125521,10/12/2025,URU,ARG,56,REBOTE-DEFENSIVO,VISITANTE,4,"HERNANDEZ, MANUEL",1,6:58,3,8
125521,10/12/2025,URU,ARG,57,JUMP-BALL,VISITANTE,,,1,6:58,3,8
125521,10/12/2025,URU,ARG,58,TIRO3-FALLADO,VISITANTE,4,"HERNANDEZ, MANUEL",1,6:45,3,8
125521,10/12/2025,URU,ARG,59,REBOTE-OFENSIVO,VISITANTE,,,1,6:41,3,8
125521,10/12/2025,URU,ARG,60,CAMBIO-JUGADOR-SALE,LOCAL,22,"OROZCO, LUCAS",1,6:37,3,8
125521,10/12/2025,URU,ARG,61,CAMBIO-JUGADOR-ENTRA,LOCAL,4,"PASTRANA, MANUEL",1,6:37,3,8
125521,10/12/2025,URU,ARG,62,TIRO3-FALLADO,VISITANTE,8,"AMAN, GONZALO",1,6:29,3,8
125521,10/12/2025,URU,ARG,63,REBOTE-OFENSIVO,VISITANTE,4,"HERNANDEZ, MANUEL",1,6:23,3,8
125521,10/12/2025,URU,ARG,64,TIRO2-FALLADO,VISITANTE,4,"HERNANDEZ, MANUEL",1,6:23,3,8
125521,10/12/2025,URU,ARG,65,REBOTE-OFENSIVO,VISITANTE,4,"HERNANDEZ, MANUEL",1,6:18,3,8
125521,10/12/2025,URU,ARG,66,PERDIDA,VISITANTE,5,"CORNALIS, FACUNDO",1,6:16,3,8
125521,10/12/2025,URU,ARG,67,RECUPERACION,LOCAL,10,"GOMEZ, LAUTARO",1,6:16,3,8
125521,10/12/2025,URU,ARG,68,TIRO3-FALLADO,LOCAL,11,"TESTA, NICOLAS",1,6:09,3,8
125521,10/12/2025,URU,ARG,69,REBOTE-OFENSIVO,LOCAL,4,"PASTRANA, MANUEL",1,6:04,3,8
125521,10/12/2025,URU,ARG,70,CANASTA-2P,LOCAL,10,"GOMEZ, LAUTARO",1,5:56,5,8
125521,10/12/2025,URU,ARG,71,ASISTENCIA,LOCAL,5,"IZUIBEJERES, FACUNDO",1,5:56,5,8
125521,10/12/2025,URU,ARG,72,CANASTA-2P,VISITANTE,4,"HERNANDEZ, MANUEL",1,5:32,5,10
125521,10/12/2025,URU,ARG,73,TIRO2-FALLADO,LOCAL,10,"GOMEZ, LAUTARO",1,5:11,5,10
125521,10/12/2025,URU,ARG,74,REBOTE-OFENSIVO,LOCAL,10,"GOMEZ, LAUTARO",1,5:04,5,10
125521,10/12/2025,URU,ARG,75,FALTA-COMETIDA,VISITANTE,14,"PETTINAROLI, SANTIAGO",1,5:03,5,10
125521,10/12/2025,URU,ARG,76,FALTA-RECIBIDA,LOCAL,19,"FATA, GABRIEL",1,5:03,5,10
125521,10/12/2025,URU,ARG,77,CAMBIO-JUGADOR-SALE,LOCAL,19,"FATA, GABRIEL",1,5:03,5,10
125521,10/12/2025,URU,ARG,78,CAMBIO-JUGADOR-ENTRA,LOCAL,22,"OROZCO, LUCAS",1,5:03,5,10
125521,10/12/2025,URU,ARG,79,CAMBIO-JUGADOR-SALE,VISITANTE,5,"CORNALIS, FACUNDO",1,5:03,5,10
125521,10/12/2025,URU,ARG,80,CAMBIO-JUGADOR-ENTRA,VISITANTE,11,"MORAVANSKY, ROMAN",1,5:03,5,10
125521,10/12/2025,URU,ARG,81,PERDIDA,LOCAL,5,"IZUIBEJERES, FACUNDO",1,4:50,5,10
125521,10/12/2025,URU,ARG,82,RECUPERACION,VISITANTE,4,"HERNANDEZ, MANUEL",1,4:50,5,10
125521,10/12/2025,URU,ARG,83,CANASTA-2P,VISITANTE,14,"PETTINAROLI, SANTIAGO",1,4:45,5,12
125521,10/12/2025,URU,ARG,84,TIEMPO-MUERTO-SOLICITADO,LOCAL,,,1,4:41,5,12
125521,10/12/2025,URU,ARG,85,CANASTA-2P,LOCAL,10,"GOMEZ, LAUTARO",1,4:30,7,12
125521,10/12/2025,URU,ARG,86,ASISTENCIA,LOCAL,5,"IZUIBEJERES, FACUNDO",1,4:30,7,12
125521,10/12/2025,URU,ARG,87,TIRO3-FALLADO,VISITANTE,14,"PETTINAROLI, SANTIAGO",1,4:11,7,12
125521,10/12/2025,URU,ARG,88,REBOTE-DEFENSIVO,LOCAL,4,"PASTRANA, MANUEL",1,4:08,7,12
125521,10/12/2025,URU,ARG,89,CANASTA-2P,LOCAL,10,"GOMEZ, LAUTARO",1,3:51,9,12
125521,10/12/2025,URU,ARG,90,ASISTENCIA,LOCAL,5,"IZUIBEJERES, FACUNDO",1,3:51,9,12
125521,10/12/2025,URU,ARG,91,TIRO3-FALLADO,VISITANTE,8,"AMAN, GONZALO",1,3:32,9,12
125521,10/12/2025,URU,ARG,92,REBOTE-DEFENSIVO,LOCAL,,,1,3:26,9,12
125521,10/12/2025,URU,ARG,93,CAMBIO-JUGADOR-SALE,VISITANTE,8,"AMAN, GONZALO",1,3:26,9,12
125521,10/12/2025,URU,ARG,94,CAMBIO-JUGADOR-ENTRA,VISITANTE,9,"CELIZ, JOAQUIN",1,3:26,9,12
125521,10/12/2025,URU,ARG,95,CANASTA-2P,LOCAL,11,"TESTA, NICOLAS",1,3:05,11,12
125521,10/12/2025,URU,ARG,96,TIEMPO-MUERTO-SOLICITADO,VISITANTE,,,1,3:00,11,12
125521,10/12/2025,URU,ARG,97,CANASTA-3P,VISITANTE,4,"HERNANDEZ, MANUEL",1,2:48,11,15
125521,10/12/2025,URU,ARG,98,ASISTENCIA,VISITANTE,11,"MORAVANSKY, ROMAN",1,2:48,11,15
125521,10/12/2025,URU,ARG,99,TIRO2-FALLADO,LOCAL,11,"TESTA, NICOLAS",1,2:27,11,15
125521,10/12/2025,URU,ARG,100,REBOTE-DEFENSIVO,VISITANTE,2,"PETTOVELLO, BENJAMIN",1,2:24,11,15
125521,10/12/2025,URU,ARG,101,TIRO3-FALLADO,VISITANTE,4,"HERNANDEZ, MANUEL",1,2:19,11,15
125521,10/12/2025,URU,ARG,102,REBOTE-DEFENSIVO,LOCAL,22,"OROZCO, LUCAS",1,2:16,11,15
125521,10/12/2025,URU,ARG,103,PERDIDA,LOCAL,11,"TESTA, NICOLAS",1,2:06,11,15
125521,10/12/2025,URU,ARG,104,CAMBIO-JUGADOR-SALE,LOCAL,10,"GOMEZ, LAUTARO",1,2:05,11,15
125521,10/12/2025,URU,ARG,105,CAMBIO-JUGADOR-ENTRA,LOCAL,13,"RAMÍREZ, VALENTINO",1,2:05,11,15
125521,10/12/2025,URU,ARG,106,CAMBIO-JUGADOR-SALE,VISITANTE,14,"PETTINAROLI, SANTIAGO",1,2:05,11,15
125521,10/12/2025,URU,ARG,107,CAMBIO-JUGADOR-ENTRA,VISITANTE,10,"CAUMO, JOAQUIN",1,2:05,11,15
125521,10/12/2025,URU,ARG,108,PERDIDA,VISITANTE,9,"CELIZ, JOAQUIN",1,1:56,11,15
125521,10/12/2025,URU,ARG,109,CAMBIO-JUGADOR-SALE,LOCAL,11,"TESTA, NICOLAS",1,1:56,11,15
125521,10/12/2025,URU,ARG,110,CAMBIO-JUGADOR-ENTRA,LOCAL,19,"FATA, GABRIEL",1,1:56,11,15
125521,10/12/2025,URU,ARG,111,CAMBIO-JUGADOR-SALE,VISITANTE,2,"PETTOVELLO, BENJAMIN",1,1:56,11,15
125521,10/12/2025,URU,ARG,112,CAMBIO-JUGADOR-ENTRA,VISITANTE,15,"MARQUEZ, JUAN",1,1:56,11,15
125521,10/12/2025,URU,ARG,113,PERDIDA,LOCAL,5,"IZUIBEJERES, FACUNDO",1,1:49,11,15
125521,10/12/2025,URU,ARG,114,RECUPERACION,VISITANTE,10,"CAUMO, JOAQUIN",1,1:49,11,15
125521,10/12/2025,URU,ARG,115,FALTA-COMETIDA,LOCAL,5,"IZUIBEJERES, FACUNDO",1,1:49,11,15
125521,10/12/2025,URU,ARG,116,FALTA-RECIBIDA,VISITANTE,10,"CAUMO, JOAQUIN",1,1:49,11,15
125521,10/12/2025,URU,ARG,117,CANASTA-1P,VISITANTE,10,"CAUMO, JOAQUIN",1,1:49,11,16
125521,10/12/2025,URU,ARG,118,TIRO1-FALLADO,VISITANTE,10,"CAUMO, JOAQUIN",1,1:49,11,16
125521,10/12/2025,URU,ARG,119,TIRO3-FALLADO,VISITANTE,11,"MORAVANSKY, ROMAN",1,1:37,11,16
125521,10/12/2025,URU,ARG,120,REBOTE-OFENSIVO,VISITANTE,4,"HERNANDEZ, MANUEL",1,1:32,11,16
125521,10/12/2025,URU,ARG,121,TIRO2-FALLADO,VISITANTE,10,"CAUMO, JOAQUIN",1,1:25,11,16
125521,10/12/2025,URU,ARG,122,REBOTE-OFENSIVO,VISITANTE,4,"HERNANDEZ, MANUEL",1,1:19,11,16
125521,10/12/2025,URU,ARG,123,CANASTA-2P,VISITANTE,4,"HERNANDEZ, MANUEL",1,1:19,11,18
125521,10/12/2025,URU,ARG,124,CANASTA-3P,LOCAL,19,"FATA, GABRIEL",1,1:06,14,18
125521,10/12/2025,URU,ARG,125,ASISTENCIA,LOCAL,22,"OROZCO, LUCAS",1,1:06,14,18
125521,10/12/2025,URU,ARG,126,CANASTA-3P,VISITANTE,11,"MORAVANSKY, ROMAN",1,0:38,14,21
125521,10/12/2025,URU,ARG,127,ASISTENCIA,VISITANTE,10,"CAUMO, JOAQUIN",1,0:38,14,21
125521,10/12/2025,URU,ARG,128,FALTA-COMETIDA,VISITANTE,11,"MORAVANSKY, ROMAN",1,0:30,14,21
125521,10/12/2025,URU,ARG,129,FALTA-RECIBIDA,LOCAL,19,"FATA, GABRIEL",1,0:30,14,21
125521,10/12/2025,URU,ARG,130,CAMBIO-JUGADOR-SALE,VISITANTE,4,"HERNANDEZ, MANUEL",1,0:30,14,21
125521,10/12/2025,URU,ARG,131,CAMBIO-JUGADOR-ENTRA,VISITANTE,6,"GOBETTI, BAUTISTA",1,0:30,14,21
125521,10/12/2025,URU,ARG,132,CANASTA-2P,LOCAL,13,"RAMÍREZ, VALENTINO",1,0:14,16,21
125521,10/12/2025,URU,ARG,133,ASISTENCIA,LOCAL,19,"FATA, GABRIEL",1,0:14,16,21
125521,10/12/2025,URU,ARG,134,FALTA-COMETIDA,VISITANTE,6,"GOBETTI, BAUTISTA",1,0:14,16,21
125521,10/12/2025,URU,ARG,135,FALTA-RECIBIDA,LOCAL,13,"RAMÍREZ, VALENTINO",1,0:14,16,21
125521,10/12/2025,URU,ARG,136,CAMBIO-JUGADOR-SALE,LOCAL,5,"IZUIBEJERES, FACUNDO",1,0:14,16,21
125521,10/12/2025,URU,ARG,137,CAMBIO-JUGADOR-ENTRA,LOCAL,8,"CRUZ, FEDERICO",1,0:14,16,21
125521,10/12/2025,URU,ARG,138,TIRO1-FALLADO,LOCAL,13,"RAMÍREZ, VALENTINO",1,0:14,16,21
125521,10/12/2025,URU,ARG,139,REBOTE-DEFENSIVO,VISITANTE,9,"CELIZ, JOAQUIN",1,0:14,16,21
125521,10/12/2025,URU,ARG,140,TIRO3-FALLADO,VISITANTE,9,"CELIZ, JOAQUIN",1,0:11,16,21
125521,10/12/2025,URU,ARG,141,REBOTE-OFENSIVO,VISITANTE,,,1,0:10,16,21
125521,10/12/2025,URU,ARG,142,CAMBIO-JUGADOR-ENTRA,VISITANTE,4,"HERNANDEZ, MANUEL",1,0:10,16,21
125521,10/12/2025,URU,ARG,143,CAMBIO-JUGADOR-SALE,VISITANTE,9,"CELIZ, JOAQUIN",1,0:10,16,21
125521,10/12/2025,URU,ARG,144,TIRO2-FALLADO,VISITANTE,11,"MORAVANSKY, ROMAN",1,0:07,16,21
125521,10/12/2025,URU,ARG,145,REBOTE-DEFENSIVO,LOCAL,,,1,0:02,16,21
125521,10/12/2025,URU,ARG,146,FINAL-PERIODO,,,,1,0:00,16,21
125521,10/12/2025,URU,ARG,147,CAMBIO-JUGADOR-SALE,LOCAL,22,"OROZCO, LUCAS",2,10:00,16,21
125521,10/12/2025,URU,ARG,148,CAMBIO-JUGADOR-ENTRA,LOCAL,21,"MICHAELSSON, THIAGO",2,10:00,16,21
125521,10/12/2025,URU,ARG,149,CAMBIO-JUGADOR-SALE,VISITANTE,4,"HERNANDEZ, MANUEL",2,10:00,16,21
125521,10/12/2025,URU,ARG,150,CAMBIO-JUGADOR-ENTRA,VISITANTE,9,"CELIZ, JOAQUIN",2,10:00,16,21
125521,10/12/2025,URU,ARG,151,INICIO-PERIODO,,,,2,10:00,16,21
125521,10/12/2025,URU,ARG,152,TIRO2-FALLADO,LOCAL,19,"FATA, GABRIEL",2,9:45,16,21
125521,10/12/2025,URU,ARG,153,REBOTE-DEFENSIVO,VISITANTE,6,"GOBETTI, BAUTISTA",2,9:40,16,21
125521,10/12/2025,URU,ARG,154,PERDIDA,VISITANTE,11,"MORAVANSKY, ROMAN",2,9:31,16,21
125521,10/12/2025,URU,ARG,155,TIRO3-FALLADO,LOCAL,19,"FATA, GABRIEL",2,9:19,16,21
125521,10/12/2025,URU,ARG,156,REBOTE-DEFENSIVO,VISITANTE,9,"CELIZ, JOAQUIN",2,9:14,16,21
125521,10/12/2025,URU,ARG,157,TIRO2-FALLADO,VISITANTE,15,"MARQUEZ, JUAN",2,8:57,16,21
125521,10/12/2025,URU,ARG,158,REBOTE-DEFENSIVO,LOCAL,8,"CRUZ, FEDERICO",2,8:53,16,21
125521,10/12/2025,URU,ARG,159,CANASTA-2P,LOCAL,21,"MICHAELSSON, THIAGO",2,8:49,18,21
125521,10/12/2025,URU,ARG,160,ASISTENCIA,LOCAL,8,"CRUZ, FEDERICO",2,8:49,18,21
125521,10/12/2025,URU,ARG,161,TIRO2-FALLADO,VISITANTE,10,"CAUMO, JOAQUIN",2,8:31,18,21
125521,10/12/2025,URU,ARG,162,TAPON-COMETIDO,LOCAL,13,"RAMÍREZ, VALENTINO",2,8:31,18,21
125521,10/12/2025,URU,ARG,163,REBOTE-OFENSIVO,VISITANTE,,,2,8:27,18,21
125521,10/12/2025,URU,ARG,164,CAMBIO-JUGADOR-SALE,LOCAL,4,"PASTRANA, MANUEL",2,8:25,18,21
125521,10/12/2025,URU,ARG,165,CAMBIO-JUGADOR-ENTRA,LOCAL,0,"ABAL, TOMAS",2,8:25,18,21
125521,10/12/2025,URU,ARG,166,CAMBIO-JUGADOR-SALE,VISITANTE,6,"GOBETTI, BAUTISTA",2,8:21,18,21
125521,10/12/2025,URU,ARG,167,CAMBIO-JUGADOR-ENTRA,VISITANTE,5,"CORNALIS, FACUNDO",2,8:21,18,21
125521,10/12/2025,URU,ARG,168,CANASTA-3P,VISITANTE,10,"CAUMO, JOAQUIN",2,8:21,18,24
125521,10/12/2025,URU,ARG,169,ASISTENCIA,VISITANTE,5,"CORNALIS, FACUNDO",2,8:21,18,24
125521,10/12/2025,URU,ARG,170,FALTA-COMETIDA,VISITANTE,10,"CAUMO, JOAQUIN",2,8:18,18,24
125521,10/12/2025,URU,ARG,171,FALTA-RECIBIDA,LOCAL,8,"CRUZ, FEDERICO",2,8:18,18,24
125521,10/12/2025,URU,ARG,172,CANASTA-2P,LOCAL,13,"RAMÍREZ, VALENTINO",2,8:11,20,24
125521,10/12/2025,URU,ARG,173,ASISTENCIA,LOCAL,19,"FATA, GABRIEL",2,8:11,20,24
125521,10/12/2025,URU,ARG,174,TIRO2-FALLADO,VISITANTE,15,"MARQUEZ, JUAN",2,7:46,20,24
125521,10/12/2025,URU,ARG,175,REBOTE-OFENSIVO,VISITANTE,5,"CORNALIS, FACUNDO",2,7:42,20,24
125521,10/12/2025,URU,ARG,176,CANASTA-2P,VISITANTE,5,"CORNALIS, FACUNDO",2,7:42,20,26
125521,10/12/2025,URU,ARG,177,CANASTA-2P,LOCAL,19,"FATA, GABRIEL",2,7:25,22,26
125521,10/12/2025,URU,ARG,178,TIRO3-FALLADO,VISITANTE,10,"CAUMO, JOAQUIN",2,7:02,22,26
125521,10/12/2025,URU,ARG,179,REBOTE-DEFENSIVO,LOCAL,13,"RAMÍREZ, VALENTINO",2,6:58,22,26
125521,10/12/2025,URU,ARG,180,FALTA-COMETIDA,VISITANTE,10,"CAUMO, JOAQUIN",2,6:54,22,26
125521,10/12/2025,URU,ARG,181,FALTA-RECIBIDA,LOCAL,8,"CRUZ, FEDERICO",2,6:54,22,26
125521,10/12/2025,URU,ARG,182,CAMBIO-JUGADOR-SALE,VISITANTE,9,"CELIZ, JOAQUIN",2,6:54,22,26
125521,10/12/2025,URU,ARG,183,CAMBIO-JUGADOR-SALE,VISITANTE,15,"MARQUEZ, JUAN",2,6:54,22,26
125521,10/12/2025,URU,ARG,184,CAMBIO-JUGADOR-ENTRA,VISITANTE,7,"TORRENS, ELIAS",2,6:54,22,26
125521,10/12/2025,URU,ARG,185,CAMBIO-JUGADOR-ENTRA,VISITANTE,8,"AMAN, GONZALO",2,6:54,22,26
125521,10/12/2025,URU,ARG,186,FALTA-COMETIDA,VISITANTE,7,"TORRENS, ELIAS",2,6:46,22,26
125521,10/12/2025,URU,ARG,187,FALTA-RECIBIDA,LOCAL,19,"FATA, GABRIEL",2,6:46,22,26
125521,10/12/2025,URU,ARG,188,CANASTA-1P,LOCAL,19,"FATA, GABRIEL",2,6:46,23,26
125521,10/12/2025,URU,ARG,189,CANASTA-1P,LOCAL,19,"FATA, GABRIEL",2,6:46,24,26
125521,10/12/2025,URU,ARG,190,CAMBIO-JUGADOR-SALE,LOCAL,19,"FATA, GABRIEL",2,6:46,24,26
125521,10/12/2025,URU,ARG,191,CAMBIO-JUGADOR-ENTRA,LOCAL,11,"TESTA, NICOLAS",2,6:46,24,26
125521,10/12/2025,URU,ARG,192,TIRO2-FALLADO,VISITANTE,7,"TORRENS, ELIAS",2,6:36,24,26
125521,10/12/2025,URU,ARG,193,REBOTE-DEFENSIVO,LOCAL,0,"ABAL, TOMAS",2,6:32,24,26
125521,10/12/2025,URU,ARG,194,TIRO2-FALLADO,LOCAL,8,"CRUZ, FEDERICO",2,6:10,24,26
125521,10/12/2025,URU,ARG,195,REBOTE-DEFENSIVO,VISITANTE,,,2,6:07,24,26
125521,10/12/2025,URU,ARG,196,PERDIDA,VISITANTE,8,"AMAN, GONZALO",2,5:53,24,26
125521,10/12/2025,URU,ARG,197,CAMBIO-JUGADOR-SALE,LOCAL,13,"RAMÍREZ, VALENTINO",2,5:53,24,26
125521,10/12/2025,URU,ARG,198,CAMBIO-JUGADOR-ENTRA,LOCAL,15,"VENET, GABRIEL",2,5:53,24,26
125521,10/12/2025,URU,ARG,199,CAMBIO-JUGADOR-SALE,LOCAL,8,"CRUZ, FEDERICO",2,5:53,24,26
125521,10/12/2025,URU,ARG,200,CAMBIO-JUGADOR-ENTRA,LOCAL,10,"GOMEZ, LAUTARO",2,5:53,24,26
125521,10/12/2025,URU,ARG,201,PERDIDA,LOCAL,11,"TESTA, NICOLAS",2,5:47,24,26
125521,10/12/2025,URU,ARG,202,RECUPERACION,VISITANTE,11,"MORAVANSKY, ROMAN",2,5:47,24,26
125521,10/12/2025,URU,ARG,203,TIRO2-FALLADO,VISITANTE,11,"MORAVANSKY, ROMAN",2,5:42,24,26
125521,10/12/2025,URU,ARG,204,REBOTE-OFENSIVO,VISITANTE,5,"CORNALIS, FACUNDO",2,5:38,24,26
125521,10/12/2025,URU,ARG,205,CANASTA-2P,VISITANTE,5,"CORNALIS, FACUNDO",2,5:38,24,28
125521,10/12/2025,URU,ARG,206,PERDIDA,LOCAL,15,"VENET, GABRIEL",2,5:35,24,28
125521,10/12/2025,URU,ARG,207,RECUPERACION,VISITANTE,10,"CAUMO, JOAQUIN",2,5:35,24,28
125521,10/12/2025,URU,ARG,208,PERDIDA,VISITANTE,5,"CORNALIS, FACUNDO",2,5:31,24,28
125521,10/12/2025,URU,ARG,209,CANASTA-2P,LOCAL,0,"ABAL, TOMAS",2,5:11,26,28
125521,10/12/2025,URU,ARG,210,FALTA-COMETIDA,LOCAL,0,"ABAL, TOMAS",2,4:56,26,28
125521,10/12/2025,URU,ARG,211,FALTA-RECIBIDA,VISITANTE,8,"AMAN, GONZALO",2,4:56,26,28
125521,10/12/2025,URU,ARG,212,CAMBIO-JUGADOR-SALE,LOCAL,21,"MICHAELSSON, THIAGO",2,4:56,26,28
125521,10/12/2025,URU,ARG,213,CAMBIO-JUGADOR-ENTRA,LOCAL,4,"PASTRANA, MANUEL",2,4:56,26,28
125521,10/12/2025,URU,ARG,214,TIRO1-FALLADO,VISITANTE,8,"AMAN, GONZALO",2,4:56,26,28
125521,10/12/2025,URU,ARG,215,TIRO1-FALLADO,VISITANTE,8,"AMAN, GONZALO",2,4:56,26,28
125521,10/12/2025,URU,ARG,216,REBOTE-DEFENSIVO,LOCAL,4,"PASTRANA, MANUEL",2,4:56,26,28
125521,10/12/2025,URU,ARG,217,FALTA-COMETIDA,VISITANTE,11,"MORAVANSKY, ROMAN",2,4:54,26,28
125521,10/12/2025,URU,ARG,218,FALTA-RECIBIDA,LOCAL,0,"ABAL, TOMAS",2,4:54,26,28
125521,10/12/2025,URU,ARG,219,CAMBIO-JUGADOR-SALE,VISITANTE,11,"MORAVANSKY, ROMAN",2,4:54,26,28
125521,10/12/2025,URU,ARG,220,CAMBIO-JUGADOR-ENTRA,VISITANTE,4,"HERNANDEZ, MANUEL",2,4:54,26,28
125521,10/12/2025,URU,ARG,221,TIRO2-FALLADO,LOCAL,10,"GOMEZ, LAUTARO",2,4:47,26,28
125521,10/12/2025,URU,ARG,222,TAPON-COMETIDO,VISITANTE,7,"TORRENS, ELIAS",2,4:47,26,28
125521,10/12/2025,URU,ARG,223,REBOTE-OFENSIVO,LOCAL,15,"VENET, GABRIEL",2,4:38,26,28
125521,10/12/2025,URU,ARG,224,CANASTA-2P,LOCAL,10,"GOMEZ, LAUTARO",2,4:37,28,28
125521,10/12/2025,URU,ARG,225,FALTA-COMETIDA,LOCAL,0,"ABAL, TOMAS",2,4:27,28,28
125521,10/12/2025,URU,ARG,226,FALTA-RECIBIDA,VISITANTE,8,"AMAN, GONZALO",2,4:27,28,28
125521,10/12/2025,URU,ARG,227,TIRO3-FALLADO,VISITANTE,10,"CAUMO, JOAQUIN",2,4:24,28,28
125521,10/12/2025,URU,ARG,228,REBOTE-DEFENSIVO,LOCAL,15,"VENET, GABRIEL",2,4:19,28,28
125521,10/12/2025,URU,ARG,229,TIRO3-FALLADO,LOCAL,11,"TESTA, NICOLAS",2,4:13,28,28
125521,10/12/2025,URU,ARG,230,REBOTE-OFENSIVO,LOCAL,4,"PASTRANA, MANUEL",2,4:09,28,28
125521,10/12/2025,URU,ARG,231,TIRO2-FALLADO,LOCAL,4,"PASTRANA, MANUEL",2,4:08,28,28
125521,10/12/2025,URU,ARG,232,REBOTE-OFENSIVO,LOCAL,11,"TESTA, NICOLAS",2,4:04,28,28
125521,10/12/2025,URU,ARG,233,TIRO2-FALLADO,LOCAL,11,"TESTA, NICOLAS",2,4:03,28,28
125521,10/12/2025,URU,ARG,234,REBOTE-OFENSIVO,LOCAL,10,"GOMEZ, LAUTARO",2,4:00,28,28
125521,10/12/2025,URU,ARG,235,CANASTA-2P,LOCAL,10,"GOMEZ, LAUTARO",2,4:00,30,28
125521,10/12/2025,URU,ARG,236,CANASTA-3P,VISITANTE,10,"CAUMO, JOAQUIN",2,3:48,30,31
125521,10/12/2025,URU,ARG,237,FALTA-COMETIDA,VISITANTE,10,"CAUMO, JOAQUIN",2,3:33,30,31
125521,10/12/2025,URU,ARG,238,FALTA-RECIBIDA,LOCAL,0,"ABAL, TOMAS",2,3:33,30,31
125521,10/12/2025,URU,ARG,239,CAMBIO-JUGADOR-SALE,VISITANTE,7,"TORRENS, ELIAS",2,3:33,30,31
125521,10/12/2025,URU,ARG,240,CAMBIO-JUGADOR-ENTRA,VISITANTE,2,"PETTOVELLO, BENJAMIN",2,3:33,30,31
125521,10/12/2025,URU,ARG,241,CAMBIO-JUGADOR-SALE,VISITANTE,10,"CAUMO, JOAQUIN",2,3:33,30,31
125521,10/12/2025,URU,ARG,242,CAMBIO-JUGADOR-ENTRA,VISITANTE,12,"FESSIA, MATEO",2,3:33,30,31
125521,10/12/2025,URU,ARG,243,CANASTA-1P,LOCAL,0,"ABAL, TOMAS",2,3:33,31,31
125521,10/12/2025,URU,ARG,244,ASISTENCIA,LOCAL,10,"GOMEZ, LAUTARO",2,3:33,31,31
125521,10/12/2025,URU,ARG,245,CANASTA-1P,LOCAL,0,"ABAL, TOMAS",2,3:33,32,31
125521,10/12/2025,URU,ARG,246,CAMBIO-JUGADOR-SALE,LOCAL,0,"ABAL, TOMAS",2,3:33,32,31
125521,10/12/2025,URU,ARG,247,CAMBIO-JUGADOR-ENTRA,LOCAL,19,"FATA, GABRIEL",2,3:33,32,31
125521,10/12/2025,URU,ARG,248,PERDIDA,VISITANTE,12,"FESSIA, MATEO",2,3:30,32,31
125521,10/12/2025,URU,ARG,249,PERDIDA,LOCAL,15,"VENET, GABRIEL",2,3:29,32,31
125521,10/12/2025,URU,ARG,250,RECUPERACION,VISITANTE,12,"FESSIA, MATEO",2,3:29,32,31
125521,10/12/2025,URU,ARG,251,CANASTA-2P,VISITANTE,2,"PETTOVELLO, BENJAMIN",2,3:24,32,33
125521,10/12/2025,URU,ARG,252,ASISTENCIA,VISITANTE,12,"FESSIA, MATEO",2,3:24,32,33
125521,10/12/2025,URU,ARG,253,PERDIDA,LOCAL,10,"GOMEZ, LAUTARO",2,3:04,32,33
125521,10/12/2025,URU,ARG,254,CAMBIO-JUGADOR-SALE,LOCAL,15,"VENET, GABRIEL",2,3:04,32,33
125521,10/12/2025,URU,ARG,255,CAMBIO-JUGADOR-ENTRA,LOCAL,8,"CRUZ, FEDERICO",2,3:04,32,33
125521,10/12/2025,URU,ARG,256,TIRO3-FALLADO,VISITANTE,5,"CORNALIS, FACUNDO",2,2:55,32,33
125521,10/12/2025,URU,ARG,257,REBOTE-DEFENSIVO,LOCAL,19,"FATA, GABRIEL",2,2:49,32,33
125521,10/12/2025,URU,ARG,258,PERDIDA,LOCAL,4,"PASTRANA, MANUEL",2,2:44,32,33
125521,10/12/2025,URU,ARG,259,FALTA-COMETIDA,LOCAL,19,"FATA, GABRIEL",2,2:36,32,33
125521,10/12/2025,URU,ARG,260,FALTA-RECIBIDA,VISITANTE,12,"FESSIA, MATEO",2,2:36,32,33
125521,10/12/2025,URU,ARG,261,CANASTA-1P,VISITANTE,12,"FESSIA, MATEO",2,2:36,32,34
125521,10/12/2025,URU,ARG,262,CANASTA-1P,VISITANTE,12,"FESSIA, MATEO",2,2:36,32,35
125521,10/12/2025,URU,ARG,263,TIRO3-FALLADO,LOCAL,4,"PASTRANA, MANUEL",2,2:25,32,35
125521,10/12/2025,URU,ARG,264,REBOTE-DEFENSIVO,VISITANTE,12,"FESSIA, MATEO",2,2:21,32,35
125521,10/12/2025,URU,ARG,265,TIRO2-FALLADO,VISITANTE,4,"HERNANDEZ, MANUEL",2,2:08,32,35
125521,10/12/2025,URU,ARG,266,REBOTE-DEFENSIVO,LOCAL,11,"TESTA, NICOLAS",2,2:05,32,35
125521,10/12/2025,URU,ARG,267,CANASTA-2P,LOCAL,19,"FATA, GABRIEL",2,2:02,34,35
125521,10/12/2025,URU,ARG,268,ASISTENCIA,LOCAL,11,"TESTA, NICOLAS",2,2:02,34,35
125521,10/12/2025,URU,ARG,269,CANASTA-2P,VISITANTE,2,"PETTOVELLO, BENJAMIN",2,1:40,34,37
125521,10/12/2025,URU,ARG,270,ASISTENCIA,VISITANTE,8,"AMAN, GONZALO",2,1:40,34,37
125521,10/12/2025,URU,ARG,271,FALTA-COMETIDA,LOCAL,10,"GOMEZ, LAUTARO",2,1:40,34,37
125521,10/12/2025,URU,ARG,272,FALTA-RECIBIDA,VISITANTE,2,"PETTOVELLO, BENJAMIN",2,1:40,34,37
125521,10/12/2025,URU,ARG,273,CAMBIO-JUGADOR-SALE,VISITANTE,5,"CORNALIS, FACUNDO",2,1:40,34,37
125521,10/12/2025,URU,ARG,274,CAMBIO-JUGADOR-ENTRA,VISITANTE,14,"PETTINAROLI, SANTIAGO",2,1:40,34,37
125521,10/12/2025,URU,ARG,275,CANASTA-1P,VISITANTE,2,"PETTOVELLO, BENJAMIN",2,1:40,34,38
125521,10/12/2025,URU,ARG,276,TIEMPO-MUERTO-SOLICITADO,LOCAL,,,2,1:40,34,38
125521,10/12/2025,URU,ARG,277,FALTA-COMETIDA,LOCAL,10,"GOMEZ, LAUTARO",2,1:23,34,38
125521,10/12/2025,URU,ARG,278,PERDIDA,LOCAL,10,"GOMEZ, LAUTARO",2,1:23,34,38
125521,10/12/2025,URU,ARG,279,FALTA-RECIBIDA,VISITANTE,12,"FESSIA, MATEO",2,1:23,34,38
125521,10/12/2025,URU,ARG,280,CAMBIO-JUGADOR-SALE,LOCAL,10,"GOMEZ, LAUTARO",2,1:23,34,38
125521,10/12/2025,URU,ARG,281,CAMBIO-JUGADOR-ENTRA,LOCAL,29,"GUZZETTI, JUAN",2,1:23,34,38
125521,10/12/2025,URU,ARG,282,PERDIDA,VISITANTE,12,"FESSIA, MATEO",2,1:23,34,38
125521,10/12/2025,URU,ARG,283,RECUPERACION,LOCAL,4,"PASTRANA, MANUEL",2,1:23,34,38
125521,10/12/2025,URU,ARG,284,TIRO2-FALLADO,LOCAL,4,"PASTRANA, MANUEL",2,1:23,34,38
125521,10/12/2025,URU,ARG,285,REBOTE-DEFENSIVO,VISITANTE,12,"FESSIA, MATEO",2,1:20,34,38
125521,10/12/2025,URU,ARG,286,TIRO3-FALLADO,VISITANTE,8,"AMAN, GONZALO",2,1:16,34,38
125521,10/12/2025,URU,ARG,287,REBOTE-DEFENSIVO,LOCAL,19,"FATA, GABRIEL",2,1:13,34,38
125521,10/12/2025,URU,ARG,288,TIRO2-FALLADO,LOCAL,29,"GUZZETTI, JUAN",2,0:55,34,38
125521,10/12/2025,URU,ARG,289,REBOTE-DEFENSIVO,VISITANTE,8,"AMAN, GONZALO",2,0:52,34,38
125521,10/12/2025,URU,ARG,290,CANASTA-2P,VISITANTE,8,"AMAN, GONZALO",2,0:21,34,40
125521,10/12/2025,URU,ARG,291,TIRO3-FALLADO,LOCAL,19,"FATA, GABRIEL",2,0:05,34,40
125521,10/12/2025,URU,ARG,292,REBOTE-DEFENSIVO,VISITANTE,2,"PETTOVELLO, BENJAMIN",2,0:00,34,40
125521,10/12/2025,URU,ARG,293,FINAL-PERIODO,,,,2,0:00,34,40
125521,10/12/2025,URU,ARG,294,CAMBIO-JUGADOR-SALE,LOCAL,4,"PASTRANA, MANUEL",3,10:00,34,40
125521,10/12/2025,URU,ARG,295,CAMBIO-JUGADOR-SALE,LOCAL,8,"CRUZ, FEDERICO",3,10:00,34,40
125521,10/12/2025,URU,ARG,296,CAMBIO-JUGADOR-SALE,LOCAL,29,"GUZZETTI, JUAN",3,10:00,34,40
125521,10/12/2025,URU,ARG,297,CAMBIO-JUGADOR-ENTRA,LOCAL,5,"IZUIBEJERES, FACUNDO",3,10:00,34,40
125521,10/12/2025,URU,ARG,298,CAMBIO-JUGADOR-ENTRA,LOCAL,10,"GOMEZ, LAUTARO",3,10:00,34,40
125521,10/12/2025,URU,ARG,299,CAMBIO-JUGADOR-ENTRA,LOCAL,22,"OROZCO, LUCAS",3,10:00,34,40
125521,10/12/2025,URU,ARG,300,CAMBIO-JUGADOR-SALE,VISITANTE,12,"FESSIA, MATEO",3,10:00,34,40
125521,10/12/2025,URU,ARG,301,CAMBIO-JUGADOR-ENTRA,VISITANTE,11,"MORAVANSKY, ROMAN",3,10:00,34,40
125521,10/12/2025,URU,ARG,302,INICIO-PERIODO,,,,3,10:00,34,40
125521,10/12/2025,URU,ARG,303,TIRO2-FALLADO,VISITANTE,14,"PETTINAROLI, SANTIAGO",3,9:46,34,40
125521,10/12/2025,URU,ARG,304,REBOTE-DEFENSIVO,LOCAL,11,"TESTA, NICOLAS",3,9:42,34,40
125521,10/12/2025,URU,ARG,305,FALTA-COMETIDA,LOCAL,10,"GOMEZ, LAUTARO",3,9:39,34,40
125521,10/12/2025,URU,ARG,306,FALTA-RECIBIDA,VISITANTE,11,"MORAVANSKY, ROMAN",3,9:39,34,40
125521,10/12/2025,URU,ARG,307,CAMBIO-JUGADOR-SALE,LOCAL,10,"GOMEZ, LAUTARO",3,9:39,34,40
125521,10/12/2025,URU,ARG,308,CAMBIO-JUGADOR-ENTRA,LOCAL,13,"RAMÍREZ, VALENTINO",3,9:39,34,40
125521,10/12/2025,URU,ARG,309,TIRO3-FALLADO,VISITANTE,14,"PETTINAROLI, SANTIAGO",3,9:30,34,40
125521,10/12/2025,URU,ARG,310,REBOTE-DEFENSIVO,LOCAL,22,"OROZCO, LUCAS",3,9:26,34,40
125521,10/12/2025,URU,ARG,311,FALTA-COMETIDA,VISITANTE,14,"PETTINAROLI, SANTIAGO",3,9:14,34,40
125521,10/12/2025,URU,ARG,312,FALTA-RECIBIDA,LOCAL,19,"FATA, GABRIEL",3,9:14,34,40
125521,10/12/2025,URU,ARG,313,TIRO3-FALLADO,LOCAL,5,"IZUIBEJERES, FACUNDO",3,9:10,34,40
125521,10/12/2025,URU,ARG,314,REBOTE-OFENSIVO,LOCAL,11,"TESTA, NICOLAS",3,9:07,34,40
125521,10/12/2025,URU,ARG,315,TIRO2-FALLADO,LOCAL,5,"IZUIBEJERES, FACUNDO",3,9:01,34,40
125521,10/12/2025,URU,ARG,316,TAPON-COMETIDO,VISITANTE,2,"PETTOVELLO, BENJAMIN",3,9:01,34,40
125521,10/12/2025,URU,ARG,317,REBOTE-OFENSIVO,LOCAL,,,3,9:00,34,40
125521,10/12/2025,URU,ARG,318,TIRO2-FALLADO,LOCAL,22,"OROZCO, LUCAS",3,8:56,34,40
125521,10/12/2025,URU,ARG,319,TIEMPO-MUERTO-SOLICITADO,LOCAL,,,3,8:54,34,40
125521,10/12/2025,URU,ARG,320,TIRO3-FALLADO,VISITANTE,8,"AMAN, GONZALO",3,8:40,34,40
125521,10/12/2025,URU,ARG,321,REBOTE-DEFENSIVO,LOCAL,22,"OROZCO, LUCAS",3,8:36,34,40
125521,10/12/2025,URU,ARG,322,TIRO3-FALLADO,LOCAL,19,"FATA, GABRIEL",3,8:20,34,40
125521,10/12/2025,URU,ARG,323,REBOTE-DEFENSIVO,VISITANTE,14,"PETTINAROLI, SANTIAGO",3,8:17,34,40
125521,10/12/2025,URU,ARG,324,FALTA-COMETIDA,LOCAL,13,"RAMÍREZ, VALENTINO",3,8:08,34,40
125521,10/12/2025,URU,ARG,325,FALTA-RECIBIDA,VISITANTE,2,"PETTOVELLO, BENJAMIN",3,8:08,34,40
125521,10/12/2025,URU,ARG,326,CAMBIO-JUGADOR-SALE,LOCAL,22,"OROZCO, LUCAS",3,8:08,34,40
125521,10/12/2025,URU,ARG,327,CAMBIO-JUGADOR-ENTRA,LOCAL,8,"CRUZ, FEDERICO",3,8:08,34,40
125521,10/12/2025,URU,ARG,328,CANASTA-3P,VISITANTE,4,"HERNANDEZ, MANUEL",3,7:58,34,43
125521,10/12/2025,URU,ARG,329,ASISTENCIA,VISITANTE,2,"PETTOVELLO, BENJAMIN",3,7:58,34,43
125521,10/12/2025,URU,ARG,330,CANASTA-2P,LOCAL,19,"FATA, GABRIEL",3,7:35,36,43
125521,10/12/2025,URU,ARG,331,TIRO3-FALLADO,VISITANTE,11,"MORAVANSKY, ROMAN",3,7:18,36,43
125521,10/12/2025,URU,ARG,332,REBOTE-DEFENSIVO,LOCAL,8,"CRUZ, FEDERICO",3,7:13,36,43
125521,10/12/2025,URU,ARG,333,FALTA-COMETIDA,VISITANTE,2,"PETTOVELLO, BENJAMIN",3,7:13,36,43
125521,10/12/2025,URU,ARG,334,FALTA-RECIBIDA,LOCAL,8,"CRUZ, FEDERICO",3,7:13,36,43
125521,10/12/2025,URU,ARG,335,CAMBIO-JUGADOR-SALE,LOCAL,5,"IZUIBEJERES, FACUNDO",3,7:13,36,43
125521,10/12/2025,URU,ARG,336,CAMBIO-JUGADOR-ENTRA,LOCAL,4,"PASTRANA, MANUEL",3,7:13,36,43
125521,10/12/2025,URU,ARG,337,CANASTA-3P,LOCAL,11,"TESTA, NICOLAS",3,6:49,39,43
125521,10/12/2025,URU,ARG,338,CANASTA-3P,VISITANTE,4,"HERNANDEZ, MANUEL",3,6:36,39,46
125521,10/12/2025,URU,ARG,339,ASISTENCIA,VISITANTE,8,"AMAN, GONZALO",3,6:36,39,46
125521,10/12/2025,URU,ARG,340,PERDIDA,LOCAL,19,"FATA, GABRIEL",3,6:18,39,46
125521,10/12/2025,URU,ARG,341,RECUPERACION,VISITANTE,2,"PETTOVELLO, BENJAMIN",3,6:18,39,46
125521,10/12/2025,URU,ARG,342,CANASTA-2P,VISITANTE,2,"PETTOVELLO, BENJAMIN",3,6:14,39,48
125521,10/12/2025,URU,ARG,343,FALTA-COMETIDA,LOCAL,19,"FATA, GABRIEL",3,6:14,39,48
125521,10/12/2025,URU,ARG,344,FALTA-RECIBIDA,VISITANTE,2,"PETTOVELLO, BENJAMIN",3,6:14,39,48
125521,10/12/2025,URU,ARG,345,CANASTA-1P,VISITANTE,2,"PETTOVELLO, BENJAMIN",3,6:14,39,49
125521,10/12/2025,URU,ARG,346,TIEMPO-MUERTO-SOLICITADO,LOCAL,,,3,6:14,39,49
125521,10/12/2025,URU,ARG,347,PERDIDA,LOCAL,11,"TESTA, NICOLAS",3,6:02,39,49
125521,10/12/2025,URU,ARG,348,RECUPERACION,VISITANTE,4,"HERNANDEZ, MANUEL",3,6:02,39,49
125521,10/12/2025,URU,ARG,349,PERDIDA,VISITANTE,4,"HERNANDEZ, MANUEL",3,5:59,39,49
125521,10/12/2025,URU,ARG,350,TIRO2-FALLADO,LOCAL,8,"CRUZ, FEDERICO",3,5:45,39,49
125521,10/12/2025,URU,ARG,351,REBOTE-DEFENSIVO,VISITANTE,4,"HERNANDEZ, MANUEL",3,5:42,39,49
125521,10/12/2025,URU,ARG,352,PERDIDA,VISITANTE,8,"AMAN, GONZALO",3,5:38,39,49
125521,10/12/2025,URU,ARG,353,RECUPERACION,LOCAL,11,"TESTA, NICOLAS",3,5:38,39,49
125521,10/12/2025,URU,ARG,354,TIRO2-FALLADO,LOCAL,11,"TESTA, NICOLAS",3,5:32,39,49
125521,10/12/2025,URU,ARG,355,REBOTE-OFENSIVO,LOCAL,11,"TESTA, NICOLAS",3,5:28,39,49
125521,10/12/2025,URU,ARG,356,CAMBIO-JUGADOR-SALE,LOCAL,8,"CRUZ, FEDERICO",3,5:27,39,49
125521,10/12/2025,URU,ARG,357,CAMBIO-JUGADOR-ENTRA,LOCAL,0,"ABAL, TOMAS",3,5:27,39,49
125521,10/12/2025,URU,ARG,358,FALTA-COMETIDA,VISITANTE,4,"HERNANDEZ, MANUEL",3,5:24,39,49
125521,10/12/2025,URU,ARG,359,FALTA-RECIBIDA,LOCAL,19,"FATA, GABRIEL",3,5:24,39,49
125521,10/12/2025,URU,ARG,360,PERDIDA,LOCAL,11,"TESTA, NICOLAS",3,5:17,39,49
125521,10/12/2025,URU,ARG,361,RECUPERACION,VISITANTE,11,"MORAVANSKY, ROMAN",3,5:17,39,49
125521,10/12/2025,URU,ARG,362,CANASTA-2P,VISITANTE,2,"PETTOVELLO, BENJAMIN",3,5:12,39,51
125521,10/12/2025,URU,ARG,363,ASISTENCIA,VISITANTE,11,"MORAVANSKY, ROMAN",3,5:12,39,51
125521,10/12/2025,URU,ARG,364,TIRO3-FALLADO,LOCAL,19,"FATA, GABRIEL",3,4:54,39,51
125521,10/12/2025,URU,ARG,365,REBOTE-DEFENSIVO,VISITANTE,2,"PETTOVELLO, BENJAMIN",3,4:50,39,51
125521,10/12/2025,URU,ARG,366,CAMBIO-JUGADOR-SALE,LOCAL,13,"RAMÍREZ, VALENTINO",3,4:49,39,51
125521,10/12/2025,URU,ARG,367,CAMBIO-JUGADOR-ENTRA,LOCAL,29,"GUZZETTI, JUAN",3,4:49,39,51
125521,10/12/2025,URU,ARG,368,PERDIDA,VISITANTE,11,"MORAVANSKY, ROMAN",3,4:34,39,51
125521,10/12/2025,URU,ARG,369,TIRO2-FALLADO,LOCAL,4,"PASTRANA, MANUEL",3,4:21,39,51
125521,10/12/2025,URU,ARG,370,REBOTE-DEFENSIVO,VISITANTE,8,"AMAN, GONZALO",3,4:17,39,51
125521,10/12/2025,URU,ARG,371,CANASTA-2P,VISITANTE,4,"HERNANDEZ, MANUEL",3,4:16,39,53
125521,10/12/2025,URU,ARG,372,ASISTENCIA,VISITANTE,8,"AMAN, GONZALO",3,4:16,39,53
125521,10/12/2025,URU,ARG,373,TIRO2-FALLADO,LOCAL,19,"FATA, GABRIEL",3,3:59,39,53
125521,10/12/2025,URU,ARG,374,REBOTE-DEFENSIVO,VISITANTE,4,"HERNANDEZ, MANUEL",3,3:56,39,53
125521,10/12/2025,URU,ARG,375,TIRO3-FALLADO,VISITANTE,4,"HERNANDEZ, MANUEL",3,3:51,39,53
125521,10/12/2025,URU,ARG,376,REBOTE-DEFENSIVO,LOCAL,29,"GUZZETTI, JUAN",3,3:47,39,53
125521,10/12/2025,URU,ARG,377,FALTA-COMETIDA,LOCAL,11,"TESTA, NICOLAS",3,3:43,39,53
125521,10/12/2025,URU,ARG,378,PERDIDA,LOCAL,11,"TESTA, NICOLAS",3,3:43,39,53
125521,10/12/2025,URU,ARG,379,FALTA-RECIBIDA,VISITANTE,11,"MORAVANSKY, ROMAN",3,3:43,39,53
125521,10/12/2025,URU,ARG,380,CAMBIO-JUGADOR-SALE,VISITANTE,8,"AMAN, GONZALO",3,3:43,39,53
125521,10/12/2025,URU,ARG,381,CAMBIO-JUGADOR-ENTRA,VISITANTE,9,"CELIZ, JOAQUIN",3,3:43,39,53
125521,10/12/2025,URU,ARG,382,CAMBIO-JUGADOR-SALE,LOCAL,19,"FATA, GABRIEL",3,3:43,39,53
125521,10/12/2025,URU,ARG,383,CAMBIO-JUGADOR-ENTRA,LOCAL,22,"OROZCO, LUCAS",3,3:43,39,53
125521,10/12/2025,URU,ARG,384,CAMBIO-JUGADOR-SALE,VISITANTE,11,"MORAVANSKY, ROMAN",3,3:43,39,53
125521,10/12/2025,URU,ARG,385,CAMBIO-JUGADOR-ENTRA,VISITANTE,6,"GOBETTI, BAUTISTA",3,3:43,39,53
125521,10/12/2025,URU,ARG,386,TIRO2-FALLADO,VISITANTE,9,"CELIZ, JOAQUIN",3,3:27,39,53
125521,10/12/2025,URU,ARG,387,REBOTE-DEFENSIVO,LOCAL,4,"PASTRANA, MANUEL",3,3:24,39,53
125521,10/12/2025,URU,ARG,388,FALTA-COMETIDA,VISITANTE,9,"CELIZ, JOAQUIN",3,3:19,39,53
125521,10/12/2025,URU,ARG,389,FALTA-RECIBIDA,LOCAL,29,"GUZZETTI, JUAN",3,3:19,39,53
125521,10/12/2025,URU,ARG,390,CANASTA-1P,LOCAL,29,"GUZZETTI, JUAN",3,3:19,40,53
125521,10/12/2025,URU,ARG,391,ASISTENCIA,LOCAL,0,"ABAL, TOMAS",3,3:19,40,53
125521,10/12/2025,URU,ARG,392,TIRO1-FALLADO,LOCAL,29,"GUZZETTI, JUAN",3,3:19,40,53
125521,10/12/2025,URU,ARG,393,REBOTE-DEFENSIVO,VISITANTE,6,"GOBETTI, BAUTISTA",3,3:19,40,53
125521,10/12/2025,URU,ARG,394,FALTA-COMETIDA,LOCAL,29,"GUZZETTI, JUAN",3,3:08,40,53
125521,10/12/2025,URU,ARG,395,FALTA-RECIBIDA,VISITANTE,2,"PETTOVELLO, BENJAMIN",3,3:08,40,53
125521,10/12/2025,URU,ARG,396,TIRO1-FALLADO,VISITANTE,2,"PETTOVELLO, BENJAMIN",3,3:08,40,53
125521,10/12/2025,URU,ARG,397,CANASTA-1P,VISITANTE,2,"PETTOVELLO, BENJAMIN",3,3:08,40,54
125521,10/12/2025,URU,ARG,398,CAMBIO-JUGADOR-SALE,VISITANTE,2,"PETTOVELLO, BENJAMIN",3,3:08,40,54
125521,10/12/2025,URU,ARG,399,CAMBIO-JUGADOR-ENTRA,VISITANTE,7,"TORRENS, ELIAS",3,3:08,40,54
125521,10/12/2025,URU,ARG,400,TIRO2-FALLADO,LOCAL,4,"PASTRANA, MANUEL",3,2:58,40,54
125521,10/12/2025,URU,ARG,401,REBOTE-DEFENSIVO,VISITANTE,9,"CELIZ, JOAQUIN",3,2:53,40,54
125521,10/12/2025,URU,ARG,402,TIRO2-FALLADO,VISITANTE,14,"PETTINAROLI, SANTIAGO",3,2:45,40,54
125521,10/12/2025,URU,ARG,403,REBOTE-OFENSIVO,VISITANTE,14,"PETTINAROLI, SANTIAGO",3,2:43,40,54
125521,10/12/2025,URU,ARG,404,PERDIDA,VISITANTE,14,"PETTINAROLI, SANTIAGO",3,2:43,40,54
125521,10/12/2025,URU,ARG,405,FALTA-COMETIDA,LOCAL,29,"GUZZETTI, JUAN",3,2:31,40,54
125521,10/12/2025,URU,ARG,406,PERDIDA,LOCAL,29,"GUZZETTI, JUAN",3,2:31,40,54
125521,10/12/2025,URU,ARG,407,FALTA-RECIBIDA,VISITANTE,4,"HERNANDEZ, MANUEL",3,2:31,40,54
125521,10/12/2025,URU,ARG,408,FALTA-COMETIDA,LOCAL,0,"ABAL, TOMAS",3,2:19,40,54
125521,10/12/2025,URU,ARG,409,FALTA-RECIBIDA,VISITANTE,4,"HERNANDEZ, MANUEL",3,2:19,40,54
125521,10/12/2025,URU,ARG,410,FALTA-COMETIDA,LOCAL,,,3,2:17,40,54
125521,10/12/2025,URU,ARG,411,CANASTA-1P,VISITANTE,9,"CELIZ, JOAQUIN",3,2:17,40,55
125521,10/12/2025,URU,ARG,412,TIRO1-FALLADO,VISITANTE,4,"HERNANDEZ, MANUEL",3,2:17,40,55
125521,10/12/2025,URU,ARG,413,CANASTA-1P,VISITANTE,4,"HERNANDEZ, MANUEL",3,2:17,40,56
125521,10/12/2025,URU,ARG,414,CANASTA-1P,VISITANTE,4,"HERNANDEZ, MANUEL",3,2:17,40,57
125521,10/12/2025,URU,ARG,415,CAMBIO-JUGADOR-SALE,LOCAL,11,"TESTA, NICOLAS",3,2:17,40,57
125521,10/12/2025,URU,ARG,416,CAMBIO-JUGADOR-ENTRA,LOCAL,21,"MICHAELSSON, THIAGO",3,2:17,40,57
125521,10/12/2025,URU,ARG,417,CAMBIO-JUGADOR-SALE,VISITANTE,4,"HERNANDEZ, MANUEL",3,2:17,40,57
125521,10/12/2025,URU,ARG,418,CAMBIO-JUGADOR-ENTRA,VISITANTE,10,"CAUMO, JOAQUIN",3,2:17,40,57
125521,10/12/2025,URU,ARG,419,JUMP-BALL,LOCAL,,,3,1:59,40,57
125521,10/12/2025,URU,ARG,420,CANASTA-2P,LOCAL,22,"OROZCO, LUCAS",3,1:54,42,57
125521,10/12/2025,URU,ARG,421,CAMBIO-JUGADOR-SALE,VISITANTE,14,"PETTINAROLI, SANTIAGO",3,1:40,42,57
125521,10/12/2025,URU,ARG,422,CAMBIO-JUGADOR-ENTRA,VISITANTE,5,"CORNALIS, FACUNDO",3,1:40,42,57
125521,10/12/2025,URU,ARG,423,TIRO3-FALLADO,VISITANTE,10,"CAUMO, JOAQUIN",3,1:31,42,57
125521,10/12/2025,URU,ARG,424,REBOTE-OFENSIVO,VISITANTE,9,"CELIZ, JOAQUIN",3,1:26,42,57
125521,10/12/2025,URU,ARG,425,TIRO2-FALLADO,VISITANTE,9,"CELIZ, JOAQUIN",3,1:26,42,57
125521,10/12/2025,URU,ARG,426,REBOTE-OFENSIVO,VISITANTE,7,"TORRENS, ELIAS",3,1:22,42,57
125521,10/12/2025,URU,ARG,427,CANASTA-2P,VISITANTE,7,"TORRENS, ELIAS",3,1:22,42,59
125521,10/12/2025,URU,ARG,428,FALTA-COMETIDA,LOCAL,22,"OROZCO, LUCAS",3,1:22,42,59
125521,10/12/2025,URU,ARG,429,FALTA-RECIBIDA,VISITANTE,7,"TORRENS, ELIAS",3,1:22,42,59
125521,10/12/2025,URU,ARG,430,CAMBIO-JUGADOR-SALE,LOCAL,4,"PASTRANA, MANUEL",3,1:22,42,59
125521,10/12/2025,URU,ARG,431,CAMBIO-JUGADOR-ENTRA,LOCAL,8,"CRUZ, FEDERICO",3,1:22,42,59
125521,10/12/2025,URU,ARG,432,CAMBIO-JUGADOR-SALE,LOCAL,29,"GUZZETTI, JUAN",3,1:22,42,59
125521,10/12/2025,URU,ARG,433,CAMBIO-JUGADOR-ENTRA,LOCAL,10,"GOMEZ, LAUTARO",3,1:22,42,59
125521,10/12/2025,URU,ARG,434,TIRO1-FALLADO,VISITANTE,7,"TORRENS, ELIAS",3,1:22,42,59
125521,10/12/2025,URU,ARG,435,REBOTE-DEFENSIVO,LOCAL,10,"GOMEZ, LAUTARO",3,1:22,42,59
125521,10/12/2025,URU,ARG,436,TIRO2-FALLADO,LOCAL,21,"MICHAELSSON, THIAGO",3,0:59,42,59
125521,10/12/2025,URU,ARG,437,REBOTE-DEFENSIVO,VISITANTE,7,"TORRENS, ELIAS",3,0:54,42,59
125521,10/12/2025,URU,ARG,438,FALTA-COMETIDA,VISITANTE,7,"TORRENS, ELIAS",3,0:53,42,59
125521,10/12/2025,URU,ARG,439,PERDIDA,VISITANTE,7,"TORRENS, ELIAS",3,0:53,42,59
125521,10/12/2025,URU,ARG,440,FALTA-RECIBIDA,LOCAL,8,"CRUZ, FEDERICO",3,0:53,42,59
125521,10/12/2025,URU,ARG,441,PERDIDA,LOCAL,8,"CRUZ, FEDERICO",3,0:48,42,59
125521,10/12/2025,URU,ARG,442,RECUPERACION,VISITANTE,10,"CAUMO, JOAQUIN",3,0:48,42,59
125521,10/12/2025,URU,ARG,443,TIRO2-FALLADO,VISITANTE,9,"CELIZ, JOAQUIN",3,0:44,42,59
125521,10/12/2025,URU,ARG,444,REBOTE-DEFENSIVO,LOCAL,10,"GOMEZ, LAUTARO",3,0:41,42,59
125521,10/12/2025,URU,ARG,445,CANASTA-2P,LOCAL,10,"GOMEZ, LAUTARO",3,0:39,44,59
125521,10/12/2025,URU,ARG,446,ASISTENCIA,LOCAL,8,"CRUZ, FEDERICO",3,0:39,44,59
125521,10/12/2025,URU,ARG,447,FALTA-COMETIDA,VISITANTE,6,"GOBETTI, BAUTISTA",3,0:39,44,59
125521,10/12/2025,URU,ARG,448,FALTA-RECIBIDA,LOCAL,10,"GOMEZ, LAUTARO",3,0:39,44,59
125521,10/12/2025,URU,ARG,449,TIRO1-FALLADO,LOCAL,10,"GOMEZ, LAUTARO",3,0:39,44,59
125521,10/12/2025,URU,ARG,450,REBOTE-DEFENSIVO,VISITANTE,7,"TORRENS, ELIAS",3,0:39,44,59
125521,10/12/2025,URU,ARG,451,CANASTA-3P,VISITANTE,9,"CELIZ, JOAQUIN",3,0:25,44,62
125521,10/12/2025,URU,ARG,452,ASISTENCIA,VISITANTE,5,"CORNALIS, FACUNDO",3,0:25,44,62
125521,10/12/2025,URU,ARG,453,FINAL-PERIODO,,,,3,0:00,44,62
125521,10/12/2025,URU,ARG,454,INICIO-PERIODO,,,,4,10:00,44,62
125521,10/12/2025,URU,ARG,455,TIRO2-FALLADO,VISITANTE,5,"CORNALIS, FACUNDO",4,9:50,44,62
125521,10/12/2025,URU,ARG,456,REBOTE-DEFENSIVO,LOCAL,21,"MICHAELSSON, THIAGO",4,9:45,44,62
125521,10/12/2025,URU,ARG,457,FALTA-COMETIDA,VISITANTE,6,"GOBETTI, BAUTISTA",4,9:41,44,62
125521,10/12/2025,URU,ARG,458,FALTA-RECIBIDA,LOCAL,0,"ABAL, TOMAS",4,9:41,44,62
125521,10/12/2025,URU,ARG,459,FALTA-COMETIDA,VISITANTE,7,"TORRENS, ELIAS",4,9:36,44,62
125521,10/12/2025,URU,ARG,460,FALTA-RECIBIDA,LOCAL,22,"OROZCO, LUCAS",4,9:36,44,62
125521,10/12/2025,URU,ARG,461,CANASTA-1P,LOCAL,22,"OROZCO, LUCAS",4,9:36,45,62
125521,10/12/2025,URU,ARG,462,TIRO1-FALLADO,LOCAL,22,"OROZCO, LUCAS",4,9:36,45,62
125521,10/12/2025,URU,ARG,463,REBOTE-DEFENSIVO,VISITANTE,5,"CORNALIS, FACUNDO",4,9:36,45,62
125521,10/12/2025,URU,ARG,464,TIRO2-FALLADO,VISITANTE,7,"TORRENS, ELIAS",4,9:19,45,62
125521,10/12/2025,URU,ARG,465,TAPON-COMETIDO,LOCAL,10,"GOMEZ, LAUTARO",4,9:19,45,62
125521,10/12/2025,URU,ARG,466,REBOTE-OFENSIVO,VISITANTE,7,"TORRENS, ELIAS",4,9:15,45,62
125521,10/12/2025,URU,ARG,467,CANASTA-2P,VISITANTE,7,"TORRENS, ELIAS",4,9:14,45,64
125521,10/12/2025,URU,ARG,468,CANASTA-2P,LOCAL,10,"GOMEZ, LAUTARO",4,8:56,47,64
125521,10/12/2025,URU,ARG,469,ASISTENCIA,LOCAL,8,"CRUZ, FEDERICO",4,8:56,47,64
125521,10/12/2025,URU,ARG,470,TIRO3-FALLADO,VISITANTE,6,"GOBETTI, BAUTISTA",4,8:36,47,64
125521,10/12/2025,URU,ARG,471,TIEMPO-MUERTO-SOLICITADO,VISITANTE,,,4,8:31,47,64
125521,10/12/2025,URU,ARG,472,CANASTA-2P,LOCAL,21,"MICHAELSSON, THIAGO",4,8:18,49,64
125521,10/12/2025,URU,ARG,473,CANASTA-3P,VISITANTE,10,"CAUMO, JOAQUIN",4,8:05,49,67
125521,10/12/2025,URU,ARG,474,TIRO2-FALLADO,LOCAL,22,"OROZCO, LUCAS",4,7:43,49,67
125521,10/12/2025,URU,ARG,475,REBOTE-DEFENSIVO,VISITANTE,6,"GOBETTI, BAUTISTA",4,7:40,49,67
125521,10/12/2025,URU,ARG,476,CANASTA-2P,VISITANTE,9,"CELIZ, JOAQUIN",4,7:35,49,69
125521,10/12/2025,URU,ARG,477,PERDIDA,LOCAL,8,"CRUZ, FEDERICO",4,7:24,49,69
125521,10/12/2025,URU,ARG,478,CAMBIO-JUGADOR-SALE,LOCAL,0,"ABAL, TOMAS",4,7:24,49,69
125521,10/12/2025,URU,ARG,479,CAMBIO-JUGADOR-ENTRA,LOCAL,15,"VENET, GABRIEL",4,7:24,49,69
125521,10/12/2025,URU,ARG,480,CAMBIO-JUGADOR-SALE,VISITANTE,9,"CELIZ, JOAQUIN",4,7:24,49,69
125521,10/12/2025,URU,ARG,481,CAMBIO-JUGADOR-ENTRA,VISITANTE,8,"AMAN, GONZALO",4,7:24,49,69
125521,10/12/2025,URU,ARG,482,CANASTA-3P,VISITANTE,8,"AMAN, GONZALO",4,7:14,49,72
125521,10/12/2025,URU,ARG,483,ASISTENCIA,VISITANTE,10,"CAUMO, JOAQUIN",4,7:14,49,72
125521,10/12/2025,URU,ARG,484,FALTA-COMETIDA,VISITANTE,8,"AMAN, GONZALO",4,6:58,49,72
125521,10/12/2025,URU,ARG,485,FALTA-RECIBIDA,LOCAL,8,"CRUZ, FEDERICO",4,6:58,49,72
125521,10/12/2025,URU,ARG,486,CAMBIO-JUGADOR-SALE,LOCAL,10,"GOMEZ, LAUTARO",4,6:58,49,72
125521,10/12/2025,URU,ARG,487,CAMBIO-JUGADOR-ENTRA,LOCAL,13,"RAMÍREZ, VALENTINO",4,6:58,49,72
125521,10/12/2025,URU,ARG,488,TIRO2-FALLADO,LOCAL,22,"OROZCO, LUCAS",4,6:45,49,72
125521,10/12/2025,URU,ARG,489,TAPON-COMETIDO,VISITANTE,7,"TORRENS, ELIAS",4,6:45,49,72
125521,10/12/2025,URU,ARG,490,REBOTE-DEFENSIVO,VISITANTE,8,"AMAN, GONZALO",4,6:41,49,72
125521,10/12/2025,URU,ARG,491,TIRO3-FALLADO,VISITANTE,10,"CAUMO, JOAQUIN",4,6:38,49,72
125521,10/12/2025,URU,ARG,492,REBOTE-OFENSIVO,VISITANTE,7,"TORRENS, ELIAS",4,6:35,49,72
125521,10/12/2025,URU,ARG,493,CANASTA-2P,VISITANTE,7,"TORRENS, ELIAS",4,6:34,49,74
125521,10/12/2025,URU,ARG,494,TIEMPO-MUERTO-SOLICITADO,LOCAL,,,4,6:33,49,74
125521,10/12/2025,URU,ARG,495,CAMBIO-JUGADOR-SALE,LOCAL,22,"OROZCO, LUCAS",4,6:33,49,74
125521,10/12/2025,URU,ARG,496,CAMBIO-JUGADOR-ENTRA,LOCAL,4,"PASTRANA, MANUEL",4,6:33,49,74
125521,10/12/2025,URU,ARG,497,CAMBIO-JUGADOR-SALE,VISITANTE,6,"GOBETTI, BAUTISTA",4,6:33,49,74
125521,10/12/2025,URU,ARG,498,CAMBIO-JUGADOR-ENTRA,VISITANTE,11,"MORAVANSKY, ROMAN",4,6:33,49,74
125521,10/12/2025,URU,ARG,499,FALTA-COMETIDA,VISITANTE,11,"MORAVANSKY, ROMAN",4,6:15,49,74
125521,10/12/2025,URU,ARG,500,FALTA-RECIBIDA,LOCAL,8,"CRUZ, FEDERICO",4,6:15,49,74
125521,10/12/2025,URU,ARG,501,CANASTA-2P,LOCAL,21,"MICHAELSSON, THIAGO",4,6:01,51,74
125521,10/12/2025,URU,ARG,502,TIRO3-FALLADO,VISITANTE,8,"AMAN, GONZALO",4,5:46,51,74
125521,10/12/2025,URU,ARG,503,REBOTE-DEFENSIVO,LOCAL,,,4,5:43,51,74
125521,10/12/2025,URU,ARG,504,CAMBIO-JUGADOR-SALE,VISITANTE,11,"MORAVANSKY, ROMAN",4,5:43,51,74
125521,10/12/2025,URU,ARG,505,CAMBIO-JUGADOR-ENTRA,VISITANTE,12,"FESSIA, MATEO",4,5:43,51,74
125521,10/12/2025,URU,ARG,506,TIRO2-FALLADO,LOCAL,15,"VENET, GABRIEL",4,5:29,51,74
125521,10/12/2025,URU,ARG,507,REBOTE-DEFENSIVO,VISITANTE,,,4,5:25,51,74
125521,10/12/2025,URU,ARG,508,CANASTA-2P,VISITANTE,10,"CAUMO, JOAQUIN",4,5:11,51,76
125521,10/12/2025,URU,ARG,509,FALTA-COMETIDA,LOCAL,15,"VENET, GABRIEL",4,5:11,51,76
125521,10/12/2025,URU,ARG,510,FALTA-RECIBIDA,VISITANTE,10,"CAUMO, JOAQUIN",4,5:11,51,76
125521,10/12/2025,URU,ARG,511,CAMBIO-JUGADOR-SALE,VISITANTE,8,"AMAN, GONZALO",4,5:11,51,76
125521,10/12/2025,URU,ARG,512,CAMBIO-JUGADOR-ENTRA,VISITANTE,6,"GOBETTI, BAUTISTA",4,5:11,51,76
125521,10/12/2025,URU,ARG,513,CANASTA-1P,VISITANTE,10,"CAUMO, JOAQUIN",4,5:11,51,77
125521,10/12/2025,URU,ARG,514,TIRO2-FALLADO,LOCAL,15,"VENET, GABRIEL",4,4:52,51,77
125521,10/12/2025,URU,ARG,515,REBOTE-DEFENSIVO,VISITANTE,12,"FESSIA, MATEO",4,4:49,51,77
125521,10/12/2025,URU,ARG,516,CANASTA-2P,VISITANTE,7,"TORRENS, ELIAS",4,4:43,51,79
125521,10/12/2025,URU,ARG,517,ASISTENCIA,VISITANTE,10,"CAUMO, JOAQUIN",4,4:43,51,79
125521,10/12/2025,URU,ARG,518,TIRO3-FALLADO,LOCAL,4,"PASTRANA, MANUEL",4,4:28,51,79
125521,10/12/2025,URU,ARG,519,REBOTE-OFENSIVO,LOCAL,,,4,4:25,51,79
125521,10/12/2025,URU,ARG,520,CAMBIO-JUGADOR-SALE,VISITANTE,7,"TORRENS, ELIAS",4,4:25,51,79
125521,10/12/2025,URU,ARG,521,CAMBIO-JUGADOR-ENTRA,VISITANTE,15,"MARQUEZ, JUAN",4,4:25,51,79
125521,10/12/2025,URU,ARG,522,FALTA-COMETIDA,VISITANTE,5,"CORNALIS, FACUNDO",4,4:23,51,79
125521,10/12/2025,URU,ARG,523,FALTA-RECIBIDA,LOCAL,21,"MICHAELSSON, THIAGO",4,4:23,51,79
125521,10/12/2025,URU,ARG,524,CAMBIO-JUGADOR-SALE,LOCAL,4,"PASTRANA, MANUEL",4,4:23,51,79
125521,10/12/2025,URU,ARG,525,CAMBIO-JUGADOR-ENTRA,LOCAL,0,"ABAL, TOMAS",4,4:23,51,79
125521,10/12/2025,URU,ARG,526,TIRO1-FALLADO,LOCAL,21,"MICHAELSSON, THIAGO",4,4:23,51,79
125521,10/12/2025,URU,ARG,527,TIRO1-FALLADO,LOCAL,21,"MICHAELSSON, THIAGO",4,4:23,51,79
125521,10/12/2025,URU,ARG,528,REBOTE-DEFENSIVO,VISITANTE,15,"MARQUEZ, JUAN",4,4:23,51,79
125521,10/12/2025,URU,ARG,529,TIRO3-FALLADO,VISITANTE,5,"CORNALIS, FACUNDO",4,4:13,51,79
125521,10/12/2025,URU,ARG,530,REBOTE-OFENSIVO,VISITANTE,12,"FESSIA, MATEO",4,4:10,51,79
125521,10/12/2025,URU,ARG,531,CANASTA-2P,VISITANTE,12,"FESSIA, MATEO",4,4:09,51,81
125521,10/12/2025,URU,ARG,532,CANASTA-2P,LOCAL,15,"VENET, GABRIEL",4,3:46,53,81
125521,10/12/2025,URU,ARG,533,ASISTENCIA,LOCAL,8,"CRUZ, FEDERICO",4,3:46,53,81
125521,10/12/2025,URU,ARG,534,CANASTA-2P,VISITANTE,10,"CAUMO, JOAQUIN",4,3:31,53,83
125521,10/12/2025,URU,ARG,535,PERDIDA,LOCAL,13,"RAMÍREZ, VALENTINO",4,3:16,53,83
125521,10/12/2025,URU,ARG,536,RECUPERACION,VISITANTE,12,"FESSIA, MATEO",4,3:16,53,83
125521,10/12/2025,URU,ARG,537,PERDIDA,VISITANTE,12,"FESSIA, MATEO",4,3:13,53,83
125521,10/12/2025,URU,ARG,538,TIRO2-FALLADO,LOCAL,15,"VENET, GABRIEL",4,3:05,53,83
125521,10/12/2025,URU,ARG,539,REBOTE-DEFENSIVO,VISITANTE,6,"GOBETTI, BAUTISTA",4,3:01,53,83
125521,10/12/2025,URU,ARG,540,TIRO3-FALLADO,VISITANTE,5,"CORNALIS, FACUNDO",4,2:52,53,83
125521,10/12/2025,URU,ARG,541,REBOTE-DEFENSIVO,LOCAL,0,"ABAL, TOMAS",4,2:48,53,83
125521,10/12/2025,URU,ARG,542,CANASTA-2P,LOCAL,8,"CRUZ, FEDERICO",4,2:26,55,83
125521,10/12/2025,URU,ARG,543,CANASTA-3P,VISITANTE,10,"CAUMO, JOAQUIN",4,2:14,55,86
125521,10/12/2025,URU,ARG,544,FALTA-COMETIDA,LOCAL,15,"VENET, GABRIEL",4,2:09,55,86
125521,10/12/2025,URU,ARG,545,FALTA-RECIBIDA,VISITANTE,10,"CAUMO, JOAQUIN",4,2:09,55,86
125521,10/12/2025,URU,ARG,546,TIRO1-FALLADO,VISITANTE,10,"CAUMO, JOAQUIN",4,2:09,55,86
125521,10/12/2025,URU,ARG,547,REBOTE-DEFENSIVO,LOCAL,13,"RAMÍREZ, VALENTINO",4,2:09,55,86
125521,10/12/2025,URU,ARG,548,PERDIDA,LOCAL,15,"VENET, GABRIEL",4,2:03,55,86
125521,10/12/2025,URU,ARG,549,RECUPERACION,VISITANTE,10,"CAUMO, JOAQUIN",4,2:03,55,86
125521,10/12/2025,URU,ARG,550,TIRO2-FALLADO,VISITANTE,10,"CAUMO, JOAQUIN",4,1:57,55,86
125521,10/12/2025,URU,ARG,551,REBOTE-OFENSIVO,VISITANTE,6,"GOBETTI, BAUTISTA",4,1:52,55,86
125521,10/12/2025,URU,ARG,552,CANASTA-2P,VISITANTE,6,"GOBETTI, BAUTISTA",4,1:52,55,88
125521,10/12/2025,URU,ARG,553,PERDIDA,LOCAL,8,"CRUZ, FEDERICO",4,1:46,55,88
125521,10/12/2025,URU,ARG,554,CANASTA-2P,VISITANTE,12,"FESSIA, MATEO",4,1:30,55,90
125521,10/12/2025,URU,ARG,555,ASISTENCIA,VISITANTE,10,"CAUMO, JOAQUIN",4,1:30,55,90
125521,10/12/2025,URU,ARG,556,TIRO3-FALLADO,LOCAL,15,"VENET, GABRIEL",4,1:08,55,90
125521,10/12/2025,URU,ARG,557,REBOTE-DEFENSIVO,VISITANTE,6,"GOBETTI, BAUTISTA",4,1:04,55,90
125521,10/12/2025,URU,ARG,558,FALTA-COMETIDA,LOCAL,21,"MICHAELSSON, THIAGO",4,1:03,55,90
125521,10/12/2025,URU,ARG,559,FALTA-RECIBIDA,VISITANTE,5,"CORNALIS, FACUNDO",4,1:03,55,90
125521,10/12/2025,URU,ARG,560,TIRO2-FALLADO,VISITANTE,12,"FESSIA, MATEO",4,0:57,55,90
125521,10/12/2025,URU,ARG,561,REBOTE-DEFENSIVO,LOCAL,21,"MICHAELSSON, THIAGO",4,0:53,55,90
125521,10/12/2025,URU,ARG,562,TIRO2-FALLADO,LOCAL,8,"CRUZ, FEDERICO",4,0:50,55,90
125521,10/12/2025,URU,ARG,563,REBOTE-OFENSIVO,LOCAL,8,"CRUZ, FEDERICO",4,0:47,55,90
125521,10/12/2025,URU,ARG,564,CANASTA-3P,LOCAL,0,"ABAL, TOMAS",4,0:44,58,90
125521,10/12/2025,URU,ARG,565,ASISTENCIA,LOCAL,15,"VENET, GABRIEL",4,0:44,58,90
125521,10/12/2025,URU,ARG,566,CANASTA-3P,VISITANTE,10,"CAUMO, JOAQUIN",4,0:32,58,93
125521,10/12/2025,URU,ARG,567,ASISTENCIA,VISITANTE,12,"FESSIA, MATEO",4,0:32,58,93
125521,10/12/2025,URU,ARG,568,PERDIDA,LOCAL,8,"CRUZ, FEDERICO",4,0:21,58,93
125521,10/12/2025,URU,ARG,569,FINAL-PERIODO,,,,4,0:00,58,93
125521,10/12/2025,URU,ARG,570,FINAL-PARTIDO,,,,4,0:00,58,93
125522,10/12/2025,ECU,COL,0,INICIO-PARTIDO,,,,1,10:00,0,0
125522,10/12/2025,ECU,COL,1,INICIO-PERIODO,,,,1,10:00,0,0
125522,10/12/2025,ECU,COL,2,CAMBIO-JUGADOR-ENTRA,LOCAL,7,"DAZA, JOSÉ",1,10:00,0,0
125522,10/12/2025,ECU,COL,3,CAMBIO-JUGADOR-ENTRA,LOCAL,2,"CASTILLO, JUAN",1,10:00,0,0
125522,10/12/2025,ECU,COL,4,CAMBIO-JUGADOR-ENTRA,LOCAL,14,"NOBOA, FELIPE",1,10:00,0,0
125522,10/12/2025,ECU,COL,5,CAMBIO-JUGADOR-ENTRA,LOCAL,23,"QUIÑONEZ, ADAIR",1,10:00,0,0
125522,10/12/2025,ECU,COL,6,CAMBIO-JUGADOR-ENTRA,LOCAL,48,"VARGAS, LHEYDER",1,10:00,0,0
125522,10/12/2025,ECU,COL,7,CAMBIO-JUGADOR-ENTRA,VISITANTE,5,"RESTREPO, LEONARDO",1,10:00,0,0
125522,10/12/2025,ECU,COL,8,CAMBIO-JUGADOR-ENTRA,VISITANTE,7,"BERNAL, MATTHEW",1,10:00,0,0
125522,10/12/2025,ECU,COL,9,CAMBIO-JUGADOR-ENTRA,VISITANTE,10,"MATEUS, ANDRES",1,10:00,0,0
125522,10/12/2025,ECU,COL,10,CAMBIO-JUGADOR-ENTRA,VISITANTE,14,"CAICEDO, YANSEM",1,10:00,0,0
125522,10/12/2025,ECU,COL,11,CAMBIO-JUGADOR-ENTRA,VISITANTE,59,"BETANCURT, JULIAN",1,10:00,0,0
125522,10/12/2025,ECU,COL,12,JUMP-BALL,,,,1,10:00,0,0
125522,10/12/2025,ECU,COL,13,JUMP-BALL,VISITANTE,10,"MATEUS, ANDRES",1,9:57,0,0
125522,10/12/2025,ECU,COL,14,JUMP-BALL,LOCAL,7,"DAZA, JOSÉ",1,9:57,0,0
125522,10/12/2025,ECU,COL,15,TIRO2-FALLADO,VISITANTE,59,"BETANCURT, JULIAN",1,9:44,0,0
125522,10/12/2025,ECU,COL,16,REBOTE-DEFENSIVO,LOCAL,23,"QUIÑONEZ, ADAIR",1,9:40,0,0
125522,10/12/2025,ECU,COL,17,TIRO3-FALLADO,LOCAL,23,"QUIÑONEZ, ADAIR",1,9:34,0,0
125522,10/12/2025,ECU,COL,18,REBOTE-DEFENSIVO,VISITANTE,,,1,9:30,0,0
125522,10/12/2025,ECU,COL,19,FALTA-COMETIDA,LOCAL,14,"NOBOA, FELIPE",1,9:19,0,0
125522,10/12/2025,ECU,COL,20,FALTA-RECIBIDA,VISITANTE,10,"MATEUS, ANDRES",1,9:19,0,0
125522,10/12/2025,ECU,COL,21,CANASTA-1P,VISITANTE,10,"MATEUS, ANDRES",1,9:19,0,1
125522,10/12/2025,ECU,COL,22,ASISTENCIA,VISITANTE,14,"CAICEDO, YANSEM",1,9:19,0,1
125522,10/12/2025,ECU,COL,23,TIRO1-FALLADO,VISITANTE,10,"MATEUS, ANDRES",1,9:19,0,1
125522,10/12/2025,ECU,COL,24,REBOTE-OFENSIVO,VISITANTE,7,"BERNAL, MATTHEW",1,9:19,0,1
125522,10/12/2025,ECU,COL,25,TIRO2-FALLADO,VISITANTE,14,"CAICEDO, YANSEM",1,9:08,0,1
125522,10/12/2025,ECU,COL,26,REBOTE-DEFENSIVO,LOCAL,48,"VARGAS, LHEYDER",1,9:05,0,1
125522,10/12/2025,ECU,COL,27,TIRO3-FALLADO,LOCAL,23,"QUIÑONEZ, ADAIR",1,8:58,0,1
125522,10/12/2025,ECU,COL,28,REBOTE-OFENSIVO,LOCAL,2,"CASTILLO, JUAN",1,8:56,0,1
125522,10/12/2025,ECU,COL,29,TIRO2-FALLADO,LOCAL,2,"CASTILLO, JUAN",1,8:52,0,1
125522,10/12/2025,ECU,COL,30,REBOTE-DEFENSIVO,VISITANTE,5,"RESTREPO, LEONARDO",1,8:49,0,1
125522,10/12/2025,ECU,COL,31,TIRO3-FALLADO,VISITANTE,5,"RESTREPO, LEONARDO",1,8:39,0,1
125522,10/12/2025,ECU,COL,32,REBOTE-DEFENSIVO,LOCAL,2,"CASTILLO, JUAN",1,8:35,0,1
125522,10/12/2025,ECU,COL,33,TIRO3-FALLADO,LOCAL,14,"NOBOA, FELIPE",1,8:29,0,1
125522,10/12/2025,ECU,COL,34,REBOTE-OFENSIVO,LOCAL,23,"QUIÑONEZ, ADAIR",1,8:27,0,1
125522,10/12/2025,ECU,COL,35,CANASTA-2P,LOCAL,7,"DAZA, JOSÉ",1,8:22,2,1
125522,10/12/2025,ECU,COL,36,ASISTENCIA,LOCAL,2,"CASTILLO, JUAN",1,8:22,2,1
125522,10/12/2025,ECU,COL,37,TIRO2-FALLADO,VISITANTE,10,"MATEUS, ANDRES",1,8:08,2,1
125522,10/12/2025,ECU,COL,38,REBOTE-DEFENSIVO,LOCAL,7,"DAZA, JOSÉ",1,8:03,2,1
125522,10/12/2025,ECU,COL,39,CANASTA-3P,LOCAL,14,"NOBOA, FELIPE",1,7:56,5,1
125522,10/12/2025,ECU,COL,40,ASISTENCIA,LOCAL,2,"CASTILLO, JUAN",1,7:56,5,1
125522,10/12/2025,ECU,COL,41,FALTA-COMETIDA,LOCAL,14,"NOBOA, FELIPE",1,7:37,5,1
125522,10/12/2025,ECU,COL,42,FALTA-RECIBIDA,VISITANTE,14,"CAICEDO, YANSEM",1,7:37,5,1
125522,10/12/2025,ECU,COL,43,TIRO2-FALLADO,VISITANTE,7,"BERNAL, MATTHEW",1,7:25,5,1
125522,10/12/2025,ECU,COL,44,REBOTE-DEFENSIVO,LOCAL,,,1,7:24,5,1
125522,10/12/2025,ECU,COL,45,FALTA-COMETIDA,VISITANTE,59,"BETANCURT, JULIAN",1,7:17,5,1
125522,10/12/2025,ECU,COL,46,FALTA-RECIBIDA,LOCAL,7,"DAZA, JOSÉ",1,7:17,5,1
125522,10/12/2025,ECU,COL,47,TIRO1-FALLADO,LOCAL,7,"DAZA, JOSÉ",1,7:17,5,1
125522,10/12/2025,ECU,COL,48,CANASTA-1P,LOCAL,7,"DAZA, JOSÉ",1,7:17,6,1
125522,10/12/2025,ECU,COL,49,ASISTENCIA,LOCAL,23,"QUIÑONEZ, ADAIR",1,7:17,6,1
125522,10/12/2025,ECU,COL,50,PERDIDA,VISITANTE,14,"CAICEDO, YANSEM",1,7:04,6,1
125522,10/12/2025,ECU,COL,51,RECUPERACION,LOCAL,14,"NOBOA, FELIPE",1,7:04,6,1
125522,10/12/2025,ECU,COL,52,TIRO2-FALLADO,LOCAL,23,"QUIÑONEZ, ADAIR",1,6:49,6,1
125522,10/12/2025,ECU,COL,53,REBOTE-DEFENSIVO,VISITANTE,10,"MATEUS, ANDRES",1,6:45,6,1
125522,10/12/2025,ECU,COL,54,PERDIDA,VISITANTE,7,"BERNAL, MATTHEW",1,6:37,6,1
125522,10/12/2025,ECU,COL,55,RECUPERACION,LOCAL,7,"DAZA, JOSÉ",1,6:37,6,1
125522,10/12/2025,ECU,COL,56,TIRO3-FALLADO,LOCAL,48,"VARGAS, LHEYDER",1,6:25,6,1
125522,10/12/2025,ECU,COL,57,REBOTE-OFENSIVO,LOCAL,23,"QUIÑONEZ, ADAIR",1,6:21,6,1
125522,10/12/2025,ECU,COL,58,FALTA-COMETIDA,LOCAL,7,"DAZA, JOSÉ",1,6:17,6,1
125522,10/12/2025,ECU,COL,59,PERDIDA,LOCAL,7,"DAZA, JOSÉ",1,6:17,6,1
125522,10/12/2025,ECU,COL,60,FALTA-RECIBIDA,VISITANTE,14,"CAICEDO, YANSEM",1,6:17,6,1
125522,10/12/2025,ECU,COL,61,CAMBIO-JUGADOR-SALE,VISITANTE,10,"MATEUS, ANDRES",1,6:17,6,1
125522,10/12/2025,ECU,COL,62,CAMBIO-JUGADOR-SALE,VISITANTE,59,"BETANCURT, JULIAN",1,6:17,6,1
125522,10/12/2025,ECU,COL,63,CAMBIO-JUGADOR-ENTRA,VISITANTE,24,"HERNANDEZ, ANDRES",1,6:17,6,1
125522,10/12/2025,ECU,COL,64,CAMBIO-JUGADOR-ENTRA,VISITANTE,83,"OROZCO, ANGEL",1,6:17,6,1
125522,10/12/2025,ECU,COL,65,TIRO2-FALLADO,VISITANTE,83,"OROZCO, ANGEL",1,6:05,6,1
125522,10/12/2025,ECU,COL,66,REBOTE-DEFENSIVO,LOCAL,2,"CASTILLO, JUAN",1,6:01,6,1
125522,10/12/2025,ECU,COL,67,TIRO3-FALLADO,LOCAL,2,"CASTILLO, JUAN",1,5:48,6,1
125522,10/12/2025,ECU,COL,68,REBOTE-DEFENSIVO,VISITANTE,14,"CAICEDO, YANSEM",1,5:45,6,1
125522,10/12/2025,ECU,COL,69,PERDIDA,VISITANTE,14,"CAICEDO, YANSEM",1,5:43,6,1
125522,10/12/2025,ECU,COL,70,CAMBIO-JUGADOR-SALE,LOCAL,7,"DAZA, JOSÉ",1,5:43,6,1
125522,10/12/2025,ECU,COL,71,CAMBIO-JUGADOR-ENTRA,LOCAL,15,"IBARRA, ISMAEL",1,5:43,6,1
125522,10/12/2025,ECU,COL,72,TIRO2-FALLADO,LOCAL,2,"CASTILLO, JUAN",1,5:25,6,1
125522,10/12/2025,ECU,COL,73,REBOTE-DEFENSIVO,VISITANTE,83,"OROZCO, ANGEL",1,5:21,6,1
125522,10/12/2025,ECU,COL,74,CANASTA-2P,VISITANTE,83,"OROZCO, ANGEL",1,5:11,6,3
125522,10/12/2025,ECU,COL,75,ASISTENCIA,VISITANTE,14,"CAICEDO, YANSEM",1,5:11,6,3
125522,10/12/2025,ECU,COL,76,PERDIDA,LOCAL,2,"CASTILLO, JUAN",1,5:02,6,3
125522,10/12/2025,ECU,COL,77,RECUPERACION,VISITANTE,83,"OROZCO, ANGEL",1,5:02,6,3
125522,10/12/2025,ECU,COL,78,TIRO2-FALLADO,VISITANTE,83,"OROZCO, ANGEL",1,4:58,6,3
125522,10/12/2025,ECU,COL,79,REBOTE-DEFENSIVO,LOCAL,15,"IBARRA, ISMAEL",1,4:58,6,3
125522,10/12/2025,ECU,COL,80,FALTA-COMETIDA,VISITANTE,24,"HERNANDEZ, ANDRES",1,4:58,6,3
125522,10/12/2025,ECU,COL,81,FALTA-RECIBIDA,LOCAL,15,"IBARRA, ISMAEL",1,4:58,6,3
125522,10/12/2025,ECU,COL,82,CAMBIO-JUGADOR-SALE,LOCAL,2,"CASTILLO, JUAN",1,4:56,6,3
125522,10/12/2025,ECU,COL,83,CAMBIO-JUGADOR-SALE,LOCAL,48,"VARGAS, LHEYDER",1,4:56,6,3
125522,10/12/2025,ECU,COL,84,CAMBIO-JUGADOR-ENTRA,LOCAL,1,"CEVALLOS, MICHAEL",1,4:56,6,3
125522,10/12/2025,ECU,COL,85,CAMBIO-JUGADOR-ENTRA,LOCAL,10,"ZAMBRANO, ALHAN",1,4:56,6,3
125522,10/12/2025,ECU,COL,86,PERDIDA,LOCAL,10,"ZAMBRANO, ALHAN",1,4:45,6,3
125522,10/12/2025,ECU,COL,87,RECUPERACION,VISITANTE,14,"CAICEDO, YANSEM",1,4:45,6,3
125522,10/12/2025,ECU,COL,88,PERDIDA,VISITANTE,14,"CAICEDO, YANSEM",1,4:40,6,3
125522,10/12/2025,ECU,COL,89,PERDIDA,LOCAL,14,"NOBOA, FELIPE",1,4:24,6,3
125522,10/12/2025,ECU,COL,90,CANASTA-3P,VISITANTE,5,"RESTREPO, LEONARDO",1,4:10,6,6
125522,10/12/2025,ECU,COL,91,ASISTENCIA,VISITANTE,24,"HERNANDEZ, ANDRES",1,4:10,6,6
125522,10/12/2025,ECU,COL,92,TIEMPO-MUERTO-SOLICITADO,LOCAL,,,1,4:06,6,6
125522,10/12/2025,ECU,COL,93,CAMBIO-JUGADOR-SALE,VISITANTE,7,"BERNAL, MATTHEW",1,4:06,6,6
125522,10/12/2025,ECU,COL,94,CAMBIO-JUGADOR-ENTRA,VISITANTE,8,"SUAREZ, EZEKIEL",1,4:06,6,6
125522,10/12/2025,ECU,COL,95,CANASTA-3P,LOCAL,1,"CEVALLOS, MICHAEL",1,3:56,9,6
125522,10/12/2025,ECU,COL,96,ASISTENCIA,LOCAL,23,"QUIÑONEZ, ADAIR",1,3:56,9,6
125522,10/12/2025,ECU,COL,97,PERDIDA,VISITANTE,14,"CAICEDO, YANSEM",1,3:47,9,6
125522,10/12/2025,ECU,COL,98,RECUPERACION,LOCAL,10,"ZAMBRANO, ALHAN",1,3:47,9,6
125522,10/12/2025,ECU,COL,99,FALTA-COMETIDA,VISITANTE,14,"CAICEDO, YANSEM",1,3:43,9,6
125522,10/12/2025,ECU,COL,100,FALTA-RECIBIDA,LOCAL,10,"ZAMBRANO, ALHAN",1,3:43,9,6
125522,10/12/2025,ECU,COL,101,CAMBIO-JUGADOR-SALE,VISITANTE,14,"CAICEDO, YANSEM",1,3:43,9,6
125522,10/12/2025,ECU,COL,102,CAMBIO-JUGADOR-ENTRA,VISITANTE,4,"SANCHEZ, ALEJANDRO",1,3:43,9,6
125522,10/12/2025,ECU,COL,103,CANASTA-1P,LOCAL,10,"ZAMBRANO, ALHAN",1,3:43,10,6
125522,10/12/2025,ECU,COL,104,CANASTA-1P,LOCAL,10,"ZAMBRANO, ALHAN",1,3:43,11,6
125522,10/12/2025,ECU,COL,105,CAMBIO-JUGADOR-SALE,VISITANTE,5,"RESTREPO, LEONARDO",1,3:43,11,6
125522,10/12/2025,ECU,COL,106,CAMBIO-JUGADOR-ENTRA,VISITANTE,32,"RIOS, SANTIAGO",1,3:43,11,6
125522,10/12/2025,ECU,COL,107,CAMBIO-JUGADOR-SALE,LOCAL,23,"QUIÑONEZ, ADAIR",1,3:36,11,6
125522,10/12/2025,ECU,COL,108,CAMBIO-JUGADOR-ENTRA,LOCAL,32,"COROZO, JEREMY",1,3:36,11,6
125522,10/12/2025,ECU,COL,109,TIRO2-FALLADO,VISITANTE,24,"HERNANDEZ, ANDRES",1,3:24,11,6
125522,10/12/2025,ECU,COL,110,REBOTE-DEFENSIVO,LOCAL,32,"COROZO, JEREMY",1,3:21,11,6
125522,10/12/2025,ECU,COL,111,TIRO3-FALLADO,LOCAL,14,"NOBOA, FELIPE",1,3:09,11,6
125522,10/12/2025,ECU,COL,112,REBOTE-OFENSIVO,LOCAL,15,"IBARRA, ISMAEL",1,3:05,11,6
125522,10/12/2025,ECU,COL,113,TIRO2-FALLADO,LOCAL,15,"IBARRA, ISMAEL",1,3:04,11,6
125522,10/12/2025,ECU,COL,114,REBOTE-DEFENSIVO,VISITANTE,8,"SUAREZ, EZEKIEL",1,3:00,11,6
125522,10/12/2025,ECU,COL,115,TIRO2-FALLADO,VISITANTE,4,"SANCHEZ, ALEJANDRO",1,2:50,11,6
125522,10/12/2025,ECU,COL,116,REBOTE-OFENSIVO,VISITANTE,83,"OROZCO, ANGEL",1,2:46,11,6
125522,10/12/2025,ECU,COL,117,PERDIDA,VISITANTE,24,"HERNANDEZ, ANDRES",1,2:40,11,6
125522,10/12/2025,ECU,COL,118,RECUPERACION,LOCAL,1,"CEVALLOS, MICHAEL",1,2:40,11,6
125522,10/12/2025,ECU,COL,119,TIRO2-FALLADO,LOCAL,10,"ZAMBRANO, ALHAN",1,2:27,11,6
125522,10/12/2025,ECU,COL,120,REBOTE-DEFENSIVO,VISITANTE,8,"SUAREZ, EZEKIEL",1,2:24,11,6
125522,10/12/2025,ECU,COL,121,TIRO3-FALLADO,VISITANTE,4,"SANCHEZ, ALEJANDRO",1,2:19,11,6
125522,10/12/2025,ECU,COL,122,REBOTE-OFENSIVO,VISITANTE,8,"SUAREZ, EZEKIEL",1,2:15,11,6
125522,10/12/2025,ECU,COL,123,TIRO2-FALLADO,VISITANTE,24,"HERNANDEZ, ANDRES",1,2:09,11,6
125522,10/12/2025,ECU,COL,124,REBOTE-DEFENSIVO,LOCAL,,,1,2:08,11,6
125522,10/12/2025,ECU,COL,125,CAMBIO-JUGADOR-SALE,LOCAL,14,"NOBOA, FELIPE",1,2:08,11,6
125522,10/12/2025,ECU,COL,126,CAMBIO-JUGADOR-ENTRA,LOCAL,48,"VARGAS, LHEYDER",1,2:08,11,6
125522,10/12/2025,ECU,COL,127,PERDIDA,LOCAL,10,"ZAMBRANO, ALHAN",1,1:53,11,6
125522,10/12/2025,ECU,COL,128,RECUPERACION,VISITANTE,24,"HERNANDEZ, ANDRES",1,1:53,11,6
125522,10/12/2025,ECU,COL,129,FALTA-COMETIDA,LOCAL,48,"VARGAS, LHEYDER",1,1:46,11,6
125522,10/12/2025,ECU,COL,130,FALTA-RECIBIDA,VISITANTE,83,"OROZCO, ANGEL",1,1:46,11,6
125522,10/12/2025,ECU,COL,131,TIRO1-FALLADO,VISITANTE,83,"OROZCO, ANGEL",1,1:46,11,6
125522,10/12/2025,ECU,COL,132,TIRO1-FALLADO,VISITANTE,83,"OROZCO, ANGEL",1,1:46,11,6
125522,10/12/2025,ECU,COL,133,REBOTE-DEFENSIVO,LOCAL,48,"VARGAS, LHEYDER",1,1:46,11,6
125522,10/12/2025,ECU,COL,134,CANASTA-3P,LOCAL,1,"CEVALLOS, MICHAEL",1,1:30,14,6
125522,10/12/2025,ECU,COL,135,PERDIDA,VISITANTE,24,"HERNANDEZ, ANDRES",1,1:11,14,6
125522,10/12/2025,ECU,COL,136,RECUPERACION,LOCAL,1,"CEVALLOS, MICHAEL",1,1:11,14,6
125522,10/12/2025,ECU,COL,137,PERDIDA,LOCAL,48,"VARGAS, LHEYDER",1,1:06,14,6
125522,10/12/2025,ECU,COL,138,CAMBIO-JUGADOR-SALE,LOCAL,15,"IBARRA, ISMAEL",1,1:06,14,6
125522,10/12/2025,ECU,COL,139,CAMBIO-JUGADOR-ENTRA,LOCAL,7,"DAZA, JOSÉ",1,1:06,14,6
125522,10/12/2025,ECU,COL,140,CAMBIO-JUGADOR-SALE,VISITANTE,24,"HERNANDEZ, ANDRES",1,1:06,14,6
125522,10/12/2025,ECU,COL,141,CAMBIO-JUGADOR-ENTRA,VISITANTE,59,"BETANCURT, JULIAN",1,1:06,14,6
125522,10/12/2025,ECU,COL,142,CAMBIO-JUGADOR-SALE,VISITANTE,83,"OROZCO, ANGEL",1,1:06,14,6
125522,10/12/2025,ECU,COL,143,CAMBIO-JUGADOR-ENTRA,VISITANTE,6,"BROWN, SALOMON",1,1:06,14,6
125522,10/12/2025,ECU,COL,144,FALTA-COMETIDA,LOCAL,10,"ZAMBRANO, ALHAN",1,1:01,14,6
125522,10/12/2025,ECU,COL,145,FALTA-RECIBIDA,VISITANTE,4,"SANCHEZ, ALEJANDRO",1,1:01,14,6
125522,10/12/2025,ECU,COL,146,TIRO1-FALLADO,VISITANTE,4,"SANCHEZ, ALEJANDRO",1,1:01,14,6
125522,10/12/2025,ECU,COL,147,CANASTA-1P,VISITANTE,4,"SANCHEZ, ALEJANDRO",1,1:01,14,7
125522,10/12/2025,ECU,COL,148,PERDIDA,LOCAL,10,"ZAMBRANO, ALHAN",1,0:46,14,7
125522,10/12/2025,ECU,COL,149,TIRO3-FALLADO,VISITANTE,8,"SUAREZ, EZEKIEL",1,0:46,14,7
125522,10/12/2025,ECU,COL,150,REBOTE-OFENSIVO,VISITANTE,59,"BETANCURT, JULIAN",1,0:46,14,7
125522,10/12/2025,ECU,COL,151,CANASTA-2P,VISITANTE,59,"BETANCURT, JULIAN",1,0:46,14,9
125522,10/12/2025,ECU,COL,152,CANASTA-2P,LOCAL,7,"DAZA, JOSÉ",1,0:38,16,9
125522,10/12/2025,ECU,COL,153,ASISTENCIA,LOCAL,48,"VARGAS, LHEYDER",1,0:38,16,9
125522,10/12/2025,ECU,COL,154,TIRO3-FALLADO,VISITANTE,8,"SUAREZ, EZEKIEL",1,0:07,16,9
125522,10/12/2025,ECU,COL,155,REBOTE-DEFENSIVO,LOCAL,,,1,0:00,16,9
125522,10/12/2025,ECU,COL,156,FINAL-PERIODO,,,,1,0:00,16,9
125522,10/12/2025,ECU,COL,157,CAMBIO-JUGADOR-SALE,LOCAL,1,"CEVALLOS, MICHAEL",2,10:00,16,9
125522,10/12/2025,ECU,COL,158,CAMBIO-JUGADOR-SALE,LOCAL,10,"ZAMBRANO, ALHAN",2,10:00,16,9
125522,10/12/2025,ECU,COL,159,CAMBIO-JUGADOR-SALE,LOCAL,32,"COROZO, JEREMY",2,10:00,16,9
125522,10/12/2025,ECU,COL,160,CAMBIO-JUGADOR-ENTRA,LOCAL,2,"CASTILLO, JUAN",2,10:00,16,9
125522,10/12/2025,ECU,COL,161,CAMBIO-JUGADOR-ENTRA,LOCAL,14,"NOBOA, FELIPE",2,10:00,16,9
125522,10/12/2025,ECU,COL,162,CAMBIO-JUGADOR-ENTRA,LOCAL,23,"QUIÑONEZ, ADAIR",2,10:00,16,9
125522,10/12/2025,ECU,COL,163,CAMBIO-JUGADOR-SALE,VISITANTE,4,"SANCHEZ, ALEJANDRO",2,10:00,16,9
125522,10/12/2025,ECU,COL,164,CAMBIO-JUGADOR-SALE,VISITANTE,8,"SUAREZ, EZEKIEL",2,10:00,16,9
125522,10/12/2025,ECU,COL,165,CAMBIO-JUGADOR-SALE,VISITANTE,32,"RIOS, SANTIAGO",2,10:00,16,9
125522,10/12/2025,ECU,COL,166,CAMBIO-JUGADOR-ENTRA,VISITANTE,5,"RESTREPO, LEONARDO",2,10:00,16,9
125522,10/12/2025,ECU,COL,167,CAMBIO-JUGADOR-ENTRA,VISITANTE,7,"BERNAL, MATTHEW",2,10:00,16,9
125522,10/12/2025,ECU,COL,168,CAMBIO-JUGADOR-ENTRA,VISITANTE,14,"CAICEDO, YANSEM",2,10:00,16,9
125522,10/12/2025,ECU,COL,169,INICIO-PERIODO,,,,2,10:00,16,9
125522,10/12/2025,ECU,COL,170,PERDIDA,LOCAL,48,"VARGAS, LHEYDER",2,9:47,16,9
125522,10/12/2025,ECU,COL,171,RECUPERACION,VISITANTE,59,"BETANCURT, JULIAN",2,9:47,16,9
125522,10/12/2025,ECU,COL,172,FALTA-COMETIDA,LOCAL,7,"DAZA, JOSÉ",2,9:30,16,9
125522,10/12/2025,ECU,COL,173,FALTA-RECIBIDA,VISITANTE,14,"CAICEDO, YANSEM",2,9:30,16,9
125522,10/12/2025,ECU,COL,174,TIRO1-FALLADO,VISITANTE,14,"CAICEDO, YANSEM",2,9:30,16,9
125522,10/12/2025,ECU,COL,175,TIRO1-FALLADO,VISITANTE,14,"CAICEDO, YANSEM",2,9:30,16,9
125522,10/12/2025,ECU,COL,176,REBOTE-DEFENSIVO,LOCAL,23,"QUIÑONEZ, ADAIR",2,9:30,16,9
125522,10/12/2025,ECU,COL,177,CANASTA-3P,LOCAL,48,"VARGAS, LHEYDER",2,9:23,19,9
125522,10/12/2025,ECU,COL,178,ASISTENCIA,LOCAL,2,"CASTILLO, JUAN",2,9:23,19,9
125522,10/12/2025,ECU,COL,179,TIRO3-FALLADO,VISITANTE,59,"BETANCURT, JULIAN",2,9:10,19,9
125522,10/12/2025,ECU,COL,180,REBOTE-OFENSIVO,VISITANTE,7,"BERNAL, MATTHEW",2,9:05,19,9
125522,10/12/2025,ECU,COL,181,TIRO3-FALLADO,VISITANTE,5,"RESTREPO, LEONARDO",2,9:01,19,9
125522,10/12/2025,ECU,COL,182,REBOTE-DEFENSIVO,LOCAL,2,"CASTILLO, JUAN",2,8:58,19,9
125522,10/12/2025,ECU,COL,183,TIRO3-FALLADO,LOCAL,23,"QUIÑONEZ, ADAIR",2,8:52,19,9
125522,10/12/2025,ECU,COL,184,REBOTE-DEFENSIVO,VISITANTE,14,"CAICEDO, YANSEM",2,8:49,19,9
125522,10/12/2025,ECU,COL,185,FALTA-COMETIDA,LOCAL,48,"VARGAS, LHEYDER",2,8:47,19,9
125522,10/12/2025,ECU,COL,186,FALTA-RECIBIDA,VISITANTE,5,"RESTREPO, LEONARDO",2,8:47,19,9
125522,10/12/2025,ECU,COL,187,TIRO1-FALLADO,VISITANTE,5,"RESTREPO, LEONARDO",2,8:47,19,9
125522,10/12/2025,ECU,COL,188,CANASTA-1P,VISITANTE,5,"RESTREPO, LEONARDO",2,8:47,19,10
125522,10/12/2025,ECU,COL,189,ASISTENCIA,VISITANTE,14,"CAICEDO, YANSEM",2,8:47,19,10
125522,10/12/2025,ECU,COL,190,PERDIDA,LOCAL,48,"VARGAS, LHEYDER",2,8:37,19,10
125522,10/12/2025,ECU,COL,191,RECUPERACION,VISITANTE,5,"RESTREPO, LEONARDO",2,8:37,19,10
125522,10/12/2025,ECU,COL,192,CANASTA-2P,VISITANTE,14,"CAICEDO, YANSEM",2,8:32,19,12
125522,10/12/2025,ECU,COL,193,CANASTA-2P,LOCAL,2,"CASTILLO, JUAN",2,8:21,21,12
125522,10/12/2025,ECU,COL,194,TIRO2-FALLADO,VISITANTE,6,"BROWN, SALOMON",2,8:00,21,12
125522,10/12/2025,ECU,COL,195,REBOTE-DEFENSIVO,LOCAL,2,"CASTILLO, JUAN",2,7:57,21,12
125522,10/12/2025,ECU,COL,196,TIRO3-FALLADO,LOCAL,48,"VARGAS, LHEYDER",2,7:51,21,12
125522,10/12/2025,ECU,COL,197,REBOTE-DEFENSIVO,VISITANTE,,,2,7:47,21,12
125522,10/12/2025,ECU,COL,198,FALTA-COMETIDA,LOCAL,23,"QUIÑONEZ, ADAIR",2,7:47,21,12
125522,10/12/2025,ECU,COL,199,FALTA-RECIBIDA,VISITANTE,14,"CAICEDO, YANSEM",2,7:47,21,12
125522,10/12/2025,ECU,COL,200,CAMBIO-JUGADOR-SALE,LOCAL,48,"VARGAS, LHEYDER",2,7:47,21,12
125522,10/12/2025,ECU,COL,201,CAMBIO-JUGADOR-ENTRA,LOCAL,13,"MINA, JAHIR",2,7:47,21,12
125522,10/12/2025,ECU,COL,202,TIRO2-FALLADO,VISITANTE,6,"BROWN, SALOMON",2,7:33,21,12
125522,10/12/2025,ECU,COL,203,REBOTE-DEFENSIVO,LOCAL,7,"DAZA, JOSÉ",2,7:30,21,12
125522,10/12/2025,ECU,COL,204,TIRO3-FALLADO,LOCAL,2,"CASTILLO, JUAN",2,7:23,21,12
125522,10/12/2025,ECU,COL,205,REBOTE-DEFENSIVO,VISITANTE,5,"RESTREPO, LEONARDO",2,7:19,21,12
125522,10/12/2025,ECU,COL,206,CANASTA-2P,VISITANTE,59,"BETANCURT, JULIAN",2,7:16,21,14
125522,10/12/2025,ECU,COL,207,ASISTENCIA,VISITANTE,5,"RESTREPO, LEONARDO",2,7:16,21,14
125522,10/12/2025,ECU,COL,208,FALTA-COMETIDA,VISITANTE,6,"BROWN, SALOMON",2,6:58,21,14
125522,10/12/2025,ECU,COL,209,FALTA-RECIBIDA,LOCAL,23,"QUIÑONEZ, ADAIR",2,6:58,21,14
125522,10/12/2025,ECU,COL,210,CAMBIO-JUGADOR-SALE,LOCAL,7,"DAZA, JOSÉ",2,6:58,21,14
125522,10/12/2025,ECU,COL,211,CAMBIO-JUGADOR-SALE,LOCAL,14,"NOBOA, FELIPE",2,6:58,21,14
125522,10/12/2025,ECU,COL,212,CAMBIO-JUGADOR-ENTRA,LOCAL,12,"MANJARRES, RODRIGO",2,6:58,21,14
125522,10/12/2025,ECU,COL,213,CAMBIO-JUGADOR-ENTRA,LOCAL,15,"IBARRA, ISMAEL",2,6:58,21,14
125522,10/12/2025,ECU,COL,214,CAMBIO-JUGADOR-SALE,VISITANTE,6,"BROWN, SALOMON",2,6:58,21,14
125522,10/12/2025,ECU,COL,215,CAMBIO-JUGADOR-ENTRA,VISITANTE,10,"MATEUS, ANDRES",2,6:58,21,14
125522,10/12/2025,ECU,COL,216,FALTA-COMETIDA,VISITANTE,5,"RESTREPO, LEONARDO",2,6:48,21,14
125522,10/12/2025,ECU,COL,217,FALTA-RECIBIDA,LOCAL,23,"QUIÑONEZ, ADAIR",2,6:48,21,14
125522,10/12/2025,ECU,COL,218,CANASTA-1P,LOCAL,23,"QUIÑONEZ, ADAIR",2,6:48,22,14
125522,10/12/2025,ECU,COL,219,ASISTENCIA,LOCAL,2,"CASTILLO, JUAN",2,6:48,22,14
125522,10/12/2025,ECU,COL,220,CANASTA-1P,LOCAL,23,"QUIÑONEZ, ADAIR",2,6:48,23,14
125522,10/12/2025,ECU,COL,221,FALTA-COMETIDA,LOCAL,12,"MANJARRES, RODRIGO",2,6:38,23,14
125522,10/12/2025,ECU,COL,222,FALTA-RECIBIDA,VISITANTE,10,"MATEUS, ANDRES",2,6:38,23,14
125522,10/12/2025,ECU,COL,223,CANASTA-1P,VISITANTE,10,"MATEUS, ANDRES",2,6:38,23,15
125522,10/12/2025,ECU,COL,224,ASISTENCIA,VISITANTE,14,"CAICEDO, YANSEM",2,6:38,23,15
125522,10/12/2025,ECU,COL,225,CANASTA-1P,VISITANTE,10,"MATEUS, ANDRES",2,6:38,23,16
125522,10/12/2025,ECU,COL,226,TIRO2-FALLADO,LOCAL,15,"IBARRA, ISMAEL",2,6:25,23,16
125522,10/12/2025,ECU,COL,227,TAPON-COMETIDO,VISITANTE,10,"MATEUS, ANDRES",2,6:25,23,16
125522,10/12/2025,ECU,COL,228,REBOTE-OFENSIVO,LOCAL,23,"QUIÑONEZ, ADAIR",2,6:14,23,16
125522,10/12/2025,ECU,COL,229,TIRO2-FALLADO,LOCAL,23,"QUIÑONEZ, ADAIR",2,6:11,23,16
125522,10/12/2025,ECU,COL,230,REBOTE-OFENSIVO,LOCAL,15,"IBARRA, ISMAEL",2,6:11,23,16
125522,10/12/2025,ECU,COL,231,PERDIDA,LOCAL,15,"IBARRA, ISMAEL",2,6:11,23,16
125522,10/12/2025,ECU,COL,232,TIRO3-FALLADO,VISITANTE,14,"CAICEDO, YANSEM",2,6:00,23,16
125522,10/12/2025,ECU,COL,233,REBOTE-OFENSIVO,VISITANTE,10,"MATEUS, ANDRES",2,5:55,23,16
125522,10/12/2025,ECU,COL,234,CANASTA-3P,VISITANTE,5,"RESTREPO, LEONARDO",2,5:54,23,19
125522,10/12/2025,ECU,COL,235,ASISTENCIA,VISITANTE,10,"MATEUS, ANDRES",2,5:54,23,19
125522,10/12/2025,ECU,COL,236,TIRO3-FALLADO,LOCAL,13,"MINA, JAHIR",2,5:34,23,19
125522,10/12/2025,ECU,COL,237,REBOTE-OFENSIVO,LOCAL,15,"IBARRA, ISMAEL",2,5:31,23,19
125522,10/12/2025,ECU,COL,238,TIRO2-FALLADO,LOCAL,15,"IBARRA, ISMAEL",2,5:27,23,19
125522,10/12/2025,ECU,COL,239,REBOTE-DEFENSIVO,VISITANTE,5,"RESTREPO, LEONARDO",2,5:23,23,19
125522,10/12/2025,ECU,COL,240,PERDIDA,VISITANTE,7,"BERNAL, MATTHEW",2,5:11,23,19
125522,10/12/2025,ECU,COL,241,JUMP-BALL,VISITANTE,,,2,5:06,23,19
125522,10/12/2025,ECU,COL,242,PERDIDA,LOCAL,12,"MANJARRES, RODRIGO",2,5:06,23,19
125522,10/12/2025,ECU,COL,243,RECUPERACION,VISITANTE,7,"BERNAL, MATTHEW",2,5:06,23,19
125522,10/12/2025,ECU,COL,244,CAMBIO-JUGADOR-SALE,LOCAL,13,"MINA, JAHIR",2,5:06,23,19
125522,10/12/2025,ECU,COL,245,CAMBIO-JUGADOR-SALE,LOCAL,15,"IBARRA, ISMAEL",2,5:06,23,19
125522,10/12/2025,ECU,COL,246,CAMBIO-JUGADOR-ENTRA,LOCAL,1,"CEVALLOS, MICHAEL",2,5:06,23,19
125522,10/12/2025,ECU,COL,247,CAMBIO-JUGADOR-ENTRA,LOCAL,7,"DAZA, JOSÉ",2,5:06,23,19
125522,10/12/2025,ECU,COL,248,TIRO2-FALLADO,VISITANTE,59,"BETANCURT, JULIAN",2,4:58,23,19
125522,10/12/2025,ECU,COL,249,REBOTE-OFENSIVO,VISITANTE,10,"MATEUS, ANDRES",2,4:53,23,19
125522,10/12/2025,ECU,COL,250,TIRO2-FALLADO,VISITANTE,10,"MATEUS, ANDRES",2,4:53,23,19
125522,10/12/2025,ECU,COL,251,REBOTE-DEFENSIVO,LOCAL,7,"DAZA, JOSÉ",2,4:51,23,19
125522,10/12/2025,ECU,COL,252,PERDIDA,LOCAL,7,"DAZA, JOSÉ",2,4:36,23,19
125522,10/12/2025,ECU,COL,253,RECUPERACION,VISITANTE,7,"BERNAL, MATTHEW",2,4:36,23,19
125522,10/12/2025,ECU,COL,254,CANASTA-3P,VISITANTE,14,"CAICEDO, YANSEM",2,4:36,23,22
125522,10/12/2025,ECU,COL,255,ASISTENCIA,VISITANTE,5,"RESTREPO, LEONARDO",2,4:36,23,22
125522,10/12/2025,ECU,COL,256,TIEMPO-MUERTO-SOLICITADO,LOCAL,,,2,4:35,23,22
125522,10/12/2025,ECU,COL,257,CAMBIO-JUGADOR-SALE,LOCAL,12,"MANJARRES, RODRIGO",2,4:14,23,22
125522,10/12/2025,ECU,COL,258,CAMBIO-JUGADOR-ENTRA,LOCAL,14,"NOBOA, FELIPE",2,4:14,23,22
125522,10/12/2025,ECU,COL,259,TIRO3-FALLADO,LOCAL,1,"CEVALLOS, MICHAEL",2,4:10,23,22
125522,10/12/2025,ECU,COL,260,REBOTE-DEFENSIVO,VISITANTE,10,"MATEUS, ANDRES",2,4:08,23,22
125522,10/12/2025,ECU,COL,261,TIRO2-FALLADO,VISITANTE,10,"MATEUS, ANDRES",2,3:58,23,22
125522,10/12/2025,ECU,COL,262,REBOTE-DEFENSIVO,LOCAL,,,2,3:53,23,22
125522,10/12/2025,ECU,COL,263,PERDIDA,LOCAL,2,"CASTILLO, JUAN",2,3:44,23,22
125522,10/12/2025,ECU,COL,264,CANASTA-2P,VISITANTE,14,"CAICEDO, YANSEM",2,3:32,23,24
125522,10/12/2025,ECU,COL,265,TIRO3-FALLADO,LOCAL,14,"NOBOA, FELIPE",2,3:17,23,24
125522,10/12/2025,ECU,COL,266,REBOTE-DEFENSIVO,VISITANTE,59,"BETANCURT, JULIAN",2,3:14,23,24
125522,10/12/2025,ECU,COL,267,TIRO3-FALLADO,VISITANTE,10,"MATEUS, ANDRES",2,3:06,23,24
125522,10/12/2025,ECU,COL,268,REBOTE-OFENSIVO,VISITANTE,59,"BETANCURT, JULIAN",2,3:00,23,24
125522,10/12/2025,ECU,COL,269,TIRO3-FALLADO,VISITANTE,14,"CAICEDO, YANSEM",2,2:52,23,24
125522,10/12/2025,ECU,COL,270,REBOTE-OFENSIVO,VISITANTE,10,"MATEUS, ANDRES",2,2:48,23,24
125522,10/12/2025,ECU,COL,271,CANASTA-2P,VISITANTE,10,"MATEUS, ANDRES",2,2:48,23,26
125522,10/12/2025,ECU,COL,272,PERDIDA,LOCAL,23,"QUIÑONEZ, ADAIR",2,2:31,23,26
125522,10/12/2025,ECU,COL,273,TIEMPO-MUERTO-SOLICITADO,VISITANTE,,,2,2:31,23,26
125522,10/12/2025,ECU,COL,274,CAMBIO-JUGADOR-SALE,LOCAL,2,"CASTILLO, JUAN",2,2:31,23,26
125522,10/12/2025,ECU,COL,275,CAMBIO-JUGADOR-SALE,LOCAL,7,"DAZA, JOSÉ",2,2:31,23,26
125522,10/12/2025,ECU,COL,276,CAMBIO-JUGADOR-ENTRA,LOCAL,10,"ZAMBRANO, ALHAN",2,2:31,23,26
125522,10/12/2025,ECU,COL,277,CAMBIO-JUGADOR-ENTRA,LOCAL,32,"COROZO, JEREMY",2,2:31,23,26
125522,10/12/2025,ECU,COL,278,CAMBIO-JUGADOR-SALE,VISITANTE,10,"MATEUS, ANDRES",2,2:31,23,26
125522,10/12/2025,ECU,COL,279,CAMBIO-JUGADOR-ENTRA,VISITANTE,32,"RIOS, SANTIAGO",2,2:31,23,26
125522,10/12/2025,ECU,COL,280,CANASTA-2P,VISITANTE,59,"BETANCURT, JULIAN",2,2:16,23,28
125522,10/12/2025,ECU,COL,281,ASISTENCIA,VISITANTE,5,"RESTREPO, LEONARDO",2,2:16,23,28
125522,10/12/2025,ECU,COL,282,PERDIDA,LOCAL,10,"ZAMBRANO, ALHAN",2,2:08,23,28
125522,10/12/2025,ECU,COL,283,CAMBIO-JUGADOR-SALE,LOCAL,14,"NOBOA, FELIPE",2,2:08,23,28
125522,10/12/2025,ECU,COL,284,CAMBIO-JUGADOR-ENTRA,LOCAL,2,"CASTILLO, JUAN",2,2:08,23,28
125522,10/12/2025,ECU,COL,285,CANASTA-3P,VISITANTE,5,"RESTREPO, LEONARDO",2,2:02,23,31
125522,10/12/2025,ECU,COL,286,FALTA-COMETIDA,VISITANTE,5,"RESTREPO, LEONARDO",2,1:55,23,31
125522,10/12/2025,ECU,COL,287,FALTA-RECIBIDA,LOCAL,10,"ZAMBRANO, ALHAN",2,1:55,23,31
125522,10/12/2025,ECU,COL,288,CAMBIO-JUGADOR-SALE,VISITANTE,5,"RESTREPO, LEONARDO",2,1:55,23,31
125522,10/12/2025,ECU,COL,289,CAMBIO-JUGADOR-ENTRA,VISITANTE,24,"HERNANDEZ, ANDRES",2,1:55,23,31
125522,10/12/2025,ECU,COL,290,CANASTA-3P,LOCAL,2,"CASTILLO, JUAN",2,1:35,26,31
125522,10/12/2025,ECU,COL,291,ASISTENCIA,LOCAL,10,"ZAMBRANO, ALHAN",2,1:35,26,31
125522,10/12/2025,ECU,COL,292,CANASTA-2P,VISITANTE,24,"HERNANDEZ, ANDRES",2,1:20,26,33
125522,10/12/2025,ECU,COL,293,TIRO2-FALLADO,LOCAL,32,"COROZO, JEREMY",2,0:59,26,33
125522,10/12/2025,ECU,COL,294,REBOTE-DEFENSIVO,VISITANTE,24,"HERNANDEZ, ANDRES",2,0:53,26,33
125522,10/12/2025,ECU,COL,295,TIEMPO-MUERTO-SOLICITADO,VISITANTE,,,2,0:49,26,33
125522,10/12/2025,ECU,COL,296,CAMBIO-JUGADOR-SALE,VISITANTE,32,"RIOS, SANTIAGO",2,0:49,26,33
125522,10/12/2025,ECU,COL,297,CAMBIO-JUGADOR-ENTRA,VISITANTE,10,"MATEUS, ANDRES",2,0:49,26,33
125522,10/12/2025,ECU,COL,298,TIRO3-FALLADO,VISITANTE,24,"HERNANDEZ, ANDRES",2,0:41,26,33
125522,10/12/2025,ECU,COL,299,REBOTE-OFENSIVO,VISITANTE,24,"HERNANDEZ, ANDRES",2,0:37,26,33
125522,10/12/2025,ECU,COL,300,TIRO3-FALLADO,VISITANTE,59,"BETANCURT, JULIAN",2,0:27,26,33
125522,10/12/2025,ECU,COL,301,REBOTE-OFENSIVO,VISITANTE,59,"BETANCURT, JULIAN",2,0:22,26,33
125522,10/12/2025,ECU,COL,302,PERDIDA,VISITANTE,59,"BETANCURT, JULIAN",2,0:13,26,33
125522,10/12/2025,ECU,COL,303,RECUPERACION,LOCAL,1,"CEVALLOS, MICHAEL",2,0:13,26,33
125522,10/12/2025,ECU,COL,304,TIRO2-FALLADO,LOCAL,2,"CASTILLO, JUAN",2,0:03,26,33
125522,10/12/2025,ECU,COL,305,REBOTE-OFENSIVO,LOCAL,32,"COROZO, JEREMY",2,0:03,26,33
125522,10/12/2025,ECU,COL,306,TIRO2-FALLADO,LOCAL,32,"COROZO, JEREMY",2,0:02,26,33
125522,10/12/2025,ECU,COL,307,REBOTE-DEFENSIVO,VISITANTE,10,"MATEUS, ANDRES",2,0:02,26,33
125522,10/12/2025,ECU,COL,308,FINAL-PERIODO,,,,2,0:00,26,33
125522,10/12/2025,ECU,COL,309,CAMBIO-JUGADOR-SALE,LOCAL,23,"QUIÑONEZ, ADAIR",3,10:00,26,33
125522,10/12/2025,ECU,COL,310,CAMBIO-JUGADOR-SALE,LOCAL,32,"COROZO, JEREMY",3,10:00,26,33
125522,10/12/2025,ECU,COL,311,CAMBIO-JUGADOR-ENTRA,LOCAL,7,"DAZA, JOSÉ",3,10:00,26,33
125522,10/12/2025,ECU,COL,312,CAMBIO-JUGADOR-ENTRA,LOCAL,14,"NOBOA, FELIPE",3,10:00,26,33
125522,10/12/2025,ECU,COL,313,INICIO-PERIODO,,,,3,10:00,26,33
125522,10/12/2025,ECU,COL,314,TIRO2-FALLADO,LOCAL,2,"CASTILLO, JUAN",3,9:43,26,33
125522,10/12/2025,ECU,COL,315,REBOTE-DEFENSIVO,VISITANTE,59,"BETANCURT, JULIAN",3,9:40,26,33
125522,10/12/2025,ECU,COL,316,FALTA-COMETIDA,LOCAL,7,"DAZA, JOSÉ",3,9:40,26,33
125522,10/12/2025,ECU,COL,317,FALTA-RECIBIDA,VISITANTE,59,"BETANCURT, JULIAN",3,9:40,26,33
125522,10/12/2025,ECU,COL,318,TIRO3-FALLADO,VISITANTE,24,"HERNANDEZ, ANDRES",3,9:19,26,33
125522,10/12/2025,ECU,COL,319,REBOTE-OFENSIVO,VISITANTE,10,"MATEUS, ANDRES",3,9:14,26,33
125522,10/12/2025,ECU,COL,320,TIRO2-FALLADO,VISITANTE,59,"BETANCURT, JULIAN",3,9:09,26,33
125522,10/12/2025,ECU,COL,321,REBOTE-OFENSIVO,VISITANTE,10,"MATEUS, ANDRES",3,9:05,26,33
125522,10/12/2025,ECU,COL,322,CANASTA-2P,VISITANTE,10,"MATEUS, ANDRES",3,9:05,26,35
125522,10/12/2025,ECU,COL,323,PERDIDA,LOCAL,2,"CASTILLO, JUAN",3,8:59,26,35
125522,10/12/2025,ECU,COL,324,RECUPERACION,VISITANTE,24,"HERNANDEZ, ANDRES",3,8:59,26,35
125522,10/12/2025,ECU,COL,325,CANASTA-2P,VISITANTE,7,"BERNAL, MATTHEW",3,8:38,26,37
125522,10/12/2025,ECU,COL,326,CANASTA-3P,LOCAL,10,"ZAMBRANO, ALHAN",3,8:15,29,37
125522,10/12/2025,ECU,COL,327,ASISTENCIA,LOCAL,1,"CEVALLOS, MICHAEL",3,8:15,29,37
125522,10/12/2025,ECU,COL,328,TIRO2-FALLADO,VISITANTE,14,"CAICEDO, YANSEM",3,7:57,29,37
125522,10/12/2025,ECU,COL,329,REBOTE-OFENSIVO,VISITANTE,10,"MATEUS, ANDRES",3,7:52,29,37
125522,10/12/2025,ECU,COL,330,TIRO2-FALLADO,VISITANTE,10,"MATEUS, ANDRES",3,7:51,29,37
125522,10/12/2025,ECU,COL,331,REBOTE-DEFENSIVO,LOCAL,1,"CEVALLOS, MICHAEL",3,7:49,29,37
125522,10/12/2025,ECU,COL,332,JUMP-BALL,VISITANTE,,,3,7:37,29,37
125522,10/12/2025,ECU,COL,333,PERDIDA,LOCAL,10,"ZAMBRANO, ALHAN",3,7:37,29,37
125522,10/12/2025,ECU,COL,334,RECUPERACION,VISITANTE,7,"BERNAL, MATTHEW",3,7:37,29,37
125522,10/12/2025,ECU,COL,335,TIRO2-FALLADO,VISITANTE,14,"CAICEDO, YANSEM",3,7:28,29,37
125522,10/12/2025,ECU,COL,336,REBOTE-DEFENSIVO,LOCAL,7,"DAZA, JOSÉ",3,7:24,29,37
125522,10/12/2025,ECU,COL,337,PERDIDA,LOCAL,2,"CASTILLO, JUAN",3,7:24,29,37
125522,10/12/2025,ECU,COL,338,CAMBIO-JUGADOR-SALE,LOCAL,2,"CASTILLO, JUAN",3,7:24,29,37
125522,10/12/2025,ECU,COL,339,CAMBIO-JUGADOR-ENTRA,LOCAL,48,"VARGAS, LHEYDER",3,7:24,29,37
125522,10/12/2025,ECU,COL,340,CANASTA-2P,VISITANTE,14,"CAICEDO, YANSEM",3,7:04,29,39
125522,10/12/2025,ECU,COL,341,CANASTA-3P,LOCAL,1,"CEVALLOS, MICHAEL",3,6:56,32,39
125522,10/12/2025,ECU,COL,342,ASISTENCIA,LOCAL,14,"NOBOA, FELIPE",3,6:56,32,39
125522,10/12/2025,ECU,COL,343,CANASTA-2P,VISITANTE,10,"MATEUS, ANDRES",3,6:39,32,41
125522,10/12/2025,ECU,COL,344,ASISTENCIA,VISITANTE,7,"BERNAL, MATTHEW",3,6:39,32,41
125522,10/12/2025,ECU,COL,345,FALTA-COMETIDA,LOCAL,48,"VARGAS, LHEYDER",3,6:39,32,41
125522,10/12/2025,ECU,COL,346,FALTA-RECIBIDA,VISITANTE,10,"MATEUS, ANDRES",3,6:39,32,41
125522,10/12/2025,ECU,COL,347,CANASTA-1P,VISITANTE,10,"MATEUS, ANDRES",3,6:39,32,42
125522,10/12/2025,ECU,COL,348,TIRO2-FALLADO,LOCAL,14,"NOBOA, FELIPE",3,6:21,32,42
125522,10/12/2025,ECU,COL,349,TAPON-COMETIDO,VISITANTE,10,"MATEUS, ANDRES",3,6:21,32,42
125522,10/12/2025,ECU,COL,350,REBOTE-OFENSIVO,LOCAL,,,3,6:21,32,42
125522,10/12/2025,ECU,COL,351,PERDIDA,LOCAL,1,"CEVALLOS, MICHAEL",3,6:16,32,42
125522,10/12/2025,ECU,COL,352,RECUPERACION,VISITANTE,14,"CAICEDO, YANSEM",3,6:16,32,42
125522,10/12/2025,ECU,COL,353,CAMBIO-JUGADOR-SALE,LOCAL,7,"DAZA, JOSÉ",3,6:11,32,42
125522,10/12/2025,ECU,COL,354,CAMBIO-JUGADOR-SALE,LOCAL,48,"VARGAS, LHEYDER",3,6:11,32,42
125522,10/12/2025,ECU,COL,355,CAMBIO-JUGADOR-ENTRA,LOCAL,15,"IBARRA, ISMAEL",3,6:11,32,42
125522,10/12/2025,ECU,COL,356,CAMBIO-JUGADOR-ENTRA,LOCAL,23,"QUIÑONEZ, ADAIR",3,6:11,32,42
125522,10/12/2025,ECU,COL,357,CAMBIO-JUGADOR-SALE,VISITANTE,14,"CAICEDO, YANSEM",3,6:11,32,42
125522,10/12/2025,ECU,COL,358,CAMBIO-JUGADOR-SALE,VISITANTE,59,"BETANCURT, JULIAN",3,6:11,32,42
125522,10/12/2025,ECU,COL,359,CAMBIO-JUGADOR-ENTRA,VISITANTE,4,"SANCHEZ, ALEJANDRO",3,6:11,32,42
125522,10/12/2025,ECU,COL,360,CAMBIO-JUGADOR-ENTRA,VISITANTE,8,"SUAREZ, EZEKIEL",3,6:11,32,42
125522,10/12/2025,ECU,COL,361,TIRO2-FALLADO,VISITANTE,24,"HERNANDEZ, ANDRES",3,5:58,32,42
125522,10/12/2025,ECU,COL,362,REBOTE-DEFENSIVO,LOCAL,15,"IBARRA, ISMAEL",3,5:54,32,42
125522,10/12/2025,ECU,COL,363,FALTA-COMETIDA,LOCAL,15,"IBARRA, ISMAEL",3,5:45,32,42
125522,10/12/2025,ECU,COL,364,PERDIDA,LOCAL,15,"IBARRA, ISMAEL",3,5:45,32,42
125522,10/12/2025,ECU,COL,365,FALTA-RECIBIDA,VISITANTE,10,"MATEUS, ANDRES",3,5:45,32,42
125522,10/12/2025,ECU,COL,366,CAMBIO-JUGADOR-SALE,VISITANTE,24,"HERNANDEZ, ANDRES",3,5:45,32,42
125522,10/12/2025,ECU,COL,367,CAMBIO-JUGADOR-ENTRA,VISITANTE,5,"RESTREPO, LEONARDO",3,5:45,32,42
125522,10/12/2025,ECU,COL,368,CAMBIO-JUGADOR-SALE,VISITANTE,7,"BERNAL, MATTHEW",3,5:45,32,42
125522,10/12/2025,ECU,COL,369,CAMBIO-JUGADOR-ENTRA,VISITANTE,32,"RIOS, SANTIAGO",3,5:45,32,42
125522,10/12/2025,ECU,COL,370,TIRO3-FALLADO,VISITANTE,8,"SUAREZ, EZEKIEL",3,5:23,32,42
125522,10/12/2025,ECU,COL,371,REBOTE-DEFENSIVO,LOCAL,14,"NOBOA, FELIPE",3,5:20,32,42
125522,10/12/2025,ECU,COL,372,FALTA-COMETIDA,VISITANTE,5,"RESTREPO, LEONARDO",3,5:20,32,42
125522,10/12/2025,ECU,COL,373,FALTA-RECIBIDA,LOCAL,14,"NOBOA, FELIPE",3,5:20,32,42
125522,10/12/2025,ECU,COL,374,TIRO2-FALLADO,LOCAL,14,"NOBOA, FELIPE",3,4:55,32,42
125522,10/12/2025,ECU,COL,375,TIEMPO-MUERTO-SOLICITADO,LOCAL,,,3,4:55,32,42
125522,10/12/2025,ECU,COL,376,CAMBIO-JUGADOR-SALE,VISITANTE,5,"RESTREPO, LEONARDO",3,4:55,32,42
125522,10/12/2025,ECU,COL,377,CAMBIO-JUGADOR-ENTRA,VISITANTE,7,"BERNAL, MATTHEW",3,4:55,32,42
125522,10/12/2025,ECU,COL,378,TIRO3-FALLADO,VISITANTE,32,"RIOS, SANTIAGO",3,4:50,32,42
125522,10/12/2025,ECU,COL,379,REBOTE-OFENSIVO,VISITANTE,10,"MATEUS, ANDRES",3,4:43,32,42
125522,10/12/2025,ECU,COL,380,CANASTA-2P,VISITANTE,10,"MATEUS, ANDRES",3,4:43,32,44
125522,10/12/2025,ECU,COL,381,PERDIDA,LOCAL,14,"NOBOA, FELIPE",3,4:31,32,44
125522,10/12/2025,ECU,COL,382,CAMBIO-JUGADOR-SALE,LOCAL,15,"IBARRA, ISMAEL",3,4:31,32,44
125522,10/12/2025,ECU,COL,383,CAMBIO-JUGADOR-ENTRA,LOCAL,32,"COROZO, JEREMY",3,4:31,32,44
125522,10/12/2025,ECU,COL,384,CANASTA-3P,VISITANTE,8,"SUAREZ, EZEKIEL",3,4:15,32,47
125522,10/12/2025,ECU,COL,385,ASISTENCIA,VISITANTE,7,"BERNAL, MATTHEW",3,4:15,32,47
125522,10/12/2025,ECU,COL,386,TIRO2-FALLADO,LOCAL,23,"QUIÑONEZ, ADAIR",3,3:52,32,47
125522,10/12/2025,ECU,COL,387,TAPON-COMETIDO,VISITANTE,10,"MATEUS, ANDRES",3,3:52,32,47
125522,10/12/2025,ECU,COL,388,REBOTE-DEFENSIVO,VISITANTE,7,"BERNAL, MATTHEW",3,3:46,32,47
125522,10/12/2025,ECU,COL,389,TIRO2-FALLADO,VISITANTE,8,"SUAREZ, EZEKIEL",3,3:44,32,47
125522,10/12/2025,ECU,COL,390,REBOTE-OFENSIVO,VISITANTE,,,3,3:44,32,47
125522,10/12/2025,ECU,COL,391,TIEMPO-MUERTO-SOLICITADO,LOCAL,,,3,3:44,32,47
125522,10/12/2025,ECU,COL,392,CAMBIO-JUGADOR-SALE,VISITANTE,10,"MATEUS, ANDRES",3,3:44,32,47
125522,10/12/2025,ECU,COL,393,CAMBIO-JUGADOR-ENTRA,VISITANTE,83,"OROZCO, ANGEL",3,3:44,32,47
125522,10/12/2025,ECU,COL,394,TIRO2-FALLADO,VISITANTE,83,"OROZCO, ANGEL",3,3:39,32,47
125522,10/12/2025,ECU,COL,395,REBOTE-DEFENSIVO,LOCAL,32,"COROZO, JEREMY",3,3:35,32,47
125522,10/12/2025,ECU,COL,396,TIRO3-FALLADO,LOCAL,14,"NOBOA, FELIPE",3,3:26,32,47
125522,10/12/2025,ECU,COL,397,REBOTE-OFENSIVO,LOCAL,23,"QUIÑONEZ, ADAIR",3,3:22,32,47
125522,10/12/2025,ECU,COL,398,CANASTA-2P,LOCAL,14,"NOBOA, FELIPE",3,3:19,34,47
125522,10/12/2025,ECU,COL,399,FALTA-COMETIDA,LOCAL,1,"CEVALLOS, MICHAEL",3,3:07,34,47
125522,10/12/2025,ECU,COL,400,FALTA-RECIBIDA,VISITANTE,7,"BERNAL, MATTHEW",3,3:07,34,47
125522,10/12/2025,ECU,COL,401,TIRO1-FALLADO,VISITANTE,7,"BERNAL, MATTHEW",3,3:07,34,47
125522,10/12/2025,ECU,COL,402,CANASTA-1P,VISITANTE,7,"BERNAL, MATTHEW",3,3:07,34,48
125522,10/12/2025,ECU,COL,403,TIRO3-FALLADO,LOCAL,1,"CEVALLOS, MICHAEL",3,2:47,34,48
125522,10/12/2025,ECU,COL,404,REBOTE-DEFENSIVO,VISITANTE,8,"SUAREZ, EZEKIEL",3,2:43,34,48
125522,10/12/2025,ECU,COL,405,PERDIDA,VISITANTE,7,"BERNAL, MATTHEW",3,2:36,34,48
125522,10/12/2025,ECU,COL,406,RECUPERACION,LOCAL,23,"QUIÑONEZ, ADAIR",3,2:36,34,48
125522,10/12/2025,ECU,COL,407,CANASTA-2P,LOCAL,23,"QUIÑONEZ, ADAIR",3,2:31,36,48
125522,10/12/2025,ECU,COL,408,TIRO2-FALLADO,VISITANTE,4,"SANCHEZ, ALEJANDRO",3,2:14,36,48
125522,10/12/2025,ECU,COL,409,REBOTE-DEFENSIVO,LOCAL,23,"QUIÑONEZ, ADAIR",3,2:11,36,48
125522,10/12/2025,ECU,COL,410,FALTA-COMETIDA,VISITANTE,83,"OROZCO, ANGEL",3,2:11,36,48
125522,10/12/2025,ECU,COL,411,FALTA-RECIBIDA,LOCAL,23,"QUIÑONEZ, ADAIR",3,2:11,36,48
125522,10/12/2025,ECU,COL,412,CAMBIO-JUGADOR-SALE,VISITANTE,4,"SANCHEZ, ALEJANDRO",3,2:11,36,48
125522,10/12/2025,ECU,COL,413,CAMBIO-JUGADOR-ENTRA,VISITANTE,24,"HERNANDEZ, ANDRES",3,2:11,36,48
125522,10/12/2025,ECU,COL,414,CAMBIO-JUGADOR-SALE,VISITANTE,32,"RIOS, SANTIAGO",3,2:09,36,48
125522,10/12/2025,ECU,COL,415,CAMBIO-JUGADOR-ENTRA,VISITANTE,6,"BROWN, SALOMON",3,2:09,36,48
125522,10/12/2025,ECU,COL,416,TIRO3-FALLADO,LOCAL,14,"NOBOA, FELIPE",3,1:51,36,48
125522,10/12/2025,ECU,COL,417,REBOTE-DEFENSIVO,VISITANTE,8,"SUAREZ, EZEKIEL",3,1:46,36,48
125522,10/12/2025,ECU,COL,418,PERDIDA,VISITANTE,6,"BROWN, SALOMON",3,1:31,36,48
125522,10/12/2025,ECU,COL,419,CAMBIO-JUGADOR-SALE,LOCAL,1,"CEVALLOS, MICHAEL",3,1:31,36,48
125522,10/12/2025,ECU,COL,420,CAMBIO-JUGADOR-ENTRA,LOCAL,33,"REYES, DEIVIS",3,1:31,36,48
125522,10/12/2025,ECU,COL,421,FALTA-COMETIDA,VISITANTE,24,"HERNANDEZ, ANDRES",3,1:24,36,48
125522,10/12/2025,ECU,COL,422,FALTA-RECIBIDA,LOCAL,14,"NOBOA, FELIPE",3,1:24,36,48
125522,10/12/2025,ECU,COL,423,PERDIDA,LOCAL,14,"NOBOA, FELIPE",3,1:20,36,48
125522,10/12/2025,ECU,COL,424,RECUPERACION,VISITANTE,8,"SUAREZ, EZEKIEL",3,1:20,36,48
125522,10/12/2025,ECU,COL,425,CANASTA-2P,VISITANTE,7,"BERNAL, MATTHEW",3,1:16,36,50
125522,10/12/2025,ECU,COL,426,ASISTENCIA,VISITANTE,8,"SUAREZ, EZEKIEL",3,1:16,36,50
125522,10/12/2025,ECU,COL,427,PERDIDA,LOCAL,23,"QUIÑONEZ, ADAIR",3,0:49,36,50
125522,10/12/2025,ECU,COL,428,RECUPERACION,VISITANTE,7,"BERNAL, MATTHEW",3,0:49,36,50
125522,10/12/2025,ECU,COL,429,TIRO2-FALLADO,VISITANTE,83,"OROZCO, ANGEL",3,0:44,36,50
125522,10/12/2025,ECU,COL,430,TAPON-COMETIDO,LOCAL,32,"COROZO, JEREMY",3,0:44,36,50
125522,10/12/2025,ECU,COL,431,REBOTE-DEFENSIVO,LOCAL,23,"QUIÑONEZ, ADAIR",3,0:38,36,50
125522,10/12/2025,ECU,COL,432,CANASTA-2P,LOCAL,23,"QUIÑONEZ, ADAIR",3,0:34,38,50
125522,10/12/2025,ECU,COL,433,ASISTENCIA,LOCAL,32,"COROZO, JEREMY",3,0:34,38,50
125522,10/12/2025,ECU,COL,434,CANASTA-2P,VISITANTE,24,"HERNANDEZ, ANDRES",3,0:33,38,52
125522,10/12/2025,ECU,COL,435,ASISTENCIA,VISITANTE,7,"BERNAL, MATTHEW",3,0:33,38,52
125522,10/12/2025,ECU,COL,436,PERDIDA,LOCAL,10,"ZAMBRANO, ALHAN",3,0:17,38,52
125522,10/12/2025,ECU,COL,437,RECUPERACION,VISITANTE,6,"BROWN, SALOMON",3,0:17,38,52
125522,10/12/2025,ECU,COL,438,FALTA-COMETIDA,LOCAL,33,"REYES, DEIVIS",3,0:11,38,52
125522,10/12/2025,ECU,COL,439,FALTA-RECIBIDA,VISITANTE,6,"BROWN, SALOMON",3,0:11,38,52
125522,10/12/2025,ECU,COL,440,CAMBIO-JUGADOR-SALE,LOCAL,10,"ZAMBRANO, ALHAN",3,0:11,38,52
125522,10/12/2025,ECU,COL,441,CAMBIO-JUGADOR-SALE,LOCAL,14,"NOBOA, FELIPE",3,0:11,38,52
125522,10/12/2025,ECU,COL,442,CAMBIO-JUGADOR-ENTRA,LOCAL,2,"CASTILLO, JUAN",3,0:11,38,52
125522,10/12/2025,ECU,COL,443,CAMBIO-JUGADOR-ENTRA,LOCAL,7,"DAZA, JOSÉ",3,0:11,38,52
125522,10/12/2025,ECU,COL,444,TIRO1-FALLADO,VISITANTE,6,"BROWN, SALOMON",3,0:11,38,52
125522,10/12/2025,ECU,COL,445,TIRO1-FALLADO,VISITANTE,6,"BROWN, SALOMON",3,0:11,38,52
125522,10/12/2025,ECU,COL,446,REBOTE-DEFENSIVO,LOCAL,7,"DAZA, JOSÉ",3,0:11,38,52
125522,10/12/2025,ECU,COL,447,FINAL-PERIODO,,,,3,0:00,38,52
125522,10/12/2025,ECU,COL,448,CAMBIO-JUGADOR-SALE,LOCAL,32,"COROZO, JEREMY",4,10:00,38,52
125522,10/12/2025,ECU,COL,449,CAMBIO-JUGADOR-ENTRA,LOCAL,1,"CEVALLOS, MICHAEL",4,10:00,38,52
125522,10/12/2025,ECU,COL,450,CAMBIO-JUGADOR-SALE,VISITANTE,6,"BROWN, SALOMON",4,10:00,38,52
125522,10/12/2025,ECU,COL,451,CAMBIO-JUGADOR-SALE,VISITANTE,7,"BERNAL, MATTHEW",4,10:00,38,52
125522,10/12/2025,ECU,COL,452,CAMBIO-JUGADOR-SALE,VISITANTE,24,"HERNANDEZ, ANDRES",4,10:00,38,52
125522,10/12/2025,ECU,COL,453,CAMBIO-JUGADOR-ENTRA,VISITANTE,5,"RESTREPO, LEONARDO",4,10:00,38,52
125522,10/12/2025,ECU,COL,454,CAMBIO-JUGADOR-ENTRA,VISITANTE,14,"CAICEDO, YANSEM",4,10:00,38,52
125522,10/12/2025,ECU,COL,455,CAMBIO-JUGADOR-ENTRA,VISITANTE,59,"BETANCURT, JULIAN",4,10:00,38,52
125522,10/12/2025,ECU,COL,456,INICIO-PERIODO,,,,4,10:00,38,52
125522,10/12/2025,ECU,COL,457,TIRO2-FALLADO,LOCAL,7,"DAZA, JOSÉ",4,9:52,38,52
125522,10/12/2025,ECU,COL,458,TAPON-COMETIDO,VISITANTE,5,"RESTREPO, LEONARDO",4,9:52,38,52
125522,10/12/2025,ECU,COL,459,REBOTE-DEFENSIVO,VISITANTE,14,"CAICEDO, YANSEM",4,9:46,38,52
125522,10/12/2025,ECU,COL,460,CANASTA-3P,VISITANTE,8,"SUAREZ, EZEKIEL",4,9:39,38,55
125522,10/12/2025,ECU,COL,461,FALTA-COMETIDA,LOCAL,7,"DAZA, JOSÉ",4,9:37,38,55
125522,10/12/2025,ECU,COL,462,FALTA-RECIBIDA,VISITANTE,8,"SUAREZ, EZEKIEL",4,9:37,38,55
125522,10/12/2025,ECU,COL,463,TIRO1-FALLADO,VISITANTE,8,"SUAREZ, EZEKIEL",4,9:37,38,55
125522,10/12/2025,ECU,COL,464,REBOTE-DEFENSIVO,LOCAL,1,"CEVALLOS, MICHAEL",4,9:37,38,55
125522,10/12/2025,ECU,COL,465,TIRO2-FALLADO,LOCAL,1,"CEVALLOS, MICHAEL",4,9:31,38,55
125522,10/12/2025,ECU,COL,466,REBOTE-DEFENSIVO,VISITANTE,5,"RESTREPO, LEONARDO",4,9:27,38,55
125522,10/12/2025,ECU,COL,467,TIRO2-FALLADO,VISITANTE,83,"OROZCO, ANGEL",4,9:18,38,55
125522,10/12/2025,ECU,COL,468,REBOTE-OFENSIVO,VISITANTE,83,"OROZCO, ANGEL",4,9:14,38,55
125522,10/12/2025,ECU,COL,469,TIRO2-FALLADO,VISITANTE,59,"BETANCURT, JULIAN",4,9:10,38,55
125522,10/12/2025,ECU,COL,470,REBOTE-DEFENSIVO,LOCAL,2,"CASTILLO, JUAN",4,9:07,38,55
125522,10/12/2025,ECU,COL,471,TIRO2-FALLADO,LOCAL,2,"CASTILLO, JUAN",4,9:03,38,55
125522,10/12/2025,ECU,COL,472,REBOTE-DEFENSIVO,VISITANTE,14,"CAICEDO, YANSEM",4,9:00,38,55
125522,10/12/2025,ECU,COL,473,CAMBIO-JUGADOR-SALE,LOCAL,7,"DAZA, JOSÉ",4,8:55,38,55
125522,10/12/2025,ECU,COL,474,CAMBIO-JUGADOR-ENTRA,LOCAL,15,"IBARRA, ISMAEL",4,8:55,38,55
125522,10/12/2025,ECU,COL,475,TIRO3-FALLADO,VISITANTE,5,"RESTREPO, LEONARDO",4,8:49,38,55
125522,10/12/2025,ECU,COL,476,REBOTE-OFENSIVO,VISITANTE,59,"BETANCURT, JULIAN",4,8:45,38,55
125522,10/12/2025,ECU,COL,477,CANASTA-3P,VISITANTE,8,"SUAREZ, EZEKIEL",4,8:39,38,58
125522,10/12/2025,ECU,COL,478,ASISTENCIA,VISITANTE,59,"BETANCURT, JULIAN",4,8:39,38,58
125522,10/12/2025,ECU,COL,479,TIRO3-FALLADO,LOCAL,2,"CASTILLO, JUAN",4,8:21,38,58
125522,10/12/2025,ECU,COL,480,REBOTE-OFENSIVO,LOCAL,23,"QUIÑONEZ, ADAIR",4,8:16,38,58
125522,10/12/2025,ECU,COL,481,TIRO3-FALLADO,LOCAL,23,"QUIÑONEZ, ADAIR",4,8:14,38,58
125522,10/12/2025,ECU,COL,482,REBOTE-DEFENSIVO,VISITANTE,59,"BETANCURT, JULIAN",4,8:11,38,58
125522,10/12/2025,ECU,COL,483,PERDIDA,VISITANTE,8,"SUAREZ, EZEKIEL",4,8:01,38,58
125522,10/12/2025,ECU,COL,484,CAMBIO-JUGADOR-SALE,LOCAL,23,"QUIÑONEZ, ADAIR",4,8:01,38,58
125522,10/12/2025,ECU,COL,485,CAMBIO-JUGADOR-ENTRA,LOCAL,14,"NOBOA, FELIPE",4,8:01,38,58
125522,10/12/2025,ECU,COL,486,TIRO3-FALLADO,LOCAL,33,"REYES, DEIVIS",4,7:42,38,58
125522,10/12/2025,ECU,COL,487,REBOTE-DEFENSIVO,VISITANTE,59,"BETANCURT, JULIAN",4,7:38,38,58
125522,10/12/2025,ECU,COL,488,CANASTA-3P,VISITANTE,8,"SUAREZ, EZEKIEL",4,7:28,38,61
125522,10/12/2025,ECU,COL,489,ASISTENCIA,VISITANTE,59,"BETANCURT, JULIAN",4,7:28,38,61
125522,10/12/2025,ECU,COL,490,TIRO2-FALLADO,LOCAL,14,"NOBOA, FELIPE",4,6:59,38,61
125522,10/12/2025,ECU,COL,491,REBOTE-DEFENSIVO,VISITANTE,5,"RESTREPO, LEONARDO",4,6:56,38,61
125522,10/12/2025,ECU,COL,492,CANASTA-3P,VISITANTE,14,"CAICEDO, YANSEM",4,6:47,38,64
125522,10/12/2025,ECU,COL,493,TIRO2-FALLADO,LOCAL,33,"REYES, DEIVIS",4,6:27,38,64
125522,10/12/2025,ECU,COL,494,REBOTE-DEFENSIVO,VISITANTE,14,"CAICEDO, YANSEM",4,6:24,38,64
125522,10/12/2025,ECU,COL,495,CANASTA-2P,VISITANTE,59,"BETANCURT, JULIAN",4,6:21,38,66
125522,10/12/2025,ECU,COL,496,ASISTENCIA,VISITANTE,14,"CAICEDO, YANSEM",4,6:21,38,66
125522,10/12/2025,ECU,COL,497,FALTA-COMETIDA,LOCAL,1,"CEVALLOS, MICHAEL",4,6:21,38,66
125522,10/12/2025,ECU,COL,498,FALTA-RECIBIDA,VISITANTE,59,"BETANCURT, JULIAN",4,6:21,38,66
125522,10/12/2025,ECU,COL,499,CAMBIO-JUGADOR-SALE,LOCAL,2,"CASTILLO, JUAN",4,6:21,38,66
125522,10/12/2025,ECU,COL,500,CAMBIO-JUGADOR-SALE,LOCAL,33,"REYES, DEIVIS",4,6:21,38,66
125522,10/12/2025,ECU,COL,501,CAMBIO-JUGADOR-ENTRA,LOCAL,10,"ZAMBRANO, ALHAN",4,6:21,38,66
125522,10/12/2025,ECU,COL,502,CAMBIO-JUGADOR-ENTRA,LOCAL,13,"MINA, JAHIR",4,6:21,38,66
125522,10/12/2025,ECU,COL,503,CAMBIO-JUGADOR-SALE,VISITANTE,83,"OROZCO, ANGEL",4,6:21,38,66
125522,10/12/2025,ECU,COL,504,CAMBIO-JUGADOR-ENTRA,VISITANTE,10,"MATEUS, ANDRES",4,6:21,38,66
125522,10/12/2025,ECU,COL,505,CAMBIO-JUGADOR-SALE,VISITANTE,14,"CAICEDO, YANSEM",4,6:21,38,66
125522,10/12/2025,ECU,COL,506,CAMBIO-JUGADOR-ENTRA,VISITANTE,4,"SANCHEZ, ALEJANDRO",4,6:21,38,66
125522,10/12/2025,ECU,COL,507,TIRO1-FALLADO,VISITANTE,59,"BETANCURT, JULIAN",4,6:21,38,66
125522,10/12/2025,ECU,COL,508,REBOTE-DEFENSIVO,LOCAL,15,"IBARRA, ISMAEL",4,6:21,38,66
125522,10/12/2025,ECU,COL,509,TIRO2-FALLADO,LOCAL,14,"NOBOA, FELIPE",4,6:13,38,66
125522,10/12/2025,ECU,COL,510,REBOTE-DEFENSIVO,VISITANTE,10,"MATEUS, ANDRES",4,6:10,38,66
125522,10/12/2025,ECU,COL,511,CANASTA-2P,VISITANTE,10,"MATEUS, ANDRES",4,6:01,38,68
125522,10/12/2025,ECU,COL,512,ASISTENCIA,VISITANTE,59,"BETANCURT, JULIAN",4,6:01,38,68
125522,10/12/2025,ECU,COL,513,TIRO2-FALLADO,LOCAL,1,"CEVALLOS, MICHAEL",4,5:39,38,68
125522,10/12/2025,ECU,COL,514,REBOTE-DEFENSIVO,VISITANTE,10,"MATEUS, ANDRES",4,5:36,38,68
125522,10/12/2025,ECU,COL,515,PERDIDA,VISITANTE,8,"SUAREZ, EZEKIEL",4,5:29,38,68
125522,10/12/2025,ECU,COL,516,RECUPERACION,LOCAL,14,"NOBOA, FELIPE",4,5:29,38,68
125522,10/12/2025,ECU,COL,517,CANASTA-2P,LOCAL,13,"MINA, JAHIR",4,5:12,40,68
125522,10/12/2025,ECU,COL,518,CANASTA-3P,VISITANTE,4,"SANCHEZ, ALEJANDRO",4,5:00,40,71
125522,10/12/2025,ECU,COL,519,CANASTA-3P,LOCAL,10,"ZAMBRANO, ALHAN",4,4:43,43,71
125522,10/12/2025,ECU,COL,520,ASISTENCIA,LOCAL,1,"CEVALLOS, MICHAEL",4,4:43,43,71
125522,10/12/2025,ECU,COL,521,TIRO2-FALLADO,VISITANTE,59,"BETANCURT, JULIAN",4,4:22,43,71
125522,10/12/2025,ECU,COL,522,REBOTE-DEFENSIVO,LOCAL,14,"NOBOA, FELIPE",4,4:18,43,71
125522,10/12/2025,ECU,COL,523,TIRO3-FALLADO,LOCAL,13,"MINA, JAHIR",4,4:13,43,71
125522,10/12/2025,ECU,COL,524,REBOTE-DEFENSIVO,VISITANTE,10,"MATEUS, ANDRES",4,4:09,43,71
125522,10/12/2025,ECU,COL,525,TIRO2-FALLADO,VISITANTE,4,"SANCHEZ, ALEJANDRO",4,3:58,43,71
125522,10/12/2025,ECU,COL,526,REBOTE-DEFENSIVO,LOCAL,,,4,3:55,43,71
125522,10/12/2025,ECU,COL,527,TIEMPO-MUERTO-SOLICITADO,LOCAL,,,4,3:52,43,71
125522,10/12/2025,ECU,COL,528,CAMBIO-JUGADOR-SALE,LOCAL,14,"NOBOA, FELIPE",4,3:52,43,71
125522,10/12/2025,ECU,COL,529,CAMBIO-JUGADOR-ENTRA,LOCAL,23,"QUIÑONEZ, ADAIR",4,3:52,43,71
125522,10/12/2025,ECU,COL,530,CAMBIO-JUGADOR-SALE,VISITANTE,59,"BETANCURT, JULIAN",4,3:52,43,71
125522,10/12/2025,ECU,COL,531,CAMBIO-JUGADOR-ENTRA,VISITANTE,32,"RIOS, SANTIAGO",4,3:52,43,71
125522,10/12/2025,ECU,COL,532,TIRO3-FALLADO,LOCAL,10,"ZAMBRANO, ALHAN",4,3:39,43,71
125522,10/12/2025,ECU,COL,533,REBOTE-OFENSIVO,LOCAL,1,"CEVALLOS, MICHAEL",4,3:36,43,71
125522,10/12/2025,ECU,COL,534,CANASTA-3P,LOCAL,1,"CEVALLOS, MICHAEL",4,3:30,46,71
125522,10/12/2025,ECU,COL,535,ASISTENCIA,LOCAL,13,"MINA, JAHIR",4,3:30,46,71
125522,10/12/2025,ECU,COL,536,PERDIDA,VISITANTE,10,"MATEUS, ANDRES",4,3:14,46,71
125522,10/12/2025,ECU,COL,537,RECUPERACION,LOCAL,13,"MINA, JAHIR",4,3:14,46,71
125522,10/12/2025,ECU,COL,538,FALTA-COMETIDA,VISITANTE,32,"RIOS, SANTIAGO",4,3:13,46,71
125522,10/12/2025,ECU,COL,539,FALTA-RECIBIDA,LOCAL,13,"MINA, JAHIR",4,3:13,46,71
125522,10/12/2025,ECU,COL,540,FALTA-COMETIDA,VISITANTE,4,"SANCHEZ, ALEJANDRO",4,2:58,46,71
125522,10/12/2025,ECU,COL,541,FALTA-RECIBIDA,LOCAL,10,"ZAMBRANO, ALHAN",4,2:58,46,71
125522,10/12/2025,ECU,COL,542,TIRO3-FALLADO,LOCAL,1,"CEVALLOS, MICHAEL",4,2:51,46,71
125522,10/12/2025,ECU,COL,543,REBOTE-DEFENSIVO,VISITANTE,5,"RESTREPO, LEONARDO",4,2:47,46,71
125522,10/12/2025,ECU,COL,544,CANASTA-3P,VISITANTE,32,"RIOS, SANTIAGO",4,2:38,46,74
125522,10/12/2025,ECU,COL,545,ASISTENCIA,VISITANTE,4,"SANCHEZ, ALEJANDRO",4,2:38,46,74
125522,10/12/2025,ECU,COL,546,TIRO2-FALLADO,LOCAL,1,"CEVALLOS, MICHAEL",4,2:23,46,74
125522,10/12/2025,ECU,COL,547,REBOTE-DEFENSIVO,VISITANTE,5,"RESTREPO, LEONARDO",4,2:19,46,74
125522,10/12/2025,ECU,COL,548,CANASTA-2P,VISITANTE,8,"SUAREZ, EZEKIEL",4,2:12,46,76
125522,10/12/2025,ECU,COL,549,ASISTENCIA,VISITANTE,5,"RESTREPO, LEONARDO",4,2:12,46,76
125522,10/12/2025,ECU,COL,550,TIRO2-FALLADO,LOCAL,15,"IBARRA, ISMAEL",4,1:53,46,76
125522,10/12/2025,ECU,COL,551,TAPON-COMETIDO,VISITANTE,10,"MATEUS, ANDRES",4,1:53,46,76
125522,10/12/2025,ECU,COL,552,REBOTE-DEFENSIVO,VISITANTE,5,"RESTREPO, LEONARDO",4,1:49,46,76
125522,10/12/2025,ECU,COL,553,TIRO3-FALLADO,VISITANTE,5,"RESTREPO, LEONARDO",4,1:39,46,76
125522,10/12/2025,ECU,COL,554,REBOTE-DEFENSIVO,LOCAL,15,"IBARRA, ISMAEL",4,1:35,46,76
125522,10/12/2025,ECU,COL,555,TIRO3-FALLADO,LOCAL,13,"MINA, JAHIR",4,1:22,46,76
125522,10/12/2025,ECU,COL,556,REBOTE-DEFENSIVO,VISITANTE,5,"RESTREPO, LEONARDO",4,1:18,46,76
125522,10/12/2025,ECU,COL,557,CANASTA-3P,VISITANTE,4,"SANCHEZ, ALEJANDRO",4,1:03,46,79
125522,10/12/2025,ECU,COL,558,CAMBIO-JUGADOR-SALE,LOCAL,1,"CEVALLOS, MICHAEL",4,0:59,46,79
125522,10/12/2025,ECU,COL,559,CAMBIO-JUGADOR-SALE,LOCAL,10,"ZAMBRANO, ALHAN",4,0:59,46,79
125522,10/12/2025,ECU,COL,560,CAMBIO-JUGADOR-SALE,LOCAL,15,"IBARRA, ISMAEL",4,0:59,46,79
125522,10/12/2025,ECU,COL,561,CAMBIO-JUGADOR-ENTRA,LOCAL,2,"CASTILLO, JUAN",4,0:59,46,79
125522,10/12/2025,ECU,COL,562,CAMBIO-JUGADOR-ENTRA,LOCAL,32,"COROZO, JEREMY",4,0:59,46,79
125522,10/12/2025,ECU,COL,563,CAMBIO-JUGADOR-ENTRA,LOCAL,33,"REYES, DEIVIS",4,0:59,46,79
125522,10/12/2025,ECU,COL,564,CAMBIO-JUGADOR-SALE,VISITANTE,5,"RESTREPO, LEONARDO",4,0:59,46,79
125522,10/12/2025,ECU,COL,565,CAMBIO-JUGADOR-SALE,VISITANTE,10,"MATEUS, ANDRES",4,0:59,46,79
125522,10/12/2025,ECU,COL,566,CAMBIO-JUGADOR-ENTRA,VISITANTE,6,"BROWN, SALOMON",4,0:59,46,79
125522,10/12/2025,ECU,COL,567,CAMBIO-JUGADOR-ENTRA,VISITANTE,24,"HERNANDEZ, ANDRES",4,0:59,46,79
125522,10/12/2025,ECU,COL,568,FALTA-COMETIDA,VISITANTE,4,"SANCHEZ, ALEJANDRO",4,0:55,46,79
125522,10/12/2025,ECU,COL,569,FALTA-RECIBIDA,LOCAL,2,"CASTILLO, JUAN",4,0:55,46,79
125522,10/12/2025,ECU,COL,570,FALTA-COMETIDA,VISITANTE,32,"RIOS, SANTIAGO",4,0:51,46,79
125522,10/12/2025,ECU,COL,571,FALTA-RECIBIDA,LOCAL,32,"COROZO, JEREMY",4,0:51,46,79
125522,10/12/2025,ECU,COL,572,TIRO1-FALLADO,LOCAL,32,"COROZO, JEREMY",4,0:51,46,79
125522,10/12/2025,ECU,COL,573,CANASTA-1P,LOCAL,32,"COROZO, JEREMY",4,0:51,47,79
125522,10/12/2025,ECU,COL,574,ASISTENCIA,LOCAL,2,"CASTILLO, JUAN",4,0:51,47,79
125522,10/12/2025,ECU,COL,575,TIRO3-FALLADO,VISITANTE,24,"HERNANDEZ, ANDRES",4,0:29,47,79
125522,10/12/2025,ECU,COL,576,REBOTE-DEFENSIVO,LOCAL,,,4,0:27,47,79
125522,10/12/2025,ECU,COL,577,FALTA-COMETIDA,VISITANTE,6,"BROWN, SALOMON",4,0:07,47,79
125522,10/12/2025,ECU,COL,578,FALTA-RECIBIDA,LOCAL,13,"MINA, JAHIR",4,0:07,47,79
125522,10/12/2025,ECU,COL,579,TIRO1-FALLADO,LOCAL,13,"MINA, JAHIR",4,0:07,47,79
125522,10/12/2025,ECU,COL,580,CANASTA-1P,LOCAL,13,"MINA, JAHIR",4,0:07,48,79
125522,10/12/2025,ECU,COL,581,FINAL-PERIODO,,,,4,0:00,48,79
125522,10/12/2025,ECU,COL,582,FINAL-PARTIDO,,,,4,0:00,48,79
125523,11/12/2025,COL,URU,0,INICIO-PARTIDO,,,,1,10:00,0,0
125523,11/12/2025,COL,URU,1,INICIO-PERIODO,,,,1,10:00,0,0
125523,11/12/2025,COL,URU,2,CAMBIO-JUGADOR-ENTRA,LOCAL,5,"RESTREPO, LEONARDO",1,10:00,0,0
125523,11/12/2025,COL,URU,3,CAMBIO-JUGADOR-ENTRA,LOCAL,7,"BERNAL, MATTHEW",1,10:00,0,0
125523,11/12/2025,COL,URU,4,CAMBIO-JUGADOR-ENTRA,LOCAL,10,"MATEUS, ANDRES",1,10:00,0,0
125523,11/12/2025,COL,URU,5,CAMBIO-JUGADOR-ENTRA,LOCAL,14,"CAICEDO, YANSEM",1,10:00,0,0
125523,11/12/2025,COL,URU,6,CAMBIO-JUGADOR-ENTRA,LOCAL,59,"BETANCURT, JULIAN",1,10:00,0,0
125523,11/12/2025,COL,URU,7,CAMBIO-JUGADOR-ENTRA,VISITANTE,5,"IZUIBEJERES, FACUNDO",1,10:00,0,0
125523,11/12/2025,COL,URU,8,CAMBIO-JUGADOR-ENTRA,VISITANTE,10,"GOMEZ, LAUTARO",1,10:00,0,0
125523,11/12/2025,COL,URU,9,CAMBIO-JUGADOR-ENTRA,VISITANTE,11,"TESTA, NICOLAS",1,10:00,0,0
125523,11/12/2025,COL,URU,10,CAMBIO-JUGADOR-ENTRA,VISITANTE,19,"FATA, GABRIEL",1,10:00,0,0
125523,11/12/2025,COL,URU,11,CAMBIO-JUGADOR-ENTRA,VISITANTE,22,"OROZCO, LUCAS",1,10:00,0,0
125523,11/12/2025,COL,URU,12,JUMP-BALL,,,,1,10:00,0,0
125523,11/12/2025,COL,URU,13,JUMP-BALL,LOCAL,10,"MATEUS, ANDRES",1,9:59,0,0
125523,11/12/2025,COL,URU,14,JUMP-BALL,VISITANTE,11,"TESTA, NICOLAS",1,9:59,0,0
125523,11/12/2025,COL,URU,15,CANASTA-2P,LOCAL,7,"BERNAL, MATTHEW",1,9:49,2,0
125523,11/12/2025,COL,URU,16,ASISTENCIA,LOCAL,14,"CAICEDO, YANSEM",1,9:49,2,0
125523,11/12/2025,COL,URU,17,PERDIDA,VISITANTE,22,"OROZCO, LUCAS",1,9:33,2,0
125523,11/12/2025,COL,URU,18,TIRO2-FALLADO,LOCAL,14,"CAICEDO, YANSEM",1,9:23,2,0
125523,11/12/2025,COL,URU,19,REBOTE-DEFENSIVO,VISITANTE,10,"GOMEZ, LAUTARO",1,9:21,2,0
125523,11/12/2025,COL,URU,20,CANASTA-2P,VISITANTE,10,"GOMEZ, LAUTARO",1,9:14,2,2
125523,11/12/2025,COL,URU,21,ASISTENCIA,VISITANTE,22,"OROZCO, LUCAS",1,9:14,2,2
125523,11/12/2025,COL,URU,22,CANASTA-2P,LOCAL,59,"BETANCURT, JULIAN",1,8:51,4,2
125523,11/12/2025,COL,URU,23,TIRO3-FALLADO,VISITANTE,11,"TESTA, NICOLAS",1,8:29,4,2
125523,11/12/2025,COL,URU,24,REBOTE-DEFENSIVO,LOCAL,,,1,8:26,4,2
125523,11/12/2025,COL,URU,25,PERDIDA,LOCAL,14,"CAICEDO, YANSEM",1,8:14,4,2
125523,11/12/2025,COL,URU,26,RECUPERACION,VISITANTE,22,"OROZCO, LUCAS",1,8:14,4,2
125523,11/12/2025,COL,URU,27,PERDIDA,VISITANTE,22,"OROZCO, LUCAS",1,8:09,4,2
125523,11/12/2025,COL,URU,28,TIRO3-FALLADO,LOCAL,5,"RESTREPO, LEONARDO",1,8:01,4,2
125523,11/12/2025,COL,URU,29,REBOTE-DEFENSIVO,VISITANTE,11,"TESTA, NICOLAS",1,7:58,4,2
125523,11/12/2025,COL,URU,30,CANASTA-2P,VISITANTE,11,"TESTA, NICOLAS",1,7:49,4,4
125523,11/12/2025,COL,URU,31,ASISTENCIA,VISITANTE,19,"FATA, GABRIEL",1,7:49,4,4
125523,11/12/2025,COL,URU,32,PERDIDA,LOCAL,14,"CAICEDO, YANSEM",1,7:33,4,4
125523,11/12/2025,COL,URU,33,RECUPERACION,VISITANTE,11,"TESTA, NICOLAS",1,7:33,4,4
125523,11/12/2025,COL,URU,34,CANASTA-2P,VISITANTE,11,"TESTA, NICOLAS",1,7:30,4,6
125523,11/12/2025,COL,URU,35,TIRO2-FALLADO,LOCAL,14,"CAICEDO, YANSEM",1,7:15,4,6
125523,11/12/2025,COL,URU,36,REBOTE-OFENSIVO,LOCAL,10,"MATEUS, ANDRES",1,7:11,4,6
125523,11/12/2025,COL,URU,37,CANASTA-2P,LOCAL,10,"MATEUS, ANDRES",1,7:11,6,6
125523,11/12/2025,COL,URU,38,FALTA-COMETIDA,LOCAL,14,"CAICEDO, YANSEM",1,7:04,6,6
125523,11/12/2025,COL,URU,39,FALTA-RECIBIDA,VISITANTE,10,"GOMEZ, LAUTARO",1,7:04,6,6
125523,11/12/2025,COL,URU,40,CANASTA-3P,VISITANTE,10,"GOMEZ, LAUTARO",1,6:57,6,9
125523,11/12/2025,COL,URU,41,ASISTENCIA,VISITANTE,5,"IZUIBEJERES, FACUNDO",1,6:57,6,9
125523,11/12/2025,COL,URU,42,FALTA-COMETIDA,VISITANTE,11,"TESTA, NICOLAS",1,6:46,6,9
125523,11/12/2025,COL,URU,43,FALTA-RECIBIDA,LOCAL,5,"RESTREPO, LEONARDO",1,6:46,6,9
125523,11/12/2025,COL,URU,44,TIRO1-FALLADO,LOCAL,5,"RESTREPO, LEONARDO",1,6:46,6,9
125523,11/12/2025,COL,URU,45,CANASTA-1P,LOCAL,5,"RESTREPO, LEONARDO",1,6:46,7,9
125523,11/12/2025,COL,URU,46,TIRO3-FALLADO,VISITANTE,19,"FATA, GABRIEL",1,6:32,7,9
125523,11/12/2025,COL,URU,47,REBOTE-DEFENSIVO,LOCAL,10,"MATEUS, ANDRES",1,6:30,7,9
125523,11/12/2025,COL,URU,48,CANASTA-3P,LOCAL,59,"BETANCURT, JULIAN",1,6:15,10,9
125523,11/12/2025,COL,URU,49,ASISTENCIA,LOCAL,7,"BERNAL, MATTHEW",1,6:15,10,9
125523,11/12/2025,COL,URU,50,PERDIDA,VISITANTE,5,"IZUIBEJERES, FACUNDO",1,6:08,10,9
125523,11/12/2025,COL,URU,51,RECUPERACION,LOCAL,5,"RESTREPO, LEONARDO",1,6:08,10,9
125523,11/12/2025,COL,URU,52,TIRO2-FALLADO,LOCAL,5,"RESTREPO, LEONARDO",1,6:03,10,9
125523,11/12/2025,COL,URU,53,REBOTE-OFENSIVO,LOCAL,59,"BETANCURT, JULIAN",1,5:59,10,9
125523,11/12/2025,COL,URU,54,TIRO2-FALLADO,LOCAL,7,"BERNAL, MATTHEW",1,5:54,10,9
125523,11/12/2025,COL,URU,55,REBOTE-DEFENSIVO,VISITANTE,11,"TESTA, NICOLAS",1,5:51,10,9
125523,11/12/2025,COL,URU,56,TIRO2-FALLADO,VISITANTE,5,"IZUIBEJERES, FACUNDO",1,5:40,10,9
125523,11/12/2025,COL,URU,57,REBOTE-DEFENSIVO,LOCAL,10,"MATEUS, ANDRES",1,5:37,10,9
125523,11/12/2025,COL,URU,58,PERDIDA,LOCAL,59,"BETANCURT, JULIAN",1,5:16,10,9
125523,11/12/2025,COL,URU,59,CAMBIO-JUGADOR-SALE,VISITANTE,5,"IZUIBEJERES, FACUNDO",1,5:16,10,9
125523,11/12/2025,COL,URU,60,CAMBIO-JUGADOR-ENTRA,VISITANTE,4,"PASTRANA, MANUEL",1,5:16,10,9
125523,11/12/2025,COL,URU,61,CANASTA-2P,VISITANTE,11,"TESTA, NICOLAS",1,5:08,10,11
125523,11/12/2025,COL,URU,62,ASISTENCIA,VISITANTE,10,"GOMEZ, LAUTARO",1,5:08,10,11
125523,11/12/2025,COL,URU,63,TIRO3-FALLADO,LOCAL,5,"RESTREPO, LEONARDO",1,4:47,10,11
125523,11/12/2025,COL,URU,64,REBOTE-OFENSIVO,LOCAL,7,"BERNAL, MATTHEW",1,4:44,10,11
125523,11/12/2025,COL,URU,65,TIRO2-FALLADO,LOCAL,14,"CAICEDO, YANSEM",1,4:39,10,11
125523,11/12/2025,COL,URU,66,REBOTE-DEFENSIVO,VISITANTE,4,"PASTRANA, MANUEL",1,4:37,10,11
125523,11/12/2025,COL,URU,67,CANASTA-3P,VISITANTE,11,"TESTA, NICOLAS",1,4:28,10,14
125523,11/12/2025,COL,URU,68,ASISTENCIA,VISITANTE,4,"PASTRANA, MANUEL",1,4:28,10,14
125523,11/12/2025,COL,URU,69,TIRO2-FALLADO,LOCAL,59,"BETANCURT, JULIAN",1,4:02,10,14
125523,11/12/2025,COL,URU,70,REBOTE-DEFENSIVO,VISITANTE,19,"FATA, GABRIEL",1,3:59,10,14
125523,11/12/2025,COL,URU,71,PERDIDA,VISITANTE,4,"PASTRANA, MANUEL",1,3:55,10,14
125523,11/12/2025,COL,URU,72,CAMBIO-JUGADOR-SALE,LOCAL,14,"CAICEDO, YANSEM",1,3:55,10,14
125523,11/12/2025,COL,URU,73,CAMBIO-JUGADOR-SALE,LOCAL,59,"BETANCURT, JULIAN",1,3:55,10,14
125523,11/12/2025,COL,URU,74,CAMBIO-JUGADOR-ENTRA,LOCAL,4,"SANCHEZ, ALEJANDRO",1,3:55,10,14
125523,11/12/2025,COL,URU,75,CAMBIO-JUGADOR-ENTRA,LOCAL,8,"SUAREZ, EZEKIEL",1,3:55,10,14
125523,11/12/2025,COL,URU,76,CAMBIO-JUGADOR-SALE,VISITANTE,22,"OROZCO, LUCAS",1,3:55,10,14
125523,11/12/2025,COL,URU,77,CAMBIO-JUGADOR-ENTRA,VISITANTE,8,"CRUZ, FEDERICO",1,3:55,10,14
125523,11/12/2025,COL,URU,78,TIRO3-FALLADO,LOCAL,4,"SANCHEZ, ALEJANDRO",1,3:36,10,14
125523,11/12/2025,COL,URU,79,REBOTE-OFENSIVO,LOCAL,10,"MATEUS, ANDRES",1,3:33,10,14
125523,11/12/2025,COL,URU,80,FALTA-COMETIDA,VISITANTE,19,"FATA, GABRIEL",1,3:33,10,14
125523,11/12/2025,COL,URU,81,FALTA-RECIBIDA,LOCAL,10,"MATEUS, ANDRES",1,3:33,10,14
125523,11/12/2025,COL,URU,82,TIRO1-FALLADO,LOCAL,10,"MATEUS, ANDRES",1,3:33,10,14
125523,11/12/2025,COL,URU,83,CANASTA-1P,LOCAL,10,"MATEUS, ANDRES",1,3:33,11,14
125523,11/12/2025,COL,URU,84,CANASTA-2P,VISITANTE,10,"GOMEZ, LAUTARO",1,3:22,11,16
125523,11/12/2025,COL,URU,85,ASISTENCIA,VISITANTE,8,"CRUZ, FEDERICO",1,3:22,11,16
125523,11/12/2025,COL,URU,86,TIEMPO-MUERTO-SOLICITADO,LOCAL,,,1,3:21,11,16
125523,11/12/2025,COL,URU,87,CAMBIO-JUGADOR-SALE,LOCAL,10,"MATEUS, ANDRES",1,3:21,11,16
125523,11/12/2025,COL,URU,88,CAMBIO-JUGADOR-ENTRA,LOCAL,83,"OROZCO, ANGEL",1,3:21,11,16
125523,11/12/2025,COL,URU,89,TIRO2-FALLADO,LOCAL,5,"RESTREPO, LEONARDO",1,3:08,11,16
125523,11/12/2025,COL,URU,90,REBOTE-OFENSIVO,LOCAL,83,"OROZCO, ANGEL",1,3:06,11,16
125523,11/12/2025,COL,URU,91,CANASTA-2P,LOCAL,83,"OROZCO, ANGEL",1,3:05,13,16
125523,11/12/2025,COL,URU,92,PERDIDA,VISITANTE,10,"GOMEZ, LAUTARO",1,2:44,13,16
125523,11/12/2025,COL,URU,93,RECUPERACION,LOCAL,4,"SANCHEZ, ALEJANDRO",1,2:44,13,16
125523,11/12/2025,COL,URU,94,TIRO2-FALLADO,LOCAL,7,"BERNAL, MATTHEW",1,2:32,13,16
125523,11/12/2025,COL,URU,95,REBOTE-OFENSIVO,LOCAL,8,"SUAREZ, EZEKIEL",1,2:30,13,16
125523,11/12/2025,COL,URU,96,TIRO3-FALLADO,LOCAL,7,"BERNAL, MATTHEW",1,2:25,13,16
125523,11/12/2025,COL,URU,97,REBOTE-DEFENSIVO,VISITANTE,4,"PASTRANA, MANUEL",1,2:20,13,16
125523,11/12/2025,COL,URU,98,CANASTA-2P,VISITANTE,8,"CRUZ, FEDERICO",1,2:18,13,18
125523,11/12/2025,COL,URU,99,ASISTENCIA,VISITANTE,4,"PASTRANA, MANUEL",1,2:18,13,18
125523,11/12/2025,COL,URU,100,CANASTA-3P,LOCAL,4,"SANCHEZ, ALEJANDRO",1,2:00,16,18
125523,11/12/2025,COL,URU,101,CANASTA-3P,VISITANTE,4,"PASTRANA, MANUEL",1,1:46,16,21
125523,11/12/2025,COL,URU,102,ASISTENCIA,VISITANTE,11,"TESTA, NICOLAS",1,1:46,16,21
125523,11/12/2025,COL,URU,103,CANASTA-2P,LOCAL,7,"BERNAL, MATTHEW",1,1:22,18,21
125523,11/12/2025,COL,URU,104,PERDIDA,VISITANTE,19,"FATA, GABRIEL",1,1:07,18,21
125523,11/12/2025,COL,URU,105,RECUPERACION,LOCAL,5,"RESTREPO, LEONARDO",1,1:07,18,21
125523,11/12/2025,COL,URU,106,PERDIDA,LOCAL,83,"OROZCO, ANGEL",1,0:54,18,21
125523,11/12/2025,COL,URU,107,CAMBIO-JUGADOR-SALE,VISITANTE,10,"GOMEZ, LAUTARO",1,0:54,18,21
125523,11/12/2025,COL,URU,108,CAMBIO-JUGADOR-ENTRA,VISITANTE,13,"RAMÍREZ, VALENTINO",1,0:54,18,21
125523,11/12/2025,COL,URU,109,CANASTA-2P,VISITANTE,19,"FATA, GABRIEL",1,0:28,18,23
125523,11/12/2025,COL,URU,110,ASISTENCIA,VISITANTE,13,"RAMÍREZ, VALENTINO",1,0:28,18,23
125523,11/12/2025,COL,URU,111,TIRO3-FALLADO,LOCAL,8,"SUAREZ, EZEKIEL",1,0:13,18,23
125523,11/12/2025,COL,URU,112,REBOTE-DEFENSIVO,VISITANTE,19,"FATA, GABRIEL",1,0:12,18,23
125523,11/12/2025,COL,URU,113,FALTA-COMETIDA,LOCAL,8,"SUAREZ, EZEKIEL",1,0:12,18,23
125523,11/12/2025,COL,URU,114,FALTA-RECIBIDA,VISITANTE,19,"FATA, GABRIEL",1,0:12,18,23
125523,11/12/2025,COL,URU,115,CAMBIO-JUGADOR-SALE,VISITANTE,19,"FATA, GABRIEL",1,0:12,18,23
125523,11/12/2025,COL,URU,116,CAMBIO-JUGADOR-ENTRA,VISITANTE,0,"ABAL, TOMAS",1,0:12,18,23
125523,11/12/2025,COL,URU,117,CANASTA-2P,VISITANTE,8,"CRUZ, FEDERICO",1,0:02,18,25
125523,11/12/2025,COL,URU,118,TIRO3-FALLADO,LOCAL,4,"SANCHEZ, ALEJANDRO",1,0:00,18,25
125523,11/12/2025,COL,URU,119,TAPON-COMETIDO,VISITANTE,4,"PASTRANA, MANUEL",1,0:00,18,25
125523,11/12/2025,COL,URU,120,FINAL-PERIODO,,,,1,0:00,18,25
125523,11/12/2025,COL,URU,121,CAMBIO-JUGADOR-SALE,LOCAL,4,"SANCHEZ, ALEJANDRO",2,10:00,18,25
125523,11/12/2025,COL,URU,122,CAMBIO-JUGADOR-SALE,LOCAL,5,"RESTREPO, LEONARDO",2,10:00,18,25
125523,11/12/2025,COL,URU,123,CAMBIO-JUGADOR-SALE,LOCAL,83,"OROZCO, ANGEL",2,10:00,18,25
125523,11/12/2025,COL,URU,124,CAMBIO-JUGADOR-ENTRA,LOCAL,10,"MATEUS, ANDRES",2,10:00,18,25
125523,11/12/2025,COL,URU,125,CAMBIO-JUGADOR-ENTRA,LOCAL,14,"CAICEDO, YANSEM",2,10:00,18,25
125523,11/12/2025,COL,URU,126,CAMBIO-JUGADOR-ENTRA,LOCAL,24,"HERNANDEZ, ANDRES",2,10:00,18,25
125523,11/12/2025,COL,URU,127,INICIO-PERIODO,,,,2,10:00,18,25
125523,11/12/2025,COL,URU,128,TIRO3-FALLADO,VISITANTE,4,"PASTRANA, MANUEL",2,9:42,18,25
125523,11/12/2025,COL,URU,129,REBOTE-DEFENSIVO,LOCAL,10,"MATEUS, ANDRES",2,9:39,18,25
125523,11/12/2025,COL,URU,130,TIRO2-FALLADO,LOCAL,24,"HERNANDEZ, ANDRES",2,9:21,18,25
125523,11/12/2025,COL,URU,131,REBOTE-DEFENSIVO,VISITANTE,4,"PASTRANA, MANUEL",2,9:17,18,25
125523,11/12/2025,COL,URU,132,TIRO3-FALLADO,VISITANTE,0,"ABAL, TOMAS",2,9:13,18,25
125523,11/12/2025,COL,URU,133,REBOTE-OFENSIVO,VISITANTE,13,"RAMÍREZ, VALENTINO",2,9:11,18,25
125523,11/12/2025,COL,URU,134,TIRO3-FALLADO,VISITANTE,11,"TESTA, NICOLAS",2,9:00,18,25
125523,11/12/2025,COL,URU,135,REBOTE-OFENSIVO,VISITANTE,0,"ABAL, TOMAS",2,8:57,18,25
125523,11/12/2025,COL,URU,136,TIRO2-FALLADO,VISITANTE,4,"PASTRANA, MANUEL",2,8:54,18,25
125523,11/12/2025,COL,URU,137,TAPON-COMETIDO,LOCAL,10,"MATEUS, ANDRES",2,8:54,18,25
125523,11/12/2025,COL,URU,138,REBOTE-OFENSIVO,VISITANTE,13,"RAMÍREZ, VALENTINO",2,8:50,18,25
125523,11/12/2025,COL,URU,139,PERDIDA,VISITANTE,0,"ABAL, TOMAS",2,8:46,18,25
125523,11/12/2025,COL,URU,140,CAMBIO-JUGADOR-ENTRA,LOCAL,5,"RESTREPO, LEONARDO",2,8:46,18,25
125523,11/12/2025,COL,URU,141,CAMBIO-JUGADOR-SALE,LOCAL,10,"MATEUS, ANDRES",2,8:46,18,25
125523,11/12/2025,COL,URU,142,FALTA-COMETIDA,LOCAL,14,"CAICEDO, YANSEM",2,8:46,18,25
125523,11/12/2025,COL,URU,143,FALTA-RECIBIDA,VISITANTE,4,"PASTRANA, MANUEL",2,8:46,18,25
125523,11/12/2025,COL,URU,144,CAMBIO-JUGADOR-SALE,VISITANTE,13,"RAMÍREZ, VALENTINO",2,8:46,18,25
125523,11/12/2025,COL,URU,145,CAMBIO-JUGADOR-ENTRA,VISITANTE,29,"GUZZETTI, JUAN",2,8:46,18,25
125523,11/12/2025,COL,URU,146,CANASTA-1P,VISITANTE,4,"PASTRANA, MANUEL",2,8:46,18,26
125523,11/12/2025,COL,URU,147,CANASTA-1P,VISITANTE,4,"PASTRANA, MANUEL",2,8:46,18,27
125523,11/12/2025,COL,URU,148,TIRO2-FALLADO,LOCAL,14,"CAICEDO, YANSEM",2,8:35,18,27
125523,11/12/2025,COL,URU,149,REBOTE-OFENSIVO,LOCAL,14,"CAICEDO, YANSEM",2,8:29,18,27
125523,11/12/2025,COL,URU,150,FALTA-COMETIDA,VISITANTE,8,"CRUZ, FEDERICO",2,8:26,18,27
125523,11/12/2025,COL,URU,151,FALTA-RECIBIDA,LOCAL,7,"BERNAL, MATTHEW",2,8:26,18,27
125523,11/12/2025,COL,URU,152,CAMBIO-JUGADOR-SALE,VISITANTE,11,"TESTA, NICOLAS",2,8:26,18,27
125523,11/12/2025,COL,URU,153,CAMBIO-JUGADOR-ENTRA,VISITANTE,19,"FATA, GABRIEL",2,8:26,18,27
125523,11/12/2025,COL,URU,154,CANASTA-1P,LOCAL,7,"BERNAL, MATTHEW",2,8:26,19,27
125523,11/12/2025,COL,URU,155,ASISTENCIA,LOCAL,14,"CAICEDO, YANSEM",2,8:26,19,27
125523,11/12/2025,COL,URU,156,TIRO1-FALLADO,LOCAL,7,"BERNAL, MATTHEW",2,8:26,19,27
125523,11/12/2025,COL,URU,157,REBOTE-DEFENSIVO,VISITANTE,19,"FATA, GABRIEL",2,8:26,19,27
125523,11/12/2025,COL,URU,158,TIRO3-FALLADO,VISITANTE,4,"PASTRANA, MANUEL",2,8:17,19,27
125523,11/12/2025,COL,URU,159,REBOTE-OFENSIVO,VISITANTE,0,"ABAL, TOMAS",2,8:15,19,27
125523,11/12/2025,COL,URU,160,PERDIDA,VISITANTE,0,"ABAL, TOMAS",2,8:08,19,27
125523,11/12/2025,COL,URU,161,CAMBIO-JUGADOR-SALE,LOCAL,8,"SUAREZ, EZEKIEL",2,8:08,19,27
125523,11/12/2025,COL,URU,162,CAMBIO-JUGADOR-ENTRA,LOCAL,59,"BETANCURT, JULIAN",2,8:08,19,27
125523,11/12/2025,COL,URU,163,CANASTA-2P,LOCAL,59,"BETANCURT, JULIAN",2,7:52,21,27
125523,11/12/2025,COL,URU,164,ASISTENCIA,LOCAL,7,"BERNAL, MATTHEW",2,7:52,21,27
125523,11/12/2025,COL,URU,165,FALTA-COMETIDA,VISITANTE,29,"GUZZETTI, JUAN",2,7:52,21,27
125523,11/12/2025,COL,URU,166,FALTA-RECIBIDA,LOCAL,59,"BETANCURT, JULIAN",2,7:52,21,27
125523,11/12/2025,COL,URU,167,TIRO1-FALLADO,LOCAL,59,"BETANCURT, JULIAN",2,7:52,21,27
125523,11/12/2025,COL,URU,168,REBOTE-OFENSIVO,LOCAL,14,"CAICEDO, YANSEM",2,7:52,21,27
125523,11/12/2025,COL,URU,169,FALTA-COMETIDA,VISITANTE,0,"ABAL, TOMAS",2,7:42,21,27
125523,11/12/2025,COL,URU,170,FALTA-RECIBIDA,LOCAL,14,"CAICEDO, YANSEM",2,7:42,21,27
125523,11/12/2025,COL,URU,171,CAMBIO-JUGADOR-SALE,VISITANTE,0,"ABAL, TOMAS",2,7:42,21,27
125523,11/12/2025,COL,URU,172,CAMBIO-JUGADOR-SALE,VISITANTE,29,"GUZZETTI, JUAN",2,7:42,21,27
125523,11/12/2025,COL,URU,173,CAMBIO-JUGADOR-ENTRA,VISITANTE,15,"VENET, GABRIEL",2,7:42,21,27
125523,11/12/2025,COL,URU,174,CAMBIO-JUGADOR-ENTRA,VISITANTE,21,"MICHAELSSON, THIAGO",2,7:42,21,27
125523,11/12/2025,COL,URU,175,TIRO1-FALLADO,LOCAL,14,"CAICEDO, YANSEM",2,7:42,21,27
125523,11/12/2025,COL,URU,176,TIRO1-FALLADO,LOCAL,14,"CAICEDO, YANSEM",2,7:42,21,27
125523,11/12/2025,COL,URU,177,REBOTE-DEFENSIVO,VISITANTE,19,"FATA, GABRIEL",2,7:42,21,27
125523,11/12/2025,COL,URU,178,PERDIDA,VISITANTE,15,"VENET, GABRIEL",2,7:34,21,27
125523,11/12/2025,COL,URU,179,RECUPERACION,LOCAL,7,"BERNAL, MATTHEW",2,7:34,21,27
125523,11/12/2025,COL,URU,180,CANASTA-2P,LOCAL,7,"BERNAL, MATTHEW",2,7:31,23,27
125523,11/12/2025,COL,URU,181,FALTA-COMETIDA,LOCAL,14,"CAICEDO, YANSEM",2,7:21,23,27
125523,11/12/2025,COL,URU,182,FALTA-RECIBIDA,VISITANTE,4,"PASTRANA, MANUEL",2,7:21,23,27
125523,11/12/2025,COL,URU,183,CANASTA-2P,VISITANTE,8,"CRUZ, FEDERICO",2,7:16,23,29
125523,11/12/2025,COL,URU,184,PERDIDA,LOCAL,59,"BETANCURT, JULIAN",2,6:53,23,29
125523,11/12/2025,COL,URU,185,RECUPERACION,VISITANTE,8,"CRUZ, FEDERICO",2,6:53,23,29
125523,11/12/2025,COL,URU,186,FALTA-COMETIDA,LOCAL,24,"HERNANDEZ, ANDRES",2,6:50,23,29
125523,11/12/2025,COL,URU,187,FALTA-RECIBIDA,VISITANTE,8,"CRUZ, FEDERICO",2,6:50,23,29
125523,11/12/2025,COL,URU,188,CANASTA-1P,VISITANTE,8,"CRUZ, FEDERICO",2,6:50,23,30
125523,11/12/2025,COL,URU,189,CANASTA-1P,VISITANTE,8,"CRUZ, FEDERICO",2,6:50,23,31
125523,11/12/2025,COL,URU,190,PERDIDA,LOCAL,14,"CAICEDO, YANSEM",2,6:40,23,31
125523,11/12/2025,COL,URU,191,RECUPERACION,VISITANTE,19,"FATA, GABRIEL",2,6:40,23,31
125523,11/12/2025,COL,URU,192,CANASTA-2P,VISITANTE,19,"FATA, GABRIEL",2,6:36,23,33
125523,11/12/2025,COL,URU,193,CANASTA-2P,LOCAL,5,"RESTREPO, LEONARDO",2,6:24,25,33
125523,11/12/2025,COL,URU,194,ASISTENCIA,LOCAL,59,"BETANCURT, JULIAN",2,6:24,25,33
125523,11/12/2025,COL,URU,195,FALTA-COMETIDA,LOCAL,14,"CAICEDO, YANSEM",2,6:09,25,33
125523,11/12/2025,COL,URU,196,FALTA-RECIBIDA,VISITANTE,19,"FATA, GABRIEL",2,6:09,25,33
125523,11/12/2025,COL,URU,197,CAMBIO-JUGADOR-SALE,LOCAL,14,"CAICEDO, YANSEM",2,6:09,25,33
125523,11/12/2025,COL,URU,198,CAMBIO-JUGADOR-ENTRA,LOCAL,32,"RIOS, SANTIAGO",2,6:09,25,33
125523,11/12/2025,COL,URU,199,CAMBIO-JUGADOR-SALE,VISITANTE,4,"PASTRANA, MANUEL",2,6:09,25,33
125523,11/12/2025,COL,URU,200,CAMBIO-JUGADOR-ENTRA,VISITANTE,11,"TESTA, NICOLAS",2,6:09,25,33
125523,11/12/2025,COL,URU,201,CANASTA-1P,VISITANTE,19,"FATA, GABRIEL",2,6:09,25,34
125523,11/12/2025,COL,URU,202,ASISTENCIA,VISITANTE,21,"MICHAELSSON, THIAGO",2,6:09,25,34
125523,11/12/2025,COL,URU,203,TIRO1-FALLADO,VISITANTE,19,"FATA, GABRIEL",2,6:09,25,34
125523,11/12/2025,COL,URU,204,REBOTE-DEFENSIVO,LOCAL,5,"RESTREPO, LEONARDO",2,6:09,25,34
125523,11/12/2025,COL,URU,205,PERDIDA,LOCAL,5,"RESTREPO, LEONARDO",2,6:07,25,34
125523,11/12/2025,COL,URU,206,CAMBIO-JUGADOR-SALE,LOCAL,24,"HERNANDEZ, ANDRES",2,6:07,25,34
125523,11/12/2025,COL,URU,207,CAMBIO-JUGADOR-ENTRA,LOCAL,6,"BROWN, SALOMON",2,6:07,25,34
125523,11/12/2025,COL,URU,208,TIEMPO-MUERTO-SOLICITADO,VISITANTE,,,2,6:07,25,34
125523,11/12/2025,COL,URU,209,PERDIDA,VISITANTE,11,"TESTA, NICOLAS",2,6:01,25,34
125523,11/12/2025,COL,URU,210,RECUPERACION,LOCAL,59,"BETANCURT, JULIAN",2,6:01,25,34
125523,11/12/2025,COL,URU,211,TIRO2-FALLADO,LOCAL,59,"BETANCURT, JULIAN",2,5:57,25,34
125523,11/12/2025,COL,URU,212,TAPON-COMETIDO,VISITANTE,15,"VENET, GABRIEL",2,5:57,25,34
125523,11/12/2025,COL,URU,213,REBOTE-OFENSIVO,LOCAL,59,"BETANCURT, JULIAN",2,5:53,25,34
125523,11/12/2025,COL,URU,214,TIRO3-FALLADO,LOCAL,5,"RESTREPO, LEONARDO",2,5:52,25,34
125523,11/12/2025,COL,URU,215,REBOTE-OFENSIVO,LOCAL,6,"BROWN, SALOMON",2,5:50,25,34
125523,11/12/2025,COL,URU,216,TIRO3-FALLADO,LOCAL,6,"BROWN, SALOMON",2,5:47,25,34
125523,11/12/2025,COL,URU,217,REBOTE-DEFENSIVO,VISITANTE,19,"FATA, GABRIEL",2,5:43,25,34
125523,11/12/2025,COL,URU,218,TIRO3-FALLADO,VISITANTE,19,"FATA, GABRIEL",2,5:19,25,34
125523,11/12/2025,COL,URU,219,REBOTE-OFENSIVO,VISITANTE,11,"TESTA, NICOLAS",2,5:16,25,34
125523,11/12/2025,COL,URU,220,TIRO3-FALLADO,VISITANTE,19,"FATA, GABRIEL",2,5:11,25,34
125523,11/12/2025,COL,URU,221,REBOTE-OFENSIVO,VISITANTE,,,2,5:11,25,34
125523,11/12/2025,COL,URU,222,CAMBIO-JUGADOR-SALE,VISITANTE,21,"MICHAELSSON, THIAGO",2,5:11,25,34
125523,11/12/2025,COL,URU,223,CAMBIO-JUGADOR-ENTRA,VISITANTE,10,"GOMEZ, LAUTARO",2,5:11,25,34
125523,11/12/2025,COL,URU,224,PERDIDA,VISITANTE,10,"GOMEZ, LAUTARO",2,5:03,25,34
125523,11/12/2025,COL,URU,225,TIRO2-FALLADO,LOCAL,7,"BERNAL, MATTHEW",2,4:51,25,34
125523,11/12/2025,COL,URU,226,REBOTE-DEFENSIVO,VISITANTE,8,"CRUZ, FEDERICO",2,4:47,25,34
125523,11/12/2025,COL,URU,227,PERDIDA,VISITANTE,8,"CRUZ, FEDERICO",2,4:47,25,34
125523,11/12/2025,COL,URU,228,CAMBIO-JUGADOR-SALE,VISITANTE,8,"CRUZ, FEDERICO",2,4:47,25,34
125523,11/12/2025,COL,URU,229,CAMBIO-JUGADOR-ENTRA,VISITANTE,4,"PASTRANA, MANUEL",2,4:47,25,34
125523,11/12/2025,COL,URU,230,TIRO2-FALLADO,LOCAL,59,"BETANCURT, JULIAN",2,4:41,25,34
125523,11/12/2025,COL,URU,231,REBOTE-OFENSIVO,LOCAL,59,"BETANCURT, JULIAN",2,4:38,25,34
125523,11/12/2025,COL,URU,232,TIRO3-FALLADO,LOCAL,32,"RIOS, SANTIAGO",2,4:37,25,34
125523,11/12/2025,COL,URU,233,REBOTE-DEFENSIVO,VISITANTE,15,"VENET, GABRIEL",2,4:33,25,34
125523,11/12/2025,COL,URU,234,TIRO3-FALLADO,VISITANTE,19,"FATA, GABRIEL",2,4:24,25,34
125523,11/12/2025,COL,URU,235,REBOTE-OFENSIVO,VISITANTE,10,"GOMEZ, LAUTARO",2,4:20,25,34
125523,11/12/2025,COL,URU,236,TIRO2-FALLADO,VISITANTE,4,"PASTRANA, MANUEL",2,4:18,25,34
125523,11/12/2025,COL,URU,237,REBOTE-DEFENSIVO,LOCAL,,,2,4:15,25,34
125523,11/12/2025,COL,URU,238,FALTA-COMETIDA,VISITANTE,19,"FATA, GABRIEL",2,3:54,25,34
125523,11/12/2025,COL,URU,239,FALTA-RECIBIDA,LOCAL,59,"BETANCURT, JULIAN",2,3:54,25,34
125523,11/12/2025,COL,URU,240,CAMBIO-JUGADOR-SALE,VISITANTE,15,"VENET, GABRIEL",2,3:54,25,34
125523,11/12/2025,COL,URU,241,CAMBIO-JUGADOR-ENTRA,VISITANTE,22,"OROZCO, LUCAS",2,3:54,25,34
125523,11/12/2025,COL,URU,242,CANASTA-1P,LOCAL,59,"BETANCURT, JULIAN",2,3:54,26,34
125523,11/12/2025,COL,URU,243,ASISTENCIA,LOCAL,7,"BERNAL, MATTHEW",2,3:54,26,34
125523,11/12/2025,COL,URU,244,CANASTA-1P,LOCAL,59,"BETANCURT, JULIAN",2,3:54,27,34
125523,11/12/2025,COL,URU,245,CAMBIO-JUGADOR-SALE,VISITANTE,19,"FATA, GABRIEL",2,3:54,27,34
125523,11/12/2025,COL,URU,246,CAMBIO-JUGADOR-ENTRA,VISITANTE,5,"IZUIBEJERES, FACUNDO",2,3:54,27,34
125523,11/12/2025,COL,URU,247,PERDIDA,VISITANTE,11,"TESTA, NICOLAS",2,3:38,27,34
125523,11/12/2025,COL,URU,248,RECUPERACION,LOCAL,5,"RESTREPO, LEONARDO",2,3:38,27,34
125523,11/12/2025,COL,URU,249,PERDIDA,LOCAL,7,"BERNAL, MATTHEW",2,3:33,27,34
125523,11/12/2025,COL,URU,250,RECUPERACION,VISITANTE,4,"PASTRANA, MANUEL",2,3:33,27,34
125523,11/12/2025,COL,URU,251,TIRO2-FALLADO,VISITANTE,4,"PASTRANA, MANUEL",2,3:29,27,34
125523,11/12/2025,COL,URU,252,REBOTE-DEFENSIVO,LOCAL,,,2,3:27,27,34
125523,11/12/2025,COL,URU,253,TIEMPO-MUERTO-SOLICITADO,LOCAL,,,2,3:27,27,34
125523,11/12/2025,COL,URU,254,CAMBIO-JUGADOR-SALE,LOCAL,32,"RIOS, SANTIAGO",2,3:27,27,34
125523,11/12/2025,COL,URU,255,CAMBIO-JUGADOR-ENTRA,LOCAL,10,"MATEUS, ANDRES",2,3:27,27,34
125523,11/12/2025,COL,URU,256,TIRO3-FALLADO,LOCAL,59,"BETANCURT, JULIAN",2,3:04,27,34
125523,11/12/2025,COL,URU,257,REBOTE-DEFENSIVO,VISITANTE,,,2,3:03,27,34
125523,11/12/2025,COL,URU,258,TIRO3-FALLADO,VISITANTE,4,"PASTRANA, MANUEL",2,2:50,27,34
125523,11/12/2025,COL,URU,259,REBOTE-DEFENSIVO,LOCAL,7,"BERNAL, MATTHEW",2,2:47,27,34
125523,11/12/2025,COL,URU,260,CANASTA-2P,LOCAL,10,"MATEUS, ANDRES",2,2:38,29,34
125523,11/12/2025,COL,URU,261,ASISTENCIA,LOCAL,7,"BERNAL, MATTHEW",2,2:38,29,34
125523,11/12/2025,COL,URU,262,TIRO3-FALLADO,VISITANTE,11,"TESTA, NICOLAS",2,2:16,29,34
125523,11/12/2025,COL,URU,263,TIEMPO-MUERTO-SOLICITADO,VISITANTE,,,2,2:13,29,34
125523,11/12/2025,COL,URU,264,TIRO3-FALLADO,LOCAL,5,"RESTREPO, LEONARDO",2,1:56,29,34
125523,11/12/2025,COL,URU,265,REBOTE-DEFENSIVO,VISITANTE,4,"PASTRANA, MANUEL",2,1:54,29,34
125523,11/12/2025,COL,URU,266,CANASTA-3P,VISITANTE,22,"OROZCO, LUCAS",2,1:45,29,37
125523,11/12/2025,COL,URU,267,ASISTENCIA,VISITANTE,11,"TESTA, NICOLAS",2,1:45,29,37
125523,11/12/2025,COL,URU,268,PERDIDA,LOCAL,59,"BETANCURT, JULIAN",2,1:32,29,37
125523,11/12/2025,COL,URU,269,CAMBIO-JUGADOR-SALE,LOCAL,5,"RESTREPO, LEONARDO",2,1:32,29,37
125523,11/12/2025,COL,URU,270,CAMBIO-JUGADOR-ENTRA,LOCAL,8,"SUAREZ, EZEKIEL",2,1:32,29,37
125523,11/12/2025,COL,URU,271,CAMBIO-JUGADOR-SALE,LOCAL,6,"BROWN, SALOMON",2,1:32,29,37
125523,11/12/2025,COL,URU,272,CAMBIO-JUGADOR-ENTRA,LOCAL,24,"HERNANDEZ, ANDRES",2,1:32,29,37
125523,11/12/2025,COL,URU,273,TIRO3-FALLADO,VISITANTE,5,"IZUIBEJERES, FACUNDO",2,1:16,29,37
125523,11/12/2025,COL,URU,274,REBOTE-OFENSIVO,VISITANTE,,,2,1:15,29,37
125523,11/12/2025,COL,URU,275,CANASTA-3P,VISITANTE,4,"PASTRANA, MANUEL",2,1:05,29,40
125523,11/12/2025,COL,URU,276,ASISTENCIA,VISITANTE,22,"OROZCO, LUCAS",2,1:05,29,40
125523,11/12/2025,COL,URU,277,CANASTA-3P,LOCAL,24,"HERNANDEZ, ANDRES",2,0:48,32,40
125523,11/12/2025,COL,URU,278,PERDIDA,VISITANTE,5,"IZUIBEJERES, FACUNDO",2,0:28,32,40
125523,11/12/2025,COL,URU,279,CAMBIO-JUGADOR-SALE,VISITANTE,5,"IZUIBEJERES, FACUNDO",2,0:28,32,40
125523,11/12/2025,COL,URU,280,CAMBIO-JUGADOR-ENTRA,VISITANTE,8,"CRUZ, FEDERICO",2,0:28,32,40
125523,11/12/2025,COL,URU,281,CAMBIO-JUGADOR-SALE,LOCAL,10,"MATEUS, ANDRES",2,0:28,32,40
125523,11/12/2025,COL,URU,282,CAMBIO-JUGADOR-ENTRA,LOCAL,4,"SANCHEZ, ALEJANDRO",2,0:28,32,40
125523,11/12/2025,COL,URU,283,CAMBIO-JUGADOR-SALE,VISITANTE,10,"GOMEZ, LAUTARO",2,0:14,32,40
125523,11/12/2025,COL,URU,284,CAMBIO-JUGADOR-ENTRA,VISITANTE,21,"MICHAELSSON, THIAGO",2,0:14,32,40
125523,11/12/2025,COL,URU,285,TIRO2-FALLADO,LOCAL,8,"SUAREZ, EZEKIEL",2,0:10,32,40
125523,11/12/2025,COL,URU,286,REBOTE-DEFENSIVO,VISITANTE,8,"CRUZ, FEDERICO",2,0:07,32,40
125523,11/12/2025,COL,URU,287,TIRO3-FALLADO,VISITANTE,4,"PASTRANA, MANUEL",2,0:03,32,40
125523,11/12/2025,COL,URU,288,TAPON-COMETIDO,LOCAL,8,"SUAREZ, EZEKIEL",2,0:03,32,40
125523,11/12/2025,COL,URU,289,REBOTE-OFENSIVO,VISITANTE,,,2,0:01,32,40
125523,11/12/2025,COL,URU,290,TIEMPO-MUERTO-SOLICITADO,VISITANTE,,,2,0:01,32,40
125523,11/12/2025,COL,URU,291,CAMBIO-JUGADOR-SALE,LOCAL,59,"BETANCURT, JULIAN",2,0:01,32,40
125523,11/12/2025,COL,URU,292,CAMBIO-JUGADOR-ENTRA,LOCAL,10,"MATEUS, ANDRES",2,0:01,32,40
125523,11/12/2025,COL,URU,293,CAMBIO-JUGADOR-SALE,VISITANTE,21,"MICHAELSSON, THIAGO",2,0:01,32,40
125523,11/12/2025,COL,URU,294,CAMBIO-JUGADOR-ENTRA,VISITANTE,10,"GOMEZ, LAUTARO",2,0:01,32,40
125523,11/12/2025,COL,URU,295,CANASTA-2P,VISITANTE,11,"TESTA, NICOLAS",2,0:00,32,42
125523,11/12/2025,COL,URU,296,ASISTENCIA,VISITANTE,22,"OROZCO, LUCAS",2,0:00,32,42
125523,11/12/2025,COL,URU,297,FINAL-PERIODO,,,,2,0:00,32,42
125523,11/12/2025,COL,URU,298,CAMBIO-JUGADOR-SALE,LOCAL,4,"SANCHEZ, ALEJANDRO",3,10:00,32,42
125523,11/12/2025,COL,URU,299,CAMBIO-JUGADOR-ENTRA,LOCAL,59,"BETANCURT, JULIAN",3,10:00,32,42
125523,11/12/2025,COL,URU,300,CAMBIO-JUGADOR-SALE,VISITANTE,22,"OROZCO, LUCAS",3,10:00,32,42
125523,11/12/2025,COL,URU,301,CAMBIO-JUGADOR-ENTRA,VISITANTE,19,"FATA, GABRIEL",3,10:00,32,42
125523,11/12/2025,COL,URU,302,INICIO-PERIODO,,,,3,10:00,32,42
125523,11/12/2025,COL,URU,303,TIRO3-FALLADO,LOCAL,24,"HERNANDEZ, ANDRES",3,9:52,32,42
125523,11/12/2025,COL,URU,304,REBOTE-OFENSIVO,LOCAL,8,"SUAREZ, EZEKIEL",3,9:47,32,42
125523,11/12/2025,COL,URU,305,TIRO2-FALLADO,LOCAL,24,"HERNANDEZ, ANDRES",3,9:40,32,42
125523,11/12/2025,COL,URU,306,TAPON-COMETIDO,VISITANTE,4,"PASTRANA, MANUEL",3,9:40,32,42
125523,11/12/2025,COL,URU,307,REBOTE-DEFENSIVO,VISITANTE,4,"PASTRANA, MANUEL",3,9:36,32,42
125523,11/12/2025,COL,URU,308,CANASTA-2P,VISITANTE,4,"PASTRANA, MANUEL",3,9:14,32,44
125523,11/12/2025,COL,URU,309,TIRO3-FALLADO,LOCAL,8,"SUAREZ, EZEKIEL",3,8:59,32,44
125523,11/12/2025,COL,URU,310,REBOTE-OFENSIVO,LOCAL,,,3,8:59,32,44
125523,11/12/2025,COL,URU,311,FALTA-COMETIDA,VISITANTE,11,"TESTA, NICOLAS",3,8:59,32,44
125523,11/12/2025,COL,URU,312,FALTA-RECIBIDA,LOCAL,8,"SUAREZ, EZEKIEL",3,8:59,32,44
125523,11/12/2025,COL,URU,313,TIEMPO-MUERTO-SOLICITADO,LOCAL,,,3,8:43,32,44
125523,11/12/2025,COL,URU,314,PERDIDA,VISITANTE,8,"CRUZ, FEDERICO",3,8:27,32,44
125523,11/12/2025,COL,URU,315,RECUPERACION,LOCAL,8,"SUAREZ, EZEKIEL",3,8:27,32,44
125523,11/12/2025,COL,URU,316,TIRO2-FALLADO,LOCAL,7,"BERNAL, MATTHEW",3,8:15,32,44
125523,11/12/2025,COL,URU,317,TAPON-COMETIDO,VISITANTE,4,"PASTRANA, MANUEL",3,8:15,32,44
125523,11/12/2025,COL,URU,318,REBOTE-OFENSIVO,LOCAL,7,"BERNAL, MATTHEW",3,8:10,32,44
125523,11/12/2025,COL,URU,319,TIRO2-FALLADO,LOCAL,24,"HERNANDEZ, ANDRES",3,8:07,32,44
125523,11/12/2025,COL,URU,320,REBOTE-DEFENSIVO,VISITANTE,,,3,8:05,32,44
125523,11/12/2025,COL,URU,321,CAMBIO-JUGADOR-SALE,LOCAL,24,"HERNANDEZ, ANDRES",3,8:05,32,44
125523,11/12/2025,COL,URU,322,CAMBIO-JUGADOR-SALE,LOCAL,59,"BETANCURT, JULIAN",3,8:05,32,44
125523,11/12/2025,COL,URU,323,CAMBIO-JUGADOR-ENTRA,LOCAL,5,"RESTREPO, LEONARDO",3,8:05,32,44
125523,11/12/2025,COL,URU,324,CAMBIO-JUGADOR-ENTRA,LOCAL,14,"CAICEDO, YANSEM",3,8:05,32,44
125523,11/12/2025,COL,URU,325,TIRO3-FALLADO,VISITANTE,19,"FATA, GABRIEL",3,7:51,32,44
125523,11/12/2025,COL,URU,326,REBOTE-DEFENSIVO,LOCAL,10,"MATEUS, ANDRES",3,7:48,32,44
125523,11/12/2025,COL,URU,327,FALTA-COMETIDA,VISITANTE,10,"GOMEZ, LAUTARO",3,7:43,32,44
125523,11/12/2025,COL,URU,328,FALTA-RECIBIDA,LOCAL,7,"BERNAL, MATTHEW",3,7:43,32,44
125523,11/12/2025,COL,URU,329,CAMBIO-JUGADOR-SALE,LOCAL,10,"MATEUS, ANDRES",3,7:43,32,44
125523,11/12/2025,COL,URU,330,CAMBIO-JUGADOR-ENTRA,LOCAL,6,"BROWN, SALOMON",3,7:43,32,44
125523,11/12/2025,COL,URU,331,CANASTA-1P,LOCAL,7,"BERNAL, MATTHEW",3,7:43,33,44
125523,11/12/2025,COL,URU,332,TIRO1-FALLADO,LOCAL,7,"BERNAL, MATTHEW",3,7:43,33,44
125523,11/12/2025,COL,URU,333,REBOTE-DEFENSIVO,VISITANTE,11,"TESTA, NICOLAS",3,7:43,33,44
125523,11/12/2025,COL,URU,334,PERDIDA,VISITANTE,10,"GOMEZ, LAUTARO",3,7:38,33,44
125523,11/12/2025,COL,URU,335,TIRO2-FALLADO,LOCAL,8,"SUAREZ, EZEKIEL",3,7:23,33,44
125523,11/12/2025,COL,URU,336,REBOTE-DEFENSIVO,VISITANTE,19,"FATA, GABRIEL",3,7:21,33,44
125523,11/12/2025,COL,URU,337,PERDIDA,VISITANTE,8,"CRUZ, FEDERICO",3,7:20,33,44
125523,11/12/2025,COL,URU,338,TIRO2-FALLADO,LOCAL,8,"SUAREZ, EZEKIEL",3,7:04,33,44
125523,11/12/2025,COL,URU,339,REBOTE-DEFENSIVO,VISITANTE,19,"FATA, GABRIEL",3,7:02,33,44
125523,11/12/2025,COL,URU,340,PERDIDA,VISITANTE,8,"CRUZ, FEDERICO",3,6:48,33,44
125523,11/12/2025,COL,URU,341,CAMBIO-JUGADOR-SALE,VISITANTE,8,"CRUZ, FEDERICO",3,6:48,33,44
125523,11/12/2025,COL,URU,342,CAMBIO-JUGADOR-ENTRA,VISITANTE,22,"OROZCO, LUCAS",3,6:48,33,44
125523,11/12/2025,COL,URU,343,TIRO2-FALLADO,LOCAL,14,"CAICEDO, YANSEM",3,6:38,33,44
125523,11/12/2025,COL,URU,344,TAPON-COMETIDO,VISITANTE,10,"GOMEZ, LAUTARO",3,6:38,33,44
125523,11/12/2025,COL,URU,345,REBOTE-OFENSIVO,LOCAL,,,3,6:38,33,44
125523,11/12/2025,COL,URU,346,FALTA-COMETIDA,VISITANTE,19,"FATA, GABRIEL",3,6:31,33,44
125523,11/12/2025,COL,URU,347,FALTA-RECIBIDA,LOCAL,8,"SUAREZ, EZEKIEL",3,6:31,33,44
125523,11/12/2025,COL,URU,348,CANASTA-1P,LOCAL,8,"SUAREZ, EZEKIEL",3,6:31,34,44
125523,11/12/2025,COL,URU,349,CANASTA-1P,LOCAL,8,"SUAREZ, EZEKIEL",3,6:31,35,44
125523,11/12/2025,COL,URU,350,CANASTA-1P,LOCAL,8,"SUAREZ, EZEKIEL",3,6:31,36,44
125523,11/12/2025,COL,URU,351,CAMBIO-JUGADOR-SALE,VISITANTE,19,"FATA, GABRIEL",3,6:31,36,44
125523,11/12/2025,COL,URU,352,CAMBIO-JUGADOR-ENTRA,VISITANTE,21,"MICHAELSSON, THIAGO",3,6:31,36,44
125523,11/12/2025,COL,URU,353,TIRO3-FALLADO,VISITANTE,11,"TESTA, NICOLAS",3,6:14,36,44
125523,11/12/2025,COL,URU,354,REBOTE-OFENSIVO,VISITANTE,21,"MICHAELSSON, THIAGO",3,6:11,36,44
125523,11/12/2025,COL,URU,355,TIRO3-FALLADO,VISITANTE,4,"PASTRANA, MANUEL",3,6:10,36,44
125523,11/12/2025,COL,URU,356,REBOTE-OFENSIVO,VISITANTE,11,"TESTA, NICOLAS",3,6:08,36,44
125523,11/12/2025,COL,URU,357,FALTA-COMETIDA,LOCAL,5,"RESTREPO, LEONARDO",3,6:08,36,44
125523,11/12/2025,COL,URU,358,FALTA-RECIBIDA,VISITANTE,11,"TESTA, NICOLAS",3,6:08,36,44
125523,11/12/2025,COL,URU,359,CANASTA-1P,VISITANTE,11,"TESTA, NICOLAS",3,6:08,36,45
125523,11/12/2025,COL,URU,360,CANASTA-1P,VISITANTE,11,"TESTA, NICOLAS",3,6:08,36,46
125523,11/12/2025,COL,URU,361,VTR,LOCAL,,,3,5:58,36,46
125523,11/12/2025,COL,URU,362,CANASTA-2P,LOCAL,7,"BERNAL, MATTHEW",3,5:47,38,46
125523,11/12/2025,COL,URU,363,ASISTENCIA,LOCAL,14,"CAICEDO, YANSEM",3,5:47,38,46
125523,11/12/2025,COL,URU,364,CANASTA-2P,VISITANTE,10,"GOMEZ, LAUTARO",3,5:36,38,48
125523,11/12/2025,COL,URU,365,TIRO2-FALLADO,LOCAL,6,"BROWN, SALOMON",3,5:22,38,48
125523,11/12/2025,COL,URU,366,REBOTE-DEFENSIVO,VISITANTE,10,"GOMEZ, LAUTARO",3,5:20,38,48
125523,11/12/2025,COL,URU,367,CANASTA-3P,VISITANTE,11,"TESTA, NICOLAS",3,5:14,38,51
125523,11/12/2025,COL,URU,368,ASISTENCIA,VISITANTE,21,"MICHAELSSON, THIAGO",3,5:14,38,51
125523,11/12/2025,COL,URU,369,TIEMPO-MUERTO-SOLICITADO,LOCAL,,,3,5:14,38,51
125523,11/12/2025,COL,URU,370,CAMBIO-JUGADOR-SALE,LOCAL,6,"BROWN, SALOMON",3,5:14,38,51
125523,11/12/2025,COL,URU,371,CAMBIO-JUGADOR-SALE,LOCAL,8,"SUAREZ, EZEKIEL",3,5:14,38,51
125523,11/12/2025,COL,URU,372,CAMBIO-JUGADOR-ENTRA,LOCAL,59,"BETANCURT, JULIAN",3,5:14,38,51
125523,11/12/2025,COL,URU,373,CAMBIO-JUGADOR-ENTRA,LOCAL,83,"OROZCO, ANGEL",3,5:14,38,51
125523,11/12/2025,COL,URU,374,TIRO3-FALLADO,LOCAL,14,"CAICEDO, YANSEM",3,5:01,38,51
125523,11/12/2025,COL,URU,375,REBOTE-DEFENSIVO,VISITANTE,11,"TESTA, NICOLAS",3,4:57,38,51
125523,11/12/2025,COL,URU,376,TIRO3-FALLADO,VISITANTE,4,"PASTRANA, MANUEL",3,4:53,38,51
125523,11/12/2025,COL,URU,377,REBOTE-OFENSIVO,VISITANTE,10,"GOMEZ, LAUTARO",3,4:50,38,51
125523,11/12/2025,COL,URU,378,TIRO2-FALLADO,VISITANTE,10,"GOMEZ, LAUTARO",3,4:49,38,51
125523,11/12/2025,COL,URU,379,TAPON-COMETIDO,LOCAL,5,"RESTREPO, LEONARDO",3,4:49,38,51
125523,11/12/2025,COL,URU,380,REBOTE-OFENSIVO,VISITANTE,,,3,4:48,38,51
125523,11/12/2025,COL,URU,381,TIRO3-FALLADO,VISITANTE,4,"PASTRANA, MANUEL",3,4:42,38,51
125523,11/12/2025,COL,URU,382,REBOTE-DEFENSIVO,LOCAL,83,"OROZCO, ANGEL",3,4:39,38,51
125523,11/12/2025,COL,URU,383,PERDIDA,LOCAL,7,"BERNAL, MATTHEW",3,4:17,38,51
125523,11/12/2025,COL,URU,384,RECUPERACION,VISITANTE,21,"MICHAELSSON, THIAGO",3,4:17,38,51
125523,11/12/2025,COL,URU,385,TIRO2-FALLADO,VISITANTE,10,"GOMEZ, LAUTARO",3,4:13,38,51
125523,11/12/2025,COL,URU,386,TAPON-COMETIDO,LOCAL,5,"RESTREPO, LEONARDO",3,4:13,38,51
125523,11/12/2025,COL,URU,387,REBOTE-DEFENSIVO,LOCAL,5,"RESTREPO, LEONARDO",3,4:08,38,51
125523,11/12/2025,COL,URU,388,TIRO3-FALLADO,LOCAL,7,"BERNAL, MATTHEW",3,4:04,38,51
125523,11/12/2025,COL,URU,389,REBOTE-OFENSIVO,LOCAL,83,"OROZCO, ANGEL",3,4:02,38,51
125523,11/12/2025,COL,URU,390,TIRO2-FALLADO,LOCAL,83,"OROZCO, ANGEL",3,3:59,38,51
125523,11/12/2025,COL,URU,391,REBOTE-DEFENSIVO,VISITANTE,10,"GOMEZ, LAUTARO",3,3:56,38,51
125523,11/12/2025,COL,URU,392,CANASTA-3P,VISITANTE,11,"TESTA, NICOLAS",3,3:44,38,54
125523,11/12/2025,COL,URU,393,ASISTENCIA,VISITANTE,22,"OROZCO, LUCAS",3,3:44,38,54
125523,11/12/2025,COL,URU,394,FALTA-COMETIDA,LOCAL,83,"OROZCO, ANGEL",3,3:33,38,54
125523,11/12/2025,COL,URU,395,PERDIDA,LOCAL,83,"OROZCO, ANGEL",3,3:33,38,54
125523,11/12/2025,COL,URU,396,FALTA-RECIBIDA,VISITANTE,21,"MICHAELSSON, THIAGO",3,3:33,38,54
125523,11/12/2025,COL,URU,397,CAMBIO-JUGADOR-SALE,VISITANTE,4,"PASTRANA, MANUEL",3,3:33,38,54
125523,11/12/2025,COL,URU,398,CAMBIO-JUGADOR-SALE,VISITANTE,10,"GOMEZ, LAUTARO",3,3:33,38,54
125523,11/12/2025,COL,URU,399,CAMBIO-JUGADOR-ENTRA,VISITANTE,5,"IZUIBEJERES, FACUNDO",3,3:33,38,54
125523,11/12/2025,COL,URU,400,CAMBIO-JUGADOR-ENTRA,VISITANTE,13,"RAMÍREZ, VALENTINO",3,3:33,38,54
125523,11/12/2025,COL,URU,401,CANASTA-3P,VISITANTE,5,"IZUIBEJERES, FACUNDO",3,3:20,38,57
125523,11/12/2025,COL,URU,402,ASISTENCIA,VISITANTE,22,"OROZCO, LUCAS",3,3:20,38,57
125523,11/12/2025,COL,URU,403,TIRO2-FALLADO,LOCAL,83,"OROZCO, ANGEL",3,3:00,38,57
125523,11/12/2025,COL,URU,404,REBOTE-DEFENSIVO,VISITANTE,5,"IZUIBEJERES, FACUNDO",3,2:57,38,57
125523,11/12/2025,COL,URU,405,PERDIDA,VISITANTE,13,"RAMÍREZ, VALENTINO",3,2:50,38,57
125523,11/12/2025,COL,URU,406,CANASTA-3P,LOCAL,5,"RESTREPO, LEONARDO",3,2:31,41,57
125523,11/12/2025,COL,URU,407,FALTA-COMETIDA,LOCAL,83,"OROZCO, ANGEL",3,2:09,41,57
125523,11/12/2025,COL,URU,408,FALTA-RECIBIDA,VISITANTE,11,"TESTA, NICOLAS",3,2:09,41,57
125523,11/12/2025,COL,URU,409,TIRO1-FALLADO,VISITANTE,11,"TESTA, NICOLAS",3,2:09,41,57
125523,11/12/2025,COL,URU,410,CANASTA-1P,VISITANTE,11,"TESTA, NICOLAS",3,2:09,41,58
125523,11/12/2025,COL,URU,411,ASISTENCIA,VISITANTE,5,"IZUIBEJERES, FACUNDO",3,2:09,41,58
125523,11/12/2025,COL,URU,412,CAMBIO-JUGADOR-SALE,LOCAL,83,"OROZCO, ANGEL",3,2:09,41,58
125523,11/12/2025,COL,URU,413,CAMBIO-JUGADOR-ENTRA,LOCAL,32,"RIOS, SANTIAGO",3,2:09,41,58
125523,11/12/2025,COL,URU,414,CAMBIO-JUGADOR-SALE,VISITANTE,11,"TESTA, NICOLAS",3,2:09,41,58
125523,11/12/2025,COL,URU,415,CAMBIO-JUGADOR-ENTRA,VISITANTE,0,"ABAL, TOMAS",3,2:09,41,58
125523,11/12/2025,COL,URU,416,TIRO3-FALLADO,LOCAL,32,"RIOS, SANTIAGO",3,1:49,41,58
125523,11/12/2025,COL,URU,417,REBOTE-DEFENSIVO,VISITANTE,5,"IZUIBEJERES, FACUNDO",3,1:47,41,58
125523,11/12/2025,COL,URU,418,FALTA-COMETIDA,LOCAL,59,"BETANCURT, JULIAN",3,1:47,41,58
125523,11/12/2025,COL,URU,419,FALTA-RECIBIDA,VISITANTE,5,"IZUIBEJERES, FACUNDO",3,1:47,41,58
125523,11/12/2025,COL,URU,420,CAMBIO-JUGADOR-SALE,LOCAL,7,"BERNAL, MATTHEW",3,1:47,41,58
125523,11/12/2025,COL,URU,421,CAMBIO-JUGADOR-ENTRA,LOCAL,4,"SANCHEZ, ALEJANDRO",3,1:47,41,58
125523,11/12/2025,COL,URU,422,TIRO3-FALLADO,VISITANTE,5,"IZUIBEJERES, FACUNDO",3,1:31,41,58
125523,11/12/2025,COL,URU,423,REBOTE-DEFENSIVO,LOCAL,59,"BETANCURT, JULIAN",3,1:27,41,58
125523,11/12/2025,COL,URU,424,TIRO2-FALLADO,LOCAL,14,"CAICEDO, YANSEM",3,1:13,41,58
125523,11/12/2025,COL,URU,425,REBOTE-DEFENSIVO,VISITANTE,0,"ABAL, TOMAS",3,1:11,41,58
125523,11/12/2025,COL,URU,426,VTR,VISITANTE,,,3,1:06,41,58
125523,11/12/2025,COL,URU,427,TIRO2-FALLADO,VISITANTE,22,"OROZCO, LUCAS",3,0:59,41,58
125523,11/12/2025,COL,URU,428,REBOTE-OFENSIVO,VISITANTE,13,"RAMÍREZ, VALENTINO",3,0:55,41,58
125523,11/12/2025,COL,URU,429,CANASTA-2P,VISITANTE,13,"RAMÍREZ, VALENTINO",3,0:55,41,60
125523,11/12/2025,COL,URU,430,TIRO3-FALLADO,LOCAL,4,"SANCHEZ, ALEJANDRO",3,0:44,41,60
125523,11/12/2025,COL,URU,431,REBOTE-DEFENSIVO,VISITANTE,,,3,0:44,41,60
125523,11/12/2025,COL,URU,432,FALTA-COMETIDA,LOCAL,5,"RESTREPO, LEONARDO",3,0:25,41,60
125523,11/12/2025,COL,URU,433,FALTA-RECIBIDA,VISITANTE,13,"RAMÍREZ, VALENTINO",3,0:25,41,60
125523,11/12/2025,COL,URU,434,CANASTA-1P,VISITANTE,13,"RAMÍREZ, VALENTINO",3,0:25,41,61
125523,11/12/2025,COL,URU,435,ASISTENCIA,VISITANTE,5,"IZUIBEJERES, FACUNDO",3,0:25,41,61
125523,11/12/2025,COL,URU,436,CANASTA-1P,VISITANTE,13,"RAMÍREZ, VALENTINO",3,0:25,41,62
125523,11/12/2025,COL,URU,437,CANASTA-3P,LOCAL,14,"CAICEDO, YANSEM",3,0:04,44,62
125523,11/12/2025,COL,URU,438,ASISTENCIA,LOCAL,59,"BETANCURT, JULIAN",3,0:04,44,62
125523,11/12/2025,COL,URU,439,FINAL-PERIODO,,,,3,0:00,44,62
125523,11/12/2025,COL,URU,440,CAMBIO-JUGADOR-SALE,LOCAL,4,"SANCHEZ, ALEJANDRO",4,10:00,44,62
125523,11/12/2025,COL,URU,441,CAMBIO-JUGADOR-SALE,LOCAL,32,"RIOS, SANTIAGO",4,10:00,44,62
125523,11/12/2025,COL,URU,442,CAMBIO-JUGADOR-SALE,LOCAL,59,"BETANCURT, JULIAN",4,10:00,44,62
125523,11/12/2025,COL,URU,443,CAMBIO-JUGADOR-ENTRA,LOCAL,6,"BROWN, SALOMON",4,10:00,44,62
125523,11/12/2025,COL,URU,444,CAMBIO-JUGADOR-ENTRA,LOCAL,7,"BERNAL, MATTHEW",4,10:00,44,62
125523,11/12/2025,COL,URU,445,CAMBIO-JUGADOR-ENTRA,LOCAL,10,"MATEUS, ANDRES",4,10:00,44,62
125523,11/12/2025,COL,URU,446,CAMBIO-JUGADOR-SALE,VISITANTE,21,"MICHAELSSON, THIAGO",4,10:00,44,62
125523,11/12/2025,COL,URU,447,CAMBIO-JUGADOR-SALE,VISITANTE,22,"OROZCO, LUCAS",4,10:00,44,62
125523,11/12/2025,COL,URU,448,CAMBIO-JUGADOR-ENTRA,VISITANTE,11,"TESTA, NICOLAS",4,10:00,44,62
125523,11/12/2025,COL,URU,449,CAMBIO-JUGADOR-ENTRA,VISITANTE,19,"FATA, GABRIEL",4,10:00,44,62
125523,11/12/2025,COL,URU,450,INICIO-PERIODO,,,,4,10:00,44,62
125523,11/12/2025,COL,URU,451,CANASTA-2P,VISITANTE,13,"RAMÍREZ, VALENTINO",4,9:47,44,64
125523,11/12/2025,COL,URU,452,ASISTENCIA,VISITANTE,5,"IZUIBEJERES, FACUNDO",4,9:47,44,64
125523,11/12/2025,COL,URU,453,PERDIDA,LOCAL,14,"CAICEDO, YANSEM",4,9:25,44,64
125523,11/12/2025,COL,URU,454,RECUPERACION,VISITANTE,19,"FATA, GABRIEL",4,9:25,44,64
125523,11/12/2025,COL,URU,455,TIRO2-FALLADO,VISITANTE,19,"FATA, GABRIEL",4,9:20,44,64
125523,11/12/2025,COL,URU,456,REBOTE-DEFENSIVO,LOCAL,6,"BROWN, SALOMON",4,9:18,44,64
125523,11/12/2025,COL,URU,457,TIRO2-FALLADO,LOCAL,14,"CAICEDO, YANSEM",4,9:13,44,64
125523,11/12/2025,COL,URU,458,REBOTE-DEFENSIVO,VISITANTE,,,4,9:11,44,64
125523,11/12/2025,COL,URU,459,CAMBIO-JUGADOR-SALE,LOCAL,14,"CAICEDO, YANSEM",4,9:11,44,64
125523,11/12/2025,COL,URU,460,CAMBIO-JUGADOR-ENTRA,LOCAL,8,"SUAREZ, EZEKIEL",4,9:11,44,64
125523,11/12/2025,COL,URU,461,CANASTA-2P,VISITANTE,11,"TESTA, NICOLAS",4,8:58,44,66
125523,11/12/2025,COL,URU,462,TIRO2-FALLADO,LOCAL,10,"MATEUS, ANDRES",4,8:38,44,66
125523,11/12/2025,COL,URU,463,TAPON-COMETIDO,VISITANTE,13,"RAMÍREZ, VALENTINO",4,8:38,44,66
125523,11/12/2025,COL,URU,464,REBOTE-DEFENSIVO,VISITANTE,0,"ABAL, TOMAS",4,8:33,44,66
125523,11/12/2025,COL,URU,465,CANASTA-3P,VISITANTE,0,"ABAL, TOMAS",4,8:32,44,69
125523,11/12/2025,COL,URU,466,TIRO3-FALLADO,LOCAL,7,"BERNAL, MATTHEW",4,8:06,44,69
125523,11/12/2025,COL,URU,467,REBOTE-DEFENSIVO,VISITANTE,0,"ABAL, TOMAS",4,8:04,44,69
125523,11/12/2025,COL,URU,468,PERDIDA,VISITANTE,13,"RAMÍREZ, VALENTINO",4,7:50,44,69
125523,11/12/2025,COL,URU,469,CAMBIO-JUGADOR-SALE,VISITANTE,5,"IZUIBEJERES, FACUNDO",4,7:50,44,69
125523,11/12/2025,COL,URU,470,CAMBIO-JUGADOR-ENTRA,VISITANTE,8,"CRUZ, FEDERICO",4,7:50,44,69
125523,11/12/2025,COL,URU,471,FALTA-COMETIDA,VISITANTE,8,"CRUZ, FEDERICO",4,7:34,44,69
125523,11/12/2025,COL,URU,472,FALTA-RECIBIDA,LOCAL,8,"SUAREZ, EZEKIEL",4,7:34,44,69
125523,11/12/2025,COL,URU,473,CAMBIO-JUGADOR-SALE,LOCAL,10,"MATEUS, ANDRES",4,7:34,44,69
125523,11/12/2025,COL,URU,474,CAMBIO-JUGADOR-ENTRA,LOCAL,83,"OROZCO, ANGEL",4,7:34,44,69
125523,11/12/2025,COL,URU,475,CANASTA-1P,LOCAL,8,"SUAREZ, EZEKIEL",4,7:34,45,69
125523,11/12/2025,COL,URU,476,CANASTA-1P,LOCAL,8,"SUAREZ, EZEKIEL",4,7:34,46,69
125523,11/12/2025,COL,URU,477,TIRO3-FALLADO,VISITANTE,0,"ABAL, TOMAS",4,7:21,46,69
125523,11/12/2025,COL,URU,478,REBOTE-DEFENSIVO,LOCAL,6,"BROWN, SALOMON",4,7:18,46,69
125523,11/12/2025,COL,URU,479,CANASTA-3P,LOCAL,5,"RESTREPO, LEONARDO",4,7:10,49,69
125523,11/12/2025,COL,URU,480,ASISTENCIA,LOCAL,8,"SUAREZ, EZEKIEL",4,7:10,49,69
125523,11/12/2025,COL,URU,481,TIRO3-FALLADO,VISITANTE,0,"ABAL, TOMAS",4,6:54,49,69
125523,11/12/2025,COL,URU,482,REBOTE-OFENSIVO,VISITANTE,19,"FATA, GABRIEL",4,6:51,49,69
125523,11/12/2025,COL,URU,483,CANASTA-2P,VISITANTE,0,"ABAL, TOMAS",4,6:50,49,71
125523,11/12/2025,COL,URU,484,ASISTENCIA,VISITANTE,19,"FATA, GABRIEL",4,6:50,49,71
125523,11/12/2025,COL,URU,485,CANASTA-2P,LOCAL,7,"BERNAL, MATTHEW",4,6:38,51,71
125523,11/12/2025,COL,URU,486,TIRO3-FALLADO,VISITANTE,13,"RAMÍREZ, VALENTINO",4,6:21,51,71
125523,11/12/2025,COL,URU,487,REBOTE-OFENSIVO,VISITANTE,8,"CRUZ, FEDERICO",4,6:19,51,71
125523,11/12/2025,COL,URU,488,FALTA-COMETIDA,LOCAL,6,"BROWN, SALOMON",4,6:19,51,71
125523,11/12/2025,COL,URU,489,FALTA-RECIBIDA,VISITANTE,8,"CRUZ, FEDERICO",4,6:19,51,71
125523,11/12/2025,COL,URU,490,CAMBIO-JUGADOR-SALE,LOCAL,6,"BROWN, SALOMON",4,6:19,51,71
125523,11/12/2025,COL,URU,491,CAMBIO-JUGADOR-ENTRA,LOCAL,32,"RIOS, SANTIAGO",4,6:19,51,71
125523,11/12/2025,COL,URU,492,CAMBIO-JUGADOR-SALE,VISITANTE,11,"TESTA, NICOLAS",4,6:19,51,71
125523,11/12/2025,COL,URU,493,CAMBIO-JUGADOR-SALE,VISITANTE,13,"RAMÍREZ, VALENTINO",4,6:19,51,71
125523,11/12/2025,COL,URU,494,CAMBIO-JUGADOR-ENTRA,VISITANTE,4,"PASTRANA, MANUEL",4,6:19,51,71
125523,11/12/2025,COL,URU,495,CAMBIO-JUGADOR-ENTRA,VISITANTE,10,"GOMEZ, LAUTARO",4,6:19,51,71
125523,11/12/2025,COL,URU,496,CANASTA-2P,VISITANTE,0,"ABAL, TOMAS",4,6:15,51,73
125523,11/12/2025,COL,URU,497,ASISTENCIA,VISITANTE,8,"CRUZ, FEDERICO",4,6:15,51,73
125523,11/12/2025,COL,URU,498,FALTA-COMETIDA,VISITANTE,10,"GOMEZ, LAUTARO",4,5:58,51,73
125523,11/12/2025,COL,URU,499,FALTA-RECIBIDA,LOCAL,8,"SUAREZ, EZEKIEL",4,5:58,51,73
125523,11/12/2025,COL,URU,500,CANASTA-1P,LOCAL,8,"SUAREZ, EZEKIEL",4,5:58,52,73
125523,11/12/2025,COL,URU,501,TIRO1-FALLADO,LOCAL,8,"SUAREZ, EZEKIEL",4,5:58,52,73
125523,11/12/2025,COL,URU,502,REBOTE-DEFENSIVO,VISITANTE,,,4,5:58,52,73
125523,11/12/2025,COL,URU,503,CAMBIO-JUGADOR-SALE,LOCAL,83,"OROZCO, ANGEL",4,5:58,52,73
125523,11/12/2025,COL,URU,504,CAMBIO-JUGADOR-ENTRA,LOCAL,24,"HERNANDEZ, ANDRES",4,5:58,52,73
125523,11/12/2025,COL,URU,505,TIRO3-FALLADO,VISITANTE,4,"PASTRANA, MANUEL",4,5:40,52,73
125523,11/12/2025,COL,URU,506,REBOTE-DEFENSIVO,LOCAL,24,"HERNANDEZ, ANDRES",4,5:37,52,73
125523,11/12/2025,COL,URU,507,FALTA-COMETIDA,VISITANTE,0,"ABAL, TOMAS",4,5:35,52,73
125523,11/12/2025,COL,URU,508,FALTA-RECIBIDA,LOCAL,7,"BERNAL, MATTHEW",4,5:35,52,73
125523,11/12/2025,COL,URU,509,TIRO3-FALLADO,LOCAL,5,"RESTREPO, LEONARDO",4,5:30,52,73
125523,11/12/2025,COL,URU,510,REBOTE-DEFENSIVO,VISITANTE,19,"FATA, GABRIEL",4,5:27,52,73
125523,11/12/2025,COL,URU,511,TIRO2-FALLADO,VISITANTE,4,"PASTRANA, MANUEL",4,5:19,52,73
125523,11/12/2025,COL,URU,512,REBOTE-DEFENSIVO,LOCAL,,,4,5:17,52,73
125523,11/12/2025,COL,URU,513,TIRO3-FALLADO,LOCAL,32,"RIOS, SANTIAGO",4,5:01,52,73
125523,11/12/2025,COL,URU,514,REBOTE-DEFENSIVO,VISITANTE,8,"CRUZ, FEDERICO",4,4:59,52,73
125523,11/12/2025,COL,URU,515,PERDIDA,VISITANTE,8,"CRUZ, FEDERICO",4,4:59,52,73
125523,11/12/2025,COL,URU,516,TIRO3-FALLADO,LOCAL,8,"SUAREZ, EZEKIEL",4,4:51,52,73
125523,11/12/2025,COL,URU,517,TAPON-COMETIDO,VISITANTE,10,"GOMEZ, LAUTARO",4,4:51,52,73
125523,11/12/2025,COL,URU,518,REBOTE-DEFENSIVO,VISITANTE,4,"PASTRANA, MANUEL",4,4:48,52,73
125523,11/12/2025,COL,URU,519,CANASTA-2P,VISITANTE,10,"GOMEZ, LAUTARO",4,4:42,52,75
125523,11/12/2025,COL,URU,520,TIEMPO-MUERTO-SOLICITADO,LOCAL,,,4,4:42,52,75
125523,11/12/2025,COL,URU,521,CAMBIO-JUGADOR-SALE,LOCAL,7,"BERNAL, MATTHEW",4,4:42,52,75
125523,11/12/2025,COL,URU,522,CAMBIO-JUGADOR-ENTRA,LOCAL,4,"SANCHEZ, ALEJANDRO",4,4:42,52,75
125523,11/12/2025,COL,URU,523,CAMBIO-JUGADOR-SALE,VISITANTE,0,"ABAL, TOMAS",4,4:42,52,75
125523,11/12/2025,COL,URU,524,CAMBIO-JUGADOR-SALE,VISITANTE,19,"FATA, GABRIEL",4,4:42,52,75
125523,11/12/2025,COL,URU,525,CAMBIO-JUGADOR-ENTRA,VISITANTE,15,"VENET, GABRIEL",4,4:42,52,75
125523,11/12/2025,COL,URU,526,CAMBIO-JUGADOR-ENTRA,VISITANTE,21,"MICHAELSSON, THIAGO",4,4:42,52,75
125523,11/12/2025,COL,URU,527,TIRO3-FALLADO,LOCAL,4,"SANCHEZ, ALEJANDRO",4,4:20,52,75
125523,11/12/2025,COL,URU,528,REBOTE-DEFENSIVO,VISITANTE,4,"PASTRANA, MANUEL",4,4:17,52,75
125523,11/12/2025,COL,URU,529,TIRO2-FALLADO,VISITANTE,8,"CRUZ, FEDERICO",4,4:08,52,75
125523,11/12/2025,COL,URU,530,REBOTE-DEFENSIVO,LOCAL,,,4,4:07,52,75
125523,11/12/2025,COL,URU,531,CANASTA-3P,LOCAL,5,"RESTREPO, LEONARDO",4,3:50,55,75
125523,11/12/2025,COL,URU,532,ASISTENCIA,LOCAL,4,"SANCHEZ, ALEJANDRO",4,3:50,55,75
125523,11/12/2025,COL,URU,533,CANASTA-2P,VISITANTE,8,"CRUZ, FEDERICO",4,3:27,55,77
125523,11/12/2025,COL,URU,534,PERDIDA,LOCAL,4,"SANCHEZ, ALEJANDRO",4,3:20,55,77
125523,11/12/2025,COL,URU,535,RECUPERACION,VISITANTE,8,"CRUZ, FEDERICO",4,3:20,55,77
125523,11/12/2025,COL,URU,536,CANASTA-2P,VISITANTE,8,"CRUZ, FEDERICO",4,3:16,55,79
125523,11/12/2025,COL,URU,537,PERDIDA,LOCAL,24,"HERNANDEZ, ANDRES",4,2:58,55,79
125523,11/12/2025,COL,URU,538,RECUPERACION,VISITANTE,8,"CRUZ, FEDERICO",4,2:58,55,79
125523,11/12/2025,COL,URU,539,CANASTA-2P,VISITANTE,8,"CRUZ, FEDERICO",4,2:54,55,81
125523,11/12/2025,COL,URU,540,FALTA-COMETIDA,VISITANTE,4,"PASTRANA, MANUEL",4,2:45,55,81
125523,11/12/2025,COL,URU,541,FALTA-RECIBIDA,LOCAL,4,"SANCHEZ, ALEJANDRO",4,2:45,55,81
125523,11/12/2025,COL,URU,542,CAMBIO-JUGADOR-SALE,LOCAL,5,"RESTREPO, LEONARDO",4,2:45,55,81
125523,11/12/2025,COL,URU,543,CAMBIO-JUGADOR-ENTRA,LOCAL,83,"OROZCO, ANGEL",4,2:45,55,81
125523,11/12/2025,COL,URU,544,CAMBIO-JUGADOR-SALE,VISITANTE,4,"PASTRANA, MANUEL",4,2:45,55,81
125523,11/12/2025,COL,URU,545,CAMBIO-JUGADOR-SALE,VISITANTE,10,"GOMEZ, LAUTARO",4,2:45,55,81
125523,11/12/2025,COL,URU,546,CAMBIO-JUGADOR-ENTRA,VISITANTE,0,"ABAL, TOMAS",4,2:45,55,81
125523,11/12/2025,COL,URU,547,CAMBIO-JUGADOR-ENTRA,VISITANTE,29,"GUZZETTI, JUAN",4,2:45,55,81
125523,11/12/2025,COL,URU,548,FALTA-COMETIDA,VISITANTE,8,"CRUZ, FEDERICO",4,2:44,55,81
125523,11/12/2025,COL,URU,549,FALTA-RECIBIDA,LOCAL,4,"SANCHEZ, ALEJANDRO",4,2:44,55,81
125523,11/12/2025,COL,URU,550,CAMBIO-JUGADOR-SALE,VISITANTE,8,"CRUZ, FEDERICO",4,2:36,55,81
125523,11/12/2025,COL,URU,551,CAMBIO-JUGADOR-ENTRA,VISITANTE,22,"OROZCO, LUCAS",4,2:36,55,81
125523,11/12/2025,COL,URU,552,CANASTA-1P,LOCAL,4,"SANCHEZ, ALEJANDRO",4,2:36,56,81
125523,11/12/2025,COL,URU,553,TIRO1-FALLADO,LOCAL,4,"SANCHEZ, ALEJANDRO",4,2:36,56,81
125523,11/12/2025,COL,URU,554,REBOTE-OFENSIVO,LOCAL,83,"OROZCO, ANGEL",4,2:36,56,81
125523,11/12/2025,COL,URU,555,CANASTA-3P,LOCAL,24,"HERNANDEZ, ANDRES",4,2:25,59,81
125523,11/12/2025,COL,URU,556,ASISTENCIA,LOCAL,32,"RIOS, SANTIAGO",4,2:25,59,81
125523,11/12/2025,COL,URU,557,TIRO2-FALLADO,VISITANTE,15,"VENET, GABRIEL",4,2:09,59,81
125523,11/12/2025,COL,URU,558,REBOTE-DEFENSIVO,LOCAL,83,"OROZCO, ANGEL",4,2:06,59,81
125523,11/12/2025,COL,URU,559,CANASTA-2P,LOCAL,8,"SUAREZ, EZEKIEL",4,2:01,61,81
125523,11/12/2025,COL,URU,560,PERDIDA,VISITANTE,15,"VENET, GABRIEL",4,1:50,61,81
125523,11/12/2025,COL,URU,561,TIRO2-FALLADO,LOCAL,4,"SANCHEZ, ALEJANDRO",4,1:31,61,81
125523,11/12/2025,COL,URU,562,REBOTE-DEFENSIVO,VISITANTE,0,"ABAL, TOMAS",4,1:28,61,81
125523,11/12/2025,COL,URU,563,CANASTA-2P,VISITANTE,15,"VENET, GABRIEL",4,1:22,61,83
125523,11/12/2025,COL,URU,564,ASISTENCIA,VISITANTE,21,"MICHAELSSON, THIAGO",4,1:22,61,83
125523,11/12/2025,COL,URU,565,CAMBIO-JUGADOR-SALE,LOCAL,8,"SUAREZ, EZEKIEL",4,1:20,61,83
125523,11/12/2025,COL,URU,566,CAMBIO-JUGADOR-ENTRA,LOCAL,59,"BETANCURT, JULIAN",4,1:20,61,83
125523,11/12/2025,COL,URU,567,PERDIDA,LOCAL,83,"OROZCO, ANGEL",4,1:02,61,83
125523,11/12/2025,COL,URU,568,RECUPERACION,VISITANTE,29,"GUZZETTI, JUAN",4,1:02,61,83
125523,11/12/2025,COL,URU,569,TIRO2-FALLADO,VISITANTE,29,"GUZZETTI, JUAN",4,0:48,61,83
125523,11/12/2025,COL,URU,570,TAPON-COMETIDO,LOCAL,83,"OROZCO, ANGEL",4,0:48,61,83
125523,11/12/2025,COL,URU,571,REBOTE-OFENSIVO,VISITANTE,29,"GUZZETTI, JUAN",4,0:44,61,83
125523,11/12/2025,COL,URU,572,TIRO3-FALLADO,VISITANTE,22,"OROZCO, LUCAS",4,0:43,61,83
125523,11/12/2025,COL,URU,573,REBOTE-DEFENSIVO,LOCAL,,,4,0:43,61,83
125523,11/12/2025,COL,URU,574,FALTA-COMETIDA,VISITANTE,29,"GUZZETTI, JUAN",4,0:43,61,83
125523,11/12/2025,COL,URU,575,FALTA-RECIBIDA,LOCAL,83,"OROZCO, ANGEL",4,0:43,61,83
125523,11/12/2025,COL,URU,576,TIRO1-FALLADO,LOCAL,83,"OROZCO, ANGEL",4,0:43,61,83
125523,11/12/2025,COL,URU,577,TIRO1-FALLADO,LOCAL,83,"OROZCO, ANGEL",4,0:43,61,83
125523,11/12/2025,COL,URU,578,REBOTE-DEFENSIVO,VISITANTE,0,"ABAL, TOMAS",4,0:43,61,83
125523,11/12/2025,COL,URU,579,FALTA-COMETIDA,LOCAL,59,"BETANCURT, JULIAN",4,0:30,61,83
125523,11/12/2025,COL,URU,580,FALTA-RECIBIDA,VISITANTE,0,"ABAL, TOMAS",4,0:30,61,83
125523,11/12/2025,COL,URU,581,FALTA-COMETIDA,LOCAL,32,"RIOS, SANTIAGO",4,0:20,61,83
125523,11/12/2025,COL,URU,582,FALTA-RECIBIDA,VISITANTE,22,"OROZCO, LUCAS",4,0:20,61,83
125523,11/12/2025,COL,URU,583,PERDIDA,VISITANTE,15,"VENET, GABRIEL",4,0:14,61,83
125523,11/12/2025,COL,URU,584,RECUPERACION,LOCAL,83,"OROZCO, ANGEL",4,0:14,61,83
125523,11/12/2025,COL,URU,585,TIRO2-FALLADO,LOCAL,59,"BETANCURT, JULIAN",4,0:07,61,83
125523,11/12/2025,COL,URU,586,REBOTE-OFENSIVO,LOCAL,83,"OROZCO, ANGEL",4,0:03,61,83
125523,11/12/2025,COL,URU,587,FINAL-PERIODO,,,,4,0:00,61,83
125523,11/12/2025,COL,URU,588,FINAL-PARTIDO,,,,4,0:00,61,83
125524,11/12/2025,ARG,ECU,0,INICIO-PARTIDO,,,,1,10:00,0,0
125524,11/12/2025,ARG,ECU,1,INICIO-PERIODO,,,,1,10:00,0,0
125524,11/12/2025,ARG,ECU,2,CAMBIO-JUGADOR-ENTRA,LOCAL,2,"PETTOVELLO, BENJAMIN",1,10:00,0,0
125524,11/12/2025,ARG,ECU,3,CAMBIO-JUGADOR-ENTRA,LOCAL,4,"HERNANDEZ, MANUEL",1,10:00,0,0
125524,11/12/2025,ARG,ECU,4,CAMBIO-JUGADOR-ENTRA,LOCAL,5,"CORNALIS, FACUNDO",1,10:00,0,0
125524,11/12/2025,ARG,ECU,5,CAMBIO-JUGADOR-ENTRA,LOCAL,8,"AMAN, GONZALO",1,10:00,0,0
125524,11/12/2025,ARG,ECU,6,CAMBIO-JUGADOR-ENTRA,LOCAL,14,"PETTINAROLI, SANTIAGO",1,10:00,0,0
125524,11/12/2025,ARG,ECU,7,CAMBIO-JUGADOR-ENTRA,VISITANTE,1,"CEVALLOS, MICHAEL",1,10:00,0,0
125524,11/12/2025,ARG,ECU,8,CAMBIO-JUGADOR-ENTRA,VISITANTE,2,"CASTILLO, JUAN",1,10:00,0,0
125524,11/12/2025,ARG,ECU,9,CAMBIO-JUGADOR-ENTRA,VISITANTE,7,"DAZA, JOSÉ",1,10:00,0,0
125524,11/12/2025,ARG,ECU,10,CAMBIO-JUGADOR-ENTRA,VISITANTE,14,"NOBOA, FELIPE",1,10:00,0,0
125524,11/12/2025,ARG,ECU,11,CAMBIO-JUGADOR-ENTRA,VISITANTE,23,"QUIÑONEZ, ADAIR",1,10:00,0,0
125524,11/12/2025,ARG,ECU,12,JUMP-BALL,,,,1,10:00,0,0
125524,11/12/2025,ARG,ECU,13,JUMP-BALL,LOCAL,2,"PETTOVELLO, BENJAMIN",1,9:57,0,0
125524,11/12/2025,ARG,ECU,14,JUMP-BALL,VISITANTE,7,"DAZA, JOSÉ",1,9:57,0,0
125524,11/12/2025,ARG,ECU,15,TIRO3-FALLADO,LOCAL,4,"HERNANDEZ, MANUEL",1,9:51,0,0
125524,11/12/2025,ARG,ECU,16,REBOTE-DEFENSIVO,VISITANTE,,,1,9:48,0,0
125524,11/12/2025,ARG,ECU,17,CANASTA-2P,VISITANTE,2,"CASTILLO, JUAN",1,9:48,0,2
125524,11/12/2025,ARG,ECU,18,TIRO2-FALLADO,LOCAL,14,"PETTINAROLI, SANTIAGO",1,9:40,0,2
125524,11/12/2025,ARG,ECU,19,REBOTE-OFENSIVO,LOCAL,14,"PETTINAROLI, SANTIAGO",1,9:37,0,2
125524,11/12/2025,ARG,ECU,20,CANASTA-2P,LOCAL,14,"PETTINAROLI, SANTIAGO",1,9:37,2,2
125524,11/12/2025,ARG,ECU,21,FALTA-COMETIDA,LOCAL,8,"AMAN, GONZALO",1,9:17,2,2
125524,11/12/2025,ARG,ECU,22,FALTA-RECIBIDA,VISITANTE,2,"CASTILLO, JUAN",1,9:17,2,2
125524,11/12/2025,ARG,ECU,23,TIRO2-FALLADO,VISITANTE,7,"DAZA, JOSÉ",1,9:09,2,2
125524,11/12/2025,ARG,ECU,24,REBOTE-DEFENSIVO,LOCAL,5,"CORNALIS, FACUNDO",1,9:03,2,2
125524,11/12/2025,ARG,ECU,25,TIRO3-FALLADO,LOCAL,4,"HERNANDEZ, MANUEL",1,9:01,2,2
125524,11/12/2025,ARG,ECU,26,REBOTE-OFENSIVO,LOCAL,14,"PETTINAROLI, SANTIAGO",1,8:57,2,2
125524,11/12/2025,ARG,ECU,27,CANASTA-3P,LOCAL,4,"HERNANDEZ, MANUEL",1,8:52,5,2
125524,11/12/2025,ARG,ECU,28,ASISTENCIA,LOCAL,8,"AMAN, GONZALO",1,8:52,5,2
125524,11/12/2025,ARG,ECU,29,CANASTA-3P,VISITANTE,23,"QUIÑONEZ, ADAIR",1,8:27,5,5
125524,11/12/2025,ARG,ECU,30,ASISTENCIA,VISITANTE,2,"CASTILLO, JUAN",1,8:27,5,5
125524,11/12/2025,ARG,ECU,31,TIRO3-FALLADO,LOCAL,4,"HERNANDEZ, MANUEL",1,8:02,5,5
125524,11/12/2025,ARG,ECU,32,REBOTE-DEFENSIVO,VISITANTE,23,"QUIÑONEZ, ADAIR",1,8:00,5,5
125524,11/12/2025,ARG,ECU,33,CANASTA-2P,VISITANTE,2,"CASTILLO, JUAN",1,7:53,5,7
125524,11/12/2025,ARG,ECU,34,TIRO2-FALLADO,LOCAL,8,"AMAN, GONZALO",1,7:40,5,7
125524,11/12/2025,ARG,ECU,35,REBOTE-DEFENSIVO,VISITANTE,7,"DAZA, JOSÉ",1,7:38,5,7
125524,11/12/2025,ARG,ECU,36,PERDIDA,VISITANTE,2,"CASTILLO, JUAN",1,7:35,5,7
125524,11/12/2025,ARG,ECU,37,FALTA-COMETIDA,VISITANTE,7,"DAZA, JOSÉ",1,7:24,5,7
125524,11/12/2025,ARG,ECU,38,FALTA-RECIBIDA,LOCAL,8,"AMAN, GONZALO",1,7:24,5,7
125524,11/12/2025,ARG,ECU,39,CANASTA-1P,LOCAL,8,"AMAN, GONZALO",1,7:24,6,7
125524,11/12/2025,ARG,ECU,40,CANASTA-1P,LOCAL,8,"AMAN, GONZALO",1,7:24,7,7
125524,11/12/2025,ARG,ECU,41,TIRO3-FALLADO,VISITANTE,14,"NOBOA, FELIPE",1,6:59,7,7
125524,11/12/2025,ARG,ECU,42,TAPON-COMETIDO,LOCAL,5,"CORNALIS, FACUNDO",1,6:59,7,7
125524,11/12/2025,ARG,ECU,43,TIEMPO-MUERTO-SOLICITADO,VISITANTE,,,1,6:55,7,7
125524,11/12/2025,ARG,ECU,44,TIRO3-FALLADO,LOCAL,5,"CORNALIS, FACUNDO",1,6:35,7,7
125524,11/12/2025,ARG,ECU,45,REBOTE-DEFENSIVO,VISITANTE,1,"CEVALLOS, MICHAEL",1,6:33,7,7
125524,11/12/2025,ARG,ECU,46,PERDIDA,VISITANTE,23,"QUIÑONEZ, ADAIR",1,6:15,7,7
125524,11/12/2025,ARG,ECU,47,CAMBIO-JUGADOR-SALE,VISITANTE,7,"DAZA, JOSÉ",1,6:15,7,7
125524,11/12/2025,ARG,ECU,48,CAMBIO-JUGADOR-ENTRA,VISITANTE,15,"IBARRA, ISMAEL",1,6:15,7,7
125524,11/12/2025,ARG,ECU,49,TIRO2-FALLADO,LOCAL,14,"PETTINAROLI, SANTIAGO",1,6:00,7,7
125524,11/12/2025,ARG,ECU,50,REBOTE-OFENSIVO,LOCAL,2,"PETTOVELLO, BENJAMIN",1,5:56,7,7
125524,11/12/2025,ARG,ECU,51,CANASTA-2P,LOCAL,2,"PETTOVELLO, BENJAMIN",1,5:55,9,7
125524,11/12/2025,ARG,ECU,52,ASISTENCIA,LOCAL,14,"PETTINAROLI, SANTIAGO",1,5:55,9,7
125524,11/12/2025,ARG,ECU,53,FALTA-COMETIDA,VISITANTE,23,"QUIÑONEZ, ADAIR",1,5:54,9,7
125524,11/12/2025,ARG,ECU,54,FALTA-RECIBIDA,LOCAL,2,"PETTOVELLO, BENJAMIN",1,5:54,9,7
125524,11/12/2025,ARG,ECU,55,CAMBIO-JUGADOR-SALE,VISITANTE,23,"QUIÑONEZ, ADAIR",1,5:54,9,7
125524,11/12/2025,ARG,ECU,56,CAMBIO-JUGADOR-ENTRA,VISITANTE,32,"COROZO, JEREMY",1,5:54,9,7
125524,11/12/2025,ARG,ECU,57,CANASTA-1P,LOCAL,2,"PETTOVELLO, BENJAMIN",1,5:54,10,7
125524,11/12/2025,ARG,ECU,58,PERDIDA,VISITANTE,2,"CASTILLO, JUAN",1,5:46,10,7
125524,11/12/2025,ARG,ECU,59,CAMBIO-JUGADOR-SALE,VISITANTE,1,"CEVALLOS, MICHAEL",1,5:46,10,7
125524,11/12/2025,ARG,ECU,60,CAMBIO-JUGADOR-ENTRA,VISITANTE,13,"MINA, JAHIR",1,5:46,10,7
125524,11/12/2025,ARG,ECU,61,CANASTA-2P,LOCAL,8,"AMAN, GONZALO",1,5:37,12,7
125524,11/12/2025,ARG,ECU,62,CANASTA-3P,VISITANTE,14,"NOBOA, FELIPE",1,5:18,12,10
125524,11/12/2025,ARG,ECU,63,ASISTENCIA,VISITANTE,13,"MINA, JAHIR",1,5:18,12,10
125524,11/12/2025,ARG,ECU,64,TIRO2-FALLADO,LOCAL,8,"AMAN, GONZALO",1,5:07,12,10
125524,11/12/2025,ARG,ECU,65,REBOTE-DEFENSIVO,VISITANTE,15,"IBARRA, ISMAEL",1,5:05,12,10
125524,11/12/2025,ARG,ECU,66,TIRO3-FALLADO,VISITANTE,13,"MINA, JAHIR",1,4:52,12,10
125524,11/12/2025,ARG,ECU,67,REBOTE-DEFENSIVO,LOCAL,8,"AMAN, GONZALO",1,4:50,12,10
125524,11/12/2025,ARG,ECU,68,CANASTA-3P,LOCAL,2,"PETTOVELLO, BENJAMIN",1,4:34,15,10
125524,11/12/2025,ARG,ECU,69,PERDIDA,VISITANTE,14,"NOBOA, FELIPE",1,4:17,15,10
125524,11/12/2025,ARG,ECU,70,CANASTA-3P,LOCAL,4,"HERNANDEZ, MANUEL",1,4:03,18,10
125524,11/12/2025,ARG,ECU,71,TIEMPO-MUERTO-SOLICITADO,VISITANTE,,,1,3:59,18,10
125524,11/12/2025,ARG,ECU,72,CAMBIO-JUGADOR-SALE,LOCAL,4,"HERNANDEZ, MANUEL",1,3:59,18,10
125524,11/12/2025,ARG,ECU,73,CAMBIO-JUGADOR-SALE,LOCAL,8,"AMAN, GONZALO",1,3:59,18,10
125524,11/12/2025,ARG,ECU,74,CAMBIO-JUGADOR-ENTRA,LOCAL,9,"CELIZ, JOAQUIN",1,3:59,18,10
125524,11/12/2025,ARG,ECU,75,CAMBIO-JUGADOR-ENTRA,LOCAL,10,"CAUMO, JOAQUIN",1,3:59,18,10
125524,11/12/2025,ARG,ECU,76,FALTA-COMETIDA,LOCAL,10,"CAUMO, JOAQUIN",1,3:53,18,10
125524,11/12/2025,ARG,ECU,77,FALTA-RECIBIDA,VISITANTE,2,"CASTILLO, JUAN",1,3:53,18,10
125524,11/12/2025,ARG,ECU,78,PERDIDA,VISITANTE,14,"NOBOA, FELIPE",1,3:53,18,10
125524,11/12/2025,ARG,ECU,79,RECUPERACION,LOCAL,10,"CAUMO, JOAQUIN",1,3:53,18,10
125524,11/12/2025,ARG,ECU,80,CANASTA-2P,LOCAL,10,"CAUMO, JOAQUIN",1,3:50,20,10
125524,11/12/2025,ARG,ECU,81,CANASTA-3P,VISITANTE,2,"CASTILLO, JUAN",1,3:36,20,13
125524,11/12/2025,ARG,ECU,82,TIRO3-FALLADO,LOCAL,14,"PETTINAROLI, SANTIAGO",1,3:09,20,13
125524,11/12/2025,ARG,ECU,83,REBOTE-DEFENSIVO,VISITANTE,32,"COROZO, JEREMY",1,3:06,20,13
125524,11/12/2025,ARG,ECU,84,TIRO3-FALLADO,VISITANTE,13,"MINA, JAHIR",1,2:55,20,13
125524,11/12/2025,ARG,ECU,85,REBOTE-DEFENSIVO,LOCAL,2,"PETTOVELLO, BENJAMIN",1,2:52,20,13
125524,11/12/2025,ARG,ECU,86,CAMBIO-JUGADOR-SALE,LOCAL,5,"CORNALIS, FACUNDO",1,2:49,20,13
125524,11/12/2025,ARG,ECU,87,CAMBIO-JUGADOR-ENTRA,LOCAL,11,"MORAVANSKY, ROMAN",1,2:49,20,13
125524,11/12/2025,ARG,ECU,88,CAMBIO-JUGADOR-SALE,VISITANTE,2,"CASTILLO, JUAN",1,2:49,20,13
125524,11/12/2025,ARG,ECU,89,CAMBIO-JUGADOR-SALE,VISITANTE,14,"NOBOA, FELIPE",1,2:49,20,13
125524,11/12/2025,ARG,ECU,90,CAMBIO-JUGADOR-ENTRA,VISITANTE,10,"ZAMBRANO, ALHAN",1,2:49,20,13
125524,11/12/2025,ARG,ECU,91,CAMBIO-JUGADOR-ENTRA,VISITANTE,12,"MANJARRES, RODRIGO",1,2:49,20,13
125524,11/12/2025,ARG,ECU,92,CANASTA-3P,LOCAL,14,"PETTINAROLI, SANTIAGO",1,2:38,23,13
125524,11/12/2025,ARG,ECU,93,ASISTENCIA,LOCAL,9,"CELIZ, JOAQUIN",1,2:38,23,13
125524,11/12/2025,ARG,ECU,94,TIRO3-FALLADO,VISITANTE,10,"ZAMBRANO, ALHAN",1,2:18,23,13
125524,11/12/2025,ARG,ECU,95,REBOTE-DEFENSIVO,LOCAL,9,"CELIZ, JOAQUIN",1,2:14,23,13
125524,11/12/2025,ARG,ECU,96,CAMBIO-JUGADOR-SALE,VISITANTE,13,"MINA, JAHIR",1,2:12,23,13
125524,11/12/2025,ARG,ECU,97,CAMBIO-JUGADOR-ENTRA,VISITANTE,48,"VARGAS, LHEYDER",1,2:12,23,13
125524,11/12/2025,ARG,ECU,98,TIRO2-FALLADO,LOCAL,9,"CELIZ, JOAQUIN",1,2:10,23,13
125524,11/12/2025,ARG,ECU,99,REBOTE-DEFENSIVO,VISITANTE,10,"ZAMBRANO, ALHAN",1,2:06,23,13
125524,11/12/2025,ARG,ECU,100,PERDIDA,VISITANTE,32,"COROZO, JEREMY",1,1:49,23,13
125524,11/12/2025,ARG,ECU,101,RECUPERACION,LOCAL,2,"PETTOVELLO, BENJAMIN",1,1:49,23,13
125524,11/12/2025,ARG,ECU,102,FALTA-COMETIDA,VISITANTE,15,"IBARRA, ISMAEL",1,1:43,23,13
125524,11/12/2025,ARG,ECU,103,FALTA-RECIBIDA,LOCAL,14,"PETTINAROLI, SANTIAGO",1,1:43,23,13
125524,11/12/2025,ARG,ECU,104,CAMBIO-JUGADOR-SALE,LOCAL,2,"PETTOVELLO, BENJAMIN",1,1:43,23,13
125524,11/12/2025,ARG,ECU,105,CAMBIO-JUGADOR-ENTRA,LOCAL,15,"MARQUEZ, JUAN",1,1:43,23,13
125524,11/12/2025,ARG,ECU,106,CANASTA-1P,LOCAL,14,"PETTINAROLI, SANTIAGO",1,1:43,24,13
125524,11/12/2025,ARG,ECU,107,ASISTENCIA,LOCAL,9,"CELIZ, JOAQUIN",1,1:43,24,13
125524,11/12/2025,ARG,ECU,108,CANASTA-1P,LOCAL,14,"PETTINAROLI, SANTIAGO",1,1:43,25,13
125524,11/12/2025,ARG,ECU,109,TIRO2-FALLADO,VISITANTE,15,"IBARRA, ISMAEL",1,1:31,25,13
125524,11/12/2025,ARG,ECU,110,REBOTE-DEFENSIVO,LOCAL,15,"MARQUEZ, JUAN",1,1:25,25,13
125524,11/12/2025,ARG,ECU,111,CANASTA-2P,LOCAL,9,"CELIZ, JOAQUIN",1,1:24,27,13
125524,11/12/2025,ARG,ECU,112,ASISTENCIA,LOCAL,15,"MARQUEZ, JUAN",1,1:24,27,13
125524,11/12/2025,ARG,ECU,113,CAMBIO-JUGADOR-SALE,LOCAL,14,"PETTINAROLI, SANTIAGO",1,1:05,27,13
125524,11/12/2025,ARG,ECU,114,CAMBIO-JUGADOR-ENTRA,LOCAL,6,"GOBETTI, BAUTISTA",1,1:05,27,13
125524,11/12/2025,ARG,ECU,115,CAMBIO-JUGADOR-SALE,VISITANTE,15,"IBARRA, ISMAEL",1,1:05,27,13
125524,11/12/2025,ARG,ECU,116,CAMBIO-JUGADOR-SALE,VISITANTE,48,"VARGAS, LHEYDER",1,1:05,27,13
125524,11/12/2025,ARG,ECU,117,CAMBIO-JUGADOR-ENTRA,VISITANTE,23,"QUIÑONEZ, ADAIR",1,1:05,27,13
125524,11/12/2025,ARG,ECU,118,CAMBIO-JUGADOR-ENTRA,VISITANTE,33,"REYES, DEIVIS",1,1:05,27,13
125524,11/12/2025,ARG,ECU,119,TIEMPO-MUERTO-SOLICITADO,VISITANTE,,,1,0:52,27,13
125524,11/12/2025,ARG,ECU,120,CANASTA-2P,LOCAL,9,"CELIZ, JOAQUIN",1,0:41,29,13
125524,11/12/2025,ARG,ECU,121,ASISTENCIA,LOCAL,10,"CAUMO, JOAQUIN",1,0:41,29,13
125524,11/12/2025,ARG,ECU,122,FALTA-COMETIDA,LOCAL,10,"CAUMO, JOAQUIN",1,0:22,29,13
125524,11/12/2025,ARG,ECU,123,FALTA-RECIBIDA,VISITANTE,10,"ZAMBRANO, ALHAN",1,0:22,29,13
125524,11/12/2025,ARG,ECU,124,CANASTA-1P,VISITANTE,10,"ZAMBRANO, ALHAN",1,0:22,29,14
125524,11/12/2025,ARG,ECU,125,ASISTENCIA,VISITANTE,33,"REYES, DEIVIS",1,0:22,29,14
125524,11/12/2025,ARG,ECU,126,CANASTA-1P,VISITANTE,10,"ZAMBRANO, ALHAN",1,0:22,29,15
125524,11/12/2025,ARG,ECU,127,CANASTA-1P,VISITANTE,10,"ZAMBRANO, ALHAN",1,0:22,29,16
125524,11/12/2025,ARG,ECU,128,TIRO3-FALLADO,LOCAL,6,"GOBETTI, BAUTISTA",1,0:02,29,16
125524,11/12/2025,ARG,ECU,129,FINAL-PERIODO,,,,1,0:00,29,16
125524,11/12/2025,ARG,ECU,130,INICIO-PERIODO,,,,2,10:00,29,16
125524,11/12/2025,ARG,ECU,131,PERDIDA,VISITANTE,33,"REYES, DEIVIS",2,9:58,29,16
125524,11/12/2025,ARG,ECU,132,RECUPERACION,LOCAL,11,"MORAVANSKY, ROMAN",2,9:58,29,16
125524,11/12/2025,ARG,ECU,133,CANASTA-2P,LOCAL,15,"MARQUEZ, JUAN",2,9:55,31,16
125524,11/12/2025,ARG,ECU,134,ASISTENCIA,LOCAL,9,"CELIZ, JOAQUIN",2,9:55,31,16
125524,11/12/2025,ARG,ECU,135,CANASTA-2P,VISITANTE,32,"COROZO, JEREMY",2,9:29,31,18
125524,11/12/2025,ARG,ECU,136,ASISTENCIA,VISITANTE,23,"QUIÑONEZ, ADAIR",2,9:29,31,18
125524,11/12/2025,ARG,ECU,137,CANASTA-3P,LOCAL,10,"CAUMO, JOAQUIN",2,9:10,34,18
125524,11/12/2025,ARG,ECU,138,TIRO3-FALLADO,VISITANTE,33,"REYES, DEIVIS",2,8:59,34,18
125524,11/12/2025,ARG,ECU,139,REBOTE-DEFENSIVO,LOCAL,15,"MARQUEZ, JUAN",2,8:56,34,18
125524,11/12/2025,ARG,ECU,140,FALTA-COMETIDA,VISITANTE,23,"QUIÑONEZ, ADAIR",2,8:48,34,18
125524,11/12/2025,ARG,ECU,141,FALTA-RECIBIDA,LOCAL,15,"MARQUEZ, JUAN",2,8:48,34,18
125524,11/12/2025,ARG,ECU,142,CAMBIO-JUGADOR-SALE,VISITANTE,10,"ZAMBRANO, ALHAN",2,8:48,34,18
125524,11/12/2025,ARG,ECU,143,CAMBIO-JUGADOR-SALE,VISITANTE,12,"MANJARRES, RODRIGO",2,8:48,34,18
125524,11/12/2025,ARG,ECU,144,CAMBIO-JUGADOR-ENTRA,VISITANTE,2,"CASTILLO, JUAN",2,8:48,34,18
125524,11/12/2025,ARG,ECU,145,CAMBIO-JUGADOR-ENTRA,VISITANTE,14,"NOBOA, FELIPE",2,8:48,34,18
125524,11/12/2025,ARG,ECU,146,CANASTA-1P,LOCAL,15,"MARQUEZ, JUAN",2,8:48,35,18
125524,11/12/2025,ARG,ECU,147,ASISTENCIA,LOCAL,9,"CELIZ, JOAQUIN",2,8:48,35,18
125524,11/12/2025,ARG,ECU,148,TIRO1-FALLADO,LOCAL,15,"MARQUEZ, JUAN",2,8:48,35,18
125524,11/12/2025,ARG,ECU,149,REBOTE-DEFENSIVO,VISITANTE,23,"QUIÑONEZ, ADAIR",2,8:48,35,18
125524,11/12/2025,ARG,ECU,150,PERDIDA,VISITANTE,2,"CASTILLO, JUAN",2,8:38,35,18
125524,11/12/2025,ARG,ECU,151,RECUPERACION,LOCAL,6,"GOBETTI, BAUTISTA",2,8:38,35,18
125524,11/12/2025,ARG,ECU,152,FALTA-COMETIDA,VISITANTE,23,"QUIÑONEZ, ADAIR",2,8:31,35,18
125524,11/12/2025,ARG,ECU,153,FALTA-RECIBIDA,LOCAL,6,"GOBETTI, BAUTISTA",2,8:31,35,18
125524,11/12/2025,ARG,ECU,154,CAMBIO-JUGADOR-SALE,VISITANTE,23,"QUIÑONEZ, ADAIR",2,8:31,35,18
125524,11/12/2025,ARG,ECU,155,CAMBIO-JUGADOR-ENTRA,VISITANTE,7,"DAZA, JOSÉ",2,8:31,35,18
125524,11/12/2025,ARG,ECU,156,CANASTA-1P,LOCAL,6,"GOBETTI, BAUTISTA",2,8:31,36,18
125524,11/12/2025,ARG,ECU,157,ASISTENCIA,LOCAL,10,"CAUMO, JOAQUIN",2,8:31,36,18
125524,11/12/2025,ARG,ECU,158,CANASTA-1P,LOCAL,6,"GOBETTI, BAUTISTA",2,8:31,37,18
125524,11/12/2025,ARG,ECU,159,CAMBIO-JUGADOR-SALE,VISITANTE,32,"COROZO, JEREMY",2,8:31,37,18
125524,11/12/2025,ARG,ECU,160,CAMBIO-JUGADOR-ENTRA,VISITANTE,1,"CEVALLOS, MICHAEL",2,8:31,37,18
125524,11/12/2025,ARG,ECU,161,PERDIDA,VISITANTE,2,"CASTILLO, JUAN",2,8:16,37,18
125524,11/12/2025,ARG,ECU,162,RECUPERACION,LOCAL,15,"MARQUEZ, JUAN",2,8:16,37,18
125524,11/12/2025,ARG,ECU,163,CANASTA-3P,LOCAL,10,"CAUMO, JOAQUIN",2,8:08,40,18
125524,11/12/2025,ARG,ECU,164,ASISTENCIA,LOCAL,15,"MARQUEZ, JUAN",2,8:08,40,18
125524,11/12/2025,ARG,ECU,165,TIRO2-FALLADO,VISITANTE,7,"DAZA, JOSÉ",2,7:43,40,18
125524,11/12/2025,ARG,ECU,166,REBOTE-DEFENSIVO,LOCAL,15,"MARQUEZ, JUAN",2,7:41,40,18
125524,11/12/2025,ARG,ECU,167,CANASTA-2P,LOCAL,6,"GOBETTI, BAUTISTA",2,7:37,42,18
125524,11/12/2025,ARG,ECU,168,CANASTA-2P,VISITANTE,2,"CASTILLO, JUAN",2,7:21,42,20
125524,11/12/2025,ARG,ECU,169,CANASTA-3P,LOCAL,10,"CAUMO, JOAQUIN",2,7:08,45,20
125524,11/12/2025,ARG,ECU,170,CANASTA-3P,VISITANTE,1,"CEVALLOS, MICHAEL",2,6:54,45,23
125524,11/12/2025,ARG,ECU,171,ASISTENCIA,VISITANTE,2,"CASTILLO, JUAN",2,6:54,45,23
125524,11/12/2025,ARG,ECU,172,CANASTA-2P,LOCAL,9,"CELIZ, JOAQUIN",2,6:41,47,23
125524,11/12/2025,ARG,ECU,173,TIRO2-FALLADO,VISITANTE,2,"CASTILLO, JUAN",2,6:21,47,23
125524,11/12/2025,ARG,ECU,174,TAPON-COMETIDO,LOCAL,15,"MARQUEZ, JUAN",2,6:21,47,23
125524,11/12/2025,ARG,ECU,175,REBOTE-OFENSIVO,VISITANTE,,,2,6:21,47,23
125524,11/12/2025,ARG,ECU,176,CAMBIO-JUGADOR-SALE,LOCAL,9,"CELIZ, JOAQUIN",2,6:21,47,23
125524,11/12/2025,ARG,ECU,177,CAMBIO-JUGADOR-ENTRA,LOCAL,12,"FESSIA, MATEO",2,6:21,47,23
125524,11/12/2025,ARG,ECU,178,CAMBIO-JUGADOR-SALE,VISITANTE,33,"REYES, DEIVIS",2,6:21,47,23
125524,11/12/2025,ARG,ECU,179,CAMBIO-JUGADOR-ENTRA,VISITANTE,48,"VARGAS, LHEYDER",2,6:21,47,23
125524,11/12/2025,ARG,ECU,180,CANASTA-3P,VISITANTE,2,"CASTILLO, JUAN",2,6:18,47,26
125524,11/12/2025,ARG,ECU,181,ASISTENCIA,VISITANTE,1,"CEVALLOS, MICHAEL",2,6:18,47,26
125524,11/12/2025,ARG,ECU,182,CANASTA-2P,LOCAL,10,"CAUMO, JOAQUIN",2,5:59,49,26
125524,11/12/2025,ARG,ECU,183,ASISTENCIA,LOCAL,11,"MORAVANSKY, ROMAN",2,5:59,49,26
125524,11/12/2025,ARG,ECU,184,TIRO2-FALLADO,VISITANTE,14,"NOBOA, FELIPE",2,5:46,49,26
125524,11/12/2025,ARG,ECU,185,REBOTE-DEFENSIVO,LOCAL,,,2,5:44,49,26
125524,11/12/2025,ARG,ECU,186,CAMBIO-JUGADOR-SALE,VISITANTE,7,"DAZA, JOSÉ",2,5:44,49,26
125524,11/12/2025,ARG,ECU,187,CAMBIO-JUGADOR-ENTRA,VISITANTE,15,"IBARRA, ISMAEL",2,5:44,49,26
125524,11/12/2025,ARG,ECU,188,CANASTA-3P,LOCAL,10,"CAUMO, JOAQUIN",2,5:35,52,26
125524,11/12/2025,ARG,ECU,189,ASISTENCIA,LOCAL,11,"MORAVANSKY, ROMAN",2,5:35,52,26
125524,11/12/2025,ARG,ECU,190,PERDIDA,VISITANTE,48,"VARGAS, LHEYDER",2,5:20,52,26
125524,11/12/2025,ARG,ECU,191,TIRO3-FALLADO,LOCAL,11,"MORAVANSKY, ROMAN",2,5:08,52,26
125524,11/12/2025,ARG,ECU,192,REBOTE-OFENSIVO,LOCAL,11,"MORAVANSKY, ROMAN",2,5:07,52,26
125524,11/12/2025,ARG,ECU,193,TIRO2-FALLADO,LOCAL,11,"MORAVANSKY, ROMAN",2,5:05,52,26
125524,11/12/2025,ARG,ECU,194,REBOTE-DEFENSIVO,VISITANTE,2,"CASTILLO, JUAN",2,5:02,52,26
125524,11/12/2025,ARG,ECU,195,TIRO3-FALLADO,VISITANTE,2,"CASTILLO, JUAN",2,4:58,52,26
125524,11/12/2025,ARG,ECU,196,REBOTE-DEFENSIVO,LOCAL,11,"MORAVANSKY, ROMAN",2,4:55,52,26
125524,11/12/2025,ARG,ECU,197,PERDIDA,LOCAL,12,"FESSIA, MATEO",2,4:45,52,26
125524,11/12/2025,ARG,ECU,198,RECUPERACION,VISITANTE,14,"NOBOA, FELIPE",2,4:45,52,26
125524,11/12/2025,ARG,ECU,199,PERDIDA,VISITANTE,48,"VARGAS, LHEYDER",2,4:39,52,26
125524,11/12/2025,ARG,ECU,200,RECUPERACION,LOCAL,11,"MORAVANSKY, ROMAN",2,4:39,52,26
125524,11/12/2025,ARG,ECU,201,FALTA-COMETIDA,VISITANTE,15,"IBARRA, ISMAEL",2,4:30,52,26
125524,11/12/2025,ARG,ECU,202,FALTA-RECIBIDA,LOCAL,6,"GOBETTI, BAUTISTA",2,4:30,52,26
125524,11/12/2025,ARG,ECU,203,CAMBIO-JUGADOR-SALE,LOCAL,11,"MORAVANSKY, ROMAN",2,4:30,52,26
125524,11/12/2025,ARG,ECU,204,CAMBIO-JUGADOR-SALE,LOCAL,15,"MARQUEZ, JUAN",2,4:30,52,26
125524,11/12/2025,ARG,ECU,205,CAMBIO-JUGADOR-ENTRA,LOCAL,5,"CORNALIS, FACUNDO",2,4:30,52,26
125524,11/12/2025,ARG,ECU,206,CAMBIO-JUGADOR-ENTRA,LOCAL,7,"TORRENS, ELIAS",2,4:30,52,26
125524,11/12/2025,ARG,ECU,207,CAMBIO-JUGADOR-SALE,VISITANTE,2,"CASTILLO, JUAN",2,4:30,52,26
125524,11/12/2025,ARG,ECU,208,CAMBIO-JUGADOR-ENTRA,VISITANTE,10,"ZAMBRANO, ALHAN",2,4:30,52,26
125524,11/12/2025,ARG,ECU,209,CANASTA-1P,LOCAL,6,"GOBETTI, BAUTISTA",2,4:30,53,26
125524,11/12/2025,ARG,ECU,210,ASISTENCIA,LOCAL,11,"MORAVANSKY, ROMAN",2,4:30,53,26
125524,11/12/2025,ARG,ECU,211,CANASTA-1P,LOCAL,6,"GOBETTI, BAUTISTA",2,4:30,54,26
125524,11/12/2025,ARG,ECU,212,TIRO3-FALLADO,VISITANTE,10,"ZAMBRANO, ALHAN",2,4:06,54,26
125524,11/12/2025,ARG,ECU,213,REBOTE-DEFENSIVO,LOCAL,6,"GOBETTI, BAUTISTA",2,4:01,54,26
125524,11/12/2025,ARG,ECU,214,TIRO3-FALLADO,LOCAL,5,"CORNALIS, FACUNDO",2,3:57,54,26
125524,11/12/2025,ARG,ECU,215,REBOTE-DEFENSIVO,VISITANTE,,,2,3:55,54,26
125524,11/12/2025,ARG,ECU,216,CAMBIO-JUGADOR-SALE,LOCAL,10,"CAUMO, JOAQUIN",2,3:55,54,26
125524,11/12/2025,ARG,ECU,217,CAMBIO-JUGADOR-ENTRA,LOCAL,4,"HERNANDEZ, MANUEL",2,3:55,54,26
125524,11/12/2025,ARG,ECU,218,CAMBIO-JUGADOR-SALE,VISITANTE,48,"VARGAS, LHEYDER",2,3:55,54,26
125524,11/12/2025,ARG,ECU,219,CAMBIO-JUGADOR-ENTRA,VISITANTE,13,"MINA, JAHIR",2,3:55,54,26
125524,11/12/2025,ARG,ECU,220,TIEMPO-MUERTO-SOLICITADO,VISITANTE,,,2,3:55,54,26
125524,11/12/2025,ARG,ECU,221,PERDIDA,VISITANTE,1,"CEVALLOS, MICHAEL",2,3:46,54,26
125524,11/12/2025,ARG,ECU,222,RECUPERACION,LOCAL,7,"TORRENS, ELIAS",2,3:46,54,26
125524,11/12/2025,ARG,ECU,223,TIRO3-FALLADO,LOCAL,6,"GOBETTI, BAUTISTA",2,3:41,54,26
125524,11/12/2025,ARG,ECU,224,REBOTE-OFENSIVO,LOCAL,7,"TORRENS, ELIAS",2,3:37,54,26
125524,11/12/2025,ARG,ECU,225,CANASTA-2P,LOCAL,7,"TORRENS, ELIAS",2,3:34,56,26
125524,11/12/2025,ARG,ECU,226,FALTA-COMETIDA,VISITANTE,15,"IBARRA, ISMAEL",2,3:34,56,26
125524,11/12/2025,ARG,ECU,227,FALTA-RECIBIDA,LOCAL,7,"TORRENS, ELIAS",2,3:34,56,26
125524,11/12/2025,ARG,ECU,228,CANASTA-1P,LOCAL,7,"TORRENS, ELIAS",2,3:34,57,26
125524,11/12/2025,ARG,ECU,229,PERDIDA,VISITANTE,13,"MINA, JAHIR",2,3:18,57,26
125524,11/12/2025,ARG,ECU,230,RECUPERACION,LOCAL,4,"HERNANDEZ, MANUEL",2,3:18,57,26
125524,11/12/2025,ARG,ECU,231,CANASTA-2P,LOCAL,7,"TORRENS, ELIAS",2,3:13,59,26
125524,11/12/2025,ARG,ECU,232,ASISTENCIA,LOCAL,4,"HERNANDEZ, MANUEL",2,3:13,59,26
125524,11/12/2025,ARG,ECU,233,PERDIDA,VISITANTE,15,"IBARRA, ISMAEL",2,2:51,59,26
125524,11/12/2025,ARG,ECU,234,CAMBIO-JUGADOR-SALE,VISITANTE,15,"IBARRA, ISMAEL",2,2:51,59,26
125524,11/12/2025,ARG,ECU,235,CAMBIO-JUGADOR-ENTRA,VISITANTE,32,"COROZO, JEREMY",2,2:51,59,26
125524,11/12/2025,ARG,ECU,236,PERDIDA,LOCAL,12,"FESSIA, MATEO",2,2:29,59,26
125524,11/12/2025,ARG,ECU,237,RECUPERACION,VISITANTE,14,"NOBOA, FELIPE",2,2:29,59,26
125524,11/12/2025,ARG,ECU,238,CAMBIO-JUGADOR-SALE,LOCAL,6,"GOBETTI, BAUTISTA",2,2:23,59,26
125524,11/12/2025,ARG,ECU,239,CAMBIO-JUGADOR-ENTRA,LOCAL,8,"AMAN, GONZALO",2,2:23,59,26
125524,11/12/2025,ARG,ECU,240,CAMBIO-JUGADOR-SALE,VISITANTE,1,"CEVALLOS, MICHAEL",2,2:23,59,26
125524,11/12/2025,ARG,ECU,241,CAMBIO-JUGADOR-ENTRA,VISITANTE,2,"CASTILLO, JUAN",2,2:23,59,26
125524,11/12/2025,ARG,ECU,242,FALTA-COMETIDA,LOCAL,4,"HERNANDEZ, MANUEL",2,2:15,59,26
125524,11/12/2025,ARG,ECU,243,FALTA-RECIBIDA,VISITANTE,13,"MINA, JAHIR",2,2:15,59,26
125524,11/12/2025,ARG,ECU,244,TIRO1-FALLADO,VISITANTE,13,"MINA, JAHIR",2,2:15,59,26
125524,11/12/2025,ARG,ECU,245,CANASTA-1P,VISITANTE,13,"MINA, JAHIR",2,2:15,59,27
125524,11/12/2025,ARG,ECU,246,CAMBIO-JUGADOR-SALE,VISITANTE,10,"ZAMBRANO, ALHAN",2,2:15,59,27
125524,11/12/2025,ARG,ECU,247,CAMBIO-JUGADOR-ENTRA,VISITANTE,23,"QUIÑONEZ, ADAIR",2,2:15,59,27
125524,11/12/2025,ARG,ECU,248,CANASTA-2P,LOCAL,7,"TORRENS, ELIAS",2,2:07,61,27
125524,11/12/2025,ARG,ECU,249,ASISTENCIA,LOCAL,8,"AMAN, GONZALO",2,2:07,61,27
125524,11/12/2025,ARG,ECU,250,TIRO3-FALLADO,VISITANTE,2,"CASTILLO, JUAN",2,1:53,61,27
125524,11/12/2025,ARG,ECU,251,REBOTE-DEFENSIVO,LOCAL,7,"TORRENS, ELIAS",2,1:51,61,27
125524,11/12/2025,ARG,ECU,252,TIRO2-FALLADO,LOCAL,8,"AMAN, GONZALO",2,1:43,61,27
125524,11/12/2025,ARG,ECU,253,REBOTE-OFENSIVO,LOCAL,4,"HERNANDEZ, MANUEL",2,1:41,61,27
125524,11/12/2025,ARG,ECU,254,CANASTA-2P,LOCAL,4,"HERNANDEZ, MANUEL",2,1:40,63,27
125524,11/12/2025,ARG,ECU,255,PERDIDA,VISITANTE,23,"QUIÑONEZ, ADAIR",2,1:27,63,27
125524,11/12/2025,ARG,ECU,256,RECUPERACION,LOCAL,5,"CORNALIS, FACUNDO",2,1:27,63,27
125524,11/12/2025,ARG,ECU,257,TIRO2-FALLADO,LOCAL,4,"HERNANDEZ, MANUEL",2,1:23,63,27
125524,11/12/2025,ARG,ECU,258,REBOTE-OFENSIVO,LOCAL,,,2,1:22,63,27
125524,11/12/2025,ARG,ECU,259,CANASTA-3P,LOCAL,12,"FESSIA, MATEO",2,1:16,66,27
125524,11/12/2025,ARG,ECU,260,ASISTENCIA,LOCAL,7,"TORRENS, ELIAS",2,1:16,66,27
125524,11/12/2025,ARG,ECU,261,CANASTA-3P,VISITANTE,2,"CASTILLO, JUAN",2,0:59,66,30
125524,11/12/2025,ARG,ECU,262,ASISTENCIA,VISITANTE,13,"MINA, JAHIR",2,0:59,66,30
125524,11/12/2025,ARG,ECU,263,TIRO3-FALLADO,LOCAL,8,"AMAN, GONZALO",2,0:40,66,30
125524,11/12/2025,ARG,ECU,264,REBOTE-OFENSIVO,LOCAL,7,"TORRENS, ELIAS",2,0:39,66,30
125524,11/12/2025,ARG,ECU,265,CANASTA-2P,LOCAL,7,"TORRENS, ELIAS",2,0:39,68,30
125524,11/12/2025,ARG,ECU,266,FALTA-COMETIDA,VISITANTE,13,"MINA, JAHIR",2,0:39,68,30
125524,11/12/2025,ARG,ECU,267,FALTA-RECIBIDA,LOCAL,7,"TORRENS, ELIAS",2,0:39,68,30
125524,11/12/2025,ARG,ECU,268,CANASTA-1P,LOCAL,7,"TORRENS, ELIAS",2,0:39,69,30
125524,11/12/2025,ARG,ECU,269,FALTA-COMETIDA,LOCAL,12,"FESSIA, MATEO",2,0:27,69,30
125524,11/12/2025,ARG,ECU,270,FALTA-RECIBIDA,VISITANTE,2,"CASTILLO, JUAN",2,0:27,69,30
125524,11/12/2025,ARG,ECU,271,CANASTA-3P,VISITANTE,2,"CASTILLO, JUAN",2,0:19,69,33
125524,11/12/2025,ARG,ECU,272,CANASTA-2P,LOCAL,5,"CORNALIS, FACUNDO",2,0:02,71,33
125524,11/12/2025,ARG,ECU,273,FINAL-PERIODO,,,,2,0:00,71,33
125524,11/12/2025,ARG,ECU,274,CAMBIO-JUGADOR-SALE,LOCAL,5,"CORNALIS, FACUNDO",3,10:00,71,33
125524,11/12/2025,ARG,ECU,275,CAMBIO-JUGADOR-SALE,LOCAL,7,"TORRENS, ELIAS",3,10:00,71,33
125524,11/12/2025,ARG,ECU,276,CAMBIO-JUGADOR-SALE,LOCAL,12,"FESSIA, MATEO",3,10:00,71,33
125524,11/12/2025,ARG,ECU,277,CAMBIO-JUGADOR-ENTRA,LOCAL,2,"PETTOVELLO, BENJAMIN",3,10:00,71,33
125524,11/12/2025,ARG,ECU,278,CAMBIO-JUGADOR-ENTRA,LOCAL,11,"MORAVANSKY, ROMAN",3,10:00,71,33
125524,11/12/2025,ARG,ECU,279,CAMBIO-JUGADOR-ENTRA,LOCAL,14,"PETTINAROLI, SANTIAGO",3,10:00,71,33
125524,11/12/2025,ARG,ECU,280,CAMBIO-JUGADOR-SALE,VISITANTE,13,"MINA, JAHIR",3,10:00,71,33
125524,11/12/2025,ARG,ECU,281,CAMBIO-JUGADOR-SALE,VISITANTE,32,"COROZO, JEREMY",3,10:00,71,33
125524,11/12/2025,ARG,ECU,282,CAMBIO-JUGADOR-ENTRA,VISITANTE,1,"CEVALLOS, MICHAEL",3,10:00,71,33
125524,11/12/2025,ARG,ECU,283,CAMBIO-JUGADOR-ENTRA,VISITANTE,7,"DAZA, JOSÉ",3,10:00,71,33
125524,11/12/2025,ARG,ECU,284,INICIO-PERIODO,,,,3,10:00,71,33
125524,11/12/2025,ARG,ECU,285,TIRO3-FALLADO,LOCAL,8,"AMAN, GONZALO",3,9:47,71,33
125524,11/12/2025,ARG,ECU,286,REBOTE-DEFENSIVO,VISITANTE,2,"CASTILLO, JUAN",3,9:44,71,33
125524,11/12/2025,ARG,ECU,287,PERDIDA,VISITANTE,2,"CASTILLO, JUAN",3,9:38,71,33
125524,11/12/2025,ARG,ECU,288,RECUPERACION,LOCAL,14,"PETTINAROLI, SANTIAGO",3,9:38,71,33
125524,11/12/2025,ARG,ECU,289,CANASTA-3P,LOCAL,11,"MORAVANSKY, ROMAN",3,9:30,74,33
125524,11/12/2025,ARG,ECU,290,ASISTENCIA,LOCAL,14,"PETTINAROLI, SANTIAGO",3,9:30,74,33
125524,11/12/2025,ARG,ECU,291,PERDIDA,VISITANTE,23,"QUIÑONEZ, ADAIR",3,9:15,74,33
125524,11/12/2025,ARG,ECU,292,TIRO2-FALLADO,LOCAL,11,"MORAVANSKY, ROMAN",3,9:04,74,33
125524,11/12/2025,ARG,ECU,293,REBOTE-DEFENSIVO,VISITANTE,,,3,9:03,74,33
125524,11/12/2025,ARG,ECU,294,FALTA-COMETIDA,LOCAL,14,"PETTINAROLI, SANTIAGO",3,9:03,74,33
125524,11/12/2025,ARG,ECU,295,FALTA-RECIBIDA,VISITANTE,7,"DAZA, JOSÉ",3,9:03,74,33
125524,11/12/2025,ARG,ECU,296,CANASTA-2P,VISITANTE,14,"NOBOA, FELIPE",3,8:50,74,35
125524,11/12/2025,ARG,ECU,297,CANASTA-2P,LOCAL,2,"PETTOVELLO, BENJAMIN",3,8:38,76,35
125524,11/12/2025,ARG,ECU,298,ASISTENCIA,LOCAL,11,"MORAVANSKY, ROMAN",3,8:38,76,35
125524,11/12/2025,ARG,ECU,299,FALTA-COMETIDA,VISITANTE,1,"CEVALLOS, MICHAEL",3,8:38,76,35
125524,11/12/2025,ARG,ECU,300,FALTA-RECIBIDA,LOCAL,2,"PETTOVELLO, BENJAMIN",3,8:38,76,35
125524,11/12/2025,ARG,ECU,301,TIRO1-FALLADO,LOCAL,8,"AMAN, GONZALO",3,8:38,76,35
125524,11/12/2025,ARG,ECU,302,REBOTE-DEFENSIVO,VISITANTE,1,"CEVALLOS, MICHAEL",3,8:38,76,35
125524,11/12/2025,ARG,ECU,303,PERDIDA,VISITANTE,2,"CASTILLO, JUAN",3,8:35,76,35
125524,11/12/2025,ARG,ECU,304,RECUPERACION,LOCAL,4,"HERNANDEZ, MANUEL",3,8:35,76,35
125524,11/12/2025,ARG,ECU,305,TIRO3-FALLADO,LOCAL,14,"PETTINAROLI, SANTIAGO",3,8:29,76,35
125524,11/12/2025,ARG,ECU,306,REBOTE-OFENSIVO,LOCAL,8,"AMAN, GONZALO",3,8:26,76,35
125524,11/12/2025,ARG,ECU,307,TIRO2-FALLADO,LOCAL,4,"HERNANDEZ, MANUEL",3,8:21,76,35
125524,11/12/2025,ARG,ECU,308,REBOTE-DEFENSIVO,VISITANTE,2,"CASTILLO, JUAN",3,8:17,76,35
125524,11/12/2025,ARG,ECU,309,TIRO3-FALLADO,VISITANTE,1,"CEVALLOS, MICHAEL",3,8:07,76,35
125524,11/12/2025,ARG,ECU,310,REBOTE-DEFENSIVO,LOCAL,4,"HERNANDEZ, MANUEL",3,8:03,76,35
125524,11/12/2025,ARG,ECU,311,TIRO2-FALLADO,LOCAL,14,"PETTINAROLI, SANTIAGO",3,7:58,76,35
125524,11/12/2025,ARG,ECU,312,REBOTE-DEFENSIVO,VISITANTE,7,"DAZA, JOSÉ",3,7:56,76,35
125524,11/12/2025,ARG,ECU,313,TIRO2-FALLADO,VISITANTE,1,"CEVALLOS, MICHAEL",3,7:53,76,35
125524,11/12/2025,ARG,ECU,314,REBOTE-DEFENSIVO,LOCAL,4,"HERNANDEZ, MANUEL",3,7:51,76,35
125524,11/12/2025,ARG,ECU,315,CANASTA-2P,LOCAL,8,"AMAN, GONZALO",3,7:33,78,35
125524,11/12/2025,ARG,ECU,316,CANASTA-3P,VISITANTE,14,"NOBOA, FELIPE",3,7:25,78,38
125524,11/12/2025,ARG,ECU,317,ASISTENCIA,VISITANTE,2,"CASTILLO, JUAN",3,7:25,78,38
125524,11/12/2025,ARG,ECU,318,CANASTA-3P,LOCAL,4,"HERNANDEZ, MANUEL",3,7:10,81,38
125524,11/12/2025,ARG,ECU,319,ASISTENCIA,LOCAL,8,"AMAN, GONZALO",3,7:10,81,38
125524,11/12/2025,ARG,ECU,320,TIRO3-FALLADO,VISITANTE,23,"QUIÑONEZ, ADAIR",3,7:03,81,38
125524,11/12/2025,ARG,ECU,321,REBOTE-DEFENSIVO,LOCAL,4,"HERNANDEZ, MANUEL",3,6:59,81,38
125524,11/12/2025,ARG,ECU,322,TIRO3-FALLADO,LOCAL,14,"PETTINAROLI, SANTIAGO",3,6:46,81,38
125524,11/12/2025,ARG,ECU,323,REBOTE-DEFENSIVO,VISITANTE,2,"CASTILLO, JUAN",3,6:43,81,38
125524,11/12/2025,ARG,ECU,324,TIRO2-FALLADO,VISITANTE,23,"QUIÑONEZ, ADAIR",3,6:41,81,38
125524,11/12/2025,ARG,ECU,325,REBOTE-DEFENSIVO,LOCAL,8,"AMAN, GONZALO",3,6:38,81,38
125524,11/12/2025,ARG,ECU,326,PERDIDA,LOCAL,2,"PETTOVELLO, BENJAMIN",3,6:33,81,38
125524,11/12/2025,ARG,ECU,327,RECUPERACION,VISITANTE,14,"NOBOA, FELIPE",3,6:33,81,38
125524,11/12/2025,ARG,ECU,328,TIRO3-FALLADO,VISITANTE,2,"CASTILLO, JUAN",3,6:17,81,38
125524,11/12/2025,ARG,ECU,329,REBOTE-DEFENSIVO,LOCAL,4,"HERNANDEZ, MANUEL",3,6:13,81,38
125524,11/12/2025,ARG,ECU,330,CANASTA-2P,LOCAL,14,"PETTINAROLI, SANTIAGO",3,6:06,83,38
125524,11/12/2025,ARG,ECU,331,ASISTENCIA,LOCAL,2,"PETTOVELLO, BENJAMIN",3,6:06,83,38
125524,11/12/2025,ARG,ECU,332,TIRO2-FALLADO,VISITANTE,14,"NOBOA, FELIPE",3,5:45,83,38
125524,11/12/2025,ARG,ECU,333,TAPON-COMETIDO,LOCAL,2,"PETTOVELLO, BENJAMIN",3,5:45,83,38
125524,11/12/2025,ARG,ECU,334,REBOTE-OFENSIVO,VISITANTE,14,"NOBOA, FELIPE",3,5:39,83,38
125524,11/12/2025,ARG,ECU,335,PERDIDA,VISITANTE,14,"NOBOA, FELIPE",3,5:38,83,38
125524,11/12/2025,ARG,ECU,336,RECUPERACION,LOCAL,8,"AMAN, GONZALO",3,5:38,83,38
125524,11/12/2025,ARG,ECU,337,TIRO3-FALLADO,LOCAL,4,"HERNANDEZ, MANUEL",3,5:30,83,38
125524,11/12/2025,ARG,ECU,338,REBOTE-OFENSIVO,LOCAL,,,3,5:29,83,38
125524,11/12/2025,ARG,ECU,339,CAMBIO-JUGADOR-SALE,VISITANTE,7,"DAZA, JOSÉ",3,5:29,83,38
125524,11/12/2025,ARG,ECU,340,CAMBIO-JUGADOR-SALE,VISITANTE,23,"QUIÑONEZ, ADAIR",3,5:29,83,38
125524,11/12/2025,ARG,ECU,341,CAMBIO-JUGADOR-ENTRA,VISITANTE,15,"IBARRA, ISMAEL",3,5:29,83,38
125524,11/12/2025,ARG,ECU,342,CAMBIO-JUGADOR-ENTRA,VISITANTE,32,"COROZO, JEREMY",3,5:29,83,38
125524,11/12/2025,ARG,ECU,343,PERDIDA,LOCAL,2,"PETTOVELLO, BENJAMIN",3,5:24,83,38
125524,11/12/2025,ARG,ECU,344,CAMBIO-JUGADOR-SALE,LOCAL,8,"AMAN, GONZALO",3,5:24,83,38
125524,11/12/2025,ARG,ECU,345,CAMBIO-JUGADOR-ENTRA,LOCAL,12,"FESSIA, MATEO",3,5:24,83,38
125524,11/12/2025,ARG,ECU,346,PERDIDA,VISITANTE,14,"NOBOA, FELIPE",3,5:22,83,38
125524,11/12/2025,ARG,ECU,347,CAMBIO-JUGADOR-SALE,VISITANTE,2,"CASTILLO, JUAN",3,5:22,83,38
125524,11/12/2025,ARG,ECU,348,CAMBIO-JUGADOR-ENTRA,VISITANTE,10,"ZAMBRANO, ALHAN",3,5:22,83,38
125524,11/12/2025,ARG,ECU,349,TIRO2-FALLADO,LOCAL,14,"PETTINAROLI, SANTIAGO",3,5:14,83,38
125524,11/12/2025,ARG,ECU,350,TAPON-COMETIDO,VISITANTE,15,"IBARRA, ISMAEL",3,5:14,83,38
125524,11/12/2025,ARG,ECU,351,REBOTE-DEFENSIVO,VISITANTE,1,"CEVALLOS, MICHAEL",3,5:09,83,38
125524,11/12/2025,ARG,ECU,352,PERDIDA,VISITANTE,10,"ZAMBRANO, ALHAN",3,5:07,83,38
125524,11/12/2025,ARG,ECU,353,CANASTA-3P,LOCAL,14,"PETTINAROLI, SANTIAGO",3,4:53,86,38
125524,11/12/2025,ARG,ECU,354,ASISTENCIA,LOCAL,11,"MORAVANSKY, ROMAN",3,4:53,86,38
125524,11/12/2025,ARG,ECU,355,TIRO3-FALLADO,VISITANTE,14,"NOBOA, FELIPE",3,4:37,86,38
125524,11/12/2025,ARG,ECU,356,REBOTE-DEFENSIVO,LOCAL,14,"PETTINAROLI, SANTIAGO",3,4:34,86,38
125524,11/12/2025,ARG,ECU,357,CANASTA-3P,LOCAL,4,"HERNANDEZ, MANUEL",3,4:31,89,38
125524,11/12/2025,ARG,ECU,358,ASISTENCIA,LOCAL,11,"MORAVANSKY, ROMAN",3,4:31,89,38
125524,11/12/2025,ARG,ECU,359,TIRO3-FALLADO,VISITANTE,32,"COROZO, JEREMY",3,4:11,89,38
125524,11/12/2025,ARG,ECU,360,REBOTE-DEFENSIVO,LOCAL,12,"FESSIA, MATEO",3,4:08,89,38
125524,11/12/2025,ARG,ECU,361,TIRO3-FALLADO,LOCAL,4,"HERNANDEZ, MANUEL",3,4:02,89,38
125524,11/12/2025,ARG,ECU,362,REBOTE-DEFENSIVO,VISITANTE,15,"IBARRA, ISMAEL",3,4:00,89,38
125524,11/12/2025,ARG,ECU,363,TIRO2-FALLADO,VISITANTE,10,"ZAMBRANO, ALHAN",3,3:39,89,38
125524,11/12/2025,ARG,ECU,364,REBOTE-DEFENSIVO,LOCAL,2,"PETTOVELLO, BENJAMIN",3,3:37,89,38
125524,11/12/2025,ARG,ECU,365,CANASTA-2P,LOCAL,11,"MORAVANSKY, ROMAN",3,3:35,91,38
125524,11/12/2025,ARG,ECU,366,ASISTENCIA,LOCAL,4,"HERNANDEZ, MANUEL",3,3:35,91,38
125524,11/12/2025,ARG,ECU,367,TIRO2-FALLADO,VISITANTE,14,"NOBOA, FELIPE",3,3:16,91,38
125524,11/12/2025,ARG,ECU,368,REBOTE-DEFENSIVO,LOCAL,2,"PETTOVELLO, BENJAMIN",3,3:13,91,38
125524,11/12/2025,ARG,ECU,369,CANASTA-3P,LOCAL,14,"PETTINAROLI, SANTIAGO",3,3:06,94,38
125524,11/12/2025,ARG,ECU,370,ASISTENCIA,LOCAL,11,"MORAVANSKY, ROMAN",3,3:06,94,38
125524,11/12/2025,ARG,ECU,371,PERDIDA,VISITANTE,1,"CEVALLOS, MICHAEL",3,2:53,94,38
125524,11/12/2025,ARG,ECU,372,RECUPERACION,LOCAL,4,"HERNANDEZ, MANUEL",3,2:53,94,38
125524,11/12/2025,ARG,ECU,373,FALTA-COMETIDA,VISITANTE,1,"CEVALLOS, MICHAEL",3,2:51,94,38
125524,11/12/2025,ARG,ECU,374,FALTA-RECIBIDA,LOCAL,4,"HERNANDEZ, MANUEL",3,2:51,94,38
125524,11/12/2025,ARG,ECU,375,CAMBIO-JUGADOR-SALE,LOCAL,2,"PETTOVELLO, BENJAMIN",3,2:51,94,38
125524,11/12/2025,ARG,ECU,376,CAMBIO-JUGADOR-SALE,LOCAL,14,"PETTINAROLI, SANTIAGO",3,2:51,94,38
125524,11/12/2025,ARG,ECU,377,CAMBIO-JUGADOR-ENTRA,LOCAL,6,"GOBETTI, BAUTISTA",3,2:51,94,38
125524,11/12/2025,ARG,ECU,378,CAMBIO-JUGADOR-ENTRA,LOCAL,15,"MARQUEZ, JUAN",3,2:51,94,38
125524,11/12/2025,ARG,ECU,379,CAMBIO-JUGADOR-SALE,VISITANTE,1,"CEVALLOS, MICHAEL",3,2:51,94,38
125524,11/12/2025,ARG,ECU,380,CAMBIO-JUGADOR-SALE,VISITANTE,14,"NOBOA, FELIPE",3,2:51,94,38
125524,11/12/2025,ARG,ECU,381,CAMBIO-JUGADOR-ENTRA,VISITANTE,13,"MINA, JAHIR",3,2:51,94,38
125524,11/12/2025,ARG,ECU,382,CAMBIO-JUGADOR-ENTRA,VISITANTE,48,"VARGAS, LHEYDER",3,2:51,94,38
125524,11/12/2025,ARG,ECU,383,TIRO1-FALLADO,LOCAL,4,"HERNANDEZ, MANUEL",3,2:51,94,38
125524,11/12/2025,ARG,ECU,384,TIRO1-FALLADO,LOCAL,4,"HERNANDEZ, MANUEL",3,2:51,94,38
125524,11/12/2025,ARG,ECU,385,REBOTE-DEFENSIVO,VISITANTE,32,"COROZO, JEREMY",3,2:51,94,38
125524,11/12/2025,ARG,ECU,386,TIEMPO-MUERTO-SOLICITADO,VISITANTE,,,3,2:27,94,38
125524,11/12/2025,ARG,ECU,387,CAMBIO-JUGADOR-SALE,LOCAL,4,"HERNANDEZ, MANUEL",3,2:27,94,38
125524,11/12/2025,ARG,ECU,388,CAMBIO-JUGADOR-ENTRA,LOCAL,10,"CAUMO, JOAQUIN",3,2:27,94,38
125524,11/12/2025,ARG,ECU,389,TIRO2-FALLADO,LOCAL,12,"FESSIA, MATEO",3,2:05,94,38
125524,11/12/2025,ARG,ECU,390,TAPON-COMETIDO,VISITANTE,15,"IBARRA, ISMAEL",3,2:05,94,38
125524,11/12/2025,ARG,ECU,391,REBOTE-OFENSIVO,LOCAL,,,3,2:05,94,38
125524,11/12/2025,ARG,ECU,392,TIRO3-FALLADO,LOCAL,6,"GOBETTI, BAUTISTA",3,2:02,94,38
125524,11/12/2025,ARG,ECU,393,TIEMPO-MUERTO-SOLICITADO,LOCAL,,,3,2:00,94,38
125524,11/12/2025,ARG,ECU,394,PERDIDA,VISITANTE,32,"COROZO, JEREMY",3,1:36,94,38
125524,11/12/2025,ARG,ECU,395,RECUPERACION,LOCAL,11,"MORAVANSKY, ROMAN",3,1:36,94,38
125524,11/12/2025,ARG,ECU,396,CANASTA-2P,LOCAL,10,"CAUMO, JOAQUIN",3,1:32,96,38
125524,11/12/2025,ARG,ECU,397,ASISTENCIA,LOCAL,11,"MORAVANSKY, ROMAN",3,1:32,96,38
125524,11/12/2025,ARG,ECU,398,CAMBIO-JUGADOR-SALE,LOCAL,11,"MORAVANSKY, ROMAN",3,1:25,96,38
125524,11/12/2025,ARG,ECU,399,CAMBIO-JUGADOR-ENTRA,LOCAL,5,"CORNALIS, FACUNDO",3,1:25,96,38
125524,11/12/2025,ARG,ECU,400,CAMBIO-JUGADOR-SALE,VISITANTE,15,"IBARRA, ISMAEL",3,1:25,96,38
125524,11/12/2025,ARG,ECU,401,CAMBIO-JUGADOR-ENTRA,VISITANTE,7,"DAZA, JOSÉ",3,1:25,96,38
125524,11/12/2025,ARG,ECU,402,TIEMPO-MUERTO-SOLICITADO,VISITANTE,,,3,1:25,96,38
125524,11/12/2025,ARG,ECU,403,TIRO2-FALLADO,VISITANTE,13,"MINA, JAHIR",3,1:10,96,38
125524,11/12/2025,ARG,ECU,404,REBOTE-DEFENSIVO,LOCAL,6,"GOBETTI, BAUTISTA",3,1:07,96,38
125524,11/12/2025,ARG,ECU,405,FALTA-COMETIDA,VISITANTE,48,"VARGAS, LHEYDER",3,1:01,96,38
125524,11/12/2025,ARG,ECU,406,FALTA-RECIBIDA,LOCAL,6,"GOBETTI, BAUTISTA",3,1:01,96,38
125524,11/12/2025,ARG,ECU,407,TIRO1-FALLADO,LOCAL,6,"GOBETTI, BAUTISTA",3,1:01,96,38
125524,11/12/2025,ARG,ECU,408,TIRO1-FALLADO,LOCAL,6,"GOBETTI, BAUTISTA",3,1:01,96,38
125524,11/12/2025,ARG,ECU,409,REBOTE-OFENSIVO,LOCAL,15,"MARQUEZ, JUAN",3,1:01,96,38
125524,11/12/2025,ARG,ECU,410,TIRO2-FALLADO,LOCAL,15,"MARQUEZ, JUAN",3,1:00,96,38
125524,11/12/2025,ARG,ECU,411,REBOTE-OFENSIVO,LOCAL,15,"MARQUEZ, JUAN",3,0:58,96,38
125524,11/12/2025,ARG,ECU,412,TIRO2-FALLADO,LOCAL,15,"MARQUEZ, JUAN",3,0:57,96,38
125524,11/12/2025,ARG,ECU,413,REBOTE-DEFENSIVO,VISITANTE,32,"COROZO, JEREMY",3,0:55,96,38
125524,11/12/2025,ARG,ECU,414,TIRO3-FALLADO,VISITANTE,48,"VARGAS, LHEYDER",3,0:49,96,38
125524,11/12/2025,ARG,ECU,415,REBOTE-DEFENSIVO,LOCAL,6,"GOBETTI, BAUTISTA",3,0:46,96,38
125524,11/12/2025,ARG,ECU,416,TIRO3-FALLADO,LOCAL,5,"CORNALIS, FACUNDO",3,0:30,96,38
125524,11/12/2025,ARG,ECU,417,REBOTE-OFENSIVO,LOCAL,15,"MARQUEZ, JUAN",3,0:27,96,38
125524,11/12/2025,ARG,ECU,418,CANASTA-2P,LOCAL,15,"MARQUEZ, JUAN",3,0:27,98,38
125524,11/12/2025,ARG,ECU,419,FINAL-PERIODO,,,,3,0:00,98,38
125524,11/12/2025,ARG,ECU,420,INICIO-PERIODO,,,,4,10:00,98,38
125524,11/12/2025,ARG,ECU,421,PERDIDA,VISITANTE,10,"ZAMBRANO, ALHAN",4,9:50,98,38
125524,11/12/2025,ARG,ECU,422,RECUPERACION,LOCAL,10,"CAUMO, JOAQUIN",4,9:50,98,38
125524,11/12/2025,ARG,ECU,423,CANASTA-2P,LOCAL,15,"MARQUEZ, JUAN",4,9:46,100,38
125524,11/12/2025,ARG,ECU,424,ASISTENCIA,LOCAL,10,"CAUMO, JOAQUIN",4,9:46,100,38
125524,11/12/2025,ARG,ECU,425,PERDIDA,VISITANTE,7,"DAZA, JOSÉ",4,9:40,100,38
125524,11/12/2025,ARG,ECU,426,CANASTA-3P,LOCAL,12,"FESSIA, MATEO",4,9:22,103,38
125524,11/12/2025,ARG,ECU,427,ASISTENCIA,LOCAL,6,"GOBETTI, BAUTISTA",4,9:22,103,38
125524,11/12/2025,ARG,ECU,428,TIRO2-FALLADO,VISITANTE,7,"DAZA, JOSÉ",4,9:07,103,38
125524,11/12/2025,ARG,ECU,429,REBOTE-DEFENSIVO,LOCAL,12,"FESSIA, MATEO",4,9:04,103,38
125524,11/12/2025,ARG,ECU,430,TIRO3-FALLADO,LOCAL,5,"CORNALIS, FACUNDO",4,8:54,103,38
125524,11/12/2025,ARG,ECU,431,REBOTE-DEFENSIVO,VISITANTE,32,"COROZO, JEREMY",4,8:50,103,38
125524,11/12/2025,ARG,ECU,432,TIRO3-FALLADO,VISITANTE,13,"MINA, JAHIR",4,8:42,103,38
125524,11/12/2025,ARG,ECU,433,REBOTE-DEFENSIVO,LOCAL,15,"MARQUEZ, JUAN",4,8:39,103,38
125524,11/12/2025,ARG,ECU,434,PERDIDA,LOCAL,10,"CAUMO, JOAQUIN",4,8:37,103,38
125524,11/12/2025,ARG,ECU,435,RECUPERACION,VISITANTE,7,"DAZA, JOSÉ",4,8:37,103,38
125524,11/12/2025,ARG,ECU,436,TIRO3-FALLADO,VISITANTE,48,"VARGAS, LHEYDER",4,8:28,103,38
125524,11/12/2025,ARG,ECU,437,REBOTE-DEFENSIVO,LOCAL,12,"FESSIA, MATEO",4,8:25,103,38
125524,11/12/2025,ARG,ECU,438,FALTA-COMETIDA,VISITANTE,48,"VARGAS, LHEYDER",4,8:22,103,38
125524,11/12/2025,ARG,ECU,439,FALTA-RECIBIDA,LOCAL,12,"FESSIA, MATEO",4,8:22,103,38
125524,11/12/2025,ARG,ECU,440,CAMBIO-JUGADOR-SALE,LOCAL,10,"CAUMO, JOAQUIN",4,8:22,103,38
125524,11/12/2025,ARG,ECU,441,CAMBIO-JUGADOR-ENTRA,LOCAL,9,"CELIZ, JOAQUIN",4,8:22,103,38
125524,11/12/2025,ARG,ECU,442,CAMBIO-JUGADOR-SALE,VISITANTE,7,"DAZA, JOSÉ",4,8:22,103,38
125524,11/12/2025,ARG,ECU,443,CAMBIO-JUGADOR-SALE,VISITANTE,13,"MINA, JAHIR",4,8:22,103,38
125524,11/12/2025,ARG,ECU,444,CAMBIO-JUGADOR-ENTRA,VISITANTE,12,"MANJARRES, RODRIGO",4,8:22,103,38
125524,11/12/2025,ARG,ECU,445,CAMBIO-JUGADOR-ENTRA,VISITANTE,15,"IBARRA, ISMAEL",4,8:22,103,38
125524,11/12/2025,ARG,ECU,446,TIRO1-FALLADO,LOCAL,12,"FESSIA, MATEO",4,8:22,103,38
125524,11/12/2025,ARG,ECU,447,CANASTA-1P,LOCAL,12,"FESSIA, MATEO",4,8:22,104,38
125524,11/12/2025,ARG,ECU,448,TIEMPO-MUERTO-SOLICITADO,VISITANTE,,,4,7:58,104,38
125524,11/12/2025,ARG,ECU,449,CAMBIO-JUGADOR-SALE,VISITANTE,10,"ZAMBRANO, ALHAN",4,7:58,104,38
125524,11/12/2025,ARG,ECU,450,CAMBIO-JUGADOR-ENTRA,VISITANTE,2,"CASTILLO, JUAN",4,7:58,104,38
125524,11/12/2025,ARG,ECU,451,CANASTA-3P,LOCAL,6,"GOBETTI, BAUTISTA",4,7:45,107,38
125524,11/12/2025,ARG,ECU,452,ASISTENCIA,LOCAL,15,"MARQUEZ, JUAN",4,7:45,107,38
125524,11/12/2025,ARG,ECU,453,TIRO3-FALLADO,VISITANTE,32,"COROZO, JEREMY",4,7:30,107,38
125524,11/12/2025,ARG,ECU,454,REBOTE-DEFENSIVO,LOCAL,12,"FESSIA, MATEO",4,7:26,107,38
125524,11/12/2025,ARG,ECU,455,CANASTA-3P,LOCAL,9,"CELIZ, JOAQUIN",4,7:21,110,38
125524,11/12/2025,ARG,ECU,456,ASISTENCIA,LOCAL,12,"FESSIA, MATEO",4,7:21,110,38
125524,11/12/2025,ARG,ECU,457,CANASTA-2P,VISITANTE,48,"VARGAS, LHEYDER",4,7:04,110,40
125524,11/12/2025,ARG,ECU,458,ASISTENCIA,VISITANTE,2,"CASTILLO, JUAN",4,7:04,110,40
125524,11/12/2025,ARG,ECU,459,TIRO2-FALLADO,LOCAL,6,"GOBETTI, BAUTISTA",4,6:44,110,40
125524,11/12/2025,ARG,ECU,460,REBOTE-DEFENSIVO,VISITANTE,15,"IBARRA, ISMAEL",4,6:42,110,40
125524,11/12/2025,ARG,ECU,461,TIRO3-FALLADO,VISITANTE,48,"VARGAS, LHEYDER",4,6:26,110,40
125524,11/12/2025,ARG,ECU,462,REBOTE-DEFENSIVO,LOCAL,12,"FESSIA, MATEO",4,6:23,110,40
125524,11/12/2025,ARG,ECU,463,CANASTA-2P,LOCAL,9,"CELIZ, JOAQUIN",4,6:17,112,40
125524,11/12/2025,ARG,ECU,464,FALTA-COMETIDA,LOCAL,15,"MARQUEZ, JUAN",4,6:10,112,40
125524,11/12/2025,ARG,ECU,465,FALTA-RECIBIDA,VISITANTE,2,"CASTILLO, JUAN",4,6:10,112,40
125524,11/12/2025,ARG,ECU,466,CAMBIO-JUGADOR-SALE,LOCAL,5,"CORNALIS, FACUNDO",4,6:10,112,40
125524,11/12/2025,ARG,ECU,467,CAMBIO-JUGADOR-ENTRA,LOCAL,7,"TORRENS, ELIAS",4,6:10,112,40
125524,11/12/2025,ARG,ECU,468,CAMBIO-JUGADOR-SALE,VISITANTE,32,"COROZO, JEREMY",4,6:10,112,40
125524,11/12/2025,ARG,ECU,469,CAMBIO-JUGADOR-SALE,VISITANTE,48,"VARGAS, LHEYDER",4,6:10,112,40
125524,11/12/2025,ARG,ECU,470,CAMBIO-JUGADOR-ENTRA,VISITANTE,23,"QUIÑONEZ, ADAIR",4,6:10,112,40
125524,11/12/2025,ARG,ECU,471,CAMBIO-JUGADOR-ENTRA,VISITANTE,33,"REYES, DEIVIS",4,6:10,112,40
125524,11/12/2025,ARG,ECU,472,TIRO3-FALLADO,VISITANTE,2,"CASTILLO, JUAN",4,5:58,112,40
125524,11/12/2025,ARG,ECU,473,REBOTE-DEFENSIVO,LOCAL,9,"CELIZ, JOAQUIN",4,5:56,112,40
125524,11/12/2025,ARG,ECU,474,CANASTA-2P,LOCAL,7,"TORRENS, ELIAS",4,5:53,114,40
125524,11/12/2025,ARG,ECU,475,ASISTENCIA,LOCAL,9,"CELIZ, JOAQUIN",4,5:53,114,40
125524,11/12/2025,ARG,ECU,476,FALTA-COMETIDA,VISITANTE,15,"IBARRA, ISMAEL",4,5:53,114,40
125524,11/12/2025,ARG,ECU,477,FALTA-RECIBIDA,LOCAL,7,"TORRENS, ELIAS",4,5:53,114,40
125524,11/12/2025,ARG,ECU,478,CANASTA-1P,LOCAL,7,"TORRENS, ELIAS",4,5:53,115,40
125524,11/12/2025,ARG,ECU,479,PERDIDA,VISITANTE,2,"CASTILLO, JUAN",4,5:45,115,40
125524,11/12/2025,ARG,ECU,480,RECUPERACION,LOCAL,12,"FESSIA, MATEO",4,5:45,115,40
125524,11/12/2025,ARG,ECU,481,TIRO2-FALLADO,LOCAL,6,"GOBETTI, BAUTISTA",4,5:38,115,40
125524,11/12/2025,ARG,ECU,482,REBOTE-DEFENSIVO,VISITANTE,,,4,5:36,115,40
125524,11/12/2025,ARG,ECU,483,TIRO3-FALLADO,VISITANTE,33,"REYES, DEIVIS",4,5:23,115,40
125524,11/12/2025,ARG,ECU,484,REBOTE-DEFENSIVO,LOCAL,12,"FESSIA, MATEO",4,5:20,115,40
125524,11/12/2025,ARG,ECU,485,TIRO2-FALLADO,LOCAL,9,"CELIZ, JOAQUIN",4,5:06,115,40
125524,11/12/2025,ARG,ECU,486,REBOTE-DEFENSIVO,VISITANTE,23,"QUIÑONEZ, ADAIR",4,5:01,115,40
125524,11/12/2025,ARG,ECU,487,TIRO2-FALLADO,VISITANTE,12,"MANJARRES, RODRIGO",4,4:45,115,40
125524,11/12/2025,ARG,ECU,488,REBOTE-DEFENSIVO,LOCAL,15,"MARQUEZ, JUAN",4,4:42,115,40
125524,11/12/2025,ARG,ECU,489,CANASTA-2P,LOCAL,7,"TORRENS, ELIAS",4,4:32,117,40
125524,11/12/2025,ARG,ECU,490,TIRO3-FALLADO,VISITANTE,2,"CASTILLO, JUAN",4,4:18,117,40
125524,11/12/2025,ARG,ECU,491,REBOTE-DEFENSIVO,LOCAL,12,"FESSIA, MATEO",4,4:10,117,40
125524,11/12/2025,ARG,ECU,492,CANASTA-3P,LOCAL,9,"CELIZ, JOAQUIN",4,4:06,120,40
125524,11/12/2025,ARG,ECU,493,PERDIDA,VISITANTE,23,"QUIÑONEZ, ADAIR",4,3:49,120,40
125524,11/12/2025,ARG,ECU,494,RECUPERACION,LOCAL,9,"CELIZ, JOAQUIN",4,3:49,120,40
125524,11/12/2025,ARG,ECU,495,PERDIDA,LOCAL,9,"CELIZ, JOAQUIN",4,3:43,120,40
125524,11/12/2025,ARG,ECU,496,CAMBIO-JUGADOR-SALE,VISITANTE,15,"IBARRA, ISMAEL",4,3:43,120,40
125524,11/12/2025,ARG,ECU,497,CAMBIO-JUGADOR-ENTRA,VISITANTE,7,"DAZA, JOSÉ",4,3:43,120,40
125524,11/12/2025,ARG,ECU,498,TIRO2-FALLADO,VISITANTE,33,"REYES, DEIVIS",4,3:24,120,40
125524,11/12/2025,ARG,ECU,499,REBOTE-DEFENSIVO,LOCAL,15,"MARQUEZ, JUAN",4,3:22,120,40
125524,11/12/2025,ARG,ECU,500,PERDIDA,LOCAL,12,"FESSIA, MATEO",4,3:18,120,40
125524,11/12/2025,ARG,ECU,501,RECUPERACION,VISITANTE,33,"REYES, DEIVIS",4,3:18,120,40
125524,11/12/2025,ARG,ECU,502,TIRO2-FALLADO,VISITANTE,33,"REYES, DEIVIS",4,3:14,120,40
125524,11/12/2025,ARG,ECU,503,REBOTE-DEFENSIVO,LOCAL,9,"CELIZ, JOAQUIN",4,3:12,120,40
125524,11/12/2025,ARG,ECU,504,CANASTA-2P,LOCAL,7,"TORRENS, ELIAS",4,3:08,122,40
125524,11/12/2025,ARG,ECU,505,ASISTENCIA,LOCAL,9,"CELIZ, JOAQUIN",4,3:08,122,40
125524,11/12/2025,ARG,ECU,506,TIRO2-FALLADO,VISITANTE,2,"CASTILLO, JUAN",4,2:54,122,40
125524,11/12/2025,ARG,ECU,507,TAPON-COMETIDO,LOCAL,7,"TORRENS, ELIAS",4,2:54,122,40
125524,11/12/2025,ARG,ECU,508,REBOTE-OFENSIVO,VISITANTE,,,4,2:54,122,40
125524,11/12/2025,ARG,ECU,509,TIRO2-FALLADO,VISITANTE,7,"DAZA, JOSÉ",4,2:47,122,40
125524,11/12/2025,ARG,ECU,510,REBOTE-DEFENSIVO,LOCAL,15,"MARQUEZ, JUAN",4,2:45,122,40
125524,11/12/2025,ARG,ECU,511,TIRO2-FALLADO,LOCAL,9,"CELIZ, JOAQUIN",4,2:39,122,40
125524,11/12/2025,ARG,ECU,512,REBOTE-OFENSIVO,LOCAL,7,"TORRENS, ELIAS",4,2:36,122,40
125524,11/12/2025,ARG,ECU,513,CANASTA-2P,LOCAL,7,"TORRENS, ELIAS",4,2:36,124,40
125524,11/12/2025,ARG,ECU,514,PERDIDA,VISITANTE,33,"REYES, DEIVIS",4,2:26,124,40
125524,11/12/2025,ARG,ECU,515,RECUPERACION,LOCAL,9,"CELIZ, JOAQUIN",4,2:26,124,40
125524,11/12/2025,ARG,ECU,516,TIRO2-FALLADO,LOCAL,6,"GOBETTI, BAUTISTA",4,2:21,124,40
125524,11/12/2025,ARG,ECU,517,TAPON-COMETIDO,VISITANTE,23,"QUIÑONEZ, ADAIR",4,2:21,124,40
125524,11/12/2025,ARG,ECU,518,REBOTE-DEFENSIVO,VISITANTE,2,"CASTILLO, JUAN",4,2:13,124,40
125524,11/12/2025,ARG,ECU,519,PERDIDA,VISITANTE,2,"CASTILLO, JUAN",4,2:08,124,40
125524,11/12/2025,ARG,ECU,520,RECUPERACION,LOCAL,15,"MARQUEZ, JUAN",4,2:08,124,40
125524,11/12/2025,ARG,ECU,521,CANASTA-2P,LOCAL,9,"CELIZ, JOAQUIN",4,2:02,126,40
125524,11/12/2025,ARG,ECU,522,CANASTA-2P,VISITANTE,7,"DAZA, JOSÉ",4,1:42,126,42
125524,11/12/2025,ARG,ECU,523,ASISTENCIA,VISITANTE,12,"MANJARRES, RODRIGO",4,1:42,126,42
125524,11/12/2025,ARG,ECU,524,TIRO3-FALLADO,LOCAL,12,"FESSIA, MATEO",4,1:24,126,42
125524,11/12/2025,ARG,ECU,525,REBOTE-DEFENSIVO,VISITANTE,7,"DAZA, JOSÉ",4,1:21,126,42
125524,11/12/2025,ARG,ECU,526,FALTA-COMETIDA,LOCAL,12,"FESSIA, MATEO",4,1:19,126,42
125524,11/12/2025,ARG,ECU,527,FALTA-RECIBIDA,VISITANTE,23,"QUIÑONEZ, ADAIR",4,1:19,126,42
125524,11/12/2025,ARG,ECU,528,CANASTA-1P,VISITANTE,23,"QUIÑONEZ, ADAIR",4,1:19,126,43
125524,11/12/2025,ARG,ECU,529,TIRO1-FALLADO,VISITANTE,23,"QUIÑONEZ, ADAIR",4,1:19,126,43
125524,11/12/2025,ARG,ECU,530,REBOTE-OFENSIVO,VISITANTE,,,4,1:18,126,43
125524,11/12/2025,ARG,ECU,531,TIRO3-FALLADO,VISITANTE,33,"REYES, DEIVIS",4,1:15,126,43
125524,11/12/2025,ARG,ECU,532,REBOTE-DEFENSIVO,LOCAL,6,"GOBETTI, BAUTISTA",4,1:11,126,43
125524,11/12/2025,ARG,ECU,533,TIRO2-FALLADO,LOCAL,7,"TORRENS, ELIAS",4,1:07,126,43
125524,11/12/2025,ARG,ECU,534,REBOTE-DEFENSIVO,VISITANTE,7,"DAZA, JOSÉ",4,1:04,126,43
125524,11/12/2025,ARG,ECU,535,TIRO2-FALLADO,VISITANTE,23,"QUIÑONEZ, ADAIR",4,1:01,126,43
125524,11/12/2025,ARG,ECU,536,REBOTE-DEFENSIVO,LOCAL,7,"TORRENS, ELIAS",4,0:58,126,43
125524,11/12/2025,ARG,ECU,537,TIRO2-FALLADO,LOCAL,6,"GOBETTI, BAUTISTA",4,0:48,126,43
125524,11/12/2025,ARG,ECU,538,TAPON-COMETIDO,VISITANTE,12,"MANJARRES, RODRIGO",4,0:48,126,43
125524,11/12/2025,ARG,ECU,539,REBOTE-OFENSIVO,LOCAL,,,4,0:48,126,43
125524,11/12/2025,ARG,ECU,540,FALTA-COMETIDA,VISITANTE,33,"REYES, DEIVIS",4,0:42,126,43
125524,11/12/2025,ARG,ECU,541,FALTA-RECIBIDA,LOCAL,9,"CELIZ, JOAQUIN",4,0:42,126,43
125524,11/12/2025,ARG,ECU,542,TIRO3-FALLADO,LOCAL,9,"CELIZ, JOAQUIN",4,0:37,126,43
125524,11/12/2025,ARG,ECU,543,REBOTE-DEFENSIVO,VISITANTE,23,"QUIÑONEZ, ADAIR",4,0:34,126,43
125524,11/12/2025,ARG,ECU,544,TIRO2-FALLADO,VISITANTE,33,"REYES, DEIVIS",4,0:26,126,43
125524,11/12/2025,ARG,ECU,545,TAPON-COMETIDO,LOCAL,12,"FESSIA, MATEO",4,0:26,126,43
125524,11/12/2025,ARG,ECU,546,REBOTE-DEFENSIVO,LOCAL,,,4,0:25,126,43
125524,11/12/2025,ARG,ECU,547,FINAL-PERIODO,,,,4,0:00,126,43
125524,11/12/2025,ARG,ECU,548,FINAL-PARTIDO,,,,4,0:00,126,43
125525,12/12/2025,URU,ECU,0,INICIO-PARTIDO,,,,1,10:00,0,0
125525,12/12/2025,URU,ECU,1,INICIO-PERIODO,,,,1,10:00,0,0
125525,12/12/2025,URU,ECU,2,CAMBIO-JUGADOR-ENTRA,LOCAL,5,"IZUIBEJERES, FACUNDO",1,10:00,0,0
125525,12/12/2025,URU,ECU,3,CAMBIO-JUGADOR-ENTRA,LOCAL,10,"GOMEZ, LAUTARO",1,10:00,0,0
125525,12/12/2025,URU,ECU,4,CAMBIO-JUGADOR-ENTRA,LOCAL,11,"TESTA, NICOLAS",1,10:00,0,0
125525,12/12/2025,URU,ECU,5,CAMBIO-JUGADOR-ENTRA,LOCAL,19,"FATA, GABRIEL",1,10:00,0,0
125525,12/12/2025,URU,ECU,6,CAMBIO-JUGADOR-ENTRA,LOCAL,22,"OROZCO, LUCAS",1,10:00,0,0
125525,12/12/2025,URU,ECU,7,CAMBIO-JUGADOR-ENTRA,VISITANTE,1,"CEVALLOS, MICHAEL",1,10:00,0,0
125525,12/12/2025,URU,ECU,8,CAMBIO-JUGADOR-ENTRA,VISITANTE,2,"CASTILLO, JUAN",1,10:00,0,0
125525,12/12/2025,URU,ECU,9,CAMBIO-JUGADOR-ENTRA,VISITANTE,14,"NOBOA, FELIPE",1,10:00,0,0
125525,12/12/2025,URU,ECU,10,CAMBIO-JUGADOR-ENTRA,VISITANTE,23,"QUIÑONEZ, ADAIR",1,10:00,0,0
125525,12/12/2025,URU,ECU,11,CAMBIO-JUGADOR-ENTRA,VISITANTE,32,"COROZO, JEREMY",1,10:00,0,0
125525,12/12/2025,URU,ECU,12,JUMP-BALL,,,,1,10:00,0,0
125525,12/12/2025,URU,ECU,13,JUMP-BALL,LOCAL,11,"TESTA, NICOLAS",1,9:59,0,0
125525,12/12/2025,URU,ECU,14,JUMP-BALL,VISITANTE,32,"COROZO, JEREMY",1,9:59,0,0
125525,12/12/2025,URU,ECU,15,PERDIDA,LOCAL,22,"OROZCO, LUCAS",1,9:46,0,0
125525,12/12/2025,URU,ECU,16,RECUPERACION,VISITANTE,32,"COROZO, JEREMY",1,9:46,0,0
125525,12/12/2025,URU,ECU,17,CANASTA-3P,VISITANTE,1,"CEVALLOS, MICHAEL",1,9:26,0,3
125525,12/12/2025,URU,ECU,18,ASISTENCIA,VISITANTE,2,"CASTILLO, JUAN",1,9:26,0,3
125525,12/12/2025,URU,ECU,19,CANASTA-3P,LOCAL,11,"TESTA, NICOLAS",1,9:00,3,3
125525,12/12/2025,URU,ECU,20,ASISTENCIA,LOCAL,19,"FATA, GABRIEL",1,9:00,3,3
125525,12/12/2025,URU,ECU,21,TIRO3-FALLADO,VISITANTE,2,"CASTILLO, JUAN",1,8:36,3,3
125525,12/12/2025,URU,ECU,22,REBOTE-OFENSIVO,VISITANTE,14,"NOBOA, FELIPE",1,8:31,3,3
125525,12/12/2025,URU,ECU,23,TIRO2-FALLADO,VISITANTE,14,"NOBOA, FELIPE",1,8:29,3,3
125525,12/12/2025,URU,ECU,24,REBOTE-OFENSIVO,VISITANTE,23,"QUIÑONEZ, ADAIR",1,8:26,3,3
125525,12/12/2025,URU,ECU,25,TIRO2-FALLADO,VISITANTE,23,"QUIÑONEZ, ADAIR",1,8:25,3,3
125525,12/12/2025,URU,ECU,26,REBOTE-DEFENSIVO,LOCAL,10,"GOMEZ, LAUTARO",1,8:20,3,3
125525,12/12/2025,URU,ECU,27,FALTA-COMETIDA,VISITANTE,1,"CEVALLOS, MICHAEL",1,8:19,3,3
125525,12/12/2025,URU,ECU,28,FALTA-RECIBIDA,LOCAL,19,"FATA, GABRIEL",1,8:19,3,3
125525,12/12/2025,URU,ECU,29,TIRO1-FALLADO,LOCAL,19,"FATA, GABRIEL",1,8:19,3,3
125525,12/12/2025,URU,ECU,30,CANASTA-1P,LOCAL,19,"FATA, GABRIEL",1,8:19,4,3
125525,12/12/2025,URU,ECU,31,TIRO2-FALLADO,VISITANTE,14,"NOBOA, FELIPE",1,8:04,4,3
125525,12/12/2025,URU,ECU,32,REBOTE-OFENSIVO,VISITANTE,1,"CEVALLOS, MICHAEL",1,8:01,4,3
125525,12/12/2025,URU,ECU,33,TIRO3-FALLADO,VISITANTE,1,"CEVALLOS, MICHAEL",1,7:52,4,3
125525,12/12/2025,URU,ECU,34,TAPON-COMETIDO,LOCAL,11,"TESTA, NICOLAS",1,7:52,4,3
125525,12/12/2025,URU,ECU,35,REBOTE-DEFENSIVO,LOCAL,19,"FATA, GABRIEL",1,7:46,4,3
125525,12/12/2025,URU,ECU,36,TIRO2-FALLADO,LOCAL,19,"FATA, GABRIEL",1,7:46,4,3
125525,12/12/2025,URU,ECU,37,TAPON-COMETIDO,VISITANTE,32,"COROZO, JEREMY",1,7:46,4,3
125525,12/12/2025,URU,ECU,38,REBOTE-OFENSIVO,LOCAL,10,"GOMEZ, LAUTARO",1,7:40,4,3
125525,12/12/2025,URU,ECU,39,CANASTA-2P,LOCAL,10,"GOMEZ, LAUTARO",1,7:39,6,3
125525,12/12/2025,URU,ECU,40,PERDIDA,VISITANTE,2,"CASTILLO, JUAN",1,7:35,6,3
125525,12/12/2025,URU,ECU,41,PERDIDA,LOCAL,11,"TESTA, NICOLAS",1,7:18,6,3
125525,12/12/2025,URU,ECU,42,RECUPERACION,VISITANTE,14,"NOBOA, FELIPE",1,7:18,6,3
125525,12/12/2025,URU,ECU,43,PERDIDA,VISITANTE,14,"NOBOA, FELIPE",1,7:15,6,3
125525,12/12/2025,URU,ECU,44,TIRO2-FALLADO,LOCAL,10,"GOMEZ, LAUTARO",1,6:58,6,3
125525,12/12/2025,URU,ECU,45,REBOTE-DEFENSIVO,VISITANTE,1,"CEVALLOS, MICHAEL",1,6:54,6,3
125525,12/12/2025,URU,ECU,46,PERDIDA,VISITANTE,23,"QUIÑONEZ, ADAIR",1,6:40,6,3
125525,12/12/2025,URU,ECU,47,RECUPERACION,LOCAL,22,"OROZCO, LUCAS",1,6:40,6,3
125525,12/12/2025,URU,ECU,48,TIRO3-FALLADO,LOCAL,19,"FATA, GABRIEL",1,6:30,6,3
125525,12/12/2025,URU,ECU,49,REBOTE-DEFENSIVO,VISITANTE,,,1,6:27,6,3
125525,12/12/2025,URU,ECU,50,TIEMPO-MUERTO-SOLICITADO,VISITANTE,,,1,6:27,6,3
125525,12/12/2025,URU,ECU,51,TIRO3-FALLADO,VISITANTE,2,"CASTILLO, JUAN",1,6:11,6,3
125525,12/12/2025,URU,ECU,52,REBOTE-DEFENSIVO,LOCAL,22,"OROZCO, LUCAS",1,6:07,6,3
125525,12/12/2025,URU,ECU,53,TIRO2-FALLADO,LOCAL,22,"OROZCO, LUCAS",1,6:03,6,3
125525,12/12/2025,URU,ECU,54,REBOTE-DEFENSIVO,VISITANTE,1,"CEVALLOS, MICHAEL",1,6:00,6,3
125525,12/12/2025,URU,ECU,55,TIRO2-FALLADO,VISITANTE,2,"CASTILLO, JUAN",1,5:40,6,3
125525,12/12/2025,URU,ECU,56,REBOTE-OFENSIVO,VISITANTE,23,"QUIÑONEZ, ADAIR",1,5:38,6,3
125525,12/12/2025,URU,ECU,57,CANASTA-3P,VISITANTE,14,"NOBOA, FELIPE",1,5:33,6,6
125525,12/12/2025,URU,ECU,58,ASISTENCIA,VISITANTE,1,"CEVALLOS, MICHAEL",1,5:33,6,6
125525,12/12/2025,URU,ECU,59,TIRO3-FALLADO,LOCAL,19,"FATA, GABRIEL",1,5:12,6,6
125525,12/12/2025,URU,ECU,60,REBOTE-DEFENSIVO,VISITANTE,14,"NOBOA, FELIPE",1,5:07,6,6
125525,12/12/2025,URU,ECU,61,TIRO3-FALLADO,VISITANTE,23,"QUIÑONEZ, ADAIR",1,5:00,6,6
125525,12/12/2025,URU,ECU,62,REBOTE-DEFENSIVO,LOCAL,19,"FATA, GABRIEL",1,4:57,6,6
125525,12/12/2025,URU,ECU,63,CANASTA-3P,LOCAL,11,"TESTA, NICOLAS",1,4:52,9,6
125525,12/12/2025,URU,ECU,64,ASISTENCIA,LOCAL,19,"FATA, GABRIEL",1,4:52,9,6
125525,12/12/2025,URU,ECU,65,PERDIDA,VISITANTE,32,"COROZO, JEREMY",1,4:30,9,6
125525,12/12/2025,URU,ECU,66,RECUPERACION,LOCAL,22,"OROZCO, LUCAS",1,4:30,9,6
125525,12/12/2025,URU,ECU,67,TIRO2-FALLADO,LOCAL,5,"IZUIBEJERES, FACUNDO",1,4:25,9,6
125525,12/12/2025,URU,ECU,68,REBOTE-DEFENSIVO,VISITANTE,32,"COROZO, JEREMY",1,4:21,9,6
125525,12/12/2025,URU,ECU,69,TIRO3-FALLADO,VISITANTE,14,"NOBOA, FELIPE",1,4:16,9,6
125525,12/12/2025,URU,ECU,70,REBOTE-DEFENSIVO,LOCAL,5,"IZUIBEJERES, FACUNDO",1,4:13,9,6
125525,12/12/2025,URU,ECU,71,TIRO3-FALLADO,LOCAL,11,"TESTA, NICOLAS",1,4:06,9,6
125525,12/12/2025,URU,ECU,72,REBOTE-OFENSIVO,LOCAL,22,"OROZCO, LUCAS",1,4:01,9,6
125525,12/12/2025,URU,ECU,73,FALTA-COMETIDA,VISITANTE,23,"QUIÑONEZ, ADAIR",1,3:57,9,6
125525,12/12/2025,URU,ECU,74,FALTA-RECIBIDA,LOCAL,5,"IZUIBEJERES, FACUNDO",1,3:57,9,6
125525,12/12/2025,URU,ECU,75,CAMBIO-JUGADOR-SALE,LOCAL,19,"FATA, GABRIEL",1,3:57,9,6
125525,12/12/2025,URU,ECU,76,CAMBIO-JUGADOR-ENTRA,LOCAL,4,"PASTRANA, MANUEL",1,3:57,9,6
125525,12/12/2025,URU,ECU,77,CAMBIO-JUGADOR-SALE,VISITANTE,2,"CASTILLO, JUAN",1,3:57,9,6
125525,12/12/2025,URU,ECU,78,CAMBIO-JUGADOR-ENTRA,VISITANTE,10,"ZAMBRANO, ALHAN",1,3:57,9,6
125525,12/12/2025,URU,ECU,79,TIRO3-FALLADO,LOCAL,22,"OROZCO, LUCAS",1,3:51,9,6
125525,12/12/2025,URU,ECU,80,REBOTE-DEFENSIVO,VISITANTE,32,"COROZO, JEREMY",1,3:46,9,6
125525,12/12/2025,URU,ECU,81,CANASTA-2P,VISITANTE,32,"COROZO, JEREMY",1,3:33,9,8
125525,12/12/2025,URU,ECU,82,ASISTENCIA,VISITANTE,10,"ZAMBRANO, ALHAN",1,3:33,9,8
125525,12/12/2025,URU,ECU,83,CANASTA-2P,LOCAL,11,"TESTA, NICOLAS",1,3:14,11,8
125525,12/12/2025,URU,ECU,84,ASISTENCIA,LOCAL,5,"IZUIBEJERES, FACUNDO",1,3:14,11,8
125525,12/12/2025,URU,ECU,85,PERDIDA,VISITANTE,14,"NOBOA, FELIPE",1,2:57,11,8
125525,12/12/2025,URU,ECU,86,RECUPERACION,LOCAL,11,"TESTA, NICOLAS",1,2:57,11,8
125525,12/12/2025,URU,ECU,87,TIRO2-FALLADO,LOCAL,4,"PASTRANA, MANUEL",1,2:48,11,8
125525,12/12/2025,URU,ECU,88,REBOTE-OFENSIVO,LOCAL,10,"GOMEZ, LAUTARO",1,2:45,11,8
125525,12/12/2025,URU,ECU,89,TIRO2-FALLADO,LOCAL,10,"GOMEZ, LAUTARO",1,2:45,11,8
125525,12/12/2025,URU,ECU,90,REBOTE-OFENSIVO,LOCAL,,,1,2:45,11,8
125525,12/12/2025,URU,ECU,91,FALTA-COMETIDA,VISITANTE,32,"COROZO, JEREMY",1,2:45,11,8
125525,12/12/2025,URU,ECU,92,FALTA-RECIBIDA,LOCAL,10,"GOMEZ, LAUTARO",1,2:45,11,8
125525,12/12/2025,URU,ECU,93,CAMBIO-JUGADOR-SALE,LOCAL,5,"IZUIBEJERES, FACUNDO",1,2:45,11,8
125525,12/12/2025,URU,ECU,94,CAMBIO-JUGADOR-ENTRA,LOCAL,8,"CRUZ, FEDERICO",1,2:45,11,8
125525,12/12/2025,URU,ECU,95,CAMBIO-JUGADOR-SALE,VISITANTE,1,"CEVALLOS, MICHAEL",1,2:45,11,8
125525,12/12/2025,URU,ECU,96,CAMBIO-JUGADOR-SALE,VISITANTE,32,"COROZO, JEREMY",1,2:45,11,8
125525,12/12/2025,URU,ECU,97,CAMBIO-JUGADOR-ENTRA,VISITANTE,7,"DAZA, JOSÉ",1,2:45,11,8
125525,12/12/2025,URU,ECU,98,CAMBIO-JUGADOR-ENTRA,VISITANTE,33,"REYES, DEIVIS",1,2:45,11,8
125525,12/12/2025,URU,ECU,99,CANASTA-1P,LOCAL,10,"GOMEZ, LAUTARO",1,2:45,12,8
125525,12/12/2025,URU,ECU,100,CANASTA-1P,LOCAL,10,"GOMEZ, LAUTARO",1,2:45,13,8
125525,12/12/2025,URU,ECU,101,TIRO3-FALLADO,VISITANTE,10,"ZAMBRANO, ALHAN",1,2:25,13,8
125525,12/12/2025,URU,ECU,102,REBOTE-DEFENSIVO,LOCAL,4,"PASTRANA, MANUEL",1,2:20,13,8
125525,12/12/2025,URU,ECU,103,VTR,LOCAL,,,1,2:19,13,8
125525,12/12/2025,URU,ECU,104,TIRO3-FALLADO,LOCAL,22,"OROZCO, LUCAS",1,2:05,13,8
125525,12/12/2025,URU,ECU,105,REBOTE-DEFENSIVO,VISITANTE,10,"ZAMBRANO, ALHAN",1,2:01,13,8
125525,12/12/2025,URU,ECU,106,PERDIDA,VISITANTE,10,"ZAMBRANO, ALHAN",1,1:50,13,8
125525,12/12/2025,URU,ECU,107,CAMBIO-JUGADOR-SALE,LOCAL,10,"GOMEZ, LAUTARO",1,1:50,13,8
125525,12/12/2025,URU,ECU,108,CAMBIO-JUGADOR-SALE,LOCAL,11,"TESTA, NICOLAS",1,1:50,13,8
125525,12/12/2025,URU,ECU,109,CAMBIO-JUGADOR-ENTRA,LOCAL,13,"RAMÍREZ, VALENTINO",1,1:50,13,8
125525,12/12/2025,URU,ECU,110,CAMBIO-JUGADOR-ENTRA,LOCAL,19,"FATA, GABRIEL",1,1:50,13,8
125525,12/12/2025,URU,ECU,111,CANASTA-3P,LOCAL,4,"PASTRANA, MANUEL",1,1:35,16,8
125525,12/12/2025,URU,ECU,112,ASISTENCIA,LOCAL,22,"OROZCO, LUCAS",1,1:35,16,8
125525,12/12/2025,URU,ECU,113,CAMBIO-JUGADOR-SALE,VISITANTE,10,"ZAMBRANO, ALHAN",1,1:28,16,8
125525,12/12/2025,URU,ECU,114,CAMBIO-JUGADOR-SALE,VISITANTE,14,"NOBOA, FELIPE",1,1:28,16,8
125525,12/12/2025,URU,ECU,115,CAMBIO-JUGADOR-ENTRA,VISITANTE,2,"CASTILLO, JUAN",1,1:28,16,8
125525,12/12/2025,URU,ECU,116,CAMBIO-JUGADOR-ENTRA,VISITANTE,48,"VARGAS, LHEYDER",1,1:28,16,8
125525,12/12/2025,URU,ECU,117,TIRO3-FALLADO,VISITANTE,33,"REYES, DEIVIS",1,1:15,16,8
125525,12/12/2025,URU,ECU,118,REBOTE-DEFENSIVO,LOCAL,,,1,1:09,16,8
125525,12/12/2025,URU,ECU,119,CAMBIO-JUGADOR-SALE,LOCAL,22,"OROZCO, LUCAS",1,1:09,16,8
125525,12/12/2025,URU,ECU,120,CAMBIO-JUGADOR-ENTRA,LOCAL,21,"MICHAELSSON, THIAGO",1,1:09,16,8
125525,12/12/2025,URU,ECU,121,CANASTA-2P,LOCAL,19,"FATA, GABRIEL",1,0:55,18,8
125525,12/12/2025,URU,ECU,122,ASISTENCIA,LOCAL,13,"RAMÍREZ, VALENTINO",1,0:55,18,8
125525,12/12/2025,URU,ECU,123,PERDIDA,VISITANTE,48,"VARGAS, LHEYDER",1,0:46,18,8
125525,12/12/2025,URU,ECU,124,RECUPERACION,LOCAL,4,"PASTRANA, MANUEL",1,0:46,18,8
125525,12/12/2025,URU,ECU,125,TIRO2-FALLADO,LOCAL,21,"MICHAELSSON, THIAGO",1,0:42,18,8
125525,12/12/2025,URU,ECU,126,TAPON-COMETIDO,VISITANTE,23,"QUIÑONEZ, ADAIR",1,0:42,18,8
125525,12/12/2025,URU,ECU,127,REBOTE-DEFENSIVO,VISITANTE,23,"QUIÑONEZ, ADAIR",1,0:42,18,8
125525,12/12/2025,URU,ECU,128,PERDIDA,VISITANTE,2,"CASTILLO, JUAN",1,0:31,18,8
125525,12/12/2025,URU,ECU,129,RECUPERACION,LOCAL,4,"PASTRANA, MANUEL",1,0:31,18,8
125525,12/12/2025,URU,ECU,130,CANASTA-3P,LOCAL,4,"PASTRANA, MANUEL",1,0:16,21,8
125525,12/12/2025,URU,ECU,131,ASISTENCIA,LOCAL,21,"MICHAELSSON, THIAGO",1,0:16,21,8
125525,12/12/2025,URU,ECU,132,TIRO3-FALLADO,VISITANTE,2,"CASTILLO, JUAN",1,0:01,21,8
125525,12/12/2025,URU,ECU,133,FINAL-PERIODO,,,,1,0:00,21,8
125525,12/12/2025,URU,ECU,134,CAMBIO-JUGADOR-SALE,VISITANTE,7,"DAZA, JOSÉ",2,10:00,21,8
125525,12/12/2025,URU,ECU,135,CAMBIO-JUGADOR-SALE,VISITANTE,23,"QUIÑONEZ, ADAIR",2,10:00,21,8
125525,12/12/2025,URU,ECU,136,CAMBIO-JUGADOR-SALE,VISITANTE,33,"REYES, DEIVIS",2,10:00,21,8
125525,12/12/2025,URU,ECU,137,CAMBIO-JUGADOR-SALE,VISITANTE,48,"VARGAS, LHEYDER",2,10:00,21,8
125525,12/12/2025,URU,ECU,138,CAMBIO-JUGADOR-ENTRA,VISITANTE,1,"CEVALLOS, MICHAEL",2,10:00,21,8
125525,12/12/2025,URU,ECU,139,CAMBIO-JUGADOR-ENTRA,VISITANTE,14,"NOBOA, FELIPE",2,10:00,21,8
125525,12/12/2025,URU,ECU,140,CAMBIO-JUGADOR-ENTRA,VISITANTE,15,"IBARRA, ISMAEL",2,10:00,21,8
125525,12/12/2025,URU,ECU,141,CAMBIO-JUGADOR-ENTRA,VISITANTE,32,"COROZO, JEREMY",2,10:00,21,8
125525,12/12/2025,URU,ECU,142,INICIO-PERIODO,,,,2,10:00,21,8
125525,12/12/2025,URU,ECU,143,PERDIDA,VISITANTE,15,"IBARRA, ISMAEL",2,9:53,21,8
125525,12/12/2025,URU,ECU,144,TIRO2-FALLADO,LOCAL,8,"CRUZ, FEDERICO",2,9:43,21,8
125525,12/12/2025,URU,ECU,145,REBOTE-DEFENSIVO,VISITANTE,2,"CASTILLO, JUAN",2,9:41,21,8
125525,12/12/2025,URU,ECU,146,CANASTA-2P,VISITANTE,14,"NOBOA, FELIPE",2,9:37,21,10
125525,12/12/2025,URU,ECU,147,ASISTENCIA,VISITANTE,2,"CASTILLO, JUAN",2,9:37,21,10
125525,12/12/2025,URU,ECU,148,CANASTA-3P,LOCAL,4,"PASTRANA, MANUEL",2,9:14,24,10
125525,12/12/2025,URU,ECU,149,ASISTENCIA,LOCAL,8,"CRUZ, FEDERICO",2,9:14,24,10
125525,12/12/2025,URU,ECU,150,CANASTA-2P,VISITANTE,1,"CEVALLOS, MICHAEL",2,9:00,24,12
125525,12/12/2025,URU,ECU,151,PERDIDA,LOCAL,19,"FATA, GABRIEL",2,8:45,24,12
125525,12/12/2025,URU,ECU,152,RECUPERACION,VISITANTE,1,"CEVALLOS, MICHAEL",2,8:45,24,12
125525,12/12/2025,URU,ECU,153,PERDIDA,VISITANTE,15,"IBARRA, ISMAEL",2,8:36,24,12
125525,12/12/2025,URU,ECU,154,TIRO3-FALLADO,LOCAL,4,"PASTRANA, MANUEL",2,8:25,24,12
125525,12/12/2025,URU,ECU,155,REBOTE-OFENSIVO,LOCAL,21,"MICHAELSSON, THIAGO",2,8:22,24,12
125525,12/12/2025,URU,ECU,156,TIRO2-FALLADO,LOCAL,21,"MICHAELSSON, THIAGO",2,8:21,24,12
125525,12/12/2025,URU,ECU,157,REBOTE-OFENSIVO,LOCAL,13,"RAMÍREZ, VALENTINO",2,8:19,24,12
125525,12/12/2025,URU,ECU,158,PERDIDA,LOCAL,13,"RAMÍREZ, VALENTINO",2,8:19,24,12
125525,12/12/2025,URU,ECU,159,PERDIDA,VISITANTE,2,"CASTILLO, JUAN",2,8:11,24,12
125525,12/12/2025,URU,ECU,160,RECUPERACION,LOCAL,4,"PASTRANA, MANUEL",2,8:11,24,12
125525,12/12/2025,URU,ECU,161,CANASTA-2P,LOCAL,4,"PASTRANA, MANUEL",2,8:05,26,12
125525,12/12/2025,URU,ECU,162,TIRO3-FALLADO,VISITANTE,2,"CASTILLO, JUAN",2,7:44,26,12
125525,12/12/2025,URU,ECU,163,REBOTE-DEFENSIVO,LOCAL,8,"CRUZ, FEDERICO",2,7:39,26,12
125525,12/12/2025,URU,ECU,164,PERDIDA,LOCAL,4,"PASTRANA, MANUEL",2,7:24,26,12
125525,12/12/2025,URU,ECU,165,CAMBIO-JUGADOR-SALE,LOCAL,4,"PASTRANA, MANUEL",2,7:24,26,12
125525,12/12/2025,URU,ECU,166,CAMBIO-JUGADOR-ENTRA,LOCAL,0,"ABAL, TOMAS",2,7:24,26,12
125525,12/12/2025,URU,ECU,167,PERDIDA,VISITANTE,32,"COROZO, JEREMY",2,7:01,26,12
125525,12/12/2025,URU,ECU,168,RECUPERACION,LOCAL,8,"CRUZ, FEDERICO",2,7:01,26,12
125525,12/12/2025,URU,ECU,169,CANASTA-2P,LOCAL,8,"CRUZ, FEDERICO",2,6:55,28,12
125525,12/12/2025,URU,ECU,170,CAMBIO-JUGADOR-SALE,VISITANTE,15,"IBARRA, ISMAEL",2,6:47,28,12
125525,12/12/2025,URU,ECU,171,CAMBIO-JUGADOR-ENTRA,VISITANTE,7,"DAZA, JOSÉ",2,6:47,28,12
125525,12/12/2025,URU,ECU,172,TIRO3-FALLADO,VISITANTE,2,"CASTILLO, JUAN",2,6:43,28,12
125525,12/12/2025,URU,ECU,173,REBOTE-OFENSIVO,VISITANTE,1,"CEVALLOS, MICHAEL",2,6:40,28,12
125525,12/12/2025,URU,ECU,174,TIRO3-FALLADO,VISITANTE,14,"NOBOA, FELIPE",2,6:27,28,12
125525,12/12/2025,URU,ECU,175,TIEMPO-MUERTO-SOLICITADO,VISITANTE,,,2,6:25,28,12
125525,12/12/2025,URU,ECU,176,CAMBIO-JUGADOR-SALE,VISITANTE,32,"COROZO, JEREMY",2,6:21,28,12
125525,12/12/2025,URU,ECU,177,CAMBIO-JUGADOR-ENTRA,VISITANTE,23,"QUIÑONEZ, ADAIR",2,6:21,28,12
125525,12/12/2025,URU,ECU,178,CANASTA-3P,LOCAL,0,"ABAL, TOMAS",2,6:15,31,12
125525,12/12/2025,URU,ECU,179,ASISTENCIA,LOCAL,8,"CRUZ, FEDERICO",2,6:15,31,12
125525,12/12/2025,URU,ECU,180,FALTA-COMETIDA,LOCAL,0,"ABAL, TOMAS",2,6:07,31,12
125525,12/12/2025,URU,ECU,181,FALTA-RECIBIDA,VISITANTE,23,"QUIÑONEZ, ADAIR",2,6:07,31,12
125525,12/12/2025,URU,ECU,182,CANASTA-1P,VISITANTE,23,"QUIÑONEZ, ADAIR",2,6:07,31,13
125525,12/12/2025,URU,ECU,183,TIRO1-FALLADO,VISITANTE,23,"QUIÑONEZ, ADAIR",2,6:07,31,13
125525,12/12/2025,URU,ECU,184,REBOTE-OFENSIVO,VISITANTE,7,"DAZA, JOSÉ",2,6:07,31,13
125525,12/12/2025,URU,ECU,185,CAMBIO-JUGADOR-SALE,LOCAL,13,"RAMÍREZ, VALENTINO",2,6:07,31,13
125525,12/12/2025,URU,ECU,186,CAMBIO-JUGADOR-SALE,LOCAL,19,"FATA, GABRIEL",2,6:07,31,13
125525,12/12/2025,URU,ECU,187,CAMBIO-JUGADOR-ENTRA,LOCAL,15,"VENET, GABRIEL",2,6:07,31,13
125525,12/12/2025,URU,ECU,188,CAMBIO-JUGADOR-ENTRA,LOCAL,29,"GUZZETTI, JUAN",2,6:07,31,13
125525,12/12/2025,URU,ECU,189,CAMBIO-JUGADOR-SALE,VISITANTE,2,"CASTILLO, JUAN",2,6:07,31,13
125525,12/12/2025,URU,ECU,190,CAMBIO-JUGADOR-ENTRA,VISITANTE,10,"ZAMBRANO, ALHAN",2,6:07,31,13
125525,12/12/2025,URU,ECU,191,CANASTA-2P,VISITANTE,7,"DAZA, JOSÉ",2,6:07,31,15
125525,12/12/2025,URU,ECU,192,CANASTA-2P,LOCAL,8,"CRUZ, FEDERICO",2,5:54,33,15
125525,12/12/2025,URU,ECU,193,TIRO3-FALLADO,VISITANTE,1,"CEVALLOS, MICHAEL",2,5:43,33,15
125525,12/12/2025,URU,ECU,194,REBOTE-DEFENSIVO,LOCAL,29,"GUZZETTI, JUAN",2,5:40,33,15
125525,12/12/2025,URU,ECU,195,JUMP-BALL,LOCAL,,,2,5:40,33,15
125525,12/12/2025,URU,ECU,196,FALTA-COMETIDA,VISITANTE,7,"DAZA, JOSÉ",2,5:21,33,15
125525,12/12/2025,URU,ECU,197,FALTA-RECIBIDA,LOCAL,15,"VENET, GABRIEL",2,5:21,33,15
125525,12/12/2025,URU,ECU,198,CAMBIO-JUGADOR-SALE,LOCAL,8,"CRUZ, FEDERICO",2,5:21,33,15
125525,12/12/2025,URU,ECU,199,CAMBIO-JUGADOR-SALE,LOCAL,21,"MICHAELSSON, THIAGO",2,5:21,33,15
125525,12/12/2025,URU,ECU,200,CAMBIO-JUGADOR-ENTRA,LOCAL,11,"TESTA, NICOLAS",2,5:21,33,15
125525,12/12/2025,URU,ECU,201,CAMBIO-JUGADOR-ENTRA,LOCAL,22,"OROZCO, LUCAS",2,5:21,33,15
125525,12/12/2025,URU,ECU,202,PERDIDA,LOCAL,0,"ABAL, TOMAS",2,5:11,33,15
125525,12/12/2025,URU,ECU,203,CAMBIO-JUGADOR-SALE,VISITANTE,1,"CEVALLOS, MICHAEL",2,5:07,33,15
125525,12/12/2025,URU,ECU,204,CAMBIO-JUGADOR-ENTRA,VISITANTE,13,"MINA, JAHIR",2,5:07,33,15
125525,12/12/2025,URU,ECU,205,PERDIDA,VISITANTE,10,"ZAMBRANO, ALHAN",2,4:59,33,15
125525,12/12/2025,URU,ECU,206,CANASTA-3P,LOCAL,0,"ABAL, TOMAS",2,4:49,36,15
125525,12/12/2025,URU,ECU,207,ASISTENCIA,LOCAL,22,"OROZCO, LUCAS",2,4:49,36,15
125525,12/12/2025,URU,ECU,208,PERDIDA,VISITANTE,10,"ZAMBRANO, ALHAN",2,4:35,36,15
125525,12/12/2025,URU,ECU,209,CANASTA-2P,LOCAL,22,"OROZCO, LUCAS",2,4:22,38,15
125525,12/12/2025,URU,ECU,210,ASISTENCIA,LOCAL,15,"VENET, GABRIEL",2,4:22,38,15
125525,12/12/2025,URU,ECU,211,TIEMPO-MUERTO-SOLICITADO,VISITANTE,,,2,4:19,38,15
125525,12/12/2025,URU,ECU,212,CAMBIO-JUGADOR-SALE,VISITANTE,14,"NOBOA, FELIPE",2,4:19,38,15
125525,12/12/2025,URU,ECU,213,CAMBIO-JUGADOR-ENTRA,VISITANTE,12,"MANJARRES, RODRIGO",2,4:19,38,15
125525,12/12/2025,URU,ECU,214,PERDIDA,VISITANTE,23,"QUIÑONEZ, ADAIR",2,3:58,38,15
125525,12/12/2025,URU,ECU,215,CANASTA-2P,LOCAL,15,"VENET, GABRIEL",2,3:41,40,15
125525,12/12/2025,URU,ECU,216,FALTA-COMETIDA,LOCAL,11,"TESTA, NICOLAS",2,3:21,40,15
125525,12/12/2025,URU,ECU,217,FALTA-RECIBIDA,VISITANTE,12,"MANJARRES, RODRIGO",2,3:21,40,15
125525,12/12/2025,URU,ECU,218,CAMBIO-JUGADOR-SALE,LOCAL,11,"TESTA, NICOLAS",2,3:21,40,15
125525,12/12/2025,URU,ECU,219,CAMBIO-JUGADOR-ENTRA,LOCAL,10,"GOMEZ, LAUTARO",2,3:21,40,15
125525,12/12/2025,URU,ECU,220,CANASTA-1P,VISITANTE,12,"MANJARRES, RODRIGO",2,3:21,40,16
125525,12/12/2025,URU,ECU,221,CANASTA-1P,VISITANTE,12,"MANJARRES, RODRIGO",2,3:21,40,17
125525,12/12/2025,URU,ECU,222,TIRO2-FALLADO,LOCAL,29,"GUZZETTI, JUAN",2,3:05,40,17
125525,12/12/2025,URU,ECU,223,REBOTE-DEFENSIVO,VISITANTE,13,"MINA, JAHIR",2,3:03,40,17
125525,12/12/2025,URU,ECU,224,TIRO2-FALLADO,VISITANTE,23,"QUIÑONEZ, ADAIR",2,2:47,40,17
125525,12/12/2025,URU,ECU,225,REBOTE-OFENSIVO,VISITANTE,7,"DAZA, JOSÉ",2,2:44,40,17
125525,12/12/2025,URU,ECU,226,TIRO2-FALLADO,VISITANTE,7,"DAZA, JOSÉ",2,2:42,40,17
125525,12/12/2025,URU,ECU,227,REBOTE-OFENSIVO,VISITANTE,23,"QUIÑONEZ, ADAIR",2,2:42,40,17
125525,12/12/2025,URU,ECU,228,FALTA-COMETIDA,LOCAL,0,"ABAL, TOMAS",2,2:42,40,17
125525,12/12/2025,URU,ECU,229,FALTA-RECIBIDA,VISITANTE,23,"QUIÑONEZ, ADAIR",2,2:42,40,17
125525,12/12/2025,URU,ECU,230,CANASTA-1P,VISITANTE,23,"QUIÑONEZ, ADAIR",2,2:42,40,18
125525,12/12/2025,URU,ECU,231,CANASTA-1P,VISITANTE,23,"QUIÑONEZ, ADAIR",2,2:42,40,19
125525,12/12/2025,URU,ECU,232,FALTA-COMETIDA,VISITANTE,23,"QUIÑONEZ, ADAIR",2,2:29,40,19
125525,12/12/2025,URU,ECU,233,FALTA-RECIBIDA,LOCAL,15,"VENET, GABRIEL",2,2:29,40,19
125525,12/12/2025,URU,ECU,234,TIRO3-FALLADO,LOCAL,15,"VENET, GABRIEL",2,2:17,40,19
125525,12/12/2025,URU,ECU,235,REBOTE-DEFENSIVO,VISITANTE,7,"DAZA, JOSÉ",2,2:13,40,19
125525,12/12/2025,URU,ECU,236,FALTA-COMETIDA,LOCAL,29,"GUZZETTI, JUAN",2,2:13,40,19
125525,12/12/2025,URU,ECU,237,FALTA-RECIBIDA,VISITANTE,7,"DAZA, JOSÉ",2,2:13,40,19
125525,12/12/2025,URU,ECU,238,TIRO2-FALLADO,VISITANTE,13,"MINA, JAHIR",2,1:56,40,19
125525,12/12/2025,URU,ECU,239,REBOTE-DEFENSIVO,LOCAL,,,2,1:54,40,19
125525,12/12/2025,URU,ECU,240,TIRO3-FALLADO,LOCAL,10,"GOMEZ, LAUTARO",2,1:37,40,19
125525,12/12/2025,URU,ECU,241,REBOTE-OFENSIVO,LOCAL,,,2,1:34,40,19
125525,12/12/2025,URU,ECU,242,CAMBIO-JUGADOR-SALE,VISITANTE,7,"DAZA, JOSÉ",2,1:34,40,19
125525,12/12/2025,URU,ECU,243,CAMBIO-JUGADOR-ENTRA,VISITANTE,32,"COROZO, JEREMY",2,1:34,40,19
125525,12/12/2025,URU,ECU,244,PERDIDA,LOCAL,15,"VENET, GABRIEL",2,1:31,40,19
125525,12/12/2025,URU,ECU,245,RECUPERACION,VISITANTE,23,"QUIÑONEZ, ADAIR",2,1:31,40,19
125525,12/12/2025,URU,ECU,246,CANASTA-2P,VISITANTE,23,"QUIÑONEZ, ADAIR",2,1:27,40,21
125525,12/12/2025,URU,ECU,247,PERDIDA,LOCAL,29,"GUZZETTI, JUAN",2,1:18,40,21
125525,12/12/2025,URU,ECU,248,RECUPERACION,VISITANTE,12,"MANJARRES, RODRIGO",2,1:18,40,21
125525,12/12/2025,URU,ECU,249,TIRO3-FALLADO,VISITANTE,13,"MINA, JAHIR",2,1:04,40,21
125525,12/12/2025,URU,ECU,250,REBOTE-DEFENSIVO,LOCAL,10,"GOMEZ, LAUTARO",2,1:03,40,21
125525,12/12/2025,URU,ECU,251,FALTA-COMETIDA,VISITANTE,23,"QUIÑONEZ, ADAIR",2,1:03,40,21
125525,12/12/2025,URU,ECU,252,FALTA-RECIBIDA,LOCAL,10,"GOMEZ, LAUTARO",2,1:03,40,21
125525,12/12/2025,URU,ECU,253,TIRO3-FALLADO,LOCAL,0,"ABAL, TOMAS",2,0:52,40,21
125525,12/12/2025,URU,ECU,254,REBOTE-DEFENSIVO,VISITANTE,13,"MINA, JAHIR",2,0:46,40,21
125525,12/12/2025,URU,ECU,255,TIRO2-FALLADO,VISITANTE,13,"MINA, JAHIR",2,0:43,40,21
125525,12/12/2025,URU,ECU,256,REBOTE-DEFENSIVO,LOCAL,29,"GUZZETTI, JUAN",2,0:36,40,21
125525,12/12/2025,URU,ECU,257,CANASTA-2P,LOCAL,15,"VENET, GABRIEL",2,0:36,42,21
125525,12/12/2025,URU,ECU,258,ASISTENCIA,LOCAL,29,"GUZZETTI, JUAN",2,0:36,42,21
125525,12/12/2025,URU,ECU,259,TIRO3-FALLADO,VISITANTE,13,"MINA, JAHIR",2,0:15,42,21
125525,12/12/2025,URU,ECU,260,REBOTE-DEFENSIVO,LOCAL,29,"GUZZETTI, JUAN",2,0:11,42,21
125525,12/12/2025,URU,ECU,261,PERDIDA,LOCAL,29,"GUZZETTI, JUAN",2,0:10,42,21
125525,12/12/2025,URU,ECU,262,CAMBIO-JUGADOR-SALE,VISITANTE,12,"MANJARRES, RODRIGO",2,0:10,42,21
125525,12/12/2025,URU,ECU,263,CAMBIO-JUGADOR-SALE,VISITANTE,13,"MINA, JAHIR",2,0:10,42,21
125525,12/12/2025,URU,ECU,264,CAMBIO-JUGADOR-SALE,VISITANTE,23,"QUIÑONEZ, ADAIR",2,0:10,42,21
125525,12/12/2025,URU,ECU,265,CAMBIO-JUGADOR-ENTRA,VISITANTE,1,"CEVALLOS, MICHAEL",2,0:10,42,21
125525,12/12/2025,URU,ECU,266,CAMBIO-JUGADOR-ENTRA,VISITANTE,2,"CASTILLO, JUAN",2,0:10,42,21
125525,12/12/2025,URU,ECU,267,CAMBIO-JUGADOR-ENTRA,VISITANTE,14,"NOBOA, FELIPE",2,0:10,42,21
125525,12/12/2025,URU,ECU,268,PERDIDA,VISITANTE,1,"CEVALLOS, MICHAEL",2,0:04,42,21
125525,12/12/2025,URU,ECU,269,RECUPERACION,LOCAL,10,"GOMEZ, LAUTARO",2,0:04,42,21
125525,12/12/2025,URU,ECU,270,FINAL-PERIODO,,,,2,0:00,42,21
125525,12/12/2025,URU,ECU,271,CAMBIO-JUGADOR-SALE,LOCAL,0,"ABAL, TOMAS",3,10:00,42,21
125525,12/12/2025,URU,ECU,272,CAMBIO-JUGADOR-SALE,LOCAL,15,"VENET, GABRIEL",3,10:00,42,21
125525,12/12/2025,URU,ECU,273,CAMBIO-JUGADOR-SALE,LOCAL,29,"GUZZETTI, JUAN",3,10:00,42,21
125525,12/12/2025,URU,ECU,274,CAMBIO-JUGADOR-ENTRA,LOCAL,4,"PASTRANA, MANUEL",3,10:00,42,21
125525,12/12/2025,URU,ECU,275,CAMBIO-JUGADOR-ENTRA,LOCAL,11,"TESTA, NICOLAS",3,10:00,42,21
125525,12/12/2025,URU,ECU,276,CAMBIO-JUGADOR-ENTRA,LOCAL,19,"FATA, GABRIEL",3,10:00,42,21
125525,12/12/2025,URU,ECU,277,CAMBIO-JUGADOR-SALE,VISITANTE,10,"ZAMBRANO, ALHAN",3,10:00,42,21
125525,12/12/2025,URU,ECU,278,CAMBIO-JUGADOR-ENTRA,VISITANTE,23,"QUIÑONEZ, ADAIR",3,10:00,42,21
125525,12/12/2025,URU,ECU,279,INICIO-PERIODO,,,,3,10:00,42,21
125525,12/12/2025,URU,ECU,280,PERDIDA,VISITANTE,1,"CEVALLOS, MICHAEL",3,9:45,42,21
125525,12/12/2025,URU,ECU,281,RECUPERACION,LOCAL,11,"TESTA, NICOLAS",3,9:45,42,21
125525,12/12/2025,URU,ECU,282,CANASTA-2P,LOCAL,11,"TESTA, NICOLAS",3,9:26,44,21
125525,12/12/2025,URU,ECU,283,ASISTENCIA,LOCAL,19,"FATA, GABRIEL",3,9:26,44,21
125525,12/12/2025,URU,ECU,284,TIRO3-FALLADO,VISITANTE,2,"CASTILLO, JUAN",3,9:10,44,21
125525,12/12/2025,URU,ECU,285,REBOTE-DEFENSIVO,LOCAL,10,"GOMEZ, LAUTARO",3,9:07,44,21
125525,12/12/2025,URU,ECU,286,CANASTA-2P,LOCAL,4,"PASTRANA, MANUEL",3,8:53,46,21
125525,12/12/2025,URU,ECU,287,TIRO2-FALLADO,VISITANTE,1,"CEVALLOS, MICHAEL",3,8:29,46,21
125525,12/12/2025,URU,ECU,288,REBOTE-DEFENSIVO,LOCAL,4,"PASTRANA, MANUEL",3,8:26,46,21
125525,12/12/2025,URU,ECU,289,TIRO2-FALLADO,LOCAL,22,"OROZCO, LUCAS",3,8:15,46,21
125525,12/12/2025,URU,ECU,290,REBOTE-DEFENSIVO,VISITANTE,23,"QUIÑONEZ, ADAIR",3,8:12,46,21
125525,12/12/2025,URU,ECU,291,CANASTA-2P,VISITANTE,23,"QUIÑONEZ, ADAIR",3,8:09,46,23
125525,12/12/2025,URU,ECU,292,PERDIDA,LOCAL,11,"TESTA, NICOLAS",3,7:53,46,23
125525,12/12/2025,URU,ECU,293,RECUPERACION,VISITANTE,1,"CEVALLOS, MICHAEL",3,7:53,46,23
125525,12/12/2025,URU,ECU,294,FALTA-COMETIDA,LOCAL,22,"OROZCO, LUCAS",3,7:50,46,23
125525,12/12/2025,URU,ECU,295,FALTA-RECIBIDA,VISITANTE,1,"CEVALLOS, MICHAEL",3,7:50,46,23
125525,12/12/2025,URU,ECU,296,TIRO1-FALLADO,VISITANTE,1,"CEVALLOS, MICHAEL",3,7:50,46,23
125525,12/12/2025,URU,ECU,297,CANASTA-1P,VISITANTE,1,"CEVALLOS, MICHAEL",3,7:50,46,24
125525,12/12/2025,URU,ECU,298,PERDIDA,VISITANTE,1,"CEVALLOS, MICHAEL",3,7:37,46,24
125525,12/12/2025,URU,ECU,299,RECUPERACION,LOCAL,4,"PASTRANA, MANUEL",3,7:37,46,24
125525,12/12/2025,URU,ECU,300,FALTA-COMETIDA,VISITANTE,1,"CEVALLOS, MICHAEL",3,7:33,46,24
125525,12/12/2025,URU,ECU,301,FALTA-RECIBIDA,LOCAL,4,"PASTRANA, MANUEL",3,7:33,46,24
125525,12/12/2025,URU,ECU,302,CAMBIO-JUGADOR-SALE,VISITANTE,1,"CEVALLOS, MICHAEL",3,7:33,46,24
125525,12/12/2025,URU,ECU,303,CAMBIO-JUGADOR-ENTRA,VISITANTE,48,"VARGAS, LHEYDER",3,7:33,46,24
125525,12/12/2025,URU,ECU,304,TIRO1-FALLADO,LOCAL,4,"PASTRANA, MANUEL",3,7:33,46,24
125525,12/12/2025,URU,ECU,305,CANASTA-1P,LOCAL,4,"PASTRANA, MANUEL",3,7:33,47,24
125525,12/12/2025,URU,ECU,306,TIRO2-FALLADO,VISITANTE,14,"NOBOA, FELIPE",3,7:24,47,24
125525,12/12/2025,URU,ECU,307,REBOTE-DEFENSIVO,LOCAL,22,"OROZCO, LUCAS",3,7:20,47,24
125525,12/12/2025,URU,ECU,308,TIRO2-FALLADO,LOCAL,11,"TESTA, NICOLAS",3,7:13,47,24
125525,12/12/2025,URU,ECU,309,REBOTE-DEFENSIVO,VISITANTE,32,"COROZO, JEREMY",3,7:11,47,24
125525,12/12/2025,URU,ECU,310,FALTA-COMETIDA,LOCAL,10,"GOMEZ, LAUTARO",3,7:11,47,24
125525,12/12/2025,URU,ECU,311,FALTA-RECIBIDA,VISITANTE,32,"COROZO, JEREMY",3,7:11,47,24
125525,12/12/2025,URU,ECU,312,CANASTA-2P,VISITANTE,2,"CASTILLO, JUAN",3,7:01,47,26
125525,12/12/2025,URU,ECU,313,PERDIDA,LOCAL,11,"TESTA, NICOLAS",3,6:46,47,26
125525,12/12/2025,URU,ECU,314,CAMBIO-JUGADOR-SALE,LOCAL,11,"TESTA, NICOLAS",3,6:46,47,26
125525,12/12/2025,URU,ECU,315,CAMBIO-JUGADOR-SALE,LOCAL,22,"OROZCO, LUCAS",3,6:46,47,26
125525,12/12/2025,URU,ECU,316,CAMBIO-JUGADOR-ENTRA,LOCAL,8,"CRUZ, FEDERICO",3,6:46,47,26
125525,12/12/2025,URU,ECU,317,CAMBIO-JUGADOR-ENTRA,LOCAL,21,"MICHAELSSON, THIAGO",3,6:46,47,26
125525,12/12/2025,URU,ECU,318,CANASTA-2P,VISITANTE,48,"VARGAS, LHEYDER",3,6:31,47,28
125525,12/12/2025,URU,ECU,319,TIRO2-FALLADO,LOCAL,21,"MICHAELSSON, THIAGO",3,6:08,47,28
125525,12/12/2025,URU,ECU,320,REBOTE-DEFENSIVO,VISITANTE,32,"COROZO, JEREMY",3,6:05,47,28
125525,12/12/2025,URU,ECU,321,TIRO3-FALLADO,VISITANTE,14,"NOBOA, FELIPE",3,6:02,47,28
125525,12/12/2025,URU,ECU,322,REBOTE-OFENSIVO,VISITANTE,23,"QUIÑONEZ, ADAIR",3,5:57,47,28
125525,12/12/2025,URU,ECU,323,CANASTA-2P,VISITANTE,23,"QUIÑONEZ, ADAIR",3,5:57,47,30
125525,12/12/2025,URU,ECU,324,TIRO3-FALLADO,LOCAL,19,"FATA, GABRIEL",3,5:41,47,30
125525,12/12/2025,URU,ECU,325,REBOTE-OFENSIVO,LOCAL,,,3,5:39,47,30
125525,12/12/2025,URU,ECU,326,TIRO3-FALLADO,LOCAL,19,"FATA, GABRIEL",3,5:34,47,30
125525,12/12/2025,URU,ECU,327,REBOTE-DEFENSIVO,VISITANTE,14,"NOBOA, FELIPE",3,5:31,47,30
125525,12/12/2025,URU,ECU,328,FALTA-COMETIDA,LOCAL,21,"MICHAELSSON, THIAGO",3,5:25,47,30
125525,12/12/2025,URU,ECU,329,FALTA-RECIBIDA,VISITANTE,23,"QUIÑONEZ, ADAIR",3,5:25,47,30
125525,12/12/2025,URU,ECU,330,TIRO3-FALLADO,VISITANTE,2,"CASTILLO, JUAN",3,5:20,47,30
125525,12/12/2025,URU,ECU,331,REBOTE-DEFENSIVO,LOCAL,,,3,5:15,47,30
125525,12/12/2025,URU,ECU,332,TIRO3-FALLADO,LOCAL,19,"FATA, GABRIEL",3,5:10,47,30
125525,12/12/2025,URU,ECU,333,REBOTE-OFENSIVO,LOCAL,,,3,5:09,47,30
125525,12/12/2025,URU,ECU,334,TIRO2-FALLADO,LOCAL,8,"CRUZ, FEDERICO",3,4:58,47,30
125525,12/12/2025,URU,ECU,335,REBOTE-DEFENSIVO,VISITANTE,48,"VARGAS, LHEYDER",3,4:56,47,30
125525,12/12/2025,URU,ECU,336,TIRO2-FALLADO,VISITANTE,23,"QUIÑONEZ, ADAIR",3,4:44,47,30
125525,12/12/2025,URU,ECU,337,REBOTE-OFENSIVO,VISITANTE,32,"COROZO, JEREMY",3,4:40,47,30
125525,12/12/2025,URU,ECU,338,CANASTA-2P,VISITANTE,32,"COROZO, JEREMY",3,4:40,47,32
125525,12/12/2025,URU,ECU,339,CANASTA-2P,LOCAL,10,"GOMEZ, LAUTARO",3,4:27,49,32
125525,12/12/2025,URU,ECU,340,ASISTENCIA,LOCAL,19,"FATA, GABRIEL",3,4:27,49,32
125525,12/12/2025,URU,ECU,341,FALTA-COMETIDA,VISITANTE,48,"VARGAS, LHEYDER",3,4:27,49,32
125525,12/12/2025,URU,ECU,342,FALTA-RECIBIDA,LOCAL,10,"GOMEZ, LAUTARO",3,4:27,49,32
125525,12/12/2025,URU,ECU,343,CANASTA-1P,LOCAL,10,"GOMEZ, LAUTARO",3,4:27,50,32
125525,12/12/2025,URU,ECU,344,TIRO3-FALLADO,VISITANTE,14,"NOBOA, FELIPE",3,4:07,50,32
125525,12/12/2025,URU,ECU,345,REBOTE-DEFENSIVO,LOCAL,8,"CRUZ, FEDERICO",3,4:03,50,32
125525,12/12/2025,URU,ECU,346,CANASTA-3P,LOCAL,4,"PASTRANA, MANUEL",3,3:57,53,32
125525,12/12/2025,URU,ECU,347,ASISTENCIA,LOCAL,19,"FATA, GABRIEL",3,3:57,53,32
125525,12/12/2025,URU,ECU,348,PERDIDA,VISITANTE,48,"VARGAS, LHEYDER",3,3:46,53,32
125525,12/12/2025,URU,ECU,349,RECUPERACION,LOCAL,19,"FATA, GABRIEL",3,3:46,53,32
125525,12/12/2025,URU,ECU,350,TIRO2-FALLADO,LOCAL,4,"PASTRANA, MANUEL",3,3:42,53,32
125525,12/12/2025,URU,ECU,351,TAPON-COMETIDO,VISITANTE,23,"QUIÑONEZ, ADAIR",3,3:42,53,32
125525,12/12/2025,URU,ECU,352,REBOTE-DEFENSIVO,VISITANTE,2,"CASTILLO, JUAN",3,3:36,53,32
125525,12/12/2025,URU,ECU,353,FALTA-COMETIDA,LOCAL,19,"FATA, GABRIEL",3,3:36,53,32
125525,12/12/2025,URU,ECU,354,FALTA-RECIBIDA,VISITANTE,2,"CASTILLO, JUAN",3,3:36,53,32
125525,12/12/2025,URU,ECU,355,TIEMPO-MUERTO-SOLICITADO,VISITANTE,,,3,3:36,53,32
125525,12/12/2025,URU,ECU,356,CAMBIO-JUGADOR-SALE,LOCAL,4,"PASTRANA, MANUEL",3,3:36,53,32
125525,12/12/2025,URU,ECU,357,CAMBIO-JUGADOR-SALE,LOCAL,10,"GOMEZ, LAUTARO",3,3:36,53,32
125525,12/12/2025,URU,ECU,358,CAMBIO-JUGADOR-ENTRA,LOCAL,0,"ABAL, TOMAS",3,3:36,53,32
125525,12/12/2025,URU,ECU,359,CAMBIO-JUGADOR-ENTRA,LOCAL,13,"RAMÍREZ, VALENTINO",3,3:36,53,32
125525,12/12/2025,URU,ECU,360,CANASTA-1P,VISITANTE,2,"CASTILLO, JUAN",3,3:36,53,33
125525,12/12/2025,URU,ECU,361,TIRO1-FALLADO,VISITANTE,2,"CASTILLO, JUAN",3,3:36,53,33
125525,12/12/2025,URU,ECU,362,TIRO3-FALLADO,VISITANTE,2,"CASTILLO, JUAN",3,3:28,53,33
125525,12/12/2025,URU,ECU,363,REBOTE-DEFENSIVO,LOCAL,8,"CRUZ, FEDERICO",3,3:24,53,33
125525,12/12/2025,URU,ECU,364,TIRO2-FALLADO,LOCAL,8,"CRUZ, FEDERICO",3,3:04,53,33
125525,12/12/2025,URU,ECU,365,REBOTE-DEFENSIVO,VISITANTE,32,"COROZO, JEREMY",3,3:01,53,33
125525,12/12/2025,URU,ECU,366,TIRO2-FALLADO,VISITANTE,32,"COROZO, JEREMY",3,2:57,53,33
125525,12/12/2025,URU,ECU,367,REBOTE-DEFENSIVO,LOCAL,8,"CRUZ, FEDERICO",3,2:47,53,33
125525,12/12/2025,URU,ECU,368,PERDIDA,LOCAL,8,"CRUZ, FEDERICO",3,2:46,53,33
125525,12/12/2025,URU,ECU,369,RECUPERACION,VISITANTE,14,"NOBOA, FELIPE",3,2:46,53,33
125525,12/12/2025,URU,ECU,370,TIRO2-FALLADO,VISITANTE,48,"VARGAS, LHEYDER",3,2:42,53,33
125525,12/12/2025,URU,ECU,371,REBOTE-DEFENSIVO,LOCAL,,,3,2:42,53,33
125525,12/12/2025,URU,ECU,372,FALTA-COMETIDA,VISITANTE,14,"NOBOA, FELIPE",3,2:42,53,33
125525,12/12/2025,URU,ECU,373,FALTA-RECIBIDA,LOCAL,8,"CRUZ, FEDERICO",3,2:42,53,33
125525,12/12/2025,URU,ECU,374,TIRO2-FALLADO,LOCAL,21,"MICHAELSSON, THIAGO",3,2:23,53,33
125525,12/12/2025,URU,ECU,375,TAPON-COMETIDO,VISITANTE,23,"QUIÑONEZ, ADAIR",3,2:23,53,33
125525,12/12/2025,URU,ECU,376,REBOTE-DEFENSIVO,VISITANTE,32,"COROZO, JEREMY",3,2:14,53,33
125525,12/12/2025,URU,ECU,377,TIRO2-FALLADO,VISITANTE,48,"VARGAS, LHEYDER",3,2:13,53,33
125525,12/12/2025,URU,ECU,378,REBOTE-DEFENSIVO,LOCAL,0,"ABAL, TOMAS",3,2:10,53,33
125525,12/12/2025,URU,ECU,379,TIRO2-FALLADO,LOCAL,8,"CRUZ, FEDERICO",3,2:09,53,33
125525,12/12/2025,URU,ECU,380,REBOTE-DEFENSIVO,VISITANTE,2,"CASTILLO, JUAN",3,2:05,53,33
125525,12/12/2025,URU,ECU,381,TIRO2-FALLADO,VISITANTE,14,"NOBOA, FELIPE",3,2:01,53,33
125525,12/12/2025,URU,ECU,382,REBOTE-OFENSIVO,VISITANTE,14,"NOBOA, FELIPE",3,1:56,53,33
125525,12/12/2025,URU,ECU,383,CANASTA-2P,VISITANTE,14,"NOBOA, FELIPE",3,1:56,53,35
125525,12/12/2025,URU,ECU,384,CANASTA-2P,LOCAL,19,"FATA, GABRIEL",3,1:37,55,35
125525,12/12/2025,URU,ECU,385,ASISTENCIA,LOCAL,0,"ABAL, TOMAS",3,1:37,55,35
125525,12/12/2025,URU,ECU,386,CANASTA-2P,VISITANTE,23,"QUIÑONEZ, ADAIR",3,1:34,55,37
125525,12/12/2025,URU,ECU,387,CANASTA-2P,LOCAL,13,"RAMÍREZ, VALENTINO",3,1:17,57,37
125525,12/12/2025,URU,ECU,388,ASISTENCIA,LOCAL,21,"MICHAELSSON, THIAGO",3,1:17,57,37
125525,12/12/2025,URU,ECU,389,TIRO2-FALLADO,VISITANTE,32,"COROZO, JEREMY",3,0:59,57,37
125525,12/12/2025,URU,ECU,390,REBOTE-DEFENSIVO,LOCAL,8,"CRUZ, FEDERICO",3,0:56,57,37
125525,12/12/2025,URU,ECU,391,TIRO3-FALLADO,LOCAL,19,"FATA, GABRIEL",3,0:52,57,37
125525,12/12/2025,URU,ECU,392,REBOTE-DEFENSIVO,VISITANTE,32,"COROZO, JEREMY",3,0:52,57,37
125525,12/12/2025,URU,ECU,393,FALTA-COMETIDA,LOCAL,13,"RAMÍREZ, VALENTINO",3,0:52,57,37
125525,12/12/2025,URU,ECU,394,FALTA-RECIBIDA,VISITANTE,23,"QUIÑONEZ, ADAIR",3,0:52,57,37
125525,12/12/2025,URU,ECU,395,CAMBIO-JUGADOR-SALE,LOCAL,19,"FATA, GABRIEL",3,0:52,57,37
125525,12/12/2025,URU,ECU,396,CAMBIO-JUGADOR-ENTRA,LOCAL,22,"OROZCO, LUCAS",3,0:52,57,37
125525,12/12/2025,URU,ECU,397,CAMBIO-JUGADOR-SALE,VISITANTE,2,"CASTILLO, JUAN",3,0:52,57,37
125525,12/12/2025,URU,ECU,398,CAMBIO-JUGADOR-SALE,VISITANTE,32,"COROZO, JEREMY",3,0:52,57,37
125525,12/12/2025,URU,ECU,399,CAMBIO-JUGADOR-ENTRA,VISITANTE,7,"DAZA, JOSÉ",3,0:52,57,37
125525,12/12/2025,URU,ECU,400,CAMBIO-JUGADOR-ENTRA,VISITANTE,10,"ZAMBRANO, ALHAN",3,0:52,57,37
125525,12/12/2025,URU,ECU,401,CANASTA-1P,VISITANTE,23,"QUIÑONEZ, ADAIR",3,0:52,57,38
125525,12/12/2025,URU,ECU,402,TIRO1-FALLADO,VISITANTE,23,"QUIÑONEZ, ADAIR",3,0:52,57,38
125525,12/12/2025,URU,ECU,403,REBOTE-OFENSIVO,VISITANTE,,,3,0:52,57,38
125525,12/12/2025,URU,ECU,404,TIRO3-FALLADO,LOCAL,21,"MICHAELSSON, THIAGO",3,0:51,57,38
125525,12/12/2025,URU,ECU,405,REBOTE-DEFENSIVO,VISITANTE,,,3,0:51,57,38
125525,12/12/2025,URU,ECU,406,CANASTA-2P,LOCAL,8,"CRUZ, FEDERICO",3,0:51,59,38
125525,12/12/2025,URU,ECU,407,FINAL-PERIODO,,,,3,0:00,59,38
125525,12/12/2025,URU,ECU,408,CAMBIO-JUGADOR-SALE,VISITANTE,23,"QUIÑONEZ, ADAIR",4,10:00,59,38
125525,12/12/2025,URU,ECU,409,CAMBIO-JUGADOR-ENTRA,VISITANTE,1,"CEVALLOS, MICHAEL",4,10:00,59,38
125525,12/12/2025,URU,ECU,410,INICIO-PERIODO,,,,4,10:00,59,38
125525,12/12/2025,URU,ECU,411,TIRO3-FALLADO,LOCAL,0,"ABAL, TOMAS",4,9:45,59,38
125525,12/12/2025,URU,ECU,412,REBOTE-DEFENSIVO,VISITANTE,48,"VARGAS, LHEYDER",4,9:41,59,38
125525,12/12/2025,URU,ECU,413,PERDIDA,VISITANTE,48,"VARGAS, LHEYDER",4,9:40,59,38
125525,12/12/2025,URU,ECU,414,RECUPERACION,LOCAL,0,"ABAL, TOMAS",4,9:40,59,38
125525,12/12/2025,URU,ECU,415,CANASTA-3P,LOCAL,8,"CRUZ, FEDERICO",4,9:25,62,38
125525,12/12/2025,URU,ECU,416,ASISTENCIA,LOCAL,0,"ABAL, TOMAS",4,9:25,62,38
125525,12/12/2025,URU,ECU,417,PERDIDA,VISITANTE,1,"CEVALLOS, MICHAEL",4,9:03,62,38
125525,12/12/2025,URU,ECU,418,CAMBIO-JUGADOR-SALE,LOCAL,8,"CRUZ, FEDERICO",4,9:03,62,38
125525,12/12/2025,URU,ECU,419,CAMBIO-JUGADOR-ENTRA,LOCAL,15,"VENET, GABRIEL",4,9:03,62,38
125525,12/12/2025,URU,ECU,420,FALTA-COMETIDA,VISITANTE,48,"VARGAS, LHEYDER",4,8:46,62,38
125525,12/12/2025,URU,ECU,421,FALTA-RECIBIDA,LOCAL,21,"MICHAELSSON, THIAGO",4,8:46,62,38
125525,12/12/2025,URU,ECU,422,CANASTA-1P,LOCAL,21,"MICHAELSSON, THIAGO",4,8:46,63,38
125525,12/12/2025,URU,ECU,423,ASISTENCIA,LOCAL,15,"VENET, GABRIEL",4,8:46,63,38
125525,12/12/2025,URU,ECU,424,TIRO1-FALLADO,LOCAL,21,"MICHAELSSON, THIAGO",4,8:46,63,38
125525,12/12/2025,URU,ECU,425,REBOTE-DEFENSIVO,VISITANTE,1,"CEVALLOS, MICHAEL",4,8:46,63,38
125525,12/12/2025,URU,ECU,426,PERDIDA,VISITANTE,1,"CEVALLOS, MICHAEL",4,8:44,63,38
125525,12/12/2025,URU,ECU,427,CAMBIO-JUGADOR-SALE,VISITANTE,1,"CEVALLOS, MICHAEL",4,8:44,63,38
125525,12/12/2025,URU,ECU,428,CAMBIO-JUGADOR-SALE,VISITANTE,10,"ZAMBRANO, ALHAN",4,8:44,63,38
125525,12/12/2025,URU,ECU,429,CAMBIO-JUGADOR-ENTRA,VISITANTE,2,"CASTILLO, JUAN",4,8:44,63,38
125525,12/12/2025,URU,ECU,430,CAMBIO-JUGADOR-ENTRA,VISITANTE,23,"QUIÑONEZ, ADAIR",4,8:44,63,38
125525,12/12/2025,URU,ECU,431,TIRO2-FALLADO,LOCAL,21,"MICHAELSSON, THIAGO",4,8:31,63,38
125525,12/12/2025,URU,ECU,432,REBOTE-OFENSIVO,LOCAL,21,"MICHAELSSON, THIAGO",4,8:26,63,38
125525,12/12/2025,URU,ECU,433,CANASTA-3P,LOCAL,0,"ABAL, TOMAS",4,8:22,66,38
125525,12/12/2025,URU,ECU,434,ASISTENCIA,LOCAL,21,"MICHAELSSON, THIAGO",4,8:22,66,38
125525,12/12/2025,URU,ECU,435,TIRO3-FALLADO,VISITANTE,2,"CASTILLO, JUAN",4,8:07,66,38
125525,12/12/2025,URU,ECU,436,REBOTE-DEFENSIVO,LOCAL,15,"VENET, GABRIEL",4,8:06,66,38
125525,12/12/2025,URU,ECU,437,FALTA-COMETIDA,VISITANTE,7,"DAZA, JOSÉ",4,8:06,66,38
125525,12/12/2025,URU,ECU,438,FALTA-RECIBIDA,LOCAL,15,"VENET, GABRIEL",4,8:06,66,38
125525,12/12/2025,URU,ECU,439,CAMBIO-JUGADOR-SALE,VISITANTE,7,"DAZA, JOSÉ",4,8:06,66,38
125525,12/12/2025,URU,ECU,440,CAMBIO-JUGADOR-ENTRA,VISITANTE,32,"COROZO, JEREMY",4,8:06,66,38
125525,12/12/2025,URU,ECU,441,PERDIDA,LOCAL,22,"OROZCO, LUCAS",4,7:52,66,38
125525,12/12/2025,URU,ECU,442,RECUPERACION,VISITANTE,2,"CASTILLO, JUAN",4,7:52,66,38
125525,12/12/2025,URU,ECU,443,PERDIDA,VISITANTE,14,"NOBOA, FELIPE",4,7:46,66,38
125525,12/12/2025,URU,ECU,444,RECUPERACION,LOCAL,13,"RAMÍREZ, VALENTINO",4,7:46,66,38
125525,12/12/2025,URU,ECU,445,CANASTA-3P,LOCAL,0,"ABAL, TOMAS",4,7:34,69,38
125525,12/12/2025,URU,ECU,446,ASISTENCIA,LOCAL,22,"OROZCO, LUCAS",4,7:34,69,38
125525,12/12/2025,URU,ECU,447,TIRO3-FALLADO,VISITANTE,23,"QUIÑONEZ, ADAIR",4,7:23,69,38
125525,12/12/2025,URU,ECU,448,REBOTE-DEFENSIVO,LOCAL,13,"RAMÍREZ, VALENTINO",4,7:19,69,38
125525,12/12/2025,URU,ECU,449,TIRO3-FALLADO,LOCAL,0,"ABAL, TOMAS",4,6:59,69,38
125525,12/12/2025,URU,ECU,450,REBOTE-DEFENSIVO,VISITANTE,2,"CASTILLO, JUAN",4,6:56,69,38
125525,12/12/2025,URU,ECU,451,CANASTA-2P,VISITANTE,2,"CASTILLO, JUAN",4,6:51,69,40
125525,12/12/2025,URU,ECU,452,TIRO2-FALLADO,LOCAL,13,"RAMÍREZ, VALENTINO",4,6:34,69,40
125525,12/12/2025,URU,ECU,453,REBOTE-DEFENSIVO,VISITANTE,48,"VARGAS, LHEYDER",4,6:30,69,40
125525,12/12/2025,URU,ECU,454,TIRO2-FALLADO,VISITANTE,23,"QUIÑONEZ, ADAIR",4,6:09,69,40
125525,12/12/2025,URU,ECU,455,REBOTE-DEFENSIVO,LOCAL,22,"OROZCO, LUCAS",4,6:05,69,40
125525,12/12/2025,URU,ECU,456,TIRO3-FALLADO,LOCAL,13,"RAMÍREZ, VALENTINO",4,5:53,69,40
125525,12/12/2025,URU,ECU,457,REBOTE-DEFENSIVO,VISITANTE,14,"NOBOA, FELIPE",4,5:50,69,40
125525,12/12/2025,URU,ECU,458,FALTA-COMETIDA,LOCAL,0,"ABAL, TOMAS",4,5:49,69,40
125525,12/12/2025,URU,ECU,459,FALTA-RECIBIDA,VISITANTE,2,"CASTILLO, JUAN",4,5:49,69,40
125525,12/12/2025,URU,ECU,460,TIEMPO-MUERTO-SOLICITADO,VISITANTE,,,4,5:49,69,40
125525,12/12/2025,URU,ECU,461,CAMBIO-JUGADOR-SALE,LOCAL,13,"RAMÍREZ, VALENTINO",4,5:49,69,40
125525,12/12/2025,URU,ECU,462,CAMBIO-JUGADOR-SALE,LOCAL,22,"OROZCO, LUCAS",4,5:49,69,40
125525,12/12/2025,URU,ECU,463,CAMBIO-JUGADOR-ENTRA,LOCAL,8,"CRUZ, FEDERICO",4,5:49,69,40
125525,12/12/2025,URU,ECU,464,CAMBIO-JUGADOR-ENTRA,LOCAL,29,"GUZZETTI, JUAN",4,5:49,69,40
125525,12/12/2025,URU,ECU,465,CAMBIO-JUGADOR-SALE,VISITANTE,23,"QUIÑONEZ, ADAIR",4,5:49,69,40
125525,12/12/2025,URU,ECU,466,CAMBIO-JUGADOR-ENTRA,VISITANTE,12,"MANJARRES, RODRIGO",4,5:49,69,40
125525,12/12/2025,URU,ECU,467,CANASTA-3P,VISITANTE,2,"CASTILLO, JUAN",4,5:29,69,43
125525,12/12/2025,URU,ECU,468,ASISTENCIA,VISITANTE,48,"VARGAS, LHEYDER",4,5:29,69,43
125525,12/12/2025,URU,ECU,469,PERDIDA,LOCAL,15,"VENET, GABRIEL",4,5:14,69,43
125525,12/12/2025,URU,ECU,470,RECUPERACION,VISITANTE,48,"VARGAS, LHEYDER",4,5:14,69,43
125525,12/12/2025,URU,ECU,471,CANASTA-2P,VISITANTE,48,"VARGAS, LHEYDER",4,5:10,69,45
125525,12/12/2025,URU,ECU,472,CANASTA-2P,LOCAL,29,"GUZZETTI, JUAN",4,4:46,71,45
125525,12/12/2025,URU,ECU,473,ASISTENCIA,LOCAL,0,"ABAL, TOMAS",4,4:46,71,45
125525,12/12/2025,URU,ECU,474,FALTA-COMETIDA,LOCAL,29,"GUZZETTI, JUAN",4,4:22,71,45
125525,12/12/2025,URU,ECU,475,FALTA-RECIBIDA,VISITANTE,12,"MANJARRES, RODRIGO",4,4:22,71,45
125525,12/12/2025,URU,ECU,476,TIRO1-FALLADO,VISITANTE,12,"MANJARRES, RODRIGO",4,4:22,71,45
125525,12/12/2025,URU,ECU,477,CANASTA-1P,VISITANTE,12,"MANJARRES, RODRIGO",4,4:22,71,46
125525,12/12/2025,URU,ECU,478,FALTA-COMETIDA,VISITANTE,48,"VARGAS, LHEYDER",4,4:16,71,46
125525,12/12/2025,URU,ECU,479,FALTA-RECIBIDA,LOCAL,15,"VENET, GABRIEL",4,4:16,71,46
125525,12/12/2025,URU,ECU,480,CAMBIO-JUGADOR-SALE,LOCAL,8,"CRUZ, FEDERICO",4,4:16,71,46
125525,12/12/2025,URU,ECU,481,CAMBIO-JUGADOR-ENTRA,LOCAL,13,"RAMÍREZ, VALENTINO",4,4:16,71,46
125525,12/12/2025,URU,ECU,482,CAMBIO-JUGADOR-SALE,VISITANTE,14,"NOBOA, FELIPE",4,4:16,71,46
125525,12/12/2025,URU,ECU,483,CAMBIO-JUGADOR-ENTRA,VISITANTE,15,"IBARRA, ISMAEL",4,4:16,71,46
125525,12/12/2025,URU,ECU,484,JUMP-BALL,VISITANTE,,,4,4:04,71,46
125525,12/12/2025,URU,ECU,485,PERDIDA,LOCAL,15,"VENET, GABRIEL",4,4:04,71,46
125525,12/12/2025,URU,ECU,486,RECUPERACION,VISITANTE,48,"VARGAS, LHEYDER",4,4:04,71,46
125525,12/12/2025,URU,ECU,487,FALTA-COMETIDA,LOCAL,15,"VENET, GABRIEL",4,3:59,71,46
125525,12/12/2025,URU,ECU,488,FALTA-RECIBIDA,VISITANTE,2,"CASTILLO, JUAN",4,3:59,71,46
125525,12/12/2025,URU,ECU,489,CANASTA-3P,VISITANTE,2,"CASTILLO, JUAN",4,3:51,71,49
125525,12/12/2025,URU,ECU,490,ASISTENCIA,VISITANTE,32,"COROZO, JEREMY",4,3:51,71,49
125525,12/12/2025,URU,ECU,491,PERDIDA,LOCAL,29,"GUZZETTI, JUAN",4,3:33,71,49
125525,12/12/2025,URU,ECU,492,RECUPERACION,VISITANTE,48,"VARGAS, LHEYDER",4,3:33,71,49
125525,12/12/2025,URU,ECU,493,CANASTA-2P,VISITANTE,48,"VARGAS, LHEYDER",4,3:30,71,51
125525,12/12/2025,URU,ECU,494,TIRO3-FALLADO,LOCAL,13,"RAMÍREZ, VALENTINO",4,3:06,71,51
125525,12/12/2025,URU,ECU,495,REBOTE-DEFENSIVO,VISITANTE,,,4,3:04,71,51
125525,12/12/2025,URU,ECU,496,CAMBIO-JUGADOR-SALE,VISITANTE,32,"COROZO, JEREMY",4,3:04,71,51
125525,12/12/2025,URU,ECU,497,CAMBIO-JUGADOR-ENTRA,VISITANTE,13,"MINA, JAHIR",4,3:04,71,51
125525,12/12/2025,URU,ECU,498,TIRO2-FALLADO,VISITANTE,15,"IBARRA, ISMAEL",4,2:51,71,51
125525,12/12/2025,URU,ECU,499,REBOTE-DEFENSIVO,LOCAL,13,"RAMÍREZ, VALENTINO",4,2:48,71,51
125525,12/12/2025,URU,ECU,500,PERDIDA,LOCAL,13,"RAMÍREZ, VALENTINO",4,2:34,71,51
125525,12/12/2025,URU,ECU,501,RECUPERACION,VISITANTE,15,"IBARRA, ISMAEL",4,2:34,71,51
125525,12/12/2025,URU,ECU,502,CANASTA-2P,VISITANTE,13,"MINA, JAHIR",4,2:19,71,53
125525,12/12/2025,URU,ECU,503,CANASTA-2P,LOCAL,15,"VENET, GABRIEL",4,1:54,73,53
125525,12/12/2025,URU,ECU,504,CANASTA-2P,VISITANTE,15,"IBARRA, ISMAEL",4,1:41,73,55
125525,12/12/2025,URU,ECU,505,ASISTENCIA,VISITANTE,2,"CASTILLO, JUAN",4,1:41,73,55
125525,12/12/2025,URU,ECU,506,CAMBIO-JUGADOR-SALE,VISITANTE,2,"CASTILLO, JUAN",4,1:24,73,55
125525,12/12/2025,URU,ECU,507,CAMBIO-JUGADOR-ENTRA,VISITANTE,10,"ZAMBRANO, ALHAN",4,1:24,73,55
125525,12/12/2025,URU,ECU,508,TIRO2-FALLADO,LOCAL,21,"MICHAELSSON, THIAGO",4,1:19,73,55
125525,12/12/2025,URU,ECU,509,REBOTE-DEFENSIVO,VISITANTE,12,"MANJARRES, RODRIGO",4,1:19,73,55
125525,12/12/2025,URU,ECU,510,FALTA-COMETIDA,VISITANTE,13,"MINA, JAHIR",4,1:19,73,55
125525,12/12/2025,URU,ECU,511,FALTA-RECIBIDA,LOCAL,21,"MICHAELSSON, THIAGO",4,1:19,73,55
125525,12/12/2025,URU,ECU,512,FALTA-COMETIDA,VISITANTE,12,"MANJARRES, RODRIGO",4,1:16,73,55
125525,12/12/2025,URU,ECU,513,FALTA-RECIBIDA,LOCAL,0,"ABAL, TOMAS",4,1:16,73,55
125525,12/12/2025,URU,ECU,514,CANASTA-1P,LOCAL,0,"ABAL, TOMAS",4,1:16,74,55
125525,12/12/2025,URU,ECU,515,CANASTA-1P,LOCAL,0,"ABAL, TOMAS",4,1:16,75,55
125525,12/12/2025,URU,ECU,516,TIRO3-FALLADO,VISITANTE,13,"MINA, JAHIR",4,1:10,75,55
125525,12/12/2025,URU,ECU,517,REBOTE-DEFENSIVO,LOCAL,15,"VENET, GABRIEL",4,1:07,75,55
125525,12/12/2025,URU,ECU,518,TIRO2-FALLADO,LOCAL,15,"VENET, GABRIEL",4,1:03,75,55
125525,12/12/2025,URU,ECU,519,TAPON-COMETIDO,VISITANTE,15,"IBARRA, ISMAEL",4,1:03,75,55
125525,12/12/2025,URU,ECU,520,REBOTE-DEFENSIVO,VISITANTE,48,"VARGAS, LHEYDER",4,0:58,75,55
125525,12/12/2025,URU,ECU,521,PERDIDA,VISITANTE,48,"VARGAS, LHEYDER",4,0:49,75,55
125525,12/12/2025,URU,ECU,522,RECUPERACION,LOCAL,21,"MICHAELSSON, THIAGO",4,0:49,75,55
125525,12/12/2025,URU,ECU,523,CANASTA-2P,LOCAL,0,"ABAL, TOMAS",4,0:40,77,55
125525,12/12/2025,URU,ECU,524,FALTA-COMETIDA,VISITANTE,15,"IBARRA, ISMAEL",4,0:40,77,55
125525,12/12/2025,URU,ECU,525,FALTA-RECIBIDA,LOCAL,0,"ABAL, TOMAS",4,0:40,77,55
125525,12/12/2025,URU,ECU,526,CANASTA-1P,LOCAL,0,"ABAL, TOMAS",4,0:40,78,55
125525,12/12/2025,URU,ECU,527,TIRO3-FALLADO,VISITANTE,10,"ZAMBRANO, ALHAN",4,0:24,78,55
125525,12/12/2025,URU,ECU,528,REBOTE-OFENSIVO,VISITANTE,12,"MANJARRES, RODRIGO",4,0:24,78,55
125525,12/12/2025,URU,ECU,529,FALTA-COMETIDA,VISITANTE,15,"IBARRA, ISMAEL",4,0:24,78,55
125525,12/12/2025,URU,ECU,530,FALTA-RECIBIDA,LOCAL,15,"VENET, GABRIEL",4,0:24,78,55
125525,12/12/2025,URU,ECU,531,CANASTA-1P,LOCAL,15,"VENET, GABRIEL",4,0:24,79,55
125525,12/12/2025,URU,ECU,532,TIRO1-FALLADO,LOCAL,15,"VENET, GABRIEL",4,0:24,79,55
125525,12/12/2025,URU,ECU,533,REBOTE-OFENSIVO,LOCAL,29,"GUZZETTI, JUAN",4,0:24,79,55
125525,12/12/2025,URU,ECU,534,CANASTA-2P,LOCAL,29,"GUZZETTI, JUAN",4,0:23,81,55
125525,12/12/2025,URU,ECU,535,CANASTA-3P,VISITANTE,13,"MINA, JAHIR",4,0:14,81,58
125525,12/12/2025,URU,ECU,536,ASISTENCIA,VISITANTE,48,"VARGAS, LHEYDER",4,0:14,81,58
125525,12/12/2025,URU,ECU,537,TIRO3-FALLADO,LOCAL,15,"VENET, GABRIEL",4,0:00,81,58
125525,12/12/2025,URU,ECU,538,REBOTE-OFENSIVO,LOCAL,29,"GUZZETTI, JUAN",4,0:00,81,58
125525,12/12/2025,URU,ECU,539,FINAL-PERIODO,,,,4,0:00,81,58
125525,12/12/2025,URU,ECU,540,FINAL-PARTIDO,,,,4,0:00,81,58
125526,12/12/2025,COL,ARG,0,INICIO-PARTIDO,,,,1,10:00,0,0
125526,12/12/2025,COL,ARG,1,INICIO-PERIODO,,,,1,10:00,0,0
125526,12/12/2025,COL,ARG,2,CAMBIO-JUGADOR-ENTRA,LOCAL,5,"RESTREPO, LEONARDO",1,10:00,0,0
125526,12/12/2025,COL,ARG,3,CAMBIO-JUGADOR-ENTRA,LOCAL,7,"BERNAL, MATTHEW",1,10:00,0,0
125526,12/12/2025,COL,ARG,4,CAMBIO-JUGADOR-ENTRA,LOCAL,10,"MATEUS, ANDRES",1,10:00,0,0
125526,12/12/2025,COL,ARG,5,CAMBIO-JUGADOR-ENTRA,LOCAL,14,"CAICEDO, YANSEM",1,10:00,0,0
125526,12/12/2025,COL,ARG,6,CAMBIO-JUGADOR-ENTRA,LOCAL,59,"BETANCURT, JULIAN",1,10:00,0,0
125526,12/12/2025,COL,ARG,7,CAMBIO-JUGADOR-ENTRA,VISITANTE,2,"PETTOVELLO, BENJAMIN",1,10:00,0,0
125526,12/12/2025,COL,ARG,8,CAMBIO-JUGADOR-ENTRA,VISITANTE,4,"HERNANDEZ, MANUEL",1,10:00,0,0
125526,12/12/2025,COL,ARG,9,CAMBIO-JUGADOR-ENTRA,VISITANTE,6,"GOBETTI, BAUTISTA",1,10:00,0,0
125526,12/12/2025,COL,ARG,10,CAMBIO-JUGADOR-ENTRA,VISITANTE,8,"AMAN, GONZALO",1,10:00,0,0
125526,12/12/2025,COL,ARG,11,CAMBIO-JUGADOR-ENTRA,VISITANTE,14,"PETTINAROLI, SANTIAGO",1,10:00,0,0
125526,12/12/2025,COL,ARG,12,JUMP-BALL,,,,1,10:00,0,0
125526,12/12/2025,COL,ARG,13,JUMP-BALL,LOCAL,10,"MATEUS, ANDRES",1,9:58,0,0
125526,12/12/2025,COL,ARG,14,JUMP-BALL,VISITANTE,2,"PETTOVELLO, BENJAMIN",1,9:58,0,0
125526,12/12/2025,COL,ARG,15,CANASTA-3P,LOCAL,5,"RESTREPO, LEONARDO",1,9:44,3,0
125526,12/12/2025,COL,ARG,16,ASISTENCIA,LOCAL,7,"BERNAL, MATTHEW",1,9:44,3,0
125526,12/12/2025,COL,ARG,17,PERDIDA,VISITANTE,2,"PETTOVELLO, BENJAMIN",1,9:28,3,0
125526,12/12/2025,COL,ARG,18,RECUPERACION,LOCAL,7,"BERNAL, MATTHEW",1,9:28,3,0
125526,12/12/2025,COL,ARG,19,TIRO2-FALLADO,LOCAL,59,"BETANCURT, JULIAN",1,9:20,3,0
125526,12/12/2025,COL,ARG,20,REBOTE-DEFENSIVO,VISITANTE,8,"AMAN, GONZALO",1,9:17,3,0
125526,12/12/2025,COL,ARG,21,CANASTA-2P,VISITANTE,2,"PETTOVELLO, BENJAMIN",1,9:14,3,2
125526,12/12/2025,COL,ARG,22,ASISTENCIA,VISITANTE,8,"AMAN, GONZALO",1,9:14,3,2
125526,12/12/2025,COL,ARG,23,PERDIDA,LOCAL,14,"CAICEDO, YANSEM",1,8:56,3,2
125526,12/12/2025,COL,ARG,24,RECUPERACION,VISITANTE,4,"HERNANDEZ, MANUEL",1,8:56,3,2
125526,12/12/2025,COL,ARG,25,CANASTA-2P,VISITANTE,6,"GOBETTI, BAUTISTA",1,8:50,3,4
125526,12/12/2025,COL,ARG,26,ASISTENCIA,VISITANTE,4,"HERNANDEZ, MANUEL",1,8:50,3,4
125526,12/12/2025,COL,ARG,27,CANASTA-2P,LOCAL,59,"BETANCURT, JULIAN",1,8:28,5,4
125526,12/12/2025,COL,ARG,28,TIRO2-FALLADO,VISITANTE,8,"AMAN, GONZALO",1,8:15,5,4
125526,12/12/2025,COL,ARG,29,REBOTE-DEFENSIVO,LOCAL,10,"MATEUS, ANDRES",1,8:11,5,4
125526,12/12/2025,COL,ARG,30,TIRO2-FALLADO,LOCAL,59,"BETANCURT, JULIAN",1,7:54,5,4
125526,12/12/2025,COL,ARG,31,REBOTE-DEFENSIVO,VISITANTE,8,"AMAN, GONZALO",1,7:50,5,4
125526,12/12/2025,COL,ARG,32,CANASTA-3P,VISITANTE,14,"PETTINAROLI, SANTIAGO",1,7:45,5,7
125526,12/12/2025,COL,ARG,33,ASISTENCIA,VISITANTE,2,"PETTOVELLO, BENJAMIN",1,7:45,5,7
125526,12/12/2025,COL,ARG,34,PERDIDA,LOCAL,5,"RESTREPO, LEONARDO",1,7:17,5,7
125526,12/12/2025,COL,ARG,35,RECUPERACION,VISITANTE,8,"AMAN, GONZALO",1,7:17,5,7
125526,12/12/2025,COL,ARG,36,PERDIDA,VISITANTE,8,"AMAN, GONZALO",1,7:13,5,7
125526,12/12/2025,COL,ARG,37,RECUPERACION,LOCAL,10,"MATEUS, ANDRES",1,7:13,5,7
125526,12/12/2025,COL,ARG,38,FALTA-COMETIDA,VISITANTE,14,"PETTINAROLI, SANTIAGO",1,7:00,5,7
125526,12/12/2025,COL,ARG,39,FALTA-RECIBIDA,LOCAL,7,"BERNAL, MATTHEW",1,7:00,5,7
125526,12/12/2025,COL,ARG,40,TIRO2-FALLADO,LOCAL,10,"MATEUS, ANDRES",1,6:52,5,7
125526,12/12/2025,COL,ARG,41,REBOTE-DEFENSIVO,VISITANTE,6,"GOBETTI, BAUTISTA",1,6:49,5,7
125526,12/12/2025,COL,ARG,42,CANASTA-2P,VISITANTE,8,"AMAN, GONZALO",1,6:46,5,9
125526,12/12/2025,COL,ARG,43,FALTA-COMETIDA,LOCAL,7,"BERNAL, MATTHEW",1,6:43,5,9
125526,12/12/2025,COL,ARG,44,FALTA-RECIBIDA,VISITANTE,8,"AMAN, GONZALO",1,6:43,5,9
125526,12/12/2025,COL,ARG,45,TIRO1-FALLADO,VISITANTE,8,"AMAN, GONZALO",1,6:43,5,9
125526,12/12/2025,COL,ARG,46,REBOTE-DEFENSIVO,LOCAL,,,1,6:43,5,9
125526,12/12/2025,COL,ARG,47,CAMBIO-JUGADOR-SALE,LOCAL,14,"CAICEDO, YANSEM",1,6:43,5,9
125526,12/12/2025,COL,ARG,48,CAMBIO-JUGADOR-ENTRA,LOCAL,8,"SUAREZ, EZEKIEL",1,6:43,5,9
125526,12/12/2025,COL,ARG,49,TIRO3-FALLADO,LOCAL,5,"RESTREPO, LEONARDO",1,6:30,5,9
125526,12/12/2025,COL,ARG,50,REBOTE-DEFENSIVO,VISITANTE,6,"GOBETTI, BAUTISTA",1,6:26,5,9
125526,12/12/2025,COL,ARG,51,FALTA-COMETIDA,LOCAL,59,"BETANCURT, JULIAN",1,6:24,5,9
125526,12/12/2025,COL,ARG,52,FALTA-RECIBIDA,VISITANTE,6,"GOBETTI, BAUTISTA",1,6:24,5,9
125526,12/12/2025,COL,ARG,53,TIRO3-FALLADO,VISITANTE,4,"HERNANDEZ, MANUEL",1,6:15,5,9
125526,12/12/2025,COL,ARG,54,REBOTE-OFENSIVO,VISITANTE,,,1,6:12,5,9
125526,12/12/2025,COL,ARG,55,TIRO3-FALLADO,VISITANTE,8,"AMAN, GONZALO",1,6:09,5,9
125526,12/12/2025,COL,ARG,56,REBOTE-OFENSIVO,VISITANTE,4,"HERNANDEZ, MANUEL",1,6:03,5,9
125526,12/12/2025,COL,ARG,57,CANASTA-2P,VISITANTE,4,"HERNANDEZ, MANUEL",1,6:03,5,11
125526,12/12/2025,COL,ARG,58,FALTA-COMETIDA,VISITANTE,4,"HERNANDEZ, MANUEL",1,5:44,5,11
125526,12/12/2025,COL,ARG,59,FALTA-RECIBIDA,LOCAL,8,"SUAREZ, EZEKIEL",1,5:44,5,11
125526,12/12/2025,COL,ARG,60,CANASTA-1P,LOCAL,8,"SUAREZ, EZEKIEL",1,5:44,6,11
125526,12/12/2025,COL,ARG,61,CANASTA-1P,LOCAL,8,"SUAREZ, EZEKIEL",1,5:44,7,11
125526,12/12/2025,COL,ARG,62,TIRO1-FALLADO,LOCAL,8,"SUAREZ, EZEKIEL",1,5:44,7,11
125526,12/12/2025,COL,ARG,63,REBOTE-DEFENSIVO,VISITANTE,2,"PETTOVELLO, BENJAMIN",1,5:44,7,11
125526,12/12/2025,COL,ARG,64,CANASTA-2P,VISITANTE,14,"PETTINAROLI, SANTIAGO",1,5:34,7,13
125526,12/12/2025,COL,ARG,65,ASISTENCIA,VISITANTE,2,"PETTOVELLO, BENJAMIN",1,5:34,7,13
125526,12/12/2025,COL,ARG,66,CANASTA-2P,LOCAL,10,"MATEUS, ANDRES",1,5:26,9,13
125526,12/12/2025,COL,ARG,67,ASISTENCIA,LOCAL,7,"BERNAL, MATTHEW",1,5:26,9,13
125526,12/12/2025,COL,ARG,68,FALTA-COMETIDA,VISITANTE,8,"AMAN, GONZALO",1,5:26,9,13
125526,12/12/2025,COL,ARG,69,FALTA-RECIBIDA,LOCAL,10,"MATEUS, ANDRES",1,5:26,9,13
125526,12/12/2025,COL,ARG,70,CANASTA-1P,LOCAL,10,"MATEUS, ANDRES",1,5:26,10,13
125526,12/12/2025,COL,ARG,71,TIRO3-FALLADO,VISITANTE,14,"PETTINAROLI, SANTIAGO",1,5:16,10,13
125526,12/12/2025,COL,ARG,72,REBOTE-DEFENSIVO,LOCAL,8,"SUAREZ, EZEKIEL",1,5:12,10,13
125526,12/12/2025,COL,ARG,73,TIRO3-FALLADO,LOCAL,59,"BETANCURT, JULIAN",1,4:59,10,13
125526,12/12/2025,COL,ARG,74,REBOTE-OFENSIVO,LOCAL,59,"BETANCURT, JULIAN",1,4:55,10,13
125526,12/12/2025,COL,ARG,75,FALTA-COMETIDA,VISITANTE,8,"AMAN, GONZALO",1,4:45,10,13
125526,12/12/2025,COL,ARG,76,FALTA-RECIBIDA,LOCAL,7,"BERNAL, MATTHEW",1,4:45,10,13
125526,12/12/2025,COL,ARG,77,CAMBIO-JUGADOR-SALE,VISITANTE,6,"GOBETTI, BAUTISTA",1,4:45,10,13
125526,12/12/2025,COL,ARG,78,CAMBIO-JUGADOR-SALE,VISITANTE,8,"AMAN, GONZALO",1,4:45,10,13
125526,12/12/2025,COL,ARG,79,CAMBIO-JUGADOR-ENTRA,VISITANTE,9,"CELIZ, JOAQUIN",1,4:45,10,13
125526,12/12/2025,COL,ARG,80,CAMBIO-JUGADOR-ENTRA,VISITANTE,11,"MORAVANSKY, ROMAN",1,4:45,10,13
125526,12/12/2025,COL,ARG,81,TIRO1-FALLADO,LOCAL,7,"BERNAL, MATTHEW",1,4:45,10,13
125526,12/12/2025,COL,ARG,82,TIRO1-FALLADO,LOCAL,7,"BERNAL, MATTHEW",1,4:45,10,13
125526,12/12/2025,COL,ARG,83,REBOTE-DEFENSIVO,VISITANTE,14,"PETTINAROLI, SANTIAGO",1,4:45,10,13
125526,12/12/2025,COL,ARG,84,TIRO3-FALLADO,VISITANTE,2,"PETTOVELLO, BENJAMIN",1,4:41,10,13
125526,12/12/2025,COL,ARG,85,REBOTE-DEFENSIVO,LOCAL,5,"RESTREPO, LEONARDO",1,4:37,10,13
125526,12/12/2025,COL,ARG,86,TIRO2-FALLADO,LOCAL,59,"BETANCURT, JULIAN",1,4:33,10,13
125526,12/12/2025,COL,ARG,87,REBOTE-DEFENSIVO,VISITANTE,11,"MORAVANSKY, ROMAN",1,4:30,10,13
125526,12/12/2025,COL,ARG,88,PERDIDA,VISITANTE,2,"PETTOVELLO, BENJAMIN",1,4:22,10,13
125526,12/12/2025,COL,ARG,89,RECUPERACION,LOCAL,7,"BERNAL, MATTHEW",1,4:22,10,13
125526,12/12/2025,COL,ARG,90,TIRO2-FALLADO,LOCAL,7,"BERNAL, MATTHEW",1,4:05,10,13
125526,12/12/2025,COL,ARG,91,REBOTE-DEFENSIVO,VISITANTE,,,1,4:03,10,13
125526,12/12/2025,COL,ARG,92,TIEMPO-MUERTO-SOLICITADO,VISITANTE,,,1,4:00,10,13
125526,12/12/2025,COL,ARG,93,CAMBIO-JUGADOR-SALE,LOCAL,5,"RESTREPO, LEONARDO",1,4:00,10,13
125526,12/12/2025,COL,ARG,94,CAMBIO-JUGADOR-ENTRA,LOCAL,6,"BROWN, SALOMON",1,4:00,10,13
125526,12/12/2025,COL,ARG,95,TIRO3-FALLADO,VISITANTE,9,"CELIZ, JOAQUIN",1,3:41,10,13
125526,12/12/2025,COL,ARG,96,REBOTE-OFENSIVO,VISITANTE,2,"PETTOVELLO, BENJAMIN",1,3:37,10,13
125526,12/12/2025,COL,ARG,97,PERDIDA,VISITANTE,11,"MORAVANSKY, ROMAN",1,3:35,10,13
125526,12/12/2025,COL,ARG,98,TIRO2-FALLADO,LOCAL,7,"BERNAL, MATTHEW",1,3:11,10,13
125526,12/12/2025,COL,ARG,99,REBOTE-DEFENSIVO,VISITANTE,9,"CELIZ, JOAQUIN",1,3:08,10,13
125526,12/12/2025,COL,ARG,100,FALTA-COMETIDA,LOCAL,59,"BETANCURT, JULIAN",1,2:56,10,13
125526,12/12/2025,COL,ARG,101,FALTA-RECIBIDA,VISITANTE,9,"CELIZ, JOAQUIN",1,2:56,10,13
125526,12/12/2025,COL,ARG,102,CAMBIO-JUGADOR-SALE,LOCAL,59,"BETANCURT, JULIAN",1,2:56,10,13
125526,12/12/2025,COL,ARG,103,CAMBIO-JUGADOR-ENTRA,LOCAL,24,"HERNANDEZ, ANDRES",1,2:56,10,13
125526,12/12/2025,COL,ARG,104,CAMBIO-JUGADOR-SALE,VISITANTE,4,"HERNANDEZ, MANUEL",1,2:56,10,13
125526,12/12/2025,COL,ARG,105,CAMBIO-JUGADOR-ENTRA,VISITANTE,10,"CAUMO, JOAQUIN",1,2:56,10,13
125526,12/12/2025,COL,ARG,106,FALTA-COMETIDA,LOCAL,24,"HERNANDEZ, ANDRES",1,2:49,10,13
125526,12/12/2025,COL,ARG,107,FALTA-RECIBIDA,VISITANTE,9,"CELIZ, JOAQUIN",1,2:49,10,13
125526,12/12/2025,COL,ARG,108,CANASTA-1P,VISITANTE,9,"CELIZ, JOAQUIN",1,2:49,10,14
125526,12/12/2025,COL,ARG,109,CANASTA-1P,VISITANTE,9,"CELIZ, JOAQUIN",1,2:49,10,15
125526,12/12/2025,COL,ARG,110,CAMBIO-JUGADOR-SALE,VISITANTE,2,"PETTOVELLO, BENJAMIN",1,2:49,10,15
125526,12/12/2025,COL,ARG,111,CAMBIO-JUGADOR-ENTRA,VISITANTE,7,"TORRENS, ELIAS",1,2:49,10,15
125526,12/12/2025,COL,ARG,112,CAMBIO-JUGADOR-SALE,LOCAL,10,"MATEUS, ANDRES",1,2:49,10,15
125526,12/12/2025,COL,ARG,113,CAMBIO-JUGADOR-ENTRA,LOCAL,83,"OROZCO, ANGEL",1,2:49,10,15
125526,12/12/2025,COL,ARG,114,TIRO3-FALLADO,LOCAL,8,"SUAREZ, EZEKIEL",1,2:34,10,15
125526,12/12/2025,COL,ARG,115,REBOTE-DEFENSIVO,VISITANTE,14,"PETTINAROLI, SANTIAGO",1,2:31,10,15
125526,12/12/2025,COL,ARG,116,TIRO2-FALLADO,VISITANTE,7,"TORRENS, ELIAS",1,2:27,10,15
125526,12/12/2025,COL,ARG,117,REBOTE-DEFENSIVO,LOCAL,8,"SUAREZ, EZEKIEL",1,2:24,10,15
125526,12/12/2025,COL,ARG,118,PERDIDA,LOCAL,8,"SUAREZ, EZEKIEL",1,2:19,10,15
125526,12/12/2025,COL,ARG,119,RECUPERACION,VISITANTE,10,"CAUMO, JOAQUIN",1,2:19,10,15
125526,12/12/2025,COL,ARG,120,FALTA-COMETIDA,LOCAL,83,"OROZCO, ANGEL",1,2:15,10,15
125526,12/12/2025,COL,ARG,121,FALTA-RECIBIDA,VISITANTE,10,"CAUMO, JOAQUIN",1,2:15,10,15
125526,12/12/2025,COL,ARG,122,CAMBIO-JUGADOR-SALE,LOCAL,8,"SUAREZ, EZEKIEL",1,2:15,10,15
125526,12/12/2025,COL,ARG,123,CAMBIO-JUGADOR-ENTRA,LOCAL,14,"CAICEDO, YANSEM",1,2:15,10,15
125526,12/12/2025,COL,ARG,124,CANASTA-1P,VISITANTE,10,"CAUMO, JOAQUIN",1,2:15,10,16
125526,12/12/2025,COL,ARG,125,TIRO1-FALLADO,VISITANTE,10,"CAUMO, JOAQUIN",1,2:15,10,16
125526,12/12/2025,COL,ARG,126,REBOTE-DEFENSIVO,LOCAL,24,"HERNANDEZ, ANDRES",1,2:15,10,16
125526,12/12/2025,COL,ARG,127,CANASTA-2P,LOCAL,24,"HERNANDEZ, ANDRES",1,2:03,12,16
125526,12/12/2025,COL,ARG,128,TIRO2-FALLADO,VISITANTE,7,"TORRENS, ELIAS",1,1:47,12,16
125526,12/12/2025,COL,ARG,129,REBOTE-DEFENSIVO,LOCAL,83,"OROZCO, ANGEL",1,1:43,12,16
125526,12/12/2025,COL,ARG,130,FALTA-COMETIDA,LOCAL,83,"OROZCO, ANGEL",1,1:35,12,16
125526,12/12/2025,COL,ARG,131,PERDIDA,LOCAL,83,"OROZCO, ANGEL",1,1:35,12,16
125526,12/12/2025,COL,ARG,132,FALTA-RECIBIDA,VISITANTE,14,"PETTINAROLI, SANTIAGO",1,1:35,12,16
125526,12/12/2025,COL,ARG,133,TIRO2-FALLADO,VISITANTE,9,"CELIZ, JOAQUIN",1,1:21,12,16
125526,12/12/2025,COL,ARG,134,REBOTE-OFENSIVO,VISITANTE,7,"TORRENS, ELIAS",1,1:18,12,16
125526,12/12/2025,COL,ARG,135,FALTA-COMETIDA,LOCAL,83,"OROZCO, ANGEL",1,1:15,12,16
125526,12/12/2025,COL,ARG,136,FALTA-RECIBIDA,VISITANTE,14,"PETTINAROLI, SANTIAGO",1,1:15,12,16
125526,12/12/2025,COL,ARG,137,CAMBIO-JUGADOR-SALE,LOCAL,83,"OROZCO, ANGEL",1,1:15,12,16
125526,12/12/2025,COL,ARG,138,CAMBIO-JUGADOR-ENTRA,LOCAL,10,"MATEUS, ANDRES",1,1:15,12,16
125526,12/12/2025,COL,ARG,139,TIRO1-FALLADO,VISITANTE,14,"PETTINAROLI, SANTIAGO",1,1:15,12,16
125526,12/12/2025,COL,ARG,140,CANASTA-1P,VISITANTE,14,"PETTINAROLI, SANTIAGO",1,1:15,12,17
125526,12/12/2025,COL,ARG,141,ASISTENCIA,VISITANTE,9,"CELIZ, JOAQUIN",1,1:15,12,17
125526,12/12/2025,COL,ARG,142,FALTA-COMETIDA,VISITANTE,9,"CELIZ, JOAQUIN",1,0:59,12,17
125526,12/12/2025,COL,ARG,143,FALTA-RECIBIDA,LOCAL,24,"HERNANDEZ, ANDRES",1,0:59,12,17
125526,12/12/2025,COL,ARG,144,CANASTA-1P,LOCAL,24,"HERNANDEZ, ANDRES",1,0:59,13,17
125526,12/12/2025,COL,ARG,145,TIRO1-FALLADO,LOCAL,24,"HERNANDEZ, ANDRES",1,0:59,13,17
125526,12/12/2025,COL,ARG,146,REBOTE-DEFENSIVO,VISITANTE,7,"TORRENS, ELIAS",1,0:59,13,17
125526,12/12/2025,COL,ARG,147,CAMBIO-JUGADOR-SALE,VISITANTE,14,"PETTINAROLI, SANTIAGO",1,0:57,13,17
125526,12/12/2025,COL,ARG,148,CAMBIO-JUGADOR-ENTRA,VISITANTE,5,"CORNALIS, FACUNDO",1,0:57,13,17
125526,12/12/2025,COL,ARG,149,TIRO3-FALLADO,VISITANTE,10,"CAUMO, JOAQUIN",1,0:50,13,17
125526,12/12/2025,COL,ARG,150,REBOTE-OFENSIVO,VISITANTE,9,"CELIZ, JOAQUIN",1,0:47,13,17
125526,12/12/2025,COL,ARG,151,TIRO2-FALLADO,VISITANTE,5,"CORNALIS, FACUNDO",1,0:44,13,17
125526,12/12/2025,COL,ARG,152,REBOTE-OFENSIVO,VISITANTE,10,"CAUMO, JOAQUIN",1,0:37,13,17
125526,12/12/2025,COL,ARG,153,TIRO2-FALLADO,VISITANTE,10,"CAUMO, JOAQUIN",1,0:37,13,17
125526,12/12/2025,COL,ARG,154,REBOTE-DEFENSIVO,LOCAL,6,"BROWN, SALOMON",1,0:36,13,17
125526,12/12/2025,COL,ARG,155,CANASTA-2P,LOCAL,7,"BERNAL, MATTHEW",1,0:27,15,17
125526,12/12/2025,COL,ARG,156,PERDIDA,VISITANTE,11,"MORAVANSKY, ROMAN",1,0:14,15,17
125526,12/12/2025,COL,ARG,157,RECUPERACION,LOCAL,14,"CAICEDO, YANSEM",1,0:14,15,17
125526,12/12/2025,COL,ARG,158,CANASTA-2P,LOCAL,14,"CAICEDO, YANSEM",1,0:09,17,17
125526,12/12/2025,COL,ARG,159,TIRO3-FALLADO,VISITANTE,10,"CAUMO, JOAQUIN",1,0:02,17,17
125526,12/12/2025,COL,ARG,160,REBOTE-OFENSIVO,VISITANTE,,,1,0:02,17,17
125526,12/12/2025,COL,ARG,161,FALTA-COMETIDA,LOCAL,14,"CAICEDO, YANSEM",1,0:02,17,17
125526,12/12/2025,COL,ARG,162,FALTA-RECIBIDA,VISITANTE,10,"CAUMO, JOAQUIN",1,0:02,17,17
125526,12/12/2025,COL,ARG,163,CANASTA-1P,VISITANTE,10,"CAUMO, JOAQUIN",1,0:02,17,18
125526,12/12/2025,COL,ARG,164,CANASTA-1P,VISITANTE,10,"CAUMO, JOAQUIN",1,0:02,17,19
125526,12/12/2025,COL,ARG,165,CANASTA-1P,VISITANTE,10,"CAUMO, JOAQUIN",1,0:02,17,20
125526,12/12/2025,COL,ARG,166,FINAL-PERIODO,,,,1,0:00,17,20
125526,12/12/2025,COL,ARG,167,CAMBIO-JUGADOR-SALE,LOCAL,6,"BROWN, SALOMON",2,10:00,17,20
125526,12/12/2025,COL,ARG,168,CAMBIO-JUGADOR-ENTRA,LOCAL,5,"RESTREPO, LEONARDO",2,10:00,17,20
125526,12/12/2025,COL,ARG,169,INICIO-PERIODO,,,,2,10:00,17,20
125526,12/12/2025,COL,ARG,170,TIRO3-FALLADO,VISITANTE,10,"CAUMO, JOAQUIN",2,9:49,17,20
125526,12/12/2025,COL,ARG,171,REBOTE-DEFENSIVO,LOCAL,14,"CAICEDO, YANSEM",2,9:45,17,20
125526,12/12/2025,COL,ARG,172,TIRO2-FALLADO,LOCAL,14,"CAICEDO, YANSEM",2,9:25,17,20
125526,12/12/2025,COL,ARG,173,REBOTE-DEFENSIVO,VISITANTE,7,"TORRENS, ELIAS",2,9:21,17,20
125526,12/12/2025,COL,ARG,174,FALTA-COMETIDA,LOCAL,10,"MATEUS, ANDRES",2,9:19,17,20
125526,12/12/2025,COL,ARG,175,FALTA-RECIBIDA,VISITANTE,7,"TORRENS, ELIAS",2,9:19,17,20
125526,12/12/2025,COL,ARG,176,CAMBIO-JUGADOR-SALE,LOCAL,14,"CAICEDO, YANSEM",2,9:19,17,20
125526,12/12/2025,COL,ARG,177,CAMBIO-JUGADOR-ENTRA,LOCAL,8,"SUAREZ, EZEKIEL",2,9:19,17,20
125526,12/12/2025,COL,ARG,178,TIRO3-FALLADO,VISITANTE,5,"CORNALIS, FACUNDO",2,9:09,17,20
125526,12/12/2025,COL,ARG,179,REBOTE-DEFENSIVO,LOCAL,,,2,9:06,17,20
125526,12/12/2025,COL,ARG,180,TIRO2-FALLADO,LOCAL,24,"HERNANDEZ, ANDRES",2,8:47,17,20
125526,12/12/2025,COL,ARG,181,REBOTE-DEFENSIVO,VISITANTE,7,"TORRENS, ELIAS",2,8:43,17,20
125526,12/12/2025,COL,ARG,182,FALTA-COMETIDA,LOCAL,24,"HERNANDEZ, ANDRES",2,8:37,17,20
125526,12/12/2025,COL,ARG,183,FALTA-RECIBIDA,VISITANTE,7,"TORRENS, ELIAS",2,8:37,17,20
125526,12/12/2025,COL,ARG,184,CANASTA-1P,VISITANTE,7,"TORRENS, ELIAS",2,8:37,17,21
125526,12/12/2025,COL,ARG,185,TIRO1-FALLADO,VISITANTE,7,"TORRENS, ELIAS",2,8:37,17,21
125526,12/12/2025,COL,ARG,186,REBOTE-DEFENSIVO,LOCAL,8,"SUAREZ, EZEKIEL",2,8:37,17,21
125526,12/12/2025,COL,ARG,187,TIRO2-FALLADO,LOCAL,7,"BERNAL, MATTHEW",2,8:20,17,21
125526,12/12/2025,COL,ARG,188,TAPON-COMETIDO,VISITANTE,7,"TORRENS, ELIAS",2,8:20,17,21
125526,12/12/2025,COL,ARG,189,REBOTE-DEFENSIVO,VISITANTE,10,"CAUMO, JOAQUIN",2,8:13,17,21
125526,12/12/2025,COL,ARG,190,CANASTA-2P,VISITANTE,10,"CAUMO, JOAQUIN",2,8:12,17,23
125526,12/12/2025,COL,ARG,191,CANASTA-3P,LOCAL,24,"HERNANDEZ, ANDRES",2,7:57,20,23
125526,12/12/2025,COL,ARG,192,ASISTENCIA,LOCAL,7,"BERNAL, MATTHEW",2,7:57,20,23
125526,12/12/2025,COL,ARG,193,PERDIDA,VISITANTE,10,"CAUMO, JOAQUIN",2,7:34,20,23
125526,12/12/2025,COL,ARG,194,CAMBIO-JUGADOR-SALE,LOCAL,24,"HERNANDEZ, ANDRES",2,7:34,20,23
125526,12/12/2025,COL,ARG,195,CAMBIO-JUGADOR-ENTRA,LOCAL,32,"RIOS, SANTIAGO",2,7:34,20,23
125526,12/12/2025,COL,ARG,196,CAMBIO-JUGADOR-SALE,VISITANTE,9,"CELIZ, JOAQUIN",2,7:34,20,23
125526,12/12/2025,COL,ARG,197,CAMBIO-JUGADOR-SALE,VISITANTE,11,"MORAVANSKY, ROMAN",2,7:34,20,23
125526,12/12/2025,COL,ARG,198,CAMBIO-JUGADOR-ENTRA,VISITANTE,6,"GOBETTI, BAUTISTA",2,7:34,20,23
125526,12/12/2025,COL,ARG,199,CAMBIO-JUGADOR-ENTRA,VISITANTE,12,"FESSIA, MATEO",2,7:34,20,23
125526,12/12/2025,COL,ARG,200,FALTA-COMETIDA,VISITANTE,10,"CAUMO, JOAQUIN",2,7:15,20,23
125526,12/12/2025,COL,ARG,201,FALTA-RECIBIDA,LOCAL,8,"SUAREZ, EZEKIEL",2,7:15,20,23
125526,12/12/2025,COL,ARG,202,CAMBIO-JUGADOR-SALE,VISITANTE,10,"CAUMO, JOAQUIN",2,7:15,20,23
125526,12/12/2025,COL,ARG,203,CAMBIO-JUGADOR-ENTRA,VISITANTE,4,"HERNANDEZ, MANUEL",2,7:15,20,23
125526,12/12/2025,COL,ARG,204,CANASTA-1P,LOCAL,8,"SUAREZ, EZEKIEL",2,7:15,21,23
125526,12/12/2025,COL,ARG,205,CANASTA-1P,LOCAL,8,"SUAREZ, EZEKIEL",2,7:15,22,23
125526,12/12/2025,COL,ARG,206,TIEMPO-MUERTO-SOLICITADO,VISITANTE,,,2,6:50,22,23
125526,12/12/2025,COL,ARG,207,CAMBIO-JUGADOR-SALE,VISITANTE,7,"TORRENS, ELIAS",2,6:50,22,23
125526,12/12/2025,COL,ARG,208,CAMBIO-JUGADOR-ENTRA,VISITANTE,2,"PETTOVELLO, BENJAMIN",2,6:50,22,23
125526,12/12/2025,COL,ARG,209,CANASTA-2P,LOCAL,7,"BERNAL, MATTHEW",2,6:36,24,23
125526,12/12/2025,COL,ARG,210,CANASTA-2P,VISITANTE,12,"FESSIA, MATEO",2,6:21,24,25
125526,12/12/2025,COL,ARG,211,TIRO3-FALLADO,LOCAL,5,"RESTREPO, LEONARDO",2,6:03,24,25
125526,12/12/2025,COL,ARG,212,REBOTE-OFENSIVO,LOCAL,,,2,6:00,24,25
125526,12/12/2025,COL,ARG,213,TIEMPO-MUERTO-SOLICITADO,LOCAL,,,2,6:00,24,25
125526,12/12/2025,COL,ARG,214,CAMBIO-JUGADOR-SALE,VISITANTE,5,"CORNALIS, FACUNDO",2,6:00,24,25
125526,12/12/2025,COL,ARG,215,CAMBIO-JUGADOR-ENTRA,VISITANTE,14,"PETTINAROLI, SANTIAGO",2,6:00,24,25
125526,12/12/2025,COL,ARG,216,PERDIDA,LOCAL,32,"RIOS, SANTIAGO",2,5:59,24,25
125526,12/12/2025,COL,ARG,217,TIRO2-FALLADO,VISITANTE,2,"PETTOVELLO, BENJAMIN",2,5:36,24,25
125526,12/12/2025,COL,ARG,218,REBOTE-OFENSIVO,VISITANTE,14,"PETTINAROLI, SANTIAGO",2,5:30,24,25
125526,12/12/2025,COL,ARG,219,TIRO3-FALLADO,VISITANTE,14,"PETTINAROLI, SANTIAGO",2,5:29,24,25
125526,12/12/2025,COL,ARG,220,REBOTE-OFENSIVO,VISITANTE,12,"FESSIA, MATEO",2,5:26,24,25
125526,12/12/2025,COL,ARG,221,TIRO3-FALLADO,VISITANTE,4,"HERNANDEZ, MANUEL",2,5:24,24,25
125526,12/12/2025,COL,ARG,222,REBOTE-DEFENSIVO,LOCAL,8,"SUAREZ, EZEKIEL",2,5:21,24,25
125526,12/12/2025,COL,ARG,223,FALTA-COMETIDA,VISITANTE,2,"PETTOVELLO, BENJAMIN",2,5:21,24,25
125526,12/12/2025,COL,ARG,224,FALTA-RECIBIDA,LOCAL,8,"SUAREZ, EZEKIEL",2,5:21,24,25
125526,12/12/2025,COL,ARG,225,TIRO2-FALLADO,LOCAL,32,"RIOS, SANTIAGO",2,5:10,24,25
125526,12/12/2025,COL,ARG,226,REBOTE-DEFENSIVO,VISITANTE,14,"PETTINAROLI, SANTIAGO",2,5:06,24,25
125526,12/12/2025,COL,ARG,227,FALTA-COMETIDA,LOCAL,32,"RIOS, SANTIAGO",2,4:53,24,25
125526,12/12/2025,COL,ARG,228,FALTA-RECIBIDA,VISITANTE,2,"PETTOVELLO, BENJAMIN",2,4:53,24,25
125526,12/12/2025,COL,ARG,229,CAMBIO-JUGADOR-SALE,LOCAL,32,"RIOS, SANTIAGO",2,4:53,24,25
125526,12/12/2025,COL,ARG,230,CAMBIO-JUGADOR-ENTRA,LOCAL,59,"BETANCURT, JULIAN",2,4:53,24,25
125526,12/12/2025,COL,ARG,231,CANASTA-1P,VISITANTE,2,"PETTOVELLO, BENJAMIN",2,4:53,24,26
125526,12/12/2025,COL,ARG,232,ASISTENCIA,VISITANTE,14,"PETTINAROLI, SANTIAGO",2,4:53,24,26
125526,12/12/2025,COL,ARG,233,TIRO1-FALLADO,VISITANTE,2,"PETTOVELLO, BENJAMIN",2,4:53,24,26
125526,12/12/2025,COL,ARG,234,REBOTE-DEFENSIVO,LOCAL,10,"MATEUS, ANDRES",2,4:53,24,26
125526,12/12/2025,COL,ARG,235,CANASTA-2P,LOCAL,7,"BERNAL, MATTHEW",2,4:40,26,26
125526,12/12/2025,COL,ARG,236,PERDIDA,VISITANTE,14,"PETTINAROLI, SANTIAGO",2,4:19,26,26
125526,12/12/2025,COL,ARG,237,RECUPERACION,LOCAL,5,"RESTREPO, LEONARDO",2,4:19,26,26
125526,12/12/2025,COL,ARG,238,TIRO3-FALLADO,LOCAL,5,"RESTREPO, LEONARDO",2,4:08,26,26
125526,12/12/2025,COL,ARG,239,REBOTE-DEFENSIVO,VISITANTE,2,"PETTOVELLO, BENJAMIN",2,4:04,26,26
125526,12/12/2025,COL,ARG,240,FALTA-COMETIDA,LOCAL,59,"BETANCURT, JULIAN",2,4:04,26,26
125526,12/12/2025,COL,ARG,241,FALTA-RECIBIDA,VISITANTE,2,"PETTOVELLO, BENJAMIN",2,4:04,26,26
125526,12/12/2025,COL,ARG,242,TIRO3-FALLADO,VISITANTE,6,"GOBETTI, BAUTISTA",2,3:47,26,26
125526,12/12/2025,COL,ARG,243,REBOTE-OFENSIVO,VISITANTE,14,"PETTINAROLI, SANTIAGO",2,3:43,26,26
125526,12/12/2025,COL,ARG,244,TIRO2-FALLADO,VISITANTE,14,"PETTINAROLI, SANTIAGO",2,3:42,26,26
125526,12/12/2025,COL,ARG,245,TAPON-COMETIDO,LOCAL,8,"SUAREZ, EZEKIEL",2,3:42,26,26
125526,12/12/2025,COL,ARG,246,REBOTE-DEFENSIVO,LOCAL,7,"BERNAL, MATTHEW",2,3:38,26,26
125526,12/12/2025,COL,ARG,247,FALTA-COMETIDA,LOCAL,10,"MATEUS, ANDRES",2,3:33,26,26
125526,12/12/2025,COL,ARG,248,PERDIDA,LOCAL,10,"MATEUS, ANDRES",2,3:33,26,26
125526,12/12/2025,COL,ARG,249,FALTA-RECIBIDA,VISITANTE,14,"PETTINAROLI, SANTIAGO",2,3:33,26,26
125526,12/12/2025,COL,ARG,250,CAMBIO-JUGADOR-SALE,LOCAL,7,"BERNAL, MATTHEW",2,3:33,26,26
125526,12/12/2025,COL,ARG,251,CAMBIO-JUGADOR-SALE,LOCAL,10,"MATEUS, ANDRES",2,3:33,26,26
125526,12/12/2025,COL,ARG,252,CAMBIO-JUGADOR-ENTRA,LOCAL,4,"SANCHEZ, ALEJANDRO",2,3:33,26,26
125526,12/12/2025,COL,ARG,253,CAMBIO-JUGADOR-ENTRA,LOCAL,6,"BROWN, SALOMON",2,3:33,26,26
125526,12/12/2025,COL,ARG,254,CAMBIO-JUGADOR-SALE,VISITANTE,12,"FESSIA, MATEO",2,3:33,26,26
125526,12/12/2025,COL,ARG,255,CAMBIO-JUGADOR-ENTRA,VISITANTE,8,"AMAN, GONZALO",2,3:33,26,26
125526,12/12/2025,COL,ARG,256,CANASTA-3P,VISITANTE,4,"HERNANDEZ, MANUEL",2,3:18,26,29
125526,12/12/2025,COL,ARG,257,ASISTENCIA,VISITANTE,14,"PETTINAROLI, SANTIAGO",2,3:18,26,29
125526,12/12/2025,COL,ARG,258,CANASTA-3P,LOCAL,5,"RESTREPO, LEONARDO",2,3:00,29,29
125526,12/12/2025,COL,ARG,259,TIRO3-FALLADO,VISITANTE,8,"AMAN, GONZALO",2,2:43,29,29
125526,12/12/2025,COL,ARG,260,REBOTE-DEFENSIVO,LOCAL,5,"RESTREPO, LEONARDO",2,2:38,29,29
125526,12/12/2025,COL,ARG,261,TIRO2-FALLADO,LOCAL,8,"SUAREZ, EZEKIEL",2,2:30,29,29
125526,12/12/2025,COL,ARG,262,REBOTE-DEFENSIVO,VISITANTE,2,"PETTOVELLO, BENJAMIN",2,2:27,29,29
125526,12/12/2025,COL,ARG,263,TIRO2-FALLADO,VISITANTE,6,"GOBETTI, BAUTISTA",2,2:24,29,29
125526,12/12/2025,COL,ARG,264,REBOTE-OFENSIVO,VISITANTE,2,"PETTOVELLO, BENJAMIN",2,2:19,29,29
125526,12/12/2025,COL,ARG,265,TIRO2-FALLADO,VISITANTE,2,"PETTOVELLO, BENJAMIN",2,2:19,29,29
125526,12/12/2025,COL,ARG,266,REBOTE-OFENSIVO,VISITANTE,14,"PETTINAROLI, SANTIAGO",2,2:17,29,29
125526,12/12/2025,COL,ARG,267,PERDIDA,VISITANTE,14,"PETTINAROLI, SANTIAGO",2,2:17,29,29
125526,12/12/2025,COL,ARG,268,TIEMPO-MUERTO-SOLICITADO,LOCAL,,,2,2:17,29,29
125526,12/12/2025,COL,ARG,269,CAMBIO-JUGADOR-SALE,LOCAL,59,"BETANCURT, JULIAN",2,2:17,29,29
125526,12/12/2025,COL,ARG,270,CAMBIO-JUGADOR-ENTRA,LOCAL,24,"HERNANDEZ, ANDRES",2,2:17,29,29
125526,12/12/2025,COL,ARG,271,TIRO3-FALLADO,LOCAL,5,"RESTREPO, LEONARDO",2,2:10,29,29
125526,12/12/2025,COL,ARG,272,REBOTE-DEFENSIVO,VISITANTE,4,"HERNANDEZ, MANUEL",2,2:07,29,29
125526,12/12/2025,COL,ARG,273,TIRO3-FALLADO,VISITANTE,14,"PETTINAROLI, SANTIAGO",2,1:56,29,29
125526,12/12/2025,COL,ARG,274,REBOTE-DEFENSIVO,LOCAL,6,"BROWN, SALOMON",2,1:51,29,29
125526,12/12/2025,COL,ARG,275,TIRO3-FALLADO,LOCAL,4,"SANCHEZ, ALEJANDRO",2,1:32,29,29
125526,12/12/2025,COL,ARG,276,REBOTE-DEFENSIVO,VISITANTE,2,"PETTOVELLO, BENJAMIN",2,1:28,29,29
125526,12/12/2025,COL,ARG,277,PERDIDA,VISITANTE,14,"PETTINAROLI, SANTIAGO",2,1:17,29,29
125526,12/12/2025,COL,ARG,278,CAMBIO-JUGADOR-SALE,LOCAL,4,"SANCHEZ, ALEJANDRO",2,1:17,29,29
125526,12/12/2025,COL,ARG,279,CAMBIO-JUGADOR-ENTRA,LOCAL,7,"BERNAL, MATTHEW",2,1:17,29,29
125526,12/12/2025,COL,ARG,280,FALTA-COMETIDA,VISITANTE,8,"AMAN, GONZALO",2,1:09,29,29
125526,12/12/2025,COL,ARG,281,FALTA-RECIBIDA,LOCAL,7,"BERNAL, MATTHEW",2,1:09,29,29
125526,12/12/2025,COL,ARG,282,CAMBIO-JUGADOR-SALE,VISITANTE,8,"AMAN, GONZALO",2,1:09,29,29
125526,12/12/2025,COL,ARG,283,CAMBIO-JUGADOR-ENTRA,VISITANTE,12,"FESSIA, MATEO",2,1:09,29,29
125526,12/12/2025,COL,ARG,284,TIRO1-FALLADO,LOCAL,7,"BERNAL, MATTHEW",2,1:09,29,29
125526,12/12/2025,COL,ARG,285,CANASTA-1P,LOCAL,7,"BERNAL, MATTHEW",2,1:09,30,29
125526,12/12/2025,COL,ARG,286,FALTA-COMETIDA,LOCAL,24,"HERNANDEZ, ANDRES",2,1:03,30,29
125526,12/12/2025,COL,ARG,287,FALTA-RECIBIDA,VISITANTE,12,"FESSIA, MATEO",2,1:03,30,29
125526,12/12/2025,COL,ARG,288,CAMBIO-JUGADOR-SALE,LOCAL,24,"HERNANDEZ, ANDRES",2,1:03,30,29
125526,12/12/2025,COL,ARG,289,CAMBIO-JUGADOR-ENTRA,LOCAL,14,"CAICEDO, YANSEM",2,1:03,30,29
125526,12/12/2025,COL,ARG,290,CANASTA-1P,VISITANTE,12,"FESSIA, MATEO",2,1:03,30,30
125526,12/12/2025,COL,ARG,291,CANASTA-1P,VISITANTE,12,"FESSIA, MATEO",2,1:03,30,31
125526,12/12/2025,COL,ARG,292,TIRO3-FALLADO,LOCAL,8,"SUAREZ, EZEKIEL",2,0:48,30,31
125526,12/12/2025,COL,ARG,293,REBOTE-DEFENSIVO,VISITANTE,6,"GOBETTI, BAUTISTA",2,0:44,30,31
125526,12/12/2025,COL,ARG,294,CANASTA-2P,VISITANTE,12,"FESSIA, MATEO",2,0:33,30,33
125526,12/12/2025,COL,ARG,295,TIRO2-FALLADO,LOCAL,7,"BERNAL, MATTHEW",2,0:17,30,33
125526,12/12/2025,COL,ARG,296,REBOTE-DEFENSIVO,VISITANTE,12,"FESSIA, MATEO",2,0:11,30,33
125526,12/12/2025,COL,ARG,297,TIRO2-FALLADO,VISITANTE,2,"PETTOVELLO, BENJAMIN",2,0:05,30,33
125526,12/12/2025,COL,ARG,298,REBOTE-DEFENSIVO,LOCAL,5,"RESTREPO, LEONARDO",2,0:05,30,33
125526,12/12/2025,COL,ARG,299,FINAL-PERIODO,,,,2,0:00,30,33
125526,12/12/2025,COL,ARG,300,CAMBIO-JUGADOR-SALE,LOCAL,6,"BROWN, SALOMON",3,10:00,30,33
125526,12/12/2025,COL,ARG,301,CAMBIO-JUGADOR-ENTRA,LOCAL,10,"MATEUS, ANDRES",3,10:00,30,33
125526,12/12/2025,COL,ARG,302,CAMBIO-JUGADOR-SALE,VISITANTE,6,"GOBETTI, BAUTISTA",3,10:00,30,33
125526,12/12/2025,COL,ARG,303,CAMBIO-JUGADOR-ENTRA,VISITANTE,11,"MORAVANSKY, ROMAN",3,10:00,30,33
125526,12/12/2025,COL,ARG,304,INICIO-PERIODO,,,,3,10:00,30,33
125526,12/12/2025,COL,ARG,305,PERDIDA,LOCAL,8,"SUAREZ, EZEKIEL",3,9:48,30,33
125526,12/12/2025,COL,ARG,306,RECUPERACION,VISITANTE,2,"PETTOVELLO, BENJAMIN",3,9:48,30,33
125526,12/12/2025,COL,ARG,307,FALTA-COMETIDA,LOCAL,8,"SUAREZ, EZEKIEL",3,9:48,30,33
125526,12/12/2025,COL,ARG,308,FALTA-RECIBIDA,VISITANTE,2,"PETTOVELLO, BENJAMIN",3,9:48,30,33
125526,12/12/2025,COL,ARG,309,FALTA-COMETIDA,VISITANTE,2,"PETTOVELLO, BENJAMIN",3,9:48,30,33
125526,12/12/2025,COL,ARG,310,PERDIDA,VISITANTE,2,"PETTOVELLO, BENJAMIN",3,9:48,30,33
125526,12/12/2025,COL,ARG,311,FALTA-RECIBIDA,LOCAL,8,"SUAREZ, EZEKIEL",3,9:48,30,33
125526,12/12/2025,COL,ARG,312,CANASTA-1P,LOCAL,8,"SUAREZ, EZEKIEL",3,9:48,31,33
125526,12/12/2025,COL,ARG,313,CANASTA-1P,LOCAL,8,"SUAREZ, EZEKIEL",3,9:48,32,33
125526,12/12/2025,COL,ARG,314,TIRO3-FALLADO,LOCAL,8,"SUAREZ, EZEKIEL",3,9:31,32,33
125526,12/12/2025,COL,ARG,315,REBOTE-DEFENSIVO,VISITANTE,12,"FESSIA, MATEO",3,9:28,32,33
125526,12/12/2025,COL,ARG,316,TIRO2-FALLADO,VISITANTE,4,"HERNANDEZ, MANUEL",3,9:24,32,33
125526,12/12/2025,COL,ARG,317,REBOTE-OFENSIVO,VISITANTE,2,"PETTOVELLO, BENJAMIN",3,9:18,32,33
125526,12/12/2025,COL,ARG,318,CANASTA-2P,VISITANTE,2,"PETTOVELLO, BENJAMIN",3,9:15,32,35
125526,12/12/2025,COL,ARG,319,ASISTENCIA,VISITANTE,12,"FESSIA, MATEO",3,9:15,32,35
125526,12/12/2025,COL,ARG,320,TIRO2-FALLADO,LOCAL,14,"CAICEDO, YANSEM",3,8:43,32,35
125526,12/12/2025,COL,ARG,321,REBOTE-DEFENSIVO,VISITANTE,12,"FESSIA, MATEO",3,8:39,32,35
125526,12/12/2025,COL,ARG,322,CANASTA-2P,VISITANTE,14,"PETTINAROLI, SANTIAGO",3,8:38,32,37
125526,12/12/2025,COL,ARG,323,ASISTENCIA,VISITANTE,12,"FESSIA, MATEO",3,8:38,32,37
125526,12/12/2025,COL,ARG,324,CANASTA-3P,LOCAL,5,"RESTREPO, LEONARDO",3,8:22,35,37
125526,12/12/2025,COL,ARG,325,ASISTENCIA,LOCAL,8,"SUAREZ, EZEKIEL",3,8:22,35,37
125526,12/12/2025,COL,ARG,326,TIRO3-FALLADO,VISITANTE,4,"HERNANDEZ, MANUEL",3,7:58,35,37
125526,12/12/2025,COL,ARG,327,REBOTE-DEFENSIVO,LOCAL,7,"BERNAL, MATTHEW",3,7:54,35,37
125526,12/12/2025,COL,ARG,328,FALTA-COMETIDA,VISITANTE,12,"FESSIA, MATEO",3,7:38,35,37
125526,12/12/2025,COL,ARG,329,FALTA-RECIBIDA,LOCAL,10,"MATEUS, ANDRES",3,7:38,35,37
125526,12/12/2025,COL,ARG,330,CAMBIO-JUGADOR-SALE,LOCAL,8,"SUAREZ, EZEKIEL",3,7:38,35,37
125526,12/12/2025,COL,ARG,331,CAMBIO-JUGADOR-SALE,LOCAL,14,"CAICEDO, YANSEM",3,7:38,35,37
125526,12/12/2025,COL,ARG,332,CAMBIO-JUGADOR-ENTRA,LOCAL,24,"HERNANDEZ, ANDRES",3,7:38,35,37
125526,12/12/2025,COL,ARG,333,CAMBIO-JUGADOR-ENTRA,LOCAL,59,"BETANCURT, JULIAN",3,7:38,35,37
125526,12/12/2025,COL,ARG,334,TIRO1-FALLADO,LOCAL,10,"MATEUS, ANDRES",3,7:38,35,37
125526,12/12/2025,COL,ARG,335,TIRO1-FALLADO,LOCAL,10,"MATEUS, ANDRES",3,7:38,35,37
125526,12/12/2025,COL,ARG,336,REBOTE-DEFENSIVO,VISITANTE,11,"MORAVANSKY, ROMAN",3,7:38,35,37
125526,12/12/2025,COL,ARG,337,TIRO3-FALLADO,VISITANTE,4,"HERNANDEZ, MANUEL",3,7:25,35,37
125526,12/12/2025,COL,ARG,338,REBOTE-DEFENSIVO,LOCAL,5,"RESTREPO, LEONARDO",3,7:21,35,37
125526,12/12/2025,COL,ARG,339,TIRO3-FALLADO,LOCAL,24,"HERNANDEZ, ANDRES",3,7:06,35,37
125526,12/12/2025,COL,ARG,340,REBOTE-DEFENSIVO,VISITANTE,,,3,7:02,35,37
125526,12/12/2025,COL,ARG,341,TIRO2-FALLADO,VISITANTE,4,"HERNANDEZ, MANUEL",3,6:50,35,37
125526,12/12/2025,COL,ARG,342,REBOTE-OFENSIVO,VISITANTE,2,"PETTOVELLO, BENJAMIN",3,6:43,35,37
125526,12/12/2025,COL,ARG,343,TIRO2-FALLADO,VISITANTE,12,"FESSIA, MATEO",3,6:37,35,37
125526,12/12/2025,COL,ARG,344,REBOTE-DEFENSIVO,LOCAL,10,"MATEUS, ANDRES",3,6:34,35,37
125526,12/12/2025,COL,ARG,345,PERDIDA,LOCAL,24,"HERNANDEZ, ANDRES",3,6:27,35,37
125526,12/12/2025,COL,ARG,346,RECUPERACION,VISITANTE,12,"FESSIA, MATEO",3,6:27,35,37
125526,12/12/2025,COL,ARG,347,FALTA-COMETIDA,VISITANTE,2,"PETTOVELLO, BENJAMIN",3,6:22,35,37
125526,12/12/2025,COL,ARG,348,PERDIDA,VISITANTE,2,"PETTOVELLO, BENJAMIN",3,6:22,35,37
125526,12/12/2025,COL,ARG,349,FALTA-RECIBIDA,LOCAL,24,"HERNANDEZ, ANDRES",3,6:22,35,37
125526,12/12/2025,COL,ARG,350,CAMBIO-JUGADOR-SALE,VISITANTE,2,"PETTOVELLO, BENJAMIN",3,6:22,35,37
125526,12/12/2025,COL,ARG,351,CAMBIO-JUGADOR-ENTRA,VISITANTE,7,"TORRENS, ELIAS",3,6:22,35,37
125526,12/12/2025,COL,ARG,352,TIRO3-FALLADO,LOCAL,5,"RESTREPO, LEONARDO",3,6:10,35,37
125526,12/12/2025,COL,ARG,353,REBOTE-DEFENSIVO,VISITANTE,12,"FESSIA, MATEO",3,6:06,35,37
125526,12/12/2025,COL,ARG,354,CANASTA-2P,VISITANTE,14,"PETTINAROLI, SANTIAGO",3,6:02,35,39
125526,12/12/2025,COL,ARG,355,ASISTENCIA,VISITANTE,11,"MORAVANSKY, ROMAN",3,6:02,35,39
125526,12/12/2025,COL,ARG,356,CANASTA-3P,LOCAL,24,"HERNANDEZ, ANDRES",3,5:39,38,39
125526,12/12/2025,COL,ARG,357,ASISTENCIA,LOCAL,59,"BETANCURT, JULIAN",3,5:39,38,39
125526,12/12/2025,COL,ARG,358,FALTA-COMETIDA,LOCAL,10,"MATEUS, ANDRES",3,5:38,38,39
125526,12/12/2025,COL,ARG,359,FALTA-RECIBIDA,VISITANTE,4,"HERNANDEZ, MANUEL",3,5:38,38,39
125526,12/12/2025,COL,ARG,360,CANASTA-3P,VISITANTE,14,"PETTINAROLI, SANTIAGO",3,5:28,38,42
125526,12/12/2025,COL,ARG,361,PERDIDA,LOCAL,7,"BERNAL, MATTHEW",3,5:12,38,42
125526,12/12/2025,COL,ARG,362,CAMBIO-JUGADOR-SALE,LOCAL,10,"MATEUS, ANDRES",3,5:12,38,42
125526,12/12/2025,COL,ARG,363,CAMBIO-JUGADOR-ENTRA,LOCAL,6,"BROWN, SALOMON",3,5:12,38,42
125526,12/12/2025,COL,ARG,364,CAMBIO-JUGADOR-SALE,VISITANTE,11,"MORAVANSKY, ROMAN",3,5:12,38,42
125526,12/12/2025,COL,ARG,365,CAMBIO-JUGADOR-ENTRA,VISITANTE,6,"GOBETTI, BAUTISTA",3,5:12,38,42
125526,12/12/2025,COL,ARG,366,TIRO3-FALLADO,VISITANTE,6,"GOBETTI, BAUTISTA",3,5:03,38,42
125526,12/12/2025,COL,ARG,367,REBOTE-OFENSIVO,VISITANTE,7,"TORRENS, ELIAS",3,5:01,38,42
125526,12/12/2025,COL,ARG,368,PERDIDA,VISITANTE,7,"TORRENS, ELIAS",3,5:00,38,42
125526,12/12/2025,COL,ARG,369,RECUPERACION,LOCAL,24,"HERNANDEZ, ANDRES",3,5:00,38,42
125526,12/12/2025,COL,ARG,370,FALTA-COMETIDA,VISITANTE,12,"FESSIA, MATEO",3,4:56,38,42
125526,12/12/2025,COL,ARG,371,FALTA-RECIBIDA,LOCAL,59,"BETANCURT, JULIAN",3,4:56,38,42
125526,12/12/2025,COL,ARG,372,CANASTA-1P,LOCAL,59,"BETANCURT, JULIAN",3,4:56,39,42
125526,12/12/2025,COL,ARG,373,ASISTENCIA,LOCAL,24,"HERNANDEZ, ANDRES",3,4:56,39,42
125526,12/12/2025,COL,ARG,374,CANASTA-1P,LOCAL,59,"BETANCURT, JULIAN",3,4:56,40,42
125526,12/12/2025,COL,ARG,375,CAMBIO-JUGADOR-SALE,VISITANTE,4,"HERNANDEZ, MANUEL",3,4:56,40,42
125526,12/12/2025,COL,ARG,376,CAMBIO-JUGADOR-ENTRA,VISITANTE,10,"CAUMO, JOAQUIN",3,4:56,40,42
125526,12/12/2025,COL,ARG,377,FALTA-COMETIDA,LOCAL,59,"BETANCURT, JULIAN",3,4:37,40,42
125526,12/12/2025,COL,ARG,378,FALTA-RECIBIDA,VISITANTE,10,"CAUMO, JOAQUIN",3,4:37,40,42
125526,12/12/2025,COL,ARG,379,CANASTA-1P,VISITANTE,10,"CAUMO, JOAQUIN",3,4:37,40,43
125526,12/12/2025,COL,ARG,380,ASISTENCIA,VISITANTE,12,"FESSIA, MATEO",3,4:37,40,43
125526,12/12/2025,COL,ARG,381,CANASTA-1P,VISITANTE,10,"CAUMO, JOAQUIN",3,4:37,40,44
125526,12/12/2025,COL,ARG,382,CAMBIO-JUGADOR-SALE,LOCAL,59,"BETANCURT, JULIAN",3,4:37,40,44
125526,12/12/2025,COL,ARG,383,CAMBIO-JUGADOR-ENTRA,LOCAL,83,"OROZCO, ANGEL",3,4:37,40,44
125526,12/12/2025,COL,ARG,384,TIRO2-FALLADO,LOCAL,5,"RESTREPO, LEONARDO",3,4:14,40,44
125526,12/12/2025,COL,ARG,385,TAPON-COMETIDO,VISITANTE,14,"PETTINAROLI, SANTIAGO",3,4:14,40,44
125526,12/12/2025,COL,ARG,386,REBOTE-OFENSIVO,LOCAL,5,"RESTREPO, LEONARDO",3,4:08,40,44
125526,12/12/2025,COL,ARG,387,TIEMPO-MUERTO-SOLICITADO,LOCAL,,,3,4:08,40,44
125526,12/12/2025,COL,ARG,388,CANASTA-3P,VISITANTE,14,"PETTINAROLI, SANTIAGO",3,4:01,40,47
125526,12/12/2025,COL,ARG,389,ASISTENCIA,VISITANTE,12,"FESSIA, MATEO",3,4:01,40,47
125526,12/12/2025,COL,ARG,390,TIEMPO-MUERTO-SOLICITADO,LOCAL,,,3,3:55,40,47
125526,12/12/2025,COL,ARG,391,CAMBIO-JUGADOR-SALE,LOCAL,6,"BROWN, SALOMON",3,3:55,40,47
125526,12/12/2025,COL,ARG,392,CAMBIO-JUGADOR-ENTRA,LOCAL,32,"RIOS, SANTIAGO",3,3:55,40,47
125526,12/12/2025,COL,ARG,393,TIRO3-FALLADO,LOCAL,32,"RIOS, SANTIAGO",3,3:39,40,47
125526,12/12/2025,COL,ARG,394,REBOTE-DEFENSIVO,VISITANTE,10,"CAUMO, JOAQUIN",3,3:34,40,47
125526,12/12/2025,COL,ARG,395,CANASTA-3P,VISITANTE,14,"PETTINAROLI, SANTIAGO",3,3:18,40,50
125526,12/12/2025,COL,ARG,396,ASISTENCIA,VISITANTE,10,"CAUMO, JOAQUIN",3,3:18,40,50
125526,12/12/2025,COL,ARG,397,TIRO2-FALLADO,LOCAL,32,"RIOS, SANTIAGO",3,3:01,40,50
125526,12/12/2025,COL,ARG,398,REBOTE-OFENSIVO,LOCAL,83,"OROZCO, ANGEL",3,2:56,40,50
125526,12/12/2025,COL,ARG,399,TIRO2-FALLADO,LOCAL,83,"OROZCO, ANGEL",3,2:55,40,50
125526,12/12/2025,COL,ARG,400,REBOTE-DEFENSIVO,VISITANTE,7,"TORRENS, ELIAS",3,2:52,40,50
125526,12/12/2025,COL,ARG,401,FALTA-COMETIDA,VISITANTE,7,"TORRENS, ELIAS",3,2:44,40,50
125526,12/12/2025,COL,ARG,402,PERDIDA,VISITANTE,7,"TORRENS, ELIAS",3,2:44,40,50
125526,12/12/2025,COL,ARG,403,FALTA-RECIBIDA,LOCAL,32,"RIOS, SANTIAGO",3,2:44,40,50
125526,12/12/2025,COL,ARG,404,CAMBIO-JUGADOR-SALE,LOCAL,5,"RESTREPO, LEONARDO",3,2:44,40,50
125526,12/12/2025,COL,ARG,405,CAMBIO-JUGADOR-SALE,LOCAL,83,"OROZCO, ANGEL",3,2:44,40,50
125526,12/12/2025,COL,ARG,406,CAMBIO-JUGADOR-ENTRA,LOCAL,8,"SUAREZ, EZEKIEL",3,2:44,40,50
125526,12/12/2025,COL,ARG,407,CAMBIO-JUGADOR-ENTRA,LOCAL,10,"MATEUS, ANDRES",3,2:44,40,50
125526,12/12/2025,COL,ARG,408,CAMBIO-JUGADOR-SALE,VISITANTE,7,"TORRENS, ELIAS",3,2:44,40,50
125526,12/12/2025,COL,ARG,409,CAMBIO-JUGADOR-ENTRA,VISITANTE,15,"MARQUEZ, JUAN",3,2:44,40,50
125526,12/12/2025,COL,ARG,410,CANASTA-2P,LOCAL,7,"BERNAL, MATTHEW",3,2:33,42,50
125526,12/12/2025,COL,ARG,411,FALTA-COMETIDA,LOCAL,24,"HERNANDEZ, ANDRES",3,2:21,42,50
125526,12/12/2025,COL,ARG,412,FALTA-RECIBIDA,VISITANTE,12,"FESSIA, MATEO",3,2:21,42,50
125526,12/12/2025,COL,ARG,413,CAMBIO-JUGADOR-SALE,LOCAL,24,"HERNANDEZ, ANDRES",3,2:21,42,50
125526,12/12/2025,COL,ARG,414,CAMBIO-JUGADOR-ENTRA,LOCAL,14,"CAICEDO, YANSEM",3,2:21,42,50
125526,12/12/2025,COL,ARG,415,CANASTA-1P,VISITANTE,12,"FESSIA, MATEO",3,2:21,42,51
125526,12/12/2025,COL,ARG,416,TIRO1-FALLADO,VISITANTE,12,"FESSIA, MATEO",3,2:21,42,51
125526,12/12/2025,COL,ARG,417,REBOTE-OFENSIVO,VISITANTE,12,"FESSIA, MATEO",3,2:19,42,51
125526,12/12/2025,COL,ARG,418,PERDIDA,VISITANTE,12,"FESSIA, MATEO",3,2:18,42,51
125526,12/12/2025,COL,ARG,419,PERDIDA,LOCAL,10,"MATEUS, ANDRES",3,2:10,42,51
125526,12/12/2025,COL,ARG,420,CAMBIO-JUGADOR-SALE,LOCAL,10,"MATEUS, ANDRES",3,2:10,42,51
125526,12/12/2025,COL,ARG,421,CAMBIO-JUGADOR-ENTRA,LOCAL,5,"RESTREPO, LEONARDO",3,2:10,42,51
125526,12/12/2025,COL,ARG,422,TIRO3-FALLADO,VISITANTE,14,"PETTINAROLI, SANTIAGO",3,2:01,42,51
125526,12/12/2025,COL,ARG,423,REBOTE-OFENSIVO,VISITANTE,10,"CAUMO, JOAQUIN",3,1:58,42,51
125526,12/12/2025,COL,ARG,424,FALTA-COMETIDA,LOCAL,5,"RESTREPO, LEONARDO",3,1:57,42,51
125526,12/12/2025,COL,ARG,425,FALTA-RECIBIDA,VISITANTE,10,"CAUMO, JOAQUIN",3,1:57,42,51
125526,12/12/2025,COL,ARG,426,CAMBIO-JUGADOR-SALE,VISITANTE,12,"FESSIA, MATEO",3,1:57,42,51
125526,12/12/2025,COL,ARG,427,CAMBIO-JUGADOR-SALE,VISITANTE,14,"PETTINAROLI, SANTIAGO",3,1:57,42,51
125526,12/12/2025,COL,ARG,428,CAMBIO-JUGADOR-ENTRA,VISITANTE,9,"CELIZ, JOAQUIN",3,1:57,42,51
125526,12/12/2025,COL,ARG,429,CAMBIO-JUGADOR-ENTRA,VISITANTE,11,"MORAVANSKY, ROMAN",3,1:57,42,51
125526,12/12/2025,COL,ARG,430,CANASTA-1P,VISITANTE,10,"CAUMO, JOAQUIN",3,1:57,42,52
125526,12/12/2025,COL,ARG,431,CANASTA-1P,VISITANTE,10,"CAUMO, JOAQUIN",3,1:57,42,53
125526,12/12/2025,COL,ARG,432,TIRO2-FALLADO,LOCAL,14,"CAICEDO, YANSEM",3,1:44,42,53
125526,12/12/2025,COL,ARG,433,REBOTE-DEFENSIVO,VISITANTE,15,"MARQUEZ, JUAN",3,1:41,42,53
125526,12/12/2025,COL,ARG,434,TIRO3-FALLADO,VISITANTE,11,"MORAVANSKY, ROMAN",3,1:30,42,53
125526,12/12/2025,COL,ARG,435,REBOTE-DEFENSIVO,LOCAL,14,"CAICEDO, YANSEM",3,1:26,42,53
125526,12/12/2025,COL,ARG,436,CANASTA-3P,LOCAL,32,"RIOS, SANTIAGO",3,1:08,45,53
125526,12/12/2025,COL,ARG,437,ASISTENCIA,LOCAL,14,"CAICEDO, YANSEM",3,1:08,45,53
125526,12/12/2025,COL,ARG,438,PERDIDA,VISITANTE,15,"MARQUEZ, JUAN",3,0:47,45,53
125526,12/12/2025,COL,ARG,439,PERDIDA,LOCAL,5,"RESTREPO, LEONARDO",3,0:31,45,53
125526,12/12/2025,COL,ARG,440,RECUPERACION,VISITANTE,10,"CAUMO, JOAQUIN",3,0:31,45,53
125526,12/12/2025,COL,ARG,441,FALTA-COMETIDA,LOCAL,5,"RESTREPO, LEONARDO",3,0:30,45,53
125526,12/12/2025,COL,ARG,442,FALTA-RECIBIDA,VISITANTE,10,"CAUMO, JOAQUIN",3,0:30,45,53
125526,12/12/2025,COL,ARG,443,CANASTA-1P,VISITANTE,10,"CAUMO, JOAQUIN",3,0:30,45,54
125526,12/12/2025,COL,ARG,444,CANASTA-1P,VISITANTE,10,"CAUMO, JOAQUIN",3,0:30,45,55
125526,12/12/2025,COL,ARG,445,TIRO3-FALLADO,LOCAL,32,"RIOS, SANTIAGO",3,0:12,45,55
125526,12/12/2025,COL,ARG,446,REBOTE-OFENSIVO,LOCAL,14,"CAICEDO, YANSEM",3,0:08,45,55
125526,12/12/2025,COL,ARG,447,CANASTA-2P,LOCAL,7,"BERNAL, MATTHEW",3,0:06,47,55
125526,12/12/2025,COL,ARG,448,ASISTENCIA,LOCAL,14,"CAICEDO, YANSEM",3,0:06,47,55
125526,12/12/2025,COL,ARG,449,FINAL-PERIODO,,,,3,0:00,47,55
125526,12/12/2025,COL,ARG,450,CAMBIO-JUGADOR-SALE,LOCAL,14,"CAICEDO, YANSEM",4,10:00,47,55
125526,12/12/2025,COL,ARG,451,CAMBIO-JUGADOR-ENTRA,LOCAL,6,"BROWN, SALOMON",4,10:00,47,55
125526,12/12/2025,COL,ARG,452,INICIO-PERIODO,,,,4,10:00,47,55
125526,12/12/2025,COL,ARG,453,FALTA-COMETIDA,LOCAL,32,"RIOS, SANTIAGO",4,9:43,47,55
125526,12/12/2025,COL,ARG,454,FALTA-RECIBIDA,VISITANTE,10,"CAUMO, JOAQUIN",4,9:43,47,55
125526,12/12/2025,COL,ARG,455,CANASTA-1P,VISITANTE,10,"CAUMO, JOAQUIN",4,9:42,47,56
125526,12/12/2025,COL,ARG,456,ASISTENCIA,VISITANTE,9,"CELIZ, JOAQUIN",4,9:42,47,56
125526,12/12/2025,COL,ARG,457,CANASTA-1P,VISITANTE,10,"CAUMO, JOAQUIN",4,9:42,47,57
125526,12/12/2025,COL,ARG,458,CANASTA-1P,VISITANTE,10,"CAUMO, JOAQUIN",4,9:42,47,58
125526,12/12/2025,COL,ARG,459,CAMBIO-JUGADOR-SALE,LOCAL,32,"RIOS, SANTIAGO",4,9:42,47,58
125526,12/12/2025,COL,ARG,460,CAMBIO-JUGADOR-ENTRA,LOCAL,59,"BETANCURT, JULIAN",4,9:42,47,58
125526,12/12/2025,COL,ARG,461,CANASTA-3P,LOCAL,8,"SUAREZ, EZEKIEL",4,9:27,50,58
125526,12/12/2025,COL,ARG,462,ASISTENCIA,LOCAL,7,"BERNAL, MATTHEW",4,9:27,50,58
125526,12/12/2025,COL,ARG,463,CANASTA-3P,VISITANTE,10,"CAUMO, JOAQUIN",4,9:13,50,61
125526,12/12/2025,COL,ARG,464,ASISTENCIA,VISITANTE,9,"CELIZ, JOAQUIN",4,9:13,50,61
125526,12/12/2025,COL,ARG,465,CANASTA-2P,LOCAL,7,"BERNAL, MATTHEW",4,8:50,52,61
125526,12/12/2025,COL,ARG,466,CANASTA-3P,VISITANTE,10,"CAUMO, JOAQUIN",4,8:33,52,64
125526,12/12/2025,COL,ARG,467,ASISTENCIA,VISITANTE,6,"GOBETTI, BAUTISTA",4,8:33,52,64
125526,12/12/2025,COL,ARG,468,FALTA-COMETIDA,VISITANTE,6,"GOBETTI, BAUTISTA",4,8:14,52,64
125526,12/12/2025,COL,ARG,469,FALTA-RECIBIDA,LOCAL,8,"SUAREZ, EZEKIEL",4,8:14,52,64
125526,12/12/2025,COL,ARG,470,CAMBIO-JUGADOR-SALE,VISITANTE,6,"GOBETTI, BAUTISTA",4,8:14,52,64
125526,12/12/2025,COL,ARG,471,CAMBIO-JUGADOR-SALE,VISITANTE,15,"MARQUEZ, JUAN",4,8:14,52,64
125526,12/12/2025,COL,ARG,472,CAMBIO-JUGADOR-ENTRA,VISITANTE,2,"PETTOVELLO, BENJAMIN",4,8:14,52,64
125526,12/12/2025,COL,ARG,473,CAMBIO-JUGADOR-ENTRA,VISITANTE,4,"HERNANDEZ, MANUEL",4,8:14,52,64
125526,12/12/2025,COL,ARG,474,TIRO2-FALLADO,LOCAL,7,"BERNAL, MATTHEW",4,8:08,52,64
125526,12/12/2025,COL,ARG,475,REBOTE-DEFENSIVO,VISITANTE,11,"MORAVANSKY, ROMAN",4,8:04,52,64
125526,12/12/2025,COL,ARG,476,TIRO3-FALLADO,VISITANTE,4,"HERNANDEZ, MANUEL",4,7:56,52,64
125526,12/12/2025,COL,ARG,477,REBOTE-DEFENSIVO,LOCAL,5,"RESTREPO, LEONARDO",4,7:53,52,64
125526,12/12/2025,COL,ARG,478,PERDIDA,LOCAL,8,"SUAREZ, EZEKIEL",4,7:46,52,64
125526,12/12/2025,COL,ARG,479,RECUPERACION,VISITANTE,4,"HERNANDEZ, MANUEL",4,7:46,52,64
125526,12/12/2025,COL,ARG,480,TIRO2-FALLADO,VISITANTE,9,"CELIZ, JOAQUIN",4,7:41,52,64
125526,12/12/2025,COL,ARG,481,TAPON-COMETIDO,LOCAL,8,"SUAREZ, EZEKIEL",4,7:41,52,64
125526,12/12/2025,COL,ARG,482,REBOTE-OFENSIVO,VISITANTE,,,4,7:40,52,64
125526,12/12/2025,COL,ARG,483,TIRO2-FALLADO,VISITANTE,9,"CELIZ, JOAQUIN",4,7:37,52,64
125526,12/12/2025,COL,ARG,484,REBOTE-DEFENSIVO,LOCAL,6,"BROWN, SALOMON",4,7:34,52,64
125526,12/12/2025,COL,ARG,485,CANASTA-2P,LOCAL,6,"BROWN, SALOMON",4,7:26,54,64
125526,12/12/2025,COL,ARG,486,CANASTA-2P,VISITANTE,10,"CAUMO, JOAQUIN",4,7:10,54,66
125526,12/12/2025,COL,ARG,487,FALTA-COMETIDA,VISITANTE,2,"PETTOVELLO, BENJAMIN",4,6:57,54,66
125526,12/12/2025,COL,ARG,488,FALTA-RECIBIDA,LOCAL,7,"BERNAL, MATTHEW",4,6:57,54,66
125526,12/12/2025,COL,ARG,489,CAMBIO-JUGADOR-SALE,VISITANTE,9,"CELIZ, JOAQUIN",4,6:57,54,66
125526,12/12/2025,COL,ARG,490,CAMBIO-JUGADOR-ENTRA,VISITANTE,8,"AMAN, GONZALO",4,6:57,54,66
125526,12/12/2025,COL,ARG,491,CANASTA-1P,LOCAL,7,"BERNAL, MATTHEW",4,6:57,55,66
125526,12/12/2025,COL,ARG,492,CANASTA-1P,LOCAL,7,"BERNAL, MATTHEW",4,6:57,56,66
125526,12/12/2025,COL,ARG,493,FALTA-COMETIDA,LOCAL,59,"BETANCURT, JULIAN",4,6:38,56,66
125526,12/12/2025,COL,ARG,494,FALTA-RECIBIDA,VISITANTE,10,"CAUMO, JOAQUIN",4,6:38,56,66
125526,12/12/2025,COL,ARG,495,CAMBIO-JUGADOR-SALE,LOCAL,59,"BETANCURT, JULIAN",4,6:38,56,66
125526,12/12/2025,COL,ARG,496,CAMBIO-JUGADOR-ENTRA,LOCAL,24,"HERNANDEZ, ANDRES",4,6:38,56,66
125526,12/12/2025,COL,ARG,497,CANASTA-1P,VISITANTE,10,"CAUMO, JOAQUIN",4,6:38,56,67
125526,12/12/2025,COL,ARG,498,TIRO1-FALLADO,VISITANTE,10,"CAUMO, JOAQUIN",4,6:38,56,67
125526,12/12/2025,COL,ARG,499,REBOTE-DEFENSIVO,LOCAL,8,"SUAREZ, EZEKIEL",4,6:38,56,67
125526,12/12/2025,COL,ARG,500,TIRO2-FALLADO,LOCAL,8,"SUAREZ, EZEKIEL",4,6:28,56,67
125526,12/12/2025,COL,ARG,501,REBOTE-OFENSIVO,LOCAL,,,4,6:27,56,67
125526,12/12/2025,COL,ARG,502,FALTA-COMETIDA,VISITANTE,2,"PETTOVELLO, BENJAMIN",4,6:27,56,67
125526,12/12/2025,COL,ARG,503,FALTA-RECIBIDA,LOCAL,8,"SUAREZ, EZEKIEL",4,6:27,56,67
125526,12/12/2025,COL,ARG,504,CAMBIO-JUGADOR-SALE,VISITANTE,2,"PETTOVELLO, BENJAMIN",4,6:27,56,67
125526,12/12/2025,COL,ARG,505,CAMBIO-JUGADOR-ENTRA,VISITANTE,7,"TORRENS, ELIAS",4,6:27,56,67
125526,12/12/2025,COL,ARG,506,CANASTA-2P,LOCAL,24,"HERNANDEZ, ANDRES",4,6:18,58,67
125526,12/12/2025,COL,ARG,507,PERDIDA,VISITANTE,7,"TORRENS, ELIAS",4,6:00,58,67
125526,12/12/2025,COL,ARG,508,RECUPERACION,LOCAL,5,"RESTREPO, LEONARDO",4,6:00,58,67
125526,12/12/2025,COL,ARG,509,TIRO3-FALLADO,LOCAL,5,"RESTREPO, LEONARDO",4,5:52,58,67
125526,12/12/2025,COL,ARG,510,REBOTE-DEFENSIVO,VISITANTE,4,"HERNANDEZ, MANUEL",4,5:47,58,67
125526,12/12/2025,COL,ARG,511,CANASTA-2P,VISITANTE,8,"AMAN, GONZALO",4,5:35,58,69
125526,12/12/2025,COL,ARG,512,TIEMPO-MUERTO-SOLICITADO,LOCAL,,,4,5:30,58,69
125526,12/12/2025,COL,ARG,513,TIRO2-FALLADO,LOCAL,24,"HERNANDEZ, ANDRES",4,5:11,58,69
125526,12/12/2025,COL,ARG,514,REBOTE-OFENSIVO,LOCAL,8,"SUAREZ, EZEKIEL",4,5:06,58,69
125526,12/12/2025,COL,ARG,515,TIRO2-FALLADO,LOCAL,6,"BROWN, SALOMON",4,4:59,58,69
125526,12/12/2025,COL,ARG,516,REBOTE-DEFENSIVO,VISITANTE,8,"AMAN, GONZALO",4,4:56,58,69
125526,12/12/2025,COL,ARG,517,TIRO3-FALLADO,VISITANTE,11,"MORAVANSKY, ROMAN",4,4:43,58,69
125526,12/12/2025,COL,ARG,518,REBOTE-OFENSIVO,VISITANTE,4,"HERNANDEZ, MANUEL",4,4:40,58,69
125526,12/12/2025,COL,ARG,519,TIRO2-FALLADO,VISITANTE,4,"HERNANDEZ, MANUEL",4,4:38,58,69
125526,12/12/2025,COL,ARG,520,REBOTE-OFENSIVO,VISITANTE,7,"TORRENS, ELIAS",4,4:32,58,69
125526,12/12/2025,COL,ARG,521,CANASTA-2P,VISITANTE,7,"TORRENS, ELIAS",4,4:32,58,71
125526,12/12/2025,COL,ARG,522,TIRO2-FALLADO,LOCAL,24,"HERNANDEZ, ANDRES",4,4:09,58,71
125526,12/12/2025,COL,ARG,523,TIEMPO-MUERTO-SOLICITADO,LOCAL,,,4,4:09,58,71
125526,12/12/2025,COL,ARG,524,CAMBIO-JUGADOR-SALE,LOCAL,6,"BROWN, SALOMON",4,4:09,58,71
125526,12/12/2025,COL,ARG,525,CAMBIO-JUGADOR-ENTRA,LOCAL,10,"MATEUS, ANDRES",4,4:09,58,71
125526,12/12/2025,COL,ARG,526,TIRO3-FALLADO,VISITANTE,11,"MORAVANSKY, ROMAN",4,3:56,58,71
125526,12/12/2025,COL,ARG,527,REBOTE-OFENSIVO,VISITANTE,4,"HERNANDEZ, MANUEL",4,3:51,58,71
125526,12/12/2025,COL,ARG,528,TIRO2-FALLADO,VISITANTE,4,"HERNANDEZ, MANUEL",4,3:51,58,71
125526,12/12/2025,COL,ARG,529,REBOTE-DEFENSIVO,LOCAL,,,4,3:50,58,71
125526,12/12/2025,COL,ARG,530,CANASTA-2P,LOCAL,7,"BERNAL, MATTHEW",4,3:40,60,71
125526,12/12/2025,COL,ARG,531,PERDIDA,VISITANTE,8,"AMAN, GONZALO",4,3:22,60,71
125526,12/12/2025,COL,ARG,532,CAMBIO-JUGADOR-SALE,VISITANTE,11,"MORAVANSKY, ROMAN",4,3:21,60,71
125526,12/12/2025,COL,ARG,533,CAMBIO-JUGADOR-ENTRA,VISITANTE,14,"PETTINAROLI, SANTIAGO",4,3:21,60,71
125526,12/12/2025,COL,ARG,534,TIRO3-FALLADO,LOCAL,7,"BERNAL, MATTHEW",4,3:02,60,71
125526,12/12/2025,COL,ARG,535,REBOTE-OFENSIVO,LOCAL,5,"RESTREPO, LEONARDO",4,2:59,60,71
125526,12/12/2025,COL,ARG,536,FALTA-COMETIDA,VISITANTE,4,"HERNANDEZ, MANUEL",4,2:51,60,71
125526,12/12/2025,COL,ARG,537,FALTA-RECIBIDA,LOCAL,7,"BERNAL, MATTHEW",4,2:51,60,71
125526,12/12/2025,COL,ARG,538,CANASTA-3P,LOCAL,8,"SUAREZ, EZEKIEL",4,2:46,63,71
125526,12/12/2025,COL,ARG,539,ASISTENCIA,LOCAL,5,"RESTREPO, LEONARDO",4,2:46,63,71
125526,12/12/2025,COL,ARG,540,TIEMPO-MUERTO-SOLICITADO,VISITANTE,,,4,2:44,63,71
125526,12/12/2025,COL,ARG,541,CAMBIO-JUGADOR-SALE,VISITANTE,10,"CAUMO, JOAQUIN",4,2:44,63,71
125526,12/12/2025,COL,ARG,542,CAMBIO-JUGADOR-ENTRA,VISITANTE,12,"FESSIA, MATEO",4,2:44,63,71
125526,12/12/2025,COL,ARG,543,CANASTA-2P,VISITANTE,7,"TORRENS, ELIAS",4,2:26,63,73
125526,12/12/2025,COL,ARG,544,ASISTENCIA,VISITANTE,8,"AMAN, GONZALO",4,2:26,63,73
125526,12/12/2025,COL,ARG,545,TIRO2-FALLADO,LOCAL,10,"MATEUS, ANDRES",4,2:08,63,73
125526,12/12/2025,COL,ARG,546,TAPON-COMETIDO,VISITANTE,14,"PETTINAROLI, SANTIAGO",4,2:08,63,73
125526,12/12/2025,COL,ARG,547,REBOTE-DEFENSIVO,VISITANTE,14,"PETTINAROLI, SANTIAGO",4,2:02,63,73
125526,12/12/2025,COL,ARG,548,CANASTA-2P,VISITANTE,8,"AMAN, GONZALO",4,1:50,63,75
125526,12/12/2025,COL,ARG,549,TIRO2-FALLADO,LOCAL,8,"SUAREZ, EZEKIEL",4,1:35,63,75
125526,12/12/2025,COL,ARG,550,REBOTE-OFENSIVO,LOCAL,10,"MATEUS, ANDRES",4,1:30,63,75
125526,12/12/2025,COL,ARG,551,CANASTA-2P,LOCAL,10,"MATEUS, ANDRES",4,1:30,65,75
125526,12/12/2025,COL,ARG,552,PERDIDA,VISITANTE,8,"AMAN, GONZALO",4,1:18,65,75
125526,12/12/2025,COL,ARG,553,RECUPERACION,LOCAL,7,"BERNAL, MATTHEW",4,1:18,65,75
125526,12/12/2025,COL,ARG,554,TIRO3-FALLADO,LOCAL,5,"RESTREPO, LEONARDO",4,1:03,65,75
125526,12/12/2025,COL,ARG,555,REBOTE-DEFENSIVO,VISITANTE,12,"FESSIA, MATEO",4,0:59,65,75
125526,12/12/2025,COL,ARG,556,TIRO3-FALLADO,VISITANTE,14,"PETTINAROLI, SANTIAGO",4,0:49,65,75
125526,12/12/2025,COL,ARG,557,REBOTE-DEFENSIVO,LOCAL,24,"HERNANDEZ, ANDRES",4,0:45,65,75
125526,12/12/2025,COL,ARG,558,TIRO3-FALLADO,LOCAL,24,"HERNANDEZ, ANDRES",4,0:41,65,75
125526,12/12/2025,COL,ARG,559,REBOTE-OFENSIVO,LOCAL,10,"MATEUS, ANDRES",4,0:38,65,75
125526,12/12/2025,COL,ARG,560,CANASTA-2P,LOCAL,7,"BERNAL, MATTHEW",4,0:36,67,75
125526,12/12/2025,COL,ARG,561,ASISTENCIA,LOCAL,10,"MATEUS, ANDRES",4,0:36,67,75
125526,12/12/2025,COL,ARG,562,FALTA-COMETIDA,LOCAL,7,"BERNAL, MATTHEW",4,0:31,67,75
125526,12/12/2025,COL,ARG,563,FALTA-RECIBIDA,VISITANTE,12,"FESSIA, MATEO",4,0:31,67,75
125526,12/12/2025,COL,ARG,564,FALTA-COMETIDA,LOCAL,8,"SUAREZ, EZEKIEL",4,0:30,67,75
125526,12/12/2025,COL,ARG,565,FALTA-RECIBIDA,VISITANTE,4,"HERNANDEZ, MANUEL",4,0:30,67,75
125526,12/12/2025,COL,ARG,566,FALTA-COMETIDA,LOCAL,7,"BERNAL, MATTHEW",4,0:30,67,75
125526,12/12/2025,COL,ARG,567,FALTA-RECIBIDA,VISITANTE,4,"HERNANDEZ, MANUEL",4,0:30,67,75
125526,12/12/2025,COL,ARG,568,CANASTA-1P,VISITANTE,4,"HERNANDEZ, MANUEL",4,0:30,67,76
125526,12/12/2025,COL,ARG,569,TIRO1-FALLADO,VISITANTE,4,"HERNANDEZ, MANUEL",4,0:30,67,76
125526,12/12/2025,COL,ARG,570,REBOTE-OFENSIVO,VISITANTE,4,"HERNANDEZ, MANUEL",4,0:30,67,76
125526,12/12/2025,COL,ARG,571,TIRO2-FALLADO,VISITANTE,4,"HERNANDEZ, MANUEL",4,0:28,67,76
125526,12/12/2025,COL,ARG,572,REBOTE-DEFENSIVO,LOCAL,,,4,0:28,67,76
125526,12/12/2025,COL,ARG,573,PERDIDA,LOCAL,8,"SUAREZ, EZEKIEL",4,0:23,67,76
125526,12/12/2025,COL,ARG,574,FALTA-COMETIDA,LOCAL,5,"RESTREPO, LEONARDO",4,0:15,67,76
125526,12/12/2025,COL,ARG,575,FALTA-RECIBIDA,VISITANTE,14,"PETTINAROLI, SANTIAGO",4,0:15,67,76
125526,12/12/2025,COL,ARG,576,CANASTA-1P,VISITANTE,14,"PETTINAROLI, SANTIAGO",4,0:15,67,77
125526,12/12/2025,COL,ARG,577,CANASTA-1P,VISITANTE,14,"PETTINAROLI, SANTIAGO",4,0:15,67,78
125526,12/12/2025,COL,ARG,578,FALTA-COMETIDA,VISITANTE,12,"FESSIA, MATEO",4,0:11,67,78
125526,12/12/2025,COL,ARG,579,FALTA-RECIBIDA,LOCAL,7,"BERNAL, MATTHEW",4,0:11,67,78
125526,12/12/2025,COL,ARG,580,CANASTA-1P,LOCAL,7,"BERNAL, MATTHEW",4,0:11,68,78
125526,12/12/2025,COL,ARG,581,CANASTA-1P,LOCAL,7,"BERNAL, MATTHEW",4,0:11,69,78
125526,12/12/2025,COL,ARG,582,FALTA-COMETIDA,LOCAL,8,"SUAREZ, EZEKIEL",4,0:10,69,78
125526,12/12/2025,COL,ARG,583,FALTA-RECIBIDA,VISITANTE,8,"AMAN, GONZALO",4,0:10,69,78
125526,12/12/2025,COL,ARG,584,TIRO1-FALLADO,VISITANTE,8,"AMAN, GONZALO",4,0:10,69,78
125526,12/12/2025,COL,ARG,585,TIRO1-FALLADO,VISITANTE,8,"AMAN, GONZALO",4,0:10,69,78
125526,12/12/2025,COL,ARG,586,REBOTE-DEFENSIVO,LOCAL,8,"SUAREZ, EZEKIEL",4,0:10,69,78
125526,12/12/2025,COL,ARG,587,TIRO3-FALLADO,LOCAL,8,"SUAREZ, EZEKIEL",4,0:05,69,78
125526,12/12/2025,COL,ARG,588,REBOTE-DEFENSIVO,VISITANTE,,,4,0:00,69,78
125526,12/12/2025,COL,ARG,589,FINAL-PERIODO,,,,4,0:00,69,78
125526,12/12/2025,COL,ARG,590,FINAL-PARTIDO,,,,4,0:00,69,78
125527,10/12/2025,PAR,VEN,0,INICIO-PARTIDO,,,,1,10:00,0,0
125527,10/12/2025,PAR,VEN,1,INICIO-PERIODO,,,,1,10:00,0,0
125527,10/12/2025,PAR,VEN,2,CAMBIO-JUGADOR-ENTRA,LOCAL,21,"GONZALEZ, NESTOR",1,10:00,0,0
125527,10/12/2025,PAR,VEN,3,CAMBIO-JUGADOR-ENTRA,LOCAL,14,"ESCURRA, MAURICIO",1,10:00,0,0
125527,10/12/2025,PAR,VEN,4,CAMBIO-JUGADOR-ENTRA,LOCAL,6,"TALAVERA, ALEJANDRO",1,10:00,0,0
125527,10/12/2025,PAR,VEN,5,CAMBIO-JUGADOR-ENTRA,LOCAL,5,"VERA, LUIS",1,10:00,0,0
125527,10/12/2025,PAR,VEN,6,CAMBIO-JUGADOR-ENTRA,LOCAL,3,"RADICE, ROBERTO",1,10:00,0,0
125527,10/12/2025,PAR,VEN,7,CAMBIO-JUGADOR-ENTRA,VISITANTE,4,"SEGOVIA, RICHARD",1,10:00,0,0
125527,10/12/2025,PAR,VEN,8,CAMBIO-JUGADOR-ENTRA,VISITANTE,7,"LARA, JOSE",1,10:00,0,0
125527,10/12/2025,PAR,VEN,9,CAMBIO-JUGADOR-ENTRA,VISITANTE,9,"PERDOMO, JUAN",1,10:00,0,0
125527,10/12/2025,PAR,VEN,10,CAMBIO-JUGADOR-ENTRA,VISITANTE,23,"NIÑO, SAMUEL",1,10:00,0,0
125527,10/12/2025,PAR,VEN,11,CAMBIO-JUGADOR-ENTRA,VISITANTE,51,"CARRIZO, JOSE",1,10:00,0,0
125527,10/12/2025,PAR,VEN,12,JUMP-BALL,,,,1,10:00,0,0
125527,10/12/2025,PAR,VEN,13,JUMP-BALL,LOCAL,21,"GONZALEZ, NESTOR",1,9:58,0,0
125527,10/12/2025,PAR,VEN,14,JUMP-BALL,VISITANTE,51,"CARRIZO, JOSE",1,9:58,0,0
125527,10/12/2025,PAR,VEN,15,CANASTA-2P,LOCAL,21,"GONZALEZ, NESTOR",1,9:55,2,0
125527,10/12/2025,PAR,VEN,16,ASISTENCIA,LOCAL,6,"TALAVERA, ALEJANDRO",1,9:55,2,0
125527,10/12/2025,PAR,VEN,17,TIRO3-FALLADO,VISITANTE,9,"PERDOMO, JUAN",1,9:27,2,0
125527,10/12/2025,PAR,VEN,18,REBOTE-DEFENSIVO,LOCAL,,,1,9:26,2,0
125527,10/12/2025,PAR,VEN,19,PERDIDA,LOCAL,14,"ESCURRA, MAURICIO",1,9:10,2,0
125527,10/12/2025,PAR,VEN,20,RECUPERACION,VISITANTE,4,"SEGOVIA, RICHARD",1,9:10,2,0
125527,10/12/2025,PAR,VEN,21,CANASTA-2P,VISITANTE,4,"SEGOVIA, RICHARD",1,9:06,2,2
125527,10/12/2025,PAR,VEN,22,CANASTA-2P,LOCAL,21,"GONZALEZ, NESTOR",1,8:46,4,2
125527,10/12/2025,PAR,VEN,23,ASISTENCIA,LOCAL,5,"VERA, LUIS",1,8:46,4,2
125527,10/12/2025,PAR,VEN,24,TIRO2-FALLADO,VISITANTE,7,"LARA, JOSE",1,8:28,4,2
125527,10/12/2025,PAR,VEN,25,REBOTE-DEFENSIVO,LOCAL,14,"ESCURRA, MAURICIO",1,8:26,4,2
125527,10/12/2025,PAR,VEN,26,TIRO3-FALLADO,LOCAL,6,"TALAVERA, ALEJANDRO",1,8:21,4,2
125527,10/12/2025,PAR,VEN,27,REBOTE-DEFENSIVO,VISITANTE,4,"SEGOVIA, RICHARD",1,8:18,4,2
125527,10/12/2025,PAR,VEN,28,CANASTA-2P,VISITANTE,23,"NIÑO, SAMUEL",1,8:15,4,4
125527,10/12/2025,PAR,VEN,29,ASISTENCIA,VISITANTE,4,"SEGOVIA, RICHARD",1,8:15,4,4
125527,10/12/2025,PAR,VEN,30,PERDIDA,LOCAL,3,"RADICE, ROBERTO",1,8:00,4,4
125527,10/12/2025,PAR,VEN,31,TIRO2-FALLADO,VISITANTE,9,"PERDOMO, JUAN",1,7:41,4,4
125527,10/12/2025,PAR,VEN,32,REBOTE-DEFENSIVO,LOCAL,21,"GONZALEZ, NESTOR",1,7:38,4,4
125527,10/12/2025,PAR,VEN,33,CANASTA-3P,LOCAL,6,"TALAVERA, ALEJANDRO",1,7:35,7,4
125527,10/12/2025,PAR,VEN,34,ASISTENCIA,LOCAL,14,"ESCURRA, MAURICIO",1,7:35,7,4
125527,10/12/2025,PAR,VEN,35,TIRO2-FALLADO,VISITANTE,51,"CARRIZO, JOSE",1,7:09,7,4
125527,10/12/2025,PAR,VEN,36,REBOTE-OFENSIVO,VISITANTE,23,"NIÑO, SAMUEL",1,7:07,7,4
125527,10/12/2025,PAR,VEN,37,CANASTA-2P,VISITANTE,23,"NIÑO, SAMUEL",1,7:06,7,6
125527,10/12/2025,PAR,VEN,38,TIRO2-FALLADO,LOCAL,21,"GONZALEZ, NESTOR",1,6:47,7,6
125527,10/12/2025,PAR,VEN,39,REBOTE-DEFENSIVO,VISITANTE,7,"LARA, JOSE",1,6:45,7,6
125527,10/12/2025,PAR,VEN,40,TIRO3-FALLADO,VISITANTE,4,"SEGOVIA, RICHARD",1,6:38,7,6
125527,10/12/2025,PAR,VEN,41,REBOTE-DEFENSIVO,LOCAL,14,"ESCURRA, MAURICIO",1,6:36,7,6
125527,10/12/2025,PAR,VEN,42,CANASTA-3P,LOCAL,5,"VERA, LUIS",1,6:21,10,6
125527,10/12/2025,PAR,VEN,43,ASISTENCIA,LOCAL,21,"GONZALEZ, NESTOR",1,6:21,10,6
125527,10/12/2025,PAR,VEN,44,TIRO3-FALLADO,VISITANTE,9,"PERDOMO, JUAN",1,6:08,10,6
125527,10/12/2025,PAR,VEN,45,REBOTE-DEFENSIVO,LOCAL,14,"ESCURRA, MAURICIO",1,6:06,10,6
125527,10/12/2025,PAR,VEN,46,TIRO2-FALLADO,LOCAL,14,"ESCURRA, MAURICIO",1,6:02,10,6
125527,10/12/2025,PAR,VEN,47,REBOTE-DEFENSIVO,VISITANTE,51,"CARRIZO, JOSE",1,6:00,10,6
125527,10/12/2025,PAR,VEN,48,TIRO3-FALLADO,VISITANTE,7,"LARA, JOSE",1,5:52,10,6
125527,10/12/2025,PAR,VEN,49,REBOTE-DEFENSIVO,LOCAL,6,"TALAVERA, ALEJANDRO",1,5:50,10,6
125527,10/12/2025,PAR,VEN,50,CANASTA-2P,LOCAL,5,"VERA, LUIS",1,5:41,12,6
125527,10/12/2025,PAR,VEN,51,CANASTA-2P,VISITANTE,4,"SEGOVIA, RICHARD",1,5:21,12,8
125527,10/12/2025,PAR,VEN,52,TIRO3-FALLADO,LOCAL,3,"RADICE, ROBERTO",1,5:02,12,8
125527,10/12/2025,PAR,VEN,53,REBOTE-OFENSIVO,LOCAL,3,"RADICE, ROBERTO",1,5:00,12,8
125527,10/12/2025,PAR,VEN,54,CANASTA-2P,LOCAL,3,"RADICE, ROBERTO",1,4:59,14,8
125527,10/12/2025,PAR,VEN,55,CANASTA-3P,VISITANTE,4,"SEGOVIA, RICHARD",1,4:39,14,11
125527,10/12/2025,PAR,VEN,56,CANASTA-2P,LOCAL,21,"GONZALEZ, NESTOR",1,4:19,16,11
125527,10/12/2025,PAR,VEN,57,PERDIDA,VISITANTE,23,"NIÑO, SAMUEL",1,3:55,16,11
125527,10/12/2025,PAR,VEN,58,RECUPERACION,LOCAL,3,"RADICE, ROBERTO",1,3:55,16,11
125527,10/12/2025,PAR,VEN,59,PERDIDA,LOCAL,14,"ESCURRA, MAURICIO",1,3:52,16,11
125527,10/12/2025,PAR,VEN,60,RECUPERACION,VISITANTE,9,"PERDOMO, JUAN",1,3:52,16,11
125527,10/12/2025,PAR,VEN,61,CANASTA-2P,VISITANTE,9,"PERDOMO, JUAN",1,3:48,16,13
125527,10/12/2025,PAR,VEN,62,FALTA-COMETIDA,VISITANTE,7,"LARA, JOSE",1,3:41,16,13
125527,10/12/2025,PAR,VEN,63,FALTA-RECIBIDA,LOCAL,3,"RADICE, ROBERTO",1,3:41,16,13
125527,10/12/2025,PAR,VEN,64,CAMBIO-JUGADOR-SALE,VISITANTE,4,"SEGOVIA, RICHARD",1,3:41,16,13
125527,10/12/2025,PAR,VEN,65,CAMBIO-JUGADOR-SALE,VISITANTE,7,"LARA, JOSE",1,3:41,16,13
125527,10/12/2025,PAR,VEN,66,CAMBIO-JUGADOR-SALE,VISITANTE,9,"PERDOMO, JUAN",1,3:41,16,13
125527,10/12/2025,PAR,VEN,67,CAMBIO-JUGADOR-SALE,VISITANTE,51,"CARRIZO, JOSE",1,3:41,16,13
125527,10/12/2025,PAR,VEN,68,CAMBIO-JUGADOR-ENTRA,VISITANTE,3,"VASQUEZ, JULIO",1,3:41,16,13
125527,10/12/2025,PAR,VEN,69,CAMBIO-JUGADOR-ENTRA,VISITANTE,14,"GUTIERREZ, KEVIN",1,3:41,16,13
125527,10/12/2025,PAR,VEN,70,CAMBIO-JUGADOR-ENTRA,VISITANTE,18,"ANILLO, WILLIAMS",1,3:41,16,13
125527,10/12/2025,PAR,VEN,71,CAMBIO-JUGADOR-ENTRA,VISITANTE,26,"SOTO, DIEGO",1,3:41,16,13
125527,10/12/2025,PAR,VEN,72,CANASTA-2P,LOCAL,5,"VERA, LUIS",1,3:36,18,13
125527,10/12/2025,PAR,VEN,73,ASISTENCIA,LOCAL,3,"RADICE, ROBERTO",1,3:36,18,13
125527,10/12/2025,PAR,VEN,74,TIRO2-FALLADO,VISITANTE,23,"NIÑO, SAMUEL",1,3:21,18,13
125527,10/12/2025,PAR,VEN,75,TAPON-COMETIDO,LOCAL,21,"GONZALEZ, NESTOR",1,3:21,18,13
125527,10/12/2025,PAR,VEN,76,REBOTE-OFENSIVO,VISITANTE,23,"NIÑO, SAMUEL",1,3:21,18,13
125527,10/12/2025,PAR,VEN,77,JUMP-BALL,VISITANTE,,,1,3:21,18,13
125527,10/12/2025,PAR,VEN,78,CAMBIO-JUGADOR-SALE,LOCAL,5,"VERA, LUIS",1,3:21,18,13
125527,10/12/2025,PAR,VEN,79,CAMBIO-JUGADOR-ENTRA,LOCAL,34,"GIMENEZ, MAXIMILIANO",1,3:21,18,13
125527,10/12/2025,PAR,VEN,80,PERDIDA,VISITANTE,14,"GUTIERREZ, KEVIN",1,3:18,18,13
125527,10/12/2025,PAR,VEN,81,FALTA-COMETIDA,VISITANTE,14,"GUTIERREZ, KEVIN",1,3:08,18,13
125527,10/12/2025,PAR,VEN,82,FALTA-RECIBIDA,LOCAL,21,"GONZALEZ, NESTOR",1,3:08,18,13
125527,10/12/2025,PAR,VEN,83,CAMBIO-JUGADOR-SALE,VISITANTE,23,"NIÑO, SAMUEL",1,3:03,18,13
125527,10/12/2025,PAR,VEN,84,CAMBIO-JUGADOR-ENTRA,VISITANTE,12,"MIQUILARENO, GABRIEL",1,3:03,18,13
125527,10/12/2025,PAR,VEN,85,FALTA-COMETIDA,VISITANTE,12,"MIQUILARENO, GABRIEL",1,3:03,18,13
125527,10/12/2025,PAR,VEN,86,FALTA-RECIBIDA,LOCAL,21,"GONZALEZ, NESTOR",1,3:03,18,13
125527,10/12/2025,PAR,VEN,87,PERDIDA,LOCAL,14,"ESCURRA, MAURICIO",1,3:03,18,13
125527,10/12/2025,PAR,VEN,88,RECUPERACION,VISITANTE,14,"GUTIERREZ, KEVIN",1,3:03,18,13
125527,10/12/2025,PAR,VEN,89,FALTA-COMETIDA,LOCAL,14,"ESCURRA, MAURICIO",1,3:03,18,13
125527,10/12/2025,PAR,VEN,90,FALTA-RECIBIDA,VISITANTE,18,"ANILLO, WILLIAMS",1,3:03,18,13
125527,10/12/2025,PAR,VEN,91,CAMBIO-JUGADOR-SALE,LOCAL,3,"RADICE, ROBERTO",1,3:03,18,13
125527,10/12/2025,PAR,VEN,92,CAMBIO-JUGADOR-ENTRA,LOCAL,81,"CUELLAR, EZEQUIEL",1,3:03,18,13
125527,10/12/2025,PAR,VEN,93,TIRO2-FALLADO,VISITANTE,18,"ANILLO, WILLIAMS",1,2:52,18,13
125527,10/12/2025,PAR,VEN,94,REBOTE-DEFENSIVO,LOCAL,34,"GIMENEZ, MAXIMILIANO",1,2:50,18,13
125527,10/12/2025,PAR,VEN,95,TIRO2-FALLADO,LOCAL,21,"GONZALEZ, NESTOR",1,2:41,18,13
125527,10/12/2025,PAR,VEN,96,REBOTE-DEFENSIVO,VISITANTE,3,"VASQUEZ, JULIO",1,2:38,18,13
125527,10/12/2025,PAR,VEN,97,TIRO2-FALLADO,VISITANTE,3,"VASQUEZ, JULIO",1,2:31,18,13
125527,10/12/2025,PAR,VEN,98,REBOTE-DEFENSIVO,LOCAL,34,"GIMENEZ, MAXIMILIANO",1,2:27,18,13
125527,10/12/2025,PAR,VEN,99,CANASTA-2P,LOCAL,14,"ESCURRA, MAURICIO",1,2:20,20,13
125527,10/12/2025,PAR,VEN,100,TIEMPO-MUERTO-SOLICITADO,VISITANTE,,,1,2:19,20,13
125527,10/12/2025,PAR,VEN,101,CAMBIO-JUGADOR-SALE,LOCAL,14,"ESCURRA, MAURICIO",1,2:19,20,13
125527,10/12/2025,PAR,VEN,102,CAMBIO-JUGADOR-SALE,LOCAL,21,"GONZALEZ, NESTOR",1,2:19,20,13
125527,10/12/2025,PAR,VEN,103,CAMBIO-JUGADOR-ENTRA,LOCAL,5,"VERA, LUIS",1,2:19,20,13
125527,10/12/2025,PAR,VEN,104,CAMBIO-JUGADOR-ENTRA,LOCAL,15,"HACHEN, RICHARD",1,2:19,20,13
125527,10/12/2025,PAR,VEN,105,PERDIDA,VISITANTE,3,"VASQUEZ, JULIO",1,2:08,20,13
125527,10/12/2025,PAR,VEN,106,PERDIDA,LOCAL,81,"CUELLAR, EZEQUIEL",1,2:06,20,13
125527,10/12/2025,PAR,VEN,107,RECUPERACION,VISITANTE,14,"GUTIERREZ, KEVIN",1,2:06,20,13
125527,10/12/2025,PAR,VEN,108,CANASTA-2P,VISITANTE,18,"ANILLO, WILLIAMS",1,2:03,20,15
125527,10/12/2025,PAR,VEN,109,ASISTENCIA,VISITANTE,14,"GUTIERREZ, KEVIN",1,2:03,20,15
125527,10/12/2025,PAR,VEN,110,FALTA-COMETIDA,LOCAL,15,"HACHEN, RICHARD",1,2:03,20,15
125527,10/12/2025,PAR,VEN,111,FALTA-RECIBIDA,VISITANTE,18,"ANILLO, WILLIAMS",1,2:03,20,15
125527,10/12/2025,PAR,VEN,112,CANASTA-1P,VISITANTE,18,"ANILLO, WILLIAMS",1,2:03,20,16
125527,10/12/2025,PAR,VEN,113,TIRO3-FALLADO,LOCAL,6,"TALAVERA, ALEJANDRO",1,1:42,20,16
125527,10/12/2025,PAR,VEN,114,REBOTE-DEFENSIVO,VISITANTE,14,"GUTIERREZ, KEVIN",1,1:38,20,16
125527,10/12/2025,PAR,VEN,115,FALTA-COMETIDA,LOCAL,6,"TALAVERA, ALEJANDRO",1,1:32,20,16
125527,10/12/2025,PAR,VEN,116,FALTA-RECIBIDA,VISITANTE,3,"VASQUEZ, JULIO",1,1:32,20,16
125527,10/12/2025,PAR,VEN,117,FALTA-COMETIDA,LOCAL,6,"TALAVERA, ALEJANDRO",1,1:29,20,16
125527,10/12/2025,PAR,VEN,118,FALTA-RECIBIDA,VISITANTE,26,"SOTO, DIEGO",1,1:29,20,16
125527,10/12/2025,PAR,VEN,119,CAMBIO-JUGADOR-SALE,LOCAL,6,"TALAVERA, ALEJANDRO",1,1:29,20,16
125527,10/12/2025,PAR,VEN,120,CAMBIO-JUGADOR-SALE,LOCAL,81,"CUELLAR, EZEQUIEL",1,1:29,20,16
125527,10/12/2025,PAR,VEN,121,CAMBIO-JUGADOR-ENTRA,LOCAL,10,"DOMINGUEZ, EVERT",1,1:29,20,16
125527,10/12/2025,PAR,VEN,122,CAMBIO-JUGADOR-ENTRA,LOCAL,14,"ESCURRA, MAURICIO",1,1:29,20,16
125527,10/12/2025,PAR,VEN,123,CANASTA-2P,VISITANTE,14,"GUTIERREZ, KEVIN",1,1:20,20,18
125527,10/12/2025,PAR,VEN,124,ASISTENCIA,VISITANTE,26,"SOTO, DIEGO",1,1:20,20,18
125527,10/12/2025,PAR,VEN,125,CANASTA-2P,LOCAL,14,"ESCURRA, MAURICIO",1,1:05,22,18
125527,10/12/2025,PAR,VEN,126,PERDIDA,VISITANTE,18,"ANILLO, WILLIAMS",1,0:48,22,18
125527,10/12/2025,PAR,VEN,127,RECUPERACION,LOCAL,34,"GIMENEZ, MAXIMILIANO",1,0:48,22,18
125527,10/12/2025,PAR,VEN,128,PERDIDA,LOCAL,5,"VERA, LUIS",1,0:44,22,18
125527,10/12/2025,PAR,VEN,129,CANASTA-2P,VISITANTE,26,"SOTO, DIEGO",1,0:30,22,20
125527,10/12/2025,PAR,VEN,130,FALTA-COMETIDA,LOCAL,10,"DOMINGUEZ, EVERT",1,0:30,22,20
125527,10/12/2025,PAR,VEN,131,FALTA-RECIBIDA,VISITANTE,26,"SOTO, DIEGO",1,0:30,22,20
125527,10/12/2025,PAR,VEN,132,CAMBIO-JUGADOR-SALE,LOCAL,10,"DOMINGUEZ, EVERT",1,0:30,22,20
125527,10/12/2025,PAR,VEN,133,CAMBIO-JUGADOR-SALE,LOCAL,15,"HACHEN, RICHARD",1,0:30,22,20
125527,10/12/2025,PAR,VEN,134,CAMBIO-JUGADOR-ENTRA,LOCAL,9,"VAZQUEZ, JUAN",1,0:30,22,20
125527,10/12/2025,PAR,VEN,135,CAMBIO-JUGADOR-ENTRA,LOCAL,21,"GONZALEZ, NESTOR",1,0:30,22,20
125527,10/12/2025,PAR,VEN,136,TIRO1-FALLADO,VISITANTE,26,"SOTO, DIEGO",1,0:30,22,20
125527,10/12/2025,PAR,VEN,137,REBOTE-DEFENSIVO,LOCAL,5,"VERA, LUIS",1,0:30,22,20
125527,10/12/2025,PAR,VEN,138,PERDIDA,LOCAL,9,"VAZQUEZ, JUAN",1,0:25,22,20
125527,10/12/2025,PAR,VEN,139,RECUPERACION,VISITANTE,3,"VASQUEZ, JULIO",1,0:25,22,20
125527,10/12/2025,PAR,VEN,140,CANASTA-2P,VISITANTE,18,"ANILLO, WILLIAMS",1,0:21,22,22
125527,10/12/2025,PAR,VEN,141,ASISTENCIA,VISITANTE,26,"SOTO, DIEGO",1,0:21,22,22
125527,10/12/2025,PAR,VEN,142,TIEMPO-MUERTO-SOLICITADO,LOCAL,,,1,0:21,22,22
125527,10/12/2025,PAR,VEN,143,CAMBIO-JUGADOR-SALE,LOCAL,34,"GIMENEZ, MAXIMILIANO",1,0:21,22,22
125527,10/12/2025,PAR,VEN,144,CAMBIO-JUGADOR-ENTRA,LOCAL,3,"RADICE, ROBERTO",1,0:21,22,22
125527,10/12/2025,PAR,VEN,145,CAMBIO-JUGADOR-SALE,VISITANTE,14,"GUTIERREZ, KEVIN",1,0:21,22,22
125527,10/12/2025,PAR,VEN,146,CAMBIO-JUGADOR-ENTRA,VISITANTE,20,"MONTERO, ISAAC",1,0:21,22,22
125527,10/12/2025,PAR,VEN,147,FALTA-COMETIDA,VISITANTE,18,"ANILLO, WILLIAMS",1,0:08,22,22
125527,10/12/2025,PAR,VEN,148,FALTA-RECIBIDA,LOCAL,9,"VAZQUEZ, JUAN",1,0:08,22,22
125527,10/12/2025,PAR,VEN,149,CAMBIO-JUGADOR-SALE,LOCAL,9,"VAZQUEZ, JUAN",1,0:08,22,22
125527,10/12/2025,PAR,VEN,150,CAMBIO-JUGADOR-ENTRA,LOCAL,6,"TALAVERA, ALEJANDRO",1,0:08,22,22
125527,10/12/2025,PAR,VEN,151,TIRO2-FALLADO,LOCAL,14,"ESCURRA, MAURICIO",1,0:05,22,22
125527,10/12/2025,PAR,VEN,152,REBOTE-OFENSIVO,LOCAL,3,"RADICE, ROBERTO",1,0:03,22,22
125527,10/12/2025,PAR,VEN,153,FALTA-COMETIDA,VISITANTE,12,"MIQUILARENO, GABRIEL",1,0:03,22,22
125527,10/12/2025,PAR,VEN,154,FALTA-RECIBIDA,LOCAL,3,"RADICE, ROBERTO",1,0:03,22,22
125527,10/12/2025,PAR,VEN,155,CANASTA-1P,LOCAL,3,"RADICE, ROBERTO",1,0:03,23,22
125527,10/12/2025,PAR,VEN,156,TIRO1-FALLADO,LOCAL,3,"RADICE, ROBERTO",1,0:03,23,22
125527,10/12/2025,PAR,VEN,157,REBOTE-OFENSIVO,LOCAL,21,"GONZALEZ, NESTOR",1,0:03,23,22
125527,10/12/2025,PAR,VEN,158,FINAL-PERIODO,,,,1,0:00,23,22
125527,10/12/2025,PAR,VEN,159,CAMBIO-JUGADOR-SALE,LOCAL,6,"TALAVERA, ALEJANDRO",2,10:00,23,22
125527,10/12/2025,PAR,VEN,160,CAMBIO-JUGADOR-ENTRA,LOCAL,9,"VAZQUEZ, JUAN",2,10:00,23,22
125527,10/12/2025,PAR,VEN,161,CAMBIO-JUGADOR-SALE,VISITANTE,12,"MIQUILARENO, GABRIEL",2,10:00,23,22
125527,10/12/2025,PAR,VEN,162,CAMBIO-JUGADOR-SALE,VISITANTE,18,"ANILLO, WILLIAMS",2,10:00,23,22
125527,10/12/2025,PAR,VEN,163,CAMBIO-JUGADOR-ENTRA,VISITANTE,4,"SEGOVIA, RICHARD",2,10:00,23,22
125527,10/12/2025,PAR,VEN,164,CAMBIO-JUGADOR-ENTRA,VISITANTE,14,"GUTIERREZ, KEVIN",2,10:00,23,22
125527,10/12/2025,PAR,VEN,165,INICIO-PERIODO,,,,2,10:00,23,22
125527,10/12/2025,PAR,VEN,166,TIRO3-FALLADO,LOCAL,5,"VERA, LUIS",2,10:00,23,22
125527,10/12/2025,PAR,VEN,167,REBOTE-DEFENSIVO,VISITANTE,20,"MONTERO, ISAAC",2,9:57,23,22
125527,10/12/2025,PAR,VEN,168,PERDIDA,VISITANTE,3,"VASQUEZ, JULIO",2,9:48,23,22
125527,10/12/2025,PAR,VEN,169,RECUPERACION,LOCAL,21,"GONZALEZ, NESTOR",2,9:48,23,22
125527,10/12/2025,PAR,VEN,170,TIRO3-FALLADO,LOCAL,3,"RADICE, ROBERTO",2,9:40,23,22
125527,10/12/2025,PAR,VEN,171,REBOTE-DEFENSIVO,VISITANTE,3,"VASQUEZ, JULIO",2,9:37,23,22
125527,10/12/2025,PAR,VEN,172,TIRO2-FALLADO,VISITANTE,14,"GUTIERREZ, KEVIN",2,9:21,23,22
125527,10/12/2025,PAR,VEN,173,REBOTE-DEFENSIVO,LOCAL,5,"VERA, LUIS",2,9:18,23,22
125527,10/12/2025,PAR,VEN,174,TIRO2-FALLADO,LOCAL,21,"GONZALEZ, NESTOR",2,9:03,23,22
125527,10/12/2025,PAR,VEN,175,REBOTE-OFENSIVO,LOCAL,21,"GONZALEZ, NESTOR",2,9:01,23,22
125527,10/12/2025,PAR,VEN,176,TIRO2-FALLADO,LOCAL,21,"GONZALEZ, NESTOR",2,9:01,23,22
125527,10/12/2025,PAR,VEN,177,REBOTE-DEFENSIVO,VISITANTE,14,"GUTIERREZ, KEVIN",2,8:58,23,22
125527,10/12/2025,PAR,VEN,178,TIRO3-FALLADO,VISITANTE,4,"SEGOVIA, RICHARD",2,8:40,23,22
125527,10/12/2025,PAR,VEN,179,REBOTE-DEFENSIVO,LOCAL,,,2,8:39,23,22
125527,10/12/2025,PAR,VEN,180,CAMBIO-JUGADOR-SALE,VISITANTE,3,"VASQUEZ, JULIO",2,8:39,23,22
125527,10/12/2025,PAR,VEN,181,CAMBIO-JUGADOR-ENTRA,VISITANTE,9,"PERDOMO, JUAN",2,8:39,23,22
125527,10/12/2025,PAR,VEN,182,PERDIDA,LOCAL,21,"GONZALEZ, NESTOR",2,8:22,23,22
125527,10/12/2025,PAR,VEN,183,CANASTA-2P,VISITANTE,4,"SEGOVIA, RICHARD",2,8:05,23,24
125527,10/12/2025,PAR,VEN,184,FALTA-COMETIDA,VISITANTE,26,"SOTO, DIEGO",2,7:58,23,24
125527,10/12/2025,PAR,VEN,185,FALTA-RECIBIDA,LOCAL,3,"RADICE, ROBERTO",2,7:58,23,24
125527,10/12/2025,PAR,VEN,186,TIRO3-FALLADO,LOCAL,14,"ESCURRA, MAURICIO",2,7:52,23,24
125527,10/12/2025,PAR,VEN,187,REBOTE-OFENSIVO,LOCAL,3,"RADICE, ROBERTO",2,7:49,23,24
125527,10/12/2025,PAR,VEN,188,TIRO2-FALLADO,LOCAL,3,"RADICE, ROBERTO",2,7:44,23,24
125527,10/12/2025,PAR,VEN,189,TAPON-COMETIDO,VISITANTE,20,"MONTERO, ISAAC",2,7:44,23,24
125527,10/12/2025,PAR,VEN,190,REBOTE-OFENSIVO,LOCAL,21,"GONZALEZ, NESTOR",2,7:39,23,24
125527,10/12/2025,PAR,VEN,191,CANASTA-2P,LOCAL,21,"GONZALEZ, NESTOR",2,7:38,25,24
125527,10/12/2025,PAR,VEN,192,TIRO3-FALLADO,VISITANTE,9,"PERDOMO, JUAN",2,7:23,25,24
125527,10/12/2025,PAR,VEN,193,REBOTE-DEFENSIVO,LOCAL,9,"VAZQUEZ, JUAN",2,7:20,25,24
125527,10/12/2025,PAR,VEN,194,TIRO2-FALLADO,LOCAL,14,"ESCURRA, MAURICIO",2,7:05,25,24
125527,10/12/2025,PAR,VEN,195,REBOTE-DEFENSIVO,VISITANTE,14,"GUTIERREZ, KEVIN",2,7:02,25,24
125527,10/12/2025,PAR,VEN,196,FALTA-COMETIDA,LOCAL,21,"GONZALEZ, NESTOR",2,6:55,25,24
125527,10/12/2025,PAR,VEN,197,FALTA-RECIBIDA,VISITANTE,14,"GUTIERREZ, KEVIN",2,6:55,25,24
125527,10/12/2025,PAR,VEN,198,CAMBIO-JUGADOR-SALE,VISITANTE,26,"SOTO, DIEGO",2,6:55,25,24
125527,10/12/2025,PAR,VEN,199,CAMBIO-JUGADOR-ENTRA,VISITANTE,7,"LARA, JOSE",2,6:55,25,24
125527,10/12/2025,PAR,VEN,200,TIRO1-FALLADO,VISITANTE,14,"GUTIERREZ, KEVIN",2,6:55,25,24
125527,10/12/2025,PAR,VEN,201,CANASTA-1P,VISITANTE,14,"GUTIERREZ, KEVIN",2,6:55,25,25
125527,10/12/2025,PAR,VEN,202,ASISTENCIA,VISITANTE,4,"SEGOVIA, RICHARD",2,6:55,25,25
125527,10/12/2025,PAR,VEN,203,PERDIDA,LOCAL,9,"VAZQUEZ, JUAN",2,6:39,25,25
125527,10/12/2025,PAR,VEN,204,RECUPERACION,VISITANTE,9,"PERDOMO, JUAN",2,6:39,25,25
125527,10/12/2025,PAR,VEN,205,TIRO2-FALLADO,VISITANTE,7,"LARA, JOSE",2,6:34,25,25
125527,10/12/2025,PAR,VEN,206,REBOTE-DEFENSIVO,LOCAL,,,2,6:33,25,25
125527,10/12/2025,PAR,VEN,207,CAMBIO-JUGADOR-SALE,LOCAL,9,"VAZQUEZ, JUAN",2,6:33,25,25
125527,10/12/2025,PAR,VEN,208,CAMBIO-JUGADOR-ENTRA,LOCAL,6,"TALAVERA, ALEJANDRO",2,6:33,25,25
125527,10/12/2025,PAR,VEN,209,PERDIDA,LOCAL,6,"TALAVERA, ALEJANDRO",2,6:26,25,25
125527,10/12/2025,PAR,VEN,210,RECUPERACION,VISITANTE,4,"SEGOVIA, RICHARD",2,6:26,25,25
125527,10/12/2025,PAR,VEN,211,PERDIDA,VISITANTE,9,"PERDOMO, JUAN",2,6:23,25,25
125527,10/12/2025,PAR,VEN,212,RECUPERACION,LOCAL,6,"TALAVERA, ALEJANDRO",2,6:23,25,25
125527,10/12/2025,PAR,VEN,213,TIRO2-FALLADO,LOCAL,5,"VERA, LUIS",2,6:09,25,25
125527,10/12/2025,PAR,VEN,214,REBOTE-DEFENSIVO,VISITANTE,7,"LARA, JOSE",2,6:06,25,25
125527,10/12/2025,PAR,VEN,215,TIRO2-FALLADO,VISITANTE,14,"GUTIERREZ, KEVIN",2,6:04,25,25
125527,10/12/2025,PAR,VEN,216,TAPON-COMETIDO,LOCAL,21,"GONZALEZ, NESTOR",2,6:04,25,25
125527,10/12/2025,PAR,VEN,217,REBOTE-DEFENSIVO,LOCAL,14,"ESCURRA, MAURICIO",2,6:00,25,25
125527,10/12/2025,PAR,VEN,218,FALTA-COMETIDA,VISITANTE,20,"MONTERO, ISAAC",2,5:59,25,25
125527,10/12/2025,PAR,VEN,219,FALTA-RECIBIDA,LOCAL,5,"VERA, LUIS",2,5:59,25,25
125527,10/12/2025,PAR,VEN,220,TIRO1-FALLADO,LOCAL,5,"VERA, LUIS",2,5:59,25,25
125527,10/12/2025,PAR,VEN,221,TIRO1-FALLADO,LOCAL,5,"VERA, LUIS",2,5:59,25,25
125527,10/12/2025,PAR,VEN,222,REBOTE-DEFENSIVO,VISITANTE,7,"LARA, JOSE",2,5:59,25,25
125527,10/12/2025,PAR,VEN,223,CANASTA-2P,VISITANTE,20,"MONTERO, ISAAC",2,5:36,25,27
125527,10/12/2025,PAR,VEN,224,TIRO3-FALLADO,LOCAL,5,"VERA, LUIS",2,5:24,25,27
125527,10/12/2025,PAR,VEN,225,REBOTE-DEFENSIVO,VISITANTE,,,2,5:24,25,27
125527,10/12/2025,PAR,VEN,226,CAMBIO-JUGADOR-SALE,LOCAL,5,"VERA, LUIS",2,5:24,25,27
125527,10/12/2025,PAR,VEN,227,CAMBIO-JUGADOR-ENTRA,LOCAL,34,"GIMENEZ, MAXIMILIANO",2,5:24,25,27
125527,10/12/2025,PAR,VEN,228,TIRO2-FALLADO,VISITANTE,20,"MONTERO, ISAAC",2,5:05,25,27
125527,10/12/2025,PAR,VEN,229,REBOTE-OFENSIVO,VISITANTE,9,"PERDOMO, JUAN",2,5:03,25,27
125527,10/12/2025,PAR,VEN,230,TIRO2-FALLADO,VISITANTE,9,"PERDOMO, JUAN",2,5:02,25,27
125527,10/12/2025,PAR,VEN,231,REBOTE-OFENSIVO,VISITANTE,7,"LARA, JOSE",2,4:59,25,27
125527,10/12/2025,PAR,VEN,232,TIRO2-FALLADO,VISITANTE,7,"LARA, JOSE",2,4:58,25,27
125527,10/12/2025,PAR,VEN,233,REBOTE-DEFENSIVO,LOCAL,34,"GIMENEZ, MAXIMILIANO",2,4:55,25,27
125527,10/12/2025,PAR,VEN,234,TIRO3-FALLADO,LOCAL,34,"GIMENEZ, MAXIMILIANO",2,4:52,25,27
125527,10/12/2025,PAR,VEN,235,REBOTE-OFENSIVO,LOCAL,14,"ESCURRA, MAURICIO",2,4:49,25,27
125527,10/12/2025,PAR,VEN,236,CANASTA-2P,LOCAL,21,"GONZALEZ, NESTOR",2,4:47,27,27
125527,10/12/2025,PAR,VEN,237,ASISTENCIA,LOCAL,14,"ESCURRA, MAURICIO",2,4:47,27,27
125527,10/12/2025,PAR,VEN,238,FALTA-COMETIDA,LOCAL,21,"GONZALEZ, NESTOR",2,4:29,27,27
125527,10/12/2025,PAR,VEN,239,FALTA-RECIBIDA,VISITANTE,14,"GUTIERREZ, KEVIN",2,4:29,27,27
125527,10/12/2025,PAR,VEN,240,CAMBIO-JUGADOR-SALE,VISITANTE,20,"MONTERO, ISAAC",2,4:29,27,27
125527,10/12/2025,PAR,VEN,241,CAMBIO-JUGADOR-ENTRA,VISITANTE,23,"NIÑO, SAMUEL",2,4:29,27,27
125527,10/12/2025,PAR,VEN,242,TIRO1-FALLADO,VISITANTE,14,"GUTIERREZ, KEVIN",2,4:29,27,27
125527,10/12/2025,PAR,VEN,243,TIRO1-FALLADO,VISITANTE,14,"GUTIERREZ, KEVIN",2,4:29,27,27
125527,10/12/2025,PAR,VEN,244,REBOTE-DEFENSIVO,LOCAL,14,"ESCURRA, MAURICIO",2,4:29,27,27
125527,10/12/2025,PAR,VEN,245,CANASTA-3P,LOCAL,14,"ESCURRA, MAURICIO",2,4:17,30,27
125527,10/12/2025,PAR,VEN,246,ASISTENCIA,LOCAL,3,"RADICE, ROBERTO",2,4:17,30,27
125527,10/12/2025,PAR,VEN,247,CAMBIO-JUGADOR-SALE,VISITANTE,7,"LARA, JOSE",2,4:06,30,27
125527,10/12/2025,PAR,VEN,248,CAMBIO-JUGADOR-ENTRA,VISITANTE,3,"VASQUEZ, JULIO",2,4:06,30,27
125527,10/12/2025,PAR,VEN,249,TIRO2-FALLADO,VISITANTE,3,"VASQUEZ, JULIO",2,3:52,30,27
125527,10/12/2025,PAR,VEN,250,REBOTE-DEFENSIVO,LOCAL,21,"GONZALEZ, NESTOR",2,3:50,30,27
125527,10/12/2025,PAR,VEN,251,TIRO3-FALLADO,LOCAL,6,"TALAVERA, ALEJANDRO",2,3:38,30,27
125527,10/12/2025,PAR,VEN,252,REBOTE-DEFENSIVO,VISITANTE,3,"VASQUEZ, JULIO",2,3:35,30,27
125527,10/12/2025,PAR,VEN,253,TIRO2-FALLADO,VISITANTE,9,"PERDOMO, JUAN",2,3:20,30,27
125527,10/12/2025,PAR,VEN,254,REBOTE-DEFENSIVO,LOCAL,6,"TALAVERA, ALEJANDRO",2,3:17,30,27
125527,10/12/2025,PAR,VEN,255,CANASTA-3P,LOCAL,14,"ESCURRA, MAURICIO",2,3:02,33,27
125527,10/12/2025,PAR,VEN,256,ASISTENCIA,LOCAL,34,"GIMENEZ, MAXIMILIANO",2,3:02,33,27
125527,10/12/2025,PAR,VEN,257,TIEMPO-MUERTO-SOLICITADO,VISITANTE,,,2,3:01,33,27
125527,10/12/2025,PAR,VEN,258,CAMBIO-JUGADOR-SALE,LOCAL,21,"GONZALEZ, NESTOR",2,3:01,33,27
125527,10/12/2025,PAR,VEN,259,CAMBIO-JUGADOR-ENTRA,LOCAL,55,"MOLINAS, JOSE",2,3:01,33,27
125527,10/12/2025,PAR,VEN,260,CAMBIO-JUGADOR-SALE,VISITANTE,4,"SEGOVIA, RICHARD",2,3:01,33,27
125527,10/12/2025,PAR,VEN,261,CAMBIO-JUGADOR-SALE,VISITANTE,9,"PERDOMO, JUAN",2,3:01,33,27
125527,10/12/2025,PAR,VEN,262,CAMBIO-JUGADOR-ENTRA,VISITANTE,18,"ANILLO, WILLIAMS",2,3:01,33,27
125527,10/12/2025,PAR,VEN,263,CAMBIO-JUGADOR-ENTRA,VISITANTE,26,"SOTO, DIEGO",2,3:01,33,27
125527,10/12/2025,PAR,VEN,264,PERDIDA,VISITANTE,26,"SOTO, DIEGO",2,3:00,33,27
125527,10/12/2025,PAR,VEN,265,TIRO2-FALLADO,LOCAL,14,"ESCURRA, MAURICIO",2,2:51,33,27
125527,10/12/2025,PAR,VEN,266,REBOTE-DEFENSIVO,VISITANTE,26,"SOTO, DIEGO",2,2:45,33,27
125527,10/12/2025,PAR,VEN,267,PERDIDA,VISITANTE,18,"ANILLO, WILLIAMS",2,2:32,33,27
125527,10/12/2025,PAR,VEN,268,RECUPERACION,LOCAL,3,"RADICE, ROBERTO",2,2:32,33,27
125527,10/12/2025,PAR,VEN,269,FALTA-COMETIDA,VISITANTE,23,"NIÑO, SAMUEL",2,2:31,33,27
125527,10/12/2025,PAR,VEN,270,FALTA-RECIBIDA,LOCAL,3,"RADICE, ROBERTO",2,2:31,33,27
125527,10/12/2025,PAR,VEN,271,FALTA-COMETIDA,VISITANTE,26,"SOTO, DIEGO",2,2:26,33,27
125527,10/12/2025,PAR,VEN,272,FALTA-RECIBIDA,LOCAL,3,"RADICE, ROBERTO",2,2:26,33,27
125527,10/12/2025,PAR,VEN,273,CANASTA-3P,LOCAL,3,"RADICE, ROBERTO",2,2:01,36,27
125527,10/12/2025,PAR,VEN,274,ASISTENCIA,LOCAL,34,"GIMENEZ, MAXIMILIANO",2,2:01,36,27
125527,10/12/2025,PAR,VEN,275,TIRO3-FALLADO,VISITANTE,3,"VASQUEZ, JULIO",2,1:42,36,27
125527,10/12/2025,PAR,VEN,276,REBOTE-OFENSIVO,VISITANTE,3,"VASQUEZ, JULIO",2,1:39,36,27
125527,10/12/2025,PAR,VEN,277,PERDIDA,VISITANTE,3,"VASQUEZ, JULIO",2,1:38,36,27
125527,10/12/2025,PAR,VEN,278,CAMBIO-JUGADOR-SALE,VISITANTE,3,"VASQUEZ, JULIO",2,1:38,36,27
125527,10/12/2025,PAR,VEN,279,CAMBIO-JUGADOR-SALE,VISITANTE,26,"SOTO, DIEGO",2,1:38,36,27
125527,10/12/2025,PAR,VEN,280,CAMBIO-JUGADOR-ENTRA,VISITANTE,2,"TORRES, DEIKER",2,1:38,36,27
125527,10/12/2025,PAR,VEN,281,CAMBIO-JUGADOR-ENTRA,VISITANTE,9,"PERDOMO, JUAN",2,1:38,36,27
125527,10/12/2025,PAR,VEN,282,CAMBIO-JUGADOR-SALE,VISITANTE,14,"GUTIERREZ, KEVIN",2,1:36,36,27
125527,10/12/2025,PAR,VEN,283,CAMBIO-JUGADOR-ENTRA,VISITANTE,20,"MONTERO, ISAAC",2,1:36,36,27
125527,10/12/2025,PAR,VEN,284,PERDIDA,LOCAL,6,"TALAVERA, ALEJANDRO",2,1:34,36,27
125527,10/12/2025,PAR,VEN,285,PERDIDA,VISITANTE,23,"NIÑO, SAMUEL",2,1:15,36,27
125527,10/12/2025,PAR,VEN,286,RECUPERACION,LOCAL,34,"GIMENEZ, MAXIMILIANO",2,1:15,36,27
125527,10/12/2025,PAR,VEN,287,TIRO3-FALLADO,LOCAL,34,"GIMENEZ, MAXIMILIANO",2,0:58,36,27
125527,10/12/2025,PAR,VEN,288,REBOTE-DEFENSIVO,VISITANTE,9,"PERDOMO, JUAN",2,0:55,36,27
125527,10/12/2025,PAR,VEN,289,TIRO3-FALLADO,VISITANTE,23,"NIÑO, SAMUEL",2,0:49,36,27
125527,10/12/2025,PAR,VEN,290,REBOTE-OFENSIVO,VISITANTE,20,"MONTERO, ISAAC",2,0:46,36,27
125527,10/12/2025,PAR,VEN,291,CANASTA-3P,VISITANTE,9,"PERDOMO, JUAN",2,0:36,36,30
125527,10/12/2025,PAR,VEN,292,ASISTENCIA,VISITANTE,2,"TORRES, DEIKER",2,0:36,36,30
125527,10/12/2025,PAR,VEN,293,TIEMPO-MUERTO-SOLICITADO,LOCAL,,,2,0:36,36,30
125527,10/12/2025,PAR,VEN,294,CAMBIO-JUGADOR-SALE,LOCAL,3,"RADICE, ROBERTO",2,0:36,36,30
125527,10/12/2025,PAR,VEN,295,CAMBIO-JUGADOR-ENTRA,LOCAL,5,"VERA, LUIS",2,0:36,36,30
125527,10/12/2025,PAR,VEN,296,TIRO2-FALLADO,LOCAL,14,"ESCURRA, MAURICIO",2,0:13,36,30
125527,10/12/2025,PAR,VEN,297,REBOTE-DEFENSIVO,VISITANTE,18,"ANILLO, WILLIAMS",2,0:11,36,30
125527,10/12/2025,PAR,VEN,298,CAMBIO-JUGADOR-SALE,LOCAL,55,"MOLINAS, JOSE",2,0:03,36,30
125527,10/12/2025,PAR,VEN,299,CAMBIO-JUGADOR-ENTRA,LOCAL,81,"CUELLAR, EZEQUIEL",2,0:03,36,30
125527,10/12/2025,PAR,VEN,300,FALTA-COMETIDA,LOCAL,81,"CUELLAR, EZEQUIEL",2,0:03,36,30
125527,10/12/2025,PAR,VEN,301,FALTA-RECIBIDA,VISITANTE,2,"TORRES, DEIKER",2,0:03,36,30
125527,10/12/2025,PAR,VEN,302,TIRO1-FALLADO,VISITANTE,2,"TORRES, DEIKER",2,0:03,36,30
125527,10/12/2025,PAR,VEN,303,TIRO1-FALLADO,VISITANTE,2,"TORRES, DEIKER",2,0:03,36,30
125527,10/12/2025,PAR,VEN,304,REBOTE-DEFENSIVO,LOCAL,,,2,0:03,36,30
125527,10/12/2025,PAR,VEN,305,CAMBIO-JUGADOR-SALE,LOCAL,34,"GIMENEZ, MAXIMILIANO",2,0:03,36,30
125527,10/12/2025,PAR,VEN,306,CAMBIO-JUGADOR-ENTRA,LOCAL,21,"GONZALEZ, NESTOR",2,0:03,36,30
125527,10/12/2025,PAR,VEN,307,FINAL-PERIODO,,,,2,0:00,36,30
125527,10/12/2025,PAR,VEN,308,CAMBIO-JUGADOR-SALE,LOCAL,81,"CUELLAR, EZEQUIEL",3,10:00,36,30
125527,10/12/2025,PAR,VEN,309,CAMBIO-JUGADOR-ENTRA,LOCAL,3,"RADICE, ROBERTO",3,10:00,36,30
125527,10/12/2025,PAR,VEN,310,CAMBIO-JUGADOR-SALE,VISITANTE,2,"TORRES, DEIKER",3,10:00,36,30
125527,10/12/2025,PAR,VEN,311,CAMBIO-JUGADOR-SALE,VISITANTE,18,"ANILLO, WILLIAMS",3,10:00,36,30
125527,10/12/2025,PAR,VEN,312,CAMBIO-JUGADOR-SALE,VISITANTE,20,"MONTERO, ISAAC",3,10:00,36,30
125527,10/12/2025,PAR,VEN,313,CAMBIO-JUGADOR-ENTRA,VISITANTE,4,"SEGOVIA, RICHARD",3,10:00,36,30
125527,10/12/2025,PAR,VEN,314,CAMBIO-JUGADOR-ENTRA,VISITANTE,7,"LARA, JOSE",3,10:00,36,30
125527,10/12/2025,PAR,VEN,315,CAMBIO-JUGADOR-ENTRA,VISITANTE,14,"GUTIERREZ, KEVIN",3,10:00,36,30
125527,10/12/2025,PAR,VEN,316,INICIO-PERIODO,,,,3,10:00,36,30
125527,10/12/2025,PAR,VEN,317,TIRO2-FALLADO,VISITANTE,7,"LARA, JOSE",3,9:36,36,30
125527,10/12/2025,PAR,VEN,318,REBOTE-DEFENSIVO,LOCAL,21,"GONZALEZ, NESTOR",3,9:33,36,30
125527,10/12/2025,PAR,VEN,319,JUMP-BALL,LOCAL,,,3,9:33,36,30
125527,10/12/2025,PAR,VEN,320,TIRO3-FALLADO,LOCAL,5,"VERA, LUIS",3,9:19,36,30
125527,10/12/2025,PAR,VEN,321,REBOTE-OFENSIVO,LOCAL,,,3,9:17,36,30
125527,10/12/2025,PAR,VEN,322,TIRO3-FALLADO,LOCAL,5,"VERA, LUIS",3,9:12,36,30
125527,10/12/2025,PAR,VEN,323,REBOTE-DEFENSIVO,VISITANTE,,,3,9:12,36,30
125527,10/12/2025,PAR,VEN,324,FALTA-COMETIDA,LOCAL,14,"ESCURRA, MAURICIO",3,9:12,36,30
125527,10/12/2025,PAR,VEN,325,FALTA-RECIBIDA,VISITANTE,7,"LARA, JOSE",3,9:12,36,30
125527,10/12/2025,PAR,VEN,326,CANASTA-2P,VISITANTE,9,"PERDOMO, JUAN",3,8:55,36,32
125527,10/12/2025,PAR,VEN,327,CANASTA-2P,LOCAL,21,"GONZALEZ, NESTOR",3,8:42,38,32
125527,10/12/2025,PAR,VEN,328,ASISTENCIA,LOCAL,6,"TALAVERA, ALEJANDRO",3,8:42,38,32
125527,10/12/2025,PAR,VEN,329,PERDIDA,VISITANTE,9,"PERDOMO, JUAN",3,8:20,38,32
125527,10/12/2025,PAR,VEN,330,RECUPERACION,LOCAL,5,"VERA, LUIS",3,8:20,38,32
125527,10/12/2025,PAR,VEN,331,CANASTA-3P,LOCAL,6,"TALAVERA, ALEJANDRO",3,8:16,41,32
125527,10/12/2025,PAR,VEN,332,ASISTENCIA,LOCAL,5,"VERA, LUIS",3,8:16,41,32
125527,10/12/2025,PAR,VEN,333,TIRO3-FALLADO,VISITANTE,7,"LARA, JOSE",3,7:50,41,32
125527,10/12/2025,PAR,VEN,334,REBOTE-DEFENSIVO,LOCAL,,,3,7:48,41,32
125527,10/12/2025,PAR,VEN,335,FALTA-COMETIDA,VISITANTE,23,"NIÑO, SAMUEL",3,7:48,41,32
125527,10/12/2025,PAR,VEN,336,FALTA-RECIBIDA,LOCAL,6,"TALAVERA, ALEJANDRO",3,7:48,41,32
125527,10/12/2025,PAR,VEN,337,CAMBIO-JUGADOR-SALE,VISITANTE,4,"SEGOVIA, RICHARD",3,7:48,41,32
125527,10/12/2025,PAR,VEN,338,CAMBIO-JUGADOR-SALE,VISITANTE,7,"LARA, JOSE",3,7:48,41,32
125527,10/12/2025,PAR,VEN,339,CAMBIO-JUGADOR-ENTRA,VISITANTE,2,"TORRES, DEIKER",3,7:48,41,32
125527,10/12/2025,PAR,VEN,340,CAMBIO-JUGADOR-ENTRA,VISITANTE,18,"ANILLO, WILLIAMS",3,7:48,41,32
125527,10/12/2025,PAR,VEN,341,TIRO3-FALLADO,LOCAL,5,"VERA, LUIS",3,7:31,41,32
125527,10/12/2025,PAR,VEN,342,REBOTE-DEFENSIVO,VISITANTE,,,3,7:31,41,32
125527,10/12/2025,PAR,VEN,343,FALTA-COMETIDA,LOCAL,21,"GONZALEZ, NESTOR",3,7:31,41,32
125527,10/12/2025,PAR,VEN,344,FALTA-RECIBIDA,VISITANTE,23,"NIÑO, SAMUEL",3,7:31,41,32
125527,10/12/2025,PAR,VEN,345,CANASTA-3P,VISITANTE,2,"TORRES, DEIKER",3,7:21,41,35
125527,10/12/2025,PAR,VEN,346,ASISTENCIA,VISITANTE,14,"GUTIERREZ, KEVIN",3,7:21,41,35
125527,10/12/2025,PAR,VEN,347,CANASTA-3P,LOCAL,6,"TALAVERA, ALEJANDRO",3,7:08,44,35
125527,10/12/2025,PAR,VEN,348,PERDIDA,VISITANTE,2,"TORRES, DEIKER",3,6:57,44,35
125527,10/12/2025,PAR,VEN,349,RECUPERACION,LOCAL,3,"RADICE, ROBERTO",3,6:57,44,35
125527,10/12/2025,PAR,VEN,350,CANASTA-2P,LOCAL,5,"VERA, LUIS",3,6:47,46,35
125527,10/12/2025,PAR,VEN,351,ASISTENCIA,LOCAL,6,"TALAVERA, ALEJANDRO",3,6:47,46,35
125527,10/12/2025,PAR,VEN,352,TIEMPO-MUERTO-SOLICITADO,VISITANTE,,,3,6:46,46,35
125527,10/12/2025,PAR,VEN,353,CAMBIO-JUGADOR-SALE,VISITANTE,23,"NIÑO, SAMUEL",3,6:46,46,35
125527,10/12/2025,PAR,VEN,354,CAMBIO-JUGADOR-ENTRA,VISITANTE,20,"MONTERO, ISAAC",3,6:46,46,35
125527,10/12/2025,PAR,VEN,355,PERDIDA,VISITANTE,18,"ANILLO, WILLIAMS",3,6:29,46,35
125527,10/12/2025,PAR,VEN,356,TIRO3-FALLADO,LOCAL,6,"TALAVERA, ALEJANDRO",3,6:16,46,35
125527,10/12/2025,PAR,VEN,357,REBOTE-DEFENSIVO,VISITANTE,14,"GUTIERREZ, KEVIN",3,6:13,46,35
125527,10/12/2025,PAR,VEN,358,FALTA-COMETIDA,LOCAL,6,"TALAVERA, ALEJANDRO",3,6:12,46,35
125527,10/12/2025,PAR,VEN,359,FALTA-RECIBIDA,VISITANTE,2,"TORRES, DEIKER",3,6:12,46,35
125527,10/12/2025,PAR,VEN,360,CAMBIO-JUGADOR-SALE,VISITANTE,9,"PERDOMO, JUAN",3,6:12,46,35
125527,10/12/2025,PAR,VEN,361,CAMBIO-JUGADOR-ENTRA,VISITANTE,3,"VASQUEZ, JULIO",3,6:12,46,35
125527,10/12/2025,PAR,VEN,362,TIRO2-FALLADO,VISITANTE,2,"TORRES, DEIKER",3,6:05,46,35
125527,10/12/2025,PAR,VEN,363,REBOTE-OFENSIVO,VISITANTE,2,"TORRES, DEIKER",3,6:02,46,35
125527,10/12/2025,PAR,VEN,364,TIRO3-FALLADO,VISITANTE,14,"GUTIERREZ, KEVIN",3,6:01,46,35
125527,10/12/2025,PAR,VEN,365,REBOTE-OFENSIVO,VISITANTE,3,"VASQUEZ, JULIO",3,5:59,46,35
125527,10/12/2025,PAR,VEN,366,PERDIDA,VISITANTE,3,"VASQUEZ, JULIO",3,5:50,46,35
125527,10/12/2025,PAR,VEN,367,TIRO3-FALLADO,LOCAL,14,"ESCURRA, MAURICIO",3,5:27,46,35
125527,10/12/2025,PAR,VEN,368,REBOTE-DEFENSIVO,VISITANTE,3,"VASQUEZ, JULIO",3,5:24,46,35
125527,10/12/2025,PAR,VEN,369,FALTA-COMETIDA,LOCAL,5,"VERA, LUIS",3,5:23,46,35
125527,10/12/2025,PAR,VEN,370,FALTA-RECIBIDA,VISITANTE,3,"VASQUEZ, JULIO",3,5:23,46,35
125527,10/12/2025,PAR,VEN,371,VTR,VISITANTE,,,3,5:23,46,35
125527,10/12/2025,PAR,VEN,372,FALTA-COMETIDA,LOCAL,14,"ESCURRA, MAURICIO",3,5:23,46,35
125527,10/12/2025,PAR,VEN,373,FALTA-RECIBIDA,VISITANTE,3,"VASQUEZ, JULIO",3,5:23,46,35
125527,10/12/2025,PAR,VEN,374,TIRO1-FALLADO,VISITANTE,3,"VASQUEZ, JULIO",3,5:23,46,35
125527,10/12/2025,PAR,VEN,375,CANASTA-1P,VISITANTE,3,"VASQUEZ, JULIO",3,5:23,46,36
125527,10/12/2025,PAR,VEN,376,CANASTA-2P,VISITANTE,14,"GUTIERREZ, KEVIN",3,5:16,46,38
125527,10/12/2025,PAR,VEN,377,ASISTENCIA,VISITANTE,2,"TORRES, DEIKER",3,5:16,46,38
125527,10/12/2025,PAR,VEN,378,TIRO3-FALLADO,LOCAL,3,"RADICE, ROBERTO",3,4:59,46,38
125527,10/12/2025,PAR,VEN,379,REBOTE-DEFENSIVO,VISITANTE,3,"VASQUEZ, JULIO",3,4:57,46,38
125527,10/12/2025,PAR,VEN,380,CANASTA-3P,VISITANTE,14,"GUTIERREZ, KEVIN",3,4:45,46,41
125527,10/12/2025,PAR,VEN,381,ASISTENCIA,VISITANTE,2,"TORRES, DEIKER",3,4:45,46,41
125527,10/12/2025,PAR,VEN,382,TIEMPO-MUERTO-SOLICITADO,LOCAL,,,3,4:44,46,41
125527,10/12/2025,PAR,VEN,383,TIRO3-FALLADO,LOCAL,3,"RADICE, ROBERTO",3,4:29,46,41
125527,10/12/2025,PAR,VEN,384,REBOTE-OFENSIVO,LOCAL,5,"VERA, LUIS",3,4:26,46,41
125527,10/12/2025,PAR,VEN,385,TIRO2-FALLADO,LOCAL,5,"VERA, LUIS",3,4:25,46,41
125527,10/12/2025,PAR,VEN,386,REBOTE-OFENSIVO,LOCAL,,,3,4:25,46,41
125527,10/12/2025,PAR,VEN,387,FALTA-COMETIDA,VISITANTE,3,"VASQUEZ, JULIO",3,4:25,46,41
125527,10/12/2025,PAR,VEN,388,FALTA-RECIBIDA,LOCAL,5,"VERA, LUIS",3,4:25,46,41
125527,10/12/2025,PAR,VEN,389,CAMBIO-JUGADOR-SALE,LOCAL,14,"ESCURRA, MAURICIO",3,4:25,46,41
125527,10/12/2025,PAR,VEN,390,CAMBIO-JUGADOR-ENTRA,LOCAL,81,"CUELLAR, EZEQUIEL",3,4:25,46,41
125527,10/12/2025,PAR,VEN,391,CANASTA-2P,LOCAL,5,"VERA, LUIS",3,4:19,48,41
125527,10/12/2025,PAR,VEN,392,ASISTENCIA,LOCAL,81,"CUELLAR, EZEQUIEL",3,4:19,48,41
125527,10/12/2025,PAR,VEN,393,FALTA-COMETIDA,LOCAL,5,"VERA, LUIS",3,3:59,48,41
125527,10/12/2025,PAR,VEN,394,FALTA-RECIBIDA,VISITANTE,3,"VASQUEZ, JULIO",3,3:59,48,41
125527,10/12/2025,PAR,VEN,395,TIRO1-FALLADO,VISITANTE,3,"VASQUEZ, JULIO",3,3:59,48,41
125527,10/12/2025,PAR,VEN,396,CANASTA-1P,VISITANTE,3,"VASQUEZ, JULIO",3,3:59,48,42
125527,10/12/2025,PAR,VEN,397,ASISTENCIA,VISITANTE,14,"GUTIERREZ, KEVIN",3,3:59,48,42
125527,10/12/2025,PAR,VEN,398,CAMBIO-JUGADOR-SALE,VISITANTE,3,"VASQUEZ, JULIO",3,3:59,48,42
125527,10/12/2025,PAR,VEN,399,CAMBIO-JUGADOR-ENTRA,VISITANTE,26,"SOTO, DIEGO",3,3:59,48,42
125527,10/12/2025,PAR,VEN,400,TIRO3-FALLADO,LOCAL,81,"CUELLAR, EZEQUIEL",3,3:39,48,42
125527,10/12/2025,PAR,VEN,401,REBOTE-DEFENSIVO,VISITANTE,26,"SOTO, DIEGO",3,3:36,48,42
125527,10/12/2025,PAR,VEN,402,TIRO2-FALLADO,VISITANTE,26,"SOTO, DIEGO",3,3:26,48,42
125527,10/12/2025,PAR,VEN,403,REBOTE-OFENSIVO,VISITANTE,14,"GUTIERREZ, KEVIN",3,3:23,48,42
125527,10/12/2025,PAR,VEN,404,PERDIDA,VISITANTE,26,"SOTO, DIEGO",3,3:23,48,42
125527,10/12/2025,PAR,VEN,405,RECUPERACION,LOCAL,21,"GONZALEZ, NESTOR",3,3:23,48,42
125527,10/12/2025,PAR,VEN,406,TIRO2-FALLADO,LOCAL,3,"RADICE, ROBERTO",3,3:06,48,42
125527,10/12/2025,PAR,VEN,407,REBOTE-DEFENSIVO,VISITANTE,20,"MONTERO, ISAAC",3,3:03,48,42
125527,10/12/2025,PAR,VEN,408,TIRO2-FALLADO,VISITANTE,14,"GUTIERREZ, KEVIN",3,2:46,48,42
125527,10/12/2025,PAR,VEN,409,REBOTE-OFENSIVO,VISITANTE,20,"MONTERO, ISAAC",3,2:46,48,42
125527,10/12/2025,PAR,VEN,410,FALTA-COMETIDA,LOCAL,5,"VERA, LUIS",3,2:46,48,42
125527,10/12/2025,PAR,VEN,411,FALTA-RECIBIDA,VISITANTE,20,"MONTERO, ISAAC",3,2:46,48,42
125527,10/12/2025,PAR,VEN,412,CAMBIO-JUGADOR-SALE,LOCAL,3,"RADICE, ROBERTO",3,2:46,48,42
125527,10/12/2025,PAR,VEN,413,CAMBIO-JUGADOR-SALE,LOCAL,5,"VERA, LUIS",3,2:46,48,42
125527,10/12/2025,PAR,VEN,414,CAMBIO-JUGADOR-ENTRA,LOCAL,14,"ESCURRA, MAURICIO",3,2:46,48,42
125527,10/12/2025,PAR,VEN,415,CAMBIO-JUGADOR-ENTRA,LOCAL,34,"GIMENEZ, MAXIMILIANO",3,2:46,48,42
125527,10/12/2025,PAR,VEN,416,CAMBIO-JUGADOR-SALE,VISITANTE,26,"SOTO, DIEGO",3,2:46,48,42
125527,10/12/2025,PAR,VEN,417,CAMBIO-JUGADOR-ENTRA,VISITANTE,7,"LARA, JOSE",3,2:46,48,42
125527,10/12/2025,PAR,VEN,418,CANASTA-1P,VISITANTE,20,"MONTERO, ISAAC",3,2:46,48,43
125527,10/12/2025,PAR,VEN,419,CANASTA-1P,VISITANTE,20,"MONTERO, ISAAC",3,2:46,48,44
125527,10/12/2025,PAR,VEN,420,PERDIDA,LOCAL,34,"GIMENEZ, MAXIMILIANO",3,2:36,48,44
125527,10/12/2025,PAR,VEN,421,RECUPERACION,VISITANTE,2,"TORRES, DEIKER",3,2:36,48,44
125527,10/12/2025,PAR,VEN,422,FALTA-COMETIDA,VISITANTE,7,"LARA, JOSE",3,2:31,48,44
125527,10/12/2025,PAR,VEN,423,PERDIDA,VISITANTE,7,"LARA, JOSE",3,2:31,48,44
125527,10/12/2025,PAR,VEN,424,FALTA-RECIBIDA,LOCAL,14,"ESCURRA, MAURICIO",3,2:31,48,44
125527,10/12/2025,PAR,VEN,425,TIRO2-FALLADO,LOCAL,14,"ESCURRA, MAURICIO",3,2:18,48,44
125527,10/12/2025,PAR,VEN,426,REBOTE-DEFENSIVO,VISITANTE,20,"MONTERO, ISAAC",3,2:15,48,44
125527,10/12/2025,PAR,VEN,427,TIRO3-FALLADO,VISITANTE,14,"GUTIERREZ, KEVIN",3,2:08,48,44
125527,10/12/2025,PAR,VEN,428,REBOTE-OFENSIVO,VISITANTE,18,"ANILLO, WILLIAMS",3,2:05,48,44
125527,10/12/2025,PAR,VEN,429,CANASTA-3P,VISITANTE,18,"ANILLO, WILLIAMS",3,1:55,48,47
125527,10/12/2025,PAR,VEN,430,ASISTENCIA,VISITANTE,20,"MONTERO, ISAAC",3,1:55,48,47
125527,10/12/2025,PAR,VEN,431,FALTA-COMETIDA,VISITANTE,14,"GUTIERREZ, KEVIN",3,1:43,48,47
125527,10/12/2025,PAR,VEN,432,FALTA-RECIBIDA,LOCAL,21,"GONZALEZ, NESTOR",3,1:43,48,47
125527,10/12/2025,PAR,VEN,433,CAMBIO-JUGADOR-SALE,VISITANTE,14,"GUTIERREZ, KEVIN",3,1:43,48,47
125527,10/12/2025,PAR,VEN,434,CAMBIO-JUGADOR-ENTRA,VISITANTE,23,"NIÑO, SAMUEL",3,1:43,48,47
125527,10/12/2025,PAR,VEN,435,CANASTA-3P,LOCAL,6,"TALAVERA, ALEJANDRO",3,1:39,51,47
125527,10/12/2025,PAR,VEN,436,ASISTENCIA,LOCAL,81,"CUELLAR, EZEQUIEL",3,1:39,51,47
125527,10/12/2025,PAR,VEN,437,TIRO3-FALLADO,VISITANTE,18,"ANILLO, WILLIAMS",3,1:21,51,47
125527,10/12/2025,PAR,VEN,438,REBOTE-DEFENSIVO,LOCAL,21,"GONZALEZ, NESTOR",3,1:16,51,47
125527,10/12/2025,PAR,VEN,439,FALTA-COMETIDA,VISITANTE,18,"ANILLO, WILLIAMS",3,1:12,51,47
125527,10/12/2025,PAR,VEN,440,FALTA-RECIBIDA,LOCAL,6,"TALAVERA, ALEJANDRO",3,1:12,51,47
125527,10/12/2025,PAR,VEN,441,CAMBIO-JUGADOR-SALE,LOCAL,21,"GONZALEZ, NESTOR",3,1:12,51,47
125527,10/12/2025,PAR,VEN,442,CAMBIO-JUGADOR-ENTRA,LOCAL,5,"VERA, LUIS",3,1:12,51,47
125527,10/12/2025,PAR,VEN,443,TIRO1-FALLADO,LOCAL,6,"TALAVERA, ALEJANDRO",3,1:08,51,47
125527,10/12/2025,PAR,VEN,444,CANASTA-1P,LOCAL,6,"TALAVERA, ALEJANDRO",3,1:08,52,47
125527,10/12/2025,PAR,VEN,445,CAMBIO-JUGADOR-SALE,VISITANTE,18,"ANILLO, WILLIAMS",3,1:08,52,47
125527,10/12/2025,PAR,VEN,446,CAMBIO-JUGADOR-ENTRA,VISITANTE,9,"PERDOMO, JUAN",3,1:08,52,47
125527,10/12/2025,PAR,VEN,447,TIRO2-FALLADO,VISITANTE,2,"TORRES, DEIKER",3,0:50,52,47
125527,10/12/2025,PAR,VEN,448,REBOTE-OFENSIVO,VISITANTE,23,"NIÑO, SAMUEL",3,0:47,52,47
125527,10/12/2025,PAR,VEN,449,TIRO2-FALLADO,VISITANTE,23,"NIÑO, SAMUEL",3,0:46,52,47
125527,10/12/2025,PAR,VEN,450,REBOTE-OFENSIVO,VISITANTE,2,"TORRES, DEIKER",3,0:43,52,47
125527,10/12/2025,PAR,VEN,451,TIRO3-FALLADO,VISITANTE,7,"LARA, JOSE",3,0:35,52,47
125527,10/12/2025,PAR,VEN,452,REBOTE-DEFENSIVO,LOCAL,14,"ESCURRA, MAURICIO",3,0:33,52,47
125527,10/12/2025,PAR,VEN,453,PERDIDA,LOCAL,14,"ESCURRA, MAURICIO",3,0:30,52,47
125527,10/12/2025,PAR,VEN,454,RECUPERACION,VISITANTE,23,"NIÑO, SAMUEL",3,0:30,52,47
125527,10/12/2025,PAR,VEN,455,PERDIDA,VISITANTE,9,"PERDOMO, JUAN",3,0:24,52,47
125527,10/12/2025,PAR,VEN,456,TIRO2-FALLADO,LOCAL,6,"TALAVERA, ALEJANDRO",3,0:12,52,47
125527,10/12/2025,PAR,VEN,457,REBOTE-DEFENSIVO,VISITANTE,9,"PERDOMO, JUAN",3,0:08,52,47
125527,10/12/2025,PAR,VEN,458,TIRO3-FALLADO,VISITANTE,2,"TORRES, DEIKER",3,0:03,52,47
125527,10/12/2025,PAR,VEN,459,REBOTE-DEFENSIVO,LOCAL,14,"ESCURRA, MAURICIO",3,0:00,52,47
125527,10/12/2025,PAR,VEN,460,FINAL-PERIODO,,,,3,0:00,52,47
125527,10/12/2025,PAR,VEN,461,CAMBIO-JUGADOR-SALE,VISITANTE,2,"TORRES, DEIKER",4,10:00,52,47
125527,10/12/2025,PAR,VEN,462,CAMBIO-JUGADOR-SALE,VISITANTE,23,"NIÑO, SAMUEL",4,10:00,52,47
125527,10/12/2025,PAR,VEN,463,CAMBIO-JUGADOR-ENTRA,VISITANTE,4,"SEGOVIA, RICHARD",4,10:00,52,47
125527,10/12/2025,PAR,VEN,464,CAMBIO-JUGADOR-ENTRA,VISITANTE,14,"GUTIERREZ, KEVIN",4,10:00,52,47
125527,10/12/2025,PAR,VEN,465,INICIO-PERIODO,,,,4,10:00,52,47
125527,10/12/2025,PAR,VEN,466,TIRO3-FALLADO,VISITANTE,9,"PERDOMO, JUAN",4,9:47,52,47
125527,10/12/2025,PAR,VEN,467,REBOTE-DEFENSIVO,LOCAL,14,"ESCURRA, MAURICIO",4,9:44,52,47
125527,10/12/2025,PAR,VEN,468,TIRO3-FALLADO,LOCAL,6,"TALAVERA, ALEJANDRO",4,9:41,52,47
125527,10/12/2025,PAR,VEN,469,REBOTE-OFENSIVO,LOCAL,81,"CUELLAR, EZEQUIEL",4,9:35,52,47
125527,10/12/2025,PAR,VEN,470,CANASTA-2P,LOCAL,81,"CUELLAR, EZEQUIEL",4,9:35,54,47
125527,10/12/2025,PAR,VEN,471,FALTA-COMETIDA,LOCAL,5,"VERA, LUIS",4,9:22,54,47
125527,10/12/2025,PAR,VEN,472,FALTA-RECIBIDA,VISITANTE,14,"GUTIERREZ, KEVIN",4,9:22,54,47
125527,10/12/2025,PAR,VEN,473,CAMBIO-JUGADOR-SALE,LOCAL,5,"VERA, LUIS",4,9:22,54,47
125527,10/12/2025,PAR,VEN,474,CAMBIO-JUGADOR-ENTRA,LOCAL,21,"GONZALEZ, NESTOR",4,9:22,54,47
125527,10/12/2025,PAR,VEN,475,CAMBIO-JUGADOR-SALE,VISITANTE,7,"LARA, JOSE",4,9:22,54,47
125527,10/12/2025,PAR,VEN,476,CAMBIO-JUGADOR-ENTRA,VISITANTE,18,"ANILLO, WILLIAMS",4,9:22,54,47
125527,10/12/2025,PAR,VEN,477,CANASTA-1P,VISITANTE,14,"GUTIERREZ, KEVIN",4,9:22,54,48
125527,10/12/2025,PAR,VEN,478,TIRO1-FALLADO,VISITANTE,14,"GUTIERREZ, KEVIN",4,9:22,54,48
125527,10/12/2025,PAR,VEN,479,REBOTE-DEFENSIVO,LOCAL,34,"GIMENEZ, MAXIMILIANO",4,9:22,54,48
125527,10/12/2025,PAR,VEN,480,CANASTA-3P,LOCAL,81,"CUELLAR, EZEQUIEL",4,9:16,57,48
125527,10/12/2025,PAR,VEN,481,ASISTENCIA,LOCAL,14,"ESCURRA, MAURICIO",4,9:16,57,48
125527,10/12/2025,PAR,VEN,482,TIRO2-FALLADO,VISITANTE,9,"PERDOMO, JUAN",4,8:59,57,48
125527,10/12/2025,PAR,VEN,483,REBOTE-DEFENSIVO,LOCAL,81,"CUELLAR, EZEQUIEL",4,8:56,57,48
125527,10/12/2025,PAR,VEN,484,PERDIDA,LOCAL,21,"GONZALEZ, NESTOR",4,8:54,57,48
125527,10/12/2025,PAR,VEN,485,RECUPERACION,VISITANTE,4,"SEGOVIA, RICHARD",4,8:54,57,48
125527,10/12/2025,PAR,VEN,486,TIRO2-FALLADO,VISITANTE,9,"PERDOMO, JUAN",4,8:46,57,48
125527,10/12/2025,PAR,VEN,487,REBOTE-OFENSIVO,VISITANTE,14,"GUTIERREZ, KEVIN",4,8:43,57,48
125527,10/12/2025,PAR,VEN,488,CANASTA-2P,VISITANTE,14,"GUTIERREZ, KEVIN",4,8:43,57,50
125527,10/12/2025,PAR,VEN,489,PERDIDA,LOCAL,21,"GONZALEZ, NESTOR",4,8:24,57,50
125527,10/12/2025,PAR,VEN,490,TIRO2-FALLADO,VISITANTE,4,"SEGOVIA, RICHARD",4,8:12,57,50
125527,10/12/2025,PAR,VEN,491,REBOTE-DEFENSIVO,LOCAL,34,"GIMENEZ, MAXIMILIANO",4,8:09,57,50
125527,10/12/2025,PAR,VEN,492,PERDIDA,LOCAL,6,"TALAVERA, ALEJANDRO",4,7:55,57,50
125527,10/12/2025,PAR,VEN,493,RECUPERACION,VISITANTE,18,"ANILLO, WILLIAMS",4,7:55,57,50
125527,10/12/2025,PAR,VEN,494,FALTA-COMETIDA,LOCAL,34,"GIMENEZ, MAXIMILIANO",4,7:50,57,50
125527,10/12/2025,PAR,VEN,495,FALTA-RECIBIDA,VISITANTE,4,"SEGOVIA, RICHARD",4,7:50,57,50
125527,10/12/2025,PAR,VEN,496,CANASTA-1P,VISITANTE,4,"SEGOVIA, RICHARD",4,7:50,57,51
125527,10/12/2025,PAR,VEN,497,ASISTENCIA,VISITANTE,18,"ANILLO, WILLIAMS",4,7:50,57,51
125527,10/12/2025,PAR,VEN,498,TIRO1-FALLADO,VISITANTE,4,"SEGOVIA, RICHARD",4,7:50,57,51
125527,10/12/2025,PAR,VEN,499,REBOTE-DEFENSIVO,LOCAL,,,4,7:50,57,51
125527,10/12/2025,PAR,VEN,500,CANASTA-2P,LOCAL,21,"GONZALEZ, NESTOR",4,7:35,59,51
125527,10/12/2025,PAR,VEN,501,ASISTENCIA,LOCAL,14,"ESCURRA, MAURICIO",4,7:35,59,51
125527,10/12/2025,PAR,VEN,502,FALTA-COMETIDA,VISITANTE,20,"MONTERO, ISAAC",4,7:35,59,51
125527,10/12/2025,PAR,VEN,503,FALTA-RECIBIDA,LOCAL,21,"GONZALEZ, NESTOR",4,7:35,59,51
125527,10/12/2025,PAR,VEN,504,CANASTA-1P,LOCAL,21,"GONZALEZ, NESTOR",4,7:35,60,51
125527,10/12/2025,PAR,VEN,505,TIRO2-FALLADO,VISITANTE,18,"ANILLO, WILLIAMS",4,7:12,60,51
125527,10/12/2025,PAR,VEN,506,REBOTE-OFENSIVO,VISITANTE,,,4,7:10,60,51
125527,10/12/2025,PAR,VEN,507,CAMBIO-JUGADOR-SALE,VISITANTE,4,"SEGOVIA, RICHARD",4,7:10,60,51
125527,10/12/2025,PAR,VEN,508,CAMBIO-JUGADOR-ENTRA,VISITANTE,2,"TORRES, DEIKER",4,7:10,60,51
125527,10/12/2025,PAR,VEN,509,TIRO2-FALLADO,VISITANTE,2,"TORRES, DEIKER",4,6:56,60,51
125527,10/12/2025,PAR,VEN,510,REBOTE-DEFENSIVO,LOCAL,21,"GONZALEZ, NESTOR",4,6:54,60,51
125527,10/12/2025,PAR,VEN,511,PERDIDA,LOCAL,14,"ESCURRA, MAURICIO",4,6:41,60,51
125527,10/12/2025,PAR,VEN,512,RECUPERACION,VISITANTE,14,"GUTIERREZ, KEVIN",4,6:41,60,51
125527,10/12/2025,PAR,VEN,513,PERDIDA,VISITANTE,18,"ANILLO, WILLIAMS",4,6:25,60,51
125527,10/12/2025,PAR,VEN,514,CAMBIO-JUGADOR-SALE,VISITANTE,18,"ANILLO, WILLIAMS",4,6:25,60,51
125527,10/12/2025,PAR,VEN,515,CAMBIO-JUGADOR-ENTRA,VISITANTE,3,"VASQUEZ, JULIO",4,6:25,60,51
125527,10/12/2025,PAR,VEN,516,TIRO2-FALLADO,LOCAL,21,"GONZALEZ, NESTOR",4,6:09,60,51
125527,10/12/2025,PAR,VEN,517,TAPON-COMETIDO,VISITANTE,3,"VASQUEZ, JULIO",4,6:09,60,51
125527,10/12/2025,PAR,VEN,518,REBOTE-DEFENSIVO,VISITANTE,14,"GUTIERREZ, KEVIN",4,6:06,60,51
125527,10/12/2025,PAR,VEN,519,CANASTA-2P,VISITANTE,3,"VASQUEZ, JULIO",4,5:52,60,53
125527,10/12/2025,PAR,VEN,520,FALTA-COMETIDA,VISITANTE,2,"TORRES, DEIKER",4,5:31,60,53
125527,10/12/2025,PAR,VEN,521,FALTA-RECIBIDA,LOCAL,6,"TALAVERA, ALEJANDRO",4,5:31,60,53
125527,10/12/2025,PAR,VEN,522,TIEMPO-MUERTO-SOLICITADO,LOCAL,,,4,5:31,60,53
125527,10/12/2025,PAR,VEN,523,TIRO3-FALLADO,LOCAL,34,"GIMENEZ, MAXIMILIANO",4,5:25,60,53
125527,10/12/2025,PAR,VEN,524,REBOTE-OFENSIVO,LOCAL,14,"ESCURRA, MAURICIO",4,5:21,60,53
125527,10/12/2025,PAR,VEN,525,CANASTA-2P,LOCAL,14,"ESCURRA, MAURICIO",4,5:21,62,53
125527,10/12/2025,PAR,VEN,526,TIRO2-FALLADO,VISITANTE,14,"GUTIERREZ, KEVIN",4,5:10,62,53
125527,10/12/2025,PAR,VEN,527,REBOTE-DEFENSIVO,LOCAL,6,"TALAVERA, ALEJANDRO",4,5:07,62,53
125527,10/12/2025,PAR,VEN,528,TIRO2-FALLADO,LOCAL,21,"GONZALEZ, NESTOR",4,5:02,62,53
125527,10/12/2025,PAR,VEN,529,REBOTE-DEFENSIVO,VISITANTE,20,"MONTERO, ISAAC",4,4:58,62,53
125527,10/12/2025,PAR,VEN,530,TIRO2-FALLADO,VISITANTE,3,"VASQUEZ, JULIO",4,4:51,62,53
125527,10/12/2025,PAR,VEN,531,REBOTE-OFENSIVO,VISITANTE,3,"VASQUEZ, JULIO",4,4:47,62,53
125527,10/12/2025,PAR,VEN,532,TIRO2-FALLADO,VISITANTE,3,"VASQUEZ, JULIO",4,4:46,62,53
125527,10/12/2025,PAR,VEN,533,REBOTE-DEFENSIVO,LOCAL,34,"GIMENEZ, MAXIMILIANO",4,4:44,62,53
125527,10/12/2025,PAR,VEN,534,TIRO2-FALLADO,LOCAL,6,"TALAVERA, ALEJANDRO",4,4:23,62,53
125527,10/12/2025,PAR,VEN,535,REBOTE-DEFENSIVO,VISITANTE,20,"MONTERO, ISAAC",4,4:20,62,53
125527,10/12/2025,PAR,VEN,536,TIRO3-FALLADO,VISITANTE,2,"TORRES, DEIKER",4,4:18,62,53
125527,10/12/2025,PAR,VEN,537,REBOTE-DEFENSIVO,LOCAL,34,"GIMENEZ, MAXIMILIANO",4,4:11,62,53
125527,10/12/2025,PAR,VEN,538,TIRO3-FALLADO,LOCAL,34,"GIMENEZ, MAXIMILIANO",4,4:00,62,53
125527,10/12/2025,PAR,VEN,539,REBOTE-DEFENSIVO,VISITANTE,20,"MONTERO, ISAAC",4,3:57,62,53
125527,10/12/2025,PAR,VEN,540,TIRO2-FALLADO,VISITANTE,2,"TORRES, DEIKER",4,3:50,62,53
125527,10/12/2025,PAR,VEN,541,TAPON-COMETIDO,LOCAL,34,"GIMENEZ, MAXIMILIANO",4,3:50,62,53
125527,10/12/2025,PAR,VEN,542,REBOTE-DEFENSIVO,LOCAL,6,"TALAVERA, ALEJANDRO",4,3:44,62,53
125527,10/12/2025,PAR,VEN,543,CANASTA-2P,LOCAL,14,"ESCURRA, MAURICIO",4,3:44,64,53
125527,10/12/2025,PAR,VEN,544,ASISTENCIA,LOCAL,6,"TALAVERA, ALEJANDRO",4,3:44,64,53
125527,10/12/2025,PAR,VEN,545,TIEMPO-MUERTO-SOLICITADO,VISITANTE,,,4,3:44,64,53
125527,10/12/2025,PAR,VEN,546,CAMBIO-JUGADOR-SALE,LOCAL,81,"CUELLAR, EZEQUIEL",4,3:44,64,53
125527,10/12/2025,PAR,VEN,547,CAMBIO-JUGADOR-ENTRA,LOCAL,5,"VERA, LUIS",4,3:44,64,53
125527,10/12/2025,PAR,VEN,548,CAMBIO-JUGADOR-SALE,VISITANTE,3,"VASQUEZ, JULIO",4,3:44,64,53
125527,10/12/2025,PAR,VEN,549,CAMBIO-JUGADOR-ENTRA,VISITANTE,18,"ANILLO, WILLIAMS",4,3:44,64,53
125527,10/12/2025,PAR,VEN,550,TIRO3-FALLADO,VISITANTE,2,"TORRES, DEIKER",4,3:30,64,53
125527,10/12/2025,PAR,VEN,551,REBOTE-DEFENSIVO,LOCAL,21,"GONZALEZ, NESTOR",4,3:27,64,53
125527,10/12/2025,PAR,VEN,552,FALTA-COMETIDA,VISITANTE,2,"TORRES, DEIKER",4,3:21,64,53
125527,10/12/2025,PAR,VEN,553,FALTA-RECIBIDA,LOCAL,6,"TALAVERA, ALEJANDRO",4,3:21,64,53
125527,10/12/2025,PAR,VEN,554,CAMBIO-JUGADOR-SALE,VISITANTE,20,"MONTERO, ISAAC",4,3:21,64,53
125527,10/12/2025,PAR,VEN,555,CAMBIO-JUGADOR-ENTRA,VISITANTE,23,"NIÑO, SAMUEL",4,3:21,64,53
125527,10/12/2025,PAR,VEN,556,TIRO2-FALLADO,LOCAL,14,"ESCURRA, MAURICIO",4,3:12,64,53
125527,10/12/2025,PAR,VEN,557,REBOTE-DEFENSIVO,VISITANTE,23,"NIÑO, SAMUEL",4,3:09,64,53
125527,10/12/2025,PAR,VEN,558,TIRO3-FALLADO,VISITANTE,14,"GUTIERREZ, KEVIN",4,2:58,64,53
125527,10/12/2025,PAR,VEN,559,REBOTE-DEFENSIVO,LOCAL,6,"TALAVERA, ALEJANDRO",4,2:55,64,53
125527,10/12/2025,PAR,VEN,560,TIRO2-FALLADO,LOCAL,5,"VERA, LUIS",4,2:38,64,53
125527,10/12/2025,PAR,VEN,561,REBOTE-DEFENSIVO,VISITANTE,,,4,2:38,64,53
125527,10/12/2025,PAR,VEN,562,CANASTA-2P,VISITANTE,2,"TORRES, DEIKER",4,2:32,64,55
125527,10/12/2025,PAR,VEN,563,FALTA-COMETIDA,LOCAL,6,"TALAVERA, ALEJANDRO",4,2:32,64,55
125527,10/12/2025,PAR,VEN,564,FALTA-RECIBIDA,VISITANTE,2,"TORRES, DEIKER",4,2:32,64,55
125527,10/12/2025,PAR,VEN,565,CAMBIO-JUGADOR-SALE,VISITANTE,2,"TORRES, DEIKER",4,2:32,64,55
125527,10/12/2025,PAR,VEN,566,CAMBIO-JUGADOR-ENTRA,VISITANTE,4,"SEGOVIA, RICHARD",4,2:32,64,55
125527,10/12/2025,PAR,VEN,567,CANASTA-1P,VISITANTE,4,"SEGOVIA, RICHARD",4,2:32,64,56
125527,10/12/2025,PAR,VEN,568,FALTA-COMETIDA,VISITANTE,18,"ANILLO, WILLIAMS",4,2:20,64,56
125527,10/12/2025,PAR,VEN,569,FALTA-RECIBIDA,LOCAL,14,"ESCURRA, MAURICIO",4,2:20,64,56
125527,10/12/2025,PAR,VEN,570,CAMBIO-JUGADOR-SALE,VISITANTE,4,"SEGOVIA, RICHARD",4,2:20,64,56
125527,10/12/2025,PAR,VEN,571,CAMBIO-JUGADOR-ENTRA,VISITANTE,2,"TORRES, DEIKER",4,2:20,64,56
125527,10/12/2025,PAR,VEN,572,TIRO3-FALLADO,LOCAL,6,"TALAVERA, ALEJANDRO",4,2:10,64,56
125527,10/12/2025,PAR,VEN,573,REBOTE-OFENSIVO,LOCAL,5,"VERA, LUIS",4,2:08,64,56
125527,10/12/2025,PAR,VEN,574,TIRO2-FALLADO,LOCAL,5,"VERA, LUIS",4,2:08,64,56
125527,10/12/2025,PAR,VEN,575,REBOTE-DEFENSIVO,VISITANTE,18,"ANILLO, WILLIAMS",4,2:05,64,56
125527,10/12/2025,PAR,VEN,576,TIRO2-FALLADO,VISITANTE,14,"GUTIERREZ, KEVIN",4,1:52,64,56
125527,10/12/2025,PAR,VEN,577,REBOTE-OFENSIVO,VISITANTE,14,"GUTIERREZ, KEVIN",4,1:49,64,56
125527,10/12/2025,PAR,VEN,578,TIRO2-FALLADO,VISITANTE,14,"GUTIERREZ, KEVIN",4,1:48,64,56
125527,10/12/2025,PAR,VEN,579,REBOTE-DEFENSIVO,LOCAL,21,"GONZALEZ, NESTOR",4,1:46,64,56
125527,10/12/2025,PAR,VEN,580,TIEMPO-MUERTO-SOLICITADO,LOCAL,,,4,1:40,64,56
125527,10/12/2025,PAR,VEN,581,TIRO2-FALLADO,VISITANTE,14,"GUTIERREZ, KEVIN",4,1:34,64,56
125527,10/12/2025,PAR,VEN,582,REBOTE-DEFENSIVO,LOCAL,21,"GONZALEZ, NESTOR",4,1:31,64,56
125527,10/12/2025,PAR,VEN,583,TIRO2-FALLADO,LOCAL,5,"VERA, LUIS",4,1:21,64,56
125527,10/12/2025,PAR,VEN,584,REBOTE-OFENSIVO,LOCAL,5,"VERA, LUIS",4,1:18,64,56
125527,10/12/2025,PAR,VEN,585,CANASTA-2P,LOCAL,5,"VERA, LUIS",4,1:18,66,56
125527,10/12/2025,PAR,VEN,586,FALTA-COMETIDA,VISITANTE,14,"GUTIERREZ, KEVIN",4,1:18,66,56
125527,10/12/2025,PAR,VEN,587,FALTA-RECIBIDA,LOCAL,5,"VERA, LUIS",4,1:18,66,56
125527,10/12/2025,PAR,VEN,588,CAMBIO-JUGADOR-SALE,VISITANTE,14,"GUTIERREZ, KEVIN",4,1:18,66,56
125527,10/12/2025,PAR,VEN,589,CAMBIO-JUGADOR-ENTRA,VISITANTE,20,"MONTERO, ISAAC",4,1:18,66,56
125527,10/12/2025,PAR,VEN,590,CANASTA-1P,LOCAL,5,"VERA, LUIS",4,1:18,67,56
125527,10/12/2025,PAR,VEN,591,PERDIDA,VISITANTE,2,"TORRES, DEIKER",4,1:11,67,56
125527,10/12/2025,PAR,VEN,592,TIRO2-FALLADO,LOCAL,34,"GIMENEZ, MAXIMILIANO",4,1:04,67,56
125527,10/12/2025,PAR,VEN,593,REBOTE-DEFENSIVO,VISITANTE,23,"NIÑO, SAMUEL",4,1:02,67,56
125527,10/12/2025,PAR,VEN,594,TIRO3-FALLADO,VISITANTE,18,"ANILLO, WILLIAMS",4,0:53,67,56
125527,10/12/2025,PAR,VEN,595,REBOTE-DEFENSIVO,LOCAL,34,"GIMENEZ, MAXIMILIANO",4,0:51,67,56
125527,10/12/2025,PAR,VEN,596,PERDIDA,LOCAL,34,"GIMENEZ, MAXIMILIANO",4,0:41,67,56
125527,10/12/2025,PAR,VEN,597,RECUPERACION,VISITANTE,20,"MONTERO, ISAAC",4,0:41,67,56
125527,10/12/2025,PAR,VEN,598,PERDIDA,VISITANTE,2,"TORRES, DEIKER",4,0:28,67,56
125527,10/12/2025,PAR,VEN,599,CAMBIO-JUGADOR-SALE,LOCAL,34,"GIMENEZ, MAXIMILIANO",4,0:28,67,56
125527,10/12/2025,PAR,VEN,600,CAMBIO-JUGADOR-ENTRA,LOCAL,3,"RADICE, ROBERTO",4,0:28,67,56
125527,10/12/2025,PAR,VEN,601,FALTA-COMETIDA,VISITANTE,9,"PERDOMO, JUAN",4,0:28,67,56
125527,10/12/2025,PAR,VEN,602,FALTA-RECIBIDA,LOCAL,14,"ESCURRA, MAURICIO",4,0:28,67,56
125527,10/12/2025,PAR,VEN,603,CAMBIO-JUGADOR-SALE,LOCAL,21,"GONZALEZ, NESTOR",4,0:28,67,56
125527,10/12/2025,PAR,VEN,604,CAMBIO-JUGADOR-ENTRA,LOCAL,81,"CUELLAR, EZEQUIEL",4,0:28,67,56
125527,10/12/2025,PAR,VEN,605,TIRO1-FALLADO,LOCAL,14,"ESCURRA, MAURICIO",4,0:28,67,56
125527,10/12/2025,PAR,VEN,606,TIRO1-FALLADO,LOCAL,14,"ESCURRA, MAURICIO",4,0:28,67,56
125527,10/12/2025,PAR,VEN,607,REBOTE-DEFENSIVO,VISITANTE,18,"ANILLO, WILLIAMS",4,0:28,67,56
125527,10/12/2025,PAR,VEN,608,CANASTA-2P,VISITANTE,9,"PERDOMO, JUAN",4,0:15,67,58
125527,10/12/2025,PAR,VEN,609,TIRO3-FALLADO,LOCAL,14,"ESCURRA, MAURICIO",4,0:04,67,58
125527,10/12/2025,PAR,VEN,610,REBOTE-OFENSIVO,LOCAL,3,"RADICE, ROBERTO",4,0:00,67,58
125527,10/12/2025,PAR,VEN,611,FINAL-PERIODO,,,,4,0:00,67,58
125527,10/12/2025,PAR,VEN,612,FINAL-PARTIDO,,,,4,0:00,67,58
125528,10/12/2025,BRA,CHI,0,INICIO-PARTIDO,,,,1,10:00,0,0
125528,10/12/2025,BRA,CHI,1,INICIO-PERIODO,,,,1,10:00,0,0
125528,10/12/2025,BRA,CHI,2,CAMBIO-JUGADOR-ENTRA,LOCAL,50,"SANTOS, EDUARDO",1,10:00,0,0
125528,10/12/2025,BRA,CHI,3,CAMBIO-JUGADOR-ENTRA,LOCAL,33,"FERREIRA, CRISTIAN",1,10:00,0,0
125528,10/12/2025,BRA,CHI,4,CAMBIO-JUGADOR-ENTRA,LOCAL,25,"SOUZA, PEDRO",1,10:00,0,0
125528,10/12/2025,BRA,CHI,5,CAMBIO-JUGADOR-ENTRA,LOCAL,14,"NEVES, JOAO",1,10:00,0,0
125528,10/12/2025,BRA,CHI,6,CAMBIO-JUGADOR-ENTRA,LOCAL,10,"MELO, PIETRO",1,10:00,0,0
125528,10/12/2025,BRA,CHI,7,CAMBIO-JUGADOR-ENTRA,VISITANTE,4,"HITSCHFELD, MATHIAS",1,10:00,0,0
125528,10/12/2025,BRA,CHI,8,CAMBIO-JUGADOR-ENTRA,VISITANTE,8,"ECHEVERRIA, AGUSTIN",1,10:00,0,0
125528,10/12/2025,BRA,CHI,9,CAMBIO-JUGADOR-ENTRA,VISITANTE,10,"SARAVIA, FRANCISCO",1,10:00,0,0
125528,10/12/2025,BRA,CHI,10,CAMBIO-JUGADOR-ENTRA,VISITANTE,15,"VELÁSQUEZ, MATEO",1,10:00,0,0
125528,10/12/2025,BRA,CHI,11,CAMBIO-JUGADOR-ENTRA,VISITANTE,17,"QUEZADA, MAXIMILIANO",1,10:00,0,0
125528,10/12/2025,BRA,CHI,12,JUMP-BALL,,,,1,10:00,0,0
125528,10/12/2025,BRA,CHI,13,JUMP-BALL,VISITANTE,17,"QUEZADA, MAXIMILIANO",1,9:59,0,0
125528,10/12/2025,BRA,CHI,14,JUMP-BALL,LOCAL,33,"FERREIRA, CRISTIAN",1,9:59,0,0
125528,10/12/2025,BRA,CHI,15,PERDIDA,VISITANTE,10,"SARAVIA, FRANCISCO",1,9:45,0,0
125528,10/12/2025,BRA,CHI,16,RECUPERACION,LOCAL,50,"SANTOS, EDUARDO",1,9:45,0,0
125528,10/12/2025,BRA,CHI,17,TIRO2-FALLADO,LOCAL,25,"SOUZA, PEDRO",1,9:30,0,0
125528,10/12/2025,BRA,CHI,18,REBOTE-OFENSIVO,LOCAL,33,"FERREIRA, CRISTIAN",1,9:27,0,0
125528,10/12/2025,BRA,CHI,19,FALTA-COMETIDA,LOCAL,33,"FERREIRA, CRISTIAN",1,9:20,0,0
125528,10/12/2025,BRA,CHI,20,PERDIDA,LOCAL,33,"FERREIRA, CRISTIAN",1,9:20,0,0
125528,10/12/2025,BRA,CHI,21,FALTA-RECIBIDA,VISITANTE,8,"ECHEVERRIA, AGUSTIN",1,9:20,0,0
125528,10/12/2025,BRA,CHI,22,CANASTA-2P,VISITANTE,15,"VELÁSQUEZ, MATEO",1,9:06,0,2
125528,10/12/2025,BRA,CHI,23,ASISTENCIA,VISITANTE,4,"HITSCHFELD, MATHIAS",1,9:06,0,2
125528,10/12/2025,BRA,CHI,24,TIRO2-FALLADO,LOCAL,50,"SANTOS, EDUARDO",1,8:53,0,2
125528,10/12/2025,BRA,CHI,25,REBOTE-DEFENSIVO,VISITANTE,8,"ECHEVERRIA, AGUSTIN",1,8:50,0,2
125528,10/12/2025,BRA,CHI,26,PERDIDA,VISITANTE,10,"SARAVIA, FRANCISCO",1,8:46,0,2
125528,10/12/2025,BRA,CHI,27,TIRO2-FALLADO,LOCAL,25,"SOUZA, PEDRO",1,8:30,0,2
125528,10/12/2025,BRA,CHI,28,REBOTE-OFENSIVO,LOCAL,33,"FERREIRA, CRISTIAN",1,8:26,0,2
125528,10/12/2025,BRA,CHI,29,CANASTA-2P,LOCAL,33,"FERREIRA, CRISTIAN",1,8:26,2,2
125528,10/12/2025,BRA,CHI,30,TIRO2-FALLADO,VISITANTE,4,"HITSCHFELD, MATHIAS",1,8:11,2,2
125528,10/12/2025,BRA,CHI,31,REBOTE-OFENSIVO,VISITANTE,,,1,8:10,2,2
125528,10/12/2025,BRA,CHI,32,PERDIDA,VISITANTE,10,"SARAVIA, FRANCISCO",1,8:02,2,2
125528,10/12/2025,BRA,CHI,33,RECUPERACION,LOCAL,10,"MELO, PIETRO",1,8:02,2,2
125528,10/12/2025,BRA,CHI,34,PERDIDA,LOCAL,10,"MELO, PIETRO",1,7:59,2,2
125528,10/12/2025,BRA,CHI,35,RECUPERACION,VISITANTE,10,"SARAVIA, FRANCISCO",1,7:59,2,2
125528,10/12/2025,BRA,CHI,36,FALTA-COMETIDA,LOCAL,14,"NEVES, JOAO",1,7:59,2,2
125528,10/12/2025,BRA,CHI,37,FALTA-RECIBIDA,VISITANTE,10,"SARAVIA, FRANCISCO",1,7:59,2,2
125528,10/12/2025,BRA,CHI,38,TIRO2-FALLADO,VISITANTE,10,"SARAVIA, FRANCISCO",1,7:53,2,2
125528,10/12/2025,BRA,CHI,39,TAPON-COMETIDO,LOCAL,14,"NEVES, JOAO",1,7:53,2,2
125528,10/12/2025,BRA,CHI,40,REBOTE-DEFENSIVO,LOCAL,14,"NEVES, JOAO",1,7:50,2,2
125528,10/12/2025,BRA,CHI,41,CANASTA-3P,LOCAL,50,"SANTOS, EDUARDO",1,7:46,5,2
125528,10/12/2025,BRA,CHI,42,ASISTENCIA,LOCAL,14,"NEVES, JOAO",1,7:46,5,2
125528,10/12/2025,BRA,CHI,43,TIRO3-FALLADO,VISITANTE,8,"ECHEVERRIA, AGUSTIN",1,7:23,5,2
125528,10/12/2025,BRA,CHI,44,REBOTE-DEFENSIVO,LOCAL,14,"NEVES, JOAO",1,7:21,5,2
125528,10/12/2025,BRA,CHI,45,CANASTA-2P,LOCAL,14,"NEVES, JOAO",1,7:17,7,2
125528,10/12/2025,BRA,CHI,46,PERDIDA,VISITANTE,4,"HITSCHFELD, MATHIAS",1,7:02,7,2
125528,10/12/2025,BRA,CHI,47,RECUPERACION,LOCAL,25,"SOUZA, PEDRO",1,7:02,7,2
125528,10/12/2025,BRA,CHI,48,CANASTA-2P,LOCAL,50,"SANTOS, EDUARDO",1,6:58,9,2
125528,10/12/2025,BRA,CHI,49,ASISTENCIA,LOCAL,25,"SOUZA, PEDRO",1,6:58,9,2
125528,10/12/2025,BRA,CHI,50,FALTA-COMETIDA,VISITANTE,10,"SARAVIA, FRANCISCO",1,6:58,9,2
125528,10/12/2025,BRA,CHI,51,FALTA-RECIBIDA,LOCAL,50,"SANTOS, EDUARDO",1,6:58,9,2
125528,10/12/2025,BRA,CHI,52,TIEMPO-MUERTO-SOLICITADO,VISITANTE,,,1,6:58,9,2
125528,10/12/2025,BRA,CHI,53,CAMBIO-JUGADOR-SALE,VISITANTE,4,"HITSCHFELD, MATHIAS",1,6:58,9,2
125528,10/12/2025,BRA,CHI,54,CAMBIO-JUGADOR-SALE,VISITANTE,15,"VELÁSQUEZ, MATEO",1,6:58,9,2
125528,10/12/2025,BRA,CHI,55,CAMBIO-JUGADOR-ENTRA,VISITANTE,2,"LA RIVERA, TOMAS",1,6:58,9,2
125528,10/12/2025,BRA,CHI,56,CAMBIO-JUGADOR-ENTRA,VISITANTE,9,"STUARDO, PEDRO",1,6:58,9,2
125528,10/12/2025,BRA,CHI,57,TIRO1-FALLADO,LOCAL,50,"SANTOS, EDUARDO",1,6:58,9,2
125528,10/12/2025,BRA,CHI,58,REBOTE-DEFENSIVO,VISITANTE,10,"SARAVIA, FRANCISCO",1,6:58,9,2
125528,10/12/2025,BRA,CHI,59,PERDIDA,VISITANTE,17,"QUEZADA, MAXIMILIANO",1,6:42,9,2
125528,10/12/2025,BRA,CHI,60,TIRO3-FALLADO,LOCAL,14,"NEVES, JOAO",1,6:30,9,2
125528,10/12/2025,BRA,CHI,61,REBOTE-DEFENSIVO,VISITANTE,,,1,6:29,9,2
125528,10/12/2025,BRA,CHI,62,FALTA-COMETIDA,LOCAL,50,"SANTOS, EDUARDO",1,6:29,9,2
125528,10/12/2025,BRA,CHI,63,FALTA-RECIBIDA,VISITANTE,8,"ECHEVERRIA, AGUSTIN",1,6:29,9,2
125528,10/12/2025,BRA,CHI,64,PERDIDA,VISITANTE,8,"ECHEVERRIA, AGUSTIN",1,6:10,9,2
125528,10/12/2025,BRA,CHI,65,CAMBIO-JUGADOR-SALE,VISITANTE,8,"ECHEVERRIA, AGUSTIN",1,6:10,9,2
125528,10/12/2025,BRA,CHI,66,CAMBIO-JUGADOR-ENTRA,VISITANTE,3,"CASTRO, MATEO",1,6:10,9,2
125528,10/12/2025,BRA,CHI,67,TIRO3-FALLADO,LOCAL,50,"SANTOS, EDUARDO",1,6:00,9,2
125528,10/12/2025,BRA,CHI,68,REBOTE-DEFENSIVO,VISITANTE,9,"STUARDO, PEDRO",1,5:57,9,2
125528,10/12/2025,BRA,CHI,69,CANASTA-2P,VISITANTE,9,"STUARDO, PEDRO",1,5:51,9,4
125528,10/12/2025,BRA,CHI,70,ASISTENCIA,VISITANTE,10,"SARAVIA, FRANCISCO",1,5:51,9,4
125528,10/12/2025,BRA,CHI,71,CANASTA-2P,LOCAL,14,"NEVES, JOAO",1,5:45,11,4
125528,10/12/2025,BRA,CHI,72,ASISTENCIA,LOCAL,25,"SOUZA, PEDRO",1,5:45,11,4
125528,10/12/2025,BRA,CHI,73,CANASTA-3P,VISITANTE,3,"CASTRO, MATEO",1,5:20,11,7
125528,10/12/2025,BRA,CHI,74,ASISTENCIA,VISITANTE,17,"QUEZADA, MAXIMILIANO",1,5:20,11,7
125528,10/12/2025,BRA,CHI,75,CANASTA-3P,LOCAL,10,"MELO, PIETRO",1,5:05,14,7
125528,10/12/2025,BRA,CHI,76,ASISTENCIA,LOCAL,50,"SANTOS, EDUARDO",1,5:05,14,7
125528,10/12/2025,BRA,CHI,77,TIRO2-FALLADO,VISITANTE,17,"QUEZADA, MAXIMILIANO",1,4:50,14,7
125528,10/12/2025,BRA,CHI,78,REBOTE-OFENSIVO,VISITANTE,17,"QUEZADA, MAXIMILIANO",1,4:47,14,7
125528,10/12/2025,BRA,CHI,79,TIRO2-FALLADO,VISITANTE,17,"QUEZADA, MAXIMILIANO",1,4:46,14,7
125528,10/12/2025,BRA,CHI,80,TAPON-COMETIDO,LOCAL,14,"NEVES, JOAO",1,4:46,14,7
125528,10/12/2025,BRA,CHI,81,REBOTE-OFENSIVO,VISITANTE,3,"CASTRO, MATEO",1,4:43,14,7
125528,10/12/2025,BRA,CHI,82,CANASTA-2P,VISITANTE,3,"CASTRO, MATEO",1,4:42,14,9
125528,10/12/2025,BRA,CHI,83,CANASTA-3P,LOCAL,10,"MELO, PIETRO",1,4:36,17,9
125528,10/12/2025,BRA,CHI,84,ASISTENCIA,LOCAL,14,"NEVES, JOAO",1,4:36,17,9
125528,10/12/2025,BRA,CHI,85,CANASTA-2P,VISITANTE,2,"LA RIVERA, TOMAS",1,4:21,17,11
125528,10/12/2025,BRA,CHI,86,TIRO3-FALLADO,LOCAL,10,"MELO, PIETRO",1,4:11,17,11
125528,10/12/2025,BRA,CHI,87,REBOTE-DEFENSIVO,VISITANTE,,,1,4:09,17,11
125528,10/12/2025,BRA,CHI,88,CAMBIO-JUGADOR-SALE,LOCAL,14,"NEVES, JOAO",1,4:09,17,11
125528,10/12/2025,BRA,CHI,89,CAMBIO-JUGADOR-SALE,LOCAL,33,"FERREIRA, CRISTIAN",1,4:09,17,11
125528,10/12/2025,BRA,CHI,90,CAMBIO-JUGADOR-ENTRA,LOCAL,6,"ALVES, PEDRO",1,4:09,17,11
125528,10/12/2025,BRA,CHI,91,CAMBIO-JUGADOR-ENTRA,LOCAL,45,"SANTOS, ISAIAH",1,4:09,17,11
125528,10/12/2025,BRA,CHI,92,CAMBIO-JUGADOR-SALE,VISITANTE,17,"QUEZADA, MAXIMILIANO",1,4:09,17,11
125528,10/12/2025,BRA,CHI,93,CAMBIO-JUGADOR-ENTRA,VISITANTE,15,"VELÁSQUEZ, MATEO",1,4:09,17,11
125528,10/12/2025,BRA,CHI,94,PERDIDA,VISITANTE,2,"LA RIVERA, TOMAS",1,3:54,17,11
125528,10/12/2025,BRA,CHI,95,TIRO3-FALLADO,LOCAL,25,"SOUZA, PEDRO",1,3:41,17,11
125528,10/12/2025,BRA,CHI,96,REBOTE-DEFENSIVO,VISITANTE,,,1,3:39,17,11
125528,10/12/2025,BRA,CHI,97,FALTA-COMETIDA,LOCAL,6,"ALVES, PEDRO",1,3:22,17,11
125528,10/12/2025,BRA,CHI,98,FALTA-RECIBIDA,VISITANTE,3,"CASTRO, MATEO",1,3:22,17,11
125528,10/12/2025,BRA,CHI,99,CAMBIO-JUGADOR-SALE,LOCAL,25,"SOUZA, PEDRO",1,3:22,17,11
125528,10/12/2025,BRA,CHI,100,CAMBIO-JUGADOR-ENTRA,LOCAL,3,"NASCIMENTO, MATHEUS",1,3:22,17,11
125528,10/12/2025,BRA,CHI,101,CAMBIO-JUGADOR-SALE,VISITANTE,10,"SARAVIA, FRANCISCO",1,3:22,17,11
125528,10/12/2025,BRA,CHI,102,CAMBIO-JUGADOR-ENTRA,VISITANTE,0,"MUSRRI, LUIS",1,3:22,17,11
125528,10/12/2025,BRA,CHI,103,CANASTA-1P,VISITANTE,3,"CASTRO, MATEO",1,3:22,17,12
125528,10/12/2025,BRA,CHI,104,TIRO1-FALLADO,VISITANTE,3,"CASTRO, MATEO",1,3:22,17,12
125528,10/12/2025,BRA,CHI,105,REBOTE-OFENSIVO,VISITANTE,9,"STUARDO, PEDRO",1,3:22,17,12
125528,10/12/2025,BRA,CHI,106,CANASTA-2P,VISITANTE,9,"STUARDO, PEDRO",1,3:21,17,14
125528,10/12/2025,BRA,CHI,107,FALTA-COMETIDA,LOCAL,6,"ALVES, PEDRO",1,3:21,17,14
125528,10/12/2025,BRA,CHI,108,FALTA-RECIBIDA,VISITANTE,9,"STUARDO, PEDRO",1,3:21,17,14
125528,10/12/2025,BRA,CHI,109,TIRO1-FALLADO,VISITANTE,9,"STUARDO, PEDRO",1,3:21,17,14
125528,10/12/2025,BRA,CHI,110,REBOTE-OFENSIVO,VISITANTE,15,"VELÁSQUEZ, MATEO",1,3:21,17,14
125528,10/12/2025,BRA,CHI,111,CANASTA-2P,VISITANTE,15,"VELÁSQUEZ, MATEO",1,3:08,17,16
125528,10/12/2025,BRA,CHI,112,ASISTENCIA,VISITANTE,0,"MUSRRI, LUIS",1,3:08,17,16
125528,10/12/2025,BRA,CHI,113,FALTA-COMETIDA,VISITANTE,15,"VELÁSQUEZ, MATEO",1,2:54,17,16
125528,10/12/2025,BRA,CHI,114,FALTA-RECIBIDA,LOCAL,50,"SANTOS, EDUARDO",1,2:54,17,16
125528,10/12/2025,BRA,CHI,115,CAMBIO-JUGADOR-SALE,LOCAL,10,"MELO, PIETRO",1,2:54,17,16
125528,10/12/2025,BRA,CHI,116,CAMBIO-JUGADOR-ENTRA,LOCAL,11,"BANDIERA, JOÃO",1,2:54,17,16
125528,10/12/2025,BRA,CHI,117,TIRO1-FALLADO,LOCAL,50,"SANTOS, EDUARDO",1,2:54,17,16
125528,10/12/2025,BRA,CHI,118,TIRO1-FALLADO,LOCAL,50,"SANTOS, EDUARDO",1,2:54,17,16
125528,10/12/2025,BRA,CHI,119,REBOTE-DEFENSIVO,VISITANTE,3,"CASTRO, MATEO",1,2:54,17,16
125528,10/12/2025,BRA,CHI,120,PERDIDA,VISITANTE,3,"CASTRO, MATEO",1,2:53,17,16
125528,10/12/2025,BRA,CHI,121,RECUPERACION,LOCAL,6,"ALVES, PEDRO",1,2:53,17,16
125528,10/12/2025,BRA,CHI,122,CANASTA-3P,LOCAL,45,"SANTOS, ISAIAH",1,2:43,20,16
125528,10/12/2025,BRA,CHI,123,ASISTENCIA,LOCAL,11,"BANDIERA, JOÃO",1,2:43,20,16
125528,10/12/2025,BRA,CHI,124,TIRO3-FALLADO,VISITANTE,0,"MUSRRI, LUIS",1,2:21,20,16
125528,10/12/2025,BRA,CHI,125,REBOTE-OFENSIVO,VISITANTE,9,"STUARDO, PEDRO",1,2:18,20,16
125528,10/12/2025,BRA,CHI,126,CANASTA-2P,VISITANTE,9,"STUARDO, PEDRO",1,2:10,20,18
125528,10/12/2025,BRA,CHI,127,TIRO2-FALLADO,LOCAL,45,"SANTOS, ISAIAH",1,1:56,20,18
125528,10/12/2025,BRA,CHI,128,TAPON-COMETIDO,VISITANTE,9,"STUARDO, PEDRO",1,1:56,20,18
125528,10/12/2025,BRA,CHI,129,REBOTE-OFENSIVO,LOCAL,,,1,1:56,20,18
125528,10/12/2025,BRA,CHI,130,CAMBIO-JUGADOR-SALE,LOCAL,50,"SANTOS, EDUARDO",1,1:56,20,18
125528,10/12/2025,BRA,CHI,131,CAMBIO-JUGADOR-ENTRA,LOCAL,14,"NEVES, JOAO",1,1:56,20,18
125528,10/12/2025,BRA,CHI,132,TIRO3-FALLADO,LOCAL,14,"NEVES, JOAO",1,1:49,20,18
125528,10/12/2025,BRA,CHI,133,REBOTE-OFENSIVO,LOCAL,45,"SANTOS, ISAIAH",1,1:48,20,18
125528,10/12/2025,BRA,CHI,134,FALTA-COMETIDA,VISITANTE,9,"STUARDO, PEDRO",1,1:48,20,18
125528,10/12/2025,BRA,CHI,135,FALTA-RECIBIDA,LOCAL,45,"SANTOS, ISAIAH",1,1:48,20,18
125528,10/12/2025,BRA,CHI,136,CANASTA-1P,LOCAL,45,"SANTOS, ISAIAH",1,1:48,21,18
125528,10/12/2025,BRA,CHI,137,TIRO1-FALLADO,LOCAL,45,"SANTOS, ISAIAH",1,1:48,21,18
125528,10/12/2025,BRA,CHI,138,REBOTE-OFENSIVO,LOCAL,6,"ALVES, PEDRO",1,1:48,21,18
125528,10/12/2025,BRA,CHI,139,CANASTA-2P,LOCAL,6,"ALVES, PEDRO",1,1:47,23,18
125528,10/12/2025,BRA,CHI,140,CANASTA-3P,VISITANTE,3,"CASTRO, MATEO",1,1:24,23,21
125528,10/12/2025,BRA,CHI,141,ASISTENCIA,VISITANTE,15,"VELÁSQUEZ, MATEO",1,1:24,23,21
125528,10/12/2025,BRA,CHI,142,CANASTA-3P,LOCAL,45,"SANTOS, ISAIAH",1,1:06,26,21
125528,10/12/2025,BRA,CHI,143,ASISTENCIA,LOCAL,3,"NASCIMENTO, MATHEUS",1,1:06,26,21
125528,10/12/2025,BRA,CHI,144,TIRO2-FALLADO,VISITANTE,9,"STUARDO, PEDRO",1,0:41,26,21
125528,10/12/2025,BRA,CHI,145,REBOTE-DEFENSIVO,LOCAL,6,"ALVES, PEDRO",1,0:39,26,21
125528,10/12/2025,BRA,CHI,146,FALTA-COMETIDA,VISITANTE,3,"CASTRO, MATEO",1,0:31,26,21
125528,10/12/2025,BRA,CHI,147,FALTA-RECIBIDA,LOCAL,3,"NASCIMENTO, MATHEUS",1,0:31,26,21
125528,10/12/2025,BRA,CHI,148,CAMBIO-JUGADOR-SALE,LOCAL,6,"ALVES, PEDRO",1,0:31,26,21
125528,10/12/2025,BRA,CHI,149,CAMBIO-JUGADOR-ENTRA,LOCAL,99,"DE RINALDE, JOÃO MARCELO",1,0:31,26,21
125528,10/12/2025,BRA,CHI,150,TIRO3-FALLADO,LOCAL,14,"NEVES, JOAO",1,0:16,26,21
125528,10/12/2025,BRA,CHI,151,REBOTE-OFENSIVO,LOCAL,3,"NASCIMENTO, MATHEUS",1,0:12,26,21
125528,10/12/2025,BRA,CHI,152,PERDIDA,LOCAL,11,"BANDIERA, JOÃO",1,0:07,26,21
125528,10/12/2025,BRA,CHI,153,RECUPERACION,VISITANTE,3,"CASTRO, MATEO",1,0:07,26,21
125528,10/12/2025,BRA,CHI,154,FINAL-PERIODO,,,,1,0:00,26,21
125528,10/12/2025,BRA,CHI,155,INICIO-PERIODO,,,,2,10:00,26,21
125528,10/12/2025,BRA,CHI,156,TIRO3-FALLADO,LOCAL,14,"NEVES, JOAO",2,9:51,26,21
125528,10/12/2025,BRA,CHI,157,REBOTE-OFENSIVO,LOCAL,45,"SANTOS, ISAIAH",2,9:47,26,21
125528,10/12/2025,BRA,CHI,158,TIRO2-FALLADO,LOCAL,45,"SANTOS, ISAIAH",2,9:47,26,21
125528,10/12/2025,BRA,CHI,159,REBOTE-OFENSIVO,LOCAL,45,"SANTOS, ISAIAH",2,9:45,26,21
125528,10/12/2025,BRA,CHI,160,CANASTA-2P,LOCAL,45,"SANTOS, ISAIAH",2,9:45,28,21
125528,10/12/2025,BRA,CHI,161,TIRO2-FALLADO,VISITANTE,15,"VELÁSQUEZ, MATEO",2,9:32,28,21
125528,10/12/2025,BRA,CHI,162,REBOTE-DEFENSIVO,LOCAL,45,"SANTOS, ISAIAH",2,9:28,28,21
125528,10/12/2025,BRA,CHI,163,TIRO3-FALLADO,LOCAL,3,"NASCIMENTO, MATHEUS",2,9:16,28,21
125528,10/12/2025,BRA,CHI,164,REBOTE-OFENSIVO,LOCAL,45,"SANTOS, ISAIAH",2,9:13,28,21
125528,10/12/2025,BRA,CHI,165,CANASTA-2P,LOCAL,3,"NASCIMENTO, MATHEUS",2,9:12,30,21
125528,10/12/2025,BRA,CHI,166,ASISTENCIA,LOCAL,45,"SANTOS, ISAIAH",2,9:12,30,21
125528,10/12/2025,BRA,CHI,167,TIEMPO-MUERTO-SOLICITADO,VISITANTE,,,2,9:11,30,21
125528,10/12/2025,BRA,CHI,168,CAMBIO-JUGADOR-SALE,VISITANTE,3,"CASTRO, MATEO",2,9:11,30,21
125528,10/12/2025,BRA,CHI,169,CAMBIO-JUGADOR-ENTRA,VISITANTE,8,"ECHEVERRIA, AGUSTIN",2,9:11,30,21
125528,10/12/2025,BRA,CHI,170,CANASTA-2P,VISITANTE,0,"MUSRRI, LUIS",2,8:50,30,23
125528,10/12/2025,BRA,CHI,171,TIRO3-FALLADO,LOCAL,3,"NASCIMENTO, MATHEUS",2,8:31,30,23
125528,10/12/2025,BRA,CHI,172,REBOTE-OFENSIVO,LOCAL,99,"DE RINALDE, JOÃO MARCELO",2,8:27,30,23
125528,10/12/2025,BRA,CHI,173,CANASTA-2P,LOCAL,99,"DE RINALDE, JOÃO MARCELO",2,8:27,32,23
125528,10/12/2025,BRA,CHI,174,TIRO3-FALLADO,VISITANTE,0,"MUSRRI, LUIS",2,8:10,32,23
125528,10/12/2025,BRA,CHI,175,REBOTE-OFENSIVO,VISITANTE,,,2,8:08,32,23
125528,10/12/2025,BRA,CHI,176,TIRO3-FALLADO,VISITANTE,8,"ECHEVERRIA, AGUSTIN",2,7:54,32,23
125528,10/12/2025,BRA,CHI,177,REBOTE-DEFENSIVO,LOCAL,99,"DE RINALDE, JOÃO MARCELO",2,7:51,32,23
125528,10/12/2025,BRA,CHI,178,TIRO3-FALLADO,LOCAL,14,"NEVES, JOAO",2,7:45,32,23
125528,10/12/2025,BRA,CHI,179,REBOTE-DEFENSIVO,VISITANTE,8,"ECHEVERRIA, AGUSTIN",2,7:41,32,23
125528,10/12/2025,BRA,CHI,180,TIRO2-FALLADO,VISITANTE,8,"ECHEVERRIA, AGUSTIN",2,7:39,32,23
125528,10/12/2025,BRA,CHI,181,REBOTE-DEFENSIVO,LOCAL,14,"NEVES, JOAO",2,7:36,32,23
125528,10/12/2025,BRA,CHI,182,TIRO3-FALLADO,LOCAL,11,"BANDIERA, JOÃO",2,7:31,32,23
125528,10/12/2025,BRA,CHI,183,REBOTE-DEFENSIVO,VISITANTE,9,"STUARDO, PEDRO",2,7:28,32,23
125528,10/12/2025,BRA,CHI,184,CANASTA-2P,VISITANTE,0,"MUSRRI, LUIS",2,7:21,32,25
125528,10/12/2025,BRA,CHI,185,TIRO3-FALLADO,LOCAL,45,"SANTOS, ISAIAH",2,7:05,32,25
125528,10/12/2025,BRA,CHI,186,REBOTE-OFENSIVO,LOCAL,,,2,7:05,32,25
125528,10/12/2025,BRA,CHI,187,FALTA-COMETIDA,VISITANTE,2,"LA RIVERA, TOMAS",2,7:05,32,25
125528,10/12/2025,BRA,CHI,188,FALTA-RECIBIDA,LOCAL,99,"DE RINALDE, JOÃO MARCELO",2,7:05,32,25
125528,10/12/2025,BRA,CHI,189,CAMBIO-JUGADOR-SALE,LOCAL,3,"NASCIMENTO, MATHEUS",2,7:05,32,25
125528,10/12/2025,BRA,CHI,190,CAMBIO-JUGADOR-SALE,LOCAL,11,"BANDIERA, JOÃO",2,7:05,32,25
125528,10/12/2025,BRA,CHI,191,CAMBIO-JUGADOR-SALE,LOCAL,14,"NEVES, JOAO",2,7:05,32,25
125528,10/12/2025,BRA,CHI,192,CAMBIO-JUGADOR-SALE,LOCAL,99,"DE RINALDE, JOÃO MARCELO",2,7:05,32,25
125528,10/12/2025,BRA,CHI,193,CAMBIO-JUGADOR-ENTRA,LOCAL,8,"FERNANDES, JOAO GABRIEL",2,7:05,32,25
125528,10/12/2025,BRA,CHI,194,CAMBIO-JUGADOR-ENTRA,LOCAL,10,"MELO, PIETRO",2,7:05,32,25
125528,10/12/2025,BRA,CHI,195,CAMBIO-JUGADOR-ENTRA,LOCAL,25,"SOUZA, PEDRO",2,7:05,32,25
125528,10/12/2025,BRA,CHI,196,CAMBIO-JUGADOR-ENTRA,LOCAL,33,"FERREIRA, CRISTIAN",2,7:05,32,25
125528,10/12/2025,BRA,CHI,197,CAMBIO-JUGADOR-SALE,VISITANTE,2,"LA RIVERA, TOMAS",2,7:05,32,25
125528,10/12/2025,BRA,CHI,198,CAMBIO-JUGADOR-ENTRA,VISITANTE,10,"SARAVIA, FRANCISCO",2,7:05,32,25
125528,10/12/2025,BRA,CHI,199,TIRO2-FALLADO,LOCAL,25,"SOUZA, PEDRO",2,7:05,32,25
125528,10/12/2025,BRA,CHI,200,REBOTE-DEFENSIVO,VISITANTE,,,2,7:05,32,25
125528,10/12/2025,BRA,CHI,201,PERDIDA,VISITANTE,8,"ECHEVERRIA, AGUSTIN",2,6:52,32,25
125528,10/12/2025,BRA,CHI,202,CAMBIO-JUGADOR-SALE,VISITANTE,15,"VELÁSQUEZ, MATEO",2,6:52,32,25
125528,10/12/2025,BRA,CHI,203,CAMBIO-JUGADOR-ENTRA,VISITANTE,17,"QUEZADA, MAXIMILIANO",2,6:52,32,25
125528,10/12/2025,BRA,CHI,204,TIRO3-FALLADO,LOCAL,8,"FERNANDES, JOAO GABRIEL",2,6:38,32,25
125528,10/12/2025,BRA,CHI,205,REBOTE-DEFENSIVO,VISITANTE,9,"STUARDO, PEDRO",2,6:35,32,25
125528,10/12/2025,BRA,CHI,206,TIRO2-FALLADO,VISITANTE,10,"SARAVIA, FRANCISCO",2,6:31,32,25
125528,10/12/2025,BRA,CHI,207,REBOTE-DEFENSIVO,LOCAL,45,"SANTOS, ISAIAH",2,6:30,32,25
125528,10/12/2025,BRA,CHI,208,FALTA-COMETIDA,VISITANTE,,,2,6:30,32,25
125528,10/12/2025,BRA,CHI,209,CAMBIO-JUGADOR-SALE,LOCAL,45,"SANTOS, ISAIAH",2,6:30,32,25
125528,10/12/2025,BRA,CHI,210,CAMBIO-JUGADOR-ENTRA,LOCAL,2,"MATHIAS, CAIO",2,6:30,32,25
125528,10/12/2025,BRA,CHI,211,CANASTA-1P,LOCAL,10,"MELO, PIETRO",2,6:30,33,25
125528,10/12/2025,BRA,CHI,212,PERDIDA,LOCAL,10,"MELO, PIETRO",2,6:22,33,25
125528,10/12/2025,BRA,CHI,213,RECUPERACION,VISITANTE,9,"STUARDO, PEDRO",2,6:22,33,25
125528,10/12/2025,BRA,CHI,214,TIRO2-FALLADO,VISITANTE,10,"SARAVIA, FRANCISCO",2,6:18,33,25
125528,10/12/2025,BRA,CHI,215,REBOTE-OFENSIVO,VISITANTE,,,2,6:16,33,25
125528,10/12/2025,BRA,CHI,216,PERDIDA,VISITANTE,17,"QUEZADA, MAXIMILIANO",2,6:09,33,25
125528,10/12/2025,BRA,CHI,217,CANASTA-3P,LOCAL,10,"MELO, PIETRO",2,5:57,36,25
125528,10/12/2025,BRA,CHI,218,ASISTENCIA,LOCAL,25,"SOUZA, PEDRO",2,5:57,36,25
125528,10/12/2025,BRA,CHI,219,TIRO2-FALLADO,VISITANTE,0,"MUSRRI, LUIS",2,5:38,36,25
125528,10/12/2025,BRA,CHI,220,REBOTE-DEFENSIVO,LOCAL,25,"SOUZA, PEDRO",2,5:35,36,25
125528,10/12/2025,BRA,CHI,221,FALTA-COMETIDA,VISITANTE,9,"STUARDO, PEDRO",2,5:33,36,25
125528,10/12/2025,BRA,CHI,222,FALTA-RECIBIDA,LOCAL,25,"SOUZA, PEDRO",2,5:33,36,25
125528,10/12/2025,BRA,CHI,223,CAMBIO-JUGADOR-SALE,VISITANTE,0,"MUSRRI, LUIS",2,5:33,36,25
125528,10/12/2025,BRA,CHI,224,CAMBIO-JUGADOR-ENTRA,VISITANTE,1,"PACHANO, GABRIEL",2,5:33,36,25
125528,10/12/2025,BRA,CHI,225,TIRO1-FALLADO,LOCAL,25,"SOUZA, PEDRO",2,5:33,36,25
125528,10/12/2025,BRA,CHI,226,CANASTA-1P,LOCAL,25,"SOUZA, PEDRO",2,5:33,37,25
125528,10/12/2025,BRA,CHI,227,ASISTENCIA,LOCAL,10,"MELO, PIETRO",2,5:33,37,25
125528,10/12/2025,BRA,CHI,228,CAMBIO-JUGADOR-SALE,VISITANTE,9,"STUARDO, PEDRO",2,5:33,37,25
125528,10/12/2025,BRA,CHI,229,CAMBIO-JUGADOR-ENTRA,VISITANTE,7,"PINO, TOMAS",2,5:33,37,25
125528,10/12/2025,BRA,CHI,230,PERDIDA,VISITANTE,1,"PACHANO, GABRIEL",2,5:14,37,25
125528,10/12/2025,BRA,CHI,231,RECUPERACION,LOCAL,2,"MATHIAS, CAIO",2,5:14,37,25
125528,10/12/2025,BRA,CHI,232,FALTA-COMETIDA,VISITANTE,8,"ECHEVERRIA, AGUSTIN",2,5:13,37,25
125528,10/12/2025,BRA,CHI,233,FALTA-RECIBIDA,LOCAL,2,"MATHIAS, CAIO",2,5:13,37,25
125528,10/12/2025,BRA,CHI,234,TIRO3-FALLADO,LOCAL,25,"SOUZA, PEDRO",2,5:03,37,25
125528,10/12/2025,BRA,CHI,235,REBOTE-OFENSIVO,LOCAL,,,2,5:01,37,25
125528,10/12/2025,BRA,CHI,236,TIRO3-FALLADO,LOCAL,2,"MATHIAS, CAIO",2,4:57,37,25
125528,10/12/2025,BRA,CHI,237,REBOTE-OFENSIVO,LOCAL,,,2,4:54,37,25
125528,10/12/2025,BRA,CHI,238,TIEMPO-MUERTO-SOLICITADO,LOCAL,,,2,4:54,37,25
125528,10/12/2025,BRA,CHI,239,TIRO2-FALLADO,LOCAL,33,"FERREIRA, CRISTIAN",2,4:44,37,25
125528,10/12/2025,BRA,CHI,240,REBOTE-OFENSIVO,LOCAL,33,"FERREIRA, CRISTIAN",2,4:42,37,25
125528,10/12/2025,BRA,CHI,241,TIRO2-FALLADO,LOCAL,33,"FERREIRA, CRISTIAN",2,4:41,37,25
125528,10/12/2025,BRA,CHI,242,REBOTE-OFENSIVO,LOCAL,2,"MATHIAS, CAIO",2,4:40,37,25
125528,10/12/2025,BRA,CHI,243,PERDIDA,LOCAL,2,"MATHIAS, CAIO",2,4:40,37,25
125528,10/12/2025,BRA,CHI,244,RECUPERACION,VISITANTE,10,"SARAVIA, FRANCISCO",2,4:40,37,25
125528,10/12/2025,BRA,CHI,245,PERDIDA,VISITANTE,10,"SARAVIA, FRANCISCO",2,4:40,37,25
125528,10/12/2025,BRA,CHI,246,CAMBIO-JUGADOR-SALE,LOCAL,33,"FERREIRA, CRISTIAN",2,4:40,37,25
125528,10/12/2025,BRA,CHI,247,CAMBIO-JUGADOR-ENTRA,LOCAL,6,"ALVES, PEDRO",2,4:40,37,25
125528,10/12/2025,BRA,CHI,248,CANASTA-2P,LOCAL,25,"SOUZA, PEDRO",2,4:30,39,25
125528,10/12/2025,BRA,CHI,249,CANASTA-3P,VISITANTE,10,"SARAVIA, FRANCISCO",2,4:12,39,28
125528,10/12/2025,BRA,CHI,250,ASISTENCIA,VISITANTE,8,"ECHEVERRIA, AGUSTIN",2,4:12,39,28
125528,10/12/2025,BRA,CHI,251,FALTA-COMETIDA,LOCAL,8,"FERNANDES, JOAO GABRIEL",2,4:10,39,28
125528,10/12/2025,BRA,CHI,252,FALTA-RECIBIDA,VISITANTE,10,"SARAVIA, FRANCISCO",2,4:10,39,28
125528,10/12/2025,BRA,CHI,253,CANASTA-1P,VISITANTE,10,"SARAVIA, FRANCISCO",2,4:10,39,29
125528,10/12/2025,BRA,CHI,254,FALTA-COMETIDA,LOCAL,6,"ALVES, PEDRO",2,3:55,39,29
125528,10/12/2025,BRA,CHI,255,PERDIDA,LOCAL,6,"ALVES, PEDRO",2,3:55,39,29
125528,10/12/2025,BRA,CHI,256,FALTA-RECIBIDA,VISITANTE,17,"QUEZADA, MAXIMILIANO",2,3:55,39,29
125528,10/12/2025,BRA,CHI,257,CAMBIO-JUGADOR-SALE,LOCAL,6,"ALVES, PEDRO",2,3:55,39,29
125528,10/12/2025,BRA,CHI,258,CAMBIO-JUGADOR-ENTRA,LOCAL,33,"FERREIRA, CRISTIAN",2,3:55,39,29
125528,10/12/2025,BRA,CHI,259,TIRO3-FALLADO,VISITANTE,1,"PACHANO, GABRIEL",2,3:42,39,29
125528,10/12/2025,BRA,CHI,260,REBOTE-DEFENSIVO,LOCAL,25,"SOUZA, PEDRO",2,3:40,39,29
125528,10/12/2025,BRA,CHI,261,TIRO3-FALLADO,LOCAL,8,"FERNANDES, JOAO GABRIEL",2,3:36,39,29
125528,10/12/2025,BRA,CHI,262,REBOTE-DEFENSIVO,VISITANTE,1,"PACHANO, GABRIEL",2,3:33,39,29
125528,10/12/2025,BRA,CHI,263,CANASTA-2P,VISITANTE,10,"SARAVIA, FRANCISCO",2,3:22,39,31
125528,10/12/2025,BRA,CHI,264,CANASTA-3P,LOCAL,10,"MELO, PIETRO",2,3:08,42,31
125528,10/12/2025,BRA,CHI,265,ASISTENCIA,LOCAL,25,"SOUZA, PEDRO",2,3:08,42,31
125528,10/12/2025,BRA,CHI,266,TIRO2-FALLADO,VISITANTE,17,"QUEZADA, MAXIMILIANO",2,2:53,42,31
125528,10/12/2025,BRA,CHI,267,REBOTE-DEFENSIVO,LOCAL,25,"SOUZA, PEDRO",2,2:51,42,31
125528,10/12/2025,BRA,CHI,268,TIRO2-FALLADO,LOCAL,10,"MELO, PIETRO",2,2:37,42,31
125528,10/12/2025,BRA,CHI,269,REBOTE-DEFENSIVO,VISITANTE,,,2,2:35,42,31
125528,10/12/2025,BRA,CHI,270,CAMBIO-JUGADOR-SALE,LOCAL,8,"FERNANDES, JOAO GABRIEL",2,2:35,42,31
125528,10/12/2025,BRA,CHI,271,CAMBIO-JUGADOR-ENTRA,LOCAL,14,"NEVES, JOAO",2,2:35,42,31
125528,10/12/2025,BRA,CHI,272,FALTA-COMETIDA,LOCAL,2,"MATHIAS, CAIO",2,2:32,42,31
125528,10/12/2025,BRA,CHI,273,FALTA-RECIBIDA,VISITANTE,10,"SARAVIA, FRANCISCO",2,2:32,42,31
125528,10/12/2025,BRA,CHI,274,CAMBIO-JUGADOR-SALE,LOCAL,2,"MATHIAS, CAIO",2,2:32,42,31
125528,10/12/2025,BRA,CHI,275,CAMBIO-JUGADOR-SALE,LOCAL,25,"SOUZA, PEDRO",2,2:32,42,31
125528,10/12/2025,BRA,CHI,276,CAMBIO-JUGADOR-ENTRA,LOCAL,3,"NASCIMENTO, MATHEUS",2,2:32,42,31
125528,10/12/2025,BRA,CHI,277,CAMBIO-JUGADOR-ENTRA,LOCAL,45,"SANTOS, ISAIAH",2,2:32,42,31
125528,10/12/2025,BRA,CHI,278,FALTA-COMETIDA,LOCAL,3,"NASCIMENTO, MATHEUS",2,2:25,42,31
125528,10/12/2025,BRA,CHI,279,FALTA-RECIBIDA,VISITANTE,10,"SARAVIA, FRANCISCO",2,2:25,42,31
125528,10/12/2025,BRA,CHI,280,TIRO2-FALLADO,VISITANTE,10,"SARAVIA, FRANCISCO",2,2:16,42,31
125528,10/12/2025,BRA,CHI,281,REBOTE-DEFENSIVO,LOCAL,14,"NEVES, JOAO",2,2:12,42,31
125528,10/12/2025,BRA,CHI,282,TIRO3-FALLADO,LOCAL,3,"NASCIMENTO, MATHEUS",2,2:07,42,31
125528,10/12/2025,BRA,CHI,283,REBOTE-OFENSIVO,LOCAL,33,"FERREIRA, CRISTIAN",2,2:05,42,31
125528,10/12/2025,BRA,CHI,284,TIRO3-FALLADO,LOCAL,45,"SANTOS, ISAIAH",2,2:02,42,31
125528,10/12/2025,BRA,CHI,285,REBOTE-OFENSIVO,LOCAL,3,"NASCIMENTO, MATHEUS",2,1:59,42,31
125528,10/12/2025,BRA,CHI,286,TIRO2-FALLADO,LOCAL,14,"NEVES, JOAO",2,1:54,42,31
125528,10/12/2025,BRA,CHI,287,REBOTE-OFENSIVO,LOCAL,33,"FERREIRA, CRISTIAN",2,1:50,42,31
125528,10/12/2025,BRA,CHI,288,FALTA-COMETIDA,VISITANTE,17,"QUEZADA, MAXIMILIANO",2,1:47,42,31
125528,10/12/2025,BRA,CHI,289,FALTA-RECIBIDA,LOCAL,45,"SANTOS, ISAIAH",2,1:47,42,31
125528,10/12/2025,BRA,CHI,290,CANASTA-1P,LOCAL,45,"SANTOS, ISAIAH",2,1:47,43,31
125528,10/12/2025,BRA,CHI,291,ASISTENCIA,LOCAL,33,"FERREIRA, CRISTIAN",2,1:47,43,31
125528,10/12/2025,BRA,CHI,292,TIRO1-FALLADO,LOCAL,45,"SANTOS, ISAIAH",2,1:47,43,31
125528,10/12/2025,BRA,CHI,293,REBOTE-DEFENSIVO,VISITANTE,17,"QUEZADA, MAXIMILIANO",2,1:47,43,31
125528,10/12/2025,BRA,CHI,294,TIRO2-FALLADO,VISITANTE,10,"SARAVIA, FRANCISCO",2,1:28,43,31
125528,10/12/2025,BRA,CHI,295,REBOTE-OFENSIVO,VISITANTE,,,2,1:26,43,31
125528,10/12/2025,BRA,CHI,296,CAMBIO-JUGADOR-SALE,VISITANTE,7,"PINO, TOMAS",2,1:26,43,31
125528,10/12/2025,BRA,CHI,297,CAMBIO-JUGADOR-ENTRA,VISITANTE,15,"VELÁSQUEZ, MATEO",2,1:26,43,31
125528,10/12/2025,BRA,CHI,298,CANASTA-2P,VISITANTE,10,"SARAVIA, FRANCISCO",2,1:14,43,33
125528,10/12/2025,BRA,CHI,299,CANASTA-2P,LOCAL,45,"SANTOS, ISAIAH",2,1:05,45,33
125528,10/12/2025,BRA,CHI,300,ASISTENCIA,LOCAL,10,"MELO, PIETRO",2,1:05,45,33
125528,10/12/2025,BRA,CHI,301,CANASTA-2P,VISITANTE,10,"SARAVIA, FRANCISCO",2,0:53,45,35
125528,10/12/2025,BRA,CHI,302,ASISTENCIA,VISITANTE,1,"PACHANO, GABRIEL",2,0:53,45,35
125528,10/12/2025,BRA,CHI,303,TIRO3-FALLADO,LOCAL,10,"MELO, PIETRO",2,0:29,45,35
125528,10/12/2025,BRA,CHI,304,REBOTE-DEFENSIVO,VISITANTE,10,"SARAVIA, FRANCISCO",2,0:25,45,35
125528,10/12/2025,BRA,CHI,305,PERDIDA,VISITANTE,10,"SARAVIA, FRANCISCO",2,0:14,45,35
125528,10/12/2025,BRA,CHI,306,RECUPERACION,LOCAL,33,"FERREIRA, CRISTIAN",2,0:14,45,35
125528,10/12/2025,BRA,CHI,307,TIRO2-FALLADO,LOCAL,45,"SANTOS, ISAIAH",2,0:08,45,35
125528,10/12/2025,BRA,CHI,308,REBOTE-DEFENSIVO,VISITANTE,8,"ECHEVERRIA, AGUSTIN",2,0:05,45,35
125528,10/12/2025,BRA,CHI,309,CAMBIO-JUGADOR-SALE,LOCAL,3,"NASCIMENTO, MATHEUS",2,0:01,45,35
125528,10/12/2025,BRA,CHI,310,CAMBIO-JUGADOR-SALE,LOCAL,10,"MELO, PIETRO",2,0:01,45,35
125528,10/12/2025,BRA,CHI,311,CAMBIO-JUGADOR-ENTRA,LOCAL,8,"FERNANDES, JOAO GABRIEL",2,0:01,45,35
125528,10/12/2025,BRA,CHI,312,CAMBIO-JUGADOR-ENTRA,LOCAL,50,"SANTOS, EDUARDO",2,0:01,45,35
125528,10/12/2025,BRA,CHI,313,TIRO2-FALLADO,VISITANTE,10,"SARAVIA, FRANCISCO",2,0:00,45,35
125528,10/12/2025,BRA,CHI,314,TAPON-COMETIDO,LOCAL,8,"FERNANDES, JOAO GABRIEL",2,0:00,45,35
125528,10/12/2025,BRA,CHI,315,REBOTE-OFENSIVO,VISITANTE,,,2,0:00,45,35
125528,10/12/2025,BRA,CHI,316,FINAL-PERIODO,,,,2,0:00,45,35
125528,10/12/2025,BRA,CHI,317,CAMBIO-JUGADOR-SALE,LOCAL,8,"FERNANDES, JOAO GABRIEL",3,10:00,45,35
125528,10/12/2025,BRA,CHI,318,CAMBIO-JUGADOR-SALE,LOCAL,45,"SANTOS, ISAIAH",3,10:00,45,35
125528,10/12/2025,BRA,CHI,319,CAMBIO-JUGADOR-ENTRA,LOCAL,10,"MELO, PIETRO",3,10:00,45,35
125528,10/12/2025,BRA,CHI,320,CAMBIO-JUGADOR-ENTRA,LOCAL,25,"SOUZA, PEDRO",3,10:00,45,35
125528,10/12/2025,BRA,CHI,321,CAMBIO-JUGADOR-SALE,VISITANTE,1,"PACHANO, GABRIEL",3,10:00,45,35
125528,10/12/2025,BRA,CHI,322,CAMBIO-JUGADOR-SALE,VISITANTE,8,"ECHEVERRIA, AGUSTIN",3,10:00,45,35
125528,10/12/2025,BRA,CHI,323,CAMBIO-JUGADOR-SALE,VISITANTE,17,"QUEZADA, MAXIMILIANO",3,10:00,45,35
125528,10/12/2025,BRA,CHI,324,CAMBIO-JUGADOR-ENTRA,VISITANTE,2,"LA RIVERA, TOMAS",3,10:00,45,35
125528,10/12/2025,BRA,CHI,325,CAMBIO-JUGADOR-ENTRA,VISITANTE,3,"CASTRO, MATEO",3,10:00,45,35
125528,10/12/2025,BRA,CHI,326,CAMBIO-JUGADOR-ENTRA,VISITANTE,9,"STUARDO, PEDRO",3,10:00,45,35
125528,10/12/2025,BRA,CHI,327,INICIO-PERIODO,,,,3,10:00,45,35
125528,10/12/2025,BRA,CHI,328,CANASTA-2P,VISITANTE,9,"STUARDO, PEDRO",3,9:44,45,37
125528,10/12/2025,BRA,CHI,329,CANASTA-3P,LOCAL,14,"NEVES, JOAO",3,9:26,48,37
125528,10/12/2025,BRA,CHI,330,ASISTENCIA,LOCAL,25,"SOUZA, PEDRO",3,9:26,48,37
125528,10/12/2025,BRA,CHI,331,CANASTA-2P,VISITANTE,9,"STUARDO, PEDRO",3,9:12,48,39
125528,10/12/2025,BRA,CHI,332,ASISTENCIA,VISITANTE,10,"SARAVIA, FRANCISCO",3,9:12,48,39
125528,10/12/2025,BRA,CHI,333,CANASTA-2P,LOCAL,50,"SANTOS, EDUARDO",3,8:51,50,39
125528,10/12/2025,BRA,CHI,334,TIRO2-FALLADO,VISITANTE,10,"SARAVIA, FRANCISCO",3,8:37,50,39
125528,10/12/2025,BRA,CHI,335,REBOTE-DEFENSIVO,LOCAL,14,"NEVES, JOAO",3,8:34,50,39
125528,10/12/2025,BRA,CHI,336,PERDIDA,LOCAL,33,"FERREIRA, CRISTIAN",3,8:28,50,39
125528,10/12/2025,BRA,CHI,337,RECUPERACION,VISITANTE,9,"STUARDO, PEDRO",3,8:28,50,39
125528,10/12/2025,BRA,CHI,338,PERDIDA,VISITANTE,15,"VELÁSQUEZ, MATEO",3,8:18,50,39
125528,10/12/2025,BRA,CHI,339,RECUPERACION,LOCAL,50,"SANTOS, EDUARDO",3,8:18,50,39
125528,10/12/2025,BRA,CHI,340,TIRO3-FALLADO,LOCAL,14,"NEVES, JOAO",3,8:08,50,39
125528,10/12/2025,BRA,CHI,341,REBOTE-OFENSIVO,LOCAL,33,"FERREIRA, CRISTIAN",3,8:05,50,39
125528,10/12/2025,BRA,CHI,342,TIRO3-FALLADO,LOCAL,25,"SOUZA, PEDRO",3,7:56,50,39
125528,10/12/2025,BRA,CHI,343,REBOTE-DEFENSIVO,VISITANTE,9,"STUARDO, PEDRO",3,7:53,50,39
125528,10/12/2025,BRA,CHI,344,TIRO3-FALLADO,VISITANTE,15,"VELÁSQUEZ, MATEO",3,7:44,50,39
125528,10/12/2025,BRA,CHI,345,REBOTE-OFENSIVO,VISITANTE,,,3,7:42,50,39
125528,10/12/2025,BRA,CHI,346,FALTA-COMETIDA,LOCAL,10,"MELO, PIETRO",3,7:30,50,39
125528,10/12/2025,BRA,CHI,347,FALTA-RECIBIDA,VISITANTE,10,"SARAVIA, FRANCISCO",3,7:30,50,39
125528,10/12/2025,BRA,CHI,348,CANASTA-1P,VISITANTE,10,"SARAVIA, FRANCISCO",3,7:30,50,40
125528,10/12/2025,BRA,CHI,349,CANASTA-1P,VISITANTE,10,"SARAVIA, FRANCISCO",3,7:30,50,41
125528,10/12/2025,BRA,CHI,350,CANASTA-3P,LOCAL,25,"SOUZA, PEDRO",3,7:15,53,41
125528,10/12/2025,BRA,CHI,351,ASISTENCIA,LOCAL,14,"NEVES, JOAO",3,7:15,53,41
125528,10/12/2025,BRA,CHI,352,CANASTA-3P,VISITANTE,3,"CASTRO, MATEO",3,6:58,53,44
125528,10/12/2025,BRA,CHI,353,ASISTENCIA,VISITANTE,2,"LA RIVERA, TOMAS",3,6:58,53,44
125528,10/12/2025,BRA,CHI,354,CANASTA-3P,LOCAL,10,"MELO, PIETRO",3,6:44,56,44
125528,10/12/2025,BRA,CHI,355,ASISTENCIA,LOCAL,50,"SANTOS, EDUARDO",3,6:44,56,44
125528,10/12/2025,BRA,CHI,356,TIRO2-FALLADO,VISITANTE,9,"STUARDO, PEDRO",3,6:26,56,44
125528,10/12/2025,BRA,CHI,357,TAPON-COMETIDO,LOCAL,33,"FERREIRA, CRISTIAN",3,6:26,56,44
125528,10/12/2025,BRA,CHI,358,REBOTE-OFENSIVO,VISITANTE,,,3,6:25,56,44
125528,10/12/2025,BRA,CHI,359,TIRO3-FALLADO,VISITANTE,10,"SARAVIA, FRANCISCO",3,6:16,56,44
125528,10/12/2025,BRA,CHI,360,REBOTE-DEFENSIVO,LOCAL,10,"MELO, PIETRO",3,6:13,56,44
125528,10/12/2025,BRA,CHI,361,TIRO3-FALLADO,LOCAL,50,"SANTOS, EDUARDO",3,6:07,56,44
125528,10/12/2025,BRA,CHI,362,REBOTE-DEFENSIVO,VISITANTE,15,"VELÁSQUEZ, MATEO",3,6:03,56,44
125528,10/12/2025,BRA,CHI,363,FALTA-COMETIDA,LOCAL,50,"SANTOS, EDUARDO",3,6:00,56,44
125528,10/12/2025,BRA,CHI,364,FALTA-RECIBIDA,VISITANTE,10,"SARAVIA, FRANCISCO",3,6:00,56,44
125528,10/12/2025,BRA,CHI,365,CAMBIO-JUGADOR-SALE,LOCAL,33,"FERREIRA, CRISTIAN",3,6:00,56,44
125528,10/12/2025,BRA,CHI,366,CAMBIO-JUGADOR-ENTRA,LOCAL,6,"ALVES, PEDRO",3,6:00,56,44
125528,10/12/2025,BRA,CHI,367,TIRO2-FALLADO,VISITANTE,9,"STUARDO, PEDRO",3,5:47,56,44
125528,10/12/2025,BRA,CHI,368,REBOTE-OFENSIVO,VISITANTE,3,"CASTRO, MATEO",3,5:44,56,44
125528,10/12/2025,BRA,CHI,369,CANASTA-2P,VISITANTE,10,"SARAVIA, FRANCISCO",3,5:41,56,46
125528,10/12/2025,BRA,CHI,370,CANASTA-3P,LOCAL,25,"SOUZA, PEDRO",3,5:29,59,46
125528,10/12/2025,BRA,CHI,371,TIRO3-FALLADO,VISITANTE,9,"STUARDO, PEDRO",3,5:14,59,46
125528,10/12/2025,BRA,CHI,372,REBOTE-DEFENSIVO,LOCAL,14,"NEVES, JOAO",3,5:12,59,46
125528,10/12/2025,BRA,CHI,373,FALTA-COMETIDA,VISITANTE,15,"VELÁSQUEZ, MATEO",3,5:09,59,46
125528,10/12/2025,BRA,CHI,374,FALTA-RECIBIDA,LOCAL,50,"SANTOS, EDUARDO",3,5:09,59,46
125528,10/12/2025,BRA,CHI,375,TIRO1-FALLADO,LOCAL,50,"SANTOS, EDUARDO",3,5:09,59,46
125528,10/12/2025,BRA,CHI,376,TIRO1-FALLADO,LOCAL,50,"SANTOS, EDUARDO",3,5:09,59,46
125528,10/12/2025,BRA,CHI,377,REBOTE-OFENSIVO,LOCAL,6,"ALVES, PEDRO",3,5:09,59,46
125528,10/12/2025,BRA,CHI,378,CANASTA-2P,LOCAL,6,"ALVES, PEDRO",3,5:07,61,46
125528,10/12/2025,BRA,CHI,379,PERDIDA,VISITANTE,9,"STUARDO, PEDRO",3,4:42,61,46
125528,10/12/2025,BRA,CHI,380,RECUPERACION,LOCAL,25,"SOUZA, PEDRO",3,4:42,61,46
125528,10/12/2025,BRA,CHI,381,FALTA-COMETIDA,VISITANTE,15,"VELÁSQUEZ, MATEO",3,4:40,61,46
125528,10/12/2025,BRA,CHI,382,FALTA-RECIBIDA,LOCAL,25,"SOUZA, PEDRO",3,4:40,61,46
125528,10/12/2025,BRA,CHI,383,CAMBIO-JUGADOR-SALE,VISITANTE,9,"STUARDO, PEDRO",3,4:40,61,46
125528,10/12/2025,BRA,CHI,384,CAMBIO-JUGADOR-ENTRA,VISITANTE,17,"QUEZADA, MAXIMILIANO",3,4:40,61,46
125528,10/12/2025,BRA,CHI,385,FALTA-COMETIDA,VISITANTE,17,"QUEZADA, MAXIMILIANO",3,4:29,61,46
125528,10/12/2025,BRA,CHI,386,FALTA-RECIBIDA,LOCAL,50,"SANTOS, EDUARDO",3,4:29,61,46
125528,10/12/2025,BRA,CHI,387,CAMBIO-JUGADOR-SALE,LOCAL,14,"NEVES, JOAO",3,4:29,61,46
125528,10/12/2025,BRA,CHI,388,CAMBIO-JUGADOR-ENTRA,LOCAL,45,"SANTOS, ISAIAH",3,4:29,61,46
125528,10/12/2025,BRA,CHI,389,CAMBIO-JUGADOR-SALE,VISITANTE,2,"LA RIVERA, TOMAS",3,4:29,61,46
125528,10/12/2025,BRA,CHI,390,CAMBIO-JUGADOR-ENTRA,VISITANTE,0,"MUSRRI, LUIS",3,4:29,61,46
125528,10/12/2025,BRA,CHI,391,CANASTA-1P,LOCAL,50,"SANTOS, EDUARDO",3,4:29,62,46
125528,10/12/2025,BRA,CHI,392,CANASTA-1P,LOCAL,50,"SANTOS, EDUARDO",3,4:29,63,46
125528,10/12/2025,BRA,CHI,393,CAMBIO-JUGADOR-SALE,LOCAL,50,"SANTOS, EDUARDO",3,4:29,63,46
125528,10/12/2025,BRA,CHI,394,CAMBIO-JUGADOR-ENTRA,LOCAL,8,"FERNANDES, JOAO GABRIEL",3,4:29,63,46
125528,10/12/2025,BRA,CHI,395,TIRO3-FALLADO,VISITANTE,10,"SARAVIA, FRANCISCO",3,4:11,63,46
125528,10/12/2025,BRA,CHI,396,REBOTE-OFENSIVO,VISITANTE,0,"MUSRRI, LUIS",3,4:07,63,46
125528,10/12/2025,BRA,CHI,397,PERDIDA,VISITANTE,10,"SARAVIA, FRANCISCO",3,4:03,63,46
125528,10/12/2025,BRA,CHI,398,RECUPERACION,LOCAL,45,"SANTOS, ISAIAH",3,4:03,63,46
125528,10/12/2025,BRA,CHI,399,CANASTA-2P,LOCAL,45,"SANTOS, ISAIAH",3,4:00,65,46
125528,10/12/2025,BRA,CHI,400,TIEMPO-MUERTO-SOLICITADO,VISITANTE,,,3,3:59,65,46
125528,10/12/2025,BRA,CHI,401,CAMBIO-JUGADOR-SALE,VISITANTE,3,"CASTRO, MATEO",3,3:59,65,46
125528,10/12/2025,BRA,CHI,402,CAMBIO-JUGADOR-ENTRA,VISITANTE,9,"STUARDO, PEDRO",3,3:59,65,46
125528,10/12/2025,BRA,CHI,403,CAMBIO-JUGADOR-SALE,VISITANTE,9,"STUARDO, PEDRO",3,3:59,65,46
125528,10/12/2025,BRA,CHI,404,CAMBIO-JUGADOR-ENTRA,VISITANTE,8,"ECHEVERRIA, AGUSTIN",3,3:59,65,46
125528,10/12/2025,BRA,CHI,405,TIRO2-FALLADO,VISITANTE,10,"SARAVIA, FRANCISCO",3,3:45,65,46
125528,10/12/2025,BRA,CHI,406,TAPON-COMETIDO,LOCAL,45,"SANTOS, ISAIAH",3,3:45,65,46
125528,10/12/2025,BRA,CHI,407,REBOTE-DEFENSIVO,LOCAL,45,"SANTOS, ISAIAH",3,3:41,65,46
125528,10/12/2025,BRA,CHI,408,JUMP-BALL,LOCAL,,,3,3:38,65,46
125528,10/12/2025,BRA,CHI,409,CAMBIO-JUGADOR-SALE,LOCAL,25,"SOUZA, PEDRO",3,3:38,65,46
125528,10/12/2025,BRA,CHI,410,CAMBIO-JUGADOR-ENTRA,LOCAL,3,"NASCIMENTO, MATHEUS",3,3:38,65,46
125528,10/12/2025,BRA,CHI,411,TIRO3-FALLADO,LOCAL,3,"NASCIMENTO, MATHEUS",3,3:30,65,46
125528,10/12/2025,BRA,CHI,412,REBOTE-OFENSIVO,LOCAL,3,"NASCIMENTO, MATHEUS",3,3:23,65,46
125528,10/12/2025,BRA,CHI,413,TIRO2-FALLADO,LOCAL,8,"FERNANDES, JOAO GABRIEL",3,3:16,65,46
125528,10/12/2025,BRA,CHI,414,REBOTE-OFENSIVO,LOCAL,45,"SANTOS, ISAIAH",3,3:16,65,46
125528,10/12/2025,BRA,CHI,415,CANASTA-2P,LOCAL,45,"SANTOS, ISAIAH",3,3:01,67,46
125528,10/12/2025,BRA,CHI,416,TIRO2-FALLADO,VISITANTE,15,"VELÁSQUEZ, MATEO",3,2:50,67,46
125528,10/12/2025,BRA,CHI,417,REBOTE-DEFENSIVO,LOCAL,6,"ALVES, PEDRO",3,2:48,67,46
125528,10/12/2025,BRA,CHI,418,FALTA-COMETIDA,VISITANTE,10,"SARAVIA, FRANCISCO",3,2:46,67,46
125528,10/12/2025,BRA,CHI,419,FALTA-RECIBIDA,LOCAL,45,"SANTOS, ISAIAH",3,2:46,67,46
125528,10/12/2025,BRA,CHI,420,CAMBIO-JUGADOR-SALE,LOCAL,10,"MELO, PIETRO",3,2:46,67,46
125528,10/12/2025,BRA,CHI,421,CAMBIO-JUGADOR-ENTRA,LOCAL,11,"BANDIERA, JOÃO",3,2:46,67,46
125528,10/12/2025,BRA,CHI,422,TIRO1-FALLADO,LOCAL,45,"SANTOS, ISAIAH",3,2:46,67,46
125528,10/12/2025,BRA,CHI,423,CANASTA-1P,LOCAL,45,"SANTOS, ISAIAH",3,2:46,68,46
125528,10/12/2025,BRA,CHI,424,ASISTENCIA,LOCAL,6,"ALVES, PEDRO",3,2:46,68,46
125528,10/12/2025,BRA,CHI,425,CAMBIO-JUGADOR-SALE,VISITANTE,17,"QUEZADA, MAXIMILIANO",3,2:46,68,46
125528,10/12/2025,BRA,CHI,426,CAMBIO-JUGADOR-ENTRA,VISITANTE,9,"STUARDO, PEDRO",3,2:46,68,46
125528,10/12/2025,BRA,CHI,427,TIRO2-FALLADO,VISITANTE,0,"MUSRRI, LUIS",3,2:30,68,46
125528,10/12/2025,BRA,CHI,428,REBOTE-OFENSIVO,VISITANTE,0,"MUSRRI, LUIS",3,2:28,68,46
125528,10/12/2025,BRA,CHI,429,TIRO2-FALLADO,VISITANTE,0,"MUSRRI, LUIS",3,2:27,68,46
125528,10/12/2025,BRA,CHI,430,REBOTE-DEFENSIVO,LOCAL,45,"SANTOS, ISAIAH",3,2:24,68,46
125528,10/12/2025,BRA,CHI,431,CANASTA-3P,LOCAL,8,"FERNANDES, JOAO GABRIEL",3,2:14,71,46
125528,10/12/2025,BRA,CHI,432,ASISTENCIA,LOCAL,11,"BANDIERA, JOÃO",3,2:14,71,46
125528,10/12/2025,BRA,CHI,433,TIRO2-FALLADO,VISITANTE,10,"SARAVIA, FRANCISCO",3,1:57,71,46
125528,10/12/2025,BRA,CHI,434,TAPON-COMETIDO,LOCAL,6,"ALVES, PEDRO",3,1:57,71,46
125528,10/12/2025,BRA,CHI,435,REBOTE-OFENSIVO,VISITANTE,,,3,1:56,71,46
125528,10/12/2025,BRA,CHI,436,CAMBIO-JUGADOR-SALE,LOCAL,6,"ALVES, PEDRO",3,1:56,71,46
125528,10/12/2025,BRA,CHI,437,CAMBIO-JUGADOR-ENTRA,LOCAL,33,"FERREIRA, CRISTIAN",3,1:56,71,46
125528,10/12/2025,BRA,CHI,438,CAMBIO-JUGADOR-SALE,VISITANTE,10,"SARAVIA, FRANCISCO",3,1:56,71,46
125528,10/12/2025,BRA,CHI,439,CAMBIO-JUGADOR-SALE,VISITANTE,15,"VELÁSQUEZ, MATEO",3,1:56,71,46
125528,10/12/2025,BRA,CHI,440,CAMBIO-JUGADOR-ENTRA,VISITANTE,1,"PACHANO, GABRIEL",3,1:56,71,46
125528,10/12/2025,BRA,CHI,441,CAMBIO-JUGADOR-ENTRA,VISITANTE,7,"PINO, TOMAS",3,1:56,71,46
125528,10/12/2025,BRA,CHI,442,CANASTA-3P,VISITANTE,1,"PACHANO, GABRIEL",3,1:48,71,49
125528,10/12/2025,BRA,CHI,443,ASISTENCIA,VISITANTE,0,"MUSRRI, LUIS",3,1:48,71,49
125528,10/12/2025,BRA,CHI,444,CANASTA-3P,LOCAL,11,"BANDIERA, JOÃO",3,1:26,74,49
125528,10/12/2025,BRA,CHI,445,ASISTENCIA,LOCAL,3,"NASCIMENTO, MATHEUS",3,1:26,74,49
125528,10/12/2025,BRA,CHI,446,TIRO2-FALLADO,VISITANTE,0,"MUSRRI, LUIS",3,1:09,74,49
125528,10/12/2025,BRA,CHI,447,REBOTE-DEFENSIVO,LOCAL,8,"FERNANDES, JOAO GABRIEL",3,1:06,74,49
125528,10/12/2025,BRA,CHI,448,TIRO2-FALLADO,LOCAL,3,"NASCIMENTO, MATHEUS",3,1:03,74,49
125528,10/12/2025,BRA,CHI,449,REBOTE-DEFENSIVO,VISITANTE,1,"PACHANO, GABRIEL",3,1:00,74,49
125528,10/12/2025,BRA,CHI,450,TIRO2-FALLADO,VISITANTE,0,"MUSRRI, LUIS",3,0:57,74,49
125528,10/12/2025,BRA,CHI,451,TAPON-COMETIDO,LOCAL,8,"FERNANDES, JOAO GABRIEL",3,0:57,74,49
125528,10/12/2025,BRA,CHI,452,REBOTE-DEFENSIVO,LOCAL,8,"FERNANDES, JOAO GABRIEL",3,0:51,74,49
125528,10/12/2025,BRA,CHI,453,TIRO3-FALLADO,LOCAL,45,"SANTOS, ISAIAH",3,0:49,74,49
125528,10/12/2025,BRA,CHI,454,REBOTE-OFENSIVO,LOCAL,8,"FERNANDES, JOAO GABRIEL",3,0:45,74,49
125528,10/12/2025,BRA,CHI,455,TIRO3-FALLADO,LOCAL,11,"BANDIERA, JOÃO",3,0:41,74,49
125528,10/12/2025,BRA,CHI,456,REBOTE-OFENSIVO,LOCAL,45,"SANTOS, ISAIAH",3,0:38,74,49
125528,10/12/2025,BRA,CHI,457,TIRO3-FALLADO,LOCAL,8,"FERNANDES, JOAO GABRIEL",3,0:35,74,49
125528,10/12/2025,BRA,CHI,458,REBOTE-DEFENSIVO,VISITANTE,9,"STUARDO, PEDRO",3,0:30,74,49
125528,10/12/2025,BRA,CHI,459,FALTA-COMETIDA,LOCAL,8,"FERNANDES, JOAO GABRIEL",3,0:27,74,49
125528,10/12/2025,BRA,CHI,460,FALTA-RECIBIDA,VISITANTE,1,"PACHANO, GABRIEL",3,0:27,74,49
125528,10/12/2025,BRA,CHI,461,CAMBIO-JUGADOR-SALE,VISITANTE,0,"MUSRRI, LUIS",3,0:27,74,49
125528,10/12/2025,BRA,CHI,462,CAMBIO-JUGADOR-ENTRA,VISITANTE,4,"HITSCHFELD, MATHIAS",3,0:27,74,49
125528,10/12/2025,BRA,CHI,463,CANASTA-1P,VISITANTE,1,"PACHANO, GABRIEL",3,0:27,74,50
125528,10/12/2025,BRA,CHI,464,CANASTA-1P,VISITANTE,1,"PACHANO, GABRIEL",3,0:27,74,51
125528,10/12/2025,BRA,CHI,465,PERDIDA,LOCAL,11,"BANDIERA, JOÃO",3,0:14,74,51
125528,10/12/2025,BRA,CHI,466,RECUPERACION,VISITANTE,9,"STUARDO, PEDRO",3,0:14,74,51
125528,10/12/2025,BRA,CHI,467,CANASTA-2P,VISITANTE,9,"STUARDO, PEDRO",3,0:09,74,53
125528,10/12/2025,BRA,CHI,468,FINAL-PERIODO,,,,3,0:00,74,53
125528,10/12/2025,BRA,CHI,469,CAMBIO-JUGADOR-SALE,LOCAL,11,"BANDIERA, JOÃO",4,10:00,74,53
125528,10/12/2025,BRA,CHI,470,CAMBIO-JUGADOR-SALE,LOCAL,45,"SANTOS, ISAIAH",4,10:00,74,53
125528,10/12/2025,BRA,CHI,471,CAMBIO-JUGADOR-ENTRA,LOCAL,14,"NEVES, JOAO",4,10:00,74,53
125528,10/12/2025,BRA,CHI,472,CAMBIO-JUGADOR-ENTRA,LOCAL,25,"SOUZA, PEDRO",4,10:00,74,53
125528,10/12/2025,BRA,CHI,473,INICIO-PERIODO,,,,4,10:00,74,53
125528,10/12/2025,BRA,CHI,474,TIRO2-FALLADO,VISITANTE,4,"HITSCHFELD, MATHIAS",4,9:39,74,53
125528,10/12/2025,BRA,CHI,475,TAPON-COMETIDO,LOCAL,33,"FERREIRA, CRISTIAN",4,9:39,74,53
125528,10/12/2025,BRA,CHI,476,REBOTE-DEFENSIVO,LOCAL,8,"FERNANDES, JOAO GABRIEL",4,9:35,74,53
125528,10/12/2025,BRA,CHI,477,CANASTA-2P,LOCAL,25,"SOUZA, PEDRO",4,9:14,76,53
125528,10/12/2025,BRA,CHI,478,CANASTA-3P,VISITANTE,1,"PACHANO, GABRIEL",4,8:55,76,56
125528,10/12/2025,BRA,CHI,479,ASISTENCIA,VISITANTE,4,"HITSCHFELD, MATHIAS",4,8:55,76,56
125528,10/12/2025,BRA,CHI,480,TIRO3-FALLADO,LOCAL,14,"NEVES, JOAO",4,8:41,76,56
125528,10/12/2025,BRA,CHI,481,REBOTE-OFENSIVO,LOCAL,3,"NASCIMENTO, MATHEUS",4,8:38,76,56
125528,10/12/2025,BRA,CHI,482,CANASTA-2P,LOCAL,25,"SOUZA, PEDRO",4,8:37,78,56
125528,10/12/2025,BRA,CHI,483,FALTA-COMETIDA,VISITANTE,8,"ECHEVERRIA, AGUSTIN",4,8:37,78,56
125528,10/12/2025,BRA,CHI,484,FALTA-RECIBIDA,LOCAL,25,"SOUZA, PEDRO",4,8:37,78,56
125528,10/12/2025,BRA,CHI,485,CAMBIO-JUGADOR-SALE,VISITANTE,8,"ECHEVERRIA, AGUSTIN",4,8:37,78,56
125528,10/12/2025,BRA,CHI,486,CAMBIO-JUGADOR-ENTRA,VISITANTE,3,"CASTRO, MATEO",4,8:37,78,56
125528,10/12/2025,BRA,CHI,487,CANASTA-1P,LOCAL,25,"SOUZA, PEDRO",4,8:37,79,56
125528,10/12/2025,BRA,CHI,488,PERDIDA,VISITANTE,9,"STUARDO, PEDRO",4,8:22,79,56
125528,10/12/2025,BRA,CHI,489,TIRO2-FALLADO,LOCAL,25,"SOUZA, PEDRO",4,8:14,79,56
125528,10/12/2025,BRA,CHI,490,REBOTE-DEFENSIVO,VISITANTE,,,4,8:11,79,56
125528,10/12/2025,BRA,CHI,491,CANASTA-2P,VISITANTE,9,"STUARDO, PEDRO",4,7:52,79,58
125528,10/12/2025,BRA,CHI,492,ASISTENCIA,VISITANTE,3,"CASTRO, MATEO",4,7:52,79,58
125528,10/12/2025,BRA,CHI,493,TIRO2-FALLADO,LOCAL,33,"FERREIRA, CRISTIAN",4,7:44,79,58
125528,10/12/2025,BRA,CHI,494,TAPON-COMETIDO,VISITANTE,3,"CASTRO, MATEO",4,7:44,79,58
125528,10/12/2025,BRA,CHI,495,REBOTE-DEFENSIVO,VISITANTE,7,"PINO, TOMAS",4,7:38,79,58
125528,10/12/2025,BRA,CHI,496,TIRO3-FALLADO,VISITANTE,4,"HITSCHFELD, MATHIAS",4,7:36,79,58
125528,10/12/2025,BRA,CHI,497,REBOTE-OFENSIVO,VISITANTE,3,"CASTRO, MATEO",4,7:33,79,58
125528,10/12/2025,BRA,CHI,498,TIRO2-FALLADO,VISITANTE,7,"PINO, TOMAS",4,7:20,79,58
125528,10/12/2025,BRA,CHI,499,TAPON-COMETIDO,LOCAL,33,"FERREIRA, CRISTIAN",4,7:20,79,58
125528,10/12/2025,BRA,CHI,500,REBOTE-OFENSIVO,VISITANTE,,,4,7:19,79,58
125528,10/12/2025,BRA,CHI,501,TIEMPO-MUERTO-SOLICITADO,VISITANTE,,,4,7:19,79,58
125528,10/12/2025,BRA,CHI,502,TIRO3-FALLADO,VISITANTE,1,"PACHANO, GABRIEL",4,7:15,79,58
125528,10/12/2025,BRA,CHI,503,REBOTE-DEFENSIVO,LOCAL,25,"SOUZA, PEDRO",4,7:12,79,58
125528,10/12/2025,BRA,CHI,504,PERDIDA,LOCAL,25,"SOUZA, PEDRO",4,7:11,79,58
125528,10/12/2025,BRA,CHI,505,RECUPERACION,VISITANTE,4,"HITSCHFELD, MATHIAS",4,7:11,79,58
125528,10/12/2025,BRA,CHI,506,CANASTA-2P,VISITANTE,1,"PACHANO, GABRIEL",4,7:06,79,60
125528,10/12/2025,BRA,CHI,507,ASISTENCIA,VISITANTE,7,"PINO, TOMAS",4,7:06,79,60
125528,10/12/2025,BRA,CHI,508,CANASTA-2P,LOCAL,14,"NEVES, JOAO",4,6:57,81,60
125528,10/12/2025,BRA,CHI,509,FALTA-COMETIDA,LOCAL,3,"NASCIMENTO, MATHEUS",4,6:38,81,60
125528,10/12/2025,BRA,CHI,510,FALTA-RECIBIDA,VISITANTE,4,"HITSCHFELD, MATHIAS",4,6:38,81,60
125528,10/12/2025,BRA,CHI,511,CAMBIO-JUGADOR-SALE,LOCAL,25,"SOUZA, PEDRO",4,6:38,81,60
125528,10/12/2025,BRA,CHI,512,CAMBIO-JUGADOR-ENTRA,LOCAL,10,"MELO, PIETRO",4,6:38,81,60
125528,10/12/2025,BRA,CHI,513,TIRO1-FALLADO,VISITANTE,4,"HITSCHFELD, MATHIAS",4,6:38,81,60
125528,10/12/2025,BRA,CHI,514,CANASTA-1P,VISITANTE,4,"HITSCHFELD, MATHIAS",4,6:38,81,61
125528,10/12/2025,BRA,CHI,515,ASISTENCIA,VISITANTE,9,"STUARDO, PEDRO",4,6:38,81,61
125528,10/12/2025,BRA,CHI,516,TIRO3-FALLADO,LOCAL,8,"FERNANDES, JOAO GABRIEL",4,6:22,81,61
125528,10/12/2025,BRA,CHI,517,REBOTE-DEFENSIVO,VISITANTE,3,"CASTRO, MATEO",4,6:19,81,61
125528,10/12/2025,BRA,CHI,518,TIRO3-FALLADO,VISITANTE,1,"PACHANO, GABRIEL",4,6:14,81,61
125528,10/12/2025,BRA,CHI,519,REBOTE-DEFENSIVO,LOCAL,14,"NEVES, JOAO",4,6:11,81,61
125528,10/12/2025,BRA,CHI,520,TIRO3-FALLADO,LOCAL,3,"NASCIMENTO, MATHEUS",4,6:03,81,61
125528,10/12/2025,BRA,CHI,521,REBOTE-OFENSIVO,LOCAL,33,"FERREIRA, CRISTIAN",4,6:01,81,61
125528,10/12/2025,BRA,CHI,522,TIRO3-FALLADO,LOCAL,10,"MELO, PIETRO",4,5:59,81,61
125528,10/12/2025,BRA,CHI,523,REBOTE-DEFENSIVO,VISITANTE,,,4,5:59,81,61
125528,10/12/2025,BRA,CHI,524,CAMBIO-JUGADOR-SALE,LOCAL,8,"FERNANDES, JOAO GABRIEL",4,5:59,81,61
125528,10/12/2025,BRA,CHI,525,CAMBIO-JUGADOR-ENTRA,LOCAL,45,"SANTOS, ISAIAH",4,5:59,81,61
125528,10/12/2025,BRA,CHI,526,CAMBIO-JUGADOR-SALE,VISITANTE,4,"HITSCHFELD, MATHIAS",4,5:59,81,61
125528,10/12/2025,BRA,CHI,527,CAMBIO-JUGADOR-ENTRA,VISITANTE,10,"SARAVIA, FRANCISCO",4,5:59,81,61
125528,10/12/2025,BRA,CHI,528,TIRO3-FALLADO,VISITANTE,3,"CASTRO, MATEO",4,5:37,81,61
125528,10/12/2025,BRA,CHI,529,REBOTE-DEFENSIVO,LOCAL,14,"NEVES, JOAO",4,5:34,81,61
125528,10/12/2025,BRA,CHI,530,CANASTA-2P,LOCAL,33,"FERREIRA, CRISTIAN",4,5:32,83,61
125528,10/12/2025,BRA,CHI,531,ASISTENCIA,LOCAL,3,"NASCIMENTO, MATHEUS",4,5:32,83,61
125528,10/12/2025,BRA,CHI,532,CANASTA-3P,VISITANTE,1,"PACHANO, GABRIEL",4,5:08,83,64
125528,10/12/2025,BRA,CHI,533,ASISTENCIA,VISITANTE,3,"CASTRO, MATEO",4,5:08,83,64
125528,10/12/2025,BRA,CHI,534,TIRO3-FALLADO,LOCAL,3,"NASCIMENTO, MATHEUS",4,4:46,83,64
125528,10/12/2025,BRA,CHI,535,REBOTE-OFENSIVO,LOCAL,14,"NEVES, JOAO",4,4:43,83,64
125528,10/12/2025,BRA,CHI,536,TIRO3-FALLADO,LOCAL,10,"MELO, PIETRO",4,4:41,83,64
125528,10/12/2025,BRA,CHI,537,REBOTE-OFENSIVO,LOCAL,3,"NASCIMENTO, MATHEUS",4,4:39,83,64
125528,10/12/2025,BRA,CHI,538,CANASTA-3P,LOCAL,3,"NASCIMENTO, MATHEUS",4,4:34,86,64
125528,10/12/2025,BRA,CHI,539,ASISTENCIA,LOCAL,10,"MELO, PIETRO",4,4:34,86,64
125528,10/12/2025,BRA,CHI,540,CANASTA-3P,VISITANTE,7,"PINO, TOMAS",4,4:14,86,67
125528,10/12/2025,BRA,CHI,541,ASISTENCIA,VISITANTE,1,"PACHANO, GABRIEL",4,4:14,86,67
125528,10/12/2025,BRA,CHI,542,TIRO3-FALLADO,LOCAL,14,"NEVES, JOAO",4,4:05,86,67
125528,10/12/2025,BRA,CHI,543,REBOTE-OFENSIVO,LOCAL,33,"FERREIRA, CRISTIAN",4,4:03,86,67
125528,10/12/2025,BRA,CHI,544,FALTA-COMETIDA,VISITANTE,3,"CASTRO, MATEO",4,4:00,86,67
125528,10/12/2025,BRA,CHI,545,FALTA-RECIBIDA,LOCAL,10,"MELO, PIETRO",4,4:00,86,67
125528,10/12/2025,BRA,CHI,546,CAMBIO-JUGADOR-SALE,LOCAL,14,"NEVES, JOAO",4,4:00,86,67
125528,10/12/2025,BRA,CHI,547,CAMBIO-JUGADOR-ENTRA,LOCAL,50,"SANTOS, EDUARDO",4,4:00,86,67
125528,10/12/2025,BRA,CHI,548,CAMBIO-JUGADOR-SALE,VISITANTE,7,"PINO, TOMAS",4,4:00,86,67
125528,10/12/2025,BRA,CHI,549,CAMBIO-JUGADOR-SALE,VISITANTE,9,"STUARDO, PEDRO",4,4:00,86,67
125528,10/12/2025,BRA,CHI,550,CAMBIO-JUGADOR-ENTRA,VISITANTE,15,"VELÁSQUEZ, MATEO",4,4:00,86,67
125528,10/12/2025,BRA,CHI,551,CAMBIO-JUGADOR-ENTRA,VISITANTE,17,"QUEZADA, MAXIMILIANO",4,4:00,86,67
125528,10/12/2025,BRA,CHI,552,CANASTA-1P,LOCAL,10,"MELO, PIETRO",4,4:00,87,67
125528,10/12/2025,BRA,CHI,553,ASISTENCIA,LOCAL,33,"FERREIRA, CRISTIAN",4,4:00,87,67
125528,10/12/2025,BRA,CHI,554,TIRO1-FALLADO,LOCAL,10,"MELO, PIETRO",4,4:00,87,67
125528,10/12/2025,BRA,CHI,555,REBOTE-DEFENSIVO,VISITANTE,15,"VELÁSQUEZ, MATEO",4,4:00,87,67
125528,10/12/2025,BRA,CHI,556,TIEMPO-MUERTO-SOLICITADO,VISITANTE,,,4,3:36,87,67
125528,10/12/2025,BRA,CHI,557,CAMBIO-JUGADOR-SALE,LOCAL,33,"FERREIRA, CRISTIAN",4,3:36,87,67
125528,10/12/2025,BRA,CHI,558,CAMBIO-JUGADOR-ENTRA,LOCAL,99,"DE RINALDE, JOÃO MARCELO",4,3:36,87,67
125528,10/12/2025,BRA,CHI,559,CAMBIO-JUGADOR-SALE,VISITANTE,3,"CASTRO, MATEO",4,3:36,87,67
125528,10/12/2025,BRA,CHI,560,CAMBIO-JUGADOR-ENTRA,VISITANTE,2,"LA RIVERA, TOMAS",4,3:36,87,67
125528,10/12/2025,BRA,CHI,561,TIRO2-FALLADO,LOCAL,45,"SANTOS, ISAIAH",4,3:32,87,67
125528,10/12/2025,BRA,CHI,562,REBOTE-DEFENSIVO,VISITANTE,2,"LA RIVERA, TOMAS",4,3:29,87,67
125528,10/12/2025,BRA,CHI,563,CANASTA-2P,VISITANTE,1,"PACHANO, GABRIEL",4,3:25,87,69
125528,10/12/2025,BRA,CHI,564,ASISTENCIA,VISITANTE,10,"SARAVIA, FRANCISCO",4,3:25,87,69
125528,10/12/2025,BRA,CHI,565,TIRO3-FALLADO,LOCAL,3,"NASCIMENTO, MATHEUS",4,3:06,87,69
125528,10/12/2025,BRA,CHI,566,REBOTE-OFENSIVO,LOCAL,50,"SANTOS, EDUARDO",4,3:02,87,69
125528,10/12/2025,BRA,CHI,567,CANASTA-2P,LOCAL,50,"SANTOS, EDUARDO",4,3:02,89,69
125528,10/12/2025,BRA,CHI,568,TIRO2-FALLADO,VISITANTE,1,"PACHANO, GABRIEL",4,2:48,89,69
125528,10/12/2025,BRA,CHI,569,REBOTE-DEFENSIVO,LOCAL,99,"DE RINALDE, JOÃO MARCELO",4,2:46,89,69
125528,10/12/2025,BRA,CHI,570,CANASTA-2P,LOCAL,50,"SANTOS, EDUARDO",4,2:42,91,69
125528,10/12/2025,BRA,CHI,571,ASISTENCIA,LOCAL,3,"NASCIMENTO, MATHEUS",4,2:42,91,69
125528,10/12/2025,BRA,CHI,572,TIEMPO-MUERTO-SOLICITADO,VISITANTE,,,4,2:41,91,69
125528,10/12/2025,BRA,CHI,573,CAMBIO-JUGADOR-SALE,LOCAL,3,"NASCIMENTO, MATHEUS",4,2:41,91,69
125528,10/12/2025,BRA,CHI,574,CAMBIO-JUGADOR-SALE,LOCAL,10,"MELO, PIETRO",4,2:41,91,69
125528,10/12/2025,BRA,CHI,575,CAMBIO-JUGADOR-ENTRA,LOCAL,2,"MATHIAS, CAIO",4,2:41,91,69
125528,10/12/2025,BRA,CHI,576,CAMBIO-JUGADOR-ENTRA,LOCAL,11,"BANDIERA, JOÃO",4,2:41,91,69
125528,10/12/2025,BRA,CHI,577,CAMBIO-JUGADOR-SALE,VISITANTE,1,"PACHANO, GABRIEL",4,2:41,91,69
125528,10/12/2025,BRA,CHI,578,CAMBIO-JUGADOR-SALE,VISITANTE,17,"QUEZADA, MAXIMILIANO",4,2:41,91,69
125528,10/12/2025,BRA,CHI,579,CAMBIO-JUGADOR-ENTRA,VISITANTE,0,"MUSRRI, LUIS",4,2:41,91,69
125528,10/12/2025,BRA,CHI,580,CAMBIO-JUGADOR-ENTRA,VISITANTE,7,"PINO, TOMAS",4,2:41,91,69
125528,10/12/2025,BRA,CHI,581,TIRO3-FALLADO,VISITANTE,15,"VELÁSQUEZ, MATEO",4,2:24,91,69
125528,10/12/2025,BRA,CHI,582,REBOTE-DEFENSIVO,LOCAL,,,4,2:23,91,69
125528,10/12/2025,BRA,CHI,583,CANASTA-3P,LOCAL,11,"BANDIERA, JOÃO",4,2:09,94,69
125528,10/12/2025,BRA,CHI,584,TIRO3-FALLADO,VISITANTE,0,"MUSRRI, LUIS",4,1:41,94,69
125528,10/12/2025,BRA,CHI,585,REBOTE-DEFENSIVO,LOCAL,11,"BANDIERA, JOÃO",4,1:38,94,69
125528,10/12/2025,BRA,CHI,586,CANASTA-2P,LOCAL,50,"SANTOS, EDUARDO",4,1:26,96,69
125528,10/12/2025,BRA,CHI,587,ASISTENCIA,LOCAL,45,"SANTOS, ISAIAH",4,1:26,96,69
125528,10/12/2025,BRA,CHI,588,FALTA-COMETIDA,VISITANTE,15,"VELÁSQUEZ, MATEO",4,1:26,96,69
125528,10/12/2025,BRA,CHI,589,FALTA-RECIBIDA,LOCAL,50,"SANTOS, EDUARDO",4,1:26,96,69
125528,10/12/2025,BRA,CHI,590,CANASTA-1P,LOCAL,50,"SANTOS, EDUARDO",4,1:26,97,69
125528,10/12/2025,BRA,CHI,591,TIRO3-FALLADO,VISITANTE,10,"SARAVIA, FRANCISCO",4,1:00,97,69
125528,10/12/2025,BRA,CHI,592,REBOTE-OFENSIVO,VISITANTE,15,"VELÁSQUEZ, MATEO",4,0:57,97,69
125528,10/12/2025,BRA,CHI,593,TIRO2-FALLADO,VISITANTE,15,"VELÁSQUEZ, MATEO",4,0:56,97,69
125528,10/12/2025,BRA,CHI,594,REBOTE-DEFENSIVO,LOCAL,2,"MATHIAS, CAIO",4,0:54,97,69
125528,10/12/2025,BRA,CHI,595,PERDIDA,LOCAL,2,"MATHIAS, CAIO",4,0:54,97,69
125528,10/12/2025,BRA,CHI,596,CAMBIO-JUGADOR-SALE,VISITANTE,7,"PINO, TOMAS",4,0:54,97,69
125528,10/12/2025,BRA,CHI,597,CAMBIO-JUGADOR-ENTRA,VISITANTE,17,"QUEZADA, MAXIMILIANO",4,0:54,97,69
125528,10/12/2025,BRA,CHI,598,PERDIDA,VISITANTE,0,"MUSRRI, LUIS",4,0:43,97,69
125528,10/12/2025,BRA,CHI,599,RECUPERACION,LOCAL,2,"MATHIAS, CAIO",4,0:43,97,69
125528,10/12/2025,BRA,CHI,600,CANASTA-2P,LOCAL,45,"SANTOS, ISAIAH",4,0:38,99,69
125528,10/12/2025,BRA,CHI,601,ASISTENCIA,LOCAL,2,"MATHIAS, CAIO",4,0:38,99,69
125528,10/12/2025,BRA,CHI,602,FALTA-COMETIDA,LOCAL,50,"SANTOS, EDUARDO",4,0:32,99,69
125528,10/12/2025,BRA,CHI,603,FALTA-RECIBIDA,VISITANTE,0,"MUSRRI, LUIS",4,0:32,99,69
125528,10/12/2025,BRA,CHI,604,CAMBIO-JUGADOR-SALE,LOCAL,50,"SANTOS, EDUARDO",4,0:32,99,69
125528,10/12/2025,BRA,CHI,605,CAMBIO-JUGADOR-ENTRA,LOCAL,8,"FERNANDES, JOAO GABRIEL",4,0:32,99,69
125528,10/12/2025,BRA,CHI,606,TIRO1-FALLADO,VISITANTE,0,"MUSRRI, LUIS",4,0:32,99,69
125528,10/12/2025,BRA,CHI,607,CANASTA-1P,VISITANTE,0,"MUSRRI, LUIS",4,0:32,99,70
125528,10/12/2025,BRA,CHI,608,ASISTENCIA,VISITANTE,10,"SARAVIA, FRANCISCO",4,0:32,99,70
125528,10/12/2025,BRA,CHI,609,TIRO2-FALLADO,LOCAL,11,"BANDIERA, JOÃO",4,0:17,99,70
125528,10/12/2025,BRA,CHI,610,REBOTE-OFENSIVO,LOCAL,99,"DE RINALDE, JOÃO MARCELO",4,0:14,99,70
125528,10/12/2025,BRA,CHI,611,TIRO2-FALLADO,LOCAL,99,"DE RINALDE, JOÃO MARCELO",4,0:13,99,70
125528,10/12/2025,BRA,CHI,612,TAPON-COMETIDO,VISITANTE,17,"QUEZADA, MAXIMILIANO",4,0:13,99,70
125528,10/12/2025,BRA,CHI,613,REBOTE-OFENSIVO,LOCAL,45,"SANTOS, ISAIAH",4,0:09,99,70
125528,10/12/2025,BRA,CHI,614,JUMP-BALL,LOCAL,,,4,0:09,99,70
125528,10/12/2025,BRA,CHI,615,TIRO3-FALLADO,LOCAL,45,"SANTOS, ISAIAH",4,0:09,99,70
125528,10/12/2025,BRA,CHI,616,REBOTE-DEFENSIVO,VISITANTE,15,"VELÁSQUEZ, MATEO",4,0:09,99,70
125528,10/12/2025,BRA,CHI,617,TIRO3-FALLADO,VISITANTE,2,"LA RIVERA, TOMAS",4,0:04,99,70
125528,10/12/2025,BRA,CHI,618,REBOTE-DEFENSIVO,LOCAL,11,"BANDIERA, JOÃO",4,0:01,99,70
125528,10/12/2025,BRA,CHI,619,FINAL-PERIODO,,,,4,0:00,99,70
125528,10/12/2025,BRA,CHI,620,FINAL-PARTIDO,,,,4,0:00,99,70
125529,11/12/2025,CHI,PAR,0,INICIO-PARTIDO,,,,1,10:00,0,0
125529,11/12/2025,CHI,PAR,1,INICIO-PERIODO,,,,1,10:00,0,0
125529,11/12/2025,CHI,PAR,2,CAMBIO-JUGADOR-ENTRA,LOCAL,1,"PACHANO, GABRIEL",1,10:00,0,0
125529,11/12/2025,CHI,PAR,3,CAMBIO-JUGADOR-ENTRA,LOCAL,3,"CASTRO, MATEO",1,10:00,0,0
125529,11/12/2025,CHI,PAR,4,CAMBIO-JUGADOR-ENTRA,LOCAL,9,"STUARDO, PEDRO",1,10:00,0,0
125529,11/12/2025,CHI,PAR,5,CAMBIO-JUGADOR-ENTRA,LOCAL,10,"SARAVIA, FRANCISCO",1,10:00,0,0
125529,11/12/2025,CHI,PAR,6,CAMBIO-JUGADOR-ENTRA,LOCAL,17,"QUEZADA, MAXIMILIANO",1,10:00,0,0
125529,11/12/2025,CHI,PAR,7,CAMBIO-JUGADOR-ENTRA,VISITANTE,3,"RADICE, ROBERTO",1,10:00,0,0
125529,11/12/2025,CHI,PAR,8,CAMBIO-JUGADOR-ENTRA,VISITANTE,5,"VERA, LUIS",1,10:00,0,0
125529,11/12/2025,CHI,PAR,9,CAMBIO-JUGADOR-ENTRA,VISITANTE,6,"TALAVERA, ALEJANDRO",1,10:00,0,0
125529,11/12/2025,CHI,PAR,10,CAMBIO-JUGADOR-ENTRA,VISITANTE,14,"ESCURRA, MAURICIO",1,10:00,0,0
125529,11/12/2025,CHI,PAR,11,CAMBIO-JUGADOR-ENTRA,VISITANTE,21,"GONZALEZ, NESTOR",1,10:00,0,0
125529,11/12/2025,CHI,PAR,12,JUMP-BALL,,,,1,10:00,0,0
125529,11/12/2025,CHI,PAR,13,JUMP-BALL,LOCAL,17,"QUEZADA, MAXIMILIANO",1,9:58,0,0
125529,11/12/2025,CHI,PAR,14,JUMP-BALL,VISITANTE,21,"GONZALEZ, NESTOR",1,9:58,0,0
125529,11/12/2025,CHI,PAR,15,PERDIDA,LOCAL,17,"QUEZADA, MAXIMILIANO",1,9:55,0,0
125529,11/12/2025,CHI,PAR,16,CANASTA-2P,VISITANTE,6,"TALAVERA, ALEJANDRO",1,9:46,0,2
125529,11/12/2025,CHI,PAR,17,CANASTA-2P,LOCAL,1,"PACHANO, GABRIEL",1,9:37,2,2
125529,11/12/2025,CHI,PAR,18,TIRO2-FALLADO,VISITANTE,21,"GONZALEZ, NESTOR",1,9:22,2,2
125529,11/12/2025,CHI,PAR,19,REBOTE-DEFENSIVO,LOCAL,3,"CASTRO, MATEO",1,9:18,2,2
125529,11/12/2025,CHI,PAR,20,FALTA-COMETIDA,VISITANTE,14,"ESCURRA, MAURICIO",1,8:59,2,2
125529,11/12/2025,CHI,PAR,21,FALTA-RECIBIDA,LOCAL,10,"SARAVIA, FRANCISCO",1,8:59,2,2
125529,11/12/2025,CHI,PAR,22,CANASTA-1P,LOCAL,10,"SARAVIA, FRANCISCO",1,8:59,3,2
125529,11/12/2025,CHI,PAR,23,ASISTENCIA,LOCAL,1,"PACHANO, GABRIEL",1,8:59,3,2
125529,11/12/2025,CHI,PAR,24,CANASTA-1P,LOCAL,10,"SARAVIA, FRANCISCO",1,8:59,4,2
125529,11/12/2025,CHI,PAR,25,PERDIDA,VISITANTE,14,"ESCURRA, MAURICIO",1,8:42,4,2
125529,11/12/2025,CHI,PAR,26,RECUPERACION,LOCAL,9,"STUARDO, PEDRO",1,8:42,4,2
125529,11/12/2025,CHI,PAR,27,CANASTA-3P,LOCAL,1,"PACHANO, GABRIEL",1,8:35,7,2
125529,11/12/2025,CHI,PAR,28,ASISTENCIA,LOCAL,3,"CASTRO, MATEO",1,8:35,7,2
125529,11/12/2025,CHI,PAR,29,TIRO2-FALLADO,VISITANTE,21,"GONZALEZ, NESTOR",1,8:22,7,2
125529,11/12/2025,CHI,PAR,30,TAPON-COMETIDO,LOCAL,3,"CASTRO, MATEO",1,8:22,7,2
125529,11/12/2025,CHI,PAR,31,REBOTE-DEFENSIVO,LOCAL,10,"SARAVIA, FRANCISCO",1,8:14,7,2
125529,11/12/2025,CHI,PAR,32,FALTA-COMETIDA,VISITANTE,3,"RADICE, ROBERTO",1,8:13,7,2
125529,11/12/2025,CHI,PAR,33,FALTA-RECIBIDA,LOCAL,10,"SARAVIA, FRANCISCO",1,8:13,7,2
125529,11/12/2025,CHI,PAR,34,CANASTA-2P,LOCAL,1,"PACHANO, GABRIEL",1,8:06,9,2
125529,11/12/2025,CHI,PAR,35,TIEMPO-MUERTO-SOLICITADO,VISITANTE,,,1,8:03,9,2
125529,11/12/2025,CHI,PAR,36,TIRO2-FALLADO,VISITANTE,21,"GONZALEZ, NESTOR",1,7:45,9,2
125529,11/12/2025,CHI,PAR,37,REBOTE-DEFENSIVO,LOCAL,9,"STUARDO, PEDRO",1,7:42,9,2
125529,11/12/2025,CHI,PAR,38,TIRO3-FALLADO,LOCAL,3,"CASTRO, MATEO",1,7:34,9,2
125529,11/12/2025,CHI,PAR,39,REBOTE-DEFENSIVO,VISITANTE,14,"ESCURRA, MAURICIO",1,7:30,9,2
125529,11/12/2025,CHI,PAR,40,CANASTA-2P,VISITANTE,14,"ESCURRA, MAURICIO",1,7:21,9,4
125529,11/12/2025,CHI,PAR,41,FALTA-COMETIDA,LOCAL,3,"CASTRO, MATEO",1,7:21,9,4
125529,11/12/2025,CHI,PAR,42,FALTA-RECIBIDA,VISITANTE,14,"ESCURRA, MAURICIO",1,7:21,9,4
125529,11/12/2025,CHI,PAR,43,CANASTA-1P,VISITANTE,14,"ESCURRA, MAURICIO",1,7:21,9,5
125529,11/12/2025,CHI,PAR,44,TIRO3-FALLADO,LOCAL,10,"SARAVIA, FRANCISCO",1,6:59,9,5
125529,11/12/2025,CHI,PAR,45,REBOTE-DEFENSIVO,VISITANTE,6,"TALAVERA, ALEJANDRO",1,6:57,9,5
125529,11/12/2025,CHI,PAR,46,CANASTA-3P,VISITANTE,6,"TALAVERA, ALEJANDRO",1,6:48,9,8
125529,11/12/2025,CHI,PAR,47,TIRO2-FALLADO,LOCAL,9,"STUARDO, PEDRO",1,6:24,9,8
125529,11/12/2025,CHI,PAR,48,REBOTE-OFENSIVO,LOCAL,3,"CASTRO, MATEO",1,6:18,9,8
125529,11/12/2025,CHI,PAR,49,CANASTA-2P,LOCAL,3,"CASTRO, MATEO",1,6:18,11,8
125529,11/12/2025,CHI,PAR,50,CANASTA-3P,VISITANTE,21,"GONZALEZ, NESTOR",1,6:06,11,11
125529,11/12/2025,CHI,PAR,51,CANASTA-2P,LOCAL,9,"STUARDO, PEDRO",1,5:44,13,11
125529,11/12/2025,CHI,PAR,52,FALTA-COMETIDA,VISITANTE,5,"VERA, LUIS",1,5:28,13,11
125529,11/12/2025,CHI,PAR,53,PERDIDA,VISITANTE,5,"VERA, LUIS",1,5:28,13,11
125529,11/12/2025,CHI,PAR,54,FALTA-RECIBIDA,LOCAL,3,"CASTRO, MATEO",1,5:28,13,11
125529,11/12/2025,CHI,PAR,55,CAMBIO-JUGADOR-SALE,VISITANTE,5,"VERA, LUIS",1,5:28,13,11
125529,11/12/2025,CHI,PAR,56,CAMBIO-JUGADOR-ENTRA,VISITANTE,34,"GIMENEZ, MAXIMILIANO",1,5:28,13,11
125529,11/12/2025,CHI,PAR,57,TIRO2-FALLADO,LOCAL,10,"SARAVIA, FRANCISCO",1,5:10,13,11
125529,11/12/2025,CHI,PAR,58,REBOTE-DEFENSIVO,VISITANTE,14,"ESCURRA, MAURICIO",1,5:06,13,11
125529,11/12/2025,CHI,PAR,59,CANASTA-2P,VISITANTE,21,"GONZALEZ, NESTOR",1,4:57,13,13
125529,11/12/2025,CHI,PAR,60,ASISTENCIA,VISITANTE,6,"TALAVERA, ALEJANDRO",1,4:57,13,13
125529,11/12/2025,CHI,PAR,61,FALTA-COMETIDA,VISITANTE,21,"GONZALEZ, NESTOR",1,4:37,13,13
125529,11/12/2025,CHI,PAR,62,FALTA-RECIBIDA,LOCAL,9,"STUARDO, PEDRO",1,4:37,13,13
125529,11/12/2025,CHI,PAR,63,CAMBIO-JUGADOR-SALE,LOCAL,17,"QUEZADA, MAXIMILIANO",1,4:36,13,13
125529,11/12/2025,CHI,PAR,64,CAMBIO-JUGADOR-ENTRA,LOCAL,11,"DONOSO, PEDRO",1,4:36,13,13
125529,11/12/2025,CHI,PAR,65,TIRO1-FALLADO,LOCAL,9,"STUARDO, PEDRO",1,4:36,13,13
125529,11/12/2025,CHI,PAR,66,TIRO1-FALLADO,LOCAL,9,"STUARDO, PEDRO",1,4:36,13,13
125529,11/12/2025,CHI,PAR,67,REBOTE-DEFENSIVO,VISITANTE,21,"GONZALEZ, NESTOR",1,4:36,13,13
125529,11/12/2025,CHI,PAR,68,CANASTA-3P,VISITANTE,14,"ESCURRA, MAURICIO",1,4:20,13,16
125529,11/12/2025,CHI,PAR,69,ASISTENCIA,VISITANTE,21,"GONZALEZ, NESTOR",1,4:20,13,16
125529,11/12/2025,CHI,PAR,70,TIRO3-FALLADO,LOCAL,3,"CASTRO, MATEO",1,3:59,13,16
125529,11/12/2025,CHI,PAR,71,REBOTE-DEFENSIVO,VISITANTE,14,"ESCURRA, MAURICIO",1,3:53,13,16
125529,11/12/2025,CHI,PAR,72,JUMP-BALL,VISITANTE,,,1,3:53,13,16
125529,11/12/2025,CHI,PAR,73,CAMBIO-JUGADOR-SALE,LOCAL,1,"PACHANO, GABRIEL",1,3:53,13,16
125529,11/12/2025,CHI,PAR,74,CAMBIO-JUGADOR-SALE,LOCAL,10,"SARAVIA, FRANCISCO",1,3:53,13,16
125529,11/12/2025,CHI,PAR,75,CAMBIO-JUGADOR-ENTRA,LOCAL,0,"MUSRRI, LUIS",1,3:53,13,16
125529,11/12/2025,CHI,PAR,76,CAMBIO-JUGADOR-ENTRA,LOCAL,2,"LA RIVERA, TOMAS",1,3:53,13,16
125529,11/12/2025,CHI,PAR,77,CAMBIO-JUGADOR-SALE,VISITANTE,21,"GONZALEZ, NESTOR",1,3:53,13,16
125529,11/12/2025,CHI,PAR,78,CAMBIO-JUGADOR-ENTRA,VISITANTE,15,"HACHEN, RICHARD",1,3:53,13,16
125529,11/12/2025,CHI,PAR,79,PERDIDA,VISITANTE,14,"ESCURRA, MAURICIO",1,3:50,13,16
125529,11/12/2025,CHI,PAR,80,RECUPERACION,LOCAL,9,"STUARDO, PEDRO",1,3:50,13,16
125529,11/12/2025,CHI,PAR,81,TIRO2-FALLADO,LOCAL,9,"STUARDO, PEDRO",1,3:45,13,16
125529,11/12/2025,CHI,PAR,82,REBOTE-DEFENSIVO,VISITANTE,14,"ESCURRA, MAURICIO",1,3:43,13,16
125529,11/12/2025,CHI,PAR,83,FALTA-COMETIDA,LOCAL,3,"CASTRO, MATEO",1,3:36,13,16
125529,11/12/2025,CHI,PAR,84,FALTA-RECIBIDA,VISITANTE,14,"ESCURRA, MAURICIO",1,3:36,13,16
125529,11/12/2025,CHI,PAR,85,CAMBIO-JUGADOR-SALE,LOCAL,3,"CASTRO, MATEO",1,3:36,13,16
125529,11/12/2025,CHI,PAR,86,CAMBIO-JUGADOR-ENTRA,LOCAL,8,"ECHEVERRIA, AGUSTIN",1,3:36,13,16
125529,11/12/2025,CHI,PAR,87,CANASTA-1P,VISITANTE,14,"ESCURRA, MAURICIO",1,3:36,13,17
125529,11/12/2025,CHI,PAR,88,CANASTA-1P,VISITANTE,14,"ESCURRA, MAURICIO",1,3:36,13,18
125529,11/12/2025,CHI,PAR,89,TIRO2-FALLADO,LOCAL,0,"MUSRRI, LUIS",1,3:17,13,18
125529,11/12/2025,CHI,PAR,90,REBOTE-OFENSIVO,LOCAL,9,"STUARDO, PEDRO",1,3:13,13,18
125529,11/12/2025,CHI,PAR,91,CANASTA-2P,LOCAL,9,"STUARDO, PEDRO",1,3:12,15,18
125529,11/12/2025,CHI,PAR,92,PERDIDA,VISITANTE,6,"TALAVERA, ALEJANDRO",1,2:59,15,18
125529,11/12/2025,CHI,PAR,93,RECUPERACION,LOCAL,0,"MUSRRI, LUIS",1,2:59,15,18
125529,11/12/2025,CHI,PAR,94,TIRO3-FALLADO,LOCAL,2,"LA RIVERA, TOMAS",1,2:51,15,18
125529,11/12/2025,CHI,PAR,95,REBOTE-DEFENSIVO,VISITANTE,14,"ESCURRA, MAURICIO",1,2:47,15,18
125529,11/12/2025,CHI,PAR,96,FALTA-COMETIDA,VISITANTE,15,"HACHEN, RICHARD",1,2:31,15,18
125529,11/12/2025,CHI,PAR,97,PERDIDA,VISITANTE,15,"HACHEN, RICHARD",1,2:31,15,18
125529,11/12/2025,CHI,PAR,98,FALTA-RECIBIDA,LOCAL,0,"MUSRRI, LUIS",1,2:31,15,18
125529,11/12/2025,CHI,PAR,99,CAMBIO-JUGADOR-SALE,LOCAL,9,"STUARDO, PEDRO",1,2:31,15,18
125529,11/12/2025,CHI,PAR,100,CAMBIO-JUGADOR-ENTRA,LOCAL,15,"VELÁSQUEZ, MATEO",1,2:31,15,18
125529,11/12/2025,CHI,PAR,101,CAMBIO-JUGADOR-SALE,VISITANTE,6,"TALAVERA, ALEJANDRO",1,2:31,15,18
125529,11/12/2025,CHI,PAR,102,CAMBIO-JUGADOR-ENTRA,VISITANTE,9,"VAZQUEZ, JUAN",1,2:31,15,18
125529,11/12/2025,CHI,PAR,103,PERDIDA,LOCAL,0,"MUSRRI, LUIS",1,2:21,15,18
125529,11/12/2025,CHI,PAR,104,TIRO2-FALLADO,VISITANTE,14,"ESCURRA, MAURICIO",1,2:10,15,18
125529,11/12/2025,CHI,PAR,105,REBOTE-OFENSIVO,VISITANTE,15,"HACHEN, RICHARD",1,2:07,15,18
125529,11/12/2025,CHI,PAR,106,TIRO3-FALLADO,VISITANTE,3,"RADICE, ROBERTO",1,2:05,15,18
125529,11/12/2025,CHI,PAR,107,REBOTE-DEFENSIVO,LOCAL,8,"ECHEVERRIA, AGUSTIN",1,2:01,15,18
125529,11/12/2025,CHI,PAR,108,TIRO3-FALLADO,LOCAL,8,"ECHEVERRIA, AGUSTIN",1,1:39,15,18
125529,11/12/2025,CHI,PAR,109,TIEMPO-MUERTO-SOLICITADO,LOCAL,,,1,1:37,15,18
125529,11/12/2025,CHI,PAR,110,CAMBIO-JUGADOR-SALE,LOCAL,11,"DONOSO, PEDRO",1,1:37,15,18
125529,11/12/2025,CHI,PAR,111,CAMBIO-JUGADOR-ENTRA,LOCAL,7,"PINO, TOMAS",1,1:37,15,18
125529,11/12/2025,CHI,PAR,112,CAMBIO-JUGADOR-SALE,VISITANTE,3,"RADICE, ROBERTO",1,1:37,15,18
125529,11/12/2025,CHI,PAR,113,CAMBIO-JUGADOR-ENTRA,VISITANTE,81,"CUELLAR, EZEQUIEL",1,1:37,15,18
125529,11/12/2025,CHI,PAR,114,FALTA-COMETIDA,LOCAL,2,"LA RIVERA, TOMAS",1,1:24,15,18
125529,11/12/2025,CHI,PAR,115,FALTA-RECIBIDA,VISITANTE,15,"HACHEN, RICHARD",1,1:24,15,18
125529,11/12/2025,CHI,PAR,116,TIRO1-FALLADO,VISITANTE,15,"HACHEN, RICHARD",1,1:24,15,18
125529,11/12/2025,CHI,PAR,117,CANASTA-1P,VISITANTE,15,"HACHEN, RICHARD",1,1:24,15,19
125529,11/12/2025,CHI,PAR,118,ASISTENCIA,VISITANTE,9,"VAZQUEZ, JUAN",1,1:24,15,19
125529,11/12/2025,CHI,PAR,119,PERDIDA,LOCAL,0,"MUSRRI, LUIS",1,1:00,15,19
125529,11/12/2025,CHI,PAR,120,RECUPERACION,VISITANTE,9,"VAZQUEZ, JUAN",1,1:00,15,19
125529,11/12/2025,CHI,PAR,121,CANASTA-2P,VISITANTE,9,"VAZQUEZ, JUAN",1,0:55,15,21
125529,11/12/2025,CHI,PAR,122,TIRO3-FALLADO,LOCAL,8,"ECHEVERRIA, AGUSTIN",1,0:32,15,21
125529,11/12/2025,CHI,PAR,123,REBOTE-DEFENSIVO,VISITANTE,34,"GIMENEZ, MAXIMILIANO",1,0:26,15,21
125529,11/12/2025,CHI,PAR,124,FALTA-COMETIDA,LOCAL,7,"PINO, TOMAS",1,0:16,15,21
125529,11/12/2025,CHI,PAR,125,FALTA-RECIBIDA,VISITANTE,34,"GIMENEZ, MAXIMILIANO",1,0:16,15,21
125529,11/12/2025,CHI,PAR,126,CAMBIO-JUGADOR-SALE,VISITANTE,15,"HACHEN, RICHARD",1,0:16,15,21
125529,11/12/2025,CHI,PAR,127,CAMBIO-JUGADOR-ENTRA,VISITANTE,21,"GONZALEZ, NESTOR",1,0:16,15,21
125529,11/12/2025,CHI,PAR,128,CAMBIO-JUGADOR-SALE,LOCAL,15,"VELÁSQUEZ, MATEO",1,0:16,15,21
125529,11/12/2025,CHI,PAR,129,CAMBIO-JUGADOR-ENTRA,LOCAL,17,"QUEZADA, MAXIMILIANO",1,0:16,15,21
125529,11/12/2025,CHI,PAR,130,FALTA-COMETIDA,LOCAL,7,"PINO, TOMAS",1,0:14,15,21
125529,11/12/2025,CHI,PAR,131,FALTA-RECIBIDA,VISITANTE,34,"GIMENEZ, MAXIMILIANO",1,0:14,15,21
125529,11/12/2025,CHI,PAR,132,CAMBIO-JUGADOR-SALE,LOCAL,7,"PINO, TOMAS",1,0:14,15,21
125529,11/12/2025,CHI,PAR,133,CAMBIO-JUGADOR-ENTRA,LOCAL,9,"STUARDO, PEDRO",1,0:14,15,21
125529,11/12/2025,CHI,PAR,134,CAMBIO-JUGADOR-SALE,VISITANTE,21,"GONZALEZ, NESTOR",1,0:14,15,21
125529,11/12/2025,CHI,PAR,135,CAMBIO-JUGADOR-ENTRA,VISITANTE,15,"HACHEN, RICHARD",1,0:14,15,21
125529,11/12/2025,CHI,PAR,136,TIRO1-FALLADO,VISITANTE,34,"GIMENEZ, MAXIMILIANO",1,0:14,15,21
125529,11/12/2025,CHI,PAR,137,TIRO1-FALLADO,VISITANTE,34,"GIMENEZ, MAXIMILIANO",1,0:14,15,21
125529,11/12/2025,CHI,PAR,138,REBOTE-OFENSIVO,VISITANTE,14,"ESCURRA, MAURICIO",1,0:14,15,21
125529,11/12/2025,CHI,PAR,139,FALTA-COMETIDA,LOCAL,17,"QUEZADA, MAXIMILIANO",1,0:10,15,21
125529,11/12/2025,CHI,PAR,140,FALTA-RECIBIDA,VISITANTE,14,"ESCURRA, MAURICIO",1,0:10,15,21
125529,11/12/2025,CHI,PAR,141,CAMBIO-JUGADOR-SALE,LOCAL,0,"MUSRRI, LUIS",1,0:10,15,21
125529,11/12/2025,CHI,PAR,142,CAMBIO-JUGADOR-ENTRA,LOCAL,10,"SARAVIA, FRANCISCO",1,0:10,15,21
125529,11/12/2025,CHI,PAR,143,CANASTA-1P,VISITANTE,14,"ESCURRA, MAURICIO",1,0:10,15,22
125529,11/12/2025,CHI,PAR,144,CANASTA-1P,VISITANTE,14,"ESCURRA, MAURICIO",1,0:10,15,23
125529,11/12/2025,CHI,PAR,145,PERDIDA,LOCAL,10,"SARAVIA, FRANCISCO",1,0:06,15,23
125529,11/12/2025,CHI,PAR,146,FINAL-PERIODO,,,,1,0:00,15,23
125529,11/12/2025,CHI,PAR,147,CAMBIO-JUGADOR-SALE,VISITANTE,15,"HACHEN, RICHARD",2,10:00,15,23
125529,11/12/2025,CHI,PAR,148,CAMBIO-JUGADOR-ENTRA,VISITANTE,21,"GONZALEZ, NESTOR",2,10:00,15,23
125529,11/12/2025,CHI,PAR,149,INICIO-PERIODO,,,,2,10:00,15,23
125529,11/12/2025,CHI,PAR,150,TIRO3-FALLADO,LOCAL,10,"SARAVIA, FRANCISCO",2,9:48,15,23
125529,11/12/2025,CHI,PAR,151,REBOTE-OFENSIVO,LOCAL,2,"LA RIVERA, TOMAS",2,9:45,15,23
125529,11/12/2025,CHI,PAR,152,PERDIDA,LOCAL,10,"SARAVIA, FRANCISCO",2,9:39,15,23
125529,11/12/2025,CHI,PAR,153,RECUPERACION,VISITANTE,14,"ESCURRA, MAURICIO",2,9:39,15,23
125529,11/12/2025,CHI,PAR,154,CANASTA-2P,VISITANTE,9,"VAZQUEZ, JUAN",2,9:33,15,25
125529,11/12/2025,CHI,PAR,155,ASISTENCIA,VISITANTE,14,"ESCURRA, MAURICIO",2,9:33,15,25
125529,11/12/2025,CHI,PAR,156,TIRO2-FALLADO,LOCAL,9,"STUARDO, PEDRO",2,9:09,15,25
125529,11/12/2025,CHI,PAR,157,REBOTE-DEFENSIVO,VISITANTE,14,"ESCURRA, MAURICIO",2,9:05,15,25
125529,11/12/2025,CHI,PAR,158,TIRO2-FALLADO,VISITANTE,21,"GONZALEZ, NESTOR",2,8:55,15,25
125529,11/12/2025,CHI,PAR,159,TAPON-COMETIDO,LOCAL,8,"ECHEVERRIA, AGUSTIN",2,8:55,15,25
125529,11/12/2025,CHI,PAR,160,REBOTE-DEFENSIVO,LOCAL,8,"ECHEVERRIA, AGUSTIN",2,8:49,15,25
125529,11/12/2025,CHI,PAR,161,TIRO2-FALLADO,LOCAL,8,"ECHEVERRIA, AGUSTIN",2,8:48,15,25
125529,11/12/2025,CHI,PAR,162,REBOTE-DEFENSIVO,VISITANTE,34,"GIMENEZ, MAXIMILIANO",2,8:42,15,25
125529,11/12/2025,CHI,PAR,163,TIRO2-FALLADO,VISITANTE,14,"ESCURRA, MAURICIO",2,8:28,15,25
125529,11/12/2025,CHI,PAR,164,TAPON-COMETIDO,LOCAL,17,"QUEZADA, MAXIMILIANO",2,8:28,15,25
125529,11/12/2025,CHI,PAR,165,REBOTE-DEFENSIVO,LOCAL,9,"STUARDO, PEDRO",2,8:23,15,25
125529,11/12/2025,CHI,PAR,166,FALTA-COMETIDA,VISITANTE,34,"GIMENEZ, MAXIMILIANO",2,8:23,15,25
125529,11/12/2025,CHI,PAR,167,FALTA-RECIBIDA,LOCAL,9,"STUARDO, PEDRO",2,8:23,15,25
125529,11/12/2025,CHI,PAR,168,CAMBIO-JUGADOR-SALE,VISITANTE,9,"VAZQUEZ, JUAN",2,8:23,15,25
125529,11/12/2025,CHI,PAR,169,CAMBIO-JUGADOR-SALE,VISITANTE,14,"ESCURRA, MAURICIO",2,8:23,15,25
125529,11/12/2025,CHI,PAR,170,CAMBIO-JUGADOR-SALE,VISITANTE,34,"GIMENEZ, MAXIMILIANO",2,8:23,15,25
125529,11/12/2025,CHI,PAR,171,CAMBIO-JUGADOR-ENTRA,VISITANTE,3,"RADICE, ROBERTO",2,8:23,15,25
125529,11/12/2025,CHI,PAR,172,CAMBIO-JUGADOR-ENTRA,VISITANTE,5,"VERA, LUIS",2,8:23,15,25
125529,11/12/2025,CHI,PAR,173,CAMBIO-JUGADOR-ENTRA,VISITANTE,6,"TALAVERA, ALEJANDRO",2,8:23,15,25
125529,11/12/2025,CHI,PAR,174,CANASTA-2P,LOCAL,8,"ECHEVERRIA, AGUSTIN",2,8:06,17,25
125529,11/12/2025,CHI,PAR,175,CANASTA-3P,VISITANTE,3,"RADICE, ROBERTO",2,7:50,17,28
125529,11/12/2025,CHI,PAR,176,ASISTENCIA,VISITANTE,6,"TALAVERA, ALEJANDRO",2,7:50,17,28
125529,11/12/2025,CHI,PAR,177,CANASTA-2P,LOCAL,10,"SARAVIA, FRANCISCO",2,7:41,19,28
125529,11/12/2025,CHI,PAR,178,FALTA-COMETIDA,VISITANTE,5,"VERA, LUIS",2,7:41,19,28
125529,11/12/2025,CHI,PAR,179,FALTA-RECIBIDA,LOCAL,10,"SARAVIA, FRANCISCO",2,7:41,19,28
125529,11/12/2025,CHI,PAR,180,CAMBIO-JUGADOR-SALE,LOCAL,8,"ECHEVERRIA, AGUSTIN",2,7:41,19,28
125529,11/12/2025,CHI,PAR,181,CAMBIO-JUGADOR-ENTRA,LOCAL,1,"PACHANO, GABRIEL",2,7:41,19,28
125529,11/12/2025,CHI,PAR,182,CANASTA-1P,LOCAL,10,"SARAVIA, FRANCISCO",2,7:41,20,28
125529,11/12/2025,CHI,PAR,183,TIRO3-FALLADO,VISITANTE,81,"CUELLAR, EZEQUIEL",2,7:30,20,28
125529,11/12/2025,CHI,PAR,184,REBOTE-OFENSIVO,VISITANTE,3,"RADICE, ROBERTO",2,7:24,20,28
125529,11/12/2025,CHI,PAR,185,FALTA-COMETIDA,LOCAL,1,"PACHANO, GABRIEL",2,7:24,20,28
125529,11/12/2025,CHI,PAR,186,FALTA-RECIBIDA,VISITANTE,3,"RADICE, ROBERTO",2,7:24,20,28
125529,11/12/2025,CHI,PAR,187,FALTA-COMETIDA,VISITANTE,3,"RADICE, ROBERTO",2,7:23,20,28
125529,11/12/2025,CHI,PAR,188,PERDIDA,VISITANTE,3,"RADICE, ROBERTO",2,7:23,20,28
125529,11/12/2025,CHI,PAR,189,FALTA-RECIBIDA,LOCAL,9,"STUARDO, PEDRO",2,7:23,20,28
125529,11/12/2025,CHI,PAR,190,CANASTA-3P,LOCAL,2,"LA RIVERA, TOMAS",2,7:06,23,28
125529,11/12/2025,CHI,PAR,191,ASISTENCIA,LOCAL,9,"STUARDO, PEDRO",2,7:06,23,28
125529,11/12/2025,CHI,PAR,192,TIRO2-FALLADO,VISITANTE,21,"GONZALEZ, NESTOR",2,6:54,23,28
125529,11/12/2025,CHI,PAR,193,REBOTE-DEFENSIVO,LOCAL,1,"PACHANO, GABRIEL",2,6:50,23,28
125529,11/12/2025,CHI,PAR,194,CANASTA-2P,LOCAL,10,"SARAVIA, FRANCISCO",2,6:45,25,28
125529,11/12/2025,CHI,PAR,195,ASISTENCIA,LOCAL,2,"LA RIVERA, TOMAS",2,6:45,25,28
125529,11/12/2025,CHI,PAR,196,TIEMPO-MUERTO-SOLICITADO,VISITANTE,,,2,6:44,25,28
125529,11/12/2025,CHI,PAR,197,TIRO2-FALLADO,VISITANTE,21,"GONZALEZ, NESTOR",2,6:21,25,28
125529,11/12/2025,CHI,PAR,198,REBOTE-DEFENSIVO,LOCAL,1,"PACHANO, GABRIEL",2,6:18,25,28
125529,11/12/2025,CHI,PAR,199,TIRO2-FALLADO,LOCAL,10,"SARAVIA, FRANCISCO",2,6:07,25,28
125529,11/12/2025,CHI,PAR,200,REBOTE-DEFENSIVO,VISITANTE,,,2,6:04,25,28
125529,11/12/2025,CHI,PAR,201,CAMBIO-JUGADOR-SALE,VISITANTE,81,"CUELLAR, EZEQUIEL",2,6:04,25,28
125529,11/12/2025,CHI,PAR,202,CAMBIO-JUGADOR-ENTRA,VISITANTE,14,"ESCURRA, MAURICIO",2,6:04,25,28
125529,11/12/2025,CHI,PAR,203,FALTA-COMETIDA,LOCAL,9,"STUARDO, PEDRO",2,6:00,25,28
125529,11/12/2025,CHI,PAR,204,FALTA-RECIBIDA,VISITANTE,14,"ESCURRA, MAURICIO",2,6:00,25,28
125529,11/12/2025,CHI,PAR,205,CANASTA-3P,VISITANTE,3,"RADICE, ROBERTO",2,5:55,25,31
125529,11/12/2025,CHI,PAR,206,CANASTA-2P,LOCAL,10,"SARAVIA, FRANCISCO",2,5:45,27,31
125529,11/12/2025,CHI,PAR,207,TIRO3-FALLADO,VISITANTE,5,"VERA, LUIS",2,5:39,27,31
125529,11/12/2025,CHI,PAR,208,REBOTE-OFENSIVO,VISITANTE,21,"GONZALEZ, NESTOR",2,5:34,27,31
125529,11/12/2025,CHI,PAR,209,CANASTA-2P,VISITANTE,21,"GONZALEZ, NESTOR",2,5:32,27,33
125529,11/12/2025,CHI,PAR,210,CANASTA-3P,LOCAL,1,"PACHANO, GABRIEL",2,5:09,30,33
125529,11/12/2025,CHI,PAR,211,ASISTENCIA,LOCAL,10,"SARAVIA, FRANCISCO",2,5:09,30,33
125529,11/12/2025,CHI,PAR,212,PERDIDA,VISITANTE,14,"ESCURRA, MAURICIO",2,4:53,30,33
125529,11/12/2025,CHI,PAR,213,RECUPERACION,LOCAL,10,"SARAVIA, FRANCISCO",2,4:53,30,33
125529,11/12/2025,CHI,PAR,214,FALTA-COMETIDA,VISITANTE,21,"GONZALEZ, NESTOR",2,4:50,30,33
125529,11/12/2025,CHI,PAR,215,FALTA-RECIBIDA,LOCAL,10,"SARAVIA, FRANCISCO",2,4:50,30,33
125529,11/12/2025,CHI,PAR,216,CANASTA-1P,LOCAL,10,"SARAVIA, FRANCISCO",2,4:50,31,33
125529,11/12/2025,CHI,PAR,217,CANASTA-1P,LOCAL,10,"SARAVIA, FRANCISCO",2,4:50,32,33
125529,11/12/2025,CHI,PAR,218,TIRO2-FALLADO,LOCAL,9,"STUARDO, PEDRO",2,4:38,32,33
125529,11/12/2025,CHI,PAR,219,REBOTE-DEFENSIVO,VISITANTE,14,"ESCURRA, MAURICIO",2,4:35,32,33
125529,11/12/2025,CHI,PAR,220,TIRO2-FALLADO,VISITANTE,5,"VERA, LUIS",2,4:32,32,33
125529,11/12/2025,CHI,PAR,221,REBOTE-DEFENSIVO,LOCAL,,,2,4:31,32,33
125529,11/12/2025,CHI,PAR,222,CANASTA-3P,LOCAL,2,"LA RIVERA, TOMAS",2,4:29,35,33
125529,11/12/2025,CHI,PAR,223,ASISTENCIA,LOCAL,10,"SARAVIA, FRANCISCO",2,4:29,35,33
125529,11/12/2025,CHI,PAR,224,CANASTA-2P,VISITANTE,6,"TALAVERA, ALEJANDRO",2,4:05,35,35
125529,11/12/2025,CHI,PAR,225,TIRO3-FALLADO,LOCAL,10,"SARAVIA, FRANCISCO",2,3:57,35,35
125529,11/12/2025,CHI,PAR,226,REBOTE-DEFENSIVO,VISITANTE,14,"ESCURRA, MAURICIO",2,3:54,35,35
125529,11/12/2025,CHI,PAR,227,TIRO3-FALLADO,VISITANTE,3,"RADICE, ROBERTO",2,3:46,35,35
125529,11/12/2025,CHI,PAR,228,REBOTE-OFENSIVO,VISITANTE,14,"ESCURRA, MAURICIO",2,3:41,35,35
125529,11/12/2025,CHI,PAR,229,PERDIDA,VISITANTE,14,"ESCURRA, MAURICIO",2,3:40,35,35
125529,11/12/2025,CHI,PAR,230,RECUPERACION,LOCAL,10,"SARAVIA, FRANCISCO",2,3:40,35,35
125529,11/12/2025,CHI,PAR,231,CANASTA-2P,LOCAL,1,"PACHANO, GABRIEL",2,3:37,37,35
125529,11/12/2025,CHI,PAR,232,ASISTENCIA,LOCAL,10,"SARAVIA, FRANCISCO",2,3:37,37,35
125529,11/12/2025,CHI,PAR,233,FALTA-COMETIDA,VISITANTE,6,"TALAVERA, ALEJANDRO",2,3:37,37,35
125529,11/12/2025,CHI,PAR,234,FALTA-RECIBIDA,LOCAL,1,"PACHANO, GABRIEL",2,3:37,37,35
125529,11/12/2025,CHI,PAR,235,CAMBIO-JUGADOR-SALE,LOCAL,2,"LA RIVERA, TOMAS",2,3:37,37,35
125529,11/12/2025,CHI,PAR,236,CAMBIO-JUGADOR-SALE,LOCAL,17,"QUEZADA, MAXIMILIANO",2,3:37,37,35
125529,11/12/2025,CHI,PAR,237,CAMBIO-JUGADOR-ENTRA,LOCAL,0,"MUSRRI, LUIS",2,3:37,37,35
125529,11/12/2025,CHI,PAR,238,CAMBIO-JUGADOR-ENTRA,LOCAL,11,"DONOSO, PEDRO",2,3:37,37,35
125529,11/12/2025,CHI,PAR,239,CANASTA-1P,LOCAL,1,"PACHANO, GABRIEL",2,3:37,38,35
125529,11/12/2025,CHI,PAR,240,TIRO2-FALLADO,VISITANTE,21,"GONZALEZ, NESTOR",2,3:18,38,35
125529,11/12/2025,CHI,PAR,241,REBOTE-OFENSIVO,VISITANTE,5,"VERA, LUIS",2,3:15,38,35
125529,11/12/2025,CHI,PAR,242,PERDIDA,VISITANTE,5,"VERA, LUIS",2,3:14,38,35
125529,11/12/2025,CHI,PAR,243,RECUPERACION,LOCAL,10,"SARAVIA, FRANCISCO",2,3:14,38,35
125529,11/12/2025,CHI,PAR,244,CANASTA-2P,LOCAL,0,"MUSRRI, LUIS",2,3:09,40,35
125529,11/12/2025,CHI,PAR,245,ASISTENCIA,LOCAL,9,"STUARDO, PEDRO",2,3:09,40,35
125529,11/12/2025,CHI,PAR,246,TIRO2-FALLADO,VISITANTE,6,"TALAVERA, ALEJANDRO",2,2:54,40,35
125529,11/12/2025,CHI,PAR,247,REBOTE-DEFENSIVO,LOCAL,10,"SARAVIA, FRANCISCO",2,2:50,40,35
125529,11/12/2025,CHI,PAR,248,CANASTA-2P,LOCAL,10,"SARAVIA, FRANCISCO",2,2:50,42,35
125529,11/12/2025,CHI,PAR,249,TIRO3-FALLADO,VISITANTE,6,"TALAVERA, ALEJANDRO",2,2:35,42,35
125529,11/12/2025,CHI,PAR,250,REBOTE-DEFENSIVO,LOCAL,10,"SARAVIA, FRANCISCO",2,2:32,42,35
125529,11/12/2025,CHI,PAR,251,CANASTA-2P,LOCAL,11,"DONOSO, PEDRO",2,2:22,44,35
125529,11/12/2025,CHI,PAR,252,ASISTENCIA,LOCAL,1,"PACHANO, GABRIEL",2,2:22,44,35
125529,11/12/2025,CHI,PAR,253,PERDIDA,VISITANTE,6,"TALAVERA, ALEJANDRO",2,2:04,44,35
125529,11/12/2025,CHI,PAR,254,RECUPERACION,LOCAL,11,"DONOSO, PEDRO",2,2:04,44,35
125529,11/12/2025,CHI,PAR,255,FALTA-COMETIDA,VISITANTE,6,"TALAVERA, ALEJANDRO",2,2:00,44,35
125529,11/12/2025,CHI,PAR,256,FALTA-RECIBIDA,LOCAL,10,"SARAVIA, FRANCISCO",2,2:00,44,35
125529,11/12/2025,CHI,PAR,257,CAMBIO-JUGADOR-SALE,LOCAL,9,"STUARDO, PEDRO",2,2:00,44,35
125529,11/12/2025,CHI,PAR,258,CAMBIO-JUGADOR-ENTRA,LOCAL,15,"VELÁSQUEZ, MATEO",2,2:00,44,35
125529,11/12/2025,CHI,PAR,259,CAMBIO-JUGADOR-SALE,VISITANTE,5,"VERA, LUIS",2,2:00,44,35
125529,11/12/2025,CHI,PAR,260,CAMBIO-JUGADOR-SALE,VISITANTE,6,"TALAVERA, ALEJANDRO",2,2:00,44,35
125529,11/12/2025,CHI,PAR,261,CAMBIO-JUGADOR-ENTRA,VISITANTE,9,"VAZQUEZ, JUAN",2,2:00,44,35
125529,11/12/2025,CHI,PAR,262,CAMBIO-JUGADOR-ENTRA,VISITANTE,34,"GIMENEZ, MAXIMILIANO",2,2:00,44,35
125529,11/12/2025,CHI,PAR,263,CANASTA-1P,LOCAL,10,"SARAVIA, FRANCISCO",2,2:00,45,35
125529,11/12/2025,CHI,PAR,264,CANASTA-1P,LOCAL,10,"SARAVIA, FRANCISCO",2,2:00,46,35
125529,11/12/2025,CHI,PAR,265,CAMBIO-JUGADOR-SALE,LOCAL,10,"SARAVIA, FRANCISCO",2,2:00,46,35
125529,11/12/2025,CHI,PAR,266,CAMBIO-JUGADOR-ENTRA,LOCAL,4,"HITSCHFELD, MATHIAS",2,2:00,46,35
125529,11/12/2025,CHI,PAR,267,FALTA-COMETIDA,LOCAL,15,"VELÁSQUEZ, MATEO",2,1:44,46,35
125529,11/12/2025,CHI,PAR,268,FALTA-RECIBIDA,VISITANTE,34,"GIMENEZ, MAXIMILIANO",2,1:44,46,35
125529,11/12/2025,CHI,PAR,269,TIRO1-FALLADO,VISITANTE,34,"GIMENEZ, MAXIMILIANO",2,1:44,46,35
125529,11/12/2025,CHI,PAR,270,TIRO1-FALLADO,VISITANTE,34,"GIMENEZ, MAXIMILIANO",2,1:44,46,35
125529,11/12/2025,CHI,PAR,271,REBOTE-DEFENSIVO,LOCAL,0,"MUSRRI, LUIS",2,1:44,46,35
125529,11/12/2025,CHI,PAR,272,CANASTA-3P,LOCAL,4,"HITSCHFELD, MATHIAS",2,1:34,49,35
125529,11/12/2025,CHI,PAR,273,ASISTENCIA,LOCAL,1,"PACHANO, GABRIEL",2,1:34,49,35
125529,11/12/2025,CHI,PAR,274,FALTA-COMETIDA,LOCAL,15,"VELÁSQUEZ, MATEO",2,1:21,49,35
125529,11/12/2025,CHI,PAR,275,FALTA-RECIBIDA,VISITANTE,14,"ESCURRA, MAURICIO",2,1:21,49,35
125529,11/12/2025,CHI,PAR,276,CANASTA-2P,VISITANTE,21,"GONZALEZ, NESTOR",2,1:21,49,37
125529,11/12/2025,CHI,PAR,277,ASISTENCIA,VISITANTE,34,"GIMENEZ, MAXIMILIANO",2,1:21,49,37
125529,11/12/2025,CHI,PAR,278,CANASTA-2P,LOCAL,15,"VELÁSQUEZ, MATEO",2,1:09,51,37
125529,11/12/2025,CHI,PAR,279,ASISTENCIA,LOCAL,0,"MUSRRI, LUIS",2,1:09,51,37
125529,11/12/2025,CHI,PAR,280,CANASTA-2P,VISITANTE,14,"ESCURRA, MAURICIO",2,0:57,51,39
125529,11/12/2025,CHI,PAR,281,ASISTENCIA,VISITANTE,9,"VAZQUEZ, JUAN",2,0:57,51,39
125529,11/12/2025,CHI,PAR,282,TIRO3-FALLADO,LOCAL,0,"MUSRRI, LUIS",2,0:45,51,39
125529,11/12/2025,CHI,PAR,283,REBOTE-DEFENSIVO,VISITANTE,,,2,0:40,51,39
125529,11/12/2025,CHI,PAR,284,PERDIDA,VISITANTE,14,"ESCURRA, MAURICIO",2,0:10,51,39
125529,11/12/2025,CHI,PAR,285,TIEMPO-MUERTO-SOLICITADO,LOCAL,,,2,0:10,51,39
125529,11/12/2025,CHI,PAR,286,CAMBIO-JUGADOR-SALE,LOCAL,4,"HITSCHFELD, MATHIAS",2,0:10,51,39
125529,11/12/2025,CHI,PAR,287,CAMBIO-JUGADOR-SALE,LOCAL,11,"DONOSO, PEDRO",2,0:10,51,39
125529,11/12/2025,CHI,PAR,288,CAMBIO-JUGADOR-ENTRA,LOCAL,2,"LA RIVERA, TOMAS",2,0:10,51,39
125529,11/12/2025,CHI,PAR,289,CAMBIO-JUGADOR-ENTRA,LOCAL,10,"SARAVIA, FRANCISCO",2,0:10,51,39
125529,11/12/2025,CHI,PAR,290,CAMBIO-JUGADOR-SALE,VISITANTE,21,"GONZALEZ, NESTOR",2,0:10,51,39
125529,11/12/2025,CHI,PAR,291,CAMBIO-JUGADOR-ENTRA,VISITANTE,7,"IRALA, MATEO",2,0:10,51,39
125529,11/12/2025,CHI,PAR,292,TIRO2-FALLADO,LOCAL,10,"SARAVIA, FRANCISCO",2,0:03,51,39
125529,11/12/2025,CHI,PAR,293,FINAL-PERIODO,,,,2,0:00,51,39
125529,11/12/2025,CHI,PAR,294,CAMBIO-JUGADOR-SALE,LOCAL,0,"MUSRRI, LUIS",3,10:00,51,39
125529,11/12/2025,CHI,PAR,295,CAMBIO-JUGADOR-SALE,LOCAL,2,"LA RIVERA, TOMAS",3,10:00,51,39
125529,11/12/2025,CHI,PAR,296,CAMBIO-JUGADOR-SALE,LOCAL,15,"VELÁSQUEZ, MATEO",3,10:00,51,39
125529,11/12/2025,CHI,PAR,297,CAMBIO-JUGADOR-ENTRA,LOCAL,3,"CASTRO, MATEO",3,10:00,51,39
125529,11/12/2025,CHI,PAR,298,CAMBIO-JUGADOR-ENTRA,LOCAL,9,"STUARDO, PEDRO",3,10:00,51,39
125529,11/12/2025,CHI,PAR,299,CAMBIO-JUGADOR-ENTRA,LOCAL,17,"QUEZADA, MAXIMILIANO",3,10:00,51,39
125529,11/12/2025,CHI,PAR,300,CAMBIO-JUGADOR-SALE,VISITANTE,7,"IRALA, MATEO",3,10:00,51,39
125529,11/12/2025,CHI,PAR,301,CAMBIO-JUGADOR-SALE,VISITANTE,9,"VAZQUEZ, JUAN",3,10:00,51,39
125529,11/12/2025,CHI,PAR,302,CAMBIO-JUGADOR-SALE,VISITANTE,34,"GIMENEZ, MAXIMILIANO",3,10:00,51,39
125529,11/12/2025,CHI,PAR,303,CAMBIO-JUGADOR-ENTRA,VISITANTE,5,"VERA, LUIS",3,10:00,51,39
125529,11/12/2025,CHI,PAR,304,CAMBIO-JUGADOR-ENTRA,VISITANTE,6,"TALAVERA, ALEJANDRO",3,10:00,51,39
125529,11/12/2025,CHI,PAR,305,CAMBIO-JUGADOR-ENTRA,VISITANTE,21,"GONZALEZ, NESTOR",3,10:00,51,39
125529,11/12/2025,CHI,PAR,306,INICIO-PERIODO,,,,3,10:00,51,39
125529,11/12/2025,CHI,PAR,307,CANASTA-3P,VISITANTE,14,"ESCURRA, MAURICIO",3,9:39,51,42
125529,11/12/2025,CHI,PAR,308,ASISTENCIA,VISITANTE,6,"TALAVERA, ALEJANDRO",3,9:39,51,42
125529,11/12/2025,CHI,PAR,309,TIRO2-FALLADO,LOCAL,3,"CASTRO, MATEO",3,9:13,51,42
125529,11/12/2025,CHI,PAR,310,TAPON-COMETIDO,VISITANTE,21,"GONZALEZ, NESTOR",3,9:13,51,42
125529,11/12/2025,CHI,PAR,311,REBOTE-DEFENSIVO,VISITANTE,21,"GONZALEZ, NESTOR",3,9:02,51,42
125529,11/12/2025,CHI,PAR,312,TIRO2-FALLADO,VISITANTE,6,"TALAVERA, ALEJANDRO",3,8:58,51,42
125529,11/12/2025,CHI,PAR,313,REBOTE-DEFENSIVO,LOCAL,3,"CASTRO, MATEO",3,8:55,51,42
125529,11/12/2025,CHI,PAR,314,CANASTA-2P,LOCAL,17,"QUEZADA, MAXIMILIANO",3,8:40,53,42
125529,11/12/2025,CHI,PAR,315,ASISTENCIA,LOCAL,10,"SARAVIA, FRANCISCO",3,8:40,53,42
125529,11/12/2025,CHI,PAR,316,TIRO2-FALLADO,VISITANTE,14,"ESCURRA, MAURICIO",3,8:16,53,42
125529,11/12/2025,CHI,PAR,317,TAPON-COMETIDO,LOCAL,17,"QUEZADA, MAXIMILIANO",3,8:16,53,42
125529,11/12/2025,CHI,PAR,318,REBOTE-DEFENSIVO,LOCAL,10,"SARAVIA, FRANCISCO",3,8:08,53,42
125529,11/12/2025,CHI,PAR,319,TIRO3-FALLADO,LOCAL,1,"PACHANO, GABRIEL",3,8:05,53,42
125529,11/12/2025,CHI,PAR,320,REBOTE-DEFENSIVO,VISITANTE,21,"GONZALEZ, NESTOR",3,7:58,53,42
125529,11/12/2025,CHI,PAR,321,PERDIDA,VISITANTE,5,"VERA, LUIS",3,7:56,53,42
125529,11/12/2025,CHI,PAR,322,RECUPERACION,LOCAL,10,"SARAVIA, FRANCISCO",3,7:56,53,42
125529,11/12/2025,CHI,PAR,323,TIRO2-FALLADO,LOCAL,10,"SARAVIA, FRANCISCO",3,7:50,53,42
125529,11/12/2025,CHI,PAR,324,TAPON-COMETIDO,VISITANTE,14,"ESCURRA, MAURICIO",3,7:50,53,42
125529,11/12/2025,CHI,PAR,325,REBOTE-OFENSIVO,LOCAL,,,3,7:50,53,42
125529,11/12/2025,CHI,PAR,326,PERDIDA,LOCAL,9,"STUARDO, PEDRO",3,7:45,53,42
125529,11/12/2025,CHI,PAR,327,RECUPERACION,VISITANTE,3,"RADICE, ROBERTO",3,7:45,53,42
125529,11/12/2025,CHI,PAR,328,CANASTA-2P,VISITANTE,3,"RADICE, ROBERTO",3,7:42,53,44
125529,11/12/2025,CHI,PAR,329,FALTA-COMETIDA,LOCAL,10,"SARAVIA, FRANCISCO",3,7:40,53,44
125529,11/12/2025,CHI,PAR,330,FALTA-RECIBIDA,VISITANTE,3,"RADICE, ROBERTO",3,7:40,53,44
125529,11/12/2025,CHI,PAR,331,TIRO1-FALLADO,VISITANTE,3,"RADICE, ROBERTO",3,7:40,53,44
125529,11/12/2025,CHI,PAR,332,REBOTE-DEFENSIVO,LOCAL,17,"QUEZADA, MAXIMILIANO",3,7:40,53,44
125529,11/12/2025,CHI,PAR,333,TIRO2-FALLADO,LOCAL,10,"SARAVIA, FRANCISCO",3,7:27,53,44
125529,11/12/2025,CHI,PAR,334,REBOTE-DEFENSIVO,VISITANTE,14,"ESCURRA, MAURICIO",3,7:23,53,44
125529,11/12/2025,CHI,PAR,335,FALTA-COMETIDA,LOCAL,3,"CASTRO, MATEO",3,7:21,53,44
125529,11/12/2025,CHI,PAR,336,FALTA-RECIBIDA,VISITANTE,14,"ESCURRA, MAURICIO",3,7:21,53,44
125529,11/12/2025,CHI,PAR,337,CAMBIO-JUGADOR-SALE,LOCAL,3,"CASTRO, MATEO",3,7:21,53,44
125529,11/12/2025,CHI,PAR,338,CAMBIO-JUGADOR-ENTRA,LOCAL,8,"ECHEVERRIA, AGUSTIN",3,7:21,53,44
125529,11/12/2025,CHI,PAR,339,TIRO2-FALLADO,VISITANTE,14,"ESCURRA, MAURICIO",3,7:16,53,44
125529,11/12/2025,CHI,PAR,340,REBOTE-DEFENSIVO,LOCAL,17,"QUEZADA, MAXIMILIANO",3,7:12,53,44
125529,11/12/2025,CHI,PAR,341,CANASTA-2P,LOCAL,1,"PACHANO, GABRIEL",3,7:01,55,44
125529,11/12/2025,CHI,PAR,342,PERDIDA,VISITANTE,21,"GONZALEZ, NESTOR",3,6:42,55,44
125529,11/12/2025,CHI,PAR,343,RECUPERACION,LOCAL,8,"ECHEVERRIA, AGUSTIN",3,6:42,55,44
125529,11/12/2025,CHI,PAR,344,TIRO2-FALLADO,LOCAL,1,"PACHANO, GABRIEL",3,6:21,55,44
125529,11/12/2025,CHI,PAR,345,REBOTE-DEFENSIVO,VISITANTE,5,"VERA, LUIS",3,6:18,55,44
125529,11/12/2025,CHI,PAR,346,FALTA-COMETIDA,LOCAL,17,"QUEZADA, MAXIMILIANO",3,6:01,55,44
125529,11/12/2025,CHI,PAR,347,FALTA-RECIBIDA,VISITANTE,21,"GONZALEZ, NESTOR",3,6:01,55,44
125529,11/12/2025,CHI,PAR,348,CAMBIO-JUGADOR-SALE,LOCAL,17,"QUEZADA, MAXIMILIANO",3,6:01,55,44
125529,11/12/2025,CHI,PAR,349,CAMBIO-JUGADOR-ENTRA,LOCAL,11,"DONOSO, PEDRO",3,6:01,55,44
125529,11/12/2025,CHI,PAR,350,CAMBIO-JUGADOR-SALE,VISITANTE,5,"VERA, LUIS",3,6:01,55,44
125529,11/12/2025,CHI,PAR,351,CAMBIO-JUGADOR-ENTRA,VISITANTE,34,"GIMENEZ, MAXIMILIANO",3,6:01,55,44
125529,11/12/2025,CHI,PAR,352,TIRO1-FALLADO,VISITANTE,21,"GONZALEZ, NESTOR",3,6:01,55,44
125529,11/12/2025,CHI,PAR,353,CANASTA-1P,VISITANTE,21,"GONZALEZ, NESTOR",3,6:01,55,45
125529,11/12/2025,CHI,PAR,354,CANASTA-2P,LOCAL,9,"STUARDO, PEDRO",3,5:47,57,45
125529,11/12/2025,CHI,PAR,355,TIRO2-FALLADO,VISITANTE,6,"TALAVERA, ALEJANDRO",3,5:33,57,45
125529,11/12/2025,CHI,PAR,356,REBOTE-DEFENSIVO,LOCAL,1,"PACHANO, GABRIEL",3,5:28,57,45
125529,11/12/2025,CHI,PAR,357,CANASTA-3P,LOCAL,8,"ECHEVERRIA, AGUSTIN",3,5:14,60,45
125529,11/12/2025,CHI,PAR,358,FALTA-COMETIDA,VISITANTE,34,"GIMENEZ, MAXIMILIANO",3,5:14,60,45
125529,11/12/2025,CHI,PAR,359,FALTA-RECIBIDA,LOCAL,8,"ECHEVERRIA, AGUSTIN",3,5:14,60,45
125529,11/12/2025,CHI,PAR,360,TIEMPO-MUERTO-SOLICITADO,VISITANTE,,,3,5:14,60,45
125529,11/12/2025,CHI,PAR,361,CANASTA-2P,LOCAL,9,"STUARDO, PEDRO",3,5:14,62,45
125529,11/12/2025,CHI,PAR,362,CANASTA-2P,VISITANTE,21,"GONZALEZ, NESTOR",3,5:10,62,47
125529,11/12/2025,CHI,PAR,363,ASISTENCIA,VISITANTE,3,"RADICE, ROBERTO",3,5:10,62,47
125529,11/12/2025,CHI,PAR,364,PERDIDA,LOCAL,9,"STUARDO, PEDRO",3,5:10,62,47
125529,11/12/2025,CHI,PAR,365,RECUPERACION,VISITANTE,6,"TALAVERA, ALEJANDRO",3,5:10,62,47
125529,11/12/2025,CHI,PAR,366,CANASTA-2P,VISITANTE,6,"TALAVERA, ALEJANDRO",3,4:57,62,49
125529,11/12/2025,CHI,PAR,367,TIRO3-FALLADO,LOCAL,8,"ECHEVERRIA, AGUSTIN",3,4:45,62,49
125529,11/12/2025,CHI,PAR,368,REBOTE-DEFENSIVO,VISITANTE,21,"GONZALEZ, NESTOR",3,4:40,62,49
125529,11/12/2025,CHI,PAR,369,TIRO3-FALLADO,VISITANTE,14,"ESCURRA, MAURICIO",3,4:27,62,49
125529,11/12/2025,CHI,PAR,370,REBOTE-DEFENSIVO,LOCAL,10,"SARAVIA, FRANCISCO",3,4:23,62,49
125529,11/12/2025,CHI,PAR,371,PERDIDA,LOCAL,10,"SARAVIA, FRANCISCO",3,4:21,62,49
125529,11/12/2025,CHI,PAR,372,RECUPERACION,VISITANTE,6,"TALAVERA, ALEJANDRO",3,4:21,62,49
125529,11/12/2025,CHI,PAR,373,FALTA-COMETIDA,LOCAL,11,"DONOSO, PEDRO",3,4:16,62,49
125529,11/12/2025,CHI,PAR,374,FALTA-RECIBIDA,VISITANTE,21,"GONZALEZ, NESTOR",3,4:16,62,49
125529,11/12/2025,CHI,PAR,375,CAMBIO-JUGADOR-SALE,LOCAL,1,"PACHANO, GABRIEL",3,4:16,62,49
125529,11/12/2025,CHI,PAR,376,CAMBIO-JUGADOR-SALE,LOCAL,11,"DONOSO, PEDRO",3,4:16,62,49
125529,11/12/2025,CHI,PAR,377,CAMBIO-JUGADOR-ENTRA,LOCAL,2,"LA RIVERA, TOMAS",3,4:16,62,49
125529,11/12/2025,CHI,PAR,378,CAMBIO-JUGADOR-ENTRA,LOCAL,15,"VELÁSQUEZ, MATEO",3,4:16,62,49
125529,11/12/2025,CHI,PAR,379,PERDIDA,VISITANTE,6,"TALAVERA, ALEJANDRO",3,4:00,62,49
125529,11/12/2025,CHI,PAR,380,RECUPERACION,LOCAL,15,"VELÁSQUEZ, MATEO",3,4:00,62,49
125529,11/12/2025,CHI,PAR,381,TIRO2-FALLADO,LOCAL,9,"STUARDO, PEDRO",3,3:53,62,49
125529,11/12/2025,CHI,PAR,382,TAPON-COMETIDO,VISITANTE,34,"GIMENEZ, MAXIMILIANO",3,3:53,62,49
125529,11/12/2025,CHI,PAR,383,REBOTE-OFENSIVO,LOCAL,,,3,3:53,62,49
125529,11/12/2025,CHI,PAR,384,CAMBIO-JUGADOR-SALE,VISITANTE,6,"TALAVERA, ALEJANDRO",3,3:51,62,49
125529,11/12/2025,CHI,PAR,385,CAMBIO-JUGADOR-ENTRA,VISITANTE,9,"VAZQUEZ, JUAN",3,3:51,62,49
125529,11/12/2025,CHI,PAR,386,CANASTA-3P,LOCAL,9,"STUARDO, PEDRO",3,3:30,65,49
125529,11/12/2025,CHI,PAR,387,ASISTENCIA,LOCAL,10,"SARAVIA, FRANCISCO",3,3:30,65,49
125529,11/12/2025,CHI,PAR,388,PERDIDA,VISITANTE,9,"VAZQUEZ, JUAN",3,3:18,65,49
125529,11/12/2025,CHI,PAR,389,RECUPERACION,LOCAL,10,"SARAVIA, FRANCISCO",3,3:18,65,49
125529,11/12/2025,CHI,PAR,390,TIRO3-FALLADO,LOCAL,9,"STUARDO, PEDRO",3,3:11,65,49
125529,11/12/2025,CHI,PAR,391,REBOTE-DEFENSIVO,VISITANTE,34,"GIMENEZ, MAXIMILIANO",3,3:07,65,49
125529,11/12/2025,CHI,PAR,392,FALTA-COMETIDA,LOCAL,9,"STUARDO, PEDRO",3,2:58,65,49
125529,11/12/2025,CHI,PAR,393,FALTA-RECIBIDA,VISITANTE,21,"GONZALEZ, NESTOR",3,2:58,65,49
125529,11/12/2025,CHI,PAR,394,CANASTA-1P,VISITANTE,21,"GONZALEZ, NESTOR",3,2:52,65,50
125529,11/12/2025,CHI,PAR,395,ASISTENCIA,VISITANTE,14,"ESCURRA, MAURICIO",3,2:52,65,50
125529,11/12/2025,CHI,PAR,396,CANASTA-1P,VISITANTE,21,"GONZALEZ, NESTOR",3,2:48,65,51
125529,11/12/2025,CHI,PAR,397,CAMBIO-JUGADOR-SALE,LOCAL,10,"SARAVIA, FRANCISCO",3,2:48,65,51
125529,11/12/2025,CHI,PAR,398,CAMBIO-JUGADOR-ENTRA,LOCAL,0,"MUSRRI, LUIS",3,2:48,65,51
125529,11/12/2025,CHI,PAR,399,TIRO3-FALLADO,LOCAL,8,"ECHEVERRIA, AGUSTIN",3,2:28,65,51
125529,11/12/2025,CHI,PAR,400,REBOTE-DEFENSIVO,VISITANTE,21,"GONZALEZ, NESTOR",3,2:24,65,51
125529,11/12/2025,CHI,PAR,401,TIRO2-FALLADO,VISITANTE,21,"GONZALEZ, NESTOR",3,2:09,65,51
125529,11/12/2025,CHI,PAR,402,REBOTE-DEFENSIVO,LOCAL,8,"ECHEVERRIA, AGUSTIN",3,2:06,65,51
125529,11/12/2025,CHI,PAR,403,CANASTA-2P,LOCAL,15,"VELÁSQUEZ, MATEO",3,2:01,67,51
125529,11/12/2025,CHI,PAR,404,ASISTENCIA,LOCAL,2,"LA RIVERA, TOMAS",3,2:01,67,51
125529,11/12/2025,CHI,PAR,405,CANASTA-2P,VISITANTE,14,"ESCURRA, MAURICIO",3,1:45,67,53
125529,11/12/2025,CHI,PAR,406,TIRO3-FALLADO,LOCAL,0,"MUSRRI, LUIS",3,1:26,67,53
125529,11/12/2025,CHI,PAR,407,REBOTE-OFENSIVO,LOCAL,9,"STUARDO, PEDRO",3,1:19,67,53
125529,11/12/2025,CHI,PAR,408,PERDIDA,LOCAL,15,"VELÁSQUEZ, MATEO",3,1:18,67,53
125529,11/12/2025,CHI,PAR,409,RECUPERACION,VISITANTE,9,"VAZQUEZ, JUAN",3,1:18,67,53
125529,11/12/2025,CHI,PAR,410,PERDIDA,VISITANTE,21,"GONZALEZ, NESTOR",3,0:56,67,53
125529,11/12/2025,CHI,PAR,411,RECUPERACION,LOCAL,9,"STUARDO, PEDRO",3,0:56,67,53
125529,11/12/2025,CHI,PAR,412,TIRO2-FALLADO,LOCAL,9,"STUARDO, PEDRO",3,0:51,67,53
125529,11/12/2025,CHI,PAR,413,REBOTE-DEFENSIVO,VISITANTE,34,"GIMENEZ, MAXIMILIANO",3,0:49,67,53
125529,11/12/2025,CHI,PAR,414,TIRO3-FALLADO,VISITANTE,3,"RADICE, ROBERTO",3,0:44,67,53
125529,11/12/2025,CHI,PAR,415,REBOTE-DEFENSIVO,LOCAL,15,"VELÁSQUEZ, MATEO",3,0:41,67,53
125529,11/12/2025,CHI,PAR,416,CANASTA-3P,LOCAL,8,"ECHEVERRIA, AGUSTIN",3,0:22,70,53
125529,11/12/2025,CHI,PAR,417,ASISTENCIA,LOCAL,2,"LA RIVERA, TOMAS",3,0:22,70,53
125529,11/12/2025,CHI,PAR,418,CANASTA-2P,VISITANTE,14,"ESCURRA, MAURICIO",3,0:09,70,55
125529,11/12/2025,CHI,PAR,419,FALTA-COMETIDA,LOCAL,8,"ECHEVERRIA, AGUSTIN",3,0:09,70,55
125529,11/12/2025,CHI,PAR,420,FALTA-RECIBIDA,VISITANTE,14,"ESCURRA, MAURICIO",3,0:09,70,55
125529,11/12/2025,CHI,PAR,421,CAMBIO-JUGADOR-SALE,LOCAL,9,"STUARDO, PEDRO",3,0:09,70,55
125529,11/12/2025,CHI,PAR,422,CAMBIO-JUGADOR-ENTRA,LOCAL,17,"QUEZADA, MAXIMILIANO",3,0:09,70,55
125529,11/12/2025,CHI,PAR,423,CAMBIO-JUGADOR-SALE,VISITANTE,3,"RADICE, ROBERTO",3,0:09,70,55
125529,11/12/2025,CHI,PAR,424,CAMBIO-JUGADOR-SALE,VISITANTE,21,"GONZALEZ, NESTOR",3,0:09,70,55
125529,11/12/2025,CHI,PAR,425,CAMBIO-JUGADOR-ENTRA,VISITANTE,6,"TALAVERA, ALEJANDRO",3,0:09,70,55
125529,11/12/2025,CHI,PAR,426,CAMBIO-JUGADOR-ENTRA,VISITANTE,7,"IRALA, MATEO",3,0:09,70,55
125529,11/12/2025,CHI,PAR,427,CANASTA-1P,VISITANTE,14,"ESCURRA, MAURICIO",3,0:09,70,56
125529,11/12/2025,CHI,PAR,428,PERDIDA,LOCAL,0,"MUSRRI, LUIS",3,0:02,70,56
125529,11/12/2025,CHI,PAR,429,RECUPERACION,VISITANTE,14,"ESCURRA, MAURICIO",3,0:02,70,56
125529,11/12/2025,CHI,PAR,430,FINAL-PERIODO,,,,3,0:00,70,56
125529,11/12/2025,CHI,PAR,431,CAMBIO-JUGADOR-SALE,VISITANTE,7,"IRALA, MATEO",4,10:00,70,56
125529,11/12/2025,CHI,PAR,432,CAMBIO-JUGADOR-ENTRA,VISITANTE,21,"GONZALEZ, NESTOR",4,10:00,70,56
125529,11/12/2025,CHI,PAR,433,INICIO-PERIODO,,,,4,10:00,70,56
125529,11/12/2025,CHI,PAR,434,TIRO3-FALLADO,LOCAL,2,"LA RIVERA, TOMAS",4,9:47,70,56
125529,11/12/2025,CHI,PAR,435,REBOTE-OFENSIVO,LOCAL,15,"VELÁSQUEZ, MATEO",4,9:41,70,56
125529,11/12/2025,CHI,PAR,436,FALTA-COMETIDA,VISITANTE,34,"GIMENEZ, MAXIMILIANO",4,9:41,70,56
125529,11/12/2025,CHI,PAR,437,FALTA-RECIBIDA,LOCAL,15,"VELÁSQUEZ, MATEO",4,9:41,70,56
125529,11/12/2025,CHI,PAR,438,CANASTA-1P,LOCAL,15,"VELÁSQUEZ, MATEO",4,9:41,71,56
125529,11/12/2025,CHI,PAR,439,CANASTA-1P,LOCAL,15,"VELÁSQUEZ, MATEO",4,9:41,72,56
125529,11/12/2025,CHI,PAR,440,PERDIDA,VISITANTE,9,"VAZQUEZ, JUAN",4,9:22,72,56
125529,11/12/2025,CHI,PAR,441,CAMBIO-JUGADOR-SALE,VISITANTE,6,"TALAVERA, ALEJANDRO",4,9:22,72,56
125529,11/12/2025,CHI,PAR,442,CAMBIO-JUGADOR-SALE,VISITANTE,34,"GIMENEZ, MAXIMILIANO",4,9:22,72,56
125529,11/12/2025,CHI,PAR,443,CAMBIO-JUGADOR-ENTRA,VISITANTE,3,"RADICE, ROBERTO",4,9:22,72,56
125529,11/12/2025,CHI,PAR,444,CAMBIO-JUGADOR-ENTRA,VISITANTE,5,"VERA, LUIS",4,9:22,72,56
125529,11/12/2025,CHI,PAR,445,CAMBIO-JUGADOR-SALE,VISITANTE,9,"VAZQUEZ, JUAN",4,8:50,72,56
125529,11/12/2025,CHI,PAR,446,CAMBIO-JUGADOR-ENTRA,VISITANTE,6,"TALAVERA, ALEJANDRO",4,8:50,72,56
125529,11/12/2025,CHI,PAR,447,TIRO2-FALLADO,LOCAL,17,"QUEZADA, MAXIMILIANO",4,8:39,72,56
125529,11/12/2025,CHI,PAR,448,REBOTE-DEFENSIVO,VISITANTE,6,"TALAVERA, ALEJANDRO",4,8:39,72,56
125529,11/12/2025,CHI,PAR,449,PERDIDA,VISITANTE,14,"ESCURRA, MAURICIO",4,8:39,72,56
125529,11/12/2025,CHI,PAR,450,CANASTA-3P,LOCAL,8,"ECHEVERRIA, AGUSTIN",4,8:37,75,56
125529,11/12/2025,CHI,PAR,451,ASISTENCIA,LOCAL,15,"VELÁSQUEZ, MATEO",4,8:37,75,56
125529,11/12/2025,CHI,PAR,452,FALTA-COMETIDA,VISITANTE,3,"RADICE, ROBERTO",4,8:33,75,56
125529,11/12/2025,CHI,PAR,453,PERDIDA,VISITANTE,3,"RADICE, ROBERTO",4,8:33,75,56
125529,11/12/2025,CHI,PAR,454,FALTA-RECIBIDA,LOCAL,15,"VELÁSQUEZ, MATEO",4,8:33,75,56
125529,11/12/2025,CHI,PAR,455,TIEMPO-MUERTO-SOLICITADO,VISITANTE,,,4,8:33,75,56
125529,11/12/2025,CHI,PAR,456,TIRO1-FALLADO,LOCAL,15,"VELÁSQUEZ, MATEO",4,8:33,75,56
125529,11/12/2025,CHI,PAR,457,TIRO1-FALLADO,LOCAL,15,"VELÁSQUEZ, MATEO",4,8:33,75,56
125529,11/12/2025,CHI,PAR,458,TIRO2-FALLADO,LOCAL,0,"MUSRRI, LUIS",4,8:20,75,56
125529,11/12/2025,CHI,PAR,459,REBOTE-DEFENSIVO,VISITANTE,6,"TALAVERA, ALEJANDRO",4,8:14,75,56
125529,11/12/2025,CHI,PAR,460,TIRO3-FALLADO,VISITANTE,6,"TALAVERA, ALEJANDRO",4,8:05,75,56
125529,11/12/2025,CHI,PAR,461,REBOTE-DEFENSIVO,LOCAL,15,"VELÁSQUEZ, MATEO",4,8:02,75,56
125529,11/12/2025,CHI,PAR,462,CANASTA-2P,LOCAL,2,"LA RIVERA, TOMAS",4,7:56,77,56
125529,11/12/2025,CHI,PAR,463,CANASTA-3P,VISITANTE,3,"RADICE, ROBERTO",4,7:41,77,59
125529,11/12/2025,CHI,PAR,464,ASISTENCIA,VISITANTE,14,"ESCURRA, MAURICIO",4,7:41,77,59
125529,11/12/2025,CHI,PAR,465,FALTA-COMETIDA,VISITANTE,3,"RADICE, ROBERTO",4,7:30,77,59
125529,11/12/2025,CHI,PAR,466,FALTA-RECIBIDA,LOCAL,0,"MUSRRI, LUIS",4,7:30,77,59
125529,11/12/2025,CHI,PAR,467,CANASTA-2P,LOCAL,15,"VELÁSQUEZ, MATEO",4,7:18,79,59
125529,11/12/2025,CHI,PAR,468,FALTA-COMETIDA,VISITANTE,3,"RADICE, ROBERTO",4,6:57,79,59
125529,11/12/2025,CHI,PAR,469,PERDIDA,VISITANTE,3,"RADICE, ROBERTO",4,6:57,79,59
125529,11/12/2025,CHI,PAR,470,FALTA-RECIBIDA,LOCAL,0,"MUSRRI, LUIS",4,6:57,79,59
125529,11/12/2025,CHI,PAR,471,VTR,LOCAL,,,4,6:29,79,59
125529,11/12/2025,CHI,PAR,472,CAMBIO-JUGADOR-SALE,VISITANTE,3,"RADICE, ROBERTO",4,6:29,79,59
125529,11/12/2025,CHI,PAR,473,CAMBIO-JUGADOR-ENTRA,VISITANTE,81,"CUELLAR, EZEQUIEL",4,6:29,79,59
125529,11/12/2025,CHI,PAR,474,TIRO2-FALLADO,LOCAL,0,"MUSRRI, LUIS",4,6:23,79,59
125529,11/12/2025,CHI,PAR,475,REBOTE-DEFENSIVO,VISITANTE,21,"GONZALEZ, NESTOR",4,6:20,79,59
125529,11/12/2025,CHI,PAR,476,CANASTA-2P,VISITANTE,21,"GONZALEZ, NESTOR",4,6:18,79,61
125529,11/12/2025,CHI,PAR,477,ASISTENCIA,VISITANTE,5,"VERA, LUIS",4,6:18,79,61
125529,11/12/2025,CHI,PAR,478,TIEMPO-MUERTO-SOLICITADO,LOCAL,,,4,6:07,79,61
125529,11/12/2025,CHI,PAR,479,CAMBIO-JUGADOR-SALE,LOCAL,0,"MUSRRI, LUIS",4,5:42,79,61
125529,11/12/2025,CHI,PAR,480,CAMBIO-JUGADOR-SALE,LOCAL,8,"ECHEVERRIA, AGUSTIN",4,5:42,79,61
125529,11/12/2025,CHI,PAR,481,CAMBIO-JUGADOR-ENTRA,LOCAL,3,"CASTRO, MATEO",4,5:42,79,61
125529,11/12/2025,CHI,PAR,482,CAMBIO-JUGADOR-ENTRA,LOCAL,10,"SARAVIA, FRANCISCO",4,5:42,79,61
125529,11/12/2025,CHI,PAR,483,FALTA-COMETIDA,VISITANTE,,,4,5:42,79,61
125529,11/12/2025,CHI,PAR,484,CANASTA-1P,LOCAL,10,"SARAVIA, FRANCISCO",4,5:42,80,61
125529,11/12/2025,CHI,PAR,485,TIRO2-FALLADO,VISITANTE,21,"GONZALEZ, NESTOR",4,5:36,80,61
125529,11/12/2025,CHI,PAR,486,REBOTE-DEFENSIVO,LOCAL,3,"CASTRO, MATEO",4,5:36,80,61
125529,11/12/2025,CHI,PAR,487,CANASTA-2P,LOCAL,10,"SARAVIA, FRANCISCO",4,5:31,82,61
125529,11/12/2025,CHI,PAR,488,TIRO3-FALLADO,VISITANTE,6,"TALAVERA, ALEJANDRO",4,5:26,82,61
125529,11/12/2025,CHI,PAR,489,REBOTE-OFENSIVO,VISITANTE,21,"GONZALEZ, NESTOR",4,5:19,82,61
125529,11/12/2025,CHI,PAR,490,FALTA-COMETIDA,LOCAL,17,"QUEZADA, MAXIMILIANO",4,5:19,82,61
125529,11/12/2025,CHI,PAR,491,FALTA-RECIBIDA,VISITANTE,21,"GONZALEZ, NESTOR",4,5:19,82,61
125529,11/12/2025,CHI,PAR,492,TIRO2-FALLADO,VISITANTE,6,"TALAVERA, ALEJANDRO",4,5:06,82,61
125529,11/12/2025,CHI,PAR,493,REBOTE-DEFENSIVO,LOCAL,15,"VELÁSQUEZ, MATEO",4,5:02,82,61
125529,11/12/2025,CHI,PAR,494,CANASTA-2P,LOCAL,15,"VELÁSQUEZ, MATEO",4,4:55,84,61
125529,11/12/2025,CHI,PAR,495,ASISTENCIA,LOCAL,3,"CASTRO, MATEO",4,4:55,84,61
125529,11/12/2025,CHI,PAR,496,TIRO3-FALLADO,VISITANTE,14,"ESCURRA, MAURICIO",4,4:48,84,61
125529,11/12/2025,CHI,PAR,497,REBOTE-DEFENSIVO,LOCAL,10,"SARAVIA, FRANCISCO",4,4:43,84,61
125529,11/12/2025,CHI,PAR,498,FALTA-COMETIDA,VISITANTE,6,"TALAVERA, ALEJANDRO",4,4:35,84,61
125529,11/12/2025,CHI,PAR,499,FALTA-RECIBIDA,LOCAL,10,"SARAVIA, FRANCISCO",4,4:35,84,61
125529,11/12/2025,CHI,PAR,500,TIEMPO-MUERTO-SOLICITADO,VISITANTE,,,4,4:35,84,61
125529,11/12/2025,CHI,PAR,501,CAMBIO-JUGADOR-SALE,LOCAL,2,"LA RIVERA, TOMAS",4,4:35,84,61
125529,11/12/2025,CHI,PAR,502,CAMBIO-JUGADOR-SALE,LOCAL,17,"QUEZADA, MAXIMILIANO",4,4:35,84,61
125529,11/12/2025,CHI,PAR,503,CAMBIO-JUGADOR-ENTRA,LOCAL,1,"PACHANO, GABRIEL",4,4:35,84,61
125529,11/12/2025,CHI,PAR,504,CAMBIO-JUGADOR-ENTRA,LOCAL,11,"DONOSO, PEDRO",4,4:35,84,61
125529,11/12/2025,CHI,PAR,505,CANASTA-1P,LOCAL,10,"SARAVIA, FRANCISCO",4,4:35,85,61
125529,11/12/2025,CHI,PAR,506,CANASTA-1P,LOCAL,10,"SARAVIA, FRANCISCO",4,4:35,86,61
125529,11/12/2025,CHI,PAR,507,CANASTA-2P,VISITANTE,5,"VERA, LUIS",4,4:23,86,63
125529,11/12/2025,CHI,PAR,508,TIRO3-FALLADO,LOCAL,10,"SARAVIA, FRANCISCO",4,4:18,86,63
125529,11/12/2025,CHI,PAR,509,REBOTE-DEFENSIVO,VISITANTE,14,"ESCURRA, MAURICIO",4,4:15,86,63
125529,11/12/2025,CHI,PAR,510,PERDIDA,VISITANTE,14,"ESCURRA, MAURICIO",4,4:13,86,63
125529,11/12/2025,CHI,PAR,511,RECUPERACION,LOCAL,3,"CASTRO, MATEO",4,4:13,86,63
125529,11/12/2025,CHI,PAR,512,CAMBIO-JUGADOR-SALE,LOCAL,15,"VELÁSQUEZ, MATEO",4,4:09,86,63
125529,11/12/2025,CHI,PAR,513,CAMBIO-JUGADOR-ENTRA,LOCAL,9,"STUARDO, PEDRO",4,4:09,86,63
125529,11/12/2025,CHI,PAR,514,PERDIDA,LOCAL,10,"SARAVIA, FRANCISCO",4,4:07,86,63
125529,11/12/2025,CHI,PAR,515,RECUPERACION,VISITANTE,6,"TALAVERA, ALEJANDRO",4,4:07,86,63
125529,11/12/2025,CHI,PAR,516,CANASTA-2P,VISITANTE,6,"TALAVERA, ALEJANDRO",4,3:56,86,65
125529,11/12/2025,CHI,PAR,517,PERDIDA,LOCAL,1,"PACHANO, GABRIEL",4,3:48,86,65
125529,11/12/2025,CHI,PAR,518,TIEMPO-MUERTO-SOLICITADO,VISITANTE,,,4,3:27,86,65
125529,11/12/2025,CHI,PAR,519,CAMBIO-JUGADOR-SALE,LOCAL,10,"SARAVIA, FRANCISCO",4,3:27,86,65
125529,11/12/2025,CHI,PAR,520,CAMBIO-JUGADOR-ENTRA,LOCAL,4,"HITSCHFELD, MATHIAS",4,3:27,86,65
125529,11/12/2025,CHI,PAR,521,TIRO2-FALLADO,LOCAL,9,"STUARDO, PEDRO",4,3:09,86,65
125529,11/12/2025,CHI,PAR,522,REBOTE-DEFENSIVO,VISITANTE,5,"VERA, LUIS",4,3:05,86,65
125529,11/12/2025,CHI,PAR,523,TIRO3-FALLADO,VISITANTE,6,"TALAVERA, ALEJANDRO",4,2:49,86,65
125529,11/12/2025,CHI,PAR,524,REBOTE-DEFENSIVO,LOCAL,,,4,2:46,86,65
125529,11/12/2025,CHI,PAR,525,TIEMPO-MUERTO-SOLICITADO,LOCAL,,,4,2:45,86,65
125529,11/12/2025,CHI,PAR,526,CANASTA-2P,LOCAL,4,"HITSCHFELD, MATHIAS",4,2:30,88,65
125529,11/12/2025,CHI,PAR,527,FALTA-COMETIDA,LOCAL,3,"CASTRO, MATEO",4,2:15,88,65
125529,11/12/2025,CHI,PAR,528,FALTA-RECIBIDA,VISITANTE,14,"ESCURRA, MAURICIO",4,2:15,88,65
125529,11/12/2025,CHI,PAR,529,CAMBIO-JUGADOR-SALE,LOCAL,3,"CASTRO, MATEO",4,2:15,88,65
125529,11/12/2025,CHI,PAR,530,CAMBIO-JUGADOR-ENTRA,LOCAL,10,"SARAVIA, FRANCISCO",4,2:15,88,65
125529,11/12/2025,CHI,PAR,531,CANASTA-1P,VISITANTE,14,"ESCURRA, MAURICIO",4,2:15,88,66
125529,11/12/2025,CHI,PAR,532,CANASTA-1P,VISITANTE,14,"ESCURRA, MAURICIO",4,2:15,88,67
125529,11/12/2025,CHI,PAR,533,CANASTA-1P,VISITANTE,14,"ESCURRA, MAURICIO",4,2:15,88,68
125529,11/12/2025,CHI,PAR,534,CANASTA-2P,LOCAL,9,"STUARDO, PEDRO",4,2:02,90,68
125529,11/12/2025,CHI,PAR,535,ASISTENCIA,LOCAL,10,"SARAVIA, FRANCISCO",4,2:02,90,68
125529,11/12/2025,CHI,PAR,536,PERDIDA,VISITANTE,5,"VERA, LUIS",4,1:42,90,68
125529,11/12/2025,CHI,PAR,537,CAMBIO-JUGADOR-SALE,VISITANTE,5,"VERA, LUIS",4,1:42,90,68
125529,11/12/2025,CHI,PAR,538,CAMBIO-JUGADOR-ENTRA,VISITANTE,34,"GIMENEZ, MAXIMILIANO",4,1:42,90,68
125529,11/12/2025,CHI,PAR,539,PERDIDA,LOCAL,4,"HITSCHFELD, MATHIAS",4,1:34,90,68
125529,11/12/2025,CHI,PAR,540,RECUPERACION,VISITANTE,6,"TALAVERA, ALEJANDRO",4,1:34,90,68
125529,11/12/2025,CHI,PAR,541,TIRO2-FALLADO,VISITANTE,6,"TALAVERA, ALEJANDRO",4,1:31,90,68
125529,11/12/2025,CHI,PAR,542,REBOTE-DEFENSIVO,LOCAL,11,"DONOSO, PEDRO",4,1:28,90,68
125529,11/12/2025,CHI,PAR,543,TIRO2-FALLADO,LOCAL,4,"HITSCHFELD, MATHIAS",4,1:24,90,68
125529,11/12/2025,CHI,PAR,544,TAPON-COMETIDO,VISITANTE,34,"GIMENEZ, MAXIMILIANO",4,1:24,90,68
125529,11/12/2025,CHI,PAR,545,REBOTE-DEFENSIVO,VISITANTE,81,"CUELLAR, EZEQUIEL",4,1:19,90,68
125529,11/12/2025,CHI,PAR,546,TIRO2-FALLADO,VISITANTE,34,"GIMENEZ, MAXIMILIANO",4,1:17,90,68
125529,11/12/2025,CHI,PAR,547,REBOTE-DEFENSIVO,LOCAL,10,"SARAVIA, FRANCISCO",4,1:14,90,68
125529,11/12/2025,CHI,PAR,548,CANASTA-2P,LOCAL,10,"SARAVIA, FRANCISCO",4,1:11,92,68
125529,11/12/2025,CHI,PAR,549,ASISTENCIA,LOCAL,9,"STUARDO, PEDRO",4,1:11,92,68
125529,11/12/2025,CHI,PAR,550,CAMBIO-JUGADOR-SALE,VISITANTE,21,"GONZALEZ, NESTOR",4,1:03,92,68
125529,11/12/2025,CHI,PAR,551,CAMBIO-JUGADOR-ENTRA,VISITANTE,55,"MOLINAS, JOSE",4,1:03,92,68
125529,11/12/2025,CHI,PAR,552,CAMBIO-JUGADOR-SALE,LOCAL,11,"DONOSO, PEDRO",4,1:03,92,68
125529,11/12/2025,CHI,PAR,553,CAMBIO-JUGADOR-ENTRA,LOCAL,7,"PINO, TOMAS",4,1:03,92,68
125529,11/12/2025,CHI,PAR,554,CAMBIO-JUGADOR-SALE,VISITANTE,6,"TALAVERA, ALEJANDRO",4,1:03,92,68
125529,11/12/2025,CHI,PAR,555,CAMBIO-JUGADOR-SALE,VISITANTE,14,"ESCURRA, MAURICIO",4,1:03,92,68
125529,11/12/2025,CHI,PAR,556,CAMBIO-JUGADOR-ENTRA,VISITANTE,7,"IRALA, MATEO",4,1:03,92,68
125529,11/12/2025,CHI,PAR,557,CAMBIO-JUGADOR-ENTRA,VISITANTE,10,"DOMINGUEZ, EVERT",4,1:03,92,68
125529,11/12/2025,CHI,PAR,558,TIRO2-FALLADO,VISITANTE,7,"IRALA, MATEO",4,0:59,92,68
125529,11/12/2025,CHI,PAR,559,REBOTE-DEFENSIVO,LOCAL,7,"PINO, TOMAS",4,0:56,92,68
125529,11/12/2025,CHI,PAR,560,CANASTA-2P,LOCAL,10,"SARAVIA, FRANCISCO",4,0:55,94,68
125529,11/12/2025,CHI,PAR,561,FALTA-COMETIDA,VISITANTE,10,"DOMINGUEZ, EVERT",4,0:55,94,68
125529,11/12/2025,CHI,PAR,562,FALTA-RECIBIDA,LOCAL,10,"SARAVIA, FRANCISCO",4,0:55,94,68
125529,11/12/2025,CHI,PAR,563,CANASTA-1P,LOCAL,10,"SARAVIA, FRANCISCO",4,0:55,95,68
125529,11/12/2025,CHI,PAR,564,TIRO3-FALLADO,VISITANTE,10,"DOMINGUEZ, EVERT",4,0:44,95,68
125529,11/12/2025,CHI,PAR,565,REBOTE-OFENSIVO,VISITANTE,7,"IRALA, MATEO",4,0:40,95,68
125529,11/12/2025,CHI,PAR,566,PERDIDA,VISITANTE,7,"IRALA, MATEO",4,0:33,95,68
125529,11/12/2025,CHI,PAR,567,TIRO2-FALLADO,LOCAL,10,"SARAVIA, FRANCISCO",4,0:26,95,68
125529,11/12/2025,CHI,PAR,568,REBOTE-DEFENSIVO,VISITANTE,7,"IRALA, MATEO",4,0:23,95,68
125529,11/12/2025,CHI,PAR,569,FALTA-COMETIDA,LOCAL,9,"STUARDO, PEDRO",4,0:15,95,68
125529,11/12/2025,CHI,PAR,570,FALTA-RECIBIDA,VISITANTE,7,"IRALA, MATEO",4,0:15,95,68
125529,11/12/2025,CHI,PAR,571,CANASTA-1P,VISITANTE,7,"IRALA, MATEO",4,0:15,95,69
125529,11/12/2025,CHI,PAR,572,CANASTA-1P,VISITANTE,7,"IRALA, MATEO",4,0:15,95,70
125529,11/12/2025,CHI,PAR,573,FINAL-PERIODO,,,,4,0:00,95,70
125529,11/12/2025,CHI,PAR,574,FINAL-PARTIDO,,,,4,0:00,95,70
125530,11/12/2025,VEN,BRA,0,INICIO-PARTIDO,,,,1,10:00,0,0
125530,11/12/2025,VEN,BRA,1,INICIO-PERIODO,,,,1,10:00,0,0
125530,11/12/2025,VEN,BRA,2,CAMBIO-JUGADOR-ENTRA,LOCAL,3,"VASQUEZ, JULIO",1,10:00,0,0
125530,11/12/2025,VEN,BRA,3,CAMBIO-JUGADOR-ENTRA,LOCAL,4,"SEGOVIA, RICHARD",1,10:00,0,0
125530,11/12/2025,VEN,BRA,4,CAMBIO-JUGADOR-ENTRA,LOCAL,7,"LARA, JOSE",1,10:00,0,0
125530,11/12/2025,VEN,BRA,5,CAMBIO-JUGADOR-ENTRA,LOCAL,14,"GUTIERREZ, KEVIN",1,10:00,0,0
125530,11/12/2025,VEN,BRA,6,CAMBIO-JUGADOR-ENTRA,LOCAL,23,"NIÑO, SAMUEL",1,10:00,0,0
125530,11/12/2025,VEN,BRA,7,CAMBIO-JUGADOR-ENTRA,VISITANTE,10,"MELO, PIETRO",1,10:00,0,0
125530,11/12/2025,VEN,BRA,8,CAMBIO-JUGADOR-ENTRA,VISITANTE,14,"NEVES, JOAO",1,10:00,0,0
125530,11/12/2025,VEN,BRA,9,CAMBIO-JUGADOR-ENTRA,VISITANTE,25,"SOUZA, PEDRO",1,10:00,0,0
125530,11/12/2025,VEN,BRA,10,CAMBIO-JUGADOR-ENTRA,VISITANTE,33,"FERREIRA, CRISTIAN",1,10:00,0,0
125530,11/12/2025,VEN,BRA,11,CAMBIO-JUGADOR-ENTRA,VISITANTE,50,"SANTOS, EDUARDO",1,10:00,0,0
125530,11/12/2025,VEN,BRA,12,JUMP-BALL,,,,1,10:00,0,0
125530,11/12/2025,VEN,BRA,13,JUMP-BALL,VISITANTE,33,"FERREIRA, CRISTIAN",1,9:59,0,0
125530,11/12/2025,VEN,BRA,14,JUMP-BALL,LOCAL,14,"GUTIERREZ, KEVIN",1,9:59,0,0
125530,11/12/2025,VEN,BRA,15,CANASTA-2P,VISITANTE,25,"SOUZA, PEDRO",1,9:48,0,2
125530,11/12/2025,VEN,BRA,16,FALTA-COMETIDA,VISITANTE,25,"SOUZA, PEDRO",1,9:38,0,2
125530,11/12/2025,VEN,BRA,17,FALTA-RECIBIDA,LOCAL,3,"VASQUEZ, JULIO",1,9:38,0,2
125530,11/12/2025,VEN,BRA,18,TIRO2-FALLADO,LOCAL,7,"LARA, JOSE",1,9:22,0,2
125530,11/12/2025,VEN,BRA,19,REBOTE-DEFENSIVO,VISITANTE,25,"SOUZA, PEDRO",1,9:17,0,2
125530,11/12/2025,VEN,BRA,20,TIRO3-FALLADO,VISITANTE,50,"SANTOS, EDUARDO",1,9:14,0,2
125530,11/12/2025,VEN,BRA,21,REBOTE-DEFENSIVO,LOCAL,7,"LARA, JOSE",1,9:11,0,2
125530,11/12/2025,VEN,BRA,22,TIRO3-FALLADO,LOCAL,7,"LARA, JOSE",1,9:00,0,2
125530,11/12/2025,VEN,BRA,23,REBOTE-DEFENSIVO,VISITANTE,25,"SOUZA, PEDRO",1,8:56,0,2
125530,11/12/2025,VEN,BRA,24,TIRO3-FALLADO,VISITANTE,50,"SANTOS, EDUARDO",1,8:44,0,2
125530,11/12/2025,VEN,BRA,25,REBOTE-DEFENSIVO,LOCAL,,,1,8:42,0,2
125530,11/12/2025,VEN,BRA,26,CANASTA-3P,LOCAL,14,"GUTIERREZ, KEVIN",1,8:27,3,2
125530,11/12/2025,VEN,BRA,27,ASISTENCIA,LOCAL,4,"SEGOVIA, RICHARD",1,8:27,3,2
125530,11/12/2025,VEN,BRA,28,TIRO3-FALLADO,VISITANTE,25,"SOUZA, PEDRO",1,8:16,3,2
125530,11/12/2025,VEN,BRA,29,REBOTE-DEFENSIVO,LOCAL,7,"LARA, JOSE",1,8:12,3,2
125530,11/12/2025,VEN,BRA,30,TIRO3-FALLADO,LOCAL,3,"VASQUEZ, JULIO",1,8:05,3,2
125530,11/12/2025,VEN,BRA,31,REBOTE-DEFENSIVO,VISITANTE,14,"NEVES, JOAO",1,8:02,3,2
125530,11/12/2025,VEN,BRA,32,PERDIDA,VISITANTE,14,"NEVES, JOAO",1,8:01,3,2
125530,11/12/2025,VEN,BRA,33,RECUPERACION,LOCAL,3,"VASQUEZ, JULIO",1,8:01,3,2
125530,11/12/2025,VEN,BRA,34,TIRO2-FALLADO,LOCAL,3,"VASQUEZ, JULIO",1,7:56,3,2
125530,11/12/2025,VEN,BRA,35,REBOTE-DEFENSIVO,VISITANTE,14,"NEVES, JOAO",1,7:53,3,2
125530,11/12/2025,VEN,BRA,36,TIRO3-FALLADO,VISITANTE,14,"NEVES, JOAO",1,7:51,3,2
125530,11/12/2025,VEN,BRA,37,REBOTE-OFENSIVO,VISITANTE,50,"SANTOS, EDUARDO",1,7:45,3,2
125530,11/12/2025,VEN,BRA,38,CANASTA-2P,VISITANTE,50,"SANTOS, EDUARDO",1,7:45,3,4
125530,11/12/2025,VEN,BRA,39,CANASTA-2P,LOCAL,4,"SEGOVIA, RICHARD",1,7:37,5,4
125530,11/12/2025,VEN,BRA,40,TIRO2-FALLADO,VISITANTE,25,"SOUZA, PEDRO",1,7:20,5,4
125530,11/12/2025,VEN,BRA,41,REBOTE-OFENSIVO,VISITANTE,25,"SOUZA, PEDRO",1,7:15,5,4
125530,11/12/2025,VEN,BRA,42,CANASTA-2P,VISITANTE,25,"SOUZA, PEDRO",1,7:15,5,6
125530,11/12/2025,VEN,BRA,43,TIRO3-FALLADO,LOCAL,14,"GUTIERREZ, KEVIN",1,7:01,5,6
125530,11/12/2025,VEN,BRA,44,REBOTE-DEFENSIVO,VISITANTE,50,"SANTOS, EDUARDO",1,6:58,5,6
125530,11/12/2025,VEN,BRA,45,TIRO2-FALLADO,VISITANTE,50,"SANTOS, EDUARDO",1,6:53,5,6
125530,11/12/2025,VEN,BRA,46,REBOTE-DEFENSIVO,LOCAL,7,"LARA, JOSE",1,6:50,5,6
125530,11/12/2025,VEN,BRA,47,CANASTA-2P,LOCAL,3,"VASQUEZ, JULIO",1,6:48,7,6
125530,11/12/2025,VEN,BRA,48,ASISTENCIA,LOCAL,7,"LARA, JOSE",1,6:48,7,6
125530,11/12/2025,VEN,BRA,49,TIRO2-FALLADO,VISITANTE,33,"FERREIRA, CRISTIAN",1,6:28,7,6
125530,11/12/2025,VEN,BRA,50,REBOTE-OFENSIVO,VISITANTE,50,"SANTOS, EDUARDO",1,6:17,7,6
125530,11/12/2025,VEN,BRA,51,CANASTA-2P,VISITANTE,50,"SANTOS, EDUARDO",1,6:17,7,8
125530,11/12/2025,VEN,BRA,52,TIRO3-FALLADO,LOCAL,4,"SEGOVIA, RICHARD",1,6:06,7,8
125530,11/12/2025,VEN,BRA,53,REBOTE-DEFENSIVO,VISITANTE,33,"FERREIRA, CRISTIAN",1,6:02,7,8
125530,11/12/2025,VEN,BRA,54,CANASTA-2P,VISITANTE,14,"NEVES, JOAO",1,5:57,7,10
125530,11/12/2025,VEN,BRA,55,ASISTENCIA,VISITANTE,10,"MELO, PIETRO",1,5:57,7,10
125530,11/12/2025,VEN,BRA,56,CANASTA-2P,LOCAL,3,"VASQUEZ, JULIO",1,5:39,9,10
125530,11/12/2025,VEN,BRA,57,ASISTENCIA,LOCAL,14,"GUTIERREZ, KEVIN",1,5:39,9,10
125530,11/12/2025,VEN,BRA,58,FALTA-COMETIDA,LOCAL,3,"VASQUEZ, JULIO",1,5:31,9,10
125530,11/12/2025,VEN,BRA,59,FALTA-RECIBIDA,VISITANTE,25,"SOUZA, PEDRO",1,5:31,9,10
125530,11/12/2025,VEN,BRA,60,CAMBIO-JUGADOR-SALE,LOCAL,7,"LARA, JOSE",1,5:31,9,10
125530,11/12/2025,VEN,BRA,61,CAMBIO-JUGADOR-SALE,LOCAL,23,"NIÑO, SAMUEL",1,5:31,9,10
125530,11/12/2025,VEN,BRA,62,CAMBIO-JUGADOR-ENTRA,LOCAL,9,"PERDOMO, JUAN",1,5:31,9,10
125530,11/12/2025,VEN,BRA,63,CAMBIO-JUGADOR-ENTRA,LOCAL,20,"MONTERO, ISAAC",1,5:31,9,10
125530,11/12/2025,VEN,BRA,64,CANASTA-1P,VISITANTE,25,"SOUZA, PEDRO",1,5:31,9,11
125530,11/12/2025,VEN,BRA,65,CANASTA-1P,VISITANTE,25,"SOUZA, PEDRO",1,5:31,9,12
125530,11/12/2025,VEN,BRA,66,CAMBIO-JUGADOR-SALE,VISITANTE,25,"SOUZA, PEDRO",1,5:31,9,12
125530,11/12/2025,VEN,BRA,67,CAMBIO-JUGADOR-SALE,VISITANTE,33,"FERREIRA, CRISTIAN",1,5:31,9,12
125530,11/12/2025,VEN,BRA,68,CAMBIO-JUGADOR-ENTRA,VISITANTE,3,"NASCIMENTO, MATHEUS",1,5:31,9,12
125530,11/12/2025,VEN,BRA,69,CAMBIO-JUGADOR-ENTRA,VISITANTE,6,"ALVES, PEDRO",1,5:31,9,12
125530,11/12/2025,VEN,BRA,70,TIRO2-FALLADO,LOCAL,3,"VASQUEZ, JULIO",1,5:15,9,12
125530,11/12/2025,VEN,BRA,71,REBOTE-OFENSIVO,LOCAL,3,"VASQUEZ, JULIO",1,5:08,9,12
125530,11/12/2025,VEN,BRA,72,TIRO2-FALLADO,LOCAL,3,"VASQUEZ, JULIO",1,5:07,9,12
125530,11/12/2025,VEN,BRA,73,REBOTE-DEFENSIVO,VISITANTE,10,"MELO, PIETRO",1,5:04,9,12
125530,11/12/2025,VEN,BRA,74,CAMBIO-JUGADOR-SALE,VISITANTE,10,"MELO, PIETRO",1,4:46,9,12
125530,11/12/2025,VEN,BRA,75,CAMBIO-JUGADOR-ENTRA,VISITANTE,8,"FERNANDES, JOAO GABRIEL",1,4:46,9,12
125530,11/12/2025,VEN,BRA,76,CAMBIO-JUGADOR-SALE,VISITANTE,50,"SANTOS, EDUARDO",1,4:46,9,12
125530,11/12/2025,VEN,BRA,77,CAMBIO-JUGADOR-ENTRA,VISITANTE,10,"MELO, PIETRO",1,4:46,9,12
125530,11/12/2025,VEN,BRA,78,CANASTA-3P,VISITANTE,10,"MELO, PIETRO",1,4:46,9,15
125530,11/12/2025,VEN,BRA,79,CANASTA-3P,LOCAL,9,"PERDOMO, JUAN",1,4:37,12,15
125530,11/12/2025,VEN,BRA,80,TIRO2-FALLADO,VISITANTE,3,"NASCIMENTO, MATHEUS",1,4:30,12,15
125530,11/12/2025,VEN,BRA,81,REBOTE-OFENSIVO,VISITANTE,14,"NEVES, JOAO",1,4:21,12,15
125530,11/12/2025,VEN,BRA,82,FALTA-COMETIDA,LOCAL,9,"PERDOMO, JUAN",1,4:17,12,15
125530,11/12/2025,VEN,BRA,83,FALTA-RECIBIDA,VISITANTE,6,"ALVES, PEDRO",1,4:17,12,15
125530,11/12/2025,VEN,BRA,84,CAMBIO-JUGADOR-SALE,LOCAL,3,"VASQUEZ, JULIO",1,4:14,12,15
125530,11/12/2025,VEN,BRA,85,CAMBIO-JUGADOR-SALE,LOCAL,4,"SEGOVIA, RICHARD",1,4:14,12,15
125530,11/12/2025,VEN,BRA,86,CAMBIO-JUGADOR-ENTRA,LOCAL,18,"ANILLO, WILLIAMS",1,4:14,12,15
125530,11/12/2025,VEN,BRA,87,CAMBIO-JUGADOR-ENTRA,LOCAL,26,"SOTO, DIEGO",1,4:14,12,15
125530,11/12/2025,VEN,BRA,88,CAMBIO-JUGADOR-SALE,VISITANTE,14,"NEVES, JOAO",1,4:14,12,15
125530,11/12/2025,VEN,BRA,89,CAMBIO-JUGADOR-ENTRA,VISITANTE,45,"SANTOS, ISAIAH",1,4:14,12,15
125530,11/12/2025,VEN,BRA,90,TIRO1-FALLADO,VISITANTE,6,"ALVES, PEDRO",1,4:14,12,15
125530,11/12/2025,VEN,BRA,91,CANASTA-1P,VISITANTE,6,"ALVES, PEDRO",1,4:14,12,16
125530,11/12/2025,VEN,BRA,92,PERDIDA,LOCAL,26,"SOTO, DIEGO",1,4:08,12,16
125530,11/12/2025,VEN,BRA,93,RECUPERACION,VISITANTE,10,"MELO, PIETRO",1,4:08,12,16
125530,11/12/2025,VEN,BRA,94,CANASTA-2P,VISITANTE,10,"MELO, PIETRO",1,4:03,12,18
125530,11/12/2025,VEN,BRA,95,PERDIDA,LOCAL,18,"ANILLO, WILLIAMS",1,4:00,12,18
125530,11/12/2025,VEN,BRA,96,FALTA-COMETIDA,LOCAL,20,"MONTERO, ISAAC",1,3:46,12,18
125530,11/12/2025,VEN,BRA,97,FALTA-RECIBIDA,VISITANTE,6,"ALVES, PEDRO",1,3:46,12,18
125530,11/12/2025,VEN,BRA,98,TIRO1-FALLADO,VISITANTE,6,"ALVES, PEDRO",1,3:46,12,18
125530,11/12/2025,VEN,BRA,99,TIRO1-FALLADO,VISITANTE,6,"ALVES, PEDRO",1,3:46,12,18
125530,11/12/2025,VEN,BRA,100,REBOTE-DEFENSIVO,LOCAL,20,"MONTERO, ISAAC",1,3:46,12,18
125530,11/12/2025,VEN,BRA,101,PERDIDA,LOCAL,14,"GUTIERREZ, KEVIN",1,3:40,12,18
125530,11/12/2025,VEN,BRA,102,CAMBIO-JUGADOR-SALE,LOCAL,14,"GUTIERREZ, KEVIN",1,3:40,12,18
125530,11/12/2025,VEN,BRA,103,CAMBIO-JUGADOR-ENTRA,LOCAL,23,"NIÑO, SAMUEL",1,3:40,12,18
125530,11/12/2025,VEN,BRA,104,CAMBIO-JUGADOR-SALE,VISITANTE,10,"MELO, PIETRO",1,3:40,12,18
125530,11/12/2025,VEN,BRA,105,CAMBIO-JUGADOR-ENTRA,VISITANTE,11,"BANDIERA, JOÃO",1,3:40,12,18
125530,11/12/2025,VEN,BRA,106,FALTA-COMETIDA,LOCAL,26,"SOTO, DIEGO",1,3:35,12,18
125530,11/12/2025,VEN,BRA,107,FALTA-RECIBIDA,VISITANTE,11,"BANDIERA, JOÃO",1,3:35,12,18
125530,11/12/2025,VEN,BRA,108,PERDIDA,VISITANTE,11,"BANDIERA, JOÃO",1,3:31,12,18
125530,11/12/2025,VEN,BRA,109,RECUPERACION,LOCAL,26,"SOTO, DIEGO",1,3:31,12,18
125530,11/12/2025,VEN,BRA,110,CANASTA-2P,LOCAL,26,"SOTO, DIEGO",1,3:26,14,18
125530,11/12/2025,VEN,BRA,111,FALTA-COMETIDA,LOCAL,23,"NIÑO, SAMUEL",1,3:10,14,18
125530,11/12/2025,VEN,BRA,112,FALTA-RECIBIDA,VISITANTE,6,"ALVES, PEDRO",1,3:10,14,18
125530,11/12/2025,VEN,BRA,113,TIEMPO-MUERTO-SOLICITADO,LOCAL,,,1,3:10,14,18
125530,11/12/2025,VEN,BRA,114,CANASTA-1P,VISITANTE,6,"ALVES, PEDRO",1,3:10,14,19
125530,11/12/2025,VEN,BRA,115,TIRO1-FALLADO,VISITANTE,6,"ALVES, PEDRO",1,3:10,14,19
125530,11/12/2025,VEN,BRA,116,REBOTE-OFENSIVO,VISITANTE,45,"SANTOS, ISAIAH",1,3:10,14,19
125530,11/12/2025,VEN,BRA,117,TIRO2-FALLADO,VISITANTE,45,"SANTOS, ISAIAH",1,3:09,14,19
125530,11/12/2025,VEN,BRA,118,REBOTE-OFENSIVO,VISITANTE,45,"SANTOS, ISAIAH",1,3:06,14,19
125530,11/12/2025,VEN,BRA,119,JUMP-BALL,LOCAL,,,1,3:06,14,19
125530,11/12/2025,VEN,BRA,120,PERDIDA,VISITANTE,45,"SANTOS, ISAIAH",1,3:06,14,19
125530,11/12/2025,VEN,BRA,121,RECUPERACION,LOCAL,9,"PERDOMO, JUAN",1,3:06,14,19
125530,11/12/2025,VEN,BRA,122,FALTA-COMETIDA,VISITANTE,3,"NASCIMENTO, MATHEUS",1,2:49,14,19
125530,11/12/2025,VEN,BRA,123,FALTA-RECIBIDA,LOCAL,26,"SOTO, DIEGO",1,2:49,14,19
125530,11/12/2025,VEN,BRA,124,CANASTA-1P,LOCAL,26,"SOTO, DIEGO",1,2:49,15,19
125530,11/12/2025,VEN,BRA,125,CANASTA-1P,LOCAL,26,"SOTO, DIEGO",1,2:49,16,19
125530,11/12/2025,VEN,BRA,126,PERDIDA,VISITANTE,45,"SANTOS, ISAIAH",1,2:26,16,19
125530,11/12/2025,VEN,BRA,127,PERDIDA,LOCAL,9,"PERDOMO, JUAN",1,2:24,16,19
125530,11/12/2025,VEN,BRA,128,CAMBIO-JUGADOR-SALE,LOCAL,26,"SOTO, DIEGO",1,2:24,16,19
125530,11/12/2025,VEN,BRA,129,CAMBIO-JUGADOR-ENTRA,LOCAL,2,"TORRES, DEIKER",1,2:24,16,19
125530,11/12/2025,VEN,BRA,130,TIRO3-FALLADO,VISITANTE,8,"FERNANDES, JOAO GABRIEL",1,2:15,16,19
125530,11/12/2025,VEN,BRA,131,REBOTE-OFENSIVO,VISITANTE,3,"NASCIMENTO, MATHEUS",1,2:12,16,19
125530,11/12/2025,VEN,BRA,132,CANASTA-3P,VISITANTE,3,"NASCIMENTO, MATHEUS",1,2:09,16,22
125530,11/12/2025,VEN,BRA,133,TIRO3-FALLADO,LOCAL,18,"ANILLO, WILLIAMS",1,1:44,16,22
125530,11/12/2025,VEN,BRA,134,REBOTE-OFENSIVO,LOCAL,23,"NIÑO, SAMUEL",1,1:40,16,22
125530,11/12/2025,VEN,BRA,135,CANASTA-2P,LOCAL,18,"ANILLO, WILLIAMS",1,1:28,18,22
125530,11/12/2025,VEN,BRA,136,ASISTENCIA,LOCAL,23,"NIÑO, SAMUEL",1,1:28,18,22
125530,11/12/2025,VEN,BRA,137,TIRO3-FALLADO,VISITANTE,8,"FERNANDES, JOAO GABRIEL",1,1:09,18,22
125530,11/12/2025,VEN,BRA,138,REBOTE-OFENSIVO,VISITANTE,45,"SANTOS, ISAIAH",1,1:04,18,22
125530,11/12/2025,VEN,BRA,139,TIRO2-FALLADO,VISITANTE,45,"SANTOS, ISAIAH",1,1:03,18,22
125530,11/12/2025,VEN,BRA,140,TAPON-COMETIDO,LOCAL,9,"PERDOMO, JUAN",1,1:03,18,22
125530,11/12/2025,VEN,BRA,141,REBOTE-OFENSIVO,VISITANTE,,,1,1:03,18,22
125530,11/12/2025,VEN,BRA,142,TIRO3-FALLADO,VISITANTE,3,"NASCIMENTO, MATHEUS",1,0:56,18,22
125530,11/12/2025,VEN,BRA,143,REBOTE-DEFENSIVO,LOCAL,9,"PERDOMO, JUAN",1,0:49,18,22
125530,11/12/2025,VEN,BRA,144,CANASTA-2P,LOCAL,2,"TORRES, DEIKER",1,0:43,20,22
125530,11/12/2025,VEN,BRA,145,CANASTA-3P,VISITANTE,45,"SANTOS, ISAIAH",1,0:29,20,25
125530,11/12/2025,VEN,BRA,146,ASISTENCIA,VISITANTE,3,"NASCIMENTO, MATHEUS",1,0:29,20,25
125530,11/12/2025,VEN,BRA,147,CANASTA-3P,LOCAL,2,"TORRES, DEIKER",1,0:09,23,25
125530,11/12/2025,VEN,BRA,148,TIRO3-FALLADO,VISITANTE,11,"BANDIERA, JOÃO",1,0:01,23,25
125530,11/12/2025,VEN,BRA,149,FINAL-PERIODO,,,,1,0:00,23,25
125530,11/12/2025,VEN,BRA,150,CAMBIO-JUGADOR-SALE,LOCAL,9,"PERDOMO, JUAN",2,10:00,23,25
125530,11/12/2025,VEN,BRA,151,CAMBIO-JUGADOR-SALE,LOCAL,20,"MONTERO, ISAAC",2,10:00,23,25
125530,11/12/2025,VEN,BRA,152,CAMBIO-JUGADOR-ENTRA,LOCAL,3,"VASQUEZ, JULIO",2,10:00,23,25
125530,11/12/2025,VEN,BRA,153,CAMBIO-JUGADOR-ENTRA,LOCAL,14,"GUTIERREZ, KEVIN",2,10:00,23,25
125530,11/12/2025,VEN,BRA,154,CAMBIO-JUGADOR-SALE,VISITANTE,3,"NASCIMENTO, MATHEUS",2,10:00,23,25
125530,11/12/2025,VEN,BRA,155,CAMBIO-JUGADOR-SALE,VISITANTE,8,"FERNANDES, JOAO GABRIEL",2,10:00,23,25
125530,11/12/2025,VEN,BRA,156,CAMBIO-JUGADOR-SALE,VISITANTE,11,"BANDIERA, JOÃO",2,10:00,23,25
125530,11/12/2025,VEN,BRA,157,CAMBIO-JUGADOR-ENTRA,VISITANTE,10,"MELO, PIETRO",2,10:00,23,25
125530,11/12/2025,VEN,BRA,158,CAMBIO-JUGADOR-ENTRA,VISITANTE,14,"NEVES, JOAO",2,10:00,23,25
125530,11/12/2025,VEN,BRA,159,CAMBIO-JUGADOR-ENTRA,VISITANTE,25,"SOUZA, PEDRO",2,10:00,23,25
125530,11/12/2025,VEN,BRA,160,INICIO-PERIODO,,,,2,10:00,23,25
125530,11/12/2025,VEN,BRA,161,PERDIDA,VISITANTE,14,"NEVES, JOAO",2,9:47,23,25
125530,11/12/2025,VEN,BRA,162,RECUPERACION,LOCAL,2,"TORRES, DEIKER",2,9:47,23,25
125530,11/12/2025,VEN,BRA,163,TIRO3-FALLADO,LOCAL,18,"ANILLO, WILLIAMS",2,9:25,23,25
125530,11/12/2025,VEN,BRA,164,REBOTE-DEFENSIVO,VISITANTE,6,"ALVES, PEDRO",2,9:21,23,25
125530,11/12/2025,VEN,BRA,165,TIRO3-FALLADO,VISITANTE,10,"MELO, PIETRO",2,9:05,23,25
125530,11/12/2025,VEN,BRA,166,REBOTE-OFENSIVO,VISITANTE,6,"ALVES, PEDRO",2,9:00,23,25
125530,11/12/2025,VEN,BRA,167,FALTA-COMETIDA,LOCAL,14,"GUTIERREZ, KEVIN",2,8:59,23,25
125530,11/12/2025,VEN,BRA,168,FALTA-RECIBIDA,VISITANTE,45,"SANTOS, ISAIAH",2,8:59,23,25
125530,11/12/2025,VEN,BRA,169,CANASTA-1P,VISITANTE,45,"SANTOS, ISAIAH",2,8:59,23,26
125530,11/12/2025,VEN,BRA,170,CANASTA-1P,VISITANTE,45,"SANTOS, ISAIAH",2,8:59,23,27
125530,11/12/2025,VEN,BRA,171,TIRO2-FALLADO,LOCAL,3,"VASQUEZ, JULIO",2,8:38,23,27
125530,11/12/2025,VEN,BRA,172,REBOTE-DEFENSIVO,VISITANTE,6,"ALVES, PEDRO",2,8:35,23,27
125530,11/12/2025,VEN,BRA,173,CANASTA-2P,VISITANTE,25,"SOUZA, PEDRO",2,8:28,23,29
125530,11/12/2025,VEN,BRA,174,TIRO2-FALLADO,LOCAL,2,"TORRES, DEIKER",2,8:07,23,29
125530,11/12/2025,VEN,BRA,175,REBOTE-DEFENSIVO,VISITANTE,25,"SOUZA, PEDRO",2,8:04,23,29
125530,11/12/2025,VEN,BRA,176,CANASTA-2P,VISITANTE,45,"SANTOS, ISAIAH",2,8:00,23,31
125530,11/12/2025,VEN,BRA,177,ASISTENCIA,VISITANTE,14,"NEVES, JOAO",2,8:00,23,31
125530,11/12/2025,VEN,BRA,178,TIRO3-FALLADO,LOCAL,3,"VASQUEZ, JULIO",2,7:44,23,31
125530,11/12/2025,VEN,BRA,179,REBOTE-DEFENSIVO,VISITANTE,45,"SANTOS, ISAIAH",2,7:40,23,31
125530,11/12/2025,VEN,BRA,180,TIRO3-FALLADO,VISITANTE,10,"MELO, PIETRO",2,7:31,23,31
125530,11/12/2025,VEN,BRA,181,REBOTE-DEFENSIVO,LOCAL,,,2,7:29,23,31
125530,11/12/2025,VEN,BRA,182,CAMBIO-JUGADOR-SALE,LOCAL,2,"TORRES, DEIKER",2,7:29,23,31
125530,11/12/2025,VEN,BRA,183,CAMBIO-JUGADOR-SALE,LOCAL,18,"ANILLO, WILLIAMS",2,7:29,23,31
125530,11/12/2025,VEN,BRA,184,CAMBIO-JUGADOR-ENTRA,LOCAL,4,"SEGOVIA, RICHARD",2,7:29,23,31
125530,11/12/2025,VEN,BRA,185,CAMBIO-JUGADOR-ENTRA,LOCAL,9,"PERDOMO, JUAN",2,7:29,23,31
125530,11/12/2025,VEN,BRA,186,TIRO2-FALLADO,LOCAL,3,"VASQUEZ, JULIO",2,7:20,23,31
125530,11/12/2025,VEN,BRA,187,TAPON-COMETIDO,VISITANTE,45,"SANTOS, ISAIAH",2,7:20,23,31
125530,11/12/2025,VEN,BRA,188,REBOTE-OFENSIVO,LOCAL,4,"SEGOVIA, RICHARD",2,7:15,23,31
125530,11/12/2025,VEN,BRA,189,TIRO2-FALLADO,LOCAL,23,"NIÑO, SAMUEL",2,7:08,23,31
125530,11/12/2025,VEN,BRA,190,TIEMPO-MUERTO-SOLICITADO,LOCAL,,,2,7:06,23,31
125530,11/12/2025,VEN,BRA,191,CAMBIO-JUGADOR-SALE,VISITANTE,6,"ALVES, PEDRO",2,7:02,23,31
125530,11/12/2025,VEN,BRA,192,CAMBIO-JUGADOR-ENTRA,VISITANTE,33,"FERREIRA, CRISTIAN",2,7:02,23,31
125530,11/12/2025,VEN,BRA,193,TIRO3-FALLADO,VISITANTE,25,"SOUZA, PEDRO",2,6:55,23,31
125530,11/12/2025,VEN,BRA,194,REBOTE-OFENSIVO,VISITANTE,45,"SANTOS, ISAIAH",2,6:50,23,31
125530,11/12/2025,VEN,BRA,195,TIRO2-FALLADO,VISITANTE,45,"SANTOS, ISAIAH",2,6:50,23,31
125530,11/12/2025,VEN,BRA,196,REBOTE-OFENSIVO,VISITANTE,33,"FERREIRA, CRISTIAN",2,6:49,23,31
125530,11/12/2025,VEN,BRA,197,TIRO3-FALLADO,VISITANTE,45,"SANTOS, ISAIAH",2,6:36,23,31
125530,11/12/2025,VEN,BRA,198,REBOTE-DEFENSIVO,LOCAL,14,"GUTIERREZ, KEVIN",2,6:33,23,31
125530,11/12/2025,VEN,BRA,199,CANASTA-2P,LOCAL,3,"VASQUEZ, JULIO",2,6:29,25,31
125530,11/12/2025,VEN,BRA,200,TIRO2-FALLADO,VISITANTE,33,"FERREIRA, CRISTIAN",2,6:17,25,31
125530,11/12/2025,VEN,BRA,201,REBOTE-DEFENSIVO,LOCAL,23,"NIÑO, SAMUEL",2,6:14,25,31
125530,11/12/2025,VEN,BRA,202,FALTA-COMETIDA,VISITANTE,10,"MELO, PIETRO",2,6:13,25,31
125530,11/12/2025,VEN,BRA,203,FALTA-RECIBIDA,LOCAL,4,"SEGOVIA, RICHARD",2,6:13,25,31
125530,11/12/2025,VEN,BRA,204,CANASTA-1P,LOCAL,4,"SEGOVIA, RICHARD",2,6:13,26,31
125530,11/12/2025,VEN,BRA,205,CANASTA-1P,LOCAL,4,"SEGOVIA, RICHARD",2,6:13,27,31
125530,11/12/2025,VEN,BRA,206,TIRO2-FALLADO,LOCAL,4,"SEGOVIA, RICHARD",2,6:08,27,31
125530,11/12/2025,VEN,BRA,207,REBOTE-DEFENSIVO,VISITANTE,45,"SANTOS, ISAIAH",2,6:03,27,31
125530,11/12/2025,VEN,BRA,208,CANASTA-2P,VISITANTE,10,"MELO, PIETRO",2,5:54,27,33
125530,11/12/2025,VEN,BRA,209,CANASTA-2P,LOCAL,3,"VASQUEZ, JULIO",2,5:41,29,33
125530,11/12/2025,VEN,BRA,210,ASISTENCIA,LOCAL,23,"NIÑO, SAMUEL",2,5:41,29,33
125530,11/12/2025,VEN,BRA,211,TIRO3-FALLADO,VISITANTE,14,"NEVES, JOAO",2,5:29,29,33
125530,11/12/2025,VEN,BRA,212,REBOTE-OFENSIVO,VISITANTE,,,2,5:25,29,33
125530,11/12/2025,VEN,BRA,213,CAMBIO-JUGADOR-SALE,VISITANTE,45,"SANTOS, ISAIAH",2,5:25,29,33
125530,11/12/2025,VEN,BRA,214,CAMBIO-JUGADOR-ENTRA,VISITANTE,50,"SANTOS, EDUARDO",2,5:25,29,33
125530,11/12/2025,VEN,BRA,215,CANASTA-3P,VISITANTE,14,"NEVES, JOAO",2,5:21,29,36
125530,11/12/2025,VEN,BRA,216,ASISTENCIA,VISITANTE,10,"MELO, PIETRO",2,5:21,29,36
125530,11/12/2025,VEN,BRA,217,TIRO2-FALLADO,LOCAL,23,"NIÑO, SAMUEL",2,5:10,29,36
125530,11/12/2025,VEN,BRA,218,REBOTE-DEFENSIVO,VISITANTE,33,"FERREIRA, CRISTIAN",2,5:07,29,36
125530,11/12/2025,VEN,BRA,219,CANASTA-2P,VISITANTE,25,"SOUZA, PEDRO",2,5:02,29,38
125530,11/12/2025,VEN,BRA,220,TIEMPO-MUERTO-SOLICITADO,LOCAL,,,2,4:59,29,38
125530,11/12/2025,VEN,BRA,221,CAMBIO-JUGADOR-SALE,LOCAL,23,"NIÑO, SAMUEL",2,4:59,29,38
125530,11/12/2025,VEN,BRA,222,CAMBIO-JUGADOR-ENTRA,LOCAL,20,"MONTERO, ISAAC",2,4:59,29,38
125530,11/12/2025,VEN,BRA,223,TIRO3-FALLADO,LOCAL,9,"PERDOMO, JUAN",2,4:36,29,38
125530,11/12/2025,VEN,BRA,224,REBOTE-DEFENSIVO,VISITANTE,14,"NEVES, JOAO",2,4:32,29,38
125530,11/12/2025,VEN,BRA,225,FALTA-COMETIDA,LOCAL,4,"SEGOVIA, RICHARD",2,4:30,29,38
125530,11/12/2025,VEN,BRA,226,FALTA-RECIBIDA,VISITANTE,50,"SANTOS, EDUARDO",2,4:30,29,38
125530,11/12/2025,VEN,BRA,227,CANASTA-1P,VISITANTE,50,"SANTOS, EDUARDO",2,4:30,29,39
125530,11/12/2025,VEN,BRA,228,ASISTENCIA,VISITANTE,14,"NEVES, JOAO",2,4:30,29,39
125530,11/12/2025,VEN,BRA,229,TIRO1-FALLADO,VISITANTE,50,"SANTOS, EDUARDO",2,4:30,29,39
125530,11/12/2025,VEN,BRA,230,REBOTE-DEFENSIVO,LOCAL,14,"GUTIERREZ, KEVIN",2,4:30,29,39
125530,11/12/2025,VEN,BRA,231,TIRO2-FALLADO,LOCAL,20,"MONTERO, ISAAC",2,4:09,29,39
125530,11/12/2025,VEN,BRA,232,TAPON-COMETIDO,VISITANTE,33,"FERREIRA, CRISTIAN",2,4:09,29,39
125530,11/12/2025,VEN,BRA,233,REBOTE-DEFENSIVO,VISITANTE,10,"MELO, PIETRO",2,4:03,29,39
125530,11/12/2025,VEN,BRA,234,CANASTA-2P,VISITANTE,50,"SANTOS, EDUARDO",2,4:02,29,41
125530,11/12/2025,VEN,BRA,235,ASISTENCIA,VISITANTE,33,"FERREIRA, CRISTIAN",2,4:02,29,41
125530,11/12/2025,VEN,BRA,236,CANASTA-3P,LOCAL,9,"PERDOMO, JUAN",2,3:47,32,41
125530,11/12/2025,VEN,BRA,237,ASISTENCIA,LOCAL,20,"MONTERO, ISAAC",2,3:47,32,41
125530,11/12/2025,VEN,BRA,238,FALTA-COMETIDA,VISITANTE,10,"MELO, PIETRO",2,3:47,32,41
125530,11/12/2025,VEN,BRA,239,FALTA-RECIBIDA,LOCAL,9,"PERDOMO, JUAN",2,3:47,32,41
125530,11/12/2025,VEN,BRA,240,CAMBIO-JUGADOR-SALE,LOCAL,4,"SEGOVIA, RICHARD",2,3:47,32,41
125530,11/12/2025,VEN,BRA,241,CAMBIO-JUGADOR-SALE,LOCAL,20,"MONTERO, ISAAC",2,3:47,32,41
125530,11/12/2025,VEN,BRA,242,CAMBIO-JUGADOR-ENTRA,LOCAL,2,"TORRES, DEIKER",2,3:47,32,41
125530,11/12/2025,VEN,BRA,243,CAMBIO-JUGADOR-ENTRA,LOCAL,23,"NIÑO, SAMUEL",2,3:47,32,41
125530,11/12/2025,VEN,BRA,244,CANASTA-1P,LOCAL,9,"PERDOMO, JUAN",2,3:47,33,41
125530,11/12/2025,VEN,BRA,245,TIEMPO-MUERTO-SOLICITADO,VISITANTE,,,2,3:47,33,41
125530,11/12/2025,VEN,BRA,246,CAMBIO-JUGADOR-SALE,VISITANTE,10,"MELO, PIETRO",2,3:47,33,41
125530,11/12/2025,VEN,BRA,247,CAMBIO-JUGADOR-ENTRA,VISITANTE,2,"MATHIAS, CAIO",2,3:47,33,41
125530,11/12/2025,VEN,BRA,248,TIRO3-FALLADO,VISITANTE,25,"SOUZA, PEDRO",2,3:29,33,41
125530,11/12/2025,VEN,BRA,249,REBOTE-DEFENSIVO,LOCAL,14,"GUTIERREZ, KEVIN",2,3:25,33,41
125530,11/12/2025,VEN,BRA,250,CANASTA-3P,LOCAL,9,"PERDOMO, JUAN",2,3:05,36,41
125530,11/12/2025,VEN,BRA,251,ASISTENCIA,LOCAL,3,"VASQUEZ, JULIO",2,3:05,36,41
125530,11/12/2025,VEN,BRA,252,FALTA-COMETIDA,LOCAL,9,"PERDOMO, JUAN",2,2:56,36,41
125530,11/12/2025,VEN,BRA,253,FALTA-RECIBIDA,VISITANTE,33,"FERREIRA, CRISTIAN",2,2:56,36,41
125530,11/12/2025,VEN,BRA,254,TIRO1-FALLADO,VISITANTE,33,"FERREIRA, CRISTIAN",2,2:56,36,41
125530,11/12/2025,VEN,BRA,255,TIRO1-FALLADO,VISITANTE,33,"FERREIRA, CRISTIAN",2,2:56,36,41
125530,11/12/2025,VEN,BRA,256,REBOTE-DEFENSIVO,LOCAL,,,2,2:54,36,41
125530,11/12/2025,VEN,BRA,257,TIRO3-FALLADO,LOCAL,23,"NIÑO, SAMUEL",2,2:26,36,41
125530,11/12/2025,VEN,BRA,258,TAPON-COMETIDO,VISITANTE,50,"SANTOS, EDUARDO",2,2:26,36,41
125530,11/12/2025,VEN,BRA,259,REBOTE-OFENSIVO,LOCAL,23,"NIÑO, SAMUEL",2,2:21,36,41
125530,11/12/2025,VEN,BRA,260,CANASTA-2P,LOCAL,23,"NIÑO, SAMUEL",2,2:20,38,41
125530,11/12/2025,VEN,BRA,261,TIRO2-FALLADO,VISITANTE,25,"SOUZA, PEDRO",2,2:12,38,41
125530,11/12/2025,VEN,BRA,262,REBOTE-DEFENSIVO,LOCAL,23,"NIÑO, SAMUEL",2,2:09,38,41
125530,11/12/2025,VEN,BRA,263,TIRO2-FALLADO,LOCAL,3,"VASQUEZ, JULIO",2,2:03,38,41
125530,11/12/2025,VEN,BRA,264,REBOTE-OFENSIVO,LOCAL,23,"NIÑO, SAMUEL",2,1:59,38,41
125530,11/12/2025,VEN,BRA,265,FALTA-COMETIDA,VISITANTE,2,"MATHIAS, CAIO",2,1:59,38,41
125530,11/12/2025,VEN,BRA,266,FALTA-RECIBIDA,LOCAL,23,"NIÑO, SAMUEL",2,1:59,38,41
125530,11/12/2025,VEN,BRA,267,CAMBIO-JUGADOR-SALE,LOCAL,9,"PERDOMO, JUAN",2,1:59,38,41
125530,11/12/2025,VEN,BRA,268,CAMBIO-JUGADOR-ENTRA,LOCAL,18,"ANILLO, WILLIAMS",2,1:59,38,41
125530,11/12/2025,VEN,BRA,269,CAMBIO-JUGADOR-SALE,VISITANTE,14,"NEVES, JOAO",2,1:59,38,41
125530,11/12/2025,VEN,BRA,270,CAMBIO-JUGADOR-ENTRA,VISITANTE,45,"SANTOS, ISAIAH",2,1:59,38,41
125530,11/12/2025,VEN,BRA,271,CANASTA-1P,LOCAL,23,"NIÑO, SAMUEL",2,1:59,39,41
125530,11/12/2025,VEN,BRA,272,TIRO1-FALLADO,LOCAL,23,"NIÑO, SAMUEL",2,1:59,39,41
125530,11/12/2025,VEN,BRA,273,REBOTE-DEFENSIVO,VISITANTE,50,"SANTOS, EDUARDO",2,1:59,39,41
125530,11/12/2025,VEN,BRA,274,CANASTA-2P,VISITANTE,50,"SANTOS, EDUARDO",2,1:49,39,43
125530,11/12/2025,VEN,BRA,275,TIRO2-FALLADO,LOCAL,23,"NIÑO, SAMUEL",2,1:38,39,43
125530,11/12/2025,VEN,BRA,276,REBOTE-DEFENSIVO,VISITANTE,33,"FERREIRA, CRISTIAN",2,1:35,39,43
125530,11/12/2025,VEN,BRA,277,PERDIDA,VISITANTE,50,"SANTOS, EDUARDO",2,1:32,39,43
125530,11/12/2025,VEN,BRA,278,CAMBIO-JUGADOR-SALE,VISITANTE,25,"SOUZA, PEDRO",2,1:32,39,43
125530,11/12/2025,VEN,BRA,279,CAMBIO-JUGADOR-ENTRA,VISITANTE,3,"NASCIMENTO, MATHEUS",2,1:32,39,43
125530,11/12/2025,VEN,BRA,280,TIRO3-FALLADO,LOCAL,14,"GUTIERREZ, KEVIN",2,1:21,39,43
125530,11/12/2025,VEN,BRA,281,REBOTE-DEFENSIVO,VISITANTE,2,"MATHIAS, CAIO",2,1:17,39,43
125530,11/12/2025,VEN,BRA,282,TIRO3-FALLADO,VISITANTE,50,"SANTOS, EDUARDO",2,1:07,39,43
125530,11/12/2025,VEN,BRA,283,REBOTE-OFENSIVO,VISITANTE,45,"SANTOS, ISAIAH",2,1:03,39,43
125530,11/12/2025,VEN,BRA,284,CANASTA-2P,VISITANTE,45,"SANTOS, ISAIAH",2,1:01,39,45
125530,11/12/2025,VEN,BRA,285,TIRO2-FALLADO,LOCAL,3,"VASQUEZ, JULIO",2,0:43,39,45
125530,11/12/2025,VEN,BRA,286,REBOTE-DEFENSIVO,VISITANTE,45,"SANTOS, ISAIAH",2,0:40,39,45
125530,11/12/2025,VEN,BRA,287,TIRO2-FALLADO,VISITANTE,3,"NASCIMENTO, MATHEUS",2,0:35,39,45
125530,11/12/2025,VEN,BRA,288,REBOTE-OFENSIVO,VISITANTE,2,"MATHIAS, CAIO",2,0:32,39,45
125530,11/12/2025,VEN,BRA,289,TIRO3-FALLADO,VISITANTE,2,"MATHIAS, CAIO",2,0:30,39,45
125530,11/12/2025,VEN,BRA,290,REBOTE-DEFENSIVO,LOCAL,,,2,0:29,39,45
125530,11/12/2025,VEN,BRA,291,CAMBIO-JUGADOR-SALE,LOCAL,23,"NIÑO, SAMUEL",2,0:29,39,45
125530,11/12/2025,VEN,BRA,292,CAMBIO-JUGADOR-ENTRA,LOCAL,9,"PERDOMO, JUAN",2,0:29,39,45
125530,11/12/2025,VEN,BRA,293,CAMBIO-JUGADOR-SALE,VISITANTE,50,"SANTOS, EDUARDO",2,0:29,39,45
125530,11/12/2025,VEN,BRA,294,CAMBIO-JUGADOR-ENTRA,VISITANTE,11,"BANDIERA, JOÃO",2,0:29,39,45
125530,11/12/2025,VEN,BRA,295,FALTA-COMETIDA,VISITANTE,2,"MATHIAS, CAIO",2,0:22,39,45
125530,11/12/2025,VEN,BRA,296,FALTA-RECIBIDA,LOCAL,2,"TORRES, DEIKER",2,0:22,39,45
125530,11/12/2025,VEN,BRA,297,CANASTA-2P,LOCAL,14,"GUTIERREZ, KEVIN",2,0:16,41,45
125530,11/12/2025,VEN,BRA,298,TIEMPO-MUERTO-SOLICITADO,VISITANTE,,,2,0:15,41,45
125530,11/12/2025,VEN,BRA,299,CAMBIO-JUGADOR-SALE,LOCAL,2,"TORRES, DEIKER",2,0:15,41,45
125530,11/12/2025,VEN,BRA,300,CAMBIO-JUGADOR-SALE,LOCAL,9,"PERDOMO, JUAN",2,0:15,41,45
125530,11/12/2025,VEN,BRA,301,CAMBIO-JUGADOR-ENTRA,LOCAL,4,"SEGOVIA, RICHARD",2,0:15,41,45
125530,11/12/2025,VEN,BRA,302,CAMBIO-JUGADOR-ENTRA,LOCAL,20,"MONTERO, ISAAC",2,0:15,41,45
125530,11/12/2025,VEN,BRA,303,CAMBIO-JUGADOR-SALE,VISITANTE,2,"MATHIAS, CAIO",2,0:15,41,45
125530,11/12/2025,VEN,BRA,304,CAMBIO-JUGADOR-SALE,VISITANTE,11,"BANDIERA, JOÃO",2,0:15,41,45
125530,11/12/2025,VEN,BRA,305,CAMBIO-JUGADOR-SALE,VISITANTE,33,"FERREIRA, CRISTIAN",2,0:15,41,45
125530,11/12/2025,VEN,BRA,306,CAMBIO-JUGADOR-SALE,VISITANTE,45,"SANTOS, ISAIAH",2,0:15,41,45
125530,11/12/2025,VEN,BRA,307,CAMBIO-JUGADOR-ENTRA,VISITANTE,10,"MELO, PIETRO",2,0:15,41,45
125530,11/12/2025,VEN,BRA,308,CAMBIO-JUGADOR-ENTRA,VISITANTE,14,"NEVES, JOAO",2,0:15,41,45
125530,11/12/2025,VEN,BRA,309,CAMBIO-JUGADOR-ENTRA,VISITANTE,25,"SOUZA, PEDRO",2,0:15,41,45
125530,11/12/2025,VEN,BRA,310,CAMBIO-JUGADOR-ENTRA,VISITANTE,50,"SANTOS, EDUARDO",2,0:15,41,45
125530,11/12/2025,VEN,BRA,311,CANASTA-3P,VISITANTE,10,"MELO, PIETRO",2,0:03,41,48
125530,11/12/2025,VEN,BRA,312,ASISTENCIA,VISITANTE,25,"SOUZA, PEDRO",2,0:03,41,48
125530,11/12/2025,VEN,BRA,313,FINAL-PERIODO,,,,2,0:00,41,48
125530,11/12/2025,VEN,BRA,314,CAMBIO-JUGADOR-SALE,LOCAL,18,"ANILLO, WILLIAMS",3,10:00,41,48
125530,11/12/2025,VEN,BRA,315,CAMBIO-JUGADOR-SALE,LOCAL,20,"MONTERO, ISAAC",3,10:00,41,48
125530,11/12/2025,VEN,BRA,316,CAMBIO-JUGADOR-ENTRA,LOCAL,7,"LARA, JOSE",3,10:00,41,48
125530,11/12/2025,VEN,BRA,317,CAMBIO-JUGADOR-ENTRA,LOCAL,23,"NIÑO, SAMUEL",3,10:00,41,48
125530,11/12/2025,VEN,BRA,318,CAMBIO-JUGADOR-SALE,VISITANTE,3,"NASCIMENTO, MATHEUS",3,10:00,41,48
125530,11/12/2025,VEN,BRA,319,CAMBIO-JUGADOR-ENTRA,VISITANTE,33,"FERREIRA, CRISTIAN",3,10:00,41,48
125530,11/12/2025,VEN,BRA,320,INICIO-PERIODO,,,,3,10:00,41,48
125530,11/12/2025,VEN,BRA,321,PERDIDA,LOCAL,,,3,9:50,41,48
125530,11/12/2025,VEN,BRA,322,TIRO2-FALLADO,VISITANTE,14,"NEVES, JOAO",3,9:41,41,48
125530,11/12/2025,VEN,BRA,323,REBOTE-OFENSIVO,VISITANTE,33,"FERREIRA, CRISTIAN",3,9:37,41,48
125530,11/12/2025,VEN,BRA,324,TIRO2-FALLADO,VISITANTE,33,"FERREIRA, CRISTIAN",3,9:34,41,48
125530,11/12/2025,VEN,BRA,325,REBOTE-DEFENSIVO,LOCAL,23,"NIÑO, SAMUEL",3,9:28,41,48
125530,11/12/2025,VEN,BRA,326,CANASTA-2P,LOCAL,7,"LARA, JOSE",3,9:26,43,48
125530,11/12/2025,VEN,BRA,327,ASISTENCIA,LOCAL,3,"VASQUEZ, JULIO",3,9:26,43,48
125530,11/12/2025,VEN,BRA,328,TIRO2-FALLADO,VISITANTE,25,"SOUZA, PEDRO",3,9:14,43,48
125530,11/12/2025,VEN,BRA,329,REBOTE-DEFENSIVO,LOCAL,14,"GUTIERREZ, KEVIN",3,9:05,43,48
125530,11/12/2025,VEN,BRA,330,CANASTA-2P,LOCAL,3,"VASQUEZ, JULIO",3,9:02,45,48
125530,11/12/2025,VEN,BRA,331,FALTA-COMETIDA,LOCAL,23,"NIÑO, SAMUEL",3,8:45,45,48
125530,11/12/2025,VEN,BRA,332,FALTA-RECIBIDA,VISITANTE,33,"FERREIRA, CRISTIAN",3,8:45,45,48
125530,11/12/2025,VEN,BRA,333,TIRO1-FALLADO,VISITANTE,33,"FERREIRA, CRISTIAN",3,8:45,45,48
125530,11/12/2025,VEN,BRA,334,TIRO1-FALLADO,VISITANTE,33,"FERREIRA, CRISTIAN",3,8:45,45,48
125530,11/12/2025,VEN,BRA,335,REBOTE-OFENSIVO,VISITANTE,14,"NEVES, JOAO",3,8:45,45,48
125530,11/12/2025,VEN,BRA,336,TIRO2-FALLADO,VISITANTE,50,"SANTOS, EDUARDO",3,8:37,45,48
125530,11/12/2025,VEN,BRA,337,REBOTE-OFENSIVO,VISITANTE,25,"SOUZA, PEDRO",3,8:32,45,48
125530,11/12/2025,VEN,BRA,338,CANASTA-2P,VISITANTE,25,"SOUZA, PEDRO",3,8:32,45,50
125530,11/12/2025,VEN,BRA,339,TIRO2-FALLADO,LOCAL,14,"GUTIERREZ, KEVIN",3,8:18,45,50
125530,11/12/2025,VEN,BRA,340,REBOTE-DEFENSIVO,VISITANTE,14,"NEVES, JOAO",3,8:15,45,50
125530,11/12/2025,VEN,BRA,341,CANASTA-2P,VISITANTE,50,"SANTOS, EDUARDO",3,8:12,45,52
125530,11/12/2025,VEN,BRA,342,ASISTENCIA,VISITANTE,14,"NEVES, JOAO",3,8:12,45,52
125530,11/12/2025,VEN,BRA,343,FALTA-COMETIDA,VISITANTE,33,"FERREIRA, CRISTIAN",3,7:53,45,52
125530,11/12/2025,VEN,BRA,344,FALTA-RECIBIDA,LOCAL,23,"NIÑO, SAMUEL",3,7:53,45,52
125530,11/12/2025,VEN,BRA,345,TIRO1-FALLADO,LOCAL,23,"NIÑO, SAMUEL",3,7:53,45,52
125530,11/12/2025,VEN,BRA,346,TIRO1-FALLADO,LOCAL,23,"NIÑO, SAMUEL",3,7:53,45,52
125530,11/12/2025,VEN,BRA,347,REBOTE-DEFENSIVO,VISITANTE,33,"FERREIRA, CRISTIAN",3,7:53,45,52
125530,11/12/2025,VEN,BRA,348,TIRO2-FALLADO,VISITANTE,25,"SOUZA, PEDRO",3,7:47,45,52
125530,11/12/2025,VEN,BRA,349,REBOTE-DEFENSIVO,LOCAL,7,"LARA, JOSE",3,7:44,45,52
125530,11/12/2025,VEN,BRA,350,TIRO2-FALLADO,LOCAL,7,"LARA, JOSE",3,7:40,45,52
125530,11/12/2025,VEN,BRA,351,REBOTE-OFENSIVO,LOCAL,4,"SEGOVIA, RICHARD",3,7:37,45,52
125530,11/12/2025,VEN,BRA,352,TIRO3-FALLADO,LOCAL,4,"SEGOVIA, RICHARD",3,7:31,45,52
125530,11/12/2025,VEN,BRA,353,REBOTE-DEFENSIVO,VISITANTE,14,"NEVES, JOAO",3,7:16,45,52
125530,11/12/2025,VEN,BRA,354,TIRO3-FALLADO,VISITANTE,10,"MELO, PIETRO",3,7:12,45,52
125530,11/12/2025,VEN,BRA,355,REBOTE-DEFENSIVO,LOCAL,,,3,7:11,45,52
125530,11/12/2025,VEN,BRA,356,FALTA-COMETIDA,VISITANTE,25,"SOUZA, PEDRO",3,7:11,45,52
125530,11/12/2025,VEN,BRA,357,FALTA-RECIBIDA,LOCAL,4,"SEGOVIA, RICHARD",3,7:11,45,52
125530,11/12/2025,VEN,BRA,358,TIRO3-FALLADO,LOCAL,3,"VASQUEZ, JULIO",3,6:52,45,52
125530,11/12/2025,VEN,BRA,359,REBOTE-OFENSIVO,LOCAL,7,"LARA, JOSE",3,6:46,45,52
125530,11/12/2025,VEN,BRA,360,CANASTA-3P,LOCAL,4,"SEGOVIA, RICHARD",3,6:44,48,52
125530,11/12/2025,VEN,BRA,361,ASISTENCIA,LOCAL,7,"LARA, JOSE",3,6:44,48,52
125530,11/12/2025,VEN,BRA,362,CANASTA-2P,VISITANTE,10,"MELO, PIETRO",3,6:28,48,54
125530,11/12/2025,VEN,BRA,363,TIRO2-FALLADO,LOCAL,4,"SEGOVIA, RICHARD",3,6:18,48,54
125530,11/12/2025,VEN,BRA,364,REBOTE-DEFENSIVO,VISITANTE,14,"NEVES, JOAO",3,6:14,48,54
125530,11/12/2025,VEN,BRA,365,TIRO2-FALLADO,VISITANTE,14,"NEVES, JOAO",3,6:10,48,54
125530,11/12/2025,VEN,BRA,366,TAPON-COMETIDO,LOCAL,14,"GUTIERREZ, KEVIN",3,6:10,48,54
125530,11/12/2025,VEN,BRA,367,REBOTE-OFENSIVO,VISITANTE,,,3,6:10,48,54
125530,11/12/2025,VEN,BRA,368,TIRO3-FALLADO,VISITANTE,14,"NEVES, JOAO",3,6:10,48,54
125530,11/12/2025,VEN,BRA,369,REBOTE-DEFENSIVO,LOCAL,7,"LARA, JOSE",3,6:05,48,54
125530,11/12/2025,VEN,BRA,370,TIRO3-FALLADO,LOCAL,14,"GUTIERREZ, KEVIN",3,5:50,48,54
125530,11/12/2025,VEN,BRA,371,REBOTE-DEFENSIVO,VISITANTE,25,"SOUZA, PEDRO",3,5:47,48,54
125530,11/12/2025,VEN,BRA,372,CANASTA-3P,VISITANTE,10,"MELO, PIETRO",3,5:42,48,57
125530,11/12/2025,VEN,BRA,373,ASISTENCIA,VISITANTE,14,"NEVES, JOAO",3,5:42,48,57
125530,11/12/2025,VEN,BRA,374,CAMBIO-JUGADOR-SALE,LOCAL,4,"SEGOVIA, RICHARD",3,5:37,48,57
125530,11/12/2025,VEN,BRA,375,CAMBIO-JUGADOR-ENTRA,LOCAL,2,"TORRES, DEIKER",3,5:37,48,57
125530,11/12/2025,VEN,BRA,376,TIRO2-FALLADO,LOCAL,3,"VASQUEZ, JULIO",3,5:14,48,57
125530,11/12/2025,VEN,BRA,377,REBOTE-DEFENSIVO,VISITANTE,50,"SANTOS, EDUARDO",3,5:10,48,57
125530,11/12/2025,VEN,BRA,378,FALTA-COMETIDA,LOCAL,23,"NIÑO, SAMUEL",3,5:08,48,57
125530,11/12/2025,VEN,BRA,379,FALTA-RECIBIDA,VISITANTE,14,"NEVES, JOAO",3,5:08,48,57
125530,11/12/2025,VEN,BRA,380,CANASTA-1P,VISITANTE,14,"NEVES, JOAO",3,5:08,48,58
125530,11/12/2025,VEN,BRA,381,CANASTA-1P,VISITANTE,14,"NEVES, JOAO",3,5:08,48,59
125530,11/12/2025,VEN,BRA,382,CAMBIO-JUGADOR-SALE,LOCAL,7,"LARA, JOSE",3,5:08,48,59
125530,11/12/2025,VEN,BRA,383,CAMBIO-JUGADOR-SALE,LOCAL,23,"NIÑO, SAMUEL",3,5:08,48,59
125530,11/12/2025,VEN,BRA,384,CAMBIO-JUGADOR-ENTRA,LOCAL,9,"PERDOMO, JUAN",3,5:08,48,59
125530,11/12/2025,VEN,BRA,385,CAMBIO-JUGADOR-ENTRA,LOCAL,20,"MONTERO, ISAAC",3,5:08,48,59
125530,11/12/2025,VEN,BRA,386,CAMBIO-JUGADOR-SALE,VISITANTE,14,"NEVES, JOAO",3,5:08,48,59
125530,11/12/2025,VEN,BRA,387,CAMBIO-JUGADOR-SALE,VISITANTE,50,"SANTOS, EDUARDO",3,5:08,48,59
125530,11/12/2025,VEN,BRA,388,CAMBIO-JUGADOR-ENTRA,VISITANTE,8,"FERNANDES, JOAO GABRIEL",3,5:08,48,59
125530,11/12/2025,VEN,BRA,389,CAMBIO-JUGADOR-ENTRA,VISITANTE,45,"SANTOS, ISAIAH",3,5:08,48,59
125530,11/12/2025,VEN,BRA,390,CANASTA-2P,LOCAL,2,"TORRES, DEIKER",3,4:48,50,59
125530,11/12/2025,VEN,BRA,391,TIRO3-FALLADO,VISITANTE,10,"MELO, PIETRO",3,4:39,50,59
125530,11/12/2025,VEN,BRA,392,REBOTE-OFENSIVO,VISITANTE,,,3,4:37,50,59
125530,11/12/2025,VEN,BRA,393,CAMBIO-JUGADOR-SALE,VISITANTE,33,"FERREIRA, CRISTIAN",3,4:37,50,59
125530,11/12/2025,VEN,BRA,394,CAMBIO-JUGADOR-ENTRA,VISITANTE,6,"ALVES, PEDRO",3,4:37,50,59
125530,11/12/2025,VEN,BRA,395,FALTA-COMETIDA,LOCAL,14,"GUTIERREZ, KEVIN",3,4:37,50,59
125530,11/12/2025,VEN,BRA,396,FALTA-RECIBIDA,VISITANTE,10,"MELO, PIETRO",3,4:37,50,59
125530,11/12/2025,VEN,BRA,397,TIRO3-FALLADO,VISITANTE,45,"SANTOS, ISAIAH",3,4:35,50,59
125530,11/12/2025,VEN,BRA,398,REBOTE-DEFENSIVO,LOCAL,9,"PERDOMO, JUAN",3,4:32,50,59
125530,11/12/2025,VEN,BRA,399,TIRO3-FALLADO,LOCAL,9,"PERDOMO, JUAN",3,4:23,50,59
125530,11/12/2025,VEN,BRA,400,REBOTE-DEFENSIVO,VISITANTE,45,"SANTOS, ISAIAH",3,4:18,50,59
125530,11/12/2025,VEN,BRA,401,TIRO3-FALLADO,VISITANTE,8,"FERNANDES, JOAO GABRIEL",3,4:12,50,59
125530,11/12/2025,VEN,BRA,402,REBOTE-DEFENSIVO,LOCAL,9,"PERDOMO, JUAN",3,4:10,50,59
125530,11/12/2025,VEN,BRA,403,TIRO2-FALLADO,LOCAL,3,"VASQUEZ, JULIO",3,3:50,50,59
125530,11/12/2025,VEN,BRA,404,REBOTE-DEFENSIVO,VISITANTE,6,"ALVES, PEDRO",3,3:44,50,59
125530,11/12/2025,VEN,BRA,405,FALTA-COMETIDA,LOCAL,2,"TORRES, DEIKER",3,3:42,50,59
125530,11/12/2025,VEN,BRA,406,FALTA-RECIBIDA,VISITANTE,25,"SOUZA, PEDRO",3,3:42,50,59
125530,11/12/2025,VEN,BRA,407,CAMBIO-JUGADOR-SALE,LOCAL,3,"VASQUEZ, JULIO",3,3:42,50,59
125530,11/12/2025,VEN,BRA,408,CAMBIO-JUGADOR-ENTRA,LOCAL,7,"LARA, JOSE",3,3:42,50,59
125530,11/12/2025,VEN,BRA,409,CAMBIO-JUGADOR-SALE,VISITANTE,25,"SOUZA, PEDRO",3,3:42,50,59
125530,11/12/2025,VEN,BRA,410,CAMBIO-JUGADOR-ENTRA,VISITANTE,3,"NASCIMENTO, MATHEUS",3,3:42,50,59
125530,11/12/2025,VEN,BRA,411,PERDIDA,VISITANTE,6,"ALVES, PEDRO",3,3:36,50,59
125530,11/12/2025,VEN,BRA,412,RECUPERACION,LOCAL,7,"LARA, JOSE",3,3:36,50,59
125530,11/12/2025,VEN,BRA,413,TIRO2-FALLADO,LOCAL,20,"MONTERO, ISAAC",3,3:30,50,59
125530,11/12/2025,VEN,BRA,414,REBOTE-DEFENSIVO,VISITANTE,6,"ALVES, PEDRO",3,3:25,50,59
125530,11/12/2025,VEN,BRA,415,TIRO3-FALLADO,VISITANTE,8,"FERNANDES, JOAO GABRIEL",3,3:18,50,59
125530,11/12/2025,VEN,BRA,416,REBOTE-OFENSIVO,VISITANTE,45,"SANTOS, ISAIAH",3,3:15,50,59
125530,11/12/2025,VEN,BRA,417,CANASTA-2P,VISITANTE,45,"SANTOS, ISAIAH",3,3:13,50,61
125530,11/12/2025,VEN,BRA,418,TIEMPO-MUERTO-SOLICITADO,LOCAL,,,3,3:13,50,61
125530,11/12/2025,VEN,BRA,419,CAMBIO-JUGADOR-SALE,LOCAL,14,"GUTIERREZ, KEVIN",3,3:13,50,61
125530,11/12/2025,VEN,BRA,420,CAMBIO-JUGADOR-ENTRA,LOCAL,4,"SEGOVIA, RICHARD",3,3:13,50,61
125530,11/12/2025,VEN,BRA,421,CAMBIO-JUGADOR-SALE,LOCAL,4,"SEGOVIA, RICHARD",3,2:50,50,61
125530,11/12/2025,VEN,BRA,422,CAMBIO-JUGADOR-ENTRA,LOCAL,14,"GUTIERREZ, KEVIN",3,2:50,50,61
125530,11/12/2025,VEN,BRA,423,TIRO2-FALLADO,LOCAL,14,"GUTIERREZ, KEVIN",3,2:48,50,61
125530,11/12/2025,VEN,BRA,424,TAPON-COMETIDO,VISITANTE,6,"ALVES, PEDRO",3,2:48,50,61
125530,11/12/2025,VEN,BRA,425,REBOTE-OFENSIVO,LOCAL,14,"GUTIERREZ, KEVIN",3,2:42,50,61
125530,11/12/2025,VEN,BRA,426,CANASTA-3P,LOCAL,2,"TORRES, DEIKER",3,2:40,53,61
125530,11/12/2025,VEN,BRA,427,TIRO2-FALLADO,VISITANTE,45,"SANTOS, ISAIAH",3,2:34,53,61
125530,11/12/2025,VEN,BRA,428,REBOTE-DEFENSIVO,LOCAL,,,3,2:24,53,61
125530,11/12/2025,VEN,BRA,429,CANASTA-2P,LOCAL,7,"LARA, JOSE",3,2:23,55,61
125530,11/12/2025,VEN,BRA,430,CAMBIO-JUGADOR-SALE,VISITANTE,10,"MELO, PIETRO",3,2:19,55,61
125530,11/12/2025,VEN,BRA,431,CAMBIO-JUGADOR-ENTRA,VISITANTE,25,"SOUZA, PEDRO",3,2:19,55,61
125530,11/12/2025,VEN,BRA,432,TIRO3-FALLADO,VISITANTE,8,"FERNANDES, JOAO GABRIEL",3,2:16,55,61
125530,11/12/2025,VEN,BRA,433,REBOTE-DEFENSIVO,LOCAL,7,"LARA, JOSE",3,2:13,55,61
125530,11/12/2025,VEN,BRA,434,TIRO2-FALLADO,LOCAL,2,"TORRES, DEIKER",3,1:53,55,61
125530,11/12/2025,VEN,BRA,435,REBOTE-DEFENSIVO,VISITANTE,45,"SANTOS, ISAIAH",3,1:48,55,61
125530,11/12/2025,VEN,BRA,436,CANASTA-3P,VISITANTE,25,"SOUZA, PEDRO",3,1:45,55,64
125530,11/12/2025,VEN,BRA,437,ASISTENCIA,VISITANTE,8,"FERNANDES, JOAO GABRIEL",3,1:45,55,64
125530,11/12/2025,VEN,BRA,438,CANASTA-2P,LOCAL,9,"PERDOMO, JUAN",3,1:22,57,64
125530,11/12/2025,VEN,BRA,439,ASISTENCIA,LOCAL,2,"TORRES, DEIKER",3,1:22,57,64
125530,11/12/2025,VEN,BRA,440,TIRO3-FALLADO,VISITANTE,45,"SANTOS, ISAIAH",3,0:59,57,64
125530,11/12/2025,VEN,BRA,441,REBOTE-DEFENSIVO,LOCAL,20,"MONTERO, ISAAC",3,0:56,57,64
125530,11/12/2025,VEN,BRA,442,TIRO3-FALLADO,LOCAL,2,"TORRES, DEIKER",3,0:48,57,64
125530,11/12/2025,VEN,BRA,443,REBOTE-DEFENSIVO,VISITANTE,25,"SOUZA, PEDRO",3,0:45,57,64
125530,11/12/2025,VEN,BRA,444,PERDIDA,VISITANTE,25,"SOUZA, PEDRO",3,0:40,57,64
125530,11/12/2025,VEN,BRA,445,RECUPERACION,LOCAL,2,"TORRES, DEIKER",3,0:40,57,64
125530,11/12/2025,VEN,BRA,446,PERDIDA,LOCAL,2,"TORRES, DEIKER",3,0:20,57,64
125530,11/12/2025,VEN,BRA,447,RECUPERACION,VISITANTE,45,"SANTOS, ISAIAH",3,0:20,57,64
125530,11/12/2025,VEN,BRA,448,CANASTA-2P,VISITANTE,45,"SANTOS, ISAIAH",3,0:14,57,66
125530,11/12/2025,VEN,BRA,449,TIRO2-FALLADO,LOCAL,2,"TORRES, DEIKER",3,0:06,57,66
125530,11/12/2025,VEN,BRA,450,REBOTE-DEFENSIVO,VISITANTE,,,3,0:00,57,66
125530,11/12/2025,VEN,BRA,451,FINAL-PERIODO,,,,3,0:00,57,66
125530,11/12/2025,VEN,BRA,452,CAMBIO-JUGADOR-SALE,LOCAL,2,"TORRES, DEIKER",4,10:00,57,66
125530,11/12/2025,VEN,BRA,453,CAMBIO-JUGADOR-SALE,LOCAL,14,"GUTIERREZ, KEVIN",4,10:00,57,66
125530,11/12/2025,VEN,BRA,454,CAMBIO-JUGADOR-SALE,LOCAL,20,"MONTERO, ISAAC",4,10:00,57,66
125530,11/12/2025,VEN,BRA,455,CAMBIO-JUGADOR-ENTRA,LOCAL,3,"VASQUEZ, JULIO",4,10:00,57,66
125530,11/12/2025,VEN,BRA,456,CAMBIO-JUGADOR-ENTRA,LOCAL,4,"SEGOVIA, RICHARD",4,10:00,57,66
125530,11/12/2025,VEN,BRA,457,CAMBIO-JUGADOR-ENTRA,LOCAL,23,"NIÑO, SAMUEL",4,10:00,57,66
125530,11/12/2025,VEN,BRA,458,CAMBIO-JUGADOR-SALE,VISITANTE,8,"FERNANDES, JOAO GABRIEL",4,10:00,57,66
125530,11/12/2025,VEN,BRA,459,CAMBIO-JUGADOR-ENTRA,VISITANTE,14,"NEVES, JOAO",4,10:00,57,66
125530,11/12/2025,VEN,BRA,460,INICIO-PERIODO,,,,4,10:00,57,66
125530,11/12/2025,VEN,BRA,461,CANASTA-2P,VISITANTE,25,"SOUZA, PEDRO",4,9:52,57,68
125530,11/12/2025,VEN,BRA,462,FALTA-COMETIDA,VISITANTE,6,"ALVES, PEDRO",4,9:25,57,68
125530,11/12/2025,VEN,BRA,463,FALTA-RECIBIDA,LOCAL,23,"NIÑO, SAMUEL",4,9:25,57,68
125530,11/12/2025,VEN,BRA,464,CANASTA-1P,LOCAL,23,"NIÑO, SAMUEL",4,9:03,58,68
125530,11/12/2025,VEN,BRA,465,ASISTENCIA,LOCAL,7,"LARA, JOSE",4,9:03,58,68
125530,11/12/2025,VEN,BRA,466,CANASTA-2P,VISITANTE,25,"SOUZA, PEDRO",4,9:01,59,70
125530,11/12/2025,VEN,BRA,467,CANASTA-1P,LOCAL,23,"NIÑO, SAMUEL",4,9:03,59,68
125530,11/12/2025,VEN,BRA,468,CANASTA-2P,LOCAL,23,"NIÑO, SAMUEL",4,9:01,61,70
125530,11/12/2025,VEN,BRA,469,ASISTENCIA,LOCAL,3,"VASQUEZ, JULIO",4,9:01,61,70
125530,11/12/2025,VEN,BRA,470,TIRO2-FALLADO,VISITANTE,6,"ALVES, PEDRO",4,8:46,61,70
125530,11/12/2025,VEN,BRA,471,REBOTE-DEFENSIVO,LOCAL,4,"SEGOVIA, RICHARD",4,8:43,61,70
125530,11/12/2025,VEN,BRA,472,CANASTA-2P,LOCAL,23,"NIÑO, SAMUEL",4,8:41,63,70
125530,11/12/2025,VEN,BRA,473,ASISTENCIA,LOCAL,4,"SEGOVIA, RICHARD",4,8:41,63,70
125530,11/12/2025,VEN,BRA,474,TIRO3-FALLADO,VISITANTE,45,"SANTOS, ISAIAH",4,8:27,63,70
125530,11/12/2025,VEN,BRA,475,REBOTE-DEFENSIVO,LOCAL,7,"LARA, JOSE",4,8:23,63,70
125530,11/12/2025,VEN,BRA,476,CAMBIO-JUGADOR-SALE,VISITANTE,3,"NASCIMENTO, MATHEUS",4,8:10,63,70
125530,11/12/2025,VEN,BRA,477,CAMBIO-JUGADOR-SALE,VISITANTE,6,"ALVES, PEDRO",4,8:10,63,70
125530,11/12/2025,VEN,BRA,478,CAMBIO-JUGADOR-SALE,VISITANTE,45,"SANTOS, ISAIAH",4,8:10,63,70
125530,11/12/2025,VEN,BRA,479,CAMBIO-JUGADOR-ENTRA,VISITANTE,10,"MELO, PIETRO",4,8:10,63,70
125530,11/12/2025,VEN,BRA,480,CAMBIO-JUGADOR-ENTRA,VISITANTE,33,"FERREIRA, CRISTIAN",4,8:10,63,70
125530,11/12/2025,VEN,BRA,481,CAMBIO-JUGADOR-ENTRA,VISITANTE,50,"SANTOS, EDUARDO",4,8:10,63,70
125530,11/12/2025,VEN,BRA,482,PERDIDA,LOCAL,9,"PERDOMO, JUAN",4,8:09,63,70
125530,11/12/2025,VEN,BRA,483,RECUPERACION,VISITANTE,33,"FERREIRA, CRISTIAN",4,8:09,63,70
125530,11/12/2025,VEN,BRA,484,CANASTA-2P,VISITANTE,33,"FERREIRA, CRISTIAN",4,8:04,63,72
125530,11/12/2025,VEN,BRA,485,CANASTA-2P,LOCAL,7,"LARA, JOSE",4,7:40,65,72
125530,11/12/2025,VEN,BRA,486,TIRO3-FALLADO,VISITANTE,25,"SOUZA, PEDRO",4,7:31,65,72
125530,11/12/2025,VEN,BRA,487,REBOTE-OFENSIVO,VISITANTE,50,"SANTOS, EDUARDO",4,7:28,65,72
125530,11/12/2025,VEN,BRA,488,CANASTA-2P,VISITANTE,50,"SANTOS, EDUARDO",4,7:28,65,74
125530,11/12/2025,VEN,BRA,489,FALTA-COMETIDA,LOCAL,3,"VASQUEZ, JULIO",4,7:28,65,74
125530,11/12/2025,VEN,BRA,490,FALTA-RECIBIDA,VISITANTE,50,"SANTOS, EDUARDO",4,7:28,65,74
125530,11/12/2025,VEN,BRA,491,CAMBIO-JUGADOR-SALE,LOCAL,23,"NIÑO, SAMUEL",4,7:28,65,74
125530,11/12/2025,VEN,BRA,492,CAMBIO-JUGADOR-ENTRA,LOCAL,14,"GUTIERREZ, KEVIN",4,7:28,65,74
125530,11/12/2025,VEN,BRA,493,CANASTA-1P,VISITANTE,50,"SANTOS, EDUARDO",4,7:27,65,75
125530,11/12/2025,VEN,BRA,494,TIRO2-FALLADO,LOCAL,3,"VASQUEZ, JULIO",4,7:06,65,75
125530,11/12/2025,VEN,BRA,495,REBOTE-DEFENSIVO,VISITANTE,14,"NEVES, JOAO",4,7:02,65,75
125530,11/12/2025,VEN,BRA,496,CANASTA-3P,VISITANTE,10,"MELO, PIETRO",4,6:59,65,78
125530,11/12/2025,VEN,BRA,497,ASISTENCIA,VISITANTE,33,"FERREIRA, CRISTIAN",4,6:59,65,78
125530,11/12/2025,VEN,BRA,498,CANASTA-3P,LOCAL,4,"SEGOVIA, RICHARD",4,6:37,68,78
125530,11/12/2025,VEN,BRA,499,FALTA-COMETIDA,LOCAL,9,"PERDOMO, JUAN",4,6:25,68,78
125530,11/12/2025,VEN,BRA,500,FALTA-RECIBIDA,VISITANTE,33,"FERREIRA, CRISTIAN",4,6:25,68,78
125530,11/12/2025,VEN,BRA,501,CAMBIO-JUGADOR-SALE,LOCAL,3,"VASQUEZ, JULIO",4,6:25,68,78
125530,11/12/2025,VEN,BRA,502,CAMBIO-JUGADOR-SALE,LOCAL,9,"PERDOMO, JUAN",4,6:25,68,78
125530,11/12/2025,VEN,BRA,503,CAMBIO-JUGADOR-ENTRA,LOCAL,2,"TORRES, DEIKER",4,6:25,68,78
125530,11/12/2025,VEN,BRA,504,CAMBIO-JUGADOR-ENTRA,LOCAL,23,"NIÑO, SAMUEL",4,6:25,68,78
125530,11/12/2025,VEN,BRA,505,CAMBIO-JUGADOR-SALE,VISITANTE,25,"SOUZA, PEDRO",4,6:25,68,78
125530,11/12/2025,VEN,BRA,506,CAMBIO-JUGADOR-ENTRA,VISITANTE,2,"MATHIAS, CAIO",4,6:25,68,78
125530,11/12/2025,VEN,BRA,507,TIRO3-FALLADO,VISITANTE,14,"NEVES, JOAO",4,6:15,68,78
125530,11/12/2025,VEN,BRA,508,REBOTE-DEFENSIVO,LOCAL,7,"LARA, JOSE",4,6:11,68,78
125530,11/12/2025,VEN,BRA,509,TIRO3-FALLADO,LOCAL,4,"SEGOVIA, RICHARD",4,6:01,68,78
125530,11/12/2025,VEN,BRA,510,REBOTE-DEFENSIVO,VISITANTE,14,"NEVES, JOAO",4,5:58,68,78
125530,11/12/2025,VEN,BRA,511,CANASTA-3P,VISITANTE,2,"MATHIAS, CAIO",4,5:55,68,81
125530,11/12/2025,VEN,BRA,512,ASISTENCIA,VISITANTE,14,"NEVES, JOAO",4,5:55,68,81
125530,11/12/2025,VEN,BRA,513,TIRO3-FALLADO,LOCAL,4,"SEGOVIA, RICHARD",4,5:40,68,81
125530,11/12/2025,VEN,BRA,514,REBOTE-DEFENSIVO,VISITANTE,50,"SANTOS, EDUARDO",4,5:36,68,81
125530,11/12/2025,VEN,BRA,515,CANASTA-3P,VISITANTE,10,"MELO, PIETRO",4,5:31,68,84
125530,11/12/2025,VEN,BRA,516,ASISTENCIA,VISITANTE,14,"NEVES, JOAO",4,5:31,68,84
125530,11/12/2025,VEN,BRA,517,TIEMPO-MUERTO-SOLICITADO,LOCAL,,,4,5:27,68,84
125530,11/12/2025,VEN,BRA,518,CAMBIO-JUGADOR-SALE,LOCAL,4,"SEGOVIA, RICHARD",4,5:27,68,84
125530,11/12/2025,VEN,BRA,519,CAMBIO-JUGADOR-ENTRA,LOCAL,18,"ANILLO, WILLIAMS",4,5:27,68,84
125530,11/12/2025,VEN,BRA,520,FALTA-COMETIDA,VISITANTE,2,"MATHIAS, CAIO",4,5:17,68,84
125530,11/12/2025,VEN,BRA,521,FALTA-RECIBIDA,LOCAL,2,"TORRES, DEIKER",4,5:17,68,84
125530,11/12/2025,VEN,BRA,522,FALTA-COMETIDA,VISITANTE,33,"FERREIRA, CRISTIAN",4,5:05,68,84
125530,11/12/2025,VEN,BRA,523,FALTA-RECIBIDA,LOCAL,14,"GUTIERREZ, KEVIN",4,5:05,68,84
125530,11/12/2025,VEN,BRA,524,CANASTA-1P,LOCAL,14,"GUTIERREZ, KEVIN",4,5:05,69,84
125530,11/12/2025,VEN,BRA,525,TIRO1-FALLADO,LOCAL,14,"GUTIERREZ, KEVIN",4,5:05,69,84
125530,11/12/2025,VEN,BRA,526,REBOTE-DEFENSIVO,VISITANTE,50,"SANTOS, EDUARDO",4,5:05,69,84
125530,11/12/2025,VEN,BRA,527,CANASTA-2P,VISITANTE,14,"NEVES, JOAO",4,4:58,69,86
125530,11/12/2025,VEN,BRA,528,ASISTENCIA,VISITANTE,10,"MELO, PIETRO",4,4:58,69,86
125530,11/12/2025,VEN,BRA,529,PERDIDA,LOCAL,23,"NIÑO, SAMUEL",4,4:47,69,86
125530,11/12/2025,VEN,BRA,530,CAMBIO-JUGADOR-SALE,LOCAL,7,"LARA, JOSE",4,4:47,69,86
125530,11/12/2025,VEN,BRA,531,CAMBIO-JUGADOR-ENTRA,LOCAL,3,"VASQUEZ, JULIO",4,4:47,69,86
125530,11/12/2025,VEN,BRA,532,CAMBIO-JUGADOR-SALE,VISITANTE,14,"NEVES, JOAO",4,4:47,69,86
125530,11/12/2025,VEN,BRA,533,CAMBIO-JUGADOR-ENTRA,VISITANTE,25,"SOUZA, PEDRO",4,4:47,69,86
125530,11/12/2025,VEN,BRA,534,PERDIDA,VISITANTE,2,"MATHIAS, CAIO",4,4:41,69,86
125530,11/12/2025,VEN,BRA,535,RECUPERACION,LOCAL,18,"ANILLO, WILLIAMS",4,4:41,69,86
125530,11/12/2025,VEN,BRA,536,CANASTA-2P,LOCAL,3,"VASQUEZ, JULIO",4,4:36,71,86
125530,11/12/2025,VEN,BRA,537,ASISTENCIA,LOCAL,2,"TORRES, DEIKER",4,4:36,71,86
125530,11/12/2025,VEN,BRA,538,CANASTA-2P,VISITANTE,10,"MELO, PIETRO",4,4:14,71,88
125530,11/12/2025,VEN,BRA,539,TIRO2-FALLADO,LOCAL,14,"GUTIERREZ, KEVIN",4,3:57,71,88
125530,11/12/2025,VEN,BRA,540,REBOTE-DEFENSIVO,VISITANTE,33,"FERREIRA, CRISTIAN",4,3:54,71,88
125530,11/12/2025,VEN,BRA,541,PERDIDA,VISITANTE,33,"FERREIRA, CRISTIAN",4,3:53,71,88
125530,11/12/2025,VEN,BRA,542,RECUPERACION,LOCAL,18,"ANILLO, WILLIAMS",4,3:53,71,88
125530,11/12/2025,VEN,BRA,543,TIRO3-FALLADO,LOCAL,3,"VASQUEZ, JULIO",4,3:49,71,88
125530,11/12/2025,VEN,BRA,544,REBOTE-DEFENSIVO,VISITANTE,2,"MATHIAS, CAIO",4,3:45,71,88
125530,11/12/2025,VEN,BRA,545,FALTA-COMETIDA,LOCAL,18,"ANILLO, WILLIAMS",4,3:44,71,88
125530,11/12/2025,VEN,BRA,546,FALTA-RECIBIDA,VISITANTE,10,"MELO, PIETRO",4,3:44,71,88
125530,11/12/2025,VEN,BRA,547,CANASTA-2P,VISITANTE,25,"SOUZA, PEDRO",4,3:35,71,90
125530,11/12/2025,VEN,BRA,548,TIRO2-FALLADO,LOCAL,3,"VASQUEZ, JULIO",4,3:23,71,90
125530,11/12/2025,VEN,BRA,549,REBOTE-DEFENSIVO,VISITANTE,33,"FERREIRA, CRISTIAN",4,3:20,71,90
125530,11/12/2025,VEN,BRA,550,PERDIDA,VISITANTE,10,"MELO, PIETRO",4,3:18,71,90
125530,11/12/2025,VEN,BRA,551,RECUPERACION,LOCAL,18,"ANILLO, WILLIAMS",4,3:18,71,90
125530,11/12/2025,VEN,BRA,552,CANASTA-2P,LOCAL,3,"VASQUEZ, JULIO",4,3:11,73,90
125530,11/12/2025,VEN,BRA,553,ASISTENCIA,LOCAL,2,"TORRES, DEIKER",4,3:11,73,90
125530,11/12/2025,VEN,BRA,554,FALTA-COMETIDA,LOCAL,18,"ANILLO, WILLIAMS",4,3:02,73,90
125530,11/12/2025,VEN,BRA,555,FALTA-RECIBIDA,VISITANTE,2,"MATHIAS, CAIO",4,3:02,73,90
125530,11/12/2025,VEN,BRA,556,TIEMPO-MUERTO-SOLICITADO,VISITANTE,,,4,3:02,73,90
125530,11/12/2025,VEN,BRA,557,CAMBIO-JUGADOR-SALE,LOCAL,14,"GUTIERREZ, KEVIN",4,3:02,73,90
125530,11/12/2025,VEN,BRA,558,CAMBIO-JUGADOR-ENTRA,LOCAL,12,"MIQUILARENO, GABRIEL",4,3:02,73,90
125530,11/12/2025,VEN,BRA,559,CAMBIO-JUGADOR-SALE,VISITANTE,2,"MATHIAS, CAIO",4,3:02,73,90
125530,11/12/2025,VEN,BRA,560,CAMBIO-JUGADOR-ENTRA,VISITANTE,14,"NEVES, JOAO",4,3:02,73,90
125530,11/12/2025,VEN,BRA,561,TIRO2-FALLADO,VISITANTE,14,"NEVES, JOAO",4,2:53,73,90
125530,11/12/2025,VEN,BRA,562,REBOTE-DEFENSIVO,LOCAL,23,"NIÑO, SAMUEL",4,2:49,73,90
125530,11/12/2025,VEN,BRA,563,TIRO2-FALLADO,LOCAL,23,"NIÑO, SAMUEL",4,2:34,73,90
125530,11/12/2025,VEN,BRA,564,TAPON-COMETIDO,VISITANTE,14,"NEVES, JOAO",4,2:34,73,90
125530,11/12/2025,VEN,BRA,565,REBOTE-DEFENSIVO,VISITANTE,14,"NEVES, JOAO",4,2:30,73,90
125530,11/12/2025,VEN,BRA,566,CANASTA-2P,VISITANTE,50,"SANTOS, EDUARDO",4,2:27,73,92
125530,11/12/2025,VEN,BRA,567,ASISTENCIA,VISITANTE,14,"NEVES, JOAO",4,2:27,73,92
125530,11/12/2025,VEN,BRA,568,TIRO2-FALLADO,LOCAL,3,"VASQUEZ, JULIO",4,2:08,73,92
125530,11/12/2025,VEN,BRA,569,REBOTE-DEFENSIVO,VISITANTE,50,"SANTOS, EDUARDO",4,2:04,73,92
125530,11/12/2025,VEN,BRA,570,TIRO2-FALLADO,VISITANTE,10,"MELO, PIETRO",4,2:01,73,92
125530,11/12/2025,VEN,BRA,571,REBOTE-DEFENSIVO,LOCAL,12,"MIQUILARENO, GABRIEL",4,1:58,73,92
125530,11/12/2025,VEN,BRA,572,TIRO3-FALLADO,LOCAL,18,"ANILLO, WILLIAMS",4,1:52,73,92
125530,11/12/2025,VEN,BRA,573,REBOTE-DEFENSIVO,VISITANTE,50,"SANTOS, EDUARDO",4,1:49,73,92
125530,11/12/2025,VEN,BRA,574,TIRO3-FALLADO,VISITANTE,10,"MELO, PIETRO",4,1:29,73,92
125530,11/12/2025,VEN,BRA,575,REBOTE-DEFENSIVO,LOCAL,3,"VASQUEZ, JULIO",4,1:25,73,92
125530,11/12/2025,VEN,BRA,576,CANASTA-2P,LOCAL,18,"ANILLO, WILLIAMS",4,1:23,75,92
125530,11/12/2025,VEN,BRA,577,ASISTENCIA,LOCAL,3,"VASQUEZ, JULIO",4,1:23,75,92
125530,11/12/2025,VEN,BRA,578,FALTA-COMETIDA,VISITANTE,10,"MELO, PIETRO",4,1:23,75,92
125530,11/12/2025,VEN,BRA,579,FALTA-RECIBIDA,LOCAL,18,"ANILLO, WILLIAMS",4,1:23,75,92
125530,11/12/2025,VEN,BRA,580,CAMBIO-JUGADOR-SALE,VISITANTE,10,"MELO, PIETRO",4,1:23,75,92
125530,11/12/2025,VEN,BRA,581,CAMBIO-JUGADOR-SALE,VISITANTE,33,"FERREIRA, CRISTIAN",4,1:23,75,92
125530,11/12/2025,VEN,BRA,582,CAMBIO-JUGADOR-ENTRA,VISITANTE,8,"FERNANDES, JOAO GABRIEL",4,1:23,75,92
125530,11/12/2025,VEN,BRA,583,CAMBIO-JUGADOR-ENTRA,VISITANTE,45,"SANTOS, ISAIAH",4,1:23,75,92
125530,11/12/2025,VEN,BRA,584,CANASTA-1P,LOCAL,18,"ANILLO, WILLIAMS",4,1:23,76,92
125530,11/12/2025,VEN,BRA,585,CANASTA-2P,VISITANTE,14,"NEVES, JOAO",4,1:01,76,94
125530,11/12/2025,VEN,BRA,586,ASISTENCIA,VISITANTE,25,"SOUZA, PEDRO",4,1:01,76,94
125530,11/12/2025,VEN,BRA,587,PERDIDA,LOCAL,3,"VASQUEZ, JULIO",4,0:46,76,94
125530,11/12/2025,VEN,BRA,588,CAMBIO-JUGADOR-SALE,VISITANTE,14,"NEVES, JOAO",4,0:46,76,94
125530,11/12/2025,VEN,BRA,589,CAMBIO-JUGADOR-SALE,VISITANTE,25,"SOUZA, PEDRO",4,0:46,76,94
125530,11/12/2025,VEN,BRA,590,CAMBIO-JUGADOR-ENTRA,VISITANTE,2,"MATHIAS, CAIO",4,0:46,76,94
125530,11/12/2025,VEN,BRA,591,CAMBIO-JUGADOR-ENTRA,VISITANTE,11,"BANDIERA, JOÃO",4,0:46,76,94
125530,11/12/2025,VEN,BRA,592,TIEMPO-MUERTO-SOLICITADO,VISITANTE,,,4,0:33,76,94
125530,11/12/2025,VEN,BRA,593,TIRO3-FALLADO,VISITANTE,8,"FERNANDES, JOAO GABRIEL",4,0:24,76,94
125530,11/12/2025,VEN,BRA,594,TIEMPO-MUERTO-SOLICITADO,VISITANTE,,,4,0:21,76,94
125530,11/12/2025,VEN,BRA,595,TIRO3-FALLADO,LOCAL,3,"VASQUEZ, JULIO",4,0:13,76,94
125530,11/12/2025,VEN,BRA,596,REBOTE-OFENSIVO,LOCAL,3,"VASQUEZ, JULIO",4,0:10,76,94
125530,11/12/2025,VEN,BRA,597,CANASTA-2P,LOCAL,3,"VASQUEZ, JULIO",4,0:08,78,94
125530,11/12/2025,VEN,BRA,598,PERDIDA,VISITANTE,11,"BANDIERA, JOÃO",4,0:03,78,94
125530,11/12/2025,VEN,BRA,599,RECUPERACION,LOCAL,18,"ANILLO, WILLIAMS",4,0:03,78,94
125530,11/12/2025,VEN,BRA,600,FALTA-COMETIDA,VISITANTE,8,"FERNANDES, JOAO GABRIEL",4,0:03,78,94
125530,11/12/2025,VEN,BRA,601,FALTA-RECIBIDA,LOCAL,18,"ANILLO, WILLIAMS",4,0:03,78,94
125530,11/12/2025,VEN,BRA,602,CANASTA-1P,LOCAL,18,"ANILLO, WILLIAMS",4,0:03,79,94
125530,11/12/2025,VEN,BRA,603,TIRO1-FALLADO,LOCAL,18,"ANILLO, WILLIAMS",4,0:03,79,94
125530,11/12/2025,VEN,BRA,604,REBOTE-DEFENSIVO,VISITANTE,45,"SANTOS, ISAIAH",4,0:03,79,94
125530,11/12/2025,VEN,BRA,605,FINAL-PERIODO,,,,4,0:00,79,94
125530,11/12/2025,VEN,BRA,606,FINAL-PARTIDO,,,,4,0:00,79,94
125531,12/12/2025,PAR,BRA,0,INICIO-PARTIDO,,,,1,10:00,0,0
125531,12/12/2025,PAR,BRA,1,INICIO-PERIODO,,,,1,10:00,0,0
125531,12/12/2025,PAR,BRA,2,CAMBIO-JUGADOR-ENTRA,LOCAL,3,"RADICE, ROBERTO",1,10:00,0,0
125531,12/12/2025,PAR,BRA,3,CAMBIO-JUGADOR-ENTRA,LOCAL,5,"VERA, LUIS",1,10:00,0,0
125531,12/12/2025,PAR,BRA,4,CAMBIO-JUGADOR-ENTRA,LOCAL,6,"TALAVERA, ALEJANDRO",1,10:00,0,0
125531,12/12/2025,PAR,BRA,5,CAMBIO-JUGADOR-ENTRA,LOCAL,14,"ESCURRA, MAURICIO",1,10:00,0,0
125531,12/12/2025,PAR,BRA,6,CAMBIO-JUGADOR-ENTRA,LOCAL,21,"GONZALEZ, NESTOR",1,10:00,0,0
125531,12/12/2025,PAR,BRA,7,CAMBIO-JUGADOR-ENTRA,VISITANTE,6,"ALVES, PEDRO",1,10:00,0,0
125531,12/12/2025,PAR,BRA,8,CAMBIO-JUGADOR-ENTRA,VISITANTE,10,"MELO, PIETRO",1,10:00,0,0
125531,12/12/2025,PAR,BRA,9,CAMBIO-JUGADOR-ENTRA,VISITANTE,14,"NEVES, JOAO",1,10:00,0,0
125531,12/12/2025,PAR,BRA,10,CAMBIO-JUGADOR-ENTRA,VISITANTE,25,"SOUZA, PEDRO",1,10:00,0,0
125531,12/12/2025,PAR,BRA,11,CAMBIO-JUGADOR-ENTRA,VISITANTE,50,"SANTOS, EDUARDO",1,10:00,0,0
125531,12/12/2025,PAR,BRA,12,JUMP-BALL,,,,1,10:00,0,0
125531,12/12/2025,PAR,BRA,13,JUMP-BALL,VISITANTE,50,"SANTOS, EDUARDO",1,10:00,0,0
125531,12/12/2025,PAR,BRA,14,JUMP-BALL,LOCAL,21,"GONZALEZ, NESTOR",1,10:00,0,0
125531,12/12/2025,PAR,BRA,15,CANASTA-3P,VISITANTE,50,"SANTOS, EDUARDO",1,9:47,0,3
125531,12/12/2025,PAR,BRA,16,ASISTENCIA,VISITANTE,25,"SOUZA, PEDRO",1,9:47,0,3
125531,12/12/2025,PAR,BRA,17,FALTA-COMETIDA,VISITANTE,50,"SANTOS, EDUARDO",1,9:38,0,3
125531,12/12/2025,PAR,BRA,18,FALTA-RECIBIDA,LOCAL,3,"RADICE, ROBERTO",1,9:38,0,3
125531,12/12/2025,PAR,BRA,19,TIRO2-FALLADO,LOCAL,6,"TALAVERA, ALEJANDRO",1,9:29,0,3
125531,12/12/2025,PAR,BRA,20,REBOTE-DEFENSIVO,VISITANTE,14,"NEVES, JOAO",1,9:26,0,3
125531,12/12/2025,PAR,BRA,21,TIRO2-FALLADO,VISITANTE,25,"SOUZA, PEDRO",1,9:13,0,3
125531,12/12/2025,PAR,BRA,22,REBOTE-DEFENSIVO,LOCAL,14,"ESCURRA, MAURICIO",1,9:09,0,3
125531,12/12/2025,PAR,BRA,23,PERDIDA,LOCAL,5,"VERA, LUIS",1,8:58,0,3
125531,12/12/2025,PAR,BRA,24,CANASTA-2P,VISITANTE,50,"SANTOS, EDUARDO",1,8:48,0,5
125531,12/12/2025,PAR,BRA,25,ASISTENCIA,VISITANTE,25,"SOUZA, PEDRO",1,8:48,0,5
125531,12/12/2025,PAR,BRA,26,FALTA-COMETIDA,LOCAL,5,"VERA, LUIS",1,8:48,0,5
125531,12/12/2025,PAR,BRA,27,FALTA-RECIBIDA,VISITANTE,50,"SANTOS, EDUARDO",1,8:48,0,5
125531,12/12/2025,PAR,BRA,28,CANASTA-1P,VISITANTE,50,"SANTOS, EDUARDO",1,8:48,0,6
125531,12/12/2025,PAR,BRA,29,TIRO3-FALLADO,LOCAL,21,"GONZALEZ, NESTOR",1,8:30,0,6
125531,12/12/2025,PAR,BRA,30,REBOTE-OFENSIVO,LOCAL,3,"RADICE, ROBERTO",1,8:25,0,6
125531,12/12/2025,PAR,BRA,31,CANASTA-3P,LOCAL,3,"RADICE, ROBERTO",1,8:21,3,6
125531,12/12/2025,PAR,BRA,32,CANASTA-3P,VISITANTE,10,"MELO, PIETRO",1,8:09,3,9
125531,12/12/2025,PAR,BRA,33,ASISTENCIA,VISITANTE,25,"SOUZA, PEDRO",1,8:09,3,9
125531,12/12/2025,PAR,BRA,34,CANASTA-3P,LOCAL,3,"RADICE, ROBERTO",1,7:55,6,9
125531,12/12/2025,PAR,BRA,35,ASISTENCIA,LOCAL,5,"VERA, LUIS",1,7:55,6,9
125531,12/12/2025,PAR,BRA,36,CANASTA-2P,VISITANTE,25,"SOUZA, PEDRO",1,7:41,6,11
125531,12/12/2025,PAR,BRA,37,FALTA-COMETIDA,LOCAL,3,"RADICE, ROBERTO",1,7:41,6,11
125531,12/12/2025,PAR,BRA,38,FALTA-RECIBIDA,VISITANTE,25,"SOUZA, PEDRO",1,7:41,6,11
125531,12/12/2025,PAR,BRA,39,TIRO1-FALLADO,VISITANTE,25,"SOUZA, PEDRO",1,7:41,6,11
125531,12/12/2025,PAR,BRA,40,REBOTE-DEFENSIVO,LOCAL,,,1,7:41,6,11
125531,12/12/2025,PAR,BRA,41,CANASTA-2P,LOCAL,5,"VERA, LUIS",1,7:28,8,11
125531,12/12/2025,PAR,BRA,42,TIRO3-FALLADO,VISITANTE,10,"MELO, PIETRO",1,7:13,8,11
125531,12/12/2025,PAR,BRA,43,REBOTE-OFENSIVO,VISITANTE,14,"NEVES, JOAO",1,7:12,8,11
125531,12/12/2025,PAR,BRA,44,TIRO2-FALLADO,VISITANTE,50,"SANTOS, EDUARDO",1,7:05,8,11
125531,12/12/2025,PAR,BRA,45,TAPON-COMETIDO,LOCAL,5,"VERA, LUIS",1,7:05,8,11
125531,12/12/2025,PAR,BRA,46,REBOTE-OFENSIVO,VISITANTE,50,"SANTOS, EDUARDO",1,7:01,8,11
125531,12/12/2025,PAR,BRA,47,CANASTA-2P,VISITANTE,50,"SANTOS, EDUARDO",1,7:00,8,13
125531,12/12/2025,PAR,BRA,48,TIRO3-FALLADO,LOCAL,6,"TALAVERA, ALEJANDRO",1,6:45,8,13
125531,12/12/2025,PAR,BRA,49,REBOTE-OFENSIVO,LOCAL,21,"GONZALEZ, NESTOR",1,6:43,8,13
125531,12/12/2025,PAR,BRA,50,TIRO3-FALLADO,LOCAL,5,"VERA, LUIS",1,6:35,8,13
125531,12/12/2025,PAR,BRA,51,REBOTE-DEFENSIVO,VISITANTE,25,"SOUZA, PEDRO",1,6:32,8,13
125531,12/12/2025,PAR,BRA,52,CANASTA-2P,VISITANTE,25,"SOUZA, PEDRO",1,6:28,8,15
125531,12/12/2025,PAR,BRA,53,FALTA-COMETIDA,VISITANTE,14,"NEVES, JOAO",1,6:18,8,15
125531,12/12/2025,PAR,BRA,54,FALTA-RECIBIDA,LOCAL,14,"ESCURRA, MAURICIO",1,6:18,8,15
125531,12/12/2025,PAR,BRA,55,TIRO2-FALLADO,LOCAL,5,"VERA, LUIS",1,6:09,8,15
125531,12/12/2025,PAR,BRA,56,REBOTE-DEFENSIVO,VISITANTE,6,"ALVES, PEDRO",1,6:06,8,15
125531,12/12/2025,PAR,BRA,57,CANASTA-3P,VISITANTE,10,"MELO, PIETRO",1,6:00,8,18
125531,12/12/2025,PAR,BRA,58,ASISTENCIA,VISITANTE,25,"SOUZA, PEDRO",1,6:00,8,18
125531,12/12/2025,PAR,BRA,59,TIEMPO-MUERTO-SOLICITADO,LOCAL,,,1,6:00,8,18
125531,12/12/2025,PAR,BRA,60,TIRO3-FALLADO,LOCAL,3,"RADICE, ROBERTO",1,5:49,8,18
125531,12/12/2025,PAR,BRA,61,REBOTE-DEFENSIVO,VISITANTE,50,"SANTOS, EDUARDO",1,5:46,8,18
125531,12/12/2025,PAR,BRA,62,TIRO2-FALLADO,VISITANTE,14,"NEVES, JOAO",1,5:39,8,18
125531,12/12/2025,PAR,BRA,63,REBOTE-OFENSIVO,VISITANTE,,,1,5:38,8,18
125531,12/12/2025,PAR,BRA,64,TIRO3-FALLADO,VISITANTE,50,"SANTOS, EDUARDO",1,5:34,8,18
125531,12/12/2025,PAR,BRA,65,REBOTE-DEFENSIVO,LOCAL,6,"TALAVERA, ALEJANDRO",1,5:32,8,18
125531,12/12/2025,PAR,BRA,66,TIRO3-FALLADO,LOCAL,21,"GONZALEZ, NESTOR",1,5:20,8,18
125531,12/12/2025,PAR,BRA,67,REBOTE-DEFENSIVO,VISITANTE,25,"SOUZA, PEDRO",1,5:16,8,18
125531,12/12/2025,PAR,BRA,68,FALTA-COMETIDA,LOCAL,6,"TALAVERA, ALEJANDRO",1,5:08,8,18
125531,12/12/2025,PAR,BRA,69,FALTA-RECIBIDA,VISITANTE,25,"SOUZA, PEDRO",1,5:08,8,18
125531,12/12/2025,PAR,BRA,70,CAMBIO-JUGADOR-SALE,LOCAL,21,"GONZALEZ, NESTOR",1,5:08,8,18
125531,12/12/2025,PAR,BRA,71,CAMBIO-JUGADOR-ENTRA,LOCAL,15,"HACHEN, RICHARD",1,5:08,8,18
125531,12/12/2025,PAR,BRA,72,CANASTA-1P,VISITANTE,25,"SOUZA, PEDRO",1,5:08,8,19
125531,12/12/2025,PAR,BRA,73,ASISTENCIA,VISITANTE,14,"NEVES, JOAO",1,5:08,8,19
125531,12/12/2025,PAR,BRA,74,CANASTA-1P,VISITANTE,25,"SOUZA, PEDRO",1,5:08,8,20
125531,12/12/2025,PAR,BRA,75,CAMBIO-JUGADOR-SALE,VISITANTE,14,"NEVES, JOAO",1,5:08,8,20
125531,12/12/2025,PAR,BRA,76,CAMBIO-JUGADOR-SALE,VISITANTE,25,"SOUZA, PEDRO",1,5:08,8,20
125531,12/12/2025,PAR,BRA,77,CAMBIO-JUGADOR-ENTRA,VISITANTE,2,"MATHIAS, CAIO",1,5:08,8,20
125531,12/12/2025,PAR,BRA,78,CAMBIO-JUGADOR-ENTRA,VISITANTE,45,"SANTOS, ISAIAH",1,5:08,8,20
125531,12/12/2025,PAR,BRA,79,TIRO2-FALLADO,LOCAL,14,"ESCURRA, MAURICIO",1,4:55,8,20
125531,12/12/2025,PAR,BRA,80,TAPON-COMETIDO,VISITANTE,6,"ALVES, PEDRO",1,4:55,8,20
125531,12/12/2025,PAR,BRA,81,REBOTE-DEFENSIVO,VISITANTE,6,"ALVES, PEDRO",1,4:51,8,20
125531,12/12/2025,PAR,BRA,82,PERDIDA,VISITANTE,50,"SANTOS, EDUARDO",1,4:48,8,20
125531,12/12/2025,PAR,BRA,83,CAMBIO-JUGADOR-SALE,VISITANTE,6,"ALVES, PEDRO",1,4:48,8,20
125531,12/12/2025,PAR,BRA,84,CAMBIO-JUGADOR-ENTRA,VISITANTE,33,"FERREIRA, CRISTIAN",1,4:48,8,20
125531,12/12/2025,PAR,BRA,85,PERDIDA,LOCAL,6,"TALAVERA, ALEJANDRO",1,4:46,8,20
125531,12/12/2025,PAR,BRA,86,PERDIDA,VISITANTE,10,"MELO, PIETRO",1,4:43,8,20
125531,12/12/2025,PAR,BRA,87,RECUPERACION,LOCAL,5,"VERA, LUIS",1,4:43,8,20
125531,12/12/2025,PAR,BRA,88,TIRO3-FALLADO,LOCAL,5,"VERA, LUIS",1,4:29,8,20
125531,12/12/2025,PAR,BRA,89,REBOTE-DEFENSIVO,VISITANTE,10,"MELO, PIETRO",1,4:27,8,20
125531,12/12/2025,PAR,BRA,90,FALTA-COMETIDA,LOCAL,14,"ESCURRA, MAURICIO",1,4:24,8,20
125531,12/12/2025,PAR,BRA,91,FALTA-RECIBIDA,VISITANTE,45,"SANTOS, ISAIAH",1,4:24,8,20
125531,12/12/2025,PAR,BRA,92,CAMBIO-JUGADOR-SALE,LOCAL,5,"VERA, LUIS",1,4:24,8,20
125531,12/12/2025,PAR,BRA,93,CAMBIO-JUGADOR-ENTRA,LOCAL,34,"GIMENEZ, MAXIMILIANO",1,4:24,8,20
125531,12/12/2025,PAR,BRA,94,CANASTA-1P,VISITANTE,45,"SANTOS, ISAIAH",1,4:24,8,21
125531,12/12/2025,PAR,BRA,95,ASISTENCIA,VISITANTE,10,"MELO, PIETRO",1,4:24,8,21
125531,12/12/2025,PAR,BRA,96,CANASTA-1P,VISITANTE,45,"SANTOS, ISAIAH",1,4:24,8,22
125531,12/12/2025,PAR,BRA,97,PERDIDA,LOCAL,14,"ESCURRA, MAURICIO",1,4:08,8,22
125531,12/12/2025,PAR,BRA,98,RECUPERACION,VISITANTE,50,"SANTOS, EDUARDO",1,4:08,8,22
125531,12/12/2025,PAR,BRA,99,FALTA-COMETIDA,LOCAL,34,"GIMENEZ, MAXIMILIANO",1,4:05,8,22
125531,12/12/2025,PAR,BRA,100,FALTA-RECIBIDA,VISITANTE,50,"SANTOS, EDUARDO",1,4:05,8,22
125531,12/12/2025,PAR,BRA,101,CANASTA-1P,VISITANTE,50,"SANTOS, EDUARDO",1,4:05,8,23
125531,12/12/2025,PAR,BRA,102,CANASTA-1P,VISITANTE,50,"SANTOS, EDUARDO",1,4:05,8,24
125531,12/12/2025,PAR,BRA,103,TIRO2-FALLADO,LOCAL,14,"ESCURRA, MAURICIO",1,3:39,8,24
125531,12/12/2025,PAR,BRA,104,REBOTE-DEFENSIVO,VISITANTE,50,"SANTOS, EDUARDO",1,3:37,8,24
125531,12/12/2025,PAR,BRA,105,TIRO3-FALLADO,VISITANTE,10,"MELO, PIETRO",1,3:32,8,24
125531,12/12/2025,PAR,BRA,106,REBOTE-DEFENSIVO,LOCAL,3,"RADICE, ROBERTO",1,3:29,8,24
125531,12/12/2025,PAR,BRA,107,PERDIDA,LOCAL,6,"TALAVERA, ALEJANDRO",1,3:26,8,24
125531,12/12/2025,PAR,BRA,108,CAMBIO-JUGADOR-SALE,VISITANTE,50,"SANTOS, EDUARDO",1,3:26,8,24
125531,12/12/2025,PAR,BRA,109,CAMBIO-JUGADOR-ENTRA,VISITANTE,8,"FERNANDES, JOAO GABRIEL",1,3:26,8,24
125531,12/12/2025,PAR,BRA,110,CAMBIO-JUGADOR-SALE,LOCAL,3,"RADICE, ROBERTO",1,3:22,8,24
125531,12/12/2025,PAR,BRA,111,CAMBIO-JUGADOR-ENTRA,LOCAL,81,"CUELLAR, EZEQUIEL",1,3:22,8,24
125531,12/12/2025,PAR,BRA,112,FALTA-COMETIDA,LOCAL,15,"HACHEN, RICHARD",1,3:10,8,24
125531,12/12/2025,PAR,BRA,113,FALTA-RECIBIDA,VISITANTE,33,"FERREIRA, CRISTIAN",1,3:10,8,24
125531,12/12/2025,PAR,BRA,114,CAMBIO-JUGADOR-SALE,LOCAL,6,"TALAVERA, ALEJANDRO",1,3:10,8,24
125531,12/12/2025,PAR,BRA,115,CAMBIO-JUGADOR-SALE,LOCAL,34,"GIMENEZ, MAXIMILIANO",1,3:10,8,24
125531,12/12/2025,PAR,BRA,116,CAMBIO-JUGADOR-ENTRA,LOCAL,5,"VERA, LUIS",1,3:10,8,24
125531,12/12/2025,PAR,BRA,117,CAMBIO-JUGADOR-ENTRA,LOCAL,9,"VAZQUEZ, JUAN",1,3:10,8,24
125531,12/12/2025,PAR,BRA,118,CAMBIO-JUGADOR-SALE,VISITANTE,10,"MELO, PIETRO",1,3:10,8,24
125531,12/12/2025,PAR,BRA,119,CAMBIO-JUGADOR-ENTRA,VISITANTE,25,"SOUZA, PEDRO",1,3:10,8,24
125531,12/12/2025,PAR,BRA,120,CANASTA-1P,VISITANTE,33,"FERREIRA, CRISTIAN",1,3:10,8,25
125531,12/12/2025,PAR,BRA,121,ASISTENCIA,VISITANTE,8,"FERNANDES, JOAO GABRIEL",1,3:10,8,25
125531,12/12/2025,PAR,BRA,122,CANASTA-1P,VISITANTE,33,"FERREIRA, CRISTIAN",1,3:10,8,26
125531,12/12/2025,PAR,BRA,123,PERDIDA,LOCAL,9,"VAZQUEZ, JUAN",1,2:49,8,26
125531,12/12/2025,PAR,BRA,124,RECUPERACION,VISITANTE,33,"FERREIRA, CRISTIAN",1,2:49,8,26
125531,12/12/2025,PAR,BRA,125,CANASTA-3P,VISITANTE,2,"MATHIAS, CAIO",1,2:43,8,29
125531,12/12/2025,PAR,BRA,126,ASISTENCIA,VISITANTE,45,"SANTOS, ISAIAH",1,2:43,8,29
125531,12/12/2025,PAR,BRA,127,TIRO3-FALLADO,LOCAL,14,"ESCURRA, MAURICIO",1,2:20,8,29
125531,12/12/2025,PAR,BRA,128,REBOTE-DEFENSIVO,VISITANTE,25,"SOUZA, PEDRO",1,2:18,8,29
125531,12/12/2025,PAR,BRA,129,CANASTA-2P,VISITANTE,8,"FERNANDES, JOAO GABRIEL",1,2:15,8,31
125531,12/12/2025,PAR,BRA,130,ASISTENCIA,VISITANTE,25,"SOUZA, PEDRO",1,2:15,8,31
125531,12/12/2025,PAR,BRA,131,PERDIDA,LOCAL,9,"VAZQUEZ, JUAN",1,1:59,8,31
125531,12/12/2025,PAR,BRA,132,RECUPERACION,VISITANTE,33,"FERREIRA, CRISTIAN",1,1:59,8,31
125531,12/12/2025,PAR,BRA,133,CANASTA-2P,VISITANTE,33,"FERREIRA, CRISTIAN",1,1:56,8,33
125531,12/12/2025,PAR,BRA,134,FALTA-COMETIDA,LOCAL,15,"HACHEN, RICHARD",1,1:56,8,33
125531,12/12/2025,PAR,BRA,135,FALTA-RECIBIDA,VISITANTE,33,"FERREIRA, CRISTIAN",1,1:56,8,33
125531,12/12/2025,PAR,BRA,136,CAMBIO-JUGADOR-SALE,LOCAL,14,"ESCURRA, MAURICIO",1,1:56,8,33
125531,12/12/2025,PAR,BRA,137,CAMBIO-JUGADOR-SALE,LOCAL,15,"HACHEN, RICHARD",1,1:56,8,33
125531,12/12/2025,PAR,BRA,138,CAMBIO-JUGADOR-ENTRA,LOCAL,7,"IRALA, MATEO",1,1:56,8,33
125531,12/12/2025,PAR,BRA,139,CAMBIO-JUGADOR-ENTRA,LOCAL,21,"GONZALEZ, NESTOR",1,1:56,8,33
125531,12/12/2025,PAR,BRA,140,TIRO1-FALLADO,VISITANTE,33,"FERREIRA, CRISTIAN",1,1:56,8,33
125531,12/12/2025,PAR,BRA,141,REBOTE-OFENSIVO,VISITANTE,45,"SANTOS, ISAIAH",1,1:56,8,33
125531,12/12/2025,PAR,BRA,142,CANASTA-3P,VISITANTE,2,"MATHIAS, CAIO",1,1:53,8,36
125531,12/12/2025,PAR,BRA,143,ASISTENCIA,VISITANTE,45,"SANTOS, ISAIAH",1,1:53,8,36
125531,12/12/2025,PAR,BRA,144,PERDIDA,LOCAL,7,"IRALA, MATEO",1,1:44,8,36
125531,12/12/2025,PAR,BRA,145,RECUPERACION,VISITANTE,25,"SOUZA, PEDRO",1,1:44,8,36
125531,12/12/2025,PAR,BRA,146,PERDIDA,VISITANTE,25,"SOUZA, PEDRO",1,1:37,8,36
125531,12/12/2025,PAR,BRA,147,RECUPERACION,LOCAL,9,"VAZQUEZ, JUAN",1,1:37,8,36
125531,12/12/2025,PAR,BRA,148,TIRO2-FALLADO,LOCAL,81,"CUELLAR, EZEQUIEL",1,1:30,8,36
125531,12/12/2025,PAR,BRA,149,REBOTE-DEFENSIVO,VISITANTE,33,"FERREIRA, CRISTIAN",1,1:28,8,36
125531,12/12/2025,PAR,BRA,150,TIRO3-FALLADO,VISITANTE,2,"MATHIAS, CAIO",1,1:23,8,36
125531,12/12/2025,PAR,BRA,151,REBOTE-OFENSIVO,VISITANTE,8,"FERNANDES, JOAO GABRIEL",1,1:19,8,36
125531,12/12/2025,PAR,BRA,152,CANASTA-2P,VISITANTE,8,"FERNANDES, JOAO GABRIEL",1,1:15,8,38
125531,12/12/2025,PAR,BRA,153,FALTA-COMETIDA,VISITANTE,2,"MATHIAS, CAIO",1,1:11,8,38
125531,12/12/2025,PAR,BRA,154,FALTA-RECIBIDA,LOCAL,9,"VAZQUEZ, JUAN",1,1:11,8,38
125531,12/12/2025,PAR,BRA,155,CAMBIO-JUGADOR-SALE,VISITANTE,25,"SOUZA, PEDRO",1,1:11,8,38
125531,12/12/2025,PAR,BRA,156,CAMBIO-JUGADOR-SALE,VISITANTE,33,"FERREIRA, CRISTIAN",1,1:11,8,38
125531,12/12/2025,PAR,BRA,157,CAMBIO-JUGADOR-ENTRA,VISITANTE,11,"BANDIERA, JOÃO",1,1:11,8,38
125531,12/12/2025,PAR,BRA,158,CAMBIO-JUGADOR-ENTRA,VISITANTE,99,"DE RINALDE, JOÃO MARCELO",1,1:11,8,38
125531,12/12/2025,PAR,BRA,159,TIRO2-FALLADO,LOCAL,7,"IRALA, MATEO",1,1:06,8,38
125531,12/12/2025,PAR,BRA,160,REBOTE-DEFENSIVO,VISITANTE,11,"BANDIERA, JOÃO",1,1:04,8,38
125531,12/12/2025,PAR,BRA,161,PERDIDA,VISITANTE,11,"BANDIERA, JOÃO",1,0:54,8,38
125531,12/12/2025,PAR,BRA,162,RECUPERACION,LOCAL,9,"VAZQUEZ, JUAN",1,0:54,8,38
125531,12/12/2025,PAR,BRA,163,PERDIDA,LOCAL,21,"GONZALEZ, NESTOR",1,0:44,8,38
125531,12/12/2025,PAR,BRA,164,CAMBIO-JUGADOR-SALE,VISITANTE,2,"MATHIAS, CAIO",1,0:44,8,38
125531,12/12/2025,PAR,BRA,165,CAMBIO-JUGADOR-ENTRA,VISITANTE,3,"NASCIMENTO, MATHEUS",1,0:44,8,38
125531,12/12/2025,PAR,BRA,166,TIRO2-FALLADO,VISITANTE,99,"DE RINALDE, JOÃO MARCELO",1,0:32,8,38
125531,12/12/2025,PAR,BRA,167,REBOTE-OFENSIVO,VISITANTE,3,"NASCIMENTO, MATHEUS",1,0:30,8,38
125531,12/12/2025,PAR,BRA,168,TIRO2-FALLADO,VISITANTE,99,"DE RINALDE, JOÃO MARCELO",1,0:18,8,38
125531,12/12/2025,PAR,BRA,169,TAPON-COMETIDO,LOCAL,5,"VERA, LUIS",1,0:18,8,38
125531,12/12/2025,PAR,BRA,170,REBOTE-DEFENSIVO,LOCAL,,,1,0:18,8,38
125531,12/12/2025,PAR,BRA,171,TIRO3-FALLADO,LOCAL,21,"GONZALEZ, NESTOR",1,0:03,8,38
125531,12/12/2025,PAR,BRA,172,REBOTE-DEFENSIVO,VISITANTE,45,"SANTOS, ISAIAH",1,0:01,8,38
125531,12/12/2025,PAR,BRA,173,FINAL-PERIODO,,,,1,0:00,8,38
125531,12/12/2025,PAR,BRA,174,INICIO-PERIODO,,,,2,10:00,8,38
125531,12/12/2025,PAR,BRA,175,PERDIDA,LOCAL,7,"IRALA, MATEO",2,9:46,8,38
125531,12/12/2025,PAR,BRA,176,RECUPERACION,VISITANTE,45,"SANTOS, ISAIAH",2,9:46,8,38
125531,12/12/2025,PAR,BRA,177,CANASTA-2P,VISITANTE,45,"SANTOS, ISAIAH",2,9:42,8,40
125531,12/12/2025,PAR,BRA,178,TIRO2-FALLADO,LOCAL,21,"GONZALEZ, NESTOR",2,9:15,8,40
125531,12/12/2025,PAR,BRA,179,REBOTE-DEFENSIVO,VISITANTE,99,"DE RINALDE, JOÃO MARCELO",2,9:13,8,40
125531,12/12/2025,PAR,BRA,180,CANASTA-3P,VISITANTE,8,"FERNANDES, JOAO GABRIEL",2,9:05,8,43
125531,12/12/2025,PAR,BRA,181,ASISTENCIA,VISITANTE,45,"SANTOS, ISAIAH",2,9:05,8,43
125531,12/12/2025,PAR,BRA,182,FALTA-COMETIDA,VISITANTE,99,"DE RINALDE, JOÃO MARCELO",2,8:45,8,43
125531,12/12/2025,PAR,BRA,183,FALTA-RECIBIDA,LOCAL,21,"GONZALEZ, NESTOR",2,8:45,8,43
125531,12/12/2025,PAR,BRA,184,TIRO2-FALLADO,LOCAL,21,"GONZALEZ, NESTOR",2,8:33,8,43
125531,12/12/2025,PAR,BRA,185,REBOTE-DEFENSIVO,VISITANTE,99,"DE RINALDE, JOÃO MARCELO",2,8:30,8,43
125531,12/12/2025,PAR,BRA,186,TIRO3-FALLADO,VISITANTE,8,"FERNANDES, JOAO GABRIEL",2,8:26,8,43
125531,12/12/2025,PAR,BRA,187,REBOTE-DEFENSIVO,LOCAL,21,"GONZALEZ, NESTOR",2,8:23,8,43
125531,12/12/2025,PAR,BRA,188,TIRO2-FALLADO,LOCAL,21,"GONZALEZ, NESTOR",2,8:12,8,43
125531,12/12/2025,PAR,BRA,189,REBOTE-DEFENSIVO,VISITANTE,11,"BANDIERA, JOÃO",2,8:10,8,43
125531,12/12/2025,PAR,BRA,190,CANASTA-2P,VISITANTE,45,"SANTOS, ISAIAH",2,8:04,8,45
125531,12/12/2025,PAR,BRA,191,ASISTENCIA,VISITANTE,11,"BANDIERA, JOÃO",2,8:04,8,45
125531,12/12/2025,PAR,BRA,192,TIRO3-FALLADO,LOCAL,81,"CUELLAR, EZEQUIEL",2,7:49,8,45
125531,12/12/2025,PAR,BRA,193,REBOTE-OFENSIVO,LOCAL,7,"IRALA, MATEO",2,7:47,8,45
125531,12/12/2025,PAR,BRA,194,PERDIDA,LOCAL,7,"IRALA, MATEO",2,7:41,8,45
125531,12/12/2025,PAR,BRA,195,RECUPERACION,VISITANTE,3,"NASCIMENTO, MATHEUS",2,7:41,8,45
125531,12/12/2025,PAR,BRA,196,TIRO2-FALLADO,VISITANTE,8,"FERNANDES, JOAO GABRIEL",2,7:34,8,45
125531,12/12/2025,PAR,BRA,197,REBOTE-OFENSIVO,VISITANTE,3,"NASCIMENTO, MATHEUS",2,7:33,8,45
125531,12/12/2025,PAR,BRA,198,CANASTA-2P,VISITANTE,3,"NASCIMENTO, MATHEUS",2,7:33,8,47
125531,12/12/2025,PAR,BRA,199,TIEMPO-MUERTO-SOLICITADO,LOCAL,,,2,7:33,8,47
125531,12/12/2025,PAR,BRA,200,CAMBIO-JUGADOR-SALE,LOCAL,9,"VAZQUEZ, JUAN",2,7:33,8,47
125531,12/12/2025,PAR,BRA,201,CAMBIO-JUGADOR-SALE,LOCAL,81,"CUELLAR, EZEQUIEL",2,7:33,8,47
125531,12/12/2025,PAR,BRA,202,CAMBIO-JUGADOR-ENTRA,LOCAL,3,"RADICE, ROBERTO",2,7:33,8,47
125531,12/12/2025,PAR,BRA,203,CAMBIO-JUGADOR-ENTRA,LOCAL,10,"DOMINGUEZ, EVERT",2,7:33,8,47
125531,12/12/2025,PAR,BRA,204,TIRO2-FALLADO,LOCAL,21,"GONZALEZ, NESTOR",2,7:22,8,47
125531,12/12/2025,PAR,BRA,205,TAPON-COMETIDO,VISITANTE,99,"DE RINALDE, JOÃO MARCELO",2,7:22,8,47
125531,12/12/2025,PAR,BRA,206,REBOTE-DEFENSIVO,VISITANTE,,,2,7:19,8,47
125531,12/12/2025,PAR,BRA,207,CANASTA-3P,VISITANTE,8,"FERNANDES, JOAO GABRIEL",2,7:10,8,50
125531,12/12/2025,PAR,BRA,208,ASISTENCIA,VISITANTE,3,"NASCIMENTO, MATHEUS",2,7:10,8,50
125531,12/12/2025,PAR,BRA,209,TIRO3-FALLADO,LOCAL,10,"DOMINGUEZ, EVERT",2,6:50,8,50
125531,12/12/2025,PAR,BRA,210,REBOTE-DEFENSIVO,VISITANTE,99,"DE RINALDE, JOÃO MARCELO",2,6:47,8,50
125531,12/12/2025,PAR,BRA,211,FALTA-COMETIDA,LOCAL,5,"VERA, LUIS",2,6:41,8,50
125531,12/12/2025,PAR,BRA,212,FALTA-RECIBIDA,VISITANTE,45,"SANTOS, ISAIAH",2,6:41,8,50
125531,12/12/2025,PAR,BRA,213,CANASTA-1P,VISITANTE,45,"SANTOS, ISAIAH",2,6:41,8,51
125531,12/12/2025,PAR,BRA,214,CANASTA-1P,VISITANTE,45,"SANTOS, ISAIAH",2,6:41,8,52
125531,12/12/2025,PAR,BRA,215,PERDIDA,LOCAL,10,"DOMINGUEZ, EVERT",2,6:29,8,52
125531,12/12/2025,PAR,BRA,216,RECUPERACION,VISITANTE,3,"NASCIMENTO, MATHEUS",2,6:29,8,52
125531,12/12/2025,PAR,BRA,217,PERDIDA,VISITANTE,99,"DE RINALDE, JOÃO MARCELO",2,6:22,8,52
125531,12/12/2025,PAR,BRA,218,RECUPERACION,LOCAL,10,"DOMINGUEZ, EVERT",2,6:22,8,52
125531,12/12/2025,PAR,BRA,219,FALTA-COMETIDA,VISITANTE,8,"FERNANDES, JOAO GABRIEL",2,6:05,8,52
125531,12/12/2025,PAR,BRA,220,FALTA-RECIBIDA,LOCAL,3,"RADICE, ROBERTO",2,6:05,8,52
125531,12/12/2025,PAR,BRA,221,CAMBIO-JUGADOR-SALE,LOCAL,21,"GONZALEZ, NESTOR",2,6:05,8,52
125531,12/12/2025,PAR,BRA,222,CAMBIO-JUGADOR-ENTRA,LOCAL,55,"MOLINAS, JOSE",2,6:05,8,52
125531,12/12/2025,PAR,BRA,223,CAMBIO-JUGADOR-SALE,VISITANTE,99,"DE RINALDE, JOÃO MARCELO",2,6:05,8,52
125531,12/12/2025,PAR,BRA,224,CAMBIO-JUGADOR-ENTRA,VISITANTE,6,"ALVES, PEDRO",2,6:05,8,52
125531,12/12/2025,PAR,BRA,225,CANASTA-1P,LOCAL,3,"RADICE, ROBERTO",2,6:05,9,52
125531,12/12/2025,PAR,BRA,226,ASISTENCIA,LOCAL,5,"VERA, LUIS",2,6:05,9,52
125531,12/12/2025,PAR,BRA,227,CANASTA-1P,LOCAL,3,"RADICE, ROBERTO",2,6:05,10,52
125531,12/12/2025,PAR,BRA,228,CANASTA-1P,LOCAL,3,"RADICE, ROBERTO",2,6:05,11,52
125531,12/12/2025,PAR,BRA,229,TIRO3-FALLADO,VISITANTE,11,"BANDIERA, JOÃO",2,5:54,11,52
125531,12/12/2025,PAR,BRA,230,REBOTE-DEFENSIVO,LOCAL,5,"VERA, LUIS",2,5:51,11,52
125531,12/12/2025,PAR,BRA,231,TIRO2-FALLADO,LOCAL,5,"VERA, LUIS",2,5:49,11,52
125531,12/12/2025,PAR,BRA,232,TAPON-COMETIDO,VISITANTE,11,"BANDIERA, JOÃO",2,5:49,11,52
125531,12/12/2025,PAR,BRA,233,REBOTE-DEFENSIVO,VISITANTE,3,"NASCIMENTO, MATHEUS",2,5:49,11,52
125531,12/12/2025,PAR,BRA,234,PERDIDA,VISITANTE,45,"SANTOS, ISAIAH",2,5:42,11,52
125531,12/12/2025,PAR,BRA,235,CAMBIO-JUGADOR-SALE,VISITANTE,6,"ALVES, PEDRO",2,5:42,11,52
125531,12/12/2025,PAR,BRA,236,CAMBIO-JUGADOR-SALE,VISITANTE,45,"SANTOS, ISAIAH",2,5:42,11,52
125531,12/12/2025,PAR,BRA,237,CAMBIO-JUGADOR-ENTRA,VISITANTE,14,"NEVES, JOAO",2,5:42,11,52
125531,12/12/2025,PAR,BRA,238,CAMBIO-JUGADOR-ENTRA,VISITANTE,33,"FERREIRA, CRISTIAN",2,5:42,11,52
125531,12/12/2025,PAR,BRA,239,PERDIDA,LOCAL,7,"IRALA, MATEO",2,5:32,11,52
125531,12/12/2025,PAR,BRA,240,RECUPERACION,VISITANTE,11,"BANDIERA, JOÃO",2,5:32,11,52
125531,12/12/2025,PAR,BRA,241,TIRO2-FALLADO,VISITANTE,8,"FERNANDES, JOAO GABRIEL",2,5:27,11,52
125531,12/12/2025,PAR,BRA,242,TAPON-COMETIDO,LOCAL,5,"VERA, LUIS",2,5:27,11,52
125531,12/12/2025,PAR,BRA,243,REBOTE-OFENSIVO,VISITANTE,14,"NEVES, JOAO",2,5:24,11,52
125531,12/12/2025,PAR,BRA,244,CANASTA-2P,VISITANTE,14,"NEVES, JOAO",2,5:23,11,54
125531,12/12/2025,PAR,BRA,245,FALTA-COMETIDA,VISITANTE,3,"NASCIMENTO, MATHEUS",2,5:17,11,54
125531,12/12/2025,PAR,BRA,246,FALTA-RECIBIDA,LOCAL,10,"DOMINGUEZ, EVERT",2,5:17,11,54
125531,12/12/2025,PAR,BRA,247,TIRO2-FALLADO,LOCAL,3,"RADICE, ROBERTO",2,5:01,11,54
125531,12/12/2025,PAR,BRA,248,REBOTE-DEFENSIVO,VISITANTE,11,"BANDIERA, JOÃO",2,4:59,11,54
125531,12/12/2025,PAR,BRA,249,TIRO2-FALLADO,VISITANTE,14,"NEVES, JOAO",2,4:42,11,54
125531,12/12/2025,PAR,BRA,250,REBOTE-OFENSIVO,VISITANTE,33,"FERREIRA, CRISTIAN",2,4:39,11,54
125531,12/12/2025,PAR,BRA,251,CANASTA-3P,VISITANTE,8,"FERNANDES, JOAO GABRIEL",2,4:36,11,57
125531,12/12/2025,PAR,BRA,252,ASISTENCIA,VISITANTE,11,"BANDIERA, JOÃO",2,4:36,11,57
125531,12/12/2025,PAR,BRA,253,FALTA-COMETIDA,VISITANTE,33,"FERREIRA, CRISTIAN",2,4:09,11,57
125531,12/12/2025,PAR,BRA,254,FALTA-RECIBIDA,LOCAL,3,"RADICE, ROBERTO",2,4:09,11,57
125531,12/12/2025,PAR,BRA,255,CAMBIO-JUGADOR-SALE,LOCAL,5,"VERA, LUIS",2,4:09,11,57
125531,12/12/2025,PAR,BRA,256,CAMBIO-JUGADOR-SALE,LOCAL,7,"IRALA, MATEO",2,4:09,11,57
125531,12/12/2025,PAR,BRA,257,CAMBIO-JUGADOR-ENTRA,LOCAL,6,"TALAVERA, ALEJANDRO",2,4:09,11,57
125531,12/12/2025,PAR,BRA,258,CAMBIO-JUGADOR-ENTRA,LOCAL,14,"ESCURRA, MAURICIO",2,4:09,11,57
125531,12/12/2025,PAR,BRA,259,CAMBIO-JUGADOR-SALE,VISITANTE,11,"BANDIERA, JOÃO",2,4:09,11,57
125531,12/12/2025,PAR,BRA,260,CAMBIO-JUGADOR-ENTRA,VISITANTE,2,"MATHIAS, CAIO",2,4:09,11,57
125531,12/12/2025,PAR,BRA,261,TIRO1-FALLADO,LOCAL,3,"RADICE, ROBERTO",2,4:09,11,57
125531,12/12/2025,PAR,BRA,262,TIRO1-FALLADO,LOCAL,3,"RADICE, ROBERTO",2,4:09,11,57
125531,12/12/2025,PAR,BRA,263,CANASTA-1P,LOCAL,3,"RADICE, ROBERTO",2,4:09,12,57
125531,12/12/2025,PAR,BRA,264,TIRO3-FALLADO,VISITANTE,2,"MATHIAS, CAIO",2,4:04,12,57
125531,12/12/2025,PAR,BRA,265,REBOTE-DEFENSIVO,LOCAL,55,"MOLINAS, JOSE",2,4:01,12,57
125531,12/12/2025,PAR,BRA,266,TIRO3-FALLADO,LOCAL,3,"RADICE, ROBERTO",2,3:43,12,57
125531,12/12/2025,PAR,BRA,267,REBOTE-DEFENSIVO,VISITANTE,3,"NASCIMENTO, MATHEUS",2,3:41,12,57
125531,12/12/2025,PAR,BRA,268,CANASTA-2P,VISITANTE,14,"NEVES, JOAO",2,3:32,12,59
125531,12/12/2025,PAR,BRA,269,ASISTENCIA,VISITANTE,8,"FERNANDES, JOAO GABRIEL",2,3:32,12,59
125531,12/12/2025,PAR,BRA,270,CANASTA-2P,LOCAL,3,"RADICE, ROBERTO",2,3:09,14,59
125531,12/12/2025,PAR,BRA,271,PERDIDA,VISITANTE,3,"NASCIMENTO, MATHEUS",2,2:57,14,59
125531,12/12/2025,PAR,BRA,272,CAMBIO-JUGADOR-SALE,LOCAL,3,"RADICE, ROBERTO",2,2:57,14,59
125531,12/12/2025,PAR,BRA,273,CAMBIO-JUGADOR-ENTRA,LOCAL,7,"IRALA, MATEO",2,2:57,14,59
125531,12/12/2025,PAR,BRA,274,PERDIDA,LOCAL,6,"TALAVERA, ALEJANDRO",2,2:45,14,59
125531,12/12/2025,PAR,BRA,275,PERDIDA,VISITANTE,14,"NEVES, JOAO",2,2:33,14,59
125531,12/12/2025,PAR,BRA,276,RECUPERACION,LOCAL,14,"ESCURRA, MAURICIO",2,2:33,14,59
125531,12/12/2025,PAR,BRA,277,CANASTA-2P,LOCAL,55,"MOLINAS, JOSE",2,2:18,16,59
125531,12/12/2025,PAR,BRA,278,ASISTENCIA,LOCAL,6,"TALAVERA, ALEJANDRO",2,2:18,16,59
125531,12/12/2025,PAR,BRA,279,TIRO3-FALLADO,VISITANTE,8,"FERNANDES, JOAO GABRIEL",2,2:04,16,59
125531,12/12/2025,PAR,BRA,280,REBOTE-DEFENSIVO,LOCAL,7,"IRALA, MATEO",2,2:01,16,59
125531,12/12/2025,PAR,BRA,281,CANASTA-2P,LOCAL,6,"TALAVERA, ALEJANDRO",2,1:58,18,59
125531,12/12/2025,PAR,BRA,282,TIRO2-FALLADO,VISITANTE,33,"FERREIRA, CRISTIAN",2,1:49,18,59
125531,12/12/2025,PAR,BRA,283,TAPON-COMETIDO,LOCAL,55,"MOLINAS, JOSE",2,1:49,18,59
125531,12/12/2025,PAR,BRA,284,REBOTE-OFENSIVO,VISITANTE,33,"FERREIRA, CRISTIAN",2,1:46,18,59
125531,12/12/2025,PAR,BRA,285,FALTA-COMETIDA,LOCAL,14,"ESCURRA, MAURICIO",2,1:45,18,59
125531,12/12/2025,PAR,BRA,286,FALTA-RECIBIDA,VISITANTE,33,"FERREIRA, CRISTIAN",2,1:45,18,59
125531,12/12/2025,PAR,BRA,287,CAMBIO-JUGADOR-SALE,VISITANTE,2,"MATHIAS, CAIO",2,1:45,18,59
125531,12/12/2025,PAR,BRA,288,CAMBIO-JUGADOR-SALE,VISITANTE,3,"NASCIMENTO, MATHEUS",2,1:45,18,59
125531,12/12/2025,PAR,BRA,289,CAMBIO-JUGADOR-SALE,VISITANTE,8,"FERNANDES, JOAO GABRIEL",2,1:45,18,59
125531,12/12/2025,PAR,BRA,290,CAMBIO-JUGADOR-ENTRA,VISITANTE,10,"MELO, PIETRO",2,1:45,18,59
125531,12/12/2025,PAR,BRA,291,CAMBIO-JUGADOR-ENTRA,VISITANTE,25,"SOUZA, PEDRO",2,1:45,18,59
125531,12/12/2025,PAR,BRA,292,CAMBIO-JUGADOR-ENTRA,VISITANTE,50,"SANTOS, EDUARDO",2,1:45,18,59
125531,12/12/2025,PAR,BRA,293,CANASTA-1P,VISITANTE,33,"FERREIRA, CRISTIAN",2,1:45,18,60
125531,12/12/2025,PAR,BRA,294,TIRO1-FALLADO,VISITANTE,33,"FERREIRA, CRISTIAN",2,1:45,18,60
125531,12/12/2025,PAR,BRA,295,REBOTE-OFENSIVO,VISITANTE,50,"SANTOS, EDUARDO",2,1:45,18,60
125531,12/12/2025,PAR,BRA,296,TIRO2-FALLADO,VISITANTE,50,"SANTOS, EDUARDO",2,1:43,18,60
125531,12/12/2025,PAR,BRA,297,TAPON-COMETIDO,LOCAL,7,"IRALA, MATEO",2,1:43,18,60
125531,12/12/2025,PAR,BRA,298,REBOTE-DEFENSIVO,LOCAL,7,"IRALA, MATEO",2,1:41,18,60
125531,12/12/2025,PAR,BRA,299,TIRO2-FALLADO,LOCAL,55,"MOLINAS, JOSE",2,1:28,18,60
125531,12/12/2025,PAR,BRA,300,REBOTE-OFENSIVO,LOCAL,7,"IRALA, MATEO",2,1:25,18,60
125531,12/12/2025,PAR,BRA,301,FALTA-COMETIDA,VISITANTE,33,"FERREIRA, CRISTIAN",2,1:25,18,60
125531,12/12/2025,PAR,BRA,302,FALTA-RECIBIDA,LOCAL,7,"IRALA, MATEO",2,1:25,18,60
125531,12/12/2025,PAR,BRA,303,TIRO1-FALLADO,LOCAL,7,"IRALA, MATEO",2,1:25,18,60
125531,12/12/2025,PAR,BRA,304,TIRO1-FALLADO,LOCAL,7,"IRALA, MATEO",2,1:25,18,60
125531,12/12/2025,PAR,BRA,305,REBOTE-DEFENSIVO,VISITANTE,50,"SANTOS, EDUARDO",2,1:25,18,60
125531,12/12/2025,PAR,BRA,306,CANASTA-2P,VISITANTE,25,"SOUZA, PEDRO",2,1:08,18,62
125531,12/12/2025,PAR,BRA,307,ASISTENCIA,VISITANTE,10,"MELO, PIETRO",2,1:08,18,62
125531,12/12/2025,PAR,BRA,308,TIRO3-FALLADO,LOCAL,14,"ESCURRA, MAURICIO",2,0:52,18,62
125531,12/12/2025,PAR,BRA,309,REBOTE-DEFENSIVO,VISITANTE,10,"MELO, PIETRO",2,0:50,18,62
125531,12/12/2025,PAR,BRA,310,PERDIDA,VISITANTE,14,"NEVES, JOAO",2,0:39,18,62
125531,12/12/2025,PAR,BRA,311,RECUPERACION,LOCAL,14,"ESCURRA, MAURICIO",2,0:39,18,62
125531,12/12/2025,PAR,BRA,312,TIRO2-FALLADO,LOCAL,55,"MOLINAS, JOSE",2,0:29,18,62
125531,12/12/2025,PAR,BRA,313,TAPON-COMETIDO,VISITANTE,33,"FERREIRA, CRISTIAN",2,0:29,18,62
125531,12/12/2025,PAR,BRA,314,REBOTE-DEFENSIVO,VISITANTE,50,"SANTOS, EDUARDO",2,0:26,18,62
125531,12/12/2025,PAR,BRA,315,CANASTA-2P,VISITANTE,14,"NEVES, JOAO",2,0:24,18,64
125531,12/12/2025,PAR,BRA,316,ASISTENCIA,VISITANTE,50,"SANTOS, EDUARDO",2,0:24,18,64
125531,12/12/2025,PAR,BRA,317,TIRO3-FALLADO,LOCAL,10,"DOMINGUEZ, EVERT",2,0:01,18,64
125531,12/12/2025,PAR,BRA,318,FINAL-PERIODO,,,,2,0:00,18,64
125531,12/12/2025,PAR,BRA,319,CAMBIO-JUGADOR-SALE,LOCAL,7,"IRALA, MATEO",3,10:00,18,64
125531,12/12/2025,PAR,BRA,320,CAMBIO-JUGADOR-SALE,LOCAL,10,"DOMINGUEZ, EVERT",3,10:00,18,64
125531,12/12/2025,PAR,BRA,321,CAMBIO-JUGADOR-SALE,LOCAL,55,"MOLINAS, JOSE",3,10:00,18,64
125531,12/12/2025,PAR,BRA,322,CAMBIO-JUGADOR-ENTRA,LOCAL,3,"RADICE, ROBERTO",3,10:00,18,64
125531,12/12/2025,PAR,BRA,323,CAMBIO-JUGADOR-ENTRA,LOCAL,5,"VERA, LUIS",3,10:00,18,64
125531,12/12/2025,PAR,BRA,324,CAMBIO-JUGADOR-ENTRA,LOCAL,21,"GONZALEZ, NESTOR",3,10:00,18,64
125531,12/12/2025,PAR,BRA,325,CAMBIO-JUGADOR-SALE,VISITANTE,14,"NEVES, JOAO",3,10:00,18,64
125531,12/12/2025,PAR,BRA,326,CAMBIO-JUGADOR-SALE,VISITANTE,33,"FERREIRA, CRISTIAN",3,10:00,18,64
125531,12/12/2025,PAR,BRA,327,CAMBIO-JUGADOR-ENTRA,VISITANTE,6,"ALVES, PEDRO",3,10:00,18,64
125531,12/12/2025,PAR,BRA,328,CAMBIO-JUGADOR-ENTRA,VISITANTE,45,"SANTOS, ISAIAH",3,10:00,18,64
125531,12/12/2025,PAR,BRA,329,INICIO-PERIODO,,,,3,10:00,18,64
125531,12/12/2025,PAR,BRA,330,FALTA-COMETIDA,VISITANTE,6,"ALVES, PEDRO",3,9:47,18,64
125531,12/12/2025,PAR,BRA,331,PERDIDA,VISITANTE,6,"ALVES, PEDRO",3,9:47,18,64
125531,12/12/2025,PAR,BRA,332,FALTA-RECIBIDA,LOCAL,21,"GONZALEZ, NESTOR",3,9:47,18,64
125531,12/12/2025,PAR,BRA,333,FALTA-COMETIDA,VISITANTE,6,"ALVES, PEDRO",3,9:35,18,64
125531,12/12/2025,PAR,BRA,334,FALTA-RECIBIDA,LOCAL,21,"GONZALEZ, NESTOR",3,9:35,18,64
125531,12/12/2025,PAR,BRA,335,CANASTA-2P,LOCAL,6,"TALAVERA, ALEJANDRO",3,9:22,20,64
125531,12/12/2025,PAR,BRA,336,TIRO3-FALLADO,VISITANTE,25,"SOUZA, PEDRO",3,9:04,20,64
125531,12/12/2025,PAR,BRA,337,REBOTE-OFENSIVO,VISITANTE,45,"SANTOS, ISAIAH",3,9:01,20,64
125531,12/12/2025,PAR,BRA,338,CANASTA-3P,VISITANTE,10,"MELO, PIETRO",3,8:59,20,67
125531,12/12/2025,PAR,BRA,339,TIRO2-FALLADO,LOCAL,21,"GONZALEZ, NESTOR",3,8:38,20,67
125531,12/12/2025,PAR,BRA,340,REBOTE-DEFENSIVO,VISITANTE,50,"SANTOS, EDUARDO",3,8:35,20,67
125531,12/12/2025,PAR,BRA,341,CANASTA-2P,VISITANTE,25,"SOUZA, PEDRO",3,8:28,20,69
125531,12/12/2025,PAR,BRA,342,TIRO3-FALLADO,LOCAL,5,"VERA, LUIS",3,8:13,20,69
125531,12/12/2025,PAR,BRA,343,REBOTE-DEFENSIVO,VISITANTE,45,"SANTOS, ISAIAH",3,8:10,20,69
125531,12/12/2025,PAR,BRA,344,TIRO2-FALLADO,VISITANTE,45,"SANTOS, ISAIAH",3,8:07,20,69
125531,12/12/2025,PAR,BRA,345,REBOTE-DEFENSIVO,LOCAL,5,"VERA, LUIS",3,8:04,20,69
125531,12/12/2025,PAR,BRA,346,FALTA-COMETIDA,VISITANTE,50,"SANTOS, EDUARDO",3,7:53,20,69
125531,12/12/2025,PAR,BRA,347,FALTA-RECIBIDA,LOCAL,14,"ESCURRA, MAURICIO",3,7:53,20,69
125531,12/12/2025,PAR,BRA,348,CANASTA-1P,LOCAL,14,"ESCURRA, MAURICIO",3,7:53,21,69
125531,12/12/2025,PAR,BRA,349,ASISTENCIA,LOCAL,5,"VERA, LUIS",3,7:53,21,69
125531,12/12/2025,PAR,BRA,350,CANASTA-1P,LOCAL,14,"ESCURRA, MAURICIO",3,7:53,22,69
125531,12/12/2025,PAR,BRA,351,TIRO3-FALLADO,VISITANTE,25,"SOUZA, PEDRO",3,7:33,22,69
125531,12/12/2025,PAR,BRA,352,REBOTE-OFENSIVO,VISITANTE,,,3,7:31,22,69
125531,12/12/2025,PAR,BRA,353,PERDIDA,VISITANTE,25,"SOUZA, PEDRO",3,7:29,22,69
125531,12/12/2025,PAR,BRA,354,RECUPERACION,LOCAL,6,"TALAVERA, ALEJANDRO",3,7:29,22,69
125531,12/12/2025,PAR,BRA,355,CANASTA-2P,LOCAL,6,"TALAVERA, ALEJANDRO",3,7:25,24,69
125531,12/12/2025,PAR,BRA,356,FALTA-COMETIDA,LOCAL,6,"TALAVERA, ALEJANDRO",3,7:13,24,69
125531,12/12/2025,PAR,BRA,357,FALTA-RECIBIDA,VISITANTE,50,"SANTOS, EDUARDO",3,7:13,24,69
125531,12/12/2025,PAR,BRA,358,CANASTA-3P,VISITANTE,10,"MELO, PIETRO",3,7:09,24,72
125531,12/12/2025,PAR,BRA,359,ASISTENCIA,VISITANTE,25,"SOUZA, PEDRO",3,7:09,24,72
125531,12/12/2025,PAR,BRA,360,CANASTA-2P,LOCAL,14,"ESCURRA, MAURICIO",3,6:47,26,72
125531,12/12/2025,PAR,BRA,361,TIRO2-FALLADO,VISITANTE,50,"SANTOS, EDUARDO",3,6:35,26,72
125531,12/12/2025,PAR,BRA,362,TAPON-COMETIDO,LOCAL,5,"VERA, LUIS",3,6:35,26,72
125531,12/12/2025,PAR,BRA,363,REBOTE-DEFENSIVO,LOCAL,5,"VERA, LUIS",3,6:31,26,72
125531,12/12/2025,PAR,BRA,364,PERDIDA,LOCAL,6,"TALAVERA, ALEJANDRO",3,6:28,26,72
125531,12/12/2025,PAR,BRA,365,CANASTA-3P,VISITANTE,45,"SANTOS, ISAIAH",3,6:21,26,75
125531,12/12/2025,PAR,BRA,366,ASISTENCIA,VISITANTE,10,"MELO, PIETRO",3,6:21,26,75
125531,12/12/2025,PAR,BRA,367,CANASTA-2P,LOCAL,6,"TALAVERA, ALEJANDRO",3,6:05,28,75
125531,12/12/2025,PAR,BRA,368,TIRO2-FALLADO,VISITANTE,25,"SOUZA, PEDRO",3,5:47,28,75
125531,12/12/2025,PAR,BRA,369,REBOTE-OFENSIVO,VISITANTE,45,"SANTOS, ISAIAH",3,5:42,28,75
125531,12/12/2025,PAR,BRA,370,CANASTA-2P,VISITANTE,45,"SANTOS, ISAIAH",3,5:42,28,77
125531,12/12/2025,PAR,BRA,371,CAMBIO-JUGADOR-SALE,LOCAL,3,"RADICE, ROBERTO",3,5:26,28,77
125531,12/12/2025,PAR,BRA,372,CAMBIO-JUGADOR-ENTRA,LOCAL,10,"DOMINGUEZ, EVERT",3,5:26,28,77
125531,12/12/2025,PAR,BRA,373,CAMBIO-JUGADOR-SALE,VISITANTE,6,"ALVES, PEDRO",3,5:26,28,77
125531,12/12/2025,PAR,BRA,374,CAMBIO-JUGADOR-SALE,VISITANTE,25,"SOUZA, PEDRO",3,5:26,28,77
125531,12/12/2025,PAR,BRA,375,CAMBIO-JUGADOR-ENTRA,VISITANTE,11,"BANDIERA, JOÃO",3,5:26,28,77
125531,12/12/2025,PAR,BRA,376,CAMBIO-JUGADOR-ENTRA,VISITANTE,99,"DE RINALDE, JOÃO MARCELO",3,5:26,28,77
125531,12/12/2025,PAR,BRA,377,TIRO3-FALLADO,LOCAL,14,"ESCURRA, MAURICIO",3,5:15,28,77
125531,12/12/2025,PAR,BRA,378,REBOTE-DEFENSIVO,VISITANTE,,,3,5:13,28,77
125531,12/12/2025,PAR,BRA,379,CAMBIO-JUGADOR-SALE,LOCAL,5,"VERA, LUIS",3,5:12,28,77
125531,12/12/2025,PAR,BRA,380,CAMBIO-JUGADOR-ENTRA,LOCAL,55,"MOLINAS, JOSE",3,5:12,28,77
125531,12/12/2025,PAR,BRA,381,CAMBIO-JUGADOR-SALE,VISITANTE,50,"SANTOS, EDUARDO",3,5:12,28,77
125531,12/12/2025,PAR,BRA,382,CAMBIO-JUGADOR-ENTRA,VISITANTE,8,"FERNANDES, JOAO GABRIEL",3,5:12,28,77
125531,12/12/2025,PAR,BRA,383,TIEMPO-MUERTO-SOLICITADO,VISITANTE,,,3,5:05,28,77
125531,12/12/2025,PAR,BRA,384,TIRO2-FALLADO,LOCAL,21,"GONZALEZ, NESTOR",3,4:57,28,77
125531,12/12/2025,PAR,BRA,385,REBOTE-DEFENSIVO,VISITANTE,99,"DE RINALDE, JOÃO MARCELO",3,4:54,28,77
125531,12/12/2025,PAR,BRA,386,PERDIDA,VISITANTE,10,"MELO, PIETRO",3,4:50,28,77
125531,12/12/2025,PAR,BRA,387,RECUPERACION,LOCAL,6,"TALAVERA, ALEJANDRO",3,4:50,28,77
125531,12/12/2025,PAR,BRA,388,TIRO3-FALLADO,LOCAL,6,"TALAVERA, ALEJANDRO",3,4:43,28,77
125531,12/12/2025,PAR,BRA,389,REBOTE-DEFENSIVO,VISITANTE,99,"DE RINALDE, JOÃO MARCELO",3,4:41,28,77
125531,12/12/2025,PAR,BRA,390,TIRO3-FALLADO,VISITANTE,10,"MELO, PIETRO",3,4:37,28,77
125531,12/12/2025,PAR,BRA,391,REBOTE-OFENSIVO,VISITANTE,11,"BANDIERA, JOÃO",3,4:34,28,77
125531,12/12/2025,PAR,BRA,392,TIRO3-FALLADO,VISITANTE,11,"BANDIERA, JOÃO",3,4:24,28,77
125531,12/12/2025,PAR,BRA,393,REBOTE-DEFENSIVO,LOCAL,,,3,4:22,28,77
125531,12/12/2025,PAR,BRA,394,FALTA-COMETIDA,VISITANTE,99,"DE RINALDE, JOÃO MARCELO",3,4:22,28,77
125531,12/12/2025,PAR,BRA,395,FALTA-RECIBIDA,LOCAL,6,"TALAVERA, ALEJANDRO",3,4:22,28,77
125531,12/12/2025,PAR,BRA,396,CAMBIO-JUGADOR-SALE,VISITANTE,10,"MELO, PIETRO",3,4:22,28,77
125531,12/12/2025,PAR,BRA,397,CAMBIO-JUGADOR-ENTRA,VISITANTE,2,"MATHIAS, CAIO",3,4:22,28,77
125531,12/12/2025,PAR,BRA,398,TIRO3-FALLADO,LOCAL,14,"ESCURRA, MAURICIO",3,4:07,28,77
125531,12/12/2025,PAR,BRA,399,REBOTE-DEFENSIVO,VISITANTE,99,"DE RINALDE, JOÃO MARCELO",3,4:05,28,77
125531,12/12/2025,PAR,BRA,400,TIRO3-FALLADO,VISITANTE,8,"FERNANDES, JOAO GABRIEL",3,4:03,28,77
125531,12/12/2025,PAR,BRA,401,REBOTE-DEFENSIVO,LOCAL,,,3,3:59,28,77
125531,12/12/2025,PAR,BRA,402,CAMBIO-JUGADOR-SALE,LOCAL,21,"GONZALEZ, NESTOR",3,3:59,28,77
125531,12/12/2025,PAR,BRA,403,CAMBIO-JUGADOR-ENTRA,LOCAL,15,"HACHEN, RICHARD",3,3:59,28,77
125531,12/12/2025,PAR,BRA,404,CANASTA-2P,LOCAL,10,"DOMINGUEZ, EVERT",3,3:49,30,77
125531,12/12/2025,PAR,BRA,405,FALTA-COMETIDA,VISITANTE,99,"DE RINALDE, JOÃO MARCELO",3,3:49,30,77
125531,12/12/2025,PAR,BRA,406,FALTA-RECIBIDA,LOCAL,10,"DOMINGUEZ, EVERT",3,3:49,30,77
125531,12/12/2025,PAR,BRA,407,CAMBIO-JUGADOR-SALE,LOCAL,14,"ESCURRA, MAURICIO",3,3:49,30,77
125531,12/12/2025,PAR,BRA,408,CAMBIO-JUGADOR-ENTRA,LOCAL,7,"IRALA, MATEO",3,3:49,30,77
125531,12/12/2025,PAR,BRA,409,TIRO1-FALLADO,LOCAL,10,"DOMINGUEZ, EVERT",3,3:49,30,77
125531,12/12/2025,PAR,BRA,410,REBOTE-DEFENSIVO,VISITANTE,45,"SANTOS, ISAIAH",3,3:49,30,77
125531,12/12/2025,PAR,BRA,411,CANASTA-2P,VISITANTE,45,"SANTOS, ISAIAH",3,3:42,30,79
125531,12/12/2025,PAR,BRA,412,ASISTENCIA,VISITANTE,8,"FERNANDES, JOAO GABRIEL",3,3:42,30,79
125531,12/12/2025,PAR,BRA,413,TIRO3-FALLADO,LOCAL,6,"TALAVERA, ALEJANDRO",3,3:22,30,79
125531,12/12/2025,PAR,BRA,414,REBOTE-DEFENSIVO,VISITANTE,8,"FERNANDES, JOAO GABRIEL",3,3:19,30,79
125531,12/12/2025,PAR,BRA,415,CANASTA-2P,VISITANTE,2,"MATHIAS, CAIO",3,3:17,30,81
125531,12/12/2025,PAR,BRA,416,ASISTENCIA,VISITANTE,8,"FERNANDES, JOAO GABRIEL",3,3:17,30,81
125531,12/12/2025,PAR,BRA,417,FALTA-COMETIDA,LOCAL,55,"MOLINAS, JOSE",3,3:10,30,81
125531,12/12/2025,PAR,BRA,418,FALTA-RECIBIDA,VISITANTE,2,"MATHIAS, CAIO",3,3:10,30,81
125531,12/12/2025,PAR,BRA,419,CAMBIO-JUGADOR-SALE,LOCAL,6,"TALAVERA, ALEJANDRO",3,3:10,30,81
125531,12/12/2025,PAR,BRA,420,CAMBIO-JUGADOR-ENTRA,LOCAL,81,"CUELLAR, EZEQUIEL",3,3:10,30,81
125531,12/12/2025,PAR,BRA,421,CANASTA-1P,VISITANTE,2,"MATHIAS, CAIO",3,3:10,30,82
125531,12/12/2025,PAR,BRA,422,PERDIDA,LOCAL,10,"DOMINGUEZ, EVERT",3,3:04,30,82
125531,12/12/2025,PAR,BRA,423,PERDIDA,VISITANTE,2,"MATHIAS, CAIO",3,3:01,30,82
125531,12/12/2025,PAR,BRA,424,PERDIDA,LOCAL,10,"DOMINGUEZ, EVERT",3,2:59,30,82
125531,12/12/2025,PAR,BRA,425,RECUPERACION,VISITANTE,11,"BANDIERA, JOÃO",3,2:59,30,82
125531,12/12/2025,PAR,BRA,426,TIRO3-FALLADO,VISITANTE,45,"SANTOS, ISAIAH",3,2:59,30,82
125531,12/12/2025,PAR,BRA,427,REBOTE-OFENSIVO,VISITANTE,99,"DE RINALDE, JOÃO MARCELO",3,2:59,30,82
125531,12/12/2025,PAR,BRA,428,CANASTA-2P,VISITANTE,99,"DE RINALDE, JOÃO MARCELO",3,2:59,30,84
125531,12/12/2025,PAR,BRA,429,TIRO2-FALLADO,LOCAL,10,"DOMINGUEZ, EVERT",3,2:51,30,84
125531,12/12/2025,PAR,BRA,430,REBOTE-DEFENSIVO,VISITANTE,45,"SANTOS, ISAIAH",3,2:48,30,84
125531,12/12/2025,PAR,BRA,431,TIRO2-FALLADO,VISITANTE,8,"FERNANDES, JOAO GABRIEL",3,2:45,30,84
125531,12/12/2025,PAR,BRA,432,REBOTE-OFENSIVO,VISITANTE,99,"DE RINALDE, JOÃO MARCELO",3,2:41,30,84
125531,12/12/2025,PAR,BRA,433,CANASTA-2P,VISITANTE,99,"DE RINALDE, JOÃO MARCELO",3,2:41,30,86
125531,12/12/2025,PAR,BRA,434,TIRO2-FALLADO,LOCAL,81,"CUELLAR, EZEQUIEL",3,2:17,30,86
125531,12/12/2025,PAR,BRA,435,TIEMPO-MUERTO-SOLICITADO,LOCAL,,,3,2:14,30,86
125531,12/12/2025,PAR,BRA,436,TIRO2-FALLADO,VISITANTE,11,"BANDIERA, JOÃO",3,1:51,30,86
125531,12/12/2025,PAR,BRA,437,REBOTE-OFENSIVO,VISITANTE,99,"DE RINALDE, JOÃO MARCELO",3,1:49,30,86
125531,12/12/2025,PAR,BRA,438,CANASTA-2P,VISITANTE,99,"DE RINALDE, JOÃO MARCELO",3,1:48,30,88
125531,12/12/2025,PAR,BRA,439,PERDIDA,LOCAL,7,"IRALA, MATEO",3,1:34,30,88
125531,12/12/2025,PAR,BRA,440,RECUPERACION,VISITANTE,11,"BANDIERA, JOÃO",3,1:34,30,88
125531,12/12/2025,PAR,BRA,441,CANASTA-2P,VISITANTE,2,"MATHIAS, CAIO",3,1:30,30,90
125531,12/12/2025,PAR,BRA,442,ASISTENCIA,VISITANTE,11,"BANDIERA, JOÃO",3,1:30,30,90
125531,12/12/2025,PAR,BRA,443,TIEMPO-MUERTO-SOLICITADO,LOCAL,,,3,1:29,30,90
125531,12/12/2025,PAR,BRA,444,TIRO2-FALLADO,LOCAL,15,"HACHEN, RICHARD",3,1:17,30,90
125531,12/12/2025,PAR,BRA,445,REBOTE-DEFENSIVO,VISITANTE,45,"SANTOS, ISAIAH",3,1:14,30,90
125531,12/12/2025,PAR,BRA,446,TIRO3-FALLADO,VISITANTE,8,"FERNANDES, JOAO GABRIEL",3,1:09,30,90
125531,12/12/2025,PAR,BRA,447,REBOTE-OFENSIVO,VISITANTE,2,"MATHIAS, CAIO",3,1:07,30,90
125531,12/12/2025,PAR,BRA,448,PERDIDA,VISITANTE,2,"MATHIAS, CAIO",3,1:07,30,90
125531,12/12/2025,PAR,BRA,449,RECUPERACION,LOCAL,7,"IRALA, MATEO",3,1:07,30,90
125531,12/12/2025,PAR,BRA,450,CANASTA-3P,LOCAL,10,"DOMINGUEZ, EVERT",3,0:59,33,90
125531,12/12/2025,PAR,BRA,451,ASISTENCIA,LOCAL,7,"IRALA, MATEO",3,0:59,33,90
125531,12/12/2025,PAR,BRA,452,TIRO3-FALLADO,VISITANTE,45,"SANTOS, ISAIAH",3,0:44,33,90
125531,12/12/2025,PAR,BRA,453,REBOTE-DEFENSIVO,LOCAL,7,"IRALA, MATEO",3,0:40,33,90
125531,12/12/2025,PAR,BRA,454,TIRO2-FALLADO,LOCAL,55,"MOLINAS, JOSE",3,0:27,33,90
125531,12/12/2025,PAR,BRA,455,REBOTE-DEFENSIVO,VISITANTE,8,"FERNANDES, JOAO GABRIEL",3,0:24,33,90
125531,12/12/2025,PAR,BRA,456,FALTA-COMETIDA,LOCAL,15,"HACHEN, RICHARD",3,0:13,33,90
125531,12/12/2025,PAR,BRA,457,FALTA-RECIBIDA,VISITANTE,45,"SANTOS, ISAIAH",3,0:13,33,90
125531,12/12/2025,PAR,BRA,458,CANASTA-2P,VISITANTE,11,"BANDIERA, JOÃO",3,0:00,33,92
125531,12/12/2025,PAR,BRA,459,FINAL-PERIODO,,,,3,0:00,33,92
125531,12/12/2025,PAR,BRA,460,INICIO-PERIODO,,,,4,10:00,33,92
125531,12/12/2025,PAR,BRA,461,CANASTA-3P,LOCAL,10,"DOMINGUEZ, EVERT",4,9:52,36,92
125531,12/12/2025,PAR,BRA,462,TIRO2-FALLADO,VISITANTE,11,"BANDIERA, JOÃO",4,9:35,36,92
125531,12/12/2025,PAR,BRA,463,REBOTE-OFENSIVO,VISITANTE,99,"DE RINALDE, JOÃO MARCELO",4,9:31,36,92
125531,12/12/2025,PAR,BRA,464,CANASTA-2P,VISITANTE,99,"DE RINALDE, JOÃO MARCELO",4,9:30,36,94
125531,12/12/2025,PAR,BRA,465,TIRO3-FALLADO,LOCAL,15,"HACHEN, RICHARD",4,9:05,36,94
125531,12/12/2025,PAR,BRA,466,REBOTE-DEFENSIVO,VISITANTE,45,"SANTOS, ISAIAH",4,9:03,36,94
125531,12/12/2025,PAR,BRA,467,TIRO2-FALLADO,VISITANTE,45,"SANTOS, ISAIAH",4,9:00,36,94
125531,12/12/2025,PAR,BRA,468,REBOTE-DEFENSIVO,LOCAL,15,"HACHEN, RICHARD",4,8:57,36,94
125531,12/12/2025,PAR,BRA,469,FALTA-COMETIDA,VISITANTE,99,"DE RINALDE, JOÃO MARCELO",4,8:57,36,94
125531,12/12/2025,PAR,BRA,470,FALTA-RECIBIDA,LOCAL,15,"HACHEN, RICHARD",4,8:57,36,94
125531,12/12/2025,PAR,BRA,471,CAMBIO-JUGADOR-SALE,VISITANTE,99,"DE RINALDE, JOÃO MARCELO",4,8:57,36,94
125531,12/12/2025,PAR,BRA,472,CAMBIO-JUGADOR-ENTRA,VISITANTE,6,"ALVES, PEDRO",4,8:57,36,94
125531,12/12/2025,PAR,BRA,473,FALTA-COMETIDA,LOCAL,15,"HACHEN, RICHARD",4,8:50,36,94
125531,12/12/2025,PAR,BRA,474,PERDIDA,LOCAL,15,"HACHEN, RICHARD",4,8:50,36,94
125531,12/12/2025,PAR,BRA,475,FALTA-RECIBIDA,VISITANTE,6,"ALVES, PEDRO",4,8:50,36,94
125531,12/12/2025,PAR,BRA,476,CAMBIO-JUGADOR-SALE,LOCAL,10,"DOMINGUEZ, EVERT",4,8:50,36,94
125531,12/12/2025,PAR,BRA,477,CAMBIO-JUGADOR-ENTRA,LOCAL,9,"VAZQUEZ, JUAN",4,8:50,36,94
125531,12/12/2025,PAR,BRA,478,TIRO3-FALLADO,VISITANTE,2,"MATHIAS, CAIO",4,8:37,36,94
125531,12/12/2025,PAR,BRA,479,REBOTE-OFENSIVO,VISITANTE,45,"SANTOS, ISAIAH",4,8:34,36,94
125531,12/12/2025,PAR,BRA,480,FALTA-COMETIDA,LOCAL,15,"HACHEN, RICHARD",4,8:31,36,94
125531,12/12/2025,PAR,BRA,481,FALTA-RECIBIDA,VISITANTE,45,"SANTOS, ISAIAH",4,8:31,36,94
125531,12/12/2025,PAR,BRA,482,CAMBIO-JUGADOR-SALE,LOCAL,15,"HACHEN, RICHARD",4,8:31,36,94
125531,12/12/2025,PAR,BRA,483,CAMBIO-JUGADOR-ENTRA,LOCAL,5,"VERA, LUIS",4,8:31,36,94
125531,12/12/2025,PAR,BRA,484,CANASTA-1P,VISITANTE,45,"SANTOS, ISAIAH",4,8:31,36,95
125531,12/12/2025,PAR,BRA,485,TIRO1-FALLADO,VISITANTE,45,"SANTOS, ISAIAH",4,8:31,36,95
125531,12/12/2025,PAR,BRA,486,TIRO2-FALLADO,VISITANTE,45,"SANTOS, ISAIAH",4,8:17,36,95
125531,12/12/2025,PAR,BRA,487,REBOTE-DEFENSIVO,LOCAL,7,"IRALA, MATEO",4,8:15,36,95
125531,12/12/2025,PAR,BRA,488,TIRO2-FALLADO,LOCAL,7,"IRALA, MATEO",4,7:58,36,95
125531,12/12/2025,PAR,BRA,489,TAPON-COMETIDO,VISITANTE,6,"ALVES, PEDRO",4,7:58,36,95
125531,12/12/2025,PAR,BRA,490,REBOTE-DEFENSIVO,VISITANTE,,,4,7:56,36,95
125531,12/12/2025,PAR,BRA,491,TIRO3-FALLADO,VISITANTE,8,"FERNANDES, JOAO GABRIEL",4,7:42,36,95
125531,12/12/2025,PAR,BRA,492,REBOTE-DEFENSIVO,LOCAL,,,4,7:42,36,95
125531,12/12/2025,PAR,BRA,493,FALTA-COMETIDA,VISITANTE,6,"ALVES, PEDRO",4,7:42,36,95
125531,12/12/2025,PAR,BRA,494,FALTA-RECIBIDA,LOCAL,5,"VERA, LUIS",4,7:42,36,95
125531,12/12/2025,PAR,BRA,495,PERDIDA,LOCAL,9,"VAZQUEZ, JUAN",4,7:39,36,95
125531,12/12/2025,PAR,BRA,496,RECUPERACION,VISITANTE,45,"SANTOS, ISAIAH",4,7:39,36,95
125531,12/12/2025,PAR,BRA,497,TIRO3-FALLADO,VISITANTE,2,"MATHIAS, CAIO",4,7:34,36,95
125531,12/12/2025,PAR,BRA,498,REBOTE-OFENSIVO,VISITANTE,45,"SANTOS, ISAIAH",4,7:31,36,95
125531,12/12/2025,PAR,BRA,499,CANASTA-2P,VISITANTE,45,"SANTOS, ISAIAH",4,7:29,36,97
125531,12/12/2025,PAR,BRA,500,PERDIDA,LOCAL,55,"MOLINAS, JOSE",4,7:16,36,97
125531,12/12/2025,PAR,BRA,501,CAMBIO-JUGADOR-SALE,VISITANTE,45,"SANTOS, ISAIAH",4,7:16,36,97
125531,12/12/2025,PAR,BRA,502,CAMBIO-JUGADOR-ENTRA,VISITANTE,3,"NASCIMENTO, MATHEUS",4,7:16,36,97
125531,12/12/2025,PAR,BRA,503,TIRO3-FALLADO,VISITANTE,3,"NASCIMENTO, MATHEUS",4,7:03,36,97
125531,12/12/2025,PAR,BRA,504,REBOTE-DEFENSIVO,LOCAL,81,"CUELLAR, EZEQUIEL",4,7:00,36,97
125531,12/12/2025,PAR,BRA,505,TIRO2-FALLADO,LOCAL,9,"VAZQUEZ, JUAN",4,6:43,36,97
125531,12/12/2025,PAR,BRA,506,REBOTE-DEFENSIVO,VISITANTE,11,"BANDIERA, JOÃO",4,6:41,36,97
125531,12/12/2025,PAR,BRA,507,CANASTA-2P,VISITANTE,3,"NASCIMENTO, MATHEUS",4,6:33,36,99
125531,12/12/2025,PAR,BRA,508,CANASTA-2P,LOCAL,81,"CUELLAR, EZEQUIEL",4,6:15,38,99
125531,12/12/2025,PAR,BRA,509,CANASTA-2P,VISITANTE,11,"BANDIERA, JOÃO",4,6:00,38,101
125531,12/12/2025,PAR,BRA,510,FALTA-COMETIDA,VISITANTE,8,"FERNANDES, JOAO GABRIEL",4,5:36,38,101
125531,12/12/2025,PAR,BRA,511,FALTA-RECIBIDA,LOCAL,5,"VERA, LUIS",4,5:36,38,101
125531,12/12/2025,PAR,BRA,512,CAMBIO-JUGADOR-SALE,VISITANTE,11,"BANDIERA, JOÃO",4,5:36,38,101
125531,12/12/2025,PAR,BRA,513,CAMBIO-JUGADOR-ENTRA,VISITANTE,10,"MELO, PIETRO",4,5:36,38,101
125531,12/12/2025,PAR,BRA,514,CANASTA-1P,LOCAL,5,"VERA, LUIS",4,5:36,39,101
125531,12/12/2025,PAR,BRA,515,CANASTA-1P,LOCAL,5,"VERA, LUIS",4,5:36,40,101
125531,12/12/2025,PAR,BRA,516,TIRO2-FALLADO,VISITANTE,6,"ALVES, PEDRO",4,5:27,40,101
125531,12/12/2025,PAR,BRA,517,REBOTE-DEFENSIVO,LOCAL,,,4,5:26,40,101
125531,12/12/2025,PAR,BRA,518,PERDIDA,LOCAL,9,"VAZQUEZ, JUAN",4,5:10,40,101
125531,12/12/2025,PAR,BRA,519,RECUPERACION,VISITANTE,2,"MATHIAS, CAIO",4,5:10,40,101
125531,12/12/2025,PAR,BRA,520,CANASTA-2P,VISITANTE,10,"MELO, PIETRO",4,5:05,40,103
125531,12/12/2025,PAR,BRA,521,ASISTENCIA,VISITANTE,3,"NASCIMENTO, MATHEUS",4,5:05,40,103
125531,12/12/2025,PAR,BRA,522,TIRO2-FALLADO,LOCAL,55,"MOLINAS, JOSE",4,4:42,40,103
125531,12/12/2025,PAR,BRA,523,REBOTE-DEFENSIVO,VISITANTE,6,"ALVES, PEDRO",4,4:39,40,103
125531,12/12/2025,PAR,BRA,524,PERDIDA,VISITANTE,3,"NASCIMENTO, MATHEUS",4,4:37,40,103
125531,12/12/2025,PAR,BRA,525,TIRO3-FALLADO,LOCAL,5,"VERA, LUIS",4,4:18,40,103
125531,12/12/2025,PAR,BRA,526,REBOTE-DEFENSIVO,VISITANTE,,,4,4:18,40,103
125531,12/12/2025,PAR,BRA,527,CANASTA-3P,VISITANTE,8,"FERNANDES, JOAO GABRIEL",4,4:01,40,106
125531,12/12/2025,PAR,BRA,528,ASISTENCIA,VISITANTE,6,"ALVES, PEDRO",4,4:01,40,106
125531,12/12/2025,PAR,BRA,529,CANASTA-3P,LOCAL,9,"VAZQUEZ, JUAN",4,3:38,43,106
125531,12/12/2025,PAR,BRA,530,ASISTENCIA,LOCAL,7,"IRALA, MATEO",4,3:38,43,106
125531,12/12/2025,PAR,BRA,531,TIRO3-FALLADO,VISITANTE,10,"MELO, PIETRO",4,3:24,43,106
125531,12/12/2025,PAR,BRA,532,REBOTE-OFENSIVO,VISITANTE,8,"FERNANDES, JOAO GABRIEL",4,3:21,43,106
125531,12/12/2025,PAR,BRA,533,CANASTA-2P,VISITANTE,10,"MELO, PIETRO",4,3:18,43,108
125531,12/12/2025,PAR,BRA,534,ASISTENCIA,VISITANTE,8,"FERNANDES, JOAO GABRIEL",4,3:18,43,108
125531,12/12/2025,PAR,BRA,535,TIRO2-FALLADO,LOCAL,81,"CUELLAR, EZEQUIEL",4,2:52,43,108
125531,12/12/2025,PAR,BRA,536,REBOTE-DEFENSIVO,VISITANTE,10,"MELO, PIETRO",4,2:50,43,108
125531,12/12/2025,PAR,BRA,537,FALTA-COMETIDA,VISITANTE,6,"ALVES, PEDRO",4,2:34,43,108
125531,12/12/2025,PAR,BRA,538,PERDIDA,VISITANTE,6,"ALVES, PEDRO",4,2:34,43,108
125531,12/12/2025,PAR,BRA,539,FALTA-RECIBIDA,LOCAL,9,"VAZQUEZ, JUAN",4,2:34,43,108
125531,12/12/2025,PAR,BRA,540,CAMBIO-JUGADOR-SALE,LOCAL,5,"VERA, LUIS",4,2:34,43,108
125531,12/12/2025,PAR,BRA,541,CAMBIO-JUGADOR-ENTRA,LOCAL,10,"DOMINGUEZ, EVERT",4,2:34,43,108
125531,12/12/2025,PAR,BRA,542,CAMBIO-JUGADOR-SALE,VISITANTE,6,"ALVES, PEDRO",4,2:34,43,108
125531,12/12/2025,PAR,BRA,543,CAMBIO-JUGADOR-SALE,VISITANTE,8,"FERNANDES, JOAO GABRIEL",4,2:34,43,108
125531,12/12/2025,PAR,BRA,544,CAMBIO-JUGADOR-SALE,VISITANTE,10,"MELO, PIETRO",4,2:34,43,108
125531,12/12/2025,PAR,BRA,545,CAMBIO-JUGADOR-ENTRA,VISITANTE,25,"SOUZA, PEDRO",4,2:34,43,108
125531,12/12/2025,PAR,BRA,546,CAMBIO-JUGADOR-ENTRA,VISITANTE,33,"FERREIRA, CRISTIAN",4,2:34,43,108
125531,12/12/2025,PAR,BRA,547,CAMBIO-JUGADOR-ENTRA,VISITANTE,50,"SANTOS, EDUARDO",4,2:34,43,108
125531,12/12/2025,PAR,BRA,548,PERDIDA,LOCAL,7,"IRALA, MATEO",4,2:15,43,108
125531,12/12/2025,PAR,BRA,549,CANASTA-3P,VISITANTE,3,"NASCIMENTO, MATHEUS",4,2:05,43,111
125531,12/12/2025,PAR,BRA,550,ASISTENCIA,VISITANTE,25,"SOUZA, PEDRO",4,2:05,43,111
125531,12/12/2025,PAR,BRA,551,CANASTA-2P,LOCAL,10,"DOMINGUEZ, EVERT",4,1:43,45,111
125531,12/12/2025,PAR,BRA,552,ASISTENCIA,LOCAL,81,"CUELLAR, EZEQUIEL",4,1:43,45,111
125531,12/12/2025,PAR,BRA,553,CANASTA-2P,VISITANTE,50,"SANTOS, EDUARDO",4,1:26,45,113
125531,12/12/2025,PAR,BRA,554,ASISTENCIA,VISITANTE,25,"SOUZA, PEDRO",4,1:26,45,113
125531,12/12/2025,PAR,BRA,555,TIRO3-FALLADO,LOCAL,9,"VAZQUEZ, JUAN",4,1:10,45,113
125531,12/12/2025,PAR,BRA,556,REBOTE-DEFENSIVO,VISITANTE,25,"SOUZA, PEDRO",4,1:08,45,113
125531,12/12/2025,PAR,BRA,557,TIRO2-FALLADO,VISITANTE,2,"MATHIAS, CAIO",4,1:04,45,113
125531,12/12/2025,PAR,BRA,558,REBOTE-OFENSIVO,VISITANTE,50,"SANTOS, EDUARDO",4,1:01,45,113
125531,12/12/2025,PAR,BRA,559,TIRO2-FALLADO,VISITANTE,50,"SANTOS, EDUARDO",4,1:00,45,113
125531,12/12/2025,PAR,BRA,560,REBOTE-OFENSIVO,VISITANTE,33,"FERREIRA, CRISTIAN",4,0:58,45,113
125531,12/12/2025,PAR,BRA,561,CANASTA-2P,VISITANTE,33,"FERREIRA, CRISTIAN",4,0:58,45,115
125531,12/12/2025,PAR,BRA,562,FALTA-COMETIDA,LOCAL,55,"MOLINAS, JOSE",4,0:58,45,115
125531,12/12/2025,PAR,BRA,563,PERDIDA,LOCAL,55,"MOLINAS, JOSE",4,0:58,45,115
125531,12/12/2025,PAR,BRA,564,FALTA-RECIBIDA,VISITANTE,33,"FERREIRA, CRISTIAN",4,0:58,45,115
125531,12/12/2025,PAR,BRA,565,CAMBIO-JUGADOR-SALE,VISITANTE,25,"SOUZA, PEDRO",4,0:58,45,115
125531,12/12/2025,PAR,BRA,566,CAMBIO-JUGADOR-SALE,VISITANTE,50,"SANTOS, EDUARDO",4,0:58,45,115
125531,12/12/2025,PAR,BRA,567,CAMBIO-JUGADOR-ENTRA,VISITANTE,11,"BANDIERA, JOÃO",4,0:58,45,115
125531,12/12/2025,PAR,BRA,568,CAMBIO-JUGADOR-ENTRA,VISITANTE,99,"DE RINALDE, JOÃO MARCELO",4,0:58,45,115
125531,12/12/2025,PAR,BRA,569,TIRO1-FALLADO,VISITANTE,33,"FERREIRA, CRISTIAN",4,0:58,45,115
125531,12/12/2025,PAR,BRA,570,TIRO3-FALLADO,VISITANTE,3,"NASCIMENTO, MATHEUS",4,0:49,45,115
125531,12/12/2025,PAR,BRA,571,REBOTE-OFENSIVO,VISITANTE,11,"BANDIERA, JOÃO",4,0:47,45,115
125531,12/12/2025,PAR,BRA,572,TIRO2-FALLADO,VISITANTE,33,"FERREIRA, CRISTIAN",4,0:40,45,115
125531,12/12/2025,PAR,BRA,573,REBOTE-OFENSIVO,VISITANTE,33,"FERREIRA, CRISTIAN",4,0:38,45,115
125531,12/12/2025,PAR,BRA,574,CANASTA-2P,VISITANTE,33,"FERREIRA, CRISTIAN",4,0:38,45,117
125531,12/12/2025,PAR,BRA,575,CANASTA-2P,LOCAL,55,"MOLINAS, JOSE",4,0:19,47,117
125531,12/12/2025,PAR,BRA,576,ASISTENCIA,LOCAL,9,"VAZQUEZ, JUAN",4,0:19,47,117
125531,12/12/2025,PAR,BRA,577,FINAL-PERIODO,,,,4,0:00,47,117
125531,12/12/2025,PAR,BRA,578,FINAL-PARTIDO,,,,4,0:00,47,117
125532,12/12/2025,CHI,VEN,0,INICIO-PARTIDO,,,,1,10:00,0,0
125532,12/12/2025,CHI,VEN,1,INICIO-PERIODO,,,,1,10:00,0,0
125532,12/12/2025,CHI,VEN,2,CAMBIO-JUGADOR-ENTRA,LOCAL,1,"PACHANO, GABRIEL",1,10:00,0,0
125532,12/12/2025,CHI,VEN,3,CAMBIO-JUGADOR-ENTRA,LOCAL,3,"CASTRO, MATEO",1,10:00,0,0
125532,12/12/2025,CHI,VEN,4,CAMBIO-JUGADOR-ENTRA,LOCAL,9,"STUARDO, PEDRO",1,10:00,0,0
125532,12/12/2025,CHI,VEN,5,CAMBIO-JUGADOR-ENTRA,LOCAL,10,"SARAVIA, FRANCISCO",1,10:00,0,0
125532,12/12/2025,CHI,VEN,6,CAMBIO-JUGADOR-ENTRA,LOCAL,17,"QUEZADA, MAXIMILIANO",1,10:00,0,0
125532,12/12/2025,CHI,VEN,7,CAMBIO-JUGADOR-ENTRA,VISITANTE,3,"VASQUEZ, JULIO",1,10:00,0,0
125532,12/12/2025,CHI,VEN,8,CAMBIO-JUGADOR-ENTRA,VISITANTE,4,"SEGOVIA, RICHARD",1,10:00,0,0
125532,12/12/2025,CHI,VEN,9,CAMBIO-JUGADOR-ENTRA,VISITANTE,7,"LARA, JOSE",1,10:00,0,0
125532,12/12/2025,CHI,VEN,10,CAMBIO-JUGADOR-ENTRA,VISITANTE,14,"GUTIERREZ, KEVIN",1,10:00,0,0
125532,12/12/2025,CHI,VEN,11,CAMBIO-JUGADOR-ENTRA,VISITANTE,23,"NIÑO, SAMUEL",1,10:00,0,0
125532,12/12/2025,CHI,VEN,12,JUMP-BALL,,,,1,10:00,0,0
125532,12/12/2025,CHI,VEN,13,JUMP-BALL,VISITANTE,23,"NIÑO, SAMUEL",1,9:59,0,0
125532,12/12/2025,CHI,VEN,14,JUMP-BALL,LOCAL,17,"QUEZADA, MAXIMILIANO",1,9:59,0,0
125532,12/12/2025,CHI,VEN,15,PERDIDA,VISITANTE,4,"SEGOVIA, RICHARD",1,9:41,0,0
125532,12/12/2025,CHI,VEN,16,RECUPERACION,LOCAL,3,"CASTRO, MATEO",1,9:41,0,0
125532,12/12/2025,CHI,VEN,17,TIRO2-FALLADO,LOCAL,10,"SARAVIA, FRANCISCO",1,9:27,0,0
125532,12/12/2025,CHI,VEN,18,REBOTE-DEFENSIVO,VISITANTE,7,"LARA, JOSE",1,9:14,0,0
125532,12/12/2025,CHI,VEN,19,JUMP-BALL,LOCAL,,,1,9:06,0,0
125532,12/12/2025,CHI,VEN,20,PERDIDA,VISITANTE,14,"GUTIERREZ, KEVIN",1,9:06,0,0
125532,12/12/2025,CHI,VEN,21,RECUPERACION,LOCAL,9,"STUARDO, PEDRO",1,9:06,0,0
125532,12/12/2025,CHI,VEN,22,CANASTA-2P,LOCAL,9,"STUARDO, PEDRO",1,8:49,2,0
125532,12/12/2025,CHI,VEN,23,ASISTENCIA,LOCAL,1,"PACHANO, GABRIEL",1,8:49,2,0
125532,12/12/2025,CHI,VEN,24,TIRO2-FALLADO,VISITANTE,7,"LARA, JOSE",1,8:36,2,0
125532,12/12/2025,CHI,VEN,25,REBOTE-DEFENSIVO,LOCAL,3,"CASTRO, MATEO",1,8:33,2,0
125532,12/12/2025,CHI,VEN,26,CANASTA-2P,LOCAL,10,"SARAVIA, FRANCISCO",1,8:16,4,0
125532,12/12/2025,CHI,VEN,27,ASISTENCIA,LOCAL,1,"PACHANO, GABRIEL",1,8:16,4,0
125532,12/12/2025,CHI,VEN,28,CANASTA-2P,VISITANTE,14,"GUTIERREZ, KEVIN",1,8:04,4,2
125532,12/12/2025,CHI,VEN,29,FALTA-COMETIDA,LOCAL,9,"STUARDO, PEDRO",1,8:02,4,2
125532,12/12/2025,CHI,VEN,30,FALTA-RECIBIDA,VISITANTE,14,"GUTIERREZ, KEVIN",1,8:02,4,2
125532,12/12/2025,CHI,VEN,31,TIRO1-FALLADO,VISITANTE,14,"GUTIERREZ, KEVIN",1,8:02,4,2
125532,12/12/2025,CHI,VEN,32,REBOTE-DEFENSIVO,LOCAL,17,"QUEZADA, MAXIMILIANO",1,8:02,4,2
125532,12/12/2025,CHI,VEN,33,TIRO2-FALLADO,VISITANTE,4,"SEGOVIA, RICHARD",1,7:15,4,2
125532,12/12/2025,CHI,VEN,34,REBOTE-DEFENSIVO,LOCAL,9,"STUARDO, PEDRO",1,7:12,4,2
125532,12/12/2025,CHI,VEN,35,TIRO3-FALLADO,VISITANTE,3,"VASQUEZ, JULIO",1,7:10,4,2
125532,12/12/2025,CHI,VEN,36,REBOTE-OFENSIVO,VISITANTE,,,1,7:10,4,2
125532,12/12/2025,CHI,VEN,37,CANASTA-2P,LOCAL,3,"CASTRO, MATEO",1,7:10,6,2
125532,12/12/2025,CHI,VEN,38,FALTA-COMETIDA,VISITANTE,7,"LARA, JOSE",1,7:01,6,2
125532,12/12/2025,CHI,VEN,39,FALTA-RECIBIDA,LOCAL,3,"CASTRO, MATEO",1,7:01,6,2
125532,12/12/2025,CHI,VEN,40,TIRO1-FALLADO,LOCAL,3,"CASTRO, MATEO",1,6:55,6,2
125532,12/12/2025,CHI,VEN,41,REBOTE-OFENSIVO,LOCAL,17,"QUEZADA, MAXIMILIANO",1,6:54,6,2
125532,12/12/2025,CHI,VEN,42,FALTA-COMETIDA,VISITANTE,3,"VASQUEZ, JULIO",1,6:35,6,2
125532,12/12/2025,CHI,VEN,43,FALTA-RECIBIDA,LOCAL,10,"SARAVIA, FRANCISCO",1,6:35,6,2
125532,12/12/2025,CHI,VEN,44,CAMBIO-JUGADOR-SALE,VISITANTE,4,"SEGOVIA, RICHARD",1,6:35,6,2
125532,12/12/2025,CHI,VEN,45,CAMBIO-JUGADOR-ENTRA,VISITANTE,26,"SOTO, DIEGO",1,6:35,6,2
125532,12/12/2025,CHI,VEN,46,CANASTA-1P,LOCAL,10,"SARAVIA, FRANCISCO",1,6:35,7,2
125532,12/12/2025,CHI,VEN,47,CANASTA-1P,LOCAL,10,"SARAVIA, FRANCISCO",1,6:35,8,2
125532,12/12/2025,CHI,VEN,48,CANASTA-3P,VISITANTE,7,"LARA, JOSE",1,6:35,8,5
125532,12/12/2025,CHI,VEN,49,ASISTENCIA,VISITANTE,23,"NIÑO, SAMUEL",1,6:35,8,5
125532,12/12/2025,CHI,VEN,50,CANASTA-2P,LOCAL,17,"QUEZADA, MAXIMILIANO",1,6:21,10,5
125532,12/12/2025,CHI,VEN,51,ASISTENCIA,LOCAL,9,"STUARDO, PEDRO",1,6:21,10,5
125532,12/12/2025,CHI,VEN,52,CANASTA-2P,VISITANTE,26,"SOTO, DIEGO",1,6:07,10,7
125532,12/12/2025,CHI,VEN,53,FALTA-COMETIDA,VISITANTE,3,"VASQUEZ, JULIO",1,5:56,10,7
125532,12/12/2025,CHI,VEN,54,FALTA-RECIBIDA,LOCAL,10,"SARAVIA, FRANCISCO",1,5:56,10,7
125532,12/12/2025,CHI,VEN,55,CAMBIO-JUGADOR-SALE,VISITANTE,23,"NIÑO, SAMUEL",1,5:56,10,7
125532,12/12/2025,CHI,VEN,56,CAMBIO-JUGADOR-ENTRA,VISITANTE,20,"MONTERO, ISAAC",1,5:56,10,7
125532,12/12/2025,CHI,VEN,57,CAMBIO-JUGADOR-SALE,VISITANTE,3,"VASQUEZ, JULIO",1,5:56,10,7
125532,12/12/2025,CHI,VEN,58,CAMBIO-JUGADOR-ENTRA,VISITANTE,18,"ANILLO, WILLIAMS",1,5:56,10,7
125532,12/12/2025,CHI,VEN,59,CANASTA-1P,LOCAL,10,"SARAVIA, FRANCISCO",1,5:56,11,7
125532,12/12/2025,CHI,VEN,60,TIRO1-FALLADO,LOCAL,10,"SARAVIA, FRANCISCO",1,5:56,11,7
125532,12/12/2025,CHI,VEN,61,REBOTE-DEFENSIVO,VISITANTE,14,"GUTIERREZ, KEVIN",1,5:56,11,7
125532,12/12/2025,CHI,VEN,62,TIRO2-FALLADO,VISITANTE,7,"LARA, JOSE",1,5:34,11,7
125532,12/12/2025,CHI,VEN,63,TAPON-COMETIDO,LOCAL,3,"CASTRO, MATEO",1,5:34,11,7
125532,12/12/2025,CHI,VEN,64,REBOTE-OFENSIVO,VISITANTE,,,1,5:34,11,7
125532,12/12/2025,CHI,VEN,65,TIRO3-FALLADO,VISITANTE,18,"ANILLO, WILLIAMS",1,5:34,11,7
125532,12/12/2025,CHI,VEN,66,REBOTE-DEFENSIVO,LOCAL,9,"STUARDO, PEDRO",1,5:29,11,7
125532,12/12/2025,CHI,VEN,67,TIRO3-FALLADO,LOCAL,9,"STUARDO, PEDRO",1,5:17,11,7
125532,12/12/2025,CHI,VEN,68,REBOTE-DEFENSIVO,VISITANTE,20,"MONTERO, ISAAC",1,5:13,11,7
125532,12/12/2025,CHI,VEN,69,TIRO2-FALLADO,VISITANTE,14,"GUTIERREZ, KEVIN",1,5:05,11,7
125532,12/12/2025,CHI,VEN,70,REBOTE-DEFENSIVO,LOCAL,17,"QUEZADA, MAXIMILIANO",1,5:02,11,7
125532,12/12/2025,CHI,VEN,71,PERDIDA,LOCAL,3,"CASTRO, MATEO",1,4:59,11,7
125532,12/12/2025,CHI,VEN,72,RECUPERACION,VISITANTE,26,"SOTO, DIEGO",1,4:59,11,7
125532,12/12/2025,CHI,VEN,73,TIRO3-FALLADO,VISITANTE,7,"LARA, JOSE",1,4:51,11,7
125532,12/12/2025,CHI,VEN,74,REBOTE-DEFENSIVO,LOCAL,10,"SARAVIA, FRANCISCO",1,4:48,11,7
125532,12/12/2025,CHI,VEN,75,TIRO2-FALLADO,LOCAL,10,"SARAVIA, FRANCISCO",1,4:45,11,7
125532,12/12/2025,CHI,VEN,76,TAPON-COMETIDO,VISITANTE,20,"MONTERO, ISAAC",1,4:45,11,7
125532,12/12/2025,CHI,VEN,77,REBOTE-DEFENSIVO,VISITANTE,18,"ANILLO, WILLIAMS",1,4:41,11,7
125532,12/12/2025,CHI,VEN,78,CAMBIO-JUGADOR-SALE,LOCAL,3,"CASTRO, MATEO",1,4:39,11,7
125532,12/12/2025,CHI,VEN,79,CAMBIO-JUGADOR-ENTRA,LOCAL,8,"ECHEVERRIA, AGUSTIN",1,4:39,11,7
125532,12/12/2025,CHI,VEN,80,CAMBIO-JUGADOR-SALE,VISITANTE,7,"LARA, JOSE",1,4:39,11,7
125532,12/12/2025,CHI,VEN,81,CAMBIO-JUGADOR-ENTRA,VISITANTE,2,"TORRES, DEIKER",1,4:39,11,7
125532,12/12/2025,CHI,VEN,82,CAMBIO-JUGADOR-SALE,LOCAL,17,"QUEZADA, MAXIMILIANO",1,4:32,11,7
125532,12/12/2025,CHI,VEN,83,CAMBIO-JUGADOR-ENTRA,LOCAL,11,"DONOSO, PEDRO",1,4:32,11,7
125532,12/12/2025,CHI,VEN,84,PERDIDA,VISITANTE,26,"SOTO, DIEGO",1,4:22,11,7
125532,12/12/2025,CHI,VEN,85,TIRO2-FALLADO,LOCAL,9,"STUARDO, PEDRO",1,4:03,11,7
125532,12/12/2025,CHI,VEN,86,REBOTE-DEFENSIVO,VISITANTE,18,"ANILLO, WILLIAMS",1,4:00,11,7
125532,12/12/2025,CHI,VEN,87,FALTA-COMETIDA,LOCAL,9,"STUARDO, PEDRO",1,3:48,11,7
125532,12/12/2025,CHI,VEN,88,FALTA-RECIBIDA,VISITANTE,18,"ANILLO, WILLIAMS",1,3:48,11,7
125532,12/12/2025,CHI,VEN,89,CAMBIO-JUGADOR-SALE,LOCAL,9,"STUARDO, PEDRO",1,3:48,11,7
125532,12/12/2025,CHI,VEN,90,CAMBIO-JUGADOR-ENTRA,LOCAL,15,"VELÁSQUEZ, MATEO",1,3:48,11,7
125532,12/12/2025,CHI,VEN,91,CANASTA-1P,VISITANTE,18,"ANILLO, WILLIAMS",1,3:48,11,8
125532,12/12/2025,CHI,VEN,92,ASISTENCIA,VISITANTE,14,"GUTIERREZ, KEVIN",1,3:48,11,8
125532,12/12/2025,CHI,VEN,93,CANASTA-1P,VISITANTE,18,"ANILLO, WILLIAMS",1,3:48,11,9
125532,12/12/2025,CHI,VEN,94,TIRO3-FALLADO,LOCAL,8,"ECHEVERRIA, AGUSTIN",1,3:37,11,9
125532,12/12/2025,CHI,VEN,95,REBOTE-DEFENSIVO,VISITANTE,14,"GUTIERREZ, KEVIN",1,3:32,11,9
125532,12/12/2025,CHI,VEN,96,CANASTA-2P,VISITANTE,14,"GUTIERREZ, KEVIN",1,3:23,11,11
125532,12/12/2025,CHI,VEN,97,ASISTENCIA,VISITANTE,2,"TORRES, DEIKER",1,3:23,11,11
125532,12/12/2025,CHI,VEN,98,TIEMPO-MUERTO-SOLICITADO,LOCAL,,,1,3:19,11,11
125532,12/12/2025,CHI,VEN,99,CAMBIO-JUGADOR-SALE,VISITANTE,26,"SOTO, DIEGO",1,3:19,11,11
125532,12/12/2025,CHI,VEN,100,CAMBIO-JUGADOR-ENTRA,VISITANTE,9,"PERDOMO, JUAN",1,3:19,11,11
125532,12/12/2025,CHI,VEN,101,PERDIDA,LOCAL,8,"ECHEVERRIA, AGUSTIN",1,3:14,11,11
125532,12/12/2025,CHI,VEN,102,CANASTA-2P,VISITANTE,20,"MONTERO, ISAAC",1,3:08,11,13
125532,12/12/2025,CHI,VEN,103,ASISTENCIA,VISITANTE,2,"TORRES, DEIKER",1,3:08,11,13
125532,12/12/2025,CHI,VEN,104,TIRO3-FALLADO,LOCAL,10,"SARAVIA, FRANCISCO",1,2:42,11,13
125532,12/12/2025,CHI,VEN,105,REBOTE-DEFENSIVO,VISITANTE,14,"GUTIERREZ, KEVIN",1,2:39,11,13
125532,12/12/2025,CHI,VEN,106,PERDIDA,VISITANTE,14,"GUTIERREZ, KEVIN",1,2:37,11,13
125532,12/12/2025,CHI,VEN,107,RECUPERACION,LOCAL,15,"VELÁSQUEZ, MATEO",1,2:37,11,13
125532,12/12/2025,CHI,VEN,108,TIRO3-FALLADO,LOCAL,8,"ECHEVERRIA, AGUSTIN",1,2:21,11,13
125532,12/12/2025,CHI,VEN,109,TAPON-COMETIDO,VISITANTE,18,"ANILLO, WILLIAMS",1,2:21,11,13
125532,12/12/2025,CHI,VEN,110,REBOTE-DEFENSIVO,VISITANTE,,,1,2:18,11,13
125532,12/12/2025,CHI,VEN,111,CAMBIO-JUGADOR-SALE,LOCAL,1,"PACHANO, GABRIEL",1,2:18,11,13
125532,12/12/2025,CHI,VEN,112,CAMBIO-JUGADOR-SALE,LOCAL,8,"ECHEVERRIA, AGUSTIN",1,2:18,11,13
125532,12/12/2025,CHI,VEN,113,CAMBIO-JUGADOR-ENTRA,LOCAL,0,"MUSRRI, LUIS",1,2:18,11,13
125532,12/12/2025,CHI,VEN,114,CAMBIO-JUGADOR-ENTRA,LOCAL,2,"LA RIVERA, TOMAS",1,2:18,11,13
125532,12/12/2025,CHI,VEN,115,CAMBIO-JUGADOR-SALE,VISITANTE,14,"GUTIERREZ, KEVIN",1,2:18,11,13
125532,12/12/2025,CHI,VEN,116,CAMBIO-JUGADOR-ENTRA,VISITANTE,7,"LARA, JOSE",1,2:18,11,13
125532,12/12/2025,CHI,VEN,117,PERDIDA,VISITANTE,20,"MONTERO, ISAAC",1,2:02,11,13
125532,12/12/2025,CHI,VEN,118,RECUPERACION,LOCAL,15,"VELÁSQUEZ, MATEO",1,2:02,11,13
125532,12/12/2025,CHI,VEN,119,TIRO3-FALLADO,LOCAL,0,"MUSRRI, LUIS",1,1:43,11,13
125532,12/12/2025,CHI,VEN,120,REBOTE-DEFENSIVO,VISITANTE,18,"ANILLO, WILLIAMS",1,1:40,11,13
125532,12/12/2025,CHI,VEN,121,FALTA-COMETIDA,LOCAL,2,"LA RIVERA, TOMAS",1,1:34,11,13
125532,12/12/2025,CHI,VEN,122,FALTA-RECIBIDA,VISITANTE,9,"PERDOMO, JUAN",1,1:34,11,13
125532,12/12/2025,CHI,VEN,123,CANASTA-1P,VISITANTE,9,"PERDOMO, JUAN",1,1:34,11,14
125532,12/12/2025,CHI,VEN,124,ASISTENCIA,VISITANTE,18,"ANILLO, WILLIAMS",1,1:34,11,14
125532,12/12/2025,CHI,VEN,125,CANASTA-1P,VISITANTE,9,"PERDOMO, JUAN",1,1:34,11,15
125532,12/12/2025,CHI,VEN,126,CANASTA-1P,VISITANTE,9,"PERDOMO, JUAN",1,1:34,11,16
125532,12/12/2025,CHI,VEN,127,TIRO3-FALLADO,LOCAL,2,"LA RIVERA, TOMAS",1,1:25,11,16
125532,12/12/2025,CHI,VEN,128,REBOTE-OFENSIVO,LOCAL,11,"DONOSO, PEDRO",1,1:23,11,16
125532,12/12/2025,CHI,VEN,129,FALTA-COMETIDA,VISITANTE,2,"TORRES, DEIKER",1,0:57,11,16
125532,12/12/2025,CHI,VEN,130,FALTA-RECIBIDA,LOCAL,0,"MUSRRI, LUIS",1,0:57,11,16
125532,12/12/2025,CHI,VEN,131,TIRO2-FALLADO,LOCAL,2,"LA RIVERA, TOMAS",1,0:47,11,16
125532,12/12/2025,CHI,VEN,132,REBOTE-DEFENSIVO,VISITANTE,7,"LARA, JOSE",1,0:42,11,16
125532,12/12/2025,CHI,VEN,133,TIRO3-FALLADO,VISITANTE,7,"LARA, JOSE",1,0:35,11,16
125532,12/12/2025,CHI,VEN,134,REBOTE-DEFENSIVO,LOCAL,15,"VELÁSQUEZ, MATEO",1,0:32,11,16
125532,12/12/2025,CHI,VEN,135,PERDIDA,LOCAL,0,"MUSRRI, LUIS",1,0:29,11,16
125532,12/12/2025,CHI,VEN,136,RECUPERACION,VISITANTE,18,"ANILLO, WILLIAMS",1,0:29,11,16
125532,12/12/2025,CHI,VEN,137,CANASTA-2P,VISITANTE,2,"TORRES, DEIKER",1,0:12,11,18
125532,12/12/2025,CHI,VEN,138,CANASTA-3P,LOCAL,2,"LA RIVERA, TOMAS",1,0:01,14,18
125532,12/12/2025,CHI,VEN,139,ASISTENCIA,LOCAL,0,"MUSRRI, LUIS",1,0:01,14,18
125532,12/12/2025,CHI,VEN,140,FINAL-PERIODO,,,,1,0:00,14,18
125532,12/12/2025,CHI,VEN,141,CAMBIO-JUGADOR-SALE,VISITANTE,20,"MONTERO, ISAAC",2,10:00,14,18
125532,12/12/2025,CHI,VEN,142,CAMBIO-JUGADOR-ENTRA,VISITANTE,14,"GUTIERREZ, KEVIN",2,10:00,14,18
125532,12/12/2025,CHI,VEN,143,INICIO-PERIODO,,,,2,10:00,14,18
125532,12/12/2025,CHI,VEN,144,FALTA-COMETIDA,LOCAL,11,"DONOSO, PEDRO",2,9:53,14,18
125532,12/12/2025,CHI,VEN,145,FALTA-RECIBIDA,VISITANTE,14,"GUTIERREZ, KEVIN",2,9:53,14,18
125532,12/12/2025,CHI,VEN,146,CAMBIO-JUGADOR-SALE,LOCAL,11,"DONOSO, PEDRO",2,9:53,14,18
125532,12/12/2025,CHI,VEN,147,CAMBIO-JUGADOR-ENTRA,LOCAL,9,"STUARDO, PEDRO",2,9:53,14,18
125532,12/12/2025,CHI,VEN,148,PERDIDA,VISITANTE,18,"ANILLO, WILLIAMS",2,9:48,14,18
125532,12/12/2025,CHI,VEN,149,RECUPERACION,LOCAL,10,"SARAVIA, FRANCISCO",2,9:48,14,18
125532,12/12/2025,CHI,VEN,150,FALTA-COMETIDA,VISITANTE,18,"ANILLO, WILLIAMS",2,9:35,14,18
125532,12/12/2025,CHI,VEN,151,FALTA-RECIBIDA,LOCAL,15,"VELÁSQUEZ, MATEO",2,9:35,14,18
125532,12/12/2025,CHI,VEN,152,TIRO1-FALLADO,LOCAL,15,"VELÁSQUEZ, MATEO",2,9:35,14,18
125532,12/12/2025,CHI,VEN,153,CANASTA-1P,LOCAL,15,"VELÁSQUEZ, MATEO",2,9:35,15,18
125532,12/12/2025,CHI,VEN,154,PERDIDA,VISITANTE,9,"PERDOMO, JUAN",2,9:21,15,18
125532,12/12/2025,CHI,VEN,155,CAMBIO-JUGADOR-SALE,LOCAL,10,"SARAVIA, FRANCISCO",2,9:21,15,18
125532,12/12/2025,CHI,VEN,156,CAMBIO-JUGADOR-ENTRA,LOCAL,1,"PACHANO, GABRIEL",2,9:21,15,18
125532,12/12/2025,CHI,VEN,157,PERDIDA,LOCAL,1,"PACHANO, GABRIEL",2,9:11,15,18
125532,12/12/2025,CHI,VEN,158,CANASTA-2P,VISITANTE,2,"TORRES, DEIKER",2,8:57,15,20
125532,12/12/2025,CHI,VEN,159,TIRO2-FALLADO,LOCAL,9,"STUARDO, PEDRO",2,8:39,15,20
125532,12/12/2025,CHI,VEN,160,REBOTE-OFENSIVO,LOCAL,15,"VELÁSQUEZ, MATEO",2,8:36,15,20
125532,12/12/2025,CHI,VEN,161,CANASTA-2P,LOCAL,15,"VELÁSQUEZ, MATEO",2,8:35,17,20
125532,12/12/2025,CHI,VEN,162,CANASTA-2P,VISITANTE,7,"LARA, JOSE",2,8:23,17,22
125532,12/12/2025,CHI,VEN,163,ASISTENCIA,VISITANTE,14,"GUTIERREZ, KEVIN",2,8:23,17,22
125532,12/12/2025,CHI,VEN,164,TIRO2-FALLADO,LOCAL,0,"MUSRRI, LUIS",2,8:09,17,22
125532,12/12/2025,CHI,VEN,165,REBOTE-DEFENSIVO,VISITANTE,14,"GUTIERREZ, KEVIN",2,8:06,17,22
125532,12/12/2025,CHI,VEN,166,CANASTA-3P,VISITANTE,18,"ANILLO, WILLIAMS",2,7:44,17,25
125532,12/12/2025,CHI,VEN,167,TIRO3-FALLADO,LOCAL,9,"STUARDO, PEDRO",2,7:25,17,25
125532,12/12/2025,CHI,VEN,168,REBOTE-DEFENSIVO,VISITANTE,14,"GUTIERREZ, KEVIN",2,7:22,17,25
125532,12/12/2025,CHI,VEN,169,FALTA-COMETIDA,LOCAL,1,"PACHANO, GABRIEL",2,7:10,17,25
125532,12/12/2025,CHI,VEN,170,FALTA-RECIBIDA,VISITANTE,18,"ANILLO, WILLIAMS",2,7:10,17,25
125532,12/12/2025,CHI,VEN,171,CAMBIO-JUGADOR-SALE,LOCAL,15,"VELÁSQUEZ, MATEO",2,7:10,17,25
125532,12/12/2025,CHI,VEN,172,CAMBIO-JUGADOR-ENTRA,LOCAL,17,"QUEZADA, MAXIMILIANO",2,7:10,17,25
125532,12/12/2025,CHI,VEN,173,CAMBIO-JUGADOR-SALE,VISITANTE,2,"TORRES, DEIKER",2,7:10,17,25
125532,12/12/2025,CHI,VEN,174,CAMBIO-JUGADOR-SALE,VISITANTE,7,"LARA, JOSE",2,7:10,17,25
125532,12/12/2025,CHI,VEN,175,CAMBIO-JUGADOR-ENTRA,VISITANTE,4,"SEGOVIA, RICHARD",2,7:10,17,25
125532,12/12/2025,CHI,VEN,176,CAMBIO-JUGADOR-ENTRA,VISITANTE,23,"NIÑO, SAMUEL",2,7:10,17,25
125532,12/12/2025,CHI,VEN,177,CANASTA-1P,VISITANTE,18,"ANILLO, WILLIAMS",2,7:10,17,26
125532,12/12/2025,CHI,VEN,178,CANASTA-1P,VISITANTE,18,"ANILLO, WILLIAMS",2,7:10,17,27
125532,12/12/2025,CHI,VEN,179,CAMBIO-JUGADOR-SALE,VISITANTE,18,"ANILLO, WILLIAMS",2,7:10,17,27
125532,12/12/2025,CHI,VEN,180,CAMBIO-JUGADOR-ENTRA,VISITANTE,26,"SOTO, DIEGO",2,7:10,17,27
125532,12/12/2025,CHI,VEN,181,TIRO2-FALLADO,LOCAL,17,"QUEZADA, MAXIMILIANO",2,6:49,17,27
125532,12/12/2025,CHI,VEN,182,REBOTE-DEFENSIVO,VISITANTE,14,"GUTIERREZ, KEVIN",2,6:45,17,27
125532,12/12/2025,CHI,VEN,183,CANASTA-2P,VISITANTE,9,"PERDOMO, JUAN",2,6:35,17,29
125532,12/12/2025,CHI,VEN,184,TIEMPO-MUERTO-SOLICITADO,LOCAL,,,2,6:32,17,29
125532,12/12/2025,CHI,VEN,185,TIRO2-FALLADO,LOCAL,1,"PACHANO, GABRIEL",2,6:15,17,29
125532,12/12/2025,CHI,VEN,186,TAPON-COMETIDO,VISITANTE,14,"GUTIERREZ, KEVIN",2,6:15,17,29
125532,12/12/2025,CHI,VEN,187,REBOTE-DEFENSIVO,VISITANTE,26,"SOTO, DIEGO",2,6:15,17,29
125532,12/12/2025,CHI,VEN,188,FALTA-COMETIDA,LOCAL,0,"MUSRRI, LUIS",2,6:03,17,29
125532,12/12/2025,CHI,VEN,189,FALTA-RECIBIDA,VISITANTE,26,"SOTO, DIEGO",2,6:03,17,29
125532,12/12/2025,CHI,VEN,190,CANASTA-2P,VISITANTE,14,"GUTIERREZ, KEVIN",2,5:45,17,31
125532,12/12/2025,CHI,VEN,191,FALTA-COMETIDA,LOCAL,9,"STUARDO, PEDRO",2,5:45,17,31
125532,12/12/2025,CHI,VEN,192,FALTA-RECIBIDA,VISITANTE,14,"GUTIERREZ, KEVIN",2,5:45,17,31
125532,12/12/2025,CHI,VEN,193,CAMBIO-JUGADOR-SALE,LOCAL,2,"LA RIVERA, TOMAS",2,5:45,17,31
125532,12/12/2025,CHI,VEN,194,CAMBIO-JUGADOR-SALE,LOCAL,9,"STUARDO, PEDRO",2,5:45,17,31
125532,12/12/2025,CHI,VEN,195,CAMBIO-JUGADOR-ENTRA,LOCAL,10,"SARAVIA, FRANCISCO",2,5:45,17,31
125532,12/12/2025,CHI,VEN,196,CAMBIO-JUGADOR-ENTRA,LOCAL,15,"VELÁSQUEZ, MATEO",2,5:45,17,31
125532,12/12/2025,CHI,VEN,197,CAMBIO-JUGADOR-SALE,LOCAL,0,"MUSRRI, LUIS",2,5:45,17,31
125532,12/12/2025,CHI,VEN,198,CAMBIO-JUGADOR-ENTRA,LOCAL,2,"LA RIVERA, TOMAS",2,5:45,17,31
125532,12/12/2025,CHI,VEN,199,CANASTA-1P,VISITANTE,14,"GUTIERREZ, KEVIN",2,5:45,17,32
125532,12/12/2025,CHI,VEN,200,CANASTA-2P,LOCAL,10,"SARAVIA, FRANCISCO",2,5:42,19,32
125532,12/12/2025,CHI,VEN,201,CANASTA-2P,VISITANTE,26,"SOTO, DIEGO",2,5:19,19,34
125532,12/12/2025,CHI,VEN,202,TIRO2-FALLADO,LOCAL,10,"SARAVIA, FRANCISCO",2,5:08,19,34
125532,12/12/2025,CHI,VEN,203,REBOTE-DEFENSIVO,VISITANTE,14,"GUTIERREZ, KEVIN",2,5:05,19,34
125532,12/12/2025,CHI,VEN,204,TIRO3-FALLADO,VISITANTE,9,"PERDOMO, JUAN",2,4:53,19,34
125532,12/12/2025,CHI,VEN,205,REBOTE-DEFENSIVO,LOCAL,10,"SARAVIA, FRANCISCO",2,4:50,19,34
125532,12/12/2025,CHI,VEN,206,TIRO3-FALLADO,LOCAL,1,"PACHANO, GABRIEL",2,4:37,19,34
125532,12/12/2025,CHI,VEN,207,REBOTE-DEFENSIVO,VISITANTE,14,"GUTIERREZ, KEVIN",2,4:34,19,34
125532,12/12/2025,CHI,VEN,208,TIRO3-FALLADO,VISITANTE,9,"PERDOMO, JUAN",2,4:17,19,34
125532,12/12/2025,CHI,VEN,209,REBOTE-DEFENSIVO,LOCAL,15,"VELÁSQUEZ, MATEO",2,4:15,19,34
125532,12/12/2025,CHI,VEN,210,PERDIDA,LOCAL,10,"SARAVIA, FRANCISCO",2,4:12,19,34
125532,12/12/2025,CHI,VEN,211,RECUPERACION,VISITANTE,26,"SOTO, DIEGO",2,4:12,19,34
125532,12/12/2025,CHI,VEN,212,CANASTA-2P,VISITANTE,4,"SEGOVIA, RICHARD",2,4:06,19,36
125532,12/12/2025,CHI,VEN,213,ASISTENCIA,VISITANTE,9,"PERDOMO, JUAN",2,4:06,19,36
125532,12/12/2025,CHI,VEN,214,CANASTA-2P,LOCAL,2,"LA RIVERA, TOMAS",2,3:50,21,36
125532,12/12/2025,CHI,VEN,215,CANASTA-2P,VISITANTE,26,"SOTO, DIEGO",2,3:29,21,38
125532,12/12/2025,CHI,VEN,216,TIRO2-FALLADO,LOCAL,10,"SARAVIA, FRANCISCO",2,3:05,21,38
125532,12/12/2025,CHI,VEN,217,REBOTE-DEFENSIVO,VISITANTE,4,"SEGOVIA, RICHARD",2,3:01,21,38
125532,12/12/2025,CHI,VEN,218,PERDIDA,VISITANTE,4,"SEGOVIA, RICHARD",2,2:46,21,38
125532,12/12/2025,CHI,VEN,219,RECUPERACION,LOCAL,17,"QUEZADA, MAXIMILIANO",2,2:46,21,38
125532,12/12/2025,CHI,VEN,220,PERDIDA,LOCAL,17,"QUEZADA, MAXIMILIANO",2,2:41,21,38
125532,12/12/2025,CHI,VEN,221,RECUPERACION,VISITANTE,4,"SEGOVIA, RICHARD",2,2:41,21,38
125532,12/12/2025,CHI,VEN,222,TIRO2-FALLADO,VISITANTE,4,"SEGOVIA, RICHARD",2,2:34,21,38
125532,12/12/2025,CHI,VEN,223,REBOTE-OFENSIVO,VISITANTE,,,2,2:30,21,38
125532,12/12/2025,CHI,VEN,224,TIEMPO-MUERTO-SOLICITADO,VISITANTE,,,2,2:30,21,38
125532,12/12/2025,CHI,VEN,225,CAMBIO-JUGADOR-SALE,LOCAL,1,"PACHANO, GABRIEL",2,2:30,21,38
125532,12/12/2025,CHI,VEN,226,CAMBIO-JUGADOR-SALE,LOCAL,10,"SARAVIA, FRANCISCO",2,2:30,21,38
125532,12/12/2025,CHI,VEN,227,CAMBIO-JUGADOR-SALE,LOCAL,17,"QUEZADA, MAXIMILIANO",2,2:30,21,38
125532,12/12/2025,CHI,VEN,228,CAMBIO-JUGADOR-ENTRA,LOCAL,0,"MUSRRI, LUIS",2,2:30,21,38
125532,12/12/2025,CHI,VEN,229,CAMBIO-JUGADOR-ENTRA,LOCAL,4,"HITSCHFELD, MATHIAS",2,2:30,21,38
125532,12/12/2025,CHI,VEN,230,CAMBIO-JUGADOR-ENTRA,LOCAL,7,"PINO, TOMAS",2,2:30,21,38
125532,12/12/2025,CHI,VEN,231,CAMBIO-JUGADOR-SALE,VISITANTE,4,"SEGOVIA, RICHARD",2,2:30,21,38
125532,12/12/2025,CHI,VEN,232,CAMBIO-JUGADOR-SALE,VISITANTE,9,"PERDOMO, JUAN",2,2:30,21,38
125532,12/12/2025,CHI,VEN,233,CAMBIO-JUGADOR-SALE,VISITANTE,14,"GUTIERREZ, KEVIN",2,2:30,21,38
125532,12/12/2025,CHI,VEN,234,CAMBIO-JUGADOR-ENTRA,VISITANTE,2,"TORRES, DEIKER",2,2:30,21,38
125532,12/12/2025,CHI,VEN,235,CAMBIO-JUGADOR-ENTRA,VISITANTE,3,"VASQUEZ, JULIO",2,2:30,21,38
125532,12/12/2025,CHI,VEN,236,CAMBIO-JUGADOR-ENTRA,VISITANTE,20,"MONTERO, ISAAC",2,2:30,21,38
125532,12/12/2025,CHI,VEN,237,TIRO3-FALLADO,VISITANTE,2,"TORRES, DEIKER",2,2:15,21,38
125532,12/12/2025,CHI,VEN,238,REBOTE-DEFENSIVO,LOCAL,15,"VELÁSQUEZ, MATEO",2,2:12,21,38
125532,12/12/2025,CHI,VEN,239,TIRO3-FALLADO,LOCAL,4,"HITSCHFELD, MATHIAS",2,2:05,21,38
125532,12/12/2025,CHI,VEN,240,REBOTE-DEFENSIVO,VISITANTE,20,"MONTERO, ISAAC",2,2:02,21,38
125532,12/12/2025,CHI,VEN,241,PERDIDA,VISITANTE,20,"MONTERO, ISAAC",2,1:41,21,38
125532,12/12/2025,CHI,VEN,242,CAMBIO-JUGADOR-SALE,VISITANTE,20,"MONTERO, ISAAC",2,1:41,21,38
125532,12/12/2025,CHI,VEN,243,CAMBIO-JUGADOR-ENTRA,VISITANTE,7,"LARA, JOSE",2,1:41,21,38
125532,12/12/2025,CHI,VEN,244,TIRO2-FALLADO,LOCAL,0,"MUSRRI, LUIS",2,1:35,21,38
125532,12/12/2025,CHI,VEN,245,REBOTE-DEFENSIVO,VISITANTE,3,"VASQUEZ, JULIO",2,1:32,21,38
125532,12/12/2025,CHI,VEN,246,CANASTA-2P,VISITANTE,7,"LARA, JOSE",2,1:11,21,40
125532,12/12/2025,CHI,VEN,247,ASISTENCIA,VISITANTE,2,"TORRES, DEIKER",2,1:11,21,40
125532,12/12/2025,CHI,VEN,248,CANASTA-3P,LOCAL,4,"HITSCHFELD, MATHIAS",2,0:47,24,40
125532,12/12/2025,CHI,VEN,249,ASISTENCIA,LOCAL,0,"MUSRRI, LUIS",2,0:47,24,40
125532,12/12/2025,CHI,VEN,250,CANASTA-2P,VISITANTE,7,"LARA, JOSE",2,0:27,24,42
125532,12/12/2025,CHI,VEN,251,ASISTENCIA,VISITANTE,2,"TORRES, DEIKER",2,0:27,24,42
125532,12/12/2025,CHI,VEN,252,PERDIDA,LOCAL,7,"PINO, TOMAS",2,0:15,24,42
125532,12/12/2025,CHI,VEN,253,RECUPERACION,VISITANTE,26,"SOTO, DIEGO",2,0:15,24,42
125532,12/12/2025,CHI,VEN,254,CANASTA-2P,VISITANTE,2,"TORRES, DEIKER",2,0:11,24,44
125532,12/12/2025,CHI,VEN,255,ASISTENCIA,VISITANTE,26,"SOTO, DIEGO",2,0:11,24,44
125532,12/12/2025,CHI,VEN,256,TIRO2-FALLADO,LOCAL,7,"PINO, TOMAS",2,0:01,24,44
125532,12/12/2025,CHI,VEN,257,REBOTE-OFENSIVO,LOCAL,7,"PINO, TOMAS",2,0:01,24,44
125532,12/12/2025,CHI,VEN,258,FINAL-PERIODO,,,,2,0:00,24,44
125532,12/12/2025,CHI,VEN,259,CAMBIO-JUGADOR-SALE,LOCAL,0,"MUSRRI, LUIS",3,10:00,24,44
125532,12/12/2025,CHI,VEN,260,CAMBIO-JUGADOR-SALE,LOCAL,4,"HITSCHFELD, MATHIAS",3,10:00,24,44
125532,12/12/2025,CHI,VEN,261,CAMBIO-JUGADOR-SALE,LOCAL,7,"PINO, TOMAS",3,10:00,24,44
125532,12/12/2025,CHI,VEN,262,CAMBIO-JUGADOR-ENTRA,LOCAL,3,"CASTRO, MATEO",3,10:00,24,44
125532,12/12/2025,CHI,VEN,263,CAMBIO-JUGADOR-ENTRA,LOCAL,9,"STUARDO, PEDRO",3,10:00,24,44
125532,12/12/2025,CHI,VEN,264,CAMBIO-JUGADOR-ENTRA,LOCAL,10,"SARAVIA, FRANCISCO",3,10:00,24,44
125532,12/12/2025,CHI,VEN,265,CAMBIO-JUGADOR-SALE,VISITANTE,2,"TORRES, DEIKER",3,10:00,24,44
125532,12/12/2025,CHI,VEN,266,CAMBIO-JUGADOR-SALE,VISITANTE,23,"NIÑO, SAMUEL",3,10:00,24,44
125532,12/12/2025,CHI,VEN,267,CAMBIO-JUGADOR-SALE,VISITANTE,26,"SOTO, DIEGO",3,10:00,24,44
125532,12/12/2025,CHI,VEN,268,CAMBIO-JUGADOR-ENTRA,VISITANTE,4,"SEGOVIA, RICHARD",3,10:00,24,44
125532,12/12/2025,CHI,VEN,269,CAMBIO-JUGADOR-ENTRA,VISITANTE,14,"GUTIERREZ, KEVIN",3,10:00,24,44
125532,12/12/2025,CHI,VEN,270,CAMBIO-JUGADOR-ENTRA,VISITANTE,18,"ANILLO, WILLIAMS",3,10:00,24,44
125532,12/12/2025,CHI,VEN,271,INICIO-PERIODO,,,,3,10:00,24,44
125532,12/12/2025,CHI,VEN,272,PERDIDA,LOCAL,9,"STUARDO, PEDRO",3,9:42,24,44
125532,12/12/2025,CHI,VEN,273,RECUPERACION,VISITANTE,3,"VASQUEZ, JULIO",3,9:42,24,44
125532,12/12/2025,CHI,VEN,274,CANASTA-3P,VISITANTE,3,"VASQUEZ, JULIO",3,9:21,24,47
125532,12/12/2025,CHI,VEN,275,ASISTENCIA,VISITANTE,4,"SEGOVIA, RICHARD",3,9:21,24,47
125532,12/12/2025,CHI,VEN,276,TIRO2-FALLADO,LOCAL,10,"SARAVIA, FRANCISCO",3,8:55,24,47
125532,12/12/2025,CHI,VEN,277,REBOTE-DEFENSIVO,VISITANTE,7,"LARA, JOSE",3,8:50,24,47
125532,12/12/2025,CHI,VEN,278,CANASTA-2P,VISITANTE,14,"GUTIERREZ, KEVIN",3,8:45,24,49
125532,12/12/2025,CHI,VEN,279,ASISTENCIA,VISITANTE,4,"SEGOVIA, RICHARD",3,8:45,24,49
125532,12/12/2025,CHI,VEN,280,CANASTA-2P,LOCAL,15,"VELÁSQUEZ, MATEO",3,8:20,26,49
125532,12/12/2025,CHI,VEN,281,CANASTA-2P,VISITANTE,7,"LARA, JOSE",3,7:57,26,51
125532,12/12/2025,CHI,VEN,282,PERDIDA,LOCAL,15,"VELÁSQUEZ, MATEO",3,7:36,26,51
125532,12/12/2025,CHI,VEN,283,RECUPERACION,VISITANTE,3,"VASQUEZ, JULIO",3,7:36,26,51
125532,12/12/2025,CHI,VEN,284,TIRO2-FALLADO,VISITANTE,3,"VASQUEZ, JULIO",3,7:18,26,51
125532,12/12/2025,CHI,VEN,285,TAPON-COMETIDO,LOCAL,15,"VELÁSQUEZ, MATEO",3,7:18,26,51
125532,12/12/2025,CHI,VEN,286,REBOTE-OFENSIVO,VISITANTE,,,3,7:18,26,51
125532,12/12/2025,CHI,VEN,287,JUMP-BALL,VISITANTE,,,3,7:18,26,51
125532,12/12/2025,CHI,VEN,288,TIRO3-FALLADO,VISITANTE,4,"SEGOVIA, RICHARD",3,7:08,26,51
125532,12/12/2025,CHI,VEN,289,REBOTE-DEFENSIVO,LOCAL,,,3,7:06,26,51
125532,12/12/2025,CHI,VEN,290,CANASTA-3P,LOCAL,10,"SARAVIA, FRANCISCO",3,6:58,29,51
125532,12/12/2025,CHI,VEN,291,ASISTENCIA,LOCAL,3,"CASTRO, MATEO",3,6:58,29,51
125532,12/12/2025,CHI,VEN,292,TIRO3-FALLADO,VISITANTE,18,"ANILLO, WILLIAMS",3,6:38,29,51
125532,12/12/2025,CHI,VEN,293,REBOTE-OFENSIVO,VISITANTE,,,3,6:33,29,51
125532,12/12/2025,CHI,VEN,294,PERDIDA,VISITANTE,4,"SEGOVIA, RICHARD",3,6:16,29,51
125532,12/12/2025,CHI,VEN,295,RECUPERACION,LOCAL,9,"STUARDO, PEDRO",3,6:16,29,51
125532,12/12/2025,CHI,VEN,296,TIRO3-FALLADO,LOCAL,10,"SARAVIA, FRANCISCO",3,6:03,29,51
125532,12/12/2025,CHI,VEN,297,REBOTE-DEFENSIVO,VISITANTE,14,"GUTIERREZ, KEVIN",3,6:00,29,51
125532,12/12/2025,CHI,VEN,298,TIRO3-FALLADO,VISITANTE,7,"LARA, JOSE",3,5:50,29,51
125532,12/12/2025,CHI,VEN,299,REBOTE-DEFENSIVO,LOCAL,10,"SARAVIA, FRANCISCO",3,5:48,29,51
125532,12/12/2025,CHI,VEN,300,PERDIDA,LOCAL,2,"LA RIVERA, TOMAS",3,5:29,29,51
125532,12/12/2025,CHI,VEN,301,CAMBIO-JUGADOR-SALE,LOCAL,3,"CASTRO, MATEO",3,5:29,29,51
125532,12/12/2025,CHI,VEN,302,CAMBIO-JUGADOR-ENTRA,LOCAL,4,"HITSCHFELD, MATHIAS",3,5:29,29,51
125532,12/12/2025,CHI,VEN,303,CAMBIO-JUGADOR-SALE,VISITANTE,4,"SEGOVIA, RICHARD",3,5:29,29,51
125532,12/12/2025,CHI,VEN,304,CAMBIO-JUGADOR-ENTRA,VISITANTE,2,"TORRES, DEIKER",3,5:29,29,51
125532,12/12/2025,CHI,VEN,305,CANASTA-2P,VISITANTE,2,"TORRES, DEIKER",3,5:15,29,53
125532,12/12/2025,CHI,VEN,306,PERDIDA,LOCAL,10,"SARAVIA, FRANCISCO",3,5:03,29,53
125532,12/12/2025,CHI,VEN,307,VTR,LOCAL,,,3,5:03,29,53
125532,12/12/2025,CHI,VEN,308,CAMBIO-JUGADOR-SALE,VISITANTE,18,"ANILLO, WILLIAMS",3,5:03,29,53
125532,12/12/2025,CHI,VEN,309,CAMBIO-JUGADOR-ENTRA,VISITANTE,26,"SOTO, DIEGO",3,5:03,29,53
125532,12/12/2025,CHI,VEN,310,CANASTA-2P,VISITANTE,14,"GUTIERREZ, KEVIN",3,4:52,29,55
125532,12/12/2025,CHI,VEN,311,ASISTENCIA,VISITANTE,7,"LARA, JOSE",3,4:52,29,55
125532,12/12/2025,CHI,VEN,312,CANASTA-3P,LOCAL,2,"LA RIVERA, TOMAS",3,4:29,32,55
125532,12/12/2025,CHI,VEN,313,ASISTENCIA,LOCAL,10,"SARAVIA, FRANCISCO",3,4:29,32,55
125532,12/12/2025,CHI,VEN,314,CANASTA-2P,VISITANTE,2,"TORRES, DEIKER",3,4:04,32,57
125532,12/12/2025,CHI,VEN,315,TIRO3-FALLADO,LOCAL,9,"STUARDO, PEDRO",3,3:49,32,57
125532,12/12/2025,CHI,VEN,316,TAPON-COMETIDO,VISITANTE,3,"VASQUEZ, JULIO",3,3:49,32,57
125532,12/12/2025,CHI,VEN,317,REBOTE-DEFENSIVO,VISITANTE,14,"GUTIERREZ, KEVIN",3,3:45,32,57
125532,12/12/2025,CHI,VEN,318,PERDIDA,VISITANTE,26,"SOTO, DIEGO",3,3:37,32,57
125532,12/12/2025,CHI,VEN,319,RECUPERACION,LOCAL,9,"STUARDO, PEDRO",3,3:37,32,57
125532,12/12/2025,CHI,VEN,320,FALTA-COMETIDA,VISITANTE,2,"TORRES, DEIKER",3,3:33,32,57
125532,12/12/2025,CHI,VEN,321,FALTA-RECIBIDA,LOCAL,10,"SARAVIA, FRANCISCO",3,3:33,32,57
125532,12/12/2025,CHI,VEN,322,CAMBIO-JUGADOR-SALE,LOCAL,9,"STUARDO, PEDRO",3,3:33,32,57
125532,12/12/2025,CHI,VEN,323,CAMBIO-JUGADOR-ENTRA,LOCAL,17,"QUEZADA, MAXIMILIANO",3,3:33,32,57
125532,12/12/2025,CHI,VEN,324,CAMBIO-JUGADOR-SALE,VISITANTE,3,"VASQUEZ, JULIO",3,3:33,32,57
125532,12/12/2025,CHI,VEN,325,CAMBIO-JUGADOR-SALE,VISITANTE,7,"LARA, JOSE",3,3:33,32,57
125532,12/12/2025,CHI,VEN,326,CAMBIO-JUGADOR-ENTRA,VISITANTE,9,"PERDOMO, JUAN",3,3:33,32,57
125532,12/12/2025,CHI,VEN,327,CAMBIO-JUGADOR-ENTRA,VISITANTE,23,"NIÑO, SAMUEL",3,3:33,32,57
125532,12/12/2025,CHI,VEN,328,CANASTA-1P,LOCAL,10,"SARAVIA, FRANCISCO",3,3:33,33,57
125532,12/12/2025,CHI,VEN,329,ASISTENCIA,LOCAL,9,"STUARDO, PEDRO",3,3:33,33,57
125532,12/12/2025,CHI,VEN,330,TIRO1-FALLADO,LOCAL,10,"SARAVIA, FRANCISCO",3,3:33,33,57
125532,12/12/2025,CHI,VEN,331,REBOTE-OFENSIVO,LOCAL,15,"VELÁSQUEZ, MATEO",3,3:33,33,57
125532,12/12/2025,CHI,VEN,332,CANASTA-3P,LOCAL,10,"SARAVIA, FRANCISCO",3,3:19,36,57
125532,12/12/2025,CHI,VEN,333,ASISTENCIA,LOCAL,15,"VELÁSQUEZ, MATEO",3,3:19,36,57
125532,12/12/2025,CHI,VEN,334,TIRO2-FALLADO,VISITANTE,26,"SOTO, DIEGO",3,2:51,36,57
125532,12/12/2025,CHI,VEN,335,REBOTE-DEFENSIVO,LOCAL,2,"LA RIVERA, TOMAS",3,2:47,36,57
125532,12/12/2025,CHI,VEN,336,CANASTA-2P,LOCAL,15,"VELÁSQUEZ, MATEO",3,2:39,38,57
125532,12/12/2025,CHI,VEN,337,TIRO3-FALLADO,VISITANTE,9,"PERDOMO, JUAN",3,2:21,38,57
125532,12/12/2025,CHI,VEN,338,REBOTE-DEFENSIVO,LOCAL,10,"SARAVIA, FRANCISCO",3,2:19,38,57
125532,12/12/2025,CHI,VEN,339,TIRO3-FALLADO,LOCAL,10,"SARAVIA, FRANCISCO",3,2:01,38,57
125532,12/12/2025,CHI,VEN,340,REBOTE-DEFENSIVO,VISITANTE,,,3,1:58,38,57
125532,12/12/2025,CHI,VEN,341,CAMBIO-JUGADOR-SALE,VISITANTE,23,"NIÑO, SAMUEL",3,1:58,38,57
125532,12/12/2025,CHI,VEN,342,CAMBIO-JUGADOR-SALE,VISITANTE,26,"SOTO, DIEGO",3,1:58,38,57
125532,12/12/2025,CHI,VEN,343,CAMBIO-JUGADOR-ENTRA,VISITANTE,3,"VASQUEZ, JULIO",3,1:58,38,57
125532,12/12/2025,CHI,VEN,344,CAMBIO-JUGADOR-ENTRA,VISITANTE,7,"LARA, JOSE",3,1:58,38,57
125532,12/12/2025,CHI,VEN,345,CAMBIO-JUGADOR-SALE,LOCAL,15,"VELÁSQUEZ, MATEO",3,1:58,38,57
125532,12/12/2025,CHI,VEN,346,CAMBIO-JUGADOR-ENTRA,LOCAL,7,"PINO, TOMAS",3,1:58,38,57
125532,12/12/2025,CHI,VEN,347,TIRO2-FALLADO,VISITANTE,7,"LARA, JOSE",3,1:38,38,57
125532,12/12/2025,CHI,VEN,348,REBOTE-OFENSIVO,VISITANTE,7,"LARA, JOSE",3,1:34,38,57
125532,12/12/2025,CHI,VEN,349,TIRO3-FALLADO,VISITANTE,3,"VASQUEZ, JULIO",3,1:26,38,57
125532,12/12/2025,CHI,VEN,350,REBOTE-OFENSIVO,VISITANTE,7,"LARA, JOSE",3,1:23,38,57
125532,12/12/2025,CHI,VEN,351,TIRO3-FALLADO,VISITANTE,2,"TORRES, DEIKER",3,1:15,38,57
125532,12/12/2025,CHI,VEN,352,REBOTE-OFENSIVO,VISITANTE,,,3,1:12,38,57
125532,12/12/2025,CHI,VEN,353,FALTA-COMETIDA,LOCAL,2,"LA RIVERA, TOMAS",3,1:11,38,57
125532,12/12/2025,CHI,VEN,354,FALTA-RECIBIDA,VISITANTE,7,"LARA, JOSE",3,1:11,38,57
125532,12/12/2025,CHI,VEN,355,CANASTA-3P,VISITANTE,7,"LARA, JOSE",3,1:04,38,60
125532,12/12/2025,CHI,VEN,356,ASISTENCIA,VISITANTE,3,"VASQUEZ, JULIO",3,1:04,38,60
125532,12/12/2025,CHI,VEN,357,TIRO3-FALLADO,LOCAL,2,"LA RIVERA, TOMAS",3,0:39,38,60
125532,12/12/2025,CHI,VEN,358,REBOTE-DEFENSIVO,VISITANTE,3,"VASQUEZ, JULIO",3,0:37,38,60
125532,12/12/2025,CHI,VEN,359,CANASTA-3P,VISITANTE,9,"PERDOMO, JUAN",3,0:29,38,63
125532,12/12/2025,CHI,VEN,360,ASISTENCIA,VISITANTE,3,"VASQUEZ, JULIO",3,0:29,38,63
125532,12/12/2025,CHI,VEN,361,TIEMPO-MUERTO-SOLICITADO,LOCAL,,,3,0:25,38,63
125532,12/12/2025,CHI,VEN,362,CAMBIO-JUGADOR-SALE,VISITANTE,2,"TORRES, DEIKER",3,0:25,38,63
125532,12/12/2025,CHI,VEN,363,CAMBIO-JUGADOR-SALE,VISITANTE,14,"GUTIERREZ, KEVIN",3,0:25,38,63
125532,12/12/2025,CHI,VEN,364,CAMBIO-JUGADOR-ENTRA,VISITANTE,23,"NIÑO, SAMUEL",3,0:25,38,63
125532,12/12/2025,CHI,VEN,365,CAMBIO-JUGADOR-ENTRA,VISITANTE,26,"SOTO, DIEGO",3,0:25,38,63
125532,12/12/2025,CHI,VEN,366,CAMBIO-JUGADOR-SALE,VISITANTE,3,"VASQUEZ, JULIO",3,0:25,38,63
125532,12/12/2025,CHI,VEN,367,CAMBIO-JUGADOR-ENTRA,VISITANTE,20,"MONTERO, ISAAC",3,0:25,38,63
125532,12/12/2025,CHI,VEN,368,FALTA-COMETIDA,VISITANTE,23,"NIÑO, SAMUEL",3,0:05,38,63
125532,12/12/2025,CHI,VEN,369,FALTA-RECIBIDA,LOCAL,10,"SARAVIA, FRANCISCO",3,0:05,38,63
125532,12/12/2025,CHI,VEN,370,CAMBIO-JUGADOR-SALE,LOCAL,2,"LA RIVERA, TOMAS",3,0:05,38,63
125532,12/12/2025,CHI,VEN,371,CAMBIO-JUGADOR-ENTRA,LOCAL,1,"PACHANO, GABRIEL",3,0:05,38,63
125532,12/12/2025,CHI,VEN,372,CANASTA-1P,LOCAL,10,"SARAVIA, FRANCISCO",3,0:05,39,63
125532,12/12/2025,CHI,VEN,373,ASISTENCIA,LOCAL,17,"QUEZADA, MAXIMILIANO",3,0:05,39,63
125532,12/12/2025,CHI,VEN,374,CANASTA-1P,LOCAL,10,"SARAVIA, FRANCISCO",3,0:05,40,63
125532,12/12/2025,CHI,VEN,375,CAMBIO-JUGADOR-SALE,LOCAL,10,"SARAVIA, FRANCISCO",3,0:05,40,63
125532,12/12/2025,CHI,VEN,376,CAMBIO-JUGADOR-ENTRA,LOCAL,0,"MUSRRI, LUIS",3,0:05,40,63
125532,12/12/2025,CHI,VEN,377,CAMBIO-JUGADOR-SALE,VISITANTE,20,"MONTERO, ISAAC",3,0:05,40,63
125532,12/12/2025,CHI,VEN,378,CAMBIO-JUGADOR-SALE,VISITANTE,23,"NIÑO, SAMUEL",3,0:05,40,63
125532,12/12/2025,CHI,VEN,379,CAMBIO-JUGADOR-ENTRA,VISITANTE,2,"TORRES, DEIKER",3,0:05,40,63
125532,12/12/2025,CHI,VEN,380,CAMBIO-JUGADOR-ENTRA,VISITANTE,3,"VASQUEZ, JULIO",3,0:05,40,63
125532,12/12/2025,CHI,VEN,381,FALTA-COMETIDA,LOCAL,0,"MUSRRI, LUIS",3,0:02,40,63
125532,12/12/2025,CHI,VEN,382,FALTA-RECIBIDA,VISITANTE,2,"TORRES, DEIKER",3,0:02,40,63
125532,12/12/2025,CHI,VEN,383,CAMBIO-JUGADOR-SALE,LOCAL,17,"QUEZADA, MAXIMILIANO",3,0:02,40,63
125532,12/12/2025,CHI,VEN,384,CAMBIO-JUGADOR-ENTRA,LOCAL,3,"CASTRO, MATEO",3,0:02,40,63
125532,12/12/2025,CHI,VEN,385,CANASTA-3P,VISITANTE,2,"TORRES, DEIKER",3,0:01,40,66
125532,12/12/2025,CHI,VEN,386,ASISTENCIA,VISITANTE,26,"SOTO, DIEGO",3,0:01,40,66
125532,12/12/2025,CHI,VEN,387,FINAL-PERIODO,,,,3,0:00,40,66
125532,12/12/2025,CHI,VEN,388,CAMBIO-JUGADOR-SALE,LOCAL,3,"CASTRO, MATEO",4,10:00,40,66
125532,12/12/2025,CHI,VEN,389,CAMBIO-JUGADOR-SALE,LOCAL,4,"HITSCHFELD, MATHIAS",4,10:00,40,66
125532,12/12/2025,CHI,VEN,390,CAMBIO-JUGADOR-SALE,LOCAL,7,"PINO, TOMAS",4,10:00,40,66
125532,12/12/2025,CHI,VEN,391,CAMBIO-JUGADOR-ENTRA,LOCAL,9,"STUARDO, PEDRO",4,10:00,40,66
125532,12/12/2025,CHI,VEN,392,CAMBIO-JUGADOR-ENTRA,LOCAL,10,"SARAVIA, FRANCISCO",4,10:00,40,66
125532,12/12/2025,CHI,VEN,393,CAMBIO-JUGADOR-ENTRA,LOCAL,15,"VELÁSQUEZ, MATEO",4,10:00,40,66
125532,12/12/2025,CHI,VEN,394,CAMBIO-JUGADOR-SALE,VISITANTE,3,"VASQUEZ, JULIO",4,10:00,40,66
125532,12/12/2025,CHI,VEN,395,CAMBIO-JUGADOR-SALE,VISITANTE,26,"SOTO, DIEGO",4,10:00,40,66
125532,12/12/2025,CHI,VEN,396,CAMBIO-JUGADOR-ENTRA,VISITANTE,18,"ANILLO, WILLIAMS",4,10:00,40,66
125532,12/12/2025,CHI,VEN,397,CAMBIO-JUGADOR-ENTRA,VISITANTE,23,"NIÑO, SAMUEL",4,10:00,40,66
125532,12/12/2025,CHI,VEN,398,INICIO-PERIODO,,,,4,10:00,40,66
125532,12/12/2025,CHI,VEN,399,CANASTA-2P,LOCAL,10,"SARAVIA, FRANCISCO",4,9:49,42,66
125532,12/12/2025,CHI,VEN,400,CANASTA-2P,VISITANTE,23,"NIÑO, SAMUEL",4,9:25,42,68
125532,12/12/2025,CHI,VEN,401,ASISTENCIA,VISITANTE,7,"LARA, JOSE",4,9:25,42,68
125532,12/12/2025,CHI,VEN,402,TIRO3-FALLADO,LOCAL,9,"STUARDO, PEDRO",4,9:13,42,68
125532,12/12/2025,CHI,VEN,403,REBOTE-DEFENSIVO,VISITANTE,18,"ANILLO, WILLIAMS",4,9:11,42,68
125532,12/12/2025,CHI,VEN,404,TIRO2-FALLADO,VISITANTE,7,"LARA, JOSE",4,8:59,42,68
125532,12/12/2025,CHI,VEN,405,REBOTE-DEFENSIVO,LOCAL,15,"VELÁSQUEZ, MATEO",4,8:56,42,68
125532,12/12/2025,CHI,VEN,406,CANASTA-2P,LOCAL,0,"MUSRRI, LUIS",4,8:44,44,68
125532,12/12/2025,CHI,VEN,407,FALTA-COMETIDA,VISITANTE,2,"TORRES, DEIKER",4,8:44,44,68
125532,12/12/2025,CHI,VEN,408,FALTA-RECIBIDA,LOCAL,0,"MUSRRI, LUIS",4,8:44,44,68
125532,12/12/2025,CHI,VEN,409,TIRO1-FALLADO,LOCAL,0,"MUSRRI, LUIS",4,8:44,44,68
125532,12/12/2025,CHI,VEN,410,REBOTE-DEFENSIVO,VISITANTE,7,"LARA, JOSE",4,8:44,44,68
125532,12/12/2025,CHI,VEN,411,CANASTA-3P,VISITANTE,7,"LARA, JOSE",4,8:25,44,71
125532,12/12/2025,CHI,VEN,412,ASISTENCIA,VISITANTE,2,"TORRES, DEIKER",4,8:25,44,71
125532,12/12/2025,CHI,VEN,413,CANASTA-3P,LOCAL,1,"PACHANO, GABRIEL",4,8:08,47,71
125532,12/12/2025,CHI,VEN,414,ASISTENCIA,LOCAL,10,"SARAVIA, FRANCISCO",4,8:08,47,71
125532,12/12/2025,CHI,VEN,415,TIRO3-FALLADO,VISITANTE,7,"LARA, JOSE",4,7:49,47,71
125532,12/12/2025,CHI,VEN,416,REBOTE-DEFENSIVO,LOCAL,9,"STUARDO, PEDRO",4,7:46,47,71
125532,12/12/2025,CHI,VEN,417,FALTA-COMETIDA,VISITANTE,23,"NIÑO, SAMUEL",4,7:45,47,71
125532,12/12/2025,CHI,VEN,418,FALTA-RECIBIDA,LOCAL,9,"STUARDO, PEDRO",4,7:45,47,71
125532,12/12/2025,CHI,VEN,419,CAMBIO-JUGADOR-SALE,VISITANTE,2,"TORRES, DEIKER",4,7:45,47,71
125532,12/12/2025,CHI,VEN,420,CAMBIO-JUGADOR-ENTRA,VISITANTE,4,"SEGOVIA, RICHARD",4,7:45,47,71
125532,12/12/2025,CHI,VEN,421,CANASTA-3P,LOCAL,0,"MUSRRI, LUIS",4,7:20,50,71
125532,12/12/2025,CHI,VEN,422,ASISTENCIA,LOCAL,9,"STUARDO, PEDRO",4,7:20,50,71
125532,12/12/2025,CHI,VEN,423,TIRO2-FALLADO,VISITANTE,23,"NIÑO, SAMUEL",4,7:02,50,71
125532,12/12/2025,CHI,VEN,424,TAPON-COMETIDO,LOCAL,10,"SARAVIA, FRANCISCO",4,7:02,50,71
125532,12/12/2025,CHI,VEN,425,REBOTE-DEFENSIVO,LOCAL,9,"STUARDO, PEDRO",4,6:55,50,71
125532,12/12/2025,CHI,VEN,426,TIRO3-FALLADO,LOCAL,0,"MUSRRI, LUIS",4,6:53,50,71
125532,12/12/2025,CHI,VEN,427,REBOTE-DEFENSIVO,VISITANTE,4,"SEGOVIA, RICHARD",4,6:50,50,71
125532,12/12/2025,CHI,VEN,428,FALTA-COMETIDA,LOCAL,0,"MUSRRI, LUIS",4,6:37,50,71
125532,12/12/2025,CHI,VEN,429,FALTA-RECIBIDA,VISITANTE,23,"NIÑO, SAMUEL",4,6:37,50,71
125532,12/12/2025,CHI,VEN,430,TIRO1-FALLADO,VISITANTE,23,"NIÑO, SAMUEL",4,6:37,50,71
125532,12/12/2025,CHI,VEN,431,CANASTA-1P,VISITANTE,23,"NIÑO, SAMUEL",4,6:37,50,72
125532,12/12/2025,CHI,VEN,432,ASISTENCIA,VISITANTE,7,"LARA, JOSE",4,6:37,50,72
125532,12/12/2025,CHI,VEN,433,CAMBIO-JUGADOR-SALE,VISITANTE,9,"PERDOMO, JUAN",4,6:37,50,72
125532,12/12/2025,CHI,VEN,434,CAMBIO-JUGADOR-SALE,VISITANTE,23,"NIÑO, SAMUEL",4,6:37,50,72
125532,12/12/2025,CHI,VEN,435,CAMBIO-JUGADOR-ENTRA,VISITANTE,3,"VASQUEZ, JULIO",4,6:37,50,72
125532,12/12/2025,CHI,VEN,436,CAMBIO-JUGADOR-ENTRA,VISITANTE,14,"GUTIERREZ, KEVIN",4,6:37,50,72
125532,12/12/2025,CHI,VEN,437,PERDIDA,LOCAL,9,"STUARDO, PEDRO",4,6:35,50,72
125532,12/12/2025,CHI,VEN,438,TIRO3-FALLADO,VISITANTE,18,"ANILLO, WILLIAMS",4,6:20,50,72
125532,12/12/2025,CHI,VEN,439,REBOTE-DEFENSIVO,LOCAL,1,"PACHANO, GABRIEL",4,6:17,50,72
125532,12/12/2025,CHI,VEN,440,TIRO2-FALLADO,LOCAL,1,"PACHANO, GABRIEL",4,6:08,50,72
125532,12/12/2025,CHI,VEN,441,REBOTE-DEFENSIVO,VISITANTE,7,"LARA, JOSE",4,6:00,50,72
125532,12/12/2025,CHI,VEN,442,FALTA-COMETIDA,VISITANTE,14,"GUTIERREZ, KEVIN",4,5:53,50,72
125532,12/12/2025,CHI,VEN,443,PERDIDA,VISITANTE,14,"GUTIERREZ, KEVIN",4,5:53,50,72
125532,12/12/2025,CHI,VEN,444,FALTA-RECIBIDA,LOCAL,15,"VELÁSQUEZ, MATEO",4,5:53,50,72
125532,12/12/2025,CHI,VEN,445,CAMBIO-JUGADOR-SALE,VISITANTE,4,"SEGOVIA, RICHARD",4,5:47,50,72
125532,12/12/2025,CHI,VEN,446,CAMBIO-JUGADOR-ENTRA,VISITANTE,2,"TORRES, DEIKER",4,5:47,50,72
125532,12/12/2025,CHI,VEN,447,CANASTA-2P,LOCAL,0,"MUSRRI, LUIS",4,5:32,52,72
125532,12/12/2025,CHI,VEN,448,ASISTENCIA,LOCAL,9,"STUARDO, PEDRO",4,5:32,52,72
125532,12/12/2025,CHI,VEN,449,TIEMPO-MUERTO-SOLICITADO,VISITANTE,,,4,5:27,52,72
125532,12/12/2025,CHI,VEN,450,CAMBIO-JUGADOR-SALE,LOCAL,1,"PACHANO, GABRIEL",4,5:27,52,72
125532,12/12/2025,CHI,VEN,451,CAMBIO-JUGADOR-ENTRA,LOCAL,2,"LA RIVERA, TOMAS",4,5:27,52,72
125532,12/12/2025,CHI,VEN,452,FALTA-COMETIDA,LOCAL,9,"STUARDO, PEDRO",4,5:04,52,72
125532,12/12/2025,CHI,VEN,453,FALTA-RECIBIDA,VISITANTE,14,"GUTIERREZ, KEVIN",4,5:04,52,72
125532,12/12/2025,CHI,VEN,454,CAMBIO-JUGADOR-SALE,VISITANTE,14,"GUTIERREZ, KEVIN",4,5:04,52,72
125532,12/12/2025,CHI,VEN,455,CAMBIO-JUGADOR-ENTRA,VISITANTE,4,"SEGOVIA, RICHARD",4,5:04,52,72
125532,12/12/2025,CHI,VEN,456,CANASTA-1P,VISITANTE,4,"SEGOVIA, RICHARD",4,5:04,52,73
125532,12/12/2025,CHI,VEN,457,CANASTA-1P,VISITANTE,4,"SEGOVIA, RICHARD",4,5:04,52,74
125532,12/12/2025,CHI,VEN,458,CANASTA-2P,LOCAL,10,"SARAVIA, FRANCISCO",4,4:52,54,74
125532,12/12/2025,CHI,VEN,459,TIRO2-FALLADO,VISITANTE,2,"TORRES, DEIKER",4,4:35,54,74
125532,12/12/2025,CHI,VEN,460,TAPON-COMETIDO,LOCAL,9,"STUARDO, PEDRO",4,4:35,54,74
125532,12/12/2025,CHI,VEN,461,REBOTE-DEFENSIVO,LOCAL,9,"STUARDO, PEDRO",4,4:31,54,74
125532,12/12/2025,CHI,VEN,462,CANASTA-2P,LOCAL,2,"LA RIVERA, TOMAS",4,4:28,56,74
125532,12/12/2025,CHI,VEN,463,ASISTENCIA,LOCAL,9,"STUARDO, PEDRO",4,4:28,56,74
125532,12/12/2025,CHI,VEN,464,CAMBIO-JUGADOR-SALE,VISITANTE,2,"TORRES, DEIKER",4,4:24,56,74
125532,12/12/2025,CHI,VEN,465,CAMBIO-JUGADOR-ENTRA,VISITANTE,20,"MONTERO, ISAAC",4,4:24,56,74
125532,12/12/2025,CHI,VEN,466,FALTA-COMETIDA,LOCAL,2,"LA RIVERA, TOMAS",4,4:23,56,74
125532,12/12/2025,CHI,VEN,467,FALTA-RECIBIDA,VISITANTE,3,"VASQUEZ, JULIO",4,4:23,56,74
125532,12/12/2025,CHI,VEN,468,TIEMPO-MUERTO-SOLICITADO,VISITANTE,,,4,4:01,56,74
125532,12/12/2025,CHI,VEN,469,CAMBIO-JUGADOR-SALE,VISITANTE,4,"SEGOVIA, RICHARD",4,4:01,56,74
125532,12/12/2025,CHI,VEN,470,CAMBIO-JUGADOR-SALE,VISITANTE,7,"LARA, JOSE",4,4:01,56,74
125532,12/12/2025,CHI,VEN,471,CAMBIO-JUGADOR-ENTRA,VISITANTE,2,"TORRES, DEIKER",4,4:01,56,74
125532,12/12/2025,CHI,VEN,472,CAMBIO-JUGADOR-ENTRA,VISITANTE,9,"PERDOMO, JUAN",4,4:01,56,74
125532,12/12/2025,CHI,VEN,473,PERDIDA,LOCAL,10,"SARAVIA, FRANCISCO",4,4:01,56,74
125532,12/12/2025,CHI,VEN,474,TIRO3-FALLADO,VISITANTE,2,"TORRES, DEIKER",4,3:45,56,74
125532,12/12/2025,CHI,VEN,475,REBOTE-OFENSIVO,VISITANTE,20,"MONTERO, ISAAC",4,3:41,56,74
125532,12/12/2025,CHI,VEN,476,CAMBIO-JUGADOR-SALE,VISITANTE,20,"MONTERO, ISAAC",4,3:40,56,74
125532,12/12/2025,CHI,VEN,477,CAMBIO-JUGADOR-ENTRA,VISITANTE,23,"NIÑO, SAMUEL",4,3:40,56,74
125532,12/12/2025,CHI,VEN,478,TIRO3-FALLADO,VISITANTE,9,"PERDOMO, JUAN",4,3:28,56,74
125532,12/12/2025,CHI,VEN,479,REBOTE-DEFENSIVO,LOCAL,0,"MUSRRI, LUIS",4,3:26,56,74
125532,12/12/2025,CHI,VEN,480,FALTA-COMETIDA,VISITANTE,23,"NIÑO, SAMUEL",4,3:17,56,74
125532,12/12/2025,CHI,VEN,481,FALTA-RECIBIDA,LOCAL,0,"MUSRRI, LUIS",4,3:17,56,74
125532,12/12/2025,CHI,VEN,482,TIRO1-FALLADO,LOCAL,0,"MUSRRI, LUIS",4,3:17,56,74
125532,12/12/2025,CHI,VEN,483,TIRO1-FALLADO,LOCAL,0,"MUSRRI, LUIS",4,3:17,56,74
125532,12/12/2025,CHI,VEN,484,REBOTE-DEFENSIVO,VISITANTE,9,"PERDOMO, JUAN",4,3:17,56,74
125532,12/12/2025,CHI,VEN,485,JUMP-BALL,VISITANTE,,,4,3:17,56,74
125532,12/12/2025,CHI,VEN,486,CAMBIO-JUGADOR-SALE,VISITANTE,23,"NIÑO, SAMUEL",4,3:17,56,74
125532,12/12/2025,CHI,VEN,487,CAMBIO-JUGADOR-ENTRA,VISITANTE,14,"GUTIERREZ, KEVIN",4,3:17,56,74
125532,12/12/2025,CHI,VEN,488,FALTA-COMETIDA,LOCAL,9,"STUARDO, PEDRO",4,2:48,56,74
125532,12/12/2025,CHI,VEN,489,FALTA-RECIBIDA,VISITANTE,3,"VASQUEZ, JULIO",4,2:48,56,74
125532,12/12/2025,CHI,VEN,490,CAMBIO-JUGADOR-SALE,LOCAL,9,"STUARDO, PEDRO",4,2:48,56,74
125532,12/12/2025,CHI,VEN,491,CAMBIO-JUGADOR-ENTRA,LOCAL,17,"QUEZADA, MAXIMILIANO",4,2:48,56,74
125532,12/12/2025,CHI,VEN,492,CANASTA-1P,VISITANTE,3,"VASQUEZ, JULIO",4,2:48,56,75
125532,12/12/2025,CHI,VEN,493,CANASTA-1P,VISITANTE,3,"VASQUEZ, JULIO",4,2:48,56,76
125532,12/12/2025,CHI,VEN,494,CAMBIO-JUGADOR-SALE,LOCAL,0,"MUSRRI, LUIS",4,2:48,56,76
125532,12/12/2025,CHI,VEN,495,CAMBIO-JUGADOR-ENTRA,LOCAL,1,"PACHANO, GABRIEL",4,2:48,56,76
125532,12/12/2025,CHI,VEN,496,CAMBIO-JUGADOR-SALE,VISITANTE,9,"PERDOMO, JUAN",4,2:48,56,76
125532,12/12/2025,CHI,VEN,497,CAMBIO-JUGADOR-ENTRA,VISITANTE,7,"LARA, JOSE",4,2:48,56,76
125532,12/12/2025,CHI,VEN,498,CANASTA-3P,LOCAL,2,"LA RIVERA, TOMAS",4,2:31,59,76
125532,12/12/2025,CHI,VEN,499,ASISTENCIA,LOCAL,15,"VELÁSQUEZ, MATEO",4,2:31,59,76
125532,12/12/2025,CHI,VEN,500,FALTA-COMETIDA,LOCAL,10,"SARAVIA, FRANCISCO",4,2:10,59,76
125532,12/12/2025,CHI,VEN,501,FALTA-RECIBIDA,VISITANTE,14,"GUTIERREZ, KEVIN",4,2:10,59,76
125532,12/12/2025,CHI,VEN,502,CANASTA-1P,VISITANTE,14,"GUTIERREZ, KEVIN",4,2:10,59,77
125532,12/12/2025,CHI,VEN,503,ASISTENCIA,VISITANTE,2,"TORRES, DEIKER",4,2:10,59,77
125532,12/12/2025,CHI,VEN,504,CANASTA-1P,VISITANTE,14,"GUTIERREZ, KEVIN",4,2:10,59,78
125532,12/12/2025,CHI,VEN,505,CANASTA-2P,LOCAL,10,"SARAVIA, FRANCISCO",4,1:52,61,78
125532,12/12/2025,CHI,VEN,506,TIRO2-FALLADO,VISITANTE,3,"VASQUEZ, JULIO",4,1:33,61,78
125532,12/12/2025,CHI,VEN,507,TAPON-COMETIDO,LOCAL,17,"QUEZADA, MAXIMILIANO",4,1:33,61,78
125532,12/12/2025,CHI,VEN,508,REBOTE-OFENSIVO,VISITANTE,,,4,1:26,61,78
125532,12/12/2025,CHI,VEN,509,TIRO2-FALLADO,VISITANTE,3,"VASQUEZ, JULIO",4,1:26,61,78
125532,12/12/2025,CHI,VEN,510,REBOTE-DEFENSIVO,LOCAL,17,"QUEZADA, MAXIMILIANO",4,1:26,61,78
125532,12/12/2025,CHI,VEN,511,TIRO2-FALLADO,LOCAL,10,"SARAVIA, FRANCISCO",4,1:23,61,78
125532,12/12/2025,CHI,VEN,512,REBOTE-DEFENSIVO,VISITANTE,7,"LARA, JOSE",4,1:20,61,78
125532,12/12/2025,CHI,VEN,513,CANASTA-2P,VISITANTE,14,"GUTIERREZ, KEVIN",4,1:06,61,80
125532,12/12/2025,CHI,VEN,514,ASISTENCIA,VISITANTE,2,"TORRES, DEIKER",4,1:06,61,80
125532,12/12/2025,CHI,VEN,515,TIEMPO-MUERTO-SOLICITADO,LOCAL,,,4,1:02,61,80
125532,12/12/2025,CHI,VEN,516,TIRO2-FALLADO,LOCAL,1,"PACHANO, GABRIEL",4,0:42,61,80
125532,12/12/2025,CHI,VEN,517,TIEMPO-MUERTO-SOLICITADO,LOCAL,,,4,0:42,61,80
125532,12/12/2025,CHI,VEN,518,TIEMPO-MUERTO-SOLICITADO,VISITANTE,,,4,0:39,61,80
125532,12/12/2025,CHI,VEN,519,CAMBIO-JUGADOR-SALE,LOCAL,17,"QUEZADA, MAXIMILIANO",4,0:39,61,80
125532,12/12/2025,CHI,VEN,520,CAMBIO-JUGADOR-ENTRA,LOCAL,7,"PINO, TOMAS",4,0:39,61,80
125532,12/12/2025,CHI,VEN,521,FALTA-COMETIDA,LOCAL,2,"LA RIVERA, TOMAS",4,0:27,61,80
125532,12/12/2025,CHI,VEN,522,FALTA-RECIBIDA,VISITANTE,2,"TORRES, DEIKER",4,0:27,61,80
125532,12/12/2025,CHI,VEN,523,CANASTA-1P,VISITANTE,2,"TORRES, DEIKER",4,0:27,61,81
125532,12/12/2025,CHI,VEN,524,CANASTA-1P,VISITANTE,2,"TORRES, DEIKER",4,0:27,61,82
125532,12/12/2025,CHI,VEN,525,TIEMPO-MUERTO-SOLICITADO,LOCAL,,,4,0:27,61,82
125532,12/12/2025,CHI,VEN,526,CAMBIO-JUGADOR-SALE,LOCAL,7,"PINO, TOMAS",4,0:27,61,82
125532,12/12/2025,CHI,VEN,527,CAMBIO-JUGADOR-ENTRA,LOCAL,17,"QUEZADA, MAXIMILIANO",4,0:27,61,82
125532,12/12/2025,CHI,VEN,528,CANASTA-3P,LOCAL,15,"VELÁSQUEZ, MATEO",4,0:21,64,82
125532,12/12/2025,CHI,VEN,529,ASISTENCIA,LOCAL,10,"SARAVIA, FRANCISCO",4,0:21,64,82
125532,12/12/2025,CHI,VEN,530,TIEMPO-MUERTO-SOLICITADO,VISITANTE,,,4,0:21,64,82
125532,12/12/2025,CHI,VEN,531,VTR,VISITANTE,,,4,0:21,64,82
125532,12/12/2025,CHI,VEN,532,CAMBIO-JUGADOR-SALE,LOCAL,17,"QUEZADA, MAXIMILIANO",4,0:21,64,82
125532,12/12/2025,CHI,VEN,533,CAMBIO-JUGADOR-ENTRA,LOCAL,0,"MUSRRI, LUIS",4,0:21,64,82
125532,12/12/2025,CHI,VEN,534,CAMBIO-JUGADOR-SALE,VISITANTE,14,"GUTIERREZ, KEVIN",4,0:21,64,82
125532,12/12/2025,CHI,VEN,535,CAMBIO-JUGADOR-ENTRA,VISITANTE,4,"SEGOVIA, RICHARD",4,0:21,64,82
125532,12/12/2025,CHI,VEN,536,FALTA-COMETIDA,LOCAL,0,"MUSRRI, LUIS",4,0:19,64,82
125532,12/12/2025,CHI,VEN,537,FALTA-RECIBIDA,VISITANTE,2,"TORRES, DEIKER",4,0:19,64,82
125532,12/12/2025,CHI,VEN,538,CAMBIO-JUGADOR-SALE,VISITANTE,4,"SEGOVIA, RICHARD",4,0:19,64,82
125532,12/12/2025,CHI,VEN,539,CAMBIO-JUGADOR-ENTRA,VISITANTE,14,"GUTIERREZ, KEVIN",4,0:19,64,82
125532,12/12/2025,CHI,VEN,540,CAMBIO-JUGADOR-SALE,LOCAL,1,"PACHANO, GABRIEL",4,0:19,64,82
125532,12/12/2025,CHI,VEN,541,CAMBIO-JUGADOR-ENTRA,LOCAL,17,"QUEZADA, MAXIMILIANO",4,0:19,64,82
125532,12/12/2025,CHI,VEN,542,CANASTA-1P,VISITANTE,2,"TORRES, DEIKER",4,0:19,64,83
125532,12/12/2025,CHI,VEN,543,TIRO1-FALLADO,VISITANTE,2,"TORRES, DEIKER",4,0:19,64,83
125532,12/12/2025,CHI,VEN,544,REBOTE-DEFENSIVO,LOCAL,15,"VELÁSQUEZ, MATEO",4,0:19,64,83
125532,12/12/2025,CHI,VEN,545,TIRO3-FALLADO,LOCAL,10,"SARAVIA, FRANCISCO",4,0:03,64,83
125532,12/12/2025,CHI,VEN,546,FINAL-PERIODO,,,,4,0:00,64,83
125532,12/12/2025,CHI,VEN,547,FINAL-PARTIDO,,,,4,0:00,64,83
130826,13/12/2025,COL,PAR,0,INICIO-PARTIDO,,,,1,10:00,0,0
130826,13/12/2025,COL,PAR,1,INICIO-PERIODO,,,,1,10:00,0,0
130826,13/12/2025,COL,PAR,2,CAMBIO-JUGADOR-ENTRA,LOCAL,5,"RESTREPO, LEONARDO",1,10:00,0,0
130826,13/12/2025,COL,PAR,3,CAMBIO-JUGADOR-ENTRA,LOCAL,7,"BERNAL, MATTHEW",1,10:00,0,0
130826,13/12/2025,COL,PAR,4,CAMBIO-JUGADOR-ENTRA,LOCAL,10,"MATEUS, ANDRES",1,10:00,0,0
130826,13/12/2025,COL,PAR,5,CAMBIO-JUGADOR-ENTRA,LOCAL,14,"CAICEDO, YANSEM",1,10:00,0,0
130826,13/12/2025,COL,PAR,6,CAMBIO-JUGADOR-ENTRA,LOCAL,59,"BETANCURT, JULIAN",1,10:00,0,0
130826,13/12/2025,COL,PAR,7,CAMBIO-JUGADOR-ENTRA,VISITANTE,3,"RADICE, ROBERTO",1,10:00,0,0
130826,13/12/2025,COL,PAR,8,CAMBIO-JUGADOR-ENTRA,VISITANTE,5,"VERA, LUIS",1,10:00,0,0
130826,13/12/2025,COL,PAR,9,CAMBIO-JUGADOR-ENTRA,VISITANTE,6,"TALAVERA, ALEJANDRO",1,10:00,0,0
130826,13/12/2025,COL,PAR,10,CAMBIO-JUGADOR-ENTRA,VISITANTE,14,"ESCURRA, MAURICIO",1,10:00,0,0
130826,13/12/2025,COL,PAR,11,CAMBIO-JUGADOR-ENTRA,VISITANTE,21,"GONZALEZ, NESTOR",1,10:00,0,0
130826,13/12/2025,COL,PAR,12,JUMP-BALL,,,,1,10:00,0,0
130826,13/12/2025,COL,PAR,13,JUMP-BALL,VISITANTE,21,"GONZALEZ, NESTOR",1,9:59,0,0
130826,13/12/2025,COL,PAR,14,JUMP-BALL,LOCAL,10,"MATEUS, ANDRES",1,9:59,0,0
130826,13/12/2025,COL,PAR,15,TIRO2-FALLADO,VISITANTE,21,"GONZALEZ, NESTOR",1,9:46,0,0
130826,13/12/2025,COL,PAR,16,REBOTE-DEFENSIVO,LOCAL,5,"RESTREPO, LEONARDO",1,9:41,0,0
130826,13/12/2025,COL,PAR,17,TIRO3-FALLADO,LOCAL,5,"RESTREPO, LEONARDO",1,9:39,0,0
130826,13/12/2025,COL,PAR,18,REBOTE-OFENSIVO,LOCAL,,,1,9:36,0,0
130826,13/12/2025,COL,PAR,19,TIRO2-FALLADO,LOCAL,7,"BERNAL, MATTHEW",1,9:25,0,0
130826,13/12/2025,COL,PAR,20,REBOTE-OFENSIVO,LOCAL,59,"BETANCURT, JULIAN",1,9:21,0,0
130826,13/12/2025,COL,PAR,21,CANASTA-2P,LOCAL,59,"BETANCURT, JULIAN",1,9:20,2,0
130826,13/12/2025,COL,PAR,22,TIRO2-FALLADO,VISITANTE,21,"GONZALEZ, NESTOR",1,9:10,2,0
130826,13/12/2025,COL,PAR,23,REBOTE-DEFENSIVO,LOCAL,5,"RESTREPO, LEONARDO",1,9:06,2,0
130826,13/12/2025,COL,PAR,24,PERDIDA,LOCAL,5,"RESTREPO, LEONARDO",1,8:59,2,0
130826,13/12/2025,COL,PAR,25,TIRO2-FALLADO,VISITANTE,21,"GONZALEZ, NESTOR",1,8:46,2,0
130826,13/12/2025,COL,PAR,26,REBOTE-DEFENSIVO,LOCAL,10,"MATEUS, ANDRES",1,8:43,2,0
130826,13/12/2025,COL,PAR,27,FALTA-COMETIDA,VISITANTE,21,"GONZALEZ, NESTOR",1,8:32,2,0
130826,13/12/2025,COL,PAR,28,FALTA-RECIBIDA,LOCAL,10,"MATEUS, ANDRES",1,8:32,2,0
130826,13/12/2025,COL,PAR,29,CANASTA-1P,LOCAL,10,"MATEUS, ANDRES",1,8:32,3,0
130826,13/12/2025,COL,PAR,30,ASISTENCIA,LOCAL,14,"CAICEDO, YANSEM",1,8:32,3,0
130826,13/12/2025,COL,PAR,31,CANASTA-1P,LOCAL,10,"MATEUS, ANDRES",1,8:32,4,0
130826,13/12/2025,COL,PAR,32,TIRO3-FALLADO,VISITANTE,6,"TALAVERA, ALEJANDRO",1,8:12,4,0
130826,13/12/2025,COL,PAR,33,REBOTE-DEFENSIVO,LOCAL,59,"BETANCURT, JULIAN",1,8:08,4,0
130826,13/12/2025,COL,PAR,34,CANASTA-2P,LOCAL,7,"BERNAL, MATTHEW",1,7:59,6,0
130826,13/12/2025,COL,PAR,35,CANASTA-3P,VISITANTE,3,"RADICE, ROBERTO",1,7:36,6,3
130826,13/12/2025,COL,PAR,36,ASISTENCIA,VISITANTE,5,"VERA, LUIS",1,7:36,6,3
130826,13/12/2025,COL,PAR,37,FALTA-COMETIDA,LOCAL,14,"CAICEDO, YANSEM",1,7:36,6,3
130826,13/12/2025,COL,PAR,38,FALTA-RECIBIDA,VISITANTE,3,"RADICE, ROBERTO",1,7:36,6,3
130826,13/12/2025,COL,PAR,39,CANASTA-1P,VISITANTE,3,"RADICE, ROBERTO",1,7:36,6,4
130826,13/12/2025,COL,PAR,40,TIRO3-FALLADO,LOCAL,14,"CAICEDO, YANSEM",1,7:17,6,4
130826,13/12/2025,COL,PAR,41,REBOTE-DEFENSIVO,VISITANTE,5,"VERA, LUIS",1,7:14,6,4
130826,13/12/2025,COL,PAR,42,TIRO3-FALLADO,VISITANTE,14,"ESCURRA, MAURICIO",1,7:10,6,4
130826,13/12/2025,COL,PAR,43,REBOTE-DEFENSIVO,LOCAL,10,"MATEUS, ANDRES",1,7:07,6,4
130826,13/12/2025,COL,PAR,44,TIRO2-FALLADO,LOCAL,59,"BETANCURT, JULIAN",1,6:48,6,4
130826,13/12/2025,COL,PAR,45,REBOTE-DEFENSIVO,VISITANTE,14,"ESCURRA, MAURICIO",1,6:45,6,4
130826,13/12/2025,COL,PAR,46,PERDIDA,VISITANTE,14,"ESCURRA, MAURICIO",1,6:42,6,4
130826,13/12/2025,COL,PAR,47,RECUPERACION,LOCAL,10,"MATEUS, ANDRES",1,6:42,6,4
130826,13/12/2025,COL,PAR,48,TIRO3-FALLADO,LOCAL,7,"BERNAL, MATTHEW",1,6:21,6,4
130826,13/12/2025,COL,PAR,49,REBOTE-OFENSIVO,LOCAL,,,1,6:19,6,4
130826,13/12/2025,COL,PAR,50,TIRO2-FALLADO,LOCAL,14,"CAICEDO, YANSEM",1,6:11,6,4
130826,13/12/2025,COL,PAR,51,REBOTE-DEFENSIVO,VISITANTE,6,"TALAVERA, ALEJANDRO",1,6:07,6,4
130826,13/12/2025,COL,PAR,52,TIRO3-FALLADO,VISITANTE,3,"RADICE, ROBERTO",1,6:04,6,4
130826,13/12/2025,COL,PAR,53,REBOTE-DEFENSIVO,LOCAL,59,"BETANCURT, JULIAN",1,5:59,6,4
130826,13/12/2025,COL,PAR,54,FALTA-COMETIDA,VISITANTE,21,"GONZALEZ, NESTOR",1,5:44,6,4
130826,13/12/2025,COL,PAR,55,FALTA-RECIBIDA,LOCAL,10,"MATEUS, ANDRES",1,5:44,6,4
130826,13/12/2025,COL,PAR,56,CAMBIO-JUGADOR-SALE,VISITANTE,21,"GONZALEZ, NESTOR",1,5:44,6,4
130826,13/12/2025,COL,PAR,57,CAMBIO-JUGADOR-ENTRA,VISITANTE,15,"HACHEN, RICHARD",1,5:44,6,4
130826,13/12/2025,COL,PAR,58,CANASTA-1P,LOCAL,10,"MATEUS, ANDRES",1,5:44,7,4
130826,13/12/2025,COL,PAR,59,ASISTENCIA,LOCAL,59,"BETANCURT, JULIAN",1,5:44,7,4
130826,13/12/2025,COL,PAR,60,TIRO1-FALLADO,LOCAL,10,"MATEUS, ANDRES",1,5:44,7,4
130826,13/12/2025,COL,PAR,61,REBOTE-DEFENSIVO,VISITANTE,15,"HACHEN, RICHARD",1,5:44,7,4
130826,13/12/2025,COL,PAR,62,CANASTA-3P,VISITANTE,14,"ESCURRA, MAURICIO",1,5:33,7,7
130826,13/12/2025,COL,PAR,63,ASISTENCIA,VISITANTE,3,"RADICE, ROBERTO",1,5:33,7,7
130826,13/12/2025,COL,PAR,64,PERDIDA,LOCAL,5,"RESTREPO, LEONARDO",1,5:19,7,7
130826,13/12/2025,COL,PAR,65,RECUPERACION,VISITANTE,15,"HACHEN, RICHARD",1,5:19,7,7
130826,13/12/2025,COL,PAR,66,FALTA-COMETIDA,LOCAL,59,"BETANCURT, JULIAN",1,5:16,7,7
130826,13/12/2025,COL,PAR,67,FALTA-RECIBIDA,VISITANTE,14,"ESCURRA, MAURICIO",1,5:16,7,7
130826,13/12/2025,COL,PAR,68,CAMBIO-JUGADOR-SALE,LOCAL,59,"BETANCURT, JULIAN",1,5:16,7,7
130826,13/12/2025,COL,PAR,69,CAMBIO-JUGADOR-ENTRA,LOCAL,8,"SUAREZ, EZEKIEL",1,5:16,7,7
130826,13/12/2025,COL,PAR,70,TIRO3-FALLADO,VISITANTE,14,"ESCURRA, MAURICIO",1,5:09,7,7
130826,13/12/2025,COL,PAR,71,REBOTE-DEFENSIVO,LOCAL,5,"RESTREPO, LEONARDO",1,5:06,7,7
130826,13/12/2025,COL,PAR,72,TIRO2-FALLADO,LOCAL,5,"RESTREPO, LEONARDO",1,5:03,7,7
130826,13/12/2025,COL,PAR,73,REBOTE-DEFENSIVO,VISITANTE,15,"HACHEN, RICHARD",1,5:00,7,7
130826,13/12/2025,COL,PAR,74,PERDIDA,VISITANTE,15,"HACHEN, RICHARD",1,4:59,7,7
130826,13/12/2025,COL,PAR,75,RECUPERACION,LOCAL,5,"RESTREPO, LEONARDO",1,4:59,7,7
130826,13/12/2025,COL,PAR,76,CAMBIO-JUGADOR-SALE,LOCAL,14,"CAICEDO, YANSEM",1,4:35,7,7
130826,13/12/2025,COL,PAR,77,CAMBIO-JUGADOR-ENTRA,LOCAL,4,"SANCHEZ, ALEJANDRO",1,4:35,7,7
130826,13/12/2025,COL,PAR,78,TIRO3-FALLADO,LOCAL,4,"SANCHEZ, ALEJANDRO",1,4:35,7,7
130826,13/12/2025,COL,PAR,79,REBOTE-DEFENSIVO,VISITANTE,15,"HACHEN, RICHARD",1,4:35,7,7
130826,13/12/2025,COL,PAR,80,FALTA-COMETIDA,LOCAL,7,"BERNAL, MATTHEW",1,4:32,7,7
130826,13/12/2025,COL,PAR,81,FALTA-RECIBIDA,VISITANTE,15,"HACHEN, RICHARD",1,4:32,7,7
130826,13/12/2025,COL,PAR,82,CAMBIO-JUGADOR-SALE,LOCAL,10,"MATEUS, ANDRES",1,4:25,7,7
130826,13/12/2025,COL,PAR,83,CAMBIO-JUGADOR-ENTRA,LOCAL,83,"OROZCO, ANGEL",1,4:25,7,7
130826,13/12/2025,COL,PAR,84,TIRO1-FALLADO,VISITANTE,15,"HACHEN, RICHARD",1,4:25,7,7
130826,13/12/2025,COL,PAR,85,CANASTA-1P,VISITANTE,15,"HACHEN, RICHARD",1,4:25,7,8
130826,13/12/2025,COL,PAR,86,TIRO2-FALLADO,LOCAL,7,"BERNAL, MATTHEW",1,4:11,7,8
130826,13/12/2025,COL,PAR,87,REBOTE-OFENSIVO,LOCAL,8,"SUAREZ, EZEKIEL",1,4:06,7,8
130826,13/12/2025,COL,PAR,88,CANASTA-2P,LOCAL,8,"SUAREZ, EZEKIEL",1,4:04,9,8
130826,13/12/2025,COL,PAR,89,TIRO3-FALLADO,VISITANTE,6,"TALAVERA, ALEJANDRO",1,3:46,9,8
130826,13/12/2025,COL,PAR,90,REBOTE-OFENSIVO,VISITANTE,15,"HACHEN, RICHARD",1,3:43,9,8
130826,13/12/2025,COL,PAR,91,TIRO2-FALLADO,VISITANTE,15,"HACHEN, RICHARD",1,3:38,9,8
130826,13/12/2025,COL,PAR,92,REBOTE-DEFENSIVO,LOCAL,8,"SUAREZ, EZEKIEL",1,3:35,9,8
130826,13/12/2025,COL,PAR,93,PERDIDA,LOCAL,8,"SUAREZ, EZEKIEL",1,3:32,9,8
130826,13/12/2025,COL,PAR,94,RECUPERACION,VISITANTE,14,"ESCURRA, MAURICIO",1,3:32,9,8
130826,13/12/2025,COL,PAR,95,CANASTA-2P,VISITANTE,14,"ESCURRA, MAURICIO",1,3:27,9,10
130826,13/12/2025,COL,PAR,96,FALTA-COMETIDA,VISITANTE,6,"TALAVERA, ALEJANDRO",1,3:03,9,10
130826,13/12/2025,COL,PAR,97,FALTA-RECIBIDA,LOCAL,7,"BERNAL, MATTHEW",1,3:03,9,10
130826,13/12/2025,COL,PAR,98,CAMBIO-JUGADOR-SALE,LOCAL,5,"RESTREPO, LEONARDO",1,3:03,9,10
130826,13/12/2025,COL,PAR,99,CAMBIO-JUGADOR-ENTRA,LOCAL,24,"HERNANDEZ, ANDRES",1,3:03,9,10
130826,13/12/2025,COL,PAR,100,CAMBIO-JUGADOR-SALE,VISITANTE,5,"VERA, LUIS",1,3:03,9,10
130826,13/12/2025,COL,PAR,101,CAMBIO-JUGADOR-ENTRA,VISITANTE,7,"IRALA, MATEO",1,3:03,9,10
130826,13/12/2025,COL,PAR,102,CANASTA-1P,LOCAL,7,"BERNAL, MATTHEW",1,3:03,10,10
130826,13/12/2025,COL,PAR,103,TIRO1-FALLADO,LOCAL,7,"BERNAL, MATTHEW",1,3:03,10,10
130826,13/12/2025,COL,PAR,104,REBOTE-DEFENSIVO,VISITANTE,15,"HACHEN, RICHARD",1,3:03,10,10
130826,13/12/2025,COL,PAR,105,TIRO2-FALLADO,VISITANTE,14,"ESCURRA, MAURICIO",1,2:55,10,10
130826,13/12/2025,COL,PAR,106,TAPON-COMETIDO,LOCAL,83,"OROZCO, ANGEL",1,2:55,10,10
130826,13/12/2025,COL,PAR,107,REBOTE-DEFENSIVO,LOCAL,7,"BERNAL, MATTHEW",1,2:50,10,10
130826,13/12/2025,COL,PAR,108,TIRO3-FALLADO,LOCAL,24,"HERNANDEZ, ANDRES",1,2:38,10,10
130826,13/12/2025,COL,PAR,109,REBOTE-DEFENSIVO,VISITANTE,14,"ESCURRA, MAURICIO",1,2:33,10,10
130826,13/12/2025,COL,PAR,110,TIRO2-FALLADO,VISITANTE,6,"TALAVERA, ALEJANDRO",1,2:19,10,10
130826,13/12/2025,COL,PAR,111,TAPON-COMETIDO,LOCAL,83,"OROZCO, ANGEL",1,2:19,10,10
130826,13/12/2025,COL,PAR,112,REBOTE-DEFENSIVO,LOCAL,7,"BERNAL, MATTHEW",1,2:13,10,10
130826,13/12/2025,COL,PAR,113,PERDIDA,LOCAL,7,"BERNAL, MATTHEW",1,2:11,10,10
130826,13/12/2025,COL,PAR,114,TIEMPO-MUERTO-SOLICITADO,VISITANTE,,,1,2:11,10,10
130826,13/12/2025,COL,PAR,115,CAMBIO-JUGADOR-SALE,LOCAL,7,"BERNAL, MATTHEW",1,2:11,10,10
130826,13/12/2025,COL,PAR,116,CAMBIO-JUGADOR-ENTRA,LOCAL,59,"BETANCURT, JULIAN",1,2:11,10,10
130826,13/12/2025,COL,PAR,117,TIRO2-FALLADO,VISITANTE,15,"HACHEN, RICHARD",1,1:56,10,10
130826,13/12/2025,COL,PAR,118,REBOTE-OFENSIVO,VISITANTE,14,"ESCURRA, MAURICIO",1,1:53,10,10
130826,13/12/2025,COL,PAR,119,TIRO2-FALLADO,VISITANTE,14,"ESCURRA, MAURICIO",1,1:52,10,10
130826,13/12/2025,COL,PAR,120,REBOTE-DEFENSIVO,LOCAL,24,"HERNANDEZ, ANDRES",1,1:48,10,10
130826,13/12/2025,COL,PAR,121,CANASTA-3P,LOCAL,8,"SUAREZ, EZEKIEL",1,1:43,13,10
130826,13/12/2025,COL,PAR,122,ASISTENCIA,LOCAL,59,"BETANCURT, JULIAN",1,1:43,13,10
130826,13/12/2025,COL,PAR,123,PERDIDA,VISITANTE,15,"HACHEN, RICHARD",1,1:29,13,10
130826,13/12/2025,COL,PAR,124,RECUPERACION,LOCAL,8,"SUAREZ, EZEKIEL",1,1:29,13,10
130826,13/12/2025,COL,PAR,125,FALTA-COMETIDA,VISITANTE,14,"ESCURRA, MAURICIO",1,1:21,13,10
130826,13/12/2025,COL,PAR,126,FALTA-RECIBIDA,LOCAL,4,"SANCHEZ, ALEJANDRO",1,1:21,13,10
130826,13/12/2025,COL,PAR,127,CAMBIO-JUGADOR-SALE,VISITANTE,14,"ESCURRA, MAURICIO",1,1:21,13,10
130826,13/12/2025,COL,PAR,128,CAMBIO-JUGADOR-ENTRA,VISITANTE,10,"DOMINGUEZ, EVERT",1,1:21,13,10
130826,13/12/2025,COL,PAR,129,CANASTA-1P,LOCAL,4,"SANCHEZ, ALEJANDRO",1,1:21,14,10
130826,13/12/2025,COL,PAR,130,CANASTA-1P,LOCAL,4,"SANCHEZ, ALEJANDRO",1,1:21,15,10
130826,13/12/2025,COL,PAR,131,CANASTA-2P,VISITANTE,6,"TALAVERA, ALEJANDRO",1,0:59,15,12
130826,13/12/2025,COL,PAR,132,PERDIDA,LOCAL,59,"BETANCURT, JULIAN",1,0:49,15,12
130826,13/12/2025,COL,PAR,133,RECUPERACION,VISITANTE,7,"IRALA, MATEO",1,0:49,15,12
130826,13/12/2025,COL,PAR,134,FALTA-COMETIDA,LOCAL,59,"BETANCURT, JULIAN",1,0:47,15,12
130826,13/12/2025,COL,PAR,135,FALTA-RECIBIDA,VISITANTE,7,"IRALA, MATEO",1,0:47,15,12
130826,13/12/2025,COL,PAR,136,PERDIDA,VISITANTE,6,"TALAVERA, ALEJANDRO",1,0:41,15,12
130826,13/12/2025,COL,PAR,137,CANASTA-2P,LOCAL,4,"SANCHEZ, ALEJANDRO",1,0:26,17,12
130826,13/12/2025,COL,PAR,138,ASISTENCIA,LOCAL,24,"HERNANDEZ, ANDRES",1,0:26,17,12
130826,13/12/2025,COL,PAR,139,PERDIDA,VISITANTE,10,"DOMINGUEZ, EVERT",1,0:12,17,12
130826,13/12/2025,COL,PAR,140,CANASTA-2P,LOCAL,24,"HERNANDEZ, ANDRES",1,0:04,19,12
130826,13/12/2025,COL,PAR,141,FINAL-PERIODO,,,,1,0:00,19,12
130826,13/12/2025,COL,PAR,142,CAMBIO-JUGADOR-SALE,LOCAL,24,"HERNANDEZ, ANDRES",2,10:00,19,12
130826,13/12/2025,COL,PAR,143,CAMBIO-JUGADOR-SALE,LOCAL,59,"BETANCURT, JULIAN",2,10:00,19,12
130826,13/12/2025,COL,PAR,144,CAMBIO-JUGADOR-SALE,LOCAL,83,"OROZCO, ANGEL",2,10:00,19,12
130826,13/12/2025,COL,PAR,145,CAMBIO-JUGADOR-ENTRA,LOCAL,5,"RESTREPO, LEONARDO",2,10:00,19,12
130826,13/12/2025,COL,PAR,146,CAMBIO-JUGADOR-ENTRA,LOCAL,7,"BERNAL, MATTHEW",2,10:00,19,12
130826,13/12/2025,COL,PAR,147,CAMBIO-JUGADOR-ENTRA,LOCAL,32,"RIOS, SANTIAGO",2,10:00,19,12
130826,13/12/2025,COL,PAR,148,CAMBIO-JUGADOR-SALE,VISITANTE,7,"IRALA, MATEO",2,10:00,19,12
130826,13/12/2025,COL,PAR,149,CAMBIO-JUGADOR-SALE,VISITANTE,15,"HACHEN, RICHARD",2,10:00,19,12
130826,13/12/2025,COL,PAR,150,CAMBIO-JUGADOR-ENTRA,VISITANTE,5,"VERA, LUIS",2,10:00,19,12
130826,13/12/2025,COL,PAR,151,CAMBIO-JUGADOR-ENTRA,VISITANTE,21,"GONZALEZ, NESTOR",2,10:00,19,12
130826,13/12/2025,COL,PAR,152,INICIO-PERIODO,,,,2,10:00,19,12
130826,13/12/2025,COL,PAR,153,TIRO3-FALLADO,LOCAL,7,"BERNAL, MATTHEW",2,9:47,19,12
130826,13/12/2025,COL,PAR,154,REBOTE-DEFENSIVO,VISITANTE,,,2,9:46,19,12
130826,13/12/2025,COL,PAR,155,CANASTA-3P,VISITANTE,5,"VERA, LUIS",2,9:33,19,15
130826,13/12/2025,COL,PAR,156,ASISTENCIA,VISITANTE,21,"GONZALEZ, NESTOR",2,9:33,19,15
130826,13/12/2025,COL,PAR,157,TIRO2-FALLADO,LOCAL,7,"BERNAL, MATTHEW",2,9:03,19,15
130826,13/12/2025,COL,PAR,158,REBOTE-DEFENSIVO,VISITANTE,6,"TALAVERA, ALEJANDRO",2,8:59,19,15
130826,13/12/2025,COL,PAR,159,TIRO3-FALLADO,VISITANTE,10,"DOMINGUEZ, EVERT",2,8:56,19,15
130826,13/12/2025,COL,PAR,160,REBOTE-DEFENSIVO,LOCAL,7,"BERNAL, MATTHEW",2,8:50,19,15
130826,13/12/2025,COL,PAR,161,CANASTA-2P,LOCAL,32,"RIOS, SANTIAGO",2,8:40,21,15
130826,13/12/2025,COL,PAR,162,ASISTENCIA,LOCAL,7,"BERNAL, MATTHEW",2,8:40,21,15
130826,13/12/2025,COL,PAR,163,PERDIDA,VISITANTE,21,"GONZALEZ, NESTOR",2,8:35,21,15
130826,13/12/2025,COL,PAR,164,CANASTA-2P,LOCAL,7,"BERNAL, MATTHEW",2,8:27,23,15
130826,13/12/2025,COL,PAR,165,TIRO2-FALLADO,VISITANTE,6,"TALAVERA, ALEJANDRO",2,8:13,23,15
130826,13/12/2025,COL,PAR,166,REBOTE-DEFENSIVO,LOCAL,7,"BERNAL, MATTHEW",2,8:09,23,15
130826,13/12/2025,COL,PAR,167,FALTA-COMETIDA,VISITANTE,6,"TALAVERA, ALEJANDRO",2,8:09,23,15
130826,13/12/2025,COL,PAR,168,FALTA-RECIBIDA,LOCAL,7,"BERNAL, MATTHEW",2,8:09,23,15
130826,13/12/2025,COL,PAR,169,CAMBIO-JUGADOR-SALE,VISITANTE,3,"RADICE, ROBERTO",2,8:09,23,15
130826,13/12/2025,COL,PAR,170,CAMBIO-JUGADOR-SALE,VISITANTE,10,"DOMINGUEZ, EVERT",2,8:09,23,15
130826,13/12/2025,COL,PAR,171,CAMBIO-JUGADOR-ENTRA,VISITANTE,14,"ESCURRA, MAURICIO",2,8:09,23,15
130826,13/12/2025,COL,PAR,172,CAMBIO-JUGADOR-ENTRA,VISITANTE,81,"CUELLAR, EZEQUIEL",2,8:09,23,15
130826,13/12/2025,COL,PAR,173,TIRO3-FALLADO,LOCAL,32,"RIOS, SANTIAGO",2,7:55,23,15
130826,13/12/2025,COL,PAR,174,REBOTE-DEFENSIVO,VISITANTE,14,"ESCURRA, MAURICIO",2,7:51,23,15
130826,13/12/2025,COL,PAR,175,FALTA-COMETIDA,LOCAL,4,"SANCHEZ, ALEJANDRO",2,7:48,23,15
130826,13/12/2025,COL,PAR,176,FALTA-RECIBIDA,VISITANTE,14,"ESCURRA, MAURICIO",2,7:48,23,15
130826,13/12/2025,COL,PAR,177,CAMBIO-JUGADOR-SALE,LOCAL,4,"SANCHEZ, ALEJANDRO",2,7:48,23,15
130826,13/12/2025,COL,PAR,178,CAMBIO-JUGADOR-ENTRA,LOCAL,10,"MATEUS, ANDRES",2,7:48,23,15
130826,13/12/2025,COL,PAR,179,PERDIDA,VISITANTE,5,"VERA, LUIS",2,7:46,23,15
130826,13/12/2025,COL,PAR,180,CANASTA-2P,LOCAL,5,"RESTREPO, LEONARDO",2,7:32,25,15
130826,13/12/2025,COL,PAR,181,FALTA-COMETIDA,LOCAL,8,"SUAREZ, EZEKIEL",2,7:14,25,15
130826,13/12/2025,COL,PAR,182,FALTA-RECIBIDA,VISITANTE,21,"GONZALEZ, NESTOR",2,7:14,25,15
130826,13/12/2025,COL,PAR,183,TIRO1-FALLADO,VISITANTE,21,"GONZALEZ, NESTOR",2,7:14,25,15
130826,13/12/2025,COL,PAR,184,TIRO1-FALLADO,VISITANTE,21,"GONZALEZ, NESTOR",2,7:14,25,15
130826,13/12/2025,COL,PAR,185,REBOTE-DEFENSIVO,LOCAL,10,"MATEUS, ANDRES",2,7:14,25,15
130826,13/12/2025,COL,PAR,186,TIRO3-FALLADO,LOCAL,7,"BERNAL, MATTHEW",2,6:51,25,15
130826,13/12/2025,COL,PAR,187,REBOTE-OFENSIVO,LOCAL,,,2,6:47,25,15
130826,13/12/2025,COL,PAR,188,TIRO3-FALLADO,LOCAL,8,"SUAREZ, EZEKIEL",2,6:46,25,15
130826,13/12/2025,COL,PAR,189,REBOTE-DEFENSIVO,VISITANTE,6,"TALAVERA, ALEJANDRO",2,6:41,25,15
130826,13/12/2025,COL,PAR,190,CANASTA-2P,VISITANTE,6,"TALAVERA, ALEJANDRO",2,6:37,25,17
130826,13/12/2025,COL,PAR,191,TIRO3-FALLADO,LOCAL,8,"SUAREZ, EZEKIEL",2,6:18,25,17
130826,13/12/2025,COL,PAR,192,REBOTE-DEFENSIVO,VISITANTE,5,"VERA, LUIS",2,6:15,25,17
130826,13/12/2025,COL,PAR,193,CANASTA-3P,VISITANTE,6,"TALAVERA, ALEJANDRO",2,6:08,25,20
130826,13/12/2025,COL,PAR,194,CANASTA-2P,LOCAL,7,"BERNAL, MATTHEW",2,5:47,27,20
130826,13/12/2025,COL,PAR,195,PERDIDA,VISITANTE,21,"GONZALEZ, NESTOR",2,5:31,27,20
130826,13/12/2025,COL,PAR,196,CAMBIO-JUGADOR-SALE,LOCAL,8,"SUAREZ, EZEKIEL",2,5:31,27,20
130826,13/12/2025,COL,PAR,197,CAMBIO-JUGADOR-SALE,LOCAL,32,"RIOS, SANTIAGO",2,5:31,27,20
130826,13/12/2025,COL,PAR,198,CAMBIO-JUGADOR-ENTRA,LOCAL,6,"BROWN, SALOMON",2,5:31,27,20
130826,13/12/2025,COL,PAR,199,CAMBIO-JUGADOR-ENTRA,LOCAL,59,"BETANCURT, JULIAN",2,5:31,27,20
130826,13/12/2025,COL,PAR,200,CANASTA-2P,LOCAL,7,"BERNAL, MATTHEW",2,5:13,29,20
130826,13/12/2025,COL,PAR,201,CANASTA-2P,VISITANTE,21,"GONZALEZ, NESTOR",2,4:57,29,22
130826,13/12/2025,COL,PAR,202,ASISTENCIA,VISITANTE,5,"VERA, LUIS",2,4:57,29,22
130826,13/12/2025,COL,PAR,203,TIRO3-FALLADO,LOCAL,5,"RESTREPO, LEONARDO",2,4:42,29,22
130826,13/12/2025,COL,PAR,204,REBOTE-OFENSIVO,LOCAL,7,"BERNAL, MATTHEW",2,4:36,29,22
130826,13/12/2025,COL,PAR,205,TIRO2-FALLADO,LOCAL,59,"BETANCURT, JULIAN",2,4:35,29,22
130826,13/12/2025,COL,PAR,206,REBOTE-DEFENSIVO,VISITANTE,6,"TALAVERA, ALEJANDRO",2,4:31,29,22
130826,13/12/2025,COL,PAR,207,TIRO2-FALLADO,VISITANTE,21,"GONZALEZ, NESTOR",2,4:30,29,22
130826,13/12/2025,COL,PAR,208,REBOTE-OFENSIVO,VISITANTE,5,"VERA, LUIS",2,4:26,29,22
130826,13/12/2025,COL,PAR,209,CANASTA-2P,VISITANTE,5,"VERA, LUIS",2,4:25,29,24
130826,13/12/2025,COL,PAR,210,FALTA-COMETIDA,LOCAL,59,"BETANCURT, JULIAN",2,4:25,29,24
130826,13/12/2025,COL,PAR,211,FALTA-RECIBIDA,VISITANTE,5,"VERA, LUIS",2,4:25,29,24
130826,13/12/2025,COL,PAR,212,CAMBIO-JUGADOR-SALE,LOCAL,7,"BERNAL, MATTHEW",2,4:25,29,24
130826,13/12/2025,COL,PAR,213,CAMBIO-JUGADOR-ENTRA,LOCAL,14,"CAICEDO, YANSEM",2,4:25,29,24
130826,13/12/2025,COL,PAR,214,CAMBIO-JUGADOR-SALE,VISITANTE,6,"TALAVERA, ALEJANDRO",2,4:25,29,24
130826,13/12/2025,COL,PAR,215,CAMBIO-JUGADOR-SALE,VISITANTE,81,"CUELLAR, EZEQUIEL",2,4:25,29,24
130826,13/12/2025,COL,PAR,216,CAMBIO-JUGADOR-ENTRA,VISITANTE,3,"RADICE, ROBERTO",2,4:25,29,24
130826,13/12/2025,COL,PAR,217,CAMBIO-JUGADOR-ENTRA,VISITANTE,9,"VAZQUEZ, JUAN",2,4:25,29,24
130826,13/12/2025,COL,PAR,218,TIRO1-FALLADO,VISITANTE,5,"VERA, LUIS",2,4:25,29,24
130826,13/12/2025,COL,PAR,219,REBOTE-DEFENSIVO,LOCAL,10,"MATEUS, ANDRES",2,4:25,29,24
130826,13/12/2025,COL,PAR,220,FALTA-COMETIDA,VISITANTE,5,"VERA, LUIS",2,4:21,29,24
130826,13/12/2025,COL,PAR,221,FALTA-RECIBIDA,LOCAL,5,"RESTREPO, LEONARDO",2,4:21,29,24
130826,13/12/2025,COL,PAR,222,CAMBIO-JUGADOR-SALE,LOCAL,10,"MATEUS, ANDRES",2,4:16,29,24
130826,13/12/2025,COL,PAR,223,CAMBIO-JUGADOR-ENTRA,LOCAL,83,"OROZCO, ANGEL",2,4:16,29,24
130826,13/12/2025,COL,PAR,224,CANASTA-1P,LOCAL,5,"RESTREPO, LEONARDO",2,4:16,30,24
130826,13/12/2025,COL,PAR,225,TIRO1-FALLADO,LOCAL,5,"RESTREPO, LEONARDO",2,4:16,30,24
130826,13/12/2025,COL,PAR,226,REBOTE-DEFENSIVO,VISITANTE,14,"ESCURRA, MAURICIO",2,4:16,30,24
130826,13/12/2025,COL,PAR,227,TIRO2-FALLADO,VISITANTE,21,"GONZALEZ, NESTOR",2,3:59,30,24
130826,13/12/2025,COL,PAR,228,REBOTE-DEFENSIVO,LOCAL,83,"OROZCO, ANGEL",2,3:56,30,24
130826,13/12/2025,COL,PAR,229,TIRO3-FALLADO,LOCAL,14,"CAICEDO, YANSEM",2,3:47,30,24
130826,13/12/2025,COL,PAR,230,REBOTE-DEFENSIVO,VISITANTE,21,"GONZALEZ, NESTOR",2,3:43,30,24
130826,13/12/2025,COL,PAR,231,TIRO3-FALLADO,VISITANTE,21,"GONZALEZ, NESTOR",2,3:34,30,24
130826,13/12/2025,COL,PAR,232,REBOTE-OFENSIVO,VISITANTE,5,"VERA, LUIS",2,3:29,30,24
130826,13/12/2025,COL,PAR,233,CANASTA-2P,VISITANTE,9,"VAZQUEZ, JUAN",2,3:27,30,26
130826,13/12/2025,COL,PAR,234,ASISTENCIA,VISITANTE,5,"VERA, LUIS",2,3:27,30,26
130826,13/12/2025,COL,PAR,235,FALTA-COMETIDA,LOCAL,6,"BROWN, SALOMON",2,3:27,30,26
130826,13/12/2025,COL,PAR,236,FALTA-RECIBIDA,VISITANTE,9,"VAZQUEZ, JUAN",2,3:27,30,26
130826,13/12/2025,COL,PAR,237,CAMBIO-JUGADOR-SALE,LOCAL,59,"BETANCURT, JULIAN",2,3:27,30,26
130826,13/12/2025,COL,PAR,238,CAMBIO-JUGADOR-ENTRA,LOCAL,24,"HERNANDEZ, ANDRES",2,3:27,30,26
130826,13/12/2025,COL,PAR,239,CANASTA-1P,VISITANTE,9,"VAZQUEZ, JUAN",2,3:27,30,27
130826,13/12/2025,COL,PAR,240,PERDIDA,LOCAL,5,"RESTREPO, LEONARDO",2,3:13,30,27
130826,13/12/2025,COL,PAR,241,RECUPERACION,VISITANTE,9,"VAZQUEZ, JUAN",2,3:13,30,27
130826,13/12/2025,COL,PAR,242,CAMBIO-JUGADOR-SALE,LOCAL,5,"RESTREPO, LEONARDO",2,3:03,30,27
130826,13/12/2025,COL,PAR,243,CAMBIO-JUGADOR-ENTRA,LOCAL,4,"SANCHEZ, ALEJANDRO",2,3:03,30,27
130826,13/12/2025,COL,PAR,244,CANASTA-2P,VISITANTE,14,"ESCURRA, MAURICIO",2,2:57,30,29
130826,13/12/2025,COL,PAR,245,ASISTENCIA,VISITANTE,3,"RADICE, ROBERTO",2,2:57,30,29
130826,13/12/2025,COL,PAR,246,TIRO2-FALLADO,LOCAL,24,"HERNANDEZ, ANDRES",2,2:36,30,29
130826,13/12/2025,COL,PAR,247,REBOTE-DEFENSIVO,VISITANTE,21,"GONZALEZ, NESTOR",2,2:33,30,29
130826,13/12/2025,COL,PAR,248,FALTA-COMETIDA,LOCAL,24,"HERNANDEZ, ANDRES",2,2:14,30,29
130826,13/12/2025,COL,PAR,249,FALTA-RECIBIDA,VISITANTE,3,"RADICE, ROBERTO",2,2:14,30,29
130826,13/12/2025,COL,PAR,250,CAMBIO-JUGADOR-SALE,LOCAL,6,"BROWN, SALOMON",2,2:14,30,29
130826,13/12/2025,COL,PAR,251,CAMBIO-JUGADOR-ENTRA,LOCAL,7,"BERNAL, MATTHEW",2,2:14,30,29
130826,13/12/2025,COL,PAR,252,CANASTA-1P,VISITANTE,3,"RADICE, ROBERTO",2,2:14,30,30
130826,13/12/2025,COL,PAR,253,CANASTA-1P,VISITANTE,3,"RADICE, ROBERTO",2,2:14,30,31
130826,13/12/2025,COL,PAR,254,TIRO2-FALLADO,LOCAL,14,"CAICEDO, YANSEM",2,1:57,30,31
130826,13/12/2025,COL,PAR,255,TAPON-COMETIDO,VISITANTE,14,"ESCURRA, MAURICIO",2,1:57,30,31
130826,13/12/2025,COL,PAR,256,REBOTE-DEFENSIVO,VISITANTE,21,"GONZALEZ, NESTOR",2,1:52,30,31
130826,13/12/2025,COL,PAR,257,FALTA-COMETIDA,LOCAL,24,"HERNANDEZ, ANDRES",2,1:48,30,31
130826,13/12/2025,COL,PAR,258,FALTA-RECIBIDA,VISITANTE,3,"RADICE, ROBERTO",2,1:48,30,31
130826,13/12/2025,COL,PAR,259,TIRO1-FALLADO,VISITANTE,3,"RADICE, ROBERTO",2,1:48,30,31
130826,13/12/2025,COL,PAR,260,TIRO1-FALLADO,VISITANTE,3,"RADICE, ROBERTO",2,1:48,30,31
130826,13/12/2025,COL,PAR,261,REBOTE-DEFENSIVO,LOCAL,7,"BERNAL, MATTHEW",2,1:48,30,31
130826,13/12/2025,COL,PAR,262,TIRO2-FALLADO,LOCAL,7,"BERNAL, MATTHEW",2,1:37,30,31
130826,13/12/2025,COL,PAR,263,REBOTE-OFENSIVO,LOCAL,83,"OROZCO, ANGEL",2,1:34,30,31
130826,13/12/2025,COL,PAR,264,CANASTA-3P,LOCAL,4,"SANCHEZ, ALEJANDRO",2,1:31,33,31
130826,13/12/2025,COL,PAR,265,ASISTENCIA,LOCAL,83,"OROZCO, ANGEL",2,1:31,33,31
130826,13/12/2025,COL,PAR,266,TIRO2-FALLADO,VISITANTE,3,"RADICE, ROBERTO",2,1:19,33,31
130826,13/12/2025,COL,PAR,267,TAPON-COMETIDO,LOCAL,83,"OROZCO, ANGEL",2,1:19,33,31
130826,13/12/2025,COL,PAR,268,REBOTE-DEFENSIVO,LOCAL,83,"OROZCO, ANGEL",2,1:14,33,31
130826,13/12/2025,COL,PAR,269,CANASTA-2P,LOCAL,14,"CAICEDO, YANSEM",2,1:06,35,31
130826,13/12/2025,COL,PAR,270,TIEMPO-MUERTO-SOLICITADO,VISITANTE,,,2,1:05,35,31
130826,13/12/2025,COL,PAR,271,PERDIDA,VISITANTE,3,"RADICE, ROBERTO",2,0:50,35,31
130826,13/12/2025,COL,PAR,272,RECUPERACION,LOCAL,83,"OROZCO, ANGEL",2,0:50,35,31
130826,13/12/2025,COL,PAR,273,TIRO2-FALLADO,LOCAL,24,"HERNANDEZ, ANDRES",2,0:31,35,31
130826,13/12/2025,COL,PAR,274,REBOTE-DEFENSIVO,VISITANTE,,,2,0:29,35,31
130826,13/12/2025,COL,PAR,275,TIRO3-FALLADO,VISITANTE,3,"RADICE, ROBERTO",2,0:11,35,31
130826,13/12/2025,COL,PAR,276,REBOTE-DEFENSIVO,LOCAL,7,"BERNAL, MATTHEW",2,0:08,35,31
130826,13/12/2025,COL,PAR,277,FINAL-PERIODO,,,,2,0:00,35,31
130826,13/12/2025,COL,PAR,278,CAMBIO-JUGADOR-SALE,LOCAL,14,"CAICEDO, YANSEM",3,10:00,35,31
130826,13/12/2025,COL,PAR,279,CAMBIO-JUGADOR-SALE,LOCAL,83,"OROZCO, ANGEL",3,10:00,35,31
130826,13/12/2025,COL,PAR,280,CAMBIO-JUGADOR-ENTRA,LOCAL,5,"RESTREPO, LEONARDO",3,10:00,35,31
130826,13/12/2025,COL,PAR,281,CAMBIO-JUGADOR-ENTRA,LOCAL,10,"MATEUS, ANDRES",3,10:00,35,31
130826,13/12/2025,COL,PAR,282,CAMBIO-JUGADOR-SALE,VISITANTE,9,"VAZQUEZ, JUAN",3,10:00,35,31
130826,13/12/2025,COL,PAR,283,CAMBIO-JUGADOR-ENTRA,VISITANTE,6,"TALAVERA, ALEJANDRO",3,10:00,35,31
130826,13/12/2025,COL,PAR,284,INICIO-PERIODO,,,,3,10:00,35,31
130826,13/12/2025,COL,PAR,285,TIRO3-FALLADO,VISITANTE,6,"TALAVERA, ALEJANDRO",3,9:43,35,31
130826,13/12/2025,COL,PAR,286,REBOTE-DEFENSIVO,LOCAL,10,"MATEUS, ANDRES",3,9:38,35,31
130826,13/12/2025,COL,PAR,287,TIRO3-FALLADO,LOCAL,5,"RESTREPO, LEONARDO",3,9:31,35,31
130826,13/12/2025,COL,PAR,288,REBOTE-DEFENSIVO,VISITANTE,14,"ESCURRA, MAURICIO",3,9:27,35,31
130826,13/12/2025,COL,PAR,289,TIRO2-FALLADO,VISITANTE,5,"VERA, LUIS",3,9:09,35,31
130826,13/12/2025,COL,PAR,290,REBOTE-DEFENSIVO,LOCAL,24,"HERNANDEZ, ANDRES",3,9:05,35,31
130826,13/12/2025,COL,PAR,291,TIRO3-FALLADO,LOCAL,5,"RESTREPO, LEONARDO",3,8:51,35,31
130826,13/12/2025,COL,PAR,292,REBOTE-DEFENSIVO,VISITANTE,14,"ESCURRA, MAURICIO",3,8:47,35,31
130826,13/12/2025,COL,PAR,293,TIRO2-FALLADO,VISITANTE,21,"GONZALEZ, NESTOR",3,8:38,35,31
130826,13/12/2025,COL,PAR,294,REBOTE-DEFENSIVO,LOCAL,10,"MATEUS, ANDRES",3,8:35,35,31
130826,13/12/2025,COL,PAR,295,TIRO3-FALLADO,LOCAL,24,"HERNANDEZ, ANDRES",3,8:26,35,31
130826,13/12/2025,COL,PAR,296,REBOTE-DEFENSIVO,VISITANTE,3,"RADICE, ROBERTO",3,8:21,35,31
130826,13/12/2025,COL,PAR,297,TIRO2-FALLADO,VISITANTE,5,"VERA, LUIS",3,8:03,35,31
130826,13/12/2025,COL,PAR,298,REBOTE-DEFENSIVO,LOCAL,10,"MATEUS, ANDRES",3,7:59,35,31
130826,13/12/2025,COL,PAR,299,TIRO2-FALLADO,LOCAL,5,"RESTREPO, LEONARDO",3,7:56,35,31
130826,13/12/2025,COL,PAR,300,REBOTE-DEFENSIVO,VISITANTE,5,"VERA, LUIS",3,7:51,35,31
130826,13/12/2025,COL,PAR,301,PERDIDA,VISITANTE,5,"VERA, LUIS",3,7:50,35,31
130826,13/12/2025,COL,PAR,302,CAMBIO-JUGADOR-SALE,LOCAL,4,"SANCHEZ, ALEJANDRO",3,7:50,35,31
130826,13/12/2025,COL,PAR,303,CAMBIO-JUGADOR-SALE,LOCAL,5,"RESTREPO, LEONARDO",3,7:50,35,31
130826,13/12/2025,COL,PAR,304,CAMBIO-JUGADOR-SALE,LOCAL,7,"BERNAL, MATTHEW",3,7:50,35,31
130826,13/12/2025,COL,PAR,305,CAMBIO-JUGADOR-ENTRA,LOCAL,8,"SUAREZ, EZEKIEL",3,7:50,35,31
130826,13/12/2025,COL,PAR,306,CAMBIO-JUGADOR-ENTRA,LOCAL,14,"CAICEDO, YANSEM",3,7:50,35,31
130826,13/12/2025,COL,PAR,307,CAMBIO-JUGADOR-ENTRA,LOCAL,59,"BETANCURT, JULIAN",3,7:50,35,31
130826,13/12/2025,COL,PAR,308,CANASTA-2P,LOCAL,8,"SUAREZ, EZEKIEL",3,7:40,37,31
130826,13/12/2025,COL,PAR,309,ASISTENCIA,LOCAL,24,"HERNANDEZ, ANDRES",3,7:40,37,31
130826,13/12/2025,COL,PAR,310,CANASTA-2P,VISITANTE,14,"ESCURRA, MAURICIO",3,7:27,37,33
130826,13/12/2025,COL,PAR,311,TIRO2-FALLADO,LOCAL,59,"BETANCURT, JULIAN",3,7:11,37,33
130826,13/12/2025,COL,PAR,312,TAPON-COMETIDO,VISITANTE,5,"VERA, LUIS",3,7:11,37,33
130826,13/12/2025,COL,PAR,313,REBOTE-DEFENSIVO,VISITANTE,6,"TALAVERA, ALEJANDRO",3,7:07,37,33
130826,13/12/2025,COL,PAR,314,CANASTA-2P,VISITANTE,14,"ESCURRA, MAURICIO",3,7:05,37,35
130826,13/12/2025,COL,PAR,315,ASISTENCIA,VISITANTE,6,"TALAVERA, ALEJANDRO",3,7:05,37,35
130826,13/12/2025,COL,PAR,316,CANASTA-3P,LOCAL,24,"HERNANDEZ, ANDRES",3,6:43,40,35
130826,13/12/2025,COL,PAR,317,ASISTENCIA,LOCAL,8,"SUAREZ, EZEKIEL",3,6:43,40,35
130826,13/12/2025,COL,PAR,318,CANASTA-2P,VISITANTE,5,"VERA, LUIS",3,6:26,40,37
130826,13/12/2025,COL,PAR,319,ASISTENCIA,VISITANTE,3,"RADICE, ROBERTO",3,6:26,40,37
130826,13/12/2025,COL,PAR,320,CANASTA-3P,LOCAL,24,"HERNANDEZ, ANDRES",3,6:06,43,37
130826,13/12/2025,COL,PAR,321,TIRO3-FALLADO,VISITANTE,6,"TALAVERA, ALEJANDRO",3,5:53,43,37
130826,13/12/2025,COL,PAR,322,REBOTE-DEFENSIVO,LOCAL,10,"MATEUS, ANDRES",3,5:47,43,37
130826,13/12/2025,COL,PAR,323,PERDIDA,LOCAL,24,"HERNANDEZ, ANDRES",3,5:29,43,37
130826,13/12/2025,COL,PAR,324,RECUPERACION,VISITANTE,14,"ESCURRA, MAURICIO",3,5:29,43,37
130826,13/12/2025,COL,PAR,325,TIRO2-FALLADO,VISITANTE,14,"ESCURRA, MAURICIO",3,5:24,43,37
130826,13/12/2025,COL,PAR,326,REBOTE-DEFENSIVO,LOCAL,59,"BETANCURT, JULIAN",3,5:19,43,37
130826,13/12/2025,COL,PAR,327,TIRO2-FALLADO,LOCAL,59,"BETANCURT, JULIAN",3,5:08,43,37
130826,13/12/2025,COL,PAR,328,REBOTE-DEFENSIVO,VISITANTE,5,"VERA, LUIS",3,5:04,43,37
130826,13/12/2025,COL,PAR,329,FALTA-COMETIDA,LOCAL,8,"SUAREZ, EZEKIEL",3,5:03,43,37
130826,13/12/2025,COL,PAR,330,FALTA-RECIBIDA,VISITANTE,3,"RADICE, ROBERTO",3,5:03,43,37
130826,13/12/2025,COL,PAR,331,CAMBIO-JUGADOR-SALE,LOCAL,10,"MATEUS, ANDRES",3,5:03,43,37
130826,13/12/2025,COL,PAR,332,CAMBIO-JUGADOR-SALE,LOCAL,24,"HERNANDEZ, ANDRES",3,5:03,43,37
130826,13/12/2025,COL,PAR,333,CAMBIO-JUGADOR-SALE,LOCAL,59,"BETANCURT, JULIAN",3,5:03,43,37
130826,13/12/2025,COL,PAR,334,CAMBIO-JUGADOR-ENTRA,LOCAL,5,"RESTREPO, LEONARDO",3,5:03,43,37
130826,13/12/2025,COL,PAR,335,CAMBIO-JUGADOR-ENTRA,LOCAL,7,"BERNAL, MATTHEW",3,5:03,43,37
130826,13/12/2025,COL,PAR,336,CAMBIO-JUGADOR-ENTRA,LOCAL,83,"OROZCO, ANGEL",3,5:03,43,37
130826,13/12/2025,COL,PAR,337,CAMBIO-JUGADOR-SALE,VISITANTE,3,"RADICE, ROBERTO",3,5:03,43,37
130826,13/12/2025,COL,PAR,338,CAMBIO-JUGADOR-ENTRA,VISITANTE,9,"VAZQUEZ, JUAN",3,5:03,43,37
130826,13/12/2025,COL,PAR,339,CANASTA-3P,VISITANTE,6,"TALAVERA, ALEJANDRO",3,5:01,43,40
130826,13/12/2025,COL,PAR,340,TIRO3-FALLADO,LOCAL,8,"SUAREZ, EZEKIEL",3,4:45,43,40
130826,13/12/2025,COL,PAR,341,REBOTE-DEFENSIVO,VISITANTE,14,"ESCURRA, MAURICIO",3,4:42,43,40
130826,13/12/2025,COL,PAR,342,CANASTA-2P,VISITANTE,21,"GONZALEZ, NESTOR",3,4:31,43,42
130826,13/12/2025,COL,PAR,343,ASISTENCIA,VISITANTE,9,"VAZQUEZ, JUAN",3,4:31,43,42
130826,13/12/2025,COL,PAR,344,TIRO3-FALLADO,LOCAL,14,"CAICEDO, YANSEM",3,4:07,43,42
130826,13/12/2025,COL,PAR,345,TAPON-COMETIDO,VISITANTE,5,"VERA, LUIS",3,4:07,43,42
130826,13/12/2025,COL,PAR,346,REBOTE-OFENSIVO,LOCAL,14,"CAICEDO, YANSEM",3,4:01,43,42
130826,13/12/2025,COL,PAR,347,CANASTA-2P,LOCAL,14,"CAICEDO, YANSEM",3,4:00,45,42
130826,13/12/2025,COL,PAR,348,PERDIDA,VISITANTE,5,"VERA, LUIS",3,3:51,45,42
130826,13/12/2025,COL,PAR,349,CAMBIO-JUGADOR-SALE,LOCAL,8,"SUAREZ, EZEKIEL",3,3:51,45,42
130826,13/12/2025,COL,PAR,350,CAMBIO-JUGADOR-ENTRA,LOCAL,4,"SANCHEZ, ALEJANDRO",3,3:51,45,42
130826,13/12/2025,COL,PAR,351,TIRO2-FALLADO,LOCAL,83,"OROZCO, ANGEL",3,3:41,45,42
130826,13/12/2025,COL,PAR,352,REBOTE-DEFENSIVO,VISITANTE,9,"VAZQUEZ, JUAN",3,3:37,45,42
130826,13/12/2025,COL,PAR,353,TIRO2-FALLADO,VISITANTE,6,"TALAVERA, ALEJANDRO",3,3:31,45,42
130826,13/12/2025,COL,PAR,354,REBOTE-DEFENSIVO,LOCAL,,,3,3:29,45,42
130826,13/12/2025,COL,PAR,355,TIRO2-FALLADO,LOCAL,83,"OROZCO, ANGEL",3,3:09,45,42
130826,13/12/2025,COL,PAR,356,REBOTE-DEFENSIVO,VISITANTE,,,3,3:08,45,42
130826,13/12/2025,COL,PAR,357,TIRO3-FALLADO,VISITANTE,6,"TALAVERA, ALEJANDRO",3,2:35,45,42
130826,13/12/2025,COL,PAR,358,REBOTE-DEFENSIVO,LOCAL,5,"RESTREPO, LEONARDO",3,2:32,45,42
130826,13/12/2025,COL,PAR,359,TIRO3-FALLADO,LOCAL,7,"BERNAL, MATTHEW",3,2:27,45,42
130826,13/12/2025,COL,PAR,360,REBOTE-OFENSIVO,LOCAL,83,"OROZCO, ANGEL",3,2:24,45,42
130826,13/12/2025,COL,PAR,361,FALTA-COMETIDA,VISITANTE,14,"ESCURRA, MAURICIO",3,2:24,45,42
130826,13/12/2025,COL,PAR,362,FALTA-RECIBIDA,LOCAL,83,"OROZCO, ANGEL",3,2:24,45,42
130826,13/12/2025,COL,PAR,363,FALTA-COMETIDA,LOCAL,83,"OROZCO, ANGEL",3,2:20,45,42
130826,13/12/2025,COL,PAR,364,PERDIDA,LOCAL,83,"OROZCO, ANGEL",3,2:20,45,42
130826,13/12/2025,COL,PAR,365,FALTA-RECIBIDA,VISITANTE,14,"ESCURRA, MAURICIO",3,2:20,45,42
130826,13/12/2025,COL,PAR,366,CAMBIO-JUGADOR-SALE,LOCAL,14,"CAICEDO, YANSEM",3,2:20,45,42
130826,13/12/2025,COL,PAR,367,CAMBIO-JUGADOR-ENTRA,LOCAL,32,"RIOS, SANTIAGO",3,2:20,45,42
130826,13/12/2025,COL,PAR,368,PERDIDA,VISITANTE,14,"ESCURRA, MAURICIO",3,2:13,45,42
130826,13/12/2025,COL,PAR,369,CANASTA-2P,LOCAL,7,"BERNAL, MATTHEW",3,2:05,47,42
130826,13/12/2025,COL,PAR,370,TIRO2-FALLADO,VISITANTE,21,"GONZALEZ, NESTOR",3,1:53,47,42
130826,13/12/2025,COL,PAR,371,REBOTE-DEFENSIVO,LOCAL,83,"OROZCO, ANGEL",3,1:42,47,42
130826,13/12/2025,COL,PAR,372,TIRO2-FALLADO,LOCAL,5,"RESTREPO, LEONARDO",3,1:29,47,42
130826,13/12/2025,COL,PAR,373,REBOTE-DEFENSIVO,VISITANTE,14,"ESCURRA, MAURICIO",3,1:26,47,42
130826,13/12/2025,COL,PAR,374,CANASTA-3P,VISITANTE,6,"TALAVERA, ALEJANDRO",3,1:18,47,45
130826,13/12/2025,COL,PAR,375,ASISTENCIA,VISITANTE,5,"VERA, LUIS",3,1:18,47,45
130826,13/12/2025,COL,PAR,376,CANASTA-2P,LOCAL,7,"BERNAL, MATTHEW",3,1:04,49,45
130826,13/12/2025,COL,PAR,377,FALTA-COMETIDA,LOCAL,4,"SANCHEZ, ALEJANDRO",3,0:54,49,45
130826,13/12/2025,COL,PAR,378,FALTA-RECIBIDA,VISITANTE,9,"VAZQUEZ, JUAN",3,0:54,49,45
130826,13/12/2025,COL,PAR,379,CANASTA-3P,VISITANTE,5,"VERA, LUIS",3,0:51,49,48
130826,13/12/2025,COL,PAR,380,ASISTENCIA,VISITANTE,9,"VAZQUEZ, JUAN",3,0:51,49,48
130826,13/12/2025,COL,PAR,381,TIRO3-FALLADO,LOCAL,4,"SANCHEZ, ALEJANDRO",3,0:24,49,48
130826,13/12/2025,COL,PAR,382,REBOTE-DEFENSIVO,VISITANTE,,,3,0:23,49,48
130826,13/12/2025,COL,PAR,383,PERDIDA,VISITANTE,9,"VAZQUEZ, JUAN",3,0:18,49,48
130826,13/12/2025,COL,PAR,384,RECUPERACION,LOCAL,5,"RESTREPO, LEONARDO",3,0:18,49,48
130826,13/12/2025,COL,PAR,385,PERDIDA,LOCAL,4,"SANCHEZ, ALEJANDRO",3,0:11,49,48
130826,13/12/2025,COL,PAR,386,FALTA-COMETIDA,LOCAL,83,"OROZCO, ANGEL",3,0:11,49,48
130826,13/12/2025,COL,PAR,387,FALTA-RECIBIDA,VISITANTE,5,"VERA, LUIS",3,0:11,49,48
130826,13/12/2025,COL,PAR,388,PERDIDA,VISITANTE,14,"ESCURRA, MAURICIO",3,0:04,49,48
130826,13/12/2025,COL,PAR,389,TIRO3-FALLADO,LOCAL,32,"RIOS, SANTIAGO",3,0:01,49,48
130826,13/12/2025,COL,PAR,390,FINAL-PERIODO,,,,3,0:00,49,48
130826,13/12/2025,COL,PAR,391,CAMBIO-JUGADOR-SALE,LOCAL,32,"RIOS, SANTIAGO",4,10:00,49,48
130826,13/12/2025,COL,PAR,392,CAMBIO-JUGADOR-ENTRA,LOCAL,24,"HERNANDEZ, ANDRES",4,10:00,49,48
130826,13/12/2025,COL,PAR,393,CAMBIO-JUGADOR-SALE,VISITANTE,14,"ESCURRA, MAURICIO",4,10:00,49,48
130826,13/12/2025,COL,PAR,394,CAMBIO-JUGADOR-ENTRA,VISITANTE,3,"RADICE, ROBERTO",4,10:00,49,48
130826,13/12/2025,COL,PAR,395,INICIO-PERIODO,,,,4,10:00,49,48
130826,13/12/2025,COL,PAR,396,TIRO2-FALLADO,LOCAL,24,"HERNANDEZ, ANDRES",4,9:48,49,48
130826,13/12/2025,COL,PAR,397,REBOTE-OFENSIVO,LOCAL,,,4,9:44,49,48
130826,13/12/2025,COL,PAR,398,TIRO3-FALLADO,LOCAL,4,"SANCHEZ, ALEJANDRO",4,9:36,49,48
130826,13/12/2025,COL,PAR,399,REBOTE-DEFENSIVO,VISITANTE,5,"VERA, LUIS",4,9:33,49,48
130826,13/12/2025,COL,PAR,400,CANASTA-2P,VISITANTE,21,"GONZALEZ, NESTOR",4,9:12,49,50
130826,13/12/2025,COL,PAR,401,ASISTENCIA,VISITANTE,9,"VAZQUEZ, JUAN",4,9:12,49,50
130826,13/12/2025,COL,PAR,402,CANASTA-2P,LOCAL,83,"OROZCO, ANGEL",4,8:51,51,50
130826,13/12/2025,COL,PAR,403,CANASTA-2P,VISITANTE,21,"GONZALEZ, NESTOR",4,8:27,51,52
130826,13/12/2025,COL,PAR,404,CANASTA-2P,LOCAL,4,"SANCHEZ, ALEJANDRO",4,8:03,53,52
130826,13/12/2025,COL,PAR,405,PERDIDA,VISITANTE,5,"VERA, LUIS",4,7:36,53,52
130826,13/12/2025,COL,PAR,406,RECUPERACION,LOCAL,5,"RESTREPO, LEONARDO",4,7:36,53,52
130826,13/12/2025,COL,PAR,407,CANASTA-2P,LOCAL,83,"OROZCO, ANGEL",4,7:30,55,52
130826,13/12/2025,COL,PAR,408,PERDIDA,VISITANTE,6,"TALAVERA, ALEJANDRO",4,7:20,55,52
130826,13/12/2025,COL,PAR,409,TIRO3-FALLADO,LOCAL,5,"RESTREPO, LEONARDO",4,7:13,55,52
130826,13/12/2025,COL,PAR,410,REBOTE-DEFENSIVO,VISITANTE,9,"VAZQUEZ, JUAN",4,7:10,55,52
130826,13/12/2025,COL,PAR,411,TIRO2-FALLADO,VISITANTE,3,"RADICE, ROBERTO",4,7:05,55,52
130826,13/12/2025,COL,PAR,412,REBOTE-OFENSIVO,VISITANTE,21,"GONZALEZ, NESTOR",4,7:03,55,52
130826,13/12/2025,COL,PAR,413,CANASTA-2P,VISITANTE,21,"GONZALEZ, NESTOR",4,7:03,55,54
130826,13/12/2025,COL,PAR,414,PERDIDA,LOCAL,24,"HERNANDEZ, ANDRES",4,7:03,55,54
130826,13/12/2025,COL,PAR,415,CANASTA-2P,VISITANTE,21,"GONZALEZ, NESTOR",4,6:53,55,56
130826,13/12/2025,COL,PAR,416,ASISTENCIA,VISITANTE,3,"RADICE, ROBERTO",4,6:53,55,56
130826,13/12/2025,COL,PAR,417,TIRO2-FALLADO,LOCAL,7,"BERNAL, MATTHEW",4,6:39,55,56
130826,13/12/2025,COL,PAR,418,REBOTE-DEFENSIVO,VISITANTE,6,"TALAVERA, ALEJANDRO",4,6:34,55,56
130826,13/12/2025,COL,PAR,419,CANASTA-3P,VISITANTE,3,"RADICE, ROBERTO",4,6:31,55,59
130826,13/12/2025,COL,PAR,420,ASISTENCIA,VISITANTE,6,"TALAVERA, ALEJANDRO",4,6:31,55,59
130826,13/12/2025,COL,PAR,421,TIEMPO-MUERTO-SOLICITADO,LOCAL,,,4,6:30,55,59
130826,13/12/2025,COL,PAR,422,CANASTA-2P,LOCAL,4,"SANCHEZ, ALEJANDRO",4,6:12,57,59
130826,13/12/2025,COL,PAR,423,TIRO2-FALLADO,VISITANTE,21,"GONZALEZ, NESTOR",4,5:59,57,59
130826,13/12/2025,COL,PAR,424,REBOTE-OFENSIVO,VISITANTE,21,"GONZALEZ, NESTOR",4,5:55,57,59
130826,13/12/2025,COL,PAR,425,TIRO3-FALLADO,VISITANTE,9,"VAZQUEZ, JUAN",4,5:46,57,59
130826,13/12/2025,COL,PAR,426,REBOTE-OFENSIVO,VISITANTE,6,"TALAVERA, ALEJANDRO",4,5:41,57,59
130826,13/12/2025,COL,PAR,427,CANASTA-2P,VISITANTE,6,"TALAVERA, ALEJANDRO",4,5:40,57,61
130826,13/12/2025,COL,PAR,428,TIRO3-FALLADO,LOCAL,4,"SANCHEZ, ALEJANDRO",4,5:26,57,61
130826,13/12/2025,COL,PAR,429,REBOTE-OFENSIVO,LOCAL,7,"BERNAL, MATTHEW",4,5:21,57,61
130826,13/12/2025,COL,PAR,430,CANASTA-2P,LOCAL,7,"BERNAL, MATTHEW",4,5:21,59,61
130826,13/12/2025,COL,PAR,431,TIRO2-FALLADO,VISITANTE,21,"GONZALEZ, NESTOR",4,5:03,59,61
130826,13/12/2025,COL,PAR,432,REBOTE-DEFENSIVO,LOCAL,24,"HERNANDEZ, ANDRES",4,4:57,59,61
130826,13/12/2025,COL,PAR,433,TIRO2-FALLADO,LOCAL,83,"OROZCO, ANGEL",4,4:46,59,61
130826,13/12/2025,COL,PAR,434,REBOTE-OFENSIVO,LOCAL,5,"RESTREPO, LEONARDO",4,4:43,59,61
130826,13/12/2025,COL,PAR,435,TIRO3-FALLADO,LOCAL,7,"BERNAL, MATTHEW",4,4:41,59,61
130826,13/12/2025,COL,PAR,436,REBOTE-DEFENSIVO,VISITANTE,21,"GONZALEZ, NESTOR",4,4:39,59,61
130826,13/12/2025,COL,PAR,437,CANASTA-3P,VISITANTE,3,"RADICE, ROBERTO",4,4:30,59,64
130826,13/12/2025,COL,PAR,438,ASISTENCIA,VISITANTE,5,"VERA, LUIS",4,4:30,59,64
130826,13/12/2025,COL,PAR,439,TIRO3-FALLADO,LOCAL,5,"RESTREPO, LEONARDO",4,4:12,59,64
130826,13/12/2025,COL,PAR,440,REBOTE-DEFENSIVO,VISITANTE,3,"RADICE, ROBERTO",4,4:09,59,64
130826,13/12/2025,COL,PAR,441,FALTA-COMETIDA,LOCAL,4,"SANCHEZ, ALEJANDRO",4,4:08,59,64
130826,13/12/2025,COL,PAR,442,FALTA-RECIBIDA,VISITANTE,3,"RADICE, ROBERTO",4,4:08,59,64
130826,13/12/2025,COL,PAR,443,TIEMPO-MUERTO-SOLICITADO,LOCAL,,,4,4:08,59,64
130826,13/12/2025,COL,PAR,444,CAMBIO-JUGADOR-SALE,LOCAL,4,"SANCHEZ, ALEJANDRO",4,4:08,59,64
130826,13/12/2025,COL,PAR,445,CAMBIO-JUGADOR-SALE,LOCAL,24,"HERNANDEZ, ANDRES",4,4:08,59,64
130826,13/12/2025,COL,PAR,446,CAMBIO-JUGADOR-SALE,LOCAL,83,"OROZCO, ANGEL",4,4:08,59,64
130826,13/12/2025,COL,PAR,447,CAMBIO-JUGADOR-ENTRA,LOCAL,8,"SUAREZ, EZEKIEL",4,4:08,59,64
130826,13/12/2025,COL,PAR,448,CAMBIO-JUGADOR-ENTRA,LOCAL,10,"MATEUS, ANDRES",4,4:08,59,64
130826,13/12/2025,COL,PAR,449,CAMBIO-JUGADOR-ENTRA,LOCAL,59,"BETANCURT, JULIAN",4,4:08,59,64
130826,13/12/2025,COL,PAR,450,CAMBIO-JUGADOR-SALE,VISITANTE,5,"VERA, LUIS",4,4:08,59,64
130826,13/12/2025,COL,PAR,451,CAMBIO-JUGADOR-ENTRA,VISITANTE,14,"ESCURRA, MAURICIO",4,4:08,59,64
130826,13/12/2025,COL,PAR,452,TIRO1-FALLADO,VISITANTE,3,"RADICE, ROBERTO",4,4:08,59,64
130826,13/12/2025,COL,PAR,453,CANASTA-1P,VISITANTE,3,"RADICE, ROBERTO",4,4:08,59,65
130826,13/12/2025,COL,PAR,454,PERDIDA,LOCAL,7,"BERNAL, MATTHEW",4,3:51,59,65
130826,13/12/2025,COL,PAR,455,RECUPERACION,VISITANTE,14,"ESCURRA, MAURICIO",4,3:51,59,65
130826,13/12/2025,COL,PAR,456,PERDIDA,VISITANTE,9,"VAZQUEZ, JUAN",4,3:41,59,65
130826,13/12/2025,COL,PAR,457,TIRO3-FALLADO,LOCAL,5,"RESTREPO, LEONARDO",4,3:30,59,65
130826,13/12/2025,COL,PAR,458,REBOTE-OFENSIVO,LOCAL,7,"BERNAL, MATTHEW",4,3:27,59,65
130826,13/12/2025,COL,PAR,459,TIRO3-FALLADO,LOCAL,59,"BETANCURT, JULIAN",4,3:22,59,65
130826,13/12/2025,COL,PAR,460,REBOTE-DEFENSIVO,VISITANTE,6,"TALAVERA, ALEJANDRO",4,3:17,59,65
130826,13/12/2025,COL,PAR,461,FALTA-COMETIDA,LOCAL,7,"BERNAL, MATTHEW",4,3:10,59,65
130826,13/12/2025,COL,PAR,462,FALTA-RECIBIDA,VISITANTE,6,"TALAVERA, ALEJANDRO",4,3:10,59,65
130826,13/12/2025,COL,PAR,463,TIEMPO-MUERTO-SOLICITADO,VISITANTE,,,4,3:10,59,65
130826,13/12/2025,COL,PAR,464,CAMBIO-JUGADOR-SALE,VISITANTE,9,"VAZQUEZ, JUAN",4,3:10,59,65
130826,13/12/2025,COL,PAR,465,CAMBIO-JUGADOR-ENTRA,VISITANTE,5,"VERA, LUIS",4,3:10,59,65
130826,13/12/2025,COL,PAR,466,TIRO2-FALLADO,VISITANTE,21,"GONZALEZ, NESTOR",4,3:00,59,65
130826,13/12/2025,COL,PAR,467,TAPON-COMETIDO,LOCAL,10,"MATEUS, ANDRES",4,3:00,59,65
130826,13/12/2025,COL,PAR,468,REBOTE-DEFENSIVO,LOCAL,8,"SUAREZ, EZEKIEL",4,2:54,59,65
130826,13/12/2025,COL,PAR,469,TIRO2-FALLADO,LOCAL,59,"BETANCURT, JULIAN",4,2:42,59,65
130826,13/12/2025,COL,PAR,470,REBOTE-DEFENSIVO,VISITANTE,5,"VERA, LUIS",4,2:38,59,65
130826,13/12/2025,COL,PAR,471,FALTA-COMETIDA,LOCAL,59,"BETANCURT, JULIAN",4,2:30,59,65
130826,13/12/2025,COL,PAR,472,FALTA-RECIBIDA,VISITANTE,14,"ESCURRA, MAURICIO",4,2:30,59,65
130826,13/12/2025,COL,PAR,473,FALTA-COMETIDA,VISITANTE,21,"GONZALEZ, NESTOR",4,2:26,59,65
130826,13/12/2025,COL,PAR,474,PERDIDA,VISITANTE,21,"GONZALEZ, NESTOR",4,2:26,59,65
130826,13/12/2025,COL,PAR,475,FALTA-RECIBIDA,LOCAL,59,"BETANCURT, JULIAN",4,2:26,59,65
130826,13/12/2025,COL,PAR,476,CAMBIO-JUGADOR-SALE,LOCAL,5,"RESTREPO, LEONARDO",4,2:26,59,65
130826,13/12/2025,COL,PAR,477,CAMBIO-JUGADOR-SALE,LOCAL,59,"BETANCURT, JULIAN",4,2:26,59,65
130826,13/12/2025,COL,PAR,478,CAMBIO-JUGADOR-ENTRA,LOCAL,4,"SANCHEZ, ALEJANDRO",4,2:26,59,65
130826,13/12/2025,COL,PAR,479,CAMBIO-JUGADOR-ENTRA,LOCAL,32,"RIOS, SANTIAGO",4,2:26,59,65
130826,13/12/2025,COL,PAR,480,TIRO2-FALLADO,LOCAL,7,"BERNAL, MATTHEW",4,2:17,59,65
130826,13/12/2025,COL,PAR,481,REBOTE-DEFENSIVO,VISITANTE,14,"ESCURRA, MAURICIO",4,2:13,59,65
130826,13/12/2025,COL,PAR,482,TIRO2-FALLADO,VISITANTE,14,"ESCURRA, MAURICIO",4,2:11,59,65
130826,13/12/2025,COL,PAR,483,TAPON-COMETIDO,LOCAL,8,"SUAREZ, EZEKIEL",4,2:11,59,65
130826,13/12/2025,COL,PAR,484,REBOTE-OFENSIVO,VISITANTE,21,"GONZALEZ, NESTOR",4,2:03,59,65
130826,13/12/2025,COL,PAR,485,TIRO2-FALLADO,VISITANTE,21,"GONZALEZ, NESTOR",4,2:02,59,65
130826,13/12/2025,COL,PAR,486,REBOTE-DEFENSIVO,LOCAL,7,"BERNAL, MATTHEW",4,1:59,59,65
130826,13/12/2025,COL,PAR,487,CANASTA-3P,LOCAL,4,"SANCHEZ, ALEJANDRO",4,1:55,62,65
130826,13/12/2025,COL,PAR,488,ASISTENCIA,LOCAL,8,"SUAREZ, EZEKIEL",4,1:55,62,65
130826,13/12/2025,COL,PAR,489,TIRO3-FALLADO,VISITANTE,14,"ESCURRA, MAURICIO",4,1:38,62,65
130826,13/12/2025,COL,PAR,490,REBOTE-DEFENSIVO,LOCAL,10,"MATEUS, ANDRES",4,1:35,62,65
130826,13/12/2025,COL,PAR,491,TIRO3-FALLADO,LOCAL,32,"RIOS, SANTIAGO",4,1:26,62,65
130826,13/12/2025,COL,PAR,492,REBOTE-DEFENSIVO,VISITANTE,21,"GONZALEZ, NESTOR",4,1:23,62,65
130826,13/12/2025,COL,PAR,493,TIRO2-FALLADO,VISITANTE,3,"RADICE, ROBERTO",4,1:19,62,65
130826,13/12/2025,COL,PAR,494,REBOTE-OFENSIVO,VISITANTE,21,"GONZALEZ, NESTOR",4,1:14,62,65
130826,13/12/2025,COL,PAR,495,TIRO2-FALLADO,VISITANTE,21,"GONZALEZ, NESTOR",4,1:14,62,65
130826,13/12/2025,COL,PAR,496,REBOTE-DEFENSIVO,LOCAL,7,"BERNAL, MATTHEW",4,1:12,62,65
130826,13/12/2025,COL,PAR,497,FALTA-COMETIDA,VISITANTE,21,"GONZALEZ, NESTOR",4,1:11,62,65
130826,13/12/2025,COL,PAR,498,FALTA-RECIBIDA,LOCAL,8,"SUAREZ, EZEKIEL",4,1:11,62,65
130826,13/12/2025,COL,PAR,499,CANASTA-2P,LOCAL,7,"BERNAL, MATTHEW",4,1:02,64,65
130826,13/12/2025,COL,PAR,500,ASISTENCIA,LOCAL,4,"SANCHEZ, ALEJANDRO",4,1:02,64,65
130826,13/12/2025,COL,PAR,501,TIEMPO-MUERTO-SOLICITADO,VISITANTE,,,4,1:01,64,65
130826,13/12/2025,COL,PAR,502,CANASTA-3P,VISITANTE,6,"TALAVERA, ALEJANDRO",4,0:52,64,68
130826,13/12/2025,COL,PAR,503,CANASTA-2P,LOCAL,7,"BERNAL, MATTHEW",4,0:36,66,68
130826,13/12/2025,COL,PAR,504,TIRO2-FALLADO,VISITANTE,6,"TALAVERA, ALEJANDRO",4,0:20,66,68
130826,13/12/2025,COL,PAR,505,REBOTE-OFENSIVO,VISITANTE,21,"GONZALEZ, NESTOR",4,0:16,66,68
130826,13/12/2025,COL,PAR,506,FALTA-COMETIDA,LOCAL,32,"RIOS, SANTIAGO",4,0:15,66,68
130826,13/12/2025,COL,PAR,507,FALTA-RECIBIDA,VISITANTE,21,"GONZALEZ, NESTOR",4,0:15,66,68
130826,13/12/2025,COL,PAR,508,TIRO1-FALLADO,VISITANTE,21,"GONZALEZ, NESTOR",4,0:15,66,68
130826,13/12/2025,COL,PAR,509,CANASTA-1P,VISITANTE,21,"GONZALEZ, NESTOR",4,0:15,66,69
130826,13/12/2025,COL,PAR,510,TIEMPO-MUERTO-SOLICITADO,LOCAL,,,4,0:15,66,69
130826,13/12/2025,COL,PAR,511,CAMBIO-JUGADOR-SALE,LOCAL,10,"MATEUS, ANDRES",4,0:15,66,69
130826,13/12/2025,COL,PAR,512,CAMBIO-JUGADOR-ENTRA,LOCAL,5,"RESTREPO, LEONARDO",4,0:15,66,69
130826,13/12/2025,COL,PAR,513,TIRO3-FALLADO,LOCAL,5,"RESTREPO, LEONARDO",4,0:13,66,69
130826,13/12/2025,COL,PAR,514,REBOTE-DEFENSIVO,VISITANTE,5,"VERA, LUIS",4,0:11,66,69
130826,13/12/2025,COL,PAR,515,FALTA-COMETIDA,LOCAL,8,"SUAREZ, EZEKIEL",4,0:11,66,69
130826,13/12/2025,COL,PAR,516,FALTA-RECIBIDA,VISITANTE,5,"VERA, LUIS",4,0:11,66,69
130826,13/12/2025,COL,PAR,517,CANASTA-1P,VISITANTE,5,"VERA, LUIS",4,0:11,66,70
130826,13/12/2025,COL,PAR,518,CANASTA-1P,VISITANTE,5,"VERA, LUIS",4,0:11,66,71
130826,13/12/2025,COL,PAR,519,PERDIDA,LOCAL,4,"SANCHEZ, ALEJANDRO",4,0:07,66,71
130826,13/12/2025,COL,PAR,520,RECUPERACION,VISITANTE,3,"RADICE, ROBERTO",4,0:07,66,71
130826,13/12/2025,COL,PAR,521,TIRO3-FALLADO,VISITANTE,6,"TALAVERA, ALEJANDRO",4,0:01,66,71
130826,13/12/2025,COL,PAR,522,FINAL-PERIODO,,,,4,0:00,66,71
130826,13/12/2025,COL,PAR,523,FINAL-PARTIDO,,,,4,0:00,66,71
130827,13/12/2025,CHI,ECU,0,INICIO-PARTIDO,,,,1,10:00,0,0
130827,13/12/2025,CHI,ECU,1,INICIO-PERIODO,,,,1,10:00,0,0
130827,13/12/2025,CHI,ECU,2,CAMBIO-JUGADOR-ENTRA,LOCAL,2,"LA RIVERA, TOMAS",1,10:00,0,0
130827,13/12/2025,CHI,ECU,3,CAMBIO-JUGADOR-ENTRA,LOCAL,3,"CASTRO, MATEO",1,10:00,0,0
130827,13/12/2025,CHI,ECU,4,CAMBIO-JUGADOR-ENTRA,LOCAL,8,"ECHEVERRIA, AGUSTIN",1,10:00,0,0
130827,13/12/2025,CHI,ECU,5,CAMBIO-JUGADOR-ENTRA,LOCAL,10,"SARAVIA, FRANCISCO",1,10:00,0,0
130827,13/12/2025,CHI,ECU,6,CAMBIO-JUGADOR-ENTRA,LOCAL,17,"QUEZADA, MAXIMILIANO",1,10:00,0,0
130827,13/12/2025,CHI,ECU,7,CAMBIO-JUGADOR-ENTRA,VISITANTE,2,"CASTILLO, JUAN",1,10:00,0,0
130827,13/12/2025,CHI,ECU,8,CAMBIO-JUGADOR-ENTRA,VISITANTE,7,"DAZA, JOSÉ",1,10:00,0,0
130827,13/12/2025,CHI,ECU,9,CAMBIO-JUGADOR-ENTRA,VISITANTE,14,"NOBOA, FELIPE",1,10:00,0,0
130827,13/12/2025,CHI,ECU,10,CAMBIO-JUGADOR-ENTRA,VISITANTE,23,"QUIÑONEZ, ADAIR",1,10:00,0,0
130827,13/12/2025,CHI,ECU,11,CAMBIO-JUGADOR-ENTRA,VISITANTE,48,"VARGAS, LHEYDER",1,10:00,0,0
130827,13/12/2025,CHI,ECU,12,JUMP-BALL,,,,1,10:00,0,0
130827,13/12/2025,CHI,ECU,13,JUMP-BALL,LOCAL,17,"QUEZADA, MAXIMILIANO",1,9:59,0,0
130827,13/12/2025,CHI,ECU,14,JUMP-BALL,VISITANTE,7,"DAZA, JOSÉ",1,9:59,0,0
130827,13/12/2025,CHI,ECU,15,TIRO2-FALLADO,LOCAL,8,"ECHEVERRIA, AGUSTIN",1,9:54,0,0
130827,13/12/2025,CHI,ECU,16,REBOTE-DEFENSIVO,VISITANTE,7,"DAZA, JOSÉ",1,9:51,0,0
130827,13/12/2025,CHI,ECU,17,CANASTA-2P,VISITANTE,7,"DAZA, JOSÉ",1,9:46,0,2
130827,13/12/2025,CHI,ECU,18,CAMBIO-JUGADOR-SALE,LOCAL,3,"CASTRO, MATEO",1,9:40,0,2
130827,13/12/2025,CHI,ECU,19,CAMBIO-JUGADOR-ENTRA,LOCAL,15,"VELÁSQUEZ, MATEO",1,9:40,0,2
130827,13/12/2025,CHI,ECU,20,PERDIDA,LOCAL,17,"QUEZADA, MAXIMILIANO",1,9:32,0,2
130827,13/12/2025,CHI,ECU,21,RECUPERACION,VISITANTE,7,"DAZA, JOSÉ",1,9:32,0,2
130827,13/12/2025,CHI,ECU,22,TIRO2-FALLADO,VISITANTE,7,"DAZA, JOSÉ",1,9:18,0,2
130827,13/12/2025,CHI,ECU,23,REBOTE-DEFENSIVO,LOCAL,17,"QUEZADA, MAXIMILIANO",1,9:15,0,2
130827,13/12/2025,CHI,ECU,24,PERDIDA,LOCAL,10,"SARAVIA, FRANCISCO",1,9:09,0,2
130827,13/12/2025,CHI,ECU,25,RECUPERACION,VISITANTE,14,"NOBOA, FELIPE",1,9:09,0,2
130827,13/12/2025,CHI,ECU,26,FALTA-COMETIDA,VISITANTE,7,"DAZA, JOSÉ",1,9:02,0,2
130827,13/12/2025,CHI,ECU,27,PERDIDA,VISITANTE,7,"DAZA, JOSÉ",1,9:02,0,2
130827,13/12/2025,CHI,ECU,28,FALTA-RECIBIDA,LOCAL,17,"QUEZADA, MAXIMILIANO",1,9:02,0,2
130827,13/12/2025,CHI,ECU,29,CANASTA-2P,LOCAL,17,"QUEZADA, MAXIMILIANO",1,8:45,2,2
130827,13/12/2025,CHI,ECU,30,ASISTENCIA,LOCAL,10,"SARAVIA, FRANCISCO",1,8:45,2,2
130827,13/12/2025,CHI,ECU,31,TIRO3-FALLADO,VISITANTE,48,"VARGAS, LHEYDER",1,8:27,2,2
130827,13/12/2025,CHI,ECU,32,REBOTE-DEFENSIVO,LOCAL,8,"ECHEVERRIA, AGUSTIN",1,8:23,2,2
130827,13/12/2025,CHI,ECU,33,CANASTA-2P,LOCAL,2,"LA RIVERA, TOMAS",1,8:09,4,2
130827,13/12/2025,CHI,ECU,34,TIRO2-FALLADO,VISITANTE,2,"CASTILLO, JUAN",1,7:56,4,2
130827,13/12/2025,CHI,ECU,35,REBOTE-OFENSIVO,VISITANTE,7,"DAZA, JOSÉ",1,7:53,4,2
130827,13/12/2025,CHI,ECU,36,CANASTA-2P,VISITANTE,7,"DAZA, JOSÉ",1,7:52,4,4
130827,13/12/2025,CHI,ECU,37,TIRO3-FALLADO,LOCAL,2,"LA RIVERA, TOMAS",1,7:30,4,4
130827,13/12/2025,CHI,ECU,38,REBOTE-DEFENSIVO,VISITANTE,48,"VARGAS, LHEYDER",1,7:26,4,4
130827,13/12/2025,CHI,ECU,39,TIRO2-FALLADO,VISITANTE,14,"NOBOA, FELIPE",1,7:20,4,4
130827,13/12/2025,CHI,ECU,40,REBOTE-DEFENSIVO,LOCAL,8,"ECHEVERRIA, AGUSTIN",1,7:18,4,4
130827,13/12/2025,CHI,ECU,41,FALTA-COMETIDA,VISITANTE,48,"VARGAS, LHEYDER",1,7:15,4,4
130827,13/12/2025,CHI,ECU,42,FALTA-RECIBIDA,LOCAL,10,"SARAVIA, FRANCISCO",1,7:15,4,4
130827,13/12/2025,CHI,ECU,43,CAMBIO-JUGADOR-SALE,VISITANTE,23,"QUIÑONEZ, ADAIR",1,7:15,4,4
130827,13/12/2025,CHI,ECU,44,CAMBIO-JUGADOR-ENTRA,VISITANTE,32,"COROZO, JEREMY",1,7:15,4,4
130827,13/12/2025,CHI,ECU,45,TIRO3-FALLADO,LOCAL,10,"SARAVIA, FRANCISCO",1,7:06,4,4
130827,13/12/2025,CHI,ECU,46,REBOTE-DEFENSIVO,VISITANTE,2,"CASTILLO, JUAN",1,7:04,4,4
130827,13/12/2025,CHI,ECU,47,TIRO2-FALLADO,VISITANTE,48,"VARGAS, LHEYDER",1,7:01,4,4
130827,13/12/2025,CHI,ECU,48,REBOTE-OFENSIVO,VISITANTE,48,"VARGAS, LHEYDER",1,6:57,4,4
130827,13/12/2025,CHI,ECU,49,CANASTA-2P,VISITANTE,48,"VARGAS, LHEYDER",1,6:56,4,6
130827,13/12/2025,CHI,ECU,50,CANASTA-2P,LOCAL,10,"SARAVIA, FRANCISCO",1,6:36,6,6
130827,13/12/2025,CHI,ECU,51,ASISTENCIA,LOCAL,15,"VELÁSQUEZ, MATEO",1,6:36,6,6
130827,13/12/2025,CHI,ECU,52,FALTA-COMETIDA,VISITANTE,7,"DAZA, JOSÉ",1,6:36,6,6
130827,13/12/2025,CHI,ECU,53,FALTA-RECIBIDA,LOCAL,10,"SARAVIA, FRANCISCO",1,6:36,6,6
130827,13/12/2025,CHI,ECU,54,CAMBIO-JUGADOR-SALE,VISITANTE,7,"DAZA, JOSÉ",1,6:36,6,6
130827,13/12/2025,CHI,ECU,55,CAMBIO-JUGADOR-ENTRA,VISITANTE,15,"IBARRA, ISMAEL",1,6:36,6,6
130827,13/12/2025,CHI,ECU,56,CANASTA-1P,LOCAL,10,"SARAVIA, FRANCISCO",1,6:36,7,6
130827,13/12/2025,CHI,ECU,57,TIRO3-FALLADO,VISITANTE,48,"VARGAS, LHEYDER",1,6:19,7,6
130827,13/12/2025,CHI,ECU,58,REBOTE-OFENSIVO,VISITANTE,,,1,6:17,7,6
130827,13/12/2025,CHI,ECU,59,PERDIDA,VISITANTE,15,"IBARRA, ISMAEL",1,6:13,7,6
130827,13/12/2025,CHI,ECU,60,CANASTA-2P,LOCAL,10,"SARAVIA, FRANCISCO",1,5:53,9,6
130827,13/12/2025,CHI,ECU,61,PERDIDA,VISITANTE,2,"CASTILLO, JUAN",1,5:40,9,6
130827,13/12/2025,CHI,ECU,62,RECUPERACION,LOCAL,17,"QUEZADA, MAXIMILIANO",1,5:40,9,6
130827,13/12/2025,CHI,ECU,63,PERDIDA,LOCAL,2,"LA RIVERA, TOMAS",1,5:26,9,6
130827,13/12/2025,CHI,ECU,64,RECUPERACION,VISITANTE,2,"CASTILLO, JUAN",1,5:26,9,6
130827,13/12/2025,CHI,ECU,65,TIRO2-FALLADO,VISITANTE,15,"IBARRA, ISMAEL",1,5:20,9,6
130827,13/12/2025,CHI,ECU,66,REBOTE-DEFENSIVO,LOCAL,2,"LA RIVERA, TOMAS",1,5:16,9,6
130827,13/12/2025,CHI,ECU,67,CANASTA-2P,LOCAL,2,"LA RIVERA, TOMAS",1,5:11,11,6
130827,13/12/2025,CHI,ECU,68,TIRO2-FALLADO,VISITANTE,15,"IBARRA, ISMAEL",1,4:46,11,6
130827,13/12/2025,CHI,ECU,69,REBOTE-OFENSIVO,VISITANTE,32,"COROZO, JEREMY",1,4:43,11,6
130827,13/12/2025,CHI,ECU,70,TIRO2-FALLADO,VISITANTE,48,"VARGAS, LHEYDER",1,4:40,11,6
130827,13/12/2025,CHI,ECU,71,REBOTE-OFENSIVO,VISITANTE,14,"NOBOA, FELIPE",1,4:37,11,6
130827,13/12/2025,CHI,ECU,72,TIRO2-FALLADO,VISITANTE,14,"NOBOA, FELIPE",1,4:36,11,6
130827,13/12/2025,CHI,ECU,73,REBOTE-DEFENSIVO,LOCAL,17,"QUEZADA, MAXIMILIANO",1,4:34,11,6
130827,13/12/2025,CHI,ECU,74,FALTA-COMETIDA,VISITANTE,15,"IBARRA, ISMAEL",1,4:33,11,6
130827,13/12/2025,CHI,ECU,75,FALTA-RECIBIDA,LOCAL,17,"QUEZADA, MAXIMILIANO",1,4:33,11,6
130827,13/12/2025,CHI,ECU,76,CAMBIO-JUGADOR-SALE,LOCAL,2,"LA RIVERA, TOMAS",1,4:33,11,6
130827,13/12/2025,CHI,ECU,77,CAMBIO-JUGADOR-SALE,LOCAL,10,"SARAVIA, FRANCISCO",1,4:33,11,6
130827,13/12/2025,CHI,ECU,78,CAMBIO-JUGADOR-ENTRA,LOCAL,1,"PACHANO, GABRIEL",1,4:33,11,6
130827,13/12/2025,CHI,ECU,79,CAMBIO-JUGADOR-ENTRA,LOCAL,4,"HITSCHFELD, MATHIAS",1,4:33,11,6
130827,13/12/2025,CHI,ECU,80,CAMBIO-JUGADOR-SALE,VISITANTE,14,"NOBOA, FELIPE",1,4:33,11,6
130827,13/12/2025,CHI,ECU,81,CAMBIO-JUGADOR-SALE,VISITANTE,15,"IBARRA, ISMAEL",1,4:33,11,6
130827,13/12/2025,CHI,ECU,82,CAMBIO-JUGADOR-ENTRA,VISITANTE,7,"DAZA, JOSÉ",1,4:33,11,6
130827,13/12/2025,CHI,ECU,83,CAMBIO-JUGADOR-ENTRA,VISITANTE,10,"ZAMBRANO, ALHAN",1,4:33,11,6
130827,13/12/2025,CHI,ECU,84,CAMBIO-JUGADOR-SALE,VISITANTE,10,"ZAMBRANO, ALHAN",1,4:33,11,6
130827,13/12/2025,CHI,ECU,85,CAMBIO-JUGADOR-ENTRA,VISITANTE,23,"QUIÑONEZ, ADAIR",1,4:33,11,6
130827,13/12/2025,CHI,ECU,86,CANASTA-2P,LOCAL,15,"VELÁSQUEZ, MATEO",1,4:23,13,6
130827,13/12/2025,CHI,ECU,87,FALTA-COMETIDA,LOCAL,1,"PACHANO, GABRIEL",1,4:10,13,6
130827,13/12/2025,CHI,ECU,88,FALTA-RECIBIDA,VISITANTE,2,"CASTILLO, JUAN",1,4:10,13,6
130827,13/12/2025,CHI,ECU,89,CANASTA-1P,VISITANTE,2,"CASTILLO, JUAN",1,4:10,13,7
130827,13/12/2025,CHI,ECU,90,CANASTA-1P,VISITANTE,2,"CASTILLO, JUAN",1,4:10,13,8
130827,13/12/2025,CHI,ECU,91,CAMBIO-JUGADOR-SALE,LOCAL,8,"ECHEVERRIA, AGUSTIN",1,4:10,13,8
130827,13/12/2025,CHI,ECU,92,CAMBIO-JUGADOR-ENTRA,LOCAL,3,"CASTRO, MATEO",1,4:10,13,8
130827,13/12/2025,CHI,ECU,93,FALTA-COMETIDA,VISITANTE,48,"VARGAS, LHEYDER",1,4:02,13,8
130827,13/12/2025,CHI,ECU,94,FALTA-RECIBIDA,LOCAL,4,"HITSCHFELD, MATHIAS",1,4:02,13,8
130827,13/12/2025,CHI,ECU,95,CAMBIO-JUGADOR-SALE,VISITANTE,48,"VARGAS, LHEYDER",1,4:02,13,8
130827,13/12/2025,CHI,ECU,96,CAMBIO-JUGADOR-ENTRA,VISITANTE,1,"CEVALLOS, MICHAEL",1,4:02,13,8
130827,13/12/2025,CHI,ECU,97,CANASTA-1P,LOCAL,4,"HITSCHFELD, MATHIAS",1,4:02,14,8
130827,13/12/2025,CHI,ECU,98,CANASTA-1P,LOCAL,4,"HITSCHFELD, MATHIAS",1,4:02,15,8
130827,13/12/2025,CHI,ECU,99,CAMBIO-JUGADOR-SALE,LOCAL,17,"QUEZADA, MAXIMILIANO",1,4:02,15,8
130827,13/12/2025,CHI,ECU,100,CAMBIO-JUGADOR-ENTRA,LOCAL,11,"DONOSO, PEDRO",1,4:02,15,8
130827,13/12/2025,CHI,ECU,101,PERDIDA,VISITANTE,1,"CEVALLOS, MICHAEL",1,3:48,15,8
130827,13/12/2025,CHI,ECU,102,CAMBIO-JUGADOR-SALE,VISITANTE,2,"CASTILLO, JUAN",1,3:48,15,8
130827,13/12/2025,CHI,ECU,103,CAMBIO-JUGADOR-ENTRA,VISITANTE,10,"ZAMBRANO, ALHAN",1,3:48,15,8
130827,13/12/2025,CHI,ECU,104,PERDIDA,LOCAL,3,"CASTRO, MATEO",1,3:41,15,8
130827,13/12/2025,CHI,ECU,105,TIEMPO-MUERTO-SOLICITADO,VISITANTE,,,1,3:32,15,8
130827,13/12/2025,CHI,ECU,106,FALTA-COMETIDA,VISITANTE,7,"DAZA, JOSÉ",1,3:21,15,8
130827,13/12/2025,CHI,ECU,107,FALTA-RECIBIDA,LOCAL,4,"HITSCHFELD, MATHIAS",1,3:21,15,8
130827,13/12/2025,CHI,ECU,108,CAMBIO-JUGADOR-SALE,VISITANTE,7,"DAZA, JOSÉ",1,3:21,15,8
130827,13/12/2025,CHI,ECU,109,CAMBIO-JUGADOR-ENTRA,VISITANTE,15,"IBARRA, ISMAEL",1,3:21,15,8
130827,13/12/2025,CHI,ECU,110,CANASTA-1P,LOCAL,4,"HITSCHFELD, MATHIAS",1,3:21,16,8
130827,13/12/2025,CHI,ECU,111,CANASTA-1P,LOCAL,4,"HITSCHFELD, MATHIAS",1,3:21,17,8
130827,13/12/2025,CHI,ECU,112,CAMBIO-JUGADOR-SALE,LOCAL,15,"VELÁSQUEZ, MATEO",1,3:21,17,8
130827,13/12/2025,CHI,ECU,113,CAMBIO-JUGADOR-ENTRA,LOCAL,9,"STUARDO, PEDRO",1,3:21,17,8
130827,13/12/2025,CHI,ECU,114,PERDIDA,VISITANTE,10,"ZAMBRANO, ALHAN",1,3:15,17,8
130827,13/12/2025,CHI,ECU,115,RECUPERACION,LOCAL,4,"HITSCHFELD, MATHIAS",1,3:15,17,8
130827,13/12/2025,CHI,ECU,116,TIRO2-FALLADO,LOCAL,1,"PACHANO, GABRIEL",1,3:10,17,8
130827,13/12/2025,CHI,ECU,117,TAPON-COMETIDO,VISITANTE,10,"ZAMBRANO, ALHAN",1,3:10,17,8
130827,13/12/2025,CHI,ECU,118,REBOTE-OFENSIVO,LOCAL,4,"HITSCHFELD, MATHIAS",1,3:03,17,8
130827,13/12/2025,CHI,ECU,119,TIRO3-FALLADO,LOCAL,4,"HITSCHFELD, MATHIAS",1,3:01,17,8
130827,13/12/2025,CHI,ECU,120,REBOTE-DEFENSIVO,VISITANTE,1,"CEVALLOS, MICHAEL",1,2:58,17,8
130827,13/12/2025,CHI,ECU,121,TIRO3-FALLADO,VISITANTE,32,"COROZO, JEREMY",1,2:42,17,8
130827,13/12/2025,CHI,ECU,122,REBOTE-DEFENSIVO,LOCAL,3,"CASTRO, MATEO",1,2:38,17,8
130827,13/12/2025,CHI,ECU,123,CANASTA-2P,LOCAL,3,"CASTRO, MATEO",1,2:35,19,8
130827,13/12/2025,CHI,ECU,124,FALTA-COMETIDA,VISITANTE,15,"IBARRA, ISMAEL",1,2:32,19,8
130827,13/12/2025,CHI,ECU,125,FALTA-RECIBIDA,LOCAL,3,"CASTRO, MATEO",1,2:32,19,8
130827,13/12/2025,CHI,ECU,126,TIEMPO-MUERTO-SOLICITADO,VISITANTE,,,1,2:32,19,8
130827,13/12/2025,CHI,ECU,127,CANASTA-1P,LOCAL,3,"CASTRO, MATEO",1,2:32,20,8
130827,13/12/2025,CHI,ECU,128,TIEMPO-MUERTO-SOLICITADO,VISITANTE,,,1,2:25,20,8
130827,13/12/2025,CHI,ECU,129,CAMBIO-JUGADOR-SALE,VISITANTE,10,"ZAMBRANO, ALHAN",1,2:25,20,8
130827,13/12/2025,CHI,ECU,130,CAMBIO-JUGADOR-SALE,VISITANTE,15,"IBARRA, ISMAEL",1,2:25,20,8
130827,13/12/2025,CHI,ECU,131,CAMBIO-JUGADOR-ENTRA,VISITANTE,2,"CASTILLO, JUAN",1,2:25,20,8
130827,13/12/2025,CHI,ECU,132,CAMBIO-JUGADOR-ENTRA,VISITANTE,14,"NOBOA, FELIPE",1,2:25,20,8
130827,13/12/2025,CHI,ECU,133,TIRO3-FALLADO,LOCAL,3,"CASTRO, MATEO",1,2:08,20,8
130827,13/12/2025,CHI,ECU,134,TIEMPO-MUERTO-SOLICITADO,LOCAL,,,1,2:05,20,8
130827,13/12/2025,CHI,ECU,135,CANASTA-2P,VISITANTE,23,"QUIÑONEZ, ADAIR",1,1:50,20,10
130827,13/12/2025,CHI,ECU,136,PERDIDA,LOCAL,3,"CASTRO, MATEO",1,1:29,20,10
130827,13/12/2025,CHI,ECU,137,PERDIDA,VISITANTE,23,"QUIÑONEZ, ADAIR",1,1:29,20,10
130827,13/12/2025,CHI,ECU,138,CANASTA-2P,LOCAL,9,"STUARDO, PEDRO",1,1:22,22,10
130827,13/12/2025,CHI,ECU,139,ASISTENCIA,LOCAL,3,"CASTRO, MATEO",1,1:22,22,10
130827,13/12/2025,CHI,ECU,140,PERDIDA,VISITANTE,1,"CEVALLOS, MICHAEL",1,1:05,22,10
130827,13/12/2025,CHI,ECU,141,RECUPERACION,LOCAL,3,"CASTRO, MATEO",1,1:05,22,10
130827,13/12/2025,CHI,ECU,142,PERDIDA,LOCAL,3,"CASTRO, MATEO",1,1:01,22,10
130827,13/12/2025,CHI,ECU,143,CAMBIO-JUGADOR-SALE,VISITANTE,1,"CEVALLOS, MICHAEL",1,0:58,22,10
130827,13/12/2025,CHI,ECU,144,CAMBIO-JUGADOR-ENTRA,VISITANTE,48,"VARGAS, LHEYDER",1,0:58,22,10
130827,13/12/2025,CHI,ECU,145,PERDIDA,VISITANTE,32,"COROZO, JEREMY",1,0:44,22,10
130827,13/12/2025,CHI,ECU,146,RECUPERACION,LOCAL,9,"STUARDO, PEDRO",1,0:44,22,10
130827,13/12/2025,CHI,ECU,147,PERDIDA,LOCAL,3,"CASTRO, MATEO",1,0:29,22,10
130827,13/12/2025,CHI,ECU,148,RECUPERACION,VISITANTE,48,"VARGAS, LHEYDER",1,0:29,22,10
130827,13/12/2025,CHI,ECU,149,PERDIDA,VISITANTE,48,"VARGAS, LHEYDER",1,0:24,22,10
130827,13/12/2025,CHI,ECU,150,CAMBIO-JUGADOR-SALE,LOCAL,3,"CASTRO, MATEO",1,0:24,22,10
130827,13/12/2025,CHI,ECU,151,CAMBIO-JUGADOR-ENTRA,LOCAL,8,"ECHEVERRIA, AGUSTIN",1,0:24,22,10
130827,13/12/2025,CHI,ECU,152,CAMBIO-JUGADOR-SALE,VISITANTE,48,"VARGAS, LHEYDER",1,0:24,22,10
130827,13/12/2025,CHI,ECU,153,CAMBIO-JUGADOR-ENTRA,VISITANTE,33,"REYES, DEIVIS",1,0:24,22,10
130827,13/12/2025,CHI,ECU,154,TIRO2-FALLADO,LOCAL,4,"HITSCHFELD, MATHIAS",1,0:01,22,10
130827,13/12/2025,CHI,ECU,155,REBOTE-DEFENSIVO,VISITANTE,32,"COROZO, JEREMY",1,0:00,22,10
130827,13/12/2025,CHI,ECU,156,FINAL-PERIODO,,,,1,0:00,22,10
130827,13/12/2025,CHI,ECU,157,CAMBIO-JUGADOR-SALE,LOCAL,1,"PACHANO, GABRIEL",2,10:00,22,10
130827,13/12/2025,CHI,ECU,158,CAMBIO-JUGADOR-SALE,LOCAL,4,"HITSCHFELD, MATHIAS",2,10:00,22,10
130827,13/12/2025,CHI,ECU,159,CAMBIO-JUGADOR-SALE,LOCAL,11,"DONOSO, PEDRO",2,10:00,22,10
130827,13/12/2025,CHI,ECU,160,CAMBIO-JUGADOR-ENTRA,LOCAL,0,"MUSRRI, LUIS",2,10:00,22,10
130827,13/12/2025,CHI,ECU,161,CAMBIO-JUGADOR-ENTRA,LOCAL,10,"SARAVIA, FRANCISCO",2,10:00,22,10
130827,13/12/2025,CHI,ECU,162,CAMBIO-JUGADOR-ENTRA,LOCAL,17,"QUEZADA, MAXIMILIANO",2,10:00,22,10
130827,13/12/2025,CHI,ECU,163,CAMBIO-JUGADOR-SALE,VISITANTE,33,"REYES, DEIVIS",2,10:00,22,10
130827,13/12/2025,CHI,ECU,164,CAMBIO-JUGADOR-ENTRA,VISITANTE,12,"MANJARRES, RODRIGO",2,10:00,22,10
130827,13/12/2025,CHI,ECU,165,INICIO-PERIODO,,,,2,10:00,22,10
130827,13/12/2025,CHI,ECU,166,TIRO3-FALLADO,VISITANTE,2,"CASTILLO, JUAN",2,9:47,22,10
130827,13/12/2025,CHI,ECU,167,REBOTE-DEFENSIVO,LOCAL,,,2,9:45,22,10
130827,13/12/2025,CHI,ECU,168,FALTA-COMETIDA,VISITANTE,12,"MANJARRES, RODRIGO",2,9:39,22,10
130827,13/12/2025,CHI,ECU,169,FALTA-RECIBIDA,LOCAL,10,"SARAVIA, FRANCISCO",2,9:39,22,10
130827,13/12/2025,CHI,ECU,170,TIRO2-FALLADO,LOCAL,17,"QUEZADA, MAXIMILIANO",2,9:23,22,10
130827,13/12/2025,CHI,ECU,171,REBOTE-DEFENSIVO,VISITANTE,32,"COROZO, JEREMY",2,9:20,22,10
130827,13/12/2025,CHI,ECU,172,TIRO3-FALLADO,VISITANTE,2,"CASTILLO, JUAN",2,9:11,22,10
130827,13/12/2025,CHI,ECU,173,REBOTE-DEFENSIVO,LOCAL,0,"MUSRRI, LUIS",2,9:08,22,10
130827,13/12/2025,CHI,ECU,174,TIRO3-FALLADO,LOCAL,8,"ECHEVERRIA, AGUSTIN",2,9:02,22,10
130827,13/12/2025,CHI,ECU,175,REBOTE-DEFENSIVO,VISITANTE,23,"QUIÑONEZ, ADAIR",2,8:57,22,10
130827,13/12/2025,CHI,ECU,176,CANASTA-2P,VISITANTE,2,"CASTILLO, JUAN",2,8:45,22,12
130827,13/12/2025,CHI,ECU,177,FALTA-COMETIDA,LOCAL,0,"MUSRRI, LUIS",2,8:45,22,12
130827,13/12/2025,CHI,ECU,178,FALTA-RECIBIDA,VISITANTE,2,"CASTILLO, JUAN",2,8:45,22,12
130827,13/12/2025,CHI,ECU,179,TIRO1-FALLADO,VISITANTE,2,"CASTILLO, JUAN",2,8:45,22,12
130827,13/12/2025,CHI,ECU,180,REBOTE-DEFENSIVO,LOCAL,9,"STUARDO, PEDRO",2,8:45,22,12
130827,13/12/2025,CHI,ECU,181,PERDIDA,LOCAL,0,"MUSRRI, LUIS",2,8:36,22,12
130827,13/12/2025,CHI,ECU,182,RECUPERACION,VISITANTE,12,"MANJARRES, RODRIGO",2,8:36,22,12
130827,13/12/2025,CHI,ECU,183,CANASTA-2P,VISITANTE,12,"MANJARRES, RODRIGO",2,8:26,22,14
130827,13/12/2025,CHI,ECU,184,CANASTA-2P,LOCAL,10,"SARAVIA, FRANCISCO",2,7:56,24,14
130827,13/12/2025,CHI,ECU,185,FALTA-COMETIDA,LOCAL,17,"QUEZADA, MAXIMILIANO",2,7:43,24,14
130827,13/12/2025,CHI,ECU,186,FALTA-RECIBIDA,VISITANTE,32,"COROZO, JEREMY",2,7:43,24,14
130827,13/12/2025,CHI,ECU,187,CAMBIO-JUGADOR-SALE,VISITANTE,23,"QUIÑONEZ, ADAIR",2,7:43,24,14
130827,13/12/2025,CHI,ECU,188,CAMBIO-JUGADOR-ENTRA,VISITANTE,10,"ZAMBRANO, ALHAN",2,7:43,24,14
130827,13/12/2025,CHI,ECU,189,TIRO1-FALLADO,VISITANTE,32,"COROZO, JEREMY",2,7:43,24,14
130827,13/12/2025,CHI,ECU,190,TIRO1-FALLADO,VISITANTE,32,"COROZO, JEREMY",2,7:43,24,14
130827,13/12/2025,CHI,ECU,191,REBOTE-DEFENSIVO,LOCAL,9,"STUARDO, PEDRO",2,7:43,24,14
130827,13/12/2025,CHI,ECU,192,CANASTA-2P,LOCAL,8,"ECHEVERRIA, AGUSTIN",2,7:25,26,14
130827,13/12/2025,CHI,ECU,193,TIRO2-FALLADO,VISITANTE,10,"ZAMBRANO, ALHAN",2,7:10,26,14
130827,13/12/2025,CHI,ECU,194,REBOTE-OFENSIVO,VISITANTE,14,"NOBOA, FELIPE",2,7:07,26,14
130827,13/12/2025,CHI,ECU,195,TIRO2-FALLADO,VISITANTE,14,"NOBOA, FELIPE",2,7:06,26,14
130827,13/12/2025,CHI,ECU,196,REBOTE-OFENSIVO,VISITANTE,14,"NOBOA, FELIPE",2,7:03,26,14
130827,13/12/2025,CHI,ECU,197,TIRO3-FALLADO,VISITANTE,12,"MANJARRES, RODRIGO",2,7:00,26,14
130827,13/12/2025,CHI,ECU,198,REBOTE-DEFENSIVO,LOCAL,9,"STUARDO, PEDRO",2,6:51,26,14
130827,13/12/2025,CHI,ECU,199,FALTA-COMETIDA,VISITANTE,14,"NOBOA, FELIPE",2,6:49,26,14
130827,13/12/2025,CHI,ECU,200,FALTA-RECIBIDA,LOCAL,9,"STUARDO, PEDRO",2,6:49,26,14
130827,13/12/2025,CHI,ECU,201,TIRO2-FALLADO,LOCAL,9,"STUARDO, PEDRO",2,6:49,26,14
130827,13/12/2025,CHI,ECU,202,REBOTE-DEFENSIVO,VISITANTE,32,"COROZO, JEREMY",2,6:49,26,14
130827,13/12/2025,CHI,ECU,203,TIRO3-FALLADO,VISITANTE,2,"CASTILLO, JUAN",2,6:49,26,14
130827,13/12/2025,CHI,ECU,204,REBOTE-DEFENSIVO,LOCAL,17,"QUEZADA, MAXIMILIANO",2,6:45,26,14
130827,13/12/2025,CHI,ECU,205,CANASTA-2P,LOCAL,0,"MUSRRI, LUIS",2,6:44,28,14
130827,13/12/2025,CHI,ECU,206,PERDIDA,VISITANTE,2,"CASTILLO, JUAN",2,6:26,28,14
130827,13/12/2025,CHI,ECU,207,RECUPERACION,LOCAL,9,"STUARDO, PEDRO",2,6:26,28,14
130827,13/12/2025,CHI,ECU,208,PERDIDA,LOCAL,10,"SARAVIA, FRANCISCO",2,6:18,28,14
130827,13/12/2025,CHI,ECU,209,RECUPERACION,VISITANTE,14,"NOBOA, FELIPE",2,6:18,28,14
130827,13/12/2025,CHI,ECU,210,PERDIDA,VISITANTE,14,"NOBOA, FELIPE",2,6:11,28,14
130827,13/12/2025,CHI,ECU,211,CAMBIO-JUGADOR-SALE,VISITANTE,2,"CASTILLO, JUAN",2,6:10,28,14
130827,13/12/2025,CHI,ECU,212,CAMBIO-JUGADOR-SALE,VISITANTE,14,"NOBOA, FELIPE",2,6:10,28,14
130827,13/12/2025,CHI,ECU,213,CAMBIO-JUGADOR-ENTRA,VISITANTE,13,"MINA, JAHIR",2,6:10,28,14
130827,13/12/2025,CHI,ECU,214,CAMBIO-JUGADOR-ENTRA,VISITANTE,23,"QUIÑONEZ, ADAIR",2,6:10,28,14
130827,13/12/2025,CHI,ECU,215,TIRO2-FALLADO,LOCAL,17,"QUEZADA, MAXIMILIANO",2,5:57,28,14
130827,13/12/2025,CHI,ECU,216,REBOTE-DEFENSIVO,VISITANTE,13,"MINA, JAHIR",2,5:53,28,14
130827,13/12/2025,CHI,ECU,217,CAMBIO-JUGADOR-SALE,LOCAL,9,"STUARDO, PEDRO",2,5:51,28,14
130827,13/12/2025,CHI,ECU,218,CAMBIO-JUGADOR-SALE,LOCAL,17,"QUEZADA, MAXIMILIANO",2,5:51,28,14
130827,13/12/2025,CHI,ECU,219,CAMBIO-JUGADOR-ENTRA,LOCAL,11,"DONOSO, PEDRO",2,5:51,28,14
130827,13/12/2025,CHI,ECU,220,CAMBIO-JUGADOR-ENTRA,LOCAL,15,"VELÁSQUEZ, MATEO",2,5:51,28,14
130827,13/12/2025,CHI,ECU,221,CAMBIO-JUGADOR-SALE,VISITANTE,32,"COROZO, JEREMY",2,5:51,28,14
130827,13/12/2025,CHI,ECU,222,CAMBIO-JUGADOR-ENTRA,VISITANTE,15,"IBARRA, ISMAEL",2,5:51,28,14
130827,13/12/2025,CHI,ECU,223,TIRO2-FALLADO,VISITANTE,10,"ZAMBRANO, ALHAN",2,5:39,28,14
130827,13/12/2025,CHI,ECU,224,REBOTE-OFENSIVO,VISITANTE,23,"QUIÑONEZ, ADAIR",2,5:35,28,14
130827,13/12/2025,CHI,ECU,225,TIRO3-FALLADO,VISITANTE,10,"ZAMBRANO, ALHAN",2,5:33,28,14
130827,13/12/2025,CHI,ECU,226,TAPON-COMETIDO,LOCAL,11,"DONOSO, PEDRO",2,5:33,28,14
130827,13/12/2025,CHI,ECU,227,REBOTE-OFENSIVO,VISITANTE,23,"QUIÑONEZ, ADAIR",2,5:28,28,14
130827,13/12/2025,CHI,ECU,228,CANASTA-2P,VISITANTE,15,"IBARRA, ISMAEL",2,5:27,28,16
130827,13/12/2025,CHI,ECU,229,ASISTENCIA,VISITANTE,23,"QUIÑONEZ, ADAIR",2,5:27,28,16
130827,13/12/2025,CHI,ECU,230,TIRO3-FALLADO,LOCAL,10,"SARAVIA, FRANCISCO",2,5:15,28,16
130827,13/12/2025,CHI,ECU,231,REBOTE-OFENSIVO,LOCAL,8,"ECHEVERRIA, AGUSTIN",2,5:09,28,16
130827,13/12/2025,CHI,ECU,232,CANASTA-2P,LOCAL,8,"ECHEVERRIA, AGUSTIN",2,5:09,30,16
130827,13/12/2025,CHI,ECU,233,FALTA-COMETIDA,LOCAL,10,"SARAVIA, FRANCISCO",2,4:58,30,16
130827,13/12/2025,CHI,ECU,234,FALTA-RECIBIDA,VISITANTE,15,"IBARRA, ISMAEL",2,4:58,30,16
130827,13/12/2025,CHI,ECU,235,TIRO1-FALLADO,VISITANTE,15,"IBARRA, ISMAEL",2,4:58,30,16
130827,13/12/2025,CHI,ECU,236,TIRO1-FALLADO,VISITANTE,15,"IBARRA, ISMAEL",2,4:58,30,16
130827,13/12/2025,CHI,ECU,237,REBOTE-DEFENSIVO,LOCAL,,,2,4:58,30,16
130827,13/12/2025,CHI,ECU,238,CANASTA-2P,LOCAL,0,"MUSRRI, LUIS",2,4:40,32,16
130827,13/12/2025,CHI,ECU,239,PERDIDA,VISITANTE,10,"ZAMBRANO, ALHAN",2,4:29,32,16
130827,13/12/2025,CHI,ECU,240,RECUPERACION,LOCAL,10,"SARAVIA, FRANCISCO",2,4:29,32,16
130827,13/12/2025,CHI,ECU,241,CANASTA-2P,LOCAL,10,"SARAVIA, FRANCISCO",2,4:25,34,16
130827,13/12/2025,CHI,ECU,242,PERDIDA,VISITANTE,12,"MANJARRES, RODRIGO",2,4:17,34,16
130827,13/12/2025,CHI,ECU,243,CAMBIO-JUGADOR-SALE,LOCAL,8,"ECHEVERRIA, AGUSTIN",2,4:13,34,16
130827,13/12/2025,CHI,ECU,244,CAMBIO-JUGADOR-ENTRA,LOCAL,4,"HITSCHFELD, MATHIAS",2,4:13,34,16
130827,13/12/2025,CHI,ECU,245,CAMBIO-JUGADOR-SALE,VISITANTE,10,"ZAMBRANO, ALHAN",2,3:53,34,16
130827,13/12/2025,CHI,ECU,246,CAMBIO-JUGADOR-ENTRA,VISITANTE,2,"CASTILLO, JUAN",2,3:53,34,16
130827,13/12/2025,CHI,ECU,247,CANASTA-3P,LOCAL,0,"MUSRRI, LUIS",2,3:45,37,16
130827,13/12/2025,CHI,ECU,248,FALTA-COMETIDA,VISITANTE,15,"IBARRA, ISMAEL",2,3:37,37,16
130827,13/12/2025,CHI,ECU,249,PERDIDA,VISITANTE,15,"IBARRA, ISMAEL",2,3:37,37,16
130827,13/12/2025,CHI,ECU,250,FALTA-RECIBIDA,LOCAL,11,"DONOSO, PEDRO",2,3:37,37,16
130827,13/12/2025,CHI,ECU,251,CAMBIO-JUGADOR-SALE,LOCAL,10,"SARAVIA, FRANCISCO",2,3:37,37,16
130827,13/12/2025,CHI,ECU,252,CAMBIO-JUGADOR-ENTRA,LOCAL,2,"LA RIVERA, TOMAS",2,3:37,37,16
130827,13/12/2025,CHI,ECU,253,CANASTA-3P,LOCAL,0,"MUSRRI, LUIS",2,3:22,40,16
130827,13/12/2025,CHI,ECU,254,TIRO2-FALLADO,VISITANTE,15,"IBARRA, ISMAEL",2,3:05,40,16
130827,13/12/2025,CHI,ECU,255,REBOTE-OFENSIVO,VISITANTE,12,"MANJARRES, RODRIGO",2,3:01,40,16
130827,13/12/2025,CHI,ECU,256,FALTA-COMETIDA,LOCAL,11,"DONOSO, PEDRO",2,3:00,40,16
130827,13/12/2025,CHI,ECU,257,FALTA-RECIBIDA,VISITANTE,12,"MANJARRES, RODRIGO",2,3:00,40,16
130827,13/12/2025,CHI,ECU,258,TIRO1-FALLADO,VISITANTE,12,"MANJARRES, RODRIGO",2,3:00,40,16
130827,13/12/2025,CHI,ECU,259,TIRO1-FALLADO,VISITANTE,12,"MANJARRES, RODRIGO",2,3:00,40,16
130827,13/12/2025,CHI,ECU,260,REBOTE-DEFENSIVO,LOCAL,11,"DONOSO, PEDRO",2,3:00,40,16
130827,13/12/2025,CHI,ECU,261,CANASTA-3P,LOCAL,2,"LA RIVERA, TOMAS",2,2:41,43,16
130827,13/12/2025,CHI,ECU,262,ASISTENCIA,LOCAL,0,"MUSRRI, LUIS",2,2:41,43,16
130827,13/12/2025,CHI,ECU,263,TIRO3-FALLADO,VISITANTE,2,"CASTILLO, JUAN",2,2:32,43,16
130827,13/12/2025,CHI,ECU,264,REBOTE-OFENSIVO,VISITANTE,23,"QUIÑONEZ, ADAIR",2,2:29,43,16
130827,13/12/2025,CHI,ECU,265,CAMBIO-JUGADOR-SALE,LOCAL,0,"MUSRRI, LUIS",2,2:29,43,16
130827,13/12/2025,CHI,ECU,266,CAMBIO-JUGADOR-ENTRA,LOCAL,1,"PACHANO, GABRIEL",2,2:29,43,16
130827,13/12/2025,CHI,ECU,267,CAMBIO-JUGADOR-SALE,VISITANTE,13,"MINA, JAHIR",2,2:29,43,16
130827,13/12/2025,CHI,ECU,268,CAMBIO-JUGADOR-ENTRA,VISITANTE,1,"CEVALLOS, MICHAEL",2,2:29,43,16
130827,13/12/2025,CHI,ECU,269,TIRO3-FALLADO,VISITANTE,2,"CASTILLO, JUAN",2,2:23,43,16
130827,13/12/2025,CHI,ECU,270,REBOTE-DEFENSIVO,LOCAL,11,"DONOSO, PEDRO",2,2:18,43,16
130827,13/12/2025,CHI,ECU,271,PERDIDA,LOCAL,15,"VELÁSQUEZ, MATEO",2,2:15,43,16
130827,13/12/2025,CHI,ECU,272,RECUPERACION,VISITANTE,15,"IBARRA, ISMAEL",2,2:15,43,16
130827,13/12/2025,CHI,ECU,273,TIRO2-FALLADO,VISITANTE,15,"IBARRA, ISMAEL",2,2:03,43,16
130827,13/12/2025,CHI,ECU,274,REBOTE-OFENSIVO,VISITANTE,15,"IBARRA, ISMAEL",2,2:00,43,16
130827,13/12/2025,CHI,ECU,275,TIRO3-FALLADO,VISITANTE,23,"QUIÑONEZ, ADAIR",2,1:57,43,16
130827,13/12/2025,CHI,ECU,276,REBOTE-OFENSIVO,VISITANTE,12,"MANJARRES, RODRIGO",2,1:54,43,16
130827,13/12/2025,CHI,ECU,277,CANASTA-2P,VISITANTE,12,"MANJARRES, RODRIGO",2,1:52,43,18
130827,13/12/2025,CHI,ECU,278,CANASTA-2P,LOCAL,11,"DONOSO, PEDRO",2,1:39,45,18
130827,13/12/2025,CHI,ECU,279,ASISTENCIA,LOCAL,15,"VELÁSQUEZ, MATEO",2,1:39,45,18
130827,13/12/2025,CHI,ECU,280,CAMBIO-JUGADOR-SALE,LOCAL,11,"DONOSO, PEDRO",2,1:28,45,18
130827,13/12/2025,CHI,ECU,281,CAMBIO-JUGADOR-SALE,LOCAL,15,"VELÁSQUEZ, MATEO",2,1:28,45,18
130827,13/12/2025,CHI,ECU,282,CAMBIO-JUGADOR-ENTRA,LOCAL,7,"PINO, TOMAS",2,1:28,45,18
130827,13/12/2025,CHI,ECU,283,CAMBIO-JUGADOR-ENTRA,LOCAL,17,"QUEZADA, MAXIMILIANO",2,1:28,45,18
130827,13/12/2025,CHI,ECU,284,TIRO2-FALLADO,VISITANTE,1,"CEVALLOS, MICHAEL",2,1:22,45,18
130827,13/12/2025,CHI,ECU,285,REBOTE-OFENSIVO,VISITANTE,1,"CEVALLOS, MICHAEL",2,1:17,45,18
130827,13/12/2025,CHI,ECU,286,TIRO3-FALLADO,VISITANTE,1,"CEVALLOS, MICHAEL",2,1:15,45,18
130827,13/12/2025,CHI,ECU,287,REBOTE-OFENSIVO,VISITANTE,,,2,1:12,45,18
130827,13/12/2025,CHI,ECU,288,VTR,VISITANTE,,,2,1:12,45,18
130827,13/12/2025,CHI,ECU,289,TIRO2-FALLADO,VISITANTE,15,"IBARRA, ISMAEL",2,1:10,45,18
130827,13/12/2025,CHI,ECU,290,REBOTE-DEFENSIVO,LOCAL,17,"QUEZADA, MAXIMILIANO",2,1:07,45,18
130827,13/12/2025,CHI,ECU,291,CANASTA-2P,LOCAL,7,"PINO, TOMAS",2,1:04,47,18
130827,13/12/2025,CHI,ECU,292,ASISTENCIA,LOCAL,1,"PACHANO, GABRIEL",2,1:04,47,18
130827,13/12/2025,CHI,ECU,293,TIRO3-FALLADO,VISITANTE,1,"CEVALLOS, MICHAEL",2,0:35,47,18
130827,13/12/2025,CHI,ECU,294,TIEMPO-MUERTO-SOLICITADO,VISITANTE,,,2,0:34,47,18
130827,13/12/2025,CHI,ECU,295,TIEMPO-MUERTO-SOLICITADO,LOCAL,,,2,0:34,47,18
130827,13/12/2025,CHI,ECU,296,PERDIDA,LOCAL,4,"HITSCHFELD, MATHIAS",2,0:20,47,18
130827,13/12/2025,CHI,ECU,297,RECUPERACION,VISITANTE,15,"IBARRA, ISMAEL",2,0:20,47,18
130827,13/12/2025,CHI,ECU,298,FALTA-COMETIDA,LOCAL,17,"QUEZADA, MAXIMILIANO",2,0:05,47,18
130827,13/12/2025,CHI,ECU,299,FALTA-RECIBIDA,VISITANTE,1,"CEVALLOS, MICHAEL",2,0:05,47,18
130827,13/12/2025,CHI,ECU,300,TIRO1-FALLADO,VISITANTE,1,"CEVALLOS, MICHAEL",2,0:05,47,18
130827,13/12/2025,CHI,ECU,301,TIRO1-FALLADO,VISITANTE,1,"CEVALLOS, MICHAEL",2,0:05,47,18
130827,13/12/2025,CHI,ECU,302,REBOTE-OFENSIVO,VISITANTE,23,"QUIÑONEZ, ADAIR",2,0:05,47,18
130827,13/12/2025,CHI,ECU,303,TIRO3-FALLADO,VISITANTE,23,"QUIÑONEZ, ADAIR",2,0:03,47,18
130827,13/12/2025,CHI,ECU,304,REBOTE-DEFENSIVO,LOCAL,17,"QUEZADA, MAXIMILIANO",2,0:00,47,18
130827,13/12/2025,CHI,ECU,305,FINAL-PERIODO,,,,2,0:00,47,18
130827,13/12/2025,CHI,ECU,306,CAMBIO-JUGADOR-SALE,LOCAL,4,"HITSCHFELD, MATHIAS",3,10:00,47,18
130827,13/12/2025,CHI,ECU,307,CAMBIO-JUGADOR-SALE,LOCAL,7,"PINO, TOMAS",3,10:00,47,18
130827,13/12/2025,CHI,ECU,308,CAMBIO-JUGADOR-ENTRA,LOCAL,8,"ECHEVERRIA, AGUSTIN",3,10:00,47,18
130827,13/12/2025,CHI,ECU,309,CAMBIO-JUGADOR-ENTRA,LOCAL,15,"VELÁSQUEZ, MATEO",3,10:00,47,18
130827,13/12/2025,CHI,ECU,310,CAMBIO-JUGADOR-SALE,VISITANTE,1,"CEVALLOS, MICHAEL",3,10:00,47,18
130827,13/12/2025,CHI,ECU,311,CAMBIO-JUGADOR-SALE,VISITANTE,15,"IBARRA, ISMAEL",3,10:00,47,18
130827,13/12/2025,CHI,ECU,312,CAMBIO-JUGADOR-ENTRA,VISITANTE,32,"COROZO, JEREMY",3,10:00,47,18
130827,13/12/2025,CHI,ECU,313,CAMBIO-JUGADOR-ENTRA,VISITANTE,48,"VARGAS, LHEYDER",3,10:00,47,18
130827,13/12/2025,CHI,ECU,314,INICIO-PERIODO,,,,3,10:00,47,18
130827,13/12/2025,CHI,ECU,315,FALTA-COMETIDA,VISITANTE,12,"MANJARRES, RODRIGO",3,9:51,47,18
130827,13/12/2025,CHI,ECU,316,FALTA-RECIBIDA,LOCAL,15,"VELÁSQUEZ, MATEO",3,9:51,47,18
130827,13/12/2025,CHI,ECU,317,TIRO3-FALLADO,LOCAL,8,"ECHEVERRIA, AGUSTIN",3,9:41,47,18
130827,13/12/2025,CHI,ECU,318,REBOTE-DEFENSIVO,VISITANTE,2,"CASTILLO, JUAN",3,9:39,47,18
130827,13/12/2025,CHI,ECU,319,CANASTA-2P,VISITANTE,23,"QUIÑONEZ, ADAIR",3,9:36,47,20
130827,13/12/2025,CHI,ECU,320,ASISTENCIA,VISITANTE,2,"CASTILLO, JUAN",3,9:36,47,20
130827,13/12/2025,CHI,ECU,321,PERDIDA,LOCAL,1,"PACHANO, GABRIEL",3,9:15,47,20
130827,13/12/2025,CHI,ECU,322,RECUPERACION,VISITANTE,2,"CASTILLO, JUAN",3,9:15,47,20
130827,13/12/2025,CHI,ECU,323,CANASTA-2P,VISITANTE,23,"QUIÑONEZ, ADAIR",3,9:10,47,22
130827,13/12/2025,CHI,ECU,324,ASISTENCIA,VISITANTE,2,"CASTILLO, JUAN",3,9:10,47,22
130827,13/12/2025,CHI,ECU,325,TIEMPO-MUERTO-SOLICITADO,LOCAL,,,3,9:05,47,22
130827,13/12/2025,CHI,ECU,326,TIRO3-FALLADO,LOCAL,15,"VELÁSQUEZ, MATEO",3,8:49,47,22
130827,13/12/2025,CHI,ECU,327,REBOTE-DEFENSIVO,VISITANTE,23,"QUIÑONEZ, ADAIR",3,8:47,47,22
130827,13/12/2025,CHI,ECU,328,CANASTA-3P,VISITANTE,48,"VARGAS, LHEYDER",3,8:32,47,25
130827,13/12/2025,CHI,ECU,329,ASISTENCIA,VISITANTE,2,"CASTILLO, JUAN",3,8:32,47,25
130827,13/12/2025,CHI,ECU,330,CANASTA-2P,LOCAL,15,"VELÁSQUEZ, MATEO",3,8:12,49,25
130827,13/12/2025,CHI,ECU,331,ASISTENCIA,LOCAL,1,"PACHANO, GABRIEL",3,8:12,49,25
130827,13/12/2025,CHI,ECU,332,TIRO2-FALLADO,VISITANTE,32,"COROZO, JEREMY",3,7:59,49,25
130827,13/12/2025,CHI,ECU,333,REBOTE-DEFENSIVO,LOCAL,1,"PACHANO, GABRIEL",3,7:55,49,25
130827,13/12/2025,CHI,ECU,334,FALTA-COMETIDA,VISITANTE,32,"COROZO, JEREMY",3,7:48,49,25
130827,13/12/2025,CHI,ECU,335,FALTA-RECIBIDA,LOCAL,1,"PACHANO, GABRIEL",3,7:48,49,25
130827,13/12/2025,CHI,ECU,336,TIRO2-FALLADO,LOCAL,17,"QUEZADA, MAXIMILIANO",3,7:38,49,25
130827,13/12/2025,CHI,ECU,337,REBOTE-DEFENSIVO,VISITANTE,23,"QUIÑONEZ, ADAIR",3,7:35,49,25
130827,13/12/2025,CHI,ECU,338,TIRO2-FALLADO,VISITANTE,12,"MANJARRES, RODRIGO",3,7:25,49,25
130827,13/12/2025,CHI,ECU,339,TAPON-COMETIDO,LOCAL,17,"QUEZADA, MAXIMILIANO",3,7:25,49,25
130827,13/12/2025,CHI,ECU,340,REBOTE-OFENSIVO,VISITANTE,32,"COROZO, JEREMY",3,7:20,49,25
130827,13/12/2025,CHI,ECU,341,PERDIDA,VISITANTE,23,"QUIÑONEZ, ADAIR",3,7:15,49,25
130827,13/12/2025,CHI,ECU,342,RECUPERACION,LOCAL,1,"PACHANO, GABRIEL",3,7:15,49,25
130827,13/12/2025,CHI,ECU,343,CANASTA-2P,LOCAL,1,"PACHANO, GABRIEL",3,7:11,51,25
130827,13/12/2025,CHI,ECU,344,TIRO2-FALLADO,VISITANTE,2,"CASTILLO, JUAN",3,6:59,51,25
130827,13/12/2025,CHI,ECU,345,REBOTE-OFENSIVO,VISITANTE,32,"COROZO, JEREMY",3,6:55,51,25
130827,13/12/2025,CHI,ECU,346,CANASTA-3P,VISITANTE,2,"CASTILLO, JUAN",3,6:53,51,28
130827,13/12/2025,CHI,ECU,347,ASISTENCIA,VISITANTE,32,"COROZO, JEREMY",3,6:53,51,28
130827,13/12/2025,CHI,ECU,348,CANASTA-2P,LOCAL,1,"PACHANO, GABRIEL",3,6:31,53,28
130827,13/12/2025,CHI,ECU,349,ASISTENCIA,LOCAL,17,"QUEZADA, MAXIMILIANO",3,6:31,53,28
130827,13/12/2025,CHI,ECU,350,CANASTA-2P,VISITANTE,2,"CASTILLO, JUAN",3,6:18,53,30
130827,13/12/2025,CHI,ECU,351,FALTA-COMETIDA,LOCAL,1,"PACHANO, GABRIEL",3,6:18,53,30
130827,13/12/2025,CHI,ECU,352,FALTA-RECIBIDA,VISITANTE,2,"CASTILLO, JUAN",3,6:18,53,30
130827,13/12/2025,CHI,ECU,353,CAMBIO-JUGADOR-SALE,LOCAL,17,"QUEZADA, MAXIMILIANO",3,6:18,53,30
130827,13/12/2025,CHI,ECU,354,CAMBIO-JUGADOR-ENTRA,LOCAL,11,"DONOSO, PEDRO",3,6:18,53,30
130827,13/12/2025,CHI,ECU,355,TIRO1-FALLADO,VISITANTE,2,"CASTILLO, JUAN",3,6:18,53,30
130827,13/12/2025,CHI,ECU,356,REBOTE-DEFENSIVO,LOCAL,15,"VELÁSQUEZ, MATEO",3,6:18,53,30
130827,13/12/2025,CHI,ECU,357,TIRO3-FALLADO,LOCAL,8,"ECHEVERRIA, AGUSTIN",3,6:07,53,30
130827,13/12/2025,CHI,ECU,358,REBOTE-DEFENSIVO,VISITANTE,23,"QUIÑONEZ, ADAIR",3,6:04,53,30
130827,13/12/2025,CHI,ECU,359,PERDIDA,VISITANTE,2,"CASTILLO, JUAN",3,6:00,53,30
130827,13/12/2025,CHI,ECU,360,RECUPERACION,LOCAL,15,"VELÁSQUEZ, MATEO",3,6:00,53,30
130827,13/12/2025,CHI,ECU,361,TIRO2-FALLADO,LOCAL,15,"VELÁSQUEZ, MATEO",3,5:43,53,30
130827,13/12/2025,CHI,ECU,362,REBOTE-DEFENSIVO,VISITANTE,32,"COROZO, JEREMY",3,5:40,53,30
130827,13/12/2025,CHI,ECU,363,CAMBIO-JUGADOR-SALE,VISITANTE,12,"MANJARRES, RODRIGO",3,5:36,53,30
130827,13/12/2025,CHI,ECU,364,CAMBIO-JUGADOR-ENTRA,VISITANTE,14,"NOBOA, FELIPE",3,5:36,53,30
130827,13/12/2025,CHI,ECU,365,CANASTA-2P,VISITANTE,32,"COROZO, JEREMY",3,5:30,53,32
130827,13/12/2025,CHI,ECU,366,ASISTENCIA,VISITANTE,2,"CASTILLO, JUAN",3,5:30,53,32
130827,13/12/2025,CHI,ECU,367,TIRO2-FALLADO,LOCAL,2,"LA RIVERA, TOMAS",3,5:16,53,32
130827,13/12/2025,CHI,ECU,368,TAPON-COMETIDO,VISITANTE,32,"COROZO, JEREMY",3,5:16,53,32
130827,13/12/2025,CHI,ECU,369,REBOTE-DEFENSIVO,VISITANTE,32,"COROZO, JEREMY",3,5:16,53,32
130827,13/12/2025,CHI,ECU,370,PERDIDA,VISITANTE,23,"QUIÑONEZ, ADAIR",3,5:08,53,32
130827,13/12/2025,CHI,ECU,371,CAMBIO-JUGADOR-SALE,LOCAL,15,"VELÁSQUEZ, MATEO",3,5:08,53,32
130827,13/12/2025,CHI,ECU,372,CAMBIO-JUGADOR-ENTRA,LOCAL,9,"STUARDO, PEDRO",3,5:08,53,32
130827,13/12/2025,CHI,ECU,373,CAMBIO-JUGADOR-SALE,VISITANTE,2,"CASTILLO, JUAN",3,5:08,53,32
130827,13/12/2025,CHI,ECU,374,CAMBIO-JUGADOR-SALE,VISITANTE,48,"VARGAS, LHEYDER",3,5:08,53,32
130827,13/12/2025,CHI,ECU,375,CAMBIO-JUGADOR-ENTRA,VISITANTE,1,"CEVALLOS, MICHAEL",3,5:08,53,32
130827,13/12/2025,CHI,ECU,376,CAMBIO-JUGADOR-ENTRA,VISITANTE,10,"ZAMBRANO, ALHAN",3,5:08,53,32
130827,13/12/2025,CHI,ECU,377,CANASTA-2P,LOCAL,2,"LA RIVERA, TOMAS",3,5:05,55,32
130827,13/12/2025,CHI,ECU,378,TIRO2-FALLADO,VISITANTE,1,"CEVALLOS, MICHAEL",3,4:43,55,32
130827,13/12/2025,CHI,ECU,379,REBOTE-OFENSIVO,VISITANTE,32,"COROZO, JEREMY",3,4:39,55,32
130827,13/12/2025,CHI,ECU,380,CANASTA-2P,VISITANTE,32,"COROZO, JEREMY",3,4:39,55,34
130827,13/12/2025,CHI,ECU,381,TIRO3-FALLADO,LOCAL,2,"LA RIVERA, TOMAS",3,4:25,55,34
130827,13/12/2025,CHI,ECU,382,REBOTE-OFENSIVO,LOCAL,11,"DONOSO, PEDRO",3,4:22,55,34
130827,13/12/2025,CHI,ECU,383,FALTA-COMETIDA,VISITANTE,1,"CEVALLOS, MICHAEL",3,4:21,55,34
130827,13/12/2025,CHI,ECU,384,FALTA-RECIBIDA,LOCAL,11,"DONOSO, PEDRO",3,4:21,55,34
130827,13/12/2025,CHI,ECU,385,CANASTA-1P,LOCAL,11,"DONOSO, PEDRO",3,4:21,56,34
130827,13/12/2025,CHI,ECU,386,TIRO1-FALLADO,LOCAL,11,"DONOSO, PEDRO",3,4:21,56,34
130827,13/12/2025,CHI,ECU,387,REBOTE-DEFENSIVO,VISITANTE,23,"QUIÑONEZ, ADAIR",3,4:21,56,34
130827,13/12/2025,CHI,ECU,388,TIRO2-FALLADO,VISITANTE,14,"NOBOA, FELIPE",3,4:15,56,34
130827,13/12/2025,CHI,ECU,389,TAPON-COMETIDO,LOCAL,2,"LA RIVERA, TOMAS",3,4:15,56,34
130827,13/12/2025,CHI,ECU,390,REBOTE-OFENSIVO,VISITANTE,14,"NOBOA, FELIPE",3,4:09,56,34
130827,13/12/2025,CHI,ECU,391,JUMP-BALL,VISITANTE,,,3,4:09,56,34
130827,13/12/2025,CHI,ECU,392,CAMBIO-JUGADOR-SALE,LOCAL,1,"PACHANO, GABRIEL",3,4:09,56,34
130827,13/12/2025,CHI,ECU,393,CAMBIO-JUGADOR-SALE,LOCAL,8,"ECHEVERRIA, AGUSTIN",3,4:09,56,34
130827,13/12/2025,CHI,ECU,394,CAMBIO-JUGADOR-ENTRA,LOCAL,0,"MUSRRI, LUIS",3,4:09,56,34
130827,13/12/2025,CHI,ECU,395,CAMBIO-JUGADOR-ENTRA,LOCAL,4,"HITSCHFELD, MATHIAS",3,4:09,56,34
130827,13/12/2025,CHI,ECU,396,TIRO2-FALLADO,VISITANTE,1,"CEVALLOS, MICHAEL",3,3:45,56,34
130827,13/12/2025,CHI,ECU,397,REBOTE-OFENSIVO,VISITANTE,1,"CEVALLOS, MICHAEL",3,3:42,56,34
130827,13/12/2025,CHI,ECU,398,TIRO3-FALLADO,VISITANTE,10,"ZAMBRANO, ALHAN",3,3:40,56,34
130827,13/12/2025,CHI,ECU,399,REBOTE-DEFENSIVO,LOCAL,0,"MUSRRI, LUIS",3,3:38,56,34
130827,13/12/2025,CHI,ECU,400,FALTA-COMETIDA,VISITANTE,14,"NOBOA, FELIPE",3,3:37,56,34
130827,13/12/2025,CHI,ECU,401,FALTA-RECIBIDA,LOCAL,0,"MUSRRI, LUIS",3,3:37,56,34
130827,13/12/2025,CHI,ECU,402,CAMBIO-JUGADOR-SALE,VISITANTE,32,"COROZO, JEREMY",3,3:28,56,34
130827,13/12/2025,CHI,ECU,403,CAMBIO-JUGADOR-ENTRA,VISITANTE,7,"DAZA, JOSÉ",3,3:28,56,34
130827,13/12/2025,CHI,ECU,404,FALTA-COMETIDA,LOCAL,2,"LA RIVERA, TOMAS",3,3:22,56,34
130827,13/12/2025,CHI,ECU,405,PERDIDA,LOCAL,2,"LA RIVERA, TOMAS",3,3:22,56,34
130827,13/12/2025,CHI,ECU,406,FALTA-RECIBIDA,VISITANTE,7,"DAZA, JOSÉ",3,3:22,56,34
130827,13/12/2025,CHI,ECU,407,FALTA-COMETIDA,LOCAL,4,"HITSCHFELD, MATHIAS",3,3:16,56,34
130827,13/12/2025,CHI,ECU,408,FALTA-RECIBIDA,VISITANTE,1,"CEVALLOS, MICHAEL",3,3:16,56,34
130827,13/12/2025,CHI,ECU,409,CANASTA-1P,VISITANTE,1,"CEVALLOS, MICHAEL",3,3:16,56,35
130827,13/12/2025,CHI,ECU,410,CANASTA-1P,VISITANTE,1,"CEVALLOS, MICHAEL",3,3:16,56,36
130827,13/12/2025,CHI,ECU,411,CANASTA-3P,LOCAL,4,"HITSCHFELD, MATHIAS",3,3:01,59,36
130827,13/12/2025,CHI,ECU,412,ASISTENCIA,LOCAL,9,"STUARDO, PEDRO",3,3:01,59,36
130827,13/12/2025,CHI,ECU,413,FALTA-COMETIDA,VISITANTE,14,"NOBOA, FELIPE",3,2:52,59,36
130827,13/12/2025,CHI,ECU,414,PERDIDA,VISITANTE,14,"NOBOA, FELIPE",3,2:52,59,36
130827,13/12/2025,CHI,ECU,415,FALTA-RECIBIDA,LOCAL,4,"HITSCHFELD, MATHIAS",3,2:52,59,36
130827,13/12/2025,CHI,ECU,416,PERDIDA,LOCAL,0,"MUSRRI, LUIS",3,2:44,59,36
130827,13/12/2025,CHI,ECU,417,TIRO3-FALLADO,VISITANTE,1,"CEVALLOS, MICHAEL",3,2:27,59,36
130827,13/12/2025,CHI,ECU,418,REBOTE-OFENSIVO,VISITANTE,7,"DAZA, JOSÉ",3,2:25,59,36
130827,13/12/2025,CHI,ECU,419,TIRO2-FALLADO,VISITANTE,7,"DAZA, JOSÉ",3,2:19,59,36
130827,13/12/2025,CHI,ECU,420,REBOTE-OFENSIVO,VISITANTE,14,"NOBOA, FELIPE",3,2:16,59,36
130827,13/12/2025,CHI,ECU,421,TIRO3-FALLADO,VISITANTE,10,"ZAMBRANO, ALHAN",3,2:12,59,36
130827,13/12/2025,CHI,ECU,422,REBOTE-DEFENSIVO,LOCAL,,,3,2:10,59,36
130827,13/12/2025,CHI,ECU,423,TIRO3-FALLADO,LOCAL,2,"LA RIVERA, TOMAS",3,2:02,59,36
130827,13/12/2025,CHI,ECU,424,REBOTE-DEFENSIVO,VISITANTE,23,"QUIÑONEZ, ADAIR",3,1:58,59,36
130827,13/12/2025,CHI,ECU,425,FALTA-COMETIDA,LOCAL,0,"MUSRRI, LUIS",3,1:56,59,36
130827,13/12/2025,CHI,ECU,426,FALTA-RECIBIDA,VISITANTE,1,"CEVALLOS, MICHAEL",3,1:56,59,36
130827,13/12/2025,CHI,ECU,427,FALTA-COMETIDA,LOCAL,11,"DONOSO, PEDRO",3,1:37,59,36
130827,13/12/2025,CHI,ECU,428,FALTA-RECIBIDA,VISITANTE,1,"CEVALLOS, MICHAEL",3,1:37,59,36
130827,13/12/2025,CHI,ECU,429,CAMBIO-JUGADOR-SALE,LOCAL,2,"LA RIVERA, TOMAS",3,1:36,59,36
130827,13/12/2025,CHI,ECU,430,CAMBIO-JUGADOR-ENTRA,LOCAL,1,"PACHANO, GABRIEL",3,1:36,59,36
130827,13/12/2025,CHI,ECU,431,CANASTA-1P,VISITANTE,1,"CEVALLOS, MICHAEL",3,1:36,59,37
130827,13/12/2025,CHI,ECU,432,ASISTENCIA,VISITANTE,14,"NOBOA, FELIPE",3,1:36,59,37
130827,13/12/2025,CHI,ECU,433,CANASTA-1P,VISITANTE,1,"CEVALLOS, MICHAEL",3,1:36,59,38
130827,13/12/2025,CHI,ECU,434,TIRO3-FALLADO,LOCAL,1,"PACHANO, GABRIEL",3,1:17,59,38
130827,13/12/2025,CHI,ECU,435,REBOTE-DEFENSIVO,VISITANTE,14,"NOBOA, FELIPE",3,1:10,59,38
130827,13/12/2025,CHI,ECU,436,TIRO2-FALLADO,VISITANTE,23,"QUIÑONEZ, ADAIR",3,1:08,59,38
130827,13/12/2025,CHI,ECU,437,REBOTE-OFENSIVO,VISITANTE,14,"NOBOA, FELIPE",3,1:03,59,38
130827,13/12/2025,CHI,ECU,438,TIRO2-FALLADO,VISITANTE,14,"NOBOA, FELIPE",3,1:02,59,38
130827,13/12/2025,CHI,ECU,439,REBOTE-DEFENSIVO,LOCAL,11,"DONOSO, PEDRO",3,0:59,59,38
130827,13/12/2025,CHI,ECU,440,PERDIDA,LOCAL,0,"MUSRRI, LUIS",3,0:54,59,38
130827,13/12/2025,CHI,ECU,441,TIRO3-FALLADO,VISITANTE,10,"ZAMBRANO, ALHAN",3,0:36,59,38
130827,13/12/2025,CHI,ECU,442,REBOTE-DEFENSIVO,LOCAL,9,"STUARDO, PEDRO",3,0:32,59,38
130827,13/12/2025,CHI,ECU,443,TIRO2-FALLADO,LOCAL,9,"STUARDO, PEDRO",3,0:12,59,38
130827,13/12/2025,CHI,ECU,444,REBOTE-OFENSIVO,LOCAL,11,"DONOSO, PEDRO",3,0:09,59,38
130827,13/12/2025,CHI,ECU,445,TIRO2-FALLADO,LOCAL,11,"DONOSO, PEDRO",3,0:09,59,38
130827,13/12/2025,CHI,ECU,446,REBOTE-DEFENSIVO,VISITANTE,,,3,0:07,59,38
130827,13/12/2025,CHI,ECU,447,TIEMPO-MUERTO-SOLICITADO,VISITANTE,,,3,0:07,59,38
130827,13/12/2025,CHI,ECU,448,CAMBIO-JUGADOR-SALE,LOCAL,11,"DONOSO, PEDRO",3,0:07,59,38
130827,13/12/2025,CHI,ECU,449,CAMBIO-JUGADOR-ENTRA,LOCAL,15,"VELÁSQUEZ, MATEO",3,0:07,59,38
130827,13/12/2025,CHI,ECU,450,FINAL-PERIODO,,,,3,0:00,59,38
130827,13/12/2025,CHI,ECU,451,CAMBIO-JUGADOR-SALE,VISITANTE,7,"DAZA, JOSÉ",4,10:00,59,38
130827,13/12/2025,CHI,ECU,452,CAMBIO-JUGADOR-SALE,VISITANTE,10,"ZAMBRANO, ALHAN",4,10:00,59,38
130827,13/12/2025,CHI,ECU,453,CAMBIO-JUGADOR-ENTRA,VISITANTE,2,"CASTILLO, JUAN",4,10:00,59,38
130827,13/12/2025,CHI,ECU,454,CAMBIO-JUGADOR-ENTRA,VISITANTE,32,"COROZO, JEREMY",4,10:00,59,38
130827,13/12/2025,CHI,ECU,455,INICIO-PERIODO,,,,4,10:00,59,38
130827,13/12/2025,CHI,ECU,456,PERDIDA,LOCAL,1,"PACHANO, GABRIEL",4,9:51,59,38
130827,13/12/2025,CHI,ECU,457,RECUPERACION,VISITANTE,23,"QUIÑONEZ, ADAIR",4,9:51,59,38
130827,13/12/2025,CHI,ECU,458,TIRO3-FALLADO,VISITANTE,1,"CEVALLOS, MICHAEL",4,9:43,59,38
130827,13/12/2025,CHI,ECU,459,REBOTE-OFENSIVO,VISITANTE,,,4,9:39,59,38
130827,13/12/2025,CHI,ECU,460,FALTA-COMETIDA,LOCAL,15,"VELÁSQUEZ, MATEO",4,9:38,59,38
130827,13/12/2025,CHI,ECU,461,FALTA-RECIBIDA,VISITANTE,23,"QUIÑONEZ, ADAIR",4,9:38,59,38
130827,13/12/2025,CHI,ECU,462,TIRO2-FALLADO,VISITANTE,2,"CASTILLO, JUAN",4,9:38,59,38
130827,13/12/2025,CHI,ECU,463,REBOTE-OFENSIVO,VISITANTE,23,"QUIÑONEZ, ADAIR",4,9:38,59,38
130827,13/12/2025,CHI,ECU,464,CANASTA-2P,VISITANTE,23,"QUIÑONEZ, ADAIR",4,9:38,59,40
130827,13/12/2025,CHI,ECU,465,TIRO3-FALLADO,LOCAL,1,"PACHANO, GABRIEL",4,9:28,59,40
130827,13/12/2025,CHI,ECU,466,REBOTE-DEFENSIVO,VISITANTE,23,"QUIÑONEZ, ADAIR",4,9:25,59,40
130827,13/12/2025,CHI,ECU,467,CANASTA-2P,VISITANTE,1,"CEVALLOS, MICHAEL",4,9:24,59,42
130827,13/12/2025,CHI,ECU,468,ASISTENCIA,VISITANTE,2,"CASTILLO, JUAN",4,9:24,59,42
130827,13/12/2025,CHI,ECU,469,TIRO3-FALLADO,LOCAL,4,"HITSCHFELD, MATHIAS",4,9:05,59,42
130827,13/12/2025,CHI,ECU,470,REBOTE-OFENSIVO,LOCAL,9,"STUARDO, PEDRO",4,9:02,59,42
130827,13/12/2025,CHI,ECU,471,TIRO2-FALLADO,LOCAL,9,"STUARDO, PEDRO",4,9:01,59,42
130827,13/12/2025,CHI,ECU,472,REBOTE-OFENSIVO,LOCAL,9,"STUARDO, PEDRO",4,8:58,59,42
130827,13/12/2025,CHI,ECU,473,CANASTA-2P,LOCAL,9,"STUARDO, PEDRO",4,8:58,61,42
130827,13/12/2025,CHI,ECU,474,TIRO3-FALLADO,VISITANTE,2,"CASTILLO, JUAN",4,8:44,61,42
130827,13/12/2025,CHI,ECU,475,REBOTE-DEFENSIVO,LOCAL,4,"HITSCHFELD, MATHIAS",4,8:40,61,42
130827,13/12/2025,CHI,ECU,476,CANASTA-2P,LOCAL,1,"PACHANO, GABRIEL",4,8:38,63,42
130827,13/12/2025,CHI,ECU,477,ASISTENCIA,LOCAL,0,"MUSRRI, LUIS",4,8:38,63,42
130827,13/12/2025,CHI,ECU,478,TIRO2-FALLADO,VISITANTE,1,"CEVALLOS, MICHAEL",4,8:13,63,42
130827,13/12/2025,CHI,ECU,479,REBOTE-DEFENSIVO,LOCAL,,,4,8:09,63,42
130827,13/12/2025,CHI,ECU,480,CANASTA-2P,LOCAL,1,"PACHANO, GABRIEL",4,7:51,65,42
130827,13/12/2025,CHI,ECU,481,ASISTENCIA,LOCAL,0,"MUSRRI, LUIS",4,7:51,65,42
130827,13/12/2025,CHI,ECU,482,TIRO2-FALLADO,VISITANTE,1,"CEVALLOS, MICHAEL",4,7:36,65,42
130827,13/12/2025,CHI,ECU,483,TAPON-COMETIDO,LOCAL,0,"MUSRRI, LUIS",4,7:36,65,42
130827,13/12/2025,CHI,ECU,484,REBOTE-DEFENSIVO,LOCAL,15,"VELÁSQUEZ, MATEO",4,7:32,65,42
130827,13/12/2025,CHI,ECU,485,CANASTA-2P,LOCAL,0,"MUSRRI, LUIS",4,7:20,67,42
130827,13/12/2025,CHI,ECU,486,CANASTA-2P,VISITANTE,32,"COROZO, JEREMY",4,7:02,67,44
130827,13/12/2025,CHI,ECU,487,ASISTENCIA,VISITANTE,1,"CEVALLOS, MICHAEL",4,7:02,67,44
130827,13/12/2025,CHI,ECU,488,TIRO3-FALLADO,LOCAL,0,"MUSRRI, LUIS",4,6:43,67,44
130827,13/12/2025,CHI,ECU,489,REBOTE-DEFENSIVO,VISITANTE,1,"CEVALLOS, MICHAEL",4,6:39,67,44
130827,13/12/2025,CHI,ECU,490,TIRO3-FALLADO,VISITANTE,14,"NOBOA, FELIPE",4,6:26,67,44
130827,13/12/2025,CHI,ECU,491,REBOTE-DEFENSIVO,LOCAL,,,4,6:23,67,44
130827,13/12/2025,CHI,ECU,492,CAMBIO-JUGADOR-SALE,LOCAL,4,"HITSCHFELD, MATHIAS",4,6:01,67,44
130827,13/12/2025,CHI,ECU,493,CAMBIO-JUGADOR-ENTRA,LOCAL,8,"ECHEVERRIA, AGUSTIN",4,6:01,67,44
130827,13/12/2025,CHI,ECU,494,CANASTA-2P,LOCAL,0,"MUSRRI, LUIS",4,5:50,69,44
130827,13/12/2025,CHI,ECU,495,CANASTA-2P,VISITANTE,1,"CEVALLOS, MICHAEL",4,5:34,69,46
130827,13/12/2025,CHI,ECU,496,ASISTENCIA,VISITANTE,2,"CASTILLO, JUAN",4,5:34,69,46
130827,13/12/2025,CHI,ECU,497,CAMBIO-JUGADOR-SALE,LOCAL,0,"MUSRRI, LUIS",4,5:14,69,46
130827,13/12/2025,CHI,ECU,498,CAMBIO-JUGADOR-ENTRA,LOCAL,2,"LA RIVERA, TOMAS",4,5:14,69,46
130827,13/12/2025,CHI,ECU,499,CAMBIO-JUGADOR-SALE,VISITANTE,32,"COROZO, JEREMY",4,5:14,69,46
130827,13/12/2025,CHI,ECU,500,CAMBIO-JUGADOR-ENTRA,VISITANTE,7,"DAZA, JOSÉ",4,5:14,69,46
130827,13/12/2025,CHI,ECU,501,TIRO3-FALLADO,LOCAL,2,"LA RIVERA, TOMAS",4,5:08,69,46
130827,13/12/2025,CHI,ECU,502,REBOTE-DEFENSIVO,VISITANTE,7,"DAZA, JOSÉ",4,5:06,69,46
130827,13/12/2025,CHI,ECU,503,TIRO2-FALLADO,VISITANTE,2,"CASTILLO, JUAN",4,5:01,69,46
130827,13/12/2025,CHI,ECU,504,REBOTE-DEFENSIVO,LOCAL,2,"LA RIVERA, TOMAS",4,4:58,69,46
130827,13/12/2025,CHI,ECU,505,CANASTA-3P,LOCAL,15,"VELÁSQUEZ, MATEO",4,4:49,72,46
130827,13/12/2025,CHI,ECU,506,ASISTENCIA,LOCAL,1,"PACHANO, GABRIEL",4,4:49,72,46
130827,13/12/2025,CHI,ECU,507,FALTA-COMETIDA,LOCAL,1,"PACHANO, GABRIEL",4,4:31,72,46
130827,13/12/2025,CHI,ECU,508,FALTA-RECIBIDA,VISITANTE,1,"CEVALLOS, MICHAEL",4,4:31,72,46
130827,13/12/2025,CHI,ECU,509,CANASTA-1P,VISITANTE,1,"CEVALLOS, MICHAEL",4,4:31,72,47
130827,13/12/2025,CHI,ECU,510,CANASTA-1P,VISITANTE,1,"CEVALLOS, MICHAEL",4,4:31,72,48
130827,13/12/2025,CHI,ECU,511,TIRO3-FALLADO,LOCAL,2,"LA RIVERA, TOMAS",4,4:14,72,48
130827,13/12/2025,CHI,ECU,512,REBOTE-DEFENSIVO,VISITANTE,23,"QUIÑONEZ, ADAIR",4,4:11,72,48
130827,13/12/2025,CHI,ECU,513,TIRO3-FALLADO,VISITANTE,2,"CASTILLO, JUAN",4,3:54,72,48
130827,13/12/2025,CHI,ECU,514,REBOTE-DEFENSIVO,LOCAL,9,"STUARDO, PEDRO",4,3:52,72,48
130827,13/12/2025,CHI,ECU,515,PERDIDA,LOCAL,9,"STUARDO, PEDRO",4,3:34,72,48
130827,13/12/2025,CHI,ECU,516,RECUPERACION,VISITANTE,2,"CASTILLO, JUAN",4,3:34,72,48
130827,13/12/2025,CHI,ECU,517,CANASTA-2P,VISITANTE,7,"DAZA, JOSÉ",4,3:24,72,50
130827,13/12/2025,CHI,ECU,518,ASISTENCIA,VISITANTE,2,"CASTILLO, JUAN",4,3:24,72,50
130827,13/12/2025,CHI,ECU,519,PERDIDA,LOCAL,1,"PACHANO, GABRIEL",4,3:10,72,50
130827,13/12/2025,CHI,ECU,520,CAMBIO-JUGADOR-SALE,LOCAL,9,"STUARDO, PEDRO",4,3:10,72,50
130827,13/12/2025,CHI,ECU,521,CAMBIO-JUGADOR-ENTRA,LOCAL,11,"DONOSO, PEDRO",4,3:10,72,50
130827,13/12/2025,CHI,ECU,522,TIRO3-FALLADO,VISITANTE,1,"CEVALLOS, MICHAEL",4,3:01,72,50
130827,13/12/2025,CHI,ECU,523,REBOTE-OFENSIVO,VISITANTE,14,"NOBOA, FELIPE",4,2:57,72,50
130827,13/12/2025,CHI,ECU,524,CANASTA-2P,VISITANTE,7,"DAZA, JOSÉ",4,2:49,72,52
130827,13/12/2025,CHI,ECU,525,PERDIDA,LOCAL,2,"LA RIVERA, TOMAS",4,2:26,72,52
130827,13/12/2025,CHI,ECU,526,VTR,LOCAL,,,4,2:26,72,52
130827,13/12/2025,CHI,ECU,527,CAMBIO-JUGADOR-SALE,LOCAL,2,"LA RIVERA, TOMAS",4,2:26,72,52
130827,13/12/2025,CHI,ECU,528,CAMBIO-JUGADOR-ENTRA,LOCAL,0,"MUSRRI, LUIS",4,2:26,72,52
130827,13/12/2025,CHI,ECU,529,CAMBIO-JUGADOR-SALE,LOCAL,1,"PACHANO, GABRIEL",4,2:26,72,52
130827,13/12/2025,CHI,ECU,530,CAMBIO-JUGADOR-ENTRA,LOCAL,2,"LA RIVERA, TOMAS",4,2:26,72,52
130827,13/12/2025,CHI,ECU,531,CANASTA-3P,VISITANTE,1,"CEVALLOS, MICHAEL",4,2:17,72,55
130827,13/12/2025,CHI,ECU,532,TIRO2-FALLADO,LOCAL,11,"DONOSO, PEDRO",4,1:52,72,55
130827,13/12/2025,CHI,ECU,533,REBOTE-DEFENSIVO,VISITANTE,7,"DAZA, JOSÉ",4,1:47,72,55
130827,13/12/2025,CHI,ECU,534,FALTA-COMETIDA,LOCAL,11,"DONOSO, PEDRO",4,1:46,72,55
130827,13/12/2025,CHI,ECU,535,FALTA-RECIBIDA,VISITANTE,7,"DAZA, JOSÉ",4,1:46,72,55
130827,13/12/2025,CHI,ECU,536,FALTA-COMETIDA,LOCAL,11,"DONOSO, PEDRO",4,1:46,72,55
130827,13/12/2025,CHI,ECU,537,FALTA-RECIBIDA,VISITANTE,7,"DAZA, JOSÉ",4,1:46,72,55
130827,13/12/2025,CHI,ECU,538,CANASTA-1P,VISITANTE,7,"DAZA, JOSÉ",4,1:46,72,56
130827,13/12/2025,CHI,ECU,539,TIRO1-FALLADO,VISITANTE,7,"DAZA, JOSÉ",4,1:46,72,56
130827,13/12/2025,CHI,ECU,540,REBOTE-OFENSIVO,VISITANTE,14,"NOBOA, FELIPE",4,1:46,72,56
130827,13/12/2025,CHI,ECU,541,TIRO2-FALLADO,VISITANTE,14,"NOBOA, FELIPE",4,1:44,72,56
130827,13/12/2025,CHI,ECU,542,REBOTE-OFENSIVO,VISITANTE,,,4,1:37,72,56
130827,13/12/2025,CHI,ECU,543,JUMP-BALL,VISITANTE,,,4,1:17,72,56
130827,13/12/2025,CHI,ECU,544,CANASTA-3P,VISITANTE,1,"CEVALLOS, MICHAEL",4,1:17,72,59
130827,13/12/2025,CHI,ECU,545,ASISTENCIA,VISITANTE,7,"DAZA, JOSÉ",4,1:17,72,59
130827,13/12/2025,CHI,ECU,546,PERDIDA,LOCAL,0,"MUSRRI, LUIS",4,1:17,72,59
130827,13/12/2025,CHI,ECU,547,RECUPERACION,VISITANTE,2,"CASTILLO, JUAN",4,1:17,72,59
130827,13/12/2025,CHI,ECU,548,PERDIDA,VISITANTE,2,"CASTILLO, JUAN",4,1:14,72,59
130827,13/12/2025,CHI,ECU,549,PERDIDA,LOCAL,0,"MUSRRI, LUIS",4,1:11,72,59
130827,13/12/2025,CHI,ECU,550,TIRO2-FALLADO,VISITANTE,2,"CASTILLO, JUAN",4,1:11,72,59
130827,13/12/2025,CHI,ECU,551,REBOTE-OFENSIVO,VISITANTE,7,"DAZA, JOSÉ",4,1:09,72,59
130827,13/12/2025,CHI,ECU,552,TIRO2-FALLADO,VISITANTE,7,"DAZA, JOSÉ",4,1:09,72,59
130827,13/12/2025,CHI,ECU,553,REBOTE-DEFENSIVO,LOCAL,,,4,1:09,72,59
130827,13/12/2025,CHI,ECU,554,PERDIDA,LOCAL,0,"MUSRRI, LUIS",4,1:05,72,59
130827,13/12/2025,CHI,ECU,555,RECUPERACION,VISITANTE,23,"QUIÑONEZ, ADAIR",4,1:05,72,59
130827,13/12/2025,CHI,ECU,556,CANASTA-2P,VISITANTE,1,"CEVALLOS, MICHAEL",4,1:00,72,61
130827,13/12/2025,CHI,ECU,557,ASISTENCIA,VISITANTE,23,"QUIÑONEZ, ADAIR",4,1:00,72,61
130827,13/12/2025,CHI,ECU,558,TIRO3-FALLADO,LOCAL,0,"MUSRRI, LUIS",4,0:49,72,61
130827,13/12/2025,CHI,ECU,559,REBOTE-OFENSIVO,LOCAL,2,"LA RIVERA, TOMAS",4,0:43,72,61
130827,13/12/2025,CHI,ECU,560,FINAL-PERIODO,,,,4,0:00,72,61
130827,13/12/2025,CHI,ECU,561,FINAL-PARTIDO,,,,4,0:00,72,61
130828,13/12/2025,ARG,VEN,0,INICIO-PARTIDO,,,,1,10:00,0,0
130828,13/12/2025,ARG,VEN,1,INICIO-PERIODO,,,,1,10:00,0,0
130828,13/12/2025,ARG,VEN,2,CAMBIO-JUGADOR-ENTRA,LOCAL,2,"PETTOVELLO, BENJAMIN",1,10:00,0,0
130828,13/12/2025,ARG,VEN,3,CAMBIO-JUGADOR-ENTRA,LOCAL,4,"HERNANDEZ, MANUEL",1,10:00,0,0
130828,13/12/2025,ARG,VEN,4,CAMBIO-JUGADOR-ENTRA,LOCAL,6,"GOBETTI, BAUTISTA",1,10:00,0,0
130828,13/12/2025,ARG,VEN,5,CAMBIO-JUGADOR-ENTRA,LOCAL,8,"AMAN, GONZALO",1,10:00,0,0
130828,13/12/2025,ARG,VEN,6,CAMBIO-JUGADOR-ENTRA,LOCAL,14,"PETTINAROLI, SANTIAGO",1,10:00,0,0
130828,13/12/2025,ARG,VEN,7,CAMBIO-JUGADOR-ENTRA,VISITANTE,3,"VASQUEZ, JULIO",1,10:00,0,0
130828,13/12/2025,ARG,VEN,8,CAMBIO-JUGADOR-ENTRA,VISITANTE,4,"SEGOVIA, RICHARD",1,10:00,0,0
130828,13/12/2025,ARG,VEN,9,CAMBIO-JUGADOR-ENTRA,VISITANTE,7,"LARA, JOSE",1,10:00,0,0
130828,13/12/2025,ARG,VEN,10,CAMBIO-JUGADOR-ENTRA,VISITANTE,14,"GUTIERREZ, KEVIN",1,10:00,0,0
130828,13/12/2025,ARG,VEN,11,CAMBIO-JUGADOR-ENTRA,VISITANTE,23,"NIÑO, SAMUEL",1,10:00,0,0
130828,13/12/2025,ARG,VEN,12,JUMP-BALL,,,,1,10:00,0,0
130828,13/12/2025,ARG,VEN,13,JUMP-BALL,LOCAL,2,"PETTOVELLO, BENJAMIN",1,9:59,0,0
130828,13/12/2025,ARG,VEN,14,JUMP-BALL,VISITANTE,14,"GUTIERREZ, KEVIN",1,9:59,0,0
130828,13/12/2025,ARG,VEN,15,CANASTA-2P,LOCAL,2,"PETTOVELLO, BENJAMIN",1,9:54,2,0
130828,13/12/2025,ARG,VEN,16,ASISTENCIA,LOCAL,8,"AMAN, GONZALO",1,9:54,2,0
130828,13/12/2025,ARG,VEN,17,TIRO3-FALLADO,VISITANTE,3,"VASQUEZ, JULIO",1,9:34,2,0
130828,13/12/2025,ARG,VEN,18,REBOTE-DEFENSIVO,LOCAL,6,"GOBETTI, BAUTISTA",1,9:31,2,0
130828,13/12/2025,ARG,VEN,19,TIRO3-FALLADO,LOCAL,8,"AMAN, GONZALO",1,9:26,2,0
130828,13/12/2025,ARG,VEN,20,REBOTE-OFENSIVO,LOCAL,14,"PETTINAROLI, SANTIAGO",1,9:23,2,0
130828,13/12/2025,ARG,VEN,21,CANASTA-2P,LOCAL,6,"GOBETTI, BAUTISTA",1,9:19,4,0
130828,13/12/2025,ARG,VEN,22,TIRO2-FALLADO,VISITANTE,4,"SEGOVIA, RICHARD",1,8:58,4,0
130828,13/12/2025,ARG,VEN,23,TAPON-COMETIDO,LOCAL,2,"PETTOVELLO, BENJAMIN",1,8:58,4,0
130828,13/12/2025,ARG,VEN,24,REBOTE-OFENSIVO,VISITANTE,14,"GUTIERREZ, KEVIN",1,8:53,4,0
130828,13/12/2025,ARG,VEN,25,TIRO2-FALLADO,VISITANTE,4,"SEGOVIA, RICHARD",1,8:50,4,0
130828,13/12/2025,ARG,VEN,26,TIEMPO-MUERTO-SOLICITADO,VISITANTE,,,1,8:45,4,0
130828,13/12/2025,ARG,VEN,27,FALTA-COMETIDA,VISITANTE,23,"NIÑO, SAMUEL",1,8:39,4,0
130828,13/12/2025,ARG,VEN,28,FALTA-RECIBIDA,LOCAL,14,"PETTINAROLI, SANTIAGO",1,8:39,4,0
130828,13/12/2025,ARG,VEN,29,PERDIDA,LOCAL,8,"AMAN, GONZALO",1,8:33,4,0
130828,13/12/2025,ARG,VEN,30,TIRO2-FALLADO,VISITANTE,3,"VASQUEZ, JULIO",1,8:20,4,0
130828,13/12/2025,ARG,VEN,31,REBOTE-OFENSIVO,VISITANTE,3,"VASQUEZ, JULIO",1,8:13,4,0
130828,13/12/2025,ARG,VEN,32,TIRO2-FALLADO,VISITANTE,3,"VASQUEZ, JULIO",1,8:10,4,0
130828,13/12/2025,ARG,VEN,33,REBOTE-DEFENSIVO,LOCAL,,,1,8:08,4,0
130828,13/12/2025,ARG,VEN,34,CAMBIO-JUGADOR-SALE,VISITANTE,3,"VASQUEZ, JULIO",1,8:08,4,0
130828,13/12/2025,ARG,VEN,35,CAMBIO-JUGADOR-ENTRA,VISITANTE,18,"ANILLO, WILLIAMS",1,8:08,4,0
130828,13/12/2025,ARG,VEN,36,TIRO3-FALLADO,LOCAL,4,"HERNANDEZ, MANUEL",1,7:53,4,0
130828,13/12/2025,ARG,VEN,37,REBOTE-DEFENSIVO,VISITANTE,7,"LARA, JOSE",1,7:50,4,0
130828,13/12/2025,ARG,VEN,38,TIRO3-FALLADO,VISITANTE,7,"LARA, JOSE",1,7:39,4,0
130828,13/12/2025,ARG,VEN,39,REBOTE-OFENSIVO,VISITANTE,4,"SEGOVIA, RICHARD",1,7:35,4,0
130828,13/12/2025,ARG,VEN,40,FALTA-COMETIDA,LOCAL,8,"AMAN, GONZALO",1,7:29,4,0
130828,13/12/2025,ARG,VEN,41,FALTA-RECIBIDA,VISITANTE,4,"SEGOVIA, RICHARD",1,7:29,4,0
130828,13/12/2025,ARG,VEN,42,PERDIDA,VISITANTE,14,"GUTIERREZ, KEVIN",1,7:21,4,0
130828,13/12/2025,ARG,VEN,43,CAMBIO-JUGADOR-SALE,VISITANTE,4,"SEGOVIA, RICHARD",1,7:21,4,0
130828,13/12/2025,ARG,VEN,44,CAMBIO-JUGADOR-ENTRA,VISITANTE,26,"SOTO, DIEGO",1,7:21,4,0
130828,13/12/2025,ARG,VEN,45,CANASTA-2P,LOCAL,2,"PETTOVELLO, BENJAMIN",1,7:03,6,0
130828,13/12/2025,ARG,VEN,46,CANASTA-2P,VISITANTE,7,"LARA, JOSE",1,6:48,6,2
130828,13/12/2025,ARG,VEN,47,TIRO2-FALLADO,LOCAL,8,"AMAN, GONZALO",1,6:28,6,2
130828,13/12/2025,ARG,VEN,48,REBOTE-DEFENSIVO,VISITANTE,26,"SOTO, DIEGO",1,6:24,6,2
130828,13/12/2025,ARG,VEN,49,CANASTA-2P,VISITANTE,18,"ANILLO, WILLIAMS",1,6:21,6,4
130828,13/12/2025,ARG,VEN,50,FALTA-COMETIDA,VISITANTE,18,"ANILLO, WILLIAMS",1,6:08,6,4
130828,13/12/2025,ARG,VEN,51,FALTA-RECIBIDA,LOCAL,14,"PETTINAROLI, SANTIAGO",1,6:08,6,4
130828,13/12/2025,ARG,VEN,52,CAMBIO-JUGADOR-SALE,VISITANTE,14,"GUTIERREZ, KEVIN",1,6:08,6,4
130828,13/12/2025,ARG,VEN,53,CAMBIO-JUGADOR-ENTRA,VISITANTE,20,"MONTERO, ISAAC",1,6:08,6,4
130828,13/12/2025,ARG,VEN,54,TIRO1-FALLADO,LOCAL,14,"PETTINAROLI, SANTIAGO",1,6:08,6,4
130828,13/12/2025,ARG,VEN,55,TIRO1-FALLADO,LOCAL,14,"PETTINAROLI, SANTIAGO",1,6:08,6,4
130828,13/12/2025,ARG,VEN,56,REBOTE-OFENSIVO,LOCAL,,,1,6:08,6,4
130828,13/12/2025,ARG,VEN,57,FALTA-COMETIDA,VISITANTE,20,"MONTERO, ISAAC",1,6:08,6,4
130828,13/12/2025,ARG,VEN,58,FALTA-RECIBIDA,LOCAL,2,"PETTOVELLO, BENJAMIN",1,6:08,6,4
130828,13/12/2025,ARG,VEN,59,CANASTA-3P,LOCAL,4,"HERNANDEZ, MANUEL",1,6:05,9,4
130828,13/12/2025,ARG,VEN,60,ASISTENCIA,LOCAL,2,"PETTOVELLO, BENJAMIN",1,6:05,9,4
130828,13/12/2025,ARG,VEN,61,PERDIDA,VISITANTE,7,"LARA, JOSE",1,5:50,9,4
130828,13/12/2025,ARG,VEN,62,CAMBIO-JUGADOR-SALE,VISITANTE,7,"LARA, JOSE",1,5:50,9,4
130828,13/12/2025,ARG,VEN,63,CAMBIO-JUGADOR-ENTRA,VISITANTE,9,"PERDOMO, JUAN",1,5:50,9,4
130828,13/12/2025,ARG,VEN,64,CANASTA-2P,LOCAL,2,"PETTOVELLO, BENJAMIN",1,5:37,11,4
130828,13/12/2025,ARG,VEN,65,ASISTENCIA,LOCAL,14,"PETTINAROLI, SANTIAGO",1,5:37,11,4
130828,13/12/2025,ARG,VEN,66,CANASTA-2P,VISITANTE,26,"SOTO, DIEGO",1,5:24,11,6
130828,13/12/2025,ARG,VEN,67,CANASTA-2P,LOCAL,4,"HERNANDEZ, MANUEL",1,5:14,13,6
130828,13/12/2025,ARG,VEN,68,ASISTENCIA,LOCAL,14,"PETTINAROLI, SANTIAGO",1,5:14,13,6
130828,13/12/2025,ARG,VEN,69,FALTA-COMETIDA,VISITANTE,18,"ANILLO, WILLIAMS",1,5:14,13,6
130828,13/12/2025,ARG,VEN,70,FALTA-RECIBIDA,LOCAL,4,"HERNANDEZ, MANUEL",1,5:14,13,6
130828,13/12/2025,ARG,VEN,71,CAMBIO-JUGADOR-SALE,LOCAL,8,"AMAN, GONZALO",1,5:14,13,6
130828,13/12/2025,ARG,VEN,72,CAMBIO-JUGADOR-ENTRA,LOCAL,12,"FESSIA, MATEO",1,5:14,13,6
130828,13/12/2025,ARG,VEN,73,CAMBIO-JUGADOR-SALE,VISITANTE,23,"NIÑO, SAMUEL",1,5:14,13,6
130828,13/12/2025,ARG,VEN,74,CAMBIO-JUGADOR-ENTRA,VISITANTE,14,"GUTIERREZ, KEVIN",1,5:14,13,6
130828,13/12/2025,ARG,VEN,75,CAMBIO-JUGADOR-SALE,VISITANTE,18,"ANILLO, WILLIAMS",1,5:14,13,6
130828,13/12/2025,ARG,VEN,76,CAMBIO-JUGADOR-ENTRA,VISITANTE,2,"TORRES, DEIKER",1,5:14,13,6
130828,13/12/2025,ARG,VEN,77,TIRO1-FALLADO,LOCAL,4,"HERNANDEZ, MANUEL",1,5:14,13,6
130828,13/12/2025,ARG,VEN,78,REBOTE-DEFENSIVO,VISITANTE,14,"GUTIERREZ, KEVIN",1,5:14,13,6
130828,13/12/2025,ARG,VEN,79,TIRO2-FALLADO,VISITANTE,26,"SOTO, DIEGO",1,4:56,13,6
130828,13/12/2025,ARG,VEN,80,REBOTE-DEFENSIVO,LOCAL,2,"PETTOVELLO, BENJAMIN",1,4:53,13,6
130828,13/12/2025,ARG,VEN,81,PERDIDA,LOCAL,4,"HERNANDEZ, MANUEL",1,4:49,13,6
130828,13/12/2025,ARG,VEN,82,RECUPERACION,VISITANTE,9,"PERDOMO, JUAN",1,4:49,13,6
130828,13/12/2025,ARG,VEN,83,FALTA-COMETIDA,LOCAL,6,"GOBETTI, BAUTISTA",1,4:44,13,6
130828,13/12/2025,ARG,VEN,84,FALTA-RECIBIDA,VISITANTE,9,"PERDOMO, JUAN",1,4:44,13,6
130828,13/12/2025,ARG,VEN,85,CANASTA-1P,VISITANTE,9,"PERDOMO, JUAN",1,4:44,13,7
130828,13/12/2025,ARG,VEN,86,CANASTA-1P,VISITANTE,9,"PERDOMO, JUAN",1,4:44,13,8
130828,13/12/2025,ARG,VEN,87,FALTA-COMETIDA,LOCAL,2,"PETTOVELLO, BENJAMIN",1,4:25,13,8
130828,13/12/2025,ARG,VEN,88,PERDIDA,LOCAL,2,"PETTOVELLO, BENJAMIN",1,4:25,13,8
130828,13/12/2025,ARG,VEN,89,FALTA-RECIBIDA,VISITANTE,20,"MONTERO, ISAAC",1,4:25,13,8
130828,13/12/2025,ARG,VEN,90,FALTA-COMETIDA,VISITANTE,14,"GUTIERREZ, KEVIN",1,4:14,13,8
130828,13/12/2025,ARG,VEN,91,PERDIDA,VISITANTE,14,"GUTIERREZ, KEVIN",1,4:14,13,8
130828,13/12/2025,ARG,VEN,92,FALTA-RECIBIDA,LOCAL,14,"PETTINAROLI, SANTIAGO",1,4:14,13,8
130828,13/12/2025,ARG,VEN,93,TIRO3-FALLADO,LOCAL,4,"HERNANDEZ, MANUEL",1,4:02,13,8
130828,13/12/2025,ARG,VEN,94,REBOTE-DEFENSIVO,VISITANTE,20,"MONTERO, ISAAC",1,3:56,13,8
130828,13/12/2025,ARG,VEN,95,FALTA-COMETIDA,LOCAL,12,"FESSIA, MATEO",1,3:44,13,8
130828,13/12/2025,ARG,VEN,96,FALTA-RECIBIDA,VISITANTE,26,"SOTO, DIEGO",1,3:44,13,8
130828,13/12/2025,ARG,VEN,97,CAMBIO-JUGADOR-SALE,LOCAL,4,"HERNANDEZ, MANUEL",1,3:42,13,8
130828,13/12/2025,ARG,VEN,98,CAMBIO-JUGADOR-ENTRA,LOCAL,10,"CAUMO, JOAQUIN",1,3:42,13,8
130828,13/12/2025,ARG,VEN,99,TIRO2-FALLADO,VISITANTE,14,"GUTIERREZ, KEVIN",1,3:26,13,8
130828,13/12/2025,ARG,VEN,100,REBOTE-DEFENSIVO,LOCAL,14,"PETTINAROLI, SANTIAGO",1,3:24,13,8
130828,13/12/2025,ARG,VEN,101,TIRO3-FALLADO,LOCAL,14,"PETTINAROLI, SANTIAGO",1,3:19,13,8
130828,13/12/2025,ARG,VEN,102,REBOTE-DEFENSIVO,VISITANTE,2,"TORRES, DEIKER",1,3:15,13,8
130828,13/12/2025,ARG,VEN,103,FALTA-COMETIDA,VISITANTE,20,"MONTERO, ISAAC",1,3:10,13,8
130828,13/12/2025,ARG,VEN,104,PERDIDA,VISITANTE,20,"MONTERO, ISAAC",1,3:10,13,8
130828,13/12/2025,ARG,VEN,105,FALTA-RECIBIDA,LOCAL,12,"FESSIA, MATEO",1,3:10,13,8
130828,13/12/2025,ARG,VEN,106,CAMBIO-JUGADOR-SALE,LOCAL,14,"PETTINAROLI, SANTIAGO",1,3:10,13,8
130828,13/12/2025,ARG,VEN,107,CAMBIO-JUGADOR-ENTRA,LOCAL,11,"MORAVANSKY, ROMAN",1,3:10,13,8
130828,13/12/2025,ARG,VEN,108,CAMBIO-JUGADOR-SALE,VISITANTE,20,"MONTERO, ISAAC",1,3:10,13,8
130828,13/12/2025,ARG,VEN,109,CAMBIO-JUGADOR-ENTRA,VISITANTE,12,"MIQUILARENO, GABRIEL",1,3:10,13,8
130828,13/12/2025,ARG,VEN,110,PERDIDA,LOCAL,11,"MORAVANSKY, ROMAN",1,3:01,13,8
130828,13/12/2025,ARG,VEN,111,RECUPERACION,VISITANTE,9,"PERDOMO, JUAN",1,3:01,13,8
130828,13/12/2025,ARG,VEN,112,PERDIDA,VISITANTE,26,"SOTO, DIEGO",1,2:52,13,8
130828,13/12/2025,ARG,VEN,113,RECUPERACION,LOCAL,10,"CAUMO, JOAQUIN",1,2:52,13,8
130828,13/12/2025,ARG,VEN,114,FALTA-COMETIDA,VISITANTE,26,"SOTO, DIEGO",1,2:50,13,8
130828,13/12/2025,ARG,VEN,115,FALTA-RECIBIDA,LOCAL,10,"CAUMO, JOAQUIN",1,2:50,13,8
130828,13/12/2025,ARG,VEN,116,CANASTA-1P,LOCAL,10,"CAUMO, JOAQUIN",1,2:50,14,8
130828,13/12/2025,ARG,VEN,117,CANASTA-1P,LOCAL,10,"CAUMO, JOAQUIN",1,2:50,15,8
130828,13/12/2025,ARG,VEN,118,CAMBIO-JUGADOR-SALE,VISITANTE,26,"SOTO, DIEGO",1,2:50,15,8
130828,13/12/2025,ARG,VEN,119,CAMBIO-JUGADOR-ENTRA,VISITANTE,3,"VASQUEZ, JULIO",1,2:50,15,8
130828,13/12/2025,ARG,VEN,120,TIRO2-FALLADO,VISITANTE,9,"PERDOMO, JUAN",1,2:33,15,8
130828,13/12/2025,ARG,VEN,121,REBOTE-DEFENSIVO,LOCAL,2,"PETTOVELLO, BENJAMIN",1,2:29,15,8
130828,13/12/2025,ARG,VEN,122,FALTA-COMETIDA,VISITANTE,9,"PERDOMO, JUAN",1,2:26,15,8
130828,13/12/2025,ARG,VEN,123,FALTA-RECIBIDA,LOCAL,6,"GOBETTI, BAUTISTA",1,2:26,15,8
130828,13/12/2025,ARG,VEN,124,CAMBIO-JUGADOR-SALE,LOCAL,2,"PETTOVELLO, BENJAMIN",1,2:26,15,8
130828,13/12/2025,ARG,VEN,125,CAMBIO-JUGADOR-ENTRA,LOCAL,7,"TORRENS, ELIAS",1,2:26,15,8
130828,13/12/2025,ARG,VEN,126,TIRO1-FALLADO,LOCAL,6,"GOBETTI, BAUTISTA",1,2:26,15,8
130828,13/12/2025,ARG,VEN,127,TIRO1-FALLADO,LOCAL,6,"GOBETTI, BAUTISTA",1,2:26,15,8
130828,13/12/2025,ARG,VEN,128,REBOTE-DEFENSIVO,VISITANTE,14,"GUTIERREZ, KEVIN",1,2:26,15,8
130828,13/12/2025,ARG,VEN,129,TIRO2-FALLADO,VISITANTE,2,"TORRES, DEIKER",1,2:17,15,8
130828,13/12/2025,ARG,VEN,130,REBOTE-DEFENSIVO,LOCAL,10,"CAUMO, JOAQUIN",1,2:08,15,8
130828,13/12/2025,ARG,VEN,131,CANASTA-2P,LOCAL,11,"MORAVANSKY, ROMAN",1,2:07,17,8
130828,13/12/2025,ARG,VEN,132,ASISTENCIA,LOCAL,10,"CAUMO, JOAQUIN",1,2:07,17,8
130828,13/12/2025,ARG,VEN,133,TIEMPO-MUERTO-SOLICITADO,VISITANTE,,,1,1:59,17,8
130828,13/12/2025,ARG,VEN,134,CAMBIO-JUGADOR-SALE,LOCAL,6,"GOBETTI, BAUTISTA",1,1:59,17,8
130828,13/12/2025,ARG,VEN,135,CAMBIO-JUGADOR-ENTRA,LOCAL,5,"CORNALIS, FACUNDO",1,1:59,17,8
130828,13/12/2025,ARG,VEN,136,TIRO2-FALLADO,VISITANTE,3,"VASQUEZ, JULIO",1,1:42,17,8
130828,13/12/2025,ARG,VEN,137,REBOTE-OFENSIVO,VISITANTE,3,"VASQUEZ, JULIO",1,1:39,17,8
130828,13/12/2025,ARG,VEN,138,TIRO2-FALLADO,VISITANTE,3,"VASQUEZ, JULIO",1,1:39,17,8
130828,13/12/2025,ARG,VEN,139,REBOTE-OFENSIVO,VISITANTE,12,"MIQUILARENO, GABRIEL",1,1:37,17,8
130828,13/12/2025,ARG,VEN,140,FALTA-COMETIDA,LOCAL,7,"TORRENS, ELIAS",1,1:37,17,8
130828,13/12/2025,ARG,VEN,141,FALTA-RECIBIDA,VISITANTE,12,"MIQUILARENO, GABRIEL",1,1:37,17,8
130828,13/12/2025,ARG,VEN,142,TIRO1-FALLADO,VISITANTE,12,"MIQUILARENO, GABRIEL",1,1:37,17,8
130828,13/12/2025,ARG,VEN,143,TIRO1-FALLADO,VISITANTE,12,"MIQUILARENO, GABRIEL",1,1:37,17,8
130828,13/12/2025,ARG,VEN,144,REBOTE-DEFENSIVO,LOCAL,11,"MORAVANSKY, ROMAN",1,1:37,17,8
130828,13/12/2025,ARG,VEN,145,FALTA-COMETIDA,VISITANTE,3,"VASQUEZ, JULIO",1,1:31,17,8
130828,13/12/2025,ARG,VEN,146,FALTA-RECIBIDA,LOCAL,12,"FESSIA, MATEO",1,1:31,17,8
130828,13/12/2025,ARG,VEN,147,CANASTA-1P,LOCAL,12,"FESSIA, MATEO",1,1:31,18,8
130828,13/12/2025,ARG,VEN,148,TIRO1-FALLADO,LOCAL,12,"FESSIA, MATEO",1,1:31,18,8
130828,13/12/2025,ARG,VEN,149,REBOTE-DEFENSIVO,VISITANTE,12,"MIQUILARENO, GABRIEL",1,1:31,18,8
130828,13/12/2025,ARG,VEN,150,TIRO3-FALLADO,VISITANTE,2,"TORRES, DEIKER",1,1:20,18,8
130828,13/12/2025,ARG,VEN,151,REBOTE-DEFENSIVO,LOCAL,5,"CORNALIS, FACUNDO",1,1:16,18,8
130828,13/12/2025,ARG,VEN,152,TIRO2-FALLADO,LOCAL,12,"FESSIA, MATEO",1,1:09,18,8
130828,13/12/2025,ARG,VEN,153,REBOTE-OFENSIVO,LOCAL,7,"TORRENS, ELIAS",1,1:03,18,8
130828,13/12/2025,ARG,VEN,154,TIRO2-FALLADO,LOCAL,7,"TORRENS, ELIAS",1,1:03,18,8
130828,13/12/2025,ARG,VEN,155,REBOTE-DEFENSIVO,VISITANTE,14,"GUTIERREZ, KEVIN",1,1:02,18,8
130828,13/12/2025,ARG,VEN,156,FALTA-COMETIDA,VISITANTE,14,"GUTIERREZ, KEVIN",1,0:59,18,8
130828,13/12/2025,ARG,VEN,157,PERDIDA,VISITANTE,14,"GUTIERREZ, KEVIN",1,0:59,18,8
130828,13/12/2025,ARG,VEN,158,FALTA-RECIBIDA,LOCAL,12,"FESSIA, MATEO",1,0:59,18,8
130828,13/12/2025,ARG,VEN,159,CAMBIO-JUGADOR-SALE,VISITANTE,2,"TORRES, DEIKER",1,0:59,18,8
130828,13/12/2025,ARG,VEN,160,CAMBIO-JUGADOR-ENTRA,VISITANTE,4,"SEGOVIA, RICHARD",1,0:59,18,8
130828,13/12/2025,ARG,VEN,161,CAMBIO-JUGADOR-SALE,VISITANTE,14,"GUTIERREZ, KEVIN",1,0:59,18,8
130828,13/12/2025,ARG,VEN,162,CAMBIO-JUGADOR-ENTRA,VISITANTE,23,"NIÑO, SAMUEL",1,0:59,18,8
130828,13/12/2025,ARG,VEN,163,PERDIDA,LOCAL,12,"FESSIA, MATEO",1,0:56,18,8
130828,13/12/2025,ARG,VEN,164,RECUPERACION,VISITANTE,12,"MIQUILARENO, GABRIEL",1,0:56,18,8
130828,13/12/2025,ARG,VEN,165,TIRO2-FALLADO,VISITANTE,3,"VASQUEZ, JULIO",1,0:50,18,8
130828,13/12/2025,ARG,VEN,166,REBOTE-DEFENSIVO,LOCAL,11,"MORAVANSKY, ROMAN",1,0:47,18,8
130828,13/12/2025,ARG,VEN,167,TIRO2-FALLADO,LOCAL,10,"CAUMO, JOAQUIN",1,0:35,18,8
130828,13/12/2025,ARG,VEN,168,TAPON-COMETIDO,VISITANTE,12,"MIQUILARENO, GABRIEL",1,0:35,18,8
130828,13/12/2025,ARG,VEN,169,REBOTE-DEFENSIVO,VISITANTE,23,"NIÑO, SAMUEL",1,0:30,18,8
130828,13/12/2025,ARG,VEN,170,CANASTA-2P,VISITANTE,12,"MIQUILARENO, GABRIEL",1,0:22,18,10
130828,13/12/2025,ARG,VEN,171,ASISTENCIA,VISITANTE,23,"NIÑO, SAMUEL",1,0:22,18,10
130828,13/12/2025,ARG,VEN,172,TIRO3-FALLADO,LOCAL,12,"FESSIA, MATEO",1,0:00,18,10
130828,13/12/2025,ARG,VEN,173,FINAL-PERIODO,,,,1,0:00,18,10
130828,13/12/2025,ARG,VEN,174,INICIO-PERIODO,,,,2,10:00,18,10
130828,13/12/2025,ARG,VEN,175,TIRO2-FALLADO,VISITANTE,23,"NIÑO, SAMUEL",2,9:46,18,10
130828,13/12/2025,ARG,VEN,176,TAPON-COMETIDO,LOCAL,12,"FESSIA, MATEO",2,9:46,18,10
130828,13/12/2025,ARG,VEN,177,REBOTE-OFENSIVO,VISITANTE,,,2,9:46,18,10
130828,13/12/2025,ARG,VEN,178,TIRO3-FALLADO,VISITANTE,3,"VASQUEZ, JULIO",2,9:43,18,10
130828,13/12/2025,ARG,VEN,179,REBOTE-DEFENSIVO,LOCAL,,,2,9:42,18,10
130828,13/12/2025,ARG,VEN,180,FALTA-COMETIDA,VISITANTE,12,"MIQUILARENO, GABRIEL",2,9:42,18,10
130828,13/12/2025,ARG,VEN,181,FALTA-RECIBIDA,LOCAL,12,"FESSIA, MATEO",2,9:42,18,10
130828,13/12/2025,ARG,VEN,182,CAMBIO-JUGADOR-SALE,VISITANTE,23,"NIÑO, SAMUEL",2,9:42,18,10
130828,13/12/2025,ARG,VEN,183,CAMBIO-JUGADOR-ENTRA,VISITANTE,7,"LARA, JOSE",2,9:42,18,10
130828,13/12/2025,ARG,VEN,184,TIRO3-FALLADO,LOCAL,10,"CAUMO, JOAQUIN",2,9:30,18,10
130828,13/12/2025,ARG,VEN,185,REBOTE-DEFENSIVO,VISITANTE,7,"LARA, JOSE",2,9:26,18,10
130828,13/12/2025,ARG,VEN,186,CANASTA-2P,VISITANTE,4,"SEGOVIA, RICHARD",2,9:19,18,12
130828,13/12/2025,ARG,VEN,187,TIRO2-FALLADO,LOCAL,5,"CORNALIS, FACUNDO",2,9:05,18,12
130828,13/12/2025,ARG,VEN,188,REBOTE-DEFENSIVO,VISITANTE,7,"LARA, JOSE",2,9:02,18,12
130828,13/12/2025,ARG,VEN,189,CANASTA-2P,VISITANTE,3,"VASQUEZ, JULIO",2,9:00,18,14
130828,13/12/2025,ARG,VEN,190,TIEMPO-MUERTO-SOLICITADO,LOCAL,,,2,8:58,18,14
130828,13/12/2025,ARG,VEN,191,PERDIDA,LOCAL,11,"MORAVANSKY, ROMAN",2,8:54,18,14
130828,13/12/2025,ARG,VEN,192,TIRO3-FALLADO,VISITANTE,3,"VASQUEZ, JULIO",2,8:48,18,14
130828,13/12/2025,ARG,VEN,193,REBOTE-DEFENSIVO,LOCAL,10,"CAUMO, JOAQUIN",2,8:45,18,14
130828,13/12/2025,ARG,VEN,194,TIRO2-FALLADO,LOCAL,10,"CAUMO, JOAQUIN",2,8:40,18,14
130828,13/12/2025,ARG,VEN,195,REBOTE-DEFENSIVO,VISITANTE,7,"LARA, JOSE",2,8:36,18,14
130828,13/12/2025,ARG,VEN,196,TIRO3-FALLADO,VISITANTE,9,"PERDOMO, JUAN",2,8:29,18,14
130828,13/12/2025,ARG,VEN,197,REBOTE-OFENSIVO,VISITANTE,4,"SEGOVIA, RICHARD",2,8:25,18,14
130828,13/12/2025,ARG,VEN,198,CANASTA-2P,VISITANTE,4,"SEGOVIA, RICHARD",2,8:25,18,16
130828,13/12/2025,ARG,VEN,199,TIRO2-FALLADO,LOCAL,11,"MORAVANSKY, ROMAN",2,8:01,18,16
130828,13/12/2025,ARG,VEN,200,TIEMPO-MUERTO-SOLICITADO,LOCAL,,,2,7:57,18,16
130828,13/12/2025,ARG,VEN,201,CAMBIO-JUGADOR-SALE,LOCAL,7,"TORRENS, ELIAS",2,7:57,18,16
130828,13/12/2025,ARG,VEN,202,CAMBIO-JUGADOR-SALE,LOCAL,10,"CAUMO, JOAQUIN",2,7:57,18,16
130828,13/12/2025,ARG,VEN,203,CAMBIO-JUGADOR-SALE,LOCAL,12,"FESSIA, MATEO",2,7:57,18,16
130828,13/12/2025,ARG,VEN,204,CAMBIO-JUGADOR-ENTRA,LOCAL,2,"PETTOVELLO, BENJAMIN",2,7:57,18,16
130828,13/12/2025,ARG,VEN,205,CAMBIO-JUGADOR-ENTRA,LOCAL,4,"HERNANDEZ, MANUEL",2,7:57,18,16
130828,13/12/2025,ARG,VEN,206,CAMBIO-JUGADOR-ENTRA,LOCAL,9,"CELIZ, JOAQUIN",2,7:57,18,16
130828,13/12/2025,ARG,VEN,207,TIRO2-FALLADO,VISITANTE,3,"VASQUEZ, JULIO",2,7:47,18,16
130828,13/12/2025,ARG,VEN,208,REBOTE-DEFENSIVO,LOCAL,,,2,7:47,18,16
130828,13/12/2025,ARG,VEN,209,FALTA-COMETIDA,VISITANTE,12,"MIQUILARENO, GABRIEL",2,7:47,18,16
130828,13/12/2025,ARG,VEN,210,FALTA-RECIBIDA,LOCAL,11,"MORAVANSKY, ROMAN",2,7:47,18,16
130828,13/12/2025,ARG,VEN,211,CAMBIO-JUGADOR-SALE,VISITANTE,12,"MIQUILARENO, GABRIEL",2,7:47,18,16
130828,13/12/2025,ARG,VEN,212,CAMBIO-JUGADOR-ENTRA,VISITANTE,23,"NIÑO, SAMUEL",2,7:47,18,16
130828,13/12/2025,ARG,VEN,213,TIRO2-FALLADO,LOCAL,2,"PETTOVELLO, BENJAMIN",2,7:28,18,16
130828,13/12/2025,ARG,VEN,214,TAPON-COMETIDO,VISITANTE,7,"LARA, JOSE",2,7:28,18,16
130828,13/12/2025,ARG,VEN,215,REBOTE-OFENSIVO,LOCAL,2,"PETTOVELLO, BENJAMIN",2,7:23,18,16
130828,13/12/2025,ARG,VEN,216,TIRO2-FALLADO,LOCAL,2,"PETTOVELLO, BENJAMIN",2,7:23,18,16
130828,13/12/2025,ARG,VEN,217,REBOTE-OFENSIVO,LOCAL,,,2,7:23,18,16
130828,13/12/2025,ARG,VEN,218,CAMBIO-JUGADOR-SALE,VISITANTE,9,"PERDOMO, JUAN",2,7:23,18,16
130828,13/12/2025,ARG,VEN,219,CAMBIO-JUGADOR-ENTRA,VISITANTE,26,"SOTO, DIEGO",2,7:23,18,16
130828,13/12/2025,ARG,VEN,220,FALTA-COMETIDA,VISITANTE,26,"SOTO, DIEGO",2,7:21,18,16
130828,13/12/2025,ARG,VEN,221,FALTA-RECIBIDA,LOCAL,4,"HERNANDEZ, MANUEL",2,7:21,18,16
130828,13/12/2025,ARG,VEN,222,TIRO1-FALLADO,LOCAL,4,"HERNANDEZ, MANUEL",2,6:52,18,16
130828,13/12/2025,ARG,VEN,223,TIRO1-FALLADO,LOCAL,4,"HERNANDEZ, MANUEL",2,6:35,18,16
130828,13/12/2025,ARG,VEN,224,REBOTE-OFENSIVO,LOCAL,2,"PETTOVELLO, BENJAMIN",2,6:34,18,16
130828,13/12/2025,ARG,VEN,225,TIRO2-FALLADO,LOCAL,2,"PETTOVELLO, BENJAMIN",2,6:33,18,16
130828,13/12/2025,ARG,VEN,226,REBOTE-DEFENSIVO,VISITANTE,,,2,6:31,18,16
130828,13/12/2025,ARG,VEN,227,VTR,VISITANTE,,,2,6:31,18,16
130828,13/12/2025,ARG,VEN,228,TIEMPO-MUERTO-SOLICITADO,VISITANTE,,,2,6:07,18,16
130828,13/12/2025,ARG,VEN,229,FALTA-COMETIDA,LOCAL,4,"HERNANDEZ, MANUEL",2,6:03,18,16
130828,13/12/2025,ARG,VEN,230,PERDIDA,LOCAL,4,"HERNANDEZ, MANUEL",2,6:03,18,16
130828,13/12/2025,ARG,VEN,231,FALTA-RECIBIDA,VISITANTE,23,"NIÑO, SAMUEL",2,6:03,18,16
130828,13/12/2025,ARG,VEN,232,CAMBIO-JUGADOR-SALE,LOCAL,11,"MORAVANSKY, ROMAN",2,6:03,18,16
130828,13/12/2025,ARG,VEN,233,CAMBIO-JUGADOR-ENTRA,LOCAL,14,"PETTINAROLI, SANTIAGO",2,6:03,18,16
130828,13/12/2025,ARG,VEN,234,TIRO2-FALLADO,VISITANTE,7,"LARA, JOSE",2,6:01,18,16
130828,13/12/2025,ARG,VEN,235,REBOTE-OFENSIVO,VISITANTE,3,"VASQUEZ, JULIO",2,5:54,18,16
130828,13/12/2025,ARG,VEN,236,TIRO2-FALLADO,VISITANTE,4,"SEGOVIA, RICHARD",2,5:51,18,16
130828,13/12/2025,ARG,VEN,237,REBOTE-OFENSIVO,VISITANTE,7,"LARA, JOSE",2,5:45,18,16
130828,13/12/2025,ARG,VEN,238,TIRO2-FALLADO,VISITANTE,7,"LARA, JOSE",2,5:45,18,16
130828,13/12/2025,ARG,VEN,239,REBOTE-DEFENSIVO,LOCAL,9,"CELIZ, JOAQUIN",2,5:44,18,16
130828,13/12/2025,ARG,VEN,240,TIRO3-FALLADO,LOCAL,4,"HERNANDEZ, MANUEL",2,5:39,18,16
130828,13/12/2025,ARG,VEN,241,REBOTE-OFENSIVO,LOCAL,5,"CORNALIS, FACUNDO",2,5:36,18,16
130828,13/12/2025,ARG,VEN,242,FALTA-COMETIDA,VISITANTE,23,"NIÑO, SAMUEL",2,5:34,18,16
130828,13/12/2025,ARG,VEN,243,FALTA-RECIBIDA,LOCAL,9,"CELIZ, JOAQUIN",2,5:34,18,16
130828,13/12/2025,ARG,VEN,244,CANASTA-1P,LOCAL,9,"CELIZ, JOAQUIN",2,5:34,19,16
130828,13/12/2025,ARG,VEN,245,CANASTA-1P,LOCAL,9,"CELIZ, JOAQUIN",2,5:34,20,16
130828,13/12/2025,ARG,VEN,246,CAMBIO-JUGADOR-SALE,VISITANTE,4,"SEGOVIA, RICHARD",2,5:34,20,16
130828,13/12/2025,ARG,VEN,247,CAMBIO-JUGADOR-ENTRA,VISITANTE,2,"TORRES, DEIKER",2,5:34,20,16
130828,13/12/2025,ARG,VEN,248,PERDIDA,VISITANTE,23,"NIÑO, SAMUEL",2,5:33,20,16
130828,13/12/2025,ARG,VEN,249,RECUPERACION,LOCAL,2,"PETTOVELLO, BENJAMIN",2,5:33,20,16
130828,13/12/2025,ARG,VEN,250,FALTA-COMETIDA,VISITANTE,2,"TORRES, DEIKER",2,5:30,20,16
130828,13/12/2025,ARG,VEN,251,FALTA-RECIBIDA,LOCAL,2,"PETTOVELLO, BENJAMIN",2,5:30,20,16
130828,13/12/2025,ARG,VEN,252,TIRO1-FALLADO,LOCAL,2,"PETTOVELLO, BENJAMIN",2,5:30,20,16
130828,13/12/2025,ARG,VEN,253,CANASTA-1P,LOCAL,2,"PETTOVELLO, BENJAMIN",2,5:30,21,16
130828,13/12/2025,ARG,VEN,254,CANASTA-2P,LOCAL,2,"PETTOVELLO, BENJAMIN",2,5:23,23,16
130828,13/12/2025,ARG,VEN,255,ASISTENCIA,LOCAL,14,"PETTINAROLI, SANTIAGO",2,5:23,23,16
130828,13/12/2025,ARG,VEN,256,FALTA-COMETIDA,VISITANTE,23,"NIÑO, SAMUEL",2,5:23,23,16
130828,13/12/2025,ARG,VEN,257,FALTA-RECIBIDA,LOCAL,2,"PETTOVELLO, BENJAMIN",2,5:23,23,16
130828,13/12/2025,ARG,VEN,258,CAMBIO-JUGADOR-SALE,VISITANTE,23,"NIÑO, SAMUEL",2,5:23,23,16
130828,13/12/2025,ARG,VEN,259,CAMBIO-JUGADOR-ENTRA,VISITANTE,14,"GUTIERREZ, KEVIN",2,5:23,23,16
130828,13/12/2025,ARG,VEN,260,CANASTA-1P,LOCAL,2,"PETTOVELLO, BENJAMIN",2,5:23,24,16
130828,13/12/2025,ARG,VEN,261,CANASTA-3P,VISITANTE,14,"GUTIERREZ, KEVIN",2,5:05,24,19
130828,13/12/2025,ARG,VEN,262,ASISTENCIA,VISITANTE,2,"TORRES, DEIKER",2,5:05,24,19
130828,13/12/2025,ARG,VEN,263,TIRO2-FALLADO,LOCAL,9,"CELIZ, JOAQUIN",2,4:54,24,19
130828,13/12/2025,ARG,VEN,264,REBOTE-DEFENSIVO,VISITANTE,7,"LARA, JOSE",2,4:51,24,19
130828,13/12/2025,ARG,VEN,265,PERDIDA,VISITANTE,7,"LARA, JOSE",2,4:44,24,19
130828,13/12/2025,ARG,VEN,266,RECUPERACION,LOCAL,5,"CORNALIS, FACUNDO",2,4:44,24,19
130828,13/12/2025,ARG,VEN,267,TIRO3-FALLADO,LOCAL,5,"CORNALIS, FACUNDO",2,4:31,24,19
130828,13/12/2025,ARG,VEN,268,REBOTE-DEFENSIVO,VISITANTE,,,2,4:28,24,19
130828,13/12/2025,ARG,VEN,269,TIRO3-FALLADO,VISITANTE,3,"VASQUEZ, JULIO",2,4:11,24,19
130828,13/12/2025,ARG,VEN,270,REBOTE-DEFENSIVO,LOCAL,14,"PETTINAROLI, SANTIAGO",2,4:08,24,19
130828,13/12/2025,ARG,VEN,271,FALTA-COMETIDA,LOCAL,4,"HERNANDEZ, MANUEL",2,4:05,24,19
130828,13/12/2025,ARG,VEN,272,PERDIDA,LOCAL,4,"HERNANDEZ, MANUEL",2,4:05,24,19
130828,13/12/2025,ARG,VEN,273,FALTA-RECIBIDA,VISITANTE,26,"SOTO, DIEGO",2,4:05,24,19
130828,13/12/2025,ARG,VEN,274,CANASTA-1P,VISITANTE,26,"SOTO, DIEGO",2,4:05,24,20
130828,13/12/2025,ARG,VEN,275,TIRO1-FALLADO,VISITANTE,26,"SOTO, DIEGO",2,4:05,24,20
130828,13/12/2025,ARG,VEN,276,TIRO2-FALLADO,VISITANTE,3,"VASQUEZ, JULIO",2,3:54,24,20
130828,13/12/2025,ARG,VEN,277,REBOTE-DEFENSIVO,LOCAL,2,"PETTOVELLO, BENJAMIN",2,3:51,24,20
130828,13/12/2025,ARG,VEN,278,TIRO3-FALLADO,LOCAL,14,"PETTINAROLI, SANTIAGO",2,3:34,24,20
130828,13/12/2025,ARG,VEN,279,REBOTE-DEFENSIVO,VISITANTE,26,"SOTO, DIEGO",2,3:32,24,20
130828,13/12/2025,ARG,VEN,280,FALTA-COMETIDA,LOCAL,9,"CELIZ, JOAQUIN",2,3:32,24,20
130828,13/12/2025,ARG,VEN,281,FALTA-RECIBIDA,VISITANTE,26,"SOTO, DIEGO",2,3:32,24,20
130828,13/12/2025,ARG,VEN,282,CAMBIO-JUGADOR-SALE,LOCAL,9,"CELIZ, JOAQUIN",2,3:32,24,20
130828,13/12/2025,ARG,VEN,283,CAMBIO-JUGADOR-ENTRA,LOCAL,12,"FESSIA, MATEO",2,3:32,24,20
130828,13/12/2025,ARG,VEN,284,PERDIDA,VISITANTE,3,"VASQUEZ, JULIO",2,3:13,24,20
130828,13/12/2025,ARG,VEN,285,CAMBIO-JUGADOR-SALE,VISITANTE,3,"VASQUEZ, JULIO",2,3:13,24,20
130828,13/12/2025,ARG,VEN,286,CAMBIO-JUGADOR-ENTRA,VISITANTE,9,"PERDOMO, JUAN",2,3:13,24,20
130828,13/12/2025,ARG,VEN,287,CANASTA-2P,LOCAL,14,"PETTINAROLI, SANTIAGO",2,2:58,26,20
130828,13/12/2025,ARG,VEN,288,CANASTA-2P,VISITANTE,7,"LARA, JOSE",2,2:40,26,22
130828,13/12/2025,ARG,VEN,289,CANASTA-2P,LOCAL,2,"PETTOVELLO, BENJAMIN",2,2:19,28,22
130828,13/12/2025,ARG,VEN,290,PERDIDA,VISITANTE,2,"TORRES, DEIKER",2,2:05,28,22
130828,13/12/2025,ARG,VEN,291,FALTA-COMETIDA,VISITANTE,7,"LARA, JOSE",2,2:01,28,22
130828,13/12/2025,ARG,VEN,292,FALTA-RECIBIDA,LOCAL,2,"PETTOVELLO, BENJAMIN",2,2:01,28,22
130828,13/12/2025,ARG,VEN,293,CANASTA-1P,LOCAL,2,"PETTOVELLO, BENJAMIN",2,2:01,29,22
130828,13/12/2025,ARG,VEN,294,TIRO1-FALLADO,LOCAL,2,"PETTOVELLO, BENJAMIN",2,2:01,29,22
130828,13/12/2025,ARG,VEN,295,REBOTE-DEFENSIVO,VISITANTE,14,"GUTIERREZ, KEVIN",2,2:01,29,22
130828,13/12/2025,ARG,VEN,296,PERDIDA,VISITANTE,7,"LARA, JOSE",2,1:48,29,22
130828,13/12/2025,ARG,VEN,297,CAMBIO-JUGADOR-SALE,LOCAL,4,"HERNANDEZ, MANUEL",2,1:48,29,22
130828,13/12/2025,ARG,VEN,298,CAMBIO-JUGADOR-SALE,LOCAL,5,"CORNALIS, FACUNDO",2,1:48,29,22
130828,13/12/2025,ARG,VEN,299,CAMBIO-JUGADOR-ENTRA,LOCAL,6,"GOBETTI, BAUTISTA",2,1:48,29,22
130828,13/12/2025,ARG,VEN,300,CAMBIO-JUGADOR-ENTRA,LOCAL,10,"CAUMO, JOAQUIN",2,1:48,29,22
130828,13/12/2025,ARG,VEN,301,CAMBIO-JUGADOR-SALE,VISITANTE,2,"TORRES, DEIKER",2,1:48,29,22
130828,13/12/2025,ARG,VEN,302,CAMBIO-JUGADOR-SALE,VISITANTE,26,"SOTO, DIEGO",2,1:48,29,22
130828,13/12/2025,ARG,VEN,303,CAMBIO-JUGADOR-ENTRA,VISITANTE,4,"SEGOVIA, RICHARD",2,1:48,29,22
130828,13/12/2025,ARG,VEN,304,CAMBIO-JUGADOR-ENTRA,VISITANTE,18,"ANILLO, WILLIAMS",2,1:48,29,22
130828,13/12/2025,ARG,VEN,305,TIRO2-FALLADO,LOCAL,14,"PETTINAROLI, SANTIAGO",2,1:43,29,22
130828,13/12/2025,ARG,VEN,306,REBOTE-OFENSIVO,LOCAL,2,"PETTOVELLO, BENJAMIN",2,1:41,29,22
130828,13/12/2025,ARG,VEN,307,PERDIDA,LOCAL,2,"PETTOVELLO, BENJAMIN",2,1:41,29,22
130828,13/12/2025,ARG,VEN,308,TIRO3-FALLADO,VISITANTE,14,"GUTIERREZ, KEVIN",2,1:27,29,22
130828,13/12/2025,ARG,VEN,309,REBOTE-DEFENSIVO,LOCAL,14,"PETTINAROLI, SANTIAGO",2,1:23,29,22
130828,13/12/2025,ARG,VEN,310,CANASTA-2P,LOCAL,12,"FESSIA, MATEO",2,1:13,31,22
130828,13/12/2025,ARG,VEN,311,TIEMPO-MUERTO-SOLICITADO,VISITANTE,,,2,1:12,31,22
130828,13/12/2025,ARG,VEN,312,CAMBIO-JUGADOR-SALE,LOCAL,2,"PETTOVELLO, BENJAMIN",2,1:12,31,22
130828,13/12/2025,ARG,VEN,313,CAMBIO-JUGADOR-ENTRA,LOCAL,7,"TORRENS, ELIAS",2,1:12,31,22
130828,13/12/2025,ARG,VEN,314,TIRO3-FALLADO,VISITANTE,9,"PERDOMO, JUAN",2,0:58,31,22
130828,13/12/2025,ARG,VEN,315,REBOTE-DEFENSIVO,LOCAL,10,"CAUMO, JOAQUIN",2,0:55,31,22
130828,13/12/2025,ARG,VEN,316,TIRO2-FALLADO,LOCAL,14,"PETTINAROLI, SANTIAGO",2,0:44,31,22
130828,13/12/2025,ARG,VEN,317,REBOTE-DEFENSIVO,VISITANTE,7,"LARA, JOSE",2,0:38,31,22
130828,13/12/2025,ARG,VEN,318,TIRO2-FALLADO,VISITANTE,4,"SEGOVIA, RICHARD",2,0:34,31,22
130828,13/12/2025,ARG,VEN,319,REBOTE-OFENSIVO,VISITANTE,14,"GUTIERREZ, KEVIN",2,0:33,31,22
130828,13/12/2025,ARG,VEN,320,CANASTA-2P,VISITANTE,14,"GUTIERREZ, KEVIN",2,0:33,31,24
130828,13/12/2025,ARG,VEN,321,TIEMPO-MUERTO-SOLICITADO,LOCAL,,,2,0:33,31,24
130828,13/12/2025,ARG,VEN,322,CAMBIO-JUGADOR-SALE,LOCAL,7,"TORRENS, ELIAS",2,0:33,31,24
130828,13/12/2025,ARG,VEN,323,CAMBIO-JUGADOR-ENTRA,LOCAL,2,"PETTOVELLO, BENJAMIN",2,0:33,31,24
130828,13/12/2025,ARG,VEN,324,CAMBIO-JUGADOR-SALE,VISITANTE,14,"GUTIERREZ, KEVIN",2,0:33,31,24
130828,13/12/2025,ARG,VEN,325,CAMBIO-JUGADOR-SALE,VISITANTE,18,"ANILLO, WILLIAMS",2,0:33,31,24
130828,13/12/2025,ARG,VEN,326,CAMBIO-JUGADOR-ENTRA,VISITANTE,20,"MONTERO, ISAAC",2,0:33,31,24
130828,13/12/2025,ARG,VEN,327,CAMBIO-JUGADOR-ENTRA,VISITANTE,26,"SOTO, DIEGO",2,0:33,31,24
130828,13/12/2025,ARG,VEN,328,TIRO3-FALLADO,LOCAL,10,"CAUMO, JOAQUIN",2,0:11,31,24
130828,13/12/2025,ARG,VEN,329,REBOTE-DEFENSIVO,VISITANTE,26,"SOTO, DIEGO",2,0:07,31,24
130828,13/12/2025,ARG,VEN,330,FINAL-PERIODO,,,,2,0:00,31,24
130828,13/12/2025,ARG,VEN,331,CAMBIO-JUGADOR-SALE,LOCAL,10,"CAUMO, JOAQUIN",3,10:00,31,24
130828,13/12/2025,ARG,VEN,332,CAMBIO-JUGADOR-SALE,LOCAL,12,"FESSIA, MATEO",3,10:00,31,24
130828,13/12/2025,ARG,VEN,333,CAMBIO-JUGADOR-ENTRA,LOCAL,4,"HERNANDEZ, MANUEL",3,10:00,31,24
130828,13/12/2025,ARG,VEN,334,CAMBIO-JUGADOR-ENTRA,LOCAL,8,"AMAN, GONZALO",3,10:00,31,24
130828,13/12/2025,ARG,VEN,335,CAMBIO-JUGADOR-SALE,VISITANTE,9,"PERDOMO, JUAN",3,10:00,31,24
130828,13/12/2025,ARG,VEN,336,CAMBIO-JUGADOR-SALE,VISITANTE,20,"MONTERO, ISAAC",3,10:00,31,24
130828,13/12/2025,ARG,VEN,337,CAMBIO-JUGADOR-SALE,VISITANTE,26,"SOTO, DIEGO",3,10:00,31,24
130828,13/12/2025,ARG,VEN,338,CAMBIO-JUGADOR-ENTRA,VISITANTE,3,"VASQUEZ, JULIO",3,10:00,31,24
130828,13/12/2025,ARG,VEN,339,CAMBIO-JUGADOR-ENTRA,VISITANTE,14,"GUTIERREZ, KEVIN",3,10:00,31,24
130828,13/12/2025,ARG,VEN,340,CAMBIO-JUGADOR-ENTRA,VISITANTE,18,"ANILLO, WILLIAMS",3,10:00,31,24
130828,13/12/2025,ARG,VEN,341,INICIO-PERIODO,,,,3,10:00,31,24
130828,13/12/2025,ARG,VEN,342,CANASTA-2P,LOCAL,4,"HERNANDEZ, MANUEL",3,9:44,33,24
130828,13/12/2025,ARG,VEN,343,TIRO2-FALLADO,VISITANTE,14,"GUTIERREZ, KEVIN",3,9:18,33,24
130828,13/12/2025,ARG,VEN,344,REBOTE-DEFENSIVO,LOCAL,8,"AMAN, GONZALO",3,9:15,33,24
130828,13/12/2025,ARG,VEN,345,TIRO2-FALLADO,LOCAL,8,"AMAN, GONZALO",3,9:14,33,24
130828,13/12/2025,ARG,VEN,346,TAPON-COMETIDO,VISITANTE,18,"ANILLO, WILLIAMS",3,9:14,33,24
130828,13/12/2025,ARG,VEN,347,REBOTE-OFENSIVO,LOCAL,,,3,9:14,33,24
130828,13/12/2025,ARG,VEN,348,TIRO2-FALLADO,LOCAL,4,"HERNANDEZ, MANUEL",3,9:14,33,24
130828,13/12/2025,ARG,VEN,349,REBOTE-DEFENSIVO,VISITANTE,14,"GUTIERREZ, KEVIN",3,9:10,33,24
130828,13/12/2025,ARG,VEN,350,FALTA-COMETIDA,LOCAL,4,"HERNANDEZ, MANUEL",3,8:56,33,24
130828,13/12/2025,ARG,VEN,351,FALTA-RECIBIDA,VISITANTE,14,"GUTIERREZ, KEVIN",3,8:56,33,24
130828,13/12/2025,ARG,VEN,352,CANASTA-1P,VISITANTE,14,"GUTIERREZ, KEVIN",3,8:56,33,25
130828,13/12/2025,ARG,VEN,353,ASISTENCIA,VISITANTE,18,"ANILLO, WILLIAMS",3,8:56,33,25
130828,13/12/2025,ARG,VEN,354,TIRO1-FALLADO,VISITANTE,14,"GUTIERREZ, KEVIN",3,8:56,33,25
130828,13/12/2025,ARG,VEN,355,REBOTE-DEFENSIVO,LOCAL,6,"GOBETTI, BAUTISTA",3,8:56,33,25
130828,13/12/2025,ARG,VEN,356,FALTA-COMETIDA,VISITANTE,3,"VASQUEZ, JULIO",3,8:47,33,25
130828,13/12/2025,ARG,VEN,357,FALTA-RECIBIDA,LOCAL,2,"PETTOVELLO, BENJAMIN",3,8:47,33,25
130828,13/12/2025,ARG,VEN,358,TIRO2-FALLADO,LOCAL,8,"AMAN, GONZALO",3,8:42,33,25
130828,13/12/2025,ARG,VEN,359,REBOTE-DEFENSIVO,VISITANTE,3,"VASQUEZ, JULIO",3,8:39,33,25
130828,13/12/2025,ARG,VEN,360,PERDIDA,VISITANTE,18,"ANILLO, WILLIAMS",3,8:22,33,25
130828,13/12/2025,ARG,VEN,361,RECUPERACION,LOCAL,6,"GOBETTI, BAUTISTA",3,8:22,33,25
130828,13/12/2025,ARG,VEN,362,FALTA-COMETIDA,LOCAL,6,"GOBETTI, BAUTISTA",3,8:20,33,25
130828,13/12/2025,ARG,VEN,363,PERDIDA,LOCAL,6,"GOBETTI, BAUTISTA",3,8:20,33,25
130828,13/12/2025,ARG,VEN,364,FALTA-RECIBIDA,VISITANTE,18,"ANILLO, WILLIAMS",3,8:20,33,25
130828,13/12/2025,ARG,VEN,365,CANASTA-2P,VISITANTE,18,"ANILLO, WILLIAMS",3,8:05,33,27
130828,13/12/2025,ARG,VEN,366,TIRO2-FALLADO,LOCAL,14,"PETTINAROLI, SANTIAGO",3,7:40,33,27
130828,13/12/2025,ARG,VEN,367,REBOTE-DEFENSIVO,VISITANTE,18,"ANILLO, WILLIAMS",3,7:38,33,27
130828,13/12/2025,ARG,VEN,368,TIRO3-FALLADO,VISITANTE,4,"SEGOVIA, RICHARD",3,7:32,33,27
130828,13/12/2025,ARG,VEN,369,REBOTE-DEFENSIVO,LOCAL,14,"PETTINAROLI, SANTIAGO",3,7:29,33,27
130828,13/12/2025,ARG,VEN,370,CANASTA-3P,LOCAL,6,"GOBETTI, BAUTISTA",3,7:12,36,27
130828,13/12/2025,ARG,VEN,371,ASISTENCIA,LOCAL,4,"HERNANDEZ, MANUEL",3,7:12,36,27
130828,13/12/2025,ARG,VEN,372,FALTA-COMETIDA,LOCAL,8,"AMAN, GONZALO",3,6:52,36,27
130828,13/12/2025,ARG,VEN,373,FALTA-RECIBIDA,VISITANTE,14,"GUTIERREZ, KEVIN",3,6:52,36,27
130828,13/12/2025,ARG,VEN,374,CAMBIO-JUGADOR-SALE,VISITANTE,4,"SEGOVIA, RICHARD",3,6:52,36,27
130828,13/12/2025,ARG,VEN,375,CAMBIO-JUGADOR-ENTRA,VISITANTE,2,"TORRES, DEIKER",3,6:52,36,27
130828,13/12/2025,ARG,VEN,376,TIRO1-FALLADO,VISITANTE,14,"GUTIERREZ, KEVIN",3,6:52,36,27
130828,13/12/2025,ARG,VEN,377,CANASTA-1P,VISITANTE,14,"GUTIERREZ, KEVIN",3,6:52,36,28
130828,13/12/2025,ARG,VEN,378,FALTA-COMETIDA,LOCAL,8,"AMAN, GONZALO",3,6:45,36,28
130828,13/12/2025,ARG,VEN,379,PERDIDA,LOCAL,8,"AMAN, GONZALO",3,6:45,36,28
130828,13/12/2025,ARG,VEN,380,FALTA-RECIBIDA,VISITANTE,7,"LARA, JOSE",3,6:45,36,28
130828,13/12/2025,ARG,VEN,381,TIRO3-FALLADO,VISITANTE,3,"VASQUEZ, JULIO",3,6:30,36,28
130828,13/12/2025,ARG,VEN,382,REBOTE-DEFENSIVO,LOCAL,2,"PETTOVELLO, BENJAMIN",3,6:25,36,28
130828,13/12/2025,ARG,VEN,383,CANASTA-2P,LOCAL,14,"PETTINAROLI, SANTIAGO",3,6:23,38,28
130828,13/12/2025,ARG,VEN,384,TIRO3-FALLADO,VISITANTE,7,"LARA, JOSE",3,6:12,38,28
130828,13/12/2025,ARG,VEN,385,REBOTE-DEFENSIVO,LOCAL,4,"HERNANDEZ, MANUEL",3,6:08,38,28
130828,13/12/2025,ARG,VEN,386,CANASTA-2P,LOCAL,6,"GOBETTI, BAUTISTA",3,6:01,40,28
130828,13/12/2025,ARG,VEN,387,TIEMPO-MUERTO-SOLICITADO,VISITANTE,,,3,5:54,40,28
130828,13/12/2025,ARG,VEN,388,CAMBIO-JUGADOR-SALE,VISITANTE,3,"VASQUEZ, JULIO",3,5:54,40,28
130828,13/12/2025,ARG,VEN,389,CAMBIO-JUGADOR-ENTRA,VISITANTE,9,"PERDOMO, JUAN",3,5:54,40,28
130828,13/12/2025,ARG,VEN,390,TIRO3-FALLADO,VISITANTE,9,"PERDOMO, JUAN",3,5:45,40,28
130828,13/12/2025,ARG,VEN,391,REBOTE-DEFENSIVO,LOCAL,6,"GOBETTI, BAUTISTA",3,5:42,40,28
130828,13/12/2025,ARG,VEN,392,TIRO2-FALLADO,LOCAL,8,"AMAN, GONZALO",3,5:39,40,28
130828,13/12/2025,ARG,VEN,393,REBOTE-DEFENSIVO,VISITANTE,2,"TORRES, DEIKER",3,5:36,40,28
130828,13/12/2025,ARG,VEN,394,PERDIDA,VISITANTE,2,"TORRES, DEIKER",3,5:35,40,28
130828,13/12/2025,ARG,VEN,395,RECUPERACION,LOCAL,14,"PETTINAROLI, SANTIAGO",3,5:35,40,28
130828,13/12/2025,ARG,VEN,396,CANASTA-2P,LOCAL,6,"GOBETTI, BAUTISTA",3,5:28,42,28
130828,13/12/2025,ARG,VEN,397,ASISTENCIA,LOCAL,14,"PETTINAROLI, SANTIAGO",3,5:28,42,28
130828,13/12/2025,ARG,VEN,398,FALTA-COMETIDA,VISITANTE,18,"ANILLO, WILLIAMS",3,5:28,42,28
130828,13/12/2025,ARG,VEN,399,FALTA-RECIBIDA,LOCAL,2,"PETTOVELLO, BENJAMIN",3,5:28,42,28
130828,13/12/2025,ARG,VEN,400,TIRO3-FALLADO,LOCAL,4,"HERNANDEZ, MANUEL",3,5:14,42,28
130828,13/12/2025,ARG,VEN,401,REBOTE-DEFENSIVO,VISITANTE,14,"GUTIERREZ, KEVIN",3,5:12,42,28
130828,13/12/2025,ARG,VEN,402,TIRO3-FALLADO,VISITANTE,9,"PERDOMO, JUAN",3,5:02,42,28
130828,13/12/2025,ARG,VEN,403,REBOTE-DEFENSIVO,LOCAL,2,"PETTOVELLO, BENJAMIN",3,4:59,42,28
130828,13/12/2025,ARG,VEN,404,CANASTA-2P,LOCAL,2,"PETTOVELLO, BENJAMIN",3,4:54,44,28
130828,13/12/2025,ARG,VEN,405,ASISTENCIA,LOCAL,14,"PETTINAROLI, SANTIAGO",3,4:54,44,28
130828,13/12/2025,ARG,VEN,406,CANASTA-3P,VISITANTE,18,"ANILLO, WILLIAMS",3,4:40,44,31
130828,13/12/2025,ARG,VEN,407,ASISTENCIA,VISITANTE,14,"GUTIERREZ, KEVIN",3,4:40,44,31
130828,13/12/2025,ARG,VEN,408,TIRO2-FALLADO,LOCAL,14,"PETTINAROLI, SANTIAGO",3,4:27,44,31
130828,13/12/2025,ARG,VEN,409,REBOTE-DEFENSIVO,VISITANTE,2,"TORRES, DEIKER",3,4:27,44,31
130828,13/12/2025,ARG,VEN,410,CAMBIO-JUGADOR-SALE,VISITANTE,2,"TORRES, DEIKER",3,3:56,44,31
130828,13/12/2025,ARG,VEN,411,CAMBIO-JUGADOR-ENTRA,VISITANTE,23,"NIÑO, SAMUEL",3,3:56,44,31
130828,13/12/2025,ARG,VEN,412,CANASTA-3P,VISITANTE,18,"ANILLO, WILLIAMS",3,3:46,44,34
130828,13/12/2025,ARG,VEN,413,ASISTENCIA,VISITANTE,23,"NIÑO, SAMUEL",3,3:46,44,34
130828,13/12/2025,ARG,VEN,414,TIRO2-FALLADO,LOCAL,2,"PETTOVELLO, BENJAMIN",3,3:41,44,34
130828,13/12/2025,ARG,VEN,415,REBOTE-DEFENSIVO,VISITANTE,18,"ANILLO, WILLIAMS",3,3:35,44,34
130828,13/12/2025,ARG,VEN,416,TIRO2-FALLADO,VISITANTE,9,"PERDOMO, JUAN",3,3:35,44,34
130828,13/12/2025,ARG,VEN,417,REBOTE-DEFENSIVO,LOCAL,,,3,3:19,44,34
130828,13/12/2025,ARG,VEN,418,TIRO2-FALLADO,LOCAL,6,"GOBETTI, BAUTISTA",3,3:10,44,34
130828,13/12/2025,ARG,VEN,419,REBOTE-DEFENSIVO,VISITANTE,23,"NIÑO, SAMUEL",3,3:06,44,34
130828,13/12/2025,ARG,VEN,420,CANASTA-2P,VISITANTE,23,"NIÑO, SAMUEL",3,3:01,44,36
130828,13/12/2025,ARG,VEN,421,CANASTA-2P,LOCAL,14,"PETTINAROLI, SANTIAGO",3,2:58,46,36
130828,13/12/2025,ARG,VEN,422,TIRO3-FALLADO,LOCAL,4,"HERNANDEZ, MANUEL",3,2:25,46,36
130828,13/12/2025,ARG,VEN,423,REBOTE-DEFENSIVO,VISITANTE,14,"GUTIERREZ, KEVIN",3,2:21,46,36
130828,13/12/2025,ARG,VEN,424,CAMBIO-JUGADOR-SALE,LOCAL,4,"HERNANDEZ, MANUEL",3,2:01,46,36
130828,13/12/2025,ARG,VEN,425,CAMBIO-JUGADOR-SALE,LOCAL,8,"AMAN, GONZALO",3,2:01,46,36
130828,13/12/2025,ARG,VEN,426,CAMBIO-JUGADOR-SALE,LOCAL,14,"PETTINAROLI, SANTIAGO",3,2:01,46,36
130828,13/12/2025,ARG,VEN,427,CAMBIO-JUGADOR-ENTRA,LOCAL,9,"CELIZ, JOAQUIN",3,2:01,46,36
130828,13/12/2025,ARG,VEN,428,CAMBIO-JUGADOR-ENTRA,LOCAL,10,"CAUMO, JOAQUIN",3,2:01,46,36
130828,13/12/2025,ARG,VEN,429,CAMBIO-JUGADOR-ENTRA,LOCAL,11,"MORAVANSKY, ROMAN",3,2:01,46,36
130828,13/12/2025,ARG,VEN,430,CAMBIO-JUGADOR-SALE,VISITANTE,7,"LARA, JOSE",3,2:01,46,36
130828,13/12/2025,ARG,VEN,431,CAMBIO-JUGADOR-SALE,VISITANTE,23,"NIÑO, SAMUEL",3,2:01,46,36
130828,13/12/2025,ARG,VEN,432,CAMBIO-JUGADOR-ENTRA,VISITANTE,2,"TORRES, DEIKER",3,2:01,46,36
130828,13/12/2025,ARG,VEN,433,CAMBIO-JUGADOR-ENTRA,VISITANTE,12,"MIQUILARENO, GABRIEL",3,2:01,46,36
130828,13/12/2025,ARG,VEN,434,TIRO3-FALLADO,VISITANTE,14,"GUTIERREZ, KEVIN",3,1:59,46,36
130828,13/12/2025,ARG,VEN,435,REBOTE-DEFENSIVO,LOCAL,6,"GOBETTI, BAUTISTA",3,1:56,46,36
130828,13/12/2025,ARG,VEN,436,TIRO3-FALLADO,LOCAL,10,"CAUMO, JOAQUIN",3,1:43,46,36
130828,13/12/2025,ARG,VEN,437,REBOTE-DEFENSIVO,VISITANTE,14,"GUTIERREZ, KEVIN",3,1:39,46,36
130828,13/12/2025,ARG,VEN,438,TIRO3-FALLADO,VISITANTE,9,"PERDOMO, JUAN",3,1:25,46,36
130828,13/12/2025,ARG,VEN,439,REBOTE-DEFENSIVO,LOCAL,10,"CAUMO, JOAQUIN",3,1:22,46,36
130828,13/12/2025,ARG,VEN,440,TIRO3-FALLADO,LOCAL,11,"MORAVANSKY, ROMAN",3,1:17,46,36
130828,13/12/2025,ARG,VEN,441,REBOTE-OFENSIVO,LOCAL,9,"CELIZ, JOAQUIN",3,1:12,46,36
130828,13/12/2025,ARG,VEN,442,TIRO2-FALLADO,LOCAL,9,"CELIZ, JOAQUIN",3,1:11,46,36
130828,13/12/2025,ARG,VEN,443,REBOTE-OFENSIVO,LOCAL,2,"PETTOVELLO, BENJAMIN",3,1:07,46,36
130828,13/12/2025,ARG,VEN,444,TIRO2-FALLADO,LOCAL,2,"PETTOVELLO, BENJAMIN",3,1:06,46,36
130828,13/12/2025,ARG,VEN,445,REBOTE-DEFENSIVO,VISITANTE,12,"MIQUILARENO, GABRIEL",3,1:04,46,36
130828,13/12/2025,ARG,VEN,446,TIRO2-FALLADO,VISITANTE,18,"ANILLO, WILLIAMS",3,1:04,46,36
130828,13/12/2025,ARG,VEN,447,REBOTE-OFENSIVO,VISITANTE,,,3,1:04,46,36
130828,13/12/2025,ARG,VEN,448,CAMBIO-JUGADOR-SALE,LOCAL,2,"PETTOVELLO, BENJAMIN",3,1:04,46,36
130828,13/12/2025,ARG,VEN,449,CAMBIO-JUGADOR-ENTRA,LOCAL,7,"TORRENS, ELIAS",3,1:04,46,36
130828,13/12/2025,ARG,VEN,450,CAMBIO-JUGADOR-SALE,VISITANTE,14,"GUTIERREZ, KEVIN",3,1:04,46,36
130828,13/12/2025,ARG,VEN,451,CAMBIO-JUGADOR-SALE,VISITANTE,18,"ANILLO, WILLIAMS",3,1:04,46,36
130828,13/12/2025,ARG,VEN,452,CAMBIO-JUGADOR-ENTRA,VISITANTE,3,"VASQUEZ, JULIO",3,1:04,46,36
130828,13/12/2025,ARG,VEN,453,CAMBIO-JUGADOR-ENTRA,VISITANTE,26,"SOTO, DIEGO",3,1:04,46,36
130828,13/12/2025,ARG,VEN,454,CANASTA-2P,VISITANTE,12,"MIQUILARENO, GABRIEL",3,0:49,46,38
130828,13/12/2025,ARG,VEN,455,ASISTENCIA,VISITANTE,2,"TORRES, DEIKER",3,0:49,46,38
130828,13/12/2025,ARG,VEN,456,FALTA-COMETIDA,VISITANTE,26,"SOTO, DIEGO",3,0:44,46,38
130828,13/12/2025,ARG,VEN,457,CANASTA-1P,LOCAL,10,"CAUMO, JOAQUIN",3,0:44,47,38
130828,13/12/2025,ARG,VEN,458,TIRO3-FALLADO,LOCAL,10,"CAUMO, JOAQUIN",3,0:36,47,38
130828,13/12/2025,ARG,VEN,459,REBOTE-DEFENSIVO,VISITANTE,3,"VASQUEZ, JULIO",3,0:30,47,38
130828,13/12/2025,ARG,VEN,460,TIRO2-FALLADO,VISITANTE,3,"VASQUEZ, JULIO",3,0:23,47,38
130828,13/12/2025,ARG,VEN,461,TAPON-COMETIDO,LOCAL,7,"TORRENS, ELIAS",3,0:23,47,38
130828,13/12/2025,ARG,VEN,462,REBOTE-DEFENSIVO,LOCAL,11,"MORAVANSKY, ROMAN",3,0:19,47,38
130828,13/12/2025,ARG,VEN,463,FALTA-COMETIDA,VISITANTE,26,"SOTO, DIEGO",3,0:16,47,38
130828,13/12/2025,ARG,VEN,464,FALTA-RECIBIDA,LOCAL,9,"CELIZ, JOAQUIN",3,0:16,47,38
130828,13/12/2025,ARG,VEN,465,CAMBIO-JUGADOR-SALE,VISITANTE,26,"SOTO, DIEGO",3,0:16,47,38
130828,13/12/2025,ARG,VEN,466,CAMBIO-JUGADOR-ENTRA,VISITANTE,18,"ANILLO, WILLIAMS",3,0:16,47,38
130828,13/12/2025,ARG,VEN,467,CANASTA-3P,LOCAL,11,"MORAVANSKY, ROMAN",3,0:09,50,38
130828,13/12/2025,ARG,VEN,468,ASISTENCIA,LOCAL,10,"CAUMO, JOAQUIN",3,0:09,50,38
130828,13/12/2025,ARG,VEN,469,FINAL-PERIODO,,,,3,0:00,50,38
130828,13/12/2025,ARG,VEN,470,INICIO-PERIODO,,,,4,10:00,50,38
130828,13/12/2025,ARG,VEN,471,TIRO2-FALLADO,VISITANTE,3,"VASQUEZ, JULIO",4,9:53,50,38
130828,13/12/2025,ARG,VEN,472,REBOTE-DEFENSIVO,LOCAL,9,"CELIZ, JOAQUIN",4,9:50,50,38
130828,13/12/2025,ARG,VEN,473,TIRO3-FALLADO,LOCAL,9,"CELIZ, JOAQUIN",4,9:30,50,38
130828,13/12/2025,ARG,VEN,474,REBOTE-OFENSIVO,LOCAL,9,"CELIZ, JOAQUIN",4,9:26,50,38
130828,13/12/2025,ARG,VEN,475,CANASTA-2P,LOCAL,9,"CELIZ, JOAQUIN",4,9:23,52,38
130828,13/12/2025,ARG,VEN,476,FALTA-COMETIDA,LOCAL,9,"CELIZ, JOAQUIN",4,8:58,52,38
130828,13/12/2025,ARG,VEN,477,FALTA-RECIBIDA,VISITANTE,12,"MIQUILARENO, GABRIEL",4,8:58,52,38
130828,13/12/2025,ARG,VEN,478,CAMBIO-JUGADOR-SALE,VISITANTE,9,"PERDOMO, JUAN",4,8:57,52,38
130828,13/12/2025,ARG,VEN,479,CAMBIO-JUGADOR-ENTRA,VISITANTE,14,"GUTIERREZ, KEVIN",4,8:57,52,38
130828,13/12/2025,ARG,VEN,480,TIRO1-FALLADO,VISITANTE,12,"MIQUILARENO, GABRIEL",4,8:57,52,38
130828,13/12/2025,ARG,VEN,481,TIRO1-FALLADO,VISITANTE,12,"MIQUILARENO, GABRIEL",4,8:57,52,38
130828,13/12/2025,ARG,VEN,482,REBOTE-DEFENSIVO,LOCAL,11,"MORAVANSKY, ROMAN",4,8:57,52,38
130828,13/12/2025,ARG,VEN,483,FALTA-COMETIDA,VISITANTE,12,"MIQUILARENO, GABRIEL",4,8:39,52,38
130828,13/12/2025,ARG,VEN,484,FALTA-RECIBIDA,LOCAL,7,"TORRENS, ELIAS",4,8:39,52,38
130828,13/12/2025,ARG,VEN,485,CANASTA-1P,LOCAL,7,"TORRENS, ELIAS",4,8:39,53,38
130828,13/12/2025,ARG,VEN,486,ASISTENCIA,LOCAL,9,"CELIZ, JOAQUIN",4,8:39,53,38
130828,13/12/2025,ARG,VEN,487,TIRO1-FALLADO,LOCAL,7,"TORRENS, ELIAS",4,8:39,53,38
130828,13/12/2025,ARG,VEN,488,REBOTE-DEFENSIVO,VISITANTE,14,"GUTIERREZ, KEVIN",4,8:39,53,38
130828,13/12/2025,ARG,VEN,489,TIRO3-FALLADO,VISITANTE,2,"TORRES, DEIKER",4,8:30,53,38
130828,13/12/2025,ARG,VEN,490,REBOTE-DEFENSIVO,LOCAL,9,"CELIZ, JOAQUIN",4,8:25,53,38
130828,13/12/2025,ARG,VEN,491,TIRO3-FALLADO,LOCAL,11,"MORAVANSKY, ROMAN",4,8:12,53,38
130828,13/12/2025,ARG,VEN,492,REBOTE-DEFENSIVO,VISITANTE,12,"MIQUILARENO, GABRIEL",4,8:09,53,38
130828,13/12/2025,ARG,VEN,493,TIRO2-FALLADO,VISITANTE,3,"VASQUEZ, JULIO",4,8:06,53,38
130828,13/12/2025,ARG,VEN,494,REBOTE-DEFENSIVO,LOCAL,10,"CAUMO, JOAQUIN",4,8:02,53,38
130828,13/12/2025,ARG,VEN,495,TIRO2-FALLADO,LOCAL,6,"GOBETTI, BAUTISTA",4,8:00,53,38
130828,13/12/2025,ARG,VEN,496,REBOTE-DEFENSIVO,VISITANTE,2,"TORRES, DEIKER",4,7:56,53,38
130828,13/12/2025,ARG,VEN,497,FALTA-COMETIDA,LOCAL,11,"MORAVANSKY, ROMAN",4,7:54,53,38
130828,13/12/2025,ARG,VEN,498,FALTA-RECIBIDA,VISITANTE,12,"MIQUILARENO, GABRIEL",4,7:54,53,38
130828,13/12/2025,ARG,VEN,499,CAMBIO-JUGADOR-SALE,VISITANTE,2,"TORRES, DEIKER",4,7:54,53,38
130828,13/12/2025,ARG,VEN,500,CAMBIO-JUGADOR-SALE,VISITANTE,3,"VASQUEZ, JULIO",4,7:54,53,38
130828,13/12/2025,ARG,VEN,501,CAMBIO-JUGADOR-ENTRA,VISITANTE,4,"SEGOVIA, RICHARD",4,7:54,53,38
130828,13/12/2025,ARG,VEN,502,CAMBIO-JUGADOR-ENTRA,VISITANTE,9,"PERDOMO, JUAN",4,7:54,53,38
130828,13/12/2025,ARG,VEN,503,TIRO1-FALLADO,VISITANTE,12,"MIQUILARENO, GABRIEL",4,7:54,53,38
130828,13/12/2025,ARG,VEN,504,TIRO1-FALLADO,VISITANTE,12,"MIQUILARENO, GABRIEL",4,7:54,53,38
130828,13/12/2025,ARG,VEN,505,REBOTE-OFENSIVO,VISITANTE,12,"MIQUILARENO, GABRIEL",4,7:54,53,38
130828,13/12/2025,ARG,VEN,506,TIRO2-FALLADO,VISITANTE,14,"GUTIERREZ, KEVIN",4,7:42,53,38
130828,13/12/2025,ARG,VEN,507,REBOTE-DEFENSIVO,LOCAL,7,"TORRENS, ELIAS",4,7:39,53,38
130828,13/12/2025,ARG,VEN,508,FALTA-COMETIDA,VISITANTE,18,"ANILLO, WILLIAMS",4,7:34,53,38
130828,13/12/2025,ARG,VEN,509,FALTA-RECIBIDA,LOCAL,9,"CELIZ, JOAQUIN",4,7:34,53,38
130828,13/12/2025,ARG,VEN,510,CAMBIO-JUGADOR-SALE,LOCAL,6,"GOBETTI, BAUTISTA",4,7:34,53,38
130828,13/12/2025,ARG,VEN,511,CAMBIO-JUGADOR-ENTRA,LOCAL,4,"HERNANDEZ, MANUEL",4,7:34,53,38
130828,13/12/2025,ARG,VEN,512,CAMBIO-JUGADOR-SALE,VISITANTE,12,"MIQUILARENO, GABRIEL",4,7:34,53,38
130828,13/12/2025,ARG,VEN,513,CAMBIO-JUGADOR-ENTRA,VISITANTE,7,"LARA, JOSE",4,7:34,53,38
130828,13/12/2025,ARG,VEN,514,CANASTA-1P,LOCAL,9,"CELIZ, JOAQUIN",4,7:34,54,38
130828,13/12/2025,ARG,VEN,515,ASISTENCIA,LOCAL,6,"GOBETTI, BAUTISTA",4,7:34,54,38
130828,13/12/2025,ARG,VEN,516,CANASTA-1P,LOCAL,9,"CELIZ, JOAQUIN",4,7:34,55,38
130828,13/12/2025,ARG,VEN,517,CAMBIO-JUGADOR-SALE,VISITANTE,18,"ANILLO, WILLIAMS",4,7:34,55,38
130828,13/12/2025,ARG,VEN,518,CAMBIO-JUGADOR-ENTRA,VISITANTE,3,"VASQUEZ, JULIO",4,7:34,55,38
130828,13/12/2025,ARG,VEN,519,CANASTA-2P,VISITANTE,4,"SEGOVIA, RICHARD",4,7:21,55,40
130828,13/12/2025,ARG,VEN,520,FALTA-COMETIDA,LOCAL,10,"CAUMO, JOAQUIN",4,7:21,55,40
130828,13/12/2025,ARG,VEN,521,FALTA-RECIBIDA,VISITANTE,4,"SEGOVIA, RICHARD",4,7:21,55,40
130828,13/12/2025,ARG,VEN,522,CANASTA-1P,VISITANTE,4,"SEGOVIA, RICHARD",4,7:21,55,41
130828,13/12/2025,ARG,VEN,523,TIRO2-FALLADO,LOCAL,10,"CAUMO, JOAQUIN",4,7:02,55,41
130828,13/12/2025,ARG,VEN,524,REBOTE-DEFENSIVO,VISITANTE,9,"PERDOMO, JUAN",4,7:00,55,41
130828,13/12/2025,ARG,VEN,525,TIRO2-FALLADO,VISITANTE,9,"PERDOMO, JUAN",4,6:51,55,41
130828,13/12/2025,ARG,VEN,526,REBOTE-DEFENSIVO,LOCAL,9,"CELIZ, JOAQUIN",4,6:48,55,41
130828,13/12/2025,ARG,VEN,527,TIRO2-FALLADO,LOCAL,10,"CAUMO, JOAQUIN",4,6:41,55,41
130828,13/12/2025,ARG,VEN,528,TAPON-COMETIDO,VISITANTE,14,"GUTIERREZ, KEVIN",4,6:41,55,41
130828,13/12/2025,ARG,VEN,529,REBOTE-DEFENSIVO,VISITANTE,7,"LARA, JOSE",4,6:36,55,41
130828,13/12/2025,ARG,VEN,530,TIRO3-FALLADO,VISITANTE,4,"SEGOVIA, RICHARD",4,6:30,55,41
130828,13/12/2025,ARG,VEN,531,REBOTE-DEFENSIVO,LOCAL,9,"CELIZ, JOAQUIN",4,6:26,55,41
130828,13/12/2025,ARG,VEN,532,CANASTA-3P,LOCAL,4,"HERNANDEZ, MANUEL",4,6:13,58,41
130828,13/12/2025,ARG,VEN,533,TIEMPO-MUERTO-SOLICITADO,VISITANTE,,,4,6:08,58,41
130828,13/12/2025,ARG,VEN,534,CAMBIO-JUGADOR-SALE,VISITANTE,14,"GUTIERREZ, KEVIN",4,5:47,58,41
130828,13/12/2025,ARG,VEN,535,CAMBIO-JUGADOR-ENTRA,VISITANTE,23,"NIÑO, SAMUEL",4,5:47,58,41
130828,13/12/2025,ARG,VEN,536,TIRO2-FALLADO,VISITANTE,7,"LARA, JOSE",4,5:47,58,41
130828,13/12/2025,ARG,VEN,537,REBOTE-DEFENSIVO,LOCAL,,,4,5:41,58,41
130828,13/12/2025,ARG,VEN,538,TIRO3-FALLADO,LOCAL,10,"CAUMO, JOAQUIN",4,5:24,58,41
130828,13/12/2025,ARG,VEN,539,REBOTE-DEFENSIVO,VISITANTE,23,"NIÑO, SAMUEL",4,5:24,58,41
130828,13/12/2025,ARG,VEN,540,CAMBIO-JUGADOR-SALE,VISITANTE,9,"PERDOMO, JUAN",4,5:24,58,41
130828,13/12/2025,ARG,VEN,541,CAMBIO-JUGADOR-ENTRA,VISITANTE,26,"SOTO, DIEGO",4,5:24,58,41
130828,13/12/2025,ARG,VEN,542,TIRO3-FALLADO,VISITANTE,4,"SEGOVIA, RICHARD",4,5:11,58,41
130828,13/12/2025,ARG,VEN,543,REBOTE-DEFENSIVO,LOCAL,9,"CELIZ, JOAQUIN",4,5:07,58,41
130828,13/12/2025,ARG,VEN,544,CANASTA-2P,LOCAL,9,"CELIZ, JOAQUIN",4,4:58,60,41
130828,13/12/2025,ARG,VEN,545,PERDIDA,VISITANTE,3,"VASQUEZ, JULIO",4,4:38,60,41
130828,13/12/2025,ARG,VEN,546,CAMBIO-JUGADOR-SALE,VISITANTE,3,"VASQUEZ, JULIO",4,4:38,60,41
130828,13/12/2025,ARG,VEN,547,CAMBIO-JUGADOR-SALE,VISITANTE,4,"SEGOVIA, RICHARD",4,4:38,60,41
130828,13/12/2025,ARG,VEN,548,CAMBIO-JUGADOR-SALE,VISITANTE,7,"LARA, JOSE",4,4:38,60,41
130828,13/12/2025,ARG,VEN,549,CAMBIO-JUGADOR-ENTRA,VISITANTE,2,"TORRES, DEIKER",4,4:38,60,41
130828,13/12/2025,ARG,VEN,550,CAMBIO-JUGADOR-ENTRA,VISITANTE,18,"ANILLO, WILLIAMS",4,4:38,60,41
130828,13/12/2025,ARG,VEN,551,CAMBIO-JUGADOR-ENTRA,VISITANTE,20,"MONTERO, ISAAC",4,4:38,60,41
130828,13/12/2025,ARG,VEN,552,TIRO3-FALLADO,LOCAL,9,"CELIZ, JOAQUIN",4,4:23,60,41
130828,13/12/2025,ARG,VEN,553,REBOTE-OFENSIVO,LOCAL,7,"TORRENS, ELIAS",4,4:20,60,41
130828,13/12/2025,ARG,VEN,554,TIRO2-FALLADO,LOCAL,7,"TORRENS, ELIAS",4,4:19,60,41
130828,13/12/2025,ARG,VEN,555,REBOTE-DEFENSIVO,VISITANTE,23,"NIÑO, SAMUEL",4,4:17,60,41
130828,13/12/2025,ARG,VEN,556,FALTA-COMETIDA,LOCAL,10,"CAUMO, JOAQUIN",4,4:10,60,41
130828,13/12/2025,ARG,VEN,557,FALTA-RECIBIDA,VISITANTE,2,"TORRES, DEIKER",4,4:10,60,41
130828,13/12/2025,ARG,VEN,558,CANASTA-1P,VISITANTE,2,"TORRES, DEIKER",4,4:10,60,42
130828,13/12/2025,ARG,VEN,559,TIRO1-FALLADO,VISITANTE,2,"TORRES, DEIKER",4,4:10,60,42
130828,13/12/2025,ARG,VEN,560,REBOTE-DEFENSIVO,LOCAL,,,4,4:10,60,42
130828,13/12/2025,ARG,VEN,561,CAMBIO-JUGADOR-SALE,LOCAL,7,"TORRENS, ELIAS",4,4:10,60,42
130828,13/12/2025,ARG,VEN,562,CAMBIO-JUGADOR-ENTRA,LOCAL,2,"PETTOVELLO, BENJAMIN",4,4:10,60,42
130828,13/12/2025,ARG,VEN,563,CANASTA-3P,LOCAL,11,"MORAVANSKY, ROMAN",4,3:53,63,42
130828,13/12/2025,ARG,VEN,564,ASISTENCIA,LOCAL,2,"PETTOVELLO, BENJAMIN",4,3:53,63,42
130828,13/12/2025,ARG,VEN,565,JUMP-BALL,LOCAL,,,4,3:35,63,42
130828,13/12/2025,ARG,VEN,566,PERDIDA,VISITANTE,2,"TORRES, DEIKER",4,3:35,63,42
130828,13/12/2025,ARG,VEN,567,RECUPERACION,LOCAL,11,"MORAVANSKY, ROMAN",4,3:35,63,42
130828,13/12/2025,ARG,VEN,568,CANASTA-3P,LOCAL,11,"MORAVANSKY, ROMAN",4,3:13,66,42
130828,13/12/2025,ARG,VEN,569,ASISTENCIA,LOCAL,9,"CELIZ, JOAQUIN",4,3:13,66,42
130828,13/12/2025,ARG,VEN,570,TIRO3-FALLADO,VISITANTE,23,"NIÑO, SAMUEL",4,2:57,66,42
130828,13/12/2025,ARG,VEN,571,REBOTE-DEFENSIVO,LOCAL,4,"HERNANDEZ, MANUEL",4,2:53,66,42
130828,13/12/2025,ARG,VEN,572,TIRO2-FALLADO,LOCAL,2,"PETTOVELLO, BENJAMIN",4,2:39,66,42
130828,13/12/2025,ARG,VEN,573,REBOTE-DEFENSIVO,VISITANTE,18,"ANILLO, WILLIAMS",4,2:35,66,42
130828,13/12/2025,ARG,VEN,574,TIRO2-FALLADO,VISITANTE,23,"NIÑO, SAMUEL",4,2:28,66,42
130828,13/12/2025,ARG,VEN,575,REBOTE-DEFENSIVO,LOCAL,9,"CELIZ, JOAQUIN",4,2:25,66,42
130828,13/12/2025,ARG,VEN,576,TIRO3-FALLADO,LOCAL,10,"CAUMO, JOAQUIN",4,2:11,66,42
130828,13/12/2025,ARG,VEN,577,REBOTE-DEFENSIVO,VISITANTE,26,"SOTO, DIEGO",4,2:07,66,42
130828,13/12/2025,ARG,VEN,578,TIRO2-FALLADO,VISITANTE,26,"SOTO, DIEGO",4,2:04,66,42
130828,13/12/2025,ARG,VEN,579,REBOTE-DEFENSIVO,LOCAL,4,"HERNANDEZ, MANUEL",4,1:57,66,42
130828,13/12/2025,ARG,VEN,580,FALTA-COMETIDA,VISITANTE,2,"TORRES, DEIKER",4,1:56,66,42
130828,13/12/2025,ARG,VEN,581,FALTA-RECIBIDA,LOCAL,9,"CELIZ, JOAQUIN",4,1:56,66,42
130828,13/12/2025,ARG,VEN,582,CAMBIO-JUGADOR-SALE,LOCAL,2,"PETTOVELLO, BENJAMIN",4,1:56,66,42
130828,13/12/2025,ARG,VEN,583,CAMBIO-JUGADOR-SALE,LOCAL,9,"CELIZ, JOAQUIN",4,1:56,66,42
130828,13/12/2025,ARG,VEN,584,CAMBIO-JUGADOR-SALE,LOCAL,10,"CAUMO, JOAQUIN",4,1:56,66,42
130828,13/12/2025,ARG,VEN,585,CAMBIO-JUGADOR-SALE,LOCAL,11,"MORAVANSKY, ROMAN",4,1:56,66,42
130828,13/12/2025,ARG,VEN,586,CAMBIO-JUGADOR-ENTRA,LOCAL,5,"CORNALIS, FACUNDO",4,1:56,66,42
130828,13/12/2025,ARG,VEN,587,CAMBIO-JUGADOR-ENTRA,LOCAL,8,"AMAN, GONZALO",4,1:56,66,42
130828,13/12/2025,ARG,VEN,588,CAMBIO-JUGADOR-ENTRA,LOCAL,12,"FESSIA, MATEO",4,1:56,66,42
130828,13/12/2025,ARG,VEN,589,CAMBIO-JUGADOR-ENTRA,LOCAL,15,"MARQUEZ, JUAN",4,1:56,66,42
130828,13/12/2025,ARG,VEN,590,CAMBIO-JUGADOR-SALE,VISITANTE,18,"ANILLO, WILLIAMS",4,1:56,66,42
130828,13/12/2025,ARG,VEN,591,CAMBIO-JUGADOR-SALE,VISITANTE,23,"NIÑO, SAMUEL",4,1:56,66,42
130828,13/12/2025,ARG,VEN,592,CAMBIO-JUGADOR-ENTRA,VISITANTE,9,"PERDOMO, JUAN",4,1:56,66,42
130828,13/12/2025,ARG,VEN,593,CAMBIO-JUGADOR-ENTRA,VISITANTE,51,"CARRIZO, JOSE",4,1:56,66,42
130828,13/12/2025,ARG,VEN,594,FALTA-COMETIDA,LOCAL,15,"MARQUEZ, JUAN",4,1:50,66,42
130828,13/12/2025,ARG,VEN,595,PERDIDA,LOCAL,15,"MARQUEZ, JUAN",4,1:50,66,42
130828,13/12/2025,ARG,VEN,596,FALTA-RECIBIDA,VISITANTE,51,"CARRIZO, JOSE",4,1:50,66,42
130828,13/12/2025,ARG,VEN,597,TIEMPO-MUERTO-SOLICITADO,VISITANTE,,,4,1:50,66,42
130828,13/12/2025,ARG,VEN,598,CANASTA-3P,VISITANTE,2,"TORRES, DEIKER",4,1:44,66,45
130828,13/12/2025,ARG,VEN,599,PERDIDA,LOCAL,5,"CORNALIS, FACUNDO",4,1:32,66,45
130828,13/12/2025,ARG,VEN,600,RECUPERACION,VISITANTE,2,"TORRES, DEIKER",4,1:32,66,45
130828,13/12/2025,ARG,VEN,601,TIRO2-FALLADO,VISITANTE,2,"TORRES, DEIKER",4,1:28,66,45
130828,13/12/2025,ARG,VEN,602,REBOTE-DEFENSIVO,LOCAL,,,4,1:28,66,45
130828,13/12/2025,ARG,VEN,603,CAMBIO-JUGADOR-SALE,VISITANTE,9,"PERDOMO, JUAN",4,1:28,66,45
130828,13/12/2025,ARG,VEN,604,CAMBIO-JUGADOR-ENTRA,VISITANTE,12,"MIQUILARENO, GABRIEL",4,1:28,66,45
130828,13/12/2025,ARG,VEN,605,PERDIDA,LOCAL,,,4,1:28,66,45
130828,13/12/2025,ARG,VEN,606,PERDIDA,VISITANTE,2,"TORRES, DEIKER",4,1:22,66,45
130828,13/12/2025,ARG,VEN,607,RECUPERACION,LOCAL,12,"FESSIA, MATEO",4,1:22,66,45
130828,13/12/2025,ARG,VEN,608,PERDIDA,LOCAL,15,"MARQUEZ, JUAN",4,1:10,66,45
130828,13/12/2025,ARG,VEN,609,RECUPERACION,VISITANTE,51,"CARRIZO, JOSE",4,1:10,66,45
130828,13/12/2025,ARG,VEN,610,TIRO2-FALLADO,VISITANTE,26,"SOTO, DIEGO",4,1:01,66,45
130828,13/12/2025,ARG,VEN,611,TAPON-COMETIDO,LOCAL,4,"HERNANDEZ, MANUEL",4,1:01,66,45
130828,13/12/2025,ARG,VEN,612,REBOTE-DEFENSIVO,LOCAL,8,"AMAN, GONZALO",4,0:55,66,45
130828,13/12/2025,ARG,VEN,613,TIRO3-FALLADO,LOCAL,8,"AMAN, GONZALO",4,0:39,66,45
130828,13/12/2025,ARG,VEN,614,REBOTE-OFENSIVO,LOCAL,12,"FESSIA, MATEO",4,0:36,66,45
130828,13/12/2025,ARG,VEN,615,TIRO2-FALLADO,LOCAL,4,"HERNANDEZ, MANUEL",4,0:23,66,45
130828,13/12/2025,ARG,VEN,616,REBOTE-DEFENSIVO,VISITANTE,12,"MIQUILARENO, GABRIEL",4,0:20,66,45
130828,13/12/2025,ARG,VEN,617,TIRO3-FALLADO,VISITANTE,2,"TORRES, DEIKER",4,0:11,66,45
130828,13/12/2025,ARG,VEN,618,REBOTE-DEFENSIVO,LOCAL,8,"AMAN, GONZALO",4,0:09,66,45
130828,13/12/2025,ARG,VEN,619,FINAL-PERIODO,,,,4,0:00,66,45
130828,13/12/2025,ARG,VEN,620,FINAL-PARTIDO,,,,4,0:00,66,45
130829,13/12/2025,BRA,URU,0,INICIO-PARTIDO,,,,1,10:00,0,0
130829,13/12/2025,BRA,URU,1,INICIO-PERIODO,,,,1,10:00,0,0
130829,13/12/2025,BRA,URU,2,CAMBIO-JUGADOR-ENTRA,LOCAL,10,"MELO, PIETRO",1,10:00,0,0
130829,13/12/2025,BRA,URU,3,CAMBIO-JUGADOR-ENTRA,LOCAL,14,"NEVES, JOAO",1,10:00,0,0
130829,13/12/2025,BRA,URU,4,CAMBIO-JUGADOR-ENTRA,LOCAL,25,"SOUZA, PEDRO",1,10:00,0,0
130829,13/12/2025,BRA,URU,5,CAMBIO-JUGADOR-ENTRA,LOCAL,33,"FERREIRA, CRISTIAN",1,10:00,0,0
130829,13/12/2025,BRA,URU,6,CAMBIO-JUGADOR-ENTRA,LOCAL,50,"SANTOS, EDUARDO",1,10:00,0,0
130829,13/12/2025,BRA,URU,7,CAMBIO-JUGADOR-ENTRA,VISITANTE,5,"IZUIBEJERES, FACUNDO",1,10:00,0,0
130829,13/12/2025,BRA,URU,8,CAMBIO-JUGADOR-ENTRA,VISITANTE,10,"GOMEZ, LAUTARO",1,10:00,0,0
130829,13/12/2025,BRA,URU,9,CAMBIO-JUGADOR-ENTRA,VISITANTE,11,"TESTA, NICOLAS",1,10:00,0,0
130829,13/12/2025,BRA,URU,10,CAMBIO-JUGADOR-ENTRA,VISITANTE,19,"FATA, GABRIEL",1,10:00,0,0
130829,13/12/2025,BRA,URU,11,CAMBIO-JUGADOR-ENTRA,VISITANTE,22,"OROZCO, LUCAS",1,10:00,0,0
130829,13/12/2025,BRA,URU,12,JUMP-BALL,,,,1,10:00,0,0
130829,13/12/2025,BRA,URU,13,JUMP-BALL,VISITANTE,10,"GOMEZ, LAUTARO",1,9:59,0,0
130829,13/12/2025,BRA,URU,14,JUMP-BALL,LOCAL,33,"FERREIRA, CRISTIAN",1,9:59,0,0
130829,13/12/2025,BRA,URU,15,CANASTA-2P,VISITANTE,10,"GOMEZ, LAUTARO",1,9:47,0,2
130829,13/12/2025,BRA,URU,16,ASISTENCIA,VISITANTE,5,"IZUIBEJERES, FACUNDO",1,9:47,0,2
130829,13/12/2025,BRA,URU,17,TIRO3-FALLADO,LOCAL,14,"NEVES, JOAO",1,9:34,0,2
130829,13/12/2025,BRA,URU,18,REBOTE-DEFENSIVO,VISITANTE,10,"GOMEZ, LAUTARO",1,9:29,0,2
130829,13/12/2025,BRA,URU,19,TIRO2-FALLADO,VISITANTE,11,"TESTA, NICOLAS",1,9:13,0,2
130829,13/12/2025,BRA,URU,20,REBOTE-DEFENSIVO,LOCAL,25,"SOUZA, PEDRO",1,9:10,0,2
130829,13/12/2025,BRA,URU,21,TIRO2-FALLADO,LOCAL,50,"SANTOS, EDUARDO",1,9:08,0,2
130829,13/12/2025,BRA,URU,22,TAPON-COMETIDO,VISITANTE,11,"TESTA, NICOLAS",1,9:08,0,2
130829,13/12/2025,BRA,URU,23,REBOTE-DEFENSIVO,VISITANTE,5,"IZUIBEJERES, FACUNDO",1,9:02,0,2
130829,13/12/2025,BRA,URU,24,CANASTA-2P,VISITANTE,10,"GOMEZ, LAUTARO",1,8:46,0,4
130829,13/12/2025,BRA,URU,25,ASISTENCIA,VISITANTE,5,"IZUIBEJERES, FACUNDO",1,8:46,0,4
130829,13/12/2025,BRA,URU,26,PERDIDA,LOCAL,10,"MELO, PIETRO",1,8:34,0,4
130829,13/12/2025,BRA,URU,27,RECUPERACION,VISITANTE,22,"OROZCO, LUCAS",1,8:34,0,4
130829,13/12/2025,BRA,URU,28,TIRO3-FALLADO,VISITANTE,19,"FATA, GABRIEL",1,8:16,0,4
130829,13/12/2025,BRA,URU,29,REBOTE-DEFENSIVO,LOCAL,14,"NEVES, JOAO",1,8:12,0,4
130829,13/12/2025,BRA,URU,30,FALTA-COMETIDA,VISITANTE,5,"IZUIBEJERES, FACUNDO",1,8:11,0,4
130829,13/12/2025,BRA,URU,31,FALTA-RECIBIDA,LOCAL,25,"SOUZA, PEDRO",1,8:11,0,4
130829,13/12/2025,BRA,URU,32,TIRO2-FALLADO,LOCAL,25,"SOUZA, PEDRO",1,8:05,0,4
130829,13/12/2025,BRA,URU,33,TAPON-COMETIDO,VISITANTE,10,"GOMEZ, LAUTARO",1,8:05,0,4
130829,13/12/2025,BRA,URU,34,REBOTE-OFENSIVO,LOCAL,,,1,8:04,0,4
130829,13/12/2025,BRA,URU,35,TIRO3-FALLADO,LOCAL,14,"NEVES, JOAO",1,7:55,0,4
130829,13/12/2025,BRA,URU,36,REBOTE-DEFENSIVO,VISITANTE,19,"FATA, GABRIEL",1,7:51,0,4
130829,13/12/2025,BRA,URU,37,PERDIDA,VISITANTE,10,"GOMEZ, LAUTARO",1,7:44,0,4
130829,13/12/2025,BRA,URU,38,RECUPERACION,LOCAL,10,"MELO, PIETRO",1,7:44,0,4
130829,13/12/2025,BRA,URU,39,CANASTA-2P,LOCAL,50,"SANTOS, EDUARDO",1,7:39,2,4
130829,13/12/2025,BRA,URU,40,ASISTENCIA,LOCAL,10,"MELO, PIETRO",1,7:39,2,4
130829,13/12/2025,BRA,URU,41,PERDIDA,VISITANTE,10,"GOMEZ, LAUTARO",1,7:25,2,4
130829,13/12/2025,BRA,URU,42,CANASTA-2P,LOCAL,25,"SOUZA, PEDRO",1,7:17,4,4
130829,13/12/2025,BRA,URU,43,CANASTA-2P,VISITANTE,10,"GOMEZ, LAUTARO",1,6:53,4,6
130829,13/12/2025,BRA,URU,44,ASISTENCIA,VISITANTE,5,"IZUIBEJERES, FACUNDO",1,6:53,4,6
130829,13/12/2025,BRA,URU,45,TIRO2-FALLADO,LOCAL,14,"NEVES, JOAO",1,6:38,4,6
130829,13/12/2025,BRA,URU,46,REBOTE-DEFENSIVO,VISITANTE,11,"TESTA, NICOLAS",1,6:34,4,6
130829,13/12/2025,BRA,URU,47,TIRO3-FALLADO,VISITANTE,5,"IZUIBEJERES, FACUNDO",1,6:13,4,6
130829,13/12/2025,BRA,URU,48,REBOTE-DEFENSIVO,LOCAL,25,"SOUZA, PEDRO",1,6:10,4,6
130829,13/12/2025,BRA,URU,49,PERDIDA,LOCAL,25,"SOUZA, PEDRO",1,6:08,4,6
130829,13/12/2025,BRA,URU,50,RECUPERACION,VISITANTE,11,"TESTA, NICOLAS",1,6:08,4,6
130829,13/12/2025,BRA,URU,51,CANASTA-2P,VISITANTE,11,"TESTA, NICOLAS",1,6:04,4,8
130829,13/12/2025,BRA,URU,52,ASISTENCIA,VISITANTE,19,"FATA, GABRIEL",1,6:04,4,8
130829,13/12/2025,BRA,URU,53,FALTA-COMETIDA,VISITANTE,19,"FATA, GABRIEL",1,5:56,4,8
130829,13/12/2025,BRA,URU,54,FALTA-RECIBIDA,LOCAL,25,"SOUZA, PEDRO",1,5:56,4,8
130829,13/12/2025,BRA,URU,55,TIRO1-FALLADO,LOCAL,25,"SOUZA, PEDRO",1,5:56,4,8
130829,13/12/2025,BRA,URU,56,CANASTA-1P,LOCAL,25,"SOUZA, PEDRO",1,5:56,5,8
130829,13/12/2025,BRA,URU,57,CANASTA-2P,VISITANTE,5,"IZUIBEJERES, FACUNDO",1,5:36,5,10
130829,13/12/2025,BRA,URU,58,PERDIDA,LOCAL,25,"SOUZA, PEDRO",1,5:21,5,10
130829,13/12/2025,BRA,URU,59,RECUPERACION,VISITANTE,10,"GOMEZ, LAUTARO",1,5:21,5,10
130829,13/12/2025,BRA,URU,60,CANASTA-2P,VISITANTE,10,"GOMEZ, LAUTARO",1,5:05,5,12
130829,13/12/2025,BRA,URU,61,ASISTENCIA,VISITANTE,19,"FATA, GABRIEL",1,5:05,5,12
130829,13/12/2025,BRA,URU,62,CANASTA-3P,LOCAL,14,"NEVES, JOAO",1,4:51,8,12
130829,13/12/2025,BRA,URU,63,TIRO2-FALLADO,VISITANTE,10,"GOMEZ, LAUTARO",1,4:26,8,12
130829,13/12/2025,BRA,URU,64,REBOTE-DEFENSIVO,LOCAL,50,"SANTOS, EDUARDO",1,4:23,8,12
130829,13/12/2025,BRA,URU,65,CANASTA-3P,LOCAL,10,"MELO, PIETRO",1,4:20,11,12
130829,13/12/2025,BRA,URU,66,ASISTENCIA,LOCAL,50,"SANTOS, EDUARDO",1,4:20,11,12
130829,13/12/2025,BRA,URU,67,PERDIDA,VISITANTE,19,"FATA, GABRIEL",1,4:02,11,12
130829,13/12/2025,BRA,URU,68,CAMBIO-JUGADOR-SALE,LOCAL,50,"SANTOS, EDUARDO",1,4:02,11,12
130829,13/12/2025,BRA,URU,69,CAMBIO-JUGADOR-ENTRA,LOCAL,45,"SANTOS, ISAIAH",1,4:02,11,12
130829,13/12/2025,BRA,URU,70,CAMBIO-JUGADOR-SALE,VISITANTE,5,"IZUIBEJERES, FACUNDO",1,4:02,11,12
130829,13/12/2025,BRA,URU,71,CAMBIO-JUGADOR-ENTRA,VISITANTE,4,"PASTRANA, MANUEL",1,4:02,11,12
130829,13/12/2025,BRA,URU,72,TIRO3-FALLADO,LOCAL,10,"MELO, PIETRO",1,3:55,11,12
130829,13/12/2025,BRA,URU,73,REBOTE-DEFENSIVO,VISITANTE,,,1,3:51,11,12
130829,13/12/2025,BRA,URU,74,TIRO2-FALLADO,VISITANTE,19,"FATA, GABRIEL",1,3:46,11,12
130829,13/12/2025,BRA,URU,75,TAPON-COMETIDO,LOCAL,33,"FERREIRA, CRISTIAN",1,3:46,11,12
130829,13/12/2025,BRA,URU,76,REBOTE-OFENSIVO,VISITANTE,,,1,3:44,11,12
130829,13/12/2025,BRA,URU,77,CAMBIO-JUGADOR-SALE,LOCAL,14,"NEVES, JOAO",1,3:44,11,12
130829,13/12/2025,BRA,URU,78,CAMBIO-JUGADOR-ENTRA,LOCAL,3,"NASCIMENTO, MATHEUS",1,3:44,11,12
130829,13/12/2025,BRA,URU,79,CANASTA-3P,VISITANTE,11,"TESTA, NICOLAS",1,3:33,11,15
130829,13/12/2025,BRA,URU,80,CANASTA-3P,LOCAL,25,"SOUZA, PEDRO",1,3:17,14,15
130829,13/12/2025,BRA,URU,81,ASISTENCIA,LOCAL,10,"MELO, PIETRO",1,3:17,14,15
130829,13/12/2025,BRA,URU,82,CAMBIO-JUGADOR-SALE,LOCAL,10,"MELO, PIETRO",1,2:55,14,15
130829,13/12/2025,BRA,URU,83,CAMBIO-JUGADOR-ENTRA,LOCAL,2,"MATHIAS, CAIO",1,2:55,14,15
130829,13/12/2025,BRA,URU,84,TIEMPO-MUERTO-SOLICITADO,VISITANTE,,,1,2:52,14,15
130829,13/12/2025,BRA,URU,85,CANASTA-2P,LOCAL,25,"SOUZA, PEDRO",1,2:42,16,15
130829,13/12/2025,BRA,URU,86,FALTA-COMETIDA,LOCAL,2,"MATHIAS, CAIO",1,2:30,16,15
130829,13/12/2025,BRA,URU,87,FALTA-RECIBIDA,VISITANTE,22,"OROZCO, LUCAS",1,2:30,16,15
130829,13/12/2025,BRA,URU,88,TIRO1-FALLADO,VISITANTE,22,"OROZCO, LUCAS",1,2:30,16,15
130829,13/12/2025,BRA,URU,89,CANASTA-1P,VISITANTE,22,"OROZCO, LUCAS",1,2:30,16,16
130829,13/12/2025,BRA,URU,90,CAMBIO-JUGADOR-SALE,LOCAL,33,"FERREIRA, CRISTIAN",1,2:30,16,16
130829,13/12/2025,BRA,URU,91,CAMBIO-JUGADOR-ENTRA,LOCAL,50,"SANTOS, EDUARDO",1,2:30,16,16
130829,13/12/2025,BRA,URU,92,CAMBIO-JUGADOR-SALE,VISITANTE,22,"OROZCO, LUCAS",1,2:30,16,16
130829,13/12/2025,BRA,URU,93,CAMBIO-JUGADOR-ENTRA,VISITANTE,8,"CRUZ, FEDERICO",1,2:30,16,16
130829,13/12/2025,BRA,URU,94,PERDIDA,LOCAL,25,"SOUZA, PEDRO",1,2:17,16,16
130829,13/12/2025,BRA,URU,95,CAMBIO-JUGADOR-SALE,LOCAL,50,"SANTOS, EDUARDO",1,2:17,16,16
130829,13/12/2025,BRA,URU,96,CAMBIO-JUGADOR-ENTRA,LOCAL,6,"ALVES, PEDRO",1,2:17,16,16
130829,13/12/2025,BRA,URU,97,CAMBIO-JUGADOR-SALE,VISITANTE,10,"GOMEZ, LAUTARO",1,2:17,16,16
130829,13/12/2025,BRA,URU,98,CAMBIO-JUGADOR-ENTRA,VISITANTE,13,"RAMÍREZ, VALENTINO",1,2:17,16,16
130829,13/12/2025,BRA,URU,99,CANASTA-2P,VISITANTE,4,"PASTRANA, MANUEL",1,2:00,16,18
130829,13/12/2025,BRA,URU,100,ASISTENCIA,VISITANTE,8,"CRUZ, FEDERICO",1,2:00,16,18
130829,13/12/2025,BRA,URU,101,TIRO3-FALLADO,LOCAL,25,"SOUZA, PEDRO",1,1:49,16,18
130829,13/12/2025,BRA,URU,102,REBOTE-OFENSIVO,LOCAL,45,"SANTOS, ISAIAH",1,1:42,16,18
130829,13/12/2025,BRA,URU,103,CANASTA-2P,LOCAL,45,"SANTOS, ISAIAH",1,1:42,18,18
130829,13/12/2025,BRA,URU,104,TIRO3-FALLADO,VISITANTE,4,"PASTRANA, MANUEL",1,1:15,18,18
130829,13/12/2025,BRA,URU,105,REBOTE-DEFENSIVO,LOCAL,,,1,1:12,18,18
130829,13/12/2025,BRA,URU,106,CAMBIO-JUGADOR-SALE,LOCAL,25,"SOUZA, PEDRO",1,1:12,18,18
130829,13/12/2025,BRA,URU,107,CAMBIO-JUGADOR-ENTRA,LOCAL,10,"MELO, PIETRO",1,1:12,18,18
130829,13/12/2025,BRA,URU,108,CAMBIO-JUGADOR-SALE,VISITANTE,19,"FATA, GABRIEL",1,1:12,18,18
130829,13/12/2025,BRA,URU,109,CAMBIO-JUGADOR-ENTRA,VISITANTE,0,"ABAL, TOMAS",1,1:12,18,18
130829,13/12/2025,BRA,URU,110,CANASTA-3P,LOCAL,45,"SANTOS, ISAIAH",1,0:59,21,18
130829,13/12/2025,BRA,URU,111,ASISTENCIA,LOCAL,10,"MELO, PIETRO",1,0:59,21,18
130829,13/12/2025,BRA,URU,112,PERDIDA,VISITANTE,8,"CRUZ, FEDERICO",1,0:40,21,18
130829,13/12/2025,BRA,URU,113,TIRO3-FALLADO,LOCAL,2,"MATHIAS, CAIO",1,0:36,21,18
130829,13/12/2025,BRA,URU,114,REBOTE-OFENSIVO,LOCAL,45,"SANTOS, ISAIAH",1,0:33,21,18
130829,13/12/2025,BRA,URU,115,FALTA-COMETIDA,VISITANTE,11,"TESTA, NICOLAS",1,0:32,21,18
130829,13/12/2025,BRA,URU,116,FALTA-RECIBIDA,LOCAL,45,"SANTOS, ISAIAH",1,0:32,21,18
130829,13/12/2025,BRA,URU,117,CANASTA-1P,LOCAL,45,"SANTOS, ISAIAH",1,0:32,22,18
130829,13/12/2025,BRA,URU,118,CANASTA-1P,LOCAL,45,"SANTOS, ISAIAH",1,0:32,23,18
130829,13/12/2025,BRA,URU,119,CAMBIO-JUGADOR-SALE,VISITANTE,8,"CRUZ, FEDERICO",1,0:32,23,18
130829,13/12/2025,BRA,URU,120,CAMBIO-JUGADOR-ENTRA,VISITANTE,5,"IZUIBEJERES, FACUNDO",1,0:32,23,18
130829,13/12/2025,BRA,URU,121,FALTA-COMETIDA,LOCAL,10,"MELO, PIETRO",1,0:15,23,18
130829,13/12/2025,BRA,URU,122,FALTA-RECIBIDA,VISITANTE,4,"PASTRANA, MANUEL",1,0:15,23,18
130829,13/12/2025,BRA,URU,123,CAMBIO-JUGADOR-SALE,LOCAL,10,"MELO, PIETRO",1,0:15,23,18
130829,13/12/2025,BRA,URU,124,CAMBIO-JUGADOR-ENTRA,LOCAL,11,"BANDIERA, JOÃO",1,0:15,23,18
130829,13/12/2025,BRA,URU,125,TIRO2-FALLADO,VISITANTE,5,"IZUIBEJERES, FACUNDO",1,0:03,23,18
130829,13/12/2025,BRA,URU,126,REBOTE-DEFENSIVO,LOCAL,2,"MATHIAS, CAIO",1,0:02,23,18
130829,13/12/2025,BRA,URU,127,TIRO3-FALLADO,LOCAL,2,"MATHIAS, CAIO",1,0:01,23,18
130829,13/12/2025,BRA,URU,128,FINAL-PERIODO,,,,1,0:00,23,18
130829,13/12/2025,BRA,URU,129,CAMBIO-JUGADOR-SALE,VISITANTE,13,"RAMÍREZ, VALENTINO",2,10:00,23,18
130829,13/12/2025,BRA,URU,130,CAMBIO-JUGADOR-ENTRA,VISITANTE,10,"GOMEZ, LAUTARO",2,10:00,23,18
130829,13/12/2025,BRA,URU,131,INICIO-PERIODO,,,,2,10:00,23,18
130829,13/12/2025,BRA,URU,132,TIRO3-FALLADO,LOCAL,2,"MATHIAS, CAIO",2,9:49,23,18
130829,13/12/2025,BRA,URU,133,REBOTE-DEFENSIVO,VISITANTE,4,"PASTRANA, MANUEL",2,9:46,23,18
130829,13/12/2025,BRA,URU,134,CANASTA-3P,VISITANTE,11,"TESTA, NICOLAS",2,9:31,23,21
130829,13/12/2025,BRA,URU,135,TIRO3-FALLADO,LOCAL,3,"NASCIMENTO, MATHEUS",2,9:19,23,21
130829,13/12/2025,BRA,URU,136,REBOTE-OFENSIVO,LOCAL,45,"SANTOS, ISAIAH",2,9:15,23,21
130829,13/12/2025,BRA,URU,137,TIRO2-FALLADO,LOCAL,3,"NASCIMENTO, MATHEUS",2,9:09,23,21
130829,13/12/2025,BRA,URU,138,REBOTE-OFENSIVO,LOCAL,6,"ALVES, PEDRO",2,9:06,23,21
130829,13/12/2025,BRA,URU,139,CANASTA-2P,LOCAL,6,"ALVES, PEDRO",2,9:05,25,21
130829,13/12/2025,BRA,URU,140,TIRO2-FALLADO,VISITANTE,5,"IZUIBEJERES, FACUNDO",2,8:45,25,21
130829,13/12/2025,BRA,URU,141,REBOTE-DEFENSIVO,LOCAL,2,"MATHIAS, CAIO",2,8:41,25,21
130829,13/12/2025,BRA,URU,142,TIRO2-FALLADO,LOCAL,45,"SANTOS, ISAIAH",2,8:40,25,21
130829,13/12/2025,BRA,URU,143,REBOTE-OFENSIVO,LOCAL,3,"NASCIMENTO, MATHEUS",2,8:35,25,21
130829,13/12/2025,BRA,URU,144,CANASTA-2P,LOCAL,3,"NASCIMENTO, MATHEUS",2,8:35,27,21
130829,13/12/2025,BRA,URU,145,TIRO3-FALLADO,VISITANTE,11,"TESTA, NICOLAS",2,8:15,27,21
130829,13/12/2025,BRA,URU,146,REBOTE-DEFENSIVO,LOCAL,45,"SANTOS, ISAIAH",2,8:11,27,21
130829,13/12/2025,BRA,URU,147,TIRO2-FALLADO,LOCAL,11,"BANDIERA, JOÃO",2,7:53,27,21
130829,13/12/2025,BRA,URU,148,TAPON-COMETIDO,VISITANTE,11,"TESTA, NICOLAS",2,7:53,27,21
130829,13/12/2025,BRA,URU,149,REBOTE-OFENSIVO,LOCAL,,,2,7:53,27,21
130829,13/12/2025,BRA,URU,150,CAMBIO-JUGADOR-SALE,VISITANTE,4,"PASTRANA, MANUEL",2,7:53,27,21
130829,13/12/2025,BRA,URU,151,CAMBIO-JUGADOR-SALE,VISITANTE,11,"TESTA, NICOLAS",2,7:53,27,21
130829,13/12/2025,BRA,URU,152,CAMBIO-JUGADOR-ENTRA,VISITANTE,19,"FATA, GABRIEL",2,7:53,27,21
130829,13/12/2025,BRA,URU,153,CAMBIO-JUGADOR-ENTRA,VISITANTE,21,"MICHAELSSON, THIAGO",2,7:53,27,21
130829,13/12/2025,BRA,URU,154,TIRO3-FALLADO,LOCAL,2,"MATHIAS, CAIO",2,7:50,27,21
130829,13/12/2025,BRA,URU,155,REBOTE-OFENSIVO,LOCAL,3,"NASCIMENTO, MATHEUS",2,7:45,27,21
130829,13/12/2025,BRA,URU,156,TIRO3-FALLADO,LOCAL,45,"SANTOS, ISAIAH",2,7:43,27,21
130829,13/12/2025,BRA,URU,157,REBOTE-OFENSIVO,LOCAL,45,"SANTOS, ISAIAH",2,7:38,27,21
130829,13/12/2025,BRA,URU,158,CANASTA-2P,LOCAL,45,"SANTOS, ISAIAH",2,7:38,29,21
130829,13/12/2025,BRA,URU,159,TIEMPO-MUERTO-SOLICITADO,VISITANTE,,,2,7:37,29,21
130829,13/12/2025,BRA,URU,160,CAMBIO-JUGADOR-SALE,VISITANTE,0,"ABAL, TOMAS",2,7:37,29,21
130829,13/12/2025,BRA,URU,161,CAMBIO-JUGADOR-ENTRA,VISITANTE,22,"OROZCO, LUCAS",2,7:37,29,21
130829,13/12/2025,BRA,URU,162,TIRO2-FALLADO,VISITANTE,21,"MICHAELSSON, THIAGO",2,7:18,29,21
130829,13/12/2025,BRA,URU,163,REBOTE-DEFENSIVO,LOCAL,6,"ALVES, PEDRO",2,7:12,29,21
130829,13/12/2025,BRA,URU,164,PERDIDA,LOCAL,45,"SANTOS, ISAIAH",2,7:01,29,21
130829,13/12/2025,BRA,URU,165,FALTA-COMETIDA,LOCAL,11,"BANDIERA, JOÃO",2,6:39,29,21
130829,13/12/2025,BRA,URU,166,FALTA-RECIBIDA,VISITANTE,22,"OROZCO, LUCAS",2,6:39,29,21
130829,13/12/2025,BRA,URU,167,PERDIDA,VISITANTE,21,"MICHAELSSON, THIAGO",2,6:39,29,21
130829,13/12/2025,BRA,URU,168,CANASTA-3P,LOCAL,3,"NASCIMENTO, MATHEUS",2,6:30,32,21
130829,13/12/2025,BRA,URU,169,ASISTENCIA,LOCAL,11,"BANDIERA, JOÃO",2,6:30,32,21
130829,13/12/2025,BRA,URU,170,TIRO2-FALLADO,VISITANTE,10,"GOMEZ, LAUTARO",2,6:10,32,21
130829,13/12/2025,BRA,URU,171,REBOTE-DEFENSIVO,LOCAL,45,"SANTOS, ISAIAH",2,6:07,32,21
130829,13/12/2025,BRA,URU,172,FALTA-COMETIDA,VISITANTE,22,"OROZCO, LUCAS",2,6:06,32,21
130829,13/12/2025,BRA,URU,173,FALTA-RECIBIDA,LOCAL,11,"BANDIERA, JOÃO",2,6:06,32,21
130829,13/12/2025,BRA,URU,174,CAMBIO-JUGADOR-SALE,VISITANTE,21,"MICHAELSSON, THIAGO",2,6:06,32,21
130829,13/12/2025,BRA,URU,175,CAMBIO-JUGADOR-ENTRA,VISITANTE,11,"TESTA, NICOLAS",2,6:06,32,21
130829,13/12/2025,BRA,URU,176,CANASTA-3P,LOCAL,3,"NASCIMENTO, MATHEUS",2,6:01,35,21
130829,13/12/2025,BRA,URU,177,ASISTENCIA,LOCAL,11,"BANDIERA, JOÃO",2,6:01,35,21
130829,13/12/2025,BRA,URU,178,CANASTA-3P,VISITANTE,10,"GOMEZ, LAUTARO",2,5:41,35,24
130829,13/12/2025,BRA,URU,179,ASISTENCIA,VISITANTE,5,"IZUIBEJERES, FACUNDO",2,5:41,35,24
130829,13/12/2025,BRA,URU,180,PERDIDA,LOCAL,11,"BANDIERA, JOÃO",2,5:25,35,24
130829,13/12/2025,BRA,URU,181,RECUPERACION,VISITANTE,22,"OROZCO, LUCAS",2,5:25,35,24
130829,13/12/2025,BRA,URU,182,TIRO3-FALLADO,VISITANTE,5,"IZUIBEJERES, FACUNDO",2,5:19,35,24
130829,13/12/2025,BRA,URU,183,REBOTE-DEFENSIVO,LOCAL,2,"MATHIAS, CAIO",2,5:15,35,24
130829,13/12/2025,BRA,URU,184,TIRO2-FALLADO,LOCAL,45,"SANTOS, ISAIAH",2,5:12,35,24
130829,13/12/2025,BRA,URU,185,REBOTE-DEFENSIVO,VISITANTE,11,"TESTA, NICOLAS",2,5:05,35,24
130829,13/12/2025,BRA,URU,186,TIRO3-FALLADO,VISITANTE,5,"IZUIBEJERES, FACUNDO",2,5:04,35,24
130829,13/12/2025,BRA,URU,187,REBOTE-DEFENSIVO,LOCAL,11,"BANDIERA, JOÃO",2,5:01,35,24
130829,13/12/2025,BRA,URU,188,TIRO3-FALLADO,LOCAL,2,"MATHIAS, CAIO",2,4:54,35,24
130829,13/12/2025,BRA,URU,189,REBOTE-OFENSIVO,LOCAL,3,"NASCIMENTO, MATHEUS",2,4:51,35,24
130829,13/12/2025,BRA,URU,190,CANASTA-3P,LOCAL,3,"NASCIMENTO, MATHEUS",2,4:50,38,24
130829,13/12/2025,BRA,URU,191,PERDIDA,VISITANTE,10,"GOMEZ, LAUTARO",2,4:38,38,24
130829,13/12/2025,BRA,URU,192,RECUPERACION,LOCAL,45,"SANTOS, ISAIAH",2,4:38,38,24
130829,13/12/2025,BRA,URU,193,TIRO2-FALLADO,LOCAL,45,"SANTOS, ISAIAH",2,4:33,38,24
130829,13/12/2025,BRA,URU,194,REBOTE-OFENSIVO,LOCAL,,,2,4:31,38,24
130829,13/12/2025,BRA,URU,195,FALTA-COMETIDA,VISITANTE,10,"GOMEZ, LAUTARO",2,4:31,38,24
130829,13/12/2025,BRA,URU,196,FALTA-RECIBIDA,LOCAL,45,"SANTOS, ISAIAH",2,4:31,38,24
130829,13/12/2025,BRA,URU,197,CAMBIO-JUGADOR-SALE,LOCAL,3,"NASCIMENTO, MATHEUS",2,4:31,38,24
130829,13/12/2025,BRA,URU,198,CAMBIO-JUGADOR-SALE,LOCAL,6,"ALVES, PEDRO",2,4:31,38,24
130829,13/12/2025,BRA,URU,199,CAMBIO-JUGADOR-SALE,LOCAL,11,"BANDIERA, JOÃO",2,4:31,38,24
130829,13/12/2025,BRA,URU,200,CAMBIO-JUGADOR-ENTRA,LOCAL,10,"MELO, PIETRO",2,4:31,38,24
130829,13/12/2025,BRA,URU,201,CAMBIO-JUGADOR-ENTRA,LOCAL,25,"SOUZA, PEDRO",2,4:31,38,24
130829,13/12/2025,BRA,URU,202,CAMBIO-JUGADOR-ENTRA,LOCAL,33,"FERREIRA, CRISTIAN",2,4:31,38,24
130829,13/12/2025,BRA,URU,203,CAMBIO-JUGADOR-SALE,VISITANTE,5,"IZUIBEJERES, FACUNDO",2,4:31,38,24
130829,13/12/2025,BRA,URU,204,CAMBIO-JUGADOR-SALE,VISITANTE,10,"GOMEZ, LAUTARO",2,4:31,38,24
130829,13/12/2025,BRA,URU,205,CAMBIO-JUGADOR-ENTRA,VISITANTE,8,"CRUZ, FEDERICO",2,4:31,38,24
130829,13/12/2025,BRA,URU,206,CAMBIO-JUGADOR-ENTRA,VISITANTE,13,"RAMÍREZ, VALENTINO",2,4:31,38,24
130829,13/12/2025,BRA,URU,207,CAMBIO-JUGADOR-SALE,VISITANTE,22,"OROZCO, LUCAS",2,4:31,38,24
130829,13/12/2025,BRA,URU,208,CAMBIO-JUGADOR-ENTRA,VISITANTE,4,"PASTRANA, MANUEL",2,4:31,38,24
130829,13/12/2025,BRA,URU,209,CANASTA-1P,LOCAL,45,"SANTOS, ISAIAH",2,4:31,39,24
130829,13/12/2025,BRA,URU,210,CANASTA-1P,LOCAL,45,"SANTOS, ISAIAH",2,4:31,40,24
130829,13/12/2025,BRA,URU,211,CAMBIO-JUGADOR-SALE,LOCAL,45,"SANTOS, ISAIAH",2,4:31,40,24
130829,13/12/2025,BRA,URU,212,CAMBIO-JUGADOR-ENTRA,LOCAL,14,"NEVES, JOAO",2,4:31,40,24
130829,13/12/2025,BRA,URU,213,TIEMPO-MUERTO-SOLICITADO,VISITANTE,,,2,4:07,40,24
130829,13/12/2025,BRA,URU,214,TIRO2-FALLADO,LOCAL,10,"MELO, PIETRO",2,3:50,40,24
130829,13/12/2025,BRA,URU,215,REBOTE-DEFENSIVO,VISITANTE,11,"TESTA, NICOLAS",2,3:47,40,24
130829,13/12/2025,BRA,URU,216,PERDIDA,VISITANTE,8,"CRUZ, FEDERICO",2,3:45,40,24
130829,13/12/2025,BRA,URU,217,TIRO3-FALLADO,LOCAL,14,"NEVES, JOAO",2,3:26,40,24
130829,13/12/2025,BRA,URU,218,REBOTE-DEFENSIVO,VISITANTE,4,"PASTRANA, MANUEL",2,3:21,40,24
130829,13/12/2025,BRA,URU,219,TIRO2-FALLADO,VISITANTE,11,"TESTA, NICOLAS",2,3:18,40,24
130829,13/12/2025,BRA,URU,220,REBOTE-DEFENSIVO,LOCAL,14,"NEVES, JOAO",2,3:12,40,24
130829,13/12/2025,BRA,URU,221,PERDIDA,LOCAL,25,"SOUZA, PEDRO",2,3:12,40,24
130829,13/12/2025,BRA,URU,222,RECUPERACION,VISITANTE,11,"TESTA, NICOLAS",2,3:12,40,24
130829,13/12/2025,BRA,URU,223,CANASTA-2P,VISITANTE,11,"TESTA, NICOLAS",2,3:12,40,26
130829,13/12/2025,BRA,URU,224,TIEMPO-MUERTO-SOLICITADO,LOCAL,,,2,3:12,40,26
130829,13/12/2025,BRA,URU,225,CAMBIO-JUGADOR-SALE,LOCAL,2,"MATHIAS, CAIO",2,3:12,40,26
130829,13/12/2025,BRA,URU,226,CAMBIO-JUGADOR-SALE,LOCAL,33,"FERREIRA, CRISTIAN",2,3:12,40,26
130829,13/12/2025,BRA,URU,227,CAMBIO-JUGADOR-ENTRA,LOCAL,6,"ALVES, PEDRO",2,3:12,40,26
130829,13/12/2025,BRA,URU,228,CAMBIO-JUGADOR-ENTRA,LOCAL,50,"SANTOS, EDUARDO",2,3:12,40,26
130829,13/12/2025,BRA,URU,229,FALTA-COMETIDA,VISITANTE,19,"FATA, GABRIEL",2,2:54,40,26
130829,13/12/2025,BRA,URU,230,FALTA-RECIBIDA,LOCAL,25,"SOUZA, PEDRO",2,2:54,40,26
130829,13/12/2025,BRA,URU,231,CANASTA-1P,LOCAL,25,"SOUZA, PEDRO",2,2:54,41,26
130829,13/12/2025,BRA,URU,232,CANASTA-1P,LOCAL,25,"SOUZA, PEDRO",2,2:54,42,26
130829,13/12/2025,BRA,URU,233,TIRO3-FALLADO,VISITANTE,4,"PASTRANA, MANUEL",2,2:30,42,26
130829,13/12/2025,BRA,URU,234,REBOTE-DEFENSIVO,LOCAL,14,"NEVES, JOAO",2,2:26,42,26
130829,13/12/2025,BRA,URU,235,CANASTA-2P,LOCAL,10,"MELO, PIETRO",2,2:24,44,26
130829,13/12/2025,BRA,URU,236,ASISTENCIA,LOCAL,14,"NEVES, JOAO",2,2:24,44,26
130829,13/12/2025,BRA,URU,237,TIRO3-FALLADO,VISITANTE,19,"FATA, GABRIEL",2,2:06,44,26
130829,13/12/2025,BRA,URU,238,REBOTE-DEFENSIVO,LOCAL,14,"NEVES, JOAO",2,2:02,44,26
130829,13/12/2025,BRA,URU,239,TIRO3-FALLADO,LOCAL,10,"MELO, PIETRO",2,1:59,44,26
130829,13/12/2025,BRA,URU,240,REBOTE-OFENSIVO,LOCAL,50,"SANTOS, EDUARDO",2,1:56,44,26
130829,13/12/2025,BRA,URU,241,PERDIDA,LOCAL,50,"SANTOS, EDUARDO",2,1:55,44,26
130829,13/12/2025,BRA,URU,242,RECUPERACION,VISITANTE,8,"CRUZ, FEDERICO",2,1:55,44,26
130829,13/12/2025,BRA,URU,243,TIRO2-FALLADO,VISITANTE,8,"CRUZ, FEDERICO",2,1:50,44,26
130829,13/12/2025,BRA,URU,244,REBOTE-DEFENSIVO,LOCAL,10,"MELO, PIETRO",2,1:47,44,26
130829,13/12/2025,BRA,URU,245,CANASTA-2P,LOCAL,50,"SANTOS, EDUARDO",2,1:43,46,26
130829,13/12/2025,BRA,URU,246,ASISTENCIA,LOCAL,10,"MELO, PIETRO",2,1:43,46,26
130829,13/12/2025,BRA,URU,247,TIRO2-FALLADO,VISITANTE,13,"RAMÍREZ, VALENTINO",2,1:23,46,26
130829,13/12/2025,BRA,URU,248,TAPON-COMETIDO,LOCAL,6,"ALVES, PEDRO",2,1:23,46,26
130829,13/12/2025,BRA,URU,249,REBOTE-DEFENSIVO,LOCAL,6,"ALVES, PEDRO",2,1:18,46,26
130829,13/12/2025,BRA,URU,250,TIRO3-FALLADO,LOCAL,50,"SANTOS, EDUARDO",2,1:14,46,26
130829,13/12/2025,BRA,URU,251,REBOTE-DEFENSIVO,VISITANTE,,,2,1:12,46,26
130829,13/12/2025,BRA,URU,252,TIEMPO-MUERTO-SOLICITADO,VISITANTE,,,2,1:12,46,26
130829,13/12/2025,BRA,URU,253,CAMBIO-JUGADOR-SALE,LOCAL,6,"ALVES, PEDRO",2,1:12,46,26
130829,13/12/2025,BRA,URU,254,CAMBIO-JUGADOR-SALE,LOCAL,10,"MELO, PIETRO",2,1:12,46,26
130829,13/12/2025,BRA,URU,255,CAMBIO-JUGADOR-SALE,LOCAL,50,"SANTOS, EDUARDO",2,1:12,46,26
130829,13/12/2025,BRA,URU,256,CAMBIO-JUGADOR-ENTRA,LOCAL,2,"MATHIAS, CAIO",2,1:12,46,26
130829,13/12/2025,BRA,URU,257,CAMBIO-JUGADOR-ENTRA,LOCAL,8,"FERNANDES, JOAO GABRIEL",2,1:12,46,26
130829,13/12/2025,BRA,URU,258,CAMBIO-JUGADOR-ENTRA,LOCAL,33,"FERREIRA, CRISTIAN",2,1:12,46,26
130829,13/12/2025,BRA,URU,259,CAMBIO-JUGADOR-SALE,VISITANTE,4,"PASTRANA, MANUEL",2,1:12,46,26
130829,13/12/2025,BRA,URU,260,CAMBIO-JUGADOR-SALE,VISITANTE,8,"CRUZ, FEDERICO",2,1:12,46,26
130829,13/12/2025,BRA,URU,261,CAMBIO-JUGADOR-SALE,VISITANTE,13,"RAMÍREZ, VALENTINO",2,1:12,46,26
130829,13/12/2025,BRA,URU,262,CAMBIO-JUGADOR-ENTRA,VISITANTE,0,"ABAL, TOMAS",2,1:12,46,26
130829,13/12/2025,BRA,URU,263,CAMBIO-JUGADOR-ENTRA,VISITANTE,15,"VENET, GABRIEL",2,1:12,46,26
130829,13/12/2025,BRA,URU,264,CAMBIO-JUGADOR-ENTRA,VISITANTE,29,"GUZZETTI, JUAN",2,1:12,46,26
130829,13/12/2025,BRA,URU,265,TIRO3-FALLADO,VISITANTE,0,"ABAL, TOMAS",2,1:01,46,26
130829,13/12/2025,BRA,URU,266,REBOTE-DEFENSIVO,LOCAL,2,"MATHIAS, CAIO",2,0:57,46,26
130829,13/12/2025,BRA,URU,267,PERDIDA,LOCAL,14,"NEVES, JOAO",2,0:42,46,26
130829,13/12/2025,BRA,URU,268,PERDIDA,VISITANTE,15,"VENET, GABRIEL",2,0:28,46,26
130829,13/12/2025,BRA,URU,269,TIEMPO-MUERTO-SOLICITADO,LOCAL,,,2,0:28,46,26
130829,13/12/2025,BRA,URU,270,CAMBIO-JUGADOR-SALE,LOCAL,2,"MATHIAS, CAIO",2,0:28,46,26
130829,13/12/2025,BRA,URU,271,CAMBIO-JUGADOR-SALE,LOCAL,33,"FERREIRA, CRISTIAN",2,0:28,46,26
130829,13/12/2025,BRA,URU,272,CAMBIO-JUGADOR-ENTRA,LOCAL,6,"ALVES, PEDRO",2,0:28,46,26
130829,13/12/2025,BRA,URU,273,CAMBIO-JUGADOR-ENTRA,LOCAL,10,"MELO, PIETRO",2,0:28,46,26
130829,13/12/2025,BRA,URU,274,CAMBIO-JUGADOR-SALE,VISITANTE,19,"FATA, GABRIEL",2,0:28,46,26
130829,13/12/2025,BRA,URU,275,CAMBIO-JUGADOR-ENTRA,VISITANTE,22,"OROZCO, LUCAS",2,0:28,46,26
130829,13/12/2025,BRA,URU,276,TIRO3-FALLADO,LOCAL,8,"FERNANDES, JOAO GABRIEL",2,0:14,46,26
130829,13/12/2025,BRA,URU,277,REBOTE-OFENSIVO,LOCAL,6,"ALVES, PEDRO",2,0:09,46,26
130829,13/12/2025,BRA,URU,278,CANASTA-2P,LOCAL,6,"ALVES, PEDRO",2,0:09,48,26
130829,13/12/2025,BRA,URU,279,PERDIDA,VISITANTE,22,"OROZCO, LUCAS",2,0:01,48,26
130829,13/12/2025,BRA,URU,280,RECUPERACION,LOCAL,14,"NEVES, JOAO",2,0:01,48,26
130829,13/12/2025,BRA,URU,281,FINAL-PERIODO,,,,2,0:00,48,26
130829,13/12/2025,BRA,URU,282,CAMBIO-JUGADOR-SALE,LOCAL,8,"FERNANDES, JOAO GABRIEL",3,10:00,48,26
130829,13/12/2025,BRA,URU,283,CAMBIO-JUGADOR-ENTRA,LOCAL,45,"SANTOS, ISAIAH",3,10:00,48,26
130829,13/12/2025,BRA,URU,284,CAMBIO-JUGADOR-SALE,VISITANTE,0,"ABAL, TOMAS",3,10:00,48,26
130829,13/12/2025,BRA,URU,285,CAMBIO-JUGADOR-SALE,VISITANTE,15,"VENET, GABRIEL",3,10:00,48,26
130829,13/12/2025,BRA,URU,286,CAMBIO-JUGADOR-SALE,VISITANTE,29,"GUZZETTI, JUAN",3,10:00,48,26
130829,13/12/2025,BRA,URU,287,CAMBIO-JUGADOR-ENTRA,VISITANTE,5,"IZUIBEJERES, FACUNDO",3,10:00,48,26
130829,13/12/2025,BRA,URU,288,CAMBIO-JUGADOR-ENTRA,VISITANTE,10,"GOMEZ, LAUTARO",3,10:00,48,26
130829,13/12/2025,BRA,URU,289,CAMBIO-JUGADOR-ENTRA,VISITANTE,19,"FATA, GABRIEL",3,10:00,48,26
130829,13/12/2025,BRA,URU,290,INICIO-PERIODO,,,,3,10:00,48,26
130829,13/12/2025,BRA,URU,291,CANASTA-2P,VISITANTE,10,"GOMEZ, LAUTARO",3,9:47,48,28
130829,13/12/2025,BRA,URU,292,ASISTENCIA,VISITANTE,22,"OROZCO, LUCAS",3,9:47,48,28
130829,13/12/2025,BRA,URU,293,CANASTA-3P,LOCAL,10,"MELO, PIETRO",3,9:27,51,28
130829,13/12/2025,BRA,URU,294,ASISTENCIA,LOCAL,25,"SOUZA, PEDRO",3,9:27,51,28
130829,13/12/2025,BRA,URU,295,CANASTA-2P,VISITANTE,5,"IZUIBEJERES, FACUNDO",3,9:05,51,30
130829,13/12/2025,BRA,URU,296,FALTA-COMETIDA,LOCAL,45,"SANTOS, ISAIAH",3,9:05,51,30
130829,13/12/2025,BRA,URU,297,FALTA-RECIBIDA,VISITANTE,5,"IZUIBEJERES, FACUNDO",3,9:05,51,30
130829,13/12/2025,BRA,URU,298,CANASTA-1P,VISITANTE,5,"IZUIBEJERES, FACUNDO",3,9:05,51,31
130829,13/12/2025,BRA,URU,299,CANASTA-3P,LOCAL,10,"MELO, PIETRO",3,8:54,54,31
130829,13/12/2025,BRA,URU,300,ASISTENCIA,LOCAL,25,"SOUZA, PEDRO",3,8:54,54,31
130829,13/12/2025,BRA,URU,301,TIRO3-FALLADO,VISITANTE,10,"GOMEZ, LAUTARO",3,8:33,54,31
130829,13/12/2025,BRA,URU,302,REBOTE-DEFENSIVO,LOCAL,25,"SOUZA, PEDRO",3,8:28,54,31
130829,13/12/2025,BRA,URU,303,TIRO3-FALLADO,LOCAL,10,"MELO, PIETRO",3,8:23,54,31
130829,13/12/2025,BRA,URU,304,REBOTE-DEFENSIVO,VISITANTE,11,"TESTA, NICOLAS",3,8:20,54,31
130829,13/12/2025,BRA,URU,305,FALTA-COMETIDA,LOCAL,14,"NEVES, JOAO",3,8:19,54,31
130829,13/12/2025,BRA,URU,306,FALTA-RECIBIDA,VISITANTE,11,"TESTA, NICOLAS",3,8:19,54,31
130829,13/12/2025,BRA,URU,307,TIRO3-FALLADO,VISITANTE,19,"FATA, GABRIEL",3,8:10,54,31
130829,13/12/2025,BRA,URU,308,REBOTE-DEFENSIVO,LOCAL,25,"SOUZA, PEDRO",3,8:07,54,31
130829,13/12/2025,BRA,URU,309,FALTA-COMETIDA,VISITANTE,22,"OROZCO, LUCAS",3,8:06,54,31
130829,13/12/2025,BRA,URU,310,FALTA-RECIBIDA,LOCAL,25,"SOUZA, PEDRO",3,8:06,54,31
130829,13/12/2025,BRA,URU,311,PERDIDA,LOCAL,14,"NEVES, JOAO",3,7:50,54,31
130829,13/12/2025,BRA,URU,312,RECUPERACION,VISITANTE,5,"IZUIBEJERES, FACUNDO",3,7:50,54,31
130829,13/12/2025,BRA,URU,313,FALTA-COMETIDA,VISITANTE,19,"FATA, GABRIEL",3,7:45,54,31
130829,13/12/2025,BRA,URU,314,PERDIDA,VISITANTE,19,"FATA, GABRIEL",3,7:45,54,31
130829,13/12/2025,BRA,URU,315,FALTA-RECIBIDA,LOCAL,25,"SOUZA, PEDRO",3,7:45,54,31
130829,13/12/2025,BRA,URU,316,FALTA-COMETIDA,VISITANTE,5,"IZUIBEJERES, FACUNDO",3,7:33,54,31
130829,13/12/2025,BRA,URU,317,FALTA-RECIBIDA,LOCAL,6,"ALVES, PEDRO",3,7:33,54,31
130829,13/12/2025,BRA,URU,318,TIRO3-FALLADO,LOCAL,25,"SOUZA, PEDRO",3,7:23,54,31
130829,13/12/2025,BRA,URU,319,REBOTE-OFENSIVO,LOCAL,14,"NEVES, JOAO",3,7:20,54,31
130829,13/12/2025,BRA,URU,320,CANASTA-2P,LOCAL,6,"ALVES, PEDRO",3,7:18,56,31
130829,13/12/2025,BRA,URU,321,ASISTENCIA,LOCAL,14,"NEVES, JOAO",3,7:18,56,31
130829,13/12/2025,BRA,URU,322,TIRO3-FALLADO,VISITANTE,11,"TESTA, NICOLAS",3,7:04,56,31
130829,13/12/2025,BRA,URU,323,REBOTE-DEFENSIVO,LOCAL,14,"NEVES, JOAO",3,7:01,56,31
130829,13/12/2025,BRA,URU,324,FALTA-COMETIDA,VISITANTE,5,"IZUIBEJERES, FACUNDO",3,6:59,56,31
130829,13/12/2025,BRA,URU,325,FALTA-RECIBIDA,LOCAL,25,"SOUZA, PEDRO",3,6:59,56,31
130829,13/12/2025,BRA,URU,326,TIRO3-FALLADO,LOCAL,14,"NEVES, JOAO",3,6:51,56,31
130829,13/12/2025,BRA,URU,327,REBOTE-DEFENSIVO,VISITANTE,10,"GOMEZ, LAUTARO",3,6:46,56,31
130829,13/12/2025,BRA,URU,328,TIRO2-FALLADO,VISITANTE,10,"GOMEZ, LAUTARO",3,6:43,56,31
130829,13/12/2025,BRA,URU,329,REBOTE-DEFENSIVO,LOCAL,45,"SANTOS, ISAIAH",3,6:40,56,31
130829,13/12/2025,BRA,URU,330,CANASTA-2P,LOCAL,25,"SOUZA, PEDRO",3,6:38,58,31
130829,13/12/2025,BRA,URU,331,ASISTENCIA,LOCAL,45,"SANTOS, ISAIAH",3,6:38,58,31
130829,13/12/2025,BRA,URU,332,FALTA-COMETIDA,LOCAL,25,"SOUZA, PEDRO",3,6:30,58,31
130829,13/12/2025,BRA,URU,333,FALTA-COMETIDA,LOCAL,14,"NEVES, JOAO",3,6:30,58,31
130829,13/12/2025,BRA,URU,334,FALTA-RECIBIDA,VISITANTE,5,"IZUIBEJERES, FACUNDO",3,6:30,58,31
130829,13/12/2025,BRA,URU,335,CANASTA-1P,VISITANTE,5,"IZUIBEJERES, FACUNDO",3,6:30,58,32
130829,13/12/2025,BRA,URU,336,CANASTA-1P,VISITANTE,5,"IZUIBEJERES, FACUNDO",3,6:30,58,33
130829,13/12/2025,BRA,URU,337,FALTA-COMETIDA,LOCAL,,,3,6:30,58,33
130829,13/12/2025,BRA,URU,338,VTR,LOCAL,,,3,6:30,58,33
130829,13/12/2025,BRA,URU,339,CANASTA-1P,VISITANTE,11,"TESTA, NICOLAS",3,6:30,58,34
130829,13/12/2025,BRA,URU,340,TIRO1-FALLADO,VISITANTE,11,"TESTA, NICOLAS",3,6:30,58,34
130829,13/12/2025,BRA,URU,341,TIRO3-FALLADO,VISITANTE,5,"IZUIBEJERES, FACUNDO",3,6:27,58,34
130829,13/12/2025,BRA,URU,342,REBOTE-DEFENSIVO,LOCAL,10,"MELO, PIETRO",3,6:23,58,34
130829,13/12/2025,BRA,URU,343,FALTA-COMETIDA,VISITANTE,5,"IZUIBEJERES, FACUNDO",3,6:21,58,34
130829,13/12/2025,BRA,URU,344,FALTA-RECIBIDA,LOCAL,10,"MELO, PIETRO",3,6:21,58,34
130829,13/12/2025,BRA,URU,345,CANASTA-1P,LOCAL,10,"MELO, PIETRO",3,6:21,59,34
130829,13/12/2025,BRA,URU,346,CANASTA-1P,LOCAL,10,"MELO, PIETRO",3,6:21,60,34
130829,13/12/2025,BRA,URU,347,FALTA-COMETIDA,VISITANTE,10,"GOMEZ, LAUTARO",3,5:29,60,34
130829,13/12/2025,BRA,URU,348,FALTA-RECIBIDA,LOCAL,6,"ALVES, PEDRO",3,5:29,60,34
130829,13/12/2025,BRA,URU,349,TIRO1-FALLADO,LOCAL,6,"ALVES, PEDRO",3,5:22,60,34
130829,13/12/2025,BRA,URU,350,TIRO1-FALLADO,LOCAL,6,"ALVES, PEDRO",3,5:22,60,34
130829,13/12/2025,BRA,URU,351,REBOTE-DEFENSIVO,VISITANTE,,,3,5:19,60,34
130829,13/12/2025,BRA,URU,352,FALTA-COMETIDA,LOCAL,6,"ALVES, PEDRO",3,5:12,60,34
130829,13/12/2025,BRA,URU,353,FALTA-RECIBIDA,VISITANTE,10,"GOMEZ, LAUTARO",3,5:12,60,34
130829,13/12/2025,BRA,URU,354,TIRO1-FALLADO,VISITANTE,10,"GOMEZ, LAUTARO",3,5:07,60,34
130829,13/12/2025,BRA,URU,355,CANASTA-1P,VISITANTE,10,"GOMEZ, LAUTARO",3,5:07,60,35
130829,13/12/2025,BRA,URU,356,CAMBIO-JUGADOR-SALE,LOCAL,6,"ALVES, PEDRO",3,5:05,60,35
130829,13/12/2025,BRA,URU,357,CAMBIO-JUGADOR-SALE,LOCAL,10,"MELO, PIETRO",3,5:05,60,35
130829,13/12/2025,BRA,URU,358,CAMBIO-JUGADOR-SALE,LOCAL,14,"NEVES, JOAO",3,5:05,60,35
130829,13/12/2025,BRA,URU,359,CAMBIO-JUGADOR-ENTRA,LOCAL,2,"MATHIAS, CAIO",3,5:05,60,35
130829,13/12/2025,BRA,URU,360,CAMBIO-JUGADOR-ENTRA,LOCAL,33,"FERREIRA, CRISTIAN",3,5:05,60,35
130829,13/12/2025,BRA,URU,361,CAMBIO-JUGADOR-ENTRA,LOCAL,50,"SANTOS, EDUARDO",3,5:05,60,35
130829,13/12/2025,BRA,URU,362,CAMBIO-JUGADOR-SALE,VISITANTE,5,"IZUIBEJERES, FACUNDO",3,5:05,60,35
130829,13/12/2025,BRA,URU,363,CAMBIO-JUGADOR-SALE,VISITANTE,10,"GOMEZ, LAUTARO",3,5:05,60,35
130829,13/12/2025,BRA,URU,364,CAMBIO-JUGADOR-SALE,VISITANTE,19,"FATA, GABRIEL",3,5:05,60,35
130829,13/12/2025,BRA,URU,365,CAMBIO-JUGADOR-ENTRA,VISITANTE,4,"PASTRANA, MANUEL",3,5:05,60,35
130829,13/12/2025,BRA,URU,366,CAMBIO-JUGADOR-ENTRA,VISITANTE,8,"CRUZ, FEDERICO",3,5:05,60,35
130829,13/12/2025,BRA,URU,367,CAMBIO-JUGADOR-ENTRA,VISITANTE,29,"GUZZETTI, JUAN",3,5:05,60,35
130829,13/12/2025,BRA,URU,368,TIRO2-FALLADO,LOCAL,2,"MATHIAS, CAIO",3,4:51,60,35
130829,13/12/2025,BRA,URU,369,REBOTE-DEFENSIVO,VISITANTE,29,"GUZZETTI, JUAN",3,4:47,60,35
130829,13/12/2025,BRA,URU,370,TIRO2-FALLADO,VISITANTE,4,"PASTRANA, MANUEL",3,4:40,60,35
130829,13/12/2025,BRA,URU,371,REBOTE-DEFENSIVO,LOCAL,33,"FERREIRA, CRISTIAN",3,4:36,60,35
130829,13/12/2025,BRA,URU,372,FALTA-COMETIDA,VISITANTE,29,"GUZZETTI, JUAN",3,4:33,60,35
130829,13/12/2025,BRA,URU,373,FALTA-RECIBIDA,LOCAL,33,"FERREIRA, CRISTIAN",3,4:33,60,35
130829,13/12/2025,BRA,URU,374,CANASTA-1P,LOCAL,33,"FERREIRA, CRISTIAN",3,4:33,61,35
130829,13/12/2025,BRA,URU,375,TIRO1-FALLADO,LOCAL,33,"FERREIRA, CRISTIAN",3,4:33,61,35
130829,13/12/2025,BRA,URU,376,REBOTE-OFENSIVO,LOCAL,50,"SANTOS, EDUARDO",3,4:33,61,35
130829,13/12/2025,BRA,URU,377,CANASTA-2P,LOCAL,50,"SANTOS, EDUARDO",3,4:31,63,35
130829,13/12/2025,BRA,URU,378,FALTA-COMETIDA,VISITANTE,29,"GUZZETTI, JUAN",3,4:31,63,35
130829,13/12/2025,BRA,URU,379,FALTA-RECIBIDA,LOCAL,50,"SANTOS, EDUARDO",3,4:31,63,35
130829,13/12/2025,BRA,URU,380,CANASTA-1P,LOCAL,50,"SANTOS, EDUARDO",3,4:31,64,35
130829,13/12/2025,BRA,URU,381,PERDIDA,VISITANTE,11,"TESTA, NICOLAS",3,4:14,64,35
130829,13/12/2025,BRA,URU,382,RECUPERACION,LOCAL,50,"SANTOS, EDUARDO",3,4:14,64,35
130829,13/12/2025,BRA,URU,383,CANASTA-2P,LOCAL,33,"FERREIRA, CRISTIAN",3,4:06,66,35
130829,13/12/2025,BRA,URU,384,ASISTENCIA,LOCAL,45,"SANTOS, ISAIAH",3,4:06,66,35
130829,13/12/2025,BRA,URU,385,PERDIDA,VISITANTE,22,"OROZCO, LUCAS",3,3:41,66,35
130829,13/12/2025,BRA,URU,386,CAMBIO-JUGADOR-SALE,VISITANTE,11,"TESTA, NICOLAS",3,3:40,66,35
130829,13/12/2025,BRA,URU,387,CAMBIO-JUGADOR-SALE,VISITANTE,22,"OROZCO, LUCAS",3,3:40,66,35
130829,13/12/2025,BRA,URU,388,CAMBIO-JUGADOR-ENTRA,VISITANTE,0,"ABAL, TOMAS",3,3:40,66,35
130829,13/12/2025,BRA,URU,389,CAMBIO-JUGADOR-ENTRA,VISITANTE,21,"MICHAELSSON, THIAGO",3,3:40,66,35
130829,13/12/2025,BRA,URU,390,PERDIDA,LOCAL,50,"SANTOS, EDUARDO",3,3:30,66,35
130829,13/12/2025,BRA,URU,391,CANASTA-3P,VISITANTE,4,"PASTRANA, MANUEL",3,3:13,66,38
130829,13/12/2025,BRA,URU,392,ASISTENCIA,VISITANTE,0,"ABAL, TOMAS",3,3:13,66,38
130829,13/12/2025,BRA,URU,393,TIRO2-FALLADO,LOCAL,25,"SOUZA, PEDRO",3,3:01,66,38
130829,13/12/2025,BRA,URU,394,REBOTE-DEFENSIVO,VISITANTE,0,"ABAL, TOMAS",3,2:57,66,38
130829,13/12/2025,BRA,URU,395,FALTA-COMETIDA,LOCAL,50,"SANTOS, EDUARDO",3,2:47,66,38
130829,13/12/2025,BRA,URU,396,FALTA-RECIBIDA,VISITANTE,21,"MICHAELSSON, THIAGO",3,2:47,66,38
130829,13/12/2025,BRA,URU,397,CAMBIO-JUGADOR-SALE,LOCAL,2,"MATHIAS, CAIO",3,2:47,66,38
130829,13/12/2025,BRA,URU,398,CAMBIO-JUGADOR-SALE,LOCAL,25,"SOUZA, PEDRO",3,2:47,66,38
130829,13/12/2025,BRA,URU,399,CAMBIO-JUGADOR-ENTRA,LOCAL,3,"NASCIMENTO, MATHEUS",3,2:47,66,38
130829,13/12/2025,BRA,URU,400,CAMBIO-JUGADOR-ENTRA,LOCAL,11,"BANDIERA, JOÃO",3,2:47,66,38
130829,13/12/2025,BRA,URU,401,CANASTA-1P,VISITANTE,21,"MICHAELSSON, THIAGO",3,2:47,66,39
130829,13/12/2025,BRA,URU,402,CANASTA-1P,VISITANTE,21,"MICHAELSSON, THIAGO",3,2:47,66,40
130829,13/12/2025,BRA,URU,403,TIRO3-FALLADO,LOCAL,45,"SANTOS, ISAIAH",3,2:33,66,40
130829,13/12/2025,BRA,URU,404,REBOTE-OFENSIVO,LOCAL,50,"SANTOS, EDUARDO",3,2:30,66,40
130829,13/12/2025,BRA,URU,405,FALTA-COMETIDA,VISITANTE,21,"MICHAELSSON, THIAGO",3,2:30,66,40
130829,13/12/2025,BRA,URU,406,FALTA-RECIBIDA,LOCAL,50,"SANTOS, EDUARDO",3,2:30,66,40
130829,13/12/2025,BRA,URU,407,CANASTA-1P,LOCAL,50,"SANTOS, EDUARDO",3,2:30,67,40
130829,13/12/2025,BRA,URU,408,TIRO1-FALLADO,LOCAL,50,"SANTOS, EDUARDO",3,2:30,67,40
130829,13/12/2025,BRA,URU,409,REBOTE-DEFENSIVO,VISITANTE,,,3,2:30,67,40
130829,13/12/2025,BRA,URU,410,CAMBIO-JUGADOR-SALE,LOCAL,33,"FERREIRA, CRISTIAN",3,2:30,67,40
130829,13/12/2025,BRA,URU,411,CAMBIO-JUGADOR-ENTRA,LOCAL,99,"DE RINALDE, JOÃO MARCELO",3,2:30,67,40
130829,13/12/2025,BRA,URU,412,CAMBIO-JUGADOR-SALE,VISITANTE,4,"PASTRANA, MANUEL",3,2:30,67,40
130829,13/12/2025,BRA,URU,413,CAMBIO-JUGADOR-ENTRA,VISITANTE,15,"VENET, GABRIEL",3,2:30,67,40
130829,13/12/2025,BRA,URU,414,TIRO3-FALLADO,VISITANTE,8,"CRUZ, FEDERICO",3,2:06,67,40
130829,13/12/2025,BRA,URU,415,TIEMPO-MUERTO-SOLICITADO,VISITANTE,,,3,2:04,67,40
130829,13/12/2025,BRA,URU,416,CANASTA-3P,LOCAL,3,"NASCIMENTO, MATHEUS",3,1:54,70,40
130829,13/12/2025,BRA,URU,417,ASISTENCIA,LOCAL,45,"SANTOS, ISAIAH",3,1:54,70,40
130829,13/12/2025,BRA,URU,418,PERDIDA,VISITANTE,29,"GUZZETTI, JUAN",3,1:34,70,40
130829,13/12/2025,BRA,URU,419,CANASTA-2P,LOCAL,99,"DE RINALDE, JOÃO MARCELO",3,1:16,72,40
130829,13/12/2025,BRA,URU,420,TIRO3-FALLADO,VISITANTE,15,"VENET, GABRIEL",3,0:58,72,40
130829,13/12/2025,BRA,URU,421,REBOTE-OFENSIVO,VISITANTE,29,"GUZZETTI, JUAN",3,0:54,72,40
130829,13/12/2025,BRA,URU,422,FALTA-COMETIDA,LOCAL,99,"DE RINALDE, JOÃO MARCELO",3,0:54,72,40
130829,13/12/2025,BRA,URU,423,FALTA-RECIBIDA,VISITANTE,29,"GUZZETTI, JUAN",3,0:54,72,40
130829,13/12/2025,BRA,URU,424,TIRO1-FALLADO,VISITANTE,29,"GUZZETTI, JUAN",3,0:54,72,40
130829,13/12/2025,BRA,URU,425,TIRO1-FALLADO,VISITANTE,29,"GUZZETTI, JUAN",3,0:54,72,40
130829,13/12/2025,BRA,URU,426,REBOTE-DEFENSIVO,LOCAL,45,"SANTOS, ISAIAH",3,0:54,72,40
130829,13/12/2025,BRA,URU,427,FALTA-COMETIDA,VISITANTE,29,"GUZZETTI, JUAN",3,0:41,72,40
130829,13/12/2025,BRA,URU,428,FALTA-RECIBIDA,LOCAL,45,"SANTOS, ISAIAH",3,0:41,72,40
130829,13/12/2025,BRA,URU,429,CAMBIO-JUGADOR-SALE,VISITANTE,29,"GUZZETTI, JUAN",3,0:41,72,40
130829,13/12/2025,BRA,URU,430,CAMBIO-JUGADOR-ENTRA,VISITANTE,13,"RAMÍREZ, VALENTINO",3,0:41,72,40
130829,13/12/2025,BRA,URU,431,TIRO1-FALLADO,LOCAL,45,"SANTOS, ISAIAH",3,0:41,72,40
130829,13/12/2025,BRA,URU,432,CANASTA-1P,LOCAL,45,"SANTOS, ISAIAH",3,0:41,73,40
130829,13/12/2025,BRA,URU,433,CAMBIO-JUGADOR-SALE,LOCAL,45,"SANTOS, ISAIAH",3,0:41,73,40
130829,13/12/2025,BRA,URU,434,CAMBIO-JUGADOR-ENTRA,LOCAL,8,"FERNANDES, JOAO GABRIEL",3,0:41,73,40
130829,13/12/2025,BRA,URU,435,PERDIDA,VISITANTE,8,"CRUZ, FEDERICO",3,0:27,73,40
130829,13/12/2025,BRA,URU,436,CANASTA-3P,LOCAL,3,"NASCIMENTO, MATHEUS",3,0:16,76,40
130829,13/12/2025,BRA,URU,437,ASISTENCIA,LOCAL,11,"BANDIERA, JOÃO",3,0:16,76,40
130829,13/12/2025,BRA,URU,438,FINAL-PERIODO,,,,3,0:00,76,40
130829,13/12/2025,BRA,URU,439,INICIO-PERIODO,,,,4,10:00,76,40
130829,13/12/2025,BRA,URU,440,FALTA-COMETIDA,VISITANTE,15,"VENET, GABRIEL",4,9:47,76,40
130829,13/12/2025,BRA,URU,441,FALTA-RECIBIDA,LOCAL,3,"NASCIMENTO, MATHEUS",4,9:47,76,40
130829,13/12/2025,BRA,URU,442,TIRO1-FALLADO,LOCAL,3,"NASCIMENTO, MATHEUS",4,9:47,76,40
130829,13/12/2025,BRA,URU,443,CANASTA-1P,LOCAL,3,"NASCIMENTO, MATHEUS",4,9:47,77,40
130829,13/12/2025,BRA,URU,444,CANASTA-2P,VISITANTE,8,"CRUZ, FEDERICO",4,9:29,77,42
130829,13/12/2025,BRA,URU,445,ASISTENCIA,VISITANTE,21,"MICHAELSSON, THIAGO",4,9:29,77,42
130829,13/12/2025,BRA,URU,446,CANASTA-2P,LOCAL,99,"DE RINALDE, JOÃO MARCELO",4,9:13,79,42
130829,13/12/2025,BRA,URU,447,ASISTENCIA,LOCAL,11,"BANDIERA, JOÃO",4,9:13,79,42
130829,13/12/2025,BRA,URU,448,TIRO2-FALLADO,VISITANTE,21,"MICHAELSSON, THIAGO",4,8:55,79,42
130829,13/12/2025,BRA,URU,449,REBOTE-DEFENSIVO,LOCAL,50,"SANTOS, EDUARDO",4,8:51,79,42
130829,13/12/2025,BRA,URU,450,FALTA-COMETIDA,VISITANTE,0,"ABAL, TOMAS",4,8:45,79,42
130829,13/12/2025,BRA,URU,451,FALTA-RECIBIDA,LOCAL,50,"SANTOS, EDUARDO",4,8:45,79,42
130829,13/12/2025,BRA,URU,452,CANASTA-1P,LOCAL,50,"SANTOS, EDUARDO",4,8:45,80,42
130829,13/12/2025,BRA,URU,453,CANASTA-1P,LOCAL,50,"SANTOS, EDUARDO",4,8:45,81,42
130829,13/12/2025,BRA,URU,454,TIRO2-FALLADO,VISITANTE,13,"RAMÍREZ, VALENTINO",4,8:34,81,42
130829,13/12/2025,BRA,URU,455,REBOTE-DEFENSIVO,LOCAL,99,"DE RINALDE, JOÃO MARCELO",4,8:31,81,42
130829,13/12/2025,BRA,URU,456,TIRO3-FALLADO,LOCAL,11,"BANDIERA, JOÃO",4,8:23,81,42
130829,13/12/2025,BRA,URU,457,REBOTE-OFENSIVO,LOCAL,8,"FERNANDES, JOAO GABRIEL",4,8:20,81,42
130829,13/12/2025,BRA,URU,458,TIRO3-FALLADO,LOCAL,50,"SANTOS, EDUARDO",4,8:17,81,42
130829,13/12/2025,BRA,URU,459,REBOTE-OFENSIVO,LOCAL,99,"DE RINALDE, JOÃO MARCELO",4,8:14,81,42
130829,13/12/2025,BRA,URU,460,TIRO2-FALLADO,LOCAL,99,"DE RINALDE, JOÃO MARCELO",4,8:06,81,42
130829,13/12/2025,BRA,URU,461,REBOTE-OFENSIVO,LOCAL,99,"DE RINALDE, JOÃO MARCELO",4,8:06,81,42
130829,13/12/2025,BRA,URU,462,PERDIDA,LOCAL,3,"NASCIMENTO, MATHEUS",4,7:55,81,42
130829,13/12/2025,BRA,URU,463,TIRO3-FALLADO,VISITANTE,15,"VENET, GABRIEL",4,7:42,81,42
130829,13/12/2025,BRA,URU,464,REBOTE-DEFENSIVO,LOCAL,11,"BANDIERA, JOÃO",4,7:38,81,42
130829,13/12/2025,BRA,URU,465,PERDIDA,LOCAL,50,"SANTOS, EDUARDO",4,7:35,81,42
130829,13/12/2025,BRA,URU,466,RECUPERACION,VISITANTE,8,"CRUZ, FEDERICO",4,7:35,81,42
130829,13/12/2025,BRA,URU,467,FALTA-COMETIDA,LOCAL,11,"BANDIERA, JOÃO",4,7:30,81,42
130829,13/12/2025,BRA,URU,468,FALTA-RECIBIDA,VISITANTE,0,"ABAL, TOMAS",4,7:30,81,42
130829,13/12/2025,BRA,URU,469,CANASTA-1P,VISITANTE,0,"ABAL, TOMAS",4,7:30,81,43
130829,13/12/2025,BRA,URU,470,ASISTENCIA,VISITANTE,8,"CRUZ, FEDERICO",4,7:30,81,43
130829,13/12/2025,BRA,URU,471,CANASTA-1P,VISITANTE,0,"ABAL, TOMAS",4,7:30,81,44
130829,13/12/2025,BRA,URU,472,FALTA-COMETIDA,VISITANTE,15,"VENET, GABRIEL",4,7:17,81,44
130829,13/12/2025,BRA,URU,473,FALTA-RECIBIDA,LOCAL,11,"BANDIERA, JOÃO",4,7:17,81,44
130829,13/12/2025,BRA,URU,474,FALTA-COMETIDA,VISITANTE,15,"VENET, GABRIEL",4,7:17,81,44
130829,13/12/2025,BRA,URU,475,FALTA-RECIBIDA,LOCAL,11,"BANDIERA, JOÃO",4,7:17,81,44
130829,13/12/2025,BRA,URU,476,CANASTA-1P,LOCAL,11,"BANDIERA, JOÃO",4,7:17,82,44
130829,13/12/2025,BRA,URU,477,CANASTA-1P,LOCAL,11,"BANDIERA, JOÃO",4,7:17,83,44
130829,13/12/2025,BRA,URU,478,TIRO2-FALLADO,LOCAL,11,"BANDIERA, JOÃO",4,7:08,83,44
130829,13/12/2025,BRA,URU,479,REBOTE-OFENSIVO,LOCAL,99,"DE RINALDE, JOÃO MARCELO",4,7:04,83,44
130829,13/12/2025,BRA,URU,480,CANASTA-2P,LOCAL,99,"DE RINALDE, JOÃO MARCELO",4,7:00,85,44
130829,13/12/2025,BRA,URU,481,PERDIDA,VISITANTE,8,"CRUZ, FEDERICO",4,6:47,85,44
130829,13/12/2025,BRA,URU,482,RECUPERACION,LOCAL,3,"NASCIMENTO, MATHEUS",4,6:47,85,44
130829,13/12/2025,BRA,URU,483,PERDIDA,LOCAL,3,"NASCIMENTO, MATHEUS",4,6:38,85,44
130829,13/12/2025,BRA,URU,484,RECUPERACION,VISITANTE,0,"ABAL, TOMAS",4,6:38,85,44
130829,13/12/2025,BRA,URU,485,CANASTA-3P,VISITANTE,21,"MICHAELSSON, THIAGO",4,6:32,85,47
130829,13/12/2025,BRA,URU,486,ASISTENCIA,VISITANTE,0,"ABAL, TOMAS",4,6:32,85,47
130829,13/12/2025,BRA,URU,487,PERDIDA,LOCAL,11,"BANDIERA, JOÃO",4,6:11,85,47
130829,13/12/2025,BRA,URU,488,RECUPERACION,VISITANTE,13,"RAMÍREZ, VALENTINO",4,6:11,85,47
130829,13/12/2025,BRA,URU,489,PERDIDA,VISITANTE,13,"RAMÍREZ, VALENTINO",4,6:06,85,47
130829,13/12/2025,BRA,URU,490,FALTA-COMETIDA,VISITANTE,13,"RAMÍREZ, VALENTINO",4,5:49,85,47
130829,13/12/2025,BRA,URU,491,FALTA-RECIBIDA,LOCAL,50,"SANTOS, EDUARDO",4,5:49,85,47
130829,13/12/2025,BRA,URU,492,CAMBIO-JUGADOR-SALE,VISITANTE,8,"CRUZ, FEDERICO",4,5:49,85,47
130829,13/12/2025,BRA,URU,493,CAMBIO-JUGADOR-ENTRA,VISITANTE,22,"OROZCO, LUCAS",4,5:49,85,47
130829,13/12/2025,BRA,URU,494,CANASTA-1P,LOCAL,50,"SANTOS, EDUARDO",4,5:49,86,47
130829,13/12/2025,BRA,URU,495,ASISTENCIA,LOCAL,11,"BANDIERA, JOÃO",4,5:49,86,47
130829,13/12/2025,BRA,URU,496,CANASTA-1P,LOCAL,50,"SANTOS, EDUARDO",4,5:49,87,47
130829,13/12/2025,BRA,URU,497,CAMBIO-JUGADOR-SALE,LOCAL,50,"SANTOS, EDUARDO",4,5:49,87,47
130829,13/12/2025,BRA,URU,498,CAMBIO-JUGADOR-ENTRA,LOCAL,2,"MATHIAS, CAIO",4,5:49,87,47
130829,13/12/2025,BRA,URU,499,TIRO3-FALLADO,VISITANTE,0,"ABAL, TOMAS",4,5:33,87,47
130829,13/12/2025,BRA,URU,500,REBOTE-DEFENSIVO,LOCAL,99,"DE RINALDE, JOÃO MARCELO",4,5:29,87,47
130829,13/12/2025,BRA,URU,501,TIRO2-FALLADO,LOCAL,11,"BANDIERA, JOÃO",4,5:18,87,47
130829,13/12/2025,BRA,URU,502,REBOTE-DEFENSIVO,VISITANTE,21,"MICHAELSSON, THIAGO",4,5:15,87,47
130829,13/12/2025,BRA,URU,503,FALTA-COMETIDA,LOCAL,3,"NASCIMENTO, MATHEUS",4,5:14,87,47
130829,13/12/2025,BRA,URU,504,FALTA-RECIBIDA,VISITANTE,21,"MICHAELSSON, THIAGO",4,5:14,87,47
130829,13/12/2025,BRA,URU,505,CANASTA-2P,VISITANTE,13,"RAMÍREZ, VALENTINO",4,4:59,87,49
130829,13/12/2025,BRA,URU,506,ASISTENCIA,VISITANTE,21,"MICHAELSSON, THIAGO",4,4:59,87,49
130829,13/12/2025,BRA,URU,507,TIRO3-FALLADO,LOCAL,2,"MATHIAS, CAIO",4,4:46,87,49
130829,13/12/2025,BRA,URU,508,REBOTE-DEFENSIVO,VISITANTE,22,"OROZCO, LUCAS",4,4:42,87,49
130829,13/12/2025,BRA,URU,509,CANASTA-2P,VISITANTE,0,"ABAL, TOMAS",4,4:27,87,51
130829,13/12/2025,BRA,URU,510,CANASTA-3P,LOCAL,8,"FERNANDES, JOAO GABRIEL",4,4:09,90,51
130829,13/12/2025,BRA,URU,511,ASISTENCIA,LOCAL,99,"DE RINALDE, JOÃO MARCELO",4,4:09,90,51
130829,13/12/2025,BRA,URU,512,FALTA-COMETIDA,LOCAL,3,"NASCIMENTO, MATHEUS",4,3:56,90,51
130829,13/12/2025,BRA,URU,513,FALTA-RECIBIDA,VISITANTE,22,"OROZCO, LUCAS",4,3:56,90,51
130829,13/12/2025,BRA,URU,514,CAMBIO-JUGADOR-SALE,LOCAL,99,"DE RINALDE, JOÃO MARCELO",4,3:56,90,51
130829,13/12/2025,BRA,URU,515,CAMBIO-JUGADOR-ENTRA,LOCAL,33,"FERREIRA, CRISTIAN",4,3:56,90,51
130829,13/12/2025,BRA,URU,516,CANASTA-1P,VISITANTE,22,"OROZCO, LUCAS",4,3:56,90,52
130829,13/12/2025,BRA,URU,517,TIRO1-FALLADO,VISITANTE,22,"OROZCO, LUCAS",4,3:56,90,52
130829,13/12/2025,BRA,URU,518,REBOTE-OFENSIVO,VISITANTE,13,"RAMÍREZ, VALENTINO",4,3:53,90,52
130829,13/12/2025,BRA,URU,519,FALTA-COMETIDA,LOCAL,33,"FERREIRA, CRISTIAN",4,3:50,90,52
130829,13/12/2025,BRA,URU,520,FALTA-RECIBIDA,VISITANTE,22,"OROZCO, LUCAS",4,3:50,90,52
130829,13/12/2025,BRA,URU,521,TIRO2-FALLADO,VISITANTE,21,"MICHAELSSON, THIAGO",4,3:40,90,52
130829,13/12/2025,BRA,URU,522,REBOTE-DEFENSIVO,LOCAL,33,"FERREIRA, CRISTIAN",4,3:36,90,52
130829,13/12/2025,BRA,URU,523,CANASTA-2P,LOCAL,33,"FERREIRA, CRISTIAN",4,3:36,92,52
130829,13/12/2025,BRA,URU,524,ASISTENCIA,LOCAL,11,"BANDIERA, JOÃO",4,3:36,92,52
130829,13/12/2025,BRA,URU,525,PERDIDA,VISITANTE,0,"ABAL, TOMAS",4,3:26,92,52
130829,13/12/2025,BRA,URU,526,TIRO3-FALLADO,LOCAL,11,"BANDIERA, JOÃO",4,3:21,92,52
130829,13/12/2025,BRA,URU,527,REBOTE-OFENSIVO,LOCAL,33,"FERREIRA, CRISTIAN",4,3:16,92,52
130829,13/12/2025,BRA,URU,528,TIRO3-FALLADO,LOCAL,3,"NASCIMENTO, MATHEUS",4,3:09,92,52
130829,13/12/2025,BRA,URU,529,REBOTE-DEFENSIVO,VISITANTE,,,4,3:04,92,52
130829,13/12/2025,BRA,URU,530,TIRO3-FALLADO,VISITANTE,13,"RAMÍREZ, VALENTINO",4,2:52,92,52
130829,13/12/2025,BRA,URU,531,REBOTE-DEFENSIVO,LOCAL,8,"FERNANDES, JOAO GABRIEL",4,2:49,92,52
130829,13/12/2025,BRA,URU,532,CANASTA-3P,LOCAL,3,"NASCIMENTO, MATHEUS",4,2:42,95,52
130829,13/12/2025,BRA,URU,533,ASISTENCIA,LOCAL,11,"BANDIERA, JOÃO",4,2:42,95,52
130829,13/12/2025,BRA,URU,534,PERDIDA,VISITANTE,21,"MICHAELSSON, THIAGO",4,2:32,95,52
130829,13/12/2025,BRA,URU,535,RECUPERACION,LOCAL,3,"NASCIMENTO, MATHEUS",4,2:32,95,52
130829,13/12/2025,BRA,URU,536,CANASTA-2P,LOCAL,3,"NASCIMENTO, MATHEUS",4,2:27,97,52
130829,13/12/2025,BRA,URU,537,PERDIDA,VISITANTE,15,"VENET, GABRIEL",4,2:17,97,52
130829,13/12/2025,BRA,URU,538,TIRO3-FALLADO,LOCAL,8,"FERNANDES, JOAO GABRIEL",4,2:05,97,52
130829,13/12/2025,BRA,URU,539,REBOTE-OFENSIVO,LOCAL,33,"FERREIRA, CRISTIAN",4,2:00,97,52
130829,13/12/2025,BRA,URU,540,TIRO3-FALLADO,LOCAL,11,"BANDIERA, JOÃO",4,1:54,97,52
130829,13/12/2025,BRA,URU,541,REBOTE-OFENSIVO,LOCAL,2,"MATHIAS, CAIO",4,1:48,97,52
130829,13/12/2025,BRA,URU,542,CANASTA-2P,LOCAL,2,"MATHIAS, CAIO",4,1:48,99,52
130829,13/12/2025,BRA,URU,543,TIRO3-FALLADO,VISITANTE,0,"ABAL, TOMAS",4,1:37,99,52
130829,13/12/2025,BRA,URU,544,REBOTE-DEFENSIVO,LOCAL,33,"FERREIRA, CRISTIAN",4,1:34,99,52
130829,13/12/2025,BRA,URU,545,PERDIDA,LOCAL,33,"FERREIRA, CRISTIAN",4,1:15,99,52
130829,13/12/2025,BRA,URU,546,RECUPERACION,VISITANTE,15,"VENET, GABRIEL",4,1:15,99,52
130829,13/12/2025,BRA,URU,547,PERDIDA,VISITANTE,15,"VENET, GABRIEL",4,1:11,99,52
130829,13/12/2025,BRA,URU,548,RECUPERACION,LOCAL,8,"FERNANDES, JOAO GABRIEL",4,1:11,99,52
130829,13/12/2025,BRA,URU,549,FALTA-COMETIDA,VISITANTE,22,"OROZCO, LUCAS",4,1:05,99,52
130829,13/12/2025,BRA,URU,550,FALTA-RECIBIDA,LOCAL,33,"FERREIRA, CRISTIAN",4,1:05,99,52
130829,13/12/2025,BRA,URU,551,TIRO1-FALLADO,LOCAL,33,"FERREIRA, CRISTIAN",4,1:05,99,52
130829,13/12/2025,BRA,URU,552,CANASTA-1P,LOCAL,33,"FERREIRA, CRISTIAN",4,1:05,100,52
130829,13/12/2025,BRA,URU,553,ASISTENCIA,LOCAL,3,"NASCIMENTO, MATHEUS",4,1:05,100,52
130829,13/12/2025,BRA,URU,554,FALTA-COMETIDA,VISITANTE,15,"VENET, GABRIEL",4,0:57,100,52
130829,13/12/2025,BRA,URU,555,FALTA-RECIBIDA,LOCAL,3,"NASCIMENTO, MATHEUS",4,0:57,100,52
130829,13/12/2025,BRA,URU,556,CANASTA-1P,LOCAL,3,"NASCIMENTO, MATHEUS",4,0:57,101,52
130829,13/12/2025,BRA,URU,557,TIRO1-FALLADO,LOCAL,3,"NASCIMENTO, MATHEUS",4,0:57,101,52
130829,13/12/2025,BRA,URU,558,REBOTE-DEFENSIVO,VISITANTE,21,"MICHAELSSON, THIAGO",4,0:57,101,52
130829,13/12/2025,BRA,URU,559,TIRO3-FALLADO,VISITANTE,22,"OROZCO, LUCAS",4,0:49,101,52
130829,13/12/2025,BRA,URU,560,REBOTE-DEFENSIVO,LOCAL,33,"FERREIRA, CRISTIAN",4,0:46,101,52
130829,13/12/2025,BRA,URU,561,TIRO3-FALLADO,LOCAL,3,"NASCIMENTO, MATHEUS",4,0:41,101,52
130829,13/12/2025,BRA,URU,562,REBOTE-OFENSIVO,LOCAL,33,"FERREIRA, CRISTIAN",4,0:37,101,52
130829,13/12/2025,BRA,URU,563,CANASTA-2P,LOCAL,33,"FERREIRA, CRISTIAN",4,0:37,103,52
130829,13/12/2025,BRA,URU,564,PERDIDA,VISITANTE,21,"MICHAELSSON, THIAGO",4,0:33,103,52
130829,13/12/2025,BRA,URU,565,RECUPERACION,LOCAL,3,"NASCIMENTO, MATHEUS",4,0:33,103,52
130829,13/12/2025,BRA,URU,566,CANASTA-2P,LOCAL,3,"NASCIMENTO, MATHEUS",4,0:32,105,52
130829,13/12/2025,BRA,URU,567,PERDIDA,VISITANTE,0,"ABAL, TOMAS",4,0:29,105,52
130829,13/12/2025,BRA,URU,568,RECUPERACION,LOCAL,11,"BANDIERA, JOÃO",4,0:29,105,52
130829,13/12/2025,BRA,URU,569,FALTA-COMETIDA,VISITANTE,0,"ABAL, TOMAS",4,0:29,105,52
130829,13/12/2025,BRA,URU,570,FALTA-RECIBIDA,LOCAL,11,"BANDIERA, JOÃO",4,0:29,105,52
130829,13/12/2025,BRA,URU,571,CAMBIO-JUGADOR-SALE,VISITANTE,13,"RAMÍREZ, VALENTINO",4,0:29,105,52
130829,13/12/2025,BRA,URU,572,CAMBIO-JUGADOR-ENTRA,VISITANTE,29,"GUZZETTI, JUAN",4,0:29,105,52
130829,13/12/2025,BRA,URU,573,CANASTA-1P,LOCAL,11,"BANDIERA, JOÃO",4,0:29,106,52
130829,13/12/2025,BRA,URU,574,TIRO1-FALLADO,LOCAL,11,"BANDIERA, JOÃO",4,0:29,106,52
130829,13/12/2025,BRA,URU,575,REBOTE-DEFENSIVO,VISITANTE,22,"OROZCO, LUCAS",4,0:29,106,52
130829,13/12/2025,BRA,URU,576,TIRO3-FALLADO,VISITANTE,15,"VENET, GABRIEL",4,0:22,106,52
130829,13/12/2025,BRA,URU,577,REBOTE-DEFENSIVO,LOCAL,33,"FERREIRA, CRISTIAN",4,0:17,106,52
130829,13/12/2025,BRA,URU,578,FINAL-PERIODO,,,,4,0:00,106,52
130829,13/12/2025,BRA,URU,579,FINAL-PARTIDO,,,,4,0:00,106,52
130830,14/12/2025,COL,ECU,0,INICIO-PARTIDO,,,,1,10:00,0,0
130830,14/12/2025,COL,ECU,1,INICIO-PERIODO,,,,1,10:00,0,0
130830,14/12/2025,COL,ECU,2,CAMBIO-JUGADOR-ENTRA,LOCAL,4,"SANCHEZ, ALEJANDRO",1,10:00,0,0
130830,14/12/2025,COL,ECU,3,CAMBIO-JUGADOR-ENTRA,LOCAL,6,"BROWN, SALOMON",1,10:00,0,0
130830,14/12/2025,COL,ECU,4,CAMBIO-JUGADOR-ENTRA,LOCAL,7,"BERNAL, MATTHEW",1,10:00,0,0
130830,14/12/2025,COL,ECU,5,CAMBIO-JUGADOR-ENTRA,LOCAL,10,"MATEUS, ANDRES",1,10:00,0,0
130830,14/12/2025,COL,ECU,6,CAMBIO-JUGADOR-ENTRA,LOCAL,59,"BETANCURT, JULIAN",1,10:00,0,0
130830,14/12/2025,COL,ECU,7,CAMBIO-JUGADOR-ENTRA,VISITANTE,2,"CASTILLO, JUAN",1,10:00,0,0
130830,14/12/2025,COL,ECU,8,CAMBIO-JUGADOR-ENTRA,VISITANTE,7,"DAZA, JOSÉ",1,10:00,0,0
130830,14/12/2025,COL,ECU,9,CAMBIO-JUGADOR-ENTRA,VISITANTE,14,"NOBOA, FELIPE",1,10:00,0,0
130830,14/12/2025,COL,ECU,10,CAMBIO-JUGADOR-ENTRA,VISITANTE,23,"QUIÑONEZ, ADAIR",1,10:00,0,0
130830,14/12/2025,COL,ECU,11,CAMBIO-JUGADOR-ENTRA,VISITANTE,48,"VARGAS, LHEYDER",1,10:00,0,0
130830,14/12/2025,COL,ECU,12,JUMP-BALL,,,,1,10:00,0,0
130830,14/12/2025,COL,ECU,13,JUMP-BALL,VISITANTE,7,"DAZA, JOSÉ",1,9:59,0,0
130830,14/12/2025,COL,ECU,14,JUMP-BALL,LOCAL,10,"MATEUS, ANDRES",1,9:59,0,0
130830,14/12/2025,COL,ECU,15,TIRO2-FALLADO,VISITANTE,48,"VARGAS, LHEYDER",1,9:56,0,0
130830,14/12/2025,COL,ECU,16,REBOTE-OFENSIVO,VISITANTE,48,"VARGAS, LHEYDER",1,9:52,0,0
130830,14/12/2025,COL,ECU,17,CANASTA-2P,VISITANTE,48,"VARGAS, LHEYDER",1,9:51,0,2
130830,14/12/2025,COL,ECU,18,TIRO2-FALLADO,LOCAL,59,"BETANCURT, JULIAN",1,9:37,0,2
130830,14/12/2025,COL,ECU,19,REBOTE-DEFENSIVO,VISITANTE,14,"NOBOA, FELIPE",1,9:33,0,2
130830,14/12/2025,COL,ECU,20,PERDIDA,VISITANTE,23,"QUIÑONEZ, ADAIR",1,9:28,0,2
130830,14/12/2025,COL,ECU,21,TIRO2-FALLADO,LOCAL,4,"SANCHEZ, ALEJANDRO",1,9:16,0,2
130830,14/12/2025,COL,ECU,22,REBOTE-DEFENSIVO,VISITANTE,2,"CASTILLO, JUAN",1,9:13,0,2
130830,14/12/2025,COL,ECU,23,CANASTA-2P,VISITANTE,14,"NOBOA, FELIPE",1,9:06,0,4
130830,14/12/2025,COL,ECU,24,TIRO3-FALLADO,LOCAL,59,"BETANCURT, JULIAN",1,8:41,0,4
130830,14/12/2025,COL,ECU,25,REBOTE-DEFENSIVO,VISITANTE,,,1,8:39,0,4
130830,14/12/2025,COL,ECU,26,CANASTA-2P,VISITANTE,2,"CASTILLO, JUAN",1,8:27,0,6
130830,14/12/2025,COL,ECU,27,CANASTA-2P,LOCAL,7,"BERNAL, MATTHEW",1,8:10,2,6
130830,14/12/2025,COL,ECU,28,TIRO3-FALLADO,VISITANTE,14,"NOBOA, FELIPE",1,7:56,2,6
130830,14/12/2025,COL,ECU,29,REBOTE-DEFENSIVO,LOCAL,4,"SANCHEZ, ALEJANDRO",1,7:54,2,6
130830,14/12/2025,COL,ECU,30,PERDIDA,LOCAL,7,"BERNAL, MATTHEW",1,7:43,2,6
130830,14/12/2025,COL,ECU,31,CAMBIO-JUGADOR-SALE,LOCAL,10,"MATEUS, ANDRES",1,7:43,2,6
130830,14/12/2025,COL,ECU,32,CAMBIO-JUGADOR-SALE,LOCAL,59,"BETANCURT, JULIAN",1,7:43,2,6
130830,14/12/2025,COL,ECU,33,CAMBIO-JUGADOR-ENTRA,LOCAL,5,"RESTREPO, LEONARDO",1,7:43,2,6
130830,14/12/2025,COL,ECU,34,CAMBIO-JUGADOR-ENTRA,LOCAL,8,"SUAREZ, EZEKIEL",1,7:43,2,6
130830,14/12/2025,COL,ECU,35,CANASTA-2P,VISITANTE,7,"DAZA, JOSÉ",1,7:30,2,8
130830,14/12/2025,COL,ECU,36,ASISTENCIA,VISITANTE,2,"CASTILLO, JUAN",1,7:30,2,8
130830,14/12/2025,COL,ECU,37,TIRO3-FALLADO,LOCAL,5,"RESTREPO, LEONARDO",1,7:12,2,8
130830,14/12/2025,COL,ECU,38,REBOTE-OFENSIVO,LOCAL,8,"SUAREZ, EZEKIEL",1,7:07,2,8
130830,14/12/2025,COL,ECU,39,TIRO3-FALLADO,LOCAL,5,"RESTREPO, LEONARDO",1,7:03,2,8
130830,14/12/2025,COL,ECU,40,REBOTE-OFENSIVO,LOCAL,7,"BERNAL, MATTHEW",1,7:01,2,8
130830,14/12/2025,COL,ECU,41,FALTA-COMETIDA,VISITANTE,48,"VARGAS, LHEYDER",1,7:01,2,8
130830,14/12/2025,COL,ECU,42,FALTA-RECIBIDA,LOCAL,7,"BERNAL, MATTHEW",1,7:01,2,8
130830,14/12/2025,COL,ECU,43,CAMBIO-JUGADOR-SALE,LOCAL,6,"BROWN, SALOMON",1,7:01,2,8
130830,14/12/2025,COL,ECU,44,CAMBIO-JUGADOR-ENTRA,LOCAL,83,"OROZCO, ANGEL",1,7:01,2,8
130830,14/12/2025,COL,ECU,45,TIRO1-FALLADO,LOCAL,7,"BERNAL, MATTHEW",1,7:01,2,8
130830,14/12/2025,COL,ECU,46,CANASTA-1P,LOCAL,7,"BERNAL, MATTHEW",1,7:01,3,8
130830,14/12/2025,COL,ECU,47,CANASTA-2P,VISITANTE,48,"VARGAS, LHEYDER",1,6:49,3,10
130830,14/12/2025,COL,ECU,48,FALTA-COMETIDA,VISITANTE,48,"VARGAS, LHEYDER",1,6:37,3,10
130830,14/12/2025,COL,ECU,49,FALTA-RECIBIDA,LOCAL,4,"SANCHEZ, ALEJANDRO",1,6:37,3,10
130830,14/12/2025,COL,ECU,50,CAMBIO-JUGADOR-SALE,VISITANTE,48,"VARGAS, LHEYDER",1,6:37,3,10
130830,14/12/2025,COL,ECU,51,CAMBIO-JUGADOR-ENTRA,VISITANTE,1,"CEVALLOS, MICHAEL",1,6:37,3,10
130830,14/12/2025,COL,ECU,52,TIRO2-FALLADO,LOCAL,4,"SANCHEZ, ALEJANDRO",1,6:32,3,10
130830,14/12/2025,COL,ECU,53,REBOTE-DEFENSIVO,VISITANTE,14,"NOBOA, FELIPE",1,6:29,3,10
130830,14/12/2025,COL,ECU,54,TIRO3-FALLADO,VISITANTE,2,"CASTILLO, JUAN",1,6:20,3,10
130830,14/12/2025,COL,ECU,55,REBOTE-DEFENSIVO,LOCAL,83,"OROZCO, ANGEL",1,6:16,3,10
130830,14/12/2025,COL,ECU,56,TIRO3-FALLADO,LOCAL,4,"SANCHEZ, ALEJANDRO",1,6:06,3,10
130830,14/12/2025,COL,ECU,57,REBOTE-DEFENSIVO,VISITANTE,2,"CASTILLO, JUAN",1,6:03,3,10
130830,14/12/2025,COL,ECU,58,TIRO2-FALLADO,VISITANTE,1,"CEVALLOS, MICHAEL",1,6:00,3,10
130830,14/12/2025,COL,ECU,59,TAPON-COMETIDO,LOCAL,83,"OROZCO, ANGEL",1,6:00,3,10
130830,14/12/2025,COL,ECU,60,REBOTE-DEFENSIVO,LOCAL,5,"RESTREPO, LEONARDO",1,5:56,3,10
130830,14/12/2025,COL,ECU,61,TIRO2-FALLADO,LOCAL,4,"SANCHEZ, ALEJANDRO",1,5:54,3,10
130830,14/12/2025,COL,ECU,62,TAPON-COMETIDO,VISITANTE,23,"QUIÑONEZ, ADAIR",1,5:54,3,10
130830,14/12/2025,COL,ECU,63,REBOTE-DEFENSIVO,VISITANTE,23,"QUIÑONEZ, ADAIR",1,5:49,3,10
130830,14/12/2025,COL,ECU,64,CANASTA-2P,VISITANTE,2,"CASTILLO, JUAN",1,5:47,3,12
130830,14/12/2025,COL,ECU,65,TIEMPO-MUERTO-SOLICITADO,LOCAL,,,1,5:46,3,12
130830,14/12/2025,COL,ECU,66,CAMBIO-JUGADOR-SALE,LOCAL,4,"SANCHEZ, ALEJANDRO",1,5:46,3,12
130830,14/12/2025,COL,ECU,67,CAMBIO-JUGADOR-ENTRA,LOCAL,14,"CAICEDO, YANSEM",1,5:46,3,12
130830,14/12/2025,COL,ECU,68,TIRO2-FALLADO,LOCAL,7,"BERNAL, MATTHEW",1,5:37,3,12
130830,14/12/2025,COL,ECU,69,REBOTE-DEFENSIVO,VISITANTE,1,"CEVALLOS, MICHAEL",1,5:34,3,12
130830,14/12/2025,COL,ECU,70,TIRO3-FALLADO,VISITANTE,2,"CASTILLO, JUAN",1,5:22,3,12
130830,14/12/2025,COL,ECU,71,REBOTE-OFENSIVO,VISITANTE,1,"CEVALLOS, MICHAEL",1,5:19,3,12
130830,14/12/2025,COL,ECU,72,PERDIDA,VISITANTE,23,"QUIÑONEZ, ADAIR",1,5:15,3,12
130830,14/12/2025,COL,ECU,73,CAMBIO-JUGADOR-SALE,LOCAL,5,"RESTREPO, LEONARDO",1,5:15,3,12
130830,14/12/2025,COL,ECU,74,CAMBIO-JUGADOR-ENTRA,LOCAL,24,"HERNANDEZ, ANDRES",1,5:15,3,12
130830,14/12/2025,COL,ECU,75,CAMBIO-JUGADOR-SALE,VISITANTE,2,"CASTILLO, JUAN",1,5:15,3,12
130830,14/12/2025,COL,ECU,76,CAMBIO-JUGADOR-ENTRA,VISITANTE,10,"ZAMBRANO, ALHAN",1,5:15,3,12
130830,14/12/2025,COL,ECU,77,PERDIDA,LOCAL,8,"SUAREZ, EZEKIEL",1,5:06,3,12
130830,14/12/2025,COL,ECU,78,TIRO3-FALLADO,VISITANTE,14,"NOBOA, FELIPE",1,4:49,3,12
130830,14/12/2025,COL,ECU,79,REBOTE-OFENSIVO,VISITANTE,23,"QUIÑONEZ, ADAIR",1,4:45,3,12
130830,14/12/2025,COL,ECU,80,CANASTA-3P,VISITANTE,10,"ZAMBRANO, ALHAN",1,4:43,3,15
130830,14/12/2025,COL,ECU,81,ASISTENCIA,VISITANTE,23,"QUIÑONEZ, ADAIR",1,4:43,3,15
130830,14/12/2025,COL,ECU,82,FALTA-COMETIDA,LOCAL,24,"HERNANDEZ, ANDRES",1,4:19,3,15
130830,14/12/2025,COL,ECU,83,PERDIDA,LOCAL,24,"HERNANDEZ, ANDRES",1,4:19,3,15
130830,14/12/2025,COL,ECU,84,FALTA-RECIBIDA,VISITANTE,23,"QUIÑONEZ, ADAIR",1,4:19,3,15
130830,14/12/2025,COL,ECU,85,CAMBIO-JUGADOR-SALE,VISITANTE,7,"DAZA, JOSÉ",1,4:19,3,15
130830,14/12/2025,COL,ECU,86,CAMBIO-JUGADOR-ENTRA,VISITANTE,15,"IBARRA, ISMAEL",1,4:19,3,15
130830,14/12/2025,COL,ECU,87,CANASTA-2P,VISITANTE,1,"CEVALLOS, MICHAEL",1,4:05,3,17
130830,14/12/2025,COL,ECU,88,TIEMPO-MUERTO-SOLICITADO,LOCAL,,,1,4:05,3,17
130830,14/12/2025,COL,ECU,89,TIRO2-FALLADO,LOCAL,83,"OROZCO, ANGEL",1,3:56,3,17
130830,14/12/2025,COL,ECU,90,REBOTE-OFENSIVO,LOCAL,14,"CAICEDO, YANSEM",1,3:54,3,17
130830,14/12/2025,COL,ECU,91,CANASTA-3P,LOCAL,24,"HERNANDEZ, ANDRES",1,3:50,6,17
130830,14/12/2025,COL,ECU,92,ASISTENCIA,LOCAL,14,"CAICEDO, YANSEM",1,3:50,6,17
130830,14/12/2025,COL,ECU,93,PERDIDA,VISITANTE,10,"ZAMBRANO, ALHAN",1,3:42,6,17
130830,14/12/2025,COL,ECU,94,RECUPERACION,LOCAL,83,"OROZCO, ANGEL",1,3:42,6,17
130830,14/12/2025,COL,ECU,95,TIRO2-FALLADO,LOCAL,83,"OROZCO, ANGEL",1,3:34,6,17
130830,14/12/2025,COL,ECU,96,REBOTE-OFENSIVO,LOCAL,83,"OROZCO, ANGEL",1,3:30,6,17
130830,14/12/2025,COL,ECU,97,CANASTA-2P,LOCAL,83,"OROZCO, ANGEL",1,3:29,8,17
130830,14/12/2025,COL,ECU,98,TIRO2-FALLADO,VISITANTE,15,"IBARRA, ISMAEL",1,3:12,8,17
130830,14/12/2025,COL,ECU,99,TAPON-COMETIDO,LOCAL,83,"OROZCO, ANGEL",1,3:12,8,17
130830,14/12/2025,COL,ECU,100,REBOTE-DEFENSIVO,LOCAL,83,"OROZCO, ANGEL",1,3:10,8,17
130830,14/12/2025,COL,ECU,101,FALTA-COMETIDA,VISITANTE,14,"NOBOA, FELIPE",1,3:10,8,17
130830,14/12/2025,COL,ECU,102,FALTA-RECIBIDA,LOCAL,83,"OROZCO, ANGEL",1,3:10,8,17
130830,14/12/2025,COL,ECU,103,CAMBIO-JUGADOR-SALE,VISITANTE,14,"NOBOA, FELIPE",1,3:10,8,17
130830,14/12/2025,COL,ECU,104,CAMBIO-JUGADOR-SALE,VISITANTE,15,"IBARRA, ISMAEL",1,3:10,8,17
130830,14/12/2025,COL,ECU,105,CAMBIO-JUGADOR-ENTRA,VISITANTE,7,"DAZA, JOSÉ",1,3:10,8,17
130830,14/12/2025,COL,ECU,106,CAMBIO-JUGADOR-ENTRA,VISITANTE,32,"COROZO, JEREMY",1,3:10,8,17
130830,14/12/2025,COL,ECU,107,TIRO3-FALLADO,LOCAL,7,"BERNAL, MATTHEW",1,2:54,8,17
130830,14/12/2025,COL,ECU,108,REBOTE-DEFENSIVO,VISITANTE,,,1,2:54,8,17
130830,14/12/2025,COL,ECU,109,PERDIDA,VISITANTE,32,"COROZO, JEREMY",1,2:49,8,17
130830,14/12/2025,COL,ECU,110,TIRO3-FALLADO,LOCAL,8,"SUAREZ, EZEKIEL",1,2:35,8,17
130830,14/12/2025,COL,ECU,111,REBOTE-DEFENSIVO,VISITANTE,,,1,2:33,8,17
130830,14/12/2025,COL,ECU,112,FALTA-COMETIDA,LOCAL,24,"HERNANDEZ, ANDRES",1,2:28,8,17
130830,14/12/2025,COL,ECU,113,FALTA-RECIBIDA,VISITANTE,32,"COROZO, JEREMY",1,2:28,8,17
130830,14/12/2025,COL,ECU,114,CAMBIO-JUGADOR-SALE,LOCAL,8,"SUAREZ, EZEKIEL",1,2:28,8,17
130830,14/12/2025,COL,ECU,115,CAMBIO-JUGADOR-ENTRA,LOCAL,32,"RIOS, SANTIAGO",1,2:28,8,17
130830,14/12/2025,COL,ECU,116,CANASTA-3P,VISITANTE,32,"COROZO, JEREMY",1,2:19,8,20
130830,14/12/2025,COL,ECU,117,ASISTENCIA,VISITANTE,10,"ZAMBRANO, ALHAN",1,2:19,8,20
130830,14/12/2025,COL,ECU,118,TIRO2-FALLADO,LOCAL,24,"HERNANDEZ, ANDRES",1,2:02,8,20
130830,14/12/2025,COL,ECU,119,REBOTE-OFENSIVO,LOCAL,83,"OROZCO, ANGEL",1,2:00,8,20
130830,14/12/2025,COL,ECU,120,CANASTA-2P,LOCAL,83,"OROZCO, ANGEL",1,1:56,10,20
130830,14/12/2025,COL,ECU,121,ASISTENCIA,LOCAL,14,"CAICEDO, YANSEM",1,1:56,10,20
130830,14/12/2025,COL,ECU,122,TIRO3-FALLADO,VISITANTE,23,"QUIÑONEZ, ADAIR",1,1:35,10,20
130830,14/12/2025,COL,ECU,123,REBOTE-OFENSIVO,VISITANTE,32,"COROZO, JEREMY",1,1:33,10,20
130830,14/12/2025,COL,ECU,124,TIRO2-FALLADO,VISITANTE,32,"COROZO, JEREMY",1,1:32,10,20
130830,14/12/2025,COL,ECU,125,REBOTE-OFENSIVO,VISITANTE,7,"DAZA, JOSÉ",1,1:30,10,20
130830,14/12/2025,COL,ECU,126,TIRO2-FALLADO,VISITANTE,7,"DAZA, JOSÉ",1,1:30,10,20
130830,14/12/2025,COL,ECU,127,REBOTE-OFENSIVO,VISITANTE,32,"COROZO, JEREMY",1,1:30,10,20
130830,14/12/2025,COL,ECU,128,FALTA-COMETIDA,LOCAL,32,"RIOS, SANTIAGO",1,1:30,10,20
130830,14/12/2025,COL,ECU,129,FALTA-RECIBIDA,VISITANTE,32,"COROZO, JEREMY",1,1:30,10,20
130830,14/12/2025,COL,ECU,130,CAMBIO-JUGADOR-SALE,VISITANTE,23,"QUIÑONEZ, ADAIR",1,1:30,10,20
130830,14/12/2025,COL,ECU,131,CAMBIO-JUGADOR-ENTRA,VISITANTE,2,"CASTILLO, JUAN",1,1:30,10,20
130830,14/12/2025,COL,ECU,132,TIRO2-FALLADO,VISITANTE,7,"DAZA, JOSÉ",1,1:28,10,20
130830,14/12/2025,COL,ECU,133,REBOTE-DEFENSIVO,LOCAL,24,"HERNANDEZ, ANDRES",1,1:25,10,20
130830,14/12/2025,COL,ECU,134,TIRO2-FALLADO,LOCAL,24,"HERNANDEZ, ANDRES",1,1:21,10,20
130830,14/12/2025,COL,ECU,135,REBOTE-DEFENSIVO,VISITANTE,7,"DAZA, JOSÉ",1,1:20,10,20
130830,14/12/2025,COL,ECU,136,CANASTA-2P,VISITANTE,7,"DAZA, JOSÉ",1,1:08,10,22
130830,14/12/2025,COL,ECU,137,ASISTENCIA,VISITANTE,1,"CEVALLOS, MICHAEL",1,1:08,10,22
130830,14/12/2025,COL,ECU,138,PERDIDA,LOCAL,83,"OROZCO, ANGEL",1,0:53,10,22
130830,14/12/2025,COL,ECU,139,CAMBIO-JUGADOR-SALE,VISITANTE,10,"ZAMBRANO, ALHAN",1,0:53,10,22
130830,14/12/2025,COL,ECU,140,CAMBIO-JUGADOR-ENTRA,VISITANTE,13,"MINA, JAHIR",1,0:53,10,22
130830,14/12/2025,COL,ECU,141,TIRO2-FALLADO,VISITANTE,7,"DAZA, JOSÉ",1,0:41,10,22
130830,14/12/2025,COL,ECU,142,TAPON-COMETIDO,LOCAL,83,"OROZCO, ANGEL",1,0:41,10,22
130830,14/12/2025,COL,ECU,143,REBOTE-DEFENSIVO,LOCAL,7,"BERNAL, MATTHEW",1,0:41,10,22
130830,14/12/2025,COL,ECU,144,PERDIDA,LOCAL,83,"OROZCO, ANGEL",1,0:37,10,22
130830,14/12/2025,COL,ECU,145,RECUPERACION,VISITANTE,2,"CASTILLO, JUAN",1,0:37,10,22
130830,14/12/2025,COL,ECU,146,TIRO2-FALLADO,VISITANTE,32,"COROZO, JEREMY",1,0:37,10,22
130830,14/12/2025,COL,ECU,147,REBOTE-OFENSIVO,VISITANTE,2,"CASTILLO, JUAN",1,0:37,10,22
130830,14/12/2025,COL,ECU,148,CANASTA-3P,VISITANTE,13,"MINA, JAHIR",1,0:37,10,25
130830,14/12/2025,COL,ECU,149,ASISTENCIA,VISITANTE,2,"CASTILLO, JUAN",1,0:37,10,25
130830,14/12/2025,COL,ECU,150,FINAL-PERIODO,,,,1,0:00,10,25
130830,14/12/2025,COL,ECU,151,CAMBIO-JUGADOR-SALE,LOCAL,14,"CAICEDO, YANSEM",2,10:00,10,25
130830,14/12/2025,COL,ECU,152,CAMBIO-JUGADOR-SALE,LOCAL,24,"HERNANDEZ, ANDRES",2,10:00,10,25
130830,14/12/2025,COL,ECU,153,CAMBIO-JUGADOR-ENTRA,LOCAL,5,"RESTREPO, LEONARDO",2,10:00,10,25
130830,14/12/2025,COL,ECU,154,CAMBIO-JUGADOR-ENTRA,LOCAL,59,"BETANCURT, JULIAN",2,10:00,10,25
130830,14/12/2025,COL,ECU,155,CAMBIO-JUGADOR-SALE,VISITANTE,7,"DAZA, JOSÉ",2,10:00,10,25
130830,14/12/2025,COL,ECU,156,CAMBIO-JUGADOR-ENTRA,VISITANTE,15,"IBARRA, ISMAEL",2,10:00,10,25
130830,14/12/2025,COL,ECU,157,INICIO-PERIODO,,,,2,10:00,10,25
130830,14/12/2025,COL,ECU,158,TIRO2-FALLADO,LOCAL,59,"BETANCURT, JULIAN",2,9:47,10,25
130830,14/12/2025,COL,ECU,159,REBOTE-OFENSIVO,LOCAL,83,"OROZCO, ANGEL",2,9:45,10,25
130830,14/12/2025,COL,ECU,160,TIRO2-FALLADO,LOCAL,83,"OROZCO, ANGEL",2,9:43,10,25
130830,14/12/2025,COL,ECU,161,REBOTE-DEFENSIVO,VISITANTE,13,"MINA, JAHIR",2,9:41,10,25
130830,14/12/2025,COL,ECU,162,CANASTA-3P,VISITANTE,2,"CASTILLO, JUAN",2,9:31,10,28
130830,14/12/2025,COL,ECU,163,ASISTENCIA,VISITANTE,13,"MINA, JAHIR",2,9:31,10,28
130830,14/12/2025,COL,ECU,164,TIRO3-FALLADO,LOCAL,32,"RIOS, SANTIAGO",2,9:16,10,28
130830,14/12/2025,COL,ECU,165,REBOTE-OFENSIVO,LOCAL,7,"BERNAL, MATTHEW",2,9:12,10,28
130830,14/12/2025,COL,ECU,166,TIRO2-FALLADO,LOCAL,7,"BERNAL, MATTHEW",2,9:05,10,28
130830,14/12/2025,COL,ECU,167,REBOTE-OFENSIVO,LOCAL,,,2,9:03,10,28
130830,14/12/2025,COL,ECU,168,CAMBIO-JUGADOR-SALE,VISITANTE,32,"COROZO, JEREMY",2,9:03,10,28
130830,14/12/2025,COL,ECU,169,CAMBIO-JUGADOR-ENTRA,VISITANTE,14,"NOBOA, FELIPE",2,9:03,10,28
130830,14/12/2025,COL,ECU,170,FALTA-COMETIDA,VISITANTE,14,"NOBOA, FELIPE",2,9:02,10,28
130830,14/12/2025,COL,ECU,171,FALTA-RECIBIDA,LOCAL,5,"RESTREPO, LEONARDO",2,9:02,10,28
130830,14/12/2025,COL,ECU,172,CANASTA-3P,LOCAL,5,"RESTREPO, LEONARDO",2,8:55,13,28
130830,14/12/2025,COL,ECU,173,ASISTENCIA,LOCAL,7,"BERNAL, MATTHEW",2,8:55,13,28
130830,14/12/2025,COL,ECU,174,PERDIDA,VISITANTE,2,"CASTILLO, JUAN",2,8:48,13,28
130830,14/12/2025,COL,ECU,175,PERDIDA,LOCAL,5,"RESTREPO, LEONARDO",2,8:33,13,28
130830,14/12/2025,COL,ECU,176,RECUPERACION,VISITANTE,13,"MINA, JAHIR",2,8:33,13,28
130830,14/12/2025,COL,ECU,177,TIRO2-FALLADO,VISITANTE,13,"MINA, JAHIR",2,8:27,13,28
130830,14/12/2025,COL,ECU,178,REBOTE-DEFENSIVO,LOCAL,32,"RIOS, SANTIAGO",2,8:25,13,28
130830,14/12/2025,COL,ECU,179,TIRO2-FALLADO,LOCAL,59,"BETANCURT, JULIAN",2,8:07,13,28
130830,14/12/2025,COL,ECU,180,REBOTE-DEFENSIVO,VISITANTE,2,"CASTILLO, JUAN",2,8:04,13,28
130830,14/12/2025,COL,ECU,181,TIRO2-FALLADO,VISITANTE,15,"IBARRA, ISMAEL",2,7:56,13,28
130830,14/12/2025,COL,ECU,182,TAPON-COMETIDO,LOCAL,5,"RESTREPO, LEONARDO",2,7:56,13,28
130830,14/12/2025,COL,ECU,183,REBOTE-DEFENSIVO,LOCAL,83,"OROZCO, ANGEL",2,7:47,13,28
130830,14/12/2025,COL,ECU,184,TIRO3-FALLADO,LOCAL,5,"RESTREPO, LEONARDO",2,7:45,13,28
130830,14/12/2025,COL,ECU,185,REBOTE-OFENSIVO,LOCAL,83,"OROZCO, ANGEL",2,7:41,13,28
130830,14/12/2025,COL,ECU,186,TIRO3-FALLADO,LOCAL,32,"RIOS, SANTIAGO",2,7:32,13,28
130830,14/12/2025,COL,ECU,187,REBOTE-DEFENSIVO,VISITANTE,1,"CEVALLOS, MICHAEL",2,7:27,13,28
130830,14/12/2025,COL,ECU,188,TIRO3-FALLADO,VISITANTE,13,"MINA, JAHIR",2,7:23,13,28
130830,14/12/2025,COL,ECU,189,REBOTE-DEFENSIVO,LOCAL,,,2,7:23,13,28
130830,14/12/2025,COL,ECU,190,CAMBIO-JUGADOR-SALE,VISITANTE,15,"IBARRA, ISMAEL",2,7:23,13,28
130830,14/12/2025,COL,ECU,191,CAMBIO-JUGADOR-ENTRA,VISITANTE,7,"DAZA, JOSÉ",2,7:23,13,28
130830,14/12/2025,COL,ECU,192,CANASTA-2P,LOCAL,5,"RESTREPO, LEONARDO",2,7:09,15,28
130830,14/12/2025,COL,ECU,193,ASISTENCIA,LOCAL,7,"BERNAL, MATTHEW",2,7:09,15,28
130830,14/12/2025,COL,ECU,194,FALTA-COMETIDA,VISITANTE,7,"DAZA, JOSÉ",2,6:58,15,28
130830,14/12/2025,COL,ECU,195,PERDIDA,VISITANTE,7,"DAZA, JOSÉ",2,6:58,15,28
130830,14/12/2025,COL,ECU,196,FALTA-RECIBIDA,LOCAL,83,"OROZCO, ANGEL",2,6:58,15,28
130830,14/12/2025,COL,ECU,197,CAMBIO-JUGADOR-SALE,VISITANTE,1,"CEVALLOS, MICHAEL",2,6:58,15,28
130830,14/12/2025,COL,ECU,198,CAMBIO-JUGADOR-ENTRA,VISITANTE,23,"QUIÑONEZ, ADAIR",2,6:58,15,28
130830,14/12/2025,COL,ECU,199,TIRO3-FALLADO,LOCAL,32,"RIOS, SANTIAGO",2,6:48,15,28
130830,14/12/2025,COL,ECU,200,REBOTE-DEFENSIVO,VISITANTE,2,"CASTILLO, JUAN",2,6:45,15,28
130830,14/12/2025,COL,ECU,201,CANASTA-3P,VISITANTE,14,"NOBOA, FELIPE",2,6:30,15,31
130830,14/12/2025,COL,ECU,202,ASISTENCIA,VISITANTE,2,"CASTILLO, JUAN",2,6:30,15,31
130830,14/12/2025,COL,ECU,203,FALTA-COMETIDA,LOCAL,5,"RESTREPO, LEONARDO",2,6:30,15,31
130830,14/12/2025,COL,ECU,204,FALTA-RECIBIDA,VISITANTE,14,"NOBOA, FELIPE",2,6:30,15,31
130830,14/12/2025,COL,ECU,205,CAMBIO-JUGADOR-SALE,LOCAL,32,"RIOS, SANTIAGO",2,6:30,15,31
130830,14/12/2025,COL,ECU,206,CAMBIO-JUGADOR-ENTRA,LOCAL,24,"HERNANDEZ, ANDRES",2,6:30,15,31
130830,14/12/2025,COL,ECU,207,CANASTA-1P,VISITANTE,14,"NOBOA, FELIPE",2,6:30,15,32
130830,14/12/2025,COL,ECU,208,CANASTA-3P,LOCAL,5,"RESTREPO, LEONARDO",2,6:15,18,32
130830,14/12/2025,COL,ECU,209,TIRO3-FALLADO,VISITANTE,2,"CASTILLO, JUAN",2,6:03,18,32
130830,14/12/2025,COL,ECU,210,REBOTE-DEFENSIVO,LOCAL,83,"OROZCO, ANGEL",2,5:59,18,32
130830,14/12/2025,COL,ECU,211,CANASTA-3P,LOCAL,24,"HERNANDEZ, ANDRES",2,5:45,21,32
130830,14/12/2025,COL,ECU,212,ASISTENCIA,LOCAL,7,"BERNAL, MATTHEW",2,5:45,21,32
130830,14/12/2025,COL,ECU,213,TIEMPO-MUERTO-SOLICITADO,VISITANTE,,,2,5:43,21,32
130830,14/12/2025,COL,ECU,214,CAMBIO-JUGADOR-SALE,LOCAL,83,"OROZCO, ANGEL",2,5:43,21,32
130830,14/12/2025,COL,ECU,215,CAMBIO-JUGADOR-ENTRA,LOCAL,10,"MATEUS, ANDRES",2,5:43,21,32
130830,14/12/2025,COL,ECU,216,CAMBIO-JUGADOR-SALE,VISITANTE,13,"MINA, JAHIR",2,5:43,21,32
130830,14/12/2025,COL,ECU,217,CAMBIO-JUGADOR-ENTRA,VISITANTE,33,"REYES, DEIVIS",2,5:43,21,32
130830,14/12/2025,COL,ECU,218,CANASTA-3P,VISITANTE,23,"QUIÑONEZ, ADAIR",2,5:19,21,35
130830,14/12/2025,COL,ECU,219,ASISTENCIA,VISITANTE,7,"DAZA, JOSÉ",2,5:19,21,35
130830,14/12/2025,COL,ECU,220,TIRO3-FALLADO,LOCAL,24,"HERNANDEZ, ANDRES",2,5:02,21,35
130830,14/12/2025,COL,ECU,221,REBOTE-DEFENSIVO,VISITANTE,23,"QUIÑONEZ, ADAIR",2,4:58,21,35
130830,14/12/2025,COL,ECU,222,TIRO2-FALLADO,VISITANTE,7,"DAZA, JOSÉ",2,4:46,21,35
130830,14/12/2025,COL,ECU,223,REBOTE-DEFENSIVO,LOCAL,59,"BETANCURT, JULIAN",2,4:43,21,35
130830,14/12/2025,COL,ECU,224,CANASTA-3P,LOCAL,5,"RESTREPO, LEONARDO",2,4:30,24,35
130830,14/12/2025,COL,ECU,225,ASISTENCIA,LOCAL,24,"HERNANDEZ, ANDRES",2,4:30,24,35
130830,14/12/2025,COL,ECU,226,TIRO3-FALLADO,VISITANTE,2,"CASTILLO, JUAN",2,4:17,24,35
130830,14/12/2025,COL,ECU,227,REBOTE-DEFENSIVO,LOCAL,7,"BERNAL, MATTHEW",2,4:14,24,35
130830,14/12/2025,COL,ECU,228,CANASTA-2P,LOCAL,24,"HERNANDEZ, ANDRES",2,4:02,26,35
130830,14/12/2025,COL,ECU,229,CANASTA-2P,VISITANTE,23,"QUIÑONEZ, ADAIR",2,3:49,26,37
130830,14/12/2025,COL,ECU,230,PERDIDA,LOCAL,24,"HERNANDEZ, ANDRES",2,3:36,26,37
130830,14/12/2025,COL,ECU,231,RECUPERACION,VISITANTE,33,"REYES, DEIVIS",2,3:36,26,37
130830,14/12/2025,COL,ECU,232,TIRO2-FALLADO,VISITANTE,33,"REYES, DEIVIS",2,3:31,26,37
130830,14/12/2025,COL,ECU,233,REBOTE-DEFENSIVO,LOCAL,59,"BETANCURT, JULIAN",2,3:28,26,37
130830,14/12/2025,COL,ECU,234,CANASTA-2P,LOCAL,59,"BETANCURT, JULIAN",2,3:17,28,37
130830,14/12/2025,COL,ECU,235,FALTA-COMETIDA,LOCAL,24,"HERNANDEZ, ANDRES",2,3:06,28,37
130830,14/12/2025,COL,ECU,236,FALTA-RECIBIDA,VISITANTE,14,"NOBOA, FELIPE",2,3:06,28,37
130830,14/12/2025,COL,ECU,237,CAMBIO-JUGADOR-SALE,VISITANTE,2,"CASTILLO, JUAN",2,3:06,28,37
130830,14/12/2025,COL,ECU,238,CAMBIO-JUGADOR-SALE,VISITANTE,14,"NOBOA, FELIPE",2,3:06,28,37
130830,14/12/2025,COL,ECU,239,CAMBIO-JUGADOR-ENTRA,VISITANTE,1,"CEVALLOS, MICHAEL",2,3:06,28,37
130830,14/12/2025,COL,ECU,240,CAMBIO-JUGADOR-ENTRA,VISITANTE,32,"COROZO, JEREMY",2,3:06,28,37
130830,14/12/2025,COL,ECU,241,TIRO3-FALLADO,VISITANTE,1,"CEVALLOS, MICHAEL",2,2:53,28,37
130830,14/12/2025,COL,ECU,242,REBOTE-DEFENSIVO,LOCAL,,,2,2:52,28,37
130830,14/12/2025,COL,ECU,243,CANASTA-2P,LOCAL,24,"HERNANDEZ, ANDRES",2,2:25,30,37
130830,14/12/2025,COL,ECU,244,TIRO2-FALLADO,VISITANTE,33,"REYES, DEIVIS",2,2:10,30,37
130830,14/12/2025,COL,ECU,245,REBOTE-OFENSIVO,VISITANTE,,,2,2:06,30,37
130830,14/12/2025,COL,ECU,246,TIRO2-FALLADO,VISITANTE,7,"DAZA, JOSÉ",2,2:03,30,37
130830,14/12/2025,COL,ECU,247,REBOTE-DEFENSIVO,LOCAL,59,"BETANCURT, JULIAN",2,2:00,30,37
130830,14/12/2025,COL,ECU,248,TIRO2-FALLADO,LOCAL,59,"BETANCURT, JULIAN",2,1:40,30,37
130830,14/12/2025,COL,ECU,249,REBOTE-DEFENSIVO,VISITANTE,32,"COROZO, JEREMY",2,1:36,30,37
130830,14/12/2025,COL,ECU,250,CANASTA-3P,VISITANTE,23,"QUIÑONEZ, ADAIR",2,1:18,30,40
130830,14/12/2025,COL,ECU,251,ASISTENCIA,VISITANTE,7,"DAZA, JOSÉ",2,1:18,30,40
130830,14/12/2025,COL,ECU,252,TIRO2-FALLADO,LOCAL,24,"HERNANDEZ, ANDRES",2,0:55,30,40
130830,14/12/2025,COL,ECU,253,REBOTE-OFENSIVO,LOCAL,5,"RESTREPO, LEONARDO",2,0:52,30,40
130830,14/12/2025,COL,ECU,254,TIRO3-FALLADO,LOCAL,5,"RESTREPO, LEONARDO",2,0:51,30,40
130830,14/12/2025,COL,ECU,255,REBOTE-DEFENSIVO,VISITANTE,7,"DAZA, JOSÉ",2,0:49,30,40
130830,14/12/2025,COL,ECU,256,TIRO3-FALLADO,VISITANTE,33,"REYES, DEIVIS",2,0:26,30,40
130830,14/12/2025,COL,ECU,257,REBOTE-DEFENSIVO,LOCAL,24,"HERNANDEZ, ANDRES",2,0:22,30,40
130830,14/12/2025,COL,ECU,258,FALTA-COMETIDA,VISITANTE,1,"CEVALLOS, MICHAEL",2,0:20,30,40
130830,14/12/2025,COL,ECU,259,FALTA-RECIBIDA,LOCAL,59,"BETANCURT, JULIAN",2,0:20,30,40
130830,14/12/2025,COL,ECU,260,CAMBIO-JUGADOR-SALE,VISITANTE,33,"REYES, DEIVIS",2,0:20,30,40
130830,14/12/2025,COL,ECU,261,CAMBIO-JUGADOR-ENTRA,VISITANTE,10,"ZAMBRANO, ALHAN",2,0:20,30,40
130830,14/12/2025,COL,ECU,262,CANASTA-1P,LOCAL,59,"BETANCURT, JULIAN",2,0:20,31,40
130830,14/12/2025,COL,ECU,263,ASISTENCIA,LOCAL,7,"BERNAL, MATTHEW",2,0:20,31,40
130830,14/12/2025,COL,ECU,264,CANASTA-1P,LOCAL,59,"BETANCURT, JULIAN",2,0:20,32,40
130830,14/12/2025,COL,ECU,265,TIEMPO-MUERTO-SOLICITADO,VISITANTE,,,2,0:20,32,40
130830,14/12/2025,COL,ECU,266,CAMBIO-JUGADOR-SALE,LOCAL,7,"BERNAL, MATTHEW",2,0:20,32,40
130830,14/12/2025,COL,ECU,267,CAMBIO-JUGADOR-SALE,LOCAL,10,"MATEUS, ANDRES",2,0:20,32,40
130830,14/12/2025,COL,ECU,268,CAMBIO-JUGADOR-SALE,LOCAL,24,"HERNANDEZ, ANDRES",2,0:20,32,40
130830,14/12/2025,COL,ECU,269,CAMBIO-JUGADOR-ENTRA,LOCAL,4,"SANCHEZ, ALEJANDRO",2,0:20,32,40
130830,14/12/2025,COL,ECU,270,CAMBIO-JUGADOR-ENTRA,LOCAL,6,"BROWN, SALOMON",2,0:20,32,40
130830,14/12/2025,COL,ECU,271,CAMBIO-JUGADOR-ENTRA,LOCAL,14,"CAICEDO, YANSEM",2,0:20,32,40
130830,14/12/2025,COL,ECU,272,CAMBIO-JUGADOR-SALE,VISITANTE,7,"DAZA, JOSÉ",2,0:20,32,40
130830,14/12/2025,COL,ECU,273,CAMBIO-JUGADOR-ENTRA,VISITANTE,2,"CASTILLO, JUAN",2,0:20,32,40
130830,14/12/2025,COL,ECU,274,CANASTA-3P,VISITANTE,2,"CASTILLO, JUAN",2,0:03,32,43
130830,14/12/2025,COL,ECU,275,FINAL-PERIODO,,,,2,0:00,32,43
130830,14/12/2025,COL,ECU,276,INICIO-PERIODO,,,,3,10:00,32,43
130830,14/12/2025,COL,ECU,277,CAMBIO-JUGADOR-SALE,LOCAL,4,"SANCHEZ, ALEJANDRO",3,10:00,32,43
130830,14/12/2025,COL,ECU,278,CAMBIO-JUGADOR-SALE,LOCAL,6,"BROWN, SALOMON",3,10:00,32,43
130830,14/12/2025,COL,ECU,279,CAMBIO-JUGADOR-SALE,LOCAL,14,"CAICEDO, YANSEM",3,10:00,32,43
130830,14/12/2025,COL,ECU,280,CAMBIO-JUGADOR-ENTRA,LOCAL,7,"BERNAL, MATTHEW",3,10:00,32,43
130830,14/12/2025,COL,ECU,281,CAMBIO-JUGADOR-ENTRA,LOCAL,24,"HERNANDEZ, ANDRES",3,10:00,32,43
130830,14/12/2025,COL,ECU,282,CAMBIO-JUGADOR-ENTRA,LOCAL,83,"OROZCO, ANGEL",3,10:00,32,43
130830,14/12/2025,COL,ECU,283,CAMBIO-JUGADOR-SALE,VISITANTE,1,"CEVALLOS, MICHAEL",3,10:00,32,43
130830,14/12/2025,COL,ECU,284,CAMBIO-JUGADOR-SALE,VISITANTE,10,"ZAMBRANO, ALHAN",3,10:00,32,43
130830,14/12/2025,COL,ECU,285,CAMBIO-JUGADOR-SALE,VISITANTE,32,"COROZO, JEREMY",3,10:00,32,43
130830,14/12/2025,COL,ECU,286,CAMBIO-JUGADOR-ENTRA,VISITANTE,7,"DAZA, JOSÉ",3,10:00,32,43
130830,14/12/2025,COL,ECU,287,CAMBIO-JUGADOR-ENTRA,VISITANTE,14,"NOBOA, FELIPE",3,10:00,32,43
130830,14/12/2025,COL,ECU,288,CAMBIO-JUGADOR-ENTRA,VISITANTE,48,"VARGAS, LHEYDER",3,10:00,32,43
130830,14/12/2025,COL,ECU,289,CANASTA-3P,VISITANTE,48,"VARGAS, LHEYDER",3,9:52,32,46
130830,14/12/2025,COL,ECU,290,CANASTA-2P,LOCAL,7,"BERNAL, MATTHEW",3,9:26,34,46
130830,14/12/2025,COL,ECU,291,ASISTENCIA,LOCAL,24,"HERNANDEZ, ANDRES",3,9:26,34,46
130830,14/12/2025,COL,ECU,292,TIRO2-FALLADO,VISITANTE,48,"VARGAS, LHEYDER",3,9:00,34,46
130830,14/12/2025,COL,ECU,293,REBOTE-DEFENSIVO,LOCAL,,,3,9:00,34,46
130830,14/12/2025,COL,ECU,294,PERDIDA,LOCAL,24,"HERNANDEZ, ANDRES",3,8:58,34,46
130830,14/12/2025,COL,ECU,295,TIRO2-FALLADO,VISITANTE,7,"DAZA, JOSÉ",3,8:32,34,46
130830,14/12/2025,COL,ECU,296,REBOTE-DEFENSIVO,LOCAL,83,"OROZCO, ANGEL",3,8:29,34,46
130830,14/12/2025,COL,ECU,297,TIRO3-FALLADO,LOCAL,24,"HERNANDEZ, ANDRES",3,8:24,34,46
130830,14/12/2025,COL,ECU,298,REBOTE-OFENSIVO,LOCAL,,,3,8:22,34,46
130830,14/12/2025,COL,ECU,299,TIRO2-FALLADO,LOCAL,83,"OROZCO, ANGEL",3,8:17,34,46
130830,14/12/2025,COL,ECU,300,REBOTE-DEFENSIVO,VISITANTE,7,"DAZA, JOSÉ",3,8:14,34,46
130830,14/12/2025,COL,ECU,301,TIRO2-FALLADO,VISITANTE,7,"DAZA, JOSÉ",3,8:02,34,46
130830,14/12/2025,COL,ECU,302,TAPON-COMETIDO,LOCAL,83,"OROZCO, ANGEL",3,8:02,34,46
130830,14/12/2025,COL,ECU,303,REBOTE-OFENSIVO,VISITANTE,2,"CASTILLO, JUAN",3,7:59,34,46
130830,14/12/2025,COL,ECU,304,FALTA-COMETIDA,LOCAL,24,"HERNANDEZ, ANDRES",3,7:59,34,46
130830,14/12/2025,COL,ECU,305,FALTA-RECIBIDA,VISITANTE,2,"CASTILLO, JUAN",3,7:59,34,46
130830,14/12/2025,COL,ECU,306,TIRO1-FALLADO,VISITANTE,2,"CASTILLO, JUAN",3,7:59,34,46
130830,14/12/2025,COL,ECU,307,CANASTA-1P,VISITANTE,2,"CASTILLO, JUAN",3,7:59,34,47
130830,14/12/2025,COL,ECU,308,CAMBIO-JUGADOR-SALE,LOCAL,24,"HERNANDEZ, ANDRES",3,7:59,34,47
130830,14/12/2025,COL,ECU,309,CAMBIO-JUGADOR-ENTRA,LOCAL,4,"SANCHEZ, ALEJANDRO",3,7:59,34,47
130830,14/12/2025,COL,ECU,310,TIRO2-FALLADO,LOCAL,5,"RESTREPO, LEONARDO",3,7:51,34,47
130830,14/12/2025,COL,ECU,311,REBOTE-DEFENSIVO,VISITANTE,48,"VARGAS, LHEYDER",3,7:48,34,47
130830,14/12/2025,COL,ECU,312,FALTA-COMETIDA,LOCAL,83,"OROZCO, ANGEL",3,7:34,34,47
130830,14/12/2025,COL,ECU,313,FALTA-RECIBIDA,VISITANTE,23,"QUIÑONEZ, ADAIR",3,7:34,34,47
130830,14/12/2025,COL,ECU,314,CANASTA-1P,VISITANTE,23,"QUIÑONEZ, ADAIR",3,7:34,34,48
130830,14/12/2025,COL,ECU,315,CANASTA-1P,VISITANTE,23,"QUIÑONEZ, ADAIR",3,7:34,34,49
130830,14/12/2025,COL,ECU,316,TIRO2-FALLADO,LOCAL,5,"RESTREPO, LEONARDO",3,7:23,34,49
130830,14/12/2025,COL,ECU,317,REBOTE-OFENSIVO,LOCAL,,,3,7:20,34,49
130830,14/12/2025,COL,ECU,318,PERDIDA,LOCAL,4,"SANCHEZ, ALEJANDRO",3,7:08,34,49
130830,14/12/2025,COL,ECU,319,RECUPERACION,VISITANTE,48,"VARGAS, LHEYDER",3,7:08,34,49
130830,14/12/2025,COL,ECU,320,CANASTA-2P,VISITANTE,48,"VARGAS, LHEYDER",3,7:04,34,51
130830,14/12/2025,COL,ECU,321,TIEMPO-MUERTO-SOLICITADO,LOCAL,,,3,7:04,34,51
130830,14/12/2025,COL,ECU,322,CAMBIO-JUGADOR-SALE,LOCAL,59,"BETANCURT, JULIAN",3,7:04,34,51
130830,14/12/2025,COL,ECU,323,CAMBIO-JUGADOR-ENTRA,LOCAL,8,"SUAREZ, EZEKIEL",3,7:04,34,51
130830,14/12/2025,COL,ECU,324,TIRO3-FALLADO,LOCAL,8,"SUAREZ, EZEKIEL",3,6:53,34,51
130830,14/12/2025,COL,ECU,325,REBOTE-OFENSIVO,LOCAL,7,"BERNAL, MATTHEW",3,6:51,34,51
130830,14/12/2025,COL,ECU,326,TIRO3-FALLADO,LOCAL,7,"BERNAL, MATTHEW",3,6:42,34,51
130830,14/12/2025,COL,ECU,327,REBOTE-DEFENSIVO,VISITANTE,2,"CASTILLO, JUAN",3,6:40,34,51
130830,14/12/2025,COL,ECU,328,TIRO2-FALLADO,VISITANTE,23,"QUIÑONEZ, ADAIR",3,6:35,34,51
130830,14/12/2025,COL,ECU,329,REBOTE-DEFENSIVO,LOCAL,83,"OROZCO, ANGEL",3,6:29,34,51
130830,14/12/2025,COL,ECU,330,CANASTA-2P,LOCAL,7,"BERNAL, MATTHEW",3,6:22,36,51
130830,14/12/2025,COL,ECU,331,TIRO3-FALLADO,VISITANTE,2,"CASTILLO, JUAN",3,5:58,36,51
130830,14/12/2025,COL,ECU,332,REBOTE-OFENSIVO,VISITANTE,,,3,5:56,36,51
130830,14/12/2025,COL,ECU,333,CAMBIO-JUGADOR-SALE,VISITANTE,7,"DAZA, JOSÉ",3,5:56,36,51
130830,14/12/2025,COL,ECU,334,CAMBIO-JUGADOR-SALE,VISITANTE,14,"NOBOA, FELIPE",3,5:56,36,51
130830,14/12/2025,COL,ECU,335,CAMBIO-JUGADOR-ENTRA,VISITANTE,15,"IBARRA, ISMAEL",3,5:56,36,51
130830,14/12/2025,COL,ECU,336,CAMBIO-JUGADOR-ENTRA,VISITANTE,32,"COROZO, JEREMY",3,5:56,36,51
130830,14/12/2025,COL,ECU,337,CANASTA-2P,VISITANTE,15,"IBARRA, ISMAEL",3,5:41,36,53
130830,14/12/2025,COL,ECU,338,ASISTENCIA,VISITANTE,2,"CASTILLO, JUAN",3,5:41,36,53
130830,14/12/2025,COL,ECU,339,TIRO2-FALLADO,LOCAL,7,"BERNAL, MATTHEW",3,5:25,36,53
130830,14/12/2025,COL,ECU,340,REBOTE-OFENSIVO,LOCAL,7,"BERNAL, MATTHEW",3,5:23,36,53
130830,14/12/2025,COL,ECU,341,TIRO3-FALLADO,LOCAL,5,"RESTREPO, LEONARDO",3,5:17,36,53
130830,14/12/2025,COL,ECU,342,REBOTE-DEFENSIVO,VISITANTE,23,"QUIÑONEZ, ADAIR",3,5:14,36,53
130830,14/12/2025,COL,ECU,343,PERDIDA,VISITANTE,23,"QUIÑONEZ, ADAIR",3,5:07,36,53
130830,14/12/2025,COL,ECU,344,VTR,VISITANTE,,,3,5:07,36,53
130830,14/12/2025,COL,ECU,345,TIRO3-FALLADO,LOCAL,7,"BERNAL, MATTHEW",3,4:51,36,53
130830,14/12/2025,COL,ECU,346,REBOTE-DEFENSIVO,VISITANTE,,,3,4:50,36,53
130830,14/12/2025,COL,ECU,347,FALTA-COMETIDA,LOCAL,5,"RESTREPO, LEONARDO",3,4:50,36,53
130830,14/12/2025,COL,ECU,348,FALTA-RECIBIDA,VISITANTE,23,"QUIÑONEZ, ADAIR",3,4:50,36,53
130830,14/12/2025,COL,ECU,349,CAMBIO-JUGADOR-SALE,LOCAL,7,"BERNAL, MATTHEW",3,4:50,36,53
130830,14/12/2025,COL,ECU,350,CAMBIO-JUGADOR-ENTRA,LOCAL,32,"RIOS, SANTIAGO",3,4:50,36,53
130830,14/12/2025,COL,ECU,351,CAMBIO-JUGADOR-SALE,VISITANTE,23,"QUIÑONEZ, ADAIR",3,4:50,36,53
130830,14/12/2025,COL,ECU,352,CAMBIO-JUGADOR-ENTRA,VISITANTE,1,"CEVALLOS, MICHAEL",3,4:50,36,53
130830,14/12/2025,COL,ECU,353,TIRO3-FALLADO,VISITANTE,2,"CASTILLO, JUAN",3,4:38,36,53
130830,14/12/2025,COL,ECU,354,REBOTE-DEFENSIVO,LOCAL,32,"RIOS, SANTIAGO",3,4:36,36,53
130830,14/12/2025,COL,ECU,355,TIRO3-FALLADO,LOCAL,32,"RIOS, SANTIAGO",3,4:21,36,53
130830,14/12/2025,COL,ECU,356,REBOTE-DEFENSIVO,VISITANTE,48,"VARGAS, LHEYDER",3,4:18,36,53
130830,14/12/2025,COL,ECU,357,CANASTA-3P,VISITANTE,2,"CASTILLO, JUAN",3,4:04,36,56
130830,14/12/2025,COL,ECU,358,ASISTENCIA,VISITANTE,1,"CEVALLOS, MICHAEL",3,4:04,36,56
130830,14/12/2025,COL,ECU,359,PERDIDA,LOCAL,83,"OROZCO, ANGEL",3,3:48,36,56
130830,14/12/2025,COL,ECU,360,FALTA-COMETIDA,LOCAL,8,"SUAREZ, EZEKIEL",3,3:38,36,56
130830,14/12/2025,COL,ECU,361,FALTA-RECIBIDA,VISITANTE,32,"COROZO, JEREMY",3,3:38,36,56
130830,14/12/2025,COL,ECU,362,TIRO3-FALLADO,VISITANTE,48,"VARGAS, LHEYDER",3,3:30,36,56
130830,14/12/2025,COL,ECU,363,REBOTE-OFENSIVO,VISITANTE,2,"CASTILLO, JUAN",3,3:27,36,56
130830,14/12/2025,COL,ECU,364,TIRO3-FALLADO,VISITANTE,2,"CASTILLO, JUAN",3,3:25,36,56
130830,14/12/2025,COL,ECU,365,REBOTE-DEFENSIVO,LOCAL,83,"OROZCO, ANGEL",3,3:21,36,56
130830,14/12/2025,COL,ECU,366,CANASTA-2P,LOCAL,5,"RESTREPO, LEONARDO",3,3:03,38,56
130830,14/12/2025,COL,ECU,367,TIRO3-FALLADO,VISITANTE,1,"CEVALLOS, MICHAEL",3,2:47,38,56
130830,14/12/2025,COL,ECU,368,REBOTE-DEFENSIVO,LOCAL,,,3,2:41,38,56
130830,14/12/2025,COL,ECU,369,CANASTA-3P,LOCAL,5,"RESTREPO, LEONARDO",3,2:24,41,56
130830,14/12/2025,COL,ECU,370,TIEMPO-MUERTO-SOLICITADO,VISITANTE,,,3,2:22,41,56
130830,14/12/2025,COL,ECU,371,CAMBIO-JUGADOR-SALE,VISITANTE,48,"VARGAS, LHEYDER",3,2:22,41,56
130830,14/12/2025,COL,ECU,372,CAMBIO-JUGADOR-ENTRA,VISITANTE,10,"ZAMBRANO, ALHAN",3,2:22,41,56
130830,14/12/2025,COL,ECU,373,TIRO3-FALLADO,VISITANTE,2,"CASTILLO, JUAN",3,2:00,41,56
130830,14/12/2025,COL,ECU,374,REBOTE-OFENSIVO,VISITANTE,15,"IBARRA, ISMAEL",3,1:57,41,56
130830,14/12/2025,COL,ECU,375,PERDIDA,VISITANTE,15,"IBARRA, ISMAEL",3,1:56,41,56
130830,14/12/2025,COL,ECU,376,TIRO2-FALLADO,LOCAL,4,"SANCHEZ, ALEJANDRO",3,1:44,41,56
130830,14/12/2025,COL,ECU,377,TAPON-COMETIDO,VISITANTE,10,"ZAMBRANO, ALHAN",3,1:44,41,56
130830,14/12/2025,COL,ECU,378,REBOTE-OFENSIVO,LOCAL,5,"RESTREPO, LEONARDO",3,1:38,41,56
130830,14/12/2025,COL,ECU,379,CANASTA-2P,LOCAL,8,"SUAREZ, EZEKIEL",3,1:38,43,56
130830,14/12/2025,COL,ECU,380,TIRO2-FALLADO,VISITANTE,32,"COROZO, JEREMY",3,1:29,43,56
130830,14/12/2025,COL,ECU,381,REBOTE-OFENSIVO,VISITANTE,1,"CEVALLOS, MICHAEL",3,1:23,43,56
130830,14/12/2025,COL,ECU,382,CANASTA-2P,VISITANTE,15,"IBARRA, ISMAEL",3,1:23,43,58
130830,14/12/2025,COL,ECU,383,ASISTENCIA,VISITANTE,1,"CEVALLOS, MICHAEL",3,1:23,43,58
130830,14/12/2025,COL,ECU,384,FALTA-COMETIDA,LOCAL,83,"OROZCO, ANGEL",3,1:23,43,58
130830,14/12/2025,COL,ECU,385,FALTA-RECIBIDA,VISITANTE,15,"IBARRA, ISMAEL",3,1:23,43,58
130830,14/12/2025,COL,ECU,386,CAMBIO-JUGADOR-SALE,VISITANTE,2,"CASTILLO, JUAN",3,1:23,43,58
130830,14/12/2025,COL,ECU,387,CAMBIO-JUGADOR-ENTRA,VISITANTE,33,"REYES, DEIVIS",3,1:23,43,58
130830,14/12/2025,COL,ECU,388,CANASTA-1P,VISITANTE,15,"IBARRA, ISMAEL",3,1:23,43,59
130830,14/12/2025,COL,ECU,389,TIRO3-FALLADO,LOCAL,32,"RIOS, SANTIAGO",3,1:05,43,59
130830,14/12/2025,COL,ECU,390,REBOTE-DEFENSIVO,VISITANTE,,,3,1:02,43,59
130830,14/12/2025,COL,ECU,391,PERDIDA,VISITANTE,10,"ZAMBRANO, ALHAN",3,0:55,43,59
130830,14/12/2025,COL,ECU,392,PERDIDA,LOCAL,5,"RESTREPO, LEONARDO",3,0:37,43,59
130830,14/12/2025,COL,ECU,393,PERDIDA,VISITANTE,1,"CEVALLOS, MICHAEL",3,0:13,43,59
130830,14/12/2025,COL,ECU,394,RECUPERACION,LOCAL,83,"OROZCO, ANGEL",3,0:13,43,59
130830,14/12/2025,COL,ECU,395,FALTA-COMETIDA,VISITANTE,1,"CEVALLOS, MICHAEL",3,0:13,43,59
130830,14/12/2025,COL,ECU,396,FALTA-RECIBIDA,LOCAL,83,"OROZCO, ANGEL",3,0:13,43,59
130830,14/12/2025,COL,ECU,397,CAMBIO-JUGADOR-SALE,VISITANTE,1,"CEVALLOS, MICHAEL",3,0:13,43,59
130830,14/12/2025,COL,ECU,398,CAMBIO-JUGADOR-ENTRA,VISITANTE,48,"VARGAS, LHEYDER",3,0:13,43,59
130830,14/12/2025,COL,ECU,399,TIRO3-FALLADO,LOCAL,5,"RESTREPO, LEONARDO",3,0:04,43,59
130830,14/12/2025,COL,ECU,400,REBOTE-OFENSIVO,LOCAL,32,"RIOS, SANTIAGO",3,0:00,43,59
130830,14/12/2025,COL,ECU,401,FINAL-PERIODO,,,,3,0:00,43,59
130830,14/12/2025,COL,ECU,402,INICIO-PERIODO,,,,4,10:00,43,59
130830,14/12/2025,COL,ECU,403,CAMBIO-JUGADOR-SALE,LOCAL,4,"SANCHEZ, ALEJANDRO",4,10:00,43,59
130830,14/12/2025,COL,ECU,404,CAMBIO-JUGADOR-SALE,LOCAL,8,"SUAREZ, EZEKIEL",4,10:00,43,59
130830,14/12/2025,COL,ECU,405,CAMBIO-JUGADOR-SALE,LOCAL,32,"RIOS, SANTIAGO",4,10:00,43,59
130830,14/12/2025,COL,ECU,406,CAMBIO-JUGADOR-ENTRA,LOCAL,7,"BERNAL, MATTHEW",4,10:00,43,59
130830,14/12/2025,COL,ECU,407,CAMBIO-JUGADOR-ENTRA,LOCAL,24,"HERNANDEZ, ANDRES",4,10:00,43,59
130830,14/12/2025,COL,ECU,408,CAMBIO-JUGADOR-ENTRA,LOCAL,59,"BETANCURT, JULIAN",4,10:00,43,59
130830,14/12/2025,COL,ECU,409,CAMBIO-JUGADOR-SALE,VISITANTE,33,"REYES, DEIVIS",4,10:00,43,59
130830,14/12/2025,COL,ECU,410,CAMBIO-JUGADOR-ENTRA,VISITANTE,1,"CEVALLOS, MICHAEL",4,10:00,43,59
130830,14/12/2025,COL,ECU,411,PERDIDA,LOCAL,24,"HERNANDEZ, ANDRES",4,9:46,43,59
130830,14/12/2025,COL,ECU,412,RECUPERACION,VISITANTE,48,"VARGAS, LHEYDER",4,9:46,43,59
130830,14/12/2025,COL,ECU,413,TIRO2-FALLADO,VISITANTE,1,"CEVALLOS, MICHAEL",4,9:42,43,59
130830,14/12/2025,COL,ECU,414,REBOTE-OFENSIVO,VISITANTE,15,"IBARRA, ISMAEL",4,9:38,43,59
130830,14/12/2025,COL,ECU,415,TIRO3-FALLADO,VISITANTE,32,"COROZO, JEREMY",4,9:22,43,59
130830,14/12/2025,COL,ECU,416,REBOTE-DEFENSIVO,LOCAL,7,"BERNAL, MATTHEW",4,9:19,43,59
130830,14/12/2025,COL,ECU,417,FALTA-COMETIDA,VISITANTE,48,"VARGAS, LHEYDER",4,9:03,43,59
130830,14/12/2025,COL,ECU,418,FALTA-RECIBIDA,LOCAL,5,"RESTREPO, LEONARDO",4,9:03,43,59
130830,14/12/2025,COL,ECU,419,CAMBIO-JUGADOR-SALE,LOCAL,83,"OROZCO, ANGEL",4,9:03,43,59
130830,14/12/2025,COL,ECU,420,CAMBIO-JUGADOR-ENTRA,LOCAL,6,"BROWN, SALOMON",4,9:03,43,59
130830,14/12/2025,COL,ECU,421,TIRO3-FALLADO,LOCAL,5,"RESTREPO, LEONARDO",4,8:54,43,59
130830,14/12/2025,COL,ECU,422,REBOTE-DEFENSIVO,VISITANTE,,,4,8:51,43,59
130830,14/12/2025,COL,ECU,423,FALTA-COMETIDA,LOCAL,6,"BROWN, SALOMON",4,8:51,43,59
130830,14/12/2025,COL,ECU,424,FALTA-RECIBIDA,VISITANTE,15,"IBARRA, ISMAEL",4,8:51,43,59
130830,14/12/2025,COL,ECU,425,PERDIDA,VISITANTE,15,"IBARRA, ISMAEL",4,8:36,43,59
130830,14/12/2025,COL,ECU,426,CANASTA-3P,LOCAL,5,"RESTREPO, LEONARDO",4,8:24,46,59
130830,14/12/2025,COL,ECU,427,ASISTENCIA,LOCAL,7,"BERNAL, MATTHEW",4,8:24,46,59
130830,14/12/2025,COL,ECU,428,TIRO2-FALLADO,VISITANTE,48,"VARGAS, LHEYDER",4,8:14,46,59
130830,14/12/2025,COL,ECU,429,REBOTE-OFENSIVO,VISITANTE,15,"IBARRA, ISMAEL",4,8:09,46,59
130830,14/12/2025,COL,ECU,430,TIRO2-FALLADO,VISITANTE,48,"VARGAS, LHEYDER",4,8:02,46,59
130830,14/12/2025,COL,ECU,431,REBOTE-DEFENSIVO,LOCAL,24,"HERNANDEZ, ANDRES",4,7:58,46,59
130830,14/12/2025,COL,ECU,432,FALTA-COMETIDA,VISITANTE,48,"VARGAS, LHEYDER",4,7:49,46,59
130830,14/12/2025,COL,ECU,433,FALTA-RECIBIDA,LOCAL,7,"BERNAL, MATTHEW",4,7:49,46,59
130830,14/12/2025,COL,ECU,434,CAMBIO-JUGADOR-SALE,VISITANTE,15,"IBARRA, ISMAEL",4,7:49,46,59
130830,14/12/2025,COL,ECU,435,CAMBIO-JUGADOR-SALE,VISITANTE,32,"COROZO, JEREMY",4,7:49,46,59
130830,14/12/2025,COL,ECU,436,CAMBIO-JUGADOR-SALE,VISITANTE,48,"VARGAS, LHEYDER",4,7:49,46,59
130830,14/12/2025,COL,ECU,437,CAMBIO-JUGADOR-ENTRA,VISITANTE,2,"CASTILLO, JUAN",4,7:49,46,59
130830,14/12/2025,COL,ECU,438,CAMBIO-JUGADOR-ENTRA,VISITANTE,7,"DAZA, JOSÉ",4,7:49,46,59
130830,14/12/2025,COL,ECU,439,CAMBIO-JUGADOR-ENTRA,VISITANTE,23,"QUIÑONEZ, ADAIR",4,7:49,46,59
130830,14/12/2025,COL,ECU,440,CANASTA-2P,LOCAL,24,"HERNANDEZ, ANDRES",4,7:37,48,59
130830,14/12/2025,COL,ECU,441,FALTA-COMETIDA,LOCAL,5,"RESTREPO, LEONARDO",4,7:22,48,59
130830,14/12/2025,COL,ECU,442,FALTA-RECIBIDA,VISITANTE,23,"QUIÑONEZ, ADAIR",4,7:22,48,59
130830,14/12/2025,COL,ECU,443,FALTA-COMETIDA,LOCAL,24,"HERNANDEZ, ANDRES",4,7:11,48,59
130830,14/12/2025,COL,ECU,444,FALTA-RECIBIDA,VISITANTE,7,"DAZA, JOSÉ",4,7:11,48,59
130830,14/12/2025,COL,ECU,445,CAMBIO-JUGADOR-SALE,LOCAL,24,"HERNANDEZ, ANDRES",4,7:11,48,59
130830,14/12/2025,COL,ECU,446,CAMBIO-JUGADOR-ENTRA,LOCAL,14,"CAICEDO, YANSEM",4,7:11,48,59
130830,14/12/2025,COL,ECU,447,PERDIDA,VISITANTE,2,"CASTILLO, JUAN",4,7:04,48,59
130830,14/12/2025,COL,ECU,448,RECUPERACION,LOCAL,14,"CAICEDO, YANSEM",4,7:04,48,59
130830,14/12/2025,COL,ECU,449,TIRO2-FALLADO,LOCAL,14,"CAICEDO, YANSEM",4,6:49,48,59
130830,14/12/2025,COL,ECU,450,REBOTE-DEFENSIVO,VISITANTE,7,"DAZA, JOSÉ",4,6:46,48,59
130830,14/12/2025,COL,ECU,451,TIRO2-FALLADO,VISITANTE,23,"QUIÑONEZ, ADAIR",4,6:40,48,59
130830,14/12/2025,COL,ECU,452,REBOTE-DEFENSIVO,LOCAL,5,"RESTREPO, LEONARDO",4,6:36,48,59
130830,14/12/2025,COL,ECU,453,TIRO2-FALLADO,LOCAL,7,"BERNAL, MATTHEW",4,6:18,48,59
130830,14/12/2025,COL,ECU,454,REBOTE-OFENSIVO,LOCAL,59,"BETANCURT, JULIAN",4,6:13,48,59
130830,14/12/2025,COL,ECU,455,TIRO2-FALLADO,LOCAL,59,"BETANCURT, JULIAN",4,6:12,48,59
130830,14/12/2025,COL,ECU,456,TAPON-COMETIDO,VISITANTE,23,"QUIÑONEZ, ADAIR",4,6:12,48,59
130830,14/12/2025,COL,ECU,457,REBOTE-DEFENSIVO,VISITANTE,23,"QUIÑONEZ, ADAIR",4,6:08,48,59
130830,14/12/2025,COL,ECU,458,FALTA-COMETIDA,LOCAL,14,"CAICEDO, YANSEM",4,6:05,48,59
130830,14/12/2025,COL,ECU,459,FALTA-RECIBIDA,VISITANTE,1,"CEVALLOS, MICHAEL",4,6:05,48,59
130830,14/12/2025,COL,ECU,460,CANASTA-1P,VISITANTE,1,"CEVALLOS, MICHAEL",4,6:05,48,60
130830,14/12/2025,COL,ECU,461,CANASTA-1P,VISITANTE,1,"CEVALLOS, MICHAEL",4,6:05,48,61
130830,14/12/2025,COL,ECU,462,TIRO2-FALLADO,LOCAL,6,"BROWN, SALOMON",4,5:51,48,61
130830,14/12/2025,COL,ECU,463,REBOTE-OFENSIVO,LOCAL,,,4,5:45,48,61
130830,14/12/2025,COL,ECU,464,TIRO2-FALLADO,LOCAL,5,"RESTREPO, LEONARDO",4,5:36,48,61
130830,14/12/2025,COL,ECU,465,REBOTE-OFENSIVO,LOCAL,7,"BERNAL, MATTHEW",4,5:33,48,61
130830,14/12/2025,COL,ECU,466,TIRO2-FALLADO,LOCAL,7,"BERNAL, MATTHEW",4,5:31,48,61
130830,14/12/2025,COL,ECU,467,REBOTE-OFENSIVO,LOCAL,14,"CAICEDO, YANSEM",4,5:28,48,61
130830,14/12/2025,COL,ECU,468,TIRO3-FALLADO,LOCAL,5,"RESTREPO, LEONARDO",4,5:26,48,61
130830,14/12/2025,COL,ECU,469,REBOTE-OFENSIVO,LOCAL,6,"BROWN, SALOMON",4,5:22,48,61
130830,14/12/2025,COL,ECU,470,FALTA-COMETIDA,VISITANTE,7,"DAZA, JOSÉ",4,5:22,48,61
130830,14/12/2025,COL,ECU,471,FALTA-RECIBIDA,LOCAL,6,"BROWN, SALOMON",4,5:22,48,61
130830,14/12/2025,COL,ECU,472,CAMBIO-JUGADOR-SALE,VISITANTE,10,"ZAMBRANO, ALHAN",4,5:22,48,61
130830,14/12/2025,COL,ECU,473,CAMBIO-JUGADOR-ENTRA,VISITANTE,14,"NOBOA, FELIPE",4,5:22,48,61
130830,14/12/2025,COL,ECU,474,TIRO1-FALLADO,LOCAL,6,"BROWN, SALOMON",4,5:22,48,61
130830,14/12/2025,COL,ECU,475,TIRO1-FALLADO,LOCAL,6,"BROWN, SALOMON",4,5:22,48,61
130830,14/12/2025,COL,ECU,476,REBOTE-DEFENSIVO,VISITANTE,23,"QUIÑONEZ, ADAIR",4,5:22,48,61
130830,14/12/2025,COL,ECU,477,TIRO3-FALLADO,VISITANTE,1,"CEVALLOS, MICHAEL",4,5:02,48,61
130830,14/12/2025,COL,ECU,478,REBOTE-DEFENSIVO,LOCAL,5,"RESTREPO, LEONARDO",4,4:59,48,61
130830,14/12/2025,COL,ECU,479,CANASTA-3P,LOCAL,14,"CAICEDO, YANSEM",4,4:42,51,61
130830,14/12/2025,COL,ECU,480,ASISTENCIA,LOCAL,5,"RESTREPO, LEONARDO",4,4:42,51,61
130830,14/12/2025,COL,ECU,481,FALTA-COMETIDA,LOCAL,59,"BETANCURT, JULIAN",4,4:37,51,61
130830,14/12/2025,COL,ECU,482,FALTA-RECIBIDA,VISITANTE,1,"CEVALLOS, MICHAEL",4,4:37,51,61
130830,14/12/2025,COL,ECU,483,TIRO1-FALLADO,VISITANTE,1,"CEVALLOS, MICHAEL",4,4:37,51,61
130830,14/12/2025,COL,ECU,484,TIRO1-FALLADO,VISITANTE,1,"CEVALLOS, MICHAEL",4,4:37,51,61
130830,14/12/2025,COL,ECU,485,REBOTE-DEFENSIVO,LOCAL,59,"BETANCURT, JULIAN",4,4:37,51,61
130830,14/12/2025,COL,ECU,486,PERDIDA,LOCAL,7,"BERNAL, MATTHEW",4,4:25,51,61
130830,14/12/2025,COL,ECU,487,RECUPERACION,VISITANTE,23,"QUIÑONEZ, ADAIR",4,4:25,51,61
130830,14/12/2025,COL,ECU,488,TIRO2-FALLADO,VISITANTE,2,"CASTILLO, JUAN",4,4:10,51,61
130830,14/12/2025,COL,ECU,489,REBOTE-DEFENSIVO,LOCAL,5,"RESTREPO, LEONARDO",4,4:06,51,61
130830,14/12/2025,COL,ECU,490,TIRO3-FALLADO,LOCAL,5,"RESTREPO, LEONARDO",4,4:00,51,61
130830,14/12/2025,COL,ECU,491,REBOTE-DEFENSIVO,VISITANTE,23,"QUIÑONEZ, ADAIR",4,3:57,51,61
130830,14/12/2025,COL,ECU,492,TIRO3-FALLADO,VISITANTE,14,"NOBOA, FELIPE",4,3:44,51,61
130830,14/12/2025,COL,ECU,493,REBOTE-DEFENSIVO,LOCAL,14,"CAICEDO, YANSEM",4,3:39,51,61
130830,14/12/2025,COL,ECU,494,CANASTA-2P,LOCAL,59,"BETANCURT, JULIAN",4,3:31,53,61
130830,14/12/2025,COL,ECU,495,ASISTENCIA,LOCAL,5,"RESTREPO, LEONARDO",4,3:31,53,61
130830,14/12/2025,COL,ECU,496,TIEMPO-MUERTO-SOLICITADO,VISITANTE,,,4,3:30,53,61
130830,14/12/2025,COL,ECU,497,CANASTA-3P,VISITANTE,1,"CEVALLOS, MICHAEL",4,3:09,53,64
130830,14/12/2025,COL,ECU,498,ASISTENCIA,VISITANTE,2,"CASTILLO, JUAN",4,3:09,53,64
130830,14/12/2025,COL,ECU,499,CANASTA-2P,LOCAL,14,"CAICEDO, YANSEM",4,2:57,55,64
130830,14/12/2025,COL,ECU,500,FALTA-COMETIDA,LOCAL,6,"BROWN, SALOMON",4,2:47,55,64
130830,14/12/2025,COL,ECU,501,FALTA-RECIBIDA,VISITANTE,7,"DAZA, JOSÉ",4,2:47,55,64
130830,14/12/2025,COL,ECU,502,TIRO1-FALLADO,VISITANTE,7,"DAZA, JOSÉ",4,2:47,55,64
130830,14/12/2025,COL,ECU,503,CANASTA-1P,VISITANTE,7,"DAZA, JOSÉ",4,2:47,55,65
130830,14/12/2025,COL,ECU,504,FALTA-COMETIDA,VISITANTE,23,"QUIÑONEZ, ADAIR",4,2:37,55,65
130830,14/12/2025,COL,ECU,505,FALTA-RECIBIDA,LOCAL,5,"RESTREPO, LEONARDO",4,2:37,55,65
130830,14/12/2025,COL,ECU,506,TIRO2-FALLADO,LOCAL,7,"BERNAL, MATTHEW",4,2:27,55,65
130830,14/12/2025,COL,ECU,507,REBOTE-DEFENSIVO,VISITANTE,7,"DAZA, JOSÉ",4,2:24,55,65
130830,14/12/2025,COL,ECU,508,TIRO2-FALLADO,VISITANTE,7,"DAZA, JOSÉ",4,2:02,55,65
130830,14/12/2025,COL,ECU,509,REBOTE-OFENSIVO,VISITANTE,7,"DAZA, JOSÉ",4,1:58,55,65
130830,14/12/2025,COL,ECU,510,TIRO2-FALLADO,VISITANTE,7,"DAZA, JOSÉ",4,1:58,55,65
130830,14/12/2025,COL,ECU,511,REBOTE-OFENSIVO,VISITANTE,7,"DAZA, JOSÉ",4,1:57,55,65
130830,14/12/2025,COL,ECU,512,TIRO2-FALLADO,VISITANTE,7,"DAZA, JOSÉ",4,1:56,55,65
130830,14/12/2025,COL,ECU,513,REBOTE-DEFENSIVO,LOCAL,5,"RESTREPO, LEONARDO",4,1:56,55,65
130830,14/12/2025,COL,ECU,514,FALTA-COMETIDA,VISITANTE,7,"DAZA, JOSÉ",4,1:56,55,65
130830,14/12/2025,COL,ECU,515,FALTA-RECIBIDA,LOCAL,5,"RESTREPO, LEONARDO",4,1:56,55,65
130830,14/12/2025,COL,ECU,516,CANASTA-1P,LOCAL,5,"RESTREPO, LEONARDO",4,1:56,56,65
130830,14/12/2025,COL,ECU,517,CANASTA-1P,LOCAL,5,"RESTREPO, LEONARDO",4,1:56,57,65
130830,14/12/2025,COL,ECU,518,TIRO2-FALLADO,VISITANTE,2,"CASTILLO, JUAN",4,1:41,57,65
130830,14/12/2025,COL,ECU,519,REBOTE-DEFENSIVO,LOCAL,,,4,1:39,57,65
130830,14/12/2025,COL,ECU,520,TIEMPO-MUERTO-SOLICITADO,LOCAL,,,4,1:39,57,65
130830,14/12/2025,COL,ECU,521,TIRO3-FALLADO,LOCAL,14,"CAICEDO, YANSEM",4,1:30,57,65
130830,14/12/2025,COL,ECU,522,REBOTE-OFENSIVO,LOCAL,7,"BERNAL, MATTHEW",4,1:27,57,65
130830,14/12/2025,COL,ECU,523,CANASTA-2P,LOCAL,6,"BROWN, SALOMON",4,1:23,59,65
130830,14/12/2025,COL,ECU,524,TIRO2-FALLADO,VISITANTE,1,"CEVALLOS, MICHAEL",4,1:23,59,65
130830,14/12/2025,COL,ECU,525,REBOTE-OFENSIVO,VISITANTE,1,"CEVALLOS, MICHAEL",4,1:23,59,65
130830,14/12/2025,COL,ECU,526,CANASTA-3P,VISITANTE,2,"CASTILLO, JUAN",4,1:23,59,68
130830,14/12/2025,COL,ECU,527,ASISTENCIA,VISITANTE,1,"CEVALLOS, MICHAEL",4,1:23,59,68
130830,14/12/2025,COL,ECU,528,PERDIDA,LOCAL,7,"BERNAL, MATTHEW",4,1:16,59,68
130830,14/12/2025,COL,ECU,529,TIEMPO-MUERTO-SOLICITADO,VISITANTE,,,4,1:09,59,68
130830,14/12/2025,COL,ECU,530,FALTA-COMETIDA,LOCAL,14,"CAICEDO, YANSEM",4,0:48,59,68
130830,14/12/2025,COL,ECU,531,FALTA-RECIBIDA,VISITANTE,2,"CASTILLO, JUAN",4,0:48,59,68
130830,14/12/2025,COL,ECU,532,TIRO1-FALLADO,VISITANTE,2,"CASTILLO, JUAN",4,0:48,59,68
130830,14/12/2025,COL,ECU,533,CANASTA-1P,VISITANTE,2,"CASTILLO, JUAN",4,0:48,59,69
130830,14/12/2025,COL,ECU,534,CANASTA-3P,LOCAL,5,"RESTREPO, LEONARDO",4,0:39,62,69
130830,14/12/2025,COL,ECU,535,ASISTENCIA,LOCAL,59,"BETANCURT, JULIAN",4,0:39,62,69
130830,14/12/2025,COL,ECU,536,FALTA-COMETIDA,LOCAL,5,"RESTREPO, LEONARDO",4,0:32,62,69
130830,14/12/2025,COL,ECU,537,FALTA-RECIBIDA,VISITANTE,23,"QUIÑONEZ, ADAIR",4,0:32,62,69
130830,14/12/2025,COL,ECU,538,CANASTA-1P,VISITANTE,23,"QUIÑONEZ, ADAIR",4,0:32,62,70
130830,14/12/2025,COL,ECU,539,CANASTA-1P,VISITANTE,23,"QUIÑONEZ, ADAIR",4,0:32,62,71
130830,14/12/2025,COL,ECU,540,TIRO3-FALLADO,LOCAL,5,"RESTREPO, LEONARDO",4,0:20,62,71
130830,14/12/2025,COL,ECU,541,REBOTE-DEFENSIVO,VISITANTE,14,"NOBOA, FELIPE",4,0:17,62,71
130830,14/12/2025,COL,ECU,542,PERDIDA,VISITANTE,1,"CEVALLOS, MICHAEL",4,0:11,62,71
130830,14/12/2025,COL,ECU,543,RECUPERACION,LOCAL,14,"CAICEDO, YANSEM",4,0:11,62,71
130830,14/12/2025,COL,ECU,544,PERDIDA,LOCAL,14,"CAICEDO, YANSEM",4,0:06,62,71
130830,14/12/2025,COL,ECU,545,RECUPERACION,VISITANTE,2,"CASTILLO, JUAN",4,0:06,62,71
130830,14/12/2025,COL,ECU,546,FINAL-PERIODO,,,,4,0:00,62,71
130830,14/12/2025,COL,ECU,547,FINAL-PARTIDO,,,,4,0:00,62,71
130831,14/12/2025,PAR,CHI,0,INICIO-PARTIDO,,,,1,10:00,0,0
130831,14/12/2025,PAR,CHI,1,INICIO-PERIODO,,,,1,10:00,0,0
130831,14/12/2025,PAR,CHI,2,CAMBIO-JUGADOR-ENTRA,LOCAL,3,"RADICE, ROBERTO",1,10:00,0,0
130831,14/12/2025,PAR,CHI,3,CAMBIO-JUGADOR-ENTRA,LOCAL,5,"VERA, LUIS",1,10:00,0,0
130831,14/12/2025,PAR,CHI,4,CAMBIO-JUGADOR-ENTRA,LOCAL,6,"TALAVERA, ALEJANDRO",1,10:00,0,0
130831,14/12/2025,PAR,CHI,5,CAMBIO-JUGADOR-ENTRA,LOCAL,14,"ESCURRA, MAURICIO",1,10:00,0,0
130831,14/12/2025,PAR,CHI,6,CAMBIO-JUGADOR-ENTRA,LOCAL,21,"GONZALEZ, NESTOR",1,10:00,0,0
130831,14/12/2025,PAR,CHI,7,CAMBIO-JUGADOR-ENTRA,VISITANTE,2,"LA RIVERA, TOMAS",1,10:00,0,0
130831,14/12/2025,PAR,CHI,8,CAMBIO-JUGADOR-ENTRA,VISITANTE,4,"HITSCHFELD, MATHIAS",1,10:00,0,0
130831,14/12/2025,PAR,CHI,9,CAMBIO-JUGADOR-ENTRA,VISITANTE,10,"SARAVIA, FRANCISCO",1,10:00,0,0
130831,14/12/2025,PAR,CHI,10,CAMBIO-JUGADOR-ENTRA,VISITANTE,15,"VELÁSQUEZ, MATEO",1,10:00,0,0
130831,14/12/2025,PAR,CHI,11,CAMBIO-JUGADOR-ENTRA,VISITANTE,17,"QUEZADA, MAXIMILIANO",1,10:00,0,0
130831,14/12/2025,PAR,CHI,12,JUMP-BALL,,,,1,10:00,0,0
130831,14/12/2025,PAR,CHI,13,JUMP-BALL,LOCAL,21,"GONZALEZ, NESTOR",1,9:59,0,0
130831,14/12/2025,PAR,CHI,14,JUMP-BALL,VISITANTE,17,"QUEZADA, MAXIMILIANO",1,9:59,0,0
130831,14/12/2025,PAR,CHI,15,TIRO2-FALLADO,LOCAL,21,"GONZALEZ, NESTOR",1,9:43,0,0
130831,14/12/2025,PAR,CHI,16,REBOTE-OFENSIVO,LOCAL,,,1,9:42,0,0
130831,14/12/2025,PAR,CHI,17,TIRO2-FALLADO,LOCAL,6,"TALAVERA, ALEJANDRO",1,9:32,0,0
130831,14/12/2025,PAR,CHI,18,REBOTE-DEFENSIVO,VISITANTE,15,"VELÁSQUEZ, MATEO",1,9:27,0,0
130831,14/12/2025,PAR,CHI,19,PERDIDA,VISITANTE,2,"LA RIVERA, TOMAS",1,9:19,0,0
130831,14/12/2025,PAR,CHI,20,RECUPERACION,LOCAL,14,"ESCURRA, MAURICIO",1,9:19,0,0
130831,14/12/2025,PAR,CHI,21,TIRO3-FALLADO,LOCAL,14,"ESCURRA, MAURICIO",1,9:02,0,0
130831,14/12/2025,PAR,CHI,22,REBOTE-OFENSIVO,LOCAL,3,"RADICE, ROBERTO",1,8:59,0,0
130831,14/12/2025,PAR,CHI,23,PERDIDA,LOCAL,3,"RADICE, ROBERTO",1,8:58,0,0
130831,14/12/2025,PAR,CHI,24,RECUPERACION,VISITANTE,2,"LA RIVERA, TOMAS",1,8:58,0,0
130831,14/12/2025,PAR,CHI,25,TIRO2-FALLADO,VISITANTE,10,"SARAVIA, FRANCISCO",1,8:50,0,0
130831,14/12/2025,PAR,CHI,26,REBOTE-DEFENSIVO,LOCAL,5,"VERA, LUIS",1,8:47,0,0
130831,14/12/2025,PAR,CHI,27,PERDIDA,LOCAL,6,"TALAVERA, ALEJANDRO",1,8:40,0,0
130831,14/12/2025,PAR,CHI,28,RECUPERACION,VISITANTE,4,"HITSCHFELD, MATHIAS",1,8:40,0,0
130831,14/12/2025,PAR,CHI,29,PERDIDA,VISITANTE,4,"HITSCHFELD, MATHIAS",1,8:38,0,0
130831,14/12/2025,PAR,CHI,30,PERDIDA,LOCAL,14,"ESCURRA, MAURICIO",1,8:28,0,0
130831,14/12/2025,PAR,CHI,31,RECUPERACION,VISITANTE,17,"QUEZADA, MAXIMILIANO",1,8:28,0,0
130831,14/12/2025,PAR,CHI,32,TIRO2-FALLADO,VISITANTE,4,"HITSCHFELD, MATHIAS",1,8:21,0,0
130831,14/12/2025,PAR,CHI,33,REBOTE-DEFENSIVO,LOCAL,3,"RADICE, ROBERTO",1,8:19,0,0
130831,14/12/2025,PAR,CHI,34,CANASTA-3P,LOCAL,6,"TALAVERA, ALEJANDRO",1,8:08,3,0
130831,14/12/2025,PAR,CHI,35,ASISTENCIA,LOCAL,21,"GONZALEZ, NESTOR",1,8:08,3,0
130831,14/12/2025,PAR,CHI,36,TIRO3-FALLADO,VISITANTE,15,"VELÁSQUEZ, MATEO",1,7:51,3,0
130831,14/12/2025,PAR,CHI,37,REBOTE-OFENSIVO,VISITANTE,4,"HITSCHFELD, MATHIAS",1,7:48,3,0
130831,14/12/2025,PAR,CHI,38,TIRO3-FALLADO,VISITANTE,10,"SARAVIA, FRANCISCO",1,7:41,3,0
130831,14/12/2025,PAR,CHI,39,REBOTE-DEFENSIVO,LOCAL,6,"TALAVERA, ALEJANDRO",1,7:38,3,0
130831,14/12/2025,PAR,CHI,40,TIRO3-FALLADO,LOCAL,14,"ESCURRA, MAURICIO",1,7:30,3,0
130831,14/12/2025,PAR,CHI,41,REBOTE-DEFENSIVO,VISITANTE,4,"HITSCHFELD, MATHIAS",1,7:27,3,0
130831,14/12/2025,PAR,CHI,42,TIRO3-FALLADO,VISITANTE,2,"LA RIVERA, TOMAS",1,7:22,3,0
130831,14/12/2025,PAR,CHI,43,REBOTE-DEFENSIVO,LOCAL,21,"GONZALEZ, NESTOR",1,7:19,3,0
130831,14/12/2025,PAR,CHI,44,TIRO3-FALLADO,LOCAL,21,"GONZALEZ, NESTOR",1,7:03,3,0
130831,14/12/2025,PAR,CHI,45,REBOTE-DEFENSIVO,VISITANTE,10,"SARAVIA, FRANCISCO",1,7:00,3,0
130831,14/12/2025,PAR,CHI,46,CANASTA-2P,VISITANTE,10,"SARAVIA, FRANCISCO",1,6:51,3,2
130831,14/12/2025,PAR,CHI,47,PERDIDA,LOCAL,14,"ESCURRA, MAURICIO",1,6:39,3,2
130831,14/12/2025,PAR,CHI,48,CAMBIO-JUGADOR-SALE,LOCAL,21,"GONZALEZ, NESTOR",1,6:39,3,2
130831,14/12/2025,PAR,CHI,49,CAMBIO-JUGADOR-ENTRA,LOCAL,15,"HACHEN, RICHARD",1,6:39,3,2
130831,14/12/2025,PAR,CHI,50,TIRO2-FALLADO,VISITANTE,17,"QUEZADA, MAXIMILIANO",1,6:24,3,2
130831,14/12/2025,PAR,CHI,51,REBOTE-DEFENSIVO,LOCAL,14,"ESCURRA, MAURICIO",1,6:22,3,2
130831,14/12/2025,PAR,CHI,52,FALTA-COMETIDA,VISITANTE,17,"QUEZADA, MAXIMILIANO",1,6:22,3,2
130831,14/12/2025,PAR,CHI,53,FALTA-RECIBIDA,LOCAL,14,"ESCURRA, MAURICIO",1,6:22,3,2
130831,14/12/2025,PAR,CHI,54,TIRO3-FALLADO,LOCAL,5,"VERA, LUIS",1,6:05,3,2
130831,14/12/2025,PAR,CHI,55,REBOTE-DEFENSIVO,VISITANTE,10,"SARAVIA, FRANCISCO",1,6:02,3,2
130831,14/12/2025,PAR,CHI,56,TIRO3-FALLADO,VISITANTE,10,"SARAVIA, FRANCISCO",1,5:52,3,2
130831,14/12/2025,PAR,CHI,57,REBOTE-DEFENSIVO,LOCAL,15,"HACHEN, RICHARD",1,5:49,3,2
130831,14/12/2025,PAR,CHI,58,CANASTA-2P,LOCAL,5,"VERA, LUIS",1,5:35,5,2
130831,14/12/2025,PAR,CHI,59,TIRO3-FALLADO,VISITANTE,4,"HITSCHFELD, MATHIAS",1,5:19,5,2
130831,14/12/2025,PAR,CHI,60,REBOTE-DEFENSIVO,LOCAL,5,"VERA, LUIS",1,5:16,5,2
130831,14/12/2025,PAR,CHI,61,CANASTA-2P,LOCAL,14,"ESCURRA, MAURICIO",1,5:06,7,2
130831,14/12/2025,PAR,CHI,62,ASISTENCIA,LOCAL,6,"TALAVERA, ALEJANDRO",1,5:06,7,2
130831,14/12/2025,PAR,CHI,63,TIEMPO-MUERTO-SOLICITADO,VISITANTE,,,1,5:06,7,2
130831,14/12/2025,PAR,CHI,64,CAMBIO-JUGADOR-SALE,LOCAL,3,"RADICE, ROBERTO",1,5:06,7,2
130831,14/12/2025,PAR,CHI,65,CAMBIO-JUGADOR-ENTRA,LOCAL,9,"VAZQUEZ, JUAN",1,5:06,7,2
130831,14/12/2025,PAR,CHI,66,CAMBIO-JUGADOR-SALE,VISITANTE,2,"LA RIVERA, TOMAS",1,5:06,7,2
130831,14/12/2025,PAR,CHI,67,CAMBIO-JUGADOR-SALE,VISITANTE,15,"VELÁSQUEZ, MATEO",1,5:06,7,2
130831,14/12/2025,PAR,CHI,68,CAMBIO-JUGADOR-ENTRA,VISITANTE,1,"PACHANO, GABRIEL",1,5:06,7,2
130831,14/12/2025,PAR,CHI,69,CAMBIO-JUGADOR-ENTRA,VISITANTE,9,"STUARDO, PEDRO",1,5:06,7,2
130831,14/12/2025,PAR,CHI,70,TIRO3-FALLADO,VISITANTE,10,"SARAVIA, FRANCISCO",1,4:41,7,2
130831,14/12/2025,PAR,CHI,71,REBOTE-DEFENSIVO,LOCAL,15,"HACHEN, RICHARD",1,4:39,7,2
130831,14/12/2025,PAR,CHI,72,CANASTA-2P,LOCAL,15,"HACHEN, RICHARD",1,4:21,9,2
130831,14/12/2025,PAR,CHI,73,ASISTENCIA,LOCAL,6,"TALAVERA, ALEJANDRO",1,4:21,9,2
130831,14/12/2025,PAR,CHI,74,TIEMPO-MUERTO-SOLICITADO,VISITANTE,,,1,3:55,9,2
130831,14/12/2025,PAR,CHI,75,CAMBIO-JUGADOR-SALE,VISITANTE,10,"SARAVIA, FRANCISCO",1,3:55,9,2
130831,14/12/2025,PAR,CHI,76,CAMBIO-JUGADOR-SALE,VISITANTE,17,"QUEZADA, MAXIMILIANO",1,3:55,9,2
130831,14/12/2025,PAR,CHI,77,CAMBIO-JUGADOR-ENTRA,VISITANTE,0,"MUSRRI, LUIS",1,3:55,9,2
130831,14/12/2025,PAR,CHI,78,CAMBIO-JUGADOR-ENTRA,VISITANTE,11,"DONOSO, PEDRO",1,3:55,9,2
130831,14/12/2025,PAR,CHI,79,TIRO3-FALLADO,LOCAL,5,"VERA, LUIS",1,3:39,9,2
130831,14/12/2025,PAR,CHI,80,REBOTE-OFENSIVO,LOCAL,15,"HACHEN, RICHARD",1,3:36,9,2
130831,14/12/2025,PAR,CHI,81,CANASTA-2P,LOCAL,15,"HACHEN, RICHARD",1,3:35,11,2
130831,14/12/2025,PAR,CHI,82,PERDIDA,VISITANTE,1,"PACHANO, GABRIEL",1,3:24,11,2
130831,14/12/2025,PAR,CHI,83,RECUPERACION,LOCAL,6,"TALAVERA, ALEJANDRO",1,3:24,11,2
130831,14/12/2025,PAR,CHI,84,CANASTA-3P,LOCAL,6,"TALAVERA, ALEJANDRO",1,3:19,14,2
130831,14/12/2025,PAR,CHI,85,FALTA-COMETIDA,LOCAL,6,"TALAVERA, ALEJANDRO",1,2:59,14,2
130831,14/12/2025,PAR,CHI,86,FALTA-RECIBIDA,VISITANTE,9,"STUARDO, PEDRO",1,2:59,14,2
130831,14/12/2025,PAR,CHI,87,CAMBIO-JUGADOR-SALE,LOCAL,14,"ESCURRA, MAURICIO",1,2:59,14,2
130831,14/12/2025,PAR,CHI,88,CAMBIO-JUGADOR-ENTRA,LOCAL,3,"RADICE, ROBERTO",1,2:59,14,2
130831,14/12/2025,PAR,CHI,89,CAMBIO-JUGADOR-SALE,VISITANTE,4,"HITSCHFELD, MATHIAS",1,2:59,14,2
130831,14/12/2025,PAR,CHI,90,CAMBIO-JUGADOR-ENTRA,VISITANTE,8,"ECHEVERRIA, AGUSTIN",1,2:59,14,2
130831,14/12/2025,PAR,CHI,91,CANASTA-2P,VISITANTE,11,"DONOSO, PEDRO",1,2:52,14,4
130831,14/12/2025,PAR,CHI,92,ASISTENCIA,VISITANTE,0,"MUSRRI, LUIS",1,2:52,14,4
130831,14/12/2025,PAR,CHI,93,CANASTA-2P,LOCAL,3,"RADICE, ROBERTO",1,2:33,16,4
130831,14/12/2025,PAR,CHI,94,CANASTA-3P,VISITANTE,8,"ECHEVERRIA, AGUSTIN",1,2:06,16,7
130831,14/12/2025,PAR,CHI,95,ASISTENCIA,VISITANTE,9,"STUARDO, PEDRO",1,2:06,16,7
130831,14/12/2025,PAR,CHI,96,TIRO2-FALLADO,LOCAL,15,"HACHEN, RICHARD",1,1:54,16,7
130831,14/12/2025,PAR,CHI,97,TAPON-COMETIDO,VISITANTE,0,"MUSRRI, LUIS",1,1:54,16,7
130831,14/12/2025,PAR,CHI,98,REBOTE-OFENSIVO,LOCAL,15,"HACHEN, RICHARD",1,1:54,16,7
130831,14/12/2025,PAR,CHI,99,CANASTA-3P,LOCAL,6,"TALAVERA, ALEJANDRO",1,1:54,19,7
130831,14/12/2025,PAR,CHI,100,ASISTENCIA,LOCAL,9,"VAZQUEZ, JUAN",1,1:54,19,7
130831,14/12/2025,PAR,CHI,101,CANASTA-2P,VISITANTE,0,"MUSRRI, LUIS",1,1:32,19,9
130831,14/12/2025,PAR,CHI,102,PERDIDA,LOCAL,6,"TALAVERA, ALEJANDRO",1,1:26,19,9
130831,14/12/2025,PAR,CHI,103,CAMBIO-JUGADOR-SALE,LOCAL,5,"VERA, LUIS",1,1:26,19,9
130831,14/12/2025,PAR,CHI,104,CAMBIO-JUGADOR-ENTRA,LOCAL,34,"GIMENEZ, MAXIMILIANO",1,1:26,19,9
130831,14/12/2025,PAR,CHI,105,FALTA-COMETIDA,LOCAL,15,"HACHEN, RICHARD",1,1:14,19,9
130831,14/12/2025,PAR,CHI,106,FALTA-RECIBIDA,VISITANTE,0,"MUSRRI, LUIS",1,1:14,19,9
130831,14/12/2025,PAR,CHI,107,CAMBIO-JUGADOR-SALE,LOCAL,6,"TALAVERA, ALEJANDRO",1,1:14,19,9
130831,14/12/2025,PAR,CHI,108,CAMBIO-JUGADOR-SALE,LOCAL,15,"HACHEN, RICHARD",1,1:14,19,9
130831,14/12/2025,PAR,CHI,109,CAMBIO-JUGADOR-ENTRA,LOCAL,14,"ESCURRA, MAURICIO",1,1:14,19,9
130831,14/12/2025,PAR,CHI,110,CAMBIO-JUGADOR-ENTRA,LOCAL,21,"GONZALEZ, NESTOR",1,1:14,19,9
130831,14/12/2025,PAR,CHI,111,CANASTA-1P,VISITANTE,0,"MUSRRI, LUIS",1,1:14,19,10
130831,14/12/2025,PAR,CHI,112,CANASTA-1P,VISITANTE,0,"MUSRRI, LUIS",1,1:14,19,11
130831,14/12/2025,PAR,CHI,113,FALTA-COMETIDA,VISITANTE,11,"DONOSO, PEDRO",1,1:00,19,11
130831,14/12/2025,PAR,CHI,114,FALTA-RECIBIDA,LOCAL,21,"GONZALEZ, NESTOR",1,1:00,19,11
130831,14/12/2025,PAR,CHI,115,TIRO3-FALLADO,LOCAL,14,"ESCURRA, MAURICIO",1,0:47,19,11
130831,14/12/2025,PAR,CHI,116,REBOTE-OFENSIVO,LOCAL,,,1,0:46,19,11
130831,14/12/2025,PAR,CHI,117,TIRO2-FALLADO,LOCAL,9,"VAZQUEZ, JUAN",1,0:34,19,11
130831,14/12/2025,PAR,CHI,118,REBOTE-DEFENSIVO,VISITANTE,9,"STUARDO, PEDRO",1,0:31,19,11
130831,14/12/2025,PAR,CHI,119,PERDIDA,VISITANTE,8,"ECHEVERRIA, AGUSTIN",1,0:16,19,11
130831,14/12/2025,PAR,CHI,120,RECUPERACION,LOCAL,14,"ESCURRA, MAURICIO",1,0:16,19,11
130831,14/12/2025,PAR,CHI,121,TIRO2-FALLADO,LOCAL,14,"ESCURRA, MAURICIO",1,0:14,19,11
130831,14/12/2025,PAR,CHI,122,TAPON-COMETIDO,VISITANTE,9,"STUARDO, PEDRO",1,0:14,19,11
130831,14/12/2025,PAR,CHI,123,REBOTE-OFENSIVO,LOCAL,,,1,0:14,19,11
130831,14/12/2025,PAR,CHI,124,CAMBIO-JUGADOR-SALE,VISITANTE,0,"MUSRRI, LUIS",1,0:14,19,11
130831,14/12/2025,PAR,CHI,125,CAMBIO-JUGADOR-ENTRA,VISITANTE,10,"SARAVIA, FRANCISCO",1,0:14,19,11
130831,14/12/2025,PAR,CHI,126,TIRO2-FALLADO,LOCAL,14,"ESCURRA, MAURICIO",1,0:09,19,11
130831,14/12/2025,PAR,CHI,127,REBOTE-DEFENSIVO,VISITANTE,1,"PACHANO, GABRIEL",1,0:05,19,11
130831,14/12/2025,PAR,CHI,128,TIRO3-FALLADO,VISITANTE,8,"ECHEVERRIA, AGUSTIN",1,0:01,19,11
130831,14/12/2025,PAR,CHI,129,FINAL-PERIODO,,,,1,0:00,19,11
130831,14/12/2025,PAR,CHI,130,CAMBIO-JUGADOR-SALE,VISITANTE,11,"DONOSO, PEDRO",2,10:00,19,11
130831,14/12/2025,PAR,CHI,131,CAMBIO-JUGADOR-ENTRA,VISITANTE,17,"QUEZADA, MAXIMILIANO",2,10:00,19,11
130831,14/12/2025,PAR,CHI,132,INICIO-PERIODO,,,,2,10:00,19,11
130831,14/12/2025,PAR,CHI,133,CANASTA-2P,VISITANTE,17,"QUEZADA, MAXIMILIANO",2,9:44,19,13
130831,14/12/2025,PAR,CHI,134,ASISTENCIA,VISITANTE,10,"SARAVIA, FRANCISCO",2,9:44,19,13
130831,14/12/2025,PAR,CHI,135,FALTA-COMETIDA,VISITANTE,17,"QUEZADA, MAXIMILIANO",2,9:26,19,13
130831,14/12/2025,PAR,CHI,136,FALTA-RECIBIDA,LOCAL,3,"RADICE, ROBERTO",2,9:26,19,13
130831,14/12/2025,PAR,CHI,137,CAMBIO-JUGADOR-SALE,VISITANTE,1,"PACHANO, GABRIEL",2,9:26,19,13
130831,14/12/2025,PAR,CHI,138,CAMBIO-JUGADOR-ENTRA,VISITANTE,2,"LA RIVERA, TOMAS",2,9:26,19,13
130831,14/12/2025,PAR,CHI,139,CANASTA-1P,LOCAL,3,"RADICE, ROBERTO",2,9:26,20,13
130831,14/12/2025,PAR,CHI,140,CANASTA-1P,LOCAL,3,"RADICE, ROBERTO",2,9:26,21,13
130831,14/12/2025,PAR,CHI,141,CANASTA-2P,VISITANTE,17,"QUEZADA, MAXIMILIANO",2,9:16,21,15
130831,14/12/2025,PAR,CHI,142,ASISTENCIA,VISITANTE,9,"STUARDO, PEDRO",2,9:16,21,15
130831,14/12/2025,PAR,CHI,143,PERDIDA,LOCAL,21,"GONZALEZ, NESTOR",2,9:00,21,15
130831,14/12/2025,PAR,CHI,144,RECUPERACION,VISITANTE,10,"SARAVIA, FRANCISCO",2,9:00,21,15
130831,14/12/2025,PAR,CHI,145,FALTA-COMETIDA,LOCAL,34,"GIMENEZ, MAXIMILIANO",2,8:54,21,15
130831,14/12/2025,PAR,CHI,146,FALTA-RECIBIDA,VISITANTE,10,"SARAVIA, FRANCISCO",2,8:54,21,15
130831,14/12/2025,PAR,CHI,147,TIEMPO-MUERTO-SOLICITADO,LOCAL,,,2,8:54,21,15
130831,14/12/2025,PAR,CHI,148,CAMBIO-JUGADOR-SALE,LOCAL,9,"VAZQUEZ, JUAN",2,8:54,21,15
130831,14/12/2025,PAR,CHI,149,CAMBIO-JUGADOR-SALE,LOCAL,34,"GIMENEZ, MAXIMILIANO",2,8:54,21,15
130831,14/12/2025,PAR,CHI,150,CAMBIO-JUGADOR-ENTRA,LOCAL,5,"VERA, LUIS",2,8:54,21,15
130831,14/12/2025,PAR,CHI,151,CAMBIO-JUGADOR-ENTRA,LOCAL,6,"TALAVERA, ALEJANDRO",2,8:54,21,15
130831,14/12/2025,PAR,CHI,152,TIRO1-FALLADO,VISITANTE,10,"SARAVIA, FRANCISCO",2,8:54,21,15
130831,14/12/2025,PAR,CHI,153,CANASTA-1P,VISITANTE,10,"SARAVIA, FRANCISCO",2,8:54,21,16
130831,14/12/2025,PAR,CHI,154,TIRO2-FALLADO,VISITANTE,8,"ECHEVERRIA, AGUSTIN",2,8:39,21,16
130831,14/12/2025,PAR,CHI,155,REBOTE-OFENSIVO,VISITANTE,17,"QUEZADA, MAXIMILIANO",2,8:36,21,16
130831,14/12/2025,PAR,CHI,156,TIRO3-FALLADO,VISITANTE,2,"LA RIVERA, TOMAS",2,8:27,21,16
130831,14/12/2025,PAR,CHI,157,REBOTE-OFENSIVO,VISITANTE,17,"QUEZADA, MAXIMILIANO",2,8:23,21,16
130831,14/12/2025,PAR,CHI,158,PERDIDA,VISITANTE,17,"QUEZADA, MAXIMILIANO",2,8:22,21,16
130831,14/12/2025,PAR,CHI,159,FALTA-COMETIDA,VISITANTE,10,"SARAVIA, FRANCISCO",2,7:58,21,16
130831,14/12/2025,PAR,CHI,160,FALTA-RECIBIDA,LOCAL,21,"GONZALEZ, NESTOR",2,7:58,21,16
130831,14/12/2025,PAR,CHI,161,TIRO1-FALLADO,LOCAL,21,"GONZALEZ, NESTOR",2,7:58,21,16
130831,14/12/2025,PAR,CHI,162,CANASTA-1P,LOCAL,21,"GONZALEZ, NESTOR",2,7:58,22,16
130831,14/12/2025,PAR,CHI,163,ASISTENCIA,LOCAL,3,"RADICE, ROBERTO",2,7:58,22,16
130831,14/12/2025,PAR,CHI,164,TIRO3-FALLADO,VISITANTE,9,"STUARDO, PEDRO",2,7:39,22,16
130831,14/12/2025,PAR,CHI,165,REBOTE-DEFENSIVO,LOCAL,21,"GONZALEZ, NESTOR",2,7:37,22,16
130831,14/12/2025,PAR,CHI,166,PERDIDA,LOCAL,6,"TALAVERA, ALEJANDRO",2,7:28,22,16
130831,14/12/2025,PAR,CHI,167,FALTA-COMETIDA,VISITANTE,17,"QUEZADA, MAXIMILIANO",2,7:02,22,16
130831,14/12/2025,PAR,CHI,168,PERDIDA,VISITANTE,17,"QUEZADA, MAXIMILIANO",2,7:02,22,16
130831,14/12/2025,PAR,CHI,169,FALTA-RECIBIDA,LOCAL,21,"GONZALEZ, NESTOR",2,7:02,22,16
130831,14/12/2025,PAR,CHI,170,CAMBIO-JUGADOR-SALE,VISITANTE,17,"QUEZADA, MAXIMILIANO",2,7:02,22,16
130831,14/12/2025,PAR,CHI,171,CAMBIO-JUGADOR-ENTRA,VISITANTE,15,"VELÁSQUEZ, MATEO",2,7:02,22,16
130831,14/12/2025,PAR,CHI,172,PERDIDA,LOCAL,5,"VERA, LUIS",2,6:41,22,16
130831,14/12/2025,PAR,CHI,173,RECUPERACION,VISITANTE,2,"LA RIVERA, TOMAS",2,6:41,22,16
130831,14/12/2025,PAR,CHI,174,TIRO2-FALLADO,VISITANTE,8,"ECHEVERRIA, AGUSTIN",2,6:36,22,16
130831,14/12/2025,PAR,CHI,175,REBOTE-DEFENSIVO,LOCAL,5,"VERA, LUIS",2,6:33,22,16
130831,14/12/2025,PAR,CHI,176,CANASTA-2P,LOCAL,21,"GONZALEZ, NESTOR",2,6:31,24,16
130831,14/12/2025,PAR,CHI,177,ASISTENCIA,LOCAL,5,"VERA, LUIS",2,6:31,24,16
130831,14/12/2025,PAR,CHI,178,TIRO3-FALLADO,VISITANTE,8,"ECHEVERRIA, AGUSTIN",2,6:15,24,16
130831,14/12/2025,PAR,CHI,179,REBOTE-DEFENSIVO,LOCAL,6,"TALAVERA, ALEJANDRO",2,6:13,24,16
130831,14/12/2025,PAR,CHI,180,TIRO3-FALLADO,LOCAL,5,"VERA, LUIS",2,6:08,24,16
130831,14/12/2025,PAR,CHI,181,REBOTE-OFENSIVO,LOCAL,14,"ESCURRA, MAURICIO",2,6:05,24,16
130831,14/12/2025,PAR,CHI,182,CANASTA-2P,LOCAL,21,"GONZALEZ, NESTOR",2,6:03,26,16
130831,14/12/2025,PAR,CHI,183,ASISTENCIA,LOCAL,14,"ESCURRA, MAURICIO",2,6:03,26,16
130831,14/12/2025,PAR,CHI,184,TIEMPO-MUERTO-SOLICITADO,VISITANTE,,,2,6:01,26,16
130831,14/12/2025,PAR,CHI,185,CAMBIO-JUGADOR-SALE,VISITANTE,8,"ECHEVERRIA, AGUSTIN",2,6:01,26,16
130831,14/12/2025,PAR,CHI,186,CAMBIO-JUGADOR-ENTRA,VISITANTE,3,"CASTRO, MATEO",2,6:01,26,16
130831,14/12/2025,PAR,CHI,187,CANASTA-2P,VISITANTE,10,"SARAVIA, FRANCISCO",2,5:47,26,18
130831,14/12/2025,PAR,CHI,188,TIRO3-FALLADO,LOCAL,14,"ESCURRA, MAURICIO",2,5:26,26,18
130831,14/12/2025,PAR,CHI,189,REBOTE-DEFENSIVO,VISITANTE,10,"SARAVIA, FRANCISCO",2,5:22,26,18
130831,14/12/2025,PAR,CHI,190,CANASTA-3P,VISITANTE,10,"SARAVIA, FRANCISCO",2,5:10,26,21
130831,14/12/2025,PAR,CHI,191,FALTA-COMETIDA,VISITANTE,,,2,5:10,26,21
130831,14/12/2025,PAR,CHI,192,CANASTA-1P,LOCAL,6,"TALAVERA, ALEJANDRO",2,5:10,27,21
130831,14/12/2025,PAR,CHI,193,TIEMPO-MUERTO-SOLICITADO,LOCAL,,,2,5:01,27,21
130831,14/12/2025,PAR,CHI,194,FALTA-COMETIDA,VISITANTE,3,"CASTRO, MATEO",2,4:59,27,21
130831,14/12/2025,PAR,CHI,195,FALTA-RECIBIDA,LOCAL,6,"TALAVERA, ALEJANDRO",2,4:59,27,21
130831,14/12/2025,PAR,CHI,196,CAMBIO-JUGADOR-SALE,LOCAL,14,"ESCURRA, MAURICIO",2,4:50,27,21
130831,14/12/2025,PAR,CHI,197,CAMBIO-JUGADOR-ENTRA,LOCAL,81,"CUELLAR, EZEQUIEL",2,4:50,27,21
130831,14/12/2025,PAR,CHI,198,CANASTA-2P,LOCAL,21,"GONZALEZ, NESTOR",2,4:42,29,21
130831,14/12/2025,PAR,CHI,199,ASISTENCIA,LOCAL,5,"VERA, LUIS",2,4:42,29,21
130831,14/12/2025,PAR,CHI,200,TIRO3-FALLADO,VISITANTE,2,"LA RIVERA, TOMAS",2,4:19,29,21
130831,14/12/2025,PAR,CHI,201,REBOTE-DEFENSIVO,LOCAL,5,"VERA, LUIS",2,4:17,29,21
130831,14/12/2025,PAR,CHI,202,PERDIDA,LOCAL,6,"TALAVERA, ALEJANDRO",2,4:01,29,21
130831,14/12/2025,PAR,CHI,203,TIRO3-FALLADO,VISITANTE,9,"STUARDO, PEDRO",2,3:37,29,21
130831,14/12/2025,PAR,CHI,204,REBOTE-OFENSIVO,VISITANTE,2,"LA RIVERA, TOMAS",2,3:34,29,21
130831,14/12/2025,PAR,CHI,205,CANASTA-2P,VISITANTE,10,"SARAVIA, FRANCISCO",2,3:31,29,23
130831,14/12/2025,PAR,CHI,206,CANASTA-3P,LOCAL,3,"RADICE, ROBERTO",2,3:10,32,23
130831,14/12/2025,PAR,CHI,207,ASISTENCIA,LOCAL,6,"TALAVERA, ALEJANDRO",2,3:10,32,23
130831,14/12/2025,PAR,CHI,208,TIRO2-FALLADO,VISITANTE,10,"SARAVIA, FRANCISCO",2,2:54,32,23
130831,14/12/2025,PAR,CHI,209,REBOTE-DEFENSIVO,LOCAL,21,"GONZALEZ, NESTOR",2,2:52,32,23
130831,14/12/2025,PAR,CHI,210,FALTA-COMETIDA,VISITANTE,15,"VELÁSQUEZ, MATEO",2,2:51,32,23
130831,14/12/2025,PAR,CHI,211,FALTA-RECIBIDA,LOCAL,21,"GONZALEZ, NESTOR",2,2:51,32,23
130831,14/12/2025,PAR,CHI,212,CAMBIO-JUGADOR-SALE,LOCAL,6,"TALAVERA, ALEJANDRO",2,2:51,32,23
130831,14/12/2025,PAR,CHI,213,CAMBIO-JUGADOR-ENTRA,LOCAL,9,"VAZQUEZ, JUAN",2,2:51,32,23
130831,14/12/2025,PAR,CHI,214,CAMBIO-JUGADOR-SALE,VISITANTE,2,"LA RIVERA, TOMAS",2,2:51,32,23
130831,14/12/2025,PAR,CHI,215,CAMBIO-JUGADOR-ENTRA,VISITANTE,4,"HITSCHFELD, MATHIAS",2,2:51,32,23
130831,14/12/2025,PAR,CHI,216,CANASTA-1P,LOCAL,21,"GONZALEZ, NESTOR",2,2:51,33,23
130831,14/12/2025,PAR,CHI,217,CANASTA-1P,LOCAL,21,"GONZALEZ, NESTOR",2,2:51,34,23
130831,14/12/2025,PAR,CHI,218,CAMBIO-JUGADOR-SALE,VISITANTE,3,"CASTRO, MATEO",2,2:51,34,23
130831,14/12/2025,PAR,CHI,219,CAMBIO-JUGADOR-ENTRA,VISITANTE,0,"MUSRRI, LUIS",2,2:51,34,23
130831,14/12/2025,PAR,CHI,220,CANASTA-3P,VISITANTE,4,"HITSCHFELD, MATHIAS",2,2:35,34,26
130831,14/12/2025,PAR,CHI,221,ASISTENCIA,VISITANTE,0,"MUSRRI, LUIS",2,2:35,34,26
130831,14/12/2025,PAR,CHI,222,TIRO3-FALLADO,LOCAL,9,"VAZQUEZ, JUAN",2,2:11,34,26
130831,14/12/2025,PAR,CHI,223,REBOTE-OFENSIVO,LOCAL,81,"CUELLAR, EZEQUIEL",2,2:09,34,26
130831,14/12/2025,PAR,CHI,224,PERDIDA,LOCAL,81,"CUELLAR, EZEQUIEL",2,2:08,34,26
130831,14/12/2025,PAR,CHI,225,RECUPERACION,VISITANTE,4,"HITSCHFELD, MATHIAS",2,2:08,34,26
130831,14/12/2025,PAR,CHI,226,FALTA-COMETIDA,LOCAL,9,"VAZQUEZ, JUAN",2,2:01,34,26
130831,14/12/2025,PAR,CHI,227,FALTA-RECIBIDA,VISITANTE,15,"VELÁSQUEZ, MATEO",2,2:01,34,26
130831,14/12/2025,PAR,CHI,228,TIRO3-FALLADO,VISITANTE,9,"STUARDO, PEDRO",2,1:51,34,26
130831,14/12/2025,PAR,CHI,229,REBOTE-OFENSIVO,VISITANTE,4,"HITSCHFELD, MATHIAS",2,1:48,34,26
130831,14/12/2025,PAR,CHI,230,TIRO3-FALLADO,VISITANTE,10,"SARAVIA, FRANCISCO",2,1:43,34,26
130831,14/12/2025,PAR,CHI,231,REBOTE-DEFENSIVO,LOCAL,9,"VAZQUEZ, JUAN",2,1:41,34,26
130831,14/12/2025,PAR,CHI,232,PERDIDA,LOCAL,21,"GONZALEZ, NESTOR",2,1:35,34,26
130831,14/12/2025,PAR,CHI,233,CAMBIO-JUGADOR-SALE,LOCAL,81,"CUELLAR, EZEQUIEL",2,1:35,34,26
130831,14/12/2025,PAR,CHI,234,CAMBIO-JUGADOR-ENTRA,LOCAL,14,"ESCURRA, MAURICIO",2,1:35,34,26
130831,14/12/2025,PAR,CHI,235,TIRO2-FALLADO,VISITANTE,15,"VELÁSQUEZ, MATEO",2,1:18,34,26
130831,14/12/2025,PAR,CHI,236,REBOTE-DEFENSIVO,LOCAL,21,"GONZALEZ, NESTOR",2,1:15,34,26
130831,14/12/2025,PAR,CHI,237,FALTA-COMETIDA,VISITANTE,15,"VELÁSQUEZ, MATEO",2,1:01,34,26
130831,14/12/2025,PAR,CHI,238,FALTA-RECIBIDA,LOCAL,21,"GONZALEZ, NESTOR",2,1:01,34,26
130831,14/12/2025,PAR,CHI,239,CAMBIO-JUGADOR-SALE,VISITANTE,9,"STUARDO, PEDRO",2,1:01,34,26
130831,14/12/2025,PAR,CHI,240,CAMBIO-JUGADOR-ENTRA,VISITANTE,11,"DONOSO, PEDRO",2,1:01,34,26
130831,14/12/2025,PAR,CHI,241,TIRO1-FALLADO,LOCAL,21,"GONZALEZ, NESTOR",2,1:01,34,26
130831,14/12/2025,PAR,CHI,242,CANASTA-1P,LOCAL,21,"GONZALEZ, NESTOR",2,1:01,35,26
130831,14/12/2025,PAR,CHI,243,ASISTENCIA,LOCAL,5,"VERA, LUIS",2,1:01,35,26
130831,14/12/2025,PAR,CHI,244,CAMBIO-JUGADOR-SALE,LOCAL,21,"GONZALEZ, NESTOR",2,1:01,35,26
130831,14/12/2025,PAR,CHI,245,CAMBIO-JUGADOR-ENTRA,LOCAL,15,"HACHEN, RICHARD",2,1:01,35,26
130831,14/12/2025,PAR,CHI,246,PERDIDA,VISITANTE,10,"SARAVIA, FRANCISCO",2,0:42,35,26
130831,14/12/2025,PAR,CHI,247,RECUPERACION,LOCAL,5,"VERA, LUIS",2,0:42,35,26
130831,14/12/2025,PAR,CHI,248,TIRO2-FALLADO,LOCAL,3,"RADICE, ROBERTO",2,0:38,35,26
130831,14/12/2025,PAR,CHI,249,TAPON-COMETIDO,VISITANTE,0,"MUSRRI, LUIS",2,0:38,35,26
130831,14/12/2025,PAR,CHI,250,REBOTE-OFENSIVO,LOCAL,,,2,0:38,35,26
130831,14/12/2025,PAR,CHI,251,FALTA-COMETIDA,VISITANTE,15,"VELÁSQUEZ, MATEO",2,0:37,35,26
130831,14/12/2025,PAR,CHI,252,FALTA-RECIBIDA,LOCAL,3,"RADICE, ROBERTO",2,0:37,35,26
130831,14/12/2025,PAR,CHI,253,CAMBIO-JUGADOR-SALE,VISITANTE,10,"SARAVIA, FRANCISCO",2,0:37,35,26
130831,14/12/2025,PAR,CHI,254,CAMBIO-JUGADOR-SALE,VISITANTE,15,"VELÁSQUEZ, MATEO",2,0:37,35,26
130831,14/12/2025,PAR,CHI,255,CAMBIO-JUGADOR-ENTRA,VISITANTE,1,"PACHANO, GABRIEL",2,0:37,35,26
130831,14/12/2025,PAR,CHI,256,CAMBIO-JUGADOR-ENTRA,VISITANTE,7,"PINO, TOMAS",2,0:37,35,26
130831,14/12/2025,PAR,CHI,257,VTR,VISITANTE,,,2,0:37,35,26
130831,14/12/2025,PAR,CHI,258,TIRO1-FALLADO,LOCAL,3,"RADICE, ROBERTO",2,0:37,35,26
130831,14/12/2025,PAR,CHI,259,CANASTA-1P,LOCAL,3,"RADICE, ROBERTO",2,0:37,36,26
130831,14/12/2025,PAR,CHI,260,CAMBIO-JUGADOR-SALE,LOCAL,9,"VAZQUEZ, JUAN",2,0:19,36,26
130831,14/12/2025,PAR,CHI,261,CAMBIO-JUGADOR-SALE,LOCAL,15,"HACHEN, RICHARD",2,0:19,36,26
130831,14/12/2025,PAR,CHI,262,CAMBIO-JUGADOR-ENTRA,LOCAL,6,"TALAVERA, ALEJANDRO",2,0:19,36,26
130831,14/12/2025,PAR,CHI,263,CAMBIO-JUGADOR-ENTRA,LOCAL,21,"GONZALEZ, NESTOR",2,0:19,36,26
130831,14/12/2025,PAR,CHI,264,TIRO2-FALLADO,LOCAL,21,"GONZALEZ, NESTOR",2,0:18,36,26
130831,14/12/2025,PAR,CHI,265,REBOTE-DEFENSIVO,VISITANTE,4,"HITSCHFELD, MATHIAS",2,0:18,36,26
130831,14/12/2025,PAR,CHI,266,CANASTA-2P,VISITANTE,0,"MUSRRI, LUIS",2,0:18,36,28
130831,14/12/2025,PAR,CHI,267,ASISTENCIA,VISITANTE,7,"PINO, TOMAS",2,0:18,36,28
130831,14/12/2025,PAR,CHI,268,CANASTA-3P,LOCAL,14,"ESCURRA, MAURICIO",2,0:09,39,28
130831,14/12/2025,PAR,CHI,269,ASISTENCIA,LOCAL,3,"RADICE, ROBERTO",2,0:09,39,28
130831,14/12/2025,PAR,CHI,270,CANASTA-3P,VISITANTE,4,"HITSCHFELD, MATHIAS",2,0:03,39,31
130831,14/12/2025,PAR,CHI,271,FINAL-PERIODO,,,,2,0:00,39,31
130831,14/12/2025,PAR,CHI,272,CAMBIO-JUGADOR-SALE,VISITANTE,0,"MUSRRI, LUIS",3,10:00,39,31
130831,14/12/2025,PAR,CHI,273,CAMBIO-JUGADOR-SALE,VISITANTE,1,"PACHANO, GABRIEL",3,10:00,39,31
130831,14/12/2025,PAR,CHI,274,CAMBIO-JUGADOR-SALE,VISITANTE,7,"PINO, TOMAS",3,10:00,39,31
130831,14/12/2025,PAR,CHI,275,CAMBIO-JUGADOR-SALE,VISITANTE,11,"DONOSO, PEDRO",3,10:00,39,31
130831,14/12/2025,PAR,CHI,276,CAMBIO-JUGADOR-ENTRA,VISITANTE,2,"LA RIVERA, TOMAS",3,10:00,39,31
130831,14/12/2025,PAR,CHI,277,CAMBIO-JUGADOR-ENTRA,VISITANTE,9,"STUARDO, PEDRO",3,10:00,39,31
130831,14/12/2025,PAR,CHI,278,CAMBIO-JUGADOR-ENTRA,VISITANTE,10,"SARAVIA, FRANCISCO",3,10:00,39,31
130831,14/12/2025,PAR,CHI,279,CAMBIO-JUGADOR-ENTRA,VISITANTE,17,"QUEZADA, MAXIMILIANO",3,10:00,39,31
130831,14/12/2025,PAR,CHI,280,INICIO-PERIODO,,,,3,10:00,39,31
130831,14/12/2025,PAR,CHI,281,CANASTA-3P,LOCAL,3,"RADICE, ROBERTO",3,9:44,42,31
130831,14/12/2025,PAR,CHI,282,ASISTENCIA,LOCAL,6,"TALAVERA, ALEJANDRO",3,9:44,42,31
130831,14/12/2025,PAR,CHI,283,FALTA-COMETIDA,VISITANTE,9,"STUARDO, PEDRO",3,9:44,42,31
130831,14/12/2025,PAR,CHI,284,FALTA-RECIBIDA,LOCAL,3,"RADICE, ROBERTO",3,9:44,42,31
130831,14/12/2025,PAR,CHI,285,CANASTA-1P,LOCAL,3,"RADICE, ROBERTO",3,9:44,43,31
130831,14/12/2025,PAR,CHI,286,TIRO2-FALLADO,VISITANTE,9,"STUARDO, PEDRO",3,9:25,43,31
130831,14/12/2025,PAR,CHI,287,REBOTE-DEFENSIVO,LOCAL,5,"VERA, LUIS",3,9:22,43,31
130831,14/12/2025,PAR,CHI,288,TIRO2-FALLADO,LOCAL,21,"GONZALEZ, NESTOR",3,9:10,43,31
130831,14/12/2025,PAR,CHI,289,REBOTE-DEFENSIVO,VISITANTE,4,"HITSCHFELD, MATHIAS",3,9:06,43,31
130831,14/12/2025,PAR,CHI,290,PERDIDA,VISITANTE,2,"LA RIVERA, TOMAS",3,8:57,43,31
130831,14/12/2025,PAR,CHI,291,PERDIDA,LOCAL,3,"RADICE, ROBERTO",3,8:54,43,31
130831,14/12/2025,PAR,CHI,292,RECUPERACION,VISITANTE,2,"LA RIVERA, TOMAS",3,8:54,43,31
130831,14/12/2025,PAR,CHI,293,PERDIDA,VISITANTE,2,"LA RIVERA, TOMAS",3,8:50,43,31
130831,14/12/2025,PAR,CHI,294,RECUPERACION,LOCAL,6,"TALAVERA, ALEJANDRO",3,8:50,43,31
130831,14/12/2025,PAR,CHI,295,TIRO2-FALLADO,LOCAL,21,"GONZALEZ, NESTOR",3,8:32,43,31
130831,14/12/2025,PAR,CHI,296,REBOTE-OFENSIVO,LOCAL,5,"VERA, LUIS",3,8:27,43,31
130831,14/12/2025,PAR,CHI,297,CANASTA-2P,LOCAL,5,"VERA, LUIS",3,8:27,45,31
130831,14/12/2025,PAR,CHI,298,FALTA-COMETIDA,LOCAL,3,"RADICE, ROBERTO",3,8:11,45,31
130831,14/12/2025,PAR,CHI,299,FALTA-RECIBIDA,VISITANTE,10,"SARAVIA, FRANCISCO",3,8:11,45,31
130831,14/12/2025,PAR,CHI,300,CANASTA-1P,VISITANTE,10,"SARAVIA, FRANCISCO",3,8:11,45,32
130831,14/12/2025,PAR,CHI,301,CANASTA-1P,VISITANTE,10,"SARAVIA, FRANCISCO",3,8:11,45,33
130831,14/12/2025,PAR,CHI,302,TIEMPO-MUERTO-SOLICITADO,LOCAL,,,3,7:43,45,33
130831,14/12/2025,PAR,CHI,303,FALTA-COMETIDA,LOCAL,5,"VERA, LUIS",3,7:35,45,33
130831,14/12/2025,PAR,CHI,304,FALTA-RECIBIDA,VISITANTE,10,"SARAVIA, FRANCISCO",3,7:35,45,33
130831,14/12/2025,PAR,CHI,305,CANASTA-1P,VISITANTE,10,"SARAVIA, FRANCISCO",3,7:35,45,34
130831,14/12/2025,PAR,CHI,306,CANASTA-1P,VISITANTE,10,"SARAVIA, FRANCISCO",3,7:35,45,35
130831,14/12/2025,PAR,CHI,307,CANASTA-3P,LOCAL,6,"TALAVERA, ALEJANDRO",3,7:18,48,35
130831,14/12/2025,PAR,CHI,308,ASISTENCIA,LOCAL,21,"GONZALEZ, NESTOR",3,7:18,48,35
130831,14/12/2025,PAR,CHI,309,TIRO2-FALLADO,VISITANTE,2,"LA RIVERA, TOMAS",3,7:08,48,35
130831,14/12/2025,PAR,CHI,310,REBOTE-DEFENSIVO,LOCAL,14,"ESCURRA, MAURICIO",3,7:08,48,35
130831,14/12/2025,PAR,CHI,311,TIRO3-FALLADO,LOCAL,14,"ESCURRA, MAURICIO",3,6:55,48,35
130831,14/12/2025,PAR,CHI,312,REBOTE-DEFENSIVO,VISITANTE,4,"HITSCHFELD, MATHIAS",3,6:53,48,35
130831,14/12/2025,PAR,CHI,313,FALTA-COMETIDA,LOCAL,5,"VERA, LUIS",3,6:50,48,35
130831,14/12/2025,PAR,CHI,314,FALTA-RECIBIDA,VISITANTE,4,"HITSCHFELD, MATHIAS",3,6:50,48,35
130831,14/12/2025,PAR,CHI,315,CANASTA-1P,VISITANTE,4,"HITSCHFELD, MATHIAS",3,6:50,48,36
130831,14/12/2025,PAR,CHI,316,CANASTA-1P,VISITANTE,4,"HITSCHFELD, MATHIAS",3,6:50,48,37
130831,14/12/2025,PAR,CHI,317,TIRO3-FALLADO,LOCAL,6,"TALAVERA, ALEJANDRO",3,6:32,48,37
130831,14/12/2025,PAR,CHI,318,REBOTE-DEFENSIVO,VISITANTE,4,"HITSCHFELD, MATHIAS",3,6:29,48,37
130831,14/12/2025,PAR,CHI,319,PERDIDA,VISITANTE,4,"HITSCHFELD, MATHIAS",3,6:29,48,37
130831,14/12/2025,PAR,CHI,320,TIRO3-FALLADO,LOCAL,14,"ESCURRA, MAURICIO",3,6:20,48,37
130831,14/12/2025,PAR,CHI,321,REBOTE-DEFENSIVO,VISITANTE,17,"QUEZADA, MAXIMILIANO",3,6:16,48,37
130831,14/12/2025,PAR,CHI,322,CANASTA-3P,VISITANTE,10,"SARAVIA, FRANCISCO",3,6:06,48,40
130831,14/12/2025,PAR,CHI,323,FALTA-COMETIDA,VISITANTE,2,"LA RIVERA, TOMAS",3,5:59,48,40
130831,14/12/2025,PAR,CHI,324,FALTA-RECIBIDA,LOCAL,14,"ESCURRA, MAURICIO",3,5:59,48,40
130831,14/12/2025,PAR,CHI,325,TIRO3-FALLADO,LOCAL,21,"GONZALEZ, NESTOR",3,5:55,48,40
130831,14/12/2025,PAR,CHI,326,REBOTE-DEFENSIVO,VISITANTE,4,"HITSCHFELD, MATHIAS",3,5:51,48,40
130831,14/12/2025,PAR,CHI,327,FALTA-COMETIDA,LOCAL,3,"RADICE, ROBERTO",3,5:51,48,40
130831,14/12/2025,PAR,CHI,328,FALTA-RECIBIDA,VISITANTE,4,"HITSCHFELD, MATHIAS",3,5:51,48,40
130831,14/12/2025,PAR,CHI,329,CANASTA-1P,VISITANTE,4,"HITSCHFELD, MATHIAS",3,5:51,48,41
130831,14/12/2025,PAR,CHI,330,CANASTA-1P,VISITANTE,4,"HITSCHFELD, MATHIAS",3,5:51,48,42
130831,14/12/2025,PAR,CHI,331,TIRO3-FALLADO,VISITANTE,10,"SARAVIA, FRANCISCO",3,5:45,48,42
130831,14/12/2025,PAR,CHI,332,REBOTE-DEFENSIVO,LOCAL,3,"RADICE, ROBERTO",3,5:41,48,42
130831,14/12/2025,PAR,CHI,333,TIRO3-FALLADO,LOCAL,5,"VERA, LUIS",3,5:31,48,42
130831,14/12/2025,PAR,CHI,334,REBOTE-DEFENSIVO,VISITANTE,17,"QUEZADA, MAXIMILIANO",3,5:29,48,42
130831,14/12/2025,PAR,CHI,335,FALTA-COMETIDA,LOCAL,3,"RADICE, ROBERTO",3,5:23,48,42
130831,14/12/2025,PAR,CHI,336,FALTA-RECIBIDA,VISITANTE,4,"HITSCHFELD, MATHIAS",3,5:23,48,42
130831,14/12/2025,PAR,CHI,337,CAMBIO-JUGADOR-SALE,LOCAL,5,"VERA, LUIS",3,5:23,48,42
130831,14/12/2025,PAR,CHI,338,CAMBIO-JUGADOR-SALE,LOCAL,6,"TALAVERA, ALEJANDRO",3,5:23,48,42
130831,14/12/2025,PAR,CHI,339,CAMBIO-JUGADOR-ENTRA,LOCAL,9,"VAZQUEZ, JUAN",3,5:23,48,42
130831,14/12/2025,PAR,CHI,340,CAMBIO-JUGADOR-ENTRA,LOCAL,34,"GIMENEZ, MAXIMILIANO",3,5:23,48,42
130831,14/12/2025,PAR,CHI,341,CAMBIO-JUGADOR-SALE,VISITANTE,2,"LA RIVERA, TOMAS",3,5:23,48,42
130831,14/12/2025,PAR,CHI,342,CAMBIO-JUGADOR-ENTRA,VISITANTE,1,"PACHANO, GABRIEL",3,5:23,48,42
130831,14/12/2025,PAR,CHI,343,CANASTA-1P,VISITANTE,4,"HITSCHFELD, MATHIAS",3,5:23,48,43
130831,14/12/2025,PAR,CHI,344,CANASTA-1P,VISITANTE,4,"HITSCHFELD, MATHIAS",3,5:23,48,44
130831,14/12/2025,PAR,CHI,345,CANASTA-2P,LOCAL,21,"GONZALEZ, NESTOR",3,5:05,50,44
130831,14/12/2025,PAR,CHI,346,CAMBIO-JUGADOR-SALE,LOCAL,14,"ESCURRA, MAURICIO",3,4:55,50,44
130831,14/12/2025,PAR,CHI,347,CAMBIO-JUGADOR-ENTRA,LOCAL,6,"TALAVERA, ALEJANDRO",3,4:55,50,44
130831,14/12/2025,PAR,CHI,348,CAMBIO-JUGADOR-SALE,VISITANTE,17,"QUEZADA, MAXIMILIANO",3,4:55,50,44
130831,14/12/2025,PAR,CHI,349,CAMBIO-JUGADOR-ENTRA,VISITANTE,11,"DONOSO, PEDRO",3,4:55,50,44
130831,14/12/2025,PAR,CHI,350,FALTA-COMETIDA,LOCAL,34,"GIMENEZ, MAXIMILIANO",3,4:47,50,44
130831,14/12/2025,PAR,CHI,351,FALTA-RECIBIDA,VISITANTE,9,"STUARDO, PEDRO",3,4:47,50,44
130831,14/12/2025,PAR,CHI,352,CANASTA-1P,VISITANTE,9,"STUARDO, PEDRO",3,4:47,50,45
130831,14/12/2025,PAR,CHI,353,CANASTA-1P,VISITANTE,9,"STUARDO, PEDRO",3,4:47,50,46
130831,14/12/2025,PAR,CHI,354,PERDIDA,LOCAL,9,"VAZQUEZ, JUAN",3,4:41,50,46
130831,14/12/2025,PAR,CHI,355,RECUPERACION,VISITANTE,9,"STUARDO, PEDRO",3,4:41,50,46
130831,14/12/2025,PAR,CHI,356,TIRO3-FALLADO,VISITANTE,1,"PACHANO, GABRIEL",3,4:37,50,46
130831,14/12/2025,PAR,CHI,357,REBOTE-OFENSIVO,VISITANTE,10,"SARAVIA, FRANCISCO",3,4:33,50,46
130831,14/12/2025,PAR,CHI,358,CANASTA-2P,VISITANTE,10,"SARAVIA, FRANCISCO",3,4:33,50,48
130831,14/12/2025,PAR,CHI,359,TIEMPO-MUERTO-SOLICITADO,LOCAL,,,3,4:33,50,48
130831,14/12/2025,PAR,CHI,360,CANASTA-2P,LOCAL,34,"GIMENEZ, MAXIMILIANO",3,4:12,52,48
130831,14/12/2025,PAR,CHI,361,ASISTENCIA,LOCAL,3,"RADICE, ROBERTO",3,4:12,52,48
130831,14/12/2025,PAR,CHI,362,TIRO3-FALLADO,VISITANTE,10,"SARAVIA, FRANCISCO",3,4:01,52,48
130831,14/12/2025,PAR,CHI,363,REBOTE-DEFENSIVO,LOCAL,34,"GIMENEZ, MAXIMILIANO",3,3:58,52,48
130831,14/12/2025,PAR,CHI,364,FALTA-COMETIDA,VISITANTE,11,"DONOSO, PEDRO",3,3:49,52,48
130831,14/12/2025,PAR,CHI,365,FALTA-RECIBIDA,LOCAL,21,"GONZALEZ, NESTOR",3,3:49,52,48
130831,14/12/2025,PAR,CHI,366,CANASTA-3P,LOCAL,6,"TALAVERA, ALEJANDRO",3,3:43,55,48
130831,14/12/2025,PAR,CHI,367,ASISTENCIA,LOCAL,34,"GIMENEZ, MAXIMILIANO",3,3:43,55,48
130831,14/12/2025,PAR,CHI,368,CANASTA-2P,VISITANTE,4,"HITSCHFELD, MATHIAS",3,3:25,55,50
130831,14/12/2025,PAR,CHI,369,CANASTA-2P,LOCAL,9,"VAZQUEZ, JUAN",3,3:02,57,50
130831,14/12/2025,PAR,CHI,370,ASISTENCIA,LOCAL,3,"RADICE, ROBERTO",3,3:02,57,50
130831,14/12/2025,PAR,CHI,371,PERDIDA,VISITANTE,4,"HITSCHFELD, MATHIAS",3,2:46,57,50
130831,14/12/2025,PAR,CHI,372,CAMBIO-JUGADOR-SALE,VISITANTE,4,"HITSCHFELD, MATHIAS",3,2:46,57,50
130831,14/12/2025,PAR,CHI,373,CAMBIO-JUGADOR-SALE,VISITANTE,9,"STUARDO, PEDRO",3,2:46,57,50
130831,14/12/2025,PAR,CHI,374,CAMBIO-JUGADOR-SALE,VISITANTE,11,"DONOSO, PEDRO",3,2:46,57,50
130831,14/12/2025,PAR,CHI,375,CAMBIO-JUGADOR-ENTRA,VISITANTE,2,"LA RIVERA, TOMAS",3,2:46,57,50
130831,14/12/2025,PAR,CHI,376,CAMBIO-JUGADOR-ENTRA,VISITANTE,15,"VELÁSQUEZ, MATEO",3,2:46,57,50
130831,14/12/2025,PAR,CHI,377,CAMBIO-JUGADOR-ENTRA,VISITANTE,17,"QUEZADA, MAXIMILIANO",3,2:46,57,50
130831,14/12/2025,PAR,CHI,378,TIRO2-FALLADO,LOCAL,21,"GONZALEZ, NESTOR",3,2:46,57,50
130831,14/12/2025,PAR,CHI,379,REBOTE-DEFENSIVO,VISITANTE,17,"QUEZADA, MAXIMILIANO",3,2:46,57,50
130831,14/12/2025,PAR,CHI,380,TIRO2-FALLADO,VISITANTE,1,"PACHANO, GABRIEL",3,2:46,57,50
130831,14/12/2025,PAR,CHI,381,TAPON-COMETIDO,LOCAL,21,"GONZALEZ, NESTOR",3,2:46,57,50
130831,14/12/2025,PAR,CHI,382,REBOTE-OFENSIVO,VISITANTE,17,"QUEZADA, MAXIMILIANO",3,2:42,57,50
130831,14/12/2025,PAR,CHI,383,CANASTA-2P,VISITANTE,17,"QUEZADA, MAXIMILIANO",3,2:42,57,52
130831,14/12/2025,PAR,CHI,384,FALTA-COMETIDA,LOCAL,34,"GIMENEZ, MAXIMILIANO",3,2:42,57,52
130831,14/12/2025,PAR,CHI,385,FALTA-RECIBIDA,VISITANTE,17,"QUEZADA, MAXIMILIANO",3,2:42,57,52
130831,14/12/2025,PAR,CHI,386,CANASTA-1P,VISITANTE,17,"QUEZADA, MAXIMILIANO",3,2:42,57,53
130831,14/12/2025,PAR,CHI,387,PERDIDA,LOCAL,21,"GONZALEZ, NESTOR",3,2:33,57,53
130831,14/12/2025,PAR,CHI,388,CAMBIO-JUGADOR-SALE,LOCAL,21,"GONZALEZ, NESTOR",3,2:30,57,53
130831,14/12/2025,PAR,CHI,389,CAMBIO-JUGADOR-ENTRA,LOCAL,15,"HACHEN, RICHARD",3,2:30,57,53
130831,14/12/2025,PAR,CHI,390,TIRO3-FALLADO,VISITANTE,10,"SARAVIA, FRANCISCO",3,2:07,57,53
130831,14/12/2025,PAR,CHI,391,REBOTE-OFENSIVO,VISITANTE,2,"LA RIVERA, TOMAS",3,2:04,57,53
130831,14/12/2025,PAR,CHI,392,CANASTA-3P,VISITANTE,1,"PACHANO, GABRIEL",3,2:02,57,56
130831,14/12/2025,PAR,CHI,393,ASISTENCIA,VISITANTE,2,"LA RIVERA, TOMAS",3,2:02,57,56
130831,14/12/2025,PAR,CHI,394,FALTA-COMETIDA,LOCAL,9,"VAZQUEZ, JUAN",3,2:01,57,56
130831,14/12/2025,PAR,CHI,395,FALTA-RECIBIDA,VISITANTE,1,"PACHANO, GABRIEL",3,2:01,57,56
130831,14/12/2025,PAR,CHI,396,CANASTA-1P,VISITANTE,1,"PACHANO, GABRIEL",3,1:51,57,57
130831,14/12/2025,PAR,CHI,397,CAMBIO-JUGADOR-SALE,LOCAL,3,"RADICE, ROBERTO",3,1:51,57,57
130831,14/12/2025,PAR,CHI,398,CAMBIO-JUGADOR-ENTRA,LOCAL,14,"ESCURRA, MAURICIO",3,1:51,57,57
130831,14/12/2025,PAR,CHI,399,CAMBIO-JUGADOR-SALE,VISITANTE,17,"QUEZADA, MAXIMILIANO",3,1:51,57,57
130831,14/12/2025,PAR,CHI,400,CAMBIO-JUGADOR-ENTRA,VISITANTE,9,"STUARDO, PEDRO",3,1:51,57,57
130831,14/12/2025,PAR,CHI,401,CAMBIO-JUGADOR-SALE,LOCAL,15,"HACHEN, RICHARD",3,1:51,57,57
130831,14/12/2025,PAR,CHI,402,CAMBIO-JUGADOR-ENTRA,LOCAL,5,"VERA, LUIS",3,1:51,57,57
130831,14/12/2025,PAR,CHI,403,CANASTA-2P,LOCAL,14,"ESCURRA, MAURICIO",3,1:40,59,57
130831,14/12/2025,PAR,CHI,404,ASISTENCIA,LOCAL,5,"VERA, LUIS",3,1:40,59,57
130831,14/12/2025,PAR,CHI,405,TIRO2-FALLADO,VISITANTE,2,"LA RIVERA, TOMAS",3,1:23,59,57
130831,14/12/2025,PAR,CHI,406,REBOTE-DEFENSIVO,LOCAL,,,3,1:20,59,57
130831,14/12/2025,PAR,CHI,407,PERDIDA,LOCAL,5,"VERA, LUIS",3,1:14,59,57
130831,14/12/2025,PAR,CHI,408,RECUPERACION,VISITANTE,9,"STUARDO, PEDRO",3,1:14,59,57
130831,14/12/2025,PAR,CHI,409,PERDIDA,VISITANTE,9,"STUARDO, PEDRO",3,1:02,59,57
130831,14/12/2025,PAR,CHI,410,RECUPERACION,LOCAL,34,"GIMENEZ, MAXIMILIANO",3,1:02,59,57
130831,14/12/2025,PAR,CHI,411,PERDIDA,LOCAL,9,"VAZQUEZ, JUAN",3,0:47,59,57
130831,14/12/2025,PAR,CHI,412,RECUPERACION,VISITANTE,9,"STUARDO, PEDRO",3,0:47,59,57
130831,14/12/2025,PAR,CHI,413,CANASTA-2P,VISITANTE,15,"VELÁSQUEZ, MATEO",3,0:41,59,59
130831,14/12/2025,PAR,CHI,414,TIRO2-FALLADO,LOCAL,6,"TALAVERA, ALEJANDRO",3,0:29,59,59
130831,14/12/2025,PAR,CHI,415,REBOTE-OFENSIVO,LOCAL,6,"TALAVERA, ALEJANDRO",3,0:27,59,59
130831,14/12/2025,PAR,CHI,416,TIRO2-FALLADO,LOCAL,6,"TALAVERA, ALEJANDRO",3,0:25,59,59
130831,14/12/2025,PAR,CHI,417,REBOTE-OFENSIVO,LOCAL,5,"VERA, LUIS",3,0:23,59,59
130831,14/12/2025,PAR,CHI,418,FALTA-COMETIDA,VISITANTE,9,"STUARDO, PEDRO",3,0:22,59,59
130831,14/12/2025,PAR,CHI,419,FALTA-RECIBIDA,LOCAL,5,"VERA, LUIS",3,0:22,59,59
130831,14/12/2025,PAR,CHI,420,CANASTA-1P,LOCAL,5,"VERA, LUIS",3,0:22,60,59
130831,14/12/2025,PAR,CHI,421,CANASTA-1P,LOCAL,5,"VERA, LUIS",3,0:22,61,59
130831,14/12/2025,PAR,CHI,422,TIRO3-FALLADO,VISITANTE,15,"VELÁSQUEZ, MATEO",3,0:15,61,59
130831,14/12/2025,PAR,CHI,423,REBOTE-DEFENSIVO,LOCAL,,,3,0:03,61,59
130831,14/12/2025,PAR,CHI,424,FINAL-PERIODO,,,,3,0:00,61,59
130831,14/12/2025,PAR,CHI,425,CAMBIO-JUGADOR-SALE,VISITANTE,9,"STUARDO, PEDRO",4,10:00,61,59
130831,14/12/2025,PAR,CHI,426,CAMBIO-JUGADOR-ENTRA,VISITANTE,17,"QUEZADA, MAXIMILIANO",4,10:00,61,59
130831,14/12/2025,PAR,CHI,427,INICIO-PERIODO,,,,4,10:00,61,59
130831,14/12/2025,PAR,CHI,428,TIRO2-FALLADO,VISITANTE,10,"SARAVIA, FRANCISCO",4,9:44,61,59
130831,14/12/2025,PAR,CHI,429,REBOTE-DEFENSIVO,LOCAL,34,"GIMENEZ, MAXIMILIANO",4,9:40,61,59
130831,14/12/2025,PAR,CHI,430,TIRO3-FALLADO,LOCAL,5,"VERA, LUIS",4,9:23,61,59
130831,14/12/2025,PAR,CHI,431,REBOTE-OFENSIVO,LOCAL,9,"VAZQUEZ, JUAN",4,9:20,61,59
130831,14/12/2025,PAR,CHI,432,TIRO2-FALLADO,LOCAL,6,"TALAVERA, ALEJANDRO",4,9:08,61,59
130831,14/12/2025,PAR,CHI,433,REBOTE-DEFENSIVO,VISITANTE,2,"LA RIVERA, TOMAS",4,9:05,61,59
130831,14/12/2025,PAR,CHI,434,TIRO3-FALLADO,VISITANTE,15,"VELÁSQUEZ, MATEO",4,8:57,61,59
130831,14/12/2025,PAR,CHI,435,REBOTE-DEFENSIVO,LOCAL,34,"GIMENEZ, MAXIMILIANO",4,8:53,61,59
130831,14/12/2025,PAR,CHI,436,TIRO2-FALLADO,LOCAL,5,"VERA, LUIS",4,8:36,61,59
130831,14/12/2025,PAR,CHI,437,REBOTE-DEFENSIVO,VISITANTE,2,"LA RIVERA, TOMAS",4,8:32,61,59
130831,14/12/2025,PAR,CHI,438,CANASTA-2P,VISITANTE,10,"SARAVIA, FRANCISCO",4,8:16,61,61
130831,14/12/2025,PAR,CHI,439,FALTA-COMETIDA,VISITANTE,15,"VELÁSQUEZ, MATEO",4,8:00,61,61
130831,14/12/2025,PAR,CHI,440,FALTA-RECIBIDA,LOCAL,14,"ESCURRA, MAURICIO",4,8:00,61,61
130831,14/12/2025,PAR,CHI,441,CAMBIO-JUGADOR-SALE,LOCAL,6,"TALAVERA, ALEJANDRO",4,8:00,61,61
130831,14/12/2025,PAR,CHI,442,CAMBIO-JUGADOR-ENTRA,LOCAL,3,"RADICE, ROBERTO",4,8:00,61,61
130831,14/12/2025,PAR,CHI,443,PERDIDA,LOCAL,14,"ESCURRA, MAURICIO",4,7:57,61,61
130831,14/12/2025,PAR,CHI,444,RECUPERACION,VISITANTE,2,"LA RIVERA, TOMAS",4,7:57,61,61
130831,14/12/2025,PAR,CHI,445,FALTA-COMETIDA,LOCAL,14,"ESCURRA, MAURICIO",4,7:55,61,61
130831,14/12/2025,PAR,CHI,446,FALTA-RECIBIDA,VISITANTE,2,"LA RIVERA, TOMAS",4,7:55,61,61
130831,14/12/2025,PAR,CHI,447,CAMBIO-JUGADOR-SALE,VISITANTE,15,"VELÁSQUEZ, MATEO",4,7:55,61,61
130831,14/12/2025,PAR,CHI,448,CAMBIO-JUGADOR-ENTRA,VISITANTE,9,"STUARDO, PEDRO",4,7:55,61,61
130831,14/12/2025,PAR,CHI,449,CAMBIO-JUGADOR-SALE,LOCAL,5,"VERA, LUIS",4,7:45,61,61
130831,14/12/2025,PAR,CHI,450,CAMBIO-JUGADOR-ENTRA,LOCAL,21,"GONZALEZ, NESTOR",4,7:45,61,61
130831,14/12/2025,PAR,CHI,451,TIRO3-FALLADO,VISITANTE,10,"SARAVIA, FRANCISCO",4,7:36,61,61
130831,14/12/2025,PAR,CHI,452,REBOTE-DEFENSIVO,LOCAL,21,"GONZALEZ, NESTOR",4,7:34,61,61
130831,14/12/2025,PAR,CHI,453,TIRO2-FALLADO,LOCAL,21,"GONZALEZ, NESTOR",4,7:11,61,61
130831,14/12/2025,PAR,CHI,454,REBOTE-DEFENSIVO,VISITANTE,1,"PACHANO, GABRIEL",4,7:08,61,61
130831,14/12/2025,PAR,CHI,455,CANASTA-2P,VISITANTE,10,"SARAVIA, FRANCISCO",4,6:51,61,63
130831,14/12/2025,PAR,CHI,456,PERDIDA,LOCAL,14,"ESCURRA, MAURICIO",4,6:34,61,63
130831,14/12/2025,PAR,CHI,457,RECUPERACION,VISITANTE,2,"LA RIVERA, TOMAS",4,6:34,61,63
130831,14/12/2025,PAR,CHI,458,TIRO2-FALLADO,VISITANTE,9,"STUARDO, PEDRO",4,6:29,61,63
130831,14/12/2025,PAR,CHI,459,REBOTE-OFENSIVO,VISITANTE,9,"STUARDO, PEDRO",4,6:25,61,63
130831,14/12/2025,PAR,CHI,460,CANASTA-2P,VISITANTE,9,"STUARDO, PEDRO",4,6:25,61,65
130831,14/12/2025,PAR,CHI,461,PERDIDA,LOCAL,9,"VAZQUEZ, JUAN",4,6:18,61,65
130831,14/12/2025,PAR,CHI,462,CAMBIO-JUGADOR-SALE,LOCAL,9,"VAZQUEZ, JUAN",4,6:18,61,65
130831,14/12/2025,PAR,CHI,463,CAMBIO-JUGADOR-SALE,LOCAL,34,"GIMENEZ, MAXIMILIANO",4,6:18,61,65
130831,14/12/2025,PAR,CHI,464,CAMBIO-JUGADOR-ENTRA,LOCAL,5,"VERA, LUIS",4,6:18,61,65
130831,14/12/2025,PAR,CHI,465,CAMBIO-JUGADOR-ENTRA,LOCAL,6,"TALAVERA, ALEJANDRO",4,6:18,61,65
130831,14/12/2025,PAR,CHI,466,CAMBIO-JUGADOR-SALE,VISITANTE,2,"LA RIVERA, TOMAS",4,6:18,61,65
130831,14/12/2025,PAR,CHI,467,CAMBIO-JUGADOR-ENTRA,VISITANTE,4,"HITSCHFELD, MATHIAS",4,6:18,61,65
130831,14/12/2025,PAR,CHI,468,TIRO3-FALLADO,VISITANTE,9,"STUARDO, PEDRO",4,6:03,61,65
130831,14/12/2025,PAR,CHI,469,REBOTE-OFENSIVO,VISITANTE,4,"HITSCHFELD, MATHIAS",4,6:00,61,65
130831,14/12/2025,PAR,CHI,470,CANASTA-2P,VISITANTE,10,"SARAVIA, FRANCISCO",4,5:58,61,67
130831,14/12/2025,PAR,CHI,471,FALTA-COMETIDA,LOCAL,3,"RADICE, ROBERTO",4,5:44,61,67
130831,14/12/2025,PAR,CHI,472,PERDIDA,LOCAL,3,"RADICE, ROBERTO",4,5:44,61,67
130831,14/12/2025,PAR,CHI,473,FALTA-RECIBIDA,VISITANTE,1,"PACHANO, GABRIEL",4,5:44,61,67
130831,14/12/2025,PAR,CHI,474,TIRO2-FALLADO,VISITANTE,10,"SARAVIA, FRANCISCO",4,5:28,61,67
130831,14/12/2025,PAR,CHI,475,REBOTE-DEFENSIVO,LOCAL,21,"GONZALEZ, NESTOR",4,5:26,61,67
130831,14/12/2025,PAR,CHI,476,FALTA-COMETIDA,VISITANTE,9,"STUARDO, PEDRO",4,5:13,61,67
130831,14/12/2025,PAR,CHI,477,FALTA-RECIBIDA,LOCAL,21,"GONZALEZ, NESTOR",4,5:13,61,67
130831,14/12/2025,PAR,CHI,478,CANASTA-1P,LOCAL,21,"GONZALEZ, NESTOR",4,5:13,62,67
130831,14/12/2025,PAR,CHI,479,ASISTENCIA,LOCAL,14,"ESCURRA, MAURICIO",4,5:13,62,67
130831,14/12/2025,PAR,CHI,480,CANASTA-1P,LOCAL,21,"GONZALEZ, NESTOR",4,5:13,63,67
130831,14/12/2025,PAR,CHI,481,TIRO3-FALLADO,VISITANTE,1,"PACHANO, GABRIEL",4,4:54,63,67
130831,14/12/2025,PAR,CHI,482,REBOTE-DEFENSIVO,LOCAL,14,"ESCURRA, MAURICIO",4,4:50,63,67
130831,14/12/2025,PAR,CHI,483,CANASTA-3P,LOCAL,6,"TALAVERA, ALEJANDRO",4,4:36,66,67
130831,14/12/2025,PAR,CHI,484,TIEMPO-MUERTO-SOLICITADO,VISITANTE,,,4,4:34,66,67
130831,14/12/2025,PAR,CHI,485,CANASTA-2P,VISITANTE,10,"SARAVIA, FRANCISCO",4,4:14,66,69
130831,14/12/2025,PAR,CHI,486,TIRO2-FALLADO,LOCAL,14,"ESCURRA, MAURICIO",4,3:52,66,69
130831,14/12/2025,PAR,CHI,487,TAPON-COMETIDO,VISITANTE,4,"HITSCHFELD, MATHIAS",4,3:52,66,69
130831,14/12/2025,PAR,CHI,488,REBOTE-DEFENSIVO,VISITANTE,4,"HITSCHFELD, MATHIAS",4,3:50,66,69
130831,14/12/2025,PAR,CHI,489,FALTA-COMETIDA,LOCAL,14,"ESCURRA, MAURICIO",4,3:50,66,69
130831,14/12/2025,PAR,CHI,490,FALTA-RECIBIDA,VISITANTE,4,"HITSCHFELD, MATHIAS",4,3:50,66,69
130831,14/12/2025,PAR,CHI,491,TIRO3-FALLADO,VISITANTE,10,"SARAVIA, FRANCISCO",4,3:30,66,69
130831,14/12/2025,PAR,CHI,492,REBOTE-OFENSIVO,VISITANTE,9,"STUARDO, PEDRO",4,3:25,66,69
130831,14/12/2025,PAR,CHI,493,CANASTA-2P,VISITANTE,9,"STUARDO, PEDRO",4,3:25,66,71
130831,14/12/2025,PAR,CHI,494,TIEMPO-MUERTO-SOLICITADO,LOCAL,,,4,3:25,66,71
130831,14/12/2025,PAR,CHI,495,CANASTA-2P,LOCAL,3,"RADICE, ROBERTO",4,3:14,68,71
130831,14/12/2025,PAR,CHI,496,ASISTENCIA,LOCAL,14,"ESCURRA, MAURICIO",4,3:14,68,71
130831,14/12/2025,PAR,CHI,497,TIRO2-FALLADO,VISITANTE,1,"PACHANO, GABRIEL",4,3:14,68,71
130831,14/12/2025,PAR,CHI,498,REBOTE-DEFENSIVO,LOCAL,21,"GONZALEZ, NESTOR",4,3:14,68,71
130831,14/12/2025,PAR,CHI,499,CANASTA-3P,LOCAL,3,"RADICE, ROBERTO",4,3:14,71,71
130831,14/12/2025,PAR,CHI,500,ASISTENCIA,LOCAL,6,"TALAVERA, ALEJANDRO",4,3:14,71,71
130831,14/12/2025,PAR,CHI,501,FALTA-COMETIDA,VISITANTE,17,"QUEZADA, MAXIMILIANO",4,3:10,71,71
130831,14/12/2025,PAR,CHI,502,FALTA-RECIBIDA,LOCAL,21,"GONZALEZ, NESTOR",4,3:10,71,71
130831,14/12/2025,PAR,CHI,503,TIRO2-FALLADO,LOCAL,14,"ESCURRA, MAURICIO",4,2:55,71,71
130831,14/12/2025,PAR,CHI,504,REBOTE-DEFENSIVO,VISITANTE,17,"QUEZADA, MAXIMILIANO",4,2:53,71,71
130831,14/12/2025,PAR,CHI,505,TIRO3-FALLADO,VISITANTE,1,"PACHANO, GABRIEL",4,2:35,71,71
130831,14/12/2025,PAR,CHI,506,REBOTE-DEFENSIVO,LOCAL,21,"GONZALEZ, NESTOR",4,2:32,71,71
130831,14/12/2025,PAR,CHI,507,CANASTA-3P,LOCAL,6,"TALAVERA, ALEJANDRO",4,2:07,74,71
130831,14/12/2025,PAR,CHI,508,ASISTENCIA,LOCAL,21,"GONZALEZ, NESTOR",4,2:07,74,71
130831,14/12/2025,PAR,CHI,509,TIEMPO-MUERTO-SOLICITADO,VISITANTE,,,4,1:57,74,71
130831,14/12/2025,PAR,CHI,510,CAMBIO-JUGADOR-SALE,VISITANTE,1,"PACHANO, GABRIEL",4,1:36,74,71
130831,14/12/2025,PAR,CHI,511,CAMBIO-JUGADOR-ENTRA,VISITANTE,2,"LA RIVERA, TOMAS",4,1:36,74,71
130831,14/12/2025,PAR,CHI,512,CANASTA-2P,VISITANTE,10,"SARAVIA, FRANCISCO",4,1:36,74,73
130831,14/12/2025,PAR,CHI,513,TIRO3-FALLADO,LOCAL,14,"ESCURRA, MAURICIO",4,1:22,74,73
130831,14/12/2025,PAR,CHI,514,REBOTE-DEFENSIVO,VISITANTE,9,"STUARDO, PEDRO",4,1:19,74,73
130831,14/12/2025,PAR,CHI,515,FALTA-COMETIDA,LOCAL,14,"ESCURRA, MAURICIO",4,1:17,74,73
130831,14/12/2025,PAR,CHI,516,FALTA-RECIBIDA,VISITANTE,10,"SARAVIA, FRANCISCO",4,1:17,74,73
130831,14/12/2025,PAR,CHI,517,CANASTA-1P,VISITANTE,10,"SARAVIA, FRANCISCO",4,1:17,74,74
130831,14/12/2025,PAR,CHI,518,TIRO1-FALLADO,VISITANTE,10,"SARAVIA, FRANCISCO",4,1:17,74,74
130831,14/12/2025,PAR,CHI,519,REBOTE-DEFENSIVO,LOCAL,21,"GONZALEZ, NESTOR",4,1:17,74,74
130831,14/12/2025,PAR,CHI,520,FALTA-COMETIDA,VISITANTE,17,"QUEZADA, MAXIMILIANO",4,1:14,74,74
130831,14/12/2025,PAR,CHI,521,FALTA-RECIBIDA,LOCAL,6,"TALAVERA, ALEJANDRO",4,1:14,74,74
130831,14/12/2025,PAR,CHI,522,CAMBIO-JUGADOR-SALE,VISITANTE,17,"QUEZADA, MAXIMILIANO",4,1:14,74,74
130831,14/12/2025,PAR,CHI,523,CAMBIO-JUGADOR-ENTRA,VISITANTE,15,"VELÁSQUEZ, MATEO",4,1:14,74,74
130831,14/12/2025,PAR,CHI,524,CANASTA-2P,LOCAL,14,"ESCURRA, MAURICIO",4,0:50,76,74
130831,14/12/2025,PAR,CHI,525,PERDIDA,VISITANTE,9,"STUARDO, PEDRO",4,0:34,76,74
130831,14/12/2025,PAR,CHI,526,RECUPERACION,LOCAL,21,"GONZALEZ, NESTOR",4,0:34,76,74
130831,14/12/2025,PAR,CHI,527,PERDIDA,LOCAL,6,"TALAVERA, ALEJANDRO",4,0:18,76,74
130831,14/12/2025,PAR,CHI,528,RECUPERACION,VISITANTE,2,"LA RIVERA, TOMAS",4,0:18,76,74
130831,14/12/2025,PAR,CHI,529,TIRO2-FALLADO,VISITANTE,4,"HITSCHFELD, MATHIAS",4,0:13,76,74
130831,14/12/2025,PAR,CHI,530,REBOTE-OFENSIVO,VISITANTE,10,"SARAVIA, FRANCISCO",4,0:10,76,74
130831,14/12/2025,PAR,CHI,531,TIRO2-FALLADO,VISITANTE,9,"STUARDO, PEDRO",4,0:09,76,74
130831,14/12/2025,PAR,CHI,532,REBOTE-OFENSIVO,VISITANTE,9,"STUARDO, PEDRO",4,0:08,76,74
130831,14/12/2025,PAR,CHI,533,FALTA-COMETIDA,LOCAL,14,"ESCURRA, MAURICIO",4,0:08,76,74
130831,14/12/2025,PAR,CHI,534,FALTA-RECIBIDA,VISITANTE,9,"STUARDO, PEDRO",4,0:08,76,74
130831,14/12/2025,PAR,CHI,535,TIRO1-FALLADO,VISITANTE,9,"STUARDO, PEDRO",4,0:08,76,74
130831,14/12/2025,PAR,CHI,536,TIRO1-FALLADO,VISITANTE,9,"STUARDO, PEDRO",4,0:07,76,74
130831,14/12/2025,PAR,CHI,537,REBOTE-DEFENSIVO,LOCAL,14,"ESCURRA, MAURICIO",4,0:05,76,74
130831,14/12/2025,PAR,CHI,538,FALTA-COMETIDA,VISITANTE,10,"SARAVIA, FRANCISCO",4,0:05,76,74
130831,14/12/2025,PAR,CHI,539,FALTA-RECIBIDA,LOCAL,14,"ESCURRA, MAURICIO",4,0:05,76,74
130831,14/12/2025,PAR,CHI,540,TIRO1-FALLADO,LOCAL,14,"ESCURRA, MAURICIO",4,0:03,76,74
130831,14/12/2025,PAR,CHI,541,TIRO1-FALLADO,LOCAL,14,"ESCURRA, MAURICIO",4,0:03,76,74
130831,14/12/2025,PAR,CHI,542,REBOTE-DEFENSIVO,VISITANTE,9,"STUARDO, PEDRO",4,0:03,76,74
130831,14/12/2025,PAR,CHI,543,FINAL-PERIODO,,,,4,0:00,76,74
130831,14/12/2025,PAR,CHI,544,FINAL-PARTIDO,,,,4,0:00,76,74
130832,14/12/2025,VEN,URU,0,INICIO-PARTIDO,,,,1,10:00,0,0
130832,14/12/2025,VEN,URU,1,INICIO-PERIODO,,,,1,10:00,0,0
130832,14/12/2025,VEN,URU,2,CAMBIO-JUGADOR-ENTRA,LOCAL,2,"TORRES, DEIKER",1,10:00,0,0
130832,14/12/2025,VEN,URU,3,CAMBIO-JUGADOR-ENTRA,LOCAL,7,"LARA, JOSE",1,10:00,0,0
130832,14/12/2025,VEN,URU,4,CAMBIO-JUGADOR-ENTRA,LOCAL,14,"GUTIERREZ, KEVIN",1,10:00,0,0
130832,14/12/2025,VEN,URU,5,CAMBIO-JUGADOR-ENTRA,LOCAL,18,"ANILLO, WILLIAMS",1,10:00,0,0
130832,14/12/2025,VEN,URU,6,CAMBIO-JUGADOR-ENTRA,LOCAL,23,"NIÑO, SAMUEL",1,10:00,0,0
130832,14/12/2025,VEN,URU,7,CAMBIO-JUGADOR-ENTRA,VISITANTE,5,"IZUIBEJERES, FACUNDO",1,10:00,0,0
130832,14/12/2025,VEN,URU,8,CAMBIO-JUGADOR-ENTRA,VISITANTE,10,"GOMEZ, LAUTARO",1,10:00,0,0
130832,14/12/2025,VEN,URU,9,CAMBIO-JUGADOR-ENTRA,VISITANTE,11,"TESTA, NICOLAS",1,10:00,0,0
130832,14/12/2025,VEN,URU,10,CAMBIO-JUGADOR-ENTRA,VISITANTE,19,"FATA, GABRIEL",1,10:00,0,0
130832,14/12/2025,VEN,URU,11,CAMBIO-JUGADOR-ENTRA,VISITANTE,22,"OROZCO, LUCAS",1,10:00,0,0
130832,14/12/2025,VEN,URU,12,JUMP-BALL,,,,1,10:00,0,0
130832,14/12/2025,VEN,URU,13,JUMP-BALL,LOCAL,14,"GUTIERREZ, KEVIN",1,9:58,0,0
130832,14/12/2025,VEN,URU,14,JUMP-BALL,VISITANTE,10,"GOMEZ, LAUTARO",1,9:58,0,0
130832,14/12/2025,VEN,URU,15,PERDIDA,LOCAL,23,"NIÑO, SAMUEL",1,9:44,0,0
130832,14/12/2025,VEN,URU,16,CANASTA-2P,VISITANTE,11,"TESTA, NICOLAS",1,9:44,0,2
130832,14/12/2025,VEN,URU,17,CANASTA-2P,LOCAL,7,"LARA, JOSE",1,9:36,2,2
130832,14/12/2025,VEN,URU,18,ASISTENCIA,LOCAL,23,"NIÑO, SAMUEL",1,9:36,2,2
130832,14/12/2025,VEN,URU,19,TIRO3-FALLADO,VISITANTE,11,"TESTA, NICOLAS",1,9:14,2,2
130832,14/12/2025,VEN,URU,20,REBOTE-DEFENSIVO,LOCAL,18,"ANILLO, WILLIAMS",1,9:10,2,2
130832,14/12/2025,VEN,URU,21,FALTA-COMETIDA,VISITANTE,5,"IZUIBEJERES, FACUNDO",1,8:59,2,2
130832,14/12/2025,VEN,URU,22,FALTA-RECIBIDA,LOCAL,23,"NIÑO, SAMUEL",1,8:59,2,2
130832,14/12/2025,VEN,URU,23,PERDIDA,LOCAL,2,"TORRES, DEIKER",1,8:49,2,2
130832,14/12/2025,VEN,URU,24,RECUPERACION,VISITANTE,22,"OROZCO, LUCAS",1,8:49,2,2
130832,14/12/2025,VEN,URU,25,CANASTA-2P,VISITANTE,22,"OROZCO, LUCAS",1,8:43,2,4
130832,14/12/2025,VEN,URU,26,PERDIDA,LOCAL,23,"NIÑO, SAMUEL",1,8:26,2,4
130832,14/12/2025,VEN,URU,27,RECUPERACION,VISITANTE,22,"OROZCO, LUCAS",1,8:26,2,4
130832,14/12/2025,VEN,URU,28,PERDIDA,VISITANTE,11,"TESTA, NICOLAS",1,8:16,2,4
130832,14/12/2025,VEN,URU,29,RECUPERACION,LOCAL,18,"ANILLO, WILLIAMS",1,8:16,2,4
130832,14/12/2025,VEN,URU,30,CANASTA-2P,LOCAL,18,"ANILLO, WILLIAMS",1,8:11,4,4
130832,14/12/2025,VEN,URU,31,CANASTA-2P,VISITANTE,5,"IZUIBEJERES, FACUNDO",1,7:58,4,6
130832,14/12/2025,VEN,URU,32,TIEMPO-MUERTO-SOLICITADO,,,,1,7:37,4,6
130832,14/12/2025,VEN,URU,33,TIRO2-FALLADO,LOCAL,2,"TORRES, DEIKER",1,7:24,4,6
130832,14/12/2025,VEN,URU,34,REBOTE-DEFENSIVO,VISITANTE,19,"FATA, GABRIEL",1,7:20,4,6
130832,14/12/2025,VEN,URU,35,FALTA-COMETIDA,LOCAL,23,"NIÑO, SAMUEL",1,7:11,4,6
130832,14/12/2025,VEN,URU,36,FALTA-RECIBIDA,VISITANTE,10,"GOMEZ, LAUTARO",1,7:11,4,6
130832,14/12/2025,VEN,URU,37,CANASTA-1P,VISITANTE,10,"GOMEZ, LAUTARO",1,7:11,4,7
130832,14/12/2025,VEN,URU,38,ASISTENCIA,VISITANTE,5,"IZUIBEJERES, FACUNDO",1,7:11,4,7
130832,14/12/2025,VEN,URU,39,CANASTA-1P,VISITANTE,10,"GOMEZ, LAUTARO",1,7:11,4,8
130832,14/12/2025,VEN,URU,40,FALTA-COMETIDA,VISITANTE,10,"GOMEZ, LAUTARO",1,6:52,4,8
130832,14/12/2025,VEN,URU,41,FALTA-RECIBIDA,LOCAL,14,"GUTIERREZ, KEVIN",1,6:52,4,8
130832,14/12/2025,VEN,URU,42,TIRO1-FALLADO,LOCAL,14,"GUTIERREZ, KEVIN",1,6:52,4,8
130832,14/12/2025,VEN,URU,43,CANASTA-1P,LOCAL,14,"GUTIERREZ, KEVIN",1,6:52,5,8
130832,14/12/2025,VEN,URU,44,CANASTA-2P,VISITANTE,10,"GOMEZ, LAUTARO",1,6:45,5,10
130832,14/12/2025,VEN,URU,45,ASISTENCIA,VISITANTE,5,"IZUIBEJERES, FACUNDO",1,6:45,5,10
130832,14/12/2025,VEN,URU,46,TIRO2-FALLADO,LOCAL,7,"LARA, JOSE",1,6:27,5,10
130832,14/12/2025,VEN,URU,47,REBOTE-DEFENSIVO,VISITANTE,,,1,6:25,5,10
130832,14/12/2025,VEN,URU,48,CAMBIO-JUGADOR-SALE,LOCAL,23,"NIÑO, SAMUEL",1,6:25,5,10
130832,14/12/2025,VEN,URU,49,CAMBIO-JUGADOR-ENTRA,LOCAL,3,"VASQUEZ, JULIO",1,6:25,5,10
130832,14/12/2025,VEN,URU,50,CAMBIO-JUGADOR-SALE,LOCAL,2,"TORRES, DEIKER",1,6:19,5,10
130832,14/12/2025,VEN,URU,51,CAMBIO-JUGADOR-ENTRA,LOCAL,26,"SOTO, DIEGO",1,6:19,5,10
130832,14/12/2025,VEN,URU,52,CANASTA-2P,VISITANTE,10,"GOMEZ, LAUTARO",1,6:13,5,12
130832,14/12/2025,VEN,URU,53,ASISTENCIA,VISITANTE,5,"IZUIBEJERES, FACUNDO",1,6:13,5,12
130832,14/12/2025,VEN,URU,54,TIEMPO-MUERTO-SOLICITADO,LOCAL,,,1,6:12,5,12
130832,14/12/2025,VEN,URU,55,CANASTA-2P,LOCAL,14,"GUTIERREZ, KEVIN",1,5:58,7,12
130832,14/12/2025,VEN,URU,56,PERDIDA,VISITANTE,10,"GOMEZ, LAUTARO",1,5:41,7,12
130832,14/12/2025,VEN,URU,57,RECUPERACION,LOCAL,3,"VASQUEZ, JULIO",1,5:41,7,12
130832,14/12/2025,VEN,URU,58,TIRO2-FALLADO,LOCAL,26,"SOTO, DIEGO",1,5:25,7,12
130832,14/12/2025,VEN,URU,59,TAPON-COMETIDO,VISITANTE,19,"FATA, GABRIEL",1,5:25,7,12
130832,14/12/2025,VEN,URU,60,REBOTE-OFENSIVO,LOCAL,,,1,5:25,7,12
130832,14/12/2025,VEN,URU,61,TIRO3-FALLADO,LOCAL,18,"ANILLO, WILLIAMS",1,5:22,7,12
130832,14/12/2025,VEN,URU,62,REBOTE-OFENSIVO,LOCAL,7,"LARA, JOSE",1,5:18,7,12
130832,14/12/2025,VEN,URU,63,FALTA-COMETIDA,VISITANTE,10,"GOMEZ, LAUTARO",1,5:17,7,12
130832,14/12/2025,VEN,URU,64,FALTA-RECIBIDA,LOCAL,7,"LARA, JOSE",1,5:17,7,12
130832,14/12/2025,VEN,URU,65,CAMBIO-JUGADOR-SALE,VISITANTE,10,"GOMEZ, LAUTARO",1,5:17,7,12
130832,14/12/2025,VEN,URU,66,CAMBIO-JUGADOR-ENTRA,VISITANTE,13,"RAMÍREZ, VALENTINO",1,5:17,7,12
130832,14/12/2025,VEN,URU,67,CANASTA-1P,LOCAL,7,"LARA, JOSE",1,5:17,8,12
130832,14/12/2025,VEN,URU,68,TIRO1-FALLADO,LOCAL,7,"LARA, JOSE",1,5:17,8,12
130832,14/12/2025,VEN,URU,69,REBOTE-OFENSIVO,LOCAL,3,"VASQUEZ, JULIO",1,5:17,8,12
130832,14/12/2025,VEN,URU,70,TIRO2-FALLADO,LOCAL,3,"VASQUEZ, JULIO",1,5:16,8,12
130832,14/12/2025,VEN,URU,71,REBOTE-DEFENSIVO,VISITANTE,11,"TESTA, NICOLAS",1,5:11,8,12
130832,14/12/2025,VEN,URU,72,CANASTA-3P,VISITANTE,19,"FATA, GABRIEL",1,5:09,8,15
130832,14/12/2025,VEN,URU,73,ASISTENCIA,VISITANTE,5,"IZUIBEJERES, FACUNDO",1,5:09,8,15
130832,14/12/2025,VEN,URU,74,JUMP-BALL,VISITANTE,,,1,4:55,8,15
130832,14/12/2025,VEN,URU,75,PERDIDA,LOCAL,18,"ANILLO, WILLIAMS",1,4:55,8,15
130832,14/12/2025,VEN,URU,76,RECUPERACION,VISITANTE,13,"RAMÍREZ, VALENTINO",1,4:55,8,15
130832,14/12/2025,VEN,URU,77,CAMBIO-JUGADOR-SALE,LOCAL,18,"ANILLO, WILLIAMS",1,4:55,8,15
130832,14/12/2025,VEN,URU,78,CAMBIO-JUGADOR-ENTRA,LOCAL,4,"SEGOVIA, RICHARD",1,4:55,8,15
130832,14/12/2025,VEN,URU,79,PERDIDA,VISITANTE,5,"IZUIBEJERES, FACUNDO",1,4:52,8,15
130832,14/12/2025,VEN,URU,80,TIRO2-FALLADO,LOCAL,7,"LARA, JOSE",1,4:44,8,15
130832,14/12/2025,VEN,URU,81,REBOTE-OFENSIVO,LOCAL,14,"GUTIERREZ, KEVIN",1,4:39,8,15
130832,14/12/2025,VEN,URU,82,CANASTA-2P,LOCAL,14,"GUTIERREZ, KEVIN",1,4:39,10,15
130832,14/12/2025,VEN,URU,83,PERDIDA,VISITANTE,19,"FATA, GABRIEL",1,4:19,10,15
130832,14/12/2025,VEN,URU,84,RECUPERACION,LOCAL,4,"SEGOVIA, RICHARD",1,4:19,10,15
130832,14/12/2025,VEN,URU,85,CANASTA-2P,LOCAL,4,"SEGOVIA, RICHARD",1,4:14,12,15
130832,14/12/2025,VEN,URU,86,TIEMPO-MUERTO-SOLICITADO,VISITANTE,,,1,4:13,12,15
130832,14/12/2025,VEN,URU,87,CAMBIO-JUGADOR-SALE,VISITANTE,5,"IZUIBEJERES, FACUNDO",1,4:13,12,15
130832,14/12/2025,VEN,URU,88,CAMBIO-JUGADOR-ENTRA,VISITANTE,4,"PASTRANA, MANUEL",1,4:13,12,15
130832,14/12/2025,VEN,URU,89,FALTA-COMETIDA,LOCAL,7,"LARA, JOSE",1,4:01,12,15
130832,14/12/2025,VEN,URU,90,FALTA-RECIBIDA,VISITANTE,19,"FATA, GABRIEL",1,4:01,12,15
130832,14/12/2025,VEN,URU,91,PERDIDA,VISITANTE,22,"OROZCO, LUCAS",1,3:54,12,15
130832,14/12/2025,VEN,URU,92,RECUPERACION,LOCAL,4,"SEGOVIA, RICHARD",1,3:54,12,15
130832,14/12/2025,VEN,URU,93,FALTA-COMETIDA,VISITANTE,22,"OROZCO, LUCAS",1,3:49,12,15
130832,14/12/2025,VEN,URU,94,FALTA-RECIBIDA,LOCAL,4,"SEGOVIA, RICHARD",1,3:49,12,15
130832,14/12/2025,VEN,URU,95,CAMBIO-JUGADOR-SALE,VISITANTE,22,"OROZCO, LUCAS",1,3:49,12,15
130832,14/12/2025,VEN,URU,96,CAMBIO-JUGADOR-ENTRA,VISITANTE,8,"CRUZ, FEDERICO",1,3:49,12,15
130832,14/12/2025,VEN,URU,97,TIRO2-FALLADO,LOCAL,26,"SOTO, DIEGO",1,3:38,12,15
130832,14/12/2025,VEN,URU,98,REBOTE-DEFENSIVO,VISITANTE,8,"CRUZ, FEDERICO",1,3:35,12,15
130832,14/12/2025,VEN,URU,99,FALTA-COMETIDA,LOCAL,7,"LARA, JOSE",1,3:31,12,15
130832,14/12/2025,VEN,URU,100,FALTA-RECIBIDA,VISITANTE,8,"CRUZ, FEDERICO",1,3:31,12,15
130832,14/12/2025,VEN,URU,101,CAMBIO-JUGADOR-SALE,LOCAL,7,"LARA, JOSE",1,3:31,12,15
130832,14/12/2025,VEN,URU,102,CAMBIO-JUGADOR-ENTRA,LOCAL,12,"MIQUILARENO, GABRIEL",1,3:31,12,15
130832,14/12/2025,VEN,URU,103,TIRO3-FALLADO,VISITANTE,19,"FATA, GABRIEL",1,3:19,12,15
130832,14/12/2025,VEN,URU,104,REBOTE-DEFENSIVO,LOCAL,,,1,3:17,12,15
130832,14/12/2025,VEN,URU,105,CANASTA-3P,LOCAL,4,"SEGOVIA, RICHARD",1,2:58,15,15
130832,14/12/2025,VEN,URU,106,ASISTENCIA,LOCAL,3,"VASQUEZ, JULIO",1,2:58,15,15
130832,14/12/2025,VEN,URU,107,FALTA-COMETIDA,LOCAL,26,"SOTO, DIEGO",1,2:43,15,15
130832,14/12/2025,VEN,URU,108,FALTA-RECIBIDA,VISITANTE,8,"CRUZ, FEDERICO",1,2:43,15,15
130832,14/12/2025,VEN,URU,109,CANASTA-2P,VISITANTE,8,"CRUZ, FEDERICO",1,2:30,15,17
130832,14/12/2025,VEN,URU,110,TIRO3-FALLADO,LOCAL,14,"GUTIERREZ, KEVIN",1,2:15,15,17
130832,14/12/2025,VEN,URU,111,REBOTE-DEFENSIVO,VISITANTE,8,"CRUZ, FEDERICO",1,2:10,15,17
130832,14/12/2025,VEN,URU,112,CANASTA-2P,VISITANTE,8,"CRUZ, FEDERICO",1,2:07,15,19
130832,14/12/2025,VEN,URU,113,FALTA-COMETIDA,VISITANTE,8,"CRUZ, FEDERICO",1,1:59,15,19
130832,14/12/2025,VEN,URU,114,FALTA-RECIBIDA,LOCAL,26,"SOTO, DIEGO",1,1:59,15,19
130832,14/12/2025,VEN,URU,115,CANASTA-1P,LOCAL,26,"SOTO, DIEGO",1,1:59,16,19
130832,14/12/2025,VEN,URU,116,TIRO1-FALLADO,LOCAL,26,"SOTO, DIEGO",1,1:59,16,19
130832,14/12/2025,VEN,URU,117,REBOTE-DEFENSIVO,VISITANTE,13,"RAMÍREZ, VALENTINO",1,1:59,16,19
130832,14/12/2025,VEN,URU,118,PERDIDA,VISITANTE,8,"CRUZ, FEDERICO",1,1:57,16,19
130832,14/12/2025,VEN,URU,119,CAMBIO-JUGADOR-SALE,LOCAL,26,"SOTO, DIEGO",1,1:57,16,19
130832,14/12/2025,VEN,URU,120,CAMBIO-JUGADOR-ENTRA,LOCAL,9,"PERDOMO, JUAN",1,1:57,16,19
130832,14/12/2025,VEN,URU,121,PERDIDA,LOCAL,4,"SEGOVIA, RICHARD",1,1:54,16,19
130832,14/12/2025,VEN,URU,122,FALTA-COMETIDA,LOCAL,9,"PERDOMO, JUAN",1,1:50,16,19
130832,14/12/2025,VEN,URU,123,FALTA-RECIBIDA,VISITANTE,8,"CRUZ, FEDERICO",1,1:50,16,19
130832,14/12/2025,VEN,URU,124,CAMBIO-JUGADOR-SALE,VISITANTE,11,"TESTA, NICOLAS",1,1:50,16,19
130832,14/12/2025,VEN,URU,125,CAMBIO-JUGADOR-ENTRA,VISITANTE,21,"MICHAELSSON, THIAGO",1,1:50,16,19
130832,14/12/2025,VEN,URU,126,CANASTA-1P,VISITANTE,8,"CRUZ, FEDERICO",1,1:50,16,20
130832,14/12/2025,VEN,URU,127,CANASTA-1P,VISITANTE,8,"CRUZ, FEDERICO",1,1:50,16,21
130832,14/12/2025,VEN,URU,128,CANASTA-2P,LOCAL,14,"GUTIERREZ, KEVIN",1,1:33,18,21
130832,14/12/2025,VEN,URU,129,ASISTENCIA,LOCAL,3,"VASQUEZ, JULIO",1,1:33,18,21
130832,14/12/2025,VEN,URU,130,FALTA-COMETIDA,VISITANTE,21,"MICHAELSSON, THIAGO",1,1:33,18,21
130832,14/12/2025,VEN,URU,131,FALTA-RECIBIDA,LOCAL,14,"GUTIERREZ, KEVIN",1,1:33,18,21
130832,14/12/2025,VEN,URU,132,CANASTA-1P,LOCAL,14,"GUTIERREZ, KEVIN",1,1:33,19,21
130832,14/12/2025,VEN,URU,133,TIRO3-FALLADO,VISITANTE,4,"PASTRANA, MANUEL",1,1:22,19,21
130832,14/12/2025,VEN,URU,134,REBOTE-OFENSIVO,VISITANTE,19,"FATA, GABRIEL",1,1:19,19,21
130832,14/12/2025,VEN,URU,135,TIRO3-FALLADO,VISITANTE,19,"FATA, GABRIEL",1,1:12,19,21
130832,14/12/2025,VEN,URU,136,REBOTE-OFENSIVO,VISITANTE,13,"RAMÍREZ, VALENTINO",1,1:08,19,21
130832,14/12/2025,VEN,URU,137,PERDIDA,VISITANTE,13,"RAMÍREZ, VALENTINO",1,1:06,19,21
130832,14/12/2025,VEN,URU,138,RECUPERACION,LOCAL,3,"VASQUEZ, JULIO",1,1:06,19,21
130832,14/12/2025,VEN,URU,139,CANASTA-3P,LOCAL,4,"SEGOVIA, RICHARD",1,1:00,22,21
130832,14/12/2025,VEN,URU,140,ASISTENCIA,LOCAL,3,"VASQUEZ, JULIO",1,1:00,22,21
130832,14/12/2025,VEN,URU,141,PERDIDA,VISITANTE,8,"CRUZ, FEDERICO",1,0:44,22,21
130832,14/12/2025,VEN,URU,142,RECUPERACION,LOCAL,3,"VASQUEZ, JULIO",1,0:44,22,21
130832,14/12/2025,VEN,URU,143,CANASTA-2P,LOCAL,3,"VASQUEZ, JULIO",1,0:39,24,21
130832,14/12/2025,VEN,URU,144,PERDIDA,VISITANTE,19,"FATA, GABRIEL",1,0:25,24,21
130832,14/12/2025,VEN,URU,145,CAMBIO-JUGADOR-SALE,LOCAL,12,"MIQUILARENO, GABRIEL",1,0:25,24,21
130832,14/12/2025,VEN,URU,146,CAMBIO-JUGADOR-ENTRA,LOCAL,2,"TORRES, DEIKER",1,0:25,24,21
130832,14/12/2025,VEN,URU,147,CAMBIO-JUGADOR-SALE,VISITANTE,8,"CRUZ, FEDERICO",1,0:25,24,21
130832,14/12/2025,VEN,URU,148,CAMBIO-JUGADOR-ENTRA,VISITANTE,5,"IZUIBEJERES, FACUNDO",1,0:25,24,21
130832,14/12/2025,VEN,URU,149,CANASTA-3P,LOCAL,4,"SEGOVIA, RICHARD",1,0:14,27,21
130832,14/12/2025,VEN,URU,150,TIRO2-FALLADO,VISITANTE,5,"IZUIBEJERES, FACUNDO",1,0:03,27,21
130832,14/12/2025,VEN,URU,151,FINAL-PERIODO,,,,1,0:00,27,21
130832,14/12/2025,VEN,URU,152,CAMBIO-JUGADOR-SALE,LOCAL,2,"TORRES, DEIKER",2,10:00,27,21
130832,14/12/2025,VEN,URU,153,CAMBIO-JUGADOR-SALE,LOCAL,14,"GUTIERREZ, KEVIN",2,10:00,27,21
130832,14/12/2025,VEN,URU,154,CAMBIO-JUGADOR-ENTRA,LOCAL,12,"MIQUILARENO, GABRIEL",2,10:00,27,21
130832,14/12/2025,VEN,URU,155,CAMBIO-JUGADOR-ENTRA,LOCAL,23,"NIÑO, SAMUEL",2,10:00,27,21
130832,14/12/2025,VEN,URU,156,CAMBIO-JUGADOR-SALE,VISITANTE,13,"RAMÍREZ, VALENTINO",2,10:00,27,21
130832,14/12/2025,VEN,URU,157,CAMBIO-JUGADOR-SALE,VISITANTE,21,"MICHAELSSON, THIAGO",2,10:00,27,21
130832,14/12/2025,VEN,URU,158,CAMBIO-JUGADOR-ENTRA,VISITANTE,10,"GOMEZ, LAUTARO",2,10:00,27,21
130832,14/12/2025,VEN,URU,159,CAMBIO-JUGADOR-ENTRA,VISITANTE,11,"TESTA, NICOLAS",2,10:00,27,21
130832,14/12/2025,VEN,URU,160,INICIO-PERIODO,,,,2,10:00,27,21
130832,14/12/2025,VEN,URU,161,CANASTA-3P,LOCAL,9,"PERDOMO, JUAN",2,9:51,30,21
130832,14/12/2025,VEN,URU,162,ASISTENCIA,LOCAL,4,"SEGOVIA, RICHARD",2,9:51,30,21
130832,14/12/2025,VEN,URU,163,CANASTA-2P,VISITANTE,5,"IZUIBEJERES, FACUNDO",2,9:27,30,23
130832,14/12/2025,VEN,URU,164,PERDIDA,LOCAL,12,"MIQUILARENO, GABRIEL",2,9:08,30,23
130832,14/12/2025,VEN,URU,165,RECUPERACION,VISITANTE,19,"FATA, GABRIEL",2,9:08,30,23
130832,14/12/2025,VEN,URU,166,TIRO2-FALLADO,VISITANTE,19,"FATA, GABRIEL",2,9:02,30,23
130832,14/12/2025,VEN,URU,167,REBOTE-DEFENSIVO,LOCAL,9,"PERDOMO, JUAN",2,8:58,30,23
130832,14/12/2025,VEN,URU,168,FALTA-COMETIDA,VISITANTE,,,2,8:58,30,23
130832,14/12/2025,VEN,URU,169,TIRO1-FALLADO,LOCAL,4,"SEGOVIA, RICHARD",2,8:58,30,23
130832,14/12/2025,VEN,URU,170,PERDIDA,LOCAL,4,"SEGOVIA, RICHARD",2,8:48,30,23
130832,14/12/2025,VEN,URU,171,RECUPERACION,VISITANTE,5,"IZUIBEJERES, FACUNDO",2,8:48,30,23
130832,14/12/2025,VEN,URU,172,FALTA-COMETIDA,LOCAL,4,"SEGOVIA, RICHARD",2,8:44,30,23
130832,14/12/2025,VEN,URU,173,FALTA-RECIBIDA,VISITANTE,4,"PASTRANA, MANUEL",2,8:44,30,23
130832,14/12/2025,VEN,URU,174,CAMBIO-JUGADOR-SALE,LOCAL,23,"NIÑO, SAMUEL",2,8:44,30,23
130832,14/12/2025,VEN,URU,175,CAMBIO-JUGADOR-ENTRA,LOCAL,14,"GUTIERREZ, KEVIN",2,8:44,30,23
130832,14/12/2025,VEN,URU,176,TIRO1-FALLADO,VISITANTE,4,"PASTRANA, MANUEL",2,8:44,30,23
130832,14/12/2025,VEN,URU,177,TIRO1-FALLADO,VISITANTE,4,"PASTRANA, MANUEL",2,8:44,30,23
130832,14/12/2025,VEN,URU,178,REBOTE-DEFENSIVO,LOCAL,14,"GUTIERREZ, KEVIN",2,8:44,30,23
130832,14/12/2025,VEN,URU,179,PERDIDA,LOCAL,14,"GUTIERREZ, KEVIN",2,8:37,30,23
130832,14/12/2025,VEN,URU,180,RECUPERACION,VISITANTE,5,"IZUIBEJERES, FACUNDO",2,8:37,30,23
130832,14/12/2025,VEN,URU,181,CANASTA-3P,VISITANTE,4,"PASTRANA, MANUEL",2,8:25,30,26
130832,14/12/2025,VEN,URU,182,ASISTENCIA,VISITANTE,19,"FATA, GABRIEL",2,8:25,30,26
130832,14/12/2025,VEN,URU,183,FALTA-COMETIDA,LOCAL,12,"MIQUILARENO, GABRIEL",2,8:08,30,26
130832,14/12/2025,VEN,URU,184,PERDIDA,LOCAL,12,"MIQUILARENO, GABRIEL",2,8:08,30,26
130832,14/12/2025,VEN,URU,185,FALTA-RECIBIDA,VISITANTE,4,"PASTRANA, MANUEL",2,8:08,30,26
130832,14/12/2025,VEN,URU,186,CAMBIO-JUGADOR-SALE,LOCAL,12,"MIQUILARENO, GABRIEL",2,8:08,30,26
130832,14/12/2025,VEN,URU,187,CAMBIO-JUGADOR-ENTRA,LOCAL,7,"LARA, JOSE",2,8:08,30,26
130832,14/12/2025,VEN,URU,188,CANASTA-2P,VISITANTE,11,"TESTA, NICOLAS",2,7:48,30,28
130832,14/12/2025,VEN,URU,189,ASISTENCIA,VISITANTE,4,"PASTRANA, MANUEL",2,7:48,30,28
130832,14/12/2025,VEN,URU,190,TIRO3-FALLADO,LOCAL,4,"SEGOVIA, RICHARD",2,7:23,30,28
130832,14/12/2025,VEN,URU,191,REBOTE-OFENSIVO,LOCAL,7,"LARA, JOSE",2,7:17,30,28
130832,14/12/2025,VEN,URU,192,CANASTA-3P,LOCAL,7,"LARA, JOSE",2,7:09,33,28
130832,14/12/2025,VEN,URU,193,ASISTENCIA,LOCAL,3,"VASQUEZ, JULIO",2,7:09,33,28
130832,14/12/2025,VEN,URU,194,PERDIDA,VISITANTE,11,"TESTA, NICOLAS",2,6:49,33,28
130832,14/12/2025,VEN,URU,195,RECUPERACION,LOCAL,4,"SEGOVIA, RICHARD",2,6:49,33,28
130832,14/12/2025,VEN,URU,196,CANASTA-2P,LOCAL,3,"VASQUEZ, JULIO",2,6:44,35,28
130832,14/12/2025,VEN,URU,197,ASISTENCIA,LOCAL,4,"SEGOVIA, RICHARD",2,6:44,35,28
130832,14/12/2025,VEN,URU,198,TIEMPO-MUERTO-SOLICITADO,VISITANTE,,,2,6:40,35,28
130832,14/12/2025,VEN,URU,199,CAMBIO-JUGADOR-SALE,VISITANTE,19,"FATA, GABRIEL",2,6:40,35,28
130832,14/12/2025,VEN,URU,200,CAMBIO-JUGADOR-ENTRA,VISITANTE,22,"OROZCO, LUCAS",2,6:40,35,28
130832,14/12/2025,VEN,URU,201,CANASTA-2P,VISITANTE,11,"TESTA, NICOLAS",2,6:30,35,30
130832,14/12/2025,VEN,URU,202,ASISTENCIA,VISITANTE,22,"OROZCO, LUCAS",2,6:30,35,30
130832,14/12/2025,VEN,URU,203,TIRO2-FALLADO,LOCAL,7,"LARA, JOSE",2,6:18,35,30
130832,14/12/2025,VEN,URU,204,REBOTE-DEFENSIVO,VISITANTE,11,"TESTA, NICOLAS",2,6:15,35,30
130832,14/12/2025,VEN,URU,205,FALTA-COMETIDA,LOCAL,14,"GUTIERREZ, KEVIN",2,6:00,35,30
130832,14/12/2025,VEN,URU,206,FALTA-RECIBIDA,VISITANTE,10,"GOMEZ, LAUTARO",2,6:00,35,30
130832,14/12/2025,VEN,URU,207,CANASTA-1P,VISITANTE,10,"GOMEZ, LAUTARO",2,6:00,35,31
130832,14/12/2025,VEN,URU,208,ASISTENCIA,VISITANTE,11,"TESTA, NICOLAS",2,6:00,35,31
130832,14/12/2025,VEN,URU,209,CANASTA-1P,VISITANTE,10,"GOMEZ, LAUTARO",2,6:00,35,32
130832,14/12/2025,VEN,URU,210,TIRO2-FALLADO,LOCAL,4,"SEGOVIA, RICHARD",2,5:46,35,32
130832,14/12/2025,VEN,URU,211,REBOTE-OFENSIVO,LOCAL,7,"LARA, JOSE",2,5:43,35,32
130832,14/12/2025,VEN,URU,212,TIRO2-FALLADO,LOCAL,3,"VASQUEZ, JULIO",2,5:39,35,32
130832,14/12/2025,VEN,URU,213,REBOTE-DEFENSIVO,VISITANTE,10,"GOMEZ, LAUTARO",2,5:34,35,32
130832,14/12/2025,VEN,URU,214,TIRO3-FALLADO,VISITANTE,11,"TESTA, NICOLAS",2,5:29,35,32
130832,14/12/2025,VEN,URU,215,REBOTE-DEFENSIVO,LOCAL,9,"PERDOMO, JUAN",2,5:25,35,32
130832,14/12/2025,VEN,URU,216,CANASTA-3P,LOCAL,7,"LARA, JOSE",2,5:18,38,32
130832,14/12/2025,VEN,URU,217,ASISTENCIA,LOCAL,9,"PERDOMO, JUAN",2,5:18,38,32
130832,14/12/2025,VEN,URU,218,TIRO3-FALLADO,VISITANTE,4,"PASTRANA, MANUEL",2,5:01,38,32
130832,14/12/2025,VEN,URU,219,REBOTE-DEFENSIVO,LOCAL,14,"GUTIERREZ, KEVIN",2,4:56,38,32
130832,14/12/2025,VEN,URU,220,CANASTA-3P,LOCAL,3,"VASQUEZ, JULIO",2,4:44,41,32
130832,14/12/2025,VEN,URU,221,ASISTENCIA,LOCAL,7,"LARA, JOSE",2,4:44,41,32
130832,14/12/2025,VEN,URU,222,CANASTA-2P,VISITANTE,11,"TESTA, NICOLAS",2,4:02,41,34
130832,14/12/2025,VEN,URU,223,TIRO3-FALLADO,LOCAL,4,"SEGOVIA, RICHARD",2,4:02,41,34
130832,14/12/2025,VEN,URU,224,REBOTE-DEFENSIVO,VISITANTE,22,"OROZCO, LUCAS",2,3:59,41,34
130832,14/12/2025,VEN,URU,225,CANASTA-2P,VISITANTE,10,"GOMEZ, LAUTARO",2,3:53,41,36
130832,14/12/2025,VEN,URU,226,ASISTENCIA,VISITANTE,11,"TESTA, NICOLAS",2,3:53,41,36
130832,14/12/2025,VEN,URU,227,FALTA-COMETIDA,LOCAL,14,"GUTIERREZ, KEVIN",2,3:53,41,36
130832,14/12/2025,VEN,URU,228,FALTA-RECIBIDA,VISITANTE,10,"GOMEZ, LAUTARO",2,3:53,41,36
130832,14/12/2025,VEN,URU,229,CAMBIO-JUGADOR-SALE,LOCAL,4,"SEGOVIA, RICHARD",2,3:53,41,36
130832,14/12/2025,VEN,URU,230,CAMBIO-JUGADOR-ENTRA,LOCAL,2,"TORRES, DEIKER",2,3:53,41,36
130832,14/12/2025,VEN,URU,231,CAMBIO-JUGADOR-SALE,VISITANTE,4,"PASTRANA, MANUEL",2,3:53,41,36
130832,14/12/2025,VEN,URU,232,CAMBIO-JUGADOR-ENTRA,VISITANTE,0,"ABAL, TOMAS",2,3:53,41,36
130832,14/12/2025,VEN,URU,233,CANASTA-1P,VISITANTE,10,"GOMEZ, LAUTARO",2,3:53,41,37
130832,14/12/2025,VEN,URU,234,TIRO2-FALLADO,LOCAL,7,"LARA, JOSE",2,3:37,41,37
130832,14/12/2025,VEN,URU,235,REBOTE-DEFENSIVO,VISITANTE,0,"ABAL, TOMAS",2,3:33,41,37
130832,14/12/2025,VEN,URU,236,CANASTA-2P,VISITANTE,10,"GOMEZ, LAUTARO",2,3:30,41,39
130832,14/12/2025,VEN,URU,237,TIEMPO-MUERTO-SOLICITADO,LOCAL,,,2,3:30,41,39
130832,14/12/2025,VEN,URU,238,CAMBIO-JUGADOR-SALE,LOCAL,14,"GUTIERREZ, KEVIN",2,3:30,41,39
130832,14/12/2025,VEN,URU,239,CAMBIO-JUGADOR-ENTRA,LOCAL,23,"NIÑO, SAMUEL",2,3:30,41,39
130832,14/12/2025,VEN,URU,240,TIRO3-FALLADO,LOCAL,7,"LARA, JOSE",2,3:15,41,39
130832,14/12/2025,VEN,URU,241,REBOTE-DEFENSIVO,VISITANTE,10,"GOMEZ, LAUTARO",2,3:12,41,39
130832,14/12/2025,VEN,URU,242,PERDIDA,VISITANTE,10,"GOMEZ, LAUTARO",2,3:11,41,39
130832,14/12/2025,VEN,URU,243,RECUPERACION,LOCAL,3,"VASQUEZ, JULIO",2,3:11,41,39
130832,14/12/2025,VEN,URU,244,TIRO2-FALLADO,LOCAL,3,"VASQUEZ, JULIO",2,3:04,41,39
130832,14/12/2025,VEN,URU,245,REBOTE-OFENSIVO,LOCAL,7,"LARA, JOSE",2,3:00,41,39
130832,14/12/2025,VEN,URU,246,TIRO2-FALLADO,LOCAL,7,"LARA, JOSE",2,3:00,41,39
130832,14/12/2025,VEN,URU,247,REBOTE-OFENSIVO,LOCAL,23,"NIÑO, SAMUEL",2,2:57,41,39
130832,14/12/2025,VEN,URU,248,TIRO2-FALLADO,LOCAL,23,"NIÑO, SAMUEL",2,2:50,41,39
130832,14/12/2025,VEN,URU,249,REBOTE-OFENSIVO,LOCAL,3,"VASQUEZ, JULIO",2,2:47,41,39
130832,14/12/2025,VEN,URU,250,TIRO2-FALLADO,LOCAL,3,"VASQUEZ, JULIO",2,2:47,41,39
130832,14/12/2025,VEN,URU,251,REBOTE-OFENSIVO,LOCAL,3,"VASQUEZ, JULIO",2,2:47,41,39
130832,14/12/2025,VEN,URU,252,FALTA-COMETIDA,VISITANTE,0,"ABAL, TOMAS",2,2:47,41,39
130832,14/12/2025,VEN,URU,253,FALTA-RECIBIDA,LOCAL,3,"VASQUEZ, JULIO",2,2:47,41,39
130832,14/12/2025,VEN,URU,254,TIRO1-FALLADO,LOCAL,3,"VASQUEZ, JULIO",2,2:47,41,39
130832,14/12/2025,VEN,URU,255,CANASTA-1P,LOCAL,3,"VASQUEZ, JULIO",2,2:47,42,39
130832,14/12/2025,VEN,URU,256,CAMBIO-JUGADOR-SALE,LOCAL,9,"PERDOMO, JUAN",2,2:47,42,39
130832,14/12/2025,VEN,URU,257,CAMBIO-JUGADOR-ENTRA,LOCAL,18,"ANILLO, WILLIAMS",2,2:47,42,39
130832,14/12/2025,VEN,URU,258,TIRO3-FALLADO,VISITANTE,10,"GOMEZ, LAUTARO",2,2:37,42,39
130832,14/12/2025,VEN,URU,259,REBOTE-DEFENSIVO,LOCAL,2,"TORRES, DEIKER",2,2:33,42,39
130832,14/12/2025,VEN,URU,260,TIRO2-FALLADO,LOCAL,23,"NIÑO, SAMUEL",2,2:19,42,39
130832,14/12/2025,VEN,URU,261,TAPON-COMETIDO,VISITANTE,10,"GOMEZ, LAUTARO",2,2:19,42,39
130832,14/12/2025,VEN,URU,262,REBOTE-DEFENSIVO,VISITANTE,22,"OROZCO, LUCAS",2,2:14,42,39
130832,14/12/2025,VEN,URU,263,TIRO3-FALLADO,VISITANTE,11,"TESTA, NICOLAS",2,2:10,42,39
130832,14/12/2025,VEN,URU,264,REBOTE-DEFENSIVO,LOCAL,23,"NIÑO, SAMUEL",2,2:07,42,39
130832,14/12/2025,VEN,URU,265,CANASTA-2P,LOCAL,7,"LARA, JOSE",2,2:04,44,39
130832,14/12/2025,VEN,URU,266,ASISTENCIA,LOCAL,3,"VASQUEZ, JULIO",2,2:04,44,39
130832,14/12/2025,VEN,URU,267,TIRO2-FALLADO,VISITANTE,11,"TESTA, NICOLAS",2,1:50,44,39
130832,14/12/2025,VEN,URU,268,REBOTE-DEFENSIVO,LOCAL,7,"LARA, JOSE",2,1:48,44,39
130832,14/12/2025,VEN,URU,269,FALTA-COMETIDA,VISITANTE,22,"OROZCO, LUCAS",2,1:41,44,39
130832,14/12/2025,VEN,URU,270,FALTA-RECIBIDA,LOCAL,2,"TORRES, DEIKER",2,1:41,44,39
130832,14/12/2025,VEN,URU,271,CAMBIO-JUGADOR-SALE,LOCAL,23,"NIÑO, SAMUEL",2,1:41,44,39
130832,14/12/2025,VEN,URU,272,CAMBIO-JUGADOR-ENTRA,LOCAL,12,"MIQUILARENO, GABRIEL",2,1:41,44,39
130832,14/12/2025,VEN,URU,273,CAMBIO-JUGADOR-SALE,VISITANTE,10,"GOMEZ, LAUTARO",2,1:41,44,39
130832,14/12/2025,VEN,URU,274,CAMBIO-JUGADOR-ENTRA,VISITANTE,19,"FATA, GABRIEL",2,1:41,44,39
130832,14/12/2025,VEN,URU,275,TIRO2-FALLADO,LOCAL,7,"LARA, JOSE",2,1:30,44,39
130832,14/12/2025,VEN,URU,276,REBOTE-OFENSIVO,LOCAL,7,"LARA, JOSE",2,1:27,44,39
130832,14/12/2025,VEN,URU,277,TIRO2-FALLADO,LOCAL,7,"LARA, JOSE",2,1:26,44,39
130832,14/12/2025,VEN,URU,278,REBOTE-DEFENSIVO,VISITANTE,5,"IZUIBEJERES, FACUNDO",2,1:23,44,39
130832,14/12/2025,VEN,URU,279,PERDIDA,VISITANTE,19,"FATA, GABRIEL",2,1:12,44,39
130832,14/12/2025,VEN,URU,280,RECUPERACION,LOCAL,3,"VASQUEZ, JULIO",2,1:12,44,39
130832,14/12/2025,VEN,URU,281,CANASTA-2P,LOCAL,2,"TORRES, DEIKER",2,1:07,46,39
130832,14/12/2025,VEN,URU,282,ASISTENCIA,LOCAL,3,"VASQUEZ, JULIO",2,1:07,46,39
130832,14/12/2025,VEN,URU,283,TIRO2-FALLADO,VISITANTE,5,"IZUIBEJERES, FACUNDO",2,0:42,46,39
130832,14/12/2025,VEN,URU,284,REBOTE-DEFENSIVO,LOCAL,3,"VASQUEZ, JULIO",2,0:37,46,39
130832,14/12/2025,VEN,URU,285,CANASTA-3P,LOCAL,2,"TORRES, DEIKER",2,0:18,49,39
130832,14/12/2025,VEN,URU,286,ASISTENCIA,LOCAL,3,"VASQUEZ, JULIO",2,0:18,49,39
130832,14/12/2025,VEN,URU,287,PERDIDA,VISITANTE,19,"FATA, GABRIEL",2,0:03,49,39
130832,14/12/2025,VEN,URU,288,RECUPERACION,LOCAL,18,"ANILLO, WILLIAMS",2,0:03,49,39
130832,14/12/2025,VEN,URU,289,TIRO3-FALLADO,LOCAL,3,"VASQUEZ, JULIO",2,0:01,49,39
130832,14/12/2025,VEN,URU,290,FINAL-PERIODO,,,,2,0:00,49,39
130832,14/12/2025,VEN,URU,291,CAMBIO-JUGADOR-SALE,LOCAL,2,"TORRES, DEIKER",3,10:00,49,39
130832,14/12/2025,VEN,URU,292,CAMBIO-JUGADOR-SALE,LOCAL,12,"MIQUILARENO, GABRIEL",3,10:00,49,39
130832,14/12/2025,VEN,URU,293,CAMBIO-JUGADOR-SALE,LOCAL,18,"ANILLO, WILLIAMS",3,10:00,49,39
130832,14/12/2025,VEN,URU,294,CAMBIO-JUGADOR-ENTRA,LOCAL,4,"SEGOVIA, RICHARD",3,10:00,49,39
130832,14/12/2025,VEN,URU,295,CAMBIO-JUGADOR-ENTRA,LOCAL,9,"PERDOMO, JUAN",3,10:00,49,39
130832,14/12/2025,VEN,URU,296,CAMBIO-JUGADOR-ENTRA,LOCAL,14,"GUTIERREZ, KEVIN",3,10:00,49,39
130832,14/12/2025,VEN,URU,297,CAMBIO-JUGADOR-SALE,VISITANTE,0,"ABAL, TOMAS",3,10:00,49,39
130832,14/12/2025,VEN,URU,298,CAMBIO-JUGADOR-ENTRA,VISITANTE,10,"GOMEZ, LAUTARO",3,10:00,49,39
130832,14/12/2025,VEN,URU,299,INICIO-PERIODO,,,,3,10:00,49,39
130832,14/12/2025,VEN,URU,300,CANASTA-2P,VISITANTE,11,"TESTA, NICOLAS",3,9:48,49,41
130832,14/12/2025,VEN,URU,301,ASISTENCIA,VISITANTE,22,"OROZCO, LUCAS",3,9:48,49,41
130832,14/12/2025,VEN,URU,302,TIRO2-FALLADO,LOCAL,14,"GUTIERREZ, KEVIN",3,9:24,49,41
130832,14/12/2025,VEN,URU,303,TAPON-COMETIDO,VISITANTE,10,"GOMEZ, LAUTARO",3,9:24,49,41
130832,14/12/2025,VEN,URU,304,REBOTE-OFENSIVO,LOCAL,,,3,9:24,49,41
130832,14/12/2025,VEN,URU,305,TIRO3-FALLADO,LOCAL,14,"GUTIERREZ, KEVIN",3,9:21,49,41
130832,14/12/2025,VEN,URU,306,REBOTE-DEFENSIVO,VISITANTE,19,"FATA, GABRIEL",3,9:17,49,41
130832,14/12/2025,VEN,URU,307,PERDIDA,VISITANTE,5,"IZUIBEJERES, FACUNDO",3,9:13,49,41
130832,14/12/2025,VEN,URU,308,TIRO2-FALLADO,LOCAL,7,"LARA, JOSE",3,8:53,49,41
130832,14/12/2025,VEN,URU,309,REBOTE-DEFENSIVO,VISITANTE,10,"GOMEZ, LAUTARO",3,8:50,49,41
130832,14/12/2025,VEN,URU,310,FALTA-COMETIDA,LOCAL,9,"PERDOMO, JUAN",3,8:47,49,41
130832,14/12/2025,VEN,URU,311,FALTA-RECIBIDA,VISITANTE,19,"FATA, GABRIEL",3,8:47,49,41
130832,14/12/2025,VEN,URU,312,CANASTA-1P,VISITANTE,19,"FATA, GABRIEL",3,8:47,49,42
130832,14/12/2025,VEN,URU,313,TIRO1-FALLADO,VISITANTE,19,"FATA, GABRIEL",3,8:47,49,42
130832,14/12/2025,VEN,URU,314,REBOTE-DEFENSIVO,LOCAL,7,"LARA, JOSE",3,8:47,49,42
130832,14/12/2025,VEN,URU,315,TIRO3-FALLADO,LOCAL,7,"LARA, JOSE",3,8:27,49,42
130832,14/12/2025,VEN,URU,316,REBOTE-DEFENSIVO,VISITANTE,19,"FATA, GABRIEL",3,8:23,49,42
130832,14/12/2025,VEN,URU,317,PERDIDA,VISITANTE,22,"OROZCO, LUCAS",3,8:16,49,42
130832,14/12/2025,VEN,URU,318,RECUPERACION,LOCAL,9,"PERDOMO, JUAN",3,8:16,49,42
130832,14/12/2025,VEN,URU,319,CANASTA-2P,LOCAL,9,"PERDOMO, JUAN",3,8:11,51,42
130832,14/12/2025,VEN,URU,320,PERDIDA,VISITANTE,11,"TESTA, NICOLAS",3,7:52,51,42
130832,14/12/2025,VEN,URU,321,RECUPERACION,LOCAL,7,"LARA, JOSE",3,7:52,51,42
130832,14/12/2025,VEN,URU,322,FALTA-COMETIDA,VISITANTE,10,"GOMEZ, LAUTARO",3,7:51,51,42
130832,14/12/2025,VEN,URU,323,FALTA-RECIBIDA,LOCAL,7,"LARA, JOSE",3,7:51,51,42
130832,14/12/2025,VEN,URU,324,CAMBIO-JUGADOR-SALE,LOCAL,4,"SEGOVIA, RICHARD",3,7:51,51,42
130832,14/12/2025,VEN,URU,325,CAMBIO-JUGADOR-ENTRA,LOCAL,2,"TORRES, DEIKER",3,7:51,51,42
130832,14/12/2025,VEN,URU,326,TIRO3-FALLADO,LOCAL,9,"PERDOMO, JUAN",3,7:30,51,42
130832,14/12/2025,VEN,URU,327,REBOTE-DEFENSIVO,VISITANTE,19,"FATA, GABRIEL",3,7:26,51,42
130832,14/12/2025,VEN,URU,328,TIRO3-FALLADO,VISITANTE,11,"TESTA, NICOLAS",3,7:21,51,42
130832,14/12/2025,VEN,URU,329,REBOTE-OFENSIVO,VISITANTE,,,3,7:16,51,42
130832,14/12/2025,VEN,URU,330,TIRO2-FALLADO,VISITANTE,5,"IZUIBEJERES, FACUNDO",3,7:06,51,42
130832,14/12/2025,VEN,URU,331,TAPON-COMETIDO,LOCAL,7,"LARA, JOSE",3,7:06,51,42
130832,14/12/2025,VEN,URU,332,REBOTE-OFENSIVO,VISITANTE,,,3,7:06,51,42
130832,14/12/2025,VEN,URU,333,CANASTA-3P,VISITANTE,11,"TESTA, NICOLAS",3,7:04,51,45
130832,14/12/2025,VEN,URU,334,ASISTENCIA,VISITANTE,5,"IZUIBEJERES, FACUNDO",3,7:04,51,45
130832,14/12/2025,VEN,URU,335,FALTA-COMETIDA,LOCAL,14,"GUTIERREZ, KEVIN",3,6:52,51,45
130832,14/12/2025,VEN,URU,336,PERDIDA,LOCAL,14,"GUTIERREZ, KEVIN",3,6:52,51,45
130832,14/12/2025,VEN,URU,337,FALTA-RECIBIDA,VISITANTE,11,"TESTA, NICOLAS",3,6:52,51,45
130832,14/12/2025,VEN,URU,338,CAMBIO-JUGADOR-SALE,LOCAL,3,"VASQUEZ, JULIO",3,6:52,51,45
130832,14/12/2025,VEN,URU,339,CAMBIO-JUGADOR-SALE,LOCAL,14,"GUTIERREZ, KEVIN",3,6:52,51,45
130832,14/12/2025,VEN,URU,340,CAMBIO-JUGADOR-ENTRA,LOCAL,18,"ANILLO, WILLIAMS",3,6:52,51,45
130832,14/12/2025,VEN,URU,341,CAMBIO-JUGADOR-ENTRA,LOCAL,23,"NIÑO, SAMUEL",3,6:52,51,45
130832,14/12/2025,VEN,URU,342,TIRO3-FALLADO,VISITANTE,5,"IZUIBEJERES, FACUNDO",3,6:35,51,45
130832,14/12/2025,VEN,URU,343,REBOTE-DEFENSIVO,LOCAL,23,"NIÑO, SAMUEL",3,6:32,51,45
130832,14/12/2025,VEN,URU,344,TIRO2-FALLADO,LOCAL,7,"LARA, JOSE",3,6:21,51,45
130832,14/12/2025,VEN,URU,345,REBOTE-OFENSIVO,LOCAL,23,"NIÑO, SAMUEL",3,6:19,51,45
130832,14/12/2025,VEN,URU,346,CANASTA-2P,LOCAL,23,"NIÑO, SAMUEL",3,6:19,53,45
130832,14/12/2025,VEN,URU,347,FALTA-COMETIDA,VISITANTE,19,"FATA, GABRIEL",3,6:19,53,45
130832,14/12/2025,VEN,URU,348,FALTA-RECIBIDA,LOCAL,23,"NIÑO, SAMUEL",3,6:19,53,45
130832,14/12/2025,VEN,URU,349,TIRO1-FALLADO,LOCAL,23,"NIÑO, SAMUEL",3,6:19,53,45
130832,14/12/2025,VEN,URU,350,REBOTE-DEFENSIVO,VISITANTE,11,"TESTA, NICOLAS",3,6:19,53,45
130832,14/12/2025,VEN,URU,351,CANASTA-2P,VISITANTE,11,"TESTA, NICOLAS",3,6:02,53,47
130832,14/12/2025,VEN,URU,352,ASISTENCIA,VISITANTE,10,"GOMEZ, LAUTARO",3,6:02,53,47
130832,14/12/2025,VEN,URU,353,TIRO2-FALLADO,LOCAL,18,"ANILLO, WILLIAMS",3,5:44,53,47
130832,14/12/2025,VEN,URU,354,REBOTE-OFENSIVO,LOCAL,23,"NIÑO, SAMUEL",3,5:40,53,47
130832,14/12/2025,VEN,URU,355,FALTA-COMETIDA,VISITANTE,10,"GOMEZ, LAUTARO",3,5:37,53,47
130832,14/12/2025,VEN,URU,356,FALTA-RECIBIDA,LOCAL,23,"NIÑO, SAMUEL",3,5:37,53,47
130832,14/12/2025,VEN,URU,357,CAMBIO-JUGADOR-SALE,VISITANTE,10,"GOMEZ, LAUTARO",3,5:37,53,47
130832,14/12/2025,VEN,URU,358,CAMBIO-JUGADOR-ENTRA,VISITANTE,13,"RAMÍREZ, VALENTINO",3,5:37,53,47
130832,14/12/2025,VEN,URU,359,TIRO1-FALLADO,LOCAL,23,"NIÑO, SAMUEL",3,5:37,53,47
130832,14/12/2025,VEN,URU,360,TIRO1-FALLADO,LOCAL,23,"NIÑO, SAMUEL",3,5:37,53,47
130832,14/12/2025,VEN,URU,361,REBOTE-DEFENSIVO,VISITANTE,11,"TESTA, NICOLAS",3,5:37,53,47
130832,14/12/2025,VEN,URU,362,CANASTA-3P,VISITANTE,19,"FATA, GABRIEL",3,5:23,53,50
130832,14/12/2025,VEN,URU,363,ASISTENCIA,VISITANTE,5,"IZUIBEJERES, FACUNDO",3,5:23,53,50
130832,14/12/2025,VEN,URU,364,TIRO2-FALLADO,LOCAL,18,"ANILLO, WILLIAMS",3,5:04,53,50
130832,14/12/2025,VEN,URU,365,REBOTE-DEFENSIVO,VISITANTE,,,3,5:00,53,50
130832,14/12/2025,VEN,URU,366,CAMBIO-JUGADOR-SALE,LOCAL,7,"LARA, JOSE",3,5:00,53,50
130832,14/12/2025,VEN,URU,367,CAMBIO-JUGADOR-ENTRA,LOCAL,3,"VASQUEZ, JULIO",3,5:00,53,50
130832,14/12/2025,VEN,URU,368,CAMBIO-JUGADOR-SALE,VISITANTE,22,"OROZCO, LUCAS",3,5:00,53,50
130832,14/12/2025,VEN,URU,369,CAMBIO-JUGADOR-ENTRA,VISITANTE,4,"PASTRANA, MANUEL",3,5:00,53,50
130832,14/12/2025,VEN,URU,370,PERDIDA,VISITANTE,19,"FATA, GABRIEL",3,4:48,53,50
130832,14/12/2025,VEN,URU,371,FALTA-COMETIDA,LOCAL,23,"NIÑO, SAMUEL",3,4:37,53,50
130832,14/12/2025,VEN,URU,372,PERDIDA,LOCAL,23,"NIÑO, SAMUEL",3,4:37,53,50
130832,14/12/2025,VEN,URU,373,FALTA-RECIBIDA,VISITANTE,5,"IZUIBEJERES, FACUNDO",3,4:37,53,50
130832,14/12/2025,VEN,URU,374,CAMBIO-JUGADOR-SALE,LOCAL,23,"NIÑO, SAMUEL",3,4:37,53,50
130832,14/12/2025,VEN,URU,375,CAMBIO-JUGADOR-ENTRA,LOCAL,12,"MIQUILARENO, GABRIEL",3,4:37,53,50
130832,14/12/2025,VEN,URU,376,TIRO3-FALLADO,VISITANTE,11,"TESTA, NICOLAS",3,4:18,53,50
130832,14/12/2025,VEN,URU,377,REBOTE-DEFENSIVO,LOCAL,3,"VASQUEZ, JULIO",3,4:14,53,50
130832,14/12/2025,VEN,URU,378,CANASTA-2P,LOCAL,18,"ANILLO, WILLIAMS",3,4:12,55,50
130832,14/12/2025,VEN,URU,379,ASISTENCIA,LOCAL,3,"VASQUEZ, JULIO",3,4:12,55,50
130832,14/12/2025,VEN,URU,380,FALTA-COMETIDA,VISITANTE,11,"TESTA, NICOLAS",3,4:12,55,50
130832,14/12/2025,VEN,URU,381,FALTA-RECIBIDA,LOCAL,18,"ANILLO, WILLIAMS",3,4:12,55,50
130832,14/12/2025,VEN,URU,382,CAMBIO-JUGADOR-SALE,VISITANTE,5,"IZUIBEJERES, FACUNDO",3,4:12,55,50
130832,14/12/2025,VEN,URU,383,CAMBIO-JUGADOR-ENTRA,VISITANTE,8,"CRUZ, FEDERICO",3,4:12,55,50
130832,14/12/2025,VEN,URU,384,CANASTA-1P,LOCAL,18,"ANILLO, WILLIAMS",3,4:12,56,50
130832,14/12/2025,VEN,URU,385,TIRO2-FALLADO,VISITANTE,11,"TESTA, NICOLAS",3,3:54,56,50
130832,14/12/2025,VEN,URU,386,REBOTE-DEFENSIVO,LOCAL,18,"ANILLO, WILLIAMS",3,3:54,56,50
130832,14/12/2025,VEN,URU,387,JUMP-BALL,LOCAL,,,3,3:54,56,50
130832,14/12/2025,VEN,URU,388,CANASTA-3P,LOCAL,18,"ANILLO, WILLIAMS",3,3:39,59,50
130832,14/12/2025,VEN,URU,389,ASISTENCIA,LOCAL,9,"PERDOMO, JUAN",3,3:39,59,50
130832,14/12/2025,VEN,URU,390,PERDIDA,VISITANTE,4,"PASTRANA, MANUEL",3,3:24,59,50
130832,14/12/2025,VEN,URU,391,CAMBIO-JUGADOR-SALE,VISITANTE,4,"PASTRANA, MANUEL",3,3:24,59,50
130832,14/12/2025,VEN,URU,392,CAMBIO-JUGADOR-ENTRA,VISITANTE,22,"OROZCO, LUCAS",3,3:24,59,50
130832,14/12/2025,VEN,URU,393,TIRO3-FALLADO,LOCAL,2,"TORRES, DEIKER",3,3:13,59,50
130832,14/12/2025,VEN,URU,394,REBOTE-DEFENSIVO,VISITANTE,11,"TESTA, NICOLAS",3,3:09,59,50
130832,14/12/2025,VEN,URU,395,TIRO2-FALLADO,VISITANTE,8,"CRUZ, FEDERICO",3,3:02,59,50
130832,14/12/2025,VEN,URU,396,REBOTE-DEFENSIVO,LOCAL,,,3,3:02,59,50
130832,14/12/2025,VEN,URU,397,FALTA-COMETIDA,VISITANTE,8,"CRUZ, FEDERICO",3,3:02,59,50
130832,14/12/2025,VEN,URU,398,TIRO1-FALLADO,LOCAL,2,"TORRES, DEIKER",3,3:02,59,50
130832,14/12/2025,VEN,URU,399,JUMP-BALL,VISITANTE,,,3,3:02,59,50
130832,14/12/2025,VEN,URU,400,FALTA-COMETIDA,LOCAL,12,"MIQUILARENO, GABRIEL",3,2:53,59,50
130832,14/12/2025,VEN,URU,401,FALTA-RECIBIDA,VISITANTE,11,"TESTA, NICOLAS",3,2:53,59,50
130832,14/12/2025,VEN,URU,402,TIRO3-FALLADO,VISITANTE,19,"FATA, GABRIEL",3,2:45,59,50
130832,14/12/2025,VEN,URU,403,REBOTE-DEFENSIVO,LOCAL,18,"ANILLO, WILLIAMS",3,2:40,59,50
130832,14/12/2025,VEN,URU,404,TIRO3-FALLADO,LOCAL,3,"VASQUEZ, JULIO",3,2:22,59,50
130832,14/12/2025,VEN,URU,405,REBOTE-DEFENSIVO,VISITANTE,,,3,2:18,59,50
130832,14/12/2025,VEN,URU,406,CAMBIO-JUGADOR-SALE,LOCAL,2,"TORRES, DEIKER",3,2:18,59,50
130832,14/12/2025,VEN,URU,407,CAMBIO-JUGADOR-ENTRA,LOCAL,4,"SEGOVIA, RICHARD",3,2:18,59,50
130832,14/12/2025,VEN,URU,408,CAMBIO-JUGADOR-SALE,LOCAL,12,"MIQUILARENO, GABRIEL",3,2:18,59,50
130832,14/12/2025,VEN,URU,409,CAMBIO-JUGADOR-ENTRA,LOCAL,20,"MONTERO, ISAAC",3,2:18,59,50
130832,14/12/2025,VEN,URU,410,TIRO2-FALLADO,VISITANTE,22,"OROZCO, LUCAS",3,1:58,59,50
130832,14/12/2025,VEN,URU,411,REBOTE-OFENSIVO,VISITANTE,19,"FATA, GABRIEL",3,1:53,59,50
130832,14/12/2025,VEN,URU,412,CANASTA-2P,VISITANTE,22,"OROZCO, LUCAS",3,1:48,59,52
130832,14/12/2025,VEN,URU,413,ASISTENCIA,VISITANTE,8,"CRUZ, FEDERICO",3,1:48,59,52
130832,14/12/2025,VEN,URU,414,PERDIDA,LOCAL,20,"MONTERO, ISAAC",3,1:32,59,52
130832,14/12/2025,VEN,URU,415,FALTA-COMETIDA,VISITANTE,22,"OROZCO, LUCAS",3,1:12,59,52
130832,14/12/2025,VEN,URU,416,PERDIDA,VISITANTE,22,"OROZCO, LUCAS",3,1:12,59,52
130832,14/12/2025,VEN,URU,417,FALTA-RECIBIDA,LOCAL,18,"ANILLO, WILLIAMS",3,1:12,59,52
130832,14/12/2025,VEN,URU,418,TIRO3-FALLADO,LOCAL,18,"ANILLO, WILLIAMS",3,1:00,59,52
130832,14/12/2025,VEN,URU,419,REBOTE-DEFENSIVO,VISITANTE,13,"RAMÍREZ, VALENTINO",3,0:55,59,52
130832,14/12/2025,VEN,URU,420,FALTA-COMETIDA,LOCAL,9,"PERDOMO, JUAN",3,0:43,59,52
130832,14/12/2025,VEN,URU,421,FALTA-RECIBIDA,VISITANTE,11,"TESTA, NICOLAS",3,0:43,59,52
130832,14/12/2025,VEN,URU,422,CANASTA-1P,VISITANTE,11,"TESTA, NICOLAS",3,0:43,59,53
130832,14/12/2025,VEN,URU,423,CANASTA-1P,VISITANTE,11,"TESTA, NICOLAS",3,0:43,59,54
130832,14/12/2025,VEN,URU,424,CAMBIO-JUGADOR-SALE,LOCAL,9,"PERDOMO, JUAN",3,0:43,59,54
130832,14/12/2025,VEN,URU,425,CAMBIO-JUGADOR-SALE,LOCAL,20,"MONTERO, ISAAC",3,0:43,59,54
130832,14/12/2025,VEN,URU,426,CAMBIO-JUGADOR-ENTRA,LOCAL,7,"LARA, JOSE",3,0:43,59,54
130832,14/12/2025,VEN,URU,427,CAMBIO-JUGADOR-ENTRA,LOCAL,12,"MIQUILARENO, GABRIEL",3,0:43,59,54
130832,14/12/2025,VEN,URU,428,CAMBIO-JUGADOR-SALE,VISITANTE,22,"OROZCO, LUCAS",3,0:43,59,54
130832,14/12/2025,VEN,URU,429,CAMBIO-JUGADOR-ENTRA,VISITANTE,4,"PASTRANA, MANUEL",3,0:43,59,54
130832,14/12/2025,VEN,URU,430,TIRO3-FALLADO,LOCAL,7,"LARA, JOSE",3,0:21,59,54
130832,14/12/2025,VEN,URU,431,REBOTE-DEFENSIVO,VISITANTE,8,"CRUZ, FEDERICO",3,0:16,59,54
130832,14/12/2025,VEN,URU,432,TIRO2-FALLADO,VISITANTE,19,"FATA, GABRIEL",3,0:09,59,54
130832,14/12/2025,VEN,URU,433,REBOTE-DEFENSIVO,LOCAL,4,"SEGOVIA, RICHARD",3,0:06,59,54
130832,14/12/2025,VEN,URU,434,TIRO2-FALLADO,LOCAL,4,"SEGOVIA, RICHARD",3,0:02,59,54
130832,14/12/2025,VEN,URU,435,TAPON-COMETIDO,VISITANTE,19,"FATA, GABRIEL",3,0:02,59,54
130832,14/12/2025,VEN,URU,436,FINAL-PERIODO,,,,3,0:00,59,54
130832,14/12/2025,VEN,URU,437,CAMBIO-JUGADOR-SALE,LOCAL,12,"MIQUILARENO, GABRIEL",4,10:00,59,54
130832,14/12/2025,VEN,URU,438,CAMBIO-JUGADOR-ENTRA,LOCAL,14,"GUTIERREZ, KEVIN",4,10:00,59,54
130832,14/12/2025,VEN,URU,439,INICIO-PERIODO,,,,4,10:00,59,54
130832,14/12/2025,VEN,URU,440,CANASTA-3P,LOCAL,18,"ANILLO, WILLIAMS",4,9:41,62,54
130832,14/12/2025,VEN,URU,441,ASISTENCIA,LOCAL,14,"GUTIERREZ, KEVIN",4,9:41,62,54
130832,14/12/2025,VEN,URU,442,TIRO2-FALLADO,VISITANTE,8,"CRUZ, FEDERICO",4,9:18,62,54
130832,14/12/2025,VEN,URU,443,REBOTE-DEFENSIVO,LOCAL,18,"ANILLO, WILLIAMS",4,9:14,62,54
130832,14/12/2025,VEN,URU,444,TIRO2-FALLADO,LOCAL,7,"LARA, JOSE",4,9:09,62,54
130832,14/12/2025,VEN,URU,445,TAPON-COMETIDO,VISITANTE,19,"FATA, GABRIEL",4,9:09,62,54
130832,14/12/2025,VEN,URU,446,REBOTE-OFENSIVO,LOCAL,,,4,9:09,62,54
130832,14/12/2025,VEN,URU,447,CANASTA-2P,LOCAL,14,"GUTIERREZ, KEVIN",4,8:57,64,54
130832,14/12/2025,VEN,URU,448,ASISTENCIA,LOCAL,18,"ANILLO, WILLIAMS",4,8:57,64,54
130832,14/12/2025,VEN,URU,449,TIRO2-FALLADO,VISITANTE,11,"TESTA, NICOLAS",4,8:44,64,54
130832,14/12/2025,VEN,URU,450,REBOTE-DEFENSIVO,LOCAL,7,"LARA, JOSE",4,8:41,64,54
130832,14/12/2025,VEN,URU,451,TIRO3-FALLADO,LOCAL,18,"ANILLO, WILLIAMS",4,8:39,64,54
130832,14/12/2025,VEN,URU,452,REBOTE-OFENSIVO,LOCAL,7,"LARA, JOSE",4,8:36,64,54
130832,14/12/2025,VEN,URU,453,CANASTA-2P,LOCAL,7,"LARA, JOSE",4,8:36,66,54
130832,14/12/2025,VEN,URU,454,FALTA-COMETIDA,VISITANTE,8,"CRUZ, FEDERICO",4,8:36,66,54
130832,14/12/2025,VEN,URU,455,FALTA-RECIBIDA,LOCAL,7,"LARA, JOSE",4,8:36,66,54
130832,14/12/2025,VEN,URU,456,CAMBIO-JUGADOR-SALE,VISITANTE,4,"PASTRANA, MANUEL",4,8:36,66,54
130832,14/12/2025,VEN,URU,457,CAMBIO-JUGADOR-SALE,VISITANTE,13,"RAMÍREZ, VALENTINO",4,8:36,66,54
130832,14/12/2025,VEN,URU,458,CAMBIO-JUGADOR-ENTRA,VISITANTE,5,"IZUIBEJERES, FACUNDO",4,8:36,66,54
130832,14/12/2025,VEN,URU,459,CAMBIO-JUGADOR-ENTRA,VISITANTE,10,"GOMEZ, LAUTARO",4,8:36,66,54
130832,14/12/2025,VEN,URU,460,TIRO1-FALLADO,LOCAL,7,"LARA, JOSE",4,8:36,66,54
130832,14/12/2025,VEN,URU,461,REBOTE-DEFENSIVO,VISITANTE,5,"IZUIBEJERES, FACUNDO",4,8:36,66,54
130832,14/12/2025,VEN,URU,462,TIRO3-FALLADO,VISITANTE,5,"IZUIBEJERES, FACUNDO",4,8:30,66,54
130832,14/12/2025,VEN,URU,463,REBOTE-DEFENSIVO,LOCAL,,,4,8:26,66,54
130832,14/12/2025,VEN,URU,464,CANASTA-2P,LOCAL,18,"ANILLO, WILLIAMS",4,8:10,68,54
130832,14/12/2025,VEN,URU,465,CANASTA-2P,VISITANTE,19,"FATA, GABRIEL",4,7:59,68,56
130832,14/12/2025,VEN,URU,466,CAMBIO-JUGADOR-SALE,VISITANTE,8,"CRUZ, FEDERICO",4,7:59,68,56
130832,14/12/2025,VEN,URU,467,CAMBIO-JUGADOR-ENTRA,VISITANTE,22,"OROZCO, LUCAS",4,7:59,68,56
130832,14/12/2025,VEN,URU,468,TIRO3-FALLADO,LOCAL,3,"VASQUEZ, JULIO",4,7:38,68,56
130832,14/12/2025,VEN,URU,469,REBOTE-DEFENSIVO,VISITANTE,11,"TESTA, NICOLAS",4,7:36,68,56
130832,14/12/2025,VEN,URU,470,TIRO2-FALLADO,VISITANTE,19,"FATA, GABRIEL",4,7:32,68,56
130832,14/12/2025,VEN,URU,471,REBOTE-OFENSIVO,VISITANTE,,,4,7:32,68,56
130832,14/12/2025,VEN,URU,472,CANASTA-3P,VISITANTE,22,"OROZCO, LUCAS",4,7:18,68,59
130832,14/12/2025,VEN,URU,473,ASISTENCIA,VISITANTE,5,"IZUIBEJERES, FACUNDO",4,7:18,68,59
130832,14/12/2025,VEN,URU,474,TIRO2-FALLADO,LOCAL,7,"LARA, JOSE",4,6:58,68,59
130832,14/12/2025,VEN,URU,475,REBOTE-DEFENSIVO,VISITANTE,,,4,6:56,68,59
130832,14/12/2025,VEN,URU,476,CAMBIO-JUGADOR-SALE,LOCAL,4,"SEGOVIA, RICHARD",4,6:56,68,59
130832,14/12/2025,VEN,URU,477,CAMBIO-JUGADOR-ENTRA,LOCAL,2,"TORRES, DEIKER",4,6:56,68,59
130832,14/12/2025,VEN,URU,478,TIRO2-FALLADO,VISITANTE,22,"OROZCO, LUCAS",4,6:36,68,59
130832,14/12/2025,VEN,URU,479,REBOTE-OFENSIVO,VISITANTE,10,"GOMEZ, LAUTARO",4,6:31,68,59
130832,14/12/2025,VEN,URU,480,CANASTA-2P,VISITANTE,10,"GOMEZ, LAUTARO",4,6:31,68,61
130832,14/12/2025,VEN,URU,481,CANASTA-2P,LOCAL,14,"GUTIERREZ, KEVIN",4,6:15,70,61
130832,14/12/2025,VEN,URU,482,FALTA-COMETIDA,LOCAL,2,"TORRES, DEIKER",4,6:00,70,61
130832,14/12/2025,VEN,URU,483,FALTA-RECIBIDA,VISITANTE,10,"GOMEZ, LAUTARO",4,6:00,70,61
130832,14/12/2025,VEN,URU,484,CAMBIO-JUGADOR-SALE,LOCAL,7,"LARA, JOSE",4,6:00,70,61
130832,14/12/2025,VEN,URU,485,CAMBIO-JUGADOR-ENTRA,LOCAL,23,"NIÑO, SAMUEL",4,6:00,70,61
130832,14/12/2025,VEN,URU,486,TIRO3-FALLADO,VISITANTE,5,"IZUIBEJERES, FACUNDO",4,5:51,70,61
130832,14/12/2025,VEN,URU,487,REBOTE-DEFENSIVO,LOCAL,14,"GUTIERREZ, KEVIN",4,5:48,70,61
130832,14/12/2025,VEN,URU,488,CANASTA-2P,LOCAL,23,"NIÑO, SAMUEL",4,5:25,72,61
130832,14/12/2025,VEN,URU,489,ASISTENCIA,LOCAL,2,"TORRES, DEIKER",4,5:25,72,61
130832,14/12/2025,VEN,URU,490,TIRO3-FALLADO,VISITANTE,22,"OROZCO, LUCAS",4,5:09,72,61
130832,14/12/2025,VEN,URU,491,REBOTE-DEFENSIVO,LOCAL,14,"GUTIERREZ, KEVIN",4,5:06,72,61
130832,14/12/2025,VEN,URU,492,CANASTA-3P,LOCAL,18,"ANILLO, WILLIAMS",4,4:43,75,61
130832,14/12/2025,VEN,URU,493,ASISTENCIA,LOCAL,2,"TORRES, DEIKER",4,4:43,75,61
130832,14/12/2025,VEN,URU,494,TIEMPO-MUERTO-SOLICITADO,VISITANTE,,,4,4:43,75,61
130832,14/12/2025,VEN,URU,495,CANASTA-2P,VISITANTE,11,"TESTA, NICOLAS",4,4:29,75,63
130832,14/12/2025,VEN,URU,496,ASISTENCIA,VISITANTE,5,"IZUIBEJERES, FACUNDO",4,4:29,75,63
130832,14/12/2025,VEN,URU,497,FALTA-COMETIDA,VISITANTE,22,"OROZCO, LUCAS",4,4:07,75,63
130832,14/12/2025,VEN,URU,498,FALTA-RECIBIDA,LOCAL,2,"TORRES, DEIKER",4,4:07,75,63
130832,14/12/2025,VEN,URU,499,TIRO2-FALLADO,LOCAL,3,"VASQUEZ, JULIO",4,3:54,75,63
130832,14/12/2025,VEN,URU,500,TAPON-COMETIDO,VISITANTE,22,"OROZCO, LUCAS",4,3:54,75,63
130832,14/12/2025,VEN,URU,501,REBOTE-DEFENSIVO,VISITANTE,10,"GOMEZ, LAUTARO",4,3:49,75,63
130832,14/12/2025,VEN,URU,502,CANASTA-2P,VISITANTE,11,"TESTA, NICOLAS",4,3:38,75,65
130832,14/12/2025,VEN,URU,503,ASISTENCIA,VISITANTE,5,"IZUIBEJERES, FACUNDO",4,3:38,75,65
130832,14/12/2025,VEN,URU,504,FALTA-COMETIDA,LOCAL,14,"GUTIERREZ, KEVIN",4,3:38,75,65
130832,14/12/2025,VEN,URU,505,FALTA-RECIBIDA,VISITANTE,11,"TESTA, NICOLAS",4,3:38,75,65
130832,14/12/2025,VEN,URU,506,CANASTA-1P,VISITANTE,11,"TESTA, NICOLAS",4,3:38,75,66
130832,14/12/2025,VEN,URU,507,TIEMPO-MUERTO-SOLICITADO,LOCAL,,,4,3:38,75,66
130832,14/12/2025,VEN,URU,508,TIRO2-FALLADO,LOCAL,3,"VASQUEZ, JULIO",4,3:28,75,66
130832,14/12/2025,VEN,URU,509,REBOTE-DEFENSIVO,VISITANTE,10,"GOMEZ, LAUTARO",4,3:23,75,66
130832,14/12/2025,VEN,URU,510,TIRO2-FALLADO,VISITANTE,5,"IZUIBEJERES, FACUNDO",4,3:10,75,66
130832,14/12/2025,VEN,URU,511,REBOTE-DEFENSIVO,LOCAL,3,"VASQUEZ, JULIO",4,3:07,75,66
130832,14/12/2025,VEN,URU,512,CANASTA-2P,LOCAL,14,"GUTIERREZ, KEVIN",4,3:01,77,66
130832,14/12/2025,VEN,URU,513,ASISTENCIA,LOCAL,18,"ANILLO, WILLIAMS",4,3:01,77,66
130832,14/12/2025,VEN,URU,514,FALTA-COMETIDA,VISITANTE,22,"OROZCO, LUCAS",4,3:01,77,66
130832,14/12/2025,VEN,URU,515,FALTA-RECIBIDA,LOCAL,14,"GUTIERREZ, KEVIN",4,3:01,77,66
130832,14/12/2025,VEN,URU,516,CAMBIO-JUGADOR-SALE,LOCAL,3,"VASQUEZ, JULIO",4,3:01,77,66
130832,14/12/2025,VEN,URU,517,CAMBIO-JUGADOR-ENTRA,LOCAL,7,"LARA, JOSE",4,3:01,77,66
130832,14/12/2025,VEN,URU,518,CAMBIO-JUGADOR-SALE,VISITANTE,22,"OROZCO, LUCAS",4,3:01,77,66
130832,14/12/2025,VEN,URU,519,CAMBIO-JUGADOR-ENTRA,VISITANTE,21,"MICHAELSSON, THIAGO",4,3:01,77,66
130832,14/12/2025,VEN,URU,520,CANASTA-1P,LOCAL,14,"GUTIERREZ, KEVIN",4,3:01,78,66
130832,14/12/2025,VEN,URU,521,TIRO2-FALLADO,VISITANTE,19,"FATA, GABRIEL",4,2:55,78,66
130832,14/12/2025,VEN,URU,522,REBOTE-DEFENSIVO,LOCAL,14,"GUTIERREZ, KEVIN",4,2:52,78,66
130832,14/12/2025,VEN,URU,523,PERDIDA,LOCAL,23,"NIÑO, SAMUEL",4,2:32,78,66
130832,14/12/2025,VEN,URU,524,RECUPERACION,VISITANTE,5,"IZUIBEJERES, FACUNDO",4,2:32,78,66
130832,14/12/2025,VEN,URU,525,TIRO3-FALLADO,VISITANTE,5,"IZUIBEJERES, FACUNDO",4,2:18,78,66
130832,14/12/2025,VEN,URU,526,REBOTE-DEFENSIVO,LOCAL,14,"GUTIERREZ, KEVIN",4,2:14,78,66
130832,14/12/2025,VEN,URU,527,CANASTA-2P,LOCAL,7,"LARA, JOSE",4,1:58,80,66
130832,14/12/2025,VEN,URU,528,ASISTENCIA,LOCAL,2,"TORRES, DEIKER",4,1:58,80,66
130832,14/12/2025,VEN,URU,529,TIEMPO-MUERTO-SOLICITADO,VISITANTE,,,4,1:53,80,66
130832,14/12/2025,VEN,URU,530,CAMBIO-JUGADOR-SALE,LOCAL,23,"NIÑO, SAMUEL",4,1:53,80,66
130832,14/12/2025,VEN,URU,531,CAMBIO-JUGADOR-ENTRA,LOCAL,3,"VASQUEZ, JULIO",4,1:53,80,66
130832,14/12/2025,VEN,URU,532,CAMBIO-JUGADOR-SALE,VISITANTE,21,"MICHAELSSON, THIAGO",4,1:53,80,66
130832,14/12/2025,VEN,URU,533,CAMBIO-JUGADOR-ENTRA,VISITANTE,8,"CRUZ, FEDERICO",4,1:53,80,66
130832,14/12/2025,VEN,URU,534,TIRO3-FALLADO,VISITANTE,11,"TESTA, NICOLAS",4,1:41,80,66
130832,14/12/2025,VEN,URU,535,REBOTE-OFENSIVO,VISITANTE,10,"GOMEZ, LAUTARO",4,1:37,80,66
130832,14/12/2025,VEN,URU,536,TIRO3-FALLADO,VISITANTE,19,"FATA, GABRIEL",4,1:31,80,66
130832,14/12/2025,VEN,URU,537,REBOTE-DEFENSIVO,LOCAL,18,"ANILLO, WILLIAMS",4,1:27,80,66
130832,14/12/2025,VEN,URU,538,CANASTA-2P,LOCAL,7,"LARA, JOSE",4,1:10,82,66
130832,14/12/2025,VEN,URU,539,ASISTENCIA,LOCAL,14,"GUTIERREZ, KEVIN",4,1:10,82,66
130832,14/12/2025,VEN,URU,540,CANASTA-2P,VISITANTE,19,"FATA, GABRIEL",4,0:55,82,68
130832,14/12/2025,VEN,URU,541,ASISTENCIA,VISITANTE,11,"TESTA, NICOLAS",4,0:55,82,68
130832,14/12/2025,VEN,URU,542,FALTA-COMETIDA,VISITANTE,19,"FATA, GABRIEL",4,0:47,82,68
130832,14/12/2025,VEN,URU,543,FALTA-RECIBIDA,LOCAL,2,"TORRES, DEIKER",4,0:47,82,68
130832,14/12/2025,VEN,URU,544,CANASTA-3P,LOCAL,18,"ANILLO, WILLIAMS",4,0:33,85,68
130832,14/12/2025,VEN,URU,545,ASISTENCIA,LOCAL,2,"TORRES, DEIKER",4,0:33,85,68
130832,14/12/2025,VEN,URU,546,TIRO2-FALLADO,VISITANTE,8,"CRUZ, FEDERICO",4,0:25,85,68
130832,14/12/2025,VEN,URU,547,REBOTE-DEFENSIVO,LOCAL,14,"GUTIERREZ, KEVIN",4,0:21,85,68
130832,14/12/2025,VEN,URU,548,FINAL-PERIODO,,,,4,0:00,85,68
130832,14/12/2025,VEN,URU,549,FINAL-PARTIDO,,,,4,0:00,85,68
130833,14/12/2025,ARG,BRA,0,INICIO-PARTIDO,,,,1,10:00,0,0
130833,14/12/2025,ARG,BRA,1,INICIO-PERIODO,,,,1,10:00,0,0
130833,14/12/2025,ARG,BRA,2,CAMBIO-JUGADOR-ENTRA,LOCAL,2,"PETTOVELLO, BENJAMIN",1,10:00,0,0
130833,14/12/2025,ARG,BRA,3,CAMBIO-JUGADOR-ENTRA,LOCAL,4,"HERNANDEZ, MANUEL",1,10:00,0,0
130833,14/12/2025,ARG,BRA,4,CAMBIO-JUGADOR-ENTRA,LOCAL,6,"GOBETTI, BAUTISTA",1,10:00,0,0
130833,14/12/2025,ARG,BRA,5,CAMBIO-JUGADOR-ENTRA,LOCAL,8,"AMAN, GONZALO",1,10:00,0,0
130833,14/12/2025,ARG,BRA,6,CAMBIO-JUGADOR-ENTRA,LOCAL,14,"PETTINAROLI, SANTIAGO",1,10:00,0,0
130833,14/12/2025,ARG,BRA,7,CAMBIO-JUGADOR-ENTRA,VISITANTE,6,"ALVES, PEDRO",1,10:00,0,0
130833,14/12/2025,ARG,BRA,8,CAMBIO-JUGADOR-ENTRA,VISITANTE,10,"MELO, PIETRO",1,10:00,0,0
130833,14/12/2025,ARG,BRA,9,CAMBIO-JUGADOR-ENTRA,VISITANTE,14,"NEVES, JOAO",1,10:00,0,0
130833,14/12/2025,ARG,BRA,10,CAMBIO-JUGADOR-ENTRA,VISITANTE,25,"SOUZA, PEDRO",1,10:00,0,0
130833,14/12/2025,ARG,BRA,11,CAMBIO-JUGADOR-ENTRA,VISITANTE,50,"SANTOS, EDUARDO",1,10:00,0,0
130833,14/12/2025,ARG,BRA,12,JUMP-BALL,,,,1,10:00,0,0
130833,14/12/2025,ARG,BRA,13,JUMP-BALL,LOCAL,2,"PETTOVELLO, BENJAMIN",1,9:58,0,0
130833,14/12/2025,ARG,BRA,14,JUMP-BALL,VISITANTE,6,"ALVES, PEDRO",1,9:58,0,0
130833,14/12/2025,ARG,BRA,15,TIRO2-FALLADO,LOCAL,8,"AMAN, GONZALO",1,9:49,0,0
130833,14/12/2025,ARG,BRA,16,REBOTE-DEFENSIVO,VISITANTE,,,1,9:45,0,0
130833,14/12/2025,ARG,BRA,17,TIRO3-FALLADO,VISITANTE,50,"SANTOS, EDUARDO",1,9:30,0,0
130833,14/12/2025,ARG,BRA,18,REBOTE-OFENSIVO,VISITANTE,10,"MELO, PIETRO",1,9:26,0,0
130833,14/12/2025,ARG,BRA,19,TIRO2-FALLADO,VISITANTE,10,"MELO, PIETRO",1,9:25,0,0
130833,14/12/2025,ARG,BRA,20,REBOTE-OFENSIVO,VISITANTE,6,"ALVES, PEDRO",1,9:22,0,0
130833,14/12/2025,ARG,BRA,21,TIRO2-FALLADO,VISITANTE,25,"SOUZA, PEDRO",1,9:17,0,0
130833,14/12/2025,ARG,BRA,22,REBOTE-DEFENSIVO,LOCAL,6,"GOBETTI, BAUTISTA",1,9:13,0,0
130833,14/12/2025,ARG,BRA,23,CANASTA-2P,LOCAL,6,"GOBETTI, BAUTISTA",1,9:08,2,0
130833,14/12/2025,ARG,BRA,24,ASISTENCIA,LOCAL,4,"HERNANDEZ, MANUEL",1,9:08,2,0
130833,14/12/2025,ARG,BRA,25,TIRO3-FALLADO,VISITANTE,14,"NEVES, JOAO",1,8:57,2,0
130833,14/12/2025,ARG,BRA,26,REBOTE-DEFENSIVO,LOCAL,2,"PETTOVELLO, BENJAMIN",1,8:53,2,0
130833,14/12/2025,ARG,BRA,27,TIRO3-FALLADO,LOCAL,8,"AMAN, GONZALO",1,8:46,2,0
130833,14/12/2025,ARG,BRA,28,REBOTE-DEFENSIVO,VISITANTE,6,"ALVES, PEDRO",1,8:39,2,0
130833,14/12/2025,ARG,BRA,29,CANASTA-3P,VISITANTE,50,"SANTOS, EDUARDO",1,8:36,2,3
130833,14/12/2025,ARG,BRA,30,ASISTENCIA,VISITANTE,25,"SOUZA, PEDRO",1,8:36,2,3
130833,14/12/2025,ARG,BRA,31,TIRO3-FALLADO,LOCAL,4,"HERNANDEZ, MANUEL",1,8:23,2,3
130833,14/12/2025,ARG,BRA,32,REBOTE-DEFENSIVO,VISITANTE,6,"ALVES, PEDRO",1,8:20,2,3
130833,14/12/2025,ARG,BRA,33,CANASTA-3P,VISITANTE,14,"NEVES, JOAO",1,8:13,2,6
130833,14/12/2025,ARG,BRA,34,ASISTENCIA,VISITANTE,10,"MELO, PIETRO",1,8:13,2,6
130833,14/12/2025,ARG,BRA,35,FALTA-COMETIDA,VISITANTE,6,"ALVES, PEDRO",1,8:09,2,6
130833,14/12/2025,ARG,BRA,36,FALTA-RECIBIDA,LOCAL,8,"AMAN, GONZALO",1,8:09,2,6
130833,14/12/2025,ARG,BRA,37,TIRO2-FALLADO,LOCAL,4,"HERNANDEZ, MANUEL",1,7:55,2,6
130833,14/12/2025,ARG,BRA,38,REBOTE-OFENSIVO,LOCAL,2,"PETTOVELLO, BENJAMIN",1,7:51,2,6
130833,14/12/2025,ARG,BRA,39,CANASTA-3P,LOCAL,6,"GOBETTI, BAUTISTA",1,7:48,5,6
130833,14/12/2025,ARG,BRA,40,ASISTENCIA,LOCAL,4,"HERNANDEZ, MANUEL",1,7:48,5,6
130833,14/12/2025,ARG,BRA,41,TIRO3-FALLADO,VISITANTE,10,"MELO, PIETRO",1,7:37,5,6
130833,14/12/2025,ARG,BRA,42,REBOTE-DEFENSIVO,LOCAL,2,"PETTOVELLO, BENJAMIN",1,7:33,5,6
130833,14/12/2025,ARG,BRA,43,CANASTA-2P,LOCAL,4,"HERNANDEZ, MANUEL",1,7:22,7,6
130833,14/12/2025,ARG,BRA,44,PERDIDA,VISITANTE,25,"SOUZA, PEDRO",1,7:03,7,6
130833,14/12/2025,ARG,BRA,45,PERDIDA,LOCAL,14,"PETTINAROLI, SANTIAGO",1,6:53,7,6
130833,14/12/2025,ARG,BRA,46,TIRO3-FALLADO,VISITANTE,14,"NEVES, JOAO",1,6:37,7,6
130833,14/12/2025,ARG,BRA,47,REBOTE-OFENSIVO,VISITANTE,6,"ALVES, PEDRO",1,6:31,7,6
130833,14/12/2025,ARG,BRA,48,TIRO2-FALLADO,VISITANTE,6,"ALVES, PEDRO",1,6:31,7,6
130833,14/12/2025,ARG,BRA,49,REBOTE-OFENSIVO,VISITANTE,50,"SANTOS, EDUARDO",1,6:28,7,6
130833,14/12/2025,ARG,BRA,50,CANASTA-2P,VISITANTE,50,"SANTOS, EDUARDO",1,6:27,7,8
130833,14/12/2025,ARG,BRA,51,TIRO3-FALLADO,LOCAL,2,"PETTOVELLO, BENJAMIN",1,6:15,7,8
130833,14/12/2025,ARG,BRA,52,REBOTE-OFENSIVO,LOCAL,4,"HERNANDEZ, MANUEL",1,6:11,7,8
130833,14/12/2025,ARG,BRA,53,CANASTA-3P,LOCAL,8,"AMAN, GONZALO",1,6:02,10,8
130833,14/12/2025,ARG,BRA,54,TIRO3-FALLADO,VISITANTE,50,"SANTOS, EDUARDO",1,5:37,10,8
130833,14/12/2025,ARG,BRA,55,REBOTE-OFENSIVO,VISITANTE,50,"SANTOS, EDUARDO",1,5:34,10,8
130833,14/12/2025,ARG,BRA,56,TIRO3-FALLADO,VISITANTE,50,"SANTOS, EDUARDO",1,5:33,10,8
130833,14/12/2025,ARG,BRA,57,REBOTE-DEFENSIVO,LOCAL,14,"PETTINAROLI, SANTIAGO",1,5:29,10,8
130833,14/12/2025,ARG,BRA,58,CANASTA-2P,LOCAL,6,"GOBETTI, BAUTISTA",1,5:23,12,8
130833,14/12/2025,ARG,BRA,59,TIRO3-FALLADO,VISITANTE,25,"SOUZA, PEDRO",1,5:11,12,8
130833,14/12/2025,ARG,BRA,60,REBOTE-DEFENSIVO,LOCAL,6,"GOBETTI, BAUTISTA",1,5:06,12,8
130833,14/12/2025,ARG,BRA,61,FALTA-COMETIDA,VISITANTE,10,"MELO, PIETRO",1,5:06,12,8
130833,14/12/2025,ARG,BRA,62,FALTA-RECIBIDA,LOCAL,6,"GOBETTI, BAUTISTA",1,5:06,12,8
130833,14/12/2025,ARG,BRA,63,CAMBIO-JUGADOR-SALE,VISITANTE,6,"ALVES, PEDRO",1,5:06,12,8
130833,14/12/2025,ARG,BRA,64,CAMBIO-JUGADOR-SALE,VISITANTE,14,"NEVES, JOAO",1,5:06,12,8
130833,14/12/2025,ARG,BRA,65,CAMBIO-JUGADOR-SALE,VISITANTE,25,"SOUZA, PEDRO",1,5:06,12,8
130833,14/12/2025,ARG,BRA,66,CAMBIO-JUGADOR-ENTRA,VISITANTE,3,"NASCIMENTO, MATHEUS",1,5:06,12,8
130833,14/12/2025,ARG,BRA,67,CAMBIO-JUGADOR-ENTRA,VISITANTE,33,"FERREIRA, CRISTIAN",1,5:06,12,8
130833,14/12/2025,ARG,BRA,68,CAMBIO-JUGADOR-ENTRA,VISITANTE,45,"SANTOS, ISAIAH",1,5:06,12,8
130833,14/12/2025,ARG,BRA,69,TIRO2-FALLADO,LOCAL,14,"PETTINAROLI, SANTIAGO",1,4:56,12,8
130833,14/12/2025,ARG,BRA,70,REBOTE-OFENSIVO,LOCAL,2,"PETTOVELLO, BENJAMIN",1,4:53,12,8
130833,14/12/2025,ARG,BRA,71,TIRO3-FALLADO,LOCAL,14,"PETTINAROLI, SANTIAGO",1,4:51,12,8
130833,14/12/2025,ARG,BRA,72,REBOTE-DEFENSIVO,VISITANTE,10,"MELO, PIETRO",1,4:48,12,8
130833,14/12/2025,ARG,BRA,73,CANASTA-3P,VISITANTE,10,"MELO, PIETRO",1,4:36,12,11
130833,14/12/2025,ARG,BRA,74,ASISTENCIA,VISITANTE,50,"SANTOS, EDUARDO",1,4:36,12,11
130833,14/12/2025,ARG,BRA,75,TIRO2-FALLADO,LOCAL,6,"GOBETTI, BAUTISTA",1,4:20,12,11
130833,14/12/2025,ARG,BRA,76,REBOTE-DEFENSIVO,VISITANTE,,,1,4:16,12,11
130833,14/12/2025,ARG,BRA,77,PERDIDA,VISITANTE,10,"MELO, PIETRO",1,4:15,12,11
130833,14/12/2025,ARG,BRA,78,RECUPERACION,LOCAL,4,"HERNANDEZ, MANUEL",1,4:15,12,11
130833,14/12/2025,ARG,BRA,79,TIRO2-FALLADO,LOCAL,4,"HERNANDEZ, MANUEL",1,4:14,12,11
130833,14/12/2025,ARG,BRA,80,REBOTE-DEFENSIVO,VISITANTE,,,1,4:12,12,11
130833,14/12/2025,ARG,BRA,81,CAMBIO-JUGADOR-SALE,LOCAL,2,"PETTOVELLO, BENJAMIN",1,4:12,12,11
130833,14/12/2025,ARG,BRA,82,CAMBIO-JUGADOR-ENTRA,LOCAL,7,"TORRENS, ELIAS",1,4:12,12,11
130833,14/12/2025,ARG,BRA,83,FALTA-COMETIDA,LOCAL,14,"PETTINAROLI, SANTIAGO",1,4:00,12,11
130833,14/12/2025,ARG,BRA,84,FALTA-RECIBIDA,VISITANTE,50,"SANTOS, EDUARDO",1,4:00,12,11
130833,14/12/2025,ARG,BRA,85,CANASTA-1P,VISITANTE,50,"SANTOS, EDUARDO",1,4:00,12,12
130833,14/12/2025,ARG,BRA,86,ASISTENCIA,VISITANTE,10,"MELO, PIETRO",1,4:00,12,12
130833,14/12/2025,ARG,BRA,87,CANASTA-1P,VISITANTE,50,"SANTOS, EDUARDO",1,4:00,12,13
130833,14/12/2025,ARG,BRA,88,TIRO3-FALLADO,LOCAL,6,"GOBETTI, BAUTISTA",1,3:50,12,13
130833,14/12/2025,ARG,BRA,89,REBOTE-DEFENSIVO,VISITANTE,45,"SANTOS, ISAIAH",1,3:47,12,13
130833,14/12/2025,ARG,BRA,90,TIRO3-FALLADO,VISITANTE,3,"NASCIMENTO, MATHEUS",1,3:44,12,13
130833,14/12/2025,ARG,BRA,91,REBOTE-DEFENSIVO,LOCAL,4,"HERNANDEZ, MANUEL",1,3:40,12,13
130833,14/12/2025,ARG,BRA,92,TIRO2-FALLADO,LOCAL,4,"HERNANDEZ, MANUEL",1,3:34,12,13
130833,14/12/2025,ARG,BRA,93,REBOTE-DEFENSIVO,VISITANTE,50,"SANTOS, EDUARDO",1,3:28,12,13
130833,14/12/2025,ARG,BRA,94,FALTA-COMETIDA,LOCAL,4,"HERNANDEZ, MANUEL",1,3:26,12,13
130833,14/12/2025,ARG,BRA,95,FALTA-RECIBIDA,VISITANTE,33,"FERREIRA, CRISTIAN",1,3:26,12,13
130833,14/12/2025,ARG,BRA,96,CAMBIO-JUGADOR-SALE,LOCAL,6,"GOBETTI, BAUTISTA",1,3:26,12,13
130833,14/12/2025,ARG,BRA,97,CAMBIO-JUGADOR-ENTRA,LOCAL,11,"MORAVANSKY, ROMAN",1,3:26,12,13
130833,14/12/2025,ARG,BRA,98,CAMBIO-JUGADOR-SALE,VISITANTE,10,"MELO, PIETRO",1,3:26,12,13
130833,14/12/2025,ARG,BRA,99,CAMBIO-JUGADOR-ENTRA,VISITANTE,25,"SOUZA, PEDRO",1,3:26,12,13
130833,14/12/2025,ARG,BRA,100,CANASTA-1P,VISITANTE,33,"FERREIRA, CRISTIAN",1,3:26,12,14
130833,14/12/2025,ARG,BRA,101,ASISTENCIA,VISITANTE,10,"MELO, PIETRO",1,3:26,12,14
130833,14/12/2025,ARG,BRA,102,CANASTA-1P,VISITANTE,33,"FERREIRA, CRISTIAN",1,3:26,12,15
130833,14/12/2025,ARG,BRA,103,TIRO2-FALLADO,LOCAL,8,"AMAN, GONZALO",1,3:08,12,15
130833,14/12/2025,ARG,BRA,104,REBOTE-DEFENSIVO,VISITANTE,,,1,3:07,12,15
130833,14/12/2025,ARG,BRA,105,FALTA-COMETIDA,VISITANTE,3,"NASCIMENTO, MATHEUS",1,2:59,12,15
130833,14/12/2025,ARG,BRA,106,PERDIDA,VISITANTE,3,"NASCIMENTO, MATHEUS",1,2:59,12,15
130833,14/12/2025,ARG,BRA,107,FALTA-RECIBIDA,LOCAL,4,"HERNANDEZ, MANUEL",1,2:59,12,15
130833,14/12/2025,ARG,BRA,108,FALTA-COMETIDA,VISITANTE,45,"SANTOS, ISAIAH",1,2:54,12,15
130833,14/12/2025,ARG,BRA,109,FALTA-RECIBIDA,LOCAL,4,"HERNANDEZ, MANUEL",1,2:54,12,15
130833,14/12/2025,ARG,BRA,110,PERDIDA,LOCAL,4,"HERNANDEZ, MANUEL",1,2:46,12,15
130833,14/12/2025,ARG,BRA,111,TIRO2-FALLADO,VISITANTE,3,"NASCIMENTO, MATHEUS",1,2:31,12,15
130833,14/12/2025,ARG,BRA,112,TAPON-COMETIDO,LOCAL,4,"HERNANDEZ, MANUEL",1,2:31,12,15
130833,14/12/2025,ARG,BRA,113,REBOTE-OFENSIVO,VISITANTE,,,1,2:24,12,15
130833,14/12/2025,ARG,BRA,114,CANASTA-3P,VISITANTE,25,"SOUZA, PEDRO",1,2:22,12,18
130833,14/12/2025,ARG,BRA,115,ASISTENCIA,VISITANTE,3,"NASCIMENTO, MATHEUS",1,2:22,12,18
130833,14/12/2025,ARG,BRA,116,TIEMPO-MUERTO-SOLICITADO,LOCAL,,,1,2:18,12,18
130833,14/12/2025,ARG,BRA,117,CAMBIO-JUGADOR-SALE,LOCAL,4,"HERNANDEZ, MANUEL",1,2:18,12,18
130833,14/12/2025,ARG,BRA,118,CAMBIO-JUGADOR-SALE,LOCAL,7,"TORRENS, ELIAS",1,2:18,12,18
130833,14/12/2025,ARG,BRA,119,CAMBIO-JUGADOR-SALE,LOCAL,8,"AMAN, GONZALO",1,2:18,12,18
130833,14/12/2025,ARG,BRA,120,CAMBIO-JUGADOR-ENTRA,LOCAL,2,"PETTOVELLO, BENJAMIN",1,2:18,12,18
130833,14/12/2025,ARG,BRA,121,CAMBIO-JUGADOR-ENTRA,LOCAL,9,"CELIZ, JOAQUIN",1,2:18,12,18
130833,14/12/2025,ARG,BRA,122,CAMBIO-JUGADOR-ENTRA,LOCAL,10,"CAUMO, JOAQUIN",1,2:18,12,18
130833,14/12/2025,ARG,BRA,123,CAMBIO-JUGADOR-SALE,VISITANTE,50,"SANTOS, EDUARDO",1,2:18,12,18
130833,14/12/2025,ARG,BRA,124,CAMBIO-JUGADOR-ENTRA,VISITANTE,14,"NEVES, JOAO",1,2:18,12,18
130833,14/12/2025,ARG,BRA,125,TIRO2-FALLADO,LOCAL,2,"PETTOVELLO, BENJAMIN",1,2:06,12,18
130833,14/12/2025,ARG,BRA,126,TAPON-COMETIDO,VISITANTE,14,"NEVES, JOAO",1,2:06,12,18
130833,14/12/2025,ARG,BRA,127,REBOTE-DEFENSIVO,VISITANTE,14,"NEVES, JOAO",1,2:01,12,18
130833,14/12/2025,ARG,BRA,128,TIRO3-FALLADO,VISITANTE,25,"SOUZA, PEDRO",1,1:46,12,18
130833,14/12/2025,ARG,BRA,129,REBOTE-DEFENSIVO,LOCAL,2,"PETTOVELLO, BENJAMIN",1,1:41,12,18
130833,14/12/2025,ARG,BRA,130,TIRO2-FALLADO,LOCAL,2,"PETTOVELLO, BENJAMIN",1,1:34,12,18
130833,14/12/2025,ARG,BRA,131,REBOTE-DEFENSIVO,VISITANTE,,,1,1:30,12,18
130833,14/12/2025,ARG,BRA,132,CANASTA-2P,VISITANTE,25,"SOUZA, PEDRO",1,1:11,12,20
130833,14/12/2025,ARG,BRA,133,TIRO2-FALLADO,LOCAL,14,"PETTINAROLI, SANTIAGO",1,0:58,12,20
130833,14/12/2025,ARG,BRA,134,TAPON-COMETIDO,VISITANTE,14,"NEVES, JOAO",1,0:58,12,20
130833,14/12/2025,ARG,BRA,135,REBOTE-DEFENSIVO,VISITANTE,14,"NEVES, JOAO",1,0:53,12,20
130833,14/12/2025,ARG,BRA,136,FALTA-COMETIDA,LOCAL,9,"CELIZ, JOAQUIN",1,0:53,12,20
130833,14/12/2025,ARG,BRA,137,FALTA-RECIBIDA,VISITANTE,25,"SOUZA, PEDRO",1,0:53,12,20
130833,14/12/2025,ARG,BRA,138,CAMBIO-JUGADOR-SALE,VISITANTE,3,"NASCIMENTO, MATHEUS",1,0:53,12,20
130833,14/12/2025,ARG,BRA,139,CAMBIO-JUGADOR-ENTRA,VISITANTE,2,"MATHIAS, CAIO",1,0:53,12,20
130833,14/12/2025,ARG,BRA,140,CAMBIO-JUGADOR-SALE,LOCAL,14,"PETTINAROLI, SANTIAGO",1,0:53,12,20
130833,14/12/2025,ARG,BRA,141,CAMBIO-JUGADOR-ENTRA,LOCAL,6,"GOBETTI, BAUTISTA",1,0:53,12,20
130833,14/12/2025,ARG,BRA,142,CANASTA-1P,VISITANTE,25,"SOUZA, PEDRO",1,0:53,12,21
130833,14/12/2025,ARG,BRA,143,CANASTA-1P,VISITANTE,25,"SOUZA, PEDRO",1,0:53,12,22
130833,14/12/2025,ARG,BRA,144,CAMBIO-JUGADOR-SALE,VISITANTE,45,"SANTOS, ISAIAH",1,0:53,12,22
130833,14/12/2025,ARG,BRA,145,CAMBIO-JUGADOR-ENTRA,VISITANTE,8,"FERNANDES, JOAO GABRIEL",1,0:53,12,22
130833,14/12/2025,ARG,BRA,146,CANASTA-2P,LOCAL,2,"PETTOVELLO, BENJAMIN",1,0:38,14,22
130833,14/12/2025,ARG,BRA,147,ASISTENCIA,LOCAL,9,"CELIZ, JOAQUIN",1,0:38,14,22
130833,14/12/2025,ARG,BRA,148,CANASTA-3P,VISITANTE,14,"NEVES, JOAO",1,0:22,14,25
130833,14/12/2025,ARG,BRA,149,CANASTA-3P,LOCAL,10,"CAUMO, JOAQUIN",1,0:05,17,25
130833,14/12/2025,ARG,BRA,150,TIRO3-FALLADO,VISITANTE,2,"MATHIAS, CAIO",1,0:03,17,25
130833,14/12/2025,ARG,BRA,151,FINAL-PERIODO,,,,1,0:00,17,25
130833,14/12/2025,ARG,BRA,152,CAMBIO-JUGADOR-SALE,VISITANTE,8,"FERNANDES, JOAO GABRIEL",2,10:00,17,25
130833,14/12/2025,ARG,BRA,153,CAMBIO-JUGADOR-SALE,VISITANTE,25,"SOUZA, PEDRO",2,10:00,17,25
130833,14/12/2025,ARG,BRA,154,CAMBIO-JUGADOR-ENTRA,VISITANTE,10,"MELO, PIETRO",2,10:00,17,25
130833,14/12/2025,ARG,BRA,155,CAMBIO-JUGADOR-ENTRA,VISITANTE,45,"SANTOS, ISAIAH",2,10:00,17,25
130833,14/12/2025,ARG,BRA,156,INICIO-PERIODO,,,,2,10:00,17,25
130833,14/12/2025,ARG,BRA,157,TIRO2-FALLADO,VISITANTE,45,"SANTOS, ISAIAH",2,9:48,17,25
130833,14/12/2025,ARG,BRA,158,REBOTE-DEFENSIVO,LOCAL,9,"CELIZ, JOAQUIN",2,9:46,17,25
130833,14/12/2025,ARG,BRA,159,TIRO2-FALLADO,LOCAL,10,"CAUMO, JOAQUIN",2,9:31,17,25
130833,14/12/2025,ARG,BRA,160,REBOTE-DEFENSIVO,VISITANTE,14,"NEVES, JOAO",2,9:26,17,25
130833,14/12/2025,ARG,BRA,161,CANASTA-2P,VISITANTE,45,"SANTOS, ISAIAH",2,9:24,17,27
130833,14/12/2025,ARG,BRA,162,ASISTENCIA,VISITANTE,33,"FERREIRA, CRISTIAN",2,9:24,17,27
130833,14/12/2025,ARG,BRA,163,TIRO2-FALLADO,LOCAL,2,"PETTOVELLO, BENJAMIN",2,9:06,17,27
130833,14/12/2025,ARG,BRA,164,REBOTE-DEFENSIVO,VISITANTE,45,"SANTOS, ISAIAH",2,9:02,17,27
130833,14/12/2025,ARG,BRA,165,TIRO2-FALLADO,VISITANTE,10,"MELO, PIETRO",2,9:00,17,27
130833,14/12/2025,ARG,BRA,166,TAPON-COMETIDO,LOCAL,6,"GOBETTI, BAUTISTA",2,9:00,17,27
130833,14/12/2025,ARG,BRA,167,REBOTE-DEFENSIVO,LOCAL,6,"GOBETTI, BAUTISTA",2,8:56,17,27
130833,14/12/2025,ARG,BRA,168,PERDIDA,LOCAL,6,"GOBETTI, BAUTISTA",2,8:55,17,27
130833,14/12/2025,ARG,BRA,169,PERDIDA,VISITANTE,45,"SANTOS, ISAIAH",2,8:46,17,27
130833,14/12/2025,ARG,BRA,170,CANASTA-2P,LOCAL,9,"CELIZ, JOAQUIN",2,8:35,19,27
130833,14/12/2025,ARG,BRA,171,FALTA-COMETIDA,LOCAL,2,"PETTOVELLO, BENJAMIN",2,8:16,19,27
130833,14/12/2025,ARG,BRA,172,FALTA-RECIBIDA,VISITANTE,10,"MELO, PIETRO",2,8:16,19,27
130833,14/12/2025,ARG,BRA,173,CANASTA-1P,VISITANTE,10,"MELO, PIETRO",2,8:16,19,28
130833,14/12/2025,ARG,BRA,174,CANASTA-1P,VISITANTE,10,"MELO, PIETRO",2,8:16,19,29
130833,14/12/2025,ARG,BRA,175,TIRO3-FALLADO,LOCAL,6,"GOBETTI, BAUTISTA",2,8:03,19,29
130833,14/12/2025,ARG,BRA,176,REBOTE-DEFENSIVO,VISITANTE,33,"FERREIRA, CRISTIAN",2,7:59,19,29
130833,14/12/2025,ARG,BRA,177,FALTA-COMETIDA,LOCAL,6,"GOBETTI, BAUTISTA",2,7:56,19,29
130833,14/12/2025,ARG,BRA,178,FALTA-RECIBIDA,VISITANTE,33,"FERREIRA, CRISTIAN",2,7:56,19,29
130833,14/12/2025,ARG,BRA,179,TIRO1-FALLADO,VISITANTE,33,"FERREIRA, CRISTIAN",2,7:56,19,29
130833,14/12/2025,ARG,BRA,180,TIRO1-FALLADO,VISITANTE,33,"FERREIRA, CRISTIAN",2,7:56,19,29
130833,14/12/2025,ARG,BRA,181,REBOTE-DEFENSIVO,LOCAL,2,"PETTOVELLO, BENJAMIN",2,7:56,19,29
130833,14/12/2025,ARG,BRA,182,PERDIDA,LOCAL,10,"CAUMO, JOAQUIN",2,7:35,19,29
130833,14/12/2025,ARG,BRA,183,CANASTA-2P,VISITANTE,10,"MELO, PIETRO",2,7:20,19,31
130833,14/12/2025,ARG,BRA,184,CANASTA-3P,LOCAL,10,"CAUMO, JOAQUIN",2,7:04,22,31
130833,14/12/2025,ARG,BRA,185,TIRO2-FALLADO,VISITANTE,10,"MELO, PIETRO",2,6:44,22,31
130833,14/12/2025,ARG,BRA,186,REBOTE-DEFENSIVO,LOCAL,11,"MORAVANSKY, ROMAN",2,6:38,22,31
130833,14/12/2025,ARG,BRA,187,PERDIDA,LOCAL,11,"MORAVANSKY, ROMAN",2,6:36,22,31
130833,14/12/2025,ARG,BRA,188,RECUPERACION,VISITANTE,33,"FERREIRA, CRISTIAN",2,6:36,22,31
130833,14/12/2025,ARG,BRA,189,CANASTA-3P,VISITANTE,2,"MATHIAS, CAIO",2,6:26,22,34
130833,14/12/2025,ARG,BRA,190,ASISTENCIA,VISITANTE,45,"SANTOS, ISAIAH",2,6:26,22,34
130833,14/12/2025,ARG,BRA,191,FALTA-COMETIDA,VISITANTE,45,"SANTOS, ISAIAH",2,6:09,22,34
130833,14/12/2025,ARG,BRA,192,FALTA-RECIBIDA,LOCAL,9,"CELIZ, JOAQUIN",2,6:09,22,34
130833,14/12/2025,ARG,BRA,193,CAMBIO-JUGADOR-SALE,LOCAL,6,"GOBETTI, BAUTISTA",2,6:09,22,34
130833,14/12/2025,ARG,BRA,194,CAMBIO-JUGADOR-SALE,LOCAL,11,"MORAVANSKY, ROMAN",2,6:09,22,34
130833,14/12/2025,ARG,BRA,195,CAMBIO-JUGADOR-ENTRA,LOCAL,4,"HERNANDEZ, MANUEL",2,6:09,22,34
130833,14/12/2025,ARG,BRA,196,CAMBIO-JUGADOR-ENTRA,LOCAL,14,"PETTINAROLI, SANTIAGO",2,6:09,22,34
130833,14/12/2025,ARG,BRA,197,CAMBIO-JUGADOR-SALE,VISITANTE,2,"MATHIAS, CAIO",2,6:09,22,34
130833,14/12/2025,ARG,BRA,198,CAMBIO-JUGADOR-SALE,VISITANTE,14,"NEVES, JOAO",2,6:09,22,34
130833,14/12/2025,ARG,BRA,199,CAMBIO-JUGADOR-SALE,VISITANTE,45,"SANTOS, ISAIAH",2,6:09,22,34
130833,14/12/2025,ARG,BRA,200,CAMBIO-JUGADOR-ENTRA,VISITANTE,6,"ALVES, PEDRO",2,6:09,22,34
130833,14/12/2025,ARG,BRA,201,CAMBIO-JUGADOR-ENTRA,VISITANTE,25,"SOUZA, PEDRO",2,6:09,22,34
130833,14/12/2025,ARG,BRA,202,CAMBIO-JUGADOR-ENTRA,VISITANTE,50,"SANTOS, EDUARDO",2,6:09,22,34
130833,14/12/2025,ARG,BRA,203,CAMBIO-JUGADOR-SALE,VISITANTE,33,"FERREIRA, CRISTIAN",2,6:09,22,34
130833,14/12/2025,ARG,BRA,204,CAMBIO-JUGADOR-ENTRA,VISITANTE,3,"NASCIMENTO, MATHEUS",2,6:09,22,34
130833,14/12/2025,ARG,BRA,205,TIRO2-FALLADO,LOCAL,10,"CAUMO, JOAQUIN",2,6:07,22,34
130833,14/12/2025,ARG,BRA,206,TAPON-COMETIDO,VISITANTE,6,"ALVES, PEDRO",2,6:07,22,34
130833,14/12/2025,ARG,BRA,207,REBOTE-DEFENSIVO,VISITANTE,25,"SOUZA, PEDRO",2,6:02,22,34
130833,14/12/2025,ARG,BRA,208,FALTA-COMETIDA,LOCAL,14,"PETTINAROLI, SANTIAGO",2,5:52,22,34
130833,14/12/2025,ARG,BRA,209,FALTA-RECIBIDA,VISITANTE,10,"MELO, PIETRO",2,5:52,22,34
130833,14/12/2025,ARG,BRA,210,CAMBIO-JUGADOR-SALE,LOCAL,10,"CAUMO, JOAQUIN",2,5:52,22,34
130833,14/12/2025,ARG,BRA,211,CAMBIO-JUGADOR-ENTRA,LOCAL,12,"FESSIA, MATEO",2,5:52,22,34
130833,14/12/2025,ARG,BRA,212,CANASTA-1P,VISITANTE,10,"MELO, PIETRO",2,5:52,22,35
130833,14/12/2025,ARG,BRA,213,ASISTENCIA,VISITANTE,25,"SOUZA, PEDRO",2,5:52,22,35
130833,14/12/2025,ARG,BRA,214,CANASTA-1P,VISITANTE,10,"MELO, PIETRO",2,5:52,22,36
130833,14/12/2025,ARG,BRA,215,CANASTA-1P,VISITANTE,10,"MELO, PIETRO",2,5:52,22,37
130833,14/12/2025,ARG,BRA,216,TIEMPO-MUERTO-SOLICITADO,LOCAL,,,2,5:52,22,37
130833,14/12/2025,ARG,BRA,217,FALTA-COMETIDA,LOCAL,12,"FESSIA, MATEO",2,5:52,22,37
130833,14/12/2025,ARG,BRA,218,FALTA-COMETIDA,VISITANTE,6,"ALVES, PEDRO",2,5:52,22,37
130833,14/12/2025,ARG,BRA,219,CAMBIO-JUGADOR-SALE,VISITANTE,6,"ALVES, PEDRO",2,5:52,22,37
130833,14/12/2025,ARG,BRA,220,CAMBIO-JUGADOR-ENTRA,VISITANTE,99,"DE RINALDE, JOÃO MARCELO",2,5:52,22,37
130833,14/12/2025,ARG,BRA,221,TIRO3-FALLADO,LOCAL,12,"FESSIA, MATEO",2,5:30,22,37
130833,14/12/2025,ARG,BRA,222,TIEMPO-MUERTO-SOLICITADO,LOCAL,,,2,5:27,22,37
130833,14/12/2025,ARG,BRA,223,TIRO3-FALLADO,VISITANTE,3,"NASCIMENTO, MATHEUS",2,5:15,22,37
130833,14/12/2025,ARG,BRA,224,REBOTE-DEFENSIVO,LOCAL,14,"PETTINAROLI, SANTIAGO",2,5:11,22,37
130833,14/12/2025,ARG,BRA,225,PERDIDA,LOCAL,14,"PETTINAROLI, SANTIAGO",2,5:11,22,37
130833,14/12/2025,ARG,BRA,226,TIRO2-FALLADO,VISITANTE,25,"SOUZA, PEDRO",2,4:51,22,37
130833,14/12/2025,ARG,BRA,227,REBOTE-OFENSIVO,VISITANTE,25,"SOUZA, PEDRO",2,4:44,22,37
130833,14/12/2025,ARG,BRA,228,FALTA-COMETIDA,LOCAL,4,"HERNANDEZ, MANUEL",2,4:44,22,37
130833,14/12/2025,ARG,BRA,229,FALTA-RECIBIDA,VISITANTE,25,"SOUZA, PEDRO",2,4:44,22,37
130833,14/12/2025,ARG,BRA,230,CAMBIO-JUGADOR-SALE,LOCAL,9,"CELIZ, JOAQUIN",2,4:44,22,37
130833,14/12/2025,ARG,BRA,231,CAMBIO-JUGADOR-ENTRA,LOCAL,8,"AMAN, GONZALO",2,4:44,22,37
130833,14/12/2025,ARG,BRA,232,CANASTA-1P,VISITANTE,25,"SOUZA, PEDRO",2,4:44,22,38
130833,14/12/2025,ARG,BRA,233,CANASTA-1P,VISITANTE,25,"SOUZA, PEDRO",2,4:44,22,39
130833,14/12/2025,ARG,BRA,234,TIRO3-FALLADO,LOCAL,14,"PETTINAROLI, SANTIAGO",2,4:38,22,39
130833,14/12/2025,ARG,BRA,235,REBOTE-OFENSIVO,LOCAL,,,2,4:35,22,39
130833,14/12/2025,ARG,BRA,236,FALTA-COMETIDA,VISITANTE,50,"SANTOS, EDUARDO",2,4:35,22,39
130833,14/12/2025,ARG,BRA,237,FALTA-RECIBIDA,LOCAL,14,"PETTINAROLI, SANTIAGO",2,4:35,22,39
130833,14/12/2025,ARG,BRA,238,PERDIDA,LOCAL,12,"FESSIA, MATEO",2,4:25,22,39
130833,14/12/2025,ARG,BRA,239,RECUPERACION,VISITANTE,10,"MELO, PIETRO",2,4:25,22,39
130833,14/12/2025,ARG,BRA,240,TIRO2-FALLADO,VISITANTE,25,"SOUZA, PEDRO",2,4:06,22,39
130833,14/12/2025,ARG,BRA,241,REBOTE-OFENSIVO,VISITANTE,99,"DE RINALDE, JOÃO MARCELO",2,3:59,22,39
130833,14/12/2025,ARG,BRA,242,CANASTA-2P,VISITANTE,99,"DE RINALDE, JOÃO MARCELO",2,3:59,22,41
130833,14/12/2025,ARG,BRA,243,FALTA-COMETIDA,VISITANTE,50,"SANTOS, EDUARDO",2,3:53,22,41
130833,14/12/2025,ARG,BRA,244,FALTA-RECIBIDA,LOCAL,2,"PETTOVELLO, BENJAMIN",2,3:53,22,41
130833,14/12/2025,ARG,BRA,245,CAMBIO-JUGADOR-SALE,VISITANTE,50,"SANTOS, EDUARDO",2,3:53,22,41
130833,14/12/2025,ARG,BRA,246,CAMBIO-JUGADOR-ENTRA,VISITANTE,8,"FERNANDES, JOAO GABRIEL",2,3:53,22,41
130833,14/12/2025,ARG,BRA,247,CANASTA-1P,LOCAL,2,"PETTOVELLO, BENJAMIN",2,3:52,23,41
130833,14/12/2025,ARG,BRA,248,ASISTENCIA,LOCAL,12,"FESSIA, MATEO",2,3:52,23,41
130833,14/12/2025,ARG,BRA,249,CANASTA-1P,LOCAL,2,"PETTOVELLO, BENJAMIN",2,3:52,24,41
130833,14/12/2025,ARG,BRA,250,TIRO3-FALLADO,VISITANTE,8,"FERNANDES, JOAO GABRIEL",2,3:39,24,41
130833,14/12/2025,ARG,BRA,251,REBOTE-OFENSIVO,VISITANTE,10,"MELO, PIETRO",2,3:35,24,41
130833,14/12/2025,ARG,BRA,252,TIRO3-FALLADO,VISITANTE,3,"NASCIMENTO, MATHEUS",2,3:34,24,41
130833,14/12/2025,ARG,BRA,253,REBOTE-OFENSIVO,VISITANTE,8,"FERNANDES, JOAO GABRIEL",2,3:31,24,41
130833,14/12/2025,ARG,BRA,254,CANASTA-3P,VISITANTE,25,"SOUZA, PEDRO",2,3:25,24,44
130833,14/12/2025,ARG,BRA,255,ASISTENCIA,VISITANTE,10,"MELO, PIETRO",2,3:25,24,44
130833,14/12/2025,ARG,BRA,256,CANASTA-2P,LOCAL,4,"HERNANDEZ, MANUEL",2,3:10,26,44
130833,14/12/2025,ARG,BRA,257,ASISTENCIA,LOCAL,14,"PETTINAROLI, SANTIAGO",2,3:10,26,44
130833,14/12/2025,ARG,BRA,258,TIRO3-FALLADO,VISITANTE,8,"FERNANDES, JOAO GABRIEL",2,2:52,26,44
130833,14/12/2025,ARG,BRA,259,REBOTE-DEFENSIVO,LOCAL,,,2,2:49,26,44
130833,14/12/2025,ARG,BRA,260,FALTA-COMETIDA,VISITANTE,3,"NASCIMENTO, MATHEUS",2,2:49,26,44
130833,14/12/2025,ARG,BRA,261,FALTA-RECIBIDA,LOCAL,8,"AMAN, GONZALO",2,2:49,26,44
130833,14/12/2025,ARG,BRA,262,CAMBIO-JUGADOR-SALE,VISITANTE,3,"NASCIMENTO, MATHEUS",2,2:49,26,44
130833,14/12/2025,ARG,BRA,263,CAMBIO-JUGADOR-SALE,VISITANTE,8,"FERNANDES, JOAO GABRIEL",2,2:49,26,44
130833,14/12/2025,ARG,BRA,264,CAMBIO-JUGADOR-ENTRA,VISITANTE,2,"MATHIAS, CAIO",2,2:49,26,44
130833,14/12/2025,ARG,BRA,265,CAMBIO-JUGADOR-ENTRA,VISITANTE,14,"NEVES, JOAO",2,2:49,26,44
130833,14/12/2025,ARG,BRA,266,TIRO1-FALLADO,LOCAL,8,"AMAN, GONZALO",2,2:49,26,44
130833,14/12/2025,ARG,BRA,267,TIRO1-FALLADO,LOCAL,8,"AMAN, GONZALO",2,2:49,26,44
130833,14/12/2025,ARG,BRA,268,REBOTE-DEFENSIVO,VISITANTE,99,"DE RINALDE, JOÃO MARCELO",2,2:49,26,44
130833,14/12/2025,ARG,BRA,269,FALTA-COMETIDA,LOCAL,2,"PETTOVELLO, BENJAMIN",2,2:40,26,44
130833,14/12/2025,ARG,BRA,270,FALTA-RECIBIDA,VISITANTE,10,"MELO, PIETRO",2,2:40,26,44
130833,14/12/2025,ARG,BRA,271,CANASTA-1P,VISITANTE,10,"MELO, PIETRO",2,2:40,26,45
130833,14/12/2025,ARG,BRA,272,CANASTA-1P,VISITANTE,10,"MELO, PIETRO",2,2:40,26,46
130833,14/12/2025,ARG,BRA,273,CAMBIO-JUGADOR-SALE,VISITANTE,25,"SOUZA, PEDRO",2,2:40,26,46
130833,14/12/2025,ARG,BRA,274,CAMBIO-JUGADOR-ENTRA,VISITANTE,11,"BANDIERA, JOÃO",2,2:40,26,46
130833,14/12/2025,ARG,BRA,275,TIRO2-FALLADO,LOCAL,2,"PETTOVELLO, BENJAMIN",2,2:22,26,46
130833,14/12/2025,ARG,BRA,276,REBOTE-DEFENSIVO,VISITANTE,99,"DE RINALDE, JOÃO MARCELO",2,2:18,26,46
130833,14/12/2025,ARG,BRA,277,TIRO3-FALLADO,VISITANTE,10,"MELO, PIETRO",2,2:11,26,46
130833,14/12/2025,ARG,BRA,278,REBOTE-OFENSIVO,VISITANTE,14,"NEVES, JOAO",2,2:06,26,46
130833,14/12/2025,ARG,BRA,279,CANASTA-3P,VISITANTE,2,"MATHIAS, CAIO",2,2:03,26,49
130833,14/12/2025,ARG,BRA,280,ASISTENCIA,VISITANTE,11,"BANDIERA, JOÃO",2,2:03,26,49
130833,14/12/2025,ARG,BRA,281,TIRO3-FALLADO,LOCAL,4,"HERNANDEZ, MANUEL",2,1:49,26,49
130833,14/12/2025,ARG,BRA,282,REBOTE-DEFENSIVO,VISITANTE,14,"NEVES, JOAO",2,1:45,26,49
130833,14/12/2025,ARG,BRA,283,PERDIDA,VISITANTE,14,"NEVES, JOAO",2,1:44,26,49
130833,14/12/2025,ARG,BRA,284,RECUPERACION,LOCAL,4,"HERNANDEZ, MANUEL",2,1:44,26,49
130833,14/12/2025,ARG,BRA,285,CANASTA-2P,LOCAL,14,"PETTINAROLI, SANTIAGO",2,1:36,28,49
130833,14/12/2025,ARG,BRA,286,ASISTENCIA,LOCAL,4,"HERNANDEZ, MANUEL",2,1:36,28,49
130833,14/12/2025,ARG,BRA,287,TIEMPO-MUERTO-SOLICITADO,VISITANTE,,,2,1:36,28,49
130833,14/12/2025,ARG,BRA,288,CAMBIO-JUGADOR-SALE,VISITANTE,10,"MELO, PIETRO",2,1:36,28,49
130833,14/12/2025,ARG,BRA,289,CAMBIO-JUGADOR-ENTRA,VISITANTE,25,"SOUZA, PEDRO",2,1:36,28,49
130833,14/12/2025,ARG,BRA,290,CANASTA-2P,VISITANTE,99,"DE RINALDE, JOÃO MARCELO",2,1:19,28,51
130833,14/12/2025,ARG,BRA,291,ASISTENCIA,VISITANTE,11,"BANDIERA, JOÃO",2,1:19,28,51
130833,14/12/2025,ARG,BRA,292,FALTA-COMETIDA,VISITANTE,99,"DE RINALDE, JOÃO MARCELO",2,1:07,28,51
130833,14/12/2025,ARG,BRA,293,FALTA-RECIBIDA,LOCAL,2,"PETTOVELLO, BENJAMIN",2,1:07,28,51
130833,14/12/2025,ARG,BRA,294,CANASTA-1P,LOCAL,2,"PETTOVELLO, BENJAMIN",2,1:07,29,51
130833,14/12/2025,ARG,BRA,295,ASISTENCIA,LOCAL,8,"AMAN, GONZALO",2,1:07,29,51
130833,14/12/2025,ARG,BRA,296,TIRO1-FALLADO,LOCAL,2,"PETTOVELLO, BENJAMIN",2,1:07,29,51
130833,14/12/2025,ARG,BRA,297,REBOTE-DEFENSIVO,VISITANTE,99,"DE RINALDE, JOÃO MARCELO",2,1:07,29,51
130833,14/12/2025,ARG,BRA,298,TIRO3-FALLADO,VISITANTE,11,"BANDIERA, JOÃO",2,0:56,29,51
130833,14/12/2025,ARG,BRA,299,REBOTE-DEFENSIVO,LOCAL,14,"PETTINAROLI, SANTIAGO",2,0:52,29,51
130833,14/12/2025,ARG,BRA,300,TIRO2-FALLADO,LOCAL,8,"AMAN, GONZALO",2,0:43,29,51
130833,14/12/2025,ARG,BRA,301,REBOTE-DEFENSIVO,VISITANTE,99,"DE RINALDE, JOÃO MARCELO",2,0:39,29,51
130833,14/12/2025,ARG,BRA,302,TIRO2-FALLADO,VISITANTE,25,"SOUZA, PEDRO",2,0:27,29,51
130833,14/12/2025,ARG,BRA,303,REBOTE-DEFENSIVO,LOCAL,14,"PETTINAROLI, SANTIAGO",2,0:24,29,51
130833,14/12/2025,ARG,BRA,304,FALTA-COMETIDA,VISITANTE,11,"BANDIERA, JOÃO",2,0:20,29,51
130833,14/12/2025,ARG,BRA,305,FALTA-RECIBIDA,LOCAL,14,"PETTINAROLI, SANTIAGO",2,0:20,29,51
130833,14/12/2025,ARG,BRA,306,CAMBIO-JUGADOR-SALE,LOCAL,2,"PETTOVELLO, BENJAMIN",2,0:20,29,51
130833,14/12/2025,ARG,BRA,307,CAMBIO-JUGADOR-SALE,LOCAL,4,"HERNANDEZ, MANUEL",2,0:20,29,51
130833,14/12/2025,ARG,BRA,308,CAMBIO-JUGADOR-ENTRA,LOCAL,7,"TORRENS, ELIAS",2,0:20,29,51
130833,14/12/2025,ARG,BRA,309,CAMBIO-JUGADOR-ENTRA,LOCAL,10,"CAUMO, JOAQUIN",2,0:20,29,51
130833,14/12/2025,ARG,BRA,310,CAMBIO-JUGADOR-SALE,VISITANTE,11,"BANDIERA, JOÃO",2,0:20,29,51
130833,14/12/2025,ARG,BRA,311,CAMBIO-JUGADOR-ENTRA,VISITANTE,10,"MELO, PIETRO",2,0:20,29,51
130833,14/12/2025,ARG,BRA,312,CANASTA-1P,LOCAL,14,"PETTINAROLI, SANTIAGO",2,0:20,30,51
130833,14/12/2025,ARG,BRA,313,ASISTENCIA,LOCAL,4,"HERNANDEZ, MANUEL",2,0:20,30,51
130833,14/12/2025,ARG,BRA,314,CANASTA-1P,LOCAL,14,"PETTINAROLI, SANTIAGO",2,0:20,31,51
130833,14/12/2025,ARG,BRA,315,CAMBIO-JUGADOR-SALE,LOCAL,14,"PETTINAROLI, SANTIAGO",2,0:20,31,51
130833,14/12/2025,ARG,BRA,316,CAMBIO-JUGADOR-ENTRA,LOCAL,11,"MORAVANSKY, ROMAN",2,0:20,31,51
130833,14/12/2025,ARG,BRA,317,CAMBIO-JUGADOR-SALE,VISITANTE,2,"MATHIAS, CAIO",2,0:20,31,51
130833,14/12/2025,ARG,BRA,318,CAMBIO-JUGADOR-SALE,VISITANTE,99,"DE RINALDE, JOÃO MARCELO",2,0:20,31,51
130833,14/12/2025,ARG,BRA,319,CAMBIO-JUGADOR-ENTRA,VISITANTE,3,"NASCIMENTO, MATHEUS",2,0:20,31,51
130833,14/12/2025,ARG,BRA,320,CAMBIO-JUGADOR-ENTRA,VISITANTE,50,"SANTOS, EDUARDO",2,0:20,31,51
130833,14/12/2025,ARG,BRA,321,TIRO3-FALLADO,VISITANTE,14,"NEVES, JOAO",2,0:03,31,51
130833,14/12/2025,ARG,BRA,322,FINAL-PERIODO,,,,2,0:00,31,51
130833,14/12/2025,ARG,BRA,323,CAMBIO-JUGADOR-SALE,LOCAL,7,"TORRENS, ELIAS",3,10:00,31,51
130833,14/12/2025,ARG,BRA,324,CAMBIO-JUGADOR-SALE,LOCAL,10,"CAUMO, JOAQUIN",3,10:00,31,51
130833,14/12/2025,ARG,BRA,325,CAMBIO-JUGADOR-SALE,LOCAL,12,"FESSIA, MATEO",3,10:00,31,51
130833,14/12/2025,ARG,BRA,326,CAMBIO-JUGADOR-ENTRA,LOCAL,2,"PETTOVELLO, BENJAMIN",3,10:00,31,51
130833,14/12/2025,ARG,BRA,327,CAMBIO-JUGADOR-ENTRA,LOCAL,4,"HERNANDEZ, MANUEL",3,10:00,31,51
130833,14/12/2025,ARG,BRA,328,CAMBIO-JUGADOR-ENTRA,LOCAL,6,"GOBETTI, BAUTISTA",3,10:00,31,51
130833,14/12/2025,ARG,BRA,329,CAMBIO-JUGADOR-SALE,VISITANTE,3,"NASCIMENTO, MATHEUS",3,10:00,31,51
130833,14/12/2025,ARG,BRA,330,CAMBIO-JUGADOR-SALE,VISITANTE,50,"SANTOS, EDUARDO",3,10:00,31,51
130833,14/12/2025,ARG,BRA,331,CAMBIO-JUGADOR-ENTRA,VISITANTE,33,"FERREIRA, CRISTIAN",3,10:00,31,51
130833,14/12/2025,ARG,BRA,332,CAMBIO-JUGADOR-ENTRA,VISITANTE,45,"SANTOS, ISAIAH",3,10:00,31,51
130833,14/12/2025,ARG,BRA,333,INICIO-PERIODO,,,,3,10:00,31,51
130833,14/12/2025,ARG,BRA,334,TIRO3-FALLADO,LOCAL,4,"HERNANDEZ, MANUEL",3,9:41,31,51
130833,14/12/2025,ARG,BRA,335,REBOTE-OFENSIVO,LOCAL,2,"PETTOVELLO, BENJAMIN",3,9:37,31,51
130833,14/12/2025,ARG,BRA,336,TIRO2-FALLADO,LOCAL,8,"AMAN, GONZALO",3,9:29,31,51
130833,14/12/2025,ARG,BRA,337,REBOTE-DEFENSIVO,VISITANTE,14,"NEVES, JOAO",3,9:25,31,51
130833,14/12/2025,ARG,BRA,338,TIRO3-FALLADO,VISITANTE,14,"NEVES, JOAO",3,9:19,31,51
130833,14/12/2025,ARG,BRA,339,REBOTE-DEFENSIVO,LOCAL,,,3,9:15,31,51
130833,14/12/2025,ARG,BRA,340,CANASTA-2P,LOCAL,6,"GOBETTI, BAUTISTA",3,9:01,33,51
130833,14/12/2025,ARG,BRA,341,TIRO2-FALLADO,VISITANTE,45,"SANTOS, ISAIAH",3,8:52,33,51
130833,14/12/2025,ARG,BRA,342,REBOTE-DEFENSIVO,LOCAL,6,"GOBETTI, BAUTISTA",3,8:48,33,51
130833,14/12/2025,ARG,BRA,343,TIRO2-FALLADO,LOCAL,2,"PETTOVELLO, BENJAMIN",3,8:39,33,51
130833,14/12/2025,ARG,BRA,344,REBOTE-DEFENSIVO,VISITANTE,33,"FERREIRA, CRISTIAN",3,8:32,33,51
130833,14/12/2025,ARG,BRA,345,FALTA-COMETIDA,LOCAL,4,"HERNANDEZ, MANUEL",3,8:21,33,51
130833,14/12/2025,ARG,BRA,346,FALTA-RECIBIDA,VISITANTE,45,"SANTOS, ISAIAH",3,8:21,33,51
130833,14/12/2025,ARG,BRA,347,TIRO1-FALLADO,VISITANTE,45,"SANTOS, ISAIAH",3,8:21,33,51
130833,14/12/2025,ARG,BRA,348,CANASTA-1P,VISITANTE,45,"SANTOS, ISAIAH",3,8:21,33,52
130833,14/12/2025,ARG,BRA,349,FALTA-COMETIDA,LOCAL,2,"PETTOVELLO, BENJAMIN",3,8:01,33,52
130833,14/12/2025,ARG,BRA,350,PERDIDA,LOCAL,2,"PETTOVELLO, BENJAMIN",3,8:01,33,52
130833,14/12/2025,ARG,BRA,351,FALTA-RECIBIDA,VISITANTE,33,"FERREIRA, CRISTIAN",3,8:01,33,52
130833,14/12/2025,ARG,BRA,352,CANASTA-2P,VISITANTE,45,"SANTOS, ISAIAH",3,7:53,33,54
130833,14/12/2025,ARG,BRA,353,ASISTENCIA,VISITANTE,14,"NEVES, JOAO",3,7:53,33,54
130833,14/12/2025,ARG,BRA,354,CAMBIO-JUGADOR-SALE,LOCAL,11,"MORAVANSKY, ROMAN",3,7:38,33,54
130833,14/12/2025,ARG,BRA,355,CAMBIO-JUGADOR-ENTRA,LOCAL,14,"PETTINAROLI, SANTIAGO",3,7:38,33,54
130833,14/12/2025,ARG,BRA,356,CANASTA-2P,LOCAL,14,"PETTINAROLI, SANTIAGO",3,7:38,35,54
130833,14/12/2025,ARG,BRA,357,CANASTA-2P,VISITANTE,45,"SANTOS, ISAIAH",3,7:27,35,56
130833,14/12/2025,ARG,BRA,358,TIRO3-FALLADO,LOCAL,8,"AMAN, GONZALO",3,7:21,35,56
130833,14/12/2025,ARG,BRA,359,REBOTE-DEFENSIVO,VISITANTE,25,"SOUZA, PEDRO",3,7:17,35,56
130833,14/12/2025,ARG,BRA,360,FALTA-COMETIDA,LOCAL,8,"AMAN, GONZALO",3,7:08,35,56
130833,14/12/2025,ARG,BRA,361,FALTA-RECIBIDA,VISITANTE,10,"MELO, PIETRO",3,7:08,35,56
130833,14/12/2025,ARG,BRA,362,FALTA-COMETIDA,LOCAL,,,3,7:08,35,56
130833,14/12/2025,ARG,BRA,363,CANASTA-1P,VISITANTE,10,"MELO, PIETRO",3,7:08,35,57
130833,14/12/2025,ARG,BRA,364,CANASTA-2P,VISITANTE,14,"NEVES, JOAO",3,7:05,35,59
130833,14/12/2025,ARG,BRA,365,PERDIDA,LOCAL,4,"HERNANDEZ, MANUEL",3,6:45,35,59
130833,14/12/2025,ARG,BRA,366,CAMBIO-JUGADOR-SALE,VISITANTE,25,"SOUZA, PEDRO",3,6:45,35,59
130833,14/12/2025,ARG,BRA,367,CAMBIO-JUGADOR-ENTRA,VISITANTE,3,"NASCIMENTO, MATHEUS",3,6:45,35,59
130833,14/12/2025,ARG,BRA,368,FALTA-COMETIDA,VISITANTE,33,"FERREIRA, CRISTIAN",3,6:27,35,59
130833,14/12/2025,ARG,BRA,369,PERDIDA,VISITANTE,33,"FERREIRA, CRISTIAN",3,6:27,35,59
130833,14/12/2025,ARG,BRA,370,FALTA-RECIBIDA,LOCAL,4,"HERNANDEZ, MANUEL",3,6:27,35,59
130833,14/12/2025,ARG,BRA,371,CAMBIO-JUGADOR-SALE,LOCAL,8,"AMAN, GONZALO",3,6:27,35,59
130833,14/12/2025,ARG,BRA,372,CAMBIO-JUGADOR-ENTRA,LOCAL,10,"CAUMO, JOAQUIN",3,6:27,35,59
130833,14/12/2025,ARG,BRA,373,FALTA-COMETIDA,LOCAL,2,"PETTOVELLO, BENJAMIN",3,6:16,35,59
130833,14/12/2025,ARG,BRA,374,PERDIDA,LOCAL,2,"PETTOVELLO, BENJAMIN",3,6:16,35,59
130833,14/12/2025,ARG,BRA,375,FALTA-RECIBIDA,VISITANTE,45,"SANTOS, ISAIAH",3,6:16,35,59
130833,14/12/2025,ARG,BRA,376,CAMBIO-JUGADOR-SALE,LOCAL,2,"PETTOVELLO, BENJAMIN",3,6:16,35,59
130833,14/12/2025,ARG,BRA,377,CAMBIO-JUGADOR-ENTRA,LOCAL,15,"MARQUEZ, JUAN",3,6:16,35,59
130833,14/12/2025,ARG,BRA,378,PERDIDA,VISITANTE,14,"NEVES, JOAO",3,6:07,35,59
130833,14/12/2025,ARG,BRA,379,TIRO2-FALLADO,LOCAL,15,"MARQUEZ, JUAN",3,5:51,35,59
130833,14/12/2025,ARG,BRA,380,REBOTE-DEFENSIVO,VISITANTE,33,"FERREIRA, CRISTIAN",3,5:48,35,59
130833,14/12/2025,ARG,BRA,381,PERDIDA,VISITANTE,45,"SANTOS, ISAIAH",3,5:45,35,59
130833,14/12/2025,ARG,BRA,382,CAMBIO-JUGADOR-SALE,VISITANTE,14,"NEVES, JOAO",3,5:45,35,59
130833,14/12/2025,ARG,BRA,383,CAMBIO-JUGADOR-ENTRA,VISITANTE,2,"MATHIAS, CAIO",3,5:45,35,59
130833,14/12/2025,ARG,BRA,384,CANASTA-3P,LOCAL,10,"CAUMO, JOAQUIN",3,5:22,38,59
130833,14/12/2025,ARG,BRA,385,TIRO3-FALLADO,VISITANTE,45,"SANTOS, ISAIAH",3,5:11,38,59
130833,14/12/2025,ARG,BRA,386,REBOTE-DEFENSIVO,LOCAL,10,"CAUMO, JOAQUIN",3,5:07,38,59
130833,14/12/2025,ARG,BRA,387,TIRO3-FALLADO,LOCAL,10,"CAUMO, JOAQUIN",3,5:03,38,59
130833,14/12/2025,ARG,BRA,388,REBOTE-OFENSIVO,LOCAL,6,"GOBETTI, BAUTISTA",3,5:00,38,59
130833,14/12/2025,ARG,BRA,389,CANASTA-3P,LOCAL,6,"GOBETTI, BAUTISTA",3,4:58,41,59
130833,14/12/2025,ARG,BRA,390,FALTA-COMETIDA,VISITANTE,33,"FERREIRA, CRISTIAN",3,4:46,41,59
130833,14/12/2025,ARG,BRA,391,PERDIDA,VISITANTE,33,"FERREIRA, CRISTIAN",3,4:46,41,59
130833,14/12/2025,ARG,BRA,392,FALTA-RECIBIDA,LOCAL,10,"CAUMO, JOAQUIN",3,4:46,41,59
130833,14/12/2025,ARG,BRA,393,CAMBIO-JUGADOR-SALE,VISITANTE,10,"MELO, PIETRO",3,4:46,41,59
130833,14/12/2025,ARG,BRA,394,CAMBIO-JUGADOR-SALE,VISITANTE,33,"FERREIRA, CRISTIAN",3,4:46,41,59
130833,14/12/2025,ARG,BRA,395,CAMBIO-JUGADOR-SALE,VISITANTE,45,"SANTOS, ISAIAH",3,4:46,41,59
130833,14/12/2025,ARG,BRA,396,CAMBIO-JUGADOR-ENTRA,VISITANTE,6,"ALVES, PEDRO",3,4:46,41,59
130833,14/12/2025,ARG,BRA,397,CAMBIO-JUGADOR-ENTRA,VISITANTE,25,"SOUZA, PEDRO",3,4:46,41,59
130833,14/12/2025,ARG,BRA,398,CAMBIO-JUGADOR-ENTRA,VISITANTE,50,"SANTOS, EDUARDO",3,4:46,41,59
130833,14/12/2025,ARG,BRA,399,CANASTA-2P,LOCAL,10,"CAUMO, JOAQUIN",3,4:26,43,59
130833,14/12/2025,ARG,BRA,400,FALTA-COMETIDA,VISITANTE,6,"ALVES, PEDRO",3,4:26,43,59
130833,14/12/2025,ARG,BRA,401,FALTA-RECIBIDA,LOCAL,10,"CAUMO, JOAQUIN",3,4:26,43,59
130833,14/12/2025,ARG,BRA,402,TIEMPO-MUERTO-SOLICITADO,VISITANTE,,,3,4:26,43,59
130833,14/12/2025,ARG,BRA,403,TIRO1-FALLADO,LOCAL,10,"CAUMO, JOAQUIN",3,4:26,43,59
130833,14/12/2025,ARG,BRA,404,REBOTE-DEFENSIVO,VISITANTE,6,"ALVES, PEDRO",3,4:26,43,59
130833,14/12/2025,ARG,BRA,405,TIRO3-FALLADO,VISITANTE,25,"SOUZA, PEDRO",3,4:17,43,59
130833,14/12/2025,ARG,BRA,406,REBOTE-OFENSIVO,VISITANTE,50,"SANTOS, EDUARDO",3,4:15,43,59
130833,14/12/2025,ARG,BRA,407,FALTA-COMETIDA,VISITANTE,25,"SOUZA, PEDRO",3,4:15,43,59
130833,14/12/2025,ARG,BRA,408,TIRO1-FALLADO,LOCAL,10,"CAUMO, JOAQUIN",3,4:15,43,59
130833,14/12/2025,ARG,BRA,409,TIRO3-FALLADO,VISITANTE,50,"SANTOS, EDUARDO",3,4:12,43,59
130833,14/12/2025,ARG,BRA,410,REBOTE-DEFENSIVO,LOCAL,6,"GOBETTI, BAUTISTA",3,4:08,43,59
130833,14/12/2025,ARG,BRA,411,TIRO3-FALLADO,LOCAL,14,"PETTINAROLI, SANTIAGO",3,3:57,43,59
130833,14/12/2025,ARG,BRA,412,REBOTE-OFENSIVO,LOCAL,,,3,3:54,43,59
130833,14/12/2025,ARG,BRA,413,TIRO3-FALLADO,LOCAL,6,"GOBETTI, BAUTISTA",3,3:51,43,59
130833,14/12/2025,ARG,BRA,414,REBOTE-DEFENSIVO,VISITANTE,50,"SANTOS, EDUARDO",3,3:48,43,59
130833,14/12/2025,ARG,BRA,415,TIRO2-FALLADO,VISITANTE,25,"SOUZA, PEDRO",3,3:39,43,59
130833,14/12/2025,ARG,BRA,416,REBOTE-DEFENSIVO,LOCAL,14,"PETTINAROLI, SANTIAGO",3,3:36,43,59
130833,14/12/2025,ARG,BRA,417,FALTA-COMETIDA,VISITANTE,3,"NASCIMENTO, MATHEUS",3,3:35,43,59
130833,14/12/2025,ARG,BRA,418,FALTA-RECIBIDA,LOCAL,14,"PETTINAROLI, SANTIAGO",3,3:35,43,59
130833,14/12/2025,ARG,BRA,419,CAMBIO-JUGADOR-SALE,VISITANTE,25,"SOUZA, PEDRO",3,3:35,43,59
130833,14/12/2025,ARG,BRA,420,CAMBIO-JUGADOR-SALE,VISITANTE,50,"SANTOS, EDUARDO",3,3:35,43,59
130833,14/12/2025,ARG,BRA,421,CAMBIO-JUGADOR-ENTRA,VISITANTE,10,"MELO, PIETRO",3,3:35,43,59
130833,14/12/2025,ARG,BRA,422,CAMBIO-JUGADOR-ENTRA,VISITANTE,14,"NEVES, JOAO",3,3:35,43,59
130833,14/12/2025,ARG,BRA,423,FALTA-COMETIDA,VISITANTE,,,3,3:35,43,59
130833,14/12/2025,ARG,BRA,424,TIRO1-FALLADO,LOCAL,14,"PETTINAROLI, SANTIAGO",3,3:35,43,59
130833,14/12/2025,ARG,BRA,425,TIRO1-FALLADO,LOCAL,14,"PETTINAROLI, SANTIAGO",3,3:35,43,59
130833,14/12/2025,ARG,BRA,426,CANASTA-1P,LOCAL,14,"PETTINAROLI, SANTIAGO",3,3:35,44,59
130833,14/12/2025,ARG,BRA,427,CAMBIO-JUGADOR-SALE,LOCAL,14,"PETTINAROLI, SANTIAGO",3,3:35,44,59
130833,14/12/2025,ARG,BRA,428,CAMBIO-JUGADOR-ENTRA,LOCAL,11,"MORAVANSKY, ROMAN",3,3:35,44,59
130833,14/12/2025,ARG,BRA,429,CAMBIO-JUGADOR-SALE,VISITANTE,3,"NASCIMENTO, MATHEUS",3,3:35,44,59
130833,14/12/2025,ARG,BRA,430,CAMBIO-JUGADOR-ENTRA,VISITANTE,45,"SANTOS, ISAIAH",3,3:35,44,59
130833,14/12/2025,ARG,BRA,431,TIRO3-FALLADO,VISITANTE,2,"MATHIAS, CAIO",3,3:23,44,59
130833,14/12/2025,ARG,BRA,432,REBOTE-DEFENSIVO,LOCAL,10,"CAUMO, JOAQUIN",3,3:20,44,59
130833,14/12/2025,ARG,BRA,433,CANASTA-3P,LOCAL,11,"MORAVANSKY, ROMAN",3,3:15,47,59
130833,14/12/2025,ARG,BRA,434,ASISTENCIA,LOCAL,10,"CAUMO, JOAQUIN",3,3:15,47,59
130833,14/12/2025,ARG,BRA,435,FALTA-COMETIDA,LOCAL,10,"CAUMO, JOAQUIN",3,3:04,47,59
130833,14/12/2025,ARG,BRA,436,FALTA-RECIBIDA,VISITANTE,10,"MELO, PIETRO",3,3:04,47,59
130833,14/12/2025,ARG,BRA,437,CAMBIO-JUGADOR-SALE,VISITANTE,2,"MATHIAS, CAIO",3,3:04,47,59
130833,14/12/2025,ARG,BRA,438,CAMBIO-JUGADOR-ENTRA,VISITANTE,25,"SOUZA, PEDRO",3,3:04,47,59
130833,14/12/2025,ARG,BRA,439,CANASTA-1P,VISITANTE,10,"MELO, PIETRO",3,3:04,47,60
130833,14/12/2025,ARG,BRA,440,CANASTA-1P,VISITANTE,10,"MELO, PIETRO",3,3:04,47,61
130833,14/12/2025,ARG,BRA,441,PERDIDA,LOCAL,4,"HERNANDEZ, MANUEL",3,2:43,47,61
130833,14/12/2025,ARG,BRA,442,CAMBIO-JUGADOR-SALE,LOCAL,4,"HERNANDEZ, MANUEL",3,2:43,47,61
130833,14/12/2025,ARG,BRA,443,CAMBIO-JUGADOR-ENTRA,LOCAL,9,"CELIZ, JOAQUIN",3,2:43,47,61
130833,14/12/2025,ARG,BRA,444,PERDIDA,VISITANTE,25,"SOUZA, PEDRO",3,2:27,47,61
130833,14/12/2025,ARG,BRA,445,RECUPERACION,LOCAL,10,"CAUMO, JOAQUIN",3,2:27,47,61
130833,14/12/2025,ARG,BRA,446,CANASTA-2P,LOCAL,10,"CAUMO, JOAQUIN",3,2:22,49,61
130833,14/12/2025,ARG,BRA,447,PERDIDA,VISITANTE,10,"MELO, PIETRO",3,2:15,49,61
130833,14/12/2025,ARG,BRA,448,RECUPERACION,LOCAL,6,"GOBETTI, BAUTISTA",3,2:15,49,61
130833,14/12/2025,ARG,BRA,449,CANASTA-2P,LOCAL,10,"CAUMO, JOAQUIN",3,2:10,51,61
130833,14/12/2025,ARG,BRA,450,ASISTENCIA,LOCAL,9,"CELIZ, JOAQUIN",3,2:10,51,61
130833,14/12/2025,ARG,BRA,451,FALTA-COMETIDA,VISITANTE,6,"ALVES, PEDRO",3,1:56,51,61
130833,14/12/2025,ARG,BRA,452,FALTA-RECIBIDA,LOCAL,6,"GOBETTI, BAUTISTA",3,1:56,51,61
130833,14/12/2025,ARG,BRA,453,FALTA-COMETIDA,LOCAL,6,"GOBETTI, BAUTISTA",3,1:56,51,61
130833,14/12/2025,ARG,BRA,454,FALTA-RECIBIDA,VISITANTE,6,"ALVES, PEDRO",3,1:56,51,61
130833,14/12/2025,ARG,BRA,455,CAMBIO-JUGADOR-SALE,VISITANTE,6,"ALVES, PEDRO",3,1:56,51,61
130833,14/12/2025,ARG,BRA,456,CAMBIO-JUGADOR-ENTRA,VISITANTE,33,"FERREIRA, CRISTIAN",3,1:56,51,61
130833,14/12/2025,ARG,BRA,457,CANASTA-2P,VISITANTE,25,"SOUZA, PEDRO",3,1:40,51,63
130833,14/12/2025,ARG,BRA,458,TIRO2-FALLADO,LOCAL,9,"CELIZ, JOAQUIN",3,1:27,51,63
130833,14/12/2025,ARG,BRA,459,REBOTE-DEFENSIVO,VISITANTE,,,3,1:26,51,63
130833,14/12/2025,ARG,BRA,460,CANASTA-2P,VISITANTE,25,"SOUZA, PEDRO",3,1:03,51,65
130833,14/12/2025,ARG,BRA,461,TIEMPO-MUERTO-SOLICITADO,LOCAL,,,3,1:01,51,65
130833,14/12/2025,ARG,BRA,462,CAMBIO-JUGADOR-SALE,VISITANTE,10,"MELO, PIETRO",3,1:01,51,65
130833,14/12/2025,ARG,BRA,463,CAMBIO-JUGADOR-SALE,VISITANTE,25,"SOUZA, PEDRO",3,1:01,51,65
130833,14/12/2025,ARG,BRA,464,CAMBIO-JUGADOR-ENTRA,VISITANTE,2,"MATHIAS, CAIO",3,1:01,51,65
130833,14/12/2025,ARG,BRA,465,CAMBIO-JUGADOR-ENTRA,VISITANTE,11,"BANDIERA, JOÃO",3,1:01,51,65
130833,14/12/2025,ARG,BRA,466,TIRO3-FALLADO,LOCAL,10,"CAUMO, JOAQUIN",3,0:43,51,65
130833,14/12/2025,ARG,BRA,467,TAPON-COMETIDO,VISITANTE,33,"FERREIRA, CRISTIAN",3,0:43,51,65
130833,14/12/2025,ARG,BRA,468,REBOTE-DEFENSIVO,VISITANTE,33,"FERREIRA, CRISTIAN",3,0:38,51,65
130833,14/12/2025,ARG,BRA,469,CANASTA-2P,VISITANTE,14,"NEVES, JOAO",3,0:36,51,67
130833,14/12/2025,ARG,BRA,470,ASISTENCIA,VISITANTE,2,"MATHIAS, CAIO",3,0:36,51,67
130833,14/12/2025,ARG,BRA,471,TIRO2-FALLADO,LOCAL,10,"CAUMO, JOAQUIN",3,0:27,51,67
130833,14/12/2025,ARG,BRA,472,REBOTE-DEFENSIVO,VISITANTE,33,"FERREIRA, CRISTIAN",3,0:23,51,67
130833,14/12/2025,ARG,BRA,473,TIRO3-FALLADO,VISITANTE,14,"NEVES, JOAO",3,0:10,51,67
130833,14/12/2025,ARG,BRA,474,REBOTE-OFENSIVO,VISITANTE,33,"FERREIRA, CRISTIAN",3,0:09,51,67
130833,14/12/2025,ARG,BRA,475,CANASTA-2P,VISITANTE,33,"FERREIRA, CRISTIAN",3,0:08,51,69
130833,14/12/2025,ARG,BRA,476,FALTA-COMETIDA,LOCAL,10,"CAUMO, JOAQUIN",3,0:08,51,69
130833,14/12/2025,ARG,BRA,477,FALTA-RECIBIDA,VISITANTE,33,"FERREIRA, CRISTIAN",3,0:08,51,69
130833,14/12/2025,ARG,BRA,478,CAMBIO-JUGADOR-SALE,LOCAL,15,"MARQUEZ, JUAN",3,0:08,51,69
130833,14/12/2025,ARG,BRA,479,CAMBIO-JUGADOR-ENTRA,LOCAL,2,"PETTOVELLO, BENJAMIN",3,0:08,51,69
130833,14/12/2025,ARG,BRA,480,CAMBIO-JUGADOR-SALE,VISITANTE,45,"SANTOS, ISAIAH",3,0:08,51,69
130833,14/12/2025,ARG,BRA,481,CAMBIO-JUGADOR-ENTRA,VISITANTE,3,"NASCIMENTO, MATHEUS",3,0:08,51,69
130833,14/12/2025,ARG,BRA,482,CANASTA-1P,VISITANTE,33,"FERREIRA, CRISTIAN",3,0:08,51,70
130833,14/12/2025,ARG,BRA,483,TIRO3-FALLADO,LOCAL,9,"CELIZ, JOAQUIN",3,0:02,51,70
130833,14/12/2025,ARG,BRA,484,FINAL-PERIODO,,,,3,0:00,51,70
130833,14/12/2025,ARG,BRA,485,INICIO-PERIODO,,,,4,10:00,51,70
130833,14/12/2025,ARG,BRA,486,PERDIDA,VISITANTE,3,"NASCIMENTO, MATHEUS",4,9:53,51,70
130833,14/12/2025,ARG,BRA,487,RECUPERACION,LOCAL,10,"CAUMO, JOAQUIN",4,9:53,51,70
130833,14/12/2025,ARG,BRA,488,FALTA-COMETIDA,LOCAL,2,"PETTOVELLO, BENJAMIN",4,9:45,51,70
130833,14/12/2025,ARG,BRA,489,PERDIDA,LOCAL,2,"PETTOVELLO, BENJAMIN",4,9:45,51,70
130833,14/12/2025,ARG,BRA,490,FALTA-RECIBIDA,VISITANTE,2,"MATHIAS, CAIO",4,9:45,51,70
130833,14/12/2025,ARG,BRA,491,CAMBIO-JUGADOR-SALE,LOCAL,2,"PETTOVELLO, BENJAMIN",4,9:45,51,70
130833,14/12/2025,ARG,BRA,492,CAMBIO-JUGADOR-ENTRA,LOCAL,14,"PETTINAROLI, SANTIAGO",4,9:45,51,70
130833,14/12/2025,ARG,BRA,493,TIRO2-FALLADO,VISITANTE,14,"NEVES, JOAO",4,9:37,51,70
130833,14/12/2025,ARG,BRA,494,REBOTE-DEFENSIVO,LOCAL,6,"GOBETTI, BAUTISTA",4,9:34,51,70
130833,14/12/2025,ARG,BRA,495,CANASTA-2P,LOCAL,14,"PETTINAROLI, SANTIAGO",4,9:30,53,70
130833,14/12/2025,ARG,BRA,496,ASISTENCIA,LOCAL,11,"MORAVANSKY, ROMAN",4,9:30,53,70
130833,14/12/2025,ARG,BRA,497,TIRO3-FALLADO,VISITANTE,3,"NASCIMENTO, MATHEUS",4,9:13,53,70
130833,14/12/2025,ARG,BRA,498,REBOTE-DEFENSIVO,LOCAL,11,"MORAVANSKY, ROMAN",4,9:08,53,70
130833,14/12/2025,ARG,BRA,499,CANASTA-2P,LOCAL,10,"CAUMO, JOAQUIN",4,9:05,55,70
130833,14/12/2025,ARG,BRA,500,ASISTENCIA,LOCAL,11,"MORAVANSKY, ROMAN",4,9:05,55,70
130833,14/12/2025,ARG,BRA,501,TIRO3-FALLADO,VISITANTE,2,"MATHIAS, CAIO",4,8:43,55,70
130833,14/12/2025,ARG,BRA,502,REBOTE-DEFENSIVO,LOCAL,,,4,8:36,55,70
130833,14/12/2025,ARG,BRA,503,FALTA-COMETIDA,VISITANTE,2,"MATHIAS, CAIO",4,8:36,55,70
130833,14/12/2025,ARG,BRA,504,CAMBIO-JUGADOR-SALE,VISITANTE,2,"MATHIAS, CAIO",4,8:36,55,70
130833,14/12/2025,ARG,BRA,505,CAMBIO-JUGADOR-SALE,VISITANTE,11,"BANDIERA, JOÃO",4,8:36,55,70
130833,14/12/2025,ARG,BRA,506,CAMBIO-JUGADOR-ENTRA,VISITANTE,10,"MELO, PIETRO",4,8:36,55,70
130833,14/12/2025,ARG,BRA,507,CAMBIO-JUGADOR-ENTRA,VISITANTE,25,"SOUZA, PEDRO",4,8:36,55,70
130833,14/12/2025,ARG,BRA,508,CANASTA-1P,LOCAL,9,"CELIZ, JOAQUIN",4,8:36,56,70
130833,14/12/2025,ARG,BRA,509,TIRO2-FALLADO,LOCAL,6,"GOBETTI, BAUTISTA",4,8:18,56,70
130833,14/12/2025,ARG,BRA,510,TAPON-COMETIDO,VISITANTE,33,"FERREIRA, CRISTIAN",4,8:18,56,70
130833,14/12/2025,ARG,BRA,511,REBOTE-DEFENSIVO,VISITANTE,33,"FERREIRA, CRISTIAN",4,8:10,56,70
130833,14/12/2025,ARG,BRA,512,TIRO3-FALLADO,VISITANTE,3,"NASCIMENTO, MATHEUS",4,8:08,56,70
130833,14/12/2025,ARG,BRA,513,REBOTE-DEFENSIVO,LOCAL,6,"GOBETTI, BAUTISTA",4,8:05,56,70
130833,14/12/2025,ARG,BRA,514,FALTA-COMETIDA,VISITANTE,33,"FERREIRA, CRISTIAN",4,8:03,56,70
130833,14/12/2025,ARG,BRA,515,FALTA-RECIBIDA,LOCAL,14,"PETTINAROLI, SANTIAGO",4,8:03,56,70
130833,14/12/2025,ARG,BRA,516,CAMBIO-JUGADOR-SALE,VISITANTE,3,"NASCIMENTO, MATHEUS",4,8:03,56,70
130833,14/12/2025,ARG,BRA,517,CAMBIO-JUGADOR-ENTRA,VISITANTE,45,"SANTOS, ISAIAH",4,8:03,56,70
130833,14/12/2025,ARG,BRA,518,CANASTA-1P,LOCAL,14,"PETTINAROLI, SANTIAGO",4,8:03,57,70
130833,14/12/2025,ARG,BRA,519,TIRO1-FALLADO,LOCAL,14,"PETTINAROLI, SANTIAGO",4,8:03,57,70
130833,14/12/2025,ARG,BRA,520,REBOTE-DEFENSIVO,VISITANTE,14,"NEVES, JOAO",4,8:03,57,70
130833,14/12/2025,ARG,BRA,521,CANASTA-3P,VISITANTE,25,"SOUZA, PEDRO",4,7:46,57,73
130833,14/12/2025,ARG,BRA,522,ASISTENCIA,VISITANTE,10,"MELO, PIETRO",4,7:46,57,73
130833,14/12/2025,ARG,BRA,523,FALTA-COMETIDA,VISITANTE,45,"SANTOS, ISAIAH",4,7:28,57,73
130833,14/12/2025,ARG,BRA,524,FALTA-RECIBIDA,LOCAL,10,"CAUMO, JOAQUIN",4,7:28,57,73
130833,14/12/2025,ARG,BRA,525,TIRO2-FALLADO,LOCAL,11,"MORAVANSKY, ROMAN",4,7:26,57,73
130833,14/12/2025,ARG,BRA,526,REBOTE-DEFENSIVO,VISITANTE,33,"FERREIRA, CRISTIAN",4,7:23,57,73
130833,14/12/2025,ARG,BRA,527,CANASTA-2P,VISITANTE,25,"SOUZA, PEDRO",4,7:18,57,75
130833,14/12/2025,ARG,BRA,528,TIRO3-FALLADO,LOCAL,10,"CAUMO, JOAQUIN",4,7:03,57,75
130833,14/12/2025,ARG,BRA,529,REBOTE-OFENSIVO,LOCAL,14,"PETTINAROLI, SANTIAGO",4,6:58,57,75
130833,14/12/2025,ARG,BRA,530,CANASTA-2P,LOCAL,14,"PETTINAROLI, SANTIAGO",4,6:58,59,75
130833,14/12/2025,ARG,BRA,531,PERDIDA,VISITANTE,10,"MELO, PIETRO",4,6:40,59,75
130833,14/12/2025,ARG,BRA,532,RECUPERACION,LOCAL,11,"MORAVANSKY, ROMAN",4,6:40,59,75
130833,14/12/2025,ARG,BRA,533,FALTA-COMETIDA,VISITANTE,14,"NEVES, JOAO",4,6:34,59,75
130833,14/12/2025,ARG,BRA,534,FALTA-RECIBIDA,LOCAL,10,"CAUMO, JOAQUIN",4,6:34,59,75
130833,14/12/2025,ARG,BRA,535,TIRO1-FALLADO,LOCAL,10,"CAUMO, JOAQUIN",4,6:34,59,75
130833,14/12/2025,ARG,BRA,536,CANASTA-1P,LOCAL,10,"CAUMO, JOAQUIN",4,6:34,60,75
130833,14/12/2025,ARG,BRA,537,CAMBIO-JUGADOR-SALE,LOCAL,6,"GOBETTI, BAUTISTA",4,6:34,60,75
130833,14/12/2025,ARG,BRA,538,CAMBIO-JUGADOR-ENTRA,LOCAL,12,"FESSIA, MATEO",4,6:34,60,75
130833,14/12/2025,ARG,BRA,539,TIRO3-FALLADO,VISITANTE,25,"SOUZA, PEDRO",4,6:11,60,75
130833,14/12/2025,ARG,BRA,540,REBOTE-DEFENSIVO,LOCAL,14,"PETTINAROLI, SANTIAGO",4,6:07,60,75
130833,14/12/2025,ARG,BRA,541,TIRO2-FALLADO,LOCAL,14,"PETTINAROLI, SANTIAGO",4,6:04,60,75
130833,14/12/2025,ARG,BRA,542,REBOTE-DEFENSIVO,VISITANTE,33,"FERREIRA, CRISTIAN",4,6:00,60,75
130833,14/12/2025,ARG,BRA,543,PERDIDA,VISITANTE,25,"SOUZA, PEDRO",4,5:59,60,75
130833,14/12/2025,ARG,BRA,544,CAMBIO-JUGADOR-SALE,VISITANTE,10,"MELO, PIETRO",4,5:59,60,75
130833,14/12/2025,ARG,BRA,545,CAMBIO-JUGADOR-ENTRA,VISITANTE,2,"MATHIAS, CAIO",4,5:59,60,75
130833,14/12/2025,ARG,BRA,546,CAMBIO-JUGADOR-SALE,VISITANTE,14,"NEVES, JOAO",4,5:59,60,75
130833,14/12/2025,ARG,BRA,547,CAMBIO-JUGADOR-ENTRA,VISITANTE,11,"BANDIERA, JOÃO",4,5:59,60,75
130833,14/12/2025,ARG,BRA,548,TIRO3-FALLADO,LOCAL,9,"CELIZ, JOAQUIN",4,5:39,60,75
130833,14/12/2025,ARG,BRA,549,REBOTE-DEFENSIVO,VISITANTE,45,"SANTOS, ISAIAH",4,5:34,60,75
130833,14/12/2025,ARG,BRA,550,TIRO2-FALLADO,VISITANTE,45,"SANTOS, ISAIAH",4,5:27,60,75
130833,14/12/2025,ARG,BRA,551,REBOTE-OFENSIVO,VISITANTE,33,"FERREIRA, CRISTIAN",4,5:22,60,75
130833,14/12/2025,ARG,BRA,552,CANASTA-2P,VISITANTE,33,"FERREIRA, CRISTIAN",4,5:22,60,77
130833,14/12/2025,ARG,BRA,553,TIRO2-FALLADO,LOCAL,10,"CAUMO, JOAQUIN",4,5:07,60,77
130833,14/12/2025,ARG,BRA,554,TAPON-COMETIDO,VISITANTE,33,"FERREIRA, CRISTIAN",4,5:07,60,77
130833,14/12/2025,ARG,BRA,555,REBOTE-OFENSIVO,LOCAL,,,4,5:05,60,77
130833,14/12/2025,ARG,BRA,556,CAMBIO-JUGADOR-SALE,LOCAL,10,"CAUMO, JOAQUIN",4,5:05,60,77
130833,14/12/2025,ARG,BRA,557,CAMBIO-JUGADOR-ENTRA,LOCAL,4,"HERNANDEZ, MANUEL",4,5:05,60,77
130833,14/12/2025,ARG,BRA,558,TIRO2-FALLADO,LOCAL,14,"PETTINAROLI, SANTIAGO",4,4:59,60,77
130833,14/12/2025,ARG,BRA,559,REBOTE-DEFENSIVO,VISITANTE,25,"SOUZA, PEDRO",4,4:54,60,77
130833,14/12/2025,ARG,BRA,560,FALTA-COMETIDA,LOCAL,9,"CELIZ, JOAQUIN",4,4:47,60,77
130833,14/12/2025,ARG,BRA,561,FALTA-RECIBIDA,VISITANTE,33,"FERREIRA, CRISTIAN",4,4:47,60,77
130833,14/12/2025,ARG,BRA,562,CAMBIO-JUGADOR-SALE,VISITANTE,25,"SOUZA, PEDRO",4,4:47,60,77
130833,14/12/2025,ARG,BRA,563,CAMBIO-JUGADOR-ENTRA,VISITANTE,10,"MELO, PIETRO",4,4:47,60,77
130833,14/12/2025,ARG,BRA,564,CANASTA-3P,VISITANTE,45,"SANTOS, ISAIAH",4,4:35,60,80
130833,14/12/2025,ARG,BRA,565,ASISTENCIA,VISITANTE,10,"MELO, PIETRO",4,4:35,60,80
130833,14/12/2025,ARG,BRA,566,FALTA-COMETIDA,VISITANTE,11,"BANDIERA, JOÃO",4,4:23,60,80
130833,14/12/2025,ARG,BRA,567,FALTA-RECIBIDA,LOCAL,14,"PETTINAROLI, SANTIAGO",4,4:23,60,80
130833,14/12/2025,ARG,BRA,568,FALTA-COMETIDA,LOCAL,14,"PETTINAROLI, SANTIAGO",4,4:23,60,80
130833,14/12/2025,ARG,BRA,569,PERDIDA,LOCAL,14,"PETTINAROLI, SANTIAGO",4,4:23,60,80
130833,14/12/2025,ARG,BRA,570,FALTA-RECIBIDA,VISITANTE,11,"BANDIERA, JOÃO",4,4:23,60,80
130833,14/12/2025,ARG,BRA,571,TIRO1-FALLADO,LOCAL,14,"PETTINAROLI, SANTIAGO",4,4:23,60,80
130833,14/12/2025,ARG,BRA,572,CANASTA-1P,LOCAL,14,"PETTINAROLI, SANTIAGO",4,4:23,61,80
130833,14/12/2025,ARG,BRA,573,CAMBIO-JUGADOR-SALE,LOCAL,14,"PETTINAROLI, SANTIAGO",4,4:23,61,80
130833,14/12/2025,ARG,BRA,574,CAMBIO-JUGADOR-ENTRA,LOCAL,7,"TORRENS, ELIAS",4,4:23,61,80
130833,14/12/2025,ARG,BRA,575,CAMBIO-JUGADOR-SALE,VISITANTE,2,"MATHIAS, CAIO",4,4:23,61,80
130833,14/12/2025,ARG,BRA,576,CAMBIO-JUGADOR-ENTRA,VISITANTE,25,"SOUZA, PEDRO",4,4:23,61,80
130833,14/12/2025,ARG,BRA,577,TIRO1-FALLADO,VISITANTE,11,"BANDIERA, JOÃO",4,4:23,61,80
130833,14/12/2025,ARG,BRA,578,CANASTA-1P,VISITANTE,11,"BANDIERA, JOÃO",4,4:23,61,81
130833,14/12/2025,ARG,BRA,579,CAMBIO-JUGADOR-SALE,VISITANTE,11,"BANDIERA, JOÃO",4,4:23,61,81
130833,14/12/2025,ARG,BRA,580,CAMBIO-JUGADOR-ENTRA,VISITANTE,14,"NEVES, JOAO",4,4:23,61,81
130833,14/12/2025,ARG,BRA,581,CANASTA-3P,VISITANTE,25,"SOUZA, PEDRO",4,4:19,61,84
130833,14/12/2025,ARG,BRA,582,ASISTENCIA,VISITANTE,10,"MELO, PIETRO",4,4:19,61,84
130833,14/12/2025,ARG,BRA,583,FALTA-COMETIDA,VISITANTE,25,"SOUZA, PEDRO",4,4:14,61,84
130833,14/12/2025,ARG,BRA,584,CAMBIO-JUGADOR-SALE,VISITANTE,25,"SOUZA, PEDRO",4,4:14,61,84
130833,14/12/2025,ARG,BRA,585,CAMBIO-JUGADOR-ENTRA,VISITANTE,2,"MATHIAS, CAIO",4,4:14,61,84
130833,14/12/2025,ARG,BRA,586,TIRO1-FALLADO,LOCAL,9,"CELIZ, JOAQUIN",4,4:14,61,84
130833,14/12/2025,ARG,BRA,587,CANASTA-2P,LOCAL,9,"CELIZ, JOAQUIN",4,4:00,63,84
130833,14/12/2025,ARG,BRA,588,FALTA-COMETIDA,VISITANTE,10,"MELO, PIETRO",4,4:00,63,84
130833,14/12/2025,ARG,BRA,589,FALTA-RECIBIDA,LOCAL,9,"CELIZ, JOAQUIN",4,4:00,63,84
130833,14/12/2025,ARG,BRA,590,TIRO1-FALLADO,LOCAL,9,"CELIZ, JOAQUIN",4,4:00,63,84
130833,14/12/2025,ARG,BRA,591,REBOTE-OFENSIVO,LOCAL,11,"MORAVANSKY, ROMAN",4,4:00,63,84
130833,14/12/2025,ARG,BRA,592,CANASTA-3P,LOCAL,9,"CELIZ, JOAQUIN",4,3:57,66,84
130833,14/12/2025,ARG,BRA,593,ASISTENCIA,LOCAL,11,"MORAVANSKY, ROMAN",4,3:57,66,84
130833,14/12/2025,ARG,BRA,594,TIRO3-FALLADO,VISITANTE,2,"MATHIAS, CAIO",4,3:40,66,84
130833,14/12/2025,ARG,BRA,595,REBOTE-OFENSIVO,VISITANTE,10,"MELO, PIETRO",4,3:35,66,84
130833,14/12/2025,ARG,BRA,596,CANASTA-2P,VISITANTE,45,"SANTOS, ISAIAH",4,3:34,66,86
130833,14/12/2025,ARG,BRA,597,ASISTENCIA,VISITANTE,33,"FERREIRA, CRISTIAN",4,3:34,66,86
130833,14/12/2025,ARG,BRA,598,FALTA-COMETIDA,LOCAL,12,"FESSIA, MATEO",4,3:34,66,86
130833,14/12/2025,ARG,BRA,599,FALTA-RECIBIDA,VISITANTE,45,"SANTOS, ISAIAH",4,3:34,66,86
130833,14/12/2025,ARG,BRA,600,CANASTA-1P,VISITANTE,45,"SANTOS, ISAIAH",4,3:34,66,87
130833,14/12/2025,ARG,BRA,601,CANASTA-2P,LOCAL,7,"TORRENS, ELIAS",4,3:22,68,87
130833,14/12/2025,ARG,BRA,602,TIRO3-FALLADO,VISITANTE,10,"MELO, PIETRO",4,3:04,68,87
130833,14/12/2025,ARG,BRA,603,REBOTE-DEFENSIVO,LOCAL,11,"MORAVANSKY, ROMAN",4,3:00,68,87
130833,14/12/2025,ARG,BRA,604,TIRO3-FALLADO,LOCAL,11,"MORAVANSKY, ROMAN",4,2:47,68,87
130833,14/12/2025,ARG,BRA,605,REBOTE-DEFENSIVO,VISITANTE,10,"MELO, PIETRO",4,2:44,68,87
130833,14/12/2025,ARG,BRA,606,TIRO3-FALLADO,VISITANTE,10,"MELO, PIETRO",4,2:28,68,87
130833,14/12/2025,ARG,BRA,607,REBOTE-DEFENSIVO,LOCAL,,,4,2:25,68,87
130833,14/12/2025,ARG,BRA,608,FALTA-COMETIDA,VISITANTE,45,"SANTOS, ISAIAH",4,2:25,68,87
130833,14/12/2025,ARG,BRA,609,FALTA-RECIBIDA,LOCAL,12,"FESSIA, MATEO",4,2:25,68,87
130833,14/12/2025,ARG,BRA,610,TIRO1-FALLADO,LOCAL,12,"FESSIA, MATEO",4,2:25,68,87
130833,14/12/2025,ARG,BRA,611,CANASTA-1P,LOCAL,12,"FESSIA, MATEO",4,2:25,69,87
130833,14/12/2025,ARG,BRA,612,FALTA-COMETIDA,LOCAL,4,"HERNANDEZ, MANUEL",4,2:05,69,87
130833,14/12/2025,ARG,BRA,613,FALTA-RECIBIDA,VISITANTE,10,"MELO, PIETRO",4,2:05,69,87
130833,14/12/2025,ARG,BRA,614,CANASTA-1P,VISITANTE,10,"MELO, PIETRO",4,2:05,69,88
130833,14/12/2025,ARG,BRA,615,CANASTA-1P,VISITANTE,10,"MELO, PIETRO",4,2:05,69,89
130833,14/12/2025,ARG,BRA,616,CANASTA-2P,LOCAL,12,"FESSIA, MATEO",4,1:54,71,89
130833,14/12/2025,ARG,BRA,617,PERDIDA,VISITANTE,14,"NEVES, JOAO",4,1:44,71,89
130833,14/12/2025,ARG,BRA,618,CAMBIO-JUGADOR-SALE,LOCAL,4,"HERNANDEZ, MANUEL",4,1:44,71,89
130833,14/12/2025,ARG,BRA,619,CAMBIO-JUGADOR-ENTRA,LOCAL,10,"CAUMO, JOAQUIN",4,1:44,71,89
130833,14/12/2025,ARG,BRA,620,CAMBIO-JUGADOR-SALE,VISITANTE,2,"MATHIAS, CAIO",4,1:44,71,89
130833,14/12/2025,ARG,BRA,621,CAMBIO-JUGADOR-ENTRA,VISITANTE,3,"NASCIMENTO, MATHEUS",4,1:44,71,89
130833,14/12/2025,ARG,BRA,622,CANASTA-3P,LOCAL,10,"CAUMO, JOAQUIN",4,1:34,74,89
130833,14/12/2025,ARG,BRA,623,ASISTENCIA,LOCAL,11,"MORAVANSKY, ROMAN",4,1:34,74,89
130833,14/12/2025,ARG,BRA,624,FALTA-COMETIDA,LOCAL,,,4,1:15,74,89
130833,14/12/2025,ARG,BRA,625,PERDIDA,VISITANTE,10,"MELO, PIETRO",4,1:15,74,89
130833,14/12/2025,ARG,BRA,626,CANASTA-1P,VISITANTE,10,"MELO, PIETRO",4,1:15,74,90
130833,14/12/2025,ARG,BRA,627,PERDIDA,LOCAL,10,"CAUMO, JOAQUIN",4,1:10,74,90
130833,14/12/2025,ARG,BRA,628,RECUPERACION,VISITANTE,3,"NASCIMENTO, MATHEUS",4,1:10,74,90
130833,14/12/2025,ARG,BRA,629,CANASTA-2P,VISITANTE,3,"NASCIMENTO, MATHEUS",4,1:05,74,92
130833,14/12/2025,ARG,BRA,630,TIRO3-FALLADO,LOCAL,10,"CAUMO, JOAQUIN",4,0:59,74,92
130833,14/12/2025,ARG,BRA,631,REBOTE-DEFENSIVO,VISITANTE,45,"SANTOS, ISAIAH",4,0:56,74,92
130833,14/12/2025,ARG,BRA,632,CANASTA-3P,VISITANTE,14,"NEVES, JOAO",4,0:41,74,95
130833,14/12/2025,ARG,BRA,633,ASISTENCIA,VISITANTE,3,"NASCIMENTO, MATHEUS",4,0:41,74,95
130833,14/12/2025,ARG,BRA,634,FALTA-COMETIDA,VISITANTE,14,"NEVES, JOAO",4,0:38,74,95
130833,14/12/2025,ARG,BRA,635,CANASTA-1P,LOCAL,9,"CELIZ, JOAQUIN",4,0:38,75,95
130833,14/12/2025,ARG,BRA,636,FALTA-COMETIDA,VISITANTE,33,"FERREIRA, CRISTIAN",4,0:30,75,95
130833,14/12/2025,ARG,BRA,637,FALTA-RECIBIDA,LOCAL,10,"CAUMO, JOAQUIN",4,0:30,75,95
130833,14/12/2025,ARG,BRA,638,CANASTA-1P,LOCAL,10,"CAUMO, JOAQUIN",4,0:30,76,95
130833,14/12/2025,ARG,BRA,639,VTR,VISITANTE,,,4,0:30,76,95
130833,14/12/2025,ARG,BRA,640,CANASTA-1P,LOCAL,10,"CAUMO, JOAQUIN",4,0:30,77,95
130833,14/12/2025,ARG,BRA,641,FALTA-COMETIDA,LOCAL,,,4,0:30,77,95
130833,14/12/2025,ARG,BRA,642,CANASTA-1P,VISITANTE,14,"NEVES, JOAO",4,0:30,77,96
130833,14/12/2025,ARG,BRA,643,CANASTA-1P,VISITANTE,14,"NEVES, JOAO",4,0:30,77,97
130833,14/12/2025,ARG,BRA,644,PERDIDA,VISITANTE,33,"FERREIRA, CRISTIAN",4,0:17,77,97
130833,14/12/2025,ARG,BRA,645,RECUPERACION,LOCAL,11,"MORAVANSKY, ROMAN",4,0:17,77,97
130833,14/12/2025,ARG,BRA,646,PERDIDA,LOCAL,9,"CELIZ, JOAQUIN",4,0:12,77,97
130833,14/12/2025,ARG,BRA,647,RECUPERACION,VISITANTE,3,"NASCIMENTO, MATHEUS",4,0:12,77,97
130833,14/12/2025,ARG,BRA,648,FALTA-COMETIDA,LOCAL,12,"FESSIA, MATEO",4,0:04,77,97
130833,14/12/2025,ARG,BRA,649,FALTA-RECIBIDA,VISITANTE,14,"NEVES, JOAO",4,0:04,77,97
130833,14/12/2025,ARG,BRA,650,TIRO1-FALLADO,VISITANTE,14,"NEVES, JOAO",4,0:04,77,97
130833,14/12/2025,ARG,BRA,651,CANASTA-1P,VISITANTE,14,"NEVES, JOAO",4,0:04,77,98
130833,14/12/2025,ARG,BRA,652,FINAL-PERIODO,,,,4,0:00,77,98
130833,14/12/2025,ARG,BRA,653,FINAL-PARTIDO,,,,4,0:00,77,98
