IdPartido,Fecha,Equipo_local,Equipo_visitante,Local,Equipo,personId,firstName,lastName,Dorsal,Periodo,Tipo,Resultado,Zona,x,y
125521,10/12/2025,URU,ARG,True,URU,407935,Gabriel,Venet,15,1,TIRO3,FALLADO,,35,119
125521,10/12/2025,URU,ARG,True,URU,407647,Gabriel,Fata,19,1,TIRO2,FALLADO,,105,37
125521,10/12/2025,URU,ARG,True,URU,407936,Lautaro,Gomez,10,1,TIRO2,FALLADO,,164,49
125521,10/12/2025,URU,ARG,True,URU,329851,Nicolas,Testa,11,1,TIRO3,CONVERTIDO,,239,127
125521,10/12/2025,URU,ARG,False,ARG,408871,Manuel,Hernandez,4,1,TIRO3,FALLADO,,133,165
125521,10/12/2025,URU,ARG,False,ARG,408870,Gonzalo,Aman,8,1,TIRO1,FALLADO,,0,0
125521,10/12/2025,URU,ARG,False,ARG,408870,Gonzalo,Aman,8,1,TIRO1,FALLADO,,0,0
125521,10/12/2025,URU,ARG,True,URU,407936,Lautaro,Gomez,10,1,TIRO2,FALLADO,,113,47
125521,10/12/2025,URU,ARG,False,ARG,355917,Facundo,Cornalis,5,1,TIRO3,FALLADO,,47,137
125521,10/12/2025,URU,ARG,True,URU,407936,Lautaro,Gomez,10,1,TIRO2,FALLADO,,130,46
125521,10/12/2025,URU,ARG,False,ARG,408871,Manuel,Hernandez,4,1,TIRO3,CONVERTIDO,,13,93
125521,10/12/2025,URU,ARG,True,URU,407647,Gabriel,Fata,19,1,TIRO2,FALLADO,,92,33
125521,10/12/2025,URU,ARG,False,ARG,408870,Gonzalo,Aman,8,1,TIRO2,CONVERTIDO,,123,39
125521,10/12/2025,URU,ARG,False,ARG,408870,Gonzalo,Aman,8,1,TIRO1,CONVERTIDO,,0,0
125521,10/12/2025,URU,ARG,True,URU,407501,Facundo,Izuibejeres,5,1,TIRO3,FALLADO,,115,161
125521,10/12/2025,URU,ARG,False,ARG,362126,Benjamin,Pettovello,2,1,TIRO1,CONVERTIDO,,0,0
125521,10/12/2025,URU,ARG,False,ARG,362126,Benjamin,Pettovello,2,1,TIRO1,CONVERTIDO,,0,0
125521,10/12/2025,URU,ARG,True,URU,407401,Lucas,Orozco,22,1,TIRO3,FALLADO,,250,126
125521,10/12/2025,URU,ARG,False,ARG,408871,Manuel,Hernandez,4,1,TIRO3,FALLADO,,163,169
125521,10/12/2025,URU,ARG,False,ARG,408870,Gonzalo,Aman,8,1,TIRO3,FALLADO,,110,169
125521,10/12/2025,URU,ARG,False,ARG,408871,Manuel,Hernandez,4,1,TIRO2,FALLADO,,113,61
125521,10/12/2025,URU,ARG,True,URU,329851,Nicolas,Testa,11,1,TIRO3,FALLADO,,251,110
125521,10/12/2025,URU,ARG,True,URU,407936,Lautaro,Gomez,10,1,TIRO2,CONVERTIDO,,179,49
125521,10/12/2025,URU,ARG,False,ARG,408871,Manuel,Hernandez,4,1,TIRO2,CONVERTIDO,,159,104
125521,10/12/2025,URU,ARG,True,URU,407936,Lautaro,Gomez,10,1,TIRO2,FALLADO,,154,26
125521,10/12/2025,URU,ARG,False,ARG,409151,Santiago,Pettinaroli,14,1,TIRO2,CONVERTIDO,,126,29
125521,10/12/2025,URU,ARG,True,URU,407936,Lautaro,Gomez,10,1,TIRO2,CONVERTIDO,,123,23
125521,10/12/2025,URU,ARG,False,ARG,409151,Santiago,Pettinaroli,14,1,TIRO3,FALLADO,,23,90
125521,10/12/2025,URU,ARG,True,URU,407936,Lautaro,Gomez,10,1,TIRO2,CONVERTIDO,,157,43
125521,10/12/2025,URU,ARG,False,ARG,408870,Gonzalo,Aman,8,1,TIRO3,FALLADO,,65,146
125521,10/12/2025,URU,ARG,True,URU,329851,Nicolas,Testa,11,1,TIRO2,CONVERTIDO,,157,31
125521,10/12/2025,URU,ARG,False,ARG,408871,Manuel,Hernandez,4,1,TIRO3,CONVERTIDO,,58,152
125521,10/12/2025,URU,ARG,True,URU,329851,Nicolas,Testa,11,1,TIRO2,FALLADO,,130,26
125521,10/12/2025,URU,ARG,False,ARG,408871,Manuel,Hernandez,4,1,TIRO3,FALLADO,,221,159
125521,10/12/2025,URU,ARG,False,ARG,408857,Joaquin,Caumo,10,1,TIRO1,CONVERTIDO,,0,0
125521,10/12/2025,URU,ARG,False,ARG,408857,Joaquin,Caumo,10,1,TIRO1,FALLADO,,0,0
125521,10/12/2025,URU,ARG,False,ARG,398746,Roman,Moravansky,11,1,TIRO3,FALLADO,,261,114
125521,10/12/2025,URU,ARG,False,ARG,408857,Joaquin,Caumo,10,1,TIRO2,FALLADO,,156,34
125521,10/12/2025,URU,ARG,False,ARG,408871,Manuel,Hernandez,4,1,TIRO2,CONVERTIDO,,140,31
125521,10/12/2025,URU,ARG,True,URU,407647,Gabriel,Fata,19,1,TIRO3,CONVERTIDO,,199,153
125521,10/12/2025,URU,ARG,False,ARG,398746,Roman,Moravansky,11,1,TIRO3,CONVERTIDO,,9,48
125521,10/12/2025,URU,ARG,True,URU,375722,Valentino,Ramírez,13,1,TIRO2,CONVERTIDO,,127,33
125521,10/12/2025,URU,ARG,True,URU,375722,Valentino,Ramírez,13,1,TIRO1,FALLADO,,0,0
125521,10/12/2025,URU,ARG,False,ARG,409023,Joaquin,Celiz,9,1,TIRO3,FALLADO,,46,133
125521,10/12/2025,URU,ARG,False,ARG,398746,Roman,Moravansky,11,1,TIRO2,FALLADO,,150,38
125521,10/12/2025,URU,ARG,True,URU,407647,Gabriel,Fata,19,2,TIRO2,FALLADO,,130,31
125521,10/12/2025,URU,ARG,True,URU,407647,Gabriel,Fata,19,2,TIRO3,FALLADO,,196,160
125521,10/12/2025,URU,ARG,False,ARG,409174,Juan,Marquez,15,2,TIRO2,FALLADO,,153,38
125521,10/12/2025,URU,ARG,True,URU,408047,Thiago,Michaelsson,21,2,TIRO2,CONVERTIDO,,158,36
125521,10/12/2025,URU,ARG,False,ARG,408857,Joaquin,Caumo,10,2,TIRO2,FALLADO,,155,38
125521,10/12/2025,URU,ARG,False,ARG,408857,Joaquin,Caumo,10,2,TIRO3,CONVERTIDO,,263,79
125521,10/12/2025,URU,ARG,True,URU,375722,Valentino,Ramírez,13,2,TIRO2,CONVERTIDO,,133,31
125521,10/12/2025,URU,ARG,False,ARG,409174,Juan,Marquez,15,2,TIRO2,FALLADO,,165,35
125521,10/12/2025,URU,ARG,False,ARG,355917,Facundo,Cornalis,5,2,TIRO2,CONVERTIDO,,140,31
125521,10/12/2025,URU,ARG,True,URU,407647,Gabriel,Fata,19,2,TIRO2,CONVERTIDO,,133,39
125521,10/12/2025,URU,ARG,False,ARG,408857,Joaquin,Caumo,10,2,TIRO3,FALLADO,,46,170
125521,10/12/2025,URU,ARG,True,URU,407647,Gabriel,Fata,19,2,TIRO1,CONVERTIDO,,0,0
125521,10/12/2025,URU,ARG,True,URU,407647,Gabriel,Fata,19,2,TIRO1,CONVERTIDO,,0,0
125521,10/12/2025,URU,ARG,False,ARG,409021,Elias,Torrens,7,2,TIRO2,FALLADO,,115,24
125521,10/12/2025,URU,ARG,True,URU,324131,Federico,Cruz,8,2,TIRO2,FALLADO,,247,72
125521,10/12/2025,URU,ARG,False,ARG,398746,Roman,Moravansky,11,2,TIRO2,FALLADO,,157,26
125521,10/12/2025,URU,ARG,False,ARG,355917,Facundo,Cornalis,5,2,TIRO2,CONVERTIDO,,140,31
125521,10/12/2025,URU,ARG,True,URU,408046,Tomas,Abal,0,2,TIRO2,CONVERTIDO,,145,35
125521,10/12/2025,URU,ARG,False,ARG,408870,Gonzalo,Aman,8,2,TIRO1,FALLADO,,0,0
125521,10/12/2025,URU,ARG,False,ARG,408870,Gonzalo,Aman,8,2,TIRO1,FALLADO,,0,0
125521,10/12/2025,URU,ARG,True,URU,407936,Lautaro,Gomez,10,2,TIRO2,FALLADO,,141,38
125521,10/12/2025,URU,ARG,True,URU,407936,Lautaro,Gomez,10,2,TIRO2,CONVERTIDO,,152,40
125521,10/12/2025,URU,ARG,False,ARG,408857,Joaquin,Caumo,10,2,TIRO3,FALLADO,,34,133
125521,10/12/2025,URU,ARG,True,URU,329851,Nicolas,Testa,11,2,TIRO3,FALLADO,,262,106
125521,10/12/2025,URU,ARG,True,URU,375744,Manuel,Pastrana,4,2,TIRO2,FALLADO,,152,36
125521,10/12/2025,URU,ARG,True,URU,329851,Nicolas,Testa,11,2,TIRO2,FALLADO,,125,32
125521,10/12/2025,URU,ARG,True,URU,407936,Lautaro,Gomez,10,2,TIRO2,CONVERTIDO,,140,31
125521,10/12/2025,URU,ARG,False,ARG,408857,Joaquin,Caumo,10,2,TIRO3,CONVERTIDO,,149,170
125521,10/12/2025,URU,ARG,True,URU,408046,Tomas,Abal,0,2,TIRO1,CONVERTIDO,,0,0
125521,10/12/2025,URU,ARG,True,URU,408046,Tomas,Abal,0,2,TIRO1,CONVERTIDO,,0,0
125521,10/12/2025,URU,ARG,False,ARG,362126,Benjamin,Pettovello,2,2,TIRO2,CONVERTIDO,,143,35
125521,10/12/2025,URU,ARG,False,ARG,355917,Facundo,Cornalis,5,2,TIRO3,FALLADO,,43,135
125521,10/12/2025,URU,ARG,False,ARG,408860,Mateo,Fessia,12,2,TIRO1,CONVERTIDO,,0,0
125521,10/12/2025,URU,ARG,False,ARG,408860,Mateo,Fessia,12,2,TIRO1,CONVERTIDO,,0,0
125521,10/12/2025,URU,ARG,True,URU,375744,Manuel,Pastrana,4,2,TIRO3,FALLADO,,51,139
125521,10/12/2025,URU,ARG,False,ARG,408871,Manuel,Hernandez,4,2,TIRO2,FALLADO,,138,32
125521,10/12/2025,URU,ARG,True,URU,407647,Gabriel,Fata,19,2,TIRO2,CONVERTIDO,,144,42
125521,10/12/2025,URU,ARG,False,ARG,362126,Benjamin,Pettovello,2,2,TIRO2,CONVERTIDO,,133,32
125521,10/12/2025,URU,ARG,False,ARG,362126,Benjamin,Pettovello,2,2,TIRO1,CONVERTIDO,,0,0
125521,10/12/2025,URU,ARG,True,URU,375744,Manuel,Pastrana,4,2,TIRO2,FALLADO,,148,33
125521,10/12/2025,URU,ARG,False,ARG,408870,Gonzalo,Aman,8,2,TIRO3,FALLADO,,58,154
125521,10/12/2025,URU,ARG,True,URU,407638,Juan,Guzzetti,29,2,TIRO2,FALLADO,,126,24
125521,10/12/2025,URU,ARG,False,ARG,408870,Gonzalo,Aman,8,2,TIRO2,CONVERTIDO,,175,78
125521,10/12/2025,URU,ARG,True,URU,407647,Gabriel,Fata,19,2,TIRO3,FALLADO,,227,132
125521,10/12/2025,URU,ARG,False,ARG,409151,Santiago,Pettinaroli,14,3,TIRO2,FALLADO,,165,36
125521,10/12/2025,URU,ARG,False,ARG,409151,Santiago,Pettinaroli,14,3,TIRO3,FALLADO,,258,84
125521,10/12/2025,URU,ARG,True,URU,407501,Facundo,Izuibejeres,5,3,TIRO3,FALLADO,,270,41
125521,10/12/2025,URU,ARG,True,URU,407501,Facundo,Izuibejeres,5,3,TIRO2,FALLADO,,145,44
125521,10/12/2025,URU,ARG,True,URU,407401,Lucas,Orozco,22,3,TIRO2,FALLADO,,160,39
125521,10/12/2025,URU,ARG,False,ARG,408870,Gonzalo,Aman,8,3,TIRO3,FALLADO,,118,168
125521,10/12/2025,URU,ARG,True,URU,407647,Gabriel,Fata,19,3,TIRO3,FALLADO,,21,104
125521,10/12/2025,URU,ARG,False,ARG,408871,Manuel,Hernandez,4,3,TIRO3,CONVERTIDO,,59,146
125521,10/12/2025,URU,ARG,True,URU,407647,Gabriel,Fata,19,3,TIRO2,CONVERTIDO,,123,32
125521,10/12/2025,URU,ARG,False,ARG,398746,Roman,Moravansky,11,3,TIRO3,FALLADO,,241,114
125521,10/12/2025,URU,ARG,True,URU,329851,Nicolas,Testa,11,3,TIRO3,CONVERTIDO,,146,174
125521,10/12/2025,URU,ARG,False,ARG,408871,Manuel,Hernandez,4,3,TIRO3,CONVERTIDO,,19,98
125521,10/12/2025,URU,ARG,False,ARG,362126,Benjamin,Pettovello,2,3,TIRO2,CONVERTIDO,,154,32
125521,10/12/2025,URU,ARG,False,ARG,362126,Benjamin,Pettovello,2,3,TIRO1,CONVERTIDO,,0,0
125521,10/12/2025,URU,ARG,True,URU,324131,Federico,Cruz,8,3,TIRO2,FALLADO,,194,89
125521,10/12/2025,URU,ARG,True,URU,329851,Nicolas,Testa,11,3,TIRO2,FALLADO,,143,45
125521,10/12/2025,URU,ARG,False,ARG,362126,Benjamin,Pettovello,2,3,TIRO2,CONVERTIDO,,143,46
125521,10/12/2025,URU,ARG,True,URU,407647,Gabriel,Fata,19,3,TIRO3,FALLADO,,233,149
125521,10/12/2025,URU,ARG,True,URU,375744,Manuel,Pastrana,4,3,TIRO2,FALLADO,,113,42
125521,10/12/2025,URU,ARG,False,ARG,408871,Manuel,Hernandez,4,3,TIRO2,CONVERTIDO,,152,40
125521,10/12/2025,URU,ARG,True,URU,407647,Gabriel,Fata,19,3,TIRO2,FALLADO,,116,30
125521,10/12/2025,URU,ARG,False,ARG,408871,Manuel,Hernandez,4,3,TIRO3,FALLADO,,16,89
125521,10/12/2025,URU,ARG,False,ARG,409023,Joaquin,Celiz,9,3,TIRO2,FALLADO,,238,70
125521,10/12/2025,URU,ARG,True,URU,407638,Juan,Guzzetti,29,3,TIRO1,CONVERTIDO,,0,0
125521,10/12/2025,URU,ARG,True,URU,407638,Juan,Guzzetti,29,3,TIRO1,FALLADO,,0,0
125521,10/12/2025,URU,ARG,False,ARG,362126,Benjamin,Pettovello,2,3,TIRO1,FALLADO,,0,0
125521,10/12/2025,URU,ARG,False,ARG,362126,Benjamin,Pettovello,2,3,TIRO1,CONVERTIDO,,0,0
125521,10/12/2025,URU,ARG,True,URU,375744,Manuel,Pastrana,4,3,TIRO2,FALLADO,,104,110
125521,10/12/2025,URU,ARG,False,ARG,409151,Santiago,Pettinaroli,14,3,TIRO2,FALLADO,,131,27
125521,10/12/2025,URU,ARG,False,ARG,409023,Joaquin,Celiz,9,3,TIRO1,CONVERTIDO,,0,0
125521,10/12/2025,URU,ARG,False,ARG,408871,Manuel,Hernandez,4,3,TIRO1,FALLADO,,0,0
125521,10/12/2025,URU,ARG,False,ARG,408871,Manuel,Hernandez,4,3,TIRO1,CONVERTIDO,,0,0
125521,10/12/2025,URU,ARG,False,ARG,408871,Manuel,Hernandez,4,3,TIRO1,CONVERTIDO,,0,0
125521,10/12/2025,URU,ARG,True,URU,407401,Lucas,Orozco,22,3,TIRO2,CONVERTIDO,,142,27
125521,10/12/2025,URU,ARG,False,ARG,408857,Joaquin,Caumo,10,3,TIRO3,FALLADO,,204,159
125521,10/12/2025,URU,ARG,False,ARG,409023,Joaquin,Celiz,9,3,TIRO2,FALLADO,,128,36
125521,10/12/2025,URU,ARG,False,ARG,409021,Elias,Torrens,7,3,TIRO2,CONVERTIDO,,149,24
125521,10/12/2025,URU,ARG,False,ARG,409021,Elias,Torrens,7,3,TIRO1,FALLADO,,0,0
125521,10/12/2025,URU,ARG,True,URU,408047,Thiago,Michaelsson,21,3,TIRO2,FALLADO,,137,27
125521,10/12/2025,URU,ARG,False,ARG,409023,Joaquin,Celiz,9,3,TIRO2,FALLADO,,114,45
125521,10/12/2025,URU,ARG,True,URU,407936,Lautaro,Gomez,10,3,TIRO2,CONVERTIDO,,127,34
125521,10/12/2025,URU,ARG,True,URU,407936,Lautaro,Gomez,10,3,TIRO1,FALLADO,,0,0
125521,10/12/2025,URU,ARG,False,ARG,409023,Joaquin,Celiz,9,3,TIRO3,CONVERTIDO,,87,166
125521,10/12/2025,URU,ARG,False,ARG,355917,Facundo,Cornalis,5,4,TIRO2,FALLADO,,158,27
125521,10/12/2025,URU,ARG,True,URU,407401,Lucas,Orozco,22,4,TIRO1,CONVERTIDO,,0,0
125521,10/12/2025,URU,ARG,True,URU,407401,Lucas,Orozco,22,4,TIRO1,FALLADO,,0,0
125521,10/12/2025,URU,ARG,False,ARG,409021,Elias,Torrens,7,4,TIRO2,FALLADO,,142,31
125521,10/12/2025,URU,ARG,False,ARG,409021,Elias,Torrens,7,4,TIRO2,CONVERTIDO,,139,32
125521,10/12/2025,URU,ARG,True,URU,407936,Lautaro,Gomez,10,4,TIRO2,CONVERTIDO,,151,37
125521,10/12/2025,URU,ARG,False,ARG,408872,Bautista,Gobetti,6,4,TIRO3,FALLADO,,265,94
125521,10/12/2025,URU,ARG,True,URU,408047,Thiago,Michaelsson,21,4,TIRO2,CONVERTIDO,,175,42
125521,10/12/2025,URU,ARG,False,ARG,408857,Joaquin,Caumo,10,4,TIRO3,CONVERTIDO,,155,166
125521,10/12/2025,URU,ARG,True,URU,407401,Lucas,Orozco,22,4,TIRO2,FALLADO,,147,33
125521,10/12/2025,URU,ARG,False,ARG,409023,Joaquin,Celiz,9,4,TIRO2,CONVERTIDO,,137,39
125521,10/12/2025,URU,ARG,False,ARG,408870,Gonzalo,Aman,8,4,TIRO3,CONVERTIDO,,262,83
125521,10/12/2025,URU,ARG,True,URU,407401,Lucas,Orozco,22,4,TIRO2,FALLADO,,112,20
125521,10/12/2025,URU,ARG,False,ARG,408857,Joaquin,Caumo,10,4,TIRO3,FALLADO,,29,117
125521,10/12/2025,URU,ARG,False,ARG,409021,Elias,Torrens,7,4,TIRO2,CONVERTIDO,,124,23
125521,10/12/2025,URU,ARG,True,URU,408047,Thiago,Michaelsson,21,4,TIRO2,CONVERTIDO,,133,56
125521,10/12/2025,URU,ARG,False,ARG,408870,Gonzalo,Aman,8,4,TIRO3,FALLADO,,66,150
125521,10/12/2025,URU,ARG,True,URU,407935,Gabriel,Venet,15,4,TIRO2,FALLADO,,110,114
125521,10/12/2025,URU,ARG,False,ARG,408857,Joaquin,Caumo,10,4,TIRO2,CONVERTIDO,,134,36
125521,10/12/2025,URU,ARG,False,ARG,408857,Joaquin,Caumo,10,4,TIRO1,CONVERTIDO,,0,0
125521,10/12/2025,URU,ARG,True,URU,407935,Gabriel,Venet,15,4,TIRO2,FALLADO,,127,32
125521,10/12/2025,URU,ARG,False,ARG,409021,Elias,Torrens,7,4,TIRO2,CONVERTIDO,,127,34
125521,10/12/2025,URU,ARG,True,URU,375744,Manuel,Pastrana,4,4,TIRO3,FALLADO,,249,109
125521,10/12/2025,URU,ARG,True,URU,408047,Thiago,Michaelsson,21,4,TIRO1,FALLADO,,0,0
125521,10/12/2025,URU,ARG,True,URU,408047,Thiago,Michaelsson,21,4,TIRO1,FALLADO,,0,0
125521,10/12/2025,URU,ARG,False,ARG,355917,Facundo,Cornalis,5,4,TIRO3,FALLADO,,126,180
125521,10/12/2025,URU,ARG,False,ARG,408860,Mateo,Fessia,12,4,TIRO2,CONVERTIDO,,149,23
125521,10/12/2025,URU,ARG,True,URU,407935,Gabriel,Venet,15,4,TIRO2,CONVERTIDO,,161,22
125521,10/12/2025,URU,ARG,False,ARG,408857,Joaquin,Caumo,10,4,TIRO2,CONVERTIDO,,79,91
125521,10/12/2025,URU,ARG,True,URU,407935,Gabriel,Venet,15,4,TIRO2,FALLADO,,112,42
125521,10/12/2025,URU,ARG,False,ARG,355917,Facundo,Cornalis,5,4,TIRO3,FALLADO,,254,111
125521,10/12/2025,URU,ARG,True,URU,324131,Federico,Cruz,8,4,TIRO2,CONVERTIDO,,143,38
125521,10/12/2025,URU,ARG,False,ARG,408857,Joaquin,Caumo,10,4,TIRO3,CONVERTIDO,,98,176
125521,10/12/2025,URU,ARG,False,ARG,408857,Joaquin,Caumo,10,4,TIRO1,FALLADO,,0,0
125521,10/12/2025,URU,ARG,False,ARG,408857,Joaquin,Caumo,10,4,TIRO2,FALLADO,,137,22
125521,10/12/2025,URU,ARG,False,ARG,408872,Bautista,Gobetti,6,4,TIRO2,CONVERTIDO,,140,31
125521,10/12/2025,URU,ARG,False,ARG,408860,Mateo,Fessia,12,4,TIRO2,CONVERTIDO,,156,42
125521,10/12/2025,URU,ARG,True,URU,407935,Gabriel,Venet,15,4,TIRO3,FALLADO,,227,135
125521,10/12/2025,URU,ARG,False,ARG,408860,Mateo,Fessia,12,4,TIRO2,FALLADO,,213,101
125521,10/12/2025,URU,ARG,True,URU,324131,Federico,Cruz,8,4,TIRO2,FALLADO,,142,29
125521,10/12/2025,URU,ARG,True,URU,408046,Tomas,Abal,0,4,TIRO3,CONVERTIDO,,59,149
125521,10/12/2025,URU,ARG,False,ARG,408857,Joaquin,Caumo,10,4,TIRO3,CONVERTIDO,,61,131
125522,10/12/2025,ECU,COL,False,COL,409483,Julian,Betancurt,59,1,TIRO2,FALLADO,,102,73
125522,10/12/2025,ECU,COL,True,ECU,379770,Adair,Quiñonez,23,1,TIRO3,FALLADO,,257,97
125522,10/12/2025,ECU,COL,False,COL,409481,Andres,Mateus,10,1,TIRO1,CONVERTIDO,,0,0
125522,10/12/2025,ECU,COL,False,COL,409481,Andres,Mateus,10,1,TIRO1,FALLADO,,0,0
125522,10/12/2025,ECU,COL,False,COL,409477,Yansem,Caicedo,14,1,TIRO2,FALLADO,,187,97
125522,10/12/2025,ECU,COL,True,ECU,379770,Adair,Quiñonez,23,1,TIRO3,FALLADO,,12,35
125522,10/12/2025,ECU,COL,True,ECU,379507,Juan,Castillo,2,1,TIRO2,FALLADO,,127,36
125522,10/12/2025,ECU,COL,False,COL,400857,Leonardo,Restrepo,5,1,TIRO3,FALLADO,,74,160
125522,10/12/2025,ECU,COL,True,ECU,409169,Felipe,Noboa,14,1,TIRO3,FALLADO,,270,30
125522,10/12/2025,ECU,COL,True,ECU,409013,José,Daza,7,1,TIRO2,CONVERTIDO,,99,106
125522,10/12/2025,ECU,COL,False,COL,409481,Andres,Mateus,10,1,TIRO2,FALLADO,,118,41
125522,10/12/2025,ECU,COL,True,ECU,409169,Felipe,Noboa,14,1,TIRO3,CONVERTIDO,,12,37
125522,10/12/2025,ECU,COL,False,COL,379759,Matthew,Bernal,7,1,TIRO2,FALLADO,,110,64
125522,10/12/2025,ECU,COL,True,ECU,409013,José,Daza,7,1,TIRO1,FALLADO,,0,0
125522,10/12/2025,ECU,COL,True,ECU,409013,José,Daza,7,1,TIRO1,CONVERTIDO,,0,0
125522,10/12/2025,ECU,COL,True,ECU,379770,Adair,Quiñonez,23,1,TIRO2,FALLADO,,154,49
125522,10/12/2025,ECU,COL,True,ECU,379509,Lheyder,Vargas,48,1,TIRO3,FALLADO,,46,123
125522,10/12/2025,ECU,COL,False,COL,379442,Angel,Orozco,83,1,TIRO2,FALLADO,,119,72
125522,10/12/2025,ECU,COL,True,ECU,379507,Juan,Castillo,2,1,TIRO3,FALLADO,,99,158
125522,10/12/2025,ECU,COL,True,ECU,379507,Juan,Castillo,2,1,TIRO2,FALLADO,,136,82
125522,10/12/2025,ECU,COL,False,COL,379442,Angel,Orozco,83,1,TIRO2,CONVERTIDO,,137,45
125522,10/12/2025,ECU,COL,False,COL,379442,Angel,Orozco,83,1,TIRO2,FALLADO,,151,36
125522,10/12/2025,ECU,COL,False,COL,400857,Leonardo,Restrepo,5,1,TIRO3,CONVERTIDO,,46,137
125522,10/12/2025,ECU,COL,True,ECU,409161,Michael,Cevallos,1,1,TIRO3,CONVERTIDO,,180,162
125522,10/12/2025,ECU,COL,True,ECU,379500,Alhan,Zambrano,10,1,TIRO1,CONVERTIDO,,0,0
125522,10/12/2025,ECU,COL,True,ECU,379500,Alhan,Zambrano,10,1,TIRO1,CONVERTIDO,,0,0
125522,10/12/2025,ECU,COL,False,COL,332119,Andres,Hernandez,24,1,TIRO2,FALLADO,,71,68
125522,10/12/2025,ECU,COL,True,ECU,409169,Felipe,Noboa,14,1,TIRO3,FALLADO,,268,62
125522,10/12/2025,ECU,COL,True,ECU,409167,Ismael,Ibarra,15,1,TIRO2,FALLADO,,156,43
125522,10/12/2025,ECU,COL,False,COL,409482,Alejandro,Sanchez,4,1,TIRO2,FALLADO,,99,58
125522,10/12/2025,ECU,COL,True,ECU,379500,Alhan,Zambrano,10,1,TIRO2,FALLADO,,126,31
125522,10/12/2025,ECU,COL,False,COL,409482,Alejandro,Sanchez,4,1,TIRO3,FALLADO,,29,108
125522,10/12/2025,ECU,COL,False,COL,332119,Andres,Hernandez,24,1,TIRO2,FALLADO,,168,44
125522,10/12/2025,ECU,COL,False,COL,379442,Angel,Orozco,83,1,TIRO1,FALLADO,,0,0
125522,10/12/2025,ECU,COL,False,COL,379442,Angel,Orozco,83,1,TIRO1,FALLADO,,0,0
125522,10/12/2025,ECU,COL,True,ECU,409161,Michael,Cevallos,1,1,TIRO3,CONVERTIDO,,167,164
125522,10/12/2025,ECU,COL,False,COL,409482,Alejandro,Sanchez,4,1,TIRO1,FALLADO,,0,0
125522,10/12/2025,ECU,COL,False,COL,409482,Alejandro,Sanchez,4,1,TIRO1,CONVERTIDO,,0,0
125522,10/12/2025,ECU,COL,False,COL,409484,Ezekiel,Suarez,8,1,TIRO3,FALLADO,,13,57
125522,10/12/2025,ECU,COL,False,COL,409483,Julian,Betancurt,59,1,TIRO2,CONVERTIDO,,140,31
125522,10/12/2025,ECU,COL,True,ECU,409013,José,Daza,7,1,TIRO2,CONVERTIDO,,122,36
125522,10/12/2025,ECU,COL,False,COL,409484,Ezekiel,Suarez,8,1,TIRO3,FALLADO,,149,173
125522,10/12/2025,ECU,COL,False,COL,409477,Yansem,Caicedo,14,2,TIRO1,FALLADO,,0,0
125522,10/12/2025,ECU,COL,False,COL,409477,Yansem,Caicedo,14,2,TIRO1,FALLADO,,0,0
125522,10/12/2025,ECU,COL,True,ECU,379509,Lheyder,Vargas,48,2,TIRO3,CONVERTIDO,,250,102
125522,10/12/2025,ECU,COL,False,COL,409483,Julian,Betancurt,59,2,TIRO3,FALLADO,,51,138
125522,10/12/2025,ECU,COL,False,COL,400857,Leonardo,Restrepo,5,2,TIRO3,FALLADO,,191,157
125522,10/12/2025,ECU,COL,True,ECU,379770,Adair,Quiñonez,23,2,TIRO3,FALLADO,,133,161
125522,10/12/2025,ECU,COL,False,COL,400857,Leonardo,Restrepo,5,2,TIRO1,FALLADO,,0,0
125522,10/12/2025,ECU,COL,False,COL,400857,Leonardo,Restrepo,5,2,TIRO1,CONVERTIDO,,0,0
125522,10/12/2025,ECU,COL,False,COL,409477,Yansem,Caicedo,14,2,TIRO2,CONVERTIDO,,155,30
125522,10/12/2025,ECU,COL,True,ECU,379507,Juan,Castillo,2,2,TIRO2,CONVERTIDO,,148,36
125522,10/12/2025,ECU,COL,False,COL,409478,Salomon,Brown,6,2,TIRO2,FALLADO,,116,41
125522,10/12/2025,ECU,COL,True,ECU,379509,Lheyder,Vargas,48,2,TIRO3,FALLADO,,11,33
125522,10/12/2025,ECU,COL,False,COL,409478,Salomon,Brown,6,2,TIRO2,FALLADO,,123,51
125522,10/12/2025,ECU,COL,True,ECU,379507,Juan,Castillo,2,2,TIRO3,FALLADO,,132,177
125522,10/12/2025,ECU,COL,False,COL,409483,Julian,Betancurt,59,2,TIRO2,CONVERTIDO,,127,38
125522,10/12/2025,ECU,COL,True,ECU,379770,Adair,Quiñonez,23,2,TIRO1,CONVERTIDO,,0,0
125522,10/12/2025,ECU,COL,True,ECU,379770,Adair,Quiñonez,23,2,TIRO1,CONVERTIDO,,0,0
125522,10/12/2025,ECU,COL,False,COL,409481,Andres,Mateus,10,2,TIRO1,CONVERTIDO,,0,0
125522,10/12/2025,ECU,COL,False,COL,409481,Andres,Mateus,10,2,TIRO1,CONVERTIDO,,0,0
125522,10/12/2025,ECU,COL,True,ECU,409167,Ismael,Ibarra,15,2,TIRO2,FALLADO,,158,68
125522,10/12/2025,ECU,COL,True,ECU,379770,Adair,Quiñonez,23,2,TIRO2,FALLADO,,127,39
125522,10/12/2025,ECU,COL,False,COL,409477,Yansem,Caicedo,14,2,TIRO3,FALLADO,,263,68
125522,10/12/2025,ECU,COL,False,COL,400857,Leonardo,Restrepo,5,2,TIRO3,CONVERTIDO,,17,85
125522,10/12/2025,ECU,COL,True,ECU,379769,Jahir,Mina,13,2,TIRO3,FALLADO,,16,66
125522,10/12/2025,ECU,COL,True,ECU,409167,Ismael,Ibarra,15,2,TIRO2,FALLADO,,168,62
125522,10/12/2025,ECU,COL,False,COL,409483,Julian,Betancurt,59,2,TIRO2,FALLADO,,138,48
125522,10/12/2025,ECU,COL,False,COL,409481,Andres,Mateus,10,2,TIRO2,FALLADO,,140,31
125522,10/12/2025,ECU,COL,False,COL,409477,Yansem,Caicedo,14,2,TIRO3,CONVERTIDO,,225,135
125522,10/12/2025,ECU,COL,True,ECU,409161,Michael,Cevallos,1,2,TIRO3,FALLADO,,12,24
125522,10/12/2025,ECU,COL,False,COL,409481,Andres,Mateus,10,2,TIRO2,FALLADO,,156,43
125522,10/12/2025,ECU,COL,False,COL,409477,Yansem,Caicedo,14,2,TIRO2,CONVERTIDO,,119,49
125522,10/12/2025,ECU,COL,True,ECU,409169,Felipe,Noboa,14,2,TIRO3,FALLADO,,54,131
125522,10/12/2025,ECU,COL,False,COL,409481,Andres,Mateus,10,2,TIRO3,FALLADO,,105,163
125522,10/12/2025,ECU,COL,False,COL,409477,Yansem,Caicedo,14,2,TIRO3,FALLADO,,127,164
125522,10/12/2025,ECU,COL,False,COL,409481,Andres,Mateus,10,2,TIRO2,CONVERTIDO,,140,31
125522,10/12/2025,ECU,COL,False,COL,409483,Julian,Betancurt,59,2,TIRO2,CONVERTIDO,,151,36
125522,10/12/2025,ECU,COL,False,COL,400857,Leonardo,Restrepo,5,2,TIRO3,CONVERTIDO,,89,153
125522,10/12/2025,ECU,COL,True,ECU,379507,Juan,Castillo,2,2,TIRO3,CONVERTIDO,,66,141
125522,10/12/2025,ECU,COL,False,COL,332119,Andres,Hernandez,24,2,TIRO2,CONVERTIDO,,118,108
125522,10/12/2025,ECU,COL,True,ECU,379506,Jeremy,Corozo,32,2,TIRO2,FALLADO,,149,110
125522,10/12/2025,ECU,COL,False,COL,332119,Andres,Hernandez,24,2,TIRO3,FALLADO,,69,143
125522,10/12/2025,ECU,COL,False,COL,409483,Julian,Betancurt,59,2,TIRO3,FALLADO,,267,29
125522,10/12/2025,ECU,COL,True,ECU,379507,Juan,Castillo,2,2,TIRO2,FALLADO,,114,46
125522,10/12/2025,ECU,COL,True,ECU,379506,Jeremy,Corozo,32,2,TIRO2,FALLADO,,161,46
125522,10/12/2025,ECU,COL,True,ECU,379507,Juan,Castillo,2,3,TIRO2,FALLADO,,174,40
125522,10/12/2025,ECU,COL,False,COL,332119,Andres,Hernandez,24,3,TIRO3,FALLADO,,20,88
125522,10/12/2025,ECU,COL,False,COL,409483,Julian,Betancurt,59,3,TIRO2,FALLADO,,154,40
125522,10/12/2025,ECU,COL,False,COL,409481,Andres,Mateus,10,3,TIRO2,CONVERTIDO,,140,31
125522,10/12/2025,ECU,COL,False,COL,379759,Matthew,Bernal,7,3,TIRO2,CONVERTIDO,,120,60
125522,10/12/2025,ECU,COL,True,ECU,379500,Alhan,Zambrano,10,3,TIRO3,CONVERTIDO,,143,178
125522,10/12/2025,ECU,COL,False,COL,409477,Yansem,Caicedo,14,3,TIRO2,FALLADO,,132,99
125522,10/12/2025,ECU,COL,False,COL,409481,Andres,Mateus,10,3,TIRO2,FALLADO,,118,33
125522,10/12/2025,ECU,COL,False,COL,409477,Yansem,Caicedo,14,3,TIRO2,FALLADO,,145,44
125522,10/12/2025,ECU,COL,False,COL,409477,Yansem,Caicedo,14,3,TIRO2,CONVERTIDO,,147,123
125522,10/12/2025,ECU,COL,True,ECU,409161,Michael,Cevallos,1,3,TIRO3,CONVERTIDO,,217,143
125522,10/12/2025,ECU,COL,False,COL,409481,Andres,Mateus,10,3,TIRO2,CONVERTIDO,,130,34
125522,10/12/2025,ECU,COL,False,COL,409481,Andres,Mateus,10,3,TIRO1,CONVERTIDO,,0,0
125522,10/12/2025,ECU,COL,True,ECU,409169,Felipe,Noboa,14,3,TIRO2,FALLADO,,165,46
125522,10/12/2025,ECU,COL,False,COL,332119,Andres,Hernandez,24,3,TIRO2,FALLADO,,125,33
125522,10/12/2025,ECU,COL,False,COL,409484,Ezekiel,Suarez,8,3,TIRO3,FALLADO,,12,30
125522,10/12/2025,ECU,COL,True,ECU,409169,Felipe,Noboa,14,3,TIRO2,FALLADO,,70,61
125522,10/12/2025,ECU,COL,False,COL,409480,Santiago,Rios,32,3,TIRO3,FALLADO,,135,158
125522,10/12/2025,ECU,COL,False,COL,409481,Andres,Mateus,10,3,TIRO2,CONVERTIDO,,140,31
125522,10/12/2025,ECU,COL,False,COL,409484,Ezekiel,Suarez,8,3,TIRO3,CONVERTIDO,,221,136
125522,10/12/2025,ECU,COL,True,ECU,379770,Adair,Quiñonez,23,3,TIRO2,FALLADO,,109,68
125522,10/12/2025,ECU,COL,False,COL,409484,Ezekiel,Suarez,8,3,TIRO2,FALLADO,,150,39
125522,10/12/2025,ECU,COL,False,COL,379442,Angel,Orozco,83,3,TIRO2,FALLADO,,164,59
125522,10/12/2025,ECU,COL,True,ECU,409169,Felipe,Noboa,14,3,TIRO3,FALLADO,,10,43
125522,10/12/2025,ECU,COL,True,ECU,409169,Felipe,Noboa,14,3,TIRO2,CONVERTIDO,,156,32
125522,10/12/2025,ECU,COL,False,COL,379759,Matthew,Bernal,7,3,TIRO1,FALLADO,,0,0
125522,10/12/2025,ECU,COL,False,COL,379759,Matthew,Bernal,7,3,TIRO1,CONVERTIDO,,0,0
125522,10/12/2025,ECU,COL,True,ECU,409161,Michael,Cevallos,1,3,TIRO3,FALLADO,,130,162
125522,10/12/2025,ECU,COL,True,ECU,379770,Adair,Quiñonez,23,3,TIRO2,CONVERTIDO,,145,28
125522,10/12/2025,ECU,COL,False,COL,409482,Alejandro,Sanchez,4,3,TIRO2,FALLADO,,122,40
125522,10/12/2025,ECU,COL,True,ECU,409169,Felipe,Noboa,14,3,TIRO3,FALLADO,,37,126
125522,10/12/2025,ECU,COL,False,COL,379759,Matthew,Bernal,7,3,TIRO2,CONVERTIDO,,152,32
125522,10/12/2025,ECU,COL,False,COL,379442,Angel,Orozco,83,3,TIRO2,FALLADO,,108,36
125522,10/12/2025,ECU,COL,True,ECU,379770,Adair,Quiñonez,23,3,TIRO2,CONVERTIDO,,131,38
125522,10/12/2025,ECU,COL,False,COL,332119,Andres,Hernandez,24,3,TIRO2,CONVERTIDO,,156,38
125522,10/12/2025,ECU,COL,False,COL,409478,Salomon,Brown,6,3,TIRO1,FALLADO,,0,0
125522,10/12/2025,ECU,COL,False,COL,409478,Salomon,Brown,6,3,TIRO1,FALLADO,,0,0
125522,10/12/2025,ECU,COL,True,ECU,409013,José,Daza,7,4,TIRO2,FALLADO,,157,51
125522,10/12/2025,ECU,COL,False,COL,409484,Ezekiel,Suarez,8,4,TIRO3,CONVERTIDO,,143,161
125522,10/12/2025,ECU,COL,False,COL,409484,Ezekiel,Suarez,8,4,TIRO1,FALLADO,,0,0
125522,10/12/2025,ECU,COL,True,ECU,409161,Michael,Cevallos,1,4,TIRO2,FALLADO,,123,43
125522,10/12/2025,ECU,COL,False,COL,379442,Angel,Orozco,83,4,TIRO2,FALLADO,,120,40
125522,10/12/2025,ECU,COL,False,COL,409483,Julian,Betancurt,59,4,TIRO2,FALLADO,,102,35
125522,10/12/2025,ECU,COL,True,ECU,379507,Juan,Castillo,2,4,TIRO2,FALLADO,,115,35
125522,10/12/2025,ECU,COL,False,COL,400857,Leonardo,Restrepo,5,4,TIRO3,FALLADO,,12,28
125522,10/12/2025,ECU,COL,False,COL,409484,Ezekiel,Suarez,8,4,TIRO3,CONVERTIDO,,131,190
125522,10/12/2025,ECU,COL,True,ECU,379507,Juan,Castillo,2,4,TIRO3,FALLADO,,139,182
125522,10/12/2025,ECU,COL,True,ECU,379770,Adair,Quiñonez,23,4,TIRO3,FALLADO,,268,45
125522,10/12/2025,ECU,COL,True,ECU,409168,Deivis,Reyes,33,4,TIRO3,FALLADO,,7,41
125522,10/12/2025,ECU,COL,False,COL,409484,Ezekiel,Suarez,8,4,TIRO3,CONVERTIDO,,74,146
125522,10/12/2025,ECU,COL,True,ECU,409169,Felipe,Noboa,14,4,TIRO2,FALLADO,,169,35
125522,10/12/2025,ECU,COL,False,COL,409477,Yansem,Caicedo,14,4,TIRO3,CONVERTIDO,,111,158
125522,10/12/2025,ECU,COL,True,ECU,409168,Deivis,Reyes,33,4,TIRO2,FALLADO,,123,37
125522,10/12/2025,ECU,COL,False,COL,409483,Julian,Betancurt,59,4,TIRO2,CONVERTIDO,,151,32
125522,10/12/2025,ECU,COL,False,COL,409483,Julian,Betancurt,59,4,TIRO1,FALLADO,,0,0
125522,10/12/2025,ECU,COL,True,ECU,409169,Felipe,Noboa,14,4,TIRO2,FALLADO,,118,29
125522,10/12/2025,ECU,COL,False,COL,409481,Andres,Mateus,10,4,TIRO2,CONVERTIDO,,130,37
125522,10/12/2025,ECU,COL,True,ECU,409161,Michael,Cevallos,1,4,TIRO2,FALLADO,,160,51
125522,10/12/2025,ECU,COL,True,ECU,379769,Jahir,Mina,13,4,TIRO2,CONVERTIDO,,127,35
125522,10/12/2025,ECU,COL,False,COL,409482,Alejandro,Sanchez,4,4,TIRO3,CONVERTIDO,,155,170
125522,10/12/2025,ECU,COL,True,ECU,379500,Alhan,Zambrano,10,4,TIRO3,CONVERTIDO,,203,147
125522,10/12/2025,ECU,COL,False,COL,409483,Julian,Betancurt,59,4,TIRO2,FALLADO,,152,40
125522,10/12/2025,ECU,COL,True,ECU,379769,Jahir,Mina,13,4,TIRO3,FALLADO,,241,120
125522,10/12/2025,ECU,COL,False,COL,409482,Alejandro,Sanchez,4,4,TIRO2,FALLADO,,205,50
125522,10/12/2025,ECU,COL,True,ECU,379500,Alhan,Zambrano,10,4,TIRO3,FALLADO,,30,187
125522,10/12/2025,ECU,COL,True,ECU,409161,Michael,Cevallos,1,4,TIRO3,CONVERTIDO,,94,164
125522,10/12/2025,ECU,COL,True,ECU,409161,Michael,Cevallos,1,4,TIRO3,FALLADO,,210,144
125522,10/12/2025,ECU,COL,False,COL,409480,Santiago,Rios,32,4,TIRO3,CONVERTIDO,,228,132
125522,10/12/2025,ECU,COL,True,ECU,409161,Michael,Cevallos,1,4,TIRO2,FALLADO,,178,40
125522,10/12/2025,ECU,COL,False,COL,409484,Ezekiel,Suarez,8,4,TIRO2,CONVERTIDO,,126,36
125522,10/12/2025,ECU,COL,True,ECU,409167,Ismael,Ibarra,15,4,TIRO2,FALLADO,,132,44
125522,10/12/2025,ECU,COL,False,COL,400857,Leonardo,Restrepo,5,4,TIRO3,FALLADO,,42,136
125522,10/12/2025,ECU,COL,True,ECU,379769,Jahir,Mina,13,4,TIRO3,FALLADO,,198,163
125522,10/12/2025,ECU,COL,False,COL,409482,Alejandro,Sanchez,4,4,TIRO3,CONVERTIDO,,70,158
125522,10/12/2025,ECU,COL,True,ECU,379506,Jeremy,Corozo,32,4,TIRO1,FALLADO,,0,0
125522,10/12/2025,ECU,COL,True,ECU,379506,Jeremy,Corozo,32,4,TIRO1,CONVERTIDO,,0,0
125522,10/12/2025,ECU,COL,False,COL,332119,Andres,Hernandez,24,4,TIRO3,FALLADO,,111,159
125522,10/12/2025,ECU,COL,True,ECU,379769,Jahir,Mina,13,4,TIRO1,FALLADO,,0,0
125522,10/12/2025,ECU,COL,True,ECU,379769,Jahir,Mina,13,4,TIRO1,CONVERTIDO,,0,0
125523,11/12/2025,COL,URU,True,COL,379759,Matthew,Bernal,7,1,TIRO2,CONVERTIDO,,149,18
125523,11/12/2025,COL,URU,True,COL,409477,Yansem,Caicedo,14,1,TIRO2,FALLADO,,153,24
125523,11/12/2025,COL,URU,False,URU,407936,Lautaro,Gomez,10,1,TIRO2,CONVERTIDO,,141,27
125523,11/12/2025,COL,URU,True,COL,409483,Julian,Betancurt,59,1,TIRO2,CONVERTIDO,,132,14
125523,11/12/2025,COL,URU,False,URU,329851,Nicolas,Testa,11,1,TIRO3,FALLADO,,130,185
125523,11/12/2025,COL,URU,True,COL,400857,Leonardo,Restrepo,5,1,TIRO3,FALLADO,,254,118
125523,11/12/2025,COL,URU,False,URU,329851,Nicolas,Testa,11,1,TIRO2,CONVERTIDO,,137,23
125523,11/12/2025,COL,URU,False,URU,329851,Nicolas,Testa,11,1,TIRO2,CONVERTIDO,,142,22
125523,11/12/2025,COL,URU,True,COL,409477,Yansem,Caicedo,14,1,TIRO2,FALLADO,,159,18
125523,11/12/2025,COL,URU,True,COL,409481,Andres,Mateus,10,1,TIRO2,CONVERTIDO,,140,31
125523,11/12/2025,COL,URU,False,URU,407936,Lautaro,Gomez,10,1,TIRO3,CONVERTIDO,,80,165
125523,11/12/2025,COL,URU,True,COL,400857,Leonardo,Restrepo,5,1,TIRO1,FALLADO,,0,0
125523,11/12/2025,COL,URU,True,COL,400857,Leonardo,Restrepo,5,1,TIRO1,CONVERTIDO,,0,0
125523,11/12/2025,COL,URU,False,URU,407647,Gabriel,Fata,19,1,TIRO3,FALLADO,,10,35
125523,11/12/2025,COL,URU,True,COL,409483,Julian,Betancurt,59,1,TIRO3,CONVERTIDO,,9,30
125523,11/12/2025,COL,URU,True,COL,400857,Leonardo,Restrepo,5,1,TIRO2,FALLADO,,160,16
125523,11/12/2025,COL,URU,True,COL,379759,Matthew,Bernal,7,1,TIRO2,FALLADO,,77,45
125523,11/12/2025,COL,URU,False,URU,407501,Facundo,Izuibejeres,5,1,TIRO2,FALLADO,,74,95
125523,11/12/2025,COL,URU,False,URU,329851,Nicolas,Testa,11,1,TIRO2,CONVERTIDO,,140,19
125523,11/12/2025,COL,URU,True,COL,400857,Leonardo,Restrepo,5,1,TIRO3,FALLADO,,124,166
125523,11/12/2025,COL,URU,True,COL,409477,Yansem,Caicedo,14,1,TIRO2,FALLADO,,163,19
125523,11/12/2025,COL,URU,False,URU,329851,Nicolas,Testa,11,1,TIRO3,CONVERTIDO,,271,33
125523,11/12/2025,COL,URU,True,COL,409483,Julian,Betancurt,59,1,TIRO2,FALLADO,,150,24
125523,11/12/2025,COL,URU,True,COL,409482,Alejandro,Sanchez,4,1,TIRO3,FALLADO,,98,173
125523,11/12/2025,COL,URU,True,COL,409481,Andres,Mateus,10,1,TIRO1,FALLADO,,0,0
125523,11/12/2025,COL,URU,True,COL,409481,Andres,Mateus,10,1,TIRO1,CONVERTIDO,,0,0
125523,11/12/2025,COL,URU,False,URU,407936,Lautaro,Gomez,10,1,TIRO2,CONVERTIDO,,155,31
125523,11/12/2025,COL,URU,True,COL,400857,Leonardo,Restrepo,5,1,TIRO2,FALLADO,,141,22
125523,11/12/2025,COL,URU,True,COL,379442,Angel,Orozco,83,1,TIRO2,CONVERTIDO,,129,29
125523,11/12/2025,COL,URU,True,COL,379759,Matthew,Bernal,7,1,TIRO2,FALLADO,,158,7
125523,11/12/2025,COL,URU,True,COL,379759,Matthew,Bernal,7,1,TIRO3,FALLADO,,24,101
125523,11/12/2025,COL,URU,False,URU,324131,Federico,Cruz,8,1,TIRO2,CONVERTIDO,,144,16
125523,11/12/2025,COL,URU,True,COL,409482,Alejandro,Sanchez,4,1,TIRO3,CONVERTIDO,,54,135
125523,11/12/2025,COL,URU,False,URU,375744,Manuel,Pastrana,4,1,TIRO3,CONVERTIDO,,38,125
125523,11/12/2025,COL,URU,True,COL,379759,Matthew,Bernal,7,1,TIRO2,CONVERTIDO,,144,46
125523,11/12/2025,COL,URU,False,URU,407647,Gabriel,Fata,19,1,TIRO2,CONVERTIDO,,145,29
125523,11/12/2025,COL,URU,True,COL,409484,Ezekiel,Suarez,8,1,TIRO3,FALLADO,,38,142
125523,11/12/2025,COL,URU,False,URU,324131,Federico,Cruz,8,1,TIRO2,CONVERTIDO,,149,32
125523,11/12/2025,COL,URU,True,COL,409482,Alejandro,Sanchez,4,1,TIRO3,FALLADO,,218,214
125523,11/12/2025,COL,URU,False,URU,375744,Manuel,Pastrana,4,2,TIRO3,FALLADO,,5,32
125523,11/12/2025,COL,URU,True,COL,332119,Andres,Hernandez,24,2,TIRO2,FALLADO,,232,83
125523,11/12/2025,COL,URU,False,URU,408046,Tomas,Abal,0,2,TIRO3,FALLADO,,245,131
125523,11/12/2025,COL,URU,False,URU,329851,Nicolas,Testa,11,2,TIRO3,FALLADO,,77,152
125523,11/12/2025,COL,URU,False,URU,375744,Manuel,Pastrana,4,2,TIRO2,FALLADO,,130,48
125523,11/12/2025,COL,URU,False,URU,375744,Manuel,Pastrana,4,2,TIRO1,CONVERTIDO,,0,0
125523,11/12/2025,COL,URU,False,URU,375744,Manuel,Pastrana,4,2,TIRO1,CONVERTIDO,,0,0
125523,11/12/2025,COL,URU,True,COL,409477,Yansem,Caicedo,14,2,TIRO2,FALLADO,,219,93
125523,11/12/2025,COL,URU,True,COL,379759,Matthew,Bernal,7,2,TIRO1,CONVERTIDO,,0,0
125523,11/12/2025,COL,URU,True,COL,379759,Matthew,Bernal,7,2,TIRO1,FALLADO,,0,0
125523,11/12/2025,COL,URU,False,URU,375744,Manuel,Pastrana,4,2,TIRO3,FALLADO,,251,105
125523,11/12/2025,COL,URU,True,COL,409483,Julian,Betancurt,59,2,TIRO2,CONVERTIDO,,127,23
125523,11/12/2025,COL,URU,True,COL,409483,Julian,Betancurt,59,2,TIRO1,FALLADO,,0,0
125523,11/12/2025,COL,URU,True,COL,409477,Yansem,Caicedo,14,2,TIRO1,FALLADO,,0,0
125523,11/12/2025,COL,URU,True,COL,409477,Yansem,Caicedo,14,2,TIRO1,FALLADO,,0,0
125523,11/12/2025,COL,URU,True,COL,379759,Matthew,Bernal,7,2,TIRO2,CONVERTIDO,,155,34
125523,11/12/2025,COL,URU,False,URU,324131,Federico,Cruz,8,2,TIRO2,CONVERTIDO,,134,25
125523,11/12/2025,COL,URU,False,URU,324131,Federico,Cruz,8,2,TIRO1,CONVERTIDO,,0,0
125523,11/12/2025,COL,URU,False,URU,324131,Federico,Cruz,8,2,TIRO1,CONVERTIDO,,0,0
125523,11/12/2025,COL,URU,False,URU,407647,Gabriel,Fata,19,2,TIRO2,CONVERTIDO,,140,38
125523,11/12/2025,COL,URU,True,COL,400857,Leonardo,Restrepo,5,2,TIRO2,CONVERTIDO,,152,8
125523,11/12/2025,COL,URU,False,URU,407647,Gabriel,Fata,19,2,TIRO1,CONVERTIDO,,0,0
125523,11/12/2025,COL,URU,False,URU,407647,Gabriel,Fata,19,2,TIRO1,FALLADO,,0,0
125523,11/12/2025,COL,URU,True,COL,409483,Julian,Betancurt,59,2,TIRO2,FALLADO,,133,23
125523,11/12/2025,COL,URU,True,COL,400857,Leonardo,Restrepo,5,2,TIRO3,FALLADO,,44,144
125523,11/12/2025,COL,URU,True,COL,409478,Salomon,Brown,6,2,TIRO3,FALLADO,,261,114
125523,11/12/2025,COL,URU,False,URU,407647,Gabriel,Fata,19,2,TIRO3,FALLADO,,55,182
125523,11/12/2025,COL,URU,False,URU,407647,Gabriel,Fata,19,2,TIRO3,FALLADO,,44,158
125523,11/12/2025,COL,URU,True,COL,379759,Matthew,Bernal,7,2,TIRO2,FALLADO,,184,25
125523,11/12/2025,COL,URU,True,COL,409483,Julian,Betancurt,59,2,TIRO2,FALLADO,,154,20
125523,11/12/2025,COL,URU,True,COL,409480,Santiago,Rios,32,2,TIRO3,FALLADO,,144,185
125523,11/12/2025,COL,URU,False,URU,407647,Gabriel,Fata,19,2,TIRO3,FALLADO,,240,138
125523,11/12/2025,COL,URU,False,URU,375744,Manuel,Pastrana,4,2,TIRO2,FALLADO,,115,78
125523,11/12/2025,COL,URU,True,COL,409483,Julian,Betancurt,59,2,TIRO1,CONVERTIDO,,0,0
125523,11/12/2025,COL,URU,True,COL,409483,Julian,Betancurt,59,2,TIRO1,CONVERTIDO,,0,0
125523,11/12/2025,COL,URU,False,URU,375744,Manuel,Pastrana,4,2,TIRO2,FALLADO,,129,28
125523,11/12/2025,COL,URU,True,COL,409483,Julian,Betancurt,59,2,TIRO3,FALLADO,,126,182
125523,11/12/2025,COL,URU,False,URU,375744,Manuel,Pastrana,4,2,TIRO3,FALLADO,,250,125
125523,11/12/2025,COL,URU,True,COL,409481,Andres,Mateus,10,2,TIRO2,CONVERTIDO,,136,34
125523,11/12/2025,COL,URU,False,URU,329851,Nicolas,Testa,11,2,TIRO3,FALLADO,,123,166
125523,11/12/2025,COL,URU,True,COL,400857,Leonardo,Restrepo,5,2,TIRO3,FALLADO,,38,150
125523,11/12/2025,COL,URU,False,URU,407401,Lucas,Orozco,22,2,TIRO3,CONVERTIDO,,267,36
125523,11/12/2025,COL,URU,False,URU,407501,Facundo,Izuibejeres,5,2,TIRO3,FALLADO,,228,162
125523,11/12/2025,COL,URU,False,URU,375744,Manuel,Pastrana,4,2,TIRO3,CONVERTIDO,,217,158
125523,11/12/2025,COL,URU,True,COL,332119,Andres,Hernandez,24,2,TIRO3,CONVERTIDO,,133,165
125523,11/12/2025,COL,URU,True,COL,409484,Ezekiel,Suarez,8,2,TIRO2,FALLADO,,173,17
125523,11/12/2025,COL,URU,False,URU,375744,Manuel,Pastrana,4,2,TIRO3,FALLADO,,267,69
125523,11/12/2025,COL,URU,False,URU,329851,Nicolas,Testa,11,2,TIRO2,CONVERTIDO,,206,61
125523,11/12/2025,COL,URU,True,COL,332119,Andres,Hernandez,24,3,TIRO3,FALLADO,,143,205
125523,11/12/2025,COL,URU,True,COL,332119,Andres,Hernandez,24,3,TIRO2,FALLADO,,81,64
125523,11/12/2025,COL,URU,False,URU,375744,Manuel,Pastrana,4,3,TIRO2,CONVERTIDO,,175,59
125523,11/12/2025,COL,URU,True,COL,409484,Ezekiel,Suarez,8,3,TIRO3,FALLADO,,233,152
125523,11/12/2025,COL,URU,True,COL,379759,Matthew,Bernal,7,3,TIRO2,FALLADO,,140,48
125523,11/12/2025,COL,URU,True,COL,332119,Andres,Hernandez,24,3,TIRO2,FALLADO,,121,55
125523,11/12/2025,COL,URU,False,URU,407647,Gabriel,Fata,19,3,TIRO3,FALLADO,,43,149
125523,11/12/2025,COL,URU,True,COL,379759,Matthew,Bernal,7,3,TIRO1,CONVERTIDO,,0,0
125523,11/12/2025,COL,URU,True,COL,379759,Matthew,Bernal,7,3,TIRO1,FALLADO,,0,0
125523,11/12/2025,COL,URU,True,COL,409484,Ezekiel,Suarez,8,3,TIRO2,FALLADO,,134,20
125523,11/12/2025,COL,URU,True,COL,409484,Ezekiel,Suarez,8,3,TIRO2,FALLADO,,98,108
125523,11/12/2025,COL,URU,True,COL,409477,Yansem,Caicedo,14,3,TIRO2,FALLADO,,168,31
125523,11/12/2025,COL,URU,True,COL,409484,Ezekiel,Suarez,8,3,TIRO1,CONVERTIDO,,0,0
125523,11/12/2025,COL,URU,True,COL,409484,Ezekiel,Suarez,8,3,TIRO1,CONVERTIDO,,0,0
125523,11/12/2025,COL,URU,True,COL,409484,Ezekiel,Suarez,8,3,TIRO1,CONVERTIDO,,0,0
125523,11/12/2025,COL,URU,False,URU,329851,Nicolas,Testa,11,3,TIRO3,FALLADO,,233,144
125523,11/12/2025,COL,URU,False,URU,375744,Manuel,Pastrana,4,3,TIRO3,FALLADO,,44,146
125523,11/12/2025,COL,URU,False,URU,329851,Nicolas,Testa,11,3,TIRO1,CONVERTIDO,,0,0
125523,11/12/2025,COL,URU,False,URU,329851,Nicolas,Testa,11,3,TIRO1,CONVERTIDO,,0,0
125523,11/12/2025,COL,URU,True,COL,379759,Matthew,Bernal,7,3,TIRO2,CONVERTIDO,,136,64
125523,11/12/2025,COL,URU,False,URU,407936,Lautaro,Gomez,10,3,TIRO2,CONVERTIDO,,145,30
125523,11/12/2025,COL,URU,True,COL,409478,Salomon,Brown,6,3,TIRO2,FALLADO,,133,25
125523,11/12/2025,COL,URU,False,URU,329851,Nicolas,Testa,11,3,TIRO3,CONVERTIDO,,22,101
125523,11/12/2025,COL,URU,True,COL,409477,Yansem,Caicedo,14,3,TIRO3,FALLADO,,258,101
125523,11/12/2025,COL,URU,False,URU,375744,Manuel,Pastrana,4,3,TIRO3,FALLADO,,37,129
125523,11/12/2025,COL,URU,False,URU,407936,Lautaro,Gomez,10,3,TIRO2,FALLADO,,142,31
125523,11/12/2025,COL,URU,False,URU,375744,Manuel,Pastrana,4,3,TIRO3,FALLADO,,32,132
125523,11/12/2025,COL,URU,False,URU,407936,Lautaro,Gomez,10,3,TIRO2,FALLADO,,130,36
125523,11/12/2025,COL,URU,True,COL,379759,Matthew,Bernal,7,3,TIRO3,FALLADO,,253,118
125523,11/12/2025,COL,URU,True,COL,379442,Angel,Orozco,83,3,TIRO2,FALLADO,,126,25
125523,11/12/2025,COL,URU,False,URU,329851,Nicolas,Testa,11,3,TIRO3,CONVERTIDO,,248,130
125523,11/12/2025,COL,URU,False,URU,407501,Facundo,Izuibejeres,5,3,TIRO3,CONVERTIDO,,78,160
125523,11/12/2025,COL,URU,True,COL,379442,Angel,Orozco,83,3,TIRO2,FALLADO,,134,38
125523,11/12/2025,COL,URU,True,COL,400857,Leonardo,Restrepo,5,3,TIRO3,CONVERTIDO,,195,165
125523,11/12/2025,COL,URU,False,URU,329851,Nicolas,Testa,11,3,TIRO1,FALLADO,,0,0
125523,11/12/2025,COL,URU,False,URU,329851,Nicolas,Testa,11,3,TIRO1,CONVERTIDO,,0,0
125523,11/12/2025,COL,URU,True,COL,409480,Santiago,Rios,32,3,TIRO3,FALLADO,,30,133
125523,11/12/2025,COL,URU,False,URU,407501,Facundo,Izuibejeres,5,3,TIRO3,FALLADO,,236,146
125523,11/12/2025,COL,URU,True,COL,409477,Yansem,Caicedo,14,3,TIRO2,FALLADO,,152,61
125523,11/12/2025,COL,URU,False,URU,407401,Lucas,Orozco,22,3,TIRO2,FALLADO,,142,21
125523,11/12/2025,COL,URU,False,URU,375722,Valentino,Ramírez,13,3,TIRO2,CONVERTIDO,,151,23
125523,11/12/2025,COL,URU,True,COL,409482,Alejandro,Sanchez,4,3,TIRO3,FALLADO,,30,126
125523,11/12/2025,COL,URU,False,URU,375722,Valentino,Ramírez,13,3,TIRO1,CONVERTIDO,,0,0
125523,11/12/2025,COL,URU,False,URU,375722,Valentino,Ramírez,13,3,TIRO1,CONVERTIDO,,0,0
125523,11/12/2025,COL,URU,True,COL,409477,Yansem,Caicedo,14,3,TIRO3,CONVERTIDO,,213,157
125523,11/12/2025,COL,URU,False,URU,375722,Valentino,Ramírez,13,4,TIRO2,CONVERTIDO,,149,31
125523,11/12/2025,COL,URU,False,URU,407647,Gabriel,Fata,19,4,TIRO2,FALLADO,,111,24
125523,11/12/2025,COL,URU,True,COL,409477,Yansem,Caicedo,14,4,TIRO2,FALLADO,,147,25
125523,11/12/2025,COL,URU,False,URU,329851,Nicolas,Testa,11,4,TIRO2,CONVERTIDO,,135,16
125523,11/12/2025,COL,URU,True,COL,409481,Andres,Mateus,10,4,TIRO2,FALLADO,,122,47
125523,11/12/2025,COL,URU,False,URU,408046,Tomas,Abal,0,4,TIRO3,CONVERTIDO,,247,114
125523,11/12/2025,COL,URU,True,COL,379759,Matthew,Bernal,7,4,TIRO3,FALLADO,,4,49
125523,11/12/2025,COL,URU,True,COL,409484,Ezekiel,Suarez,8,4,TIRO1,CONVERTIDO,,0,0
125523,11/12/2025,COL,URU,True,COL,409484,Ezekiel,Suarez,8,4,TIRO1,CONVERTIDO,,0,0
125523,11/12/2025,COL,URU,False,URU,408046,Tomas,Abal,0,4,TIRO3,FALLADO,,243,134
125523,11/12/2025,COL,URU,True,COL,400857,Leonardo,Restrepo,5,4,TIRO3,CONVERTIDO,,29,128
125523,11/12/2025,COL,URU,False,URU,408046,Tomas,Abal,0,4,TIRO3,FALLADO,,12,53
125523,11/12/2025,COL,URU,False,URU,408046,Tomas,Abal,0,4,TIRO2,CONVERTIDO,,122,11
125523,11/12/2025,COL,URU,True,COL,379759,Matthew,Bernal,7,4,TIRO2,CONVERTIDO,,155,43
125523,11/12/2025,COL,URU,False,URU,375722,Valentino,Ramírez,13,4,TIRO3,FALLADO,,38,145
125523,11/12/2025,COL,URU,False,URU,408046,Tomas,Abal,0,4,TIRO2,CONVERTIDO,,168,12
125523,11/12/2025,COL,URU,True,COL,409484,Ezekiel,Suarez,8,4,TIRO1,CONVERTIDO,,0,0
125523,11/12/2025,COL,URU,True,COL,409484,Ezekiel,Suarez,8,4,TIRO1,FALLADO,,0,0
125523,11/12/2025,COL,URU,False,URU,375744,Manuel,Pastrana,4,4,TIRO3,FALLADO,,43,134
125523,11/12/2025,COL,URU,True,COL,400857,Leonardo,Restrepo,5,4,TIRO3,FALLADO,,63,168
125523,11/12/2025,COL,URU,False,URU,375744,Manuel,Pastrana,4,4,TIRO2,FALLADO,,144,36
125523,11/12/2025,COL,URU,True,COL,409480,Santiago,Rios,32,4,TIRO3,FALLADO,,42,136
125523,11/12/2025,COL,URU,True,COL,409484,Ezekiel,Suarez,8,4,TIRO3,FALLADO,,232,146
125523,11/12/2025,COL,URU,False,URU,407936,Lautaro,Gomez,10,4,TIRO2,CONVERTIDO,,153,33
125523,11/12/2025,COL,URU,True,COL,409482,Alejandro,Sanchez,4,4,TIRO3,FALLADO,,9,20
125523,11/12/2025,COL,URU,False,URU,324131,Federico,Cruz,8,4,TIRO2,FALLADO,,159,33
125523,11/12/2025,COL,URU,True,COL,400857,Leonardo,Restrepo,5,4,TIRO3,CONVERTIDO,,43,130
125523,11/12/2025,COL,URU,False,URU,324131,Federico,Cruz,8,4,TIRO2,CONVERTIDO,,138,19
125523,11/12/2025,COL,URU,False,URU,324131,Federico,Cruz,8,4,TIRO2,CONVERTIDO,,145,25
125523,11/12/2025,COL,URU,False,URU,324131,Federico,Cruz,8,4,TIRO2,CONVERTIDO,,149,30
125523,11/12/2025,COL,URU,True,COL,409482,Alejandro,Sanchez,4,4,TIRO1,CONVERTIDO,,0,0
125523,11/12/2025,COL,URU,True,COL,409482,Alejandro,Sanchez,4,4,TIRO1,FALLADO,,0,0
125523,11/12/2025,COL,URU,True,COL,332119,Andres,Hernandez,24,4,TIRO3,CONVERTIDO,,17,123
125523,11/12/2025,COL,URU,False,URU,407935,Gabriel,Venet,15,4,TIRO2,FALLADO,,123,19
125523,11/12/2025,COL,URU,True,COL,409484,Ezekiel,Suarez,8,4,TIRO2,CONVERTIDO,,127,12
125523,11/12/2025,COL,URU,True,COL,409482,Alejandro,Sanchez,4,4,TIRO2,FALLADO,,57,31
125523,11/12/2025,COL,URU,False,URU,407935,Gabriel,Venet,15,4,TIRO2,CONVERTIDO,,162,15
125523,11/12/2025,COL,URU,False,URU,407638,Juan,Guzzetti,29,4,TIRO2,FALLADO,,204,33
125523,11/12/2025,COL,URU,False,URU,407401,Lucas,Orozco,22,4,TIRO3,FALLADO,,262,101
125523,11/12/2025,COL,URU,True,COL,379442,Angel,Orozco,83,4,TIRO1,FALLADO,,0,0
125523,11/12/2025,COL,URU,True,COL,379442,Angel,Orozco,83,4,TIRO1,FALLADO,,0,0
125523,11/12/2025,COL,URU,True,COL,409483,Julian,Betancurt,59,4,TIRO2,FALLADO,,118,26
125524,11/12/2025,ARG,ECU,True,ARG,408871,Manuel,Hernandez,4,1,TIRO3,FALLADO,,11,20
125524,11/12/2025,ARG,ECU,False,ECU,379507,Juan,Castillo,2,1,TIRO2,CONVERTIDO,,198,102
125524,11/12/2025,ARG,ECU,True,ARG,409151,Santiago,Pettinaroli,14,1,TIRO2,FALLADO,,119,9
125524,11/12/2025,ARG,ECU,True,ARG,409151,Santiago,Pettinaroli,14,1,TIRO2,CONVERTIDO,,141,20
125524,11/12/2025,ARG,ECU,False,ECU,409013,José,Daza,7,1,TIRO2,FALLADO,,124,74
125524,11/12/2025,ARG,ECU,True,ARG,408871,Manuel,Hernandez,4,1,TIRO3,FALLADO,,272,46
125524,11/12/2025,ARG,ECU,True,ARG,408871,Manuel,Hernandez,4,1,TIRO3,CONVERTIDO,,9,30
125524,11/12/2025,ARG,ECU,False,ECU,379770,Adair,Quiñonez,23,1,TIRO3,CONVERTIDO,,271,19
125524,11/12/2025,ARG,ECU,True,ARG,408871,Manuel,Hernandez,4,1,TIRO3,FALLADO,,11,48
125524,11/12/2025,ARG,ECU,False,ECU,379507,Juan,Castillo,2,1,TIRO2,CONVERTIDO,,80,86
125524,11/12/2025,ARG,ECU,True,ARG,408870,Gonzalo,Aman,8,1,TIRO2,FALLADO,,126,37
125524,11/12/2025,ARG,ECU,True,ARG,408870,Gonzalo,Aman,8,1,TIRO1,CONVERTIDO,,0,0
125524,11/12/2025,ARG,ECU,True,ARG,408870,Gonzalo,Aman,8,1,TIRO1,CONVERTIDO,,0,0
125524,11/12/2025,ARG,ECU,False,ECU,409169,Felipe,Noboa,14,1,TIRO3,FALLADO,,267,49
125524,11/12/2025,ARG,ECU,True,ARG,355917,Facundo,Cornalis,5,1,TIRO3,FALLADO,,221,150
125524,11/12/2025,ARG,ECU,True,ARG,409151,Santiago,Pettinaroli,14,1,TIRO2,FALLADO,,139,27
125524,11/12/2025,ARG,ECU,True,ARG,362126,Benjamin,Pettovello,2,1,TIRO2,CONVERTIDO,,153,36
125524,11/12/2025,ARG,ECU,True,ARG,362126,Benjamin,Pettovello,2,1,TIRO1,CONVERTIDO,,0,0
125524,11/12/2025,ARG,ECU,True,ARG,408870,Gonzalo,Aman,8,1,TIRO2,CONVERTIDO,,161,18
125524,11/12/2025,ARG,ECU,False,ECU,409169,Felipe,Noboa,14,1,TIRO3,CONVERTIDO,,270,35
125524,11/12/2025,ARG,ECU,True,ARG,408870,Gonzalo,Aman,8,1,TIRO2,FALLADO,,153,31
125524,11/12/2025,ARG,ECU,False,ECU,379769,Jahir,Mina,13,1,TIRO3,FALLADO,,34,115
125524,11/12/2025,ARG,ECU,True,ARG,362126,Benjamin,Pettovello,2,1,TIRO3,CONVERTIDO,,133,173
125524,11/12/2025,ARG,ECU,True,ARG,408871,Manuel,Hernandez,4,1,TIRO3,CONVERTIDO,,271,28
125524,11/12/2025,ARG,ECU,True,ARG,408857,Joaquin,Caumo,10,1,TIRO2,CONVERTIDO,,144,13
125524,11/12/2025,ARG,ECU,False,ECU,379507,Juan,Castillo,2,1,TIRO3,CONVERTIDO,,118,178
125524,11/12/2025,ARG,ECU,True,ARG,409151,Santiago,Pettinaroli,14,1,TIRO3,FALLADO,,41,136
125524,11/12/2025,ARG,ECU,False,ECU,379769,Jahir,Mina,13,1,TIRO3,FALLADO,,255,123
125524,11/12/2025,ARG,ECU,True,ARG,409151,Santiago,Pettinaroli,14,1,TIRO3,CONVERTIDO,,253,114
125524,11/12/2025,ARG,ECU,False,ECU,379500,Alhan,Zambrano,10,1,TIRO3,FALLADO,,251,153
125524,11/12/2025,ARG,ECU,True,ARG,409023,Joaquin,Celiz,9,1,TIRO2,FALLADO,,129,38
125524,11/12/2025,ARG,ECU,True,ARG,409151,Santiago,Pettinaroli,14,1,TIRO1,CONVERTIDO,,0,0
125524,11/12/2025,ARG,ECU,True,ARG,409151,Santiago,Pettinaroli,14,1,TIRO1,CONVERTIDO,,0,0
125524,11/12/2025,ARG,ECU,False,ECU,409167,Ismael,Ibarra,15,1,TIRO2,FALLADO,,156,29
125524,11/12/2025,ARG,ECU,True,ARG,409023,Joaquin,Celiz,9,1,TIRO2,CONVERTIDO,,136,137
125524,11/12/2025,ARG,ECU,True,ARG,409023,Joaquin,Celiz,9,1,TIRO2,CONVERTIDO,,63,89
125524,11/12/2025,ARG,ECU,False,ECU,379500,Alhan,Zambrano,10,1,TIRO1,CONVERTIDO,,0,0
125524,11/12/2025,ARG,ECU,False,ECU,379500,Alhan,Zambrano,10,1,TIRO1,CONVERTIDO,,0,0
125524,11/12/2025,ARG,ECU,False,ECU,379500,Alhan,Zambrano,10,1,TIRO1,CONVERTIDO,,0,0
125524,11/12/2025,ARG,ECU,True,ARG,408872,Bautista,Gobetti,6,1,TIRO3,FALLADO,,10,32
125524,11/12/2025,ARG,ECU,True,ARG,409174,Juan,Marquez,15,2,TIRO2,CONVERTIDO,,156,13
125524,11/12/2025,ARG,ECU,False,ECU,379506,Jeremy,Corozo,32,2,TIRO2,CONVERTIDO,,153,20
125524,11/12/2025,ARG,ECU,True,ARG,408857,Joaquin,Caumo,10,2,TIRO3,CONVERTIDO,,55,144
125524,11/12/2025,ARG,ECU,False,ECU,409168,Deivis,Reyes,33,2,TIRO3,FALLADO,,219,160
125524,11/12/2025,ARG,ECU,True,ARG,409174,Juan,Marquez,15,2,TIRO1,CONVERTIDO,,0,0
125524,11/12/2025,ARG,ECU,True,ARG,409174,Juan,Marquez,15,2,TIRO1,FALLADO,,0,0
125524,11/12/2025,ARG,ECU,True,ARG,408872,Bautista,Gobetti,6,2,TIRO1,CONVERTIDO,,0,0
125524,11/12/2025,ARG,ECU,True,ARG,408872,Bautista,Gobetti,6,2,TIRO1,CONVERTIDO,,0,0
125524,11/12/2025,ARG,ECU,True,ARG,408857,Joaquin,Caumo,10,2,TIRO3,CONVERTIDO,,8,18
125524,11/12/2025,ARG,ECU,False,ECU,409013,José,Daza,7,2,TIRO2,FALLADO,,138,43
125524,11/12/2025,ARG,ECU,True,ARG,408872,Bautista,Gobetti,6,2,TIRO2,CONVERTIDO,,136,29
125524,11/12/2025,ARG,ECU,False,ECU,379507,Juan,Castillo,2,2,TIRO2,CONVERTIDO,,130,35
125524,11/12/2025,ARG,ECU,True,ARG,408857,Joaquin,Caumo,10,2,TIRO3,CONVERTIDO,,73,151
125524,11/12/2025,ARG,ECU,False,ECU,409161,Michael,Cevallos,1,2,TIRO3,CONVERTIDO,,141,186
125524,11/12/2025,ARG,ECU,True,ARG,409023,Joaquin,Celiz,9,2,TIRO2,CONVERTIDO,,154,22
125524,11/12/2025,ARG,ECU,False,ECU,379507,Juan,Castillo,2,2,TIRO2,FALLADO,,113,29
125524,11/12/2025,ARG,ECU,False,ECU,379507,Juan,Castillo,2,2,TIRO3,CONVERTIDO,,35,133
125524,11/12/2025,ARG,ECU,True,ARG,408857,Joaquin,Caumo,10,2,TIRO2,CONVERTIDO,,104,112
125524,11/12/2025,ARG,ECU,False,ECU,409169,Felipe,Noboa,14,2,TIRO2,FALLADO,,134,27
125524,11/12/2025,ARG,ECU,True,ARG,408857,Joaquin,Caumo,10,2,TIRO3,CONVERTIDO,,38,137
125524,11/12/2025,ARG,ECU,True,ARG,398746,Roman,Moravansky,11,2,TIRO3,FALLADO,,14,21
125524,11/12/2025,ARG,ECU,True,ARG,398746,Roman,Moravansky,11,2,TIRO2,FALLADO,,149,17
125524,11/12/2025,ARG,ECU,False,ECU,379507,Juan,Castillo,2,2,TIRO3,FALLADO,,30,152
125524,11/12/2025,ARG,ECU,True,ARG,408872,Bautista,Gobetti,6,2,TIRO1,CONVERTIDO,,0,0
125524,11/12/2025,ARG,ECU,True,ARG,408872,Bautista,Gobetti,6,2,TIRO1,CONVERTIDO,,0,0
125524,11/12/2025,ARG,ECU,False,ECU,379500,Alhan,Zambrano,10,2,TIRO3,FALLADO,,62,191
125524,11/12/2025,ARG,ECU,True,ARG,355917,Facundo,Cornalis,5,2,TIRO3,FALLADO,,50,154
125524,11/12/2025,ARG,ECU,True,ARG,408872,Bautista,Gobetti,6,2,TIRO3,FALLADO,,27,114
125524,11/12/2025,ARG,ECU,True,ARG,409021,Elias,Torrens,7,2,TIRO2,CONVERTIDO,,133,27
125524,11/12/2025,ARG,ECU,True,ARG,409021,Elias,Torrens,7,2,TIRO1,CONVERTIDO,,0,0
125524,11/12/2025,ARG,ECU,True,ARG,409021,Elias,Torrens,7,2,TIRO2,CONVERTIDO,,136,27
125524,11/12/2025,ARG,ECU,False,ECU,379769,Jahir,Mina,13,2,TIRO1,FALLADO,,0,0
125524,11/12/2025,ARG,ECU,False,ECU,379769,Jahir,Mina,13,2,TIRO1,CONVERTIDO,,0,0
125524,11/12/2025,ARG,ECU,True,ARG,409021,Elias,Torrens,7,2,TIRO2,CONVERTIDO,,149,13
125524,11/12/2025,ARG,ECU,False,ECU,379507,Juan,Castillo,2,2,TIRO3,FALLADO,,267,31
125524,11/12/2025,ARG,ECU,True,ARG,408870,Gonzalo,Aman,8,2,TIRO2,FALLADO,,31,31
125524,11/12/2025,ARG,ECU,True,ARG,408871,Manuel,Hernandez,4,2,TIRO2,CONVERTIDO,,149,83
125524,11/12/2025,ARG,ECU,True,ARG,408871,Manuel,Hernandez,4,2,TIRO2,FALLADO,,147,20
125524,11/12/2025,ARG,ECU,True,ARG,408860,Mateo,Fessia,12,2,TIRO3,CONVERTIDO,,9,30
125524,11/12/2025,ARG,ECU,False,ECU,379507,Juan,Castillo,2,2,TIRO3,CONVERTIDO,,129,197
125524,11/12/2025,ARG,ECU,True,ARG,408870,Gonzalo,Aman,8,2,TIRO3,FALLADO,,59,151
125524,11/12/2025,ARG,ECU,True,ARG,409021,Elias,Torrens,7,2,TIRO2,CONVERTIDO,,142,16
125524,11/12/2025,ARG,ECU,True,ARG,409021,Elias,Torrens,7,2,TIRO1,CONVERTIDO,,0,0
125524,11/12/2025,ARG,ECU,False,ECU,379507,Juan,Castillo,2,2,TIRO3,CONVERTIDO,,63,154
125524,11/12/2025,ARG,ECU,True,ARG,355917,Facundo,Cornalis,5,2,TIRO2,CONVERTIDO,,160,16
125524,11/12/2025,ARG,ECU,True,ARG,408870,Gonzalo,Aman,8,3,TIRO3,FALLADO,,127,187
125524,11/12/2025,ARG,ECU,True,ARG,398746,Roman,Moravansky,11,3,TIRO3,CONVERTIDO,,36,130
125524,11/12/2025,ARG,ECU,True,ARG,398746,Roman,Moravansky,11,3,TIRO2,FALLADO,,58,47
125524,11/12/2025,ARG,ECU,False,ECU,409169,Felipe,Noboa,14,3,TIRO2,CONVERTIDO,,151,35
125524,11/12/2025,ARG,ECU,True,ARG,362126,Benjamin,Pettovello,2,3,TIRO2,CONVERTIDO,,146,30
125524,11/12/2025,ARG,ECU,True,ARG,408870,Gonzalo,Aman,8,3,TIRO1,FALLADO,,0,0
125524,11/12/2025,ARG,ECU,True,ARG,409151,Santiago,Pettinaroli,14,3,TIRO3,FALLADO,,160,185
125524,11/12/2025,ARG,ECU,True,ARG,408871,Manuel,Hernandez,4,3,TIRO2,FALLADO,,123,43
125524,11/12/2025,ARG,ECU,False,ECU,409161,Michael,Cevallos,1,3,TIRO3,FALLADO,,164,173
125524,11/12/2025,ARG,ECU,True,ARG,409151,Santiago,Pettinaroli,14,3,TIRO2,FALLADO,,124,7
125524,11/12/2025,ARG,ECU,False,ECU,409161,Michael,Cevallos,1,3,TIRO2,FALLADO,,133,27
125524,11/12/2025,ARG,ECU,True,ARG,408870,Gonzalo,Aman,8,3,TIRO2,CONVERTIDO,,124,146
125524,11/12/2025,ARG,ECU,False,ECU,409169,Felipe,Noboa,14,3,TIRO3,CONVERTIDO,,190,160
125524,11/12/2025,ARG,ECU,True,ARG,408871,Manuel,Hernandez,4,3,TIRO3,CONVERTIDO,,248,117
125524,11/12/2025,ARG,ECU,False,ECU,379770,Adair,Quiñonez,23,3,TIRO3,FALLADO,,245,132
125524,11/12/2025,ARG,ECU,True,ARG,409151,Santiago,Pettinaroli,14,3,TIRO3,FALLADO,,9,39
125524,11/12/2025,ARG,ECU,False,ECU,379770,Adair,Quiñonez,23,3,TIRO2,FALLADO,,156,20
125524,11/12/2025,ARG,ECU,False,ECU,379507,Juan,Castillo,2,3,TIRO3,FALLADO,,47,163
125524,11/12/2025,ARG,ECU,True,ARG,409151,Santiago,Pettinaroli,14,3,TIRO2,CONVERTIDO,,146,30
125524,11/12/2025,ARG,ECU,False,ECU,409169,Felipe,Noboa,14,3,TIRO2,FALLADO,,144,52
125524,11/12/2025,ARG,ECU,True,ARG,408871,Manuel,Hernandez,4,3,TIRO3,FALLADO,,269,29
125524,11/12/2025,ARG,ECU,True,ARG,409151,Santiago,Pettinaroli,14,3,TIRO2,FALLADO,,191,19
125524,11/12/2025,ARG,ECU,True,ARG,409151,Santiago,Pettinaroli,14,3,TIRO3,CONVERTIDO,,272,19
125524,11/12/2025,ARG,ECU,False,ECU,409169,Felipe,Noboa,14,3,TIRO3,FALLADO,,227,145
125524,11/12/2025,ARG,ECU,True,ARG,408871,Manuel,Hernandez,4,3,TIRO3,CONVERTIDO,,37,130
125524,11/12/2025,ARG,ECU,False,ECU,379506,Jeremy,Corozo,32,3,TIRO3,FALLADO,,34,134
125524,11/12/2025,ARG,ECU,True,ARG,408871,Manuel,Hernandez,4,3,TIRO3,FALLADO,,270,22
125524,11/12/2025,ARG,ECU,False,ECU,379500,Alhan,Zambrano,10,3,TIRO2,FALLADO,,118,27
125524,11/12/2025,ARG,ECU,True,ARG,398746,Roman,Moravansky,11,3,TIRO2,CONVERTIDO,,140,28
125524,11/12/2025,ARG,ECU,False,ECU,409169,Felipe,Noboa,14,3,TIRO2,FALLADO,,250,23
125524,11/12/2025,ARG,ECU,True,ARG,409151,Santiago,Pettinaroli,14,3,TIRO3,CONVERTIDO,,250,114
125524,11/12/2025,ARG,ECU,True,ARG,408871,Manuel,Hernandez,4,3,TIRO1,FALLADO,,0,0
125524,11/12/2025,ARG,ECU,True,ARG,408871,Manuel,Hernandez,4,3,TIRO1,FALLADO,,0,0
125524,11/12/2025,ARG,ECU,True,ARG,408860,Mateo,Fessia,12,3,TIRO2,FALLADO,,147,25
125524,11/12/2025,ARG,ECU,True,ARG,408872,Bautista,Gobetti,6,3,TIRO3,FALLADO,,269,32
125524,11/12/2025,ARG,ECU,True,ARG,408857,Joaquin,Caumo,10,3,TIRO2,CONVERTIDO,,145,30
125524,11/12/2025,ARG,ECU,False,ECU,379769,Jahir,Mina,13,3,TIRO2,FALLADO,,136,141
125524,11/12/2025,ARG,ECU,True,ARG,408872,Bautista,Gobetti,6,3,TIRO1,FALLADO,,0,0
125524,11/12/2025,ARG,ECU,True,ARG,408872,Bautista,Gobetti,6,3,TIRO1,FALLADO,,0,0
125524,11/12/2025,ARG,ECU,True,ARG,409174,Juan,Marquez,15,3,TIRO2,FALLADO,,141,29
125524,11/12/2025,ARG,ECU,True,ARG,409174,Juan,Marquez,15,3,TIRO2,FALLADO,,130,31
125524,11/12/2025,ARG,ECU,False,ECU,379509,Lheyder,Vargas,48,3,TIRO3,FALLADO,,12,92
125524,11/12/2025,ARG,ECU,True,ARG,355917,Facundo,Cornalis,5,3,TIRO3,FALLADO,,10,16
125524,11/12/2025,ARG,ECU,True,ARG,409174,Juan,Marquez,15,3,TIRO2,CONVERTIDO,,141,20
125524,11/12/2025,ARG,ECU,True,ARG,409174,Juan,Marquez,15,4,TIRO2,CONVERTIDO,,137,27
125524,11/12/2025,ARG,ECU,True,ARG,408860,Mateo,Fessia,12,4,TIRO3,CONVERTIDO,,262,102
125524,11/12/2025,ARG,ECU,False,ECU,409013,José,Daza,7,4,TIRO2,FALLADO,,152,23
125524,11/12/2025,ARG,ECU,True,ARG,355917,Facundo,Cornalis,5,4,TIRO3,FALLADO,,31,134
125524,11/12/2025,ARG,ECU,False,ECU,379769,Jahir,Mina,13,4,TIRO3,FALLADO,,33,130
125524,11/12/2025,ARG,ECU,False,ECU,379509,Lheyder,Vargas,48,4,TIRO3,FALLADO,,245,123
125524,11/12/2025,ARG,ECU,True,ARG,408860,Mateo,Fessia,12,4,TIRO1,FALLADO,,0,0
125524,11/12/2025,ARG,ECU,True,ARG,408860,Mateo,Fessia,12,4,TIRO1,CONVERTIDO,,0,0
125524,11/12/2025,ARG,ECU,True,ARG,408872,Bautista,Gobetti,6,4,TIRO3,CONVERTIDO,,236,142
125524,11/12/2025,ARG,ECU,False,ECU,379506,Jeremy,Corozo,32,4,TIRO3,FALLADO,,8,36
125524,11/12/2025,ARG,ECU,True,ARG,409023,Joaquin,Celiz,9,4,TIRO3,CONVERTIDO,,214,162
125524,11/12/2025,ARG,ECU,False,ECU,379509,Lheyder,Vargas,48,4,TIRO2,CONVERTIDO,,161,35
125524,11/12/2025,ARG,ECU,True,ARG,408872,Bautista,Gobetti,6,4,TIRO2,FALLADO,,146,42
125524,11/12/2025,ARG,ECU,False,ECU,379509,Lheyder,Vargas,48,4,TIRO3,FALLADO,,272,31
125524,11/12/2025,ARG,ECU,True,ARG,409023,Joaquin,Celiz,9,4,TIRO2,CONVERTIDO,,137,36
125524,11/12/2025,ARG,ECU,False,ECU,379507,Juan,Castillo,2,4,TIRO3,FALLADO,,50,175
125524,11/12/2025,ARG,ECU,True,ARG,409021,Elias,Torrens,7,4,TIRO2,CONVERTIDO,,130,29
125524,11/12/2025,ARG,ECU,True,ARG,409021,Elias,Torrens,7,4,TIRO1,CONVERTIDO,,0,0
125524,11/12/2025,ARG,ECU,True,ARG,408872,Bautista,Gobetti,6,4,TIRO2,FALLADO,,135,37
125524,11/12/2025,ARG,ECU,False,ECU,409168,Deivis,Reyes,33,4,TIRO3,FALLADO,,221,164
125524,11/12/2025,ARG,ECU,True,ARG,409023,Joaquin,Celiz,9,4,TIRO2,FALLADO,,124,38
125524,11/12/2025,ARG,ECU,False,ECU,400263,Rodrigo,Manjarres,12,4,TIRO2,FALLADO,,149,32
125524,11/12/2025,ARG,ECU,True,ARG,409021,Elias,Torrens,7,4,TIRO2,CONVERTIDO,,130,28
125524,11/12/2025,ARG,ECU,False,ECU,379507,Juan,Castillo,2,4,TIRO3,FALLADO,,149,173
125524,11/12/2025,ARG,ECU,True,ARG,409023,Joaquin,Celiz,9,4,TIRO3,CONVERTIDO,,42,149
125524,11/12/2025,ARG,ECU,False,ECU,409168,Deivis,Reyes,33,4,TIRO2,FALLADO,,139,22
125524,11/12/2025,ARG,ECU,False,ECU,409168,Deivis,Reyes,33,4,TIRO2,FALLADO,,145,13
125524,11/12/2025,ARG,ECU,True,ARG,409021,Elias,Torrens,7,4,TIRO2,CONVERTIDO,,127,26
125524,11/12/2025,ARG,ECU,False,ECU,379507,Juan,Castillo,2,4,TIRO2,FALLADO,,81,57
125524,11/12/2025,ARG,ECU,False,ECU,409013,José,Daza,7,4,TIRO2,FALLADO,,143,22
125524,11/12/2025,ARG,ECU,True,ARG,409023,Joaquin,Celiz,9,4,TIRO2,FALLADO,,180,131
125524,11/12/2025,ARG,ECU,True,ARG,409021,Elias,Torrens,7,4,TIRO2,CONVERTIDO,,115,25
125524,11/12/2025,ARG,ECU,True,ARG,408872,Bautista,Gobetti,6,4,TIRO2,FALLADO,,156,35
125524,11/12/2025,ARG,ECU,True,ARG,409023,Joaquin,Celiz,9,4,TIRO2,CONVERTIDO,,127,30
125524,11/12/2025,ARG,ECU,False,ECU,409013,José,Daza,7,4,TIRO2,CONVERTIDO,,107,18
125524,11/12/2025,ARG,ECU,True,ARG,408860,Mateo,Fessia,12,4,TIRO3,FALLADO,,191,172
125524,11/12/2025,ARG,ECU,False,ECU,379770,Adair,Quiñonez,23,4,TIRO1,CONVERTIDO,,0,0
125524,11/12/2025,ARG,ECU,False,ECU,379770,Adair,Quiñonez,23,4,TIRO1,FALLADO,,0,0
125524,11/12/2025,ARG,ECU,False,ECU,409168,Deivis,Reyes,33,4,TIRO3,FALLADO,,232,141
125524,11/12/2025,ARG,ECU,True,ARG,409021,Elias,Torrens,7,4,TIRO2,FALLADO,,134,28
125524,11/12/2025,ARG,ECU,False,ECU,379770,Adair,Quiñonez,23,4,TIRO2,FALLADO,,132,16
125524,11/12/2025,ARG,ECU,True,ARG,408872,Bautista,Gobetti,6,4,TIRO2,FALLADO,,151,29
125524,11/12/2025,ARG,ECU,True,ARG,409023,Joaquin,Celiz,9,4,TIRO3,FALLADO,,235,199
125524,11/12/2025,ARG,ECU,False,ECU,409168,Deivis,Reyes,33,4,TIRO2,FALLADO,,48,48
125525,12/12/2025,URU,ECU,False,ECU,409161,Michael,Cevallos,1,1,TIRO3,CONVERTIDO,,81,175
125525,12/12/2025,URU,ECU,True,URU,329851,Nicolas,Testa,11,1,TIRO3,CONVERTIDO,,240,134
125525,12/12/2025,URU,ECU,False,ECU,379507,Juan,Castillo,2,1,TIRO3,FALLADO,,47,162
125525,12/12/2025,URU,ECU,False,ECU,409169,Felipe,Noboa,14,1,TIRO2,FALLADO,,108,51
125525,12/12/2025,URU,ECU,False,ECU,379770,Adair,Quiñonez,23,1,TIRO2,FALLADO,,123,43
125525,12/12/2025,URU,ECU,True,URU,407647,Gabriel,Fata,19,1,TIRO1,FALLADO,,0,0
125525,12/12/2025,URU,ECU,True,URU,407647,Gabriel,Fata,19,1,TIRO1,CONVERTIDO,,0,0
125525,12/12/2025,URU,ECU,False,ECU,409169,Felipe,Noboa,14,1,TIRO2,FALLADO,,127,25
125525,12/12/2025,URU,ECU,False,ECU,409161,Michael,Cevallos,1,1,TIRO3,FALLADO,,216,150
125525,12/12/2025,URU,ECU,True,URU,407647,Gabriel,Fata,19,1,TIRO2,FALLADO,,126,31
125525,12/12/2025,URU,ECU,True,URU,407936,Lautaro,Gomez,10,1,TIRO2,CONVERTIDO,,151,18
125525,12/12/2025,URU,ECU,True,URU,407936,Lautaro,Gomez,10,1,TIRO2,FALLADO,,152,22
125525,12/12/2025,URU,ECU,True,URU,407647,Gabriel,Fata,19,1,TIRO3,FALLADO,,54,145
125525,12/12/2025,URU,ECU,False,ECU,379507,Juan,Castillo,2,1,TIRO3,FALLADO,,39,128
125525,12/12/2025,URU,ECU,True,URU,407401,Lucas,Orozco,22,1,TIRO2,FALLADO,,126,36
125525,12/12/2025,URU,ECU,False,ECU,379507,Juan,Castillo,2,1,TIRO2,FALLADO,,111,56
125525,12/12/2025,URU,ECU,False,ECU,409169,Felipe,Noboa,14,1,TIRO3,CONVERTIDO,,191,183
125525,12/12/2025,URU,ECU,True,URU,407647,Gabriel,Fata,19,1,TIRO3,FALLADO,,268,75
125525,12/12/2025,URU,ECU,False,ECU,379770,Adair,Quiñonez,23,1,TIRO3,FALLADO,,14,75
125525,12/12/2025,URU,ECU,True,URU,329851,Nicolas,Testa,11,1,TIRO3,CONVERTIDO,,269,62
125525,12/12/2025,URU,ECU,True,URU,407501,Facundo,Izuibejeres,5,1,TIRO2,FALLADO,,183,44
125525,12/12/2025,URU,ECU,False,ECU,409169,Felipe,Noboa,14,1,TIRO3,FALLADO,,257,100
125525,12/12/2025,URU,ECU,True,URU,329851,Nicolas,Testa,11,1,TIRO3,FALLADO,,41,144
125525,12/12/2025,URU,ECU,True,URU,407401,Lucas,Orozco,22,1,TIRO3,FALLADO,,218,147
125525,12/12/2025,URU,ECU,False,ECU,379506,Jeremy,Corozo,32,1,TIRO2,CONVERTIDO,,160,29
125525,12/12/2025,URU,ECU,True,URU,329851,Nicolas,Testa,11,1,TIRO2,CONVERTIDO,,132,33
125525,12/12/2025,URU,ECU,True,URU,375744,Manuel,Pastrana,4,1,TIRO2,FALLADO,,170,62
125525,12/12/2025,URU,ECU,True,URU,407936,Lautaro,Gomez,10,1,TIRO2,FALLADO,,140,31
125525,12/12/2025,URU,ECU,True,URU,407936,Lautaro,Gomez,10,1,TIRO1,CONVERTIDO,,0,0
125525,12/12/2025,URU,ECU,True,URU,407936,Lautaro,Gomez,10,1,TIRO1,CONVERTIDO,,0,0
125525,12/12/2025,URU,ECU,False,ECU,379500,Alhan,Zambrano,10,1,TIRO3,FALLADO,,165,168
125525,12/12/2025,URU,ECU,True,URU,407401,Lucas,Orozco,22,1,TIRO3,FALLADO,,213,156
125525,12/12/2025,URU,ECU,True,URU,375744,Manuel,Pastrana,4,1,TIRO3,CONVERTIDO,,199,154
125525,12/12/2025,URU,ECU,False,ECU,409168,Deivis,Reyes,33,1,TIRO3,FALLADO,,19,99
125525,12/12/2025,URU,ECU,True,URU,407647,Gabriel,Fata,19,1,TIRO2,CONVERTIDO,,123,36
125525,12/12/2025,URU,ECU,True,URU,408047,Thiago,Michaelsson,21,1,TIRO2,FALLADO,,171,15
125525,12/12/2025,URU,ECU,True,URU,375744,Manuel,Pastrana,4,1,TIRO3,CONVERTIDO,,12,79
125525,12/12/2025,URU,ECU,False,ECU,379507,Juan,Castillo,2,1,TIRO3,FALLADO,,70,157
125525,12/12/2025,URU,ECU,True,URU,324131,Federico,Cruz,8,2,TIRO2,FALLADO,,120,95
125525,12/12/2025,URU,ECU,False,ECU,409169,Felipe,Noboa,14,2,TIRO2,CONVERTIDO,,153,20
125525,12/12/2025,URU,ECU,True,URU,375744,Manuel,Pastrana,4,2,TIRO3,CONVERTIDO,,247,101
125525,12/12/2025,URU,ECU,False,ECU,409161,Michael,Cevallos,1,2,TIRO2,CONVERTIDO,,126,117
125525,12/12/2025,URU,ECU,True,URU,375744,Manuel,Pastrana,4,2,TIRO3,FALLADO,,52,144
125525,12/12/2025,URU,ECU,True,URU,408047,Thiago,Michaelsson,21,2,TIRO2,FALLADO,,124,30
125525,12/12/2025,URU,ECU,True,URU,375744,Manuel,Pastrana,4,2,TIRO2,CONVERTIDO,,130,36
125525,12/12/2025,URU,ECU,False,ECU,379507,Juan,Castillo,2,2,TIRO3,FALLADO,,127,178
125525,12/12/2025,URU,ECU,True,URU,324131,Federico,Cruz,8,2,TIRO2,CONVERTIDO,,155,32
125525,12/12/2025,URU,ECU,False,ECU,379507,Juan,Castillo,2,2,TIRO3,FALLADO,,26,108
125525,12/12/2025,URU,ECU,False,ECU,409169,Felipe,Noboa,14,2,TIRO3,FALLADO,,102,171
125525,12/12/2025,URU,ECU,True,URU,408046,Tomas,Abal,0,2,TIRO3,CONVERTIDO,,247,127
125525,12/12/2025,URU,ECU,False,ECU,379770,Adair,Quiñonez,23,2,TIRO1,CONVERTIDO,,0,0
125525,12/12/2025,URU,ECU,False,ECU,379770,Adair,Quiñonez,23,2,TIRO1,FALLADO,,0,0
125525,12/12/2025,URU,ECU,False,ECU,409013,José,Daza,7,2,TIRO2,CONVERTIDO,,121,37
125525,12/12/2025,URU,ECU,True,URU,324131,Federico,Cruz,8,2,TIRO2,CONVERTIDO,,135,32
125525,12/12/2025,URU,ECU,False,ECU,409161,Michael,Cevallos,1,2,TIRO3,FALLADO,,243,117
125525,12/12/2025,URU,ECU,True,URU,408046,Tomas,Abal,0,2,TIRO3,CONVERTIDO,,229,158
125525,12/12/2025,URU,ECU,True,URU,407401,Lucas,Orozco,22,2,TIRO2,CONVERTIDO,,163,34
125525,12/12/2025,URU,ECU,True,URU,407935,Gabriel,Venet,15,2,TIRO2,CONVERTIDO,,159,44
125525,12/12/2025,URU,ECU,False,ECU,400263,Rodrigo,Manjarres,12,2,TIRO1,CONVERTIDO,,0,0
125525,12/12/2025,URU,ECU,False,ECU,400263,Rodrigo,Manjarres,12,2,TIRO1,CONVERTIDO,,0,0
125525,12/12/2025,URU,ECU,True,URU,407638,Juan,Guzzetti,29,2,TIRO2,FALLADO,,131,64
125525,12/12/2025,URU,ECU,False,ECU,379770,Adair,Quiñonez,23,2,TIRO2,FALLADO,,104,35
125525,12/12/2025,URU,ECU,False,ECU,409013,José,Daza,7,2,TIRO2,FALLADO,,151,38
125525,12/12/2025,URU,ECU,False,ECU,379770,Adair,Quiñonez,23,2,TIRO1,CONVERTIDO,,0,0
125525,12/12/2025,URU,ECU,False,ECU,379770,Adair,Quiñonez,23,2,TIRO1,CONVERTIDO,,0,0
125525,12/12/2025,URU,ECU,True,URU,407935,Gabriel,Venet,15,2,TIRO3,FALLADO,,87,152
125525,12/12/2025,URU,ECU,False,ECU,379769,Jahir,Mina,13,2,TIRO2,FALLADO,,99,53
125525,12/12/2025,URU,ECU,True,URU,407936,Lautaro,Gomez,10,2,TIRO3,FALLADO,,20,96
125525,12/12/2025,URU,ECU,False,ECU,379770,Adair,Quiñonez,23,2,TIRO2,CONVERTIDO,,150,32
125525,12/12/2025,URU,ECU,False,ECU,379769,Jahir,Mina,13,2,TIRO3,FALLADO,,211,149
125525,12/12/2025,URU,ECU,True,URU,408046,Tomas,Abal,0,2,TIRO3,FALLADO,,243,119
125525,12/12/2025,URU,ECU,False,ECU,379769,Jahir,Mina,13,2,TIRO2,FALLADO,,111,18
125525,12/12/2025,URU,ECU,True,URU,407935,Gabriel,Venet,15,2,TIRO2,CONVERTIDO,,148,31
125525,12/12/2025,URU,ECU,False,ECU,379769,Jahir,Mina,13,2,TIRO3,FALLADO,,213,136
125525,12/12/2025,URU,ECU,True,URU,329851,Nicolas,Testa,11,3,TIRO2,CONVERTIDO,,176,104
125525,12/12/2025,URU,ECU,False,ECU,379507,Juan,Castillo,2,3,TIRO3,FALLADO,,145,197
125525,12/12/2025,URU,ECU,True,URU,375744,Manuel,Pastrana,4,3,TIRO2,CONVERTIDO,,130,25
125525,12/12/2025,URU,ECU,False,ECU,409161,Michael,Cevallos,1,3,TIRO2,FALLADO,,133,36
125525,12/12/2025,URU,ECU,True,URU,407401,Lucas,Orozco,22,3,TIRO2,FALLADO,,149,38
125525,12/12/2025,URU,ECU,False,ECU,379770,Adair,Quiñonez,23,3,TIRO2,CONVERTIDO,,130,26
125525,12/12/2025,URU,ECU,False,ECU,409161,Michael,Cevallos,1,3,TIRO1,FALLADO,,0,0
125525,12/12/2025,URU,ECU,False,ECU,409161,Michael,Cevallos,1,3,TIRO1,CONVERTIDO,,0,0
125525,12/12/2025,URU,ECU,True,URU,375744,Manuel,Pastrana,4,3,TIRO1,FALLADO,,0,0
125525,12/12/2025,URU,ECU,True,URU,375744,Manuel,Pastrana,4,3,TIRO1,CONVERTIDO,,0,0
125525,12/12/2025,URU,ECU,False,ECU,409169,Felipe,Noboa,14,3,TIRO2,FALLADO,,124,39
125525,12/12/2025,URU,ECU,True,URU,329851,Nicolas,Testa,11,3,TIRO2,FALLADO,,157,51
125525,12/12/2025,URU,ECU,False,ECU,379507,Juan,Castillo,2,3,TIRO2,CONVERTIDO,,146,103
125525,12/12/2025,URU,ECU,False,ECU,379509,Lheyder,Vargas,48,3,TIRO2,CONVERTIDO,,146,59
125525,12/12/2025,URU,ECU,True,URU,408047,Thiago,Michaelsson,21,3,TIRO2,FALLADO,,137,68
125525,12/12/2025,URU,ECU,False,ECU,409169,Felipe,Noboa,14,3,TIRO3,FALLADO,,244,131
125525,12/12/2025,URU,ECU,False,ECU,379770,Adair,Quiñonez,23,3,TIRO2,CONVERTIDO,,140,31
125525,12/12/2025,URU,ECU,True,URU,407647,Gabriel,Fata,19,3,TIRO3,FALLADO,,29,117
125525,12/12/2025,URU,ECU,True,URU,407647,Gabriel,Fata,19,3,TIRO3,FALLADO,,243,147
125525,12/12/2025,URU,ECU,False,ECU,379507,Juan,Castillo,2,3,TIRO3,FALLADO,,86,158
125525,12/12/2025,URU,ECU,True,URU,407647,Gabriel,Fata,19,3,TIRO3,FALLADO,,70,146
125525,12/12/2025,URU,ECU,True,URU,324131,Federico,Cruz,8,3,TIRO2,FALLADO,,151,32
125525,12/12/2025,URU,ECU,False,ECU,379770,Adair,Quiñonez,23,3,TIRO2,FALLADO,,162,27
125525,12/12/2025,URU,ECU,False,ECU,379506,Jeremy,Corozo,32,3,TIRO2,CONVERTIDO,,140,31
125525,12/12/2025,URU,ECU,True,URU,407936,Lautaro,Gomez,10,3,TIRO2,CONVERTIDO,,152,38
125525,12/12/2025,URU,ECU,True,URU,407936,Lautaro,Gomez,10,3,TIRO1,CONVERTIDO,,0,0
125525,12/12/2025,URU,ECU,False,ECU,409169,Felipe,Noboa,14,3,TIRO3,FALLADO,,16,85
125525,12/12/2025,URU,ECU,True,URU,375744,Manuel,Pastrana,4,3,TIRO3,CONVERTIDO,,194,154
125525,12/12/2025,URU,ECU,True,URU,375744,Manuel,Pastrana,4,3,TIRO2,FALLADO,,166,57
125525,12/12/2025,URU,ECU,False,ECU,379507,Juan,Castillo,2,3,TIRO1,CONVERTIDO,,0,0
125525,12/12/2025,URU,ECU,False,ECU,379507,Juan,Castillo,2,3,TIRO1,FALLADO,,0,0
125525,12/12/2025,URU,ECU,False,ECU,379507,Juan,Castillo,2,3,TIRO3,FALLADO,,77,170
125525,12/12/2025,URU,ECU,True,URU,324131,Federico,Cruz,8,3,TIRO2,FALLADO,,43,96
125525,12/12/2025,URU,ECU,False,ECU,379506,Jeremy,Corozo,32,3,TIRO2,FALLADO,,129,43
125525,12/12/2025,URU,ECU,False,ECU,379509,Lheyder,Vargas,48,3,TIRO2,FALLADO,,159,27
125525,12/12/2025,URU,ECU,True,URU,408047,Thiago,Michaelsson,21,3,TIRO2,FALLADO,,143,57
125525,12/12/2025,URU,ECU,False,ECU,379509,Lheyder,Vargas,48,3,TIRO2,FALLADO,,141,30
125525,12/12/2025,URU,ECU,True,URU,324131,Federico,Cruz,8,3,TIRO2,FALLADO,,156,34
125525,12/12/2025,URU,ECU,False,ECU,409169,Felipe,Noboa,14,3,TIRO2,FALLADO,,133,35
125525,12/12/2025,URU,ECU,False,ECU,409169,Felipe,Noboa,14,3,TIRO2,CONVERTIDO,,140,31
125525,12/12/2025,URU,ECU,True,URU,407647,Gabriel,Fata,19,3,TIRO2,CONVERTIDO,,236,91
125525,12/12/2025,URU,ECU,False,ECU,379770,Adair,Quiñonez,23,3,TIRO2,CONVERTIDO,,131,27
125525,12/12/2025,URU,ECU,True,URU,375722,Valentino,Ramírez,13,3,TIRO2,CONVERTIDO,,115,25
125525,12/12/2025,URU,ECU,False,ECU,379506,Jeremy,Corozo,32,3,TIRO2,FALLADO,,131,36
125525,12/12/2025,URU,ECU,True,URU,407647,Gabriel,Fata,19,3,TIRO3,FALLADO,,14,87
125525,12/12/2025,URU,ECU,False,ECU,379770,Adair,Quiñonez,23,3,TIRO1,CONVERTIDO,,0,0
125525,12/12/2025,URU,ECU,False,ECU,379770,Adair,Quiñonez,23,3,TIRO1,FALLADO,,0,0
125525,12/12/2025,URU,ECU,True,URU,408047,Thiago,Michaelsson,21,3,TIRO3,FALLADO,,66,139
125525,12/12/2025,URU,ECU,True,URU,324131,Federico,Cruz,8,3,TIRO2,CONVERTIDO,,123,47
125525,12/12/2025,URU,ECU,True,URU,408046,Tomas,Abal,0,4,TIRO3,FALLADO,,232,158
125525,12/12/2025,URU,ECU,True,URU,324131,Federico,Cruz,8,4,TIRO3,CONVERTIDO,,58,139
125525,12/12/2025,URU,ECU,True,URU,408047,Thiago,Michaelsson,21,4,TIRO1,CONVERTIDO,,0,0
125525,12/12/2025,URU,ECU,True,URU,408047,Thiago,Michaelsson,21,4,TIRO1,FALLADO,,0,0
125525,12/12/2025,URU,ECU,True,URU,408047,Thiago,Michaelsson,21,4,TIRO2,FALLADO,,62,117
125525,12/12/2025,URU,ECU,True,URU,408046,Tomas,Abal,0,4,TIRO3,CONVERTIDO,,16,90
125525,12/12/2025,URU,ECU,False,ECU,379507,Juan,Castillo,2,4,TIRO3,FALLADO,,73,155
125525,12/12/2025,URU,ECU,True,URU,408046,Tomas,Abal,0,4,TIRO3,CONVERTIDO,,256,82
125525,12/12/2025,URU,ECU,False,ECU,379770,Adair,Quiñonez,23,4,TIRO3,FALLADO,,14,62
125525,12/12/2025,URU,ECU,True,URU,408046,Tomas,Abal,0,4,TIRO3,FALLADO,,33,113
125525,12/12/2025,URU,ECU,False,ECU,379507,Juan,Castillo,2,4,TIRO2,CONVERTIDO,,155,34
125525,12/12/2025,URU,ECU,True,URU,375722,Valentino,Ramírez,13,4,TIRO2,FALLADO,,112,27
125525,12/12/2025,URU,ECU,False,ECU,379770,Adair,Quiñonez,23,4,TIRO2,FALLADO,,150,31
125525,12/12/2025,URU,ECU,True,URU,375722,Valentino,Ramírez,13,4,TIRO3,FALLADO,,17,78
125525,12/12/2025,URU,ECU,False,ECU,379507,Juan,Castillo,2,4,TIRO3,CONVERTIDO,,47,136
125525,12/12/2025,URU,ECU,False,ECU,379509,Lheyder,Vargas,48,4,TIRO2,CONVERTIDO,,156,32
125525,12/12/2025,URU,ECU,True,URU,407638,Juan,Guzzetti,29,4,TIRO2,CONVERTIDO,,118,32
125525,12/12/2025,URU,ECU,False,ECU,400263,Rodrigo,Manjarres,12,4,TIRO1,FALLADO,,0,0
125525,12/12/2025,URU,ECU,False,ECU,400263,Rodrigo,Manjarres,12,4,TIRO1,CONVERTIDO,,0,0
125525,12/12/2025,URU,ECU,False,ECU,379507,Juan,Castillo,2,4,TIRO3,CONVERTIDO,,47,163
125525,12/12/2025,URU,ECU,False,ECU,379509,Lheyder,Vargas,48,4,TIRO2,CONVERTIDO,,130,36
125525,12/12/2025,URU,ECU,True,URU,375722,Valentino,Ramírez,13,4,TIRO3,FALLADO,,20,93
125525,12/12/2025,URU,ECU,False,ECU,409167,Ismael,Ibarra,15,4,TIRO2,FALLADO,,166,24
125525,12/12/2025,URU,ECU,False,ECU,379769,Jahir,Mina,13,4,TIRO2,CONVERTIDO,,118,36
125525,12/12/2025,URU,ECU,True,URU,407935,Gabriel,Venet,15,4,TIRO2,CONVERTIDO,,149,29
125525,12/12/2025,URU,ECU,False,ECU,409167,Ismael,Ibarra,15,4,TIRO2,CONVERTIDO,,164,36
125525,12/12/2025,URU,ECU,True,URU,408047,Thiago,Michaelsson,21,4,TIRO2,FALLADO,,150,26
125525,12/12/2025,URU,ECU,True,URU,408046,Tomas,Abal,0,4,TIRO1,CONVERTIDO,,0,0
125525,12/12/2025,URU,ECU,True,URU,408046,Tomas,Abal,0,4,TIRO1,CONVERTIDO,,0,0
125525,12/12/2025,URU,ECU,False,ECU,379769,Jahir,Mina,13,4,TIRO3,FALLADO,,92,202
125525,12/12/2025,URU,ECU,True,URU,407935,Gabriel,Venet,15,4,TIRO2,FALLADO,,153,38
125525,12/12/2025,URU,ECU,True,URU,408046,Tomas,Abal,0,4,TIRO2,CONVERTIDO,,162,38
125525,12/12/2025,URU,ECU,True,URU,408046,Tomas,Abal,0,4,TIRO1,CONVERTIDO,,0,0
125525,12/12/2025,URU,ECU,False,ECU,379500,Alhan,Zambrano,10,4,TIRO3,FALLADO,,66,154
125525,12/12/2025,URU,ECU,True,URU,407935,Gabriel,Venet,15,4,TIRO1,CONVERTIDO,,0,0
125525,12/12/2025,URU,ECU,True,URU,407935,Gabriel,Venet,15,4,TIRO1,FALLADO,,0,0
125525,12/12/2025,URU,ECU,True,URU,407638,Juan,Guzzetti,29,4,TIRO2,CONVERTIDO,,159,30
125525,12/12/2025,URU,ECU,False,ECU,379769,Jahir,Mina,13,4,TIRO3,CONVERTIDO,,16,78
125525,12/12/2025,URU,ECU,True,URU,407935,Gabriel,Venet,15,4,TIRO3,FALLADO,,10,64
125526,12/12/2025,COL,ARG,True,COL,400857,Leonardo,Restrepo,5,1,TIRO3,CONVERTIDO,,12,51
125526,12/12/2025,COL,ARG,True,COL,409483,Julian,Betancurt,59,1,TIRO2,FALLADO,,123,32
125526,12/12/2025,COL,ARG,False,ARG,362126,Benjamin,Pettovello,2,1,TIRO2,CONVERTIDO,,149,27
125526,12/12/2025,COL,ARG,False,ARG,408872,Bautista,Gobetti,6,1,TIRO2,CONVERTIDO,,162,32
125526,12/12/2025,COL,ARG,True,COL,409483,Julian,Betancurt,59,1,TIRO2,CONVERTIDO,,135,82
125526,12/12/2025,COL,ARG,False,ARG,408870,Gonzalo,Aman,8,1,TIRO2,FALLADO,,159,107
125526,12/12/2025,COL,ARG,True,COL,409483,Julian,Betancurt,59,1,TIRO2,FALLADO,,231,90
125526,12/12/2025,COL,ARG,False,ARG,409151,Santiago,Pettinaroli,14,1,TIRO3,CONVERTIDO,,130,164
125526,12/12/2025,COL,ARG,True,COL,409481,Andres,Mateus,10,1,TIRO2,FALLADO,,126,33
125526,12/12/2025,COL,ARG,False,ARG,408870,Gonzalo,Aman,8,1,TIRO2,CONVERTIDO,,131,36
125526,12/12/2025,COL,ARG,False,ARG,408870,Gonzalo,Aman,8,1,TIRO1,FALLADO,,0,0
125526,12/12/2025,COL,ARG,True,COL,400857,Leonardo,Restrepo,5,1,TIRO3,FALLADO,,35,109
125526,12/12/2025,COL,ARG,False,ARG,408871,Manuel,Hernandez,4,1,TIRO3,FALLADO,,203,147
125526,12/12/2025,COL,ARG,False,ARG,408870,Gonzalo,Aman,8,1,TIRO3,FALLADO,,10,45
125526,12/12/2025,COL,ARG,False,ARG,408871,Manuel,Hernandez,4,1,TIRO2,CONVERTIDO,,140,31
125526,12/12/2025,COL,ARG,True,COL,409484,Ezekiel,Suarez,8,1,TIRO1,CONVERTIDO,,0,0
125526,12/12/2025,COL,ARG,True,COL,409484,Ezekiel,Suarez,8,1,TIRO1,CONVERTIDO,,0,0
125526,12/12/2025,COL,ARG,True,COL,409484,Ezekiel,Suarez,8,1,TIRO1,FALLADO,,0,0
125526,12/12/2025,COL,ARG,False,ARG,409151,Santiago,Pettinaroli,14,1,TIRO2,CONVERTIDO,,151,41
125526,12/12/2025,COL,ARG,True,COL,409481,Andres,Mateus,10,1,TIRO2,CONVERTIDO,,123,27
125526,12/12/2025,COL,ARG,True,COL,409481,Andres,Mateus,10,1,TIRO1,CONVERTIDO,,0,0
125526,12/12/2025,COL,ARG,False,ARG,409151,Santiago,Pettinaroli,14,1,TIRO3,FALLADO,,139,162
125526,12/12/2025,COL,ARG,True,COL,409483,Julian,Betancurt,59,1,TIRO3,FALLADO,,109,157
125526,12/12/2025,COL,ARG,True,COL,379759,Matthew,Bernal,7,1,TIRO1,FALLADO,,0,0
125526,12/12/2025,COL,ARG,True,COL,379759,Matthew,Bernal,7,1,TIRO1,FALLADO,,0,0
125526,12/12/2025,COL,ARG,False,ARG,362126,Benjamin,Pettovello,2,1,TIRO3,FALLADO,,17,84
125526,12/12/2025,COL,ARG,True,COL,409483,Julian,Betancurt,59,1,TIRO2,FALLADO,,131,35
125526,12/12/2025,COL,ARG,True,COL,379759,Matthew,Bernal,7,1,TIRO2,FALLADO,,250,37
125526,12/12/2025,COL,ARG,False,ARG,409023,Joaquin,Celiz,9,1,TIRO3,FALLADO,,248,100
125526,12/12/2025,COL,ARG,True,COL,379759,Matthew,Bernal,7,1,TIRO2,FALLADO,,140,82
125526,12/12/2025,COL,ARG,False,ARG,409023,Joaquin,Celiz,9,1,TIRO1,CONVERTIDO,,0,0
125526,12/12/2025,COL,ARG,False,ARG,409023,Joaquin,Celiz,9,1,TIRO1,CONVERTIDO,,0,0
125526,12/12/2025,COL,ARG,True,COL,409484,Ezekiel,Suarez,8,1,TIRO3,FALLADO,,146,161
125526,12/12/2025,COL,ARG,False,ARG,409021,Elias,Torrens,7,1,TIRO2,FALLADO,,113,43
125526,12/12/2025,COL,ARG,False,ARG,408857,Joaquin,Caumo,10,1,TIRO1,CONVERTIDO,,0,0
125526,12/12/2025,COL,ARG,False,ARG,408857,Joaquin,Caumo,10,1,TIRO1,FALLADO,,0,0
125526,12/12/2025,COL,ARG,True,COL,332119,Andres,Hernandez,24,1,TIRO2,CONVERTIDO,,126,110
125526,12/12/2025,COL,ARG,False,ARG,409021,Elias,Torrens,7,1,TIRO2,FALLADO,,125,48
125526,12/12/2025,COL,ARG,False,ARG,409023,Joaquin,Celiz,9,1,TIRO2,FALLADO,,186,68
125526,12/12/2025,COL,ARG,False,ARG,409151,Santiago,Pettinaroli,14,1,TIRO1,FALLADO,,0,0
125526,12/12/2025,COL,ARG,False,ARG,409151,Santiago,Pettinaroli,14,1,TIRO1,CONVERTIDO,,0,0
125526,12/12/2025,COL,ARG,True,COL,332119,Andres,Hernandez,24,1,TIRO1,CONVERTIDO,,0,0
125526,12/12/2025,COL,ARG,True,COL,332119,Andres,Hernandez,24,1,TIRO1,FALLADO,,0,0
125526,12/12/2025,COL,ARG,False,ARG,408857,Joaquin,Caumo,10,1,TIRO3,FALLADO,,28,154
125526,12/12/2025,COL,ARG,False,ARG,355917,Facundo,Cornalis,5,1,TIRO2,FALLADO,,159,95
125526,12/12/2025,COL,ARG,False,ARG,408857,Joaquin,Caumo,10,1,TIRO2,FALLADO,,140,31
125526,12/12/2025,COL,ARG,True,COL,379759,Matthew,Bernal,7,1,TIRO2,CONVERTIDO,,113,108
125526,12/12/2025,COL,ARG,True,COL,409477,Yansem,Caicedo,14,1,TIRO2,CONVERTIDO,,122,27
125526,12/12/2025,COL,ARG,False,ARG,408857,Joaquin,Caumo,10,1,TIRO3,FALLADO,,110,188
125526,12/12/2025,COL,ARG,False,ARG,408857,Joaquin,Caumo,10,1,TIRO1,CONVERTIDO,,0,0
125526,12/12/2025,COL,ARG,False,ARG,408857,Joaquin,Caumo,10,1,TIRO1,CONVERTIDO,,0,0
125526,12/12/2025,COL,ARG,False,ARG,408857,Joaquin,Caumo,10,1,TIRO1,CONVERTIDO,,0,0
125526,12/12/2025,COL,ARG,False,ARG,408857,Joaquin,Caumo,10,2,TIRO3,FALLADO,,143,164
125526,12/12/2025,COL,ARG,True,COL,409477,Yansem,Caicedo,14,2,TIRO2,FALLADO,,143,115
125526,12/12/2025,COL,ARG,False,ARG,355917,Facundo,Cornalis,5,2,TIRO3,FALLADO,,83,184
125526,12/12/2025,COL,ARG,True,COL,332119,Andres,Hernandez,24,2,TIRO2,FALLADO,,126,119
125526,12/12/2025,COL,ARG,False,ARG,409021,Elias,Torrens,7,2,TIRO1,CONVERTIDO,,0,0
125526,12/12/2025,COL,ARG,False,ARG,409021,Elias,Torrens,7,2,TIRO1,FALLADO,,0,0
125526,12/12/2025,COL,ARG,True,COL,379759,Matthew,Bernal,7,2,TIRO2,FALLADO,,118,40
125526,12/12/2025,COL,ARG,False,ARG,408857,Joaquin,Caumo,10,2,TIRO2,CONVERTIDO,,165,35
125526,12/12/2025,COL,ARG,True,COL,332119,Andres,Hernandez,24,2,TIRO3,CONVERTIDO,,268,37
125526,12/12/2025,COL,ARG,True,COL,409484,Ezekiel,Suarez,8,2,TIRO1,CONVERTIDO,,0,0
125526,12/12/2025,COL,ARG,True,COL,409484,Ezekiel,Suarez,8,2,TIRO1,CONVERTIDO,,0,0
125526,12/12/2025,COL,ARG,True,COL,379759,Matthew,Bernal,7,2,TIRO2,CONVERTIDO,,161,106
125526,12/12/2025,COL,ARG,False,ARG,408860,Mateo,Fessia,12,2,TIRO2,CONVERTIDO,,127,35
125526,12/12/2025,COL,ARG,True,COL,400857,Leonardo,Restrepo,5,2,TIRO3,FALLADO,,34,105
125526,12/12/2025,COL,ARG,False,ARG,362126,Benjamin,Pettovello,2,2,TIRO2,FALLADO,,115,117
125526,12/12/2025,COL,ARG,False,ARG,409151,Santiago,Pettinaroli,14,2,TIRO3,FALLADO,,230,145
125526,12/12/2025,COL,ARG,False,ARG,408871,Manuel,Hernandez,4,2,TIRO3,FALLADO,,47,136
125526,12/12/2025,COL,ARG,True,COL,409480,Santiago,Rios,32,2,TIRO2,FALLADO,,128,38
125526,12/12/2025,COL,ARG,False,ARG,362126,Benjamin,Pettovello,2,2,TIRO1,CONVERTIDO,,0,0
125526,12/12/2025,COL,ARG,False,ARG,362126,Benjamin,Pettovello,2,2,TIRO1,FALLADO,,0,0
125526,12/12/2025,COL,ARG,True,COL,379759,Matthew,Bernal,7,2,TIRO2,CONVERTIDO,,118,31
125526,12/12/2025,COL,ARG,True,COL,400857,Leonardo,Restrepo,5,2,TIRO3,FALLADO,,236,157
125526,12/12/2025,COL,ARG,False,ARG,408872,Bautista,Gobetti,6,2,TIRO3,FALLADO,,191,159
125526,12/12/2025,COL,ARG,False,ARG,409151,Santiago,Pettinaroli,14,2,TIRO2,FALLADO,,150,37
125526,12/12/2025,COL,ARG,False,ARG,408871,Manuel,Hernandez,4,2,TIRO3,CONVERTIDO,,114,165
125526,12/12/2025,COL,ARG,True,COL,400857,Leonardo,Restrepo,5,2,TIRO3,CONVERTIDO,,107,156
125526,12/12/2025,COL,ARG,False,ARG,408870,Gonzalo,Aman,8,2,TIRO3,FALLADO,,206,144
125526,12/12/2025,COL,ARG,True,COL,409484,Ezekiel,Suarez,8,2,TIRO2,FALLADO,,123,38
125526,12/12/2025,COL,ARG,False,ARG,408872,Bautista,Gobetti,6,2,TIRO2,FALLADO,,122,38
125526,12/12/2025,COL,ARG,False,ARG,362126,Benjamin,Pettovello,2,2,TIRO2,FALLADO,,140,31
125526,12/12/2025,COL,ARG,True,COL,400857,Leonardo,Restrepo,5,2,TIRO3,FALLADO,,161,161
125526,12/12/2025,COL,ARG,False,ARG,409151,Santiago,Pettinaroli,14,2,TIRO3,FALLADO,,10,60
125526,12/12/2025,COL,ARG,True,COL,409482,Alejandro,Sanchez,4,2,TIRO3,FALLADO,,130,174
125526,12/12/2025,COL,ARG,True,COL,379759,Matthew,Bernal,7,2,TIRO1,FALLADO,,0,0
125526,12/12/2025,COL,ARG,True,COL,379759,Matthew,Bernal,7,2,TIRO1,CONVERTIDO,,0,0
125526,12/12/2025,COL,ARG,False,ARG,408860,Mateo,Fessia,12,2,TIRO1,CONVERTIDO,,0,0
125526,12/12/2025,COL,ARG,False,ARG,408860,Mateo,Fessia,12,2,TIRO1,CONVERTIDO,,0,0
125526,12/12/2025,COL,ARG,True,COL,409484,Ezekiel,Suarez,8,2,TIRO3,FALLADO,,12,33
125526,12/12/2025,COL,ARG,False,ARG,408860,Mateo,Fessia,12,2,TIRO2,CONVERTIDO,,130,38
125526,12/12/2025,COL,ARG,True,COL,379759,Matthew,Bernal,7,2,TIRO2,FALLADO,,153,111
125526,12/12/2025,COL,ARG,False,ARG,362126,Benjamin,Pettovello,2,2,TIRO2,FALLADO,,148,45
125526,12/12/2025,COL,ARG,True,COL,409484,Ezekiel,Suarez,8,3,TIRO1,CONVERTIDO,,0,0
125526,12/12/2025,COL,ARG,True,COL,409484,Ezekiel,Suarez,8,3,TIRO1,CONVERTIDO,,0,0
125526,12/12/2025,COL,ARG,True,COL,409484,Ezekiel,Suarez,8,3,TIRO3,FALLADO,,74,149
125526,12/12/2025,COL,ARG,False,ARG,408871,Manuel,Hernandez,4,3,TIRO2,FALLADO,,130,31
125526,12/12/2025,COL,ARG,False,ARG,362126,Benjamin,Pettovello,2,3,TIRO2,CONVERTIDO,,209,34
125526,12/12/2025,COL,ARG,True,COL,409477,Yansem,Caicedo,14,3,TIRO2,FALLADO,,179,51
125526,12/12/2025,COL,ARG,False,ARG,409151,Santiago,Pettinaroli,14,3,TIRO2,CONVERTIDO,,117,30
125526,12/12/2025,COL,ARG,True,COL,400857,Leonardo,Restrepo,5,3,TIRO3,CONVERTIDO,,45,133
125526,12/12/2025,COL,ARG,False,ARG,408871,Manuel,Hernandez,4,3,TIRO3,FALLADO,,154,164
125526,12/12/2025,COL,ARG,True,COL,409481,Andres,Mateus,10,3,TIRO1,FALLADO,,0,0
125526,12/12/2025,COL,ARG,True,COL,409481,Andres,Mateus,10,3,TIRO1,FALLADO,,0,0
125526,12/12/2025,COL,ARG,False,ARG,408871,Manuel,Hernandez,4,3,TIRO3,FALLADO,,25,90
125526,12/12/2025,COL,ARG,True,COL,332119,Andres,Hernandez,24,3,TIRO3,FALLADO,,34,116
125526,12/12/2025,COL,ARG,False,ARG,408871,Manuel,Hernandez,4,3,TIRO2,FALLADO,,200,110
125526,12/12/2025,COL,ARG,False,ARG,408860,Mateo,Fessia,12,3,TIRO2,FALLADO,,149,31
125526,12/12/2025,COL,ARG,True,COL,400857,Leonardo,Restrepo,5,3,TIRO3,FALLADO,,43,137
125526,12/12/2025,COL,ARG,False,ARG,409151,Santiago,Pettinaroli,14,3,TIRO2,CONVERTIDO,,130,28
125526,12/12/2025,COL,ARG,True,COL,332119,Andres,Hernandez,24,3,TIRO3,CONVERTIDO,,240,113
125526,12/12/2025,COL,ARG,False,ARG,409151,Santiago,Pettinaroli,14,3,TIRO3,CONVERTIDO,,173,163
125526,12/12/2025,COL,ARG,False,ARG,408872,Bautista,Gobetti,6,3,TIRO3,FALLADO,,13,31
125526,12/12/2025,COL,ARG,True,COL,409483,Julian,Betancurt,59,3,TIRO1,CONVERTIDO,,0,0
125526,12/12/2025,COL,ARG,True,COL,409483,Julian,Betancurt,59,3,TIRO1,CONVERTIDO,,0,0
125526,12/12/2025,COL,ARG,False,ARG,408857,Joaquin,Caumo,10,3,TIRO1,CONVERTIDO,,0,0
125526,12/12/2025,COL,ARG,False,ARG,408857,Joaquin,Caumo,10,3,TIRO1,CONVERTIDO,,0,0
125526,12/12/2025,COL,ARG,True,COL,400857,Leonardo,Restrepo,5,3,TIRO2,FALLADO,,114,47
125526,12/12/2025,COL,ARG,False,ARG,409151,Santiago,Pettinaroli,14,3,TIRO3,CONVERTIDO,,145,177
125526,12/12/2025,COL,ARG,True,COL,409480,Santiago,Rios,32,3,TIRO3,FALLADO,,194,161
125526,12/12/2025,COL,ARG,False,ARG,409151,Santiago,Pettinaroli,14,3,TIRO3,CONVERTIDO,,267,44
125526,12/12/2025,COL,ARG,True,COL,409480,Santiago,Rios,32,3,TIRO2,FALLADO,,48,38
125526,12/12/2025,COL,ARG,True,COL,379442,Angel,Orozco,83,3,TIRO2,FALLADO,,149,32
125526,12/12/2025,COL,ARG,True,COL,379759,Matthew,Bernal,7,3,TIRO2,CONVERTIDO,,194,35
125526,12/12/2025,COL,ARG,False,ARG,408860,Mateo,Fessia,12,3,TIRO1,CONVERTIDO,,0,0
125526,12/12/2025,COL,ARG,False,ARG,408860,Mateo,Fessia,12,3,TIRO1,FALLADO,,0,0
125526,12/12/2025,COL,ARG,False,ARG,409151,Santiago,Pettinaroli,14,3,TIRO3,FALLADO,,270,30
125526,12/12/2025,COL,ARG,False,ARG,408857,Joaquin,Caumo,10,3,TIRO1,CONVERTIDO,,0,0
125526,12/12/2025,COL,ARG,False,ARG,408857,Joaquin,Caumo,10,3,TIRO1,CONVERTIDO,,0,0
125526,12/12/2025,COL,ARG,True,COL,409477,Yansem,Caicedo,14,3,TIRO2,FALLADO,,161,34
125526,12/12/2025,COL,ARG,False,ARG,398746,Roman,Moravansky,11,3,TIRO3,FALLADO,,35,105
125526,12/12/2025,COL,ARG,True,COL,409480,Santiago,Rios,32,3,TIRO3,CONVERTIDO,,241,121
125526,12/12/2025,COL,ARG,False,ARG,408857,Joaquin,Caumo,10,3,TIRO1,CONVERTIDO,,0,0
125526,12/12/2025,COL,ARG,False,ARG,408857,Joaquin,Caumo,10,3,TIRO1,CONVERTIDO,,0,0
125526,12/12/2025,COL,ARG,True,COL,409480,Santiago,Rios,32,3,TIRO3,FALLADO,,17,92
125526,12/12/2025,COL,ARG,True,COL,379759,Matthew,Bernal,7,3,TIRO2,CONVERTIDO,,126,34
125526,12/12/2025,COL,ARG,False,ARG,408857,Joaquin,Caumo,10,4,TIRO1,CONVERTIDO,,0,0
125526,12/12/2025,COL,ARG,False,ARG,408857,Joaquin,Caumo,10,4,TIRO1,CONVERTIDO,,0,0
125526,12/12/2025,COL,ARG,False,ARG,408857,Joaquin,Caumo,10,4,TIRO1,CONVERTIDO,,0,0
125526,12/12/2025,COL,ARG,True,COL,409484,Ezekiel,Suarez,8,4,TIRO3,CONVERTIDO,,111,165
125526,12/12/2025,COL,ARG,False,ARG,408857,Joaquin,Caumo,10,4,TIRO3,CONVERTIDO,,50,127
125526,12/12/2025,COL,ARG,True,COL,379759,Matthew,Bernal,7,4,TIRO2,CONVERTIDO,,141,74
125526,12/12/2025,COL,ARG,False,ARG,408857,Joaquin,Caumo,10,4,TIRO3,CONVERTIDO,,240,129
125526,12/12/2025,COL,ARG,True,COL,379759,Matthew,Bernal,7,4,TIRO2,FALLADO,,103,82
125526,12/12/2025,COL,ARG,False,ARG,408871,Manuel,Hernandez,4,4,TIRO3,FALLADO,,12,23
125526,12/12/2025,COL,ARG,False,ARG,409023,Joaquin,Celiz,9,4,TIRO2,FALLADO,,130,33
125526,12/12/2025,COL,ARG,False,ARG,409023,Joaquin,Celiz,9,4,TIRO2,FALLADO,,142,49
125526,12/12/2025,COL,ARG,True,COL,409478,Salomon,Brown,6,4,TIRO2,CONVERTIDO,,102,34
125526,12/12/2025,COL,ARG,False,ARG,408857,Joaquin,Caumo,10,4,TIRO2,CONVERTIDO,,155,33
125526,12/12/2025,COL,ARG,True,COL,379759,Matthew,Bernal,7,4,TIRO1,CONVERTIDO,,0,0
125526,12/12/2025,COL,ARG,True,COL,379759,Matthew,Bernal,7,4,TIRO1,CONVERTIDO,,0,0
125526,12/12/2025,COL,ARG,False,ARG,408857,Joaquin,Caumo,10,4,TIRO1,CONVERTIDO,,0,0
125526,12/12/2025,COL,ARG,False,ARG,408857,Joaquin,Caumo,10,4,TIRO1,FALLADO,,0,0
125526,12/12/2025,COL,ARG,True,COL,409484,Ezekiel,Suarez,8,4,TIRO2,FALLADO,,118,47
125526,12/12/2025,COL,ARG,True,COL,332119,Andres,Hernandez,24,4,TIRO2,CONVERTIDO,,104,76
125526,12/12/2025,COL,ARG,True,COL,400857,Leonardo,Restrepo,5,4,TIRO3,FALLADO,,204,156
125526,12/12/2025,COL,ARG,False,ARG,408870,Gonzalo,Aman,8,4,TIRO2,CONVERTIDO,,123,34
125526,12/12/2025,COL,ARG,True,COL,332119,Andres,Hernandez,24,4,TIRO2,FALLADO,,183,61
125526,12/12/2025,COL,ARG,True,COL,409478,Salomon,Brown,6,4,TIRO2,FALLADO,,159,81
125526,12/12/2025,COL,ARG,False,ARG,398746,Roman,Moravansky,11,4,TIRO3,FALLADO,,271,44
125526,12/12/2025,COL,ARG,False,ARG,408871,Manuel,Hernandez,4,4,TIRO2,FALLADO,,151,32
125526,12/12/2025,COL,ARG,False,ARG,409021,Elias,Torrens,7,4,TIRO2,CONVERTIDO,,140,31
125526,12/12/2025,COL,ARG,True,COL,332119,Andres,Hernandez,24,4,TIRO2,FALLADO,,152,35
125526,12/12/2025,COL,ARG,False,ARG,398746,Roman,Moravansky,11,4,TIRO3,FALLADO,,269,53
125526,12/12/2025,COL,ARG,False,ARG,408871,Manuel,Hernandez,4,4,TIRO2,FALLADO,,140,31
125526,12/12/2025,COL,ARG,True,COL,379759,Matthew,Bernal,7,4,TIRO2,CONVERTIDO,,187,64
125526,12/12/2025,COL,ARG,True,COL,379759,Matthew,Bernal,7,4,TIRO3,FALLADO,,238,126
125526,12/12/2025,COL,ARG,True,COL,409484,Ezekiel,Suarez,8,4,TIRO3,CONVERTIDO,,9,45
125526,12/12/2025,COL,ARG,False,ARG,409021,Elias,Torrens,7,4,TIRO2,CONVERTIDO,,126,31
125526,12/12/2025,COL,ARG,True,COL,409481,Andres,Mateus,10,4,TIRO2,FALLADO,,126,38
125526,12/12/2025,COL,ARG,False,ARG,408870,Gonzalo,Aman,8,4,TIRO2,CONVERTIDO,,185,106
125526,12/12/2025,COL,ARG,True,COL,409484,Ezekiel,Suarez,8,4,TIRO2,FALLADO,,157,35
125526,12/12/2025,COL,ARG,True,COL,409481,Andres,Mateus,10,4,TIRO2,CONVERTIDO,,140,31
125526,12/12/2025,COL,ARG,True,COL,400857,Leonardo,Restrepo,5,4,TIRO3,FALLADO,,71,186
125526,12/12/2025,COL,ARG,False,ARG,409151,Santiago,Pettinaroli,14,4,TIRO3,FALLADO,,142,163
125526,12/12/2025,COL,ARG,True,COL,332119,Andres,Hernandez,24,4,TIRO3,FALLADO,,34,105
125526,12/12/2025,COL,ARG,True,COL,379759,Matthew,Bernal,7,4,TIRO2,CONVERTIDO,,156,34
125526,12/12/2025,COL,ARG,False,ARG,408871,Manuel,Hernandez,4,4,TIRO1,CONVERTIDO,,0,0
125526,12/12/2025,COL,ARG,False,ARG,408871,Manuel,Hernandez,4,4,TIRO1,FALLADO,,0,0
125526,12/12/2025,COL,ARG,False,ARG,408871,Manuel,Hernandez,4,4,TIRO2,FALLADO,,125,38
125526,12/12/2025,COL,ARG,False,ARG,409151,Santiago,Pettinaroli,14,4,TIRO1,CONVERTIDO,,0,0
125526,12/12/2025,COL,ARG,False,ARG,409151,Santiago,Pettinaroli,14,4,TIRO1,CONVERTIDO,,0,0
125526,12/12/2025,COL,ARG,True,COL,379759,Matthew,Bernal,7,4,TIRO1,CONVERTIDO,,0,0
125526,12/12/2025,COL,ARG,True,COL,379759,Matthew,Bernal,7,4,TIRO1,CONVERTIDO,,0,0
125526,12/12/2025,COL,ARG,False,ARG,408870,Gonzalo,Aman,8,4,TIRO1,FALLADO,,0,0
125526,12/12/2025,COL,ARG,False,ARG,408870,Gonzalo,Aman,8,4,TIRO1,FALLADO,,0,0
125526,12/12/2025,COL,ARG,True,COL,409484,Ezekiel,Suarez,8,4,TIRO3,FALLADO,,39,183
125527,10/12/2025,PAR,VEN,True,PAR,409401,Nestor,Gonzalez,21,1,TIRO2,CONVERTIDO,,145,30
125527,10/12/2025,PAR,VEN,False,VEN,409360,Juan,Perdomo,9,1,TIRO3,FALLADO,,242,146
125527,10/12/2025,PAR,VEN,False,VEN,409363,Richard,Segovia,4,1,TIRO2,CONVERTIDO,,127,15
125527,10/12/2025,PAR,VEN,True,PAR,409401,Nestor,Gonzalez,21,1,TIRO2,CONVERTIDO,,141,25
125527,10/12/2025,PAR,VEN,False,VEN,390925,Jose,Lara,7,1,TIRO2,FALLADO,,134,22
125527,10/12/2025,PAR,VEN,True,PAR,331730,Alejandro,Talavera,6,1,TIRO3,FALLADO,,31,144
125527,10/12/2025,PAR,VEN,False,VEN,409358,Samuel,Niño,23,1,TIRO2,CONVERTIDO,,146,24
125527,10/12/2025,PAR,VEN,False,VEN,409360,Juan,Perdomo,9,1,TIRO2,FALLADO,,130,24
125527,10/12/2025,PAR,VEN,True,PAR,331730,Alejandro,Talavera,6,1,TIRO3,CONVERTIDO,,43,143
125527,10/12/2025,PAR,VEN,False,VEN,409395,Jose,Carrizo,51,1,TIRO2,FALLADO,,204,17
125527,10/12/2025,PAR,VEN,False,VEN,409358,Samuel,Niño,23,1,TIRO2,CONVERTIDO,,135,27
125527,10/12/2025,PAR,VEN,True,PAR,409401,Nestor,Gonzalez,21,1,TIRO2,FALLADO,,66,43
125527,10/12/2025,PAR,VEN,False,VEN,409363,Richard,Segovia,4,1,TIRO3,FALLADO,,254,135
125527,10/12/2025,PAR,VEN,True,PAR,331738,Luis,Vera,5,1,TIRO3,CONVERTIDO,,245,150
125527,10/12/2025,PAR,VEN,False,VEN,409360,Juan,Perdomo,9,1,TIRO3,FALLADO,,9,33
125527,10/12/2025,PAR,VEN,True,PAR,331739,Mauricio,Escurra,14,1,TIRO2,FALLADO,,135,27
125527,10/12/2025,PAR,VEN,False,VEN,390925,Jose,Lara,7,1,TIRO3,FALLADO,,9,69
125527,10/12/2025,PAR,VEN,True,PAR,331738,Luis,Vera,5,1,TIRO2,CONVERTIDO,,152,9
125527,10/12/2025,PAR,VEN,False,VEN,409363,Richard,Segovia,4,1,TIRO2,CONVERTIDO,,149,139
125527,10/12/2025,PAR,VEN,True,PAR,409402,Roberto,Radice,3,1,TIRO3,FALLADO,,254,117
125527,10/12/2025,PAR,VEN,True,PAR,409402,Roberto,Radice,3,1,TIRO2,CONVERTIDO,,167,17
125527,10/12/2025,PAR,VEN,False,VEN,409363,Richard,Segovia,4,1,TIRO3,CONVERTIDO,,218,152
125527,10/12/2025,PAR,VEN,True,PAR,409401,Nestor,Gonzalez,21,1,TIRO2,CONVERTIDO,,145,33
125527,10/12/2025,PAR,VEN,False,VEN,409360,Juan,Perdomo,9,1,TIRO2,CONVERTIDO,,128,24
125527,10/12/2025,PAR,VEN,True,PAR,331738,Luis,Vera,5,1,TIRO2,CONVERTIDO,,134,53
125527,10/12/2025,PAR,VEN,False,VEN,409358,Samuel,Niño,23,1,TIRO2,FALLADO,,157,21
125527,10/12/2025,PAR,VEN,False,VEN,378576,Williams,Anillo,18,1,TIRO2,FALLADO,,127,44
125527,10/12/2025,PAR,VEN,True,PAR,409401,Nestor,Gonzalez,21,1,TIRO2,FALLADO,,215,46
125527,10/12/2025,PAR,VEN,False,VEN,378574,Julio,Vasquez,3,1,TIRO2,FALLADO,,149,66
125527,10/12/2025,PAR,VEN,True,PAR,331739,Mauricio,Escurra,14,1,TIRO2,CONVERTIDO,,137,22
125527,10/12/2025,PAR,VEN,False,VEN,378576,Williams,Anillo,18,1,TIRO2,CONVERTIDO,,134,29
125527,10/12/2025,PAR,VEN,False,VEN,378576,Williams,Anillo,18,1,TIRO1,CONVERTIDO,,0,0
125527,10/12/2025,PAR,VEN,True,PAR,331730,Alejandro,Talavera,6,1,TIRO3,FALLADO,,225,149
125527,10/12/2025,PAR,VEN,False,VEN,378577,Kevin,Gutierrez,14,1,TIRO2,CONVERTIDO,,142,29
125527,10/12/2025,PAR,VEN,True,PAR,331739,Mauricio,Escurra,14,1,TIRO2,CONVERTIDO,,141,18
125527,10/12/2025,PAR,VEN,False,VEN,356334,Diego,Soto,26,1,TIRO2,CONVERTIDO,,129,36
125527,10/12/2025,PAR,VEN,False,VEN,356334,Diego,Soto,26,1,TIRO1,FALLADO,,0,0
125527,10/12/2025,PAR,VEN,False,VEN,378576,Williams,Anillo,18,1,TIRO2,CONVERTIDO,,153,25
125527,10/12/2025,PAR,VEN,True,PAR,331739,Mauricio,Escurra,14,1,TIRO2,FALLADO,,142,14
125527,10/12/2025,PAR,VEN,True,PAR,409402,Roberto,Radice,3,1,TIRO1,CONVERTIDO,,0,0
125527,10/12/2025,PAR,VEN,True,PAR,409402,Roberto,Radice,3,1,TIRO1,FALLADO,,0,0
125527,10/12/2025,PAR,VEN,True,PAR,331738,Luis,Vera,5,2,TIRO3,FALLADO,,25,127
125527,10/12/2025,PAR,VEN,True,PAR,409402,Roberto,Radice,3,2,TIRO3,FALLADO,,272,19
125527,10/12/2025,PAR,VEN,False,VEN,378577,Kevin,Gutierrez,14,2,TIRO2,FALLADO,,122,19
125527,10/12/2025,PAR,VEN,True,PAR,409401,Nestor,Gonzalez,21,2,TIRO2,FALLADO,,128,33
125527,10/12/2025,PAR,VEN,True,PAR,409401,Nestor,Gonzalez,21,2,TIRO2,FALLADO,,159,36
125527,10/12/2025,PAR,VEN,False,VEN,409363,Richard,Segovia,4,2,TIRO3,FALLADO,,237,154
125527,10/12/2025,PAR,VEN,False,VEN,409363,Richard,Segovia,4,2,TIRO2,CONVERTIDO,,81,44
125527,10/12/2025,PAR,VEN,True,PAR,331739,Mauricio,Escurra,14,2,TIRO3,FALLADO,,258,127
125527,10/12/2025,PAR,VEN,True,PAR,409402,Roberto,Radice,3,2,TIRO2,FALLADO,,145,16
125527,10/12/2025,PAR,VEN,True,PAR,409401,Nestor,Gonzalez,21,2,TIRO2,CONVERTIDO,,158,16
125527,10/12/2025,PAR,VEN,False,VEN,409360,Juan,Perdomo,9,2,TIRO3,FALLADO,,269,22
125527,10/12/2025,PAR,VEN,True,PAR,331739,Mauricio,Escurra,14,2,TIRO2,FALLADO,,234,88
125527,10/12/2025,PAR,VEN,False,VEN,378577,Kevin,Gutierrez,14,2,TIRO1,FALLADO,,0,0
125527,10/12/2025,PAR,VEN,False,VEN,378577,Kevin,Gutierrez,14,2,TIRO1,CONVERTIDO,,0,0
125527,10/12/2025,PAR,VEN,False,VEN,390925,Jose,Lara,7,2,TIRO2,FALLADO,,140,25
125527,10/12/2025,PAR,VEN,True,PAR,331738,Luis,Vera,5,2,TIRO2,FALLADO,,54,35
125527,10/12/2025,PAR,VEN,False,VEN,378577,Kevin,Gutierrez,14,2,TIRO2,FALLADO,,161,30
125527,10/12/2025,PAR,VEN,True,PAR,331738,Luis,Vera,5,2,TIRO1,FALLADO,,0,0
125527,10/12/2025,PAR,VEN,True,PAR,331738,Luis,Vera,5,2,TIRO1,FALLADO,,0,0
125527,10/12/2025,PAR,VEN,False,VEN,409398,Isaac,Montero,20,2,TIRO2,CONVERTIDO,,132,34
125527,10/12/2025,PAR,VEN,True,PAR,331738,Luis,Vera,5,2,TIRO3,FALLADO,,138,196
125527,10/12/2025,PAR,VEN,False,VEN,409398,Isaac,Montero,20,2,TIRO2,FALLADO,,126,28
125527,10/12/2025,PAR,VEN,False,VEN,409360,Juan,Perdomo,9,2,TIRO2,FALLADO,,133,29
125527,10/12/2025,PAR,VEN,False,VEN,390925,Jose,Lara,7,2,TIRO2,FALLADO,,129,12
125527,10/12/2025,PAR,VEN,True,PAR,401331,Maximiliano,Gimenez,34,2,TIRO3,FALLADO,,38,139
125527,10/12/2025,PAR,VEN,True,PAR,409401,Nestor,Gonzalez,21,2,TIRO2,CONVERTIDO,,145,19
125527,10/12/2025,PAR,VEN,False,VEN,378577,Kevin,Gutierrez,14,2,TIRO1,FALLADO,,0,0
125527,10/12/2025,PAR,VEN,False,VEN,378577,Kevin,Gutierrez,14,2,TIRO1,FALLADO,,0,0
125527,10/12/2025,PAR,VEN,True,PAR,331739,Mauricio,Escurra,14,2,TIRO3,CONVERTIDO,,267,90
125527,10/12/2025,PAR,VEN,False,VEN,378574,Julio,Vasquez,3,2,TIRO2,FALLADO,,93,119
125527,10/12/2025,PAR,VEN,True,PAR,331730,Alejandro,Talavera,6,2,TIRO3,FALLADO,,48,153
125527,10/12/2025,PAR,VEN,False,VEN,409360,Juan,Perdomo,9,2,TIRO2,FALLADO,,206,46
125527,10/12/2025,PAR,VEN,True,PAR,331739,Mauricio,Escurra,14,2,TIRO3,CONVERTIDO,,269,25
125527,10/12/2025,PAR,VEN,True,PAR,331739,Mauricio,Escurra,14,2,TIRO2,FALLADO,,128,22
125527,10/12/2025,PAR,VEN,True,PAR,409402,Roberto,Radice,3,2,TIRO3,CONVERTIDO,,24,119
125527,10/12/2025,PAR,VEN,False,VEN,378574,Julio,Vasquez,3,2,TIRO3,FALLADO,,240,128
125527,10/12/2025,PAR,VEN,True,PAR,401331,Maximiliano,Gimenez,34,2,TIRO3,FALLADO,,224,142
125527,10/12/2025,PAR,VEN,False,VEN,409358,Samuel,Niño,23,2,TIRO3,FALLADO,,9,26
125527,10/12/2025,PAR,VEN,False,VEN,409360,Juan,Perdomo,9,2,TIRO3,CONVERTIDO,,44,144
125527,10/12/2025,PAR,VEN,True,PAR,331739,Mauricio,Escurra,14,2,TIRO2,FALLADO,,151,10
125527,10/12/2025,PAR,VEN,False,VEN,378579,Deiker,Torres,2,2,TIRO1,FALLADO,,0,0
125527,10/12/2025,PAR,VEN,False,VEN,378579,Deiker,Torres,2,2,TIRO1,FALLADO,,0,0
125527,10/12/2025,PAR,VEN,False,VEN,390925,Jose,Lara,7,3,TIRO2,FALLADO,,147,21
125527,10/12/2025,PAR,VEN,True,PAR,331738,Luis,Vera,5,3,TIRO3,FALLADO,,8,62
125527,10/12/2025,PAR,VEN,True,PAR,331738,Luis,Vera,5,3,TIRO3,FALLADO,,241,135
125527,10/12/2025,PAR,VEN,False,VEN,409360,Juan,Perdomo,9,3,TIRO2,CONVERTIDO,,143,25
125527,10/12/2025,PAR,VEN,True,PAR,409401,Nestor,Gonzalez,21,3,TIRO2,CONVERTIDO,,123,26
125527,10/12/2025,PAR,VEN,True,PAR,331730,Alejandro,Talavera,6,3,TIRO3,CONVERTIDO,,31,131
125527,10/12/2025,PAR,VEN,False,VEN,390925,Jose,Lara,7,3,TIRO3,FALLADO,,243,143
125527,10/12/2025,PAR,VEN,True,PAR,331738,Luis,Vera,5,3,TIRO3,FALLADO,,9,32
125527,10/12/2025,PAR,VEN,False,VEN,378579,Deiker,Torres,2,3,TIRO3,CONVERTIDO,,161,174
125527,10/12/2025,PAR,VEN,True,PAR,331730,Alejandro,Talavera,6,3,TIRO3,CONVERTIDO,,155,172
125527,10/12/2025,PAR,VEN,True,PAR,331738,Luis,Vera,5,3,TIRO2,CONVERTIDO,,74,58
125527,10/12/2025,PAR,VEN,True,PAR,331730,Alejandro,Talavera,6,3,TIRO3,FALLADO,,246,143
125527,10/12/2025,PAR,VEN,False,VEN,378579,Deiker,Torres,2,3,TIRO2,FALLADO,,164,23
125527,10/12/2025,PAR,VEN,False,VEN,378577,Kevin,Gutierrez,14,3,TIRO3,FALLADO,,205,139
125527,10/12/2025,PAR,VEN,True,PAR,331739,Mauricio,Escurra,14,3,TIRO3,FALLADO,,232,143
125527,10/12/2025,PAR,VEN,False,VEN,378574,Julio,Vasquez,3,3,TIRO1,FALLADO,,0,0
125527,10/12/2025,PAR,VEN,False,VEN,378574,Julio,Vasquez,3,3,TIRO1,CONVERTIDO,,0,0
125527,10/12/2025,PAR,VEN,False,VEN,378577,Kevin,Gutierrez,14,3,TIRO2,CONVERTIDO,,149,42
125527,10/12/2025,PAR,VEN,True,PAR,409402,Roberto,Radice,3,3,TIRO3,FALLADO,,270,27
125527,10/12/2025,PAR,VEN,False,VEN,378577,Kevin,Gutierrez,14,3,TIRO3,CONVERTIDO,,29,119
125527,10/12/2025,PAR,VEN,True,PAR,409402,Roberto,Radice,3,3,TIRO3,FALLADO,,36,143
125527,10/12/2025,PAR,VEN,True,PAR,331738,Luis,Vera,5,3,TIRO2,FALLADO,,176,34
125527,10/12/2025,PAR,VEN,True,PAR,331738,Luis,Vera,5,3,TIRO2,CONVERTIDO,,212,120
125527,10/12/2025,PAR,VEN,False,VEN,378574,Julio,Vasquez,3,3,TIRO1,FALLADO,,0,0
125527,10/12/2025,PAR,VEN,False,VEN,378574,Julio,Vasquez,3,3,TIRO1,CONVERTIDO,,0,0
125527,10/12/2025,PAR,VEN,True,PAR,379182,Ezequiel,Cuellar,81,3,TIRO3,FALLADO,,10,48
125527,10/12/2025,PAR,VEN,False,VEN,356334,Diego,Soto,26,3,TIRO2,FALLADO,,150,18
125527,10/12/2025,PAR,VEN,True,PAR,409402,Roberto,Radice,3,3,TIRO2,FALLADO,,217,57
125527,10/12/2025,PAR,VEN,False,VEN,378577,Kevin,Gutierrez,14,3,TIRO2,FALLADO,,123,23
125527,10/12/2025,PAR,VEN,False,VEN,409398,Isaac,Montero,20,3,TIRO1,CONVERTIDO,,0,0
125527,10/12/2025,PAR,VEN,False,VEN,409398,Isaac,Montero,20,3,TIRO1,CONVERTIDO,,0,0
125527,10/12/2025,PAR,VEN,True,PAR,331739,Mauricio,Escurra,14,3,TIRO2,FALLADO,,126,34
125527,10/12/2025,PAR,VEN,False,VEN,378577,Kevin,Gutierrez,14,3,TIRO3,FALLADO,,62,146
125527,10/12/2025,PAR,VEN,False,VEN,378576,Williams,Anillo,18,3,TIRO3,CONVERTIDO,,48,127
125527,10/12/2025,PAR,VEN,True,PAR,331730,Alejandro,Talavera,6,3,TIRO3,CONVERTIDO,,110,224
125527,10/12/2025,PAR,VEN,False,VEN,378576,Williams,Anillo,18,3,TIRO3,FALLADO,,278,24
125527,10/12/2025,PAR,VEN,True,PAR,331730,Alejandro,Talavera,6,3,TIRO1,FALLADO,,0,0
125527,10/12/2025,PAR,VEN,True,PAR,331730,Alejandro,Talavera,6,3,TIRO1,CONVERTIDO,,0,0
125527,10/12/2025,PAR,VEN,False,VEN,378579,Deiker,Torres,2,3,TIRO2,FALLADO,,149,26
125527,10/12/2025,PAR,VEN,False,VEN,409358,Samuel,Niño,23,3,TIRO2,FALLADO,,128,13
125527,10/12/2025,PAR,VEN,False,VEN,390925,Jose,Lara,7,3,TIRO3,FALLADO,,12,23
125527,10/12/2025,PAR,VEN,True,PAR,331730,Alejandro,Talavera,6,3,TIRO2,FALLADO,,125,25
125527,10/12/2025,PAR,VEN,False,VEN,378579,Deiker,Torres,2,3,TIRO3,FALLADO,,146,191
125527,10/12/2025,PAR,VEN,False,VEN,409360,Juan,Perdomo,9,4,TIRO3,FALLADO,,39,134
125527,10/12/2025,PAR,VEN,True,PAR,331730,Alejandro,Talavera,6,4,TIRO3,FALLADO,,32,123
125527,10/12/2025,PAR,VEN,True,PAR,379182,Ezequiel,Cuellar,81,4,TIRO2,CONVERTIDO,,140,31
125527,10/12/2025,PAR,VEN,False,VEN,378577,Kevin,Gutierrez,14,4,TIRO1,CONVERTIDO,,0,0
125527,10/12/2025,PAR,VEN,False,VEN,378577,Kevin,Gutierrez,14,4,TIRO1,FALLADO,,0,0
125527,10/12/2025,PAR,VEN,True,PAR,379182,Ezequiel,Cuellar,81,4,TIRO3,CONVERTIDO,,33,141
125527,10/12/2025,PAR,VEN,False,VEN,409360,Juan,Perdomo,9,4,TIRO2,FALLADO,,126,33
125527,10/12/2025,PAR,VEN,False,VEN,409360,Juan,Perdomo,9,4,TIRO2,FALLADO,,138,23
125527,10/12/2025,PAR,VEN,False,VEN,378577,Kevin,Gutierrez,14,4,TIRO2,CONVERTIDO,,140,31
125527,10/12/2025,PAR,VEN,False,VEN,409363,Richard,Segovia,4,4,TIRO2,FALLADO,,186,93
125527,10/12/2025,PAR,VEN,False,VEN,409363,Richard,Segovia,4,4,TIRO1,CONVERTIDO,,0,0
125527,10/12/2025,PAR,VEN,False,VEN,409363,Richard,Segovia,4,4,TIRO1,FALLADO,,0,0
125527,10/12/2025,PAR,VEN,True,PAR,409401,Nestor,Gonzalez,21,4,TIRO2,CONVERTIDO,,127,24
125527,10/12/2025,PAR,VEN,True,PAR,409401,Nestor,Gonzalez,21,4,TIRO1,CONVERTIDO,,0,0
125527,10/12/2025,PAR,VEN,False,VEN,378576,Williams,Anillo,18,4,TIRO2,FALLADO,,145,46
125527,10/12/2025,PAR,VEN,False,VEN,378579,Deiker,Torres,2,4,TIRO2,FALLADO,,156,28
125527,10/12/2025,PAR,VEN,True,PAR,409401,Nestor,Gonzalez,21,4,TIRO2,FALLADO,,139,42
125527,10/12/2025,PAR,VEN,False,VEN,378574,Julio,Vasquez,3,4,TIRO2,CONVERTIDO,,156,13
125527,10/12/2025,PAR,VEN,True,PAR,401331,Maximiliano,Gimenez,34,4,TIRO3,FALLADO,,7,45
125527,10/12/2025,PAR,VEN,True,PAR,331739,Mauricio,Escurra,14,4,TIRO2,CONVERTIDO,,140,31
125527,10/12/2025,PAR,VEN,False,VEN,378577,Kevin,Gutierrez,14,4,TIRO2,FALLADO,,147,22
125527,10/12/2025,PAR,VEN,True,PAR,409401,Nestor,Gonzalez,21,4,TIRO2,FALLADO,,130,32
125527,10/12/2025,PAR,VEN,False,VEN,378574,Julio,Vasquez,3,4,TIRO2,FALLADO,,196,61
125527,10/12/2025,PAR,VEN,False,VEN,378574,Julio,Vasquez,3,4,TIRO2,FALLADO,,157,26
125527,10/12/2025,PAR,VEN,True,PAR,331730,Alejandro,Talavera,6,4,TIRO2,FALLADO,,146,18
125527,10/12/2025,PAR,VEN,False,VEN,378579,Deiker,Torres,2,4,TIRO3,FALLADO,,246,121
125527,10/12/2025,PAR,VEN,True,PAR,401331,Maximiliano,Gimenez,34,4,TIRO3,FALLADO,,12,71
125527,10/12/2025,PAR,VEN,False,VEN,378579,Deiker,Torres,2,4,TIRO2,FALLADO,,147,27
125527,10/12/2025,PAR,VEN,True,PAR,331739,Mauricio,Escurra,14,4,TIRO2,CONVERTIDO,,130,32
125527,10/12/2025,PAR,VEN,False,VEN,378579,Deiker,Torres,2,4,TIRO3,FALLADO,,213,147
125527,10/12/2025,PAR,VEN,True,PAR,331739,Mauricio,Escurra,14,4,TIRO2,FALLADO,,129,29
125527,10/12/2025,PAR,VEN,False,VEN,378577,Kevin,Gutierrez,14,4,TIRO3,FALLADO,,40,121
125527,10/12/2025,PAR,VEN,True,PAR,331738,Luis,Vera,5,4,TIRO2,FALLADO,,56,50
125527,10/12/2025,PAR,VEN,False,VEN,378579,Deiker,Torres,2,4,TIRO2,CONVERTIDO,,128,26
125527,10/12/2025,PAR,VEN,False,VEN,409363,Richard,Segovia,4,4,TIRO1,CONVERTIDO,,0,0
125527,10/12/2025,PAR,VEN,True,PAR,331730,Alejandro,Talavera,6,4,TIRO3,FALLADO,,267,107
125527,10/12/2025,PAR,VEN,True,PAR,331738,Luis,Vera,5,4,TIRO2,FALLADO,,140,12
125527,10/12/2025,PAR,VEN,False,VEN,378577,Kevin,Gutierrez,14,4,TIRO2,FALLADO,,164,30
125527,10/12/2025,PAR,VEN,False,VEN,378577,Kevin,Gutierrez,14,4,TIRO2,FALLADO,,157,25
125527,10/12/2025,PAR,VEN,False,VEN,378577,Kevin,Gutierrez,14,4,TIRO2,FALLADO,,149,37
125527,10/12/2025,PAR,VEN,True,PAR,331738,Luis,Vera,5,4,TIRO2,FALLADO,,100,106
125527,10/12/2025,PAR,VEN,True,PAR,331738,Luis,Vera,5,4,TIRO2,CONVERTIDO,,109,19
125527,10/12/2025,PAR,VEN,True,PAR,331738,Luis,Vera,5,4,TIRO1,CONVERTIDO,,0,0
125527,10/12/2025,PAR,VEN,True,PAR,401331,Maximiliano,Gimenez,34,4,TIRO2,FALLADO,,132,23
125527,10/12/2025,PAR,VEN,False,VEN,378576,Williams,Anillo,18,4,TIRO3,FALLADO,,12,15
125527,10/12/2025,PAR,VEN,True,PAR,331739,Mauricio,Escurra,14,4,TIRO1,FALLADO,,0,0
125527,10/12/2025,PAR,VEN,True,PAR,331739,Mauricio,Escurra,14,4,TIRO1,FALLADO,,0,0
125527,10/12/2025,PAR,VEN,False,VEN,409360,Juan,Perdomo,9,4,TIRO2,CONVERTIDO,,211,22
125527,10/12/2025,PAR,VEN,True,PAR,331739,Mauricio,Escurra,14,4,TIRO3,FALLADO,,265,86
125528,10/12/2025,BRA,CHI,True,BRA,330047,Pedro,Souza,25,1,TIRO2,FALLADO,,148,22
125528,10/12/2025,BRA,CHI,False,CHI,409018,Mateo,Velásquez,15,1,TIRO2,CONVERTIDO,,126,55
125528,10/12/2025,BRA,CHI,True,BRA,374721,Eduardo,Santos,50,1,TIRO2,FALLADO,,130,112
125528,10/12/2025,BRA,CHI,True,BRA,330047,Pedro,Souza,25,1,TIRO2,FALLADO,,143,22
125528,10/12/2025,BRA,CHI,True,BRA,406939,Cristian,Ferreira,33,1,TIRO2,CONVERTIDO,,140,31
125528,10/12/2025,BRA,CHI,False,CHI,409016,Mathias,Hitschfeld,4,1,TIRO2,FALLADO,,136,116
125528,10/12/2025,BRA,CHI,False,CHI,331346,Francisco,Saravia,10,1,TIRO2,FALLADO,,128,38
125528,10/12/2025,BRA,CHI,True,BRA,374721,Eduardo,Santos,50,1,TIRO3,CONVERTIDO,,264,84
125528,10/12/2025,BRA,CHI,False,CHI,329193,Agustin,Echeverria,8,1,TIRO3,FALLADO,,244,146
125528,10/12/2025,BRA,CHI,True,BRA,330039,Joao,Neves,14,1,TIRO2,CONVERTIDO,,158,13
125528,10/12/2025,BRA,CHI,True,BRA,374721,Eduardo,Santos,50,1,TIRO2,CONVERTIDO,,158,22
125528,10/12/2025,BRA,CHI,True,BRA,374721,Eduardo,Santos,50,1,TIRO1,FALLADO,,0,0
125528,10/12/2025,BRA,CHI,True,BRA,330039,Joao,Neves,14,1,TIRO3,FALLADO,,224,144
125528,10/12/2025,BRA,CHI,True,BRA,374721,Eduardo,Santos,50,1,TIRO3,FALLADO,,161,167
125528,10/12/2025,BRA,CHI,False,CHI,350728,Pedro,Stuardo,9,1,TIRO2,CONVERTIDO,,165,19
125528,10/12/2025,BRA,CHI,True,BRA,330039,Joao,Neves,14,1,TIRO2,CONVERTIDO,,140,29
125528,10/12/2025,BRA,CHI,False,CHI,409010,Mateo,Castro,3,1,TIRO3,CONVERTIDO,,6,43
125528,10/12/2025,BRA,CHI,True,BRA,405101,Pietro,Melo,10,1,TIRO3,CONVERTIDO,,249,165
125528,10/12/2025,BRA,CHI,False,CHI,356339,Maximiliano,Quezada,17,1,TIRO2,FALLADO,,127,33
125528,10/12/2025,BRA,CHI,False,CHI,356339,Maximiliano,Quezada,17,1,TIRO2,FALLADO,,130,32
125528,10/12/2025,BRA,CHI,False,CHI,409010,Mateo,Castro,3,1,TIRO2,CONVERTIDO,,113,16
125528,10/12/2025,BRA,CHI,True,BRA,405101,Pietro,Melo,10,1,TIRO3,CONVERTIDO,,11,20
125528,10/12/2025,BRA,CHI,False,CHI,377876,Tomas,La Rivera,2,1,TIRO2,CONVERTIDO,,64,78
125528,10/12/2025,BRA,CHI,True,BRA,405101,Pietro,Melo,10,1,TIRO3,FALLADO,,253,135
125528,10/12/2025,BRA,CHI,True,BRA,330047,Pedro,Souza,25,1,TIRO3,FALLADO,,268,68
125528,10/12/2025,BRA,CHI,False,CHI,409010,Mateo,Castro,3,1,TIRO1,CONVERTIDO,,0,0
125528,10/12/2025,BRA,CHI,False,CHI,409010,Mateo,Castro,3,1,TIRO1,FALLADO,,0,0
125528,10/12/2025,BRA,CHI,False,CHI,350728,Pedro,Stuardo,9,1,TIRO2,CONVERTIDO,,205,9
125528,10/12/2025,BRA,CHI,False,CHI,350728,Pedro,Stuardo,9,1,TIRO1,FALLADO,,0,0
125528,10/12/2025,BRA,CHI,False,CHI,409018,Mateo,Velásquez,15,1,TIRO2,CONVERTIDO,,143,33
125528,10/12/2025,BRA,CHI,True,BRA,374721,Eduardo,Santos,50,1,TIRO1,FALLADO,,0,0
125528,10/12/2025,BRA,CHI,True,BRA,374721,Eduardo,Santos,50,1,TIRO1,FALLADO,,0,0
125528,10/12/2025,BRA,CHI,True,BRA,331414,Isaiah,Santos,45,1,TIRO3,CONVERTIDO,,10,21
125528,10/12/2025,BRA,CHI,False,CHI,378907,Luis,Musrri,0,1,TIRO3,FALLADO,,225,146
125528,10/12/2025,BRA,CHI,False,CHI,350728,Pedro,Stuardo,9,1,TIRO2,CONVERTIDO,,123,28
125528,10/12/2025,BRA,CHI,True,BRA,331414,Isaiah,Santos,45,1,TIRO2,FALLADO,,168,20
125528,10/12/2025,BRA,CHI,True,BRA,330039,Joao,Neves,14,1,TIRO3,FALLADO,,218,170
125528,10/12/2025,BRA,CHI,True,BRA,331414,Isaiah,Santos,45,1,TIRO1,CONVERTIDO,,0,0
125528,10/12/2025,BRA,CHI,True,BRA,331414,Isaiah,Santos,45,1,TIRO1,FALLADO,,0,0
125528,10/12/2025,BRA,CHI,True,BRA,408792,Pedro,Alves,6,1,TIRO2,CONVERTIDO,,137,13
125528,10/12/2025,BRA,CHI,False,CHI,409010,Mateo,Castro,3,1,TIRO3,CONVERTIDO,,260,126
125528,10/12/2025,BRA,CHI,True,BRA,331414,Isaiah,Santos,45,1,TIRO3,CONVERTIDO,,6,31
125528,10/12/2025,BRA,CHI,False,CHI,350728,Pedro,Stuardo,9,1,TIRO2,FALLADO,,121,64
125528,10/12/2025,BRA,CHI,True,BRA,330039,Joao,Neves,14,1,TIRO3,FALLADO,,60,158
125528,10/12/2025,BRA,CHI,True,BRA,330039,Joao,Neves,14,2,TIRO3,FALLADO,,250,123
125528,10/12/2025,BRA,CHI,True,BRA,331414,Isaiah,Santos,45,2,TIRO2,FALLADO,,140,31
125528,10/12/2025,BRA,CHI,True,BRA,331414,Isaiah,Santos,45,2,TIRO2,CONVERTIDO,,168,18
125528,10/12/2025,BRA,CHI,False,CHI,409018,Mateo,Velásquez,15,2,TIRO2,FALLADO,,86,82
125528,10/12/2025,BRA,CHI,True,BRA,405108,Matheus,Nascimento,3,2,TIRO3,FALLADO,,274,18
125528,10/12/2025,BRA,CHI,True,BRA,405108,Matheus,Nascimento,3,2,TIRO2,CONVERTIDO,,164,27
125528,10/12/2025,BRA,CHI,False,CHI,378907,Luis,Musrri,0,2,TIRO2,CONVERTIDO,,149,23
125528,10/12/2025,BRA,CHI,True,BRA,405108,Matheus,Nascimento,3,2,TIRO3,FALLADO,,270,31
125528,10/12/2025,BRA,CHI,True,BRA,405103,João Marcelo,De Rinalde,99,2,TIRO2,CONVERTIDO,,140,31
125528,10/12/2025,BRA,CHI,False,CHI,378907,Luis,Musrri,0,2,TIRO3,FALLADO,,66,175
125528,10/12/2025,BRA,CHI,False,CHI,329193,Agustin,Echeverria,8,2,TIRO3,FALLADO,,14,76
125528,10/12/2025,BRA,CHI,True,BRA,330039,Joao,Neves,14,2,TIRO3,FALLADO,,264,91
125528,10/12/2025,BRA,CHI,False,CHI,329193,Agustin,Echeverria,8,2,TIRO2,FALLADO,,158,29
125528,10/12/2025,BRA,CHI,True,BRA,405100,João,Bandiera,11,2,TIRO3,FALLADO,,12,97
125528,10/12/2025,BRA,CHI,False,CHI,378907,Luis,Musrri,0,2,TIRO2,CONVERTIDO,,120,25
125528,10/12/2025,BRA,CHI,True,BRA,331414,Isaiah,Santos,45,2,TIRO3,FALLADO,,258,111
125528,10/12/2025,BRA,CHI,True,BRA,330047,Pedro,Souza,25,2,TIRO2,FALLADO,,168,103
125528,10/12/2025,BRA,CHI,True,BRA,361295,Joao Gabriel,Fernandes,8,2,TIRO3,FALLADO,,66,174
125528,10/12/2025,BRA,CHI,False,CHI,331346,Francisco,Saravia,10,2,TIRO2,FALLADO,,125,33
125528,10/12/2025,BRA,CHI,True,BRA,405101,Pietro,Melo,10,2,TIRO1,CONVERTIDO,,0,0
125528,10/12/2025,BRA,CHI,False,CHI,331346,Francisco,Saravia,10,2,TIRO2,FALLADO,,139,48
125528,10/12/2025,BRA,CHI,True,BRA,405101,Pietro,Melo,10,2,TIRO3,CONVERTIDO,,67,150
125528,10/12/2025,BRA,CHI,False,CHI,378907,Luis,Musrri,0,2,TIRO2,FALLADO,,130,23
125528,10/12/2025,BRA,CHI,True,BRA,330047,Pedro,Souza,25,2,TIRO1,FALLADO,,0,0
125528,10/12/2025,BRA,CHI,True,BRA,330047,Pedro,Souza,25,2,TIRO1,CONVERTIDO,,0,0
125528,10/12/2025,BRA,CHI,True,BRA,330047,Pedro,Souza,25,2,TIRO3,FALLADO,,66,163
125528,10/12/2025,BRA,CHI,True,BRA,405082,Caio,Mathias,2,2,TIRO3,FALLADO,,218,161
125528,10/12/2025,BRA,CHI,True,BRA,406939,Cristian,Ferreira,33,2,TIRO2,FALLADO,,130,0
125528,10/12/2025,BRA,CHI,True,BRA,406939,Cristian,Ferreira,33,2,TIRO2,FALLADO,,138,11
125528,10/12/2025,BRA,CHI,True,BRA,330047,Pedro,Souza,25,2,TIRO2,CONVERTIDO,,144,33
125528,10/12/2025,BRA,CHI,False,CHI,331346,Francisco,Saravia,10,2,TIRO3,CONVERTIDO,,42,156
125528,10/12/2025,BRA,CHI,False,CHI,331346,Francisco,Saravia,10,2,TIRO1,CONVERTIDO,,0,0
125528,10/12/2025,BRA,CHI,False,CHI,393122,Gabriel,Pachano,1,2,TIRO3,FALLADO,,200,165
125528,10/12/2025,BRA,CHI,True,BRA,361295,Joao Gabriel,Fernandes,8,2,TIRO3,FALLADO,,271,13
125528,10/12/2025,BRA,CHI,False,CHI,331346,Francisco,Saravia,10,2,TIRO2,CONVERTIDO,,118,25
125528,10/12/2025,BRA,CHI,True,BRA,405101,Pietro,Melo,10,2,TIRO3,CONVERTIDO,,60,159
125528,10/12/2025,BRA,CHI,False,CHI,356339,Maximiliano,Quezada,17,2,TIRO2,FALLADO,,137,56
125528,10/12/2025,BRA,CHI,True,BRA,405101,Pietro,Melo,10,2,TIRO2,FALLADO,,145,27
125528,10/12/2025,BRA,CHI,False,CHI,331346,Francisco,Saravia,10,2,TIRO2,FALLADO,,148,126
125528,10/12/2025,BRA,CHI,True,BRA,405108,Matheus,Nascimento,3,2,TIRO3,FALLADO,,273,21
125528,10/12/2025,BRA,CHI,True,BRA,331414,Isaiah,Santos,45,2,TIRO3,FALLADO,,133,180
125528,10/12/2025,BRA,CHI,True,BRA,330039,Joao,Neves,14,2,TIRO2,FALLADO,,171,48
125528,10/12/2025,BRA,CHI,True,BRA,331414,Isaiah,Santos,45,2,TIRO1,CONVERTIDO,,0,0
125528,10/12/2025,BRA,CHI,True,BRA,331414,Isaiah,Santos,45,2,TIRO1,FALLADO,,0,0
125528,10/12/2025,BRA,CHI,False,CHI,331346,Francisco,Saravia,10,2,TIRO2,FALLADO,,139,31
125528,10/12/2025,BRA,CHI,False,CHI,331346,Francisco,Saravia,10,2,TIRO2,CONVERTIDO,,122,33
125528,10/12/2025,BRA,CHI,True,BRA,331414,Isaiah,Santos,45,2,TIRO2,CONVERTIDO,,99,31
125528,10/12/2025,BRA,CHI,False,CHI,331346,Francisco,Saravia,10,2,TIRO2,CONVERTIDO,,116,23
125528,10/12/2025,BRA,CHI,True,BRA,405101,Pietro,Melo,10,2,TIRO3,FALLADO,,273,62
125528,10/12/2025,BRA,CHI,True,BRA,331414,Isaiah,Santos,45,2,TIRO2,FALLADO,,131,17
125528,10/12/2025,BRA,CHI,False,CHI,331346,Francisco,Saravia,10,2,TIRO2,FALLADO,,157,29
125528,10/12/2025,BRA,CHI,False,CHI,350728,Pedro,Stuardo,9,3,TIRO2,CONVERTIDO,,132,20
125528,10/12/2025,BRA,CHI,True,BRA,330039,Joao,Neves,14,3,TIRO3,CONVERTIDO,,37,144
125528,10/12/2025,BRA,CHI,False,CHI,350728,Pedro,Stuardo,9,3,TIRO2,CONVERTIDO,,228,114
125528,10/12/2025,BRA,CHI,True,BRA,374721,Eduardo,Santos,50,3,TIRO2,CONVERTIDO,,127,29
125528,10/12/2025,BRA,CHI,False,CHI,331346,Francisco,Saravia,10,3,TIRO2,FALLADO,,215,17
125528,10/12/2025,BRA,CHI,True,BRA,330039,Joao,Neves,14,3,TIRO3,FALLADO,,250,129
125528,10/12/2025,BRA,CHI,True,BRA,330047,Pedro,Souza,25,3,TIRO3,FALLADO,,176,180
125528,10/12/2025,BRA,CHI,False,CHI,409018,Mateo,Velásquez,15,3,TIRO3,FALLADO,,194,179
125528,10/12/2025,BRA,CHI,False,CHI,331346,Francisco,Saravia,10,3,TIRO1,CONVERTIDO,,0,0
125528,10/12/2025,BRA,CHI,False,CHI,331346,Francisco,Saravia,10,3,TIRO1,CONVERTIDO,,0,0
125528,10/12/2025,BRA,CHI,True,BRA,330047,Pedro,Souza,25,3,TIRO3,CONVERTIDO,,131,195
125528,10/12/2025,BRA,CHI,False,CHI,409010,Mateo,Castro,3,3,TIRO3,CONVERTIDO,,271,23
125528,10/12/2025,BRA,CHI,True,BRA,405101,Pietro,Melo,10,3,TIRO3,CONVERTIDO,,9,64
125528,10/12/2025,BRA,CHI,False,CHI,350728,Pedro,Stuardo,9,3,TIRO2,FALLADO,,166,2
125528,10/12/2025,BRA,CHI,False,CHI,331346,Francisco,Saravia,10,3,TIRO3,FALLADO,,205,147
125528,10/12/2025,BRA,CHI,True,BRA,374721,Eduardo,Santos,50,3,TIRO3,FALLADO,,23,113
125528,10/12/2025,BRA,CHI,False,CHI,350728,Pedro,Stuardo,9,3,TIRO2,FALLADO,,45,82
125528,10/12/2025,BRA,CHI,False,CHI,331346,Francisco,Saravia,10,3,TIRO2,CONVERTIDO,,153,20
125528,10/12/2025,BRA,CHI,True,BRA,330047,Pedro,Souza,25,3,TIRO3,CONVERTIDO,,89,183
125528,10/12/2025,BRA,CHI,False,CHI,350728,Pedro,Stuardo,9,3,TIRO3,FALLADO,,225,137
125528,10/12/2025,BRA,CHI,True,BRA,374721,Eduardo,Santos,50,3,TIRO1,FALLADO,,0,0
125528,10/12/2025,BRA,CHI,True,BRA,374721,Eduardo,Santos,50,3,TIRO1,FALLADO,,0,0
125528,10/12/2025,BRA,CHI,True,BRA,408792,Pedro,Alves,6,3,TIRO2,CONVERTIDO,,136,25
125528,10/12/2025,BRA,CHI,True,BRA,374721,Eduardo,Santos,50,3,TIRO1,CONVERTIDO,,0,0
125528,10/12/2025,BRA,CHI,True,BRA,374721,Eduardo,Santos,50,3,TIRO1,CONVERTIDO,,0,0
125528,10/12/2025,BRA,CHI,False,CHI,331346,Francisco,Saravia,10,3,TIRO3,FALLADO,,261,119
125528,10/12/2025,BRA,CHI,True,BRA,331414,Isaiah,Santos,45,3,TIRO2,CONVERTIDO,,131,34
125528,10/12/2025,BRA,CHI,False,CHI,331346,Francisco,Saravia,10,3,TIRO2,FALLADO,,159,59
125528,10/12/2025,BRA,CHI,True,BRA,405108,Matheus,Nascimento,3,3,TIRO3,FALLADO,,217,149
125528,10/12/2025,BRA,CHI,True,BRA,361295,Joao Gabriel,Fernandes,8,3,TIRO2,FALLADO,,39,88
125528,10/12/2025,BRA,CHI,True,BRA,331414,Isaiah,Santos,45,3,TIRO2,CONVERTIDO,,125,25
125528,10/12/2025,BRA,CHI,False,CHI,409018,Mateo,Velásquez,15,3,TIRO2,FALLADO,,149,127
125528,10/12/2025,BRA,CHI,True,BRA,331414,Isaiah,Santos,45,3,TIRO1,FALLADO,,0,0
125528,10/12/2025,BRA,CHI,True,BRA,331414,Isaiah,Santos,45,3,TIRO1,CONVERTIDO,,0,0
125528,10/12/2025,BRA,CHI,False,CHI,378907,Luis,Musrri,0,3,TIRO2,FALLADO,,155,47
125528,10/12/2025,BRA,CHI,False,CHI,378907,Luis,Musrri,0,3,TIRO2,FALLADO,,142,29
125528,10/12/2025,BRA,CHI,True,BRA,361295,Joao Gabriel,Fernandes,8,3,TIRO3,CONVERTIDO,,217,156
125528,10/12/2025,BRA,CHI,False,CHI,331346,Francisco,Saravia,10,3,TIRO2,FALLADO,,119,27
125528,10/12/2025,BRA,CHI,False,CHI,393122,Gabriel,Pachano,1,3,TIRO3,CONVERTIDO,,12,9
125528,10/12/2025,BRA,CHI,True,BRA,405100,João,Bandiera,11,3,TIRO3,CONVERTIDO,,31,122
125528,10/12/2025,BRA,CHI,False,CHI,378907,Luis,Musrri,0,3,TIRO2,FALLADO,,122,28
125528,10/12/2025,BRA,CHI,True,BRA,405108,Matheus,Nascimento,3,3,TIRO2,FALLADO,,163,35
125528,10/12/2025,BRA,CHI,False,CHI,378907,Luis,Musrri,0,3,TIRO2,FALLADO,,140,40
125528,10/12/2025,BRA,CHI,True,BRA,331414,Isaiah,Santos,45,3,TIRO3,FALLADO,,40,151
125528,10/12/2025,BRA,CHI,True,BRA,405100,João,Bandiera,11,3,TIRO3,FALLADO,,2,19
125528,10/12/2025,BRA,CHI,True,BRA,361295,Joao Gabriel,Fernandes,8,3,TIRO3,FALLADO,,224,143
125528,10/12/2025,BRA,CHI,False,CHI,393122,Gabriel,Pachano,1,3,TIRO1,CONVERTIDO,,0,0
125528,10/12/2025,BRA,CHI,False,CHI,393122,Gabriel,Pachano,1,3,TIRO1,CONVERTIDO,,0,0
125528,10/12/2025,BRA,CHI,False,CHI,350728,Pedro,Stuardo,9,3,TIRO2,CONVERTIDO,,141,25
125528,10/12/2025,BRA,CHI,False,CHI,409016,Mathias,Hitschfeld,4,4,TIRO2,FALLADO,,149,4
125528,10/12/2025,BRA,CHI,True,BRA,330047,Pedro,Souza,25,4,TIRO2,CONVERTIDO,,134,25
125528,10/12/2025,BRA,CHI,False,CHI,393122,Gabriel,Pachano,1,4,TIRO3,CONVERTIDO,,230,142
125528,10/12/2025,BRA,CHI,True,BRA,330039,Joao,Neves,14,4,TIRO3,FALLADO,,229,142
125528,10/12/2025,BRA,CHI,True,BRA,330047,Pedro,Souza,25,4,TIRO2,CONVERTIDO,,134,29
125528,10/12/2025,BRA,CHI,True,BRA,330047,Pedro,Souza,25,4,TIRO1,CONVERTIDO,,0,0
125528,10/12/2025,BRA,CHI,True,BRA,330047,Pedro,Souza,25,4,TIRO2,FALLADO,,115,29
125528,10/12/2025,BRA,CHI,False,CHI,350728,Pedro,Stuardo,9,4,TIRO2,CONVERTIDO,,156,29
125528,10/12/2025,BRA,CHI,True,BRA,406939,Cristian,Ferreira,33,4,TIRO2,FALLADO,,142,19
125528,10/12/2025,BRA,CHI,False,CHI,409016,Mathias,Hitschfeld,4,4,TIRO3,FALLADO,,263,109
125528,10/12/2025,BRA,CHI,False,CHI,376093,Tomas,Pino,7,4,TIRO2,FALLADO,,92,114
125528,10/12/2025,BRA,CHI,False,CHI,393122,Gabriel,Pachano,1,4,TIRO3,FALLADO,,12,15
125528,10/12/2025,BRA,CHI,False,CHI,393122,Gabriel,Pachano,1,4,TIRO2,CONVERTIDO,,158,13
125528,10/12/2025,BRA,CHI,True,BRA,330039,Joao,Neves,14,4,TIRO2,CONVERTIDO,,143,27
125528,10/12/2025,BRA,CHI,False,CHI,409016,Mathias,Hitschfeld,4,4,TIRO1,FALLADO,,0,0
125528,10/12/2025,BRA,CHI,False,CHI,409016,Mathias,Hitschfeld,4,4,TIRO1,CONVERTIDO,,0,0
125528,10/12/2025,BRA,CHI,True,BRA,361295,Joao Gabriel,Fernandes,8,4,TIRO3,FALLADO,,7,58
125528,10/12/2025,BRA,CHI,False,CHI,393122,Gabriel,Pachano,1,4,TIRO3,FALLADO,,246,149
125528,10/12/2025,BRA,CHI,True,BRA,405108,Matheus,Nascimento,3,4,TIRO3,FALLADO,,263,32
125528,10/12/2025,BRA,CHI,True,BRA,405101,Pietro,Melo,10,4,TIRO3,FALLADO,,248,135
125528,10/12/2025,BRA,CHI,False,CHI,409010,Mateo,Castro,3,4,TIRO3,FALLADO,,243,112
125528,10/12/2025,BRA,CHI,True,BRA,406939,Cristian,Ferreira,33,4,TIRO2,CONVERTIDO,,138,39
125528,10/12/2025,BRA,CHI,False,CHI,393122,Gabriel,Pachano,1,4,TIRO3,CONVERTIDO,,56,141
125528,10/12/2025,BRA,CHI,True,BRA,405108,Matheus,Nascimento,3,4,TIRO3,FALLADO,,269,46
125528,10/12/2025,BRA,CHI,True,BRA,405101,Pietro,Melo,10,4,TIRO3,FALLADO,,187,161
125528,10/12/2025,BRA,CHI,True,BRA,405108,Matheus,Nascimento,3,4,TIRO3,CONVERTIDO,,273,20
125528,10/12/2025,BRA,CHI,False,CHI,376093,Tomas,Pino,7,4,TIRO3,CONVERTIDO,,273,38
125528,10/12/2025,BRA,CHI,True,BRA,330039,Joao,Neves,14,4,TIRO3,FALLADO,,23,111
125528,10/12/2025,BRA,CHI,True,BRA,405101,Pietro,Melo,10,4,TIRO1,CONVERTIDO,,0,0
125528,10/12/2025,BRA,CHI,True,BRA,405101,Pietro,Melo,10,4,TIRO1,FALLADO,,0,0
125528,10/12/2025,BRA,CHI,True,BRA,331414,Isaiah,Santos,45,4,TIRO2,FALLADO,,40,73
125528,10/12/2025,BRA,CHI,False,CHI,393122,Gabriel,Pachano,1,4,TIRO2,CONVERTIDO,,159,0
125528,10/12/2025,BRA,CHI,True,BRA,405108,Matheus,Nascimento,3,4,TIRO3,FALLADO,,272,30
125528,10/12/2025,BRA,CHI,True,BRA,374721,Eduardo,Santos,50,4,TIRO2,CONVERTIDO,,140,31
125528,10/12/2025,BRA,CHI,False,CHI,393122,Gabriel,Pachano,1,4,TIRO2,FALLADO,,213,59
125528,10/12/2025,BRA,CHI,True,BRA,374721,Eduardo,Santos,50,4,TIRO2,CONVERTIDO,,111,27
125528,10/12/2025,BRA,CHI,False,CHI,409018,Mateo,Velásquez,15,4,TIRO3,FALLADO,,54,149
125528,10/12/2025,BRA,CHI,True,BRA,405100,João,Bandiera,11,4,TIRO3,CONVERTIDO,,108,170
125528,10/12/2025,BRA,CHI,False,CHI,378907,Luis,Musrri,0,4,TIRO3,FALLADO,,31,121
125528,10/12/2025,BRA,CHI,True,BRA,374721,Eduardo,Santos,50,4,TIRO2,CONVERTIDO,,128,51
125528,10/12/2025,BRA,CHI,True,BRA,374721,Eduardo,Santos,50,4,TIRO1,CONVERTIDO,,0,0
125528,10/12/2025,BRA,CHI,False,CHI,331346,Francisco,Saravia,10,4,TIRO3,FALLADO,,18,94
125528,10/12/2025,BRA,CHI,False,CHI,409018,Mateo,Velásquez,15,4,TIRO2,FALLADO,,149,17
125528,10/12/2025,BRA,CHI,True,BRA,331414,Isaiah,Santos,45,4,TIRO2,CONVERTIDO,,127,37
125528,10/12/2025,BRA,CHI,False,CHI,378907,Luis,Musrri,0,4,TIRO1,FALLADO,,0,0
125528,10/12/2025,BRA,CHI,False,CHI,378907,Luis,Musrri,0,4,TIRO1,CONVERTIDO,,0,0
125528,10/12/2025,BRA,CHI,True,BRA,405100,João,Bandiera,11,4,TIRO2,FALLADO,,146,35
125528,10/12/2025,BRA,CHI,True,BRA,405103,João Marcelo,De Rinalde,99,4,TIRO2,FALLADO,,125,32
125528,10/12/2025,BRA,CHI,True,BRA,331414,Isaiah,Santos,45,4,TIRO3,FALLADO,,32,128
125528,10/12/2025,BRA,CHI,False,CHI,377876,Tomas,La Rivera,2,4,TIRO3,FALLADO,,250,126
125529,11/12/2025,CHI,PAR,False,PAR,331730,Alejandro,Talavera,6,1,TIRO2,CONVERTIDO,,121,29
125529,11/12/2025,CHI,PAR,True,CHI,393122,Gabriel,Pachano,1,1,TIRO2,CONVERTIDO,,157,25
125529,11/12/2025,CHI,PAR,False,PAR,409401,Nestor,Gonzalez,21,1,TIRO2,FALLADO,,221,78
125529,11/12/2025,CHI,PAR,True,CHI,331346,Francisco,Saravia,10,1,TIRO1,CONVERTIDO,,0,0
125529,11/12/2025,CHI,PAR,True,CHI,331346,Francisco,Saravia,10,1,TIRO1,CONVERTIDO,,0,0
125529,11/12/2025,CHI,PAR,True,CHI,393122,Gabriel,Pachano,1,1,TIRO3,CONVERTIDO,,270,73
125529,11/12/2025,CHI,PAR,False,PAR,409401,Nestor,Gonzalez,21,1,TIRO2,FALLADO,,67,53
125529,11/12/2025,CHI,PAR,True,CHI,393122,Gabriel,Pachano,1,1,TIRO2,CONVERTIDO,,60,57
125529,11/12/2025,CHI,PAR,False,PAR,409401,Nestor,Gonzalez,21,1,TIRO2,FALLADO,,153,25
125529,11/12/2025,CHI,PAR,True,CHI,409010,Mateo,Castro,3,1,TIRO3,FALLADO,,233,138
125529,11/12/2025,CHI,PAR,False,PAR,331739,Mauricio,Escurra,14,1,TIRO2,CONVERTIDO,,155,38
125529,11/12/2025,CHI,PAR,False,PAR,331739,Mauricio,Escurra,14,1,TIRO1,CONVERTIDO,,0,0
125529,11/12/2025,CHI,PAR,True,CHI,331346,Francisco,Saravia,10,1,TIRO3,FALLADO,,18,101
125529,11/12/2025,CHI,PAR,False,PAR,331730,Alejandro,Talavera,6,1,TIRO3,CONVERTIDO,,92,160
125529,11/12/2025,CHI,PAR,True,CHI,350728,Pedro,Stuardo,9,1,TIRO2,FALLADO,,29,52
125529,11/12/2025,CHI,PAR,True,CHI,409010,Mateo,Castro,3,1,TIRO2,CONVERTIDO,,140,31
125529,11/12/2025,CHI,PAR,False,PAR,409401,Nestor,Gonzalez,21,1,TIRO3,CONVERTIDO,,66,149
125529,11/12/2025,CHI,PAR,True,CHI,350728,Pedro,Stuardo,9,1,TIRO2,CONVERTIDO,,148,36
125529,11/12/2025,CHI,PAR,True,CHI,331346,Francisco,Saravia,10,1,TIRO2,FALLADO,,165,75
125529,11/12/2025,CHI,PAR,False,PAR,409401,Nestor,Gonzalez,21,1,TIRO2,CONVERTIDO,,115,23
125529,11/12/2025,CHI,PAR,True,CHI,350728,Pedro,Stuardo,9,1,TIRO1,FALLADO,,0,0
125529,11/12/2025,CHI,PAR,True,CHI,350728,Pedro,Stuardo,9,1,TIRO1,FALLADO,,0,0
125529,11/12/2025,CHI,PAR,False,PAR,331739,Mauricio,Escurra,14,1,TIRO3,CONVERTIDO,,72,149
125529,11/12/2025,CHI,PAR,True,CHI,409010,Mateo,Castro,3,1,TIRO3,FALLADO,,248,108
125529,11/12/2025,CHI,PAR,True,CHI,350728,Pedro,Stuardo,9,1,TIRO2,FALLADO,,150,37
125529,11/12/2025,CHI,PAR,False,PAR,331739,Mauricio,Escurra,14,1,TIRO1,CONVERTIDO,,0,0
125529,11/12/2025,CHI,PAR,False,PAR,331739,Mauricio,Escurra,14,1,TIRO1,CONVERTIDO,,0,0
125529,11/12/2025,CHI,PAR,True,CHI,378907,Luis,Musrri,0,1,TIRO2,FALLADO,,137,49
125529,11/12/2025,CHI,PAR,True,CHI,350728,Pedro,Stuardo,9,1,TIRO2,CONVERTIDO,,121,27
125529,11/12/2025,CHI,PAR,True,CHI,377876,Tomas,La Rivera,2,1,TIRO3,FALLADO,,43,132
125529,11/12/2025,CHI,PAR,False,PAR,331739,Mauricio,Escurra,14,1,TIRO2,FALLADO,,132,58
125529,11/12/2025,CHI,PAR,False,PAR,409402,Roberto,Radice,3,1,TIRO3,FALLADO,,36,121
125529,11/12/2025,CHI,PAR,True,CHI,329193,Agustin,Echeverria,8,1,TIRO3,FALLADO,,216,145
125529,11/12/2025,CHI,PAR,False,PAR,409403,Richard,Hachen,15,1,TIRO1,FALLADO,,0,0
125529,11/12/2025,CHI,PAR,False,PAR,409403,Richard,Hachen,15,1,TIRO1,CONVERTIDO,,0,0
125529,11/12/2025,CHI,PAR,False,PAR,379238,Juan,Vazquez,9,1,TIRO2,CONVERTIDO,,115,31
125529,11/12/2025,CHI,PAR,True,CHI,329193,Agustin,Echeverria,8,1,TIRO3,FALLADO,,31,108
125529,11/12/2025,CHI,PAR,False,PAR,401331,Maximiliano,Gimenez,34,1,TIRO1,FALLADO,,0,0
125529,11/12/2025,CHI,PAR,False,PAR,401331,Maximiliano,Gimenez,34,1,TIRO1,FALLADO,,0,0
125529,11/12/2025,CHI,PAR,False,PAR,331739,Mauricio,Escurra,14,1,TIRO1,CONVERTIDO,,0,0
125529,11/12/2025,CHI,PAR,False,PAR,331739,Mauricio,Escurra,14,1,TIRO1,CONVERTIDO,,0,0
125529,11/12/2025,CHI,PAR,True,CHI,331346,Francisco,Saravia,10,2,TIRO3,FALLADO,,12,82
125529,11/12/2025,CHI,PAR,False,PAR,379238,Juan,Vazquez,9,2,TIRO2,CONVERTIDO,,159,25
125529,11/12/2025,CHI,PAR,True,CHI,350728,Pedro,Stuardo,9,2,TIRO2,FALLADO,,123,32
125529,11/12/2025,CHI,PAR,False,PAR,409401,Nestor,Gonzalez,21,2,TIRO2,FALLADO,,123,46
125529,11/12/2025,CHI,PAR,True,CHI,329193,Agustin,Echeverria,8,2,TIRO2,FALLADO,,156,40
125529,11/12/2025,CHI,PAR,False,PAR,331739,Mauricio,Escurra,14,2,TIRO2,FALLADO,,111,29
125529,11/12/2025,CHI,PAR,True,CHI,329193,Agustin,Echeverria,8,2,TIRO2,CONVERTIDO,,168,36
125529,11/12/2025,CHI,PAR,False,PAR,409402,Roberto,Radice,3,2,TIRO3,CONVERTIDO,,263,61
125529,11/12/2025,CHI,PAR,True,CHI,331346,Francisco,Saravia,10,2,TIRO2,CONVERTIDO,,164,31
125529,11/12/2025,CHI,PAR,True,CHI,331346,Francisco,Saravia,10,2,TIRO1,CONVERTIDO,,0,0
125529,11/12/2025,CHI,PAR,False,PAR,379182,Ezequiel,Cuellar,81,2,TIRO3,FALLADO,,132,170
125529,11/12/2025,CHI,PAR,True,CHI,377876,Tomas,La Rivera,2,2,TIRO3,CONVERTIDO,,248,127
125529,11/12/2025,CHI,PAR,False,PAR,409401,Nestor,Gonzalez,21,2,TIRO2,FALLADO,,158,32
125529,11/12/2025,CHI,PAR,True,CHI,331346,Francisco,Saravia,10,2,TIRO2,CONVERTIDO,,150,23
125529,11/12/2025,CHI,PAR,False,PAR,409401,Nestor,Gonzalez,21,2,TIRO2,FALLADO,,126,64
125529,11/12/2025,CHI,PAR,True,CHI,331346,Francisco,Saravia,10,2,TIRO2,FALLADO,,141,36
125529,11/12/2025,CHI,PAR,False,PAR,409402,Roberto,Radice,3,2,TIRO3,CONVERTIDO,,38,177
125529,11/12/2025,CHI,PAR,True,CHI,331346,Francisco,Saravia,10,2,TIRO2,CONVERTIDO,,156,32
125529,11/12/2025,CHI,PAR,False,PAR,331738,Luis,Vera,5,2,TIRO3,FALLADO,,181,165
125529,11/12/2025,CHI,PAR,False,PAR,409401,Nestor,Gonzalez,21,2,TIRO2,CONVERTIDO,,146,34
125529,11/12/2025,CHI,PAR,True,CHI,393122,Gabriel,Pachano,1,2,TIRO3,CONVERTIDO,,268,61
125529,11/12/2025,CHI,PAR,True,CHI,331346,Francisco,Saravia,10,2,TIRO1,CONVERTIDO,,0,0
125529,11/12/2025,CHI,PAR,True,CHI,331346,Francisco,Saravia,10,2,TIRO1,CONVERTIDO,,0,0
125529,11/12/2025,CHI,PAR,True,CHI,350728,Pedro,Stuardo,9,2,TIRO2,FALLADO,,165,45
125529,11/12/2025,CHI,PAR,False,PAR,331738,Luis,Vera,5,2,TIRO2,FALLADO,,149,39
125529,11/12/2025,CHI,PAR,True,CHI,377876,Tomas,La Rivera,2,2,TIRO3,CONVERTIDO,,46,143
125529,11/12/2025,CHI,PAR,False,PAR,331730,Alejandro,Talavera,6,2,TIRO2,CONVERTIDO,,134,147
125529,11/12/2025,CHI,PAR,True,CHI,331346,Francisco,Saravia,10,2,TIRO3,FALLADO,,234,147
125529,11/12/2025,CHI,PAR,False,PAR,409402,Roberto,Radice,3,2,TIRO3,FALLADO,,38,121
125529,11/12/2025,CHI,PAR,True,CHI,393122,Gabriel,Pachano,1,2,TIRO2,CONVERTIDO,,134,36
125529,11/12/2025,CHI,PAR,True,CHI,393122,Gabriel,Pachano,1,2,TIRO1,CONVERTIDO,,0,0
125529,11/12/2025,CHI,PAR,False,PAR,409401,Nestor,Gonzalez,21,2,TIRO2,FALLADO,,116,48
125529,11/12/2025,CHI,PAR,True,CHI,378907,Luis,Musrri,0,2,TIRO2,CONVERTIDO,,148,35
125529,11/12/2025,CHI,PAR,False,PAR,331730,Alejandro,Talavera,6,2,TIRO2,FALLADO,,153,49
125529,11/12/2025,CHI,PAR,True,CHI,331346,Francisco,Saravia,10,2,TIRO2,CONVERTIDO,,152,27
125529,11/12/2025,CHI,PAR,False,PAR,331730,Alejandro,Talavera,6,2,TIRO3,FALLADO,,47,143
125529,11/12/2025,CHI,PAR,True,CHI,409017,Pedro,Donoso,11,2,TIRO2,CONVERTIDO,,141,45
125529,11/12/2025,CHI,PAR,True,CHI,331346,Francisco,Saravia,10,2,TIRO1,CONVERTIDO,,0,0
125529,11/12/2025,CHI,PAR,True,CHI,331346,Francisco,Saravia,10,2,TIRO1,CONVERTIDO,,0,0
125529,11/12/2025,CHI,PAR,False,PAR,401331,Maximiliano,Gimenez,34,2,TIRO1,FALLADO,,0,0
125529,11/12/2025,CHI,PAR,False,PAR,401331,Maximiliano,Gimenez,34,2,TIRO1,FALLADO,,0,0
125529,11/12/2025,CHI,PAR,True,CHI,409016,Mathias,Hitschfeld,4,2,TIRO3,CONVERTIDO,,15,88
125529,11/12/2025,CHI,PAR,False,PAR,409401,Nestor,Gonzalez,21,2,TIRO2,CONVERTIDO,,148,29
125529,11/12/2025,CHI,PAR,True,CHI,409018,Mateo,Velásquez,15,2,TIRO2,CONVERTIDO,,120,66
125529,11/12/2025,CHI,PAR,False,PAR,331739,Mauricio,Escurra,14,2,TIRO2,CONVERTIDO,,156,34
125529,11/12/2025,CHI,PAR,True,CHI,378907,Luis,Musrri,0,2,TIRO3,FALLADO,,233,129
125529,11/12/2025,CHI,PAR,True,CHI,331346,Francisco,Saravia,10,2,TIRO2,FALLADO,,135,33
125529,11/12/2025,CHI,PAR,False,PAR,331739,Mauricio,Escurra,14,3,TIRO3,CONVERTIDO,,47,124
125529,11/12/2025,CHI,PAR,True,CHI,409010,Mateo,Castro,3,3,TIRO2,FALLADO,,187,51
125529,11/12/2025,CHI,PAR,False,PAR,331730,Alejandro,Talavera,6,3,TIRO2,FALLADO,,137,34
125529,11/12/2025,CHI,PAR,True,CHI,356339,Maximiliano,Quezada,17,3,TIRO2,CONVERTIDO,,124,33
125529,11/12/2025,CHI,PAR,False,PAR,331739,Mauricio,Escurra,14,3,TIRO2,FALLADO,,118,34
125529,11/12/2025,CHI,PAR,True,CHI,393122,Gabriel,Pachano,1,3,TIRO3,FALLADO,,15,90
125529,11/12/2025,CHI,PAR,True,CHI,331346,Francisco,Saravia,10,3,TIRO2,FALLADO,,146,33
125529,11/12/2025,CHI,PAR,False,PAR,409402,Roberto,Radice,3,3,TIRO2,CONVERTIDO,,158,39
125529,11/12/2025,CHI,PAR,False,PAR,409402,Roberto,Radice,3,3,TIRO1,FALLADO,,0,0
125529,11/12/2025,CHI,PAR,True,CHI,331346,Francisco,Saravia,10,3,TIRO2,FALLADO,,214,40
125529,11/12/2025,CHI,PAR,False,PAR,331739,Mauricio,Escurra,14,3,TIRO2,FALLADO,,135,62
125529,11/12/2025,CHI,PAR,True,CHI,393122,Gabriel,Pachano,1,3,TIRO2,CONVERTIDO,,159,30
125529,11/12/2025,CHI,PAR,True,CHI,393122,Gabriel,Pachano,1,3,TIRO2,FALLADO,,173,35
125529,11/12/2025,CHI,PAR,False,PAR,409401,Nestor,Gonzalez,21,3,TIRO1,FALLADO,,0,0
125529,11/12/2025,CHI,PAR,False,PAR,409401,Nestor,Gonzalez,21,3,TIRO1,CONVERTIDO,,0,0
125529,11/12/2025,CHI,PAR,True,CHI,350728,Pedro,Stuardo,9,3,TIRO2,CONVERTIDO,,157,47
125529,11/12/2025,CHI,PAR,False,PAR,331730,Alejandro,Talavera,6,3,TIRO2,FALLADO,,131,41
125529,11/12/2025,CHI,PAR,True,CHI,329193,Agustin,Echeverria,8,3,TIRO3,CONVERTIDO,,212,146
125529,11/12/2025,CHI,PAR,True,CHI,350728,Pedro,Stuardo,9,3,TIRO2,CONVERTIDO,,153,55
125529,11/12/2025,CHI,PAR,False,PAR,409401,Nestor,Gonzalez,21,3,TIRO2,CONVERTIDO,,151,29
125529,11/12/2025,CHI,PAR,False,PAR,331730,Alejandro,Talavera,6,3,TIRO2,CONVERTIDO,,161,44
125529,11/12/2025,CHI,PAR,True,CHI,329193,Agustin,Echeverria,8,3,TIRO3,FALLADO,,230,129
125529,11/12/2025,CHI,PAR,False,PAR,331739,Mauricio,Escurra,14,3,TIRO3,FALLADO,,90,157
125529,11/12/2025,CHI,PAR,True,CHI,350728,Pedro,Stuardo,9,3,TIRO2,FALLADO,,117,29
125529,11/12/2025,CHI,PAR,True,CHI,350728,Pedro,Stuardo,9,3,TIRO3,CONVERTIDO,,55,141
125529,11/12/2025,CHI,PAR,True,CHI,350728,Pedro,Stuardo,9,3,TIRO3,FALLADO,,151,175
125529,11/12/2025,CHI,PAR,False,PAR,409401,Nestor,Gonzalez,21,3,TIRO1,CONVERTIDO,,0,0
125529,11/12/2025,CHI,PAR,False,PAR,409401,Nestor,Gonzalez,21,3,TIRO1,CONVERTIDO,,0,0
125529,11/12/2025,CHI,PAR,True,CHI,329193,Agustin,Echeverria,8,3,TIRO3,FALLADO,,264,69
125529,11/12/2025,CHI,PAR,False,PAR,409401,Nestor,Gonzalez,21,3,TIRO2,FALLADO,,154,23
125529,11/12/2025,CHI,PAR,True,CHI,409018,Mateo,Velásquez,15,3,TIRO2,CONVERTIDO,,138,32
125529,11/12/2025,CHI,PAR,False,PAR,331739,Mauricio,Escurra,14,3,TIRO2,CONVERTIDO,,134,40
125529,11/12/2025,CHI,PAR,True,CHI,378907,Luis,Musrri,0,3,TIRO3,FALLADO,,74,157
125529,11/12/2025,CHI,PAR,True,CHI,350728,Pedro,Stuardo,9,3,TIRO2,FALLADO,,153,33
125529,11/12/2025,CHI,PAR,False,PAR,409402,Roberto,Radice,3,3,TIRO3,FALLADO,,224,132
125529,11/12/2025,CHI,PAR,True,CHI,329193,Agustin,Echeverria,8,3,TIRO3,CONVERTIDO,,10,79
125529,11/12/2025,CHI,PAR,False,PAR,331739,Mauricio,Escurra,14,3,TIRO2,CONVERTIDO,,164,27
125529,11/12/2025,CHI,PAR,False,PAR,331739,Mauricio,Escurra,14,3,TIRO1,CONVERTIDO,,0,0
125529,11/12/2025,CHI,PAR,True,CHI,377876,Tomas,La Rivera,2,4,TIRO3,FALLADO,,29,114
125529,11/12/2025,CHI,PAR,True,CHI,409018,Mateo,Velásquez,15,4,TIRO1,CONVERTIDO,,0,0
125529,11/12/2025,CHI,PAR,True,CHI,409018,Mateo,Velásquez,15,4,TIRO1,CONVERTIDO,,0,0
125529,11/12/2025,CHI,PAR,True,CHI,356339,Maximiliano,Quezada,17,4,TIRO2,FALLADO,,163,41
125529,11/12/2025,CHI,PAR,True,CHI,329193,Agustin,Echeverria,8,4,TIRO3,CONVERTIDO,,39,126
125529,11/12/2025,CHI,PAR,True,CHI,409018,Mateo,Velásquez,15,4,TIRO1,FALLADO,,0,0
125529,11/12/2025,CHI,PAR,True,CHI,409018,Mateo,Velásquez,15,4,TIRO1,FALLADO,,0,0
125529,11/12/2025,CHI,PAR,True,CHI,378907,Luis,Musrri,0,4,TIRO2,FALLADO,,121,43
125529,11/12/2025,CHI,PAR,False,PAR,331730,Alejandro,Talavera,6,4,TIRO3,FALLADO,,39,140
125529,11/12/2025,CHI,PAR,True,CHI,377876,Tomas,La Rivera,2,4,TIRO2,CONVERTIDO,,114,29
125529,11/12/2025,CHI,PAR,False,PAR,409402,Roberto,Radice,3,4,TIRO3,CONVERTIDO,,38,115
125529,11/12/2025,CHI,PAR,True,CHI,409018,Mateo,Velásquez,15,4,TIRO2,CONVERTIDO,,115,102
125529,11/12/2025,CHI,PAR,True,CHI,378907,Luis,Musrri,0,4,TIRO2,FALLADO,,124,27
125529,11/12/2025,CHI,PAR,False,PAR,409401,Nestor,Gonzalez,21,4,TIRO2,CONVERTIDO,,145,38
125529,11/12/2025,CHI,PAR,True,CHI,331346,Francisco,Saravia,10,4,TIRO1,CONVERTIDO,,0,0
125529,11/12/2025,CHI,PAR,False,PAR,409401,Nestor,Gonzalez,21,4,TIRO2,FALLADO,,157,99
125529,11/12/2025,CHI,PAR,True,CHI,331346,Francisco,Saravia,10,4,TIRO2,CONVERTIDO,,159,24
125529,11/12/2025,CHI,PAR,False,PAR,331730,Alejandro,Talavera,6,4,TIRO3,FALLADO,,103,167
125529,11/12/2025,CHI,PAR,False,PAR,331730,Alejandro,Talavera,6,4,TIRO2,FALLADO,,205,95
125529,11/12/2025,CHI,PAR,True,CHI,409018,Mateo,Velásquez,15,4,TIRO2,CONVERTIDO,,115,33
125529,11/12/2025,CHI,PAR,False,PAR,331739,Mauricio,Escurra,14,4,TIRO3,FALLADO,,267,79
125529,11/12/2025,CHI,PAR,True,CHI,331346,Francisco,Saravia,10,4,TIRO1,CONVERTIDO,,0,0
125529,11/12/2025,CHI,PAR,True,CHI,331346,Francisco,Saravia,10,4,TIRO1,CONVERTIDO,,0,0
125529,11/12/2025,CHI,PAR,False,PAR,331738,Luis,Vera,5,4,TIRO2,CONVERTIDO,,129,40
125529,11/12/2025,CHI,PAR,True,CHI,331346,Francisco,Saravia,10,4,TIRO3,FALLADO,,58,151
125529,11/12/2025,CHI,PAR,False,PAR,331730,Alejandro,Talavera,6,4,TIRO2,CONVERTIDO,,153,37
125529,11/12/2025,CHI,PAR,True,CHI,350728,Pedro,Stuardo,9,4,TIRO2,FALLADO,,72,74
125529,11/12/2025,CHI,PAR,False,PAR,331730,Alejandro,Talavera,6,4,TIRO3,FALLADO,,141,181
125529,11/12/2025,CHI,PAR,True,CHI,409016,Mathias,Hitschfeld,4,4,TIRO2,CONVERTIDO,,124,32
125529,11/12/2025,CHI,PAR,False,PAR,331739,Mauricio,Escurra,14,4,TIRO1,CONVERTIDO,,0,0
125529,11/12/2025,CHI,PAR,False,PAR,331739,Mauricio,Escurra,14,4,TIRO1,CONVERTIDO,,0,0
125529,11/12/2025,CHI,PAR,False,PAR,331739,Mauricio,Escurra,14,4,TIRO1,CONVERTIDO,,0,0
125529,11/12/2025,CHI,PAR,True,CHI,350728,Pedro,Stuardo,9,4,TIRO2,CONVERTIDO,,156,40
125529,11/12/2025,CHI,PAR,False,PAR,331730,Alejandro,Talavera,6,4,TIRO2,FALLADO,,137,40
125529,11/12/2025,CHI,PAR,True,CHI,409016,Mathias,Hitschfeld,4,4,TIRO2,FALLADO,,118,39
125529,11/12/2025,CHI,PAR,False,PAR,401331,Maximiliano,Gimenez,34,4,TIRO2,FALLADO,,126,31
125529,11/12/2025,CHI,PAR,True,CHI,331346,Francisco,Saravia,10,4,TIRO2,CONVERTIDO,,136,29
125529,11/12/2025,CHI,PAR,False,PAR,401330,Mateo,Irala,7,4,TIRO2,FALLADO,,156,38
125529,11/12/2025,CHI,PAR,True,CHI,331346,Francisco,Saravia,10,4,TIRO2,CONVERTIDO,,119,33
125529,11/12/2025,CHI,PAR,True,CHI,331346,Francisco,Saravia,10,4,TIRO1,CONVERTIDO,,0,0
125529,11/12/2025,CHI,PAR,False,PAR,341880,Evert,Dominguez,10,4,TIRO3,FALLADO,,65,144
125529,11/12/2025,CHI,PAR,True,CHI,331346,Francisco,Saravia,10,4,TIRO2,FALLADO,,163,91
125529,11/12/2025,CHI,PAR,False,PAR,401330,Mateo,Irala,7,4,TIRO1,CONVERTIDO,,0,0
125529,11/12/2025,CHI,PAR,False,PAR,401330,Mateo,Irala,7,4,TIRO1,CONVERTIDO,,0,0
125530,11/12/2025,VEN,BRA,False,BRA,330047,Pedro,Souza,25,1,TIRO2,CONVERTIDO,,130,34
125530,11/12/2025,VEN,BRA,True,VEN,390925,Jose,Lara,7,1,TIRO2,FALLADO,,170,56
125530,11/12/2025,VEN,BRA,False,BRA,374721,Eduardo,Santos,50,1,TIRO3,FALLADO,,27,110
125530,11/12/2025,VEN,BRA,True,VEN,390925,Jose,Lara,7,1,TIRO3,FALLADO,,114,181
125530,11/12/2025,VEN,BRA,False,BRA,374721,Eduardo,Santos,50,1,TIRO3,FALLADO,,61,152
125530,11/12/2025,VEN,BRA,True,VEN,378577,Kevin,Gutierrez,14,1,TIRO3,CONVERTIDO,,186,172
125530,11/12/2025,VEN,BRA,False,BRA,330047,Pedro,Souza,25,1,TIRO3,FALLADO,,96,170
125530,11/12/2025,VEN,BRA,True,VEN,378574,Julio,Vasquez,3,1,TIRO3,FALLADO,,269,21
125530,11/12/2025,VEN,BRA,True,VEN,378574,Julio,Vasquez,3,1,TIRO2,FALLADO,,126,30
125530,11/12/2025,VEN,BRA,False,BRA,330039,Joao,Neves,14,1,TIRO3,FALLADO,,84,154
125530,11/12/2025,VEN,BRA,False,BRA,374721,Eduardo,Santos,50,1,TIRO2,CONVERTIDO,,140,31
125530,11/12/2025,VEN,BRA,True,VEN,409363,Richard,Segovia,4,1,TIRO2,CONVERTIDO,,149,32
125530,11/12/2025,VEN,BRA,False,BRA,330047,Pedro,Souza,25,1,TIRO2,FALLADO,,135,52
125530,11/12/2025,VEN,BRA,False,BRA,330047,Pedro,Souza,25,1,TIRO2,CONVERTIDO,,140,31
125530,11/12/2025,VEN,BRA,True,VEN,378577,Kevin,Gutierrez,14,1,TIRO3,FALLADO,,214,141
125530,11/12/2025,VEN,BRA,False,BRA,374721,Eduardo,Santos,50,1,TIRO2,FALLADO,,108,49
125530,11/12/2025,VEN,BRA,True,VEN,378574,Julio,Vasquez,3,1,TIRO2,CONVERTIDO,,131,27
125530,11/12/2025,VEN,BRA,False,BRA,406939,Cristian,Ferreira,33,1,TIRO2,FALLADO,,108,51
125530,11/12/2025,VEN,BRA,False,BRA,374721,Eduardo,Santos,50,1,TIRO2,CONVERTIDO,,140,31
125530,11/12/2025,VEN,BRA,True,VEN,409363,Richard,Segovia,4,1,TIRO3,FALLADO,,224,134
125530,11/12/2025,VEN,BRA,False,BRA,330039,Joao,Neves,14,1,TIRO2,CONVERTIDO,,153,31
125530,11/12/2025,VEN,BRA,True,VEN,378574,Julio,Vasquez,3,1,TIRO2,CONVERTIDO,,130,31
125530,11/12/2025,VEN,BRA,False,BRA,330047,Pedro,Souza,25,1,TIRO1,CONVERTIDO,,0,0
125530,11/12/2025,VEN,BRA,False,BRA,330047,Pedro,Souza,25,1,TIRO1,CONVERTIDO,,0,0
125530,11/12/2025,VEN,BRA,True,VEN,378574,Julio,Vasquez,3,1,TIRO2,FALLADO,,79,31
125530,11/12/2025,VEN,BRA,True,VEN,378574,Julio,Vasquez,3,1,TIRO2,FALLADO,,88,36
125530,11/12/2025,VEN,BRA,False,BRA,405101,Pietro,Melo,10,1,TIRO3,CONVERTIDO,,263,62
125530,11/12/2025,VEN,BRA,True,VEN,409360,Juan,Perdomo,9,1,TIRO3,CONVERTIDO,,44,124
125530,11/12/2025,VEN,BRA,False,BRA,405108,Matheus,Nascimento,3,1,TIRO2,FALLADO,,159,48
125530,11/12/2025,VEN,BRA,False,BRA,408792,Pedro,Alves,6,1,TIRO1,FALLADO,,0,0
125530,11/12/2025,VEN,BRA,False,BRA,408792,Pedro,Alves,6,1,TIRO1,CONVERTIDO,,0,0
125530,11/12/2025,VEN,BRA,False,BRA,405101,Pietro,Melo,10,1,TIRO2,CONVERTIDO,,149,31
125530,11/12/2025,VEN,BRA,False,BRA,408792,Pedro,Alves,6,1,TIRO1,FALLADO,,0,0
125530,11/12/2025,VEN,BRA,False,BRA,408792,Pedro,Alves,6,1,TIRO1,FALLADO,,0,0
125530,11/12/2025,VEN,BRA,True,VEN,356334,Diego,Soto,26,1,TIRO2,CONVERTIDO,,149,31
125530,11/12/2025,VEN,BRA,False,BRA,408792,Pedro,Alves,6,1,TIRO1,CONVERTIDO,,0,0
125530,11/12/2025,VEN,BRA,False,BRA,408792,Pedro,Alves,6,1,TIRO1,FALLADO,,0,0
125530,11/12/2025,VEN,BRA,False,BRA,331414,Isaiah,Santos,45,1,TIRO2,FALLADO,,158,42
125530,11/12/2025,VEN,BRA,True,VEN,356334,Diego,Soto,26,1,TIRO1,CONVERTIDO,,0,0
125530,11/12/2025,VEN,BRA,True,VEN,356334,Diego,Soto,26,1,TIRO1,CONVERTIDO,,0,0
125530,11/12/2025,VEN,BRA,False,BRA,361295,Joao Gabriel,Fernandes,8,1,TIRO3,FALLADO,,45,133
125530,11/12/2025,VEN,BRA,False,BRA,405108,Matheus,Nascimento,3,1,TIRO3,CONVERTIDO,,245,117
125530,11/12/2025,VEN,BRA,True,VEN,378576,Williams,Anillo,18,1,TIRO3,FALLADO,,224,158
125530,11/12/2025,VEN,BRA,True,VEN,378576,Williams,Anillo,18,1,TIRO2,CONVERTIDO,,133,30
125530,11/12/2025,VEN,BRA,False,BRA,361295,Joao Gabriel,Fernandes,8,1,TIRO3,FALLADO,,143,172
125530,11/12/2025,VEN,BRA,False,BRA,331414,Isaiah,Santos,45,1,TIRO2,FALLADO,,157,35
125530,11/12/2025,VEN,BRA,False,BRA,405108,Matheus,Nascimento,3,1,TIRO3,FALLADO,,123,168
125530,11/12/2025,VEN,BRA,True,VEN,378579,Deiker,Torres,2,1,TIRO2,CONVERTIDO,,152,111
125530,11/12/2025,VEN,BRA,False,BRA,331414,Isaiah,Santos,45,1,TIRO3,CONVERTIDO,,9,38
125530,11/12/2025,VEN,BRA,True,VEN,378579,Deiker,Torres,2,1,TIRO3,CONVERTIDO,,225,141
125530,11/12/2025,VEN,BRA,False,BRA,405100,João,Bandiera,11,1,TIRO3,FALLADO,,229,130
125530,11/12/2025,VEN,BRA,True,VEN,378576,Williams,Anillo,18,2,TIRO3,FALLADO,,88,150
125530,11/12/2025,VEN,BRA,False,BRA,405101,Pietro,Melo,10,2,TIRO3,FALLADO,,9,47
125530,11/12/2025,VEN,BRA,False,BRA,331414,Isaiah,Santos,45,2,TIRO1,CONVERTIDO,,0,0
125530,11/12/2025,VEN,BRA,False,BRA,331414,Isaiah,Santos,45,2,TIRO1,CONVERTIDO,,0,0
125530,11/12/2025,VEN,BRA,True,VEN,378574,Julio,Vasquez,3,2,TIRO2,FALLADO,,152,79
125530,11/12/2025,VEN,BRA,False,BRA,330047,Pedro,Souza,25,2,TIRO2,CONVERTIDO,,168,37
125530,11/12/2025,VEN,BRA,True,VEN,378579,Deiker,Torres,2,2,TIRO2,FALLADO,,102,47
125530,11/12/2025,VEN,BRA,False,BRA,331414,Isaiah,Santos,45,2,TIRO2,CONVERTIDO,,156,35
125530,11/12/2025,VEN,BRA,True,VEN,378574,Julio,Vasquez,3,2,TIRO3,FALLADO,,57,136
125530,11/12/2025,VEN,BRA,False,BRA,405101,Pietro,Melo,10,2,TIRO3,FALLADO,,138,170
125530,11/12/2025,VEN,BRA,True,VEN,378574,Julio,Vasquez,3,2,TIRO2,FALLADO,,164,60
125530,11/12/2025,VEN,BRA,True,VEN,409358,Samuel,Niño,23,2,TIRO2,FALLADO,,98,133
125530,11/12/2025,VEN,BRA,False,BRA,330047,Pedro,Souza,25,2,TIRO3,FALLADO,,229,124
125530,11/12/2025,VEN,BRA,False,BRA,331414,Isaiah,Santos,45,2,TIRO2,FALLADO,,140,31
125530,11/12/2025,VEN,BRA,False,BRA,331414,Isaiah,Santos,45,2,TIRO3,FALLADO,,263,64
125530,11/12/2025,VEN,BRA,True,VEN,378574,Julio,Vasquez,3,2,TIRO2,CONVERTIDO,,146,42
125530,11/12/2025,VEN,BRA,False,BRA,406939,Cristian,Ferreira,33,2,TIRO2,FALLADO,,162,46
125530,11/12/2025,VEN,BRA,True,VEN,409363,Richard,Segovia,4,2,TIRO1,CONVERTIDO,,0,0
125530,11/12/2025,VEN,BRA,True,VEN,409363,Richard,Segovia,4,2,TIRO1,CONVERTIDO,,0,0
125530,11/12/2025,VEN,BRA,True,VEN,409363,Richard,Segovia,4,2,TIRO2,FALLADO,,184,101
125530,11/12/2025,VEN,BRA,False,BRA,405101,Pietro,Melo,10,2,TIRO2,CONVERTIDO,,127,41
125530,11/12/2025,VEN,BRA,True,VEN,378574,Julio,Vasquez,3,2,TIRO2,CONVERTIDO,,126,35
125530,11/12/2025,VEN,BRA,False,BRA,330039,Joao,Neves,14,2,TIRO3,FALLADO,,70,158
125530,11/12/2025,VEN,BRA,False,BRA,330039,Joao,Neves,14,2,TIRO3,CONVERTIDO,,267,43
125530,11/12/2025,VEN,BRA,True,VEN,409358,Samuel,Niño,23,2,TIRO2,FALLADO,,145,36
125530,11/12/2025,VEN,BRA,False,BRA,330047,Pedro,Souza,25,2,TIRO2,CONVERTIDO,,129,42
125530,11/12/2025,VEN,BRA,True,VEN,409360,Juan,Perdomo,9,2,TIRO3,FALLADO,,267,30
125530,11/12/2025,VEN,BRA,False,BRA,374721,Eduardo,Santos,50,2,TIRO1,CONVERTIDO,,0,0
125530,11/12/2025,VEN,BRA,False,BRA,374721,Eduardo,Santos,50,2,TIRO1,FALLADO,,0,0
125530,11/12/2025,VEN,BRA,True,VEN,409398,Isaac,Montero,20,2,TIRO2,FALLADO,,142,100
125530,11/12/2025,VEN,BRA,False,BRA,374721,Eduardo,Santos,50,2,TIRO2,CONVERTIDO,,128,35
125530,11/12/2025,VEN,BRA,True,VEN,409360,Juan,Perdomo,9,2,TIRO3,CONVERTIDO,,268,71
125530,11/12/2025,VEN,BRA,True,VEN,409360,Juan,Perdomo,9,2,TIRO1,CONVERTIDO,,0,0
125530,11/12/2025,VEN,BRA,False,BRA,330047,Pedro,Souza,25,2,TIRO3,FALLADO,,62,143
125530,11/12/2025,VEN,BRA,True,VEN,409360,Juan,Perdomo,9,2,TIRO3,CONVERTIDO,,266,36
125530,11/12/2025,VEN,BRA,False,BRA,406939,Cristian,Ferreira,33,2,TIRO1,FALLADO,,0,0
125530,11/12/2025,VEN,BRA,False,BRA,406939,Cristian,Ferreira,33,2,TIRO1,FALLADO,,0,0
125530,11/12/2025,VEN,BRA,True,VEN,409358,Samuel,Niño,23,2,TIRO3,FALLADO,,92,156
125530,11/12/2025,VEN,BRA,True,VEN,409358,Samuel,Niño,23,2,TIRO2,CONVERTIDO,,130,122
125530,11/12/2025,VEN,BRA,False,BRA,330047,Pedro,Souza,25,2,TIRO2,FALLADO,,149,30
125530,11/12/2025,VEN,BRA,True,VEN,378574,Julio,Vasquez,3,2,TIRO2,FALLADO,,168,43
125530,11/12/2025,VEN,BRA,True,VEN,409358,Samuel,Niño,23,2,TIRO1,CONVERTIDO,,0,0
125530,11/12/2025,VEN,BRA,True,VEN,409358,Samuel,Niño,23,2,TIRO1,FALLADO,,0,0
125530,11/12/2025,VEN,BRA,False,BRA,374721,Eduardo,Santos,50,2,TIRO2,CONVERTIDO,,104,45
125530,11/12/2025,VEN,BRA,True,VEN,409358,Samuel,Niño,23,2,TIRO2,FALLADO,,166,46
125530,11/12/2025,VEN,BRA,True,VEN,378577,Kevin,Gutierrez,14,2,TIRO3,FALLADO,,203,157
125530,11/12/2025,VEN,BRA,False,BRA,374721,Eduardo,Santos,50,2,TIRO3,FALLADO,,178,155
125530,11/12/2025,VEN,BRA,False,BRA,331414,Isaiah,Santos,45,2,TIRO2,CONVERTIDO,,146,38
125530,11/12/2025,VEN,BRA,True,VEN,378574,Julio,Vasquez,3,2,TIRO2,FALLADO,,127,31
125530,11/12/2025,VEN,BRA,False,BRA,405108,Matheus,Nascimento,3,2,TIRO2,FALLADO,,157,41
125530,11/12/2025,VEN,BRA,False,BRA,405082,Caio,Mathias,2,2,TIRO3,FALLADO,,19,94
125530,11/12/2025,VEN,BRA,True,VEN,378577,Kevin,Gutierrez,14,2,TIRO2,CONVERTIDO,,152,42
125530,11/12/2025,VEN,BRA,False,BRA,405101,Pietro,Melo,10,2,TIRO3,CONVERTIDO,,29,135
125530,11/12/2025,VEN,BRA,False,BRA,330039,Joao,Neves,14,3,TIRO2,FALLADO,,149,46
125530,11/12/2025,VEN,BRA,False,BRA,406939,Cristian,Ferreira,33,3,TIRO2,FALLADO,,123,40
125530,11/12/2025,VEN,BRA,True,VEN,390925,Jose,Lara,7,3,TIRO2,CONVERTIDO,,119,38
125530,11/12/2025,VEN,BRA,False,BRA,330047,Pedro,Souza,25,3,TIRO2,FALLADO,,136,37
125530,11/12/2025,VEN,BRA,True,VEN,378574,Julio,Vasquez,3,3,TIRO2,CONVERTIDO,,156,30
125530,11/12/2025,VEN,BRA,False,BRA,406939,Cristian,Ferreira,33,3,TIRO1,FALLADO,,0,0
125530,11/12/2025,VEN,BRA,False,BRA,406939,Cristian,Ferreira,33,3,TIRO1,FALLADO,,0,0
125530,11/12/2025,VEN,BRA,False,BRA,374721,Eduardo,Santos,50,3,TIRO2,FALLADO,,130,40
125530,11/12/2025,VEN,BRA,False,BRA,330047,Pedro,Souza,25,3,TIRO2,CONVERTIDO,,140,31
125530,11/12/2025,VEN,BRA,True,VEN,378577,Kevin,Gutierrez,14,3,TIRO2,FALLADO,,121,34
125530,11/12/2025,VEN,BRA,False,BRA,374721,Eduardo,Santos,50,3,TIRO2,CONVERTIDO,,120,40
125530,11/12/2025,VEN,BRA,True,VEN,409358,Samuel,Niño,23,3,TIRO1,FALLADO,,0,0
125530,11/12/2025,VEN,BRA,True,VEN,409358,Samuel,Niño,23,3,TIRO1,FALLADO,,0,0
125530,11/12/2025,VEN,BRA,False,BRA,330047,Pedro,Souza,25,3,TIRO2,FALLADO,,144,44
125530,11/12/2025,VEN,BRA,True,VEN,390925,Jose,Lara,7,3,TIRO2,FALLADO,,164,34
125530,11/12/2025,VEN,BRA,True,VEN,409363,Richard,Segovia,4,3,TIRO3,FALLADO,,71,151
125530,11/12/2025,VEN,BRA,False,BRA,405101,Pietro,Melo,10,3,TIRO3,FALLADO,,240,122
125530,11/12/2025,VEN,BRA,True,VEN,378574,Julio,Vasquez,3,3,TIRO3,FALLADO,,265,49
125530,11/12/2025,VEN,BRA,True,VEN,409363,Richard,Segovia,4,3,TIRO3,CONVERTIDO,,153,165
125530,11/12/2025,VEN,BRA,False,BRA,405101,Pietro,Melo,10,3,TIRO2,CONVERTIDO,,157,35
125530,11/12/2025,VEN,BRA,True,VEN,409363,Richard,Segovia,4,3,TIRO2,FALLADO,,152,33
125530,11/12/2025,VEN,BRA,False,BRA,330039,Joao,Neves,14,3,TIRO2,FALLADO,,128,34
125530,11/12/2025,VEN,BRA,False,BRA,330039,Joao,Neves,14,3,TIRO3,FALLADO,,9,38
125530,11/12/2025,VEN,BRA,True,VEN,378577,Kevin,Gutierrez,14,3,TIRO3,FALLADO,,267,43
125530,11/12/2025,VEN,BRA,False,BRA,405101,Pietro,Melo,10,3,TIRO3,CONVERTIDO,,186,160
125530,11/12/2025,VEN,BRA,True,VEN,378574,Julio,Vasquez,3,3,TIRO2,FALLADO,,120,38
125530,11/12/2025,VEN,BRA,False,BRA,330039,Joao,Neves,14,3,TIRO1,CONVERTIDO,,0,0
125530,11/12/2025,VEN,BRA,False,BRA,330039,Joao,Neves,14,3,TIRO1,CONVERTIDO,,0,0
125530,11/12/2025,VEN,BRA,True,VEN,378579,Deiker,Torres,2,3,TIRO2,CONVERTIDO,,100,132
125530,11/12/2025,VEN,BRA,False,BRA,405101,Pietro,Melo,10,3,TIRO3,FALLADO,,41,129
125530,11/12/2025,VEN,BRA,False,BRA,331414,Isaiah,Santos,45,3,TIRO3,FALLADO,,268,88
125530,11/12/2025,VEN,BRA,True,VEN,409360,Juan,Perdomo,9,3,TIRO3,FALLADO,,267,27
125530,11/12/2025,VEN,BRA,False,BRA,361295,Joao Gabriel,Fernandes,8,3,TIRO3,FALLADO,,267,40
125530,11/12/2025,VEN,BRA,True,VEN,378574,Julio,Vasquez,3,3,TIRO2,FALLADO,,115,98
125530,11/12/2025,VEN,BRA,True,VEN,409398,Isaac,Montero,20,3,TIRO2,FALLADO,,168,104
125530,11/12/2025,VEN,BRA,False,BRA,361295,Joao Gabriel,Fernandes,8,3,TIRO3,FALLADO,,265,60
125530,11/12/2025,VEN,BRA,False,BRA,331414,Isaiah,Santos,45,3,TIRO2,CONVERTIDO,,153,32
125530,11/12/2025,VEN,BRA,True,VEN,378577,Kevin,Gutierrez,14,3,TIRO2,FALLADO,,118,47
125530,11/12/2025,VEN,BRA,True,VEN,378579,Deiker,Torres,2,3,TIRO3,CONVERTIDO,,74,153
125530,11/12/2025,VEN,BRA,False,BRA,331414,Isaiah,Santos,45,3,TIRO2,FALLADO,,168,53
125530,11/12/2025,VEN,BRA,True,VEN,390925,Jose,Lara,7,3,TIRO2,CONVERTIDO,,149,57
125530,11/12/2025,VEN,BRA,False,BRA,361295,Joao Gabriel,Fernandes,8,3,TIRO3,FALLADO,,107,157
125530,11/12/2025,VEN,BRA,True,VEN,378579,Deiker,Torres,2,3,TIRO2,FALLADO,,94,73
125530,11/12/2025,VEN,BRA,False,BRA,330047,Pedro,Souza,25,3,TIRO3,CONVERTIDO,,223,133
125530,11/12/2025,VEN,BRA,True,VEN,409360,Juan,Perdomo,9,3,TIRO2,CONVERTIDO,,129,69
125530,11/12/2025,VEN,BRA,False,BRA,331414,Isaiah,Santos,45,3,TIRO3,FALLADO,,264,68
125530,11/12/2025,VEN,BRA,True,VEN,378579,Deiker,Torres,2,3,TIRO3,FALLADO,,203,148
125530,11/12/2025,VEN,BRA,False,BRA,331414,Isaiah,Santos,45,3,TIRO2,CONVERTIDO,,145,40
125530,11/12/2025,VEN,BRA,True,VEN,378579,Deiker,Torres,2,3,TIRO2,FALLADO,,146,113
125530,11/12/2025,VEN,BRA,False,BRA,330047,Pedro,Souza,25,4,TIRO2,CONVERTIDO,,133,33
125530,11/12/2025,VEN,BRA,True,VEN,409358,Samuel,Niño,23,4,TIRO1,CONVERTIDO,,0,0
125530,11/12/2025,VEN,BRA,False,BRA,330047,Pedro,Souza,25,4,TIRO2,CONVERTIDO,,153,28
125530,11/12/2025,VEN,BRA,True,VEN,409358,Samuel,Niño,23,4,TIRO1,CONVERTIDO,,0,0
125530,11/12/2025,VEN,BRA,True,VEN,409358,Samuel,Niño,23,4,TIRO2,CONVERTIDO,,118,43
125530,11/12/2025,VEN,BRA,False,BRA,408792,Pedro,Alves,6,4,TIRO2,FALLADO,,143,49
125530,11/12/2025,VEN,BRA,True,VEN,409358,Samuel,Niño,23,4,TIRO2,CONVERTIDO,,131,35
125530,11/12/2025,VEN,BRA,False,BRA,331414,Isaiah,Santos,45,4,TIRO3,FALLADO,,247,109
125530,11/12/2025,VEN,BRA,False,BRA,406939,Cristian,Ferreira,33,4,TIRO2,CONVERTIDO,,148,29
125530,11/12/2025,VEN,BRA,True,VEN,390925,Jose,Lara,7,4,TIRO2,CONVERTIDO,,127,35
125530,11/12/2025,VEN,BRA,False,BRA,330047,Pedro,Souza,25,4,TIRO3,FALLADO,,133,162
125530,11/12/2025,VEN,BRA,False,BRA,374721,Eduardo,Santos,50,4,TIRO2,CONVERTIDO,,127,29
125530,11/12/2025,VEN,BRA,False,BRA,374721,Eduardo,Santos,50,4,TIRO1,CONVERTIDO,,0,0
125530,11/12/2025,VEN,BRA,True,VEN,378574,Julio,Vasquez,3,4,TIRO2,FALLADO,,158,34
125530,11/12/2025,VEN,BRA,False,BRA,405101,Pietro,Melo,10,4,TIRO3,CONVERTIDO,,12,32
125530,11/12/2025,VEN,BRA,True,VEN,409363,Richard,Segovia,4,4,TIRO3,CONVERTIDO,,131,166
125530,11/12/2025,VEN,BRA,False,BRA,330039,Joao,Neves,14,4,TIRO3,FALLADO,,234,126
125530,11/12/2025,VEN,BRA,True,VEN,409363,Richard,Segovia,4,4,TIRO3,FALLADO,,68,152
125530,11/12/2025,VEN,BRA,False,BRA,405082,Caio,Mathias,2,4,TIRO3,CONVERTIDO,,44,119
125530,11/12/2025,VEN,BRA,True,VEN,409363,Richard,Segovia,4,4,TIRO3,FALLADO,,266,50
125530,11/12/2025,VEN,BRA,False,BRA,405101,Pietro,Melo,10,4,TIRO3,CONVERTIDO,,138,186
125530,11/12/2025,VEN,BRA,True,VEN,378577,Kevin,Gutierrez,14,4,TIRO1,CONVERTIDO,,0,0
125530,11/12/2025,VEN,BRA,True,VEN,378577,Kevin,Gutierrez,14,4,TIRO1,FALLADO,,0,0
125530,11/12/2025,VEN,BRA,False,BRA,330039,Joao,Neves,14,4,TIRO2,CONVERTIDO,,154,29
125530,11/12/2025,VEN,BRA,True,VEN,378574,Julio,Vasquez,3,4,TIRO2,CONVERTIDO,,152,39
125530,11/12/2025,VEN,BRA,False,BRA,405101,Pietro,Melo,10,4,TIRO2,CONVERTIDO,,128,109
125530,11/12/2025,VEN,BRA,True,VEN,378577,Kevin,Gutierrez,14,4,TIRO2,FALLADO,,127,46
125530,11/12/2025,VEN,BRA,True,VEN,378574,Julio,Vasquez,3,4,TIRO3,FALLADO,,263,66
125530,11/12/2025,VEN,BRA,False,BRA,330047,Pedro,Souza,25,4,TIRO2,CONVERTIDO,,118,33
125530,11/12/2025,VEN,BRA,True,VEN,378574,Julio,Vasquez,3,4,TIRO2,FALLADO,,124,42
125530,11/12/2025,VEN,BRA,True,VEN,378574,Julio,Vasquez,3,4,TIRO2,CONVERTIDO,,149,28
125530,11/12/2025,VEN,BRA,False,BRA,330039,Joao,Neves,14,4,TIRO2,FALLADO,,152,43
125530,11/12/2025,VEN,BRA,True,VEN,409358,Samuel,Niño,23,4,TIRO2,FALLADO,,102,51
125530,11/12/2025,VEN,BRA,False,BRA,374721,Eduardo,Santos,50,4,TIRO2,CONVERTIDO,,123,33
125530,11/12/2025,VEN,BRA,True,VEN,378574,Julio,Vasquez,3,4,TIRO2,FALLADO,,149,35
125530,11/12/2025,VEN,BRA,False,BRA,405101,Pietro,Melo,10,4,TIRO2,FALLADO,,120,32
125530,11/12/2025,VEN,BRA,True,VEN,378576,Williams,Anillo,18,4,TIRO3,FALLADO,,267,61
125530,11/12/2025,VEN,BRA,False,BRA,405101,Pietro,Melo,10,4,TIRO3,FALLADO,,221,136
125530,11/12/2025,VEN,BRA,True,VEN,378576,Williams,Anillo,18,4,TIRO2,CONVERTIDO,,143,45
125530,11/12/2025,VEN,BRA,True,VEN,378576,Williams,Anillo,18,4,TIRO1,CONVERTIDO,,0,0
125530,11/12/2025,VEN,BRA,False,BRA,330039,Joao,Neves,14,4,TIRO2,CONVERTIDO,,157,37
125530,11/12/2025,VEN,BRA,False,BRA,361295,Joao Gabriel,Fernandes,8,4,TIRO3,FALLADO,,179,177
125530,11/12/2025,VEN,BRA,True,VEN,378574,Julio,Vasquez,3,4,TIRO3,FALLADO,,19,95
125530,11/12/2025,VEN,BRA,True,VEN,378574,Julio,Vasquez,3,4,TIRO2,CONVERTIDO,,133,39
125530,11/12/2025,VEN,BRA,True,VEN,378576,Williams,Anillo,18,4,TIRO1,CONVERTIDO,,0,0
125530,11/12/2025,VEN,BRA,True,VEN,378576,Williams,Anillo,18,4,TIRO1,FALLADO,,0,0
125531,12/12/2025,PAR,BRA,False,BRA,374721,Eduardo,Santos,50,1,TIRO3,CONVERTIDO,,36,110
125531,12/12/2025,PAR,BRA,True,PAR,331730,Alejandro,Talavera,6,1,TIRO2,FALLADO,,150,23
125531,12/12/2025,PAR,BRA,False,BRA,330047,Pedro,Souza,25,1,TIRO2,FALLADO,,134,34
125531,12/12/2025,PAR,BRA,False,BRA,374721,Eduardo,Santos,50,1,TIRO2,CONVERTIDO,,146,16
125531,12/12/2025,PAR,BRA,False,BRA,374721,Eduardo,Santos,50,1,TIRO1,CONVERTIDO,,0,0
125531,12/12/2025,PAR,BRA,True,PAR,409401,Nestor,Gonzalez,21,1,TIRO3,FALLADO,,120,166
125531,12/12/2025,PAR,BRA,True,PAR,409402,Roberto,Radice,3,1,TIRO3,CONVERTIDO,,11,30
125531,12/12/2025,PAR,BRA,False,BRA,405101,Pietro,Melo,10,1,TIRO3,CONVERTIDO,,246,139
125531,12/12/2025,PAR,BRA,True,PAR,409402,Roberto,Radice,3,1,TIRO3,CONVERTIDO,,244,133
125531,12/12/2025,PAR,BRA,False,BRA,330047,Pedro,Souza,25,1,TIRO2,CONVERTIDO,,108,30
125531,12/12/2025,PAR,BRA,False,BRA,330047,Pedro,Souza,25,1,TIRO1,FALLADO,,0,0
125531,12/12/2025,PAR,BRA,True,PAR,331738,Luis,Vera,5,1,TIRO2,CONVERTIDO,,149,18
125531,12/12/2025,PAR,BRA,False,BRA,405101,Pietro,Melo,10,1,TIRO3,FALLADO,,64,152
125531,12/12/2025,PAR,BRA,False,BRA,374721,Eduardo,Santos,50,1,TIRO2,FALLADO,,153,37
125531,12/12/2025,PAR,BRA,False,BRA,374721,Eduardo,Santos,50,1,TIRO2,CONVERTIDO,,137,29
125531,12/12/2025,PAR,BRA,True,PAR,331730,Alejandro,Talavera,6,1,TIRO3,FALLADO,,224,156
125531,12/12/2025,PAR,BRA,True,PAR,331738,Luis,Vera,5,1,TIRO3,FALLADO,,148,173
125531,12/12/2025,PAR,BRA,False,BRA,330047,Pedro,Souza,25,1,TIRO2,CONVERTIDO,,124,25
125531,12/12/2025,PAR,BRA,True,PAR,331738,Luis,Vera,5,1,TIRO2,FALLADO,,213,33
125531,12/12/2025,PAR,BRA,False,BRA,405101,Pietro,Melo,10,1,TIRO3,CONVERTIDO,,12,34
125531,12/12/2025,PAR,BRA,True,PAR,409402,Roberto,Radice,3,1,TIRO3,FALLADO,,236,130
125531,12/12/2025,PAR,BRA,False,BRA,330039,Joao,Neves,14,1,TIRO2,FALLADO,,105,24
125531,12/12/2025,PAR,BRA,False,BRA,374721,Eduardo,Santos,50,1,TIRO3,FALLADO,,51,140
125531,12/12/2025,PAR,BRA,True,PAR,409401,Nestor,Gonzalez,21,1,TIRO3,FALLADO,,66,154
125531,12/12/2025,PAR,BRA,False,BRA,330047,Pedro,Souza,25,1,TIRO1,CONVERTIDO,,0,0
125531,12/12/2025,PAR,BRA,False,BRA,330047,Pedro,Souza,25,1,TIRO1,CONVERTIDO,,0,0
125531,12/12/2025,PAR,BRA,True,PAR,331739,Mauricio,Escurra,14,1,TIRO2,FALLADO,,109,43
125531,12/12/2025,PAR,BRA,True,PAR,331738,Luis,Vera,5,1,TIRO3,FALLADO,,240,128
125531,12/12/2025,PAR,BRA,False,BRA,331414,Isaiah,Santos,45,1,TIRO1,CONVERTIDO,,0,0
125531,12/12/2025,PAR,BRA,False,BRA,331414,Isaiah,Santos,45,1,TIRO1,CONVERTIDO,,0,0
125531,12/12/2025,PAR,BRA,False,BRA,374721,Eduardo,Santos,50,1,TIRO1,CONVERTIDO,,0,0
125531,12/12/2025,PAR,BRA,False,BRA,374721,Eduardo,Santos,50,1,TIRO1,CONVERTIDO,,0,0
125531,12/12/2025,PAR,BRA,True,PAR,331739,Mauricio,Escurra,14,1,TIRO2,FALLADO,,161,35
125531,12/12/2025,PAR,BRA,False,BRA,405101,Pietro,Melo,10,1,TIRO3,FALLADO,,248,142
125531,12/12/2025,PAR,BRA,False,BRA,406939,Cristian,Ferreira,33,1,TIRO1,CONVERTIDO,,0,0
125531,12/12/2025,PAR,BRA,False,BRA,406939,Cristian,Ferreira,33,1,TIRO1,CONVERTIDO,,0,0
125531,12/12/2025,PAR,BRA,False,BRA,405082,Caio,Mathias,2,1,TIRO3,CONVERTIDO,,28,130
125531,12/12/2025,PAR,BRA,True,PAR,331739,Mauricio,Escurra,14,1,TIRO3,FALLADO,,51,134
125531,12/12/2025,PAR,BRA,False,BRA,361295,Joao Gabriel,Fernandes,8,1,TIRO2,CONVERTIDO,,119,21
125531,12/12/2025,PAR,BRA,False,BRA,406939,Cristian,Ferreira,33,1,TIRO2,CONVERTIDO,,135,48
125531,12/12/2025,PAR,BRA,False,BRA,406939,Cristian,Ferreira,33,1,TIRO1,FALLADO,,0,0
125531,12/12/2025,PAR,BRA,False,BRA,405082,Caio,Mathias,2,1,TIRO3,CONVERTIDO,,23,117
125531,12/12/2025,PAR,BRA,True,PAR,379182,Ezequiel,Cuellar,81,1,TIRO2,FALLADO,,158,41
125531,12/12/2025,PAR,BRA,False,BRA,405082,Caio,Mathias,2,1,TIRO3,FALLADO,,256,125
125531,12/12/2025,PAR,BRA,False,BRA,361295,Joao Gabriel,Fernandes,8,1,TIRO2,CONVERTIDO,,121,40
125531,12/12/2025,PAR,BRA,True,PAR,401330,Mateo,Irala,7,1,TIRO2,FALLADO,,141,24
125531,12/12/2025,PAR,BRA,False,BRA,405103,João Marcelo,De Rinalde,99,1,TIRO2,FALLADO,,146,36
125531,12/12/2025,PAR,BRA,False,BRA,405103,João Marcelo,De Rinalde,99,1,TIRO2,FALLADO,,122,29
125531,12/12/2025,PAR,BRA,True,PAR,409401,Nestor,Gonzalez,21,1,TIRO3,FALLADO,,10,10
125531,12/12/2025,PAR,BRA,False,BRA,331414,Isaiah,Santos,45,2,TIRO2,CONVERTIDO,,146,22
125531,12/12/2025,PAR,BRA,True,PAR,409401,Nestor,Gonzalez,21,2,TIRO2,FALLADO,,247,32
125531,12/12/2025,PAR,BRA,False,BRA,361295,Joao Gabriel,Fernandes,8,2,TIRO3,CONVERTIDO,,271,25
125531,12/12/2025,PAR,BRA,True,PAR,409401,Nestor,Gonzalez,21,2,TIRO2,FALLADO,,152,66
125531,12/12/2025,PAR,BRA,False,BRA,361295,Joao Gabriel,Fernandes,8,2,TIRO3,FALLADO,,62,145
125531,12/12/2025,PAR,BRA,True,PAR,409401,Nestor,Gonzalez,21,2,TIRO2,FALLADO,,138,40
125531,12/12/2025,PAR,BRA,False,BRA,331414,Isaiah,Santos,45,2,TIRO2,CONVERTIDO,,153,29
125531,12/12/2025,PAR,BRA,True,PAR,379182,Ezequiel,Cuellar,81,2,TIRO3,FALLADO,,239,156
125531,12/12/2025,PAR,BRA,False,BRA,361295,Joao Gabriel,Fernandes,8,2,TIRO2,FALLADO,,130,9
125531,12/12/2025,PAR,BRA,False,BRA,405108,Matheus,Nascimento,3,2,TIRO2,CONVERTIDO,,117,37
125531,12/12/2025,PAR,BRA,True,PAR,409401,Nestor,Gonzalez,21,2,TIRO2,FALLADO,,172,18
125531,12/12/2025,PAR,BRA,False,BRA,361295,Joao Gabriel,Fernandes,8,2,TIRO3,CONVERTIDO,,10,88
125531,12/12/2025,PAR,BRA,True,PAR,341880,Evert,Dominguez,10,2,TIRO3,FALLADO,,41,139
125531,12/12/2025,PAR,BRA,False,BRA,331414,Isaiah,Santos,45,2,TIRO1,CONVERTIDO,,0,0
125531,12/12/2025,PAR,BRA,False,BRA,331414,Isaiah,Santos,45,2,TIRO1,CONVERTIDO,,0,0
125531,12/12/2025,PAR,BRA,True,PAR,409402,Roberto,Radice,3,2,TIRO1,CONVERTIDO,,0,0
125531,12/12/2025,PAR,BRA,True,PAR,409402,Roberto,Radice,3,2,TIRO1,CONVERTIDO,,0,0
125531,12/12/2025,PAR,BRA,True,PAR,409402,Roberto,Radice,3,2,TIRO1,CONVERTIDO,,0,0
125531,12/12/2025,PAR,BRA,False,BRA,405100,João,Bandiera,11,2,TIRO3,FALLADO,,121,183
125531,12/12/2025,PAR,BRA,True,PAR,331738,Luis,Vera,5,2,TIRO2,FALLADO,,124,30
125531,12/12/2025,PAR,BRA,False,BRA,361295,Joao Gabriel,Fernandes,8,2,TIRO2,FALLADO,,148,20
125531,12/12/2025,PAR,BRA,False,BRA,330039,Joao,Neves,14,2,TIRO2,CONVERTIDO,,119,32
125531,12/12/2025,PAR,BRA,True,PAR,409402,Roberto,Radice,3,2,TIRO2,FALLADO,,169,30
125531,12/12/2025,PAR,BRA,False,BRA,330039,Joao,Neves,14,2,TIRO2,FALLADO,,131,29
125531,12/12/2025,PAR,BRA,False,BRA,361295,Joao Gabriel,Fernandes,8,2,TIRO3,CONVERTIDO,,230,193
125531,12/12/2025,PAR,BRA,True,PAR,409402,Roberto,Radice,3,2,TIRO1,FALLADO,,0,0
125531,12/12/2025,PAR,BRA,True,PAR,409402,Roberto,Radice,3,2,TIRO1,FALLADO,,0,0
125531,12/12/2025,PAR,BRA,True,PAR,409402,Roberto,Radice,3,2,TIRO1,CONVERTIDO,,0,0
125531,12/12/2025,PAR,BRA,False,BRA,405082,Caio,Mathias,2,2,TIRO3,FALLADO,,13,72
125531,12/12/2025,PAR,BRA,True,PAR,409402,Roberto,Radice,3,2,TIRO3,FALLADO,,10,23
125531,12/12/2025,PAR,BRA,False,BRA,330039,Joao,Neves,14,2,TIRO2,CONVERTIDO,,136,32
125531,12/12/2025,PAR,BRA,True,PAR,409402,Roberto,Radice,3,2,TIRO2,CONVERTIDO,,158,76
125531,12/12/2025,PAR,BRA,True,PAR,409404,Jose,Molinas,55,2,TIRO2,CONVERTIDO,,194,40
125531,12/12/2025,PAR,BRA,False,BRA,361295,Joao Gabriel,Fernandes,8,2,TIRO3,FALLADO,,10,34
125531,12/12/2025,PAR,BRA,True,PAR,331730,Alejandro,Talavera,6,2,TIRO2,CONVERTIDO,,142,34
125531,12/12/2025,PAR,BRA,False,BRA,406939,Cristian,Ferreira,33,2,TIRO2,FALLADO,,140,38
125531,12/12/2025,PAR,BRA,False,BRA,406939,Cristian,Ferreira,33,2,TIRO1,CONVERTIDO,,0,0
125531,12/12/2025,PAR,BRA,False,BRA,406939,Cristian,Ferreira,33,2,TIRO1,FALLADO,,0,0
125531,12/12/2025,PAR,BRA,False,BRA,374721,Eduardo,Santos,50,2,TIRO2,FALLADO,,140,29
125531,12/12/2025,PAR,BRA,True,PAR,409404,Jose,Molinas,55,2,TIRO2,FALLADO,,133,35
125531,12/12/2025,PAR,BRA,True,PAR,401330,Mateo,Irala,7,2,TIRO1,FALLADO,,0,0
125531,12/12/2025,PAR,BRA,True,PAR,401330,Mateo,Irala,7,2,TIRO1,FALLADO,,0,0
125531,12/12/2025,PAR,BRA,False,BRA,330047,Pedro,Souza,25,2,TIRO2,CONVERTIDO,,108,36
125531,12/12/2025,PAR,BRA,True,PAR,331739,Mauricio,Escurra,14,2,TIRO3,FALLADO,,61,157
125531,12/12/2025,PAR,BRA,True,PAR,409404,Jose,Molinas,55,2,TIRO2,FALLADO,,158,32
125531,12/12/2025,PAR,BRA,False,BRA,330039,Joao,Neves,14,2,TIRO2,CONVERTIDO,,142,30
125531,12/12/2025,PAR,BRA,True,PAR,341880,Evert,Dominguez,10,2,TIRO3,FALLADO,,231,189
125531,12/12/2025,PAR,BRA,True,PAR,331730,Alejandro,Talavera,6,3,TIRO2,CONVERTIDO,,89,26
125531,12/12/2025,PAR,BRA,False,BRA,330047,Pedro,Souza,25,3,TIRO3,FALLADO,,231,180
125531,12/12/2025,PAR,BRA,False,BRA,405101,Pietro,Melo,10,3,TIRO3,CONVERTIDO,,50,133
125531,12/12/2025,PAR,BRA,True,PAR,409401,Nestor,Gonzalez,21,3,TIRO2,FALLADO,,76,28
125531,12/12/2025,PAR,BRA,False,BRA,330047,Pedro,Souza,25,3,TIRO2,CONVERTIDO,,123,15
125531,12/12/2025,PAR,BRA,True,PAR,331738,Luis,Vera,5,3,TIRO3,FALLADO,,190,176
125531,12/12/2025,PAR,BRA,False,BRA,331414,Isaiah,Santos,45,3,TIRO2,FALLADO,,146,6
125531,12/12/2025,PAR,BRA,True,PAR,331739,Mauricio,Escurra,14,3,TIRO1,CONVERTIDO,,0,0
125531,12/12/2025,PAR,BRA,True,PAR,331739,Mauricio,Escurra,14,3,TIRO1,CONVERTIDO,,0,0
125531,12/12/2025,PAR,BRA,False,BRA,330047,Pedro,Souza,25,3,TIRO3,FALLADO,,247,173
125531,12/12/2025,PAR,BRA,True,PAR,331730,Alejandro,Talavera,6,3,TIRO2,CONVERTIDO,,138,29
125531,12/12/2025,PAR,BRA,False,BRA,405101,Pietro,Melo,10,3,TIRO3,CONVERTIDO,,271,30
125531,12/12/2025,PAR,BRA,True,PAR,331739,Mauricio,Escurra,14,3,TIRO2,CONVERTIDO,,132,18
125531,12/12/2025,PAR,BRA,False,BRA,374721,Eduardo,Santos,50,3,TIRO2,FALLADO,,155,19
125531,12/12/2025,PAR,BRA,False,BRA,331414,Isaiah,Santos,45,3,TIRO3,CONVERTIDO,,13,59
125531,12/12/2025,PAR,BRA,True,PAR,331730,Alejandro,Talavera,6,3,TIRO2,CONVERTIDO,,210,50
125531,12/12/2025,PAR,BRA,False,BRA,330047,Pedro,Souza,25,3,TIRO2,FALLADO,,141,18
125531,12/12/2025,PAR,BRA,False,BRA,331414,Isaiah,Santos,45,3,TIRO2,CONVERTIDO,,140,31
125531,12/12/2025,PAR,BRA,True,PAR,331739,Mauricio,Escurra,14,3,TIRO3,FALLADO,,108,195
125531,12/12/2025,PAR,BRA,True,PAR,409401,Nestor,Gonzalez,21,3,TIRO2,FALLADO,,130,30
125531,12/12/2025,PAR,BRA,True,PAR,331730,Alejandro,Talavera,6,3,TIRO3,FALLADO,,229,148
125531,12/12/2025,PAR,BRA,False,BRA,405101,Pietro,Melo,10,3,TIRO3,FALLADO,,36,145
125531,12/12/2025,PAR,BRA,False,BRA,405100,João,Bandiera,11,3,TIRO3,FALLADO,,243,132
125531,12/12/2025,PAR,BRA,True,PAR,331739,Mauricio,Escurra,14,3,TIRO3,FALLADO,,270,12
125531,12/12/2025,PAR,BRA,False,BRA,361295,Joao Gabriel,Fernandes,8,3,TIRO3,FALLADO,,259,116
125531,12/12/2025,PAR,BRA,True,PAR,341880,Evert,Dominguez,10,3,TIRO2,CONVERTIDO,,148,39
125531,12/12/2025,PAR,BRA,True,PAR,341880,Evert,Dominguez,10,3,TIRO1,FALLADO,,0,0
125531,12/12/2025,PAR,BRA,False,BRA,331414,Isaiah,Santos,45,3,TIRO2,CONVERTIDO,,155,18
125531,12/12/2025,PAR,BRA,True,PAR,331730,Alejandro,Talavera,6,3,TIRO3,FALLADO,,267,68
125531,12/12/2025,PAR,BRA,False,BRA,405082,Caio,Mathias,2,3,TIRO2,CONVERTIDO,,155,16
125531,12/12/2025,PAR,BRA,False,BRA,405082,Caio,Mathias,2,3,TIRO1,CONVERTIDO,,0,0
125531,12/12/2025,PAR,BRA,False,BRA,331414,Isaiah,Santos,45,3,TIRO3,FALLADO,,247,131
125531,12/12/2025,PAR,BRA,False,BRA,405103,João Marcelo,De Rinalde,99,3,TIRO2,CONVERTIDO,,143,30
125531,12/12/2025,PAR,BRA,True,PAR,341880,Evert,Dominguez,10,3,TIRO2,FALLADO,,75,116
125531,12/12/2025,PAR,BRA,False,BRA,361295,Joao Gabriel,Fernandes,8,3,TIRO2,FALLADO,,123,18
125531,12/12/2025,PAR,BRA,False,BRA,405103,João Marcelo,De Rinalde,99,3,TIRO2,CONVERTIDO,,140,31
125531,12/12/2025,PAR,BRA,True,PAR,379182,Ezequiel,Cuellar,81,3,TIRO2,FALLADO,,123,41
125531,12/12/2025,PAR,BRA,False,BRA,405100,João,Bandiera,11,3,TIRO2,FALLADO,,164,28
125531,12/12/2025,PAR,BRA,False,BRA,405103,João Marcelo,De Rinalde,99,3,TIRO2,CONVERTIDO,,140,27
125531,12/12/2025,PAR,BRA,False,BRA,405082,Caio,Mathias,2,3,TIRO2,CONVERTIDO,,150,26
125531,12/12/2025,PAR,BRA,True,PAR,409403,Richard,Hachen,15,3,TIRO2,FALLADO,,121,26
125531,12/12/2025,PAR,BRA,False,BRA,361295,Joao Gabriel,Fernandes,8,3,TIRO3,FALLADO,,12,74
125531,12/12/2025,PAR,BRA,True,PAR,341880,Evert,Dominguez,10,3,TIRO3,CONVERTIDO,,21,107
125531,12/12/2025,PAR,BRA,False,BRA,331414,Isaiah,Santos,45,3,TIRO3,FALLADO,,232,147
125531,12/12/2025,PAR,BRA,True,PAR,409404,Jose,Molinas,55,3,TIRO2,FALLADO,,70,83
125531,12/12/2025,PAR,BRA,False,BRA,405100,João,Bandiera,11,3,TIRO2,CONVERTIDO,,156,22
125531,12/12/2025,PAR,BRA,True,PAR,341880,Evert,Dominguez,10,4,TIRO3,CONVERTIDO,,27,130
125531,12/12/2025,PAR,BRA,False,BRA,405100,João,Bandiera,11,4,TIRO2,FALLADO,,134,113
125531,12/12/2025,PAR,BRA,False,BRA,405103,João Marcelo,De Rinalde,99,4,TIRO2,CONVERTIDO,,156,32
125531,12/12/2025,PAR,BRA,True,PAR,409403,Richard,Hachen,15,4,TIRO3,FALLADO,,34,178
125531,12/12/2025,PAR,BRA,False,BRA,331414,Isaiah,Santos,45,4,TIRO2,FALLADO,,141,48
125531,12/12/2025,PAR,BRA,False,BRA,405082,Caio,Mathias,2,4,TIRO3,FALLADO,,238,136
125531,12/12/2025,PAR,BRA,False,BRA,331414,Isaiah,Santos,45,4,TIRO1,CONVERTIDO,,0,0
125531,12/12/2025,PAR,BRA,False,BRA,331414,Isaiah,Santos,45,4,TIRO1,FALLADO,,0,0
125531,12/12/2025,PAR,BRA,False,BRA,331414,Isaiah,Santos,45,4,TIRO2,FALLADO,,148,17
125531,12/12/2025,PAR,BRA,True,PAR,401330,Mateo,Irala,7,4,TIRO2,FALLADO,,165,25
125531,12/12/2025,PAR,BRA,False,BRA,361295,Joao Gabriel,Fernandes,8,4,TIRO3,FALLADO,,65,156
125531,12/12/2025,PAR,BRA,False,BRA,405082,Caio,Mathias,2,4,TIRO3,FALLADO,,268,29
125531,12/12/2025,PAR,BRA,False,BRA,331414,Isaiah,Santos,45,4,TIRO2,CONVERTIDO,,150,22
125531,12/12/2025,PAR,BRA,False,BRA,405108,Matheus,Nascimento,3,4,TIRO3,FALLADO,,51,144
125531,12/12/2025,PAR,BRA,True,PAR,379238,Juan,Vazquez,9,4,TIRO2,FALLADO,,134,26
125531,12/12/2025,PAR,BRA,False,BRA,405108,Matheus,Nascimento,3,4,TIRO2,CONVERTIDO,,161,22
125531,12/12/2025,PAR,BRA,True,PAR,379182,Ezequiel,Cuellar,81,4,TIRO2,CONVERTIDO,,173,113
125531,12/12/2025,PAR,BRA,False,BRA,405100,João,Bandiera,11,4,TIRO2,CONVERTIDO,,136,22
125531,12/12/2025,PAR,BRA,True,PAR,331738,Luis,Vera,5,4,TIRO1,CONVERTIDO,,0,0
125531,12/12/2025,PAR,BRA,True,PAR,331738,Luis,Vera,5,4,TIRO1,CONVERTIDO,,0,0
125531,12/12/2025,PAR,BRA,False,BRA,408792,Pedro,Alves,6,4,TIRO2,FALLADO,,159,30
125531,12/12/2025,PAR,BRA,False,BRA,405101,Pietro,Melo,10,4,TIRO2,CONVERTIDO,,152,23
125531,12/12/2025,PAR,BRA,True,PAR,409404,Jose,Molinas,55,4,TIRO2,FALLADO,,134,64
125531,12/12/2025,PAR,BRA,True,PAR,331738,Luis,Vera,5,4,TIRO3,FALLADO,,81,161
125531,12/12/2025,PAR,BRA,False,BRA,361295,Joao Gabriel,Fernandes,8,4,TIRO3,CONVERTIDO,,261,114
125531,12/12/2025,PAR,BRA,True,PAR,379238,Juan,Vazquez,9,4,TIRO3,CONVERTIDO,,55,154
125531,12/12/2025,PAR,BRA,False,BRA,405101,Pietro,Melo,10,4,TIRO3,FALLADO,,253,120
125531,12/12/2025,PAR,BRA,False,BRA,405101,Pietro,Melo,10,4,TIRO2,CONVERTIDO,,142,22
125531,12/12/2025,PAR,BRA,True,PAR,379182,Ezequiel,Cuellar,81,4,TIRO2,FALLADO,,103,51
125531,12/12/2025,PAR,BRA,False,BRA,405108,Matheus,Nascimento,3,4,TIRO3,CONVERTIDO,,273,36
125531,12/12/2025,PAR,BRA,True,PAR,341880,Evert,Dominguez,10,4,TIRO2,CONVERTIDO,,222,53
125531,12/12/2025,PAR,BRA,False,BRA,374721,Eduardo,Santos,50,4,TIRO2,CONVERTIDO,,142,33
125531,12/12/2025,PAR,BRA,True,PAR,379238,Juan,Vazquez,9,4,TIRO3,FALLADO,,17,82
125531,12/12/2025,PAR,BRA,False,BRA,405082,Caio,Mathias,2,4,TIRO2,FALLADO,,140,27
125531,12/12/2025,PAR,BRA,False,BRA,374721,Eduardo,Santos,50,4,TIRO2,FALLADO,,145,12
125531,12/12/2025,PAR,BRA,False,BRA,406939,Cristian,Ferreira,33,4,TIRO2,CONVERTIDO,,156,27
125531,12/12/2025,PAR,BRA,False,BRA,406939,Cristian,Ferreira,33,4,TIRO1,FALLADO,,0,0
125531,12/12/2025,PAR,BRA,False,BRA,405108,Matheus,Nascimento,3,4,TIRO3,FALLADO,,7,14
125531,12/12/2025,PAR,BRA,False,BRA,406939,Cristian,Ferreira,33,4,TIRO2,FALLADO,,149,44
125531,12/12/2025,PAR,BRA,False,BRA,406939,Cristian,Ferreira,33,4,TIRO2,CONVERTIDO,,160,27
125531,12/12/2025,PAR,BRA,True,PAR,409404,Jose,Molinas,55,4,TIRO2,CONVERTIDO,,140,97
125532,12/12/2025,CHI,VEN,True,CHI,331346,Francisco,Saravia,10,1,TIRO2,FALLADO,,135,121
125532,12/12/2025,CHI,VEN,True,CHI,350728,Pedro,Stuardo,9,1,TIRO2,CONVERTIDO,,142,31
125532,12/12/2025,CHI,VEN,False,VEN,390925,Jose,Lara,7,1,TIRO2,FALLADO,,133,32
125532,12/12/2025,CHI,VEN,True,CHI,331346,Francisco,Saravia,10,1,TIRO2,CONVERTIDO,,147,43
125532,12/12/2025,CHI,VEN,False,VEN,378577,Kevin,Gutierrez,14,1,TIRO2,CONVERTIDO,,142,32
125532,12/12/2025,CHI,VEN,False,VEN,378577,Kevin,Gutierrez,14,1,TIRO1,FALLADO,,0,0
125532,12/12/2025,CHI,VEN,False,VEN,409363,Richard,Segovia,4,1,TIRO2,FALLADO,,130,44
125532,12/12/2025,CHI,VEN,False,VEN,378574,Julio,Vasquez,3,1,TIRO3,FALLADO,,149,43
125532,12/12/2025,CHI,VEN,True,CHI,409010,Mateo,Castro,3,1,TIRO2,CONVERTIDO,,141,29
125532,12/12/2025,CHI,VEN,True,CHI,409010,Mateo,Castro,3,1,TIRO1,FALLADO,,0,0
125532,12/12/2025,CHI,VEN,True,CHI,331346,Francisco,Saravia,10,1,TIRO1,CONVERTIDO,,0,0
125532,12/12/2025,CHI,VEN,True,CHI,331346,Francisco,Saravia,10,1,TIRO1,CONVERTIDO,,0,0
125532,12/12/2025,CHI,VEN,False,VEN,390925,Jose,Lara,7,1,TIRO3,CONVERTIDO,,30,123
125532,12/12/2025,CHI,VEN,True,CHI,356339,Maximiliano,Quezada,17,1,TIRO2,CONVERTIDO,,152,72
125532,12/12/2025,CHI,VEN,False,VEN,356334,Diego,Soto,26,1,TIRO2,CONVERTIDO,,134,61
125532,12/12/2025,CHI,VEN,True,CHI,331346,Francisco,Saravia,10,1,TIRO1,CONVERTIDO,,0,0
125532,12/12/2025,CHI,VEN,True,CHI,331346,Francisco,Saravia,10,1,TIRO1,FALLADO,,0,0
125532,12/12/2025,CHI,VEN,False,VEN,390925,Jose,Lara,7,1,TIRO2,FALLADO,,137,47
125532,12/12/2025,CHI,VEN,False,VEN,378576,Williams,Anillo,18,1,TIRO3,FALLADO,,203,157
125532,12/12/2025,CHI,VEN,True,CHI,350728,Pedro,Stuardo,9,1,TIRO3,FALLADO,,65,145
125532,12/12/2025,CHI,VEN,False,VEN,378577,Kevin,Gutierrez,14,1,TIRO2,FALLADO,,127,43
125532,12/12/2025,CHI,VEN,False,VEN,390925,Jose,Lara,7,1,TIRO3,FALLADO,,220,139
125532,12/12/2025,CHI,VEN,True,CHI,331346,Francisco,Saravia,10,1,TIRO2,FALLADO,,151,34
125532,12/12/2025,CHI,VEN,True,CHI,350728,Pedro,Stuardo,9,1,TIRO2,FALLADO,,131,33
125532,12/12/2025,CHI,VEN,False,VEN,378576,Williams,Anillo,18,1,TIRO1,CONVERTIDO,,0,0
125532,12/12/2025,CHI,VEN,False,VEN,378576,Williams,Anillo,18,1,TIRO1,CONVERTIDO,,0,0
125532,12/12/2025,CHI,VEN,True,CHI,329193,Agustin,Echeverria,8,1,TIRO3,FALLADO,,19,90
125532,12/12/2025,CHI,VEN,False,VEN,378577,Kevin,Gutierrez,14,1,TIRO2,CONVERTIDO,,128,39
125532,12/12/2025,CHI,VEN,False,VEN,409398,Isaac,Montero,20,1,TIRO2,CONVERTIDO,,131,41
125532,12/12/2025,CHI,VEN,True,CHI,331346,Francisco,Saravia,10,1,TIRO3,FALLADO,,205,151
125532,12/12/2025,CHI,VEN,True,CHI,329193,Agustin,Echeverria,8,1,TIRO3,FALLADO,,19,88
125532,12/12/2025,CHI,VEN,True,CHI,378907,Luis,Musrri,0,1,TIRO3,FALLADO,,135,167
125532,12/12/2025,CHI,VEN,False,VEN,409360,Juan,Perdomo,9,1,TIRO1,CONVERTIDO,,0,0
125532,12/12/2025,CHI,VEN,False,VEN,409360,Juan,Perdomo,9,1,TIRO1,CONVERTIDO,,0,0
125532,12/12/2025,CHI,VEN,False,VEN,409360,Juan,Perdomo,9,1,TIRO1,CONVERTIDO,,0,0
125532,12/12/2025,CHI,VEN,True,CHI,377876,Tomas,La Rivera,2,1,TIRO3,FALLADO,,270,50
125532,12/12/2025,CHI,VEN,True,CHI,377876,Tomas,La Rivera,2,1,TIRO2,FALLADO,,111,101
125532,12/12/2025,CHI,VEN,False,VEN,390925,Jose,Lara,7,1,TIRO3,FALLADO,,77,152
125532,12/12/2025,CHI,VEN,False,VEN,378579,Deiker,Torres,2,1,TIRO2,CONVERTIDO,,130,38
125532,12/12/2025,CHI,VEN,True,CHI,377876,Tomas,La Rivera,2,1,TIRO3,CONVERTIDO,,19,90
125532,12/12/2025,CHI,VEN,True,CHI,409018,Mateo,Velásquez,15,2,TIRO1,FALLADO,,0,0
125532,12/12/2025,CHI,VEN,True,CHI,409018,Mateo,Velásquez,15,2,TIRO1,CONVERTIDO,,0,0
125532,12/12/2025,CHI,VEN,False,VEN,378579,Deiker,Torres,2,2,TIRO2,CONVERTIDO,,138,35
125532,12/12/2025,CHI,VEN,True,CHI,350728,Pedro,Stuardo,9,2,TIRO2,FALLADO,,150,26
125532,12/12/2025,CHI,VEN,True,CHI,409018,Mateo,Velásquez,15,2,TIRO2,CONVERTIDO,,158,28
125532,12/12/2025,CHI,VEN,False,VEN,390925,Jose,Lara,7,2,TIRO2,CONVERTIDO,,127,45
125532,12/12/2025,CHI,VEN,True,CHI,378907,Luis,Musrri,0,2,TIRO2,FALLADO,,137,49
125532,12/12/2025,CHI,VEN,False,VEN,378576,Williams,Anillo,18,2,TIRO3,CONVERTIDO,,244,115
125532,12/12/2025,CHI,VEN,True,CHI,350728,Pedro,Stuardo,9,2,TIRO3,FALLADO,,261,101
125532,12/12/2025,CHI,VEN,False,VEN,378576,Williams,Anillo,18,2,TIRO1,CONVERTIDO,,0,0
125532,12/12/2025,CHI,VEN,False,VEN,378576,Williams,Anillo,18,2,TIRO1,CONVERTIDO,,0,0
125532,12/12/2025,CHI,VEN,True,CHI,356339,Maximiliano,Quezada,17,2,TIRO2,FALLADO,,133,32
125532,12/12/2025,CHI,VEN,False,VEN,409360,Juan,Perdomo,9,2,TIRO2,CONVERTIDO,,127,126
125532,12/12/2025,CHI,VEN,True,CHI,393122,Gabriel,Pachano,1,2,TIRO2,FALLADO,,149,41
125532,12/12/2025,CHI,VEN,False,VEN,378577,Kevin,Gutierrez,14,2,TIRO2,CONVERTIDO,,130,53
125532,12/12/2025,CHI,VEN,False,VEN,378577,Kevin,Gutierrez,14,2,TIRO1,CONVERTIDO,,0,0
125532,12/12/2025,CHI,VEN,True,CHI,331346,Francisco,Saravia,10,2,TIRO2,CONVERTIDO,,137,26
125532,12/12/2025,CHI,VEN,False,VEN,356334,Diego,Soto,26,2,TIRO2,CONVERTIDO,,130,38
125532,12/12/2025,CHI,VEN,True,CHI,331346,Francisco,Saravia,10,2,TIRO2,FALLADO,,134,42
125532,12/12/2025,CHI,VEN,False,VEN,409360,Juan,Perdomo,9,2,TIRO3,FALLADO,,21,99
125532,12/12/2025,CHI,VEN,True,CHI,393122,Gabriel,Pachano,1,2,TIRO3,FALLADO,,218,139
125532,12/12/2025,CHI,VEN,False,VEN,409360,Juan,Perdomo,9,2,TIRO3,FALLADO,,26,110
125532,12/12/2025,CHI,VEN,False,VEN,409363,Richard,Segovia,4,2,TIRO2,CONVERTIDO,,121,45
125532,12/12/2025,CHI,VEN,True,CHI,377876,Tomas,La Rivera,2,2,TIRO2,CONVERTIDO,,141,40
125532,12/12/2025,CHI,VEN,False,VEN,356334,Diego,Soto,26,2,TIRO2,CONVERTIDO,,134,51
125532,12/12/2025,CHI,VEN,True,CHI,331346,Francisco,Saravia,10,2,TIRO2,FALLADO,,196,78
125532,12/12/2025,CHI,VEN,False,VEN,409363,Richard,Segovia,4,2,TIRO2,FALLADO,,123,68
125532,12/12/2025,CHI,VEN,False,VEN,378579,Deiker,Torres,2,2,TIRO3,FALLADO,,70,148
125532,12/12/2025,CHI,VEN,True,CHI,409016,Mathias,Hitschfeld,4,2,TIRO3,FALLADO,,92,153
125532,12/12/2025,CHI,VEN,True,CHI,378907,Luis,Musrri,0,2,TIRO2,FALLADO,,140,27
125532,12/12/2025,CHI,VEN,False,VEN,390925,Jose,Lara,7,2,TIRO2,CONVERTIDO,,124,42
125532,12/12/2025,CHI,VEN,True,CHI,409016,Mathias,Hitschfeld,4,2,TIRO3,CONVERTIDO,,263,89
125532,12/12/2025,CHI,VEN,False,VEN,390925,Jose,Lara,7,2,TIRO2,CONVERTIDO,,134,28
125532,12/12/2025,CHI,VEN,False,VEN,378579,Deiker,Torres,2,2,TIRO2,CONVERTIDO,,134,48
125532,12/12/2025,CHI,VEN,True,CHI,376093,Tomas,Pino,7,2,TIRO2,FALLADO,,141,22
125532,12/12/2025,CHI,VEN,False,VEN,378574,Julio,Vasquez,3,3,TIRO3,CONVERTIDO,,266,72
125532,12/12/2025,CHI,VEN,True,CHI,331346,Francisco,Saravia,10,3,TIRO2,FALLADO,,165,143
125532,12/12/2025,CHI,VEN,False,VEN,378577,Kevin,Gutierrez,14,3,TIRO2,CONVERTIDO,,142,29
125532,12/12/2025,CHI,VEN,True,CHI,409018,Mateo,Velásquez,15,3,TIRO2,CONVERTIDO,,124,47
125532,12/12/2025,CHI,VEN,False,VEN,390925,Jose,Lara,7,3,TIRO2,CONVERTIDO,,179,36
125532,12/12/2025,CHI,VEN,False,VEN,378574,Julio,Vasquez,3,3,TIRO2,FALLADO,,139,31
125532,12/12/2025,CHI,VEN,False,VEN,409363,Richard,Segovia,4,3,TIRO3,FALLADO,,137,167
125532,12/12/2025,CHI,VEN,True,CHI,331346,Francisco,Saravia,10,3,TIRO3,CONVERTIDO,,77,152
125532,12/12/2025,CHI,VEN,False,VEN,378576,Williams,Anillo,18,3,TIRO3,FALLADO,,266,85
125532,12/12/2025,CHI,VEN,True,CHI,331346,Francisco,Saravia,10,3,TIRO3,FALLADO,,102,155
125532,12/12/2025,CHI,VEN,False,VEN,390925,Jose,Lara,7,3,TIRO3,FALLADO,,47,130
125532,12/12/2025,CHI,VEN,False,VEN,378579,Deiker,Torres,2,3,TIRO2,CONVERTIDO,,141,42
125532,12/12/2025,CHI,VEN,False,VEN,378577,Kevin,Gutierrez,14,3,TIRO2,CONVERTIDO,,145,30
125532,12/12/2025,CHI,VEN,True,CHI,377876,Tomas,La Rivera,2,3,TIRO3,CONVERTIDO,,32,115
125532,12/12/2025,CHI,VEN,False,VEN,378579,Deiker,Torres,2,3,TIRO2,CONVERTIDO,,151,32
125532,12/12/2025,CHI,VEN,True,CHI,350728,Pedro,Stuardo,9,3,TIRO3,FALLADO,,153,166
125532,12/12/2025,CHI,VEN,True,CHI,331346,Francisco,Saravia,10,3,TIRO1,CONVERTIDO,,0,0
125532,12/12/2025,CHI,VEN,True,CHI,331346,Francisco,Saravia,10,3,TIRO1,FALLADO,,0,0
125532,12/12/2025,CHI,VEN,True,CHI,331346,Francisco,Saravia,10,3,TIRO3,CONVERTIDO,,54,132
125532,12/12/2025,CHI,VEN,False,VEN,356334,Diego,Soto,26,3,TIRO2,FALLADO,,75,116
125532,12/12/2025,CHI,VEN,True,CHI,409018,Mateo,Velásquez,15,3,TIRO2,CONVERTIDO,,130,26
125532,12/12/2025,CHI,VEN,False,VEN,409360,Juan,Perdomo,9,3,TIRO3,FALLADO,,34,108
125532,12/12/2025,CHI,VEN,True,CHI,331346,Francisco,Saravia,10,3,TIRO3,FALLADO,,62,141
125532,12/12/2025,CHI,VEN,False,VEN,390925,Jose,Lara,7,3,TIRO2,FALLADO,,138,50
125532,12/12/2025,CHI,VEN,False,VEN,378574,Julio,Vasquez,3,3,TIRO3,FALLADO,,215,156
125532,12/12/2025,CHI,VEN,False,VEN,378579,Deiker,Torres,2,3,TIRO3,FALLADO,,65,136
125532,12/12/2025,CHI,VEN,False,VEN,390925,Jose,Lara,7,3,TIRO3,CONVERTIDO,,237,134
125532,12/12/2025,CHI,VEN,True,CHI,377876,Tomas,La Rivera,2,3,TIRO3,FALLADO,,87,157
125532,12/12/2025,CHI,VEN,False,VEN,409360,Juan,Perdomo,9,3,TIRO3,CONVERTIDO,,271,59
125532,12/12/2025,CHI,VEN,True,CHI,331346,Francisco,Saravia,10,3,TIRO1,CONVERTIDO,,0,0
125532,12/12/2025,CHI,VEN,True,CHI,331346,Francisco,Saravia,10,3,TIRO1,CONVERTIDO,,0,0
125532,12/12/2025,CHI,VEN,False,VEN,378579,Deiker,Torres,2,3,TIRO3,CONVERTIDO,,144,167
125532,12/12/2025,CHI,VEN,True,CHI,331346,Francisco,Saravia,10,4,TIRO2,CONVERTIDO,,135,28
125532,12/12/2025,CHI,VEN,False,VEN,409358,Samuel,Niño,23,4,TIRO2,CONVERTIDO,,138,25
125532,12/12/2025,CHI,VEN,True,CHI,350728,Pedro,Stuardo,9,4,TIRO3,FALLADO,,172,171
125532,12/12/2025,CHI,VEN,False,VEN,390925,Jose,Lara,7,4,TIRO2,FALLADO,,139,27
125532,12/12/2025,CHI,VEN,True,CHI,378907,Luis,Musrri,0,4,TIRO2,CONVERTIDO,,134,35
125532,12/12/2025,CHI,VEN,True,CHI,378907,Luis,Musrri,0,4,TIRO1,FALLADO,,0,0
125532,12/12/2025,CHI,VEN,False,VEN,390925,Jose,Lara,7,4,TIRO3,CONVERTIDO,,139,160
125532,12/12/2025,CHI,VEN,True,CHI,393122,Gabriel,Pachano,1,4,TIRO3,CONVERTIDO,,191,158
125532,12/12/2025,CHI,VEN,False,VEN,390925,Jose,Lara,7,4,TIRO3,FALLADO,,50,124
125532,12/12/2025,CHI,VEN,True,CHI,378907,Luis,Musrri,0,4,TIRO3,CONVERTIDO,,93,170
125532,12/12/2025,CHI,VEN,False,VEN,409358,Samuel,Niño,23,4,TIRO2,FALLADO,,79,31
125532,12/12/2025,CHI,VEN,True,CHI,378907,Luis,Musrri,0,4,TIRO3,FALLADO,,214,146
125532,12/12/2025,CHI,VEN,False,VEN,409358,Samuel,Niño,23,4,TIRO1,FALLADO,,0,0
125532,12/12/2025,CHI,VEN,False,VEN,409358,Samuel,Niño,23,4,TIRO1,CONVERTIDO,,0,0
125532,12/12/2025,CHI,VEN,False,VEN,378576,Williams,Anillo,18,4,TIRO3,FALLADO,,247,136
125532,12/12/2025,CHI,VEN,True,CHI,393122,Gabriel,Pachano,1,4,TIRO2,FALLADO,,200,100
125532,12/12/2025,CHI,VEN,True,CHI,378907,Luis,Musrri,0,4,TIRO2,CONVERTIDO,,134,27
125532,12/12/2025,CHI,VEN,False,VEN,409363,Richard,Segovia,4,4,TIRO1,CONVERTIDO,,0,0
125532,12/12/2025,CHI,VEN,False,VEN,409363,Richard,Segovia,4,4,TIRO1,CONVERTIDO,,0,0
125532,12/12/2025,CHI,VEN,True,CHI,331346,Francisco,Saravia,10,4,TIRO2,CONVERTIDO,,126,26
125532,12/12/2025,CHI,VEN,False,VEN,378579,Deiker,Torres,2,4,TIRO2,FALLADO,,133,114
125532,12/12/2025,CHI,VEN,True,CHI,377876,Tomas,La Rivera,2,4,TIRO2,CONVERTIDO,,138,38
125532,12/12/2025,CHI,VEN,False,VEN,378579,Deiker,Torres,2,4,TIRO3,FALLADO,,201,154
125532,12/12/2025,CHI,VEN,False,VEN,409360,Juan,Perdomo,9,4,TIRO3,FALLADO,,272,74
125532,12/12/2025,CHI,VEN,True,CHI,378907,Luis,Musrri,0,4,TIRO1,FALLADO,,0,0
125532,12/12/2025,CHI,VEN,True,CHI,378907,Luis,Musrri,0,4,TIRO1,FALLADO,,0,0
125532,12/12/2025,CHI,VEN,False,VEN,378574,Julio,Vasquez,3,4,TIRO1,CONVERTIDO,,0,0
125532,12/12/2025,CHI,VEN,False,VEN,378574,Julio,Vasquez,3,4,TIRO1,CONVERTIDO,,0,0
125532,12/12/2025,CHI,VEN,True,CHI,377876,Tomas,La Rivera,2,4,TIRO3,CONVERTIDO,,255,108
125532,12/12/2025,CHI,VEN,False,VEN,378577,Kevin,Gutierrez,14,4,TIRO1,CONVERTIDO,,0,0
125532,12/12/2025,CHI,VEN,False,VEN,378577,Kevin,Gutierrez,14,4,TIRO1,CONVERTIDO,,0,0
125532,12/12/2025,CHI,VEN,True,CHI,331346,Francisco,Saravia,10,4,TIRO2,CONVERTIDO,,142,124
125532,12/12/2025,CHI,VEN,False,VEN,378574,Julio,Vasquez,3,4,TIRO2,FALLADO,,177,49
125532,12/12/2025,CHI,VEN,False,VEN,378574,Julio,Vasquez,3,4,TIRO2,FALLADO,,251,76
125532,12/12/2025,CHI,VEN,True,CHI,331346,Francisco,Saravia,10,4,TIRO2,FALLADO,,142,141
125532,12/12/2025,CHI,VEN,False,VEN,378577,Kevin,Gutierrez,14,4,TIRO2,CONVERTIDO,,157,30
125532,12/12/2025,CHI,VEN,True,CHI,393122,Gabriel,Pachano,1,4,TIRO2,FALLADO,,155,78
125532,12/12/2025,CHI,VEN,False,VEN,378579,Deiker,Torres,2,4,TIRO1,CONVERTIDO,,0,0
125532,12/12/2025,CHI,VEN,False,VEN,378579,Deiker,Torres,2,4,TIRO1,CONVERTIDO,,0,0
125532,12/12/2025,CHI,VEN,True,CHI,409018,Mateo,Velásquez,15,4,TIRO3,CONVERTIDO,,232,115
125532,12/12/2025,CHI,VEN,False,VEN,378579,Deiker,Torres,2,4,TIRO1,CONVERTIDO,,0,0
125532,12/12/2025,CHI,VEN,False,VEN,378579,Deiker,Torres,2,4,TIRO1,FALLADO,,0,0
125532,12/12/2025,CHI,VEN,True,CHI,331346,Francisco,Saravia,10,4,TIRO3,FALLADO,,153,165
130826,13/12/2025,COL,PAR,False,PAR,409401,Nestor,Gonzalez,21,1,TIRO2,FALLADO,,74,64
130826,13/12/2025,COL,PAR,True,COL,400857,Leonardo,Restrepo,5,1,TIRO3,FALLADO,,101,154
130826,13/12/2025,COL,PAR,True,COL,379759,Matthew,Bernal,7,1,TIRO2,FALLADO,,132,31
130826,13/12/2025,COL,PAR,True,COL,409483,Julian,Betancurt,59,1,TIRO2,CONVERTIDO,,133,31
130826,13/12/2025,COL,PAR,False,PAR,409401,Nestor,Gonzalez,21,1,TIRO2,FALLADO,,153,35
130826,13/12/2025,COL,PAR,False,PAR,409401,Nestor,Gonzalez,21,1,TIRO2,FALLADO,,132,78
130826,13/12/2025,COL,PAR,True,COL,409481,Andres,Mateus,10,1,TIRO1,CONVERTIDO,,0,0
130826,13/12/2025,COL,PAR,True,COL,409481,Andres,Mateus,10,1,TIRO1,CONVERTIDO,,0,0
130826,13/12/2025,COL,PAR,False,PAR,331730,Alejandro,Talavera,6,1,TIRO3,FALLADO,,10,58
130826,13/12/2025,COL,PAR,True,COL,379759,Matthew,Bernal,7,1,TIRO2,CONVERTIDO,,231,103
130826,13/12/2025,COL,PAR,False,PAR,409402,Roberto,Radice,3,1,TIRO3,CONVERTIDO,,265,56
130826,13/12/2025,COL,PAR,False,PAR,409402,Roberto,Radice,3,1,TIRO1,CONVERTIDO,,0,0
130826,13/12/2025,COL,PAR,True,COL,409477,Yansem,Caicedo,14,1,TIRO3,FALLADO,,229,130
130826,13/12/2025,COL,PAR,False,PAR,331739,Mauricio,Escurra,14,1,TIRO3,FALLADO,,254,93
130826,13/12/2025,COL,PAR,True,COL,409483,Julian,Betancurt,59,1,TIRO2,FALLADO,,155,84
130826,13/12/2025,COL,PAR,True,COL,379759,Matthew,Bernal,7,1,TIRO3,FALLADO,,241,119
130826,13/12/2025,COL,PAR,True,COL,409477,Yansem,Caicedo,14,1,TIRO2,FALLADO,,141,106
130826,13/12/2025,COL,PAR,False,PAR,409402,Roberto,Radice,3,1,TIRO3,FALLADO,,13,41
130826,13/12/2025,COL,PAR,True,COL,409481,Andres,Mateus,10,1,TIRO1,CONVERTIDO,,0,0
130826,13/12/2025,COL,PAR,True,COL,409481,Andres,Mateus,10,1,TIRO1,FALLADO,,0,0
130826,13/12/2025,COL,PAR,False,PAR,331739,Mauricio,Escurra,14,1,TIRO3,CONVERTIDO,,268,30
130826,13/12/2025,COL,PAR,False,PAR,331739,Mauricio,Escurra,14,1,TIRO3,FALLADO,,89,158
130826,13/12/2025,COL,PAR,True,COL,400857,Leonardo,Restrepo,5,1,TIRO2,FALLADO,,124,30
130826,13/12/2025,COL,PAR,True,COL,409482,Alejandro,Sanchez,4,1,TIRO3,FALLADO,,60,144
130826,13/12/2025,COL,PAR,False,PAR,409403,Richard,Hachen,15,1,TIRO1,FALLADO,,0,0
130826,13/12/2025,COL,PAR,False,PAR,409403,Richard,Hachen,15,1,TIRO1,CONVERTIDO,,0,0
130826,13/12/2025,COL,PAR,True,COL,379759,Matthew,Bernal,7,1,TIRO2,FALLADO,,174,86
130826,13/12/2025,COL,PAR,True,COL,409484,Ezekiel,Suarez,8,1,TIRO2,CONVERTIDO,,221,58
130826,13/12/2025,COL,PAR,False,PAR,331730,Alejandro,Talavera,6,1,TIRO3,FALLADO,,118,165
130826,13/12/2025,COL,PAR,False,PAR,409403,Richard,Hachen,15,1,TIRO2,FALLADO,,163,26
130826,13/12/2025,COL,PAR,False,PAR,331739,Mauricio,Escurra,14,1,TIRO2,CONVERTIDO,,146,31
130826,13/12/2025,COL,PAR,True,COL,379759,Matthew,Bernal,7,1,TIRO1,CONVERTIDO,,0,0
130826,13/12/2025,COL,PAR,True,COL,379759,Matthew,Bernal,7,1,TIRO1,FALLADO,,0,0
130826,13/12/2025,COL,PAR,False,PAR,331739,Mauricio,Escurra,14,1,TIRO2,FALLADO,,168,29
130826,13/12/2025,COL,PAR,True,COL,332119,Andres,Hernandez,24,1,TIRO3,FALLADO,,145,160
130826,13/12/2025,COL,PAR,False,PAR,331730,Alejandro,Talavera,6,1,TIRO2,FALLADO,,157,43
130826,13/12/2025,COL,PAR,False,PAR,409403,Richard,Hachen,15,1,TIRO2,FALLADO,,162,43
130826,13/12/2025,COL,PAR,False,PAR,331739,Mauricio,Escurra,14,1,TIRO2,FALLADO,,149,35
130826,13/12/2025,COL,PAR,True,COL,409484,Ezekiel,Suarez,8,1,TIRO3,CONVERTIDO,,268,72
130826,13/12/2025,COL,PAR,True,COL,409482,Alejandro,Sanchez,4,1,TIRO1,CONVERTIDO,,0,0
130826,13/12/2025,COL,PAR,True,COL,409482,Alejandro,Sanchez,4,1,TIRO1,CONVERTIDO,,0,0
130826,13/12/2025,COL,PAR,False,PAR,331730,Alejandro,Talavera,6,1,TIRO2,CONVERTIDO,,108,69
130826,13/12/2025,COL,PAR,True,COL,409482,Alejandro,Sanchez,4,1,TIRO2,CONVERTIDO,,157,49
130826,13/12/2025,COL,PAR,True,COL,332119,Andres,Hernandez,24,1,TIRO2,CONVERTIDO,,132,39
130826,13/12/2025,COL,PAR,True,COL,379759,Matthew,Bernal,7,2,TIRO3,FALLADO,,234,136
130826,13/12/2025,COL,PAR,False,PAR,331738,Luis,Vera,5,2,TIRO3,CONVERTIDO,,103,161
130826,13/12/2025,COL,PAR,True,COL,379759,Matthew,Bernal,7,2,TIRO2,FALLADO,,184,104
130826,13/12/2025,COL,PAR,False,PAR,341880,Evert,Dominguez,10,2,TIRO3,FALLADO,,144,165
130826,13/12/2025,COL,PAR,True,COL,409480,Santiago,Rios,32,2,TIRO2,CONVERTIDO,,27,56
130826,13/12/2025,COL,PAR,True,COL,379759,Matthew,Bernal,7,2,TIRO2,CONVERTIDO,,127,33
130826,13/12/2025,COL,PAR,False,PAR,331730,Alejandro,Talavera,6,2,TIRO2,FALLADO,,130,58
130826,13/12/2025,COL,PAR,True,COL,409480,Santiago,Rios,32,2,TIRO3,FALLADO,,186,153
130826,13/12/2025,COL,PAR,True,COL,400857,Leonardo,Restrepo,5,2,TIRO2,CONVERTIDO,,155,88
130826,13/12/2025,COL,PAR,False,PAR,409401,Nestor,Gonzalez,21,2,TIRO1,FALLADO,,0,0
130826,13/12/2025,COL,PAR,False,PAR,409401,Nestor,Gonzalez,21,2,TIRO1,FALLADO,,0,0
130826,13/12/2025,COL,PAR,True,COL,379759,Matthew,Bernal,7,2,TIRO3,FALLADO,,142,163
130826,13/12/2025,COL,PAR,True,COL,409484,Ezekiel,Suarez,8,2,TIRO3,FALLADO,,224,135
130826,13/12/2025,COL,PAR,False,PAR,331730,Alejandro,Talavera,6,2,TIRO2,CONVERTIDO,,114,43
130826,13/12/2025,COL,PAR,True,COL,409484,Ezekiel,Suarez,8,2,TIRO3,FALLADO,,16,92
130826,13/12/2025,COL,PAR,False,PAR,331730,Alejandro,Talavera,6,2,TIRO3,CONVERTIDO,,55,152
130826,13/12/2025,COL,PAR,True,COL,379759,Matthew,Bernal,7,2,TIRO2,CONVERTIDO,,123,56
130826,13/12/2025,COL,PAR,True,COL,379759,Matthew,Bernal,7,2,TIRO2,CONVERTIDO,,122,40
130826,13/12/2025,COL,PAR,False,PAR,409401,Nestor,Gonzalez,21,2,TIRO2,CONVERTIDO,,131,37
130826,13/12/2025,COL,PAR,True,COL,400857,Leonardo,Restrepo,5,2,TIRO3,FALLADO,,79,157
130826,13/12/2025,COL,PAR,True,COL,409483,Julian,Betancurt,59,2,TIRO2,FALLADO,,114,31
130826,13/12/2025,COL,PAR,False,PAR,409401,Nestor,Gonzalez,21,2,TIRO2,FALLADO,,159,38
130826,13/12/2025,COL,PAR,False,PAR,331738,Luis,Vera,5,2,TIRO2,CONVERTIDO,,150,24
130826,13/12/2025,COL,PAR,False,PAR,331738,Luis,Vera,5,2,TIRO1,FALLADO,,0,0
130826,13/12/2025,COL,PAR,True,COL,400857,Leonardo,Restrepo,5,2,TIRO1,CONVERTIDO,,0,0
130826,13/12/2025,COL,PAR,True,COL,400857,Leonardo,Restrepo,5,2,TIRO1,FALLADO,,0,0
130826,13/12/2025,COL,PAR,False,PAR,409401,Nestor,Gonzalez,21,2,TIRO2,FALLADO,,120,31
130826,13/12/2025,COL,PAR,True,COL,409477,Yansem,Caicedo,14,2,TIRO3,FALLADO,,203,150
130826,13/12/2025,COL,PAR,False,PAR,409401,Nestor,Gonzalez,21,2,TIRO3,FALLADO,,144,163
130826,13/12/2025,COL,PAR,False,PAR,379238,Juan,Vazquez,9,2,TIRO2,CONVERTIDO,,160,25
130826,13/12/2025,COL,PAR,False,PAR,379238,Juan,Vazquez,9,2,TIRO1,CONVERTIDO,,0,0
130826,13/12/2025,COL,PAR,False,PAR,331739,Mauricio,Escurra,14,2,TIRO2,CONVERTIDO,,151,41
130826,13/12/2025,COL,PAR,True,COL,332119,Andres,Hernandez,24,2,TIRO2,FALLADO,,128,70
130826,13/12/2025,COL,PAR,False,PAR,409402,Roberto,Radice,3,2,TIRO1,CONVERTIDO,,0,0
130826,13/12/2025,COL,PAR,False,PAR,409402,Roberto,Radice,3,2,TIRO1,CONVERTIDO,,0,0
130826,13/12/2025,COL,PAR,True,COL,409477,Yansem,Caicedo,14,2,TIRO2,FALLADO,,151,59
130826,13/12/2025,COL,PAR,False,PAR,409402,Roberto,Radice,3,2,TIRO1,FALLADO,,0,0
130826,13/12/2025,COL,PAR,False,PAR,409402,Roberto,Radice,3,2,TIRO1,FALLADO,,0,0
130826,13/12/2025,COL,PAR,True,COL,379759,Matthew,Bernal,7,2,TIRO2,FALLADO,,152,32
130826,13/12/2025,COL,PAR,True,COL,409482,Alejandro,Sanchez,4,2,TIRO3,CONVERTIDO,,39,118
130826,13/12/2025,COL,PAR,False,PAR,409402,Roberto,Radice,3,2,TIRO2,FALLADO,,130,33
130826,13/12/2025,COL,PAR,True,COL,409477,Yansem,Caicedo,14,2,TIRO2,CONVERTIDO,,174,87
130826,13/12/2025,COL,PAR,True,COL,332119,Andres,Hernandez,24,2,TIRO2,FALLADO,,69,40
130826,13/12/2025,COL,PAR,False,PAR,409402,Roberto,Radice,3,2,TIRO3,FALLADO,,149,165
130826,13/12/2025,COL,PAR,False,PAR,331730,Alejandro,Talavera,6,3,TIRO3,FALLADO,,175,163
130826,13/12/2025,COL,PAR,True,COL,400857,Leonardo,Restrepo,5,3,TIRO3,FALLADO,,79,150
130826,13/12/2025,COL,PAR,False,PAR,331738,Luis,Vera,5,3,TIRO2,FALLADO,,234,26
130826,13/12/2025,COL,PAR,True,COL,400857,Leonardo,Restrepo,5,3,TIRO3,FALLADO,,34,117
130826,13/12/2025,COL,PAR,False,PAR,409401,Nestor,Gonzalez,21,3,TIRO2,FALLADO,,126,30
130826,13/12/2025,COL,PAR,True,COL,332119,Andres,Hernandez,24,3,TIRO3,FALLADO,,66,146
130826,13/12/2025,COL,PAR,False,PAR,331738,Luis,Vera,5,3,TIRO2,FALLADO,,133,105
130826,13/12/2025,COL,PAR,True,COL,400857,Leonardo,Restrepo,5,3,TIRO2,FALLADO,,141,38
130826,13/12/2025,COL,PAR,True,COL,409484,Ezekiel,Suarez,8,3,TIRO2,CONVERTIDO,,95,110
130826,13/12/2025,COL,PAR,False,PAR,331739,Mauricio,Escurra,14,3,TIRO2,CONVERTIDO,,130,36
130826,13/12/2025,COL,PAR,True,COL,409483,Julian,Betancurt,59,3,TIRO2,FALLADO,,122,32
130826,13/12/2025,COL,PAR,False,PAR,331739,Mauricio,Escurra,14,3,TIRO2,CONVERTIDO,,144,39
130826,13/12/2025,COL,PAR,True,COL,332119,Andres,Hernandez,24,3,TIRO3,CONVERTIDO,,83,148
130826,13/12/2025,COL,PAR,False,PAR,331738,Luis,Vera,5,3,TIRO2,CONVERTIDO,,149,40
130826,13/12/2025,COL,PAR,True,COL,332119,Andres,Hernandez,24,3,TIRO3,CONVERTIDO,,83,150
130826,13/12/2025,COL,PAR,False,PAR,331730,Alejandro,Talavera,6,3,TIRO3,FALLADO,,219,134
130826,13/12/2025,COL,PAR,False,PAR,331739,Mauricio,Escurra,14,3,TIRO2,FALLADO,,125,33
130826,13/12/2025,COL,PAR,True,COL,409483,Julian,Betancurt,59,3,TIRO2,FALLADO,,147,63
130826,13/12/2025,COL,PAR,False,PAR,331730,Alejandro,Talavera,6,3,TIRO3,CONVERTIDO,,42,114
130826,13/12/2025,COL,PAR,True,COL,409484,Ezekiel,Suarez,8,3,TIRO3,FALLADO,,44,130
130826,13/12/2025,COL,PAR,False,PAR,409401,Nestor,Gonzalez,21,3,TIRO2,CONVERTIDO,,126,34
130826,13/12/2025,COL,PAR,True,COL,409477,Yansem,Caicedo,14,3,TIRO3,FALLADO,,194,152
130826,13/12/2025,COL,PAR,True,COL,409477,Yansem,Caicedo,14,3,TIRO2,CONVERTIDO,,156,31
130826,13/12/2025,COL,PAR,True,COL,379442,Angel,Orozco,83,3,TIRO2,FALLADO,,120,51
130826,13/12/2025,COL,PAR,False,PAR,331730,Alejandro,Talavera,6,3,TIRO2,FALLADO,,172,64
130826,13/12/2025,COL,PAR,True,COL,379442,Angel,Orozco,83,3,TIRO2,FALLADO,,141,70
130826,13/12/2025,COL,PAR,False,PAR,331730,Alejandro,Talavera,6,3,TIRO3,FALLADO,,15,36
130826,13/12/2025,COL,PAR,True,COL,379759,Matthew,Bernal,7,3,TIRO3,FALLADO,,265,44
130826,13/12/2025,COL,PAR,True,COL,379759,Matthew,Bernal,7,3,TIRO2,CONVERTIDO,,182,118
130826,13/12/2025,COL,PAR,False,PAR,409401,Nestor,Gonzalez,21,3,TIRO2,FALLADO,,152,41
130826,13/12/2025,COL,PAR,True,COL,400857,Leonardo,Restrepo,5,3,TIRO2,FALLADO,,144,117
130826,13/12/2025,COL,PAR,False,PAR,331730,Alejandro,Talavera,6,3,TIRO3,CONVERTIDO,,9,22
130826,13/12/2025,COL,PAR,True,COL,379759,Matthew,Bernal,7,3,TIRO2,CONVERTIDO,,146,111
130826,13/12/2025,COL,PAR,False,PAR,331738,Luis,Vera,5,3,TIRO3,CONVERTIDO,,140,176
130826,13/12/2025,COL,PAR,True,COL,409482,Alejandro,Sanchez,4,3,TIRO3,FALLADO,,146,166
130826,13/12/2025,COL,PAR,True,COL,409480,Santiago,Rios,32,3,TIRO3,FALLADO,,137,135
130826,13/12/2025,COL,PAR,True,COL,332119,Andres,Hernandez,24,4,TIRO2,FALLADO,,142,79
130826,13/12/2025,COL,PAR,True,COL,409482,Alejandro,Sanchez,4,4,TIRO3,FALLADO,,266,51
130826,13/12/2025,COL,PAR,False,PAR,409401,Nestor,Gonzalez,21,4,TIRO2,CONVERTIDO,,138,54
130826,13/12/2025,COL,PAR,True,COL,379442,Angel,Orozco,83,4,TIRO2,CONVERTIDO,,135,34
130826,13/12/2025,COL,PAR,False,PAR,409401,Nestor,Gonzalez,21,4,TIRO2,CONVERTIDO,,132,30
130826,13/12/2025,COL,PAR,True,COL,409482,Alejandro,Sanchez,4,4,TIRO2,CONVERTIDO,,82,77
130826,13/12/2025,COL,PAR,True,COL,379442,Angel,Orozco,83,4,TIRO2,CONVERTIDO,,119,39
130826,13/12/2025,COL,PAR,True,COL,400857,Leonardo,Restrepo,5,4,TIRO3,FALLADO,,17,79
130826,13/12/2025,COL,PAR,False,PAR,409402,Roberto,Radice,3,4,TIRO2,FALLADO,,133,28
130826,13/12/2025,COL,PAR,False,PAR,409401,Nestor,Gonzalez,21,4,TIRO2,CONVERTIDO,,136,31
130826,13/12/2025,COL,PAR,False,PAR,409401,Nestor,Gonzalez,21,4,TIRO2,CONVERTIDO,,222,115
130826,13/12/2025,COL,PAR,True,COL,379759,Matthew,Bernal,7,4,TIRO2,FALLADO,,172,50
130826,13/12/2025,COL,PAR,False,PAR,409402,Roberto,Radice,3,4,TIRO3,CONVERTIDO,,266,37
130826,13/12/2025,COL,PAR,True,COL,409482,Alejandro,Sanchez,4,4,TIRO2,CONVERTIDO,,118,69
130826,13/12/2025,COL,PAR,False,PAR,409401,Nestor,Gonzalez,21,4,TIRO2,FALLADO,,135,62
130826,13/12/2025,COL,PAR,False,PAR,379238,Juan,Vazquez,9,4,TIRO3,FALLADO,,9,47
130826,13/12/2025,COL,PAR,False,PAR,331730,Alejandro,Talavera,6,4,TIRO2,CONVERTIDO,,150,33
130826,13/12/2025,COL,PAR,True,COL,409482,Alejandro,Sanchez,4,4,TIRO3,FALLADO,,267,39
130826,13/12/2025,COL,PAR,True,COL,379759,Matthew,Bernal,7,4,TIRO2,CONVERTIDO,,140,31
130826,13/12/2025,COL,PAR,False,PAR,409401,Nestor,Gonzalez,21,4,TIRO2,FALLADO,,187,40
130826,13/12/2025,COL,PAR,True,COL,379442,Angel,Orozco,83,4,TIRO2,FALLADO,,119,35
130826,13/12/2025,COL,PAR,True,COL,379759,Matthew,Bernal,7,4,TIRO3,FALLADO,,42,130
130826,13/12/2025,COL,PAR,False,PAR,409402,Roberto,Radice,3,4,TIRO3,CONVERTIDO,,14,24
130826,13/12/2025,COL,PAR,True,COL,400857,Leonardo,Restrepo,5,4,TIRO3,FALLADO,,255,108
130826,13/12/2025,COL,PAR,False,PAR,409402,Roberto,Radice,3,4,TIRO1,FALLADO,,0,0
130826,13/12/2025,COL,PAR,False,PAR,409402,Roberto,Radice,3,4,TIRO1,CONVERTIDO,,0,0
130826,13/12/2025,COL,PAR,True,COL,400857,Leonardo,Restrepo,5,4,TIRO3,FALLADO,,189,156
130826,13/12/2025,COL,PAR,True,COL,409483,Julian,Betancurt,59,4,TIRO3,FALLADO,,36,116
130826,13/12/2025,COL,PAR,False,PAR,409401,Nestor,Gonzalez,21,4,TIRO2,FALLADO,,171,36
130826,13/12/2025,COL,PAR,True,COL,409483,Julian,Betancurt,59,4,TIRO2,FALLADO,,88,74
130826,13/12/2025,COL,PAR,True,COL,379759,Matthew,Bernal,7,4,TIRO2,FALLADO,,123,37
130826,13/12/2025,COL,PAR,False,PAR,331739,Mauricio,Escurra,14,4,TIRO2,FALLADO,,155,36
130826,13/12/2025,COL,PAR,False,PAR,409401,Nestor,Gonzalez,21,4,TIRO2,FALLADO,,129,40
130826,13/12/2025,COL,PAR,True,COL,409482,Alejandro,Sanchez,4,4,TIRO3,CONVERTIDO,,42,122
130826,13/12/2025,COL,PAR,False,PAR,331739,Mauricio,Escurra,14,4,TIRO3,FALLADO,,237,121
130826,13/12/2025,COL,PAR,True,COL,409480,Santiago,Rios,32,4,TIRO3,FALLADO,,256,87
130826,13/12/2025,COL,PAR,False,PAR,409402,Roberto,Radice,3,4,TIRO2,FALLADO,,152,41
130826,13/12/2025,COL,PAR,False,PAR,409401,Nestor,Gonzalez,21,4,TIRO2,FALLADO,,140,31
130826,13/12/2025,COL,PAR,True,COL,379759,Matthew,Bernal,7,4,TIRO2,CONVERTIDO,,123,48
130826,13/12/2025,COL,PAR,False,PAR,331730,Alejandro,Talavera,6,4,TIRO3,CONVERTIDO,,234,126
130826,13/12/2025,COL,PAR,True,COL,379759,Matthew,Bernal,7,4,TIRO2,CONVERTIDO,,191,94
130826,13/12/2025,COL,PAR,False,PAR,331730,Alejandro,Talavera,6,4,TIRO2,FALLADO,,123,41
130826,13/12/2025,COL,PAR,False,PAR,409401,Nestor,Gonzalez,21,4,TIRO1,FALLADO,,0,0
130826,13/12/2025,COL,PAR,False,PAR,409401,Nestor,Gonzalez,21,4,TIRO1,CONVERTIDO,,0,0
130826,13/12/2025,COL,PAR,True,COL,400857,Leonardo,Restrepo,5,4,TIRO3,FALLADO,,61,147
130826,13/12/2025,COL,PAR,False,PAR,331738,Luis,Vera,5,4,TIRO1,CONVERTIDO,,0,0
130826,13/12/2025,COL,PAR,False,PAR,331738,Luis,Vera,5,4,TIRO1,CONVERTIDO,,0,0
130826,13/12/2025,COL,PAR,False,PAR,331730,Alejandro,Talavera,6,4,TIRO3,FALLADO,,256,98
130827,13/12/2025,CHI,ECU,True,CHI,329193,Agustin,Echeverria,8,1,TIRO2,FALLADO,,212,43
130827,13/12/2025,CHI,ECU,False,ECU,409013,José,Daza,7,1,TIRO2,CONVERTIDO,,127,49
130827,13/12/2025,CHI,ECU,False,ECU,409013,José,Daza,7,1,TIRO2,FALLADO,,134,36
130827,13/12/2025,CHI,ECU,True,CHI,356339,Maximiliano,Quezada,17,1,TIRO2,CONVERTIDO,,141,53
130827,13/12/2025,CHI,ECU,False,ECU,379509,Lheyder,Vargas,48,1,TIRO3,FALLADO,,50,154
130827,13/12/2025,CHI,ECU,True,CHI,377876,Tomas,La Rivera,2,1,TIRO2,CONVERTIDO,,137,31
130827,13/12/2025,CHI,ECU,False,ECU,379507,Juan,Castillo,2,1,TIRO2,FALLADO,,137,29
130827,13/12/2025,CHI,ECU,False,ECU,409013,José,Daza,7,1,TIRO2,CONVERTIDO,,134,34
130827,13/12/2025,CHI,ECU,True,CHI,377876,Tomas,La Rivera,2,1,TIRO3,FALLADO,,130,163
130827,13/12/2025,CHI,ECU,False,ECU,409169,Felipe,Noboa,14,1,TIRO2,FALLADO,,241,101
130827,13/12/2025,CHI,ECU,True,CHI,331346,Francisco,Saravia,10,1,TIRO3,FALLADO,,101,162
130827,13/12/2025,CHI,ECU,False,ECU,379509,Lheyder,Vargas,48,1,TIRO2,FALLADO,,137,37
130827,13/12/2025,CHI,ECU,False,ECU,379509,Lheyder,Vargas,48,1,TIRO2,CONVERTIDO,,123,42
130827,13/12/2025,CHI,ECU,True,CHI,331346,Francisco,Saravia,10,1,TIRO2,CONVERTIDO,,137,31
130827,13/12/2025,CHI,ECU,True,CHI,331346,Francisco,Saravia,10,1,TIRO1,CONVERTIDO,,0,0
130827,13/12/2025,CHI,ECU,False,ECU,379509,Lheyder,Vargas,48,1,TIRO3,FALLADO,,50,133
130827,13/12/2025,CHI,ECU,True,CHI,331346,Francisco,Saravia,10,1,TIRO2,CONVERTIDO,,139,119
130827,13/12/2025,CHI,ECU,False,ECU,409167,Ismael,Ibarra,15,1,TIRO2,FALLADO,,127,53
130827,13/12/2025,CHI,ECU,True,CHI,377876,Tomas,La Rivera,2,1,TIRO2,CONVERTIDO,,140,45
130827,13/12/2025,CHI,ECU,False,ECU,409167,Ismael,Ibarra,15,1,TIRO2,FALLADO,,138,48
130827,13/12/2025,CHI,ECU,False,ECU,379509,Lheyder,Vargas,48,1,TIRO2,FALLADO,,137,44
130827,13/12/2025,CHI,ECU,False,ECU,409169,Felipe,Noboa,14,1,TIRO2,FALLADO,,125,47
130827,13/12/2025,CHI,ECU,True,CHI,409018,Mateo,Velásquez,15,1,TIRO2,CONVERTIDO,,137,42
130827,13/12/2025,CHI,ECU,False,ECU,379507,Juan,Castillo,2,1,TIRO1,CONVERTIDO,,0,0
130827,13/12/2025,CHI,ECU,False,ECU,379507,Juan,Castillo,2,1,TIRO1,CONVERTIDO,,0,0
130827,13/12/2025,CHI,ECU,True,CHI,409016,Mathias,Hitschfeld,4,1,TIRO1,CONVERTIDO,,0,0
130827,13/12/2025,CHI,ECU,True,CHI,409016,Mathias,Hitschfeld,4,1,TIRO1,CONVERTIDO,,0,0
130827,13/12/2025,CHI,ECU,True,CHI,409016,Mathias,Hitschfeld,4,1,TIRO1,CONVERTIDO,,0,0
130827,13/12/2025,CHI,ECU,True,CHI,409016,Mathias,Hitschfeld,4,1,TIRO1,CONVERTIDO,,0,0
130827,13/12/2025,CHI,ECU,True,CHI,393122,Gabriel,Pachano,1,1,TIRO2,FALLADO,,145,22
130827,13/12/2025,CHI,ECU,True,CHI,409016,Mathias,Hitschfeld,4,1,TIRO3,FALLADO,,247,119
130827,13/12/2025,CHI,ECU,False,ECU,379506,Jeremy,Corozo,32,1,TIRO3,FALLADO,,202,152
130827,13/12/2025,CHI,ECU,True,CHI,409010,Mateo,Castro,3,1,TIRO2,CONVERTIDO,,154,16
130827,13/12/2025,CHI,ECU,True,CHI,409010,Mateo,Castro,3,1,TIRO1,CONVERTIDO,,0,0
130827,13/12/2025,CHI,ECU,True,CHI,409010,Mateo,Castro,3,1,TIRO3,FALLADO,,243,129
130827,13/12/2025,CHI,ECU,False,ECU,379770,Adair,Quiñonez,23,1,TIRO2,CONVERTIDO,,128,38
130827,13/12/2025,CHI,ECU,True,CHI,350728,Pedro,Stuardo,9,1,TIRO2,CONVERTIDO,,153,30
130827,13/12/2025,CHI,ECU,True,CHI,409016,Mathias,Hitschfeld,4,1,TIRO2,FALLADO,,194,136
130827,13/12/2025,CHI,ECU,False,ECU,379507,Juan,Castillo,2,2,TIRO3,FALLADO,,143,171
130827,13/12/2025,CHI,ECU,True,CHI,356339,Maximiliano,Quezada,17,2,TIRO2,FALLADO,,146,30
130827,13/12/2025,CHI,ECU,False,ECU,379507,Juan,Castillo,2,2,TIRO3,FALLADO,,56,143
130827,13/12/2025,CHI,ECU,True,CHI,329193,Agustin,Echeverria,8,2,TIRO3,FALLADO,,80,147
130827,13/12/2025,CHI,ECU,False,ECU,379507,Juan,Castillo,2,2,TIRO2,CONVERTIDO,,143,25
130827,13/12/2025,CHI,ECU,False,ECU,379507,Juan,Castillo,2,2,TIRO1,FALLADO,,0,0
130827,13/12/2025,CHI,ECU,False,ECU,400263,Rodrigo,Manjarres,12,2,TIRO2,CONVERTIDO,,129,28
130827,13/12/2025,CHI,ECU,True,CHI,331346,Francisco,Saravia,10,2,TIRO2,CONVERTIDO,,145,26
130827,13/12/2025,CHI,ECU,False,ECU,379506,Jeremy,Corozo,32,2,TIRO1,FALLADO,,0,0
130827,13/12/2025,CHI,ECU,False,ECU,379506,Jeremy,Corozo,32,2,TIRO1,FALLADO,,0,0
130827,13/12/2025,CHI,ECU,True,CHI,329193,Agustin,Echeverria,8,2,TIRO2,CONVERTIDO,,250,59
130827,13/12/2025,CHI,ECU,False,ECU,379500,Alhan,Zambrano,10,2,TIRO2,FALLADO,,124,32
130827,13/12/2025,CHI,ECU,False,ECU,409169,Felipe,Noboa,14,2,TIRO2,FALLADO,,130,35
130827,13/12/2025,CHI,ECU,False,ECU,400263,Rodrigo,Manjarres,12,2,TIRO3,FALLADO,,230,136
130827,13/12/2025,CHI,ECU,True,CHI,350728,Pedro,Stuardo,9,2,TIRO2,FALLADO,,126,30
130827,13/12/2025,CHI,ECU,False,ECU,379507,Juan,Castillo,2,2,TIRO3,FALLADO,,115,173
130827,13/12/2025,CHI,ECU,True,CHI,378907,Luis,Musrri,0,2,TIRO2,CONVERTIDO,,144,17
130827,13/12/2025,CHI,ECU,True,CHI,356339,Maximiliano,Quezada,17,2,TIRO2,FALLADO,,156,40
130827,13/12/2025,CHI,ECU,False,ECU,379500,Alhan,Zambrano,10,2,TIRO2,FALLADO,,135,47
130827,13/12/2025,CHI,ECU,False,ECU,379500,Alhan,Zambrano,10,2,TIRO3,FALLADO,,202,152
130827,13/12/2025,CHI,ECU,False,ECU,409167,Ismael,Ibarra,15,2,TIRO2,CONVERTIDO,,138,35
130827,13/12/2025,CHI,ECU,True,CHI,331346,Francisco,Saravia,10,2,TIRO3,FALLADO,,265,74
130827,13/12/2025,CHI,ECU,True,CHI,329193,Agustin,Echeverria,8,2,TIRO2,CONVERTIDO,,140,31
130827,13/12/2025,CHI,ECU,False,ECU,409167,Ismael,Ibarra,15,2,TIRO1,FALLADO,,0,0
130827,13/12/2025,CHI,ECU,False,ECU,409167,Ismael,Ibarra,15,2,TIRO1,FALLADO,,0,0
130827,13/12/2025,CHI,ECU,True,CHI,378907,Luis,Musrri,0,2,TIRO2,CONVERTIDO,,146,24
130827,13/12/2025,CHI,ECU,True,CHI,331346,Francisco,Saravia,10,2,TIRO2,CONVERTIDO,,144,30
130827,13/12/2025,CHI,ECU,True,CHI,378907,Luis,Musrri,0,2,TIRO3,CONVERTIDO,,215,163
130827,13/12/2025,CHI,ECU,True,CHI,378907,Luis,Musrri,0,2,TIRO3,CONVERTIDO,,54,136
130827,13/12/2025,CHI,ECU,False,ECU,409167,Ismael,Ibarra,15,2,TIRO2,FALLADO,,132,50
130827,13/12/2025,CHI,ECU,False,ECU,400263,Rodrigo,Manjarres,12,2,TIRO1,FALLADO,,0,0
130827,13/12/2025,CHI,ECU,False,ECU,400263,Rodrigo,Manjarres,12,2,TIRO1,FALLADO,,0,0
130827,13/12/2025,CHI,ECU,True,CHI,377876,Tomas,La Rivera,2,2,TIRO3,CONVERTIDO,,262,83
130827,13/12/2025,CHI,ECU,False,ECU,379507,Juan,Castillo,2,2,TIRO3,FALLADO,,77,149
130827,13/12/2025,CHI,ECU,False,ECU,379507,Juan,Castillo,2,2,TIRO3,FALLADO,,21,126
130827,13/12/2025,CHI,ECU,False,ECU,409167,Ismael,Ibarra,15,2,TIRO2,FALLADO,,149,29
130827,13/12/2025,CHI,ECU,False,ECU,379770,Adair,Quiñonez,23,2,TIRO3,FALLADO,,18,88
130827,13/12/2025,CHI,ECU,False,ECU,400263,Rodrigo,Manjarres,12,2,TIRO2,CONVERTIDO,,132,34
130827,13/12/2025,CHI,ECU,True,CHI,409017,Pedro,Donoso,11,2,TIRO2,CONVERTIDO,,152,27
130827,13/12/2025,CHI,ECU,False,ECU,409161,Michael,Cevallos,1,2,TIRO2,FALLADO,,138,132
130827,13/12/2025,CHI,ECU,False,ECU,409161,Michael,Cevallos,1,2,TIRO3,FALLADO,,10,103
130827,13/12/2025,CHI,ECU,False,ECU,409167,Ismael,Ibarra,15,2,TIRO2,FALLADO,,134,55
130827,13/12/2025,CHI,ECU,True,CHI,376093,Tomas,Pino,7,2,TIRO2,CONVERTIDO,,141,33
130827,13/12/2025,CHI,ECU,False,ECU,409161,Michael,Cevallos,1,2,TIRO3,FALLADO,,173,174
130827,13/12/2025,CHI,ECU,False,ECU,409161,Michael,Cevallos,1,2,TIRO1,FALLADO,,0,0
130827,13/12/2025,CHI,ECU,False,ECU,409161,Michael,Cevallos,1,2,TIRO1,FALLADO,,0,0
130827,13/12/2025,CHI,ECU,False,ECU,379770,Adair,Quiñonez,23,2,TIRO3,FALLADO,,17,101
130827,13/12/2025,CHI,ECU,True,CHI,329193,Agustin,Echeverria,8,3,TIRO3,FALLADO,,188,166
130827,13/12/2025,CHI,ECU,False,ECU,379770,Adair,Quiñonez,23,3,TIRO2,CONVERTIDO,,141,31
130827,13/12/2025,CHI,ECU,False,ECU,379770,Adair,Quiñonez,23,3,TIRO2,CONVERTIDO,,138,25
130827,13/12/2025,CHI,ECU,True,CHI,409018,Mateo,Velásquez,15,3,TIRO3,FALLADO,,200,155
130827,13/12/2025,CHI,ECU,False,ECU,379509,Lheyder,Vargas,48,3,TIRO3,CONVERTIDO,,63,141
130827,13/12/2025,CHI,ECU,True,CHI,409018,Mateo,Velásquez,15,3,TIRO2,CONVERTIDO,,136,38
130827,13/12/2025,CHI,ECU,False,ECU,379506,Jeremy,Corozo,32,3,TIRO2,FALLADO,,141,23
130827,13/12/2025,CHI,ECU,True,CHI,356339,Maximiliano,Quezada,17,3,TIRO2,FALLADO,,131,36
130827,13/12/2025,CHI,ECU,False,ECU,400263,Rodrigo,Manjarres,12,3,TIRO2,FALLADO,,141,22
130827,13/12/2025,CHI,ECU,True,CHI,393122,Gabriel,Pachano,1,3,TIRO2,CONVERTIDO,,123,29
130827,13/12/2025,CHI,ECU,False,ECU,379507,Juan,Castillo,2,3,TIRO2,FALLADO,,126,43
130827,13/12/2025,CHI,ECU,False,ECU,379507,Juan,Castillo,2,3,TIRO3,CONVERTIDO,,16,73
130827,13/12/2025,CHI,ECU,True,CHI,393122,Gabriel,Pachano,1,3,TIRO2,CONVERTIDO,,100,124
130827,13/12/2025,CHI,ECU,False,ECU,379507,Juan,Castillo,2,3,TIRO2,CONVERTIDO,,144,36
130827,13/12/2025,CHI,ECU,False,ECU,379507,Juan,Castillo,2,3,TIRO1,FALLADO,,0,0
130827,13/12/2025,CHI,ECU,True,CHI,329193,Agustin,Echeverria,8,3,TIRO3,FALLADO,,248,97
130827,13/12/2025,CHI,ECU,True,CHI,409018,Mateo,Velásquez,15,3,TIRO2,FALLADO,,143,37
130827,13/12/2025,CHI,ECU,False,ECU,379506,Jeremy,Corozo,32,3,TIRO2,CONVERTIDO,,142,33
130827,13/12/2025,CHI,ECU,True,CHI,377876,Tomas,La Rivera,2,3,TIRO2,FALLADO,,168,56
130827,13/12/2025,CHI,ECU,True,CHI,377876,Tomas,La Rivera,2,3,TIRO2,CONVERTIDO,,119,53
130827,13/12/2025,CHI,ECU,False,ECU,409161,Michael,Cevallos,1,3,TIRO2,FALLADO,,112,33
130827,13/12/2025,CHI,ECU,False,ECU,379506,Jeremy,Corozo,32,3,TIRO2,CONVERTIDO,,139,22
130827,13/12/2025,CHI,ECU,True,CHI,377876,Tomas,La Rivera,2,3,TIRO3,FALLADO,,140,165
130827,13/12/2025,CHI,ECU,True,CHI,409017,Pedro,Donoso,11,3,TIRO1,CONVERTIDO,,0,0
130827,13/12/2025,CHI,ECU,True,CHI,409017,Pedro,Donoso,11,3,TIRO1,FALLADO,,0,0
130827,13/12/2025,CHI,ECU,False,ECU,409169,Felipe,Noboa,14,3,TIRO2,FALLADO,,171,64
130827,13/12/2025,CHI,ECU,False,ECU,409161,Michael,Cevallos,1,3,TIRO2,FALLADO,,139,46
130827,13/12/2025,CHI,ECU,False,ECU,379500,Alhan,Zambrano,10,3,TIRO3,FALLADO,,35,106
130827,13/12/2025,CHI,ECU,False,ECU,409161,Michael,Cevallos,1,3,TIRO1,CONVERTIDO,,0,0
130827,13/12/2025,CHI,ECU,False,ECU,409161,Michael,Cevallos,1,3,TIRO1,CONVERTIDO,,0,0
130827,13/12/2025,CHI,ECU,True,CHI,409016,Mathias,Hitschfeld,4,3,TIRO3,CONVERTIDO,,256,113
130827,13/12/2025,CHI,ECU,False,ECU,409161,Michael,Cevallos,1,3,TIRO3,FALLADO,,251,114
130827,13/12/2025,CHI,ECU,False,ECU,409013,José,Daza,7,3,TIRO2,FALLADO,,168,56
130827,13/12/2025,CHI,ECU,False,ECU,379500,Alhan,Zambrano,10,3,TIRO3,FALLADO,,269,79
130827,13/12/2025,CHI,ECU,True,CHI,377876,Tomas,La Rivera,2,3,TIRO3,FALLADO,,171,161
130827,13/12/2025,CHI,ECU,False,ECU,409161,Michael,Cevallos,1,3,TIRO1,CONVERTIDO,,0,0
130827,13/12/2025,CHI,ECU,False,ECU,409161,Michael,Cevallos,1,3,TIRO1,CONVERTIDO,,0,0
130827,13/12/2025,CHI,ECU,True,CHI,393122,Gabriel,Pachano,1,3,TIRO3,FALLADO,,217,130
130827,13/12/2025,CHI,ECU,False,ECU,379770,Adair,Quiñonez,23,3,TIRO2,FALLADO,,113,20
130827,13/12/2025,CHI,ECU,False,ECU,409169,Felipe,Noboa,14,3,TIRO2,FALLADO,,139,49
130827,13/12/2025,CHI,ECU,False,ECU,379500,Alhan,Zambrano,10,3,TIRO3,FALLADO,,21,82
130827,13/12/2025,CHI,ECU,True,CHI,350728,Pedro,Stuardo,9,3,TIRO2,FALLADO,,125,38
130827,13/12/2025,CHI,ECU,True,CHI,409017,Pedro,Donoso,11,3,TIRO2,FALLADO,,119,44
130827,13/12/2025,CHI,ECU,False,ECU,409161,Michael,Cevallos,1,4,TIRO3,FALLADO,,272,61
130827,13/12/2025,CHI,ECU,False,ECU,379507,Juan,Castillo,2,4,TIRO2,FALLADO,,133,17
130827,13/12/2025,CHI,ECU,False,ECU,379770,Adair,Quiñonez,23,4,TIRO2,CONVERTIDO,,144,22
130827,13/12/2025,CHI,ECU,True,CHI,393122,Gabriel,Pachano,1,4,TIRO3,FALLADO,,225,139
130827,13/12/2025,CHI,ECU,False,ECU,409161,Michael,Cevallos,1,4,TIRO2,CONVERTIDO,,149,25
130827,13/12/2025,CHI,ECU,True,CHI,409016,Mathias,Hitschfeld,4,4,TIRO3,FALLADO,,229,134
130827,13/12/2025,CHI,ECU,True,CHI,350728,Pedro,Stuardo,9,4,TIRO2,FALLADO,,125,30
130827,13/12/2025,CHI,ECU,True,CHI,350728,Pedro,Stuardo,9,4,TIRO2,CONVERTIDO,,117,40
130827,13/12/2025,CHI,ECU,False,ECU,379507,Juan,Castillo,2,4,TIRO3,FALLADO,,80,150
130827,13/12/2025,CHI,ECU,True,CHI,393122,Gabriel,Pachano,1,4,TIRO2,CONVERTIDO,,134,32
130827,13/12/2025,CHI,ECU,False,ECU,409161,Michael,Cevallos,1,4,TIRO2,FALLADO,,149,23
130827,13/12/2025,CHI,ECU,True,CHI,393122,Gabriel,Pachano,1,4,TIRO2,CONVERTIDO,,114,17
130827,13/12/2025,CHI,ECU,False,ECU,409161,Michael,Cevallos,1,4,TIRO2,FALLADO,,154,58
130827,13/12/2025,CHI,ECU,True,CHI,378907,Luis,Musrri,0,4,TIRO2,CONVERTIDO,,137,33
130827,13/12/2025,CHI,ECU,False,ECU,379506,Jeremy,Corozo,32,4,TIRO2,CONVERTIDO,,155,36
130827,13/12/2025,CHI,ECU,True,CHI,378907,Luis,Musrri,0,4,TIRO3,FALLADO,,170,162
130827,13/12/2025,CHI,ECU,False,ECU,409169,Felipe,Noboa,14,4,TIRO3,FALLADO,,12,70
130827,13/12/2025,CHI,ECU,True,CHI,378907,Luis,Musrri,0,4,TIRO2,CONVERTIDO,,146,32
130827,13/12/2025,CHI,ECU,False,ECU,409161,Michael,Cevallos,1,4,TIRO2,CONVERTIDO,,105,150
130827,13/12/2025,CHI,ECU,True,CHI,377876,Tomas,La Rivera,2,4,TIRO3,FALLADO,,108,174
130827,13/12/2025,CHI,ECU,False,ECU,379507,Juan,Castillo,2,4,TIRO2,FALLADO,,143,40
130827,13/12/2025,CHI,ECU,True,CHI,409018,Mateo,Velásquez,15,4,TIRO3,CONVERTIDO,,193,163
130827,13/12/2025,CHI,ECU,False,ECU,409161,Michael,Cevallos,1,4,TIRO1,CONVERTIDO,,0,0
130827,13/12/2025,CHI,ECU,False,ECU,409161,Michael,Cevallos,1,4,TIRO1,CONVERTIDO,,0,0
130827,13/12/2025,CHI,ECU,True,CHI,377876,Tomas,La Rivera,2,4,TIRO3,FALLADO,,65,152
130827,13/12/2025,CHI,ECU,False,ECU,379507,Juan,Castillo,2,4,TIRO3,FALLADO,,272,71
130827,13/12/2025,CHI,ECU,False,ECU,409013,José,Daza,7,4,TIRO2,CONVERTIDO,,163,15
130827,13/12/2025,CHI,ECU,False,ECU,409161,Michael,Cevallos,1,4,TIRO3,FALLADO,,44,125
130827,13/12/2025,CHI,ECU,False,ECU,409013,José,Daza,7,4,TIRO2,CONVERTIDO,,164,22
130827,13/12/2025,CHI,ECU,False,ECU,409161,Michael,Cevallos,1,4,TIRO3,CONVERTIDO,,243,110
130827,13/12/2025,CHI,ECU,True,CHI,409017,Pedro,Donoso,11,4,TIRO2,FALLADO,,133,48
130827,13/12/2025,CHI,ECU,False,ECU,409013,José,Daza,7,4,TIRO1,CONVERTIDO,,0,0
130827,13/12/2025,CHI,ECU,False,ECU,409013,José,Daza,7,4,TIRO1,FALLADO,,0,0
130827,13/12/2025,CHI,ECU,False,ECU,409169,Felipe,Noboa,14,4,TIRO2,FALLADO,,148,43
130827,13/12/2025,CHI,ECU,False,ECU,409161,Michael,Cevallos,1,4,TIRO3,CONVERTIDO,,65,149
130827,13/12/2025,CHI,ECU,False,ECU,379507,Juan,Castillo,2,4,TIRO2,FALLADO,,153,43
130827,13/12/2025,CHI,ECU,False,ECU,409013,José,Daza,7,4,TIRO2,FALLADO,,133,33
130827,13/12/2025,CHI,ECU,False,ECU,409161,Michael,Cevallos,1,4,TIRO2,CONVERTIDO,,147,27
130827,13/12/2025,CHI,ECU,True,CHI,378907,Luis,Musrri,0,4,TIRO3,FALLADO,,208,160
130828,13/12/2025,ARG,VEN,True,ARG,362126,Benjamin,Pettovello,2,1,TIRO2,CONVERTIDO,,127,26
130828,13/12/2025,ARG,VEN,False,VEN,378574,Julio,Vasquez,3,1,TIRO3,FALLADO,,266,64
130828,13/12/2025,ARG,VEN,True,ARG,408870,Gonzalo,Aman,8,1,TIRO3,FALLADO,,62,155
130828,13/12/2025,ARG,VEN,True,ARG,408872,Bautista,Gobetti,6,1,TIRO2,CONVERTIDO,,121,25
130828,13/12/2025,ARG,VEN,False,VEN,409363,Richard,Segovia,4,1,TIRO2,FALLADO,,156,30
130828,13/12/2025,ARG,VEN,False,VEN,409363,Richard,Segovia,4,1,TIRO2,FALLADO,,229,78
130828,13/12/2025,ARG,VEN,False,VEN,378574,Julio,Vasquez,3,1,TIRO2,FALLADO,,153,144
130828,13/12/2025,ARG,VEN,False,VEN,378574,Julio,Vasquez,3,1,TIRO2,FALLADO,,146,25
130828,13/12/2025,ARG,VEN,True,ARG,408871,Manuel,Hernandez,4,1,TIRO3,FALLADO,,271,85
130828,13/12/2025,ARG,VEN,False,VEN,390925,Jose,Lara,7,1,TIRO3,FALLADO,,47,156
130828,13/12/2025,ARG,VEN,True,ARG,362126,Benjamin,Pettovello,2,1,TIRO2,CONVERTIDO,,130,27
130828,13/12/2025,ARG,VEN,False,VEN,390925,Jose,Lara,7,1,TIRO2,CONVERTIDO,,133,57
130828,13/12/2025,ARG,VEN,True,ARG,408870,Gonzalo,Aman,8,1,TIRO2,FALLADO,,133,27
130828,13/12/2025,ARG,VEN,False,VEN,378576,Williams,Anillo,18,1,TIRO2,CONVERTIDO,,124,25
130828,13/12/2025,ARG,VEN,True,ARG,409151,Santiago,Pettinaroli,14,1,TIRO1,FALLADO,,0,0
130828,13/12/2025,ARG,VEN,True,ARG,409151,Santiago,Pettinaroli,14,1,TIRO1,FALLADO,,0,0
130828,13/12/2025,ARG,VEN,True,ARG,408871,Manuel,Hernandez,4,1,TIRO3,CONVERTIDO,,271,82
130828,13/12/2025,ARG,VEN,True,ARG,362126,Benjamin,Pettovello,2,1,TIRO2,CONVERTIDO,,72,83
130828,13/12/2025,ARG,VEN,False,VEN,356334,Diego,Soto,26,1,TIRO2,CONVERTIDO,,159,35
130828,13/12/2025,ARG,VEN,True,ARG,408871,Manuel,Hernandez,4,1,TIRO2,CONVERTIDO,,158,21
130828,13/12/2025,ARG,VEN,True,ARG,408871,Manuel,Hernandez,4,1,TIRO1,FALLADO,,0,0
130828,13/12/2025,ARG,VEN,False,VEN,356334,Diego,Soto,26,1,TIRO2,FALLADO,,146,106
130828,13/12/2025,ARG,VEN,False,VEN,409360,Juan,Perdomo,9,1,TIRO1,CONVERTIDO,,0,0
130828,13/12/2025,ARG,VEN,False,VEN,409360,Juan,Perdomo,9,1,TIRO1,CONVERTIDO,,0,0
130828,13/12/2025,ARG,VEN,True,ARG,408871,Manuel,Hernandez,4,1,TIRO3,FALLADO,,158,171
130828,13/12/2025,ARG,VEN,False,VEN,378577,Kevin,Gutierrez,14,1,TIRO2,FALLADO,,134,61
130828,13/12/2025,ARG,VEN,True,ARG,409151,Santiago,Pettinaroli,14,1,TIRO3,FALLADO,,77,156
130828,13/12/2025,ARG,VEN,True,ARG,408857,Joaquin,Caumo,10,1,TIRO1,CONVERTIDO,,0,0
130828,13/12/2025,ARG,VEN,True,ARG,408857,Joaquin,Caumo,10,1,TIRO1,CONVERTIDO,,0,0
130828,13/12/2025,ARG,VEN,False,VEN,409360,Juan,Perdomo,9,1,TIRO2,FALLADO,,83,72
130828,13/12/2025,ARG,VEN,True,ARG,408872,Bautista,Gobetti,6,1,TIRO1,FALLADO,,0,0
130828,13/12/2025,ARG,VEN,True,ARG,408872,Bautista,Gobetti,6,1,TIRO1,FALLADO,,0,0
130828,13/12/2025,ARG,VEN,False,VEN,378579,Deiker,Torres,2,1,TIRO2,FALLADO,,175,107
130828,13/12/2025,ARG,VEN,True,ARG,398746,Roman,Moravansky,11,1,TIRO2,CONVERTIDO,,150,31
130828,13/12/2025,ARG,VEN,False,VEN,378574,Julio,Vasquez,3,1,TIRO2,FALLADO,,124,38
130828,13/12/2025,ARG,VEN,False,VEN,378574,Julio,Vasquez,3,1,TIRO2,FALLADO,,126,42
130828,13/12/2025,ARG,VEN,False,VEN,409394,Gabriel,Miquilareno,12,1,TIRO1,FALLADO,,0,0
130828,13/12/2025,ARG,VEN,False,VEN,409394,Gabriel,Miquilareno,12,1,TIRO1,FALLADO,,0,0
130828,13/12/2025,ARG,VEN,True,ARG,408860,Mateo,Fessia,12,1,TIRO1,CONVERTIDO,,0,0
130828,13/12/2025,ARG,VEN,True,ARG,408860,Mateo,Fessia,12,1,TIRO1,FALLADO,,0,0
130828,13/12/2025,ARG,VEN,False,VEN,378579,Deiker,Torres,2,1,TIRO3,FALLADO,,37,121
130828,13/12/2025,ARG,VEN,True,ARG,408860,Mateo,Fessia,12,1,TIRO2,FALLADO,,137,17
130828,13/12/2025,ARG,VEN,True,ARG,409021,Elias,Torrens,7,1,TIRO2,FALLADO,,140,31
130828,13/12/2025,ARG,VEN,False,VEN,378574,Julio,Vasquez,3,1,TIRO2,FALLADO,,121,26
130828,13/12/2025,ARG,VEN,True,ARG,408857,Joaquin,Caumo,10,1,TIRO2,FALLADO,,125,43
130828,13/12/2025,ARG,VEN,False,VEN,409394,Gabriel,Miquilareno,12,1,TIRO2,CONVERTIDO,,151,39
130828,13/12/2025,ARG,VEN,True,ARG,408860,Mateo,Fessia,12,1,TIRO3,FALLADO,,247,122
130828,13/12/2025,ARG,VEN,False,VEN,409358,Samuel,Niño,23,2,TIRO2,FALLADO,,147,29
130828,13/12/2025,ARG,VEN,False,VEN,378574,Julio,Vasquez,3,2,TIRO3,FALLADO,,43,151
130828,13/12/2025,ARG,VEN,True,ARG,408857,Joaquin,Caumo,10,2,TIRO3,FALLADO,,170,169
130828,13/12/2025,ARG,VEN,False,VEN,409363,Richard,Segovia,4,2,TIRO2,CONVERTIDO,,166,78
130828,13/12/2025,ARG,VEN,True,ARG,355917,Facundo,Cornalis,5,2,TIRO2,FALLADO,,152,35
130828,13/12/2025,ARG,VEN,False,VEN,378574,Julio,Vasquez,3,2,TIRO2,CONVERTIDO,,154,35
130828,13/12/2025,ARG,VEN,False,VEN,378574,Julio,Vasquez,3,2,TIRO3,FALLADO,,254,87
130828,13/12/2025,ARG,VEN,True,ARG,408857,Joaquin,Caumo,10,2,TIRO2,FALLADO,,167,109
130828,13/12/2025,ARG,VEN,False,VEN,409360,Juan,Perdomo,9,2,TIRO3,FALLADO,,17,72
130828,13/12/2025,ARG,VEN,False,VEN,409363,Richard,Segovia,4,2,TIRO2,CONVERTIDO,,140,31
130828,13/12/2025,ARG,VEN,True,ARG,398746,Roman,Moravansky,11,2,TIRO2,FALLADO,,138,24
130828,13/12/2025,ARG,VEN,False,VEN,378574,Julio,Vasquez,3,2,TIRO2,FALLADO,,102,132
130828,13/12/2025,ARG,VEN,True,ARG,362126,Benjamin,Pettovello,2,2,TIRO2,FALLADO,,152,37
130828,13/12/2025,ARG,VEN,True,ARG,362126,Benjamin,Pettovello,2,2,TIRO2,FALLADO,,155,44
130828,13/12/2025,ARG,VEN,True,ARG,408871,Manuel,Hernandez,4,2,TIRO1,FALLADO,,0,0
130828,13/12/2025,ARG,VEN,True,ARG,408871,Manuel,Hernandez,4,2,TIRO1,FALLADO,,0,0
130828,13/12/2025,ARG,VEN,True,ARG,362126,Benjamin,Pettovello,2,2,TIRO2,FALLADO,,152,35
130828,13/12/2025,ARG,VEN,False,VEN,390925,Jose,Lara,7,2,TIRO2,FALLADO,,113,35
130828,13/12/2025,ARG,VEN,False,VEN,409363,Richard,Segovia,4,2,TIRO2,FALLADO,,122,135
130828,13/12/2025,ARG,VEN,False,VEN,390925,Jose,Lara,7,2,TIRO2,FALLADO,,140,31
130828,13/12/2025,ARG,VEN,True,ARG,408871,Manuel,Hernandez,4,2,TIRO3,FALLADO,,269,85
130828,13/12/2025,ARG,VEN,True,ARG,409023,Joaquin,Celiz,9,2,TIRO1,CONVERTIDO,,0,0
130828,13/12/2025,ARG,VEN,True,ARG,409023,Joaquin,Celiz,9,2,TIRO1,CONVERTIDO,,0,0
130828,13/12/2025,ARG,VEN,True,ARG,362126,Benjamin,Pettovello,2,2,TIRO1,FALLADO,,0,0
130828,13/12/2025,ARG,VEN,True,ARG,362126,Benjamin,Pettovello,2,2,TIRO1,CONVERTIDO,,0,0
130828,13/12/2025,ARG,VEN,True,ARG,362126,Benjamin,Pettovello,2,2,TIRO2,CONVERTIDO,,174,31
130828,13/12/2025,ARG,VEN,True,ARG,362126,Benjamin,Pettovello,2,2,TIRO1,CONVERTIDO,,0,0
130828,13/12/2025,ARG,VEN,False,VEN,378577,Kevin,Gutierrez,14,2,TIRO3,CONVERTIDO,,269,68
130828,13/12/2025,ARG,VEN,True,ARG,409023,Joaquin,Celiz,9,2,TIRO2,FALLADO,,127,44
130828,13/12/2025,ARG,VEN,True,ARG,355917,Facundo,Cornalis,5,2,TIRO3,FALLADO,,54,138
130828,13/12/2025,ARG,VEN,False,VEN,378574,Julio,Vasquez,3,2,TIRO3,FALLADO,,261,94
130828,13/12/2025,ARG,VEN,False,VEN,356334,Diego,Soto,26,2,TIRO1,CONVERTIDO,,0,0
130828,13/12/2025,ARG,VEN,False,VEN,356334,Diego,Soto,26,2,TIRO1,FALLADO,,0,0
130828,13/12/2025,ARG,VEN,False,VEN,378574,Julio,Vasquez,3,2,TIRO2,FALLADO,,159,35
130828,13/12/2025,ARG,VEN,True,ARG,409151,Santiago,Pettinaroli,14,2,TIRO3,FALLADO,,69,159
130828,13/12/2025,ARG,VEN,True,ARG,409151,Santiago,Pettinaroli,14,2,TIRO2,CONVERTIDO,,126,23
130828,13/12/2025,ARG,VEN,False,VEN,390925,Jose,Lara,7,2,TIRO2,CONVERTIDO,,149,38
130828,13/12/2025,ARG,VEN,True,ARG,362126,Benjamin,Pettovello,2,2,TIRO2,CONVERTIDO,,126,49
130828,13/12/2025,ARG,VEN,True,ARG,362126,Benjamin,Pettovello,2,2,TIRO1,CONVERTIDO,,0,0
130828,13/12/2025,ARG,VEN,True,ARG,362126,Benjamin,Pettovello,2,2,TIRO1,FALLADO,,0,0
130828,13/12/2025,ARG,VEN,True,ARG,409151,Santiago,Pettinaroli,14,2,TIRO2,FALLADO,,120,27
130828,13/12/2025,ARG,VEN,False,VEN,378577,Kevin,Gutierrez,14,2,TIRO3,FALLADO,,210,178
130828,13/12/2025,ARG,VEN,True,ARG,408860,Mateo,Fessia,12,2,TIRO2,CONVERTIDO,,154,23
130828,13/12/2025,ARG,VEN,False,VEN,409360,Juan,Perdomo,9,2,TIRO3,FALLADO,,72,156
130828,13/12/2025,ARG,VEN,True,ARG,409151,Santiago,Pettinaroli,14,2,TIRO2,FALLADO,,138,46
130828,13/12/2025,ARG,VEN,False,VEN,409363,Richard,Segovia,4,2,TIRO2,FALLADO,,119,42
130828,13/12/2025,ARG,VEN,False,VEN,378577,Kevin,Gutierrez,14,2,TIRO2,CONVERTIDO,,140,31
130828,13/12/2025,ARG,VEN,True,ARG,408857,Joaquin,Caumo,10,2,TIRO3,FALLADO,,229,149
130828,13/12/2025,ARG,VEN,True,ARG,408871,Manuel,Hernandez,4,3,TIRO2,CONVERTIDO,,93,100
130828,13/12/2025,ARG,VEN,False,VEN,378577,Kevin,Gutierrez,14,3,TIRO2,FALLADO,,152,23
130828,13/12/2025,ARG,VEN,True,ARG,408870,Gonzalo,Aman,8,3,TIRO2,FALLADO,,163,35
130828,13/12/2025,ARG,VEN,True,ARG,408871,Manuel,Hernandez,4,3,TIRO2,FALLADO,,142,32
130828,13/12/2025,ARG,VEN,False,VEN,378577,Kevin,Gutierrez,14,3,TIRO1,CONVERTIDO,,0,0
130828,13/12/2025,ARG,VEN,False,VEN,378577,Kevin,Gutierrez,14,3,TIRO1,FALLADO,,0,0
130828,13/12/2025,ARG,VEN,True,ARG,408870,Gonzalo,Aman,8,3,TIRO2,FALLADO,,156,29
130828,13/12/2025,ARG,VEN,False,VEN,378576,Williams,Anillo,18,3,TIRO2,CONVERTIDO,,158,40
130828,13/12/2025,ARG,VEN,True,ARG,409151,Santiago,Pettinaroli,14,3,TIRO2,FALLADO,,134,32
130828,13/12/2025,ARG,VEN,False,VEN,409363,Richard,Segovia,4,3,TIRO3,FALLADO,,65,146
130828,13/12/2025,ARG,VEN,True,ARG,408872,Bautista,Gobetti,6,3,TIRO3,CONVERTIDO,,20,113
130828,13/12/2025,ARG,VEN,False,VEN,378577,Kevin,Gutierrez,14,3,TIRO1,FALLADO,,0,0
130828,13/12/2025,ARG,VEN,False,VEN,378577,Kevin,Gutierrez,14,3,TIRO1,CONVERTIDO,,0,0
130828,13/12/2025,ARG,VEN,False,VEN,378574,Julio,Vasquez,3,3,TIRO3,FALLADO,,255,97
130828,13/12/2025,ARG,VEN,True,ARG,409151,Santiago,Pettinaroli,14,3,TIRO2,CONVERTIDO,,118,34
130828,13/12/2025,ARG,VEN,False,VEN,390925,Jose,Lara,7,3,TIRO3,FALLADO,,214,170
130828,13/12/2025,ARG,VEN,True,ARG,408872,Bautista,Gobetti,6,3,TIRO2,CONVERTIDO,,143,34
130828,13/12/2025,ARG,VEN,False,VEN,409360,Juan,Perdomo,9,3,TIRO3,FALLADO,,84,161
130828,13/12/2025,ARG,VEN,True,ARG,408870,Gonzalo,Aman,8,3,TIRO2,FALLADO,,144,34
130828,13/12/2025,ARG,VEN,True,ARG,408872,Bautista,Gobetti,6,3,TIRO2,CONVERTIDO,,130,43
130828,13/12/2025,ARG,VEN,True,ARG,408871,Manuel,Hernandez,4,3,TIRO3,FALLADO,,232,148
130828,13/12/2025,ARG,VEN,False,VEN,409360,Juan,Perdomo,9,3,TIRO3,FALLADO,,253,106
130828,13/12/2025,ARG,VEN,True,ARG,362126,Benjamin,Pettovello,2,3,TIRO2,CONVERTIDO,,119,42
130828,13/12/2025,ARG,VEN,False,VEN,378576,Williams,Anillo,18,3,TIRO3,CONVERTIDO,,38,155
130828,13/12/2025,ARG,VEN,True,ARG,409151,Santiago,Pettinaroli,14,3,TIRO2,FALLADO,,158,45
130828,13/12/2025,ARG,VEN,False,VEN,378576,Williams,Anillo,18,3,TIRO3,CONVERTIDO,,268,102
130828,13/12/2025,ARG,VEN,True,ARG,362126,Benjamin,Pettovello,2,3,TIRO2,FALLADO,,148,56
130828,13/12/2025,ARG,VEN,False,VEN,409360,Juan,Perdomo,9,3,TIRO2,FALLADO,,165,41
130828,13/12/2025,ARG,VEN,True,ARG,408872,Bautista,Gobetti,6,3,TIRO2,FALLADO,,99,19
130828,13/12/2025,ARG,VEN,False,VEN,409358,Samuel,Niño,23,3,TIRO2,CONVERTIDO,,158,28
130828,13/12/2025,ARG,VEN,True,ARG,409151,Santiago,Pettinaroli,14,3,TIRO2,CONVERTIDO,,115,38
130828,13/12/2025,ARG,VEN,True,ARG,408871,Manuel,Hernandez,4,3,TIRO3,FALLADO,,13,77
130828,13/12/2025,ARG,VEN,False,VEN,378577,Kevin,Gutierrez,14,3,TIRO3,FALLADO,,51,145
130828,13/12/2025,ARG,VEN,True,ARG,408857,Joaquin,Caumo,10,3,TIRO3,FALLADO,,40,142
130828,13/12/2025,ARG,VEN,False,VEN,409360,Juan,Perdomo,9,3,TIRO3,FALLADO,,247,110
130828,13/12/2025,ARG,VEN,True,ARG,398746,Roman,Moravansky,11,3,TIRO3,FALLADO,,8,45
130828,13/12/2025,ARG,VEN,True,ARG,409023,Joaquin,Celiz,9,3,TIRO2,FALLADO,,139,33
130828,13/12/2025,ARG,VEN,True,ARG,362126,Benjamin,Pettovello,2,3,TIRO2,FALLADO,,145,51
130828,13/12/2025,ARG,VEN,False,VEN,378576,Williams,Anillo,18,3,TIRO2,FALLADO,,168,37
130828,13/12/2025,ARG,VEN,False,VEN,409394,Gabriel,Miquilareno,12,3,TIRO2,CONVERTIDO,,133,36
130828,13/12/2025,ARG,VEN,True,ARG,408857,Joaquin,Caumo,10,3,TIRO1,CONVERTIDO,,0,0
130828,13/12/2025,ARG,VEN,True,ARG,408857,Joaquin,Caumo,10,3,TIRO3,FALLADO,,177,170
130828,13/12/2025,ARG,VEN,False,VEN,378574,Julio,Vasquez,3,3,TIRO2,FALLADO,,139,27
130828,13/12/2025,ARG,VEN,True,ARG,398746,Roman,Moravansky,11,3,TIRO3,CONVERTIDO,,45,172
130828,13/12/2025,ARG,VEN,False,VEN,378574,Julio,Vasquez,3,4,TIRO2,FALLADO,,161,33
130828,13/12/2025,ARG,VEN,True,ARG,409023,Joaquin,Celiz,9,4,TIRO3,FALLADO,,54,159
130828,13/12/2025,ARG,VEN,True,ARG,409023,Joaquin,Celiz,9,4,TIRO2,CONVERTIDO,,126,30
130828,13/12/2025,ARG,VEN,False,VEN,409394,Gabriel,Miquilareno,12,4,TIRO1,FALLADO,,0,0
130828,13/12/2025,ARG,VEN,False,VEN,409394,Gabriel,Miquilareno,12,4,TIRO1,FALLADO,,0,0
130828,13/12/2025,ARG,VEN,True,ARG,409021,Elias,Torrens,7,4,TIRO1,CONVERTIDO,,0,0
130828,13/12/2025,ARG,VEN,True,ARG,409021,Elias,Torrens,7,4,TIRO1,FALLADO,,0,0
130828,13/12/2025,ARG,VEN,False,VEN,378579,Deiker,Torres,2,4,TIRO3,FALLADO,,163,213
130828,13/12/2025,ARG,VEN,True,ARG,398746,Roman,Moravansky,11,4,TIRO3,FALLADO,,267,77
130828,13/12/2025,ARG,VEN,False,VEN,378574,Julio,Vasquez,3,4,TIRO2,FALLADO,,247,81
130828,13/12/2025,ARG,VEN,True,ARG,408872,Bautista,Gobetti,6,4,TIRO2,FALLADO,,122,43
130828,13/12/2025,ARG,VEN,False,VEN,409394,Gabriel,Miquilareno,12,4,TIRO1,FALLADO,,0,0
130828,13/12/2025,ARG,VEN,False,VEN,409394,Gabriel,Miquilareno,12,4,TIRO1,FALLADO,,0,0
130828,13/12/2025,ARG,VEN,False,VEN,378577,Kevin,Gutierrez,14,4,TIRO2,FALLADO,,41,74
130828,13/12/2025,ARG,VEN,True,ARG,409023,Joaquin,Celiz,9,4,TIRO1,CONVERTIDO,,0,0
130828,13/12/2025,ARG,VEN,True,ARG,409023,Joaquin,Celiz,9,4,TIRO1,CONVERTIDO,,0,0
130828,13/12/2025,ARG,VEN,False,VEN,409363,Richard,Segovia,4,4,TIRO2,CONVERTIDO,,160,32
130828,13/12/2025,ARG,VEN,False,VEN,409363,Richard,Segovia,4,4,TIRO1,CONVERTIDO,,0,0
130828,13/12/2025,ARG,VEN,True,ARG,408857,Joaquin,Caumo,10,4,TIRO2,FALLADO,,143,21
130828,13/12/2025,ARG,VEN,False,VEN,409360,Juan,Perdomo,9,4,TIRO2,FALLADO,,234,101
130828,13/12/2025,ARG,VEN,True,ARG,408857,Joaquin,Caumo,10,4,TIRO2,FALLADO,,149,28
130828,13/12/2025,ARG,VEN,False,VEN,409363,Richard,Segovia,4,4,TIRO3,FALLADO,,46,127
130828,13/12/2025,ARG,VEN,True,ARG,408871,Manuel,Hernandez,4,4,TIRO3,CONVERTIDO,,35,130
130828,13/12/2025,ARG,VEN,False,VEN,390925,Jose,Lara,7,4,TIRO2,FALLADO,,169,30
130828,13/12/2025,ARG,VEN,True,ARG,408857,Joaquin,Caumo,10,4,TIRO3,FALLADO,,249,117
130828,13/12/2025,ARG,VEN,False,VEN,409363,Richard,Segovia,4,4,TIRO3,FALLADO,,60,141
130828,13/12/2025,ARG,VEN,True,ARG,409023,Joaquin,Celiz,9,4,TIRO2,CONVERTIDO,,156,43
130828,13/12/2025,ARG,VEN,True,ARG,409023,Joaquin,Celiz,9,4,TIRO3,FALLADO,,214,135
130828,13/12/2025,ARG,VEN,True,ARG,409021,Elias,Torrens,7,4,TIRO2,FALLADO,,127,31
130828,13/12/2025,ARG,VEN,False,VEN,378579,Deiker,Torres,2,4,TIRO1,CONVERTIDO,,0,0
130828,13/12/2025,ARG,VEN,False,VEN,378579,Deiker,Torres,2,4,TIRO1,FALLADO,,0,0
130828,13/12/2025,ARG,VEN,True,ARG,398746,Roman,Moravansky,11,4,TIRO3,CONVERTIDO,,250,113
130828,13/12/2025,ARG,VEN,True,ARG,398746,Roman,Moravansky,11,4,TIRO3,CONVERTIDO,,221,143
130828,13/12/2025,ARG,VEN,False,VEN,409358,Samuel,Niño,23,4,TIRO3,FALLADO,,243,145
130828,13/12/2025,ARG,VEN,True,ARG,362126,Benjamin,Pettovello,2,4,TIRO2,FALLADO,,80,108
130828,13/12/2025,ARG,VEN,False,VEN,409358,Samuel,Niño,23,4,TIRO2,FALLADO,,158,36
130828,13/12/2025,ARG,VEN,True,ARG,408857,Joaquin,Caumo,10,4,TIRO3,FALLADO,,251,91
130828,13/12/2025,ARG,VEN,False,VEN,356334,Diego,Soto,26,4,TIRO2,FALLADO,,144,11
130828,13/12/2025,ARG,VEN,False,VEN,378579,Deiker,Torres,2,4,TIRO3,CONVERTIDO,,202,167
130828,13/12/2025,ARG,VEN,False,VEN,378579,Deiker,Torres,2,4,TIRO2,FALLADO,,158,32
130828,13/12/2025,ARG,VEN,False,VEN,356334,Diego,Soto,26,4,TIRO2,FALLADO,,152,62
130828,13/12/2025,ARG,VEN,True,ARG,408870,Gonzalo,Aman,8,4,TIRO3,FALLADO,,36,149
130828,13/12/2025,ARG,VEN,True,ARG,408871,Manuel,Hernandez,4,4,TIRO2,FALLADO,,115,29
130828,13/12/2025,ARG,VEN,False,VEN,378579,Deiker,Torres,2,4,TIRO3,FALLADO,,69,147
130829,13/12/2025,BRA,URU,False,URU,407936,Lautaro,Gomez,10,1,TIRO2,CONVERTIDO,,149,44
130829,13/12/2025,BRA,URU,True,BRA,330039,Joao,Neves,14,1,TIRO3,FALLADO,,196,167
130829,13/12/2025,BRA,URU,False,URU,329851,Nicolas,Testa,11,1,TIRO2,FALLADO,,191,131
130829,13/12/2025,BRA,URU,True,BRA,374721,Eduardo,Santos,50,1,TIRO2,FALLADO,,116,34
130829,13/12/2025,BRA,URU,False,URU,407936,Lautaro,Gomez,10,1,TIRO2,CONVERTIDO,,139,87
130829,13/12/2025,BRA,URU,False,URU,407647,Gabriel,Fata,19,1,TIRO3,FALLADO,,206,164
130829,13/12/2025,BRA,URU,True,BRA,330047,Pedro,Souza,25,1,TIRO2,FALLADO,,128,29
130829,13/12/2025,BRA,URU,True,BRA,330039,Joao,Neves,14,1,TIRO3,FALLADO,,14,65
130829,13/12/2025,BRA,URU,True,BRA,374721,Eduardo,Santos,50,1,TIRO2,CONVERTIDO,,127,36
130829,13/12/2025,BRA,URU,True,BRA,330047,Pedro,Souza,25,1,TIRO2,CONVERTIDO,,136,30
130829,13/12/2025,BRA,URU,False,URU,407936,Lautaro,Gomez,10,1,TIRO2,CONVERTIDO,,172,42
130829,13/12/2025,BRA,URU,True,BRA,330039,Joao,Neves,14,1,TIRO2,FALLADO,,152,46
130829,13/12/2025,BRA,URU,False,URU,407501,Facundo,Izuibejeres,5,1,TIRO3,FALLADO,,70,175
130829,13/12/2025,BRA,URU,False,URU,329851,Nicolas,Testa,11,1,TIRO2,CONVERTIDO,,153,28
130829,13/12/2025,BRA,URU,True,BRA,330047,Pedro,Souza,25,1,TIRO1,FALLADO,,0,0
130829,13/12/2025,BRA,URU,True,BRA,330047,Pedro,Souza,25,1,TIRO1,CONVERTIDO,,0,0
130829,13/12/2025,BRA,URU,False,URU,407501,Facundo,Izuibejeres,5,1,TIRO2,CONVERTIDO,,197,70
130829,13/12/2025,BRA,URU,False,URU,407936,Lautaro,Gomez,10,1,TIRO2,CONVERTIDO,,157,25
130829,13/12/2025,BRA,URU,True,BRA,330039,Joao,Neves,14,1,TIRO3,CONVERTIDO,,46,123
130829,13/12/2025,BRA,URU,False,URU,407936,Lautaro,Gomez,10,1,TIRO2,FALLADO,,139,60
130829,13/12/2025,BRA,URU,True,BRA,405101,Pietro,Melo,10,1,TIRO3,CONVERTIDO,,143,176
130829,13/12/2025,BRA,URU,True,BRA,405101,Pietro,Melo,10,1,TIRO3,FALLADO,,134,188
130829,13/12/2025,BRA,URU,False,URU,407647,Gabriel,Fata,19,1,TIRO2,FALLADO,,119,41
130829,13/12/2025,BRA,URU,False,URU,329851,Nicolas,Testa,11,1,TIRO3,CONVERTIDO,,222,143
130829,13/12/2025,BRA,URU,True,BRA,330047,Pedro,Souza,25,1,TIRO3,CONVERTIDO,,9,45
130829,13/12/2025,BRA,URU,True,BRA,330047,Pedro,Souza,25,1,TIRO2,CONVERTIDO,,157,27
130829,13/12/2025,BRA,URU,False,URU,407401,Lucas,Orozco,22,1,TIRO1,FALLADO,,0,0
130829,13/12/2025,BRA,URU,False,URU,407401,Lucas,Orozco,22,1,TIRO1,CONVERTIDO,,0,0
130829,13/12/2025,BRA,URU,False,URU,375744,Manuel,Pastrana,4,1,TIRO2,CONVERTIDO,,168,29
130829,13/12/2025,BRA,URU,True,BRA,330047,Pedro,Souza,25,1,TIRO3,FALLADO,,139,198
130829,13/12/2025,BRA,URU,True,BRA,331414,Isaiah,Santos,45,1,TIRO2,CONVERTIDO,,140,31
130829,13/12/2025,BRA,URU,False,URU,375744,Manuel,Pastrana,4,1,TIRO3,FALLADO,,178,159
130829,13/12/2025,BRA,URU,True,BRA,331414,Isaiah,Santos,45,1,TIRO3,CONVERTIDO,,256,96
130829,13/12/2025,BRA,URU,True,BRA,405082,Caio,Mathias,2,1,TIRO3,FALLADO,,28,105
130829,13/12/2025,BRA,URU,True,BRA,331414,Isaiah,Santos,45,1,TIRO1,CONVERTIDO,,0,0
130829,13/12/2025,BRA,URU,True,BRA,331414,Isaiah,Santos,45,1,TIRO1,CONVERTIDO,,0,0
130829,13/12/2025,BRA,URU,False,URU,407501,Facundo,Izuibejeres,5,1,TIRO2,FALLADO,,136,49
130829,13/12/2025,BRA,URU,True,BRA,405082,Caio,Mathias,2,1,TIRO3,FALLADO,,137,201
130829,13/12/2025,BRA,URU,True,BRA,405082,Caio,Mathias,2,2,TIRO3,FALLADO,,250,110
130829,13/12/2025,BRA,URU,False,URU,329851,Nicolas,Testa,11,2,TIRO3,CONVERTIDO,,255,90
130829,13/12/2025,BRA,URU,True,BRA,405108,Matheus,Nascimento,3,2,TIRO3,FALLADO,,233,132
130829,13/12/2025,BRA,URU,True,BRA,405108,Matheus,Nascimento,3,2,TIRO2,FALLADO,,152,33
130829,13/12/2025,BRA,URU,True,BRA,408792,Pedro,Alves,6,2,TIRO2,CONVERTIDO,,129,30
130829,13/12/2025,BRA,URU,False,URU,407501,Facundo,Izuibejeres,5,2,TIRO2,FALLADO,,135,60
130829,13/12/2025,BRA,URU,True,BRA,331414,Isaiah,Santos,45,2,TIRO2,FALLADO,,123,33
130829,13/12/2025,BRA,URU,True,BRA,405108,Matheus,Nascimento,3,2,TIRO2,CONVERTIDO,,140,31
130829,13/12/2025,BRA,URU,False,URU,329851,Nicolas,Testa,11,2,TIRO3,FALLADO,,57,148
130829,13/12/2025,BRA,URU,True,BRA,405100,João,Bandiera,11,2,TIRO2,FALLADO,,130,56
130829,13/12/2025,BRA,URU,True,BRA,405082,Caio,Mathias,2,2,TIRO3,FALLADO,,152,169
130829,13/12/2025,BRA,URU,True,BRA,331414,Isaiah,Santos,45,2,TIRO3,FALLADO,,44,121
130829,13/12/2025,BRA,URU,True,BRA,331414,Isaiah,Santos,45,2,TIRO2,CONVERTIDO,,140,31
130829,13/12/2025,BRA,URU,False,URU,408047,Thiago,Michaelsson,21,2,TIRO2,FALLADO,,172,38
130829,13/12/2025,BRA,URU,True,BRA,405108,Matheus,Nascimento,3,2,TIRO3,CONVERTIDO,,64,137
130829,13/12/2025,BRA,URU,False,URU,407936,Lautaro,Gomez,10,2,TIRO2,FALLADO,,144,42
130829,13/12/2025,BRA,URU,True,BRA,405108,Matheus,Nascimento,3,2,TIRO3,CONVERTIDO,,223,135
130829,13/12/2025,BRA,URU,False,URU,407936,Lautaro,Gomez,10,2,TIRO3,CONVERTIDO,,139,165
130829,13/12/2025,BRA,URU,False,URU,407501,Facundo,Izuibejeres,5,2,TIRO3,FALLADO,,85,158
130829,13/12/2025,BRA,URU,True,BRA,331414,Isaiah,Santos,45,2,TIRO2,FALLADO,,133,27
130829,13/12/2025,BRA,URU,False,URU,407501,Facundo,Izuibejeres,5,2,TIRO3,FALLADO,,32,124
130829,13/12/2025,BRA,URU,True,BRA,405082,Caio,Mathias,2,2,TIRO3,FALLADO,,218,162
130829,13/12/2025,BRA,URU,True,BRA,405108,Matheus,Nascimento,3,2,TIRO3,CONVERTIDO,,271,30
130829,13/12/2025,BRA,URU,True,BRA,331414,Isaiah,Santos,45,2,TIRO2,FALLADO,,123,31
130829,13/12/2025,BRA,URU,True,BRA,331414,Isaiah,Santos,45,2,TIRO1,CONVERTIDO,,0,0
130829,13/12/2025,BRA,URU,True,BRA,331414,Isaiah,Santos,45,2,TIRO1,CONVERTIDO,,0,0
130829,13/12/2025,BRA,URU,True,BRA,405101,Pietro,Melo,10,2,TIRO2,FALLADO,,139,40
130829,13/12/2025,BRA,URU,True,BRA,330039,Joao,Neves,14,2,TIRO3,FALLADO,,230,137
130829,13/12/2025,BRA,URU,False,URU,329851,Nicolas,Testa,11,2,TIRO2,FALLADO,,193,47
130829,13/12/2025,BRA,URU,False,URU,329851,Nicolas,Testa,11,2,TIRO2,CONVERTIDO,,128,43
130829,13/12/2025,BRA,URU,True,BRA,330047,Pedro,Souza,25,2,TIRO1,CONVERTIDO,,0,0
130829,13/12/2025,BRA,URU,True,BRA,330047,Pedro,Souza,25,2,TIRO1,CONVERTIDO,,0,0
130829,13/12/2025,BRA,URU,False,URU,375744,Manuel,Pastrana,4,2,TIRO3,FALLADO,,183,161
130829,13/12/2025,BRA,URU,True,BRA,405101,Pietro,Melo,10,2,TIRO2,CONVERTIDO,,133,30
130829,13/12/2025,BRA,URU,False,URU,407647,Gabriel,Fata,19,2,TIRO3,FALLADO,,10,56
130829,13/12/2025,BRA,URU,True,BRA,405101,Pietro,Melo,10,2,TIRO3,FALLADO,,25,92
130829,13/12/2025,BRA,URU,False,URU,324131,Federico,Cruz,8,2,TIRO2,FALLADO,,115,45
130829,13/12/2025,BRA,URU,True,BRA,374721,Eduardo,Santos,50,2,TIRO2,CONVERTIDO,,157,35
130829,13/12/2025,BRA,URU,False,URU,375722,Valentino,Ramírez,13,2,TIRO2,FALLADO,,105,61
130829,13/12/2025,BRA,URU,True,BRA,374721,Eduardo,Santos,50,2,TIRO3,FALLADO,,10,34
130829,13/12/2025,BRA,URU,False,URU,408046,Tomas,Abal,0,2,TIRO3,FALLADO,,247,106
130829,13/12/2025,BRA,URU,True,BRA,361295,Joao Gabriel,Fernandes,8,2,TIRO3,FALLADO,,269,36
130829,13/12/2025,BRA,URU,True,BRA,408792,Pedro,Alves,6,2,TIRO2,CONVERTIDO,,140,31
130829,13/12/2025,BRA,URU,False,URU,407936,Lautaro,Gomez,10,3,TIRO2,CONVERTIDO,,126,30
130829,13/12/2025,BRA,URU,True,BRA,405101,Pietro,Melo,10,3,TIRO3,CONVERTIDO,,11,40
130829,13/12/2025,BRA,URU,False,URU,407501,Facundo,Izuibejeres,5,3,TIRO2,CONVERTIDO,,152,33
130829,13/12/2025,BRA,URU,False,URU,407501,Facundo,Izuibejeres,5,3,TIRO1,CONVERTIDO,,0,0
130829,13/12/2025,BRA,URU,True,BRA,405101,Pietro,Melo,10,3,TIRO3,CONVERTIDO,,25,158
130829,13/12/2025,BRA,URU,False,URU,407936,Lautaro,Gomez,10,3,TIRO3,FALLADO,,219,144
130829,13/12/2025,BRA,URU,True,BRA,405101,Pietro,Melo,10,3,TIRO3,FALLADO,,10,38
130829,13/12/2025,BRA,URU,False,URU,407647,Gabriel,Fata,19,3,TIRO3,FALLADO,,217,149
130829,13/12/2025,BRA,URU,True,BRA,330047,Pedro,Souza,25,3,TIRO3,FALLADO,,118,163
130829,13/12/2025,BRA,URU,True,BRA,408792,Pedro,Alves,6,3,TIRO2,CONVERTIDO,,127,29
130829,13/12/2025,BRA,URU,False,URU,329851,Nicolas,Testa,11,3,TIRO3,FALLADO,,234,154
130829,13/12/2025,BRA,URU,True,BRA,330039,Joao,Neves,14,3,TIRO3,FALLADO,,43,145
130829,13/12/2025,BRA,URU,False,URU,407936,Lautaro,Gomez,10,3,TIRO2,FALLADO,,150,38
130829,13/12/2025,BRA,URU,True,BRA,330047,Pedro,Souza,25,3,TIRO2,CONVERTIDO,,139,38
130829,13/12/2025,BRA,URU,False,URU,407501,Facundo,Izuibejeres,5,3,TIRO1,CONVERTIDO,,0,0
130829,13/12/2025,BRA,URU,False,URU,407501,Facundo,Izuibejeres,5,3,TIRO1,CONVERTIDO,,0,0
130829,13/12/2025,BRA,URU,False,URU,329851,Nicolas,Testa,11,3,TIRO1,CONVERTIDO,,0,0
130829,13/12/2025,BRA,URU,False,URU,329851,Nicolas,Testa,11,3,TIRO1,FALLADO,,0,0
130829,13/12/2025,BRA,URU,False,URU,407501,Facundo,Izuibejeres,5,3,TIRO3,FALLADO,,160,162
130829,13/12/2025,BRA,URU,True,BRA,405101,Pietro,Melo,10,3,TIRO1,CONVERTIDO,,0,0
130829,13/12/2025,BRA,URU,True,BRA,405101,Pietro,Melo,10,3,TIRO1,CONVERTIDO,,0,0
130829,13/12/2025,BRA,URU,True,BRA,408792,Pedro,Alves,6,3,TIRO1,FALLADO,,0,0
130829,13/12/2025,BRA,URU,True,BRA,408792,Pedro,Alves,6,3,TIRO1,FALLADO,,0,0
130829,13/12/2025,BRA,URU,False,URU,407936,Lautaro,Gomez,10,3,TIRO1,FALLADO,,0,0
130829,13/12/2025,BRA,URU,False,URU,407936,Lautaro,Gomez,10,3,TIRO1,CONVERTIDO,,0,0
130829,13/12/2025,BRA,URU,True,BRA,405082,Caio,Mathias,2,3,TIRO2,FALLADO,,154,72
130829,13/12/2025,BRA,URU,False,URU,375744,Manuel,Pastrana,4,3,TIRO2,FALLADO,,137,69
130829,13/12/2025,BRA,URU,True,BRA,406939,Cristian,Ferreira,33,3,TIRO1,CONVERTIDO,,0,0
130829,13/12/2025,BRA,URU,True,BRA,406939,Cristian,Ferreira,33,3,TIRO1,FALLADO,,0,0
130829,13/12/2025,BRA,URU,True,BRA,374721,Eduardo,Santos,50,3,TIRO2,CONVERTIDO,,153,29
130829,13/12/2025,BRA,URU,True,BRA,374721,Eduardo,Santos,50,3,TIRO1,CONVERTIDO,,0,0
130829,13/12/2025,BRA,URU,True,BRA,406939,Cristian,Ferreira,33,3,TIRO2,CONVERTIDO,,153,31
130829,13/12/2025,BRA,URU,False,URU,375744,Manuel,Pastrana,4,3,TIRO3,CONVERTIDO,,248,114
130829,13/12/2025,BRA,URU,True,BRA,330047,Pedro,Souza,25,3,TIRO2,FALLADO,,172,29
130829,13/12/2025,BRA,URU,False,URU,408047,Thiago,Michaelsson,21,3,TIRO1,CONVERTIDO,,0,0
130829,13/12/2025,BRA,URU,False,URU,408047,Thiago,Michaelsson,21,3,TIRO1,CONVERTIDO,,0,0
130829,13/12/2025,BRA,URU,True,BRA,331414,Isaiah,Santos,45,3,TIRO3,FALLADO,,268,51
130829,13/12/2025,BRA,URU,True,BRA,374721,Eduardo,Santos,50,3,TIRO1,CONVERTIDO,,0,0
130829,13/12/2025,BRA,URU,True,BRA,374721,Eduardo,Santos,50,3,TIRO1,FALLADO,,0,0
130829,13/12/2025,BRA,URU,False,URU,324131,Federico,Cruz,8,3,TIRO3,FALLADO,,269,44
130829,13/12/2025,BRA,URU,True,BRA,405108,Matheus,Nascimento,3,3,TIRO3,CONVERTIDO,,260,81
130829,13/12/2025,BRA,URU,True,BRA,405103,João Marcelo,De Rinalde,99,3,TIRO2,CONVERTIDO,,159,33
130829,13/12/2025,BRA,URU,False,URU,407935,Gabriel,Venet,15,3,TIRO3,FALLADO,,231,134
130829,13/12/2025,BRA,URU,False,URU,407638,Juan,Guzzetti,29,3,TIRO1,FALLADO,,0,0
130829,13/12/2025,BRA,URU,False,URU,407638,Juan,Guzzetti,29,3,TIRO1,FALLADO,,0,0
130829,13/12/2025,BRA,URU,True,BRA,331414,Isaiah,Santos,45,3,TIRO1,FALLADO,,0,0
130829,13/12/2025,BRA,URU,True,BRA,331414,Isaiah,Santos,45,3,TIRO1,CONVERTIDO,,0,0
130829,13/12/2025,BRA,URU,True,BRA,405108,Matheus,Nascimento,3,3,TIRO3,CONVERTIDO,,49,161
130829,13/12/2025,BRA,URU,True,BRA,405108,Matheus,Nascimento,3,4,TIRO1,FALLADO,,0,0
130829,13/12/2025,BRA,URU,True,BRA,405108,Matheus,Nascimento,3,4,TIRO1,CONVERTIDO,,0,0
130829,13/12/2025,BRA,URU,False,URU,324131,Federico,Cruz,8,4,TIRO2,CONVERTIDO,,174,78
130829,13/12/2025,BRA,URU,True,BRA,405103,João Marcelo,De Rinalde,99,4,TIRO2,CONVERTIDO,,153,29
130829,13/12/2025,BRA,URU,False,URU,408047,Thiago,Michaelsson,21,4,TIRO2,FALLADO,,179,75
130829,13/12/2025,BRA,URU,True,BRA,374721,Eduardo,Santos,50,4,TIRO1,CONVERTIDO,,0,0
130829,13/12/2025,BRA,URU,True,BRA,374721,Eduardo,Santos,50,4,TIRO1,CONVERTIDO,,0,0
130829,13/12/2025,BRA,URU,False,URU,375722,Valentino,Ramírez,13,4,TIRO2,FALLADO,,100,36
130829,13/12/2025,BRA,URU,True,BRA,405100,João,Bandiera,11,4,TIRO3,FALLADO,,80,159
130829,13/12/2025,BRA,URU,True,BRA,374721,Eduardo,Santos,50,4,TIRO3,FALLADO,,165,162
130829,13/12/2025,BRA,URU,True,BRA,405103,João Marcelo,De Rinalde,99,4,TIRO2,FALLADO,,146,33
130829,13/12/2025,BRA,URU,False,URU,407935,Gabriel,Venet,15,4,TIRO3,FALLADO,,266,60
130829,13/12/2025,BRA,URU,False,URU,408046,Tomas,Abal,0,4,TIRO1,CONVERTIDO,,0,0
130829,13/12/2025,BRA,URU,False,URU,408046,Tomas,Abal,0,4,TIRO1,CONVERTIDO,,0,0
130829,13/12/2025,BRA,URU,True,BRA,405100,João,Bandiera,11,4,TIRO1,CONVERTIDO,,0,0
130829,13/12/2025,BRA,URU,True,BRA,405100,João,Bandiera,11,4,TIRO1,CONVERTIDO,,0,0
130829,13/12/2025,BRA,URU,True,BRA,405100,João,Bandiera,11,4,TIRO2,FALLADO,,91,107
130829,13/12/2025,BRA,URU,True,BRA,405103,João Marcelo,De Rinalde,99,4,TIRO2,CONVERTIDO,,127,30
130829,13/12/2025,BRA,URU,False,URU,408047,Thiago,Michaelsson,21,4,TIRO3,CONVERTIDO,,50,130
130829,13/12/2025,BRA,URU,True,BRA,374721,Eduardo,Santos,50,4,TIRO1,CONVERTIDO,,0,0
130829,13/12/2025,BRA,URU,True,BRA,374721,Eduardo,Santos,50,4,TIRO1,CONVERTIDO,,0,0
130829,13/12/2025,BRA,URU,False,URU,408046,Tomas,Abal,0,4,TIRO3,FALLADO,,13,35
130829,13/12/2025,BRA,URU,True,BRA,405100,João,Bandiera,11,4,TIRO2,FALLADO,,116,29
130829,13/12/2025,BRA,URU,False,URU,375722,Valentino,Ramírez,13,4,TIRO2,CONVERTIDO,,164,31
130829,13/12/2025,BRA,URU,True,BRA,405082,Caio,Mathias,2,4,TIRO3,FALLADO,,13,48
130829,13/12/2025,BRA,URU,False,URU,408046,Tomas,Abal,0,4,TIRO2,CONVERTIDO,,156,35
130829,13/12/2025,BRA,URU,True,BRA,361295,Joao Gabriel,Fernandes,8,4,TIRO3,CONVERTIDO,,254,95
130829,13/12/2025,BRA,URU,False,URU,407401,Lucas,Orozco,22,4,TIRO1,CONVERTIDO,,0,0
130829,13/12/2025,BRA,URU,False,URU,407401,Lucas,Orozco,22,4,TIRO1,FALLADO,,0,0
130829,13/12/2025,BRA,URU,False,URU,408047,Thiago,Michaelsson,21,4,TIRO2,FALLADO,,117,31
130829,13/12/2025,BRA,URU,True,BRA,406939,Cristian,Ferreira,33,4,TIRO2,CONVERTIDO,,159,40
130829,13/12/2025,BRA,URU,True,BRA,405100,João,Bandiera,11,4,TIRO3,FALLADO,,26,117
130829,13/12/2025,BRA,URU,True,BRA,405108,Matheus,Nascimento,3,4,TIRO3,FALLADO,,137,169
130829,13/12/2025,BRA,URU,False,URU,375722,Valentino,Ramírez,13,4,TIRO3,FALLADO,,269,37
130829,13/12/2025,BRA,URU,True,BRA,405108,Matheus,Nascimento,3,4,TIRO3,CONVERTIDO,,266,53
130829,13/12/2025,BRA,URU,True,BRA,405108,Matheus,Nascimento,3,4,TIRO2,CONVERTIDO,,152,37
130829,13/12/2025,BRA,URU,True,BRA,361295,Joao Gabriel,Fernandes,8,4,TIRO3,FALLADO,,21,86
130829,13/12/2025,BRA,URU,True,BRA,405100,João,Bandiera,11,4,TIRO3,FALLADO,,183,155
130829,13/12/2025,BRA,URU,True,BRA,405082,Caio,Mathias,2,4,TIRO2,CONVERTIDO,,140,31
130829,13/12/2025,BRA,URU,False,URU,408046,Tomas,Abal,0,4,TIRO3,FALLADO,,272,22
130829,13/12/2025,BRA,URU,True,BRA,406939,Cristian,Ferreira,33,4,TIRO1,FALLADO,,0,0
130829,13/12/2025,BRA,URU,True,BRA,406939,Cristian,Ferreira,33,4,TIRO1,CONVERTIDO,,0,0
130829,13/12/2025,BRA,URU,True,BRA,405108,Matheus,Nascimento,3,4,TIRO1,CONVERTIDO,,0,0
130829,13/12/2025,BRA,URU,True,BRA,405108,Matheus,Nascimento,3,4,TIRO1,FALLADO,,0,0
130829,13/12/2025,BRA,URU,False,URU,407401,Lucas,Orozco,22,4,TIRO3,FALLADO,,88,154
130829,13/12/2025,BRA,URU,True,BRA,405108,Matheus,Nascimento,3,4,TIRO3,FALLADO,,235,130
130829,13/12/2025,BRA,URU,True,BRA,406939,Cristian,Ferreira,33,4,TIRO2,CONVERTIDO,,140,31
130829,13/12/2025,BRA,URU,True,BRA,405108,Matheus,Nascimento,3,4,TIRO2,CONVERTIDO,,168,24
130829,13/12/2025,BRA,URU,True,BRA,405100,João,Bandiera,11,4,TIRO1,CONVERTIDO,,0,0
130829,13/12/2025,BRA,URU,True,BRA,405100,João,Bandiera,11,4,TIRO1,FALLADO,,0,0
130829,13/12/2025,BRA,URU,False,URU,407935,Gabriel,Venet,15,4,TIRO3,FALLADO,,12,52
130830,14/12/2025,COL,ECU,False,ECU,379509,Lheyder,Vargas,48,1,TIRO2,FALLADO,,107,32
130830,14/12/2025,COL,ECU,False,ECU,379509,Lheyder,Vargas,48,1,TIRO2,CONVERTIDO,,115,29
130830,14/12/2025,COL,ECU,True,COL,409483,Julian,Betancurt,59,1,TIRO2,FALLADO,,142,29
130830,14/12/2025,COL,ECU,True,COL,409482,Alejandro,Sanchez,4,1,TIRO2,FALLADO,,202,39
130830,14/12/2025,COL,ECU,False,ECU,409169,Felipe,Noboa,14,1,TIRO2,CONVERTIDO,,145,28
130830,14/12/2025,COL,ECU,True,COL,409483,Julian,Betancurt,59,1,TIRO3,FALLADO,,119,190
130830,14/12/2025,COL,ECU,False,ECU,379507,Juan,Castillo,2,1,TIRO2,CONVERTIDO,,126,25
130830,14/12/2025,COL,ECU,True,COL,379759,Matthew,Bernal,7,1,TIRO2,CONVERTIDO,,70,20
130830,14/12/2025,COL,ECU,False,ECU,409169,Felipe,Noboa,14,1,TIRO3,FALLADO,,10,43
130830,14/12/2025,COL,ECU,False,ECU,409013,José,Daza,7,1,TIRO2,CONVERTIDO,,110,47
130830,14/12/2025,COL,ECU,True,COL,400857,Leonardo,Restrepo,5,1,TIRO3,FALLADO,,10,37
130830,14/12/2025,COL,ECU,True,COL,400857,Leonardo,Restrepo,5,1,TIRO3,FALLADO,,54,164
130830,14/12/2025,COL,ECU,True,COL,379759,Matthew,Bernal,7,1,TIRO1,FALLADO,,0,0
130830,14/12/2025,COL,ECU,True,COL,379759,Matthew,Bernal,7,1,TIRO1,CONVERTIDO,,0,0
130830,14/12/2025,COL,ECU,False,ECU,379509,Lheyder,Vargas,48,1,TIRO2,CONVERTIDO,,124,22
130830,14/12/2025,COL,ECU,True,COL,409482,Alejandro,Sanchez,4,1,TIRO2,FALLADO,,194,40
130830,14/12/2025,COL,ECU,False,ECU,379507,Juan,Castillo,2,1,TIRO3,FALLADO,,259,134
130830,14/12/2025,COL,ECU,True,COL,409482,Alejandro,Sanchez,4,1,TIRO3,FALLADO,,14,13
130830,14/12/2025,COL,ECU,False,ECU,409161,Michael,Cevallos,1,1,TIRO2,FALLADO,,118,18
130830,14/12/2025,COL,ECU,True,COL,409482,Alejandro,Sanchez,4,1,TIRO2,FALLADO,,114,13
130830,14/12/2025,COL,ECU,False,ECU,379507,Juan,Castillo,2,1,TIRO2,CONVERTIDO,,84,87
130830,14/12/2025,COL,ECU,True,COL,379759,Matthew,Bernal,7,1,TIRO2,FALLADO,,191,118
130830,14/12/2025,COL,ECU,False,ECU,379507,Juan,Castillo,2,1,TIRO3,FALLADO,,216,159
130830,14/12/2025,COL,ECU,False,ECU,409169,Felipe,Noboa,14,1,TIRO3,FALLADO,,8,26
130830,14/12/2025,COL,ECU,False,ECU,379500,Alhan,Zambrano,10,1,TIRO3,CONVERTIDO,,191,165
130830,14/12/2025,COL,ECU,False,ECU,409161,Michael,Cevallos,1,1,TIRO2,CONVERTIDO,,110,44
130830,14/12/2025,COL,ECU,True,COL,379442,Angel,Orozco,83,1,TIRO2,FALLADO,,130,13
130830,14/12/2025,COL,ECU,True,COL,332119,Andres,Hernandez,24,1,TIRO3,CONVERTIDO,,42,143
130830,14/12/2025,COL,ECU,True,COL,379442,Angel,Orozco,83,1,TIRO2,FALLADO,,139,38
130830,14/12/2025,COL,ECU,True,COL,379442,Angel,Orozco,83,1,TIRO2,CONVERTIDO,,141,31
130830,14/12/2025,COL,ECU,False,ECU,409167,Ismael,Ibarra,15,1,TIRO2,FALLADO,,161,19
130830,14/12/2025,COL,ECU,True,COL,379759,Matthew,Bernal,7,1,TIRO3,FALLADO,,66,140
130830,14/12/2025,COL,ECU,True,COL,409484,Ezekiel,Suarez,8,1,TIRO3,FALLADO,,203,176
130830,14/12/2025,COL,ECU,False,ECU,379506,Jeremy,Corozo,32,1,TIRO3,CONVERTIDO,,35,148
130830,14/12/2025,COL,ECU,True,COL,332119,Andres,Hernandez,24,1,TIRO2,FALLADO,,158,40
130830,14/12/2025,COL,ECU,True,COL,379442,Angel,Orozco,83,1,TIRO2,CONVERTIDO,,137,20
130830,14/12/2025,COL,ECU,False,ECU,379770,Adair,Quiñonez,23,1,TIRO3,FALLADO,,4,32
130830,14/12/2025,COL,ECU,False,ECU,379506,Jeremy,Corozo,32,1,TIRO2,FALLADO,,137,23
130830,14/12/2025,COL,ECU,False,ECU,409013,José,Daza,7,1,TIRO2,FALLADO,,124,63
130830,14/12/2025,COL,ECU,False,ECU,409013,José,Daza,7,1,TIRO2,FALLADO,,127,38
130830,14/12/2025,COL,ECU,True,COL,332119,Andres,Hernandez,24,1,TIRO2,FALLADO,,141,31
130830,14/12/2025,COL,ECU,False,ECU,409013,José,Daza,7,1,TIRO2,CONVERTIDO,,140,60
130830,14/12/2025,COL,ECU,False,ECU,409013,José,Daza,7,1,TIRO2,FALLADO,,152,29
130830,14/12/2025,COL,ECU,False,ECU,379506,Jeremy,Corozo,32,1,TIRO2,FALLADO,,148,38
130830,14/12/2025,COL,ECU,False,ECU,379769,Jahir,Mina,13,1,TIRO3,CONVERTIDO,,12,89
130830,14/12/2025,COL,ECU,True,COL,409483,Julian,Betancurt,59,2,TIRO2,FALLADO,,155,13
130830,14/12/2025,COL,ECU,True,COL,379442,Angel,Orozco,83,2,TIRO2,FALLADO,,155,23
130830,14/12/2025,COL,ECU,False,ECU,379507,Juan,Castillo,2,2,TIRO3,CONVERTIDO,,34,199
130830,14/12/2025,COL,ECU,True,COL,409480,Santiago,Rios,32,2,TIRO3,FALLADO,,152,186
130830,14/12/2025,COL,ECU,True,COL,379759,Matthew,Bernal,7,2,TIRO2,FALLADO,,122,31
130830,14/12/2025,COL,ECU,True,COL,400857,Leonardo,Restrepo,5,2,TIRO3,CONVERTIDO,,30,126
130830,14/12/2025,COL,ECU,False,ECU,379769,Jahir,Mina,13,2,TIRO2,FALLADO,,119,22
130830,14/12/2025,COL,ECU,True,COL,409483,Julian,Betancurt,59,2,TIRO2,FALLADO,,213,91
130830,14/12/2025,COL,ECU,False,ECU,409167,Ismael,Ibarra,15,2,TIRO2,FALLADO,,150,38
130830,14/12/2025,COL,ECU,True,COL,400857,Leonardo,Restrepo,5,2,TIRO3,FALLADO,,259,117
130830,14/12/2025,COL,ECU,True,COL,409480,Santiago,Rios,32,2,TIRO3,FALLADO,,52,145
130830,14/12/2025,COL,ECU,False,ECU,379769,Jahir,Mina,13,2,TIRO3,FALLADO,,270,27
130830,14/12/2025,COL,ECU,True,COL,400857,Leonardo,Restrepo,5,2,TIRO2,CONVERTIDO,,137,29
130830,14/12/2025,COL,ECU,True,COL,409480,Santiago,Rios,32,2,TIRO3,FALLADO,,36,141
130830,14/12/2025,COL,ECU,False,ECU,409169,Felipe,Noboa,14,2,TIRO3,CONVERTIDO,,10,16
130830,14/12/2025,COL,ECU,False,ECU,409169,Felipe,Noboa,14,2,TIRO1,CONVERTIDO,,0,0
130830,14/12/2025,COL,ECU,True,COL,400857,Leonardo,Restrepo,5,2,TIRO3,CONVERTIDO,,241,141
130830,14/12/2025,COL,ECU,False,ECU,379507,Juan,Castillo,2,2,TIRO3,FALLADO,,72,213
130830,14/12/2025,COL,ECU,True,COL,332119,Andres,Hernandez,24,2,TIRO3,CONVERTIDO,,50,147
130830,14/12/2025,COL,ECU,False,ECU,379770,Adair,Quiñonez,23,2,TIRO3,CONVERTIDO,,203,209
130830,14/12/2025,COL,ECU,True,COL,332119,Andres,Hernandez,24,2,TIRO3,FALLADO,,263,95
130830,14/12/2025,COL,ECU,False,ECU,409013,José,Daza,7,2,TIRO2,FALLADO,,154,53
130830,14/12/2025,COL,ECU,True,COL,400857,Leonardo,Restrepo,5,2,TIRO3,CONVERTIDO,,38,122
130830,14/12/2025,COL,ECU,False,ECU,379507,Juan,Castillo,2,2,TIRO3,FALLADO,,140,197
130830,14/12/2025,COL,ECU,True,COL,332119,Andres,Hernandez,24,2,TIRO2,CONVERTIDO,,201,89
130830,14/12/2025,COL,ECU,False,ECU,379770,Adair,Quiñonez,23,2,TIRO2,CONVERTIDO,,149,30
130830,14/12/2025,COL,ECU,False,ECU,409168,Deivis,Reyes,33,2,TIRO2,FALLADO,,138,29
130830,14/12/2025,COL,ECU,True,COL,409483,Julian,Betancurt,59,2,TIRO2,CONVERTIDO,,224,28
130830,14/12/2025,COL,ECU,False,ECU,409161,Michael,Cevallos,1,2,TIRO3,FALLADO,,47,143
130830,14/12/2025,COL,ECU,True,COL,332119,Andres,Hernandez,24,2,TIRO2,CONVERTIDO,,133,124
130830,14/12/2025,COL,ECU,False,ECU,409168,Deivis,Reyes,33,2,TIRO2,FALLADO,,134,119
130830,14/12/2025,COL,ECU,False,ECU,409013,José,Daza,7,2,TIRO2,FALLADO,,165,64
130830,14/12/2025,COL,ECU,True,COL,409483,Julian,Betancurt,59,2,TIRO2,FALLADO,,103,40
130830,14/12/2025,COL,ECU,False,ECU,379770,Adair,Quiñonez,23,2,TIRO3,CONVERTIDO,,13,95
130830,14/12/2025,COL,ECU,True,COL,332119,Andres,Hernandez,24,2,TIRO2,FALLADO,,127,125
130830,14/12/2025,COL,ECU,True,COL,400857,Leonardo,Restrepo,5,2,TIRO3,FALLADO,,251,116
130830,14/12/2025,COL,ECU,False,ECU,409168,Deivis,Reyes,33,2,TIRO3,FALLADO,,180,195
130830,14/12/2025,COL,ECU,True,COL,409483,Julian,Betancurt,59,2,TIRO1,CONVERTIDO,,0,0
130830,14/12/2025,COL,ECU,True,COL,409483,Julian,Betancurt,59,2,TIRO1,CONVERTIDO,,0,0
130830,14/12/2025,COL,ECU,False,ECU,379507,Juan,Castillo,2,2,TIRO3,CONVERTIDO,,236,143
130830,14/12/2025,COL,ECU,False,ECU,379509,Lheyder,Vargas,48,3,TIRO3,CONVERTIDO,,231,141
130830,14/12/2025,COL,ECU,True,COL,379759,Matthew,Bernal,7,3,TIRO2,CONVERTIDO,,102,45
130830,14/12/2025,COL,ECU,False,ECU,379509,Lheyder,Vargas,48,3,TIRO2,FALLADO,,131,27
130830,14/12/2025,COL,ECU,False,ECU,409013,José,Daza,7,3,TIRO2,FALLADO,,161,29
130830,14/12/2025,COL,ECU,True,COL,332119,Andres,Hernandez,24,3,TIRO3,FALLADO,,248,147
130830,14/12/2025,COL,ECU,True,COL,379442,Angel,Orozco,83,3,TIRO2,FALLADO,,128,19
130830,14/12/2025,COL,ECU,False,ECU,409013,José,Daza,7,3,TIRO2,FALLADO,,136,81
130830,14/12/2025,COL,ECU,False,ECU,379507,Juan,Castillo,2,3,TIRO1,FALLADO,,0,0
130830,14/12/2025,COL,ECU,False,ECU,379507,Juan,Castillo,2,3,TIRO1,CONVERTIDO,,0,0
130830,14/12/2025,COL,ECU,True,COL,400857,Leonardo,Restrepo,5,3,TIRO2,FALLADO,,77,81
130830,14/12/2025,COL,ECU,False,ECU,379770,Adair,Quiñonez,23,3,TIRO1,CONVERTIDO,,0,0
130830,14/12/2025,COL,ECU,False,ECU,379770,Adair,Quiñonez,23,3,TIRO1,CONVERTIDO,,0,0
130830,14/12/2025,COL,ECU,True,COL,400857,Leonardo,Restrepo,5,3,TIRO2,FALLADO,,65,108
130830,14/12/2025,COL,ECU,False,ECU,379509,Lheyder,Vargas,48,3,TIRO2,CONVERTIDO,,161,21
130830,14/12/2025,COL,ECU,True,COL,409484,Ezekiel,Suarez,8,3,TIRO3,FALLADO,,15,113
130830,14/12/2025,COL,ECU,True,COL,379759,Matthew,Bernal,7,3,TIRO3,FALLADO,,260,104
130830,14/12/2025,COL,ECU,False,ECU,379770,Adair,Quiñonez,23,3,TIRO2,FALLADO,,153,12
130830,14/12/2025,COL,ECU,True,COL,379759,Matthew,Bernal,7,3,TIRO2,CONVERTIDO,,142,51
130830,14/12/2025,COL,ECU,False,ECU,379507,Juan,Castillo,2,3,TIRO3,FALLADO,,39,148
130830,14/12/2025,COL,ECU,False,ECU,409167,Ismael,Ibarra,15,3,TIRO2,CONVERTIDO,,158,8
130830,14/12/2025,COL,ECU,True,COL,379759,Matthew,Bernal,7,3,TIRO2,FALLADO,,130,33
130830,14/12/2025,COL,ECU,True,COL,400857,Leonardo,Restrepo,5,3,TIRO3,FALLADO,,235,139
130830,14/12/2025,COL,ECU,True,COL,379759,Matthew,Bernal,7,3,TIRO3,FALLADO,,268,47
130830,14/12/2025,COL,ECU,False,ECU,379507,Juan,Castillo,2,3,TIRO3,FALLADO,,25,141
130830,14/12/2025,COL,ECU,True,COL,409480,Santiago,Rios,32,3,TIRO3,FALLADO,,40,148
130830,14/12/2025,COL,ECU,False,ECU,379507,Juan,Castillo,2,3,TIRO3,CONVERTIDO,,247,133
130830,14/12/2025,COL,ECU,False,ECU,379509,Lheyder,Vargas,48,3,TIRO3,FALLADO,,51,148
130830,14/12/2025,COL,ECU,False,ECU,379507,Juan,Castillo,2,3,TIRO3,FALLADO,,262,109
130830,14/12/2025,COL,ECU,True,COL,400857,Leonardo,Restrepo,5,3,TIRO2,CONVERTIDO,,141,16
130830,14/12/2025,COL,ECU,False,ECU,409161,Michael,Cevallos,1,3,TIRO3,FALLADO,,270,75
130830,14/12/2025,COL,ECU,True,COL,400857,Leonardo,Restrepo,5,3,TIRO3,CONVERTIDO,,60,165
130830,14/12/2025,COL,ECU,False,ECU,379507,Juan,Castillo,2,3,TIRO3,FALLADO,,26,114
130830,14/12/2025,COL,ECU,True,COL,409482,Alejandro,Sanchez,4,3,TIRO2,FALLADO,,178,38
130830,14/12/2025,COL,ECU,True,COL,409484,Ezekiel,Suarez,8,3,TIRO2,CONVERTIDO,,198,101
130830,14/12/2025,COL,ECU,False,ECU,379506,Jeremy,Corozo,32,3,TIRO2,FALLADO,,156,13
130830,14/12/2025,COL,ECU,False,ECU,409167,Ismael,Ibarra,15,3,TIRO2,CONVERTIDO,,163,21
130830,14/12/2025,COL,ECU,False,ECU,409167,Ismael,Ibarra,15,3,TIRO1,CONVERTIDO,,0,0
130830,14/12/2025,COL,ECU,True,COL,409480,Santiago,Rios,32,3,TIRO3,FALLADO,,235,139
130830,14/12/2025,COL,ECU,True,COL,400857,Leonardo,Restrepo,5,3,TIRO3,FALLADO,,118,205
130830,14/12/2025,COL,ECU,False,ECU,409161,Michael,Cevallos,1,4,TIRO2,FALLADO,,141,21
130830,14/12/2025,COL,ECU,False,ECU,379506,Jeremy,Corozo,32,4,TIRO3,FALLADO,,20,118
130830,14/12/2025,COL,ECU,True,COL,400857,Leonardo,Restrepo,5,4,TIRO3,FALLADO,,40,143
130830,14/12/2025,COL,ECU,True,COL,400857,Leonardo,Restrepo,5,4,TIRO3,CONVERTIDO,,111,189
130830,14/12/2025,COL,ECU,False,ECU,379509,Lheyder,Vargas,48,4,TIRO2,FALLADO,,154,23
130830,14/12/2025,COL,ECU,False,ECU,379509,Lheyder,Vargas,48,4,TIRO2,FALLADO,,185,36
130830,14/12/2025,COL,ECU,True,COL,332119,Andres,Hernandez,24,4,TIRO2,CONVERTIDO,,89,91
130830,14/12/2025,COL,ECU,True,COL,409477,Yansem,Caicedo,14,4,TIRO2,FALLADO,,221,78
130830,14/12/2025,COL,ECU,False,ECU,379770,Adair,Quiñonez,23,4,TIRO2,FALLADO,,156,29
130830,14/12/2025,COL,ECU,True,COL,379759,Matthew,Bernal,7,4,TIRO2,FALLADO,,130,45
130830,14/12/2025,COL,ECU,True,COL,409483,Julian,Betancurt,59,4,TIRO2,FALLADO,,124,61
130830,14/12/2025,COL,ECU,False,ECU,409161,Michael,Cevallos,1,4,TIRO1,CONVERTIDO,,0,0
130830,14/12/2025,COL,ECU,False,ECU,409161,Michael,Cevallos,1,4,TIRO1,CONVERTIDO,,0,0
130830,14/12/2025,COL,ECU,True,COL,409478,Salomon,Brown,6,4,TIRO2,FALLADO,,123,19
130830,14/12/2025,COL,ECU,True,COL,400857,Leonardo,Restrepo,5,4,TIRO2,FALLADO,,204,73
130830,14/12/2025,COL,ECU,True,COL,379759,Matthew,Bernal,7,4,TIRO2,FALLADO,,119,47
130830,14/12/2025,COL,ECU,True,COL,400857,Leonardo,Restrepo,5,4,TIRO3,FALLADO,,230,157
130830,14/12/2025,COL,ECU,True,COL,409478,Salomon,Brown,6,4,TIRO1,FALLADO,,0,0
130830,14/12/2025,COL,ECU,True,COL,409478,Salomon,Brown,6,4,TIRO1,FALLADO,,0,0
130830,14/12/2025,COL,ECU,False,ECU,409161,Michael,Cevallos,1,4,TIRO3,FALLADO,,273,21
130830,14/12/2025,COL,ECU,True,COL,409477,Yansem,Caicedo,14,4,TIRO3,CONVERTIDO,,250,124
130830,14/12/2025,COL,ECU,False,ECU,409161,Michael,Cevallos,1,4,TIRO1,FALLADO,,0,0
130830,14/12/2025,COL,ECU,False,ECU,409161,Michael,Cevallos,1,4,TIRO1,FALLADO,,0,0
130830,14/12/2025,COL,ECU,False,ECU,379507,Juan,Castillo,2,4,TIRO2,FALLADO,,107,48
130830,14/12/2025,COL,ECU,True,COL,400857,Leonardo,Restrepo,5,4,TIRO3,FALLADO,,45,156
130830,14/12/2025,COL,ECU,False,ECU,409169,Felipe,Noboa,14,4,TIRO3,FALLADO,,270,13
130830,14/12/2025,COL,ECU,True,COL,409483,Julian,Betancurt,59,4,TIRO2,CONVERTIDO,,120,29
130830,14/12/2025,COL,ECU,False,ECU,409161,Michael,Cevallos,1,4,TIRO3,CONVERTIDO,,39,152
130830,14/12/2025,COL,ECU,True,COL,409477,Yansem,Caicedo,14,4,TIRO2,CONVERTIDO,,165,58
130830,14/12/2025,COL,ECU,False,ECU,409013,José,Daza,7,4,TIRO1,FALLADO,,0,0
130830,14/12/2025,COL,ECU,False,ECU,409013,José,Daza,7,4,TIRO1,CONVERTIDO,,0,0
130830,14/12/2025,COL,ECU,True,COL,379759,Matthew,Bernal,7,4,TIRO2,FALLADO,,176,67
130830,14/12/2025,COL,ECU,False,ECU,409013,José,Daza,7,4,TIRO2,FALLADO,,155,25
130830,14/12/2025,COL,ECU,False,ECU,409013,José,Daza,7,4,TIRO2,FALLADO,,140,31
130830,14/12/2025,COL,ECU,False,ECU,409013,José,Daza,7,4,TIRO2,FALLADO,,160,27
130830,14/12/2025,COL,ECU,True,COL,400857,Leonardo,Restrepo,5,4,TIRO1,CONVERTIDO,,0,0
130830,14/12/2025,COL,ECU,True,COL,400857,Leonardo,Restrepo,5,4,TIRO1,CONVERTIDO,,0,0
130830,14/12/2025,COL,ECU,False,ECU,379507,Juan,Castillo,2,4,TIRO2,FALLADO,,155,30
130830,14/12/2025,COL,ECU,True,COL,409477,Yansem,Caicedo,14,4,TIRO3,FALLADO,,194,168
130830,14/12/2025,COL,ECU,True,COL,409478,Salomon,Brown,6,4,TIRO2,CONVERTIDO,,138,87
130830,14/12/2025,COL,ECU,False,ECU,409161,Michael,Cevallos,1,4,TIRO2,FALLADO,,141,22
130830,14/12/2025,COL,ECU,False,ECU,379507,Juan,Castillo,2,4,TIRO3,CONVERTIDO,,252,120
130830,14/12/2025,COL,ECU,False,ECU,379507,Juan,Castillo,2,4,TIRO1,FALLADO,,0,0
130830,14/12/2025,COL,ECU,False,ECU,379507,Juan,Castillo,2,4,TIRO1,CONVERTIDO,,0,0
130830,14/12/2025,COL,ECU,True,COL,400857,Leonardo,Restrepo,5,4,TIRO3,CONVERTIDO,,206,157
130830,14/12/2025,COL,ECU,False,ECU,379770,Adair,Quiñonez,23,4,TIRO1,CONVERTIDO,,0,0
130830,14/12/2025,COL,ECU,False,ECU,379770,Adair,Quiñonez,23,4,TIRO1,CONVERTIDO,,0,0
130830,14/12/2025,COL,ECU,True,COL,400857,Leonardo,Restrepo,5,4,TIRO3,FALLADO,,26,176
130831,14/12/2025,PAR,CHI,True,PAR,409401,Nestor,Gonzalez,21,1,TIRO2,FALLADO,,234,43
130831,14/12/2025,PAR,CHI,True,PAR,331730,Alejandro,Talavera,6,1,TIRO2,FALLADO,,205,99
130831,14/12/2025,PAR,CHI,True,PAR,331739,Mauricio,Escurra,14,1,TIRO3,FALLADO,,111,174
130831,14/12/2025,PAR,CHI,False,CHI,331346,Francisco,Saravia,10,1,TIRO2,FALLADO,,122,36
130831,14/12/2025,PAR,CHI,False,CHI,409016,Mathias,Hitschfeld,4,1,TIRO2,FALLADO,,146,34
130831,14/12/2025,PAR,CHI,True,PAR,331730,Alejandro,Talavera,6,1,TIRO3,CONVERTIDO,,217,156
130831,14/12/2025,PAR,CHI,False,CHI,409018,Mateo,Velásquez,15,1,TIRO3,FALLADO,,28,157
130831,14/12/2025,PAR,CHI,False,CHI,331346,Francisco,Saravia,10,1,TIRO3,FALLADO,,133,178
130831,14/12/2025,PAR,CHI,True,PAR,331739,Mauricio,Escurra,14,1,TIRO3,FALLADO,,12,42
130831,14/12/2025,PAR,CHI,False,CHI,377876,Tomas,La Rivera,2,1,TIRO3,FALLADO,,0,78
130831,14/12/2025,PAR,CHI,True,PAR,409401,Nestor,Gonzalez,21,1,TIRO3,FALLADO,,77,163
130831,14/12/2025,PAR,CHI,False,CHI,331346,Francisco,Saravia,10,1,TIRO2,CONVERTIDO,,71,63
130831,14/12/2025,PAR,CHI,False,CHI,356339,Maximiliano,Quezada,17,1,TIRO2,FALLADO,,131,25
130831,14/12/2025,PAR,CHI,True,PAR,331738,Luis,Vera,5,1,TIRO3,FALLADO,,140,167
130831,14/12/2025,PAR,CHI,False,CHI,331346,Francisco,Saravia,10,1,TIRO3,FALLADO,,198,165
130831,14/12/2025,PAR,CHI,True,PAR,331738,Luis,Vera,5,1,TIRO2,CONVERTIDO,,146,13
130831,14/12/2025,PAR,CHI,False,CHI,409016,Mathias,Hitschfeld,4,1,TIRO3,FALLADO,,51,155
130831,14/12/2025,PAR,CHI,True,PAR,331739,Mauricio,Escurra,14,1,TIRO2,CONVERTIDO,,159,10
130831,14/12/2025,PAR,CHI,False,CHI,331346,Francisco,Saravia,10,1,TIRO3,FALLADO,,219,143
130831,14/12/2025,PAR,CHI,True,PAR,409403,Richard,Hachen,15,1,TIRO2,CONVERTIDO,,140,25
130831,14/12/2025,PAR,CHI,True,PAR,331738,Luis,Vera,5,1,TIRO3,FALLADO,,159,187
130831,14/12/2025,PAR,CHI,True,PAR,409403,Richard,Hachen,15,1,TIRO2,CONVERTIDO,,149,33
130831,14/12/2025,PAR,CHI,True,PAR,331730,Alejandro,Talavera,6,1,TIRO3,CONVERTIDO,,46,134
130831,14/12/2025,PAR,CHI,False,CHI,409017,Pedro,Donoso,11,1,TIRO2,CONVERTIDO,,123,57
130831,14/12/2025,PAR,CHI,True,PAR,409402,Roberto,Radice,3,1,TIRO2,CONVERTIDO,,142,19
130831,14/12/2025,PAR,CHI,False,CHI,329193,Agustin,Echeverria,8,1,TIRO3,CONVERTIDO,,7,91
130831,14/12/2025,PAR,CHI,True,PAR,409403,Richard,Hachen,15,1,TIRO2,FALLADO,,181,40
130831,14/12/2025,PAR,CHI,True,PAR,331730,Alejandro,Talavera,6,1,TIRO3,CONVERTIDO,,46,137
130831,14/12/2025,PAR,CHI,False,CHI,378907,Luis,Musrri,0,1,TIRO2,CONVERTIDO,,130,20
130831,14/12/2025,PAR,CHI,False,CHI,378907,Luis,Musrri,0,1,TIRO1,CONVERTIDO,,0,0
130831,14/12/2025,PAR,CHI,False,CHI,378907,Luis,Musrri,0,1,TIRO1,CONVERTIDO,,0,0
130831,14/12/2025,PAR,CHI,True,PAR,331739,Mauricio,Escurra,14,1,TIRO3,FALLADO,,12,66
130831,14/12/2025,PAR,CHI,True,PAR,379238,Juan,Vazquez,9,1,TIRO2,FALLADO,,130,13
130831,14/12/2025,PAR,CHI,True,PAR,331739,Mauricio,Escurra,14,1,TIRO2,FALLADO,,120,18
130831,14/12/2025,PAR,CHI,True,PAR,331739,Mauricio,Escurra,14,1,TIRO2,FALLADO,,137,22
130831,14/12/2025,PAR,CHI,False,CHI,329193,Agustin,Echeverria,8,1,TIRO3,FALLADO,,265,149
130831,14/12/2025,PAR,CHI,False,CHI,356339,Maximiliano,Quezada,17,2,TIRO2,CONVERTIDO,,138,60
130831,14/12/2025,PAR,CHI,True,PAR,409402,Roberto,Radice,3,2,TIRO1,CONVERTIDO,,0,0
130831,14/12/2025,PAR,CHI,True,PAR,409402,Roberto,Radice,3,2,TIRO1,CONVERTIDO,,0,0
130831,14/12/2025,PAR,CHI,False,CHI,356339,Maximiliano,Quezada,17,2,TIRO2,CONVERTIDO,,108,27
130831,14/12/2025,PAR,CHI,False,CHI,331346,Francisco,Saravia,10,2,TIRO1,FALLADO,,0,0
130831,14/12/2025,PAR,CHI,False,CHI,331346,Francisco,Saravia,10,2,TIRO1,CONVERTIDO,,0,0
130831,14/12/2025,PAR,CHI,False,CHI,329193,Agustin,Echeverria,8,2,TIRO2,FALLADO,,102,125
130831,14/12/2025,PAR,CHI,False,CHI,377876,Tomas,La Rivera,2,2,TIRO3,FALLADO,,134,175
130831,14/12/2025,PAR,CHI,True,PAR,409401,Nestor,Gonzalez,21,2,TIRO1,FALLADO,,0,0
130831,14/12/2025,PAR,CHI,True,PAR,409401,Nestor,Gonzalez,21,2,TIRO1,CONVERTIDO,,0,0
130831,14/12/2025,PAR,CHI,False,CHI,350728,Pedro,Stuardo,9,2,TIRO3,FALLADO,,4,49
130831,14/12/2025,PAR,CHI,False,CHI,329193,Agustin,Echeverria,8,2,TIRO2,FALLADO,,145,16
130831,14/12/2025,PAR,CHI,True,PAR,409401,Nestor,Gonzalez,21,2,TIRO2,CONVERTIDO,,142,26
130831,14/12/2025,PAR,CHI,False,CHI,329193,Agustin,Echeverria,8,2,TIRO3,FALLADO,,55,175
130831,14/12/2025,PAR,CHI,True,PAR,331738,Luis,Vera,5,2,TIRO3,FALLADO,,32,111
130831,14/12/2025,PAR,CHI,True,PAR,409401,Nestor,Gonzalez,21,2,TIRO2,CONVERTIDO,,145,33
130831,14/12/2025,PAR,CHI,False,CHI,331346,Francisco,Saravia,10,2,TIRO2,CONVERTIDO,,142,32
130831,14/12/2025,PAR,CHI,True,PAR,331739,Mauricio,Escurra,14,2,TIRO3,FALLADO,,45,137
130831,14/12/2025,PAR,CHI,False,CHI,331346,Francisco,Saravia,10,2,TIRO3,CONVERTIDO,,81,170
130831,14/12/2025,PAR,CHI,True,PAR,331730,Alejandro,Talavera,6,2,TIRO1,CONVERTIDO,,0,0
130831,14/12/2025,PAR,CHI,True,PAR,409401,Nestor,Gonzalez,21,2,TIRO2,CONVERTIDO,,140,110
130831,14/12/2025,PAR,CHI,False,CHI,377876,Tomas,La Rivera,2,2,TIRO3,FALLADO,,241,143
130831,14/12/2025,PAR,CHI,False,CHI,350728,Pedro,Stuardo,9,2,TIRO3,FALLADO,,165,169
130831,14/12/2025,PAR,CHI,False,CHI,331346,Francisco,Saravia,10,2,TIRO2,CONVERTIDO,,124,25
130831,14/12/2025,PAR,CHI,True,PAR,409402,Roberto,Radice,3,2,TIRO3,CONVERTIDO,,260,99
130831,14/12/2025,PAR,CHI,False,CHI,331346,Francisco,Saravia,10,2,TIRO2,FALLADO,,152,61
130831,14/12/2025,PAR,CHI,True,PAR,409401,Nestor,Gonzalez,21,2,TIRO1,CONVERTIDO,,0,0
130831,14/12/2025,PAR,CHI,True,PAR,409401,Nestor,Gonzalez,21,2,TIRO1,CONVERTIDO,,0,0
130831,14/12/2025,PAR,CHI,False,CHI,409016,Mathias,Hitschfeld,4,2,TIRO3,CONVERTIDO,,267,29
130831,14/12/2025,PAR,CHI,True,PAR,379238,Juan,Vazquez,9,2,TIRO3,FALLADO,,12,27
130831,14/12/2025,PAR,CHI,False,CHI,350728,Pedro,Stuardo,9,2,TIRO3,FALLADO,,220,155
130831,14/12/2025,PAR,CHI,False,CHI,331346,Francisco,Saravia,10,2,TIRO3,FALLADO,,267,60
130831,14/12/2025,PAR,CHI,False,CHI,409018,Mateo,Velásquez,15,2,TIRO2,FALLADO,,85,107
130831,14/12/2025,PAR,CHI,True,PAR,409401,Nestor,Gonzalez,21,2,TIRO1,FALLADO,,0,0
130831,14/12/2025,PAR,CHI,True,PAR,409401,Nestor,Gonzalez,21,2,TIRO1,CONVERTIDO,,0,0
130831,14/12/2025,PAR,CHI,True,PAR,409402,Roberto,Radice,3,2,TIRO2,FALLADO,,155,33
130831,14/12/2025,PAR,CHI,True,PAR,409402,Roberto,Radice,3,2,TIRO1,FALLADO,,0,0
130831,14/12/2025,PAR,CHI,True,PAR,409402,Roberto,Radice,3,2,TIRO1,CONVERTIDO,,0,0
130831,14/12/2025,PAR,CHI,True,PAR,409401,Nestor,Gonzalez,21,2,TIRO2,FALLADO,,84,35
130831,14/12/2025,PAR,CHI,False,CHI,378907,Luis,Musrri,0,2,TIRO2,CONVERTIDO,,139,42
130831,14/12/2025,PAR,CHI,True,PAR,331739,Mauricio,Escurra,14,2,TIRO3,CONVERTIDO,,20,127
130831,14/12/2025,PAR,CHI,False,CHI,409016,Mathias,Hitschfeld,4,2,TIRO3,CONVERTIDO,,264,180
130831,14/12/2025,PAR,CHI,True,PAR,409402,Roberto,Radice,3,3,TIRO3,CONVERTIDO,,133,192
130831,14/12/2025,PAR,CHI,True,PAR,409402,Roberto,Radice,3,3,TIRO1,CONVERTIDO,,0,0
130831,14/12/2025,PAR,CHI,False,CHI,350728,Pedro,Stuardo,9,3,TIRO2,FALLADO,,141,22
130831,14/12/2025,PAR,CHI,True,PAR,409401,Nestor,Gonzalez,21,3,TIRO2,FALLADO,,206,22
130831,14/12/2025,PAR,CHI,True,PAR,409401,Nestor,Gonzalez,21,3,TIRO2,FALLADO,,58,29
130831,14/12/2025,PAR,CHI,True,PAR,331738,Luis,Vera,5,3,TIRO2,CONVERTIDO,,140,31
130831,14/12/2025,PAR,CHI,False,CHI,331346,Francisco,Saravia,10,3,TIRO1,CONVERTIDO,,0,0
130831,14/12/2025,PAR,CHI,False,CHI,331346,Francisco,Saravia,10,3,TIRO1,CONVERTIDO,,0,0
130831,14/12/2025,PAR,CHI,False,CHI,331346,Francisco,Saravia,10,3,TIRO1,CONVERTIDO,,0,0
130831,14/12/2025,PAR,CHI,False,CHI,331346,Francisco,Saravia,10,3,TIRO1,CONVERTIDO,,0,0
130831,14/12/2025,PAR,CHI,True,PAR,331730,Alejandro,Talavera,6,3,TIRO3,CONVERTIDO,,48,177
130831,14/12/2025,PAR,CHI,False,CHI,377876,Tomas,La Rivera,2,3,TIRO2,FALLADO,,84,101
130831,14/12/2025,PAR,CHI,True,PAR,331739,Mauricio,Escurra,14,3,TIRO3,FALLADO,,15,84
130831,14/12/2025,PAR,CHI,False,CHI,409016,Mathias,Hitschfeld,4,3,TIRO1,CONVERTIDO,,0,0
130831,14/12/2025,PAR,CHI,False,CHI,409016,Mathias,Hitschfeld,4,3,TIRO1,CONVERTIDO,,0,0
130831,14/12/2025,PAR,CHI,True,PAR,331730,Alejandro,Talavera,6,3,TIRO3,FALLADO,,7,51
130831,14/12/2025,PAR,CHI,True,PAR,331739,Mauricio,Escurra,14,3,TIRO3,FALLADO,,15,73
130831,14/12/2025,PAR,CHI,False,CHI,331346,Francisco,Saravia,10,3,TIRO3,CONVERTIDO,,65,158
130831,14/12/2025,PAR,CHI,True,PAR,409401,Nestor,Gonzalez,21,3,TIRO3,FALLADO,,54,143
130831,14/12/2025,PAR,CHI,False,CHI,409016,Mathias,Hitschfeld,4,3,TIRO1,CONVERTIDO,,0,0
130831,14/12/2025,PAR,CHI,False,CHI,409016,Mathias,Hitschfeld,4,3,TIRO1,CONVERTIDO,,0,0
130831,14/12/2025,PAR,CHI,False,CHI,331346,Francisco,Saravia,10,3,TIRO3,FALLADO,,149,197
130831,14/12/2025,PAR,CHI,True,PAR,331738,Luis,Vera,5,3,TIRO3,FALLADO,,70,157
130831,14/12/2025,PAR,CHI,False,CHI,409016,Mathias,Hitschfeld,4,3,TIRO1,CONVERTIDO,,0,0
130831,14/12/2025,PAR,CHI,False,CHI,409016,Mathias,Hitschfeld,4,3,TIRO1,CONVERTIDO,,0,0
130831,14/12/2025,PAR,CHI,True,PAR,409401,Nestor,Gonzalez,21,3,TIRO2,CONVERTIDO,,118,25
130831,14/12/2025,PAR,CHI,False,CHI,350728,Pedro,Stuardo,9,3,TIRO1,CONVERTIDO,,0,0
130831,14/12/2025,PAR,CHI,False,CHI,350728,Pedro,Stuardo,9,3,TIRO1,CONVERTIDO,,0,0
130831,14/12/2025,PAR,CHI,False,CHI,393122,Gabriel,Pachano,1,3,TIRO3,FALLADO,,38,128
130831,14/12/2025,PAR,CHI,False,CHI,331346,Francisco,Saravia,10,3,TIRO2,CONVERTIDO,,140,31
130831,14/12/2025,PAR,CHI,True,PAR,401331,Maximiliano,Gimenez,34,3,TIRO2,CONVERTIDO,,115,38
130831,14/12/2025,PAR,CHI,False,CHI,331346,Francisco,Saravia,10,3,TIRO3,FALLADO,,213,169
130831,14/12/2025,PAR,CHI,True,PAR,331730,Alejandro,Talavera,6,3,TIRO3,CONVERTIDO,,134,188
130831,14/12/2025,PAR,CHI,False,CHI,409016,Mathias,Hitschfeld,4,3,TIRO2,CONVERTIDO,,168,12
130831,14/12/2025,PAR,CHI,True,PAR,379238,Juan,Vazquez,9,3,TIRO2,CONVERTIDO,,115,12
130831,14/12/2025,PAR,CHI,True,PAR,409401,Nestor,Gonzalez,21,3,TIRO2,FALLADO,,133,33
130831,14/12/2025,PAR,CHI,False,CHI,393122,Gabriel,Pachano,1,3,TIRO2,FALLADO,,171,33
130831,14/12/2025,PAR,CHI,False,CHI,356339,Maximiliano,Quezada,17,3,TIRO2,CONVERTIDO,,160,31
130831,14/12/2025,PAR,CHI,False,CHI,356339,Maximiliano,Quezada,17,3,TIRO1,CONVERTIDO,,0,0
130831,14/12/2025,PAR,CHI,False,CHI,331346,Francisco,Saravia,10,3,TIRO3,FALLADO,,28,122
130831,14/12/2025,PAR,CHI,False,CHI,393122,Gabriel,Pachano,1,3,TIRO3,CONVERTIDO,,228,147
130831,14/12/2025,PAR,CHI,False,CHI,393122,Gabriel,Pachano,1,3,TIRO1,CONVERTIDO,,0,0
130831,14/12/2025,PAR,CHI,True,PAR,331739,Mauricio,Escurra,14,3,TIRO2,CONVERTIDO,,115,16
130831,14/12/2025,PAR,CHI,False,CHI,377876,Tomas,La Rivera,2,3,TIRO2,FALLADO,,229,30
130831,14/12/2025,PAR,CHI,False,CHI,409018,Mateo,Velásquez,15,3,TIRO2,CONVERTIDO,,144,31
130831,14/12/2025,PAR,CHI,True,PAR,331730,Alejandro,Talavera,6,3,TIRO2,FALLADO,,112,33
130831,14/12/2025,PAR,CHI,True,PAR,331730,Alejandro,Talavera,6,3,TIRO2,FALLADO,,122,38
130831,14/12/2025,PAR,CHI,True,PAR,331738,Luis,Vera,5,3,TIRO1,CONVERTIDO,,0,0
130831,14/12/2025,PAR,CHI,True,PAR,331738,Luis,Vera,5,3,TIRO1,CONVERTIDO,,0,0
130831,14/12/2025,PAR,CHI,False,CHI,409018,Mateo,Velásquez,15,3,TIRO3,FALLADO,,14,163
130831,14/12/2025,PAR,CHI,False,CHI,331346,Francisco,Saravia,10,4,TIRO2,FALLADO,,119,42
130831,14/12/2025,PAR,CHI,True,PAR,331738,Luis,Vera,5,4,TIRO3,FALLADO,,233,147
130831,14/12/2025,PAR,CHI,True,PAR,331730,Alejandro,Talavera,6,4,TIRO2,FALLADO,,118,71
130831,14/12/2025,PAR,CHI,False,CHI,409018,Mateo,Velásquez,15,4,TIRO3,FALLADO,,223,149
130831,14/12/2025,PAR,CHI,True,PAR,331738,Luis,Vera,5,4,TIRO2,FALLADO,,162,47
130831,14/12/2025,PAR,CHI,False,CHI,331346,Francisco,Saravia,10,4,TIRO2,CONVERTIDO,,210,26
130831,14/12/2025,PAR,CHI,False,CHI,331346,Francisco,Saravia,10,4,TIRO3,FALLADO,,129,180
130831,14/12/2025,PAR,CHI,True,PAR,409401,Nestor,Gonzalez,21,4,TIRO2,FALLADO,,136,25
130831,14/12/2025,PAR,CHI,False,CHI,331346,Francisco,Saravia,10,4,TIRO2,CONVERTIDO,,136,45
130831,14/12/2025,PAR,CHI,False,CHI,350728,Pedro,Stuardo,9,4,TIRO2,FALLADO,,142,27
130831,14/12/2025,PAR,CHI,False,CHI,350728,Pedro,Stuardo,9,4,TIRO2,CONVERTIDO,,140,31
130831,14/12/2025,PAR,CHI,False,CHI,350728,Pedro,Stuardo,9,4,TIRO3,FALLADO,,152,180
130831,14/12/2025,PAR,CHI,False,CHI,331346,Francisco,Saravia,10,4,TIRO2,CONVERTIDO,,148,30
130831,14/12/2025,PAR,CHI,False,CHI,331346,Francisco,Saravia,10,4,TIRO2,FALLADO,,159,20
130831,14/12/2025,PAR,CHI,True,PAR,409401,Nestor,Gonzalez,21,4,TIRO1,CONVERTIDO,,0,0
130831,14/12/2025,PAR,CHI,True,PAR,409401,Nestor,Gonzalez,21,4,TIRO1,CONVERTIDO,,0,0
130831,14/12/2025,PAR,CHI,False,CHI,393122,Gabriel,Pachano,1,4,TIRO3,FALLADO,,264,105
130831,14/12/2025,PAR,CHI,True,PAR,331730,Alejandro,Talavera,6,4,TIRO3,CONVERTIDO,,51,182
130831,14/12/2025,PAR,CHI,False,CHI,331346,Francisco,Saravia,10,4,TIRO2,CONVERTIDO,,168,16
130831,14/12/2025,PAR,CHI,True,PAR,331739,Mauricio,Escurra,14,4,TIRO2,FALLADO,,134,22
130831,14/12/2025,PAR,CHI,False,CHI,331346,Francisco,Saravia,10,4,TIRO3,FALLADO,,247,165
130831,14/12/2025,PAR,CHI,False,CHI,350728,Pedro,Stuardo,9,4,TIRO2,CONVERTIDO,,144,30
130831,14/12/2025,PAR,CHI,True,PAR,409402,Roberto,Radice,3,4,TIRO2,CONVERTIDO,,101,117
130831,14/12/2025,PAR,CHI,False,CHI,393122,Gabriel,Pachano,1,4,TIRO2,FALLADO,,190,112
130831,14/12/2025,PAR,CHI,True,PAR,409402,Roberto,Radice,3,4,TIRO3,CONVERTIDO,,7,25
130831,14/12/2025,PAR,CHI,True,PAR,331739,Mauricio,Escurra,14,4,TIRO2,FALLADO,,133,19
130831,14/12/2025,PAR,CHI,False,CHI,393122,Gabriel,Pachano,1,4,TIRO3,FALLADO,,271,23
130831,14/12/2025,PAR,CHI,True,PAR,331730,Alejandro,Talavera,6,4,TIRO3,CONVERTIDO,,239,130
130831,14/12/2025,PAR,CHI,False,CHI,331346,Francisco,Saravia,10,4,TIRO2,CONVERTIDO,,167,14
130831,14/12/2025,PAR,CHI,True,PAR,331739,Mauricio,Escurra,14,4,TIRO3,FALLADO,,267,25
130831,14/12/2025,PAR,CHI,False,CHI,331346,Francisco,Saravia,10,4,TIRO1,CONVERTIDO,,0,0
130831,14/12/2025,PAR,CHI,False,CHI,331346,Francisco,Saravia,10,4,TIRO1,FALLADO,,0,0
130831,14/12/2025,PAR,CHI,True,PAR,331739,Mauricio,Escurra,14,4,TIRO2,CONVERTIDO,,130,37
130831,14/12/2025,PAR,CHI,False,CHI,409016,Mathias,Hitschfeld,4,4,TIRO2,FALLADO,,135,33
130831,14/12/2025,PAR,CHI,False,CHI,350728,Pedro,Stuardo,9,4,TIRO2,FALLADO,,160,36
130831,14/12/2025,PAR,CHI,False,CHI,350728,Pedro,Stuardo,9,4,TIRO1,FALLADO,,0,0
130831,14/12/2025,PAR,CHI,False,CHI,350728,Pedro,Stuardo,9,4,TIRO1,FALLADO,,0,0
130831,14/12/2025,PAR,CHI,True,PAR,331739,Mauricio,Escurra,14,4,TIRO1,FALLADO,,0,0
130831,14/12/2025,PAR,CHI,True,PAR,331739,Mauricio,Escurra,14,4,TIRO1,FALLADO,,0,0
130832,14/12/2025,VEN,URU,False,URU,329851,Nicolas,Testa,11,1,TIRO2,CONVERTIDO,,153,36
130832,14/12/2025,VEN,URU,True,VEN,390925,Jose,Lara,7,1,TIRO2,CONVERTIDO,,125,35
130832,14/12/2025,VEN,URU,False,URU,329851,Nicolas,Testa,11,1,TIRO3,FALLADO,,221,147
130832,14/12/2025,VEN,URU,False,URU,407401,Lucas,Orozco,22,1,TIRO2,CONVERTIDO,,167,34
130832,14/12/2025,VEN,URU,True,VEN,378576,Williams,Anillo,18,1,TIRO2,CONVERTIDO,,156,40
130832,14/12/2025,VEN,URU,False,URU,407501,Facundo,Izuibejeres,5,1,TIRO2,CONVERTIDO,,118,120
130832,14/12/2025,VEN,URU,True,VEN,378579,Deiker,Torres,2,1,TIRO2,FALLADO,,51,66
130832,14/12/2025,VEN,URU,False,URU,407936,Lautaro,Gomez,10,1,TIRO1,CONVERTIDO,,0,0
130832,14/12/2025,VEN,URU,False,URU,407936,Lautaro,Gomez,10,1,TIRO1,CONVERTIDO,,0,0
130832,14/12/2025,VEN,URU,True,VEN,378577,Kevin,Gutierrez,14,1,TIRO1,FALLADO,,0,0
130832,14/12/2025,VEN,URU,True,VEN,378577,Kevin,Gutierrez,14,1,TIRO1,CONVERTIDO,,0,0
130832,14/12/2025,VEN,URU,False,URU,407936,Lautaro,Gomez,10,1,TIRO2,CONVERTIDO,,134,41
130832,14/12/2025,VEN,URU,True,VEN,390925,Jose,Lara,7,1,TIRO2,FALLADO,,128,36
130832,14/12/2025,VEN,URU,False,URU,407936,Lautaro,Gomez,10,1,TIRO2,CONVERTIDO,,153,26
130832,14/12/2025,VEN,URU,True,VEN,378577,Kevin,Gutierrez,14,1,TIRO2,CONVERTIDO,,128,23
130832,14/12/2025,VEN,URU,True,VEN,356334,Diego,Soto,26,1,TIRO2,FALLADO,,170,48
130832,14/12/2025,VEN,URU,True,VEN,378576,Williams,Anillo,18,1,TIRO3,FALLADO,,270,43
130832,14/12/2025,VEN,URU,True,VEN,390925,Jose,Lara,7,1,TIRO1,CONVERTIDO,,0,0
130832,14/12/2025,VEN,URU,True,VEN,390925,Jose,Lara,7,1,TIRO1,FALLADO,,0,0
130832,14/12/2025,VEN,URU,True,VEN,378574,Julio,Vasquez,3,1,TIRO2,FALLADO,,141,36
130832,14/12/2025,VEN,URU,False,URU,407647,Gabriel,Fata,19,1,TIRO3,CONVERTIDO,,18,83
130832,14/12/2025,VEN,URU,True,VEN,390925,Jose,Lara,7,1,TIRO2,FALLADO,,126,44
130832,14/12/2025,VEN,URU,True,VEN,378577,Kevin,Gutierrez,14,1,TIRO2,CONVERTIDO,,140,31
130832,14/12/2025,VEN,URU,True,VEN,409363,Richard,Segovia,4,1,TIRO2,CONVERTIDO,,145,28
130832,14/12/2025,VEN,URU,True,VEN,356334,Diego,Soto,26,1,TIRO2,FALLADO,,170,44
130832,14/12/2025,VEN,URU,False,URU,407647,Gabriel,Fata,19,1,TIRO3,FALLADO,,129,164
130832,14/12/2025,VEN,URU,True,VEN,409363,Richard,Segovia,4,1,TIRO3,CONVERTIDO,,269,43
130832,14/12/2025,VEN,URU,False,URU,324131,Federico,Cruz,8,1,TIRO2,CONVERTIDO,,130,33
130832,14/12/2025,VEN,URU,True,VEN,378577,Kevin,Gutierrez,14,1,TIRO3,FALLADO,,212,145
130832,14/12/2025,VEN,URU,False,URU,324131,Federico,Cruz,8,1,TIRO2,CONVERTIDO,,155,35
130832,14/12/2025,VEN,URU,True,VEN,356334,Diego,Soto,26,1,TIRO1,CONVERTIDO,,0,0
130832,14/12/2025,VEN,URU,True,VEN,356334,Diego,Soto,26,1,TIRO1,FALLADO,,0,0
130832,14/12/2025,VEN,URU,False,URU,324131,Federico,Cruz,8,1,TIRO1,CONVERTIDO,,0,0
130832,14/12/2025,VEN,URU,False,URU,324131,Federico,Cruz,8,1,TIRO1,CONVERTIDO,,0,0
130832,14/12/2025,VEN,URU,True,VEN,378577,Kevin,Gutierrez,14,1,TIRO2,CONVERTIDO,,126,40
130832,14/12/2025,VEN,URU,True,VEN,378577,Kevin,Gutierrez,14,1,TIRO1,CONVERTIDO,,0,0
130832,14/12/2025,VEN,URU,False,URU,375744,Manuel,Pastrana,4,1,TIRO3,FALLADO,,35,126
130832,14/12/2025,VEN,URU,False,URU,407647,Gabriel,Fata,19,1,TIRO3,FALLADO,,270,30
130832,14/12/2025,VEN,URU,True,VEN,409363,Richard,Segovia,4,1,TIRO3,CONVERTIDO,,270,59
130832,14/12/2025,VEN,URU,True,VEN,378574,Julio,Vasquez,3,1,TIRO2,CONVERTIDO,,152,27
130832,14/12/2025,VEN,URU,True,VEN,409363,Richard,Segovia,4,1,TIRO3,CONVERTIDO,,84,147
130832,14/12/2025,VEN,URU,False,URU,407501,Facundo,Izuibejeres,5,1,TIRO2,FALLADO,,67,115
130832,14/12/2025,VEN,URU,True,VEN,409360,Juan,Perdomo,9,2,TIRO3,CONVERTIDO,,268,27
130832,14/12/2025,VEN,URU,False,URU,407501,Facundo,Izuibejeres,5,2,TIRO2,CONVERTIDO,,130,42
130832,14/12/2025,VEN,URU,False,URU,407647,Gabriel,Fata,19,2,TIRO2,FALLADO,,159,37
130832,14/12/2025,VEN,URU,True,VEN,409363,Richard,Segovia,4,2,TIRO1,FALLADO,,0,0
130832,14/12/2025,VEN,URU,False,URU,375744,Manuel,Pastrana,4,2,TIRO1,FALLADO,,0,0
130832,14/12/2025,VEN,URU,False,URU,375744,Manuel,Pastrana,4,2,TIRO1,FALLADO,,0,0
130832,14/12/2025,VEN,URU,False,URU,375744,Manuel,Pastrana,4,2,TIRO3,CONVERTIDO,,9,48
130832,14/12/2025,VEN,URU,False,URU,329851,Nicolas,Testa,11,2,TIRO2,CONVERTIDO,,124,29
130832,14/12/2025,VEN,URU,True,VEN,409363,Richard,Segovia,4,2,TIRO3,FALLADO,,222,167
130832,14/12/2025,VEN,URU,True,VEN,390925,Jose,Lara,7,2,TIRO3,CONVERTIDO,,30,99
130832,14/12/2025,VEN,URU,True,VEN,378574,Julio,Vasquez,3,2,TIRO2,CONVERTIDO,,137,36
130832,14/12/2025,VEN,URU,False,URU,329851,Nicolas,Testa,11,2,TIRO2,CONVERTIDO,,168,29
130832,14/12/2025,VEN,URU,True,VEN,390925,Jose,Lara,7,2,TIRO2,FALLADO,,137,112
130832,14/12/2025,VEN,URU,False,URU,407936,Lautaro,Gomez,10,2,TIRO1,CONVERTIDO,,0,0
130832,14/12/2025,VEN,URU,False,URU,407936,Lautaro,Gomez,10,2,TIRO1,CONVERTIDO,,0,0
130832,14/12/2025,VEN,URU,True,VEN,409363,Richard,Segovia,4,2,TIRO2,FALLADO,,199,98
130832,14/12/2025,VEN,URU,True,VEN,378574,Julio,Vasquez,3,2,TIRO2,FALLADO,,123,133
130832,14/12/2025,VEN,URU,False,URU,329851,Nicolas,Testa,11,2,TIRO3,FALLADO,,224,139
130832,14/12/2025,VEN,URU,True,VEN,390925,Jose,Lara,7,2,TIRO3,CONVERTIDO,,12,48
130832,14/12/2025,VEN,URU,False,URU,375744,Manuel,Pastrana,4,2,TIRO3,FALLADO,,12,56
130832,14/12/2025,VEN,URU,True,VEN,378574,Julio,Vasquez,3,2,TIRO3,CONVERTIDO,,272,25
130832,14/12/2025,VEN,URU,False,URU,329851,Nicolas,Testa,11,2,TIRO2,CONVERTIDO,,153,45
130832,14/12/2025,VEN,URU,True,VEN,409363,Richard,Segovia,4,2,TIRO3,FALLADO,,52,150
130832,14/12/2025,VEN,URU,False,URU,407936,Lautaro,Gomez,10,2,TIRO2,CONVERTIDO,,140,54
130832,14/12/2025,VEN,URU,False,URU,407936,Lautaro,Gomez,10,2,TIRO1,CONVERTIDO,,0,0
130832,14/12/2025,VEN,URU,True,VEN,390925,Jose,Lara,7,2,TIRO2,FALLADO,,120,32
130832,14/12/2025,VEN,URU,False,URU,407936,Lautaro,Gomez,10,2,TIRO2,CONVERTIDO,,157,54
130832,14/12/2025,VEN,URU,True,VEN,390925,Jose,Lara,7,2,TIRO3,FALLADO,,272,43
130832,14/12/2025,VEN,URU,True,VEN,378574,Julio,Vasquez,3,2,TIRO2,FALLADO,,125,23
130832,14/12/2025,VEN,URU,True,VEN,390925,Jose,Lara,7,2,TIRO2,FALLADO,,140,31
130832,14/12/2025,VEN,URU,True,VEN,409358,Samuel,Niño,23,2,TIRO2,FALLADO,,139,45
130832,14/12/2025,VEN,URU,True,VEN,378574,Julio,Vasquez,3,2,TIRO2,FALLADO,,140,31
130832,14/12/2025,VEN,URU,True,VEN,378574,Julio,Vasquez,3,2,TIRO1,FALLADO,,0,0
130832,14/12/2025,VEN,URU,True,VEN,378574,Julio,Vasquez,3,2,TIRO1,CONVERTIDO,,0,0
130832,14/12/2025,VEN,URU,False,URU,407936,Lautaro,Gomez,10,2,TIRO3,FALLADO,,12,38
130832,14/12/2025,VEN,URU,True,VEN,409358,Samuel,Niño,23,2,TIRO2,FALLADO,,118,37
130832,14/12/2025,VEN,URU,False,URU,329851,Nicolas,Testa,11,2,TIRO3,FALLADO,,10,35
130832,14/12/2025,VEN,URU,True,VEN,390925,Jose,Lara,7,2,TIRO2,CONVERTIDO,,155,25
130832,14/12/2025,VEN,URU,False,URU,329851,Nicolas,Testa,11,2,TIRO2,FALLADO,,125,32
130832,14/12/2025,VEN,URU,True,VEN,390925,Jose,Lara,7,2,TIRO2,FALLADO,,150,50
130832,14/12/2025,VEN,URU,True,VEN,390925,Jose,Lara,7,2,TIRO2,FALLADO,,137,44
130832,14/12/2025,VEN,URU,True,VEN,378579,Deiker,Torres,2,2,TIRO2,CONVERTIDO,,142,32
130832,14/12/2025,VEN,URU,False,URU,407501,Facundo,Izuibejeres,5,2,TIRO2,FALLADO,,211,40
130832,14/12/2025,VEN,URU,True,VEN,378579,Deiker,Torres,2,2,TIRO3,CONVERTIDO,,28,98
130832,14/12/2025,VEN,URU,True,VEN,378574,Julio,Vasquez,3,2,TIRO3,FALLADO,,187,254
130832,14/12/2025,VEN,URU,False,URU,329851,Nicolas,Testa,11,3,TIRO2,CONVERTIDO,,147,36
130832,14/12/2025,VEN,URU,True,VEN,378577,Kevin,Gutierrez,14,3,TIRO2,FALLADO,,148,35
130832,14/12/2025,VEN,URU,True,VEN,378577,Kevin,Gutierrez,14,3,TIRO3,FALLADO,,244,109
130832,14/12/2025,VEN,URU,True,VEN,390925,Jose,Lara,7,3,TIRO2,FALLADO,,121,40
130832,14/12/2025,VEN,URU,False,URU,407647,Gabriel,Fata,19,3,TIRO1,CONVERTIDO,,0,0
130832,14/12/2025,VEN,URU,False,URU,407647,Gabriel,Fata,19,3,TIRO1,FALLADO,,0,0
130832,14/12/2025,VEN,URU,True,VEN,390925,Jose,Lara,7,3,TIRO3,FALLADO,,11,45
130832,14/12/2025,VEN,URU,True,VEN,409360,Juan,Perdomo,9,3,TIRO2,CONVERTIDO,,126,32
130832,14/12/2025,VEN,URU,True,VEN,409360,Juan,Perdomo,9,3,TIRO3,FALLADO,,208,146
130832,14/12/2025,VEN,URU,False,URU,329851,Nicolas,Testa,11,3,TIRO3,FALLADO,,12,28
130832,14/12/2025,VEN,URU,False,URU,407501,Facundo,Izuibejeres,5,3,TIRO2,FALLADO,,129,36
130832,14/12/2025,VEN,URU,False,URU,329851,Nicolas,Testa,11,3,TIRO3,CONVERTIDO,,10,35
130832,14/12/2025,VEN,URU,False,URU,407501,Facundo,Izuibejeres,5,3,TIRO3,FALLADO,,85,152
130832,14/12/2025,VEN,URU,True,VEN,390925,Jose,Lara,7,3,TIRO2,FALLADO,,151,36
130832,14/12/2025,VEN,URU,True,VEN,409358,Samuel,Niño,23,3,TIRO2,CONVERTIDO,,140,31
130832,14/12/2025,VEN,URU,True,VEN,409358,Samuel,Niño,23,3,TIRO1,FALLADO,,0,0
130832,14/12/2025,VEN,URU,False,URU,329851,Nicolas,Testa,11,3,TIRO2,CONVERTIDO,,147,63
130832,14/12/2025,VEN,URU,True,VEN,378576,Williams,Anillo,18,3,TIRO2,FALLADO,,119,38
130832,14/12/2025,VEN,URU,True,VEN,409358,Samuel,Niño,23,3,TIRO1,FALLADO,,0,0
130832,14/12/2025,VEN,URU,True,VEN,409358,Samuel,Niño,23,3,TIRO1,FALLADO,,0,0
130832,14/12/2025,VEN,URU,False,URU,407647,Gabriel,Fata,19,3,TIRO3,CONVERTIDO,,258,100
130832,14/12/2025,VEN,URU,True,VEN,378576,Williams,Anillo,18,3,TIRO2,FALLADO,,173,110
130832,14/12/2025,VEN,URU,False,URU,329851,Nicolas,Testa,11,3,TIRO3,FALLADO,,22,92
130832,14/12/2025,VEN,URU,True,VEN,378576,Williams,Anillo,18,3,TIRO2,CONVERTIDO,,142,41
130832,14/12/2025,VEN,URU,True,VEN,378576,Williams,Anillo,18,3,TIRO1,CONVERTIDO,,0,0
130832,14/12/2025,VEN,URU,False,URU,329851,Nicolas,Testa,11,3,TIRO2,FALLADO,,149,43
130832,14/12/2025,VEN,URU,True,VEN,378576,Williams,Anillo,18,3,TIRO3,CONVERTIDO,,225,134
130832,14/12/2025,VEN,URU,True,VEN,378579,Deiker,Torres,2,3,TIRO3,FALLADO,,154,162
130832,14/12/2025,VEN,URU,False,URU,324131,Federico,Cruz,8,3,TIRO2,FALLADO,,128,35
130832,14/12/2025,VEN,URU,True,VEN,378579,Deiker,Torres,2,3,TIRO1,FALLADO,,0,0
130832,14/12/2025,VEN,URU,False,URU,407647,Gabriel,Fata,19,3,TIRO3,FALLADO,,227,158
130832,14/12/2025,VEN,URU,True,VEN,378574,Julio,Vasquez,3,3,TIRO3,FALLADO,,9,64
130832,14/12/2025,VEN,URU,False,URU,407401,Lucas,Orozco,22,3,TIRO2,FALLADO,,54,40
130832,14/12/2025,VEN,URU,False,URU,407401,Lucas,Orozco,22,3,TIRO2,CONVERTIDO,,139,38
130832,14/12/2025,VEN,URU,True,VEN,378576,Williams,Anillo,18,3,TIRO3,FALLADO,,41,120
130832,14/12/2025,VEN,URU,False,URU,329851,Nicolas,Testa,11,3,TIRO1,CONVERTIDO,,0,0
130832,14/12/2025,VEN,URU,False,URU,329851,Nicolas,Testa,11,3,TIRO1,CONVERTIDO,,0,0
130832,14/12/2025,VEN,URU,True,VEN,390925,Jose,Lara,7,3,TIRO3,FALLADO,,10,51
130832,14/12/2025,VEN,URU,False,URU,407647,Gabriel,Fata,19,3,TIRO2,FALLADO,,159,34
130832,14/12/2025,VEN,URU,True,VEN,409363,Richard,Segovia,4,3,TIRO2,FALLADO,,162,78
130832,14/12/2025,VEN,URU,True,VEN,378576,Williams,Anillo,18,4,TIRO3,CONVERTIDO,,206,145
130832,14/12/2025,VEN,URU,False,URU,324131,Federico,Cruz,8,4,TIRO2,FALLADO,,192,101
130832,14/12/2025,VEN,URU,True,VEN,390925,Jose,Lara,7,4,TIRO2,FALLADO,,157,29
130832,14/12/2025,VEN,URU,True,VEN,378577,Kevin,Gutierrez,14,4,TIRO2,CONVERTIDO,,149,25
130832,14/12/2025,VEN,URU,False,URU,329851,Nicolas,Testa,11,4,TIRO2,FALLADO,,156,41
130832,14/12/2025,VEN,URU,True,VEN,378576,Williams,Anillo,18,4,TIRO3,FALLADO,,20,86
130832,14/12/2025,VEN,URU,True,VEN,390925,Jose,Lara,7,4,TIRO2,CONVERTIDO,,140,31
130832,14/12/2025,VEN,URU,True,VEN,390925,Jose,Lara,7,4,TIRO1,FALLADO,,0,0
130832,14/12/2025,VEN,URU,False,URU,407501,Facundo,Izuibejeres,5,4,TIRO3,FALLADO,,85,150
130832,14/12/2025,VEN,URU,True,VEN,378576,Williams,Anillo,18,4,TIRO2,CONVERTIDO,,162,29
130832,14/12/2025,VEN,URU,False,URU,407647,Gabriel,Fata,19,4,TIRO2,CONVERTIDO,,128,33
130832,14/12/2025,VEN,URU,True,VEN,378574,Julio,Vasquez,3,4,TIRO3,FALLADO,,158,166
130832,14/12/2025,VEN,URU,False,URU,407647,Gabriel,Fata,19,4,TIRO2,FALLADO,,130,36
130832,14/12/2025,VEN,URU,False,URU,407401,Lucas,Orozco,22,4,TIRO3,CONVERTIDO,,64,145
130832,14/12/2025,VEN,URU,True,VEN,390925,Jose,Lara,7,4,TIRO2,FALLADO,,172,37
130832,14/12/2025,VEN,URU,False,URU,407401,Lucas,Orozco,22,4,TIRO2,FALLADO,,152,36
130832,14/12/2025,VEN,URU,False,URU,407936,Lautaro,Gomez,10,4,TIRO2,CONVERTIDO,,140,31
130832,14/12/2025,VEN,URU,True,VEN,378577,Kevin,Gutierrez,14,4,TIRO2,CONVERTIDO,,153,55
130832,14/12/2025,VEN,URU,False,URU,407501,Facundo,Izuibejeres,5,4,TIRO3,FALLADO,,142,161
130832,14/12/2025,VEN,URU,True,VEN,409358,Samuel,Niño,23,4,TIRO2,CONVERTIDO,,153,29
130832,14/12/2025,VEN,URU,False,URU,407401,Lucas,Orozco,22,4,TIRO3,FALLADO,,58,136
130832,14/12/2025,VEN,URU,True,VEN,378576,Williams,Anillo,18,4,TIRO3,CONVERTIDO,,10,48
130832,14/12/2025,VEN,URU,False,URU,329851,Nicolas,Testa,11,4,TIRO2,CONVERTIDO,,133,36
130832,14/12/2025,VEN,URU,True,VEN,378574,Julio,Vasquez,3,4,TIRO2,FALLADO,,165,43
130832,14/12/2025,VEN,URU,False,URU,329851,Nicolas,Testa,11,4,TIRO2,CONVERTIDO,,128,35
130832,14/12/2025,VEN,URU,False,URU,329851,Nicolas,Testa,11,4,TIRO1,CONVERTIDO,,0,0
130832,14/12/2025,VEN,URU,True,VEN,378574,Julio,Vasquez,3,4,TIRO2,FALLADO,,127,38
130832,14/12/2025,VEN,URU,False,URU,407501,Facundo,Izuibejeres,5,4,TIRO2,FALLADO,,140,47
130832,14/12/2025,VEN,URU,True,VEN,378577,Kevin,Gutierrez,14,4,TIRO2,CONVERTIDO,,138,41
130832,14/12/2025,VEN,URU,True,VEN,378577,Kevin,Gutierrez,14,4,TIRO1,CONVERTIDO,,0,0
130832,14/12/2025,VEN,URU,False,URU,407647,Gabriel,Fata,19,4,TIRO2,FALLADO,,114,31
130832,14/12/2025,VEN,URU,False,URU,407501,Facundo,Izuibejeres,5,4,TIRO3,FALLADO,,51,125
130832,14/12/2025,VEN,URU,True,VEN,390925,Jose,Lara,7,4,TIRO2,CONVERTIDO,,156,34
130832,14/12/2025,VEN,URU,False,URU,329851,Nicolas,Testa,11,4,TIRO3,FALLADO,,253,121
130832,14/12/2025,VEN,URU,False,URU,407647,Gabriel,Fata,19,4,TIRO3,FALLADO,,256,96
130832,14/12/2025,VEN,URU,True,VEN,390925,Jose,Lara,7,4,TIRO2,CONVERTIDO,,129,34
130832,14/12/2025,VEN,URU,False,URU,407647,Gabriel,Fata,19,4,TIRO2,CONVERTIDO,,149,43
130832,14/12/2025,VEN,URU,True,VEN,378576,Williams,Anillo,18,4,TIRO3,CONVERTIDO,,9,35
130832,14/12/2025,VEN,URU,False,URU,324131,Federico,Cruz,8,4,TIRO2,FALLADO,,129,36
130833,14/12/2025,ARG,BRA,True,ARG,408870,Gonzalo,Aman,8,1,TIRO2,FALLADO,,126,27
130833,14/12/2025,ARG,BRA,False,BRA,374721,Eduardo,Santos,50,1,TIRO3,FALLADO,,17,98
130833,14/12/2025,ARG,BRA,False,BRA,405101,Pietro,Melo,10,1,TIRO2,FALLADO,,147,35
130833,14/12/2025,ARG,BRA,False,BRA,330047,Pedro,Souza,25,1,TIRO2,FALLADO,,187,121
130833,14/12/2025,ARG,BRA,True,ARG,408872,Bautista,Gobetti,6,1,TIRO2,CONVERTIDO,,153,33
130833,14/12/2025,ARG,BRA,False,BRA,330039,Joao,Neves,14,1,TIRO3,FALLADO,,77,156
130833,14/12/2025,ARG,BRA,True,ARG,408870,Gonzalo,Aman,8,1,TIRO3,FALLADO,,168,163
130833,14/12/2025,ARG,BRA,False,BRA,374721,Eduardo,Santos,50,1,TIRO3,CONVERTIDO,,220,139
130833,14/12/2025,ARG,BRA,True,ARG,408871,Manuel,Hernandez,4,1,TIRO3,FALLADO,,12,25
130833,14/12/2025,ARG,BRA,False,BRA,330039,Joao,Neves,14,1,TIRO3,CONVERTIDO,,269,32
130833,14/12/2025,ARG,BRA,True,ARG,408871,Manuel,Hernandez,4,1,TIRO2,FALLADO,,183,93
130833,14/12/2025,ARG,BRA,True,ARG,408872,Bautista,Gobetti,6,1,TIRO3,CONVERTIDO,,93,157
130833,14/12/2025,ARG,BRA,False,BRA,405101,Pietro,Melo,10,1,TIRO3,FALLADO,,104,168
130833,14/12/2025,ARG,BRA,True,ARG,408871,Manuel,Hernandez,4,1,TIRO2,CONVERTIDO,,219,66
130833,14/12/2025,ARG,BRA,False,BRA,330039,Joao,Neves,14,1,TIRO3,FALLADO,,9,39
130833,14/12/2025,ARG,BRA,False,BRA,408792,Pedro,Alves,6,1,TIRO2,FALLADO,,140,31
130833,14/12/2025,ARG,BRA,False,BRA,374721,Eduardo,Santos,50,1,TIRO2,CONVERTIDO,,156,32
130833,14/12/2025,ARG,BRA,True,ARG,362126,Benjamin,Pettovello,2,1,TIRO3,FALLADO,,123,170
130833,14/12/2025,ARG,BRA,True,ARG,408870,Gonzalo,Aman,8,1,TIRO3,CONVERTIDO,,223,141
130833,14/12/2025,ARG,BRA,False,BRA,374721,Eduardo,Santos,50,1,TIRO3,FALLADO,,54,137
130833,14/12/2025,ARG,BRA,False,BRA,374721,Eduardo,Santos,50,1,TIRO3,FALLADO,,80,165
130833,14/12/2025,ARG,BRA,True,ARG,408872,Bautista,Gobetti,6,1,TIRO2,CONVERTIDO,,122,90
130833,14/12/2025,ARG,BRA,False,BRA,330047,Pedro,Souza,25,1,TIRO3,FALLADO,,62,162
130833,14/12/2025,ARG,BRA,True,ARG,409151,Santiago,Pettinaroli,14,1,TIRO2,FALLADO,,132,26
130833,14/12/2025,ARG,BRA,True,ARG,409151,Santiago,Pettinaroli,14,1,TIRO3,FALLADO,,13,19
130833,14/12/2025,ARG,BRA,False,BRA,405101,Pietro,Melo,10,1,TIRO3,CONVERTIDO,,206,146
130833,14/12/2025,ARG,BRA,True,ARG,408872,Bautista,Gobetti,6,1,TIRO2,FALLADO,,84,90
130833,14/12/2025,ARG,BRA,True,ARG,408871,Manuel,Hernandez,4,1,TIRO2,FALLADO,,127,27
130833,14/12/2025,ARG,BRA,False,BRA,374721,Eduardo,Santos,50,1,TIRO1,CONVERTIDO,,0,0
130833,14/12/2025,ARG,BRA,False,BRA,374721,Eduardo,Santos,50,1,TIRO1,CONVERTIDO,,0,0
130833,14/12/2025,ARG,BRA,True,ARG,408872,Bautista,Gobetti,6,1,TIRO3,FALLADO,,268,41
130833,14/12/2025,ARG,BRA,False,BRA,405108,Matheus,Nascimento,3,1,TIRO3,FALLADO,,267,22
130833,14/12/2025,ARG,BRA,True,ARG,408871,Manuel,Hernandez,4,1,TIRO2,FALLADO,,88,30
130833,14/12/2025,ARG,BRA,False,BRA,406939,Cristian,Ferreira,33,1,TIRO1,CONVERTIDO,,0,0
130833,14/12/2025,ARG,BRA,False,BRA,406939,Cristian,Ferreira,33,1,TIRO1,CONVERTIDO,,0,0
130833,14/12/2025,ARG,BRA,True,ARG,408870,Gonzalo,Aman,8,1,TIRO2,FALLADO,,143,40
130833,14/12/2025,ARG,BRA,False,BRA,405108,Matheus,Nascimento,3,1,TIRO2,FALLADO,,142,61
130833,14/12/2025,ARG,BRA,False,BRA,330047,Pedro,Souza,25,1,TIRO3,CONVERTIDO,,47,138
130833,14/12/2025,ARG,BRA,True,ARG,362126,Benjamin,Pettovello,2,1,TIRO2,FALLADO,,133,45
130833,14/12/2025,ARG,BRA,False,BRA,330047,Pedro,Souza,25,1,TIRO3,FALLADO,,268,51
130833,14/12/2025,ARG,BRA,True,ARG,362126,Benjamin,Pettovello,2,1,TIRO2,FALLADO,,137,106
130833,14/12/2025,ARG,BRA,False,BRA,330047,Pedro,Souza,25,1,TIRO2,CONVERTIDO,,121,36
130833,14/12/2025,ARG,BRA,True,ARG,409151,Santiago,Pettinaroli,14,1,TIRO2,FALLADO,,117,36
130833,14/12/2025,ARG,BRA,False,BRA,330047,Pedro,Souza,25,1,TIRO1,CONVERTIDO,,0,0
130833,14/12/2025,ARG,BRA,False,BRA,330047,Pedro,Souza,25,1,TIRO1,CONVERTIDO,,0,0
130833,14/12/2025,ARG,BRA,True,ARG,362126,Benjamin,Pettovello,2,1,TIRO2,CONVERTIDO,,152,31
130833,14/12/2025,ARG,BRA,False,BRA,330039,Joao,Neves,14,1,TIRO3,CONVERTIDO,,151,174
130833,14/12/2025,ARG,BRA,True,ARG,408857,Joaquin,Caumo,10,1,TIRO3,CONVERTIDO,,221,163
130833,14/12/2025,ARG,BRA,False,BRA,405082,Caio,Mathias,2,1,TIRO3,FALLADO,,146,240
130833,14/12/2025,ARG,BRA,False,BRA,331414,Isaiah,Santos,45,2,TIRO2,FALLADO,,149,32
130833,14/12/2025,ARG,BRA,True,ARG,408857,Joaquin,Caumo,10,2,TIRO2,FALLADO,,251,49
130833,14/12/2025,ARG,BRA,False,BRA,331414,Isaiah,Santos,45,2,TIRO2,CONVERTIDO,,127,31
130833,14/12/2025,ARG,BRA,True,ARG,362126,Benjamin,Pettovello,2,2,TIRO2,FALLADO,,161,30
130833,14/12/2025,ARG,BRA,False,BRA,405101,Pietro,Melo,10,2,TIRO2,FALLADO,,153,30
130833,14/12/2025,ARG,BRA,True,ARG,409023,Joaquin,Celiz,9,2,TIRO2,CONVERTIDO,,177,115
130833,14/12/2025,ARG,BRA,False,BRA,405101,Pietro,Melo,10,2,TIRO1,CONVERTIDO,,0,0
130833,14/12/2025,ARG,BRA,False,BRA,405101,Pietro,Melo,10,2,TIRO1,CONVERTIDO,,0,0
130833,14/12/2025,ARG,BRA,True,ARG,408872,Bautista,Gobetti,6,2,TIRO3,FALLADO,,15,33
130833,14/12/2025,ARG,BRA,False,BRA,406939,Cristian,Ferreira,33,2,TIRO1,FALLADO,,0,0
130833,14/12/2025,ARG,BRA,False,BRA,406939,Cristian,Ferreira,33,2,TIRO1,FALLADO,,0,0
130833,14/12/2025,ARG,BRA,False,BRA,405101,Pietro,Melo,10,2,TIRO2,CONVERTIDO,,121,35
130833,14/12/2025,ARG,BRA,True,ARG,408857,Joaquin,Caumo,10,2,TIRO3,CONVERTIDO,,168,164
130833,14/12/2025,ARG,BRA,False,BRA,405101,Pietro,Melo,10,2,TIRO2,FALLADO,,154,38
130833,14/12/2025,ARG,BRA,False,BRA,405082,Caio,Mathias,2,2,TIRO3,CONVERTIDO,,267,38
130833,14/12/2025,ARG,BRA,True,ARG,408857,Joaquin,Caumo,10,2,TIRO2,FALLADO,,126,43
130833,14/12/2025,ARG,BRA,False,BRA,405101,Pietro,Melo,10,2,TIRO1,CONVERTIDO,,0,0
130833,14/12/2025,ARG,BRA,False,BRA,405101,Pietro,Melo,10,2,TIRO1,CONVERTIDO,,0,0
130833,14/12/2025,ARG,BRA,False,BRA,405101,Pietro,Melo,10,2,TIRO1,CONVERTIDO,,0,0
130833,14/12/2025,ARG,BRA,True,ARG,408860,Mateo,Fessia,12,2,TIRO3,FALLADO,,44,132
130833,14/12/2025,ARG,BRA,False,BRA,405108,Matheus,Nascimento,3,2,TIRO3,FALLADO,,252,110
130833,14/12/2025,ARG,BRA,False,BRA,330047,Pedro,Souza,25,2,TIRO2,FALLADO,,98,35
130833,14/12/2025,ARG,BRA,False,BRA,330047,Pedro,Souza,25,2,TIRO1,CONVERTIDO,,0,0
130833,14/12/2025,ARG,BRA,False,BRA,330047,Pedro,Souza,25,2,TIRO1,CONVERTIDO,,0,0
130833,14/12/2025,ARG,BRA,True,ARG,409151,Santiago,Pettinaroli,14,2,TIRO3,FALLADO,,142,169
130833,14/12/2025,ARG,BRA,False,BRA,330047,Pedro,Souza,25,2,TIRO2,FALLADO,,115,33
130833,14/12/2025,ARG,BRA,False,BRA,405103,João Marcelo,De Rinalde,99,2,TIRO2,CONVERTIDO,,140,31
130833,14/12/2025,ARG,BRA,True,ARG,362126,Benjamin,Pettovello,2,2,TIRO1,CONVERTIDO,,0,0
130833,14/12/2025,ARG,BRA,True,ARG,362126,Benjamin,Pettovello,2,2,TIRO1,CONVERTIDO,,0,0
130833,14/12/2025,ARG,BRA,False,BRA,361295,Joao Gabriel,Fernandes,8,2,TIRO3,FALLADO,,10,56
130833,14/12/2025,ARG,BRA,False,BRA,405108,Matheus,Nascimento,3,2,TIRO3,FALLADO,,197,156
130833,14/12/2025,ARG,BRA,False,BRA,330047,Pedro,Souza,25,2,TIRO3,CONVERTIDO,,30,112
130833,14/12/2025,ARG,BRA,True,ARG,408871,Manuel,Hernandez,4,2,TIRO2,CONVERTIDO,,149,29
130833,14/12/2025,ARG,BRA,False,BRA,361295,Joao Gabriel,Fernandes,8,2,TIRO3,FALLADO,,11,42
130833,14/12/2025,ARG,BRA,True,ARG,408870,Gonzalo,Aman,8,2,TIRO1,FALLADO,,0,0
130833,14/12/2025,ARG,BRA,True,ARG,408870,Gonzalo,Aman,8,2,TIRO1,FALLADO,,0,0
130833,14/12/2025,ARG,BRA,False,BRA,405101,Pietro,Melo,10,2,TIRO1,CONVERTIDO,,0,0
130833,14/12/2025,ARG,BRA,False,BRA,405101,Pietro,Melo,10,2,TIRO1,CONVERTIDO,,0,0
130833,14/12/2025,ARG,BRA,True,ARG,362126,Benjamin,Pettovello,2,2,TIRO2,FALLADO,,153,53
130833,14/12/2025,ARG,BRA,False,BRA,405101,Pietro,Melo,10,2,TIRO3,FALLADO,,21,82
130833,14/12/2025,ARG,BRA,False,BRA,405082,Caio,Mathias,2,2,TIRO3,CONVERTIDO,,36,135
130833,14/12/2025,ARG,BRA,True,ARG,408871,Manuel,Hernandez,4,2,TIRO3,FALLADO,,272,41
130833,14/12/2025,ARG,BRA,True,ARG,409151,Santiago,Pettinaroli,14,2,TIRO2,CONVERTIDO,,126,27
130833,14/12/2025,ARG,BRA,False,BRA,405103,João Marcelo,De Rinalde,99,2,TIRO2,CONVERTIDO,,118,37
130833,14/12/2025,ARG,BRA,True,ARG,362126,Benjamin,Pettovello,2,2,TIRO1,CONVERTIDO,,0,0
130833,14/12/2025,ARG,BRA,True,ARG,362126,Benjamin,Pettovello,2,2,TIRO1,FALLADO,,0,0
130833,14/12/2025,ARG,BRA,False,BRA,405100,João,Bandiera,11,2,TIRO3,FALLADO,,266,29
130833,14/12/2025,ARG,BRA,True,ARG,408870,Gonzalo,Aman,8,2,TIRO2,FALLADO,,107,72
130833,14/12/2025,ARG,BRA,False,BRA,330047,Pedro,Souza,25,2,TIRO2,FALLADO,,157,56
130833,14/12/2025,ARG,BRA,True,ARG,409151,Santiago,Pettinaroli,14,2,TIRO1,CONVERTIDO,,0,0
130833,14/12/2025,ARG,BRA,True,ARG,409151,Santiago,Pettinaroli,14,2,TIRO1,CONVERTIDO,,0,0
130833,14/12/2025,ARG,BRA,False,BRA,330039,Joao,Neves,14,2,TIRO3,FALLADO,,11,50
130833,14/12/2025,ARG,BRA,True,ARG,408871,Manuel,Hernandez,4,3,TIRO3,FALLADO,,20,103
130833,14/12/2025,ARG,BRA,True,ARG,408870,Gonzalo,Aman,8,3,TIRO2,FALLADO,,156,28
130833,14/12/2025,ARG,BRA,False,BRA,330039,Joao,Neves,14,3,TIRO3,FALLADO,,150,166
130833,14/12/2025,ARG,BRA,True,ARG,408872,Bautista,Gobetti,6,3,TIRO2,CONVERTIDO,,166,37
130833,14/12/2025,ARG,BRA,False,BRA,331414,Isaiah,Santos,45,3,TIRO2,FALLADO,,26,40
130833,14/12/2025,ARG,BRA,True,ARG,362126,Benjamin,Pettovello,2,3,TIRO2,FALLADO,,86,53
130833,14/12/2025,ARG,BRA,False,BRA,331414,Isaiah,Santos,45,3,TIRO1,FALLADO,,0,0
130833,14/12/2025,ARG,BRA,False,BRA,331414,Isaiah,Santos,45,3,TIRO1,CONVERTIDO,,0,0
130833,14/12/2025,ARG,BRA,False,BRA,331414,Isaiah,Santos,45,3,TIRO2,CONVERTIDO,,30,37
130833,14/12/2025,ARG,BRA,True,ARG,409151,Santiago,Pettinaroli,14,3,TIRO2,CONVERTIDO,,154,39
130833,14/12/2025,ARG,BRA,False,BRA,331414,Isaiah,Santos,45,3,TIRO2,CONVERTIDO,,120,36
130833,14/12/2025,ARG,BRA,True,ARG,408870,Gonzalo,Aman,8,3,TIRO3,FALLADO,,215,154
130833,14/12/2025,ARG,BRA,False,BRA,405101,Pietro,Melo,10,3,TIRO1,CONVERTIDO,,0,0
130833,14/12/2025,ARG,BRA,False,BRA,330039,Joao,Neves,14,3,TIRO2,CONVERTIDO,,140,75
130833,14/12/2025,ARG,BRA,True,ARG,409174,Juan,Marquez,15,3,TIRO2,FALLADO,,115,50
130833,14/12/2025,ARG,BRA,True,ARG,408857,Joaquin,Caumo,10,3,TIRO3,CONVERTIDO,,130,185
130833,14/12/2025,ARG,BRA,False,BRA,331414,Isaiah,Santos,45,3,TIRO3,FALLADO,,250,109
130833,14/12/2025,ARG,BRA,True,ARG,408857,Joaquin,Caumo,10,3,TIRO3,FALLADO,,175,162
130833,14/12/2025,ARG,BRA,True,ARG,408872,Bautista,Gobetti,6,3,TIRO3,CONVERTIDO,,263,94
130833,14/12/2025,ARG,BRA,True,ARG,408857,Joaquin,Caumo,10,3,TIRO2,CONVERTIDO,,157,29
130833,14/12/2025,ARG,BRA,True,ARG,408857,Joaquin,Caumo,10,3,TIRO1,FALLADO,,0,0
130833,14/12/2025,ARG,BRA,False,BRA,330047,Pedro,Souza,25,3,TIRO3,FALLADO,,226,150
130833,14/12/2025,ARG,BRA,True,ARG,408857,Joaquin,Caumo,10,3,TIRO1,FALLADO,,0,0
130833,14/12/2025,ARG,BRA,False,BRA,374721,Eduardo,Santos,50,3,TIRO3,FALLADO,,72,157
130833,14/12/2025,ARG,BRA,True,ARG,409151,Santiago,Pettinaroli,14,3,TIRO3,FALLADO,,8,38
130833,14/12/2025,ARG,BRA,True,ARG,408872,Bautista,Gobetti,6,3,TIRO3,FALLADO,,13,51
130833,14/12/2025,ARG,BRA,False,BRA,330047,Pedro,Souza,25,3,TIRO2,FALLADO,,131,36
130833,14/12/2025,ARG,BRA,True,ARG,409151,Santiago,Pettinaroli,14,3,TIRO1,FALLADO,,0,0
130833,14/12/2025,ARG,BRA,True,ARG,409151,Santiago,Pettinaroli,14,3,TIRO1,FALLADO,,0,0
130833,14/12/2025,ARG,BRA,True,ARG,409151,Santiago,Pettinaroli,14,3,TIRO1,CONVERTIDO,,0,0
130833,14/12/2025,ARG,BRA,False,BRA,405082,Caio,Mathias,2,3,TIRO3,FALLADO,,221,167
130833,14/12/2025,ARG,BRA,True,ARG,398746,Roman,Moravansky,11,3,TIRO3,CONVERTIDO,,23,89
130833,14/12/2025,ARG,BRA,False,BRA,405101,Pietro,Melo,10,3,TIRO1,CONVERTIDO,,0,0
130833,14/12/2025,ARG,BRA,False,BRA,405101,Pietro,Melo,10,3,TIRO1,CONVERTIDO,,0,0
130833,14/12/2025,ARG,BRA,True,ARG,408857,Joaquin,Caumo,10,3,TIRO2,CONVERTIDO,,161,32
130833,14/12/2025,ARG,BRA,True,ARG,408857,Joaquin,Caumo,10,3,TIRO2,CONVERTIDO,,153,29
130833,14/12/2025,ARG,BRA,False,BRA,330047,Pedro,Souza,25,3,TIRO2,CONVERTIDO,,123,39
130833,14/12/2025,ARG,BRA,True,ARG,409023,Joaquin,Celiz,9,3,TIRO2,FALLADO,,102,106
130833,14/12/2025,ARG,BRA,False,BRA,330047,Pedro,Souza,25,3,TIRO2,CONVERTIDO,,151,34
130833,14/12/2025,ARG,BRA,True,ARG,408857,Joaquin,Caumo,10,3,TIRO3,FALLADO,,181,159
130833,14/12/2025,ARG,BRA,False,BRA,330039,Joao,Neves,14,3,TIRO2,CONVERTIDO,,154,36
130833,14/12/2025,ARG,BRA,True,ARG,408857,Joaquin,Caumo,10,3,TIRO2,FALLADO,,147,95
130833,14/12/2025,ARG,BRA,False,BRA,330039,Joao,Neves,14,3,TIRO3,FALLADO,,139,165
130833,14/12/2025,ARG,BRA,False,BRA,406939,Cristian,Ferreira,33,3,TIRO2,CONVERTIDO,,153,39
130833,14/12/2025,ARG,BRA,False,BRA,406939,Cristian,Ferreira,33,3,TIRO1,CONVERTIDO,,0,0
130833,14/12/2025,ARG,BRA,True,ARG,409023,Joaquin,Celiz,9,3,TIRO3,FALLADO,,172,171
130833,14/12/2025,ARG,BRA,False,BRA,330039,Joao,Neves,14,4,TIRO2,FALLADO,,156,52
130833,14/12/2025,ARG,BRA,True,ARG,409151,Santiago,Pettinaroli,14,4,TIRO2,CONVERTIDO,,119,51
130833,14/12/2025,ARG,BRA,False,BRA,405108,Matheus,Nascimento,3,4,TIRO3,FALLADO,,64,155
130833,14/12/2025,ARG,BRA,True,ARG,408857,Joaquin,Caumo,10,4,TIRO2,CONVERTIDO,,124,32
130833,14/12/2025,ARG,BRA,False,BRA,405082,Caio,Mathias,2,4,TIRO3,FALLADO,,229,132
130833,14/12/2025,ARG,BRA,True,ARG,409023,Joaquin,Celiz,9,4,TIRO1,CONVERTIDO,,0,0
130833,14/12/2025,ARG,BRA,True,ARG,408872,Bautista,Gobetti,6,4,TIRO2,FALLADO,,119,31
130833,14/12/2025,ARG,BRA,False,BRA,405108,Matheus,Nascimento,3,4,TIRO3,FALLADO,,231,145
130833,14/12/2025,ARG,BRA,True,ARG,409151,Santiago,Pettinaroli,14,4,TIRO1,CONVERTIDO,,0,0
130833,14/12/2025,ARG,BRA,True,ARG,409151,Santiago,Pettinaroli,14,4,TIRO1,FALLADO,,0,0
130833,14/12/2025,ARG,BRA,False,BRA,330047,Pedro,Souza,25,4,TIRO3,CONVERTIDO,,168,173
130833,14/12/2025,ARG,BRA,True,ARG,398746,Roman,Moravansky,11,4,TIRO2,FALLADO,,119,35
130833,14/12/2025,ARG,BRA,False,BRA,330047,Pedro,Souza,25,4,TIRO2,CONVERTIDO,,117,36
130833,14/12/2025,ARG,BRA,True,ARG,408857,Joaquin,Caumo,10,4,TIRO3,FALLADO,,32,121
130833,14/12/2025,ARG,BRA,True,ARG,409151,Santiago,Pettinaroli,14,4,TIRO2,CONVERTIDO,,140,31
130833,14/12/2025,ARG,BRA,True,ARG,408857,Joaquin,Caumo,10,4,TIRO1,FALLADO,,0,0
130833,14/12/2025,ARG,BRA,True,ARG,408857,Joaquin,Caumo,10,4,TIRO1,CONVERTIDO,,0,0
130833,14/12/2025,ARG,BRA,False,BRA,330047,Pedro,Souza,25,4,TIRO3,FALLADO,,146,192
130833,14/12/2025,ARG,BRA,True,ARG,409151,Santiago,Pettinaroli,14,4,TIRO2,FALLADO,,154,36
130833,14/12/2025,ARG,BRA,True,ARG,409023,Joaquin,Celiz,9,4,TIRO3,FALLADO,,16,118
130833,14/12/2025,ARG,BRA,False,BRA,331414,Isaiah,Santos,45,4,TIRO2,FALLADO,,155,37
130833,14/12/2025,ARG,BRA,False,BRA,406939,Cristian,Ferreira,33,4,TIRO2,CONVERTIDO,,140,31
130833,14/12/2025,ARG,BRA,True,ARG,408857,Joaquin,Caumo,10,4,TIRO2,FALLADO,,165,38
130833,14/12/2025,ARG,BRA,True,ARG,409151,Santiago,Pettinaroli,14,4,TIRO2,FALLADO,,191,45
130833,14/12/2025,ARG,BRA,False,BRA,331414,Isaiah,Santos,45,4,TIRO3,CONVERTIDO,,9,33
130833,14/12/2025,ARG,BRA,True,ARG,409151,Santiago,Pettinaroli,14,4,TIRO1,FALLADO,,0,0
130833,14/12/2025,ARG,BRA,True,ARG,409151,Santiago,Pettinaroli,14,4,TIRO1,CONVERTIDO,,0,0
130833,14/12/2025,ARG,BRA,False,BRA,405100,João,Bandiera,11,4,TIRO1,FALLADO,,0,0
130833,14/12/2025,ARG,BRA,False,BRA,405100,João,Bandiera,11,4,TIRO1,CONVERTIDO,,0,0
130833,14/12/2025,ARG,BRA,False,BRA,330047,Pedro,Souza,25,4,TIRO3,CONVERTIDO,,15,41
130833,14/12/2025,ARG,BRA,True,ARG,409023,Joaquin,Celiz,9,4,TIRO1,FALLADO,,0,0
130833,14/12/2025,ARG,BRA,True,ARG,409023,Joaquin,Celiz,9,4,TIRO2,CONVERTIDO,,158,28
130833,14/12/2025,ARG,BRA,True,ARG,409023,Joaquin,Celiz,9,4,TIRO1,FALLADO,,0,0
130833,14/12/2025,ARG,BRA,True,ARG,409023,Joaquin,Celiz,9,4,TIRO3,CONVERTIDO,,129,162
130833,14/12/2025,ARG,BRA,False,BRA,405082,Caio,Mathias,2,4,TIRO3,FALLADO,,267,40
130833,14/12/2025,ARG,BRA,False,BRA,331414,Isaiah,Santos,45,4,TIRO2,CONVERTIDO,,131,30
130833,14/12/2025,ARG,BRA,False,BRA,331414,Isaiah,Santos,45,4,TIRO1,CONVERTIDO,,0,0
130833,14/12/2025,ARG,BRA,True,ARG,409021,Elias,Torrens,7,4,TIRO2,CONVERTIDO,,148,32
130833,14/12/2025,ARG,BRA,False,BRA,405101,Pietro,Melo,10,4,TIRO3,FALLADO,,202,176
130833,14/12/2025,ARG,BRA,True,ARG,398746,Roman,Moravansky,11,4,TIRO3,FALLADO,,12,50
130833,14/12/2025,ARG,BRA,False,BRA,405101,Pietro,Melo,10,4,TIRO3,FALLADO,,214,157
130833,14/12/2025,ARG,BRA,True,ARG,408860,Mateo,Fessia,12,4,TIRO1,FALLADO,,0,0
130833,14/12/2025,ARG,BRA,True,ARG,408860,Mateo,Fessia,12,4,TIRO1,CONVERTIDO,,0,0
130833,14/12/2025,ARG,BRA,False,BRA,405101,Pietro,Melo,10,4,TIRO1,CONVERTIDO,,0,0
130833,14/12/2025,ARG,BRA,False,BRA,405101,Pietro,Melo,10,4,TIRO1,CONVERTIDO,,0,0
130833,14/12/2025,ARG,BRA,True,ARG,408860,Mateo,Fessia,12,4,TIRO2,CONVERTIDO,,148,31
130833,14/12/2025,ARG,BRA,True,ARG,408857,Joaquin,Caumo,10,4,TIRO3,CONVERTIDO,,37,119
130833,14/12/2025,ARG,BRA,False,BRA,405101,Pietro,Melo,10,4,TIRO1,CONVERTIDO,,0,0
130833,14/12/2025,ARG,BRA,False,BRA,405108,Matheus,Nascimento,3,4,TIRO2,CONVERTIDO,,121,36
130833,14/12/2025,ARG,BRA,True,ARG,408857,Joaquin,Caumo,10,4,TIRO3,FALLADO,,25,100
130833,14/12/2025,ARG,BRA,False,BRA,330039,Joao,Neves,14,4,TIRO3,CONVERTIDO,,19,84
130833,14/12/2025,ARG,BRA,True,ARG,409023,Joaquin,Celiz,9,4,TIRO1,CONVERTIDO,,0,0
130833,14/12/2025,ARG,BRA,True,ARG,408857,Joaquin,Caumo,10,4,TIRO1,CONVERTIDO,,0,0
130833,14/12/2025,ARG,BRA,True,ARG,408857,Joaquin,Caumo,10,4,TIRO1,CONVERTIDO,,0,0
130833,14/12/2025,ARG,BRA,False,BRA,330039,Joao,Neves,14,4,TIRO1,CONVERTIDO,,0,0
130833,14/12/2025,ARG,BRA,False,BRA,330039,Joao,Neves,14,4,TIRO1,CONVERTIDO,,0,0
130833,14/12/2025,ARG,BRA,False,BRA,330039,Joao,Neves,14,4,TIRO1,FALLADO,,0,0
130833,14/12/2025,ARG,BRA,False,BRA,330039,Joao,Neves,14,4,TIRO1,CONVERTIDO,,0,0
